id,role,save_period,publish_rate,data_size,require_cycle,base_x,base_y
0,0,30,9.32,0.000247,0.002844121,,
1,0,30,3.33,0.000217,0.003967257,,
2,0,30,6.71,0.0002,0.002805659,,
