id,role,save_period,publish_rate,data_size,require_cycle,base_x,base_y
0,0,30,9.35,2.7e-05,0.003294425,,
1,0,30,6.62,0.00016,0.000625346,,
2,0,30,3.57,0.000218,0.002721591,,
