id,role,save_period,publish_rate,data_size,require_cycle,base_x,base_y
0,0,30,6.97,0.000254,0.003007893,,
1,0,30,6.82,0.00016,0.002073662,,
2,0,30,6.54,0.000105,0.001035338,,
