id,role,save_period,publish_rate,data_size,require_cycle,base_x,base_y
0,0,30,1.82,0.000227,0.000568598,,
1,0,30,9.61,0.000145,0.003098128,,
2,0,30,0.37,1e-06,0.002884417,,
