id,role,save_period,publish_rate,data_size,require_cycle,base_x,base_y
0,0,30,7.1,0.000116,0.000957864,,
1,0,30,9.88,0.000108,0.000947673,,
2,0,30,8.95,0.000108,0.001974579,,
