0,0,0.0,3.994061653740596,0.0,0.0,0.0,1.0,1.0,1.0
1,0,7.018708679733571,5.944879532045568,0.0,1.0,1.0,1.0,0.0,0.0
2,0,9.944779764067473,8.009004127586659,0.0,0.0,1.0,1.0,1.0,0.0
3,0,6.977693923499904,3.945790807195284,0.0,1.0,0.0,1.0,0.0,1.0
4,0,2.9524002168040564,3.00764619654514,1.0,1.0,1.0,0.0,0.0,0.0
5,0,8.94011294589203,5.957911328800529,1.0,1.0,1.0,0.0,0.0,0.0
6,0,0.0553161237994535,0.0144296574800263,0.0,0.0,1.0,1.0,1.0,0.0
7,0,6.005808845084939,1.0310321807508085,0.0,0.0,0.0,1.0,1.0,1.0
8,0,9.975570234227035,1.9522493142121664,1.0,0.0,0.0,0.0,1.0,1.0
9,0,12.0,6.025413739139057,1.0,1.0,1.0,0.0,0.0,0.0
10,0,0.0660504678813633,3.96240128693262,1.0,0.0,1.0,0.0,1.0,0.0
11,0,8.02680946038008,11.9953416757929,0.0,0.0,1.0,1.0,1.0,0.0
12,0,10.981493699165249,8.939202614088323,0.0,0.0,0.0,1.0,1.0,1.0
13,0,6.972951471850224,8.07485351103893,0.0,1.0,1.0,1.0,0.0,0.0
14,0,9.989971932048569,0.0363829205144489,1.0,1.0,0.0,0.0,0.0,1.0
15,0,8.992251632530662,7.944558834901396,1.0,0.0,1.0,0.0,1.0,0.0
16,0,1.9956874999089436,9.054020463976888,0.0,0.0,0.0,1.0,1.0,1.0
17,0,8.023461832005806,10.9715452333422,1.0,0.0,1.0,0.0,1.0,0.0
18,0,9.945007482434589,12.0,0.0,0.0,0.0,1.0,1.0,1.0
19,0,3.0627491930475337,7.000173566422699,1.0,0.0,0.0,0.0,1.0,1.0
20,0,6.993368211839064,3.0597064651979298,1.0,1.0,0.0,0.0,0.0,1.0
21,0,4.055834282755199,4.036902146414333,1.0,1.0,0.0,0.0,0.0,1.0
22,0,2.0432233454410884,3.031846406739916,0.0,0.0,1.0,1.0,1.0,0.0
23,0,6.934514248212441,10.027646108178036,0.0,1.0,0.0,1.0,0.0,1.0
24,0,0.0,7.967969325666164,0.0,0.0,0.0,1.0,1.0,1.0
25,0,9.996379924806606,11.943606084471169,0.0,0.0,0.0,1.0,1.0,1.0
26,0,3.993725476847881,5.955089423946158,1.0,0.0,0.0,0.0,1.0,1.0
27,0,12.0,0.0,0.0,1.0,1.0,1.0,0.0,0.0
28,0,2.939096133255922,4.992743882403782,0.0,1.0,0.0,1.0,0.0,1.0
29,0,3.0549533093797714,4.029016638776246,1.0,1.0,1.0,0.0,0.0,0.0
0,5,0.0,3.9893628998483055,0.0,0.0,0.0,1.0,1.0,1.0
1,5,7.03712653430846,5.893635444685363,0.0,1.0,1.0,1.0,0.0,0.0
2,5,9.89008046876458,8.017391730241355,0.0,0.0,1.0,1.0,1.0,0.0
3,5,6.951380506829118,3.888020823959973,0.0,1.0,0.0,1.0,0.0,1.0
4,5,2.915697034831694,3.013432133211893,1.0,1.0,1.0,0.0,0.0,0.0
5,5,8.864897499629423,5.902291180409084,1.0,1.0,1.0,0.0,0.0,0.0
6,5,0.1142764243451006,0.0298629454810523,0.0,0.0,1.0,1.0,1.0,0.0
7,5,6.011371608102966,1.0601303823020694,0.0,0.0,0.0,1.0,1.0,1.0
8,5,9.944531116752808,1.8902862122951336,1.0,0.0,0.0,0.0,1.0,1.0
9,5,12.0,6.044020252364957,1.0,1.0,1.0,0.0,0.0,0.0
10,5,0.1721591134800679,3.899558632224299,1.0,0.0,1.0,0.0,1.0,0.0
11,5,8.075049684619305,11.988079498042245,0.0,0.0,1.0,1.0,1.0,0.0
12,5,10.95796507760138,8.862675603603728,0.0,0.0,0.0,1.0,1.0,1.0
13,5,6.951627926540659,8.13330181123912,0.0,1.0,1.0,1.0,0.0,0.0
14,5,9.97632386565787,0.0891428579025735,1.0,1.0,0.0,0.0,0.0,1.0
15,5,8.986038188343116,7.900176882774209,1.0,0.0,1.0,0.0,1.0,0.0
16,5,1.9909052354151653,9.115580509506811,0.0,0.0,0.0,1.0,1.0,1.0
17,5,8.042347900541651,10.94751330912829,1.0,0.0,1.0,0.0,1.0,0.0
18,5,9.889647333075356,12.0,0.0,0.0,0.0,1.0,1.0,1.0
19,5,3.127733309011144,7.000277778076795,1.0,0.0,0.0,0.0,1.0,1.0
20,5,6.9869219961547735,3.1204491873836626,1.0,1.0,0.0,0.0,0.0,1.0
21,5,4.103271238147232,4.069409902637675,1.0,1.0,0.0,0.0,0.0,1.0
22,5,2.0863510819097133,3.063842318257381,0.0,0.0,1.0,1.0,1.0,0.0
23,5,6.849489737731133,10.060988448885482,0.0,1.0,0.0,1.0,0.0,1.0
24,5,0.0,7.938002547714008,0.0,0.0,0.0,1.0,1.0,1.0
25,5,9.993349596036508,11.885488934399753,0.0,0.0,0.0,1.0,1.0,1.0
26,5,3.987419899973952,5.911707207693907,1.0,0.0,0.0,0.0,1.0,1.0
27,5,12.0,0.0,0.0,1.0,1.0,1.0,0.0,0.0
28,5,2.8776298185020712,4.986838896543803,0.0,1.0,0.0,1.0,0.0,1.0
29,5,3.114331852824327,4.059693600141247,1.0,1.0,1.0,0.0,0.0,0.0
0,10,0.0,3.984615168393872,0.0,0.0,0.0,1.0,1.0,1.0
1,10,7.056439223485333,5.838384229791529,0.0,1.0,1.0,1.0,0.0,0.0
2,10,9.839741636038228,8.024206991625245,0.0,0.0,1.0,1.0,1.0,0.0
3,10,6.928571060841014,3.839627238867765,0.0,1.0,0.0,1.0,0.0,1.0
4,10,2.872316257183299,3.020276013813125,1.0,1.0,1.0,0.0,0.0,0.0
5,10,8.909660831192662,5.840314825963512,1.0,1.0,1.0,0.0,0.0,0.0
6,10,0.1798882881463281,0.0471038805864389,0.0,0.0,1.0,1.0,1.0,0.0
7,10,6.016193548113402,1.0889342367456885,0.0,0.0,0.0,1.0,1.0,1.0
8,10,9.917581299664077,1.8394881375679215,1.0,0.0,0.0,0.0,1.0,1.0
9,10,12.0,6.0637904417782185,1.0,1.0,1.0,0.0,0.0,0.0
10,10,0.2952724158553143,3.8274407331868607,1.0,0.0,1.0,0.0,1.0,0.0
11,10,8.120663444943075,11.981569911165906,0.0,0.0,1.0,1.0,1.0,0.0
12,10,10.94087039107116,8.798160993138957,0.0,0.0,0.0,1.0,1.0,1.0
13,10,6.935822463985025,8.177826783443361,0.0,1.0,1.0,1.0,0.0,0.0
14,10,9.958683092540603,0.1488877233972741,1.0,1.0,0.0,0.0,0.0,1.0
15,10,8.976501823976935,7.831820157106384,1.0,0.0,1.0,0.0,1.0,0.0
16,10,1.9867735205843655,9.175182476937534,0.0,0.0,0.0,1.0,1.0,1.0
17,10,8.049879275626747,10.938458818865032,1.0,0.0,1.0,0.0,1.0,0.0
18,10,9.82986456398551,12.0,0.0,0.0,0.0,1.0,1.0,1.0
19,10,3.186796430742853,6.998923851512848,1.0,0.0,0.0,0.0,1.0,1.0
20,10,6.9815546701921,3.1618168368039483,1.0,1.0,0.0,0.0,0.0,1.0
21,10,4.151359576518504,4.101190547700326,1.0,1.0,0.0,0.0,0.0,1.0
22,10,2.135933331905807,3.101275015698634,0.0,0.0,1.0,1.0,1.0,0.0
23,10,6.757775058863619,10.09493817704983,0.0,1.0,0.0,1.0,0.0,1.0
24,10,0.0,7.909339845027712,0.0,0.0,0.0,1.0,1.0,1.0
25,10,9.991332343549566,11.854817293499105,0.0,0.0,0.0,1.0,1.0,1.0
26,10,3.9806685617430495,5.8629724973052,1.0,0.0,0.0,0.0,1.0,1.0
27,10,12.0,0.0,0.0,1.0,1.0,1.0,0.0,0.0
28,10,2.8398212374621306,4.983417748973976,0.0,1.0,0.0,1.0,0.0,1.0
29,10,3.1680366021555493,4.085968123131481,1.0,1.0,1.0,0.0,0.0,0.0
0,15,0.0,3.9804239080859927,0.0,0.0,0.0,1.0,1.0,1.0
1,15,7.077144923678144,5.782483712270544,0.0,1.0,1.0,1.0,0.0,0.0
2,15,9.798383922220946,8.029400202995175,0.0,0.0,1.0,1.0,1.0,0.0
3,15,6.90638166797592,3.7914299961769142,0.0,1.0,0.0,1.0,0.0,1.0
4,15,2.837869710564448,3.026643837073885,1.0,1.0,1.0,0.0,0.0,0.0
5,15,8.96692253655316,5.760467622382709,1.0,1.0,1.0,0.0,0.0,0.0
6,15,0.2468998460352913,0.0654758365985165,0.0,0.0,1.0,1.0,1.0,0.0
7,15,6.0221905831259335,1.121057639775016,0.0,0.0,0.0,1.0,1.0,1.0
8,15,9.881337082376836,1.770841907108584,1.0,0.0,0.0,0.0,1.0,1.0
9,15,12.0,6.081916893702092,1.0,1.0,1.0,0.0,0.0,0.0
10,15,0.4222443209199654,3.758475966980072,1.0,0.0,1.0,0.0,1.0,0.0
11,15,8.182264385512676,11.97480612498565,0.0,0.0,1.0,1.0,1.0,0.0
12,15,10.924592522688847,8.739719757356015,0.0,0.0,0.0,1.0,1.0,1.0
13,15,6.927211239337359,8.205469182087768,0.0,1.0,1.0,1.0,0.0,0.0
14,15,9.93884357745627,0.2141427821920632,1.0,1.0,0.0,0.0,0.0,1.0
15,15,8.968344401085691,7.779317802275362,1.0,0.0,1.0,0.0,1.0,0.0
16,15,1.9820498777723956,9.234516943851158,0.0,0.0,0.0,1.0,1.0,1.0
17,15,8.0680286363676,10.91761367887704,1.0,0.0,1.0,0.0,1.0,0.0
18,15,9.773611607400856,12.0,0.0,0.0,0.0,1.0,1.0,1.0
19,15,3.2560265339535497,6.997376150372361,1.0,0.0,0.0,0.0,1.0,1.0
20,15,6.9785518805223,3.186734179517881,1.0,1.0,0.0,0.0,0.0,1.0
21,15,4.211258033400672,4.143062383954786,1.0,1.0,0.0,0.0,0.0,1.0
22,15,2.1992500042559557,3.149180330184327,0.0,0.0,1.0,1.0,1.0,0.0
23,15,6.692825691166055,10.120659574045195,0.0,1.0,0.0,1.0,0.0,1.0
24,15,0.0,7.883875650275121,0.0,0.0,0.0,1.0,1.0,1.0
25,15,9.989156373359108,11.816154258402616,0.0,0.0,0.0,1.0,1.0,1.0
26,15,3.973321773014713,5.80993751868801,1.0,0.0,0.0,0.0,1.0,1.0
27,15,12.0,0.0,0.0,1.0,1.0,1.0,0.0,0.0
28,15,2.801937752649479,4.981732288302635,0.0,1.0,0.0,1.0,0.0,1.0
29,15,3.2180860646911933,4.110215985986297,1.0,1.0,1.0,0.0,0.0,0.0
0,20,0.0,3.98041073058673,0.0,0.0,0.0,1.0,1.0,1.0
1,20,7.097157170365087,5.73224097738705,0.0,1.0,1.0,1.0,0.0,0.0
2,20,9.765432083580494,8.033301292099651,0.0,0.0,1.0,1.0,1.0,0.0
3,20,6.8850804318964585,3.744036834462825,0.0,1.0,0.0,1.0,0.0,1.0
4,20,2.792626072877644,3.034384456178773,1.0,1.0,1.0,0.0,0.0,0.0
5,20,9.03191644492846,5.670924199662269,1.0,1.0,1.0,0.0,0.0,0.0
6,20,0.3227041085592058,0.0849560255331831,0.0,0.0,1.0,1.0,1.0,0.0
7,20,6.027540433025655,1.1524317454666195,0.0,0.0,0.0,1.0,1.0,1.0
8,20,9.843981869447637,1.7007242558407736,1.0,0.0,0.0,0.0,1.0,1.0
9,20,12.0,6.100643197908546,1.0,1.0,1.0,0.0,0.0,0.0
10,20,0.5284672294311579,3.696356547115373,1.0,0.0,1.0,0.0,1.0,0.0
11,20,8.271950584071778,11.963194264946516,0.0,0.0,1.0,1.0,1.0,0.0
12,20,10.912733141418016,8.69588348909568,0.0,0.0,0.0,1.0,1.0,1.0
13,20,6.921446864067941,8.223220114524686,0.0,1.0,1.0,1.0,0.0,0.0
14,20,9.913963591799924,0.2921417639074959,1.0,1.0,0.0,0.0,0.0,1.0
15,20,8.960137368485352,7.713970445383095,1.0,0.0,1.0,0.0,1.0,0.0
16,20,1.9784789178075708,9.277391946307658,0.0,0.0,0.0,1.0,1.0,1.0
17,20,8.070934235718228,10.914577646855529,1.0,0.0,1.0,0.0,1.0,0.0
18,20,9.721718821360914,12.0,0.0,0.0,0.0,1.0,1.0,1.0
19,20,3.332435399049977,6.994811145783105,1.0,0.0,0.0,0.0,1.0,1.0
20,20,6.97554289310027,3.213755879622529,1.0,1.0,0.0,0.0,0.0,1.0
21,20,4.259945757796047,4.176317929826178,1.0,1.0,0.0,0.0,0.0,1.0
22,20,2.255346188580483,3.191134116665732,0.0,0.0,1.0,1.0,1.0,0.0
23,20,6.633124311082515,10.144190294536804,0.0,1.0,0.0,1.0,0.0,1.0
24,20,0.0,7.866728855500402,0.0,0.0,0.0,1.0,1.0,1.0
25,20,9.98882145216078,11.772135490784434,0.0,0.0,0.0,1.0,1.0,1.0
26,20,3.960894704446855,5.72871982253904,1.0,0.0,0.0,0.0,1.0,1.0
27,20,12.0,0.0,0.0,1.0,1.0,1.0,0.0,0.0
28,20,2.757353416369768,4.978852032150956,0.0,1.0,0.0,1.0,0.0,1.0
29,20,3.232918195393928,4.117051842305663,1.0,1.0,1.0,0.0,0.0,0.0
0,25,0.0,3.9791128837144503,0.0,0.0,0.0,1.0,1.0,1.0
1,25,7.114852125020168,5.686907004316653,0.0,1.0,1.0,1.0,0.0,0.0
2,25,9.72761806223104,8.03645727272633,0.0,0.0,1.0,1.0,1.0,0.0
3,25,6.870207657158381,3.708048448689166,0.0,1.0,0.0,1.0,0.0,1.0
4,25,2.7335970622827706,3.0436333936678013,1.0,1.0,1.0,0.0,0.0,0.0
5,25,9.113068183717392,5.56615616972551,1.0,1.0,1.0,0.0,0.0,0.0
6,25,0.3888533648125298,0.1011252000712142,0.0,0.0,1.0,1.0,1.0,0.0
7,25,6.033963257454096,1.1949067987386532,0.0,0.0,0.0,1.0,1.0,1.0
8,25,9.80727052452822,1.629105799375169,1.0,0.0,0.0,0.0,1.0,1.0
9,25,12.0,6.119835764408147,1.0,1.0,1.0,0.0,0.0,0.0
10,25,0.630471972937328,3.6377194769277783,1.0,0.0,1.0,0.0,1.0,0.0
11,25,8.37015025457809,11.951443005420222,0.0,0.0,1.0,1.0,1.0,0.0
12,25,10.89844473405479,8.640384278495898,0.0,0.0,0.0,1.0,1.0,1.0
13,25,6.909198430099835,8.260516501588025,0.0,1.0,1.0,1.0,0.0,0.0
14,25,9.893046990061285,0.3563307996547711,1.0,1.0,0.0,0.0,0.0,1.0
15,25,8.953645707308974,7.660244835980523,1.0,0.0,1.0,0.0,1.0,0.0
16,25,1.9313038263440967,9.273570082120662,0.0,0.0,0.0,1.0,1.0,1.0
17,25,8.078641357999894,10.906817311240822,1.0,0.0,1.0,0.0,1.0,0.0
18,25,9.670847931780704,12.0,0.0,0.0,0.0,1.0,1.0,1.0
19,25,3.413897223640323,6.989966046663543,1.0,0.0,0.0,0.0,1.0,1.0
20,25,6.974929411298991,3.2185771091895425,1.0,1.0,0.0,0.0,0.0,1.0
21,25,4.314787437836867,4.213864485678073,1.0,1.0,0.0,0.0,0.0,1.0
22,25,2.3156227235342906,3.237060613599977,0.0,0.0,1.0,1.0,1.0,0.0
23,25,6.547369595898407,10.174433996055477,0.0,1.0,0.0,1.0,0.0,1.0
24,25,0.0,7.845870166995585,0.0,0.0,0.0,1.0,1.0,1.0
25,25,9.989081693806575,11.712673001561551,0.0,0.0,0.0,1.0,1.0,1.0
26,25,3.945589264663141,5.647269365536809,1.0,0.0,0.0,0.0,1.0,1.0
27,25,12.0,0.0,0.0,1.0,1.0,1.0,0.0,0.0
28,25,2.7116190513775464,4.974865820260231,0.0,1.0,0.0,1.0,0.0,1.0
29,25,3.2546782493747712,4.127236399640947,1.0,1.0,1.0,0.0,0.0,0.0
0,30,0.0,3.977872180828512,0.0,0.0,0.0,1.0,1.0,1.0
1,30,7.127713397535807,5.6530699854046365,0.0,1.0,1.0,1.0,0.0,0.0
2,30,9.686919504698947,8.040059112072644,0.0,0.0,1.0,1.0,1.0,0.0
3,30,6.863868425553768,3.69326889523597,0.0,1.0,0.0,1.0,0.0,1.0
4,30,2.695570777322973,3.050466245257587,1.0,1.0,1.0,0.0,0.0,0.0
5,30,9.209975967185484,5.4439967871693655,1.0,1.0,1.0,0.0,0.0,0.0
6,30,0.4419816554467377,0.1164161607247564,0.0,0.0,1.0,1.0,1.0,0.0
7,30,6.03994706867869,1.2356674195979795,0.0,0.0,0.0,1.0,1.0,1.0
8,30,9.756390721994851,1.5328335211291355,1.0,0.0,0.0,0.0,1.0,1.0
9,30,12.0,6.14136109688136,1.0,1.0,1.0,0.0,0.0,0.0
10,30,0.7236286841673283,3.5857442588721264,1.0,0.0,1.0,0.0,1.0,0.0
11,30,8.470454817784152,11.941520373359896,0.0,0.0,1.0,1.0,1.0,0.0
12,30,10.88353184117565,8.58169536468134,0.0,0.0,0.0,1.0,1.0,1.0
13,30,6.903346599915456,8.277762840310727,0.0,1.0,1.0,1.0,0.0,0.0
14,30,9.87112531708176,0.4234492662571091,1.0,1.0,0.0,0.0,0.0,1.0
15,30,8.948859899814812,7.615268303936972,1.0,0.0,1.0,0.0,1.0,0.0
16,30,1.9044105480082576,9.271193098110436,0.0,0.0,0.0,1.0,1.0,1.0
17,30,8.091359762329635,10.892640403313449,1.0,0.0,1.0,0.0,1.0,0.0
18,30,9.607902962554164,12.0,0.0,0.0,0.0,1.0,1.0,1.0
19,30,3.4993681444153792,6.986430493719856,1.0,0.0,0.0,0.0,1.0,1.0
20,30,6.977109781145931,3.198664151585713,1.0,1.0,0.0,0.0,0.0,1.0
21,30,4.377794966819932,4.258026331254544,1.0,1.0,0.0,0.0,0.0,1.0
22,30,2.365058509374089,3.2752187363518264,0.0,0.0,1.0,1.0,1.0,0.0
23,30,6.483980936713948,10.196301768389716,0.0,1.0,0.0,1.0,0.0,1.0
24,30,0.0,7.830938880541961,0.0,0.0,0.0,1.0,1.0,1.0
25,30,9.9888008236457,11.669060488292557,0.0,0.0,0.0,1.0,1.0,1.0
26,30,3.936625189521337,5.591921578902159,1.0,0.0,0.0,0.0,1.0,1.0
27,30,12.0,0.0,0.0,1.0,1.0,1.0,0.0,0.0
28,30,2.657425919097707,4.9699825241883175,0.0,1.0,0.0,1.0,0.0,1.0
29,30,3.282385996365735,4.140940552447945,1.0,1.0,1.0,0.0,0.0,0.0
0,35,0.0222765151351133,3.982706468757827,0.0,0.0,0.0,1.0,1.0,1.0
1,35,7.138704763055968,5.623660957482094,0.0,1.0,1.0,1.0,0.0,0.0
2,35,9.626062761855277,8.045480968611363,0.0,0.0,1.0,1.0,1.0,0.0
3,35,6.85441570930027,3.671908434748311,0.0,1.0,0.0,1.0,0.0,1.0
4,35,2.6908436823103346,3.051254700056388,1.0,1.0,1.0,0.0,0.0,0.0
5,35,9.314993862245482,5.306387564663353,1.0,1.0,1.0,0.0,0.0,0.0
6,35,0.4784556326998998,0.1272957368768921,0.0,0.0,1.0,1.0,1.0,0.0
7,35,6.044660963306663,1.2735300804645693,0.0,0.0,0.0,1.0,1.0,1.0
8,35,9.696922709678237,1.424459197170811,1.0,0.0,0.0,0.0,1.0,1.0
9,35,12.0,6.1565310411366685,1.0,1.0,1.0,0.0,0.0,0.0
10,35,0.8247859136026549,3.5301503792047693,1.0,0.0,1.0,0.0,1.0,0.0
11,35,8.577234568478419,11.93264901619783,0.0,0.0,1.0,1.0,1.0,0.0
12,35,10.86734587690413,8.519946454720207,0.0,0.0,0.0,1.0,1.0,1.0
13,35,6.895092201584822,8.3036699650586,0.0,1.0,1.0,1.0,0.0,0.0
14,35,9.848654585214836,0.4898075735358526,1.0,1.0,0.0,0.0,0.0,1.0
15,35,8.945359500235705,7.584228233924973,1.0,0.0,1.0,0.0,1.0,0.0
16,35,1.8850825676526837,9.2691111764418,0.0,0.0,0.0,1.0,1.0,1.0
17,35,8.109660908496558,10.872243134345304,1.0,0.0,1.0,0.0,1.0,0.0
18,35,9.567128290785474,12.0,0.0,0.0,0.0,1.0,1.0,1.0
19,35,3.60492867540981,6.982427563528922,1.0,0.0,0.0,0.0,1.0,1.0
20,35,6.984094545424252,3.150039719635813,1.0,1.0,0.0,0.0,0.0,1.0
21,35,4.437899203627382,4.297767973841578,1.0,1.0,0.0,0.0,0.0,1.0
22,35,2.4145228042110705,3.3124130484241747,0.0,0.0,1.0,1.0,1.0,0.0
23,35,6.401971762119204,10.226453726966197,0.0,1.0,0.0,1.0,0.0,1.0
24,35,0.0,7.817806587727068,0.0,0.0,0.0,1.0,1.0,1.0
25,35,9.988353370718638,11.63301587309066,0.0,0.0,0.0,1.0,1.0,1.0
26,35,3.9252859960315214,5.519964331386113,1.0,0.0,0.0,0.0,1.0,1.0
27,35,12.0,0.0,0.0,1.0,1.0,1.0,0.0,0.0
28,35,2.613691672025667,4.965962249373077,0.0,1.0,0.0,1.0,0.0,1.0
29,35,3.304627537107099,4.152012484698463,1.0,1.0,1.0,0.0,0.0,0.0
0,40,0.0399704471231959,3.9866189690305696,0.0,0.0,0.0,1.0,1.0,1.0
1,40,7.148051258215816,5.5985000171786,0.0,1.0,1.0,1.0,0.0,0.0
2,40,9.561095361022383,8.049762541847818,0.0,0.0,1.0,1.0,1.0,0.0
3,40,6.856891323000262,3.677323220184147,0.0,1.0,0.0,1.0,0.0,1.0
4,40,2.6865440009245525,3.0519746569812805,1.0,1.0,1.0,0.0,0.0,0.0
5,40,9.413832359186488,5.174118536291401,1.0,1.0,1.0,0.0,0.0,0.0
6,40,0.5053417156626469,0.1349320827913417,0.0,0.0,1.0,1.0,1.0,0.0
7,40,6.049693234144139,1.3352714445107754,0.0,0.0,0.0,1.0,1.0,1.0
8,40,9.633076294237169,1.3048330831692017,1.0,0.0,0.0,0.0,1.0,1.0
9,40,12.0,6.176833983280798,1.0,1.0,1.0,0.0,0.0,0.0
10,40,0.9265136217812546,3.475911954684855,1.0,0.0,1.0,0.0,1.0,0.0
11,40,8.67370764361521,11.926437300449791,0.0,0.0,1.0,1.0,1.0,0.0
12,40,10.85783888653824,8.482407469105544,0.0,0.0,0.0,1.0,1.0,1.0
13,40,6.889516372026427,8.320287761683462,0.0,1.0,1.0,1.0,0.0,0.0
14,40,9.824911526228776,0.5592099365504909,1.0,1.0,0.0,0.0,0.0,1.0
15,40,8.943474985251926,7.570946980384075,1.0,0.0,1.0,0.0,1.0,0.0
16,40,1.851923713631288,9.264881226848624,0.0,0.0,0.0,1.0,1.0,1.0
17,40,8.152742003976519,10.823770350969934,1.0,0.0,1.0,0.0,1.0,0.0
18,40,9.536077036318886,12.0,0.0,0.0,0.0,1.0,1.0,1.0
19,40,3.715429760625868,6.979575392192221,1.0,0.0,0.0,0.0,1.0,1.0
20,40,6.992235907885291,3.0898264850667454,1.0,1.0,0.0,0.0,0.0,1.0
21,40,4.499175747330972,4.337613677259742,1.0,1.0,0.0,0.0,0.0,1.0
22,40,2.463871341036503,3.3507813086102645,0.0,0.0,1.0,1.0,1.0,0.0
23,40,6.332286598629864,10.249755497056178,0.0,1.0,0.0,1.0,0.0,1.0
24,40,0.0,7.795265159261751,0.0,0.0,0.0,1.0,1.0,1.0
25,40,9.988168975095364,11.614805247147691,0.0,0.0,0.0,1.0,1.0,1.0
26,40,3.91414069229594,5.448394320233845,1.0,0.0,0.0,0.0,1.0,1.0
27,40,12.0,0.0,0.0,1.0,1.0,1.0,0.0,0.0
28,40,2.581007781310248,4.963428122734139,0.0,1.0,0.0,1.0,0.0,1.0
29,40,3.3243961720016166,4.161985813683832,1.0,1.0,1.0,0.0,0.0,0.0
0,45,0.0642411228614054,3.991828167727597,0.0,0.0,0.0,1.0,1.0,1.0
1,45,7.155080589069749,5.577968269594289,0.0,1.0,1.0,1.0,0.0,0.0
2,45,9.502436896144095,8.054193510658932,0.0,0.0,1.0,1.0,1.0,0.0
3,45,6.867792960926548,3.700899779841525,0.0,1.0,0.0,1.0,0.0,1.0
4,45,2.6911050372968623,3.0511572552047417,1.0,1.0,1.0,0.0,0.0,0.0
5,45,9.50803673834356,5.044937577194924,1.0,1.0,1.0,0.0,0.0,0.0
6,45,0.5140888889068347,0.1373386264217246,0.0,0.0,1.0,1.0,1.0,0.0
7,45,6.05587060075931,1.4066116180080015,0.0,0.0,0.0,1.0,1.0,1.0
8,45,9.559887484149144,1.1673903220345263,1.0,0.0,0.0,0.0,1.0,1.0
9,45,12.0,6.190306138837818,1.0,1.0,1.0,0.0,0.0,0.0
10,45,1.0149968990034988,3.429173215596318,1.0,0.0,1.0,0.0,1.0,0.0
11,45,8.785117173764966,11.918672475429362,0.0,0.0,1.0,1.0,1.0,0.0
12,45,10.843274667002836,8.426766094551004,0.0,0.0,0.0,1.0,1.0,1.0
13,45,6.883507809794835,8.34004499744878,0.0,1.0,1.0,1.0,0.0,0.0
14,45,9.792495798943456,0.6543990384986734,1.0,1.0,0.0,0.0,0.0,1.0
15,45,8.941401403101287,7.554449264607204,1.0,0.0,1.0,0.0,1.0,0.0
16,45,1.8009288447653136,9.257397194872173,0.0,0.0,0.0,1.0,1.0,1.0
17,45,8.20183689062638,10.769938304052564,1.0,0.0,1.0,0.0,1.0,0.0
18,45,9.493545177394502,12.0,0.0,0.0,0.0,1.0,1.0,1.0
19,45,3.8360753552759546,6.978456834765484,1.0,0.0,0.0,0.0,1.0,1.0
20,45,7.0048617092843335,3.015476032445238,1.0,1.0,0.0,0.0,0.0,1.0
21,45,4.55503632787279,4.3752995218729325,1.0,1.0,0.0,0.0,0.0,1.0
22,45,2.5168434570644007,3.3922140484318977,0.0,0.0,1.0,1.0,1.0,0.0
23,45,6.279884860498218,10.268572379845615,0.0,1.0,0.0,1.0,0.0,1.0
24,45,0.0,7.779080096214786,0.0,0.0,0.0,1.0,1.0,1.0
25,45,9.987938377105335,11.625412339045193,0.0,0.0,0.0,1.0,1.0,1.0
26,45,3.901901054290736,5.37824222940845,1.0,0.0,0.0,0.0,1.0,1.0
27,45,12.0,0.0,0.0,1.0,1.0,1.0,0.0,0.0
28,45,2.5631775276585143,4.962610425126271,0.0,1.0,0.0,1.0,0.0,1.0
29,45,3.342691469838516,4.1712962583700826,1.0,1.0,1.0,0.0,0.0,0.0
0,50,0.0862095827731594,3.996606909886025,0.0,0.0,0.0,1.0,1.0,1.0
1,50,7.164825065956344,5.545989680002782,0.0,1.0,1.0,1.0,0.0,0.0
2,50,9.454603212595687,8.057988447646311,0.0,0.0,1.0,1.0,1.0,0.0
3,50,6.871777865656363,3.7098740422409566,0.0,1.0,0.0,1.0,0.0,1.0
4,50,2.718319815985408,3.045317470059784,1.0,1.0,1.0,0.0,0.0,0.0
5,50,9.594779742175763,4.922906294011463,1.0,1.0,1.0,0.0,0.0,0.0
6,50,0.5320881683992436,0.1426891481576113,0.0,0.0,1.0,1.0,1.0,0.0
7,50,6.060011370527501,1.4786000050167818,0.0,0.0,0.0,1.0,1.0,1.0
8,50,9.483624731350018,1.021923084189342,1.0,0.0,0.0,0.0,1.0,1.0
9,50,12.0,6.209482906774471,1.0,1.0,1.0,0.0,0.0,0.0
10,50,1.0965957004073643,3.385270701728335,1.0,0.0,1.0,0.0,1.0,0.0
11,50,8.897769183921664,11.907933409256346,0.0,0.0,1.0,1.0,1.0,0.0
12,50,10.829112030629402,8.371755238960311,0.0,0.0,0.0,1.0,1.0,1.0
13,50,6.872575246496409,8.37682062958129,0.0,1.0,1.0,1.0,0.0,0.0
14,50,9.771342656310312,0.7210214239366478,1.0,1.0,0.0,0.0,0.0,1.0
15,50,8.939079151149828,7.537479988467108,1.0,0.0,1.0,0.0,1.0,0.0
16,50,1.7279899658764803,9.246625795656566,0.0,0.0,0.0,1.0,1.0,1.0
17,50,8.255147868397245,10.712684191615429,1.0,0.0,1.0,0.0,1.0,0.0
18,50,9.45067042050169,12.0,0.0,0.0,0.0,1.0,1.0,1.0
19,50,3.962811668562309,6.971969982279395,1.0,0.0,0.0,0.0,1.0,1.0
20,50,7.016102574034617,2.958987752077533,1.0,1.0,0.0,0.0,0.0,1.0
21,50,4.602283262420687,4.406471588584882,1.0,1.0,0.0,0.0,0.0,1.0
22,50,2.56450661053086,3.428558725344153,0.0,0.0,1.0,1.0,1.0,0.0
23,50,6.237067714065025,10.283677857404248,0.0,1.0,0.0,1.0,0.0,1.0
24,50,0.0,7.77208957848892,0.0,0.0,0.0,1.0,1.0,1.0
25,50,9.987609077586416,11.651148597685632,0.0,0.0,0.0,1.0,1.0,1.0
26,50,3.887664595300838,5.30113771722791,1.0,0.0,0.0,0.0,1.0,1.0
27,50,12.0,0.0,0.0,1.0,1.0,1.0,0.0,0.0
28,50,2.521751265387388,4.961525103053256,0.0,1.0,0.0,1.0,0.0,1.0
29,50,3.3612342613076587,4.179985500509203,1.0,1.0,1.0,0.0,0.0,0.0
0,55,0.1206490524332112,4.004108111980939,0.0,0.0,0.0,1.0,1.0,1.0
1,55,7.171383766854132,5.525918819007797,0.0,1.0,1.0,1.0,0.0,0.0
2,55,9.41788278850106,8.059603993026194,0.0,0.0,1.0,1.0,1.0,0.0
3,55,6.8715224419747445,3.709326742306066,0.0,1.0,0.0,1.0,0.0,1.0
4,55,2.730464518408004,3.042652204607958,1.0,1.0,1.0,0.0,0.0,0.0
5,55,9.691798435493684,4.790288276005221,1.0,1.0,1.0,0.0,0.0,0.0
6,55,0.5440970748008213,0.1462229481092246,0.0,0.0,1.0,1.0,1.0,0.0
7,55,6.065074431085098,1.552428492634252,0.0,0.0,0.0,1.0,1.0,1.0
8,55,9.4006931234128,0.8709706124416337,1.0,0.0,0.0,0.0,1.0,1.0
9,55,12.0,6.227755543648879,1.0,1.0,1.0,0.0,0.0,0.0
10,55,1.2013244984056866,3.3327390077640944,1.0,0.0,1.0,0.0,1.0,0.0
11,55,8.997325014407442,11.896279058839289,0.0,0.0,1.0,1.0,1.0,0.0
12,55,10.816195619469749,8.325418160500536,0.0,0.0,0.0,1.0,1.0,1.0
13,55,6.863484768538204,8.406633097960642,0.0,1.0,1.0,1.0,0.0,0.0
14,55,9.753418995128468,0.7827685897218541,1.0,1.0,0.0,0.0,0.0,1.0
15,55,8.939846147228147,7.543611470471167,1.0,0.0,1.0,0.0,1.0,0.0
16,55,1.6571710312186756,9.23560781048856,0.0,0.0,0.0,1.0,1.0,1.0
17,55,8.296421297814788,10.670256642320416,1.0,0.0,1.0,0.0,1.0,0.0
18,55,9.393038919721642,12.0,0.0,0.0,0.0,1.0,1.0,1.0
19,55,4.08800102488192,6.966329621055537,1.0,0.0,0.0,0.0,1.0,1.0
20,55,7.025881991952319,2.906337530217914,1.0,1.0,0.0,0.0,0.0,1.0
21,55,4.6384625524066845,4.428743352157053,1.0,1.0,0.0,0.0,0.0,1.0
22,55,2.621013362803467,3.469802175445223,0.0,0.0,1.0,1.0,1.0,0.0
23,55,6.183149613261603,10.303311462337852,0.0,1.0,0.0,1.0,0.0,1.0
24,55,0.0,7.751100708593941,0.0,0.0,0.0,1.0,1.0,1.0
25,55,9.987759993218315,11.675188137491542,0.0,0.0,0.0,1.0,1.0,1.0
26,55,3.875230253798285,5.2371892326939244,1.0,0.0,0.0,0.0,1.0,1.0
27,55,12.0,0.0,0.0,1.0,1.0,1.0,0.0,0.0
28,55,2.4852749562649104,4.960973202554486,0.0,1.0,0.0,1.0,0.0,1.0
29,55,3.3877546498414755,4.192528368971435,1.0,1.0,1.0,0.0,0.0,0.0
0,60,0.1498197537239103,4.009781936734519,0.0,0.0,0.0,1.0,1.0,1.0
1,60,7.177442433867316,5.5058335350542364,0.0,1.0,1.0,1.0,0.0,0.0
2,60,9.365567077169803,8.060422016048825,0.0,0.0,1.0,1.0,1.0,0.0
3,60,6.871173565545151,3.70860424868382,0.0,1.0,0.0,1.0,0.0,1.0
4,60,2.757152249418457,3.0358532318878506,1.0,1.0,1.0,0.0,0.0,0.0
5,60,9.78932077100104,4.645937254928013,1.0,1.0,1.0,0.0,0.0,0.0
6,60,0.5611883810162136,0.1507755622667929,0.0,0.0,1.0,1.0,1.0,0.0
7,60,6.071496818383599,1.6330903384629276,0.0,0.0,0.0,1.0,1.0,1.0
8,60,9.318584404257557,0.7227134966492784,1.0,0.0,0.0,0.0,1.0,1.0
9,60,12.0,6.239520232227524,1.0,1.0,1.0,0.0,0.0,0.0
10,60,1.297480093631969,3.287282269754453,1.0,0.0,1.0,0.0,1.0,0.0
11,60,9.094595393477874,11.884391915665852,0.0,0.0,1.0,1.0,1.0,0.0
12,60,10.806261562139426,8.28499988619852,0.0,0.0,0.0,1.0,1.0,1.0
13,60,6.848569636602679,8.462168390366607,0.0,1.0,1.0,1.0,0.0,0.0
14,60,9.73529975210272,0.8434297847037,1.0,1.0,0.0,0.0,0.0,1.0
15,60,8.937478655554854,7.524596071656083,1.0,0.0,1.0,0.0,1.0,0.0
16,60,1.5664684800299364,9.220497924001435,0.0,0.0,0.0,1.0,1.0,1.0
17,60,8.349780441180222,10.615710963720744,1.0,0.0,1.0,0.0,1.0,0.0
18,60,9.350854899297865,12.0,0.0,0.0,0.0,1.0,1.0,1.0
19,60,4.196462984818682,6.964557226292524,1.0,0.0,0.0,0.0,1.0,1.0
20,60,7.040436649021835,2.838382043332156,1.0,1.0,0.0,0.0,0.0,1.0
21,60,4.664848357162383,4.445078633543983,1.0,1.0,0.0,0.0,0.0,1.0
22,60,2.671056319736737,3.504102550227707,0.0,0.0,1.0,1.0,1.0,0.0
23,60,6.1317117456383965,10.324129398345136,0.0,1.0,0.0,1.0,0.0,1.0
24,60,0.0,7.717695335741081,0.0,0.0,0.0,1.0,1.0,1.0
25,60,9.987772064160438,11.677722151257882,0.0,0.0,0.0,1.0,1.0,1.0
26,60,3.8599094618648615,5.158705079705916,1.0,0.0,0.0,0.0,1.0,1.0
27,60,12.0,0.0,0.0,1.0,1.0,1.0,0.0,0.0
28,60,2.443773374807776,4.961339909299123,0.0,1.0,0.0,1.0,0.0,1.0
29,60,3.4178428571711925,4.207352632496903,1.0,1.0,1.0,0.0,0.0,0.0
0,65,0.1939554500011327,4.016622952169117,0.0,0.0,0.0,1.0,1.0,1.0
1,65,7.185106770131404,5.479734931793164,0.0,1.0,1.0,1.0,0.0,0.0
2,65,9.313063429470816,8.060231781969145,0.0,0.0,1.0,1.0,1.0,0.0
3,65,6.874688760009151,3.716226118224087,0.0,1.0,0.0,1.0,0.0,1.0
4,65,2.7856986605396825,3.0294410215936645,1.0,1.0,1.0,0.0,0.0,0.0
5,65,9.880005267824664,4.514178438287252,1.0,1.0,1.0,0.0,0.0,0.0
6,65,0.5703016108617651,0.153212100464493,0.0,0.0,1.0,1.0,1.0,0.0
7,65,6.083048018407339,1.7392906863973208,0.0,0.0,0.0,1.0,1.0,1.0
8,65,9.245895551216018,0.5842448146893111,1.0,0.0,0.0,0.0,1.0,1.0
9,65,12.0,6.257478524914202,1.0,1.0,1.0,0.0,0.0,0.0
10,65,1.38688533458457,3.243814335621073,1.0,0.0,1.0,0.0,1.0,0.0
11,65,9.182436678682254,11.874305312439756,0.0,0.0,1.0,1.0,1.0,0.0
12,65,10.802980621772155,8.271496067863024,0.0,0.0,0.0,1.0,1.0,1.0
13,65,6.8323520073056585,8.529745465800305,0.0,1.0,1.0,1.0,0.0,0.0
14,65,9.716477049421153,0.9092252933434656,1.0,1.0,0.0,0.0,0.0,1.0
15,65,8.935134880905144,7.503417473266417,1.0,0.0,1.0,0.0,1.0,0.0
16,65,1.4638735561449434,9.202933188422287,0.0,0.0,0.0,1.0,1.0,1.0
17,65,8.412905923790746,10.552923907379276,1.0,0.0,1.0,0.0,1.0,0.0
18,65,9.309694747412696,12.0,0.0,0.0,0.0,1.0,1.0,1.0
19,65,4.327265827538865,6.960411643779048,1.0,0.0,0.0,0.0,1.0,1.0
20,65,7.056052927532301,2.765519545208482,1.0,1.0,0.0,0.0,0.0,1.0
21,65,4.672942991878384,4.450413163076681,1.0,1.0,0.0,0.0,0.0,1.0
22,65,2.7119548220293823,3.530076688232484,0.0,0.0,1.0,1.0,1.0,0.0
23,65,6.086191752948166,10.342160398566117,0.0,1.0,0.0,1.0,0.0,1.0
24,65,0.0,7.698889825293325,0.0,0.0,0.0,1.0,1.0,1.0
25,65,9.987814438961754,11.690276241762652,0.0,0.0,0.0,1.0,1.0,1.0
26,65,3.8443156587840734,5.0787825792113575,1.0,0.0,0.0,0.0,1.0,1.0
27,65,12.0,0.0,0.0,1.0,1.0,1.0,0.0,0.0
28,65,2.4087870557596323,4.961556784029481,0.0,1.0,0.0,1.0,0.0,1.0
29,65,3.4405906159402444,4.218301553461539,1.0,1.0,1.0,0.0,0.0,0.0
0,70,0.2264131174806072,4.021816615846666,0.0,0.0,0.0,1.0,1.0,1.0
1,70,7.191598521247572,5.457293363889164,0.0,1.0,1.0,1.0,0.0,0.0
2,70,9.238892282210246,8.059711542987742,0.0,0.0,1.0,1.0,1.0,0.0
3,70,6.880881095938107,3.7300016386121295,0.0,1.0,0.0,1.0,0.0,1.0
4,70,2.800376240391796,3.0258769656093074,1.0,1.0,1.0,0.0,0.0,0.0
5,70,9.98436961483498,4.371006926998195,1.0,1.0,1.0,0.0,0.0,0.0
6,70,0.5699109243310868,0.1531064956688211,0.0,0.0,1.0,1.0,1.0,0.0
7,70,6.0913817963060986,1.822869625191468,0.0,0.0,0.0,1.0,1.0,1.0
8,70,9.178774774651266,0.4643741231375029,1.0,0.0,0.0,0.0,1.0,1.0
9,70,12.0,6.2743789429612535,1.0,1.0,1.0,0.0,0.0,0.0
10,70,1.4704756106574448,3.2000226892080588,1.0,0.0,1.0,0.0,1.0,0.0
11,70,9.286207678051005,11.864821897748453,0.0,0.0,1.0,1.0,1.0,0.0
12,70,10.796811784925836,8.24463622267275,0.0,0.0,0.0,1.0,1.0,1.0
13,70,6.810236610589818,8.616059522851689,0.0,1.0,1.0,1.0,0.0,0.0
14,70,9.701505870519428,0.9613248183047102,1.0,1.0,0.0,0.0,0.0,1.0
15,70,8.931562010186108,7.469368112169585,1.0,0.0,1.0,0.0,1.0,0.0
16,70,1.3484776259187876,9.184779046850975,0.0,0.0,0.0,1.0,1.0,1.0
17,70,8.475457483647315,10.493064558606653,1.0,0.0,1.0,0.0,1.0,0.0
18,70,9.276117492325954,12.0,0.0,0.0,0.0,1.0,1.0,1.0
19,70,4.463612210806724,6.955610424221877,1.0,0.0,0.0,0.0,1.0,1.0
20,70,7.0689570758593,2.7053501463027043,1.0,1.0,0.0,0.0,0.0,1.0
21,70,4.680320681115787,4.455210526241414,1.0,1.0,0.0,0.0,0.0,1.0
22,70,2.7737393124173693,3.571938102333833,0.0,0.0,1.0,1.0,1.0,0.0
23,70,6.041352989555439,10.359634472725157,0.0,1.0,0.0,1.0,0.0,1.0
24,70,0.0,7.689217265014302,0.0,0.0,0.0,1.0,1.0,1.0
25,70,9.987971626551856,11.71830294509712,0.0,0.0,0.0,1.0,1.0,1.0
26,70,3.828849832620454,5.006328422930308,1.0,0.0,0.0,0.0,1.0,1.0
27,70,12.0,0.0,0.0,1.0,1.0,1.0,0.0,0.0
28,70,2.370279701279312,4.960669978388696,0.0,1.0,0.0,1.0,0.0,1.0
29,70,3.4779541926709427,4.237674884565263,1.0,1.0,1.0,0.0,0.0,0.0
0,75,0.2639654075296831,4.027022011654792,0.0,0.0,0.0,1.0,1.0,1.0
1,75,7.198542995678034,5.431206703389688,0.0,1.0,1.0,1.0,0.0,0.0
2,75,9.162140397441147,8.05981415875328,0.0,0.0,1.0,1.0,1.0,0.0
3,75,6.883104293602095,3.735006623806165,0.0,1.0,0.0,1.0,0.0,1.0
4,75,2.80485524584508,3.024881013952563,1.0,1.0,1.0,0.0,0.0,0.0
5,75,10.091115424623007,4.230254939167747,1.0,1.0,1.0,0.0,0.0,0.0
6,75,0.5982094641147481,0.161081455755881,0.0,0.0,1.0,1.0,1.0,0.0
7,75,6.095150552646292,1.876589390435117,0.0,0.0,0.0,1.0,1.0,1.0
8,75,9.115093609355863,0.3521504698062266,1.0,0.0,0.0,0.0,1.0,1.0
9,75,12.0,6.2893490181003,1.0,1.0,1.0,0.0,0.0,0.0
10,75,1.5589033348070562,3.1533355562362915,1.0,0.0,1.0,0.0,1.0,0.0
11,75,9.414506820235385,11.854422025363686,0.0,0.0,1.0,1.0,1.0,0.0
12,75,10.793086576195686,8.22862623985744,0.0,0.0,0.0,1.0,1.0,1.0
13,75,6.785904843940807,8.708432010840765,0.0,1.0,1.0,1.0,0.0,0.0
14,75,9.68072593207708,1.0305898811880003,1.0,1.0,0.0,0.0,0.0,1.0
15,75,8.930020509325592,7.449438411351005,1.0,0.0,1.0,0.0,1.0,0.0
16,75,1.234165248962135,9.168998697703156,0.0,0.0,0.0,1.0,1.0,1.0
17,75,8.525847819702543,10.444797561423975,1.0,0.0,1.0,0.0,1.0,0.0
18,75,9.224326017259834,12.0,0.0,0.0,0.0,1.0,1.0,1.0
19,75,4.593677578435487,6.951570062655697,1.0,0.0,0.0,0.0,1.0,1.0
20,75,7.079693849563318,2.6466405814987484,1.0,1.0,0.0,0.0,0.0,1.0
21,75,4.670989620815956,4.448845352316664,1.0,1.0,0.0,0.0,0.0,1.0
22,75,2.854285769724605,3.6239425767473294,0.0,0.0,1.0,1.0,1.0,0.0
23,75,5.994999971248628,10.377900407141318,0.0,1.0,0.0,1.0,0.0,1.0
24,75,0.0,7.684417478949145,0.0,0.0,0.0,1.0,1.0,1.0
25,75,9.988786570811076,11.765924414726726,0.0,0.0,0.0,1.0,1.0,1.0
26,75,3.808624713602289,4.922863766045734,1.0,0.0,0.0,0.0,1.0,1.0
27,75,12.0,0.0,0.0,1.0,1.0,1.0,0.0,0.0
28,75,2.321011959975131,4.960059306855899,0.0,1.0,0.0,1.0,0.0,1.0
29,75,3.510926019777556,4.25500674193906,1.0,1.0,1.0,0.0,0.0,0.0
0,80,0.3060242192437056,4.033984714894443,0.0,0.0,0.0,1.0,1.0,1.0
1,80,7.202891955429041,5.414485491988992,0.0,1.0,1.0,1.0,0.0,0.0
2,80,9.094266265370582,8.0605337339507,0.0,0.0,1.0,1.0,1.0,0.0
3,80,6.893687860974269,3.7577982374005128,0.0,1.0,0.0,1.0,0.0,1.0
4,80,2.8388698990708185,3.017142645431728,1.0,1.0,1.0,0.0,0.0,0.0
5,80,10.181302337961078,4.117715060475437,1.0,1.0,1.0,0.0,0.0,0.0
6,80,0.636415246324299,0.1723324402805467,0.0,0.0,1.0,1.0,1.0,0.0
7,80,6.100834516434926,1.9365093532664324,0.0,0.0,0.0,1.0,1.0,1.0
8,80,9.235358490911816,0.2897059565611894,1.0,0.0,0.0,0.0,1.0,1.0
9,80,12.0,6.305166075491939,1.0,1.0,1.0,0.0,0.0,0.0
10,80,1.663661053198367,3.1009049284633607,1.0,0.0,1.0,0.0,1.0,0.0
11,80,9.566276411019116,11.840179967127092,0.0,0.0,1.0,1.0,1.0,0.0
12,80,10.78627287499056,8.203172797129838,0.0,0.0,0.0,1.0,1.0,1.0
13,80,6.76321570838973,8.796098699791255,0.0,1.0,1.0,1.0,0.0,0.0
14,80,9.660550930288782,1.1040030685540705,1.0,1.0,0.0,0.0,0.0,1.0
15,80,8.927324216345633,7.409093085718602,1.0,0.0,1.0,0.0,1.0,0.0
16,80,1.1272454873211275,9.15283280016229,0.0,0.0,0.0,1.0,1.0,1.0
17,80,8.565052419545276,10.405128225590802,1.0,0.0,1.0,0.0,1.0,0.0
18,80,9.187631028563946,12.0,0.0,0.0,0.0,1.0,1.0,1.0
19,80,4.739823545718999,6.949116034244305,1.0,0.0,0.0,0.0,1.0,1.0
20,80,7.092781390992497,2.590251862806689,1.0,1.0,0.0,0.0,0.0,1.0
21,80,4.647053823894449,4.432656621779265,1.0,1.0,0.0,0.0,0.0,1.0
22,80,2.937804221450199,3.67730696141058,0.0,0.0,1.0,1.0,1.0,0.0
23,80,5.941398051843469,10.400013076779466,0.0,1.0,0.0,1.0,0.0,1.0
24,80,0.0,7.678477592476402,0.0,0.0,0.0,1.0,1.0,1.0
25,80,9.989558798329943,11.831792108670705,0.0,0.0,0.0,1.0,1.0,1.0
26,80,3.787831901574176,4.836019144817388,1.0,0.0,0.0,0.0,1.0,1.0
27,80,12.0,0.0,0.0,1.0,1.0,1.0,0.0,0.0
28,80,2.269531349418409,4.958991079134639,0.0,1.0,0.0,1.0,0.0,1.0
29,80,3.550393351147694,4.276923812797019,1.0,1.0,1.0,0.0,0.0,0.0
0,85,0.3496308452233674,4.042051149394984,0.0,0.0,0.0,1.0,1.0,1.0
1,85,7.209670082398088,5.388381183871815,0.0,1.0,1.0,1.0,0.0,0.0
2,85,9.04743195483514,8.061008563666471,0.0,0.0,1.0,1.0,1.0,0.0
3,85,6.907154290113272,3.7852008864998568,0.0,1.0,0.0,1.0,0.0,1.0
4,85,2.8678713833079024,3.0113291886927467,1.0,1.0,1.0,0.0,0.0,0.0
5,85,10.266960852561636,4.006111622939138,1.0,1.0,1.0,0.0,0.0,0.0
6,85,0.6588200586182272,0.1791270068042235,0.0,0.0,1.0,1.0,1.0,0.0
7,85,6.106556879425457,1.9901691254902387,0.0,0.0,0.0,1.0,1.0,1.0
8,85,9.342326738381866,0.2280513886276011,1.0,0.0,0.0,0.0,1.0,1.0
9,85,12.0,6.318839026698085,1.0,1.0,1.0,0.0,0.0,0.0
10,85,1.7816314895104377,3.041932362636218,1.0,0.0,1.0,0.0,1.0,0.0
11,85,9.577516434833932,11.991045168024971,0.0,0.0,1.0,1.0,1.0,0.0
12,85,10.78001805243844,8.17482911840754,0.0,0.0,0.0,1.0,1.0,1.0
13,85,6.738597222394758,8.896626321935104,0.0,1.0,1.0,1.0,0.0,0.0
14,85,9.634375305367678,1.1997991418898606,1.0,1.0,0.0,0.0,0.0,1.0
15,85,8.92628929165284,7.3868121115939775,1.0,0.0,1.0,0.0,1.0,0.0
16,85,1.0252472235950092,9.136014007909406,0.0,0.0,0.0,1.0,1.0,1.0
17,85,8.606027499003151,10.362643891224096,1.0,0.0,1.0,0.0,1.0,0.0
18,85,9.161137410621162,12.0,0.0,0.0,0.0,1.0,1.0,1.0
19,85,4.883902844291032,6.948557302246599,1.0,0.0,0.0,0.0,1.0,1.0
20,85,7.105643782843955,2.5297025843203644,1.0,1.0,0.0,0.0,0.0,1.0
21,85,4.638703189117283,4.426993844793483,1.0,1.0,0.0,0.0,0.0,1.0
22,85,3.030355919040326,3.7385036432326886,0.0,0.0,1.0,1.0,1.0,0.0
23,85,5.878258817425696,10.426680378208149,0.0,1.0,0.0,1.0,0.0,1.0
24,85,0.0,7.675052060289703,0.0,0.0,0.0,1.0,1.0,1.0
25,85,9.991574381591358,11.92217626229195,0.0,0.0,0.0,1.0,1.0,1.0
26,85,3.765280651007121,4.75806745983616,1.0,0.0,0.0,0.0,1.0,1.0
27,85,12.0,0.0,0.0,1.0,1.0,1.0,0.0,0.0
28,85,2.233903431886806,4.9584033545777535,0.0,1.0,0.0,1.0,0.0,1.0
29,85,3.609649576159088,4.309555825679573,1.0,1.0,1.0,0.0,0.0,0.0
0,90,0.3841043513136244,4.048771750196492,0.0,0.0,0.0,1.0,1.0,1.0
1,90,7.217654519292979,5.360842209640981,0.0,1.0,1.0,1.0,0.0,0.0
2,90,8.980683695344842,8.061055084228247,0.0,0.0,1.0,1.0,1.0,0.0
3,90,6.91924100873282,3.811687153093843,0.0,1.0,0.0,1.0,0.0,1.0
4,90,2.896145597249255,3.0051547218344066,1.0,1.0,1.0,0.0,0.0,0.0
5,90,10.35810801445936,3.89500990984146,1.0,1.0,1.0,0.0,0.0,0.0
6,90,0.6774452994536879,0.1847400217697607,0.0,0.0,1.0,1.0,1.0,0.0
7,90,6.111635039658566,2.032253391988708,0.0,0.0,0.0,1.0,1.0,1.0
8,90,9.440817639066246,0.1687879213644679,1.0,0.0,0.0,0.0,1.0,1.0
9,90,12.0,6.338657890178808,1.0,1.0,1.0,0.0,0.0,0.0
10,90,1.9089317829545396,2.981321549156968,1.0,0.0,1.0,0.0,1.0,0.0
11,90,9.59005131369095,12.0,0.0,0.0,1.0,1.0,1.0,0.0
12,90,10.77386784691675,8.148137154528136,0.0,0.0,0.0,1.0,1.0,1.0
13,90,6.713696870793216,8.99882897603764,0.0,1.0,1.0,1.0,0.0,0.0
14,90,9.60475556883341,1.299411851447926,1.0,1.0,0.0,0.0,0.0,1.0
15,90,8.923541246396336,7.345886469345742,1.0,0.0,1.0,0.0,1.0,0.0
16,90,0.9402002634864876,9.124147121012594,0.0,0.0,0.0,1.0,1.0,1.0
17,90,8.651239951046502,10.316633798719872,1.0,0.0,1.0,0.0,1.0,0.0
18,90,9.140210263373,12.0,0.0,0.0,0.0,1.0,1.0,1.0
19,90,5.026331931638183,6.947839296311262,1.0,0.0,0.0,0.0,1.0,1.0
20,90,7.122511954444013,2.44883898088517,1.0,1.0,0.0,0.0,0.0,1.0
21,90,4.6426036588264505,4.429633692378427,1.0,1.0,0.0,0.0,0.0,1.0
22,90,3.139855917475671,3.8088793581812608,0.0,0.0,1.0,1.0,1.0,0.0
23,90,5.799478716410334,10.459627706852476,0.0,1.0,0.0,1.0,0.0,1.0
24,90,0.0,7.661866611248966,0.0,0.0,0.0,1.0,1.0,1.0
25,90,9.992930287378634,12.0,0.0,0.0,0.0,1.0,1.0,1.0
26,90,3.744619547331479,4.684784177419689,1.0,0.0,0.0,0.0,1.0,1.0
27,90,12.0,0.0,0.0,1.0,1.0,1.0,0.0,0.0
28,90,2.1854033498865264,4.958271369178684,0.0,1.0,0.0,1.0,0.0,1.0
29,90,3.6747843530111,4.346297288076733,1.0,1.0,1.0,0.0,0.0,0.0
0,95,0.4312335104488001,4.057685180796991,0.0,0.0,0.0,1.0,1.0,1.0
1,95,7.229911550432764,5.319362672303578,0.0,1.0,1.0,1.0,0.0,0.0
2,95,8.933604193773897,8.061431484732083,0.0,0.0,1.0,1.0,1.0,0.0
3,95,6.92090023960719,3.815320333600464,0.0,1.0,0.0,1.0,0.0,1.0
4,95,2.9207119550104546,2.9997893123704724,1.0,1.0,1.0,0.0,0.0,0.0
5,95,10.444587074334647,3.784063406454637,1.0,1.0,1.0,0.0,0.0,0.0
6,95,0.6860516621090709,0.1872653728440797,0.0,0.0,1.0,1.0,1.0,0.0
7,95,6.115267214698279,2.06549333785054,0.0,0.0,0.0,1.0,1.0,1.0
8,95,9.53864342034281,0.1083368835752491,1.0,0.0,0.0,0.0,1.0,1.0
9,95,12.0,6.349228217726852,1.0,1.0,1.0,0.0,0.0,0.0
10,95,2.0594704713964296,2.9127597256337605,1.0,0.0,1.0,0.0,1.0,0.0
11,95,9.599508964599098,12.0,0.0,0.0,1.0,1.0,1.0,0.0
12,95,10.76972216353363,8.129895761764631,0.0,0.0,0.0,1.0,1.0,1.0
13,95,6.68515470287409,9.106697028554777,0.0,1.0,1.0,1.0,0.0,0.0
14,95,9.572341616294173,1.3996654874304335,1.0,1.0,0.0,0.0,0.0,1.0
15,95,8.92138357139672,7.30601448961089,1.0,0.0,1.0,0.0,1.0,0.0
16,95,0.8480010526543936,9.110215875660607,0.0,0.0,0.0,1.0,1.0,1.0
17,95,8.70777233847594,10.256351273635074,1.0,0.0,1.0,0.0,1.0,0.0
18,95,9.12484045500759,12.0,0.0,0.0,0.0,1.0,1.0,1.0
19,95,5.157422834395812,6.946519231484568,1.0,0.0,0.0,0.0,1.0,1.0
20,95,7.140327511266519,2.357520270183072,1.0,1.0,0.0,0.0,0.0,1.0
21,95,4.638626640255281,4.426932902675877,1.0,1.0,0.0,0.0,0.0,1.0
22,95,3.2427170155583784,3.874655415764848,0.0,0.0,1.0,1.0,1.0,0.0
23,95,5.7299806361400645,10.487267312530715,0.0,1.0,0.0,1.0,0.0,1.0
24,95,0.0,7.636869398920914,0.0,0.0,0.0,1.0,1.0,1.0
25,95,9.995196797210856,12.0,0.0,0.0,0.0,1.0,1.0,1.0
26,95,3.7234001299147055,4.604045197647708,1.0,0.0,0.0,0.0,1.0,1.0
27,95,12.0,0.0,0.0,1.0,1.0,1.0,0.0,0.0
28,95,2.1358781174230264,4.958851791467794,0.0,1.0,0.0,1.0,0.0,1.0
29,95,3.7284165050031066,4.377892236515656,1.0,1.0,1.0,0.0,0.0,0.0
0,100,0.4771444845169755,4.06523113435395,0.0,0.0,0.0,1.0,1.0,1.0
1,100,7.237729034449069,5.292698090724453,0.0,1.0,1.0,1.0,0.0,0.0
2,100,8.935452936112767,8.061402278675068,0.0,0.0,1.0,1.0,1.0,0.0
3,100,6.920866812285063,3.815249115266909,0.0,1.0,0.0,1.0,0.0,1.0
4,100,2.931641549353321,2.997392457880082,1.0,1.0,1.0,0.0,0.0,0.0
5,100,10.528840670344067,3.6731087150709327,1.0,1.0,1.0,0.0,0.0,0.0
6,100,0.6778341808359157,0.1848459198589702,0.0,0.0,1.0,1.0,1.0,0.0
7,100,6.120969948607677,2.1093867730031493,0.0,0.0,0.0,1.0,1.0,1.0
8,100,9.62919984616542,0.0535222718844526,1.0,0.0,0.0,0.0,1.0,1.0
9,100,12.0,6.367539936894302,1.0,1.0,1.0,0.0,0.0,0.0
10,100,2.209829932187577,2.8433719422602763,1.0,0.0,1.0,0.0,1.0,0.0
11,100,9.60922113986106,12.0,0.0,0.0,1.0,1.0,1.0,0.0
12,100,10.765138908731652,8.109605672688716,0.0,0.0,0.0,1.0,1.0,1.0
13,100,6.652816429809409,9.218379944496744,0.0,1.0,1.0,1.0,0.0,0.0
14,100,9.539712616860518,1.5071513345487448,1.0,1.0,0.0,0.0,0.0,1.0
15,100,8.919402992286711,7.247697442355634,1.0,0.0,1.0,0.0,1.0,0.0
16,100,0.7774223079519456,9.09939250408098,0.0,0.0,0.0,1.0,1.0,1.0
17,100,8.766917270131858,10.192423723599124,1.0,0.0,1.0,0.0,1.0,0.0
18,100,9.122829811748762,12.0,0.0,0.0,0.0,1.0,1.0,1.0
19,100,5.311782369620744,6.944594796151909,1.0,0.0,0.0,0.0,1.0,1.0
20,100,7.156231361757168,2.267279055520933,1.0,1.0,0.0,0.0,0.0,1.0
21,100,4.632337643724359,4.422579562233175,1.0,1.0,0.0,0.0,0.0,1.0
22,100,3.352221128834182,3.942968392170088,0.0,0.0,1.0,1.0,1.0,0.0
23,100,5.653898552435027,10.519229254053144,0.0,1.0,0.0,1.0,0.0,1.0
24,100,0.0,7.6203966416266145,0.0,0.0,0.0,1.0,1.0,1.0
25,100,9.996673336296132,12.0,0.0,0.0,0.0,1.0,1.0,1.0
26,100,3.700341786507498,4.512095980912574,1.0,0.0,0.0,0.0,1.0,1.0
27,100,12.0,0.0,0.0,1.0,1.0,1.0,0.0,0.0
28,100,2.0786146625462205,4.960026737865236,0.0,1.0,0.0,1.0,0.0,1.0
29,100,3.773369292220254,4.404845567747116,1.0,1.0,1.0,0.0,0.0,0.0
0,105,0.536254740564845,4.073794312480439,0.0,0.0,0.0,1.0,1.0,1.0
1,105,7.251659208873476,5.245589093941931,0.0,1.0,1.0,1.0,0.0,0.0
2,105,8.93971013866914,8.061255880532359,0.0,0.0,1.0,1.0,1.0,0.0
3,105,6.914002445507431,3.8007879029688927,0.0,1.0,0.0,1.0,0.0,1.0
4,105,2.959103495688248,2.990704394406704,1.0,1.0,1.0,0.0,0.0,0.0
5,105,10.61163330746346,3.568349180206663,1.0,1.0,1.0,0.0,0.0,0.0
6,105,0.6663356471609053,0.1814934721338967,0.0,0.0,1.0,1.0,1.0,0.0
7,105,6.126668522242145,2.1576672991109813,0.0,0.0,0.0,1.0,1.0,1.0
8,105,9.743867921576491,0.0,1.0,0.0,0.0,0.0,1.0,1.0
9,105,12.0,6.388760204413283,1.0,1.0,1.0,0.0,0.0,0.0
10,105,2.363439471325205,2.771029590324862,1.0,0.0,1.0,0.0,1.0,0.0
11,105,9.621312766842763,12.0,0.0,0.0,1.0,1.0,1.0,0.0
12,105,10.760493538986948,8.088080708764268,0.0,0.0,0.0,1.0,1.0,1.0
13,105,6.618565969526774,9.330121361470749,0.0,1.0,1.0,1.0,0.0,0.0
14,105,9.504589390327846,1.6218736250753294,1.0,1.0,0.0,0.0,0.0,1.0
15,105,8.917363894068346,7.200520391905062,1.0,0.0,1.0,0.0,1.0,0.0
16,105,0.7283893496412923,9.092290102187311,0.0,0.0,0.0,1.0,1.0,1.0
17,105,8.811315670359486,10.146632800935588,1.0,0.0,1.0,0.0,1.0,0.0
18,105,9.106976560921003,12.0,0.0,0.0,0.0,1.0,1.0,1.0
19,105,5.46803455558605,6.942201962554471,1.0,0.0,0.0,0.0,1.0,1.0
20,105,7.174082361458016,2.1831959140377406,1.0,1.0,0.0,0.0,0.0,1.0
21,105,4.621131533799756,4.414992724548176,1.0,1.0,0.0,0.0,0.0,1.0
22,105,3.4814367635892958,4.025169645878766,0.0,0.0,1.0,1.0,1.0,0.0
23,105,5.571736804893758,10.550216401338266,0.0,1.0,0.0,1.0,0.0,1.0
24,105,0.0,7.606016563580076,0.0,0.0,0.0,1.0,1.0,1.0
25,105,9.995929164620785,12.0,0.0,0.0,0.0,1.0,1.0,1.0
26,105,3.67983636659436,4.430164499535498,1.0,0.0,0.0,0.0,1.0,1.0
27,105,12.0,0.0,0.0,1.0,1.0,1.0,0.0,0.0
28,105,2.033709954475454,4.960656072910397,0.0,1.0,0.0,1.0,0.0,1.0
29,105,3.808176113732599,4.425467241785849,1.0,1.0,1.0,0.0,0.0,0.0
0,110,0.6052490906450273,4.081880975650512,0.0,0.0,0.0,1.0,1.0,1.0
1,110,7.266808585636636,5.195571809477227,0.0,1.0,1.0,1.0,0.0,0.0
2,110,8.922410864620684,8.062356770480015,0.0,0.0,1.0,1.0,1.0,0.0
3,110,6.897160995819986,3.7660188255317593,0.0,1.0,0.0,1.0,0.0,1.0
4,110,3.006181046885976,2.9809783958170937,1.0,1.0,1.0,0.0,0.0,0.0
5,110,10.678364275641098,3.4802139501936145,1.0,1.0,1.0,0.0,0.0,0.0
6,110,0.6383222901811897,0.1738587156038691,0.0,0.0,1.0,1.0,1.0,0.0
7,110,6.133715479699031,2.2139273663804606,0.0,0.0,0.0,1.0,1.0,1.0
8,110,9.855004295272604,0.0,1.0,0.0,0.0,0.0,1.0,1.0
9,110,12.0,6.414605327459531,1.0,1.0,1.0,0.0,0.0,0.0
10,110,2.520626409936736,2.6897882097149592,1.0,0.0,1.0,0.0,1.0,0.0
11,110,9.63672262337503,12.0,0.0,0.0,1.0,1.0,1.0,0.0
12,110,10.74874857459884,8.03830689537533,0.0,0.0,0.0,1.0,1.0,1.0
13,110,6.589636723875737,9.421487627797053,0.0,1.0,1.0,1.0,0.0,0.0
14,110,9.467038392895269,1.7494466441679868,1.0,1.0,0.0,0.0,0.0,1.0
15,110,8.916448487636474,7.175144258324157,1.0,0.0,1.0,0.0,1.0,0.0
16,110,0.6901696748183371,9.084344269262877,0.0,0.0,0.0,1.0,1.0,1.0
17,110,8.840898622436471,10.11648465798273,1.0,0.0,1.0,0.0,1.0,0.0
18,110,9.10861573109876,11.998598345571995,0.0,0.0,0.0,1.0,1.0,1.0
19,110,5.622701895869457,6.938584522317237,1.0,0.0,0.0,0.0,1.0,1.0
20,110,7.194951289567493,2.1008054962150724,1.0,1.0,0.0,0.0,0.0,1.0
21,110,4.606367225288508,4.404641666802134,1.0,1.0,0.0,0.0,0.0,1.0
22,110,3.608493452936486,4.094904188860677,0.0,0.0,1.0,1.0,1.0,0.0
23,110,5.486323392679221,10.584585615107745,0.0,1.0,0.0,1.0,0.0,1.0
24,110,0.0,7.587209856763929,0.0,0.0,0.0,1.0,1.0,1.0
25,110,9.999166863168828,12.0,0.0,0.0,0.0,1.0,1.0,1.0
26,110,3.656183121751549,4.351207791456115,1.0,0.0,0.0,0.0,1.0,1.0
27,110,12.0,0.0,0.0,1.0,1.0,1.0,0.0,0.0
28,110,1.9826448975857789,4.962256723176087,0.0,1.0,0.0,1.0,0.0,1.0
29,110,3.833054417320046,4.43959530675157,1.0,1.0,1.0,0.0,0.0,0.0
0,115,0.6795324785232717,4.091875722886545,0.0,0.0,0.0,1.0,1.0,1.0
1,115,7.283686940763734,5.144767695790973,0.0,1.0,1.0,1.0,0.0,0.0
2,115,8.897567239288245,8.064005110300595,0.0,0.0,1.0,1.0,1.0,0.0
3,115,6.873142419397027,3.719158182919797,0.0,1.0,0.0,1.0,0.0,1.0
4,115,3.069744882428671,2.968428933818599,1.0,1.0,1.0,0.0,0.0,0.0
5,115,10.736705937400137,3.40052665094427,1.0,1.0,1.0,0.0,0.0,0.0
6,115,0.6365873161323098,0.1734210189359834,0.0,0.0,1.0,1.0,1.0,0.0
7,115,6.141130608910098,2.2694010898362444,0.0,0.0,0.0,1.0,1.0,1.0
8,115,9.931931119514411,0.1225266018389374,1.0,0.0,0.0,0.0,1.0,1.0
9,115,12.0,6.4328142284079215,1.0,1.0,1.0,0.0,0.0,0.0
10,115,2.691541506362881,2.6002420167580595,1.0,0.0,1.0,0.0,1.0,0.0
11,115,9.655149253485156,12.0,0.0,0.0,1.0,1.0,1.0,0.0
12,115,10.744867733727622,8.022816115909803,0.0,0.0,0.0,1.0,1.0,1.0
13,115,6.555723522203229,9.519817148024485,0.0,1.0,1.0,1.0,0.0,0.0
14,115,9.428090185650683,1.8785973966248544,1.0,1.0,0.0,0.0,0.0,1.0
15,115,8.915945074241025,7.156394752912568,1.0,0.0,1.0,0.0,1.0,0.0
16,115,0.6684278389626223,9.079441272029598,0.0,0.0,0.0,1.0,1.0,1.0
17,115,8.881270896040832,10.155775397132322,1.0,0.0,1.0,0.0,1.0,0.0
18,115,9.1039026360564,12.0,0.0,0.0,0.0,1.0,1.0,1.0
19,115,5.76942502178625,6.934331369149035,1.0,0.0,0.0,0.0,1.0,1.0
20,115,7.216396922144885,2.020800025268961,1.0,1.0,0.0,0.0,0.0,1.0
21,115,4.595214265939815,4.397394317991009,1.0,1.0,0.0,0.0,0.0,1.0
22,115,3.7248182349106114,4.159644661359967,0.0,0.0,1.0,1.0,1.0,0.0
23,115,5.396840306118006,10.618373931880056,0.0,1.0,0.0,1.0,0.0,1.0
24,115,0.0,7.557708457778276,0.0,0.0,0.0,1.0,1.0,1.0
25,115,10.004322371953725,12.0,0.0,0.0,0.0,1.0,1.0,1.0
26,115,3.6298084045853742,4.266619776293341,1.0,0.0,0.0,0.0,1.0,1.0
27,115,12.0,0.0,0.0,1.0,1.0,1.0,0.0,0.0
28,115,1.9208888259747587,4.964665442425615,0.0,1.0,0.0,1.0,0.0,1.0
29,115,3.865203790678138,4.456585651352515,1.0,1.0,1.0,0.0,0.0,0.0
0,120,0.753419293418754,4.102551070210099,0.0,0.0,0.0,1.0,1.0,1.0
1,120,7.300548246291609,5.091499234146036,0.0,1.0,1.0,1.0,0.0,0.0
2,120,8.876668103475541,8.065580250086423,0.0,0.0,1.0,1.0,1.0,0.0
3,120,6.846273186365621,3.6686380542808985,0.0,1.0,0.0,1.0,0.0,1.0
4,120,3.137013785157926,2.955821542501756,1.0,1.0,1.0,0.0,0.0,0.0
5,120,10.771482969534924,3.354872434102579,1.0,1.0,1.0,0.0,0.0,0.0
6,120,0.629394434174824,0.1717752412253912,0.0,0.0,1.0,1.0,1.0,0.0
7,120,6.148196955329712,2.3257810981456366,0.0,0.0,0.0,1.0,1.0,1.0
8,120,10.010570042774958,0.2447415375774988,1.0,0.0,0.0,0.0,1.0,1.0
9,120,12.0,6.443650186018006,1.0,1.0,1.0,0.0,0.0,0.0
10,120,2.8663491937606183,2.5084782303718107,1.0,0.0,1.0,0.0,1.0,0.0
11,120,9.667638619004853,12.0,0.0,0.0,1.0,1.0,1.0,0.0
12,120,10.741114851217713,8.007958680521199,0.0,0.0,0.0,1.0,1.0,1.0
13,120,6.5267993664846,9.600951910370195,0.0,1.0,1.0,1.0,0.0,0.0
14,120,9.393200926644468,2.005492984419329,1.0,1.0,0.0,0.0,0.0,1.0
15,120,8.88352364301062,7.155835904523274,1.0,0.0,1.0,0.0,1.0,0.0
16,120,0.6438598435516714,9.074103376850616,0.0,0.0,0.0,1.0,1.0,1.0
17,120,8.928204037056162,10.20425459809988,1.0,0.0,1.0,0.0,1.0,0.0
18,120,9.105864556355382,11.998272468917673,0.0,0.0,0.0,1.0,1.0,1.0
19,120,5.9042347138712925,6.928477492470847,1.0,0.0,0.0,0.0,1.0,1.0
20,120,7.232327199451349,1.9574766814759668,1.0,1.0,0.0,0.0,0.0,1.0
21,120,4.584270525236032,4.390294888952995,1.0,1.0,0.0,0.0,0.0,1.0
22,120,3.850871951138272,4.225352374164458,0.0,0.0,1.0,1.0,1.0,0.0
23,120,5.3110076211489545,10.651460450300348,0.0,1.0,0.0,1.0,0.0,1.0
24,120,0.0,7.528974711049742,0.0,0.0,0.0,1.0,1.0,1.0
25,120,10.00892313924595,12.0,0.0,0.0,0.0,1.0,1.0,1.0
26,120,3.6001334367352618,4.17333588462205,1.0,0.0,0.0,0.0,1.0,1.0
27,120,12.0,0.0,0.0,1.0,1.0,1.0,0.0,0.0
28,120,1.8674167630730487,4.966884367732944,0.0,1.0,0.0,1.0,0.0,1.0
29,120,3.8857497018791247,4.467549173980473,1.0,1.0,1.0,0.0,0.0,0.0
0,125,0.8534559368093735,4.116344600179383,0.0,0.0,0.0,1.0,1.0,1.0
1,125,7.320576783080098,5.02414801851007,0.0,1.0,1.0,1.0,0.0,0.0
2,125,8.845331519419766,8.068575649238683,0.0,0.0,1.0,1.0,1.0,0.0
3,125,6.820056148207619,3.618150977772985,0.0,1.0,0.0,1.0,0.0,1.0
4,125,3.189179529467008,2.9465118645249646,1.0,1.0,1.0,0.0,0.0,0.0
5,125,10.81276594008307,3.2979004454040988,1.0,1.0,1.0,0.0,0.0,0.0
6,125,0.6134596012449084,0.1684414993931116,0.0,0.0,1.0,1.0,1.0,0.0
7,125,6.155564654047744,2.389983771248189,0.0,0.0,0.0,1.0,1.0,1.0
8,125,10.071767917022555,0.344449405765767,1.0,0.0,0.0,0.0,1.0,1.0
9,125,12.0,6.443777598159301,1.0,1.0,1.0,0.0,0.0,0.0
10,125,3.046098344546638,2.41297048158321,1.0,0.0,1.0,0.0,1.0,0.0
11,125,9.684281412807104,12.0,0.0,0.0,1.0,1.0,1.0,0.0
12,125,10.739150452371478,8.000547589660915,0.0,0.0,0.0,1.0,1.0,1.0
13,125,6.491879103525209,9.700702591981976,0.0,1.0,1.0,1.0,0.0,0.0
14,125,9.367377156421744,2.1032960860355177,1.0,1.0,0.0,0.0,0.0,1.0
15,125,8.84485775815224,7.1548307806704505,1.0,0.0,1.0,0.0,1.0,0.0
16,125,0.5954899441589743,9.064018170562829,0.0,0.0,0.0,1.0,1.0,1.0
17,125,8.9740991830499,10.253103538854797,1.0,0.0,1.0,0.0,1.0,0.0
18,125,9.105886716096514,11.99825301529514,0.0,0.0,0.0,1.0,1.0,1.0
19,125,6.035984851422753,6.918288936877914,1.0,0.0,0.0,0.0,1.0,1.0
20,125,7.251834960961406,1.8758984606818163,1.0,1.0,0.0,0.0,0.0,1.0
21,125,4.585297410910888,4.390962904891712,1.0,1.0,0.0,0.0,0.0,1.0
22,125,3.991768878937172,4.299388752681598,0.0,0.0,1.0,1.0,1.0,0.0
23,125,5.244027850393404,10.677009561327774,0.0,1.0,0.0,1.0,0.0,1.0
24,125,0.0,7.502509157444017,0.0,0.0,0.0,1.0,1.0,1.0
25,125,10.014427485965555,12.0,0.0,0.0,0.0,1.0,1.0,1.0
26,125,3.570674137462692,4.07387334766447,1.0,0.0,0.0,0.0,1.0,1.0
27,125,12.0,0.0,0.0,1.0,1.0,1.0,0.0,0.0
28,125,1.8238885211461824,4.968094628737534,0.0,1.0,0.0,1.0,0.0,1.0
29,125,3.921645440635416,4.487437699740013,1.0,1.0,1.0,0.0,0.0,0.0
0,130,0.9685909628985784,4.131779169484968,0.0,0.0,0.0,1.0,1.0,1.0
1,130,7.340477642961209,4.956272576382982,0.0,1.0,1.0,1.0,0.0,0.0
2,130,8.793196630654093,8.073440972838132,0.0,0.0,1.0,1.0,1.0,0.0
3,130,6.794684926135314,3.570700176435519,0.0,1.0,0.0,1.0,0.0,1.0
4,130,3.2361236865505254,2.937725380080889,1.0,1.0,1.0,0.0,0.0,0.0
5,130,10.850281560063292,3.24436688819032,1.0,1.0,1.0,0.0,0.0,0.0
6,130,0.597158466077549,0.1654513598129123,0.0,0.0,1.0,1.0,1.0,0.0
7,130,6.161472050198653,2.4591224719290183,0.0,0.0,0.0,1.0,1.0,1.0
8,130,10.127393257224425,0.4358065732965714,1.0,0.0,0.0,0.0,1.0,1.0
9,130,11.999874835257533,6.443726899699774,1.0,1.0,1.0,0.0,0.0,0.0
10,130,3.229125944181264,2.3116625516146687,1.0,0.0,1.0,0.0,1.0,0.0
11,130,9.518373811233667,12.0,0.0,0.0,1.0,1.0,1.0,0.0
12,130,10.736718224134163,7.991087290737502,0.0,0.0,0.0,1.0,1.0,1.0
13,130,6.449606984675597,9.809249925528851,0.0,1.0,1.0,1.0,0.0,0.0
14,130,9.343602712683492,2.2021359453565323,1.0,1.0,0.0,0.0,0.0,1.0
15,130,8.810551987900483,7.1544833808130575,1.0,0.0,1.0,0.0,1.0,0.0
16,130,0.5574375674899977,9.055107502571955,0.0,0.0,0.0,1.0,1.0,1.0
17,130,9.030642291873193,10.312357553797863,1.0,0.0,1.0,0.0,1.0,0.0
18,130,9.119708411402302,11.98585893858915,0.0,0.0,0.0,1.0,1.0,1.0
19,130,6.162763595225691,6.90696862385055,1.0,0.0,0.0,0.0,1.0,1.0
20,130,7.270247067885503,1.807650763215658,1.0,1.0,0.0,0.0,0.0,1.0
21,130,4.592179719995815,4.3954296533563335,1.0,1.0,0.0,0.0,0.0,1.0
22,130,4.12055502031294,4.371855570936773,0.0,0.0,1.0,1.0,1.0,0.0
23,130,5.202705930798226,10.693083262656671,0.0,1.0,0.0,1.0,0.0,1.0
24,130,0.0,7.47634495089859,0.0,0.0,0.0,1.0,1.0,1.0
25,130,10.023287560010594,12.0,0.0,0.0,0.0,1.0,1.0,1.0
26,130,3.537248560454693,3.9635679621354014,1.0,0.0,0.0,0.0,1.0,1.0
27,130,12.0,0.0,0.0,1.0,1.0,1.0,0.0,0.0
28,130,1.777709894985515,4.967696440244563,0.0,1.0,0.0,1.0,0.0,1.0
29,130,3.956645421169228,4.50840057712403,1.0,1.0,1.0,0.0,0.0,0.0
0,135,1.069981840303711,4.146238931965215,0.0,0.0,0.0,1.0,1.0,1.0
1,135,7.366794888234537,4.868553909632507,0.0,1.0,1.0,1.0,0.0,0.0
2,135,8.756730730864506,8.077565887608804,0.0,0.0,1.0,1.0,1.0,0.0
3,135,6.765303595034937,3.5138794274876424,0.0,1.0,0.0,1.0,0.0,1.0
4,135,3.2813056197003925,2.928835145045733,1.0,1.0,1.0,0.0,0.0,0.0
5,135,10.892707600646194,3.182491951453632,1.0,1.0,1.0,0.0,0.0,0.0
6,135,0.5768911964915493,0.1621871542040932,0.0,0.0,1.0,1.0,1.0,0.0
7,135,6.16701067427689,2.554263218990354,0.0,0.0,0.0,1.0,1.0,1.0
8,135,10.187739658981448,0.5293749338466955,1.0,0.0,0.0,0.0,1.0,1.0
9,135,12.0,6.447878336692201,1.0,1.0,1.0,0.0,0.0,0.0
10,135,3.419608724452343,2.2056224889366707,1.0,0.0,1.0,0.0,1.0,0.0
11,135,9.35518560537984,12.0,0.0,0.0,1.0,1.0,1.0,0.0
12,135,10.73778839469479,7.995168713340406,0.0,0.0,0.0,1.0,1.0,1.0
13,135,6.537202110854137,9.842504318917491,0.0,1.0,1.0,1.0,0.0,0.0
14,135,9.31859256431571,2.310613065026468,1.0,1.0,0.0,0.0,0.0,1.0
15,135,8.78949555732374,7.154454462525282,1.0,0.0,1.0,0.0,1.0,0.0
16,135,0.5303240279411329,9.049373608148365,0.0,0.0,0.0,1.0,1.0,1.0
17,135,9.091935653700585,10.374182005573228,1.0,0.0,1.0,0.0,1.0,0.0
18,135,9.132957165376109,11.974326271435606,0.0,0.0,0.0,1.0,1.0,1.0
19,135,6.268002433358211,6.895988616108586,1.0,0.0,0.0,0.0,1.0,1.0
20,135,7.2952626381674275,1.7217023750289648,1.0,1.0,0.0,0.0,0.0,1.0
21,135,4.592290203429857,4.39549877910377,1.0,1.0,0.0,0.0,0.0,1.0
22,135,4.253124729822998,4.444683844785357,0.0,0.0,1.0,1.0,1.0,0.0
23,135,5.17191669679671,10.704428280342858,0.0,1.0,0.0,1.0,0.0,1.0
24,135,0.0,7.451156940348405,0.0,0.0,0.0,1.0,1.0,1.0
25,135,10.032006060370794,12.0,0.0,0.0,0.0,1.0,1.0,1.0
26,135,3.500763368904071,3.847130843398449,1.0,0.0,0.0,0.0,1.0,1.0
27,135,12.0,0.0,0.0,1.0,1.0,1.0,0.0,0.0
28,135,1.742258896021609,4.967762274614303,0.0,1.0,0.0,1.0,0.0,1.0
29,135,3.998626911782445,4.533388294882228,1.0,1.0,1.0,0.0,0.0,0.0
0,140,1.1489884742285537,4.154812525606017,0.0,0.0,0.0,1.0,1.0,1.0
1,140,7.388601672132155,4.7925316998155045,0.0,1.0,1.0,1.0,0.0,0.0
2,140,8.729544042170533,8.081340026021152,0.0,0.0,1.0,1.0,1.0,0.0
3,140,6.733965025559673,3.451893045883385,0.0,1.0,0.0,1.0,0.0,1.0
4,140,3.3241279033784155,2.9211861652861915,1.0,1.0,1.0,0.0,0.0,0.0
5,140,10.933979723195424,3.124393762592604,1.0,1.0,1.0,0.0,0.0,0.0
6,140,0.5663298533804159,0.1606455347921185,0.0,0.0,1.0,1.0,1.0,0.0
7,140,6.175255235575281,2.663683943872227,0.0,0.0,0.0,1.0,1.0,1.0
8,140,10.24447413669186,0.6148786444562053,1.0,0.0,0.0,0.0,1.0,1.0
9,140,12.0,6.452086764307127,1.0,1.0,1.0,0.0,0.0,0.0
10,140,3.619528764270626,2.090479274191942,1.0,0.0,1.0,0.0,1.0,0.0
11,140,9.200818518144189,12.0,0.0,0.0,1.0,1.0,1.0,0.0
12,140,10.74364809296831,8.020231084333954,0.0,0.0,0.0,1.0,1.0,1.0
13,140,6.631495137882663,9.879615023985371,0.0,1.0,1.0,1.0,0.0,0.0
14,140,9.292943243588311,2.428472525743961,1.0,1.0,0.0,0.0,0.0,1.0
15,140,8.765182582231281,7.15567736189118,1.0,0.0,1.0,0.0,1.0,0.0
16,140,0.4928162544425841,9.042337403433878,0.0,0.0,0.0,1.0,1.0,1.0
17,140,9.165878443927204,10.445858567104713,1.0,0.0,1.0,0.0,1.0,0.0
18,140,9.161109207943335,11.950070667470412,0.0,0.0,0.0,1.0,1.0,1.0
19,140,6.3660769785624485,6.885432629857417,1.0,0.0,0.0,0.0,1.0,1.0
20,140,7.316939589521524,1.6358878101439869,1.0,1.0,0.0,0.0,0.0,1.0
21,140,4.589403185219608,4.3937490908284005,1.0,1.0,0.0,0.0,0.0,1.0
22,140,4.372219675653599,4.504415966358318,0.0,0.0,1.0,1.0,1.0,0.0
23,140,5.159142891151648,10.70882763150348,0.0,1.0,0.0,1.0,0.0,1.0
24,140,0.0,7.423116337685307,0.0,0.0,0.0,1.0,1.0,1.0
25,140,10.04185450875423,12.0,0.0,0.0,0.0,1.0,1.0,1.0
26,140,3.470398716371454,3.737963731746505,1.0,0.0,0.0,0.0,1.0,1.0
27,140,12.0,0.0,0.0,1.0,1.0,1.0,0.0,0.0
28,140,1.6983546552566566,4.967137928706515,0.0,1.0,0.0,1.0,0.0,1.0
29,140,4.0352704687419685,4.555895436682043,1.0,1.0,1.0,0.0,0.0,0.0
0,145,1.2527551809183055,4.166212158027056,0.0,0.0,0.0,1.0,1.0,1.0
1,145,7.408258890714669,4.7195981916117695,0.0,1.0,1.0,1.0,0.0,0.0
2,145,8.704501884441346,8.08462313320014,0.0,0.0,1.0,1.0,1.0,0.0
3,145,6.700693608306708,3.386765131865342,0.0,1.0,0.0,1.0,0.0,1.0
4,145,3.34332694337857,2.917448811159033,1.0,1.0,1.0,0.0,0.0,0.0
5,145,10.975522616398804,3.066861519785401,1.0,1.0,1.0,0.0,0.0,0.0
6,145,0.539537599887643,0.1560545391151902,0.0,0.0,1.0,1.0,1.0,0.0
7,145,6.180317071576879,2.774816186173547,0.0,0.0,0.0,1.0,1.0,1.0
8,145,10.289874358032698,0.6857140984394089,1.0,0.0,0.0,0.0,1.0,1.0
9,145,12.0,6.464056258128992,1.0,1.0,1.0,0.0,0.0,0.0
10,145,3.821031801126802,1.964145232383168,1.0,0.0,1.0,0.0,1.0,0.0
11,145,9.031807613872225,12.0,0.0,0.0,1.0,1.0,1.0,0.0
12,145,10.746585226593188,8.031774271651058,0.0,0.0,0.0,1.0,1.0,1.0
13,145,6.720451020734844,9.914256204822829,0.0,1.0,1.0,1.0,0.0,0.0
14,145,9.260022275066005,2.5568397365779445,1.0,1.0,0.0,0.0,0.0,1.0
15,145,8.72873543897471,7.158105130405692,1.0,0.0,1.0,0.0,1.0,0.0
16,145,0.4377137590571182,9.033138996082092,0.0,0.0,0.0,1.0,1.0,1.0
17,145,9.245590372524436,10.518111713810018,1.0,0.0,1.0,0.0,1.0,0.0
18,145,9.193984812626276,11.923349007683964,0.0,0.0,0.0,1.0,1.0,1.0
19,145,6.447046617514942,6.875329447250071,1.0,0.0,0.0,0.0,1.0,1.0
20,145,7.334240756756003,1.5642283148087306,1.0,1.0,0.0,0.0,0.0,1.0
21,145,4.591574147416171,4.395125813324979,1.0,1.0,0.0,0.0,0.0,1.0
22,145,4.500707492906566,4.569480310776792,0.0,0.0,1.0,1.0,1.0,0.0
23,145,5.1278098511373305,10.719750952384542,0.0,1.0,0.0,1.0,0.0,1.0
24,145,0.0,7.379482914613363,0.0,0.0,0.0,1.0,1.0,1.0
25,145,10.04882294436185,12.0,0.0,0.0,0.0,1.0,1.0,1.0
26,145,3.430380915916571,3.604472374129709,1.0,0.0,0.0,0.0,1.0,1.0
27,145,12.0,0.0,0.0,1.0,1.0,1.0,0.0,0.0
28,145,1.6501751980892374,4.965124641024943,0.0,1.0,0.0,1.0,0.0,1.0
29,145,4.058314192583785,4.570844398529462,1.0,1.0,1.0,0.0,0.0,0.0
0,150,1.3725628789746191,4.181806999646914,0.0,0.0,0.0,1.0,1.0,1.0
1,150,7.428163018239824,4.6444305931447225,0.0,1.0,1.0,1.0,0.0,0.0
2,150,8.688343568380752,8.086665140880628,0.0,0.0,1.0,1.0,1.0,0.0
3,150,6.675035004890605,3.33705785035178,0.0,1.0,0.0,1.0,0.0,1.0
4,150,3.34718811718012,2.9166374375654924,1.0,1.0,1.0,0.0,0.0,0.0
5,150,11.033734492063676,2.985451497372713,1.0,1.0,1.0,0.0,0.0,0.0
6,150,0.5176386011548618,0.1514533434011129,0.0,0.0,1.0,1.0,1.0,0.0
7,150,6.183200685470989,2.891088243679076,0.0,0.0,0.0,1.0,1.0,1.0
8,150,10.33476620045726,0.758131664193948,1.0,0.0,0.0,0.0,1.0,1.0
9,150,12.0,6.476502536183218,1.0,1.0,1.0,0.0,0.0,0.0
10,150,4.021863004666965,1.8455021880930944,1.0,0.0,1.0,0.0,1.0,0.0
11,150,8.858302991403189,12.0,0.0,0.0,1.0,1.0,1.0,0.0
12,150,10.749410932712856,8.044187437888047,0.0,0.0,0.0,1.0,1.0,1.0
13,150,6.8033214907912685,9.9464105076313,0.0,1.0,1.0,1.0,0.0,0.0
14,150,9.230258704183484,2.666224745534261,1.0,1.0,0.0,0.0,0.0,1.0
15,150,8.689743806077862,7.16008398277373,1.0,0.0,1.0,0.0,1.0,0.0
16,150,0.3741020049719148,9.024709505727792,0.0,0.0,0.0,1.0,1.0,1.0
17,150,9.340618011102851,10.604031283035155,1.0,0.0,1.0,0.0,1.0,0.0
18,150,9.250758986968316,11.874986871133002,0.0,0.0,0.0,1.0,1.0,1.0
19,150,6.542012022492214,6.863292123634453,1.0,0.0,0.0,0.0,1.0,1.0
20,150,7.349589569173724,1.4945786182653498,1.0,1.0,0.0,0.0,0.0,1.0
21,150,4.587963305134655,4.392797915097143,1.0,1.0,0.0,0.0,0.0,1.0
22,150,4.63094191965454,4.633838042117354,0.0,0.0,1.0,1.0,1.0,0.0
23,150,5.124808822532003,10.72073486396286,0.0,1.0,0.0,1.0,0.0,1.0
24,150,0.0,7.318457143601051,0.0,0.0,0.0,1.0,1.0,1.0
25,150,10.060552932369292,12.0,0.0,0.0,0.0,1.0,1.0,1.0
26,150,3.392558541135136,3.4652658019693283,1.0,0.0,0.0,0.0,1.0,1.0
27,150,12.0,0.0,0.0,1.0,1.0,1.0,0.0,0.0
28,150,1.6112532601006722,4.962591157373598,0.0,1.0,0.0,1.0,0.0,1.0
29,150,4.073255307847436,4.579921435493428,1.0,1.0,1.0,0.0,0.0,0.0
0,155,1.5022714202931209,4.200828419918769,0.0,0.0,0.0,1.0,1.0,1.0
1,155,7.452659131000194,4.553740627672344,0.0,1.0,1.0,1.0,0.0,0.0
2,155,8.671411206077838,8.088710899186662,0.0,0.0,1.0,1.0,1.0,0.0
3,155,6.641500118965759,3.269827357459851,0.0,1.0,0.0,1.0,0.0,1.0
4,155,3.339313382090113,2.9181688938181445,1.0,1.0,1.0,0.0,0.0,0.0
5,155,11.097248587266652,2.898997998497656,1.0,1.0,1.0,0.0,0.0,0.0
6,155,0.4911808633025167,0.145102985644348,0.0,0.0,1.0,1.0,1.0,0.0
7,155,6.185951072782624,3.015316554480921,0.0,0.0,0.0,1.0,1.0,1.0
8,155,10.385793377195856,0.8375928743704462,1.0,0.0,0.0,0.0,1.0,1.0
9,155,12.0,6.481473276725858,1.0,1.0,1.0,0.0,0.0,0.0
10,155,4.212849966705655,1.7308846585694269,1.0,0.0,1.0,0.0,1.0,0.0
11,155,8.687731629248422,12.0,0.0,0.0,1.0,1.0,1.0,0.0
12,155,10.753895370582551,8.065228845379792,0.0,0.0,0.0,1.0,1.0,1.0
13,155,6.897763906628653,9.98149117112988,0.0,1.0,1.0,1.0,0.0,0.0
14,155,9.20439788168531,2.7765400551181583,1.0,1.0,0.0,0.0,0.0,1.0
15,155,8.616473531064392,7.162233530684039,1.0,0.0,1.0,0.0,1.0,0.0
16,155,0.3330966334696068,9.019110593496794,0.0,0.0,0.0,1.0,1.0,1.0
17,155,9.44115558398214,10.689409774047371,1.0,0.0,1.0,0.0,1.0,0.0
18,155,9.315689393976529,11.81915675689689,0.0,0.0,0.0,1.0,1.0,1.0
19,155,6.6236354629336045,6.851316512539063,1.0,0.0,0.0,0.0,1.0,1.0
20,155,7.3656215056453265,1.420578351652842,1.0,1.0,0.0,0.0,0.0,1.0
21,155,4.598339019920421,4.399632698759956,1.0,1.0,0.0,0.0,0.0,1.0
22,155,4.759590430233114,4.696108796790692,0.0,0.0,1.0,1.0,1.0,0.0
23,155,5.09582880950212,10.730618434871133,0.0,1.0,0.0,1.0,0.0,1.0
24,155,0.0,7.244839860043178,0.0,0.0,0.0,1.0,1.0,1.0
25,155,10.079572795028811,12.0,0.0,0.0,0.0,1.0,1.0,1.0
26,155,3.354007765134813,3.32572975883935,1.0,0.0,0.0,0.0,1.0,1.0
27,155,12.0,0.0,0.0,1.0,1.0,1.0,0.0,0.0
28,155,1.5834721678846613,4.961359016877052,0.0,1.0,0.0,1.0,0.0,1.0
29,155,4.089941784123634,4.590578886559656,1.0,1.0,1.0,0.0,0.0,0.0
0,160,1.6305931120236363,4.222688480339672,0.0,0.0,0.0,1.0,1.0,1.0
1,160,7.483222580046731,4.436020756884169,0.0,1.0,1.0,1.0,0.0,0.0
2,160,8.659170890211024,8.089890813386372,0.0,0.0,1.0,1.0,1.0,0.0
3,160,6.604047972997919,3.198955983375389,0.0,1.0,0.0,1.0,0.0,1.0
4,160,3.317763901915097,2.922165895985202,1.0,1.0,1.0,0.0,0.0,0.0
5,160,11.159915811643756,2.81053950553574,1.0,1.0,1.0,0.0,0.0,0.0
6,160,0.4964375985990014,0.1464486500599305,0.0,0.0,1.0,1.0,1.0,0.0
7,160,6.190296165982488,3.151062025330449,0.0,0.0,0.0,1.0,1.0,1.0
8,160,10.44516278591612,0.9262399563126484,1.0,0.0,0.0,0.0,1.0,1.0
9,160,12.0,6.490824494622881,1.0,1.0,1.0,0.0,0.0,0.0
10,160,4.397624330777855,1.6115138364970605,1.0,0.0,1.0,0.0,1.0,0.0
11,160,8.510700971942088,12.0,0.0,0.0,1.0,1.0,1.0,0.0
12,160,10.761512020164174,8.097910520751523,0.0,0.0,0.0,1.0,1.0,1.0
13,160,6.990245037685925,10.015976312599252,0.0,1.0,1.0,1.0,0.0,0.0
14,160,9.179582059138582,2.891103640009712,1.0,1.0,0.0,0.0,0.0,1.0
15,160,8.533746203636792,7.166194672765947,1.0,0.0,1.0,0.0,1.0,0.0
16,160,0.2987570113842904,9.014143824028324,0.0,0.0,0.0,1.0,1.0,1.0
17,160,9.56321381601114,10.7962718766488,1.0,0.0,1.0,0.0,1.0,0.0
18,160,9.372941883938132,11.770138214229824,0.0,0.0,0.0,1.0,1.0,1.0
19,160,6.723385505130349,6.837596242673734,1.0,0.0,0.0,0.0,1.0,1.0
20,160,7.378903276192687,1.3634192650637609,1.0,1.0,0.0,0.0,0.0,1.0
21,160,4.594022656662513,4.396787467326597,1.0,1.0,0.0,0.0,0.0,1.0
22,160,4.889196390313127,4.762776892270294,0.0,0.0,1.0,1.0,1.0,0.0
23,160,5.062348219220882,10.741639542363384,0.0,1.0,0.0,1.0,0.0,1.0
24,160,0.0,7.175252161266456,0.0,0.0,0.0,1.0,1.0,1.0
25,160,10.093399804445587,12.0,0.0,0.0,0.0,1.0,1.0,1.0
26,160,3.327042154050172,3.2123871157753263,1.0,0.0,0.0,0.0,1.0,1.0
27,160,12.0,0.0,0.0,1.0,1.0,1.0,0.0,0.0
28,160,1.5579043785138442,4.960700352129973,0.0,1.0,0.0,1.0,0.0,1.0
29,160,4.095679774222233,4.594247208604759,1.0,1.0,1.0,0.0,0.0,0.0
0,165,1.7721575126603202,4.250136451766753,0.0,0.0,0.0,1.0,1.0,1.0
1,165,7.510776714075373,4.328593184632974,0.0,1.0,1.0,1.0,0.0,0.0
2,165,8.670968234534007,8.088623211268535,0.0,0.0,1.0,1.0,1.0,0.0
3,165,6.575282543373218,3.143054072902681,0.0,1.0,0.0,1.0,0.0,1.0
4,165,3.2814177910060582,2.9291541716211293,1.0,1.0,1.0,0.0,0.0,0.0
5,165,11.21551288982176,2.72941639200793,1.0,1.0,1.0,0.0,0.0,0.0
6,165,0.4844740429347888,0.1435216029662454,0.0,0.0,1.0,1.0,1.0,0.0
7,165,6.194894733360117,3.250943376095528,0.0,0.0,0.0,1.0,1.0,1.0
8,165,10.52217569153463,1.041083222762808,1.0,0.0,0.0,0.0,1.0,1.0
9,165,12.0,6.504407764615133,1.0,1.0,1.0,0.0,0.0,0.0
10,165,4.588234357444386,1.4877248315738298,1.0,0.0,1.0,0.0,1.0,0.0
11,165,8.322819908519614,12.0,0.0,0.0,1.0,1.0,1.0,0.0
12,165,10.76600423820096,8.115804380039895,0.0,0.0,0.0,1.0,1.0,1.0
13,165,7.078746031672297,10.050452404752107,0.0,1.0,1.0,1.0,0.0,0.0
14,165,9.161538211366327,2.988188137698378,1.0,1.0,0.0,0.0,0.0,1.0
15,165,8.453078059419635,7.171381742780846,1.0,0.0,1.0,0.0,1.0,0.0
16,165,0.2244733378862311,9.004499753476296,0.0,0.0,0.0,1.0,1.0,1.0
17,165,9.675405486615247,10.890672256450776,1.0,0.0,1.0,0.0,1.0,0.0
18,165,9.437692376163556,11.715583161991496,0.0,0.0,0.0,1.0,1.0,1.0
19,165,6.814735160500846,6.824045132864253,1.0,0.0,0.0,0.0,1.0,1.0
20,165,7.390519135177472,1.3108362155183018,1.0,1.0,0.0,0.0,0.0,1.0
21,165,4.570336502914721,4.3803456285442985,1.0,1.0,0.0,0.0,0.0,1.0
22,165,5.015480026644154,4.827386692971188,0.0,0.0,1.0,1.0,1.0,0.0
23,165,5.024732720555372,10.75420489943384,0.0,1.0,0.0,1.0,0.0,1.0
24,165,0.0,7.116106091371149,0.0,0.0,0.0,1.0,1.0,1.0
25,165,10.104624232527366,12.0,0.0,0.0,0.0,1.0,1.0,1.0
26,165,3.3039434737513176,3.1089762394022253,1.0,0.0,0.0,0.0,1.0,1.0
27,165,12.0,0.0,0.0,1.0,1.0,1.0,0.0,0.0
28,165,1.5272816613410105,4.959488647439492,0.0,1.0,0.0,1.0,0.0,1.0
29,165,4.072001587926857,4.5801833358162085,1.0,1.0,1.0,0.0,0.0,0.0
0,170,1.9073970469135104,4.277373624340361,0.0,0.0,0.0,1.0,1.0,1.0
1,170,7.532428095732411,4.236533749496058,0.0,1.0,1.0,1.0,0.0,0.0
2,170,8.684358411037978,8.087130555165077,0.0,0.0,1.0,1.0,1.0,0.0
3,170,6.546222303907933,3.087098885461133,0.0,1.0,0.0,1.0,0.0,1.0
4,170,3.2403431076930937,2.9369894238805005,1.0,1.0,1.0,0.0,0.0,0.0
5,170,11.270756537311,2.6487399802143674,1.0,1.0,1.0,0.0,0.0,0.0
6,170,0.4686656168439799,0.1394639471690671,0.0,0.0,1.0,1.0,1.0,0.0
7,170,6.197776177894446,3.364922564580012,0.0,0.0,0.0,1.0,1.0,1.0
8,170,10.59817164048819,1.156378252785248,1.0,0.0,0.0,0.0,1.0,1.0
9,170,12.0,6.533569115822844,1.0,1.0,1.0,0.0,0.0,0.0
10,170,4.781162493674376,1.357411892271377,1.0,0.0,1.0,0.0,1.0,0.0
11,170,8.141431792358006,12.0,0.0,0.0,1.0,1.0,1.0,0.0
12,170,10.770191069121548,8.133755222415909,0.0,0.0,0.0,1.0,1.0,1.0
13,170,7.169417016141453,10.08753294729471,0.0,1.0,1.0,1.0,0.0,0.0
14,170,9.142155540637168,3.0945495132632788,1.0,1.0,0.0,0.0,0.0,1.0
15,170,8.372007617072178,7.176106848788393,1.0,0.0,1.0,0.0,1.0,0.0
16,170,0.1758201844906811,8.997793859000097,0.0,0.0,0.0,1.0,1.0,1.0
17,170,9.773107345510075,10.97231156746096,1.0,0.0,1.0,0.0,1.0,0.0
18,170,9.49478354942804,11.665656055765073,0.0,0.0,0.0,1.0,1.0,1.0
19,170,6.887899964030095,6.813524790746859,1.0,0.0,0.0,0.0,1.0,1.0
20,170,7.405039893279738,1.244196088757238,1.0,1.0,0.0,0.0,0.0,1.0
21,170,4.549448469464537,4.36621248795813,1.0,1.0,0.0,0.0,0.0,1.0
22,170,5.130222016654649,4.884530221953185,0.0,0.0,1.0,1.0,1.0,0.0
23,170,4.9947351785744,10.7640179408036,0.0,1.0,0.0,1.0,0.0,1.0
24,170,0.0,7.048142381244991,0.0,0.0,0.0,1.0,1.0,1.0
25,170,10.117264424892069,12.0,0.0,0.0,0.0,1.0,1.0,1.0
26,170,3.275858108226784,2.986586968800866,1.0,0.0,0.0,0.0,1.0,1.0
27,170,12.0,0.0,0.0,1.0,1.0,1.0,0.0,0.0
28,170,1.505533439150594,4.958002104100881,0.0,1.0,0.0,1.0,0.0,1.0
29,170,4.049006204589796,4.565419073289881,1.0,1.0,1.0,0.0,0.0,0.0
0,175,2.0364487979288843,4.302335142129907,0.0,0.0,0.0,1.0,1.0,1.0
1,175,7.553727588328731,4.146846807064423,0.0,1.0,1.0,1.0,0.0,0.0
2,175,8.718608362227979,8.083562363470445,0.0,0.0,1.0,1.0,1.0,0.0
3,175,6.512381262399149,3.020214117137554,0.0,1.0,0.0,1.0,0.0,1.0
4,175,3.169302460680665,2.9505566887404013,1.0,1.0,1.0,0.0,0.0,0.0
5,175,11.32588178947621,2.565958892279134,1.0,1.0,1.0,0.0,0.0,0.0
6,175,0.4584564621735869,0.1367884321250017,0.0,0.0,1.0,1.0,1.0,0.0
7,175,6.200561453573297,3.490261049543998,0.0,0.0,0.0,1.0,1.0,1.0
8,175,10.679724857135088,1.2700627844573422,1.0,0.0,0.0,0.0,1.0,1.0
9,175,12.0,6.560431160849152,1.0,1.0,1.0,0.0,0.0,0.0
10,175,4.959835231746872,1.2353481451236892,1.0,0.0,1.0,0.0,1.0,0.0
11,175,7.977725917253103,12.0,0.0,0.0,1.0,1.0,1.0,0.0
12,175,10.772505436605451,8.142530804260355,0.0,0.0,0.0,1.0,1.0,1.0
13,175,7.26189845598246,10.12793323097025,0.0,1.0,1.0,1.0,0.0,0.0
14,175,9.11702085030335,3.225212813171614,1.0,1.0,0.0,0.0,0.0,1.0
15,175,8.29373099187829,7.180742779282013,1.0,0.0,1.0,0.0,1.0,0.0
16,175,0.1100839852018017,8.98839294549597,0.0,0.0,0.0,1.0,1.0,1.0
17,175,9.861025882829969,11.045094371142886,1.0,0.0,1.0,0.0,1.0,0.0
18,175,9.569176985706912,11.602592482242455,0.0,0.0,0.0,1.0,1.0,1.0
19,175,6.958793329345436,6.800955925801984,1.0,0.0,0.0,0.0,1.0,1.0
20,175,7.418683626733658,1.177667701730582,1.0,1.0,0.0,0.0,0.0,1.0
21,175,4.5185401102737295,4.346344283013789,1.0,1.0,0.0,0.0,0.0,1.0
22,175,5.251181022544797,4.9427822969600985,0.0,0.0,1.0,1.0,1.0,0.0
23,175,4.955310505637361,10.776695831431622,0.0,1.0,0.0,1.0,0.0,1.0
24,175,0.0,6.967106506100908,0.0,0.0,0.0,1.0,1.0,1.0
25,175,10.133441965829643,12.0,0.0,0.0,0.0,1.0,1.0,1.0
26,175,3.246306947507641,2.852960231035856,1.0,0.0,0.0,0.0,1.0,1.0
27,175,12.0,0.0,0.0,1.0,1.0,1.0,0.0,0.0
28,175,1.477471757729578,4.95583903611653,0.0,1.0,0.0,1.0,0.0,1.0
29,175,4.036366682711386,4.5569923920932585,1.0,1.0,1.0,0.0,0.0,0.0
0,180,2.155280032489669,4.32446350108796,0.0,0.0,0.0,1.0,1.0,1.0
1,180,7.56853830078814,4.076199350522152,0.0,1.0,1.0,1.0,0.0,0.0
2,180,8.75614935147482,8.07938520497937,0.0,0.0,1.0,1.0,1.0,0.0
3,180,6.478227025768754,2.9569631071843,0.0,1.0,0.0,1.0,0.0,1.0
4,180,3.099248698788222,2.9674732924749443,1.0,1.0,1.0,0.0,0.0,0.0
5,180,11.36895394327943,2.500190455035982,1.0,1.0,1.0,0.0,0.0,0.0
6,180,0.468334860931062,0.1392427147240434,0.0,0.0,1.0,1.0,1.0,0.0
7,180,6.2011303586760205,3.6059074116618097,0.0,0.0,0.0,1.0,1.0,1.0
8,180,10.773537028588224,1.3993298269437875,1.0,0.0,0.0,0.0,1.0,1.0
9,180,12.0,6.590608346372508,1.0,1.0,1.0,0.0,0.0,0.0
10,180,5.135158364189596,1.114634296582943,1.0,0.0,1.0,0.0,1.0,0.0
11,180,7.8194900515932355,12.0,0.0,0.0,1.0,1.0,1.0,0.0
12,180,10.773523618442274,8.14596370881607,0.0,0.0,0.0,1.0,1.0,1.0
13,180,7.357317041766254,10.16913649742422,0.0,1.0,1.0,1.0,0.0,0.0
14,180,9.089761399908932,3.359124776725562,1.0,1.0,0.0,0.0,0.0,1.0
15,180,8.201954607701428,7.187754917815417,1.0,0.0,1.0,0.0,1.0,0.0
16,180,0.0624286973099975,8.983140044375753,0.0,0.0,0.0,1.0,1.0,1.0
17,180,9.947585956660197,11.114289186123802,1.0,0.0,1.0,0.0,1.0,0.0
18,180,9.648670970651212,11.532535145727508,0.0,0.0,0.0,1.0,1.0,1.0
19,180,7.03708276758469,6.787208639595917,1.0,0.0,0.0,0.0,1.0,1.0
20,180,7.43248827960045,1.1169447303964857,1.0,1.0,0.0,0.0,0.0,1.0
21,180,4.47641655649317,4.318978694243688,1.0,1.0,0.0,0.0,0.0,1.0
22,180,5.362299120328387,4.995048166030033,0.0,0.0,1.0,1.0,1.0,0.0
23,180,4.9184928902437415,10.788992693739058,0.0,1.0,0.0,1.0,0.0,1.0
24,180,0.0,6.899534613582315,0.0,0.0,0.0,1.0,1.0,1.0
25,180,10.150407144592185,12.0,0.0,0.0,0.0,1.0,1.0,1.0
26,180,3.218151133458028,2.6998579865104237,1.0,0.0,0.0,0.0,1.0,1.0
27,180,12.0,0.0,0.0,1.0,1.0,1.0,0.0,0.0
28,180,1.4481966740158865,4.953477095661696,0.0,1.0,0.0,1.0,0.0,1.0
29,180,4.020988649410718,4.546991540778725,1.0,1.0,1.0,0.0,0.0,0.0
0,185,2.3001225943619845,4.347157776325498,0.0,0.0,0.0,1.0,1.0,1.0
1,185,7.584436763212118,4.010393611409339,0.0,1.0,1.0,1.0,0.0,0.0
2,185,8.803679890966718,8.074282565790059,0.0,0.0,1.0,1.0,1.0,0.0
3,185,6.427671897528298,2.8725216697944016,0.0,1.0,0.0,1.0,0.0,1.0
4,185,2.997125423709548,2.9927058131056703,1.0,1.0,1.0,0.0,0.0,0.0
5,185,11.430458598610858,2.402096263730692,1.0,1.0,1.0,0.0,0.0,0.0
6,185,0.4810369307007187,0.1422704554200819,0.0,0.0,1.0,1.0,1.0,0.0
7,185,6.2025293072351975,3.737004982796536,0.0,0.0,0.0,1.0,1.0,1.0
8,185,10.868533266657504,1.5310405644603335,1.0,0.0,0.0,0.0,1.0,1.0
9,185,12.0,6.621234990496546,1.0,1.0,1.0,0.0,0.0,0.0
10,185,5.30257197122712,1.002518618442176,1.0,0.0,1.0,0.0,1.0,0.0
11,185,7.651331187845943,12.0,0.0,0.0,1.0,1.0,1.0,0.0
12,185,10.775265015077808,8.151764433094325,0.0,0.0,0.0,1.0,1.0,1.0
13,185,7.442334270613371,10.204800902017622,0.0,1.0,1.0,1.0,0.0,0.0
14,185,9.066705456787636,3.4865735757505614,1.0,1.0,0.0,0.0,0.0,1.0
15,185,8.128354310523969,7.194102129934839,1.0,0.0,1.0,0.0,1.0,0.0
16,185,0.0,8.97534334986238,0.0,0.0,0.0,1.0,1.0,1.0
17,185,10.038183408848312,11.190061440706543,1.0,0.0,1.0,0.0,1.0,0.0
18,185,9.726584537990192,11.4594873314796,0.0,0.0,0.0,1.0,1.0,1.0
19,185,7.115150804485059,6.774105382167567,1.0,0.0,0.0,0.0,1.0,1.0
20,185,7.444523202135159,1.0682777219128887,1.0,1.0,0.0,0.0,0.0,1.0
21,185,4.415347571273331,4.278070897407376,1.0,1.0,0.0,0.0,0.0,1.0
22,185,5.47796788875078,5.048569627383996,0.0,0.0,1.0,1.0,1.0,0.0
23,185,4.885027606708315,10.800903213369368,0.0,1.0,0.0,1.0,0.0,1.0
24,185,0.0,6.833632078041334,0.0,0.0,0.0,1.0,1.0,1.0
25,185,10.166374171075017,12.0,0.0,0.0,0.0,1.0,1.0,1.0
26,185,3.188817300854875,2.554506703210885,1.0,0.0,0.0,0.0,1.0,1.0
27,185,12.0,0.0,0.0,1.0,1.0,1.0,0.0,0.0
28,185,1.4440876652082208,4.953138013311704,0.0,1.0,0.0,1.0,0.0,1.0
29,185,3.9826150045812,4.523834077497088,1.0,1.0,1.0,0.0,0.0,0.0
0,190,2.455564983258107,4.366797475878271,0.0,0.0,0.0,1.0,1.0,1.0
1,190,7.608539021736085,3.907499396362656,0.0,1.0,1.0,1.0,0.0,0.0
2,190,8.860436025675021,8.06856719919593,0.0,0.0,1.0,1.0,1.0,0.0
3,190,6.37355476999261,2.782408537915229,0.0,1.0,0.0,1.0,0.0,1.0
4,190,2.886081895734379,3.0159473117614186,1.0,1.0,1.0,0.0,0.0,0.0
5,190,11.492669876768549,2.3082853735856257,1.0,1.0,1.0,0.0,0.0,0.0
6,190,0.4836772922267151,0.142957361657825,0.0,0.0,1.0,1.0,1.0,0.0
7,190,6.204179718408712,3.866789225481925,0.0,0.0,0.0,1.0,1.0,1.0
8,190,10.970423170074667,1.665765258757638,1.0,0.0,0.0,0.0,1.0,1.0
9,190,12.0,6.6528884274262445,1.0,1.0,1.0,0.0,0.0,0.0
10,190,5.470022969824476,0.8949237091849347,1.0,0.0,1.0,0.0,1.0,0.0
11,190,7.478893977178221,12.0,0.0,0.0,1.0,1.0,1.0,0.0
12,190,10.780369638225524,8.168881948253253,0.0,0.0,0.0,1.0,1.0,1.0
13,190,7.518586863128217,10.237396471078997,0.0,1.0,1.0,1.0,0.0,0.0
14,190,9.04491683534616,3.613272743238104,1.0,1.0,0.0,0.0,0.0,1.0
15,190,8.064369666420967,7.200451073207741,1.0,0.0,1.0,0.0,1.0,0.0
16,190,0.0,8.965217004991938,0.0,0.0,0.0,1.0,1.0,1.0
17,190,10.129245027814216,11.269264356647843,1.0,0.0,1.0,0.0,1.0,0.0
18,190,9.798186316173576,11.39511706133234,0.0,0.0,0.0,1.0,1.0,1.0
19,190,7.167962105236112,6.764972756905683,1.0,0.0,0.0,0.0,1.0,1.0
20,190,7.460710085596139,0.9995855165353796,1.0,1.0,0.0,0.0,0.0,1.0
21,190,4.3446954928477695,4.230108212215778,1.0,1.0,0.0,0.0,0.0,1.0
22,190,5.596290093033461,5.104491996948145,0.0,0.0,1.0,1.0,1.0,0.0
23,190,4.83177155355714,10.820973213172914,0.0,1.0,0.0,1.0,0.0,1.0
24,190,0.0,6.761413883926798,0.0,0.0,0.0,1.0,1.0,1.0
25,190,10.181980585898083,12.0,0.0,0.0,0.0,1.0,1.0,1.0
26,190,3.157296047949981,2.395290421629104,1.0,0.0,0.0,0.0,1.0,1.0
27,190,12.0,0.0,0.0,1.0,1.0,1.0,0.0,0.0
28,190,1.446811438255524,4.953360358376174,0.0,1.0,0.0,1.0,0.0,1.0
29,190,3.946943855730763,4.502187510653383,1.0,1.0,1.0,0.0,0.0,0.0
0,195,2.6099912948084008,4.3853835770569205,0.0,0.0,0.0,1.0,1.0,1.0
1,195,7.635534370305302,3.7917534210897936,0.0,1.0,1.0,1.0,0.0,0.0
2,195,8.900692930925446,8.063805932839482,0.0,0.0,1.0,1.0,1.0,0.0
3,195,6.30656628197221,2.6744057895693216,0.0,1.0,0.0,1.0,0.0,1.0
4,195,2.816448514477248,3.0291367149670374,1.0,1.0,1.0,0.0,0.0,0.0
5,195,11.561958931187466,2.201379204348487,1.0,1.0,1.0,0.0,0.0,0.0
6,195,0.4755284256411293,0.1408479456317134,0.0,0.0,1.0,1.0,1.0,0.0
7,195,6.20574864591999,4.014525376523204,0.0,0.0,0.0,1.0,1.0,1.0
8,195,10.833416359640054,1.7703153728612335,1.0,0.0,0.0,0.0,1.0,1.0
9,195,12.0,6.691480712094195,1.0,1.0,1.0,0.0,0.0,0.0
10,195,5.636954198526573,0.7870554387720691,1.0,0.0,1.0,0.0,1.0,0.0
11,195,7.294962450191393,12.0,0.0,0.0,1.0,1.0,1.0,0.0
12,195,10.784551909883549,8.183236869598138,0.0,0.0,0.0,1.0,1.0,1.0
13,195,7.595671332650736,10.268898675298937,0.0,1.0,1.0,1.0,0.0,0.0
14,195,9.016847445643768,3.7593339115139033,1.0,1.0,0.0,0.0,0.0,1.0
15,195,7.979041812538974,7.211741560824375,1.0,0.0,1.0,0.0,1.0,0.0
16,195,0.0,8.958165494890599,0.0,0.0,0.0,1.0,1.0,1.0
17,195,10.22422170711774,11.349224816580016,1.0,0.0,1.0,0.0,1.0,0.0
18,195,9.888603038056289,11.315127191109925,0.0,0.0,0.0,1.0,1.0,1.0
19,195,7.2112623585774145,6.757857462428,1.0,0.0,0.0,0.0,1.0,1.0
20,195,7.474805755112944,0.9400772346670712,1.0,1.0,0.0,0.0,0.0,1.0
21,195,4.2620576379256025,4.17483609313937,1.0,1.0,0.0,0.0,0.0,1.0
22,195,5.686779360240507,5.149624367201495,0.0,0.0,1.0,1.0,1.0,0.0
23,195,4.786102785472697,10.83835067970856,0.0,1.0,0.0,1.0,0.0,1.0
24,195,0.0,6.677155526233673,0.0,0.0,0.0,1.0,1.0,1.0
25,195,10.199132788339991,12.0,0.0,0.0,0.0,1.0,1.0,1.0
26,195,3.121376538965669,2.2335864704853097,1.0,0.0,0.0,0.0,1.0,1.0
27,195,12.0,0.0,0.0,1.0,1.0,1.0,0.0,0.0
28,195,1.4551997525334808,4.953911983713812,0.0,1.0,0.0,1.0,0.0,1.0
29,195,3.931001852884669,4.492817400868548,1.0,1.0,1.0,0.0,0.0,0.0
0,200,2.770624427508936,4.404429314177571,0.0,0.0,0.0,1.0,1.0,1.0
1,200,7.663411915566618,3.6664508811611434,0.0,1.0,1.0,1.0,0.0,0.0
2,200,8.930994891069314,8.061442319232775,0.0,0.0,1.0,1.0,1.0,0.0
3,200,6.251209774723056,2.582308877427592,0.0,1.0,0.0,1.0,0.0,1.0
4,200,2.752366555813324,3.041856485341388,1.0,1.0,1.0,0.0,0.0,0.0
5,200,11.639103351659736,2.0802212801690554,1.0,1.0,1.0,0.0,0.0,0.0
6,200,0.4652854191383614,0.1383583671964124,0.0,0.0,1.0,1.0,1.0,0.0
7,200,6.204132505004693,4.163759159962677,0.0,0.0,0.0,1.0,1.0,1.0
8,200,10.723477612702837,1.852532991791478,1.0,0.0,0.0,0.0,1.0,1.0
9,200,12.0,6.718320259746843,1.0,1.0,1.0,0.0,0.0,0.0
10,200,5.798642213774835,0.6860453413985125,1.0,0.0,1.0,0.0,1.0,0.0
11,200,7.10408511833712,12.0,0.0,0.0,1.0,1.0,1.0,0.0
12,200,10.788116811205668,8.196815785646098,0.0,0.0,0.0,1.0,1.0,1.0
13,200,7.669189207348461,10.29918254376753,0.0,1.0,1.0,1.0,0.0,0.0
14,200,8.988451410379755,3.914487395636149,1.0,1.0,0.0,0.0,0.0,1.0
15,200,7.887733357603179,7.222786898522917,1.0,0.0,1.0,0.0,1.0,0.0
16,200,0.0,8.950260652584085,0.0,0.0,0.0,1.0,1.0,1.0
17,200,10.330590217590816,11.439018450864076,1.0,0.0,1.0,0.0,1.0,0.0
18,200,9.976153646142846,11.243338785212648,0.0,0.0,0.0,1.0,1.0,1.0
19,200,7.238550946103243,6.754108023527861,1.0,0.0,0.0,0.0,1.0,1.0
20,200,7.489329533590259,0.8815770149241597,1.0,1.0,0.0,0.0,0.0,1.0
21,200,4.192145316849973,4.12718897995006,1.0,1.0,0.0,0.0,0.0,1.0
22,200,5.7871779060526976,5.199495576794007,0.0,0.0,1.0,1.0,1.0,0.0
23,200,4.741083035883411,10.854772209945123,0.0,1.0,0.0,1.0,0.0,1.0
24,200,0.0,6.5991695646392605,0.0,0.0,0.0,1.0,1.0,1.0
25,200,10.21918229151992,12.0,0.0,0.0,0.0,1.0,1.0,1.0
26,200,3.078476530626162,2.05344826213875,1.0,0.0,0.0,0.0,1.0,1.0
27,200,12.0,0.0,0.0,1.0,1.0,1.0,0.0,0.0
28,200,1.4403658113521656,4.952838245804276,0.0,1.0,0.0,1.0,0.0,1.0
29,200,3.935935222803505,4.495909911874545,1.0,1.0,1.0,0.0,0.0,0.0
0,205,2.9381887558781923,4.422263919612934,0.0,0.0,0.0,1.0,1.0,1.0
1,205,7.69151172742789,3.554169262596567,0.0,1.0,1.0,1.0,0.0,0.0
2,205,8.95067811599964,8.06045913251723,0.0,0.0,1.0,1.0,1.0,0.0
3,205,6.203000768261413,2.4989155116833777,0.0,1.0,0.0,1.0,0.0,1.0
4,205,2.7100878470203367,3.050924673694738,1.0,1.0,1.0,0.0,0.0,0.0
5,205,11.706512535472967,1.96654402831211,1.0,1.0,1.0,0.0,0.0,0.0
6,205,0.4544015482694805,0.1359647726678611,0.0,0.0,1.0,1.0,1.0,0.0
7,205,6.206272680002598,4.323000804665866,0.0,0.0,0.0,1.0,1.0,1.0
8,205,10.813055074875038,1.9732067304125231,1.0,0.0,0.0,0.0,1.0,1.0
9,205,12.0,6.752096871043369,1.0,1.0,1.0,0.0,0.0,0.0
10,205,5.937310724853998,0.5991761073652401,1.0,0.0,1.0,0.0,1.0,0.0
11,205,6.906693662826767,12.0,0.0,0.0,1.0,1.0,1.0,0.0
12,205,10.790784614362176,8.206168267523724,0.0,0.0,0.0,1.0,1.0,1.0
13,205,7.743932868024187,10.329396380241876,0.0,1.0,1.0,1.0,0.0,0.0
14,205,8.957642698363891,4.105353824213364,1.0,1.0,0.0,0.0,0.0,1.0
15,205,7.8066038285775345,7.23221521865198,1.0,0.0,1.0,0.0,1.0,0.0
16,205,0.0,8.94090017231807,0.0,0.0,0.0,1.0,1.0,1.0
17,205,10.440671482547158,11.530797150649864,1.0,0.0,1.0,0.0,1.0,0.0
18,205,10.056647128260622,11.173585764817194,0.0,0.0,0.0,1.0,1.0,1.0
19,205,7.252477204862424,6.75215178689214,1.0,0.0,0.0,0.0,1.0,1.0
20,205,7.510740515258659,0.8070192730082743,1.0,1.0,0.0,0.0,0.0,1.0
21,205,4.137920150223978,4.0906443116950095,1.0,1.0,0.0,0.0,0.0,1.0
22,205,5.883929722887128,5.251391454116972,0.0,0.0,1.0,1.0,1.0,0.0
23,205,4.674020145825202,10.878754721654346,0.0,1.0,0.0,1.0,0.0,1.0
24,205,0.0,6.518525110471421,0.0,0.0,0.0,1.0,1.0,1.0
25,205,10.23679196255414,12.0,0.0,0.0,0.0,1.0,1.0,1.0
26,205,3.0340636962134298,1.878367895897258,1.0,0.0,0.0,0.0,1.0,1.0
27,205,12.0,0.0701408085144337,0.0,1.0,1.0,1.0,0.0,0.0
28,205,1.4210986247615114,4.951877080145302,0.0,1.0,0.0,1.0,0.0,1.0
29,205,3.933081607979816,4.49400967278485,1.0,1.0,1.0,0.0,0.0,0.0
0,210,3.108936349003944,4.441273759760279,0.0,0.0,0.0,1.0,1.0,1.0
1,210,7.723135027374339,3.436960549911272,0.0,1.0,1.0,1.0,0.0,0.0
2,210,8.979160513722498,8.059651606919841,0.0,0.0,1.0,1.0,1.0,0.0
3,210,6.146683073191118,2.408877245440212,0.0,1.0,0.0,1.0,0.0,1.0
4,210,2.645339677880425,3.065336082162124,1.0,1.0,1.0,0.0,0.0,0.0
5,210,11.759108066961437,1.8727504202939425,1.0,1.0,1.0,0.0,0.0,0.0
6,210,0.4462257914809132,0.134243588961078,0.0,0.0,1.0,1.0,1.0,0.0
7,210,6.209506032874841,4.510509895896483,0.0,0.0,0.0,1.0,1.0,1.0
8,210,10.895009588928628,2.0860352623437377,1.0,0.0,0.0,0.0,1.0,1.0
9,210,12.0,6.794633230615487,1.0,1.0,1.0,0.0,0.0,0.0
10,210,6.074964493212879,0.5118179120224204,1.0,0.0,1.0,0.0,1.0,0.0
11,210,6.709834711803324,12.0,0.0,0.0,1.0,1.0,1.0,0.0
12,210,10.787257810297806,8.194557981759816,0.0,0.0,0.0,1.0,1.0,1.0
13,210,7.814231505182197,10.361385455854768,0.0,1.0,1.0,1.0,0.0,0.0
14,210,8.919034628922034,4.308688760883814,1.0,1.0,0.0,0.0,0.0,1.0
15,210,7.71374393365756,7.2437606301363076,1.0,0.0,1.0,0.0,1.0,0.0
16,210,0.0,8.926285571952075,0.0,0.0,0.0,1.0,1.0,1.0
17,210,10.356007126451171,11.635563868354412,1.0,0.0,1.0,0.0,1.0,0.0
18,210,10.124387466978083,11.119307601264746,0.0,0.0,0.0,1.0,1.0,1.0
19,210,7.268014158727924,6.750226092229223,1.0,0.0,0.0,0.0,1.0,1.0
20,210,7.534636540355613,0.724477355719638,1.0,1.0,0.0,0.0,0.0,1.0
21,210,4.089248620358375,4.057273859558443,1.0,1.0,0.0,0.0,0.0,1.0
22,210,5.97121561388985,5.298209133921801,0.0,0.0,1.0,1.0,1.0,0.0
23,210,4.613907757268936,10.900221701875928,0.0,1.0,0.0,1.0,0.0,1.0
24,210,0.0,6.447038814945314,0.0,0.0,0.0,1.0,1.0,1.0
25,210,10.252347146045928,12.0,0.0,0.0,0.0,1.0,1.0,1.0
26,210,2.991417285918525,1.7008328393744552,1.0,0.0,0.0,0.0,1.0,1.0
27,210,12.0,0.1368658123673158,0.0,1.0,1.0,1.0,0.0,0.0
28,210,1.4065369119138418,4.95091125187985,0.0,1.0,0.0,1.0,0.0,1.0
29,210,3.925414602551501,4.488579437435493,1.0,1.0,1.0,0.0,0.0,0.0
0,215,3.2806452860540314,4.460955679478931,0.0,0.0,0.0,1.0,1.0,1.0
1,215,7.754992885063999,3.3198344061221623,0.0,1.0,1.0,1.0,0.0,0.0
2,215,9.005318125656164,8.058881164659422,0.0,0.0,1.0,1.0,1.0,0.0
3,215,6.086617026824309,2.318611194653113,0.0,1.0,0.0,1.0,0.0,1.0
4,215,2.5886095696149205,3.077874035050233,1.0,1.0,1.0,0.0,0.0,0.0
5,215,11.814910569010037,1.769822109933077,1.0,1.0,1.0,0.0,0.0,0.0
6,215,0.4321698729711253,0.1312417354382608,0.0,0.0,1.0,1.0,1.0,0.0
7,215,6.21118550186733,4.70650821214914,0.0,0.0,0.0,1.0,1.0,1.0
8,215,10.967700284714397,2.1865548323969275,1.0,0.0,0.0,0.0,1.0,1.0
9,215,12.0,6.833740596360004,1.0,1.0,1.0,0.0,0.0,0.0
10,215,6.2221263324354,0.420878302714093,1.0,0.0,1.0,0.0,1.0,0.0
11,215,6.547643130016905,12.0,0.0,0.0,1.0,1.0,1.0,0.0
12,215,10.791200656477455,8.206022170608742,0.0,0.0,0.0,1.0,1.0,1.0
13,215,7.903300676956229,10.400674345375716,0.0,1.0,1.0,1.0,0.0,0.0
14,215,8.878978679213564,4.527246757035965,1.0,1.0,0.0,0.0,0.0,1.0
15,215,7.61981980981114,7.2569085255578685,1.0,0.0,1.0,0.0,1.0,0.0
16,215,0.0,8.908701141629976,0.0,0.0,0.0,1.0,1.0,1.0
17,215,10.274204335010651,11.734314465437466,1.0,0.0,1.0,0.0,1.0,0.0
18,215,10.196771016679897,11.059841567806806,0.0,0.0,0.0,1.0,1.0,1.0
19,215,7.317483887114062,6.744135612411695,1.0,0.0,0.0,0.0,1.0,1.0
20,215,7.555975710349401,0.6425593867124946,1.0,1.0,0.0,0.0,0.0,1.0
21,215,4.043553398404952,4.02500502081331,1.0,1.0,0.0,0.0,0.0,1.0
22,215,6.070636694070154,5.350648114380562,0.0,0.0,1.0,1.0,1.0,0.0
23,215,4.54469596503847,10.92583873188762,0.0,1.0,0.0,1.0,0.0,1.0
24,215,0.0,6.382754079452498,0.0,0.0,0.0,1.0,1.0,1.0
25,215,10.266350176491889,12.0,0.0,0.0,0.0,1.0,1.0,1.0
26,215,2.949990318269551,1.5228467566597788,1.0,0.0,0.0,0.0,1.0,1.0
27,215,12.0,0.2230000205666188,0.0,1.0,1.0,1.0,0.0,0.0
28,215,1.4188239001852965,4.951621936164029,0.0,1.0,0.0,1.0,0.0,1.0
29,215,3.930457748278248,4.492077324975062,1.0,1.0,1.0,0.0,0.0,0.0
0,220,3.443475405754518,4.479053118229231,0.0,0.0,0.0,1.0,1.0,1.0
1,220,7.790261195557973,3.190583709356192,0.0,1.0,1.0,1.0,0.0,0.0
2,220,9.027277988009768,8.058480632331483,0.0,0.0,1.0,1.0,1.0,0.0
3,220,6.016878357329289,2.2186727430954667,0.0,1.0,0.0,1.0,0.0,1.0
4,220,2.5489167246193216,3.0867210808369703,1.0,1.0,1.0,0.0,0.0,0.0
5,220,11.873828798743917,1.6590411954766735,1.0,1.0,1.0,0.0,0.0,0.0
6,220,0.4069688017561154,0.1262974276078435,0.0,0.0,1.0,1.0,1.0,0.0
7,220,6.210694221717336,4.915153821722608,0.0,0.0,0.0,1.0,1.0,1.0
8,220,11.046564939630263,2.291003885561975,1.0,0.0,0.0,0.0,1.0,1.0
9,220,12.0,6.882656026509242,1.0,1.0,1.0,0.0,0.0,0.0
10,220,6.356738071547581,0.3358472880136443,1.0,0.0,1.0,0.0,1.0,0.0
11,220,6.397427856840622,12.0,0.0,0.0,1.0,1.0,1.0,0.0
12,220,10.79421629500482,8.215172443533111,0.0,0.0,0.0,1.0,1.0,1.0
13,220,8.002511775954536,10.448790686799413,0.0,1.0,1.0,1.0,0.0,0.0
14,220,8.839296591504725,4.752865154773843,1.0,1.0,0.0,0.0,0.0,1.0
15,220,7.519905894002199,7.272746484659341,1.0,0.0,1.0,0.0,1.0,0.0
16,220,0.0,8.889270903218263,0.0,0.0,0.0,1.0,1.0,1.0
17,220,10.20170265960605,11.824257696806477,1.0,0.0,1.0,0.0,1.0,0.0
18,220,10.264333065702928,11.00059895617784,0.0,0.0,0.0,1.0,1.0,1.0
19,220,7.374136931006742,6.737677219558568,1.0,0.0,0.0,0.0,1.0,1.0
20,220,7.574211754628472,0.5748553915039338,1.0,1.0,0.0,0.0,0.0,1.0
21,220,3.992387848248743,3.989614797913705,1.0,1.0,0.0,0.0,0.0,1.0
22,220,6.169519243264744,5.404844572189686,0.0,0.0,1.0,1.0,1.0,0.0
23,220,4.47004508391515,10.954412671971482,0.0,1.0,0.0,1.0,0.0,1.0
24,220,0.0,6.328789957535453,0.0,0.0,0.0,1.0,1.0,1.0
25,220,10.276194508327896,12.0,0.0,0.0,0.0,1.0,1.0,1.0
26,220,2.9133484893363337,1.3620001823216772,1.0,0.0,0.0,0.0,1.0,1.0
27,220,12.0,0.3181263293822257,0.0,1.0,1.0,1.0,0.0,0.0
28,220,1.44705420189266,4.954163995402971,0.0,1.0,0.0,1.0,0.0,1.0
29,220,3.9404209818870863,4.498803809826212,1.0,1.0,1.0,0.0,0.0,0.0
0,225,3.609390880524665,4.499792790543632,0.0,0.0,0.0,1.0,1.0,1.0
1,225,7.830487588690528,3.0485043778259397,0.0,1.0,1.0,1.0,0.0,0.0
2,225,9.017024905650898,8.058599065404048,0.0,0.0,1.0,1.0,1.0,0.0
3,225,5.937270890297082,2.106212385971157,0.0,1.0,0.0,1.0,0.0,1.0
4,225,2.505972831339664,3.096978293535241,1.0,1.0,1.0,0.0,0.0,0.0
5,225,11.93894771183022,1.5428248214179543,1.0,1.0,1.0,0.0,0.0,0.0
6,225,0.3960378125707586,0.1239527032897548,0.0,0.0,1.0,1.0,1.0,0.0
7,225,6.2075768473674735,5.1467054450091645,0.0,0.0,0.0,1.0,1.0,1.0
8,225,11.125099572399836,2.392010141698223,1.0,0.0,0.0,0.0,1.0,1.0
9,225,12.0,6.920727184282584,1.0,1.0,1.0,0.0,0.0,0.0
10,225,6.503545718331185,0.244187602742105,1.0,0.0,1.0,0.0,1.0,0.0
11,225,6.259990985887822,12.0,0.0,0.0,1.0,1.0,1.0,0.0
12,225,10.801631862913226,8.234733648599578,0.0,0.0,0.0,1.0,1.0,1.0
13,225,8.088210928163218,10.490693287648211,0.0,1.0,1.0,1.0,0.0,0.0
14,225,8.799214267695096,4.952515757474357,1.0,1.0,0.0,0.0,0.0,1.0
15,225,7.417487478699733,7.288738094746956,1.0,0.0,1.0,0.0,1.0,0.0
16,225,0.0,8.867086316688388,0.0,0.0,0.0,1.0,1.0,1.0
17,225,10.11680998264164,11.9232154115311,1.0,0.0,1.0,0.0,1.0,0.0
18,225,10.336526053366525,10.9406814676765,0.0,0.0,0.0,1.0,1.0,1.0
19,225,7.445401133231021,6.7297349172572485,1.0,0.0,0.0,0.0,1.0,1.0
20,225,7.594868309918212,0.5036568869261382,1.0,1.0,0.0,0.0,0.0,1.0
21,225,3.953098995089479,3.96313155590114,1.0,1.0,0.0,0.0,0.0,1.0
22,225,6.285920436341844,5.468493355170427,0.0,0.0,1.0,1.0,1.0,0.0
23,225,4.366973415814841,10.994990724104474,0.0,1.0,0.0,1.0,0.0,1.0
24,225,0.0,6.269562639101768,0.0,0.0,0.0,1.0,1.0,1.0
25,225,10.2875803472457,12.0,0.0,0.0,0.0,1.0,1.0,1.0
26,225,2.882100785389478,1.2078569896236524,1.0,0.0,0.0,0.0,1.0,1.0
27,225,12.0,0.4135051839357012,0.0,1.0,1.0,1.0,0.0,0.0
28,225,1.4876725209526436,4.958658186947579,0.0,1.0,0.0,1.0,0.0,1.0
29,225,3.961814716693514,4.465252301742058,1.0,1.0,1.0,0.0,0.0,0.0
0,230,3.7594805561521967,4.5183965729814535,0.0,0.0,0.0,1.0,1.0,1.0
1,230,7.86444492963345,2.9252079795341275,0.0,1.0,1.0,1.0,0.0,0.0
2,230,8.995603234016807,8.059221672797042,0.0,0.0,1.0,1.0,1.0,0.0
3,230,5.857635844220649,1.9986913497741312,0.0,1.0,0.0,1.0,0.0,1.0
4,230,2.4691580719908863,3.105894803467531,1.0,1.0,1.0,0.0,0.0,0.0
5,230,11.998130755659504,1.434763979766001,1.0,1.0,1.0,0.0,0.0,0.0
6,230,0.397368852464883,0.1242442527434546,0.0,0.0,1.0,1.0,1.0,0.0
7,230,6.207484662913522,5.369617732057199,0.0,0.0,0.0,1.0,1.0,1.0
8,230,11.19572322321094,2.472193620684929,1.0,0.0,0.0,0.0,1.0,1.0
9,230,12.0,6.958188595252614,1.0,1.0,1.0,0.0,0.0,0.0
10,230,6.651939158017786,0.1494143536964446,1.0,0.0,1.0,0.0,1.0,0.0
11,230,6.130029513719494,12.0,0.0,0.0,1.0,1.0,1.0,0.0
12,230,10.802883457655485,8.2381765870429,0.0,0.0,0.0,1.0,1.0,1.0
13,230,8.173769358105933,10.53301908010449,0.0,1.0,1.0,1.0,0.0,0.0
14,230,8.75652262491793,5.15607752592283,1.0,1.0,0.0,0.0,0.0,1.0
15,230,7.290980665522229,7.306781884545191,1.0,0.0,1.0,0.0,1.0,0.0
16,230,0.0,8.840957963394738,0.0,0.0,0.0,1.0,1.0,1.0
17,230,10.029948685586673,12.0,1.0,0.0,1.0,0.0,1.0,0.0
18,230,10.27006484498822,10.861625911393933,0.0,0.0,0.0,1.0,1.0,1.0
19,230,7.511577347176576,6.721832681528254,1.0,0.0,0.0,0.0,1.0,1.0
20,230,7.617463361980607,0.4234944244119363,1.0,1.0,0.0,0.0,0.0,1.0
21,230,3.899139707997556,3.9268388992157335,1.0,1.0,0.0,0.0,0.0,1.0
22,230,6.391367532999933,5.526550992238365,0.0,0.0,1.0,1.0,1.0,0.0
23,230,4.284245338695089,11.029098988739936,0.0,1.0,0.0,1.0,0.0,1.0
24,230,0.0,6.208484227653943,0.0,0.0,0.0,1.0,1.0,1.0
25,230,10.295466149842907,12.0,0.0,0.0,0.0,1.0,1.0,1.0
26,230,2.8470843308882867,1.055824952661379,1.0,0.0,0.0,0.0,1.0,1.0
27,230,12.0,0.4987718798742693,0.0,1.0,1.0,1.0,0.0,0.0
28,230,1.5425083636850194,4.962555209233506,0.0,1.0,0.0,1.0,0.0,1.0
29,230,3.9895432441665792,4.420998366334078,1.0,1.0,1.0,0.0,0.0,0.0
0,235,3.9166684301041297,4.5359127794507845,0.0,0.0,0.0,1.0,1.0,1.0
1,235,7.893683705160611,2.8161570693479487,0.0,1.0,1.0,1.0,0.0,0.0
2,235,8.97428514666112,8.059849681415201,0.0,0.0,1.0,1.0,1.0,0.0
3,235,5.78093385239713,1.8928444750869136,0.0,1.0,0.0,1.0,0.0,1.0
4,235,2.460494717130087,3.062035786318412,1.0,1.0,1.0,0.0,0.0,0.0
5,235,12.0,1.3120884939236974,1.0,1.0,1.0,0.0,0.0,0.0
6,235,0.4114976673109682,0.1270717769492813,0.0,0.0,1.0,1.0,1.0,0.0
7,235,6.206598036000578,5.582880417211751,0.0,0.0,0.0,1.0,1.0,1.0
8,235,11.289158995217276,2.391949474909527,1.0,0.0,0.0,0.0,1.0,1.0
9,235,12.0,6.99302802102485,1.0,1.0,1.0,0.0,0.0,0.0
10,235,6.823895716566804,0.0438880140596559,1.0,0.0,1.0,0.0,1.0,0.0
11,235,6.026011254332191,12.0,0.0,0.0,1.0,1.0,1.0,0.0
12,235,10.807901307177978,8.251673526783183,0.0,0.0,0.0,1.0,1.0,1.0
13,235,8.276764530375171,10.581762873197206,0.0,1.0,1.0,1.0,0.0,0.0
14,235,8.69912335290806,5.376420679252793,1.0,1.0,0.0,0.0,0.0,1.0
15,235,7.182866610661042,7.321345354904773,1.0,0.0,1.0,0.0,1.0,0.0
16,235,0.0,8.816338944463117,0.0,0.0,0.0,1.0,1.0,1.0
17,235,9.945277625179568,12.0,1.0,0.0,1.0,0.0,1.0,0.0
18,235,10.218288541247553,10.799677229118243,0.0,0.0,0.0,1.0,1.0,1.0
19,235,7.56328928966627,6.7157380120804815,1.0,0.0,0.0,0.0,1.0,1.0
20,235,7.640334728693174,0.340192759764836,1.0,1.0,0.0,0.0,0.0,1.0
21,235,3.8704052745729167,3.9703272442313655,1.0,1.0,0.0,0.0,0.0,1.0
22,235,6.493576716894038,5.583729550758934,0.0,0.0,1.0,1.0,1.0,0.0
23,235,4.183703294291866,11.071458193402608,0.0,1.0,0.0,1.0,0.0,1.0
24,235,0.0,6.140342682474217,0.0,0.0,0.0,1.0,1.0,1.0
25,235,10.303158161178798,12.0,0.0,0.0,0.0,1.0,1.0,1.0
26,235,2.8132791923811973,0.9221020873503676,1.0,0.0,0.0,0.0,1.0,1.0
27,235,12.0,0.5871154152324851,0.0,1.0,1.0,1.0,0.0,0.0
28,235,1.6120627282169382,4.966735115884086,0.0,1.0,0.0,1.0,0.0,1.0
29,235,4.024011649177075,4.367207938472431,1.0,1.0,1.0,0.0,0.0,0.0
0,240,4.051519517304612,4.551562497301101,0.0,0.0,0.0,1.0,1.0,1.0
1,240,7.92540354135759,2.702915509165808,0.0,1.0,1.0,1.0,0.0,0.0
2,240,8.949217162465274,8.060790111099088,0.0,0.0,1.0,1.0,1.0,0.0
3,240,5.702730933527725,1.7886617443475652,0.0,1.0,0.0,1.0,0.0,1.0
4,240,2.447079731740901,2.9995057339182907,1.0,1.0,1.0,0.0,0.0,0.0
5,240,12.0,1.1686873869066703,1.0,1.0,1.0,0.0,0.0,0.0
6,240,0.4156187046833838,0.1279567821294994,0.0,0.0,1.0,1.0,1.0,0.0
7,240,6.204496976641147,5.7892427743514006,0.0,0.0,0.0,1.0,1.0,1.0
8,240,11.378032197280843,2.3147000075580024,1.0,0.0,0.0,0.0,1.0,1.0
9,240,12.0,7.029037651111274,1.0,1.0,1.0,0.0,0.0,0.0
10,240,6.989319533828257,0.0,1.0,0.0,1.0,0.0,1.0,0.0
11,240,5.918078182447092,12.0,0.0,0.0,1.0,1.0,1.0,0.0
12,240,10.813165953059086,8.267025711744084,0.0,0.0,0.0,1.0,1.0,1.0
13,240,8.401661626813093,10.640636403747624,0.0,1.0,1.0,1.0,0.0,0.0
14,240,8.64356867139516,5.593484761371863,1.0,1.0,0.0,0.0,0.0,1.0
15,240,7.064923562901447,7.338293610948996,1.0,0.0,1.0,0.0,1.0,0.0
16,240,0.0,8.795713502133866,0.0,0.0,0.0,1.0,1.0,1.0
17,240,9.877546584580552,12.0,1.0,0.0,1.0,0.0,1.0,0.0
18,240,10.192762118817596,10.769436738822035,0.0,0.0,0.0,1.0,1.0,1.0
19,240,7.602762833928803,6.710870456586037,1.0,0.0,0.0,0.0,1.0,1.0
20,240,7.665479034088212,0.2383883151169583,1.0,1.0,0.0,0.0,0.0,1.0
21,240,3.855914516944941,3.990700985459368,1.0,1.0,0.0,0.0,0.0,1.0
22,240,6.606494444869803,5.649094060165266,0.0,0.0,1.0,1.0,1.0,0.0
23,240,4.08808818222201,11.108373019496003,0.0,1.0,0.0,1.0,0.0,1.0
24,240,0.0,6.064890164036788,0.0,0.0,0.0,1.0,1.0,1.0
25,240,10.309255062203311,12.0,0.0,0.0,0.0,1.0,1.0,1.0
26,240,2.7820462655333493,0.7936267434434375,1.0,0.0,0.0,0.0,1.0,1.0
27,240,12.0,0.6738391699921052,0.0,1.0,1.0,1.0,0.0,0.0
28,240,1.6741940036952163,4.97176433197856,0.0,1.0,0.0,1.0,0.0,1.0
29,240,4.054630259635287,4.320540240808684,1.0,1.0,1.0,0.0,0.0,0.0
0,245,4.187180544170578,4.564689073780946,0.0,0.0,0.0,1.0,1.0,1.0
1,245,7.956564745750653,2.590276152715807,0.0,1.0,1.0,1.0,0.0,0.0
2,245,8.919885168948433,8.061500937656373,0.0,0.0,1.0,1.0,1.0,0.0
3,245,5.638318441416538,1.6999629952825284,0.0,1.0,0.0,1.0,0.0,1.0
4,245,2.433812217858519,2.927001197617226,1.0,1.0,1.0,0.0,0.0,0.0
5,245,12.0,1.0175578054289391,1.0,1.0,1.0,0.0,0.0,0.0
6,245,0.4122219315306726,0.1271730365317148,0.0,0.0,1.0,1.0,1.0,0.0
7,245,6.19877246518437,5.9901289519666845,0.0,0.0,0.0,1.0,1.0,1.0
8,245,11.469788282922604,2.2354964307741643,1.0,0.0,0.0,0.0,1.0,1.0
9,245,12.0,7.066347795222575,1.0,1.0,1.0,0.0,0.0,0.0
10,245,7.150047106698824,0.0,1.0,0.0,1.0,0.0,1.0,0.0
11,245,5.817170072311061,12.0,0.0,0.0,1.0,1.0,1.0,0.0
12,245,10.822309217318736,8.292327720754841,0.0,0.0,0.0,1.0,1.0,1.0
13,245,8.554548847749226,10.704925055292277,0.0,1.0,1.0,1.0,0.0,0.0
14,245,8.590542901588961,5.799259198857331,1.0,1.0,0.0,0.0,0.0,1.0
15,245,6.953490344419552,7.356237153878518,1.0,0.0,1.0,0.0,1.0,0.0
16,245,0.0,8.773192311930838,0.0,0.0,0.0,1.0,1.0,1.0
17,245,9.8120777036463,12.0,1.0,0.0,1.0,0.0,1.0,0.0
18,245,10.15177215350309,10.7206705948438,0.0,0.0,0.0,1.0,1.0,1.0
19,245,7.635041174356991,6.706447788527032,1.0,0.0,0.0,0.0,1.0,1.0
20,245,7.688426389780917,0.1478661315368059,1.0,1.0,0.0,0.0,0.0,1.0
21,245,3.849424608329192,3.98634396240806,1.0,1.0,0.0,0.0,0.0,1.0
22,245,6.701220773690332,5.702665584288558,0.0,0.0,1.0,1.0,1.0,0.0
23,245,3.996209591849957,11.143673345784684,0.0,1.0,0.0,1.0,0.0,1.0
24,245,0.0,5.980876675127713,0.0,0.0,0.0,1.0,1.0,1.0
25,245,10.31416945570992,12.0,0.0,0.0,0.0,1.0,1.0,1.0
26,245,2.751509680399957,0.664389162107293,1.0,0.0,0.0,0.0,1.0,1.0
27,245,12.0,0.7597135042391738,0.0,1.0,1.0,1.0,0.0,0.0
28,245,1.7407505638879577,4.976094057865289,0.0,1.0,0.0,1.0,0.0,1.0
29,245,4.087882151428742,4.270308631014366,1.0,1.0,1.0,0.0,0.0,0.0
0,250,4.3079061216284265,4.574915092769666,0.0,0.0,0.0,1.0,1.0,1.0
1,250,7.993071830205396,2.4692175155300067,0.0,1.0,1.0,1.0,0.0,0.0
2,250,8.90837384618165,8.061955563084672,0.0,0.0,1.0,1.0,1.0,0.0
3,250,5.564634552762916,1.5947144073225452,0.0,1.0,0.0,1.0,0.0,1.0
4,250,2.4227774700043243,2.861772346478622,1.0,1.0,1.0,0.0,0.0,0.0
5,250,12.0,0.8794711169920287,1.0,1.0,1.0,0.0,0.0,0.0
6,250,0.4124594071503316,0.1272303775623701,0.0,0.0,1.0,1.0,1.0,0.0
7,250,6.1950779541605945,6.215995810930153,0.0,0.0,0.0,1.0,1.0,1.0
8,250,11.562778714011358,2.1591293857469207,1.0,0.0,0.0,0.0,1.0,1.0
9,250,12.0,7.105362119587886,1.0,1.0,1.0,0.0,0.0,0.0
10,250,7.317886711060899,0.0,1.0,0.0,1.0,0.0,1.0,0.0
11,250,5.709348932886808,12.0,0.0,0.0,1.0,1.0,1.0,0.0
12,250,10.824249947715836,8.297465517894613,0.0,0.0,0.0,1.0,1.0,1.0
13,250,8.709170890278548,10.768650478946752,0.0,1.0,1.0,1.0,0.0,0.0
14,250,8.53940241204408,6.012802333170149,1.0,1.0,0.0,0.0,0.0,1.0
15,250,6.843076805660701,7.376157175711475,1.0,0.0,1.0,0.0,1.0,0.0
16,250,0.0,8.752401237897297,0.0,0.0,0.0,1.0,1.0,1.0
17,250,9.739904100109792,12.0,1.0,0.0,1.0,0.0,1.0,0.0
18,250,10.106960734967998,10.667467287854688,0.0,0.0,0.0,1.0,1.0,1.0
19,250,7.683454115393532,6.6997788573844606,1.0,0.0,0.0,0.0,1.0,1.0
20,250,7.709175442259259,0.0646089477885967,1.0,1.0,0.0,0.0,0.0,1.0
21,250,3.84862918648011,3.985820883968733,1.0,1.0,0.0,0.0,0.0,1.0
22,250,6.770070164693055,5.740045616572748,0.0,0.0,1.0,1.0,1.0,0.0
23,250,3.887837384526088,11.18144182834187,0.0,1.0,0.0,1.0,0.0,1.0
24,250,0.0,5.897434855038165,0.0,0.0,0.0,1.0,1.0,1.0
25,250,10.320974075143631,12.0,0.0,0.0,0.0,1.0,1.0,1.0
26,250,2.717799222339803,0.5128950279982579,1.0,0.0,0.0,0.0,1.0,1.0
27,250,12.0,0.8426099143006754,0.0,1.0,1.0,1.0,0.0,0.0
28,250,1.809948338993968,4.980731504271137,0.0,1.0,0.0,1.0,0.0,1.0
29,250,4.124792795862002,4.213699746165863,1.0,1.0,1.0,0.0,0.0,0.0
0,255,4.432820254882389,4.584902655701949,0.0,0.0,0.0,1.0,1.0,1.0
1,255,8.025831654939894,2.35567350250294,0.0,1.0,1.0,1.0,0.0,0.0
2,255,8.906446806951417,8.062072520217454,0.0,0.0,1.0,1.0,1.0,0.0
3,255,5.485895921079518,1.4792304587262135,0.0,1.0,0.0,1.0,0.0,1.0
4,255,2.4161012133027158,2.8273835672561267,1.0,1.0,1.0,0.0,0.0,0.0
5,255,12.0,0.7321525944486754,1.0,1.0,1.0,0.0,0.0,0.0
6,255,0.4206154888173442,0.1290600646124177,0.0,0.0,1.0,1.0,1.0,0.0
7,255,6.18861878179925,6.459738200250101,0.0,0.0,0.0,1.0,1.0,1.0
8,255,11.664882475485284,2.074786447475472,1.0,0.0,0.0,0.0,1.0,1.0
9,255,12.0,7.146606856271169,1.0,1.0,1.0,0.0,0.0,0.0
10,255,7.479614974136359,0.0,1.0,0.0,1.0,0.0,1.0,0.0
11,255,5.56732266571793,12.0,0.0,0.0,1.0,1.0,1.0,0.0
12,255,10.828515004826093,8.309600974561453,0.0,0.0,0.0,1.0,1.0,1.0
13,255,8.849518601328372,10.828297015080285,0.0,1.0,1.0,1.0,0.0,0.0
14,255,8.481684042684853,6.242479636824028,1.0,1.0,0.0,0.0,0.0,1.0
15,255,6.7414390454214965,7.394433280368254,1.0,0.0,1.0,0.0,1.0,0.0
16,255,0.0,8.732663651064614,0.0,0.0,0.0,1.0,1.0,1.0
17,255,9.67433033707361,12.0,1.0,0.0,1.0,0.0,1.0,0.0
18,255,10.064499137463024,10.619696051292538,0.0,0.0,0.0,1.0,1.0,1.0
19,255,7.7344979363356465,6.69348905416558,1.0,0.0,0.0,0.0,1.0,1.0
20,255,7.733353125444933,0.0,1.0,1.0,0.0,0.0,0.0,1.0
21,255,3.829169618968346,3.972967384842102,1.0,1.0,0.0,0.0,0.0,1.0
22,255,6.82377064902062,5.767981984556072,0.0,0.0,1.0,1.0,1.0,0.0
23,255,3.782501179870099,11.218836367354209,0.0,1.0,0.0,1.0,0.0,1.0
24,255,0.0,5.807439862881298,0.0,0.0,0.0,1.0,1.0,1.0
25,255,10.330746869948856,12.0,0.0,0.0,0.0,1.0,1.0,1.0
26,255,2.6821680250442346,0.3615157618715248,1.0,0.0,0.0,0.0,1.0,1.0
27,255,12.0,0.9317248331370612,0.0,1.0,1.0,1.0,0.0,0.0
28,255,1.855916454598334,4.983946883265192,0.0,1.0,0.0,1.0,0.0,1.0
29,255,4.153015446456592,4.171592638072674,1.0,1.0,1.0,0.0,0.0,0.0
0,260,4.561769938376414,4.598113546957369,0.0,0.0,0.0,1.0,1.0,1.0
1,260,8.056009493342337,2.2582448275628044,0.0,1.0,1.0,1.0,0.0,0.0
2,260,8.899599467408251,8.062371053448457,0.0,0.0,1.0,1.0,1.0,0.0
3,260,5.405431167647664,1.3629695988491506,0.0,1.0,0.0,1.0,0.0,1.0
4,260,2.411042591249747,2.801149468822364,1.0,1.0,1.0,0.0,0.0,0.0
5,260,12.0,0.5801368018600888,1.0,1.0,1.0,0.0,0.0,0.0
6,260,0.4362428657823883,0.13247999134971,0.0,0.0,1.0,1.0,1.0,0.0
7,260,6.186406293678346,6.68053362838799,0.0,0.0,0.0,1.0,1.0,1.0
8,260,11.778749678448856,1.982878901522788,1.0,0.0,0.0,0.0,1.0,1.0
9,260,12.0,7.198812209217762,1.0,1.0,1.0,0.0,0.0,0.0
10,260,7.653084746698508,0.0,1.0,0.0,1.0,0.0,1.0,0.0
11,260,5.416349376345531,12.0,0.0,0.0,1.0,1.0,1.0,0.0
12,260,10.837343338076652,8.331263063091317,0.0,0.0,0.0,1.0,1.0,1.0
13,260,8.98912488994691,10.882517315286332,0.0,1.0,1.0,1.0,0.0,0.0
14,260,8.424365897695166,6.4571449659420175,1.0,1.0,0.0,0.0,0.0,1.0
15,260,6.626871220910539,7.416479085310477,1.0,0.0,1.0,0.0,1.0,0.0
16,260,0.0,8.713021952579634,0.0,0.0,0.0,1.0,1.0,1.0
17,260,9.609030496089856,12.0,1.0,0.0,1.0,0.0,1.0,0.0
18,260,10.039507098883414,10.592794521643832,0.0,0.0,0.0,1.0,1.0,1.0
19,260,7.802465023961129,6.686606158477375,1.0,0.0,0.0,0.0,1.0,1.0
20,260,7.758815942617604,0.0,1.0,1.0,0.0,0.0,0.0,1.0
21,260,3.812371918716394,3.961294888193669,1.0,1.0,0.0,0.0,0.0,1.0
22,260,6.891735045426515,5.80254931756684,0.0,0.0,1.0,1.0,1.0,0.0
23,260,3.66433201537997,11.261668101506933,0.0,1.0,0.0,1.0,0.0,1.0
24,260,0.0,5.721733504616666,0.0,0.0,0.0,1.0,1.0,1.0
25,260,10.34040592506088,12.0,0.0,0.0,0.0,1.0,1.0,1.0
26,260,2.644097017231148,0.2033192290309994,1.0,0.0,0.0,0.0,1.0,1.0
27,260,12.0,1.0314718789063648,0.0,1.0,1.0,1.0,0.0,0.0
28,260,1.9097647085833789,4.986617671122797,0.0,1.0,0.0,1.0,0.0,1.0
29,260,4.178107740230957,4.13255550096489,1.0,1.0,1.0,0.0,0.0,0.0
0,265,4.693559761815095,4.61584131655292,0.0,0.0,0.0,1.0,1.0,1.0
1,265,8.087082043359102,2.1610344656368565,0.0,1.0,1.0,1.0,0.0,0.0
2,265,8.861690470305373,8.064041041158054,0.0,0.0,1.0,1.0,1.0,0.0
3,265,5.334925881675828,1.2638839343958783,0.0,1.0,0.0,1.0,0.0,1.0
4,265,2.4072368832252877,2.782050559744073,1.0,1.0,1.0,0.0,0.0,0.0
5,265,12.0,0.4283485817938114,1.0,1.0,1.0,0.0,0.0,0.0
6,265,0.4473173309769204,0.1350417278697272,0.0,0.0,1.0,1.0,1.0,0.0
7,265,6.1897642360708085,6.870371152213794,0.0,0.0,0.0,1.0,1.0,1.0
8,265,11.882558649648685,1.9011629511749404,1.0,0.0,0.0,0.0,1.0,1.0
9,265,12.0,7.258476429248538,1.0,1.0,1.0,0.0,0.0,0.0
10,265,7.809313928554564,0.0,1.0,0.0,1.0,0.0,1.0,0.0
11,265,5.244819053554597,12.0,0.0,0.0,1.0,1.0,1.0,0.0
12,265,10.847269218676496,8.356578541620264,0.0,0.0,0.0,1.0,1.0,1.0
13,265,9.126263475313984,10.935750901090168,0.0,1.0,1.0,1.0,0.0,0.0
14,265,8.378019741186051,6.656684797115092,1.0,1.0,0.0,0.0,0.0,1.0
15,265,6.518783246352107,7.439993910621877,1.0,0.0,1.0,0.0,1.0,0.0
16,265,0.0,8.69728175798428,0.0,0.0,0.0,1.0,1.0,1.0
17,265,9.550006960179472,12.0,1.0,0.0,1.0,0.0,1.0,0.0
18,265,10.003506640073097,10.55695575375709,0.0,0.0,0.0,1.0,1.0,1.0
19,265,7.872640962050776,6.676583880882114,1.0,0.0,0.0,0.0,1.0,1.0
20,265,7.783787765730522,0.0,1.0,1.0,0.0,0.0,0.0,1.0
21,265,3.792942848210351,3.9480440361649487,1.0,1.0,0.0,0.0,0.0,1.0
22,265,6.954628885745076,5.834927424132773,0.0,0.0,1.0,1.0,1.0,0.0
23,265,3.5265423562245557,11.311344990275298,0.0,1.0,0.0,1.0,0.0,1.0
24,265,0.0,5.6231495353583325,0.0,0.0,0.0,1.0,1.0,1.0
25,265,10.346981079795066,12.0,0.0,0.0,0.0,1.0,1.0,1.0
26,265,2.606334431094451,0.057553608421166,1.0,0.0,0.0,0.0,1.0,1.0
27,265,12.0,1.1336386288732376,0.0,1.0,1.0,1.0,0.0,0.0
28,265,1.9592475994541856,4.990044112964306,0.0,1.0,0.0,1.0,0.0,1.0
29,265,4.2003359995635945,4.099573602332385,1.0,1.0,1.0,0.0,0.0,0.0
0,270,4.830439106510121,4.638613405508082,0.0,0.0,0.0,1.0,1.0,1.0
1,270,8.115408014366567,2.069423979027748,0.0,1.0,1.0,1.0,0.0,0.0
2,270,8.811017860085522,8.06554807794302,0.0,0.0,1.0,1.0,1.0,0.0
3,270,5.259752239851559,1.156778289325702,0.0,1.0,0.0,1.0,0.0,1.0
4,270,2.401927253229477,2.756846533210664,1.0,1.0,1.0,0.0,0.0,0.0
5,270,12.0,0.2792688527694338,1.0,1.0,1.0,0.0,0.0,0.0
6,270,0.4591177478223074,0.137939259552239,0.0,0.0,1.0,1.0,1.0,0.0
7,270,6.191228891684733,7.0809935278185,0.0,0.0,0.0,1.0,1.0,1.0
8,270,11.993559566613074,1.8144642178476669,1.0,0.0,0.0,0.0,1.0,1.0
9,270,12.0,7.32032826986788,1.0,1.0,1.0,0.0,0.0,0.0
10,270,7.979521120649626,0.0,1.0,0.0,1.0,0.0,1.0,0.0
11,270,5.074761298592925,12.0,0.0,0.0,1.0,1.0,1.0,0.0
12,270,10.85426442961448,8.376474842512103,0.0,0.0,0.0,1.0,1.0,1.0
13,270,9.072498029540084,11.065836396052513,0.0,1.0,1.0,1.0,0.0,0.0
14,270,8.337439636956963,6.865845530481638,1.0,1.0,0.0,0.0,0.0,1.0
15,270,6.424441094250826,7.464776258749946,1.0,0.0,1.0,0.0,1.0,0.0
16,270,0.0,8.682671789448978,0.0,0.0,0.0,1.0,1.0,1.0
17,270,9.489818534456145,12.0,1.0,0.0,1.0,0.0,1.0,0.0
18,270,9.977108090278502,10.531781531950337,0.0,0.0,0.0,1.0,1.0,1.0
19,270,7.941927008699337,6.667566037506625,1.0,0.0,0.0,0.0,1.0,1.0
20,270,7.813997557361798,0.0,1.0,1.0,0.0,0.0,0.0,1.0
21,270,3.772875252546729,3.933701518646461,1.0,1.0,0.0,0.0,0.0,1.0
22,270,6.995451887859924,5.853662968038952,0.0,0.0,1.0,1.0,1.0,0.0
23,270,3.388065062149125,11.35632647735703,0.0,1.0,0.0,1.0,0.0,1.0
24,270,0.0,5.516792953183015,0.0,0.0,0.0,1.0,1.0,1.0
25,270,10.35327550329962,12.0,0.0,0.0,0.0,1.0,1.0,1.0
26,270,2.565571419116787,0.0,1.0,0.0,0.0,0.0,1.0,1.0
27,270,12.0,1.2278409907771588,0.0,1.0,1.0,1.0,0.0,0.0
28,270,2.002978033290894,4.993381592854719,0.0,1.0,0.0,1.0,0.0,1.0
29,270,4.225180077666337,4.062138223179328,1.0,1.0,1.0,0.0,0.0,0.0
0,275,4.950491962088668,4.657080618357441,0.0,0.0,0.0,1.0,1.0,1.0
1,275,8.143398073014849,1.972353790828299,0.0,1.0,1.0,1.0,0.0,0.0
2,275,8.777030390202784,8.066252194588415,0.0,0.0,1.0,1.0,1.0,0.0
3,275,5.2001667073707365,1.0673855672311705,0.0,1.0,0.0,1.0,0.0,1.0
4,275,2.396629984019988,2.733788020018173,1.0,1.0,1.0,0.0,0.0,0.0
5,275,12.0,0.1412955119450903,1.0,1.0,1.0,0.0,0.0,0.0
6,275,0.4611073496802814,0.1383708331275337,0.0,0.0,1.0,1.0,1.0,0.0
7,275,6.1978403043520816,7.280053910992729,0.0,0.0,0.0,1.0,1.0,1.0
8,275,12.0,1.7285963339635435,1.0,0.0,0.0,0.0,1.0,1.0
9,275,12.0,7.390787198760679,1.0,1.0,1.0,0.0,0.0,0.0
10,275,8.158280258831184,0.0,1.0,0.0,1.0,0.0,1.0,0.0
11,275,4.893867913545646,12.0,0.0,0.0,1.0,1.0,1.0,0.0
12,275,10.86099134954964,8.396431671201867,0.0,0.0,0.0,1.0,1.0,1.0
13,275,9.019949536081327,11.183081433206894,0.0,1.0,1.0,1.0,0.0,0.0
14,275,8.292259224334213,7.095344547883593,1.0,1.0,0.0,0.0,0.0,1.0
15,275,6.339918351994204,7.48293334518178,1.0,0.0,1.0,0.0,1.0,0.0
16,275,0.0,8.670232166393482,0.0,0.0,0.0,1.0,1.0,1.0
17,275,9.430043043632145,12.0,1.0,0.0,1.0,0.0,1.0,0.0
18,275,9.937815386683962,10.494547481368858,0.0,0.0,0.0,1.0,1.0,1.0
19,275,8.007081138430518,6.658660839545147,1.0,0.0,0.0,0.0,1.0,1.0
20,275,7.844576301283213,0.0,1.0,1.0,0.0,0.0,0.0,1.0
21,275,3.756065488214249,3.920661561826538,1.0,1.0,0.0,0.0,0.0,1.0
22,275,7.033381082268695,5.87195255297521,0.0,0.0,1.0,1.0,1.0,0.0
23,275,3.244252314381946,11.402756890189188,0.0,1.0,0.0,1.0,0.0,1.0
24,275,0.0,5.398230485362788,0.0,0.0,0.0,1.0,1.0,1.0
25,275,10.358794413694802,12.0,0.0,0.0,0.0,1.0,1.0,1.0
26,275,2.522493497480316,0.0,1.0,0.0,0.0,0.0,1.0,1.0
27,275,12.0,1.322637996350298,0.0,1.0,1.0,1.0,0.0,0.0
28,275,2.0384410458569646,4.996040122537573,0.0,1.0,0.0,1.0,0.0,1.0
29,275,4.254354936274975,4.019487554687783,1.0,1.0,1.0,0.0,0.0,0.0
0,280,5.039993282940266,4.669165341555251,0.0,0.0,0.0,1.0,1.0,1.0
1,280,8.17303270564498,1.87929306429462,0.0,1.0,1.0,1.0,0.0,0.0
2,280,8.742953867672497,8.066516329767708,0.0,0.0,1.0,1.0,1.0,0.0
3,280,5.140161290756375,0.9828852612658436,0.0,1.0,0.0,1.0,0.0,1.0
4,280,2.383319253880842,2.680917558306072,1.0,1.0,1.0,0.0,0.0,0.0
5,280,12.0,0.0,1.0,1.0,1.0,0.0,0.0,0.0
6,280,0.4436242343344601,0.1342486921656417,0.0,0.0,1.0,1.0,1.0,0.0
7,280,6.199848358398297,7.45495522037324,0.0,0.0,0.0,1.0,1.0,1.0
8,280,12.0,1.6323360907594795,1.0,0.0,0.0,0.0,1.0,1.0
9,280,12.0,7.452680008432239,1.0,1.0,1.0,0.0,0.0,0.0
10,280,8.357279346303864,0.0,1.0,0.0,1.0,0.0,1.0,0.0
11,280,4.6911892258466565,12.0,0.0,0.0,1.0,1.0,1.0,0.0
12,280,10.872129649534315,8.426528232501811,0.0,0.0,0.0,1.0,1.0,1.0
13,280,8.963121862184632,11.31560655524939,0.0,1.0,1.0,1.0,0.0,0.0
14,280,8.24374691289921,7.313455374671405,1.0,1.0,0.0,0.0,0.0,1.0
15,280,6.249581517073164,7.502763444159457,1.0,0.0,1.0,0.0,1.0,0.0
16,280,0.0,8.657864025893792,0.0,0.0,0.0,1.0,1.0,1.0
17,280,9.38107358664126,12.0,1.0,0.0,1.0,0.0,1.0,0.0
18,280,9.8899147731723,10.449083044190369,0.0,0.0,0.0,1.0,1.0,1.0
19,280,8.07087096041136,6.649512788327842,1.0,0.0,0.0,0.0,1.0,1.0
20,280,7.878913946314602,0.0,1.0,1.0,0.0,0.0,0.0,1.0
21,280,3.717543448924716,3.8907509022594,1.0,1.0,0.0,0.0,0.0,1.0
22,280,7.064393415336849,5.887388576143344,0.0,0.0,1.0,1.0,1.0,0.0
23,280,3.112033159466045,11.444220902106412,0.0,1.0,0.0,1.0,0.0,1.0
24,280,0.0,5.272603708234192,0.0,0.0,0.0,1.0,1.0,1.0
25,280,10.36412107387148,12.0,0.0,0.0,0.0,1.0,1.0,1.0
26,280,2.362095563096442,0.0423455896149654,1.0,0.0,0.0,0.0,1.0,1.0
27,280,12.0,1.4246687071227386,0.0,1.0,1.0,1.0,0.0,0.0
28,280,2.051056210350386,4.997320455974059,0.0,1.0,0.0,1.0,0.0,1.0
29,280,4.281431441288986,3.979520384876496,1.0,1.0,1.0,0.0,0.0,0.0
0,285,5.126586201447736,4.680486473157203,0.0,0.0,0.0,1.0,1.0,1.0
1,285,8.20027535125426,1.7889874492025033,0.0,1.0,1.0,1.0,0.0,0.0
2,285,8.721344012151983,8.066501967430623,0.0,0.0,1.0,1.0,1.0,0.0
3,285,5.06500938384224,0.8791279378816038,0.0,1.0,0.0,1.0,0.0,1.0
4,285,2.371224258403253,2.636587168960107,1.0,1.0,1.0,0.0,0.0,0.0
5,285,12.0,0.0,1.0,1.0,1.0,0.0,0.0,0.0
6,285,0.4390099735538502,0.1331827104788424,0.0,0.0,1.0,1.0,1.0,0.0
7,285,6.205907380942543,7.64313832028294,0.0,0.0,0.0,1.0,1.0,1.0
8,285,12.0,1.5255212951531576,1.0,0.0,0.0,0.0,1.0,1.0
9,285,12.0,7.516106361371135,1.0,1.0,1.0,0.0,0.0,0.0
10,285,8.536637342716165,0.0,1.0,0.0,1.0,0.0,1.0,0.0
11,285,4.653757992533838,11.78328080237714,0.0,0.0,1.0,1.0,1.0,0.0
12,285,10.88222232833402,8.453434408100815,0.0,0.0,0.0,1.0,1.0,1.0
13,285,8.902809961362474,11.470781200311537,0.0,1.0,1.0,1.0,0.0,0.0
14,285,8.189499003073374,7.5479025408297025,1.0,1.0,0.0,0.0,0.0,1.0
15,285,6.166721846530714,7.522085771588135,1.0,0.0,1.0,0.0,1.0,0.0
16,285,0.0,8.648321335192277,0.0,0.0,0.0,1.0,1.0,1.0
17,285,9.31972981289806,12.0,1.0,0.0,1.0,0.0,1.0,0.0
18,285,9.828701478148632,10.395341222074633,0.0,0.0,0.0,1.0,1.0,1.0
19,285,8.133394653017646,6.63798765188174,1.0,0.0,0.0,0.0,1.0,1.0
20,285,7.907115497223943,0.0,1.0,1.0,0.0,0.0,0.0,1.0
21,285,3.6886160494891858,3.867654066659784,1.0,1.0,0.0,0.0,0.0,1.0
22,285,7.1142843302746455,5.913141103983511,0.0,0.0,1.0,1.0,1.0,0.0
23,285,3.0053762573895204,11.474946497742163,0.0,1.0,0.0,1.0,0.0,1.0
24,285,0.0,5.135038780246519,0.0,0.0,0.0,1.0,1.0,1.0
25,285,10.369846702466251,12.0,0.0,0.0,0.0,1.0,1.0,1.0
26,285,2.207528891827357,0.0842229500617046,1.0,0.0,0.0,0.0,1.0,1.0
27,285,12.0,1.5573924800845171,0.0,1.0,1.0,1.0,0.0,0.0
28,285,2.0627096550286192,4.998520467375087,0.0,1.0,0.0,1.0,0.0,1.0
29,285,4.31067408867675,3.93812010223156,1.0,1.0,1.0,0.0,0.0,0.0
0,290,5.215495147049458,4.694023612984052,0.0,0.0,0.0,1.0,1.0,1.0
1,290,8.22180067565401,1.7084288104691083,0.0,1.0,1.0,1.0,0.0,0.0
2,290,8.718076056101019,8.066502210243055,0.0,0.0,1.0,1.0,1.0,0.0
3,290,4.995690690989282,0.7805907925076356,0.0,1.0,0.0,1.0,0.0,1.0
4,290,2.3611268373116605,2.596534551399122,1.0,1.0,1.0,0.0,0.0,0.0
5,290,12.0,0.0,1.0,1.0,1.0,0.0,0.0,0.0
6,290,0.4465078671350675,0.1348849956406312,0.0,0.0,1.0,1.0,1.0,0.0
7,290,6.208365168892415,7.832935987435594,0.0,0.0,0.0,1.0,1.0,1.0
8,290,12.0,1.4283030146374929,1.0,0.0,0.0,0.0,1.0,1.0
9,290,12.0,7.574437076979993,1.0,1.0,1.0,0.0,0.0,0.0
10,290,8.713249898279033,0.0,1.0,0.0,1.0,0.0,1.0,0.0
11,290,4.614401548779849,11.561693892375589,0.0,0.0,1.0,1.0,1.0,0.0
12,290,10.896763754434158,8.49384393557342,0.0,0.0,0.0,1.0,1.0,1.0
13,290,8.840920042243829,11.615853618727067,0.0,1.0,1.0,1.0,0.0,0.0
14,290,8.131745167867704,7.78286190859036,1.0,1.0,0.0,0.0,0.0,1.0
15,290,6.088725446122687,7.539400513098505,1.0,0.0,1.0,0.0,1.0,0.0
16,290,0.0,8.634118965852128,0.0,0.0,0.0,1.0,1.0,1.0
17,290,9.260458808077596,12.0,1.0,0.0,1.0,0.0,1.0,0.0
18,290,9.760589606401508,10.336206162295888,0.0,0.0,0.0,1.0,1.0,1.0
19,290,8.198117666120613,6.628020885262705,1.0,0.0,0.0,0.0,1.0,1.0
20,290,7.9388981517464785,0.0,1.0,1.0,0.0,0.0,0.0,1.0
21,290,3.656969842890812,3.841484076975308,1.0,1.0,0.0,0.0,0.0,1.0
22,290,7.176134650381247,5.944795847419905,0.0,0.0,1.0,1.0,1.0,0.0
23,290,2.884966529052384,11.511975999957675,0.0,1.0,0.0,1.0,0.0,1.0
24,290,0.0,4.999447466339457,0.0,0.0,0.0,1.0,1.0,1.0
25,290,10.375430287338908,12.0,0.0,0.0,0.0,1.0,1.0,1.0
26,290,2.064544519771001,0.1195453390847366,1.0,0.0,0.0,0.0,1.0,1.0
27,290,12.0,1.683828158297309,0.0,1.0,1.0,1.0,0.0,0.0
28,290,2.058792742545328,4.998044654020799,0.0,1.0,0.0,1.0,0.0,1.0
29,290,4.349026355728186,3.882525717198431,1.0,1.0,1.0,0.0,0.0,0.0
0,295,5.28973849530231,4.7041472472879216,0.0,0.0,0.0,1.0,1.0,1.0
1,295,8.250007454278602,1.5999561659638004,0.0,1.0,1.0,1.0,0.0,0.0
2,295,8.719863946239178,8.066473417283548,0.0,0.0,1.0,1.0,1.0,0.0
3,295,4.9213872173846935,0.6752452810419258,0.0,1.0,0.0,1.0,0.0,1.0
4,295,2.3524191205889373,2.5609392890485982,1.0,1.0,1.0,0.0,0.0,0.0
5,295,12.0,0.0,1.0,1.0,1.0,0.0,0.0,0.0
6,295,0.4440686757030067,0.1342922001602375,0.0,0.0,1.0,1.0,1.0,0.0
7,295,6.212716213158601,8.015197809078327,0.0,0.0,0.0,1.0,1.0,1.0
8,295,12.0,1.3340237285249608,1.0,0.0,0.0,0.0,1.0,1.0
9,295,12.0,7.628938576735615,1.0,1.0,1.0,0.0,0.0,0.0
10,295,8.90406422242484,0.0,1.0,0.0,1.0,0.0,1.0,0.0
11,295,4.581258997346382,11.34398614299509,0.0,0.0,1.0,1.0,1.0,0.0
12,295,10.915560020287348,8.547610937716069,0.0,0.0,0.0,1.0,1.0,1.0
13,295,8.769058834398425,11.77609562049198,0.0,1.0,1.0,1.0,0.0,0.0
14,295,8.07728009953312,7.998116658484543,1.0,1.0,0.0,0.0,0.0,1.0
15,295,6.009767923445139,7.556054966611375,1.0,0.0,1.0,0.0,1.0,0.0
16,295,0.0,8.6228744803808,0.0,0.0,0.0,1.0,1.0,1.0
17,295,9.209105132221667,12.0,1.0,0.0,1.0,0.0,1.0,0.0
18,295,9.700735868627692,10.282390154928452,0.0,0.0,0.0,1.0,1.0,1.0
19,295,8.265556900873722,6.61575445013766,1.0,0.0,0.0,0.0,1.0,1.0
20,295,7.975315914388035,0.0,1.0,1.0,0.0,0.0,0.0,1.0
21,295,3.6228441283571673,3.813514545775619,1.0,1.0,0.0,0.0,0.0,1.0
22,295,7.21809477987984,5.85783470404665,0.0,0.0,1.0,1.0,1.0,0.0
23,295,2.770249096236552,11.548310924752746,0.0,1.0,0.0,1.0,0.0,1.0
24,295,0.0,4.880930301859431,0.0,0.0,0.0,1.0,1.0,1.0
25,295,10.380795379270843,12.0,0.0,0.0,0.0,1.0,1.0,1.0
26,295,1.902383698826452,0.1566896698461909,1.0,0.0,0.0,0.0,1.0,1.0
27,295,12.0,1.8332175411976748,0.0,1.0,1.0,1.0,0.0,0.0
28,295,2.048500631249925,4.996907368966315,0.0,1.0,0.0,1.0,0.0,1.0
29,295,4.387322806130255,3.8253437668576495,1.0,1.0,1.0,0.0,0.0,0.0
