0,0,10.935350216342894,3.026961362026006,0.0,0.0,1.0,1.0,0.0,1.0
1,0,3.992679012156649,9.06566572041554,0.0,1.0,0.0,1.0,1.0,0.0
2,0,3.929513257284978,0.9654209937169528,0.0,0.0,0.0,0.0,1.0,1.0
3,0,10.99727257058058,10.946596515254132,0.0,0.0,1.0,1.0,0.0,1.0
4,0,10.98671214319276,5.056360398312924,0.0,0.0,0.0,1.0,1.0,1.0
5,0,8.971512389667954,12.0,0.0,1.0,0.0,1.0,1.0,0.0
6,0,7.98993605515307,10.080722669605402,0.0,0.0,0.0,1.0,0.0,0.0
7,0,8.0275314627015,4.038190280725262,0.0,0.0,0.0,1.0,0.0,0.0
8,0,6.972802264936806,8.042934555081928,1.0,1.0,0.0,1.0,1.0,0.0
9,0,11.05324880184584,6.044843584073802,0.0,0.0,0.0,0.0,0.0,0.0
10,0,2.980548635129649,7.950353215857626,0.0,0.0,0.0,0.0,1.0,0.0
11,0,4.0285787328999945,4.988564922250683,1.0,0.0,1.0,1.0,0.0,1.0
12,0,1.9694875543149355,8.991089129652204,0.0,1.0,0.0,1.0,0.0,1.0
13,0,10.971013627595688,2.0328126241634865,1.0,1.0,1.0,0.0,0.0,0.0
14,0,3.992604358703906,0.9518516961450376,0.0,0.0,0.0,0.0,1.0,0.0
15,0,5.013710366425278,2.9255291297730865,0.0,0.0,0.0,1.0,0.0,1.0
16,0,9.9749779765605,5.0269263905842205,1.0,1.0,0.0,0.0,1.0,0.0
17,0,7.995672306514208,4.046142942763234,1.0,1.0,0.0,0.0,0.0,0.0
18,0,6.980141663391913,0.0761032475914631,1.0,0.0,0.0,1.0,0.0,0.0
19,0,8.995441817477332,10.072566217365814,0.0,0.0,1.0,1.0,0.0,0.0
20,0,6.027208531066401,8.060200367911449,0.0,1.0,1.0,1.0,0.0,0.0
21,0,9.981437870474943,5.941019121783419,1.0,0.0,1.0,1.0,0.0,0.0
22,0,6.946005571207167,5.009037924604879,1.0,1.0,1.0,0.0,0.0,0.0
23,0,0.9509489945446354,9.996488972833191,0.0,1.0,0.0,0.0,1.0,0.0
24,0,6.017964135737151,4.059714088808361,0.0,0.0,0.0,0.0,1.0,0.0
25,0,11.974529169440451,5.011682009609641,1.0,1.0,1.0,0.0,0.0,0.0
26,0,5.05843427667899,0.0,1.0,0.0,1.0,1.0,0.0,0.0
27,0,2.012705404521298,4.960228764668564,1.0,0.0,1.0,0.0,1.0,0.0
28,0,11.031813199494223,9.043557575739024,0.0,0.0,1.0,0.0,1.0,0.0
29,0,11.001774103941582,5.916261986655375,0.0,1.0,0.0,1.0,0.0,0.0
30,0,11.032362538645026,1.9613737440683208,1.0,0.0,1.0,0.0,0.0,1.0
31,0,7.993709134026158,4.960580851493266,0.0,0.0,1.0,1.0,0.0,1.0
32,0,3.0384474537068047,0.9791364829244666,0.0,1.0,0.0,1.0,0.0,0.0
33,0,0.0,10.987599881993694,1.0,0.0,0.0,0.0,1.0,1.0
34,0,9.937272380335392,3.029012203075319,1.0,1.0,0.0,0.0,0.0,0.0
35,0,0.0,7.954566105074454,1.0,0.0,1.0,0.0,1.0,0.0
36,0,9.964085550040874,9.97845733859402,0.0,1.0,1.0,1.0,0.0,0.0
37,0,1.01521122353223,6.019205653196009,1.0,0.0,1.0,0.0,0.0,1.0
38,0,11.057231675410456,7.01265819727464,1.0,1.0,0.0,1.0,0.0,0.0
39,0,9.960919310809444,7.969207608401703,0.0,0.0,0.0,0.0,0.0,0.0
0,5,10.835977872741866,3.069469307278619,0.0,0.0,1.0,1.0,0.0,1.0
1,5,3.9876195016626728,9.106901848599168,0.0,1.0,0.0,1.0,1.0,0.0
2,5,3.869192827952635,0.9343486348394986,0.0,0.0,0.0,0.0,1.0,1.0
3,5,10.99411359480572,10.886118566692476,0.0,0.0,1.0,1.0,0.0,1.0
4,5,10.974379968544106,5.110615895359943,0.0,0.0,0.0,1.0,1.0,1.0
5,5,8.936097438297594,12.0,0.0,1.0,0.0,1.0,1.0,0.0
6,5,7.98185495888084,10.148586518770088,0.0,0.0,0.0,1.0,0.0,0.0
7,5,8.042551492520266,4.06001110085905,0.0,0.0,0.0,1.0,0.0,0.0
8,5,6.95095125233633,8.078609379117596,1.0,1.0,0.0,1.0,1.0,0.0
9,5,11.12350660121111,6.109002001726648,0.0,0.0,0.0,0.0,0.0,0.0
10,5,2.96397202004534,7.910155755862177,0.0,0.0,0.0,0.0,1.0,0.0
11,5,4.042816726399808,4.983129999812912,1.0,0.0,1.0,1.0,0.0,1.0
12,5,1.934667224953344,8.98108193007425,0.0,1.0,0.0,1.0,0.0,1.0
13,5,10.94413752088856,2.0630874581785528,1.0,1.0,1.0,0.0,0.0,0.0
14,5,3.984114576560717,0.8965789567889234,0.0,0.0,0.0,0.0,1.0,0.0
15,5,5.028477348677135,2.845601599996782,0.0,0.0,0.0,1.0,0.0,1.0
16,5,9.941611055654947,5.06058588628922,1.0,1.0,0.0,0.0,1.0,0.0
17,5,7.994261175599246,4.059468847661218,1.0,1.0,0.0,0.0,0.0,0.0
18,5,6.956831132518823,0.1620516372879214,1.0,0.0,0.0,1.0,0.0,0.0
19,5,8.9905433277589,10.144444339005938,0.0,0.0,1.0,1.0,0.0,0.0
20,5,6.061412268161547,8.131829342228775,0.0,1.0,1.0,1.0,0.0,0.0
21,5,9.961918756168354,5.8811962998520535,1.0,0.0,1.0,1.0,0.0,0.0
22,5,6.91125547372082,5.014537454726494,1.0,1.0,1.0,0.0,0.0,0.0
23,5,0.8911082936527641,9.99242487633919,0.0,1.0,0.0,0.0,1.0,0.0
24,5,6.0366550076295935,4.119275014624072,0.0,0.0,0.0,0.0,1.0,0.0
25,5,11.957292153398363,5.020430721993459,1.0,1.0,1.0,0.0,0.0,0.0
26,5,5.121308440744886,0.0,1.0,0.0,1.0,1.0,0.0,0.0
27,5,2.0302068099767574,4.905235807327066,1.0,0.0,1.0,0.0,1.0,0.0
28,5,11.054307838785894,9.073936482661855,0.0,0.0,1.0,0.0,1.0,0.0
29,5,11.008066384144946,5.826120707355899,0.0,1.0,0.0,1.0,0.0,0.0
30,5,11.07418028584175,1.913136647021925,1.0,0.0,1.0,0.0,0.0,1.0
31,5,7.989210661413624,4.928903411906234,0.0,0.0,1.0,1.0,0.0,1.0
32,5,3.0800463149388344,0.9566443584819014,0.0,1.0,0.0,1.0,0.0,0.0
33,5,0.0,10.96919795053825,1.0,0.0,0.0,0.0,1.0,1.0
34,5,9.86217127159625,3.0599289821704225,1.0,1.0,0.0,0.0,0.0,0.0
35,5,0.0,7.897048471771237,1.0,0.0,1.0,0.0,1.0,0.0
36,5,9.932742353038646,9.95950596315287,0.0,1.0,1.0,1.0,0.0,0.0
37,5,1.034076608576976,6.042199245901395,1.0,0.0,1.0,0.0,0.0,1.0
38,5,11.099875600944843,7.022916893323588,1.0,1.0,0.0,1.0,0.0,0.0
39,5,9.96144849872992,7.969614113536886,0.0,0.0,0.0,0.0,0.0,0.0
0,10,10.73274794100607,3.115291637499748,0.0,0.0,1.0,1.0,0.0,1.0
1,10,3.97890234114841,9.161679269654444,0.0,1.0,0.0,1.0,1.0,0.0
2,10,3.805490059114312,0.9032640730774166,0.0,0.0,0.0,0.0,1.0,1.0
3,10,10.989558666763438,10.816087840944506,0.0,0.0,1.0,1.0,0.0,1.0
4,10,10.962155822108093,5.15835717544701,0.0,0.0,0.0,1.0,1.0,1.0
5,10,8.900529387592185,12.0,0.0,1.0,0.0,1.0,1.0,0.0
6,10,7.976077832463178,10.21250066515123,0.0,0.0,0.0,1.0,0.0,0.0
7,10,8.055281940758515,4.0778874098024325,0.0,0.0,0.0,1.0,0.0,0.0
8,10,6.916509628169651,8.131492430509311,1.0,1.0,0.0,1.0,1.0,0.0
9,10,11.20598084209543,6.182672517629176,0.0,0.0,0.0,0.0,0.0,0.0
10,10,2.949257127855564,7.873317768327328,0.0,0.0,0.0,0.0,1.0,0.0
11,10,4.062554670654762,4.975424799017605,1.0,0.0,1.0,1.0,0.0,1.0
12,10,1.93803383354023,8.982059017900308,0.0,1.0,0.0,1.0,0.0,1.0
13,10,10.913935246882346,2.099867789370785,1.0,1.0,1.0,0.0,0.0,0.0
14,10,3.972802444071856,0.8233842169150516,0.0,0.0,0.0,0.0,1.0,0.0
15,10,5.041903603211076,2.773128268534037,0.0,0.0,0.0,1.0,0.0,1.0
16,10,9.90136952643429,5.103116490827523,1.0,1.0,0.0,0.0,1.0,0.0
17,10,7.99299023156868,4.071440956730167,1.0,1.0,0.0,0.0,0.0,0.0
18,10,7.037659002489657,0.1832215699491513,1.0,0.0,0.0,1.0,0.0,0.0
19,10,8.983251090367535,10.235212663480292,0.0,0.0,1.0,1.0,0.0,0.0
20,10,6.105362127234596,8.213883231894403,0.0,1.0,1.0,1.0,0.0,0.0
21,10,9.948552738319648,5.838787386726965,1.0,0.0,1.0,1.0,0.0,0.0
22,10,6.847158863108672,5.0246296710965765,1.0,1.0,1.0,0.0,0.0,0.0
23,10,0.840208058365489,9.987664984107589,0.0,1.0,0.0,0.0,1.0,0.0
24,10,6.054744961665174,4.179120643452369,0.0,0.0,0.0,0.0,1.0,0.0
25,10,11.923206583205806,5.03887570283216,1.0,1.0,1.0,0.0,0.0,0.0
26,10,5.174644766257387,0.0,1.0,0.0,1.0,1.0,0.0,0.0
27,10,2.0486331763472605,4.849045539428838,1.0,0.0,1.0,0.0,1.0,0.0
28,10,11.067774761616985,9.090995413820703,0.0,0.0,1.0,0.0,1.0,0.0
29,10,11.012913740920393,5.742865134044247,0.0,1.0,0.0,1.0,0.0,0.0
30,10,11.11085668767145,1.868891520642964,1.0,0.0,1.0,0.0,0.0,1.0
31,10,7.9830138374593345,4.886259801851479,0.0,0.0,1.0,1.0,0.0,1.0
32,10,3.1294334778168524,0.9295037797001244,0.0,1.0,0.0,1.0,0.0,0.0
33,10,0.0,10.94847964982031,1.0,0.0,0.0,0.0,1.0,1.0
34,10,9.783883124147309,3.0897413366744035,1.0,1.0,0.0,0.0,0.0,0.0
35,10,0.0,7.830642396854505,1.0,0.0,1.0,0.0,1.0,0.0
36,10,9.905508950176865,9.942075534295643,0.0,1.0,1.0,1.0,0.0,0.0
37,10,1.0510068413469975,6.062724584046355,1.0,0.0,1.0,0.0,0.0,1.0
38,10,11.149936574092871,7.035251356395407,1.0,1.0,0.0,1.0,0.0,0.0
39,10,9.974550061734254,7.980590477119324,0.0,0.0,0.0,0.0,0.0,0.0
0,15,10.630582835113117,3.1611281296954443,0.0,0.0,1.0,1.0,0.0,1.0
1,15,3.968818872631181,9.221281798222911,0.0,1.0,0.0,1.0,1.0,0.0
2,15,3.727157590489397,0.8669296608100782,0.0,0.0,0.0,0.0,1.0,1.0
3,15,10.98543817335987,10.747927130513068,0.0,0.0,1.0,1.0,0.0,1.0
4,15,10.94763655771793,5.208689738303185,0.0,0.0,0.0,1.0,1.0,1.0
5,15,8.856810097886969,12.0,0.0,1.0,0.0,1.0,1.0,0.0
6,15,7.970119192720197,10.269108002121968,0.0,0.0,0.0,1.0,0.0,0.0
7,15,8.071311551182362,4.100434206469034,0.0,0.0,0.0,1.0,0.0,0.0
8,15,6.89077247957693,8.171999462550456,1.0,1.0,0.0,1.0,1.0,0.0
9,15,11.135363613591464,6.26008654777678,0.0,0.0,0.0,0.0,0.0,0.0
10,15,2.928251745695048,7.81966100437744,0.0,0.0,0.0,0.0,1.0,0.0
11,15,4.069089701196013,4.973088489774362,1.0,0.0,1.0,1.0,0.0,1.0
12,15,1.945370063562028,8.984079265333309,0.0,1.0,0.0,1.0,0.0,1.0
13,15,10.86975710702242,2.151463601598218,1.0,1.0,1.0,0.0,0.0,0.0
14,15,3.9596709837225417,0.7421958755916898,0.0,0.0,0.0,0.0,1.0,0.0
15,15,5.060106014359278,2.68008821987818,0.0,0.0,0.0,1.0,0.0,1.0
16,15,9.853890455187685,5.151488335745453,1.0,1.0,0.0,0.0,1.0,0.0
17,15,7.988990650471775,4.104368906921992,1.0,1.0,0.0,0.0,0.0,0.0
18,15,7.138999487695477,0.2091405701384799,1.0,0.0,0.0,1.0,0.0,0.0
19,15,8.980467186446472,10.294542152220597,0.0,0.0,1.0,1.0,0.0,0.0
20,15,6.156270670296039,8.314719631225689,0.0,1.0,1.0,1.0,0.0,0.0
21,15,9.944051955704229,5.824526908407842,1.0,0.0,1.0,1.0,0.0,0.0
22,15,6.78519700041497,5.035538789139423,1.0,1.0,1.0,0.0,0.0,0.0
23,15,0.7743144608953518,9.98124094783015,0.0,1.0,0.0,0.0,1.0,0.0
24,15,6.072682866157525,4.2387599687416655,0.0,0.0,0.0,0.0,1.0,0.0
25,15,11.89911528858371,5.051773798941339,1.0,1.0,1.0,0.0,0.0,0.0
26,15,5.218581011922526,0.0,1.0,0.0,1.0,1.0,0.0,0.0
27,15,2.0707562716531696,4.7829225605072825,1.0,0.0,1.0,0.0,1.0,0.0
28,15,11.072493338598608,9.096920066923913,0.0,0.0,1.0,0.0,1.0,0.0
29,15,11.01925168420083,5.637081439652444,0.0,1.0,0.0,1.0,0.0,0.0
30,15,11.154994287346796,1.8145126982134068,1.0,0.0,1.0,0.0,0.0,1.0
31,15,7.975355134587855,4.82450947142927,0.0,0.0,1.0,1.0,0.0,1.0
32,15,3.190134540872894,0.8956946344555885,0.0,1.0,0.0,1.0,0.0,0.0
33,15,0.0,10.929027255875084,1.0,0.0,0.0,0.0,1.0,1.0
34,15,9.708539348394387,3.118211380007525,1.0,1.0,0.0,0.0,0.0,0.0
35,15,0.0,7.771061881839887,1.0,0.0,1.0,0.0,1.0,0.0
36,15,9.875258628963763,9.922326142018782,0.0,1.0,1.0,1.0,0.0,0.0
37,15,1.076215050803335,6.092672207496781,1.0,0.0,1.0,0.0,0.0,1.0
38,15,11.172550927911733,7.04089541189484,1.0,1.0,0.0,1.0,0.0,0.0
39,15,9.983524702543688,7.9880667811858945,0.0,0.0,0.0,0.0,0.0,0.0
0,20,10.525668715723862,3.2101006465367514,0.0,0.0,1.0,1.0,0.0,1.0
1,20,3.925439121733768,9.213751768600554,0.0,1.0,0.0,1.0,1.0,0.0
2,20,3.65408817807942,0.8314371421377404,0.0,0.0,0.0,0.0,1.0,1.0
3,20,10.98151046756429,10.67853124641929,0.0,0.0,1.0,1.0,0.0,1.0
4,20,10.932095146148944,5.260197875447197,0.0,0.0,0.0,1.0,1.0,1.0
5,20,8.81041325488888,12.0,0.0,1.0,0.0,1.0,1.0,0.0
6,20,7.960809209858668,10.357327349658188,0.0,0.0,0.0,1.0,0.0,0.0
7,20,8.072283115644069,4.101780958790804,0.0,0.0,0.0,1.0,0.0,0.0
8,20,6.857330504511867,8.220227191397619,1.0,1.0,0.0,1.0,1.0,0.0
9,20,11.07827055986903,6.320344895430076,0.0,0.0,0.0,0.0,0.0,0.0
10,20,2.905945673703166,7.766282702340324,0.0,0.0,0.0,0.0,1.0,0.0
11,20,4.081021765703276,4.968733497411948,1.0,0.0,1.0,1.0,0.0,1.0
12,20,1.95963700363217,8.988046751925705,0.0,1.0,0.0,1.0,0.0,1.0
13,20,10.842572264747186,2.183650262524696,1.0,1.0,1.0,0.0,0.0,0.0
14,20,3.9384807922290137,0.6248792225235211,0.0,0.0,0.0,0.0,1.0,0.0
15,20,5.077235863560231,2.5971189012852247,0.0,0.0,0.0,1.0,0.0,1.0
16,20,9.799263197873106,5.205830663116862,1.0,1.0,0.0,0.0,1.0,0.0
17,20,7.982830972394496,4.158868661865892,1.0,1.0,0.0,0.0,0.0,0.0
18,20,7.245207122540518,0.2326955548938958,1.0,0.0,0.0,1.0,0.0,0.0
19,20,8.978484810496553,10.355643038067544,0.0,0.0,1.0,1.0,0.0,0.0
20,20,6.204179195722383,8.41162986175094,0.0,1.0,1.0,1.0,0.0,0.0
21,20,9.941726254621411,5.817362455526705,1.0,0.0,1.0,1.0,0.0,0.0
22,20,6.716994234121222,5.0495801003699565,1.0,1.0,1.0,0.0,0.0,0.0
23,20,0.6977310945246306,9.974684270275716,0.0,1.0,0.0,0.0,1.0,0.0
24,20,6.087742081357062,4.291644762136519,0.0,0.0,0.0,0.0,1.0,0.0
25,20,11.884053082078236,5.059478016387686,1.0,1.0,1.0,0.0,0.0,0.0
26,20,5.266412046587758,0.0,1.0,0.0,1.0,1.0,0.0,0.0
27,20,2.096763816322142,4.705953338997611,1.0,0.0,1.0,0.0,1.0,0.0
28,20,11.082368392965222,9.109299185252672,0.0,0.0,1.0,0.0,1.0,0.0
29,20,11.02776675951269,5.524008322977009,0.0,1.0,0.0,1.0,0.0,0.0
30,20,11.20655629584997,1.7492116881153033,1.0,0.0,1.0,0.0,0.0,1.0
31,20,7.966865340635944,4.754575981849639,0.0,0.0,1.0,1.0,0.0,1.0
32,20,3.243148942576655,0.8661360439853122,0.0,1.0,0.0,1.0,0.0,0.0
33,20,0.0,10.913290279498977,1.0,0.0,0.0,0.0,1.0,1.0
34,20,9.645757844685804,3.1418507682940637,1.0,1.0,0.0,0.0,0.0,0.0
35,20,0.0,7.706917385271219,1.0,0.0,1.0,0.0,1.0,0.0
36,20,9.843276274949616,9.901170874855955,0.0,1.0,1.0,1.0,0.0,0.0
37,20,1.0956892323003564,6.116442103728726,1.0,0.0,1.0,0.0,0.0,1.0
38,20,11.202600238231136,7.048164138475994,1.0,1.0,0.0,1.0,0.0,0.0
39,20,9.97884705856188,7.9843147733153295,0.0,0.0,0.0,0.0,0.0,0.0
0,25,10.431824708967556,3.251984696156524,0.0,0.0,1.0,1.0,0.0,1.0
1,25,3.8956058782154823,9.208381432561431,0.0,1.0,0.0,1.0,1.0,0.0
2,25,3.61760188405266,0.8139789771418744,0.0,0.0,0.0,0.0,1.0,1.0
3,25,10.978415394146628,10.601583592497189,0.0,0.0,1.0,1.0,0.0,1.0
4,25,10.922194154184682,5.293617744167661,0.0,0.0,0.0,1.0,1.0,1.0
5,25,8.764062804527963,12.0,0.0,1.0,0.0,1.0,1.0,0.0
6,25,7.951574952573565,10.430400001247008,0.0,0.0,0.0,1.0,0.0,0.0
7,25,8.07042629825382,4.099210292334411,0.0,0.0,0.0,1.0,0.0,0.0
8,25,6.8269644940807845,8.26414810291225,1.0,1.0,0.0,1.0,1.0,0.0
9,25,11.015799885868494,6.38538590685603,0.0,0.0,0.0,0.0,0.0,0.0
10,25,2.887078685110064,7.720876059577104,0.0,0.0,0.0,0.0,1.0,0.0
11,25,4.071060436931283,4.940344660341836,1.0,0.0,1.0,1.0,0.0,1.0
12,25,1.961846595267631,8.988649627082175,0.0,1.0,0.0,1.0,0.0,1.0
13,25,10.806412552187862,2.2256392722448,1.0,1.0,1.0,0.0,0.0,0.0
14,25,3.9162563623876334,0.5107458032398341,0.0,0.0,0.0,0.0,1.0,0.0
15,25,5.093950328834652,2.512467041686984,0.0,0.0,0.0,1.0,0.0,1.0
16,25,9.736789669881937,5.264525578516381,1.0,1.0,0.0,0.0,1.0,0.0
17,25,7.97653846982684,4.214627343480963,1.0,1.0,0.0,0.0,0.0,0.0
18,25,7.32707757725755,0.2512894076205975,1.0,0.0,0.0,1.0,0.0,0.0
19,25,8.976200029889142,10.42901007039121,0.0,0.0,1.0,1.0,0.0,0.0
20,25,6.248581893158827,8.503742222945663,0.0,1.0,1.0,1.0,0.0,0.0
21,25,9.940792145380854,5.814671149644747,1.0,0.0,1.0,1.0,0.0,0.0
22,25,6.651337855971226,5.062691872496343,1.0,1.0,1.0,0.0,0.0,0.0
23,25,0.6078574482900456,9.967432185952784,0.0,1.0,0.0,0.0,1.0,0.0
24,25,6.097264672314589,4.324761999863624,0.0,0.0,0.0,0.0,1.0,0.0
25,25,11.877303612212245,5.0631259283625765,1.0,1.0,1.0,0.0,0.0,0.0
26,25,5.30340749875674,0.0,1.0,0.0,1.0,1.0,0.0,0.0
27,25,2.1250592211951957,4.627069508495002,1.0,0.0,1.0,0.0,1.0,0.0
28,25,11.100771429746716,9.131932216881328,0.0,0.0,1.0,0.0,1.0,0.0
29,25,11.038249573598456,5.398760461904509,0.0,1.0,0.0,1.0,0.0,0.0
30,25,11.24642227647718,1.6990482919938912,1.0,0.0,1.0,0.0,0.0,1.0
31,25,7.958189957791709,4.682793372994208,0.0,0.0,1.0,1.0,0.0,1.0
32,25,3.290030680382066,0.8401070918783268,0.0,1.0,0.0,1.0,0.0,0.0
33,25,0.0,10.900455938572698,1.0,0.0,0.0,0.0,1.0,1.0
34,25,9.566101924607525,3.170435609729636,1.0,1.0,0.0,0.0,0.0,0.0
35,25,0.0,7.63632945710665,1.0,0.0,1.0,0.0,1.0,0.0
36,25,9.80945616835299,9.8801807181138,0.0,1.0,1.0,1.0,0.0,0.0
37,25,1.1133886267684188,6.137464853394265,1.0,0.0,1.0,0.0,0.0,1.0
38,25,11.247775573270726,7.058400795647917,1.0,1.0,0.0,1.0,0.0,0.0
39,25,9.972485364684507,7.979327069006302,0.0,0.0,0.0,0.0,0.0,0.0
0,30,10.354011721268648,3.2876227707109136,0.0,0.0,1.0,1.0,0.0,1.0
1,30,3.8908976418537664,9.207635133097444,0.0,1.0,0.0,1.0,1.0,0.0
2,30,3.5950656173454387,0.8031262259869082,0.0,0.0,0.0,0.0,1.0,1.0
3,30,10.975100434391932,10.506444646421674,0.0,0.0,1.0,1.0,0.0,1.0
4,30,10.909338288299232,5.3343982797045655,0.0,0.0,0.0,1.0,1.0,1.0
5,30,8.713721849517848,12.0,0.0,1.0,0.0,1.0,1.0,0.0
6,30,7.9434764953921775,10.48827436918139,0.0,0.0,0.0,1.0,0.0,0.0
7,30,8.06557262070201,4.09211607905525,0.0,0.0,0.0,1.0,0.0,0.0
8,30,6.789192277965459,8.317363021101759,1.0,1.0,0.0,1.0,1.0,0.0
9,30,10.949960216925804,6.456492689776804,0.0,0.0,0.0,0.0,0.0,0.0
10,30,2.86028321214683,7.659314091827445,0.0,0.0,0.0,0.0,1.0,0.0
11,30,4.065721539754963,4.922231732852977,1.0,0.0,1.0,1.0,0.0,1.0
12,30,1.9639042151820705,8.9891746667236,0.0,1.0,0.0,1.0,0.0,1.0
13,30,10.764513470295803,2.2761987012858262,1.0,1.0,1.0,0.0,0.0,0.0
14,30,3.9011605925105366,0.4246790844545885,0.0,0.0,0.0,0.0,1.0,0.0
15,30,5.112482958932828,2.4100531430476826,0.0,0.0,0.0,1.0,0.0,1.0
16,30,9.67058975764121,5.32292205468977,1.0,1.0,0.0,0.0,1.0,0.0
17,30,7.970276183920411,4.258126991766936,1.0,1.0,0.0,0.0,0.0,0.0
18,30,7.403265075664455,0.270101641312565,1.0,0.0,0.0,1.0,0.0,0.0
19,30,8.972785746399623,10.49704542652908,0.0,0.0,1.0,1.0,0.0,0.0
20,30,6.2969500924062585,8.600177522023897,0.0,1.0,1.0,1.0,0.0,0.0
21,30,9.942421073138638,5.819475263862788,1.0,0.0,1.0,1.0,0.0,0.0
22,30,6.565465677294211,5.078994859840954,1.0,1.0,1.0,0.0,0.0,0.0
23,30,0.5293734826083734,9.962997220770715,0.0,1.0,0.0,0.0,1.0,0.0
24,30,6.118804800248996,4.40453646829054,0.0,0.0,0.0,0.0,1.0,0.0
25,30,11.871526174463977,5.066514836015991,1.0,1.0,1.0,0.0,0.0,0.0
26,30,5.323443949057316,0.0,1.0,0.0,1.0,1.0,0.0,0.0
27,30,2.152008779326388,4.5517350541126165,1.0,0.0,1.0,0.0,1.0,0.0
28,30,11.123465156788663,9.160378032627614,0.0,0.0,1.0,0.0,1.0,0.0
29,30,11.0512082586674,5.255746981380441,0.0,1.0,0.0,1.0,0.0,0.0
30,30,11.290603128548828,1.6446776451307106,1.0,0.0,1.0,0.0,0.0,1.0
31,30,7.947925642822555,4.61057998671521,0.0,0.0,1.0,1.0,0.0,1.0
32,30,3.3425917662194853,0.8110093262069745,0.0,1.0,0.0,1.0,0.0,0.0
33,30,0.0,10.885168862011046,1.0,0.0,0.0,0.0,1.0,1.0
34,30,9.491456282217928,3.1967470368069004,1.0,1.0,0.0,0.0,0.0,0.0
35,30,0.0,7.591237632481517,1.0,0.0,1.0,0.0,1.0,0.0
36,30,9.786471347150028,9.916026870722677,0.0,1.0,1.0,1.0,0.0,0.0
37,30,1.1229740399737664,6.149118117258859,1.0,0.0,1.0,0.0,0.0,1.0
38,30,11.27573050255041,7.064570929164315,1.0,1.0,0.0,1.0,0.0,0.0
39,30,9.987821276799703,7.991250600505197,0.0,0.0,0.0,0.0,0.0,0.0
0,35,10.283075652711297,3.319155385831837,0.0,0.0,1.0,1.0,0.0,1.0
1,35,3.885735086305915,9.206774141701612,0.0,1.0,0.0,1.0,1.0,0.0
2,35,3.574288820916605,0.7930125450411539,0.0,0.0,0.0,0.0,1.0,1.0
3,35,10.972242492247895,10.426590833293092,0.0,0.0,1.0,1.0,0.0,1.0
4,35,10.898071529864575,5.373065788173153,0.0,0.0,0.0,1.0,1.0,1.0
5,35,8.659217775432374,12.0,0.0,1.0,0.0,1.0,1.0,0.0
6,35,7.9369146935840895,10.537537336955062,0.0,0.0,0.0,1.0,0.0,0.0
7,35,8.055810778074028,4.07701794512649,0.0,0.0,0.0,1.0,0.0,0.0
8,35,6.750363325434749,8.370975002631559,1.0,1.0,0.0,1.0,1.0,0.0
9,35,10.85506028178653,6.556082189167532,0.0,0.0,0.0,0.0,0.0,0.0
10,35,2.82997284192956,7.593007852728186,0.0,0.0,0.0,0.0,1.0,0.0
11,35,4.064673876971948,4.9190534291163726,1.0,0.0,1.0,1.0,0.0,1.0
12,35,1.9649950166825592,8.989440704931559,0.0,1.0,0.0,1.0,0.0,1.0
13,35,10.721546062445489,2.3280317868935736,1.0,1.0,1.0,0.0,0.0,0.0
14,35,3.888038475655464,0.3459749673870002,0.0,0.0,0.0,0.0,1.0,0.0
15,35,5.132822355240707,2.2967908152729404,0.0,0.0,0.0,1.0,0.0,1.0
16,35,9.596488459577456,5.388519961873715,1.0,1.0,0.0,0.0,1.0,0.0
17,35,7.962247036705795,4.313958134507722,1.0,1.0,0.0,0.0,0.0,0.0
18,35,7.478928727153002,0.2891459154617015,1.0,0.0,0.0,1.0,0.0,0.0
19,35,8.967851994631529,10.586172044143868,0.0,0.0,1.0,1.0,0.0,0.0
20,35,6.34639577149236,8.705126005513547,0.0,1.0,1.0,1.0,0.0,0.0
21,35,9.945403862963117,5.829515477017737,1.0,0.0,1.0,1.0,0.0,0.0
22,35,6.493390498857245,5.092614654982547,1.0,1.0,1.0,0.0,0.0,0.0
23,35,0.447508736515196,9.955975239750938,0.0,1.0,0.0,0.0,1.0,0.0
24,35,6.14390399138127,4.495193469921474,0.0,0.0,0.0,0.0,1.0,0.0
25,35,11.867547152941867,5.068786839106366,1.0,1.0,1.0,0.0,0.0,0.0
26,35,5.372408785077684,0.0,1.0,0.0,1.0,1.0,0.0,0.0
27,35,2.188309933476696,4.456370979860976,1.0,0.0,1.0,0.0,1.0,0.0
28,35,11.150531888424696,9.138693532299456,0.0,0.0,1.0,0.0,1.0,0.0
29,35,11.062471591587643,5.116819922597409,0.0,1.0,0.0,1.0,0.0,0.0
30,35,11.323952301321436,1.6010907342994891,1.0,0.0,1.0,0.0,0.0,1.0
31,35,7.940082524364538,4.557965494970469,0.0,0.0,1.0,1.0,0.0,1.0
32,35,3.38623658050009,0.785162725887169,0.0,1.0,0.0,1.0,0.0,0.0
33,35,0.0,10.870748755020813,1.0,0.0,0.0,0.0,1.0,1.0
34,35,9.406081848685655,3.228195886595157,1.0,1.0,0.0,0.0,0.0,0.0
35,35,0.0,7.540655745100693,1.0,0.0,1.0,0.0,1.0,0.0
36,35,9.762885518311782,9.9506271994188,0.0,1.0,1.0,1.0,0.0,0.0
37,35,1.1400642472144025,6.169714057129438,1.0,0.0,1.0,0.0,0.0,1.0
38,35,11.303188977508253,7.069525451125903,1.0,1.0,0.0,1.0,0.0,0.0
39,35,10.011730377050435,8.009535895692178,0.0,0.0,0.0,0.0,0.0,0.0
0,40,10.216952607463355,3.3481940103181103,0.0,0.0,1.0,1.0,0.0,1.0
1,40,3.8890336229720095,9.20736043875375,0.0,1.0,0.0,1.0,1.0,0.0
2,40,3.552108102045797,0.7815785702001387,0.0,0.0,0.0,0.0,1.0,1.0
3,40,10.971400786299572,10.359997690026544,0.0,0.0,1.0,1.0,0.0,1.0
4,40,10.887970582095909,5.406680558431355,0.0,0.0,0.0,1.0,1.0,1.0
5,40,8.617166428331531,12.0,0.0,1.0,0.0,1.0,1.0,0.0
6,40,7.927553085897426,10.601786827670074,0.0,0.0,0.0,1.0,0.0,0.0
7,40,8.045593680488544,4.061738563502671,0.0,0.0,0.0,1.0,0.0,0.0
8,40,6.715236909356739,8.418878059608552,1.0,1.0,0.0,1.0,1.0,0.0
9,40,10.756839926977882,6.659961309457112,0.0,0.0,0.0,0.0,0.0,0.0
10,40,2.805463605041253,7.542471740050708,0.0,0.0,0.0,0.0,1.0,0.0
11,40,4.064686220137696,4.919092429498353,1.0,0.0,1.0,1.0,0.0,1.0
12,40,1.9579175782685443,8.987820772653501,0.0,1.0,0.0,1.0,0.0,1.0
13,40,10.67485621072769,2.383476598424955,1.0,1.0,1.0,0.0,0.0,0.0
14,40,3.8765048652204,0.2767310104732101,0.0,0.0,0.0,0.0,1.0,0.0
15,40,5.153273871830839,2.1923309625202783,0.0,0.0,0.0,1.0,0.0,1.0
16,40,9.528025556776472,5.44644689571378,1.0,1.0,0.0,0.0,1.0,0.0
17,40,7.955319137825317,4.371272165429679,1.0,1.0,0.0,0.0,0.0,0.0
18,40,7.564808324157303,0.3090523067484306,1.0,0.0,0.0,1.0,0.0,0.0
19,40,8.963700340269344,10.67440188697366,0.0,0.0,1.0,1.0,0.0,0.0
20,40,6.392004930868311,8.80010704147785,0.0,1.0,1.0,1.0,0.0,0.0
21,40,9.939661807092191,5.8107911403911405,1.0,0.0,1.0,1.0,0.0,0.0
22,40,6.4148197455724425,5.10803439432596,1.0,1.0,1.0,0.0,0.0,0.0
23,40,0.3795549583918357,9.950374809144874,0.0,1.0,0.0,0.0,1.0,0.0
24,40,6.17102247561848,4.586759386144497,0.0,0.0,0.0,0.0,1.0,0.0
25,40,11.86569856643498,5.069852276167173,1.0,1.0,1.0,0.0,0.0,0.0
26,40,5.394178346413633,0.0,1.0,0.0,1.0,1.0,0.0,0.0
27,40,2.2215083121660557,4.368551318870478,1.0,0.0,1.0,0.0,1.0,0.0
28,40,11.169090914341286,9.124067993926513,0.0,0.0,1.0,0.0,1.0,0.0
29,40,11.072992338345092,4.993497673459919,0.0,1.0,0.0,1.0,0.0,0.0
30,40,11.35349862540846,1.5630060782056194,1.0,0.0,1.0,0.0,0.0,1.0
31,40,7.93424783006775,4.518799904623037,0.0,0.0,1.0,1.0,0.0,1.0
32,40,3.421523404872992,0.7650570361784345,0.0,1.0,0.0,1.0,0.0,0.0
33,40,0.0,10.860962033893054,1.0,0.0,0.0,0.0,1.0,1.0
34,40,9.337594203231058,3.2543170686818383,1.0,1.0,0.0,0.0,0.0,0.0
35,40,0.0,7.5170373871965,1.0,0.0,1.0,0.0,1.0,0.0
36,40,9.757397856435755,9.958802357127894,0.0,1.0,1.0,1.0,0.0,0.0
37,40,1.1681420015277757,6.203852768250199,1.0,0.0,1.0,0.0,0.0,1.0
38,40,11.323501473986772,7.073520008440835,1.0,1.0,0.0,1.0,0.0,0.0
39,40,10.036700702169508,8.029181920042715,0.0,0.0,0.0,0.0,0.0,0.0
0,45,10.172489506888134,3.3660351730881928,0.0,0.0,1.0,1.0,0.0,1.0
1,45,3.911623269608608,9.211614116047668,0.0,1.0,0.0,1.0,1.0,0.0
2,45,3.530800443762281,0.7701880067026211,0.0,0.0,0.0,0.0,1.0,1.0
3,45,10.970542675547543,10.30075340730528,0.0,0.0,1.0,1.0,0.0,1.0
4,45,10.87953349689002,5.434527983814266,0.0,0.0,0.0,1.0,1.0,1.0
5,45,8.576775072281647,12.0,0.0,1.0,0.0,1.0,1.0,0.0
6,45,7.921070595134814,10.654878671491652,0.0,0.0,0.0,1.0,0.0,0.0
7,45,8.03667751085356,4.048825197376795,0.0,0.0,0.0,1.0,0.0,0.0
8,45,6.680567742948707,8.466622614046532,1.0,1.0,0.0,1.0,1.0,0.0
9,45,10.635627341278967,6.786440966362667,0.0,0.0,0.0,0.0,0.0,0.0
10,45,2.7709967352210243,7.472835527214072,0.0,0.0,0.0,0.0,1.0,0.0
11,45,4.062456402986461,4.912058207659558,1.0,0.0,1.0,1.0,0.0,1.0
12,45,1.9409755614244109,8.984337940054349,0.0,1.0,0.0,1.0,0.0,1.0
13,45,10.616699485757444,2.450959092775084,1.0,1.0,1.0,0.0,0.0,0.0
14,45,3.868108796112554,0.2253235859108048,0.0,0.0,0.0,0.0,1.0,0.0
15,45,5.16792845357327,2.1208780093775843,0.0,0.0,0.0,1.0,0.0,1.0
16,45,9.445920685736466,5.511032256830132,1.0,1.0,0.0,0.0,1.0,0.0
17,45,7.949059632920586,4.424458685129567,1.0,1.0,0.0,0.0,0.0,0.0
18,45,7.542459421542976,0.4155083622264716,1.0,0.0,0.0,1.0,0.0,0.0
19,45,8.95963393144992,10.76470787094344,0.0,0.0,1.0,1.0,0.0,0.0
20,45,6.448782271333372,8.92004282695656,0.0,1.0,1.0,1.0,0.0,0.0
21,45,9.932090774050724,5.7841088040140445,1.0,0.0,1.0,1.0,0.0,0.0
22,45,6.336845855884333,5.121654632225084,1.0,1.0,1.0,0.0,0.0,0.0
23,45,0.298856909163491,9.944740725572109,0.0,1.0,0.0,0.0,1.0,0.0
24,45,6.202074635296765,4.692212062231225,0.0,0.0,0.0,0.0,1.0,0.0
25,45,11.8642291935622,5.070790600664774,1.0,1.0,1.0,0.0,0.0,0.0
26,45,5.418351211238052,0.0,1.0,0.0,1.0,1.0,0.0,0.0
27,45,2.2537995566640525,4.280865445607468,1.0,0.0,1.0,0.0,1.0,0.0
28,45,11.19057127742886,9.107815861056434,0.0,0.0,1.0,0.0,1.0,0.0
29,45,11.08634513037594,4.851288094034169,0.0,1.0,0.0,1.0,0.0,0.0
30,45,11.385084378541997,1.520380570459449,1.0,0.0,1.0,0.0,0.0,1.0
31,45,7.931725864747828,4.501958938063965,0.0,0.0,1.0,1.0,0.0,1.0
32,45,3.474424689042825,0.7344122371303526,0.0,1.0,0.0,1.0,0.0,0.0
33,45,0.0,10.847757292679065,1.0,0.0,0.0,0.0,1.0,1.0
34,45,9.281551877380473,3.2782464380677863,1.0,1.0,0.0,0.0,0.0,0.0
35,45,0.0,7.499966466786558,1.0,0.0,1.0,0.0,1.0,0.0
36,45,9.75635351356958,9.960373838993236,0.0,1.0,1.0,1.0,0.0,0.0
37,45,1.2171853664694832,6.261737525930671,1.0,0.0,1.0,0.0,0.0,1.0
38,45,11.352390542332802,7.07988705936521,1.0,1.0,0.0,1.0,0.0,0.0
39,45,10.06410257982336,8.050833789948651,0.0,0.0,0.0,0.0,0.0,0.0
0,50,10.12936030303984,3.382938602609859,0.0,0.0,1.0,1.0,0.0,1.0
1,50,3.928705808393005,9.214489468016891,0.0,1.0,0.0,1.0,1.0,0.0
2,50,3.533947904083286,0.7638341237854662,0.0,0.0,0.0,0.0,1.0,1.0
3,50,10.969650096650224,10.231175114630522,0.0,0.0,1.0,1.0,0.0,1.0
4,50,10.87420036115526,5.451192864970655,0.0,0.0,0.0,1.0,1.0,1.0
5,50,8.536502694499825,12.0,0.0,1.0,0.0,1.0,1.0,0.0
6,50,7.915776912173855,10.69578433900578,0.0,0.0,0.0,1.0,0.0,0.0
7,50,8.039133690207391,4.052705087086662,0.0,0.0,0.0,1.0,0.0,0.0
8,50,6.651087380367668,8.506577148031718,1.0,1.0,0.0,1.0,1.0,0.0
9,50,10.507288524089468,6.659708161404917,0.0,0.0,0.0,0.0,0.0,0.0
10,50,2.7351789646302223,7.4036303387280835,0.0,0.0,0.0,0.0,1.0,0.0
11,50,4.054356877156704,4.887467254217706,1.0,0.0,1.0,1.0,0.0,1.0
12,50,1.92716896807671,8.981833094088309,0.0,1.0,0.0,1.0,0.0,1.0
13,50,10.561368414342116,2.5120383435434794,1.0,1.0,1.0,0.0,0.0,0.0
14,50,3.8600570567511,0.1788593217337446,0.0,0.0,0.0,0.0,1.0,0.0
15,50,5.185768304115514,2.041478319328157,0.0,0.0,0.0,1.0,0.0,1.0
16,50,9.365577893911972,5.576557024217182,1.0,1.0,0.0,0.0,1.0,0.0
17,50,7.941294559945105,4.497943688836431,1.0,1.0,0.0,0.0,0.0,0.0
18,50,7.523391748529269,0.5135511587873821,1.0,0.0,0.0,1.0,0.0,0.0
19,50,8.951302373385392,10.860271898809708,0.0,0.0,1.0,1.0,0.0,0.0
20,50,6.502216372831338,9.032507010129113,0.0,1.0,1.0,1.0,0.0,0.0
21,50,9.91439956200346,5.722756921276181,1.0,0.0,1.0,1.0,0.0,0.0
22,50,6.271036817145908,5.133201199890809,1.0,1.0,1.0,0.0,0.0,0.0
23,50,0.2193194643936655,9.936599188640558,0.0,1.0,0.0,0.0,1.0,0.0
24,50,6.235175220053836,4.80228625596486,0.0,0.0,0.0,0.0,1.0,0.0
25,50,11.852711708479946,5.077886993285497,1.0,1.0,1.0,0.0,0.0,0.0
26,50,5.441897895695204,0.0,1.0,0.0,1.0,1.0,0.0,0.0
27,50,2.282300197747035,4.203600533800556,1.0,0.0,1.0,0.0,1.0,0.0
28,50,11.215118874986109,9.088346741458832,0.0,0.0,1.0,0.0,1.0,0.0
29,50,11.098502180122008,4.738494551014121,0.0,1.0,0.0,1.0,0.0,0.0
30,50,11.430788108958224,1.4559210009298127,1.0,0.0,1.0,0.0,0.0,1.0
31,50,7.930874203971505,4.496365168979561,0.0,0.0,1.0,1.0,0.0,1.0
32,50,3.5220580830386967,0.704678379410089,0.0,1.0,0.0,1.0,0.0,0.0
33,50,0.0,10.834525344516154,1.0,0.0,0.0,0.0,1.0,1.0
34,50,9.218520076644865,3.3059384284090143,1.0,1.0,0.0,0.0,0.0,0.0
35,50,0.0,7.4976907901471055,1.0,0.0,1.0,0.0,1.0,0.0
36,50,9.766043025297064,9.945884397714606,0.0,1.0,1.0,1.0,0.0,0.0
37,50,1.272703979586862,6.327716437730914,1.0,0.0,1.0,0.0,0.0,1.0
38,50,11.373182346429935,7.0847668738820655,1.0,1.0,0.0,1.0,0.0,0.0
39,50,10.0681117369993,8.053921995581609,0.0,0.0,0.0,0.0,0.0,0.0
0,55,10.095214319594316,3.3963954990705894,0.0,0.0,1.0,1.0,0.0,1.0
1,55,3.950878506662928,9.21812938207696,0.0,1.0,0.0,1.0,1.0,0.0
2,55,3.54029703803156,0.7501462931252639,0.0,0.0,0.0,0.0,1.0,1.0
3,55,10.969707471269396,10.156262850148174,0.0,0.0,1.0,1.0,0.0,1.0
4,55,10.86187284302021,5.487949944189838,0.0,0.0,0.0,1.0,1.0,1.0
5,55,8.496129954584953,12.0,0.0,1.0,0.0,1.0,1.0,0.0
6,55,7.910339553396289,10.73640343758444,0.0,0.0,0.0,1.0,0.0,0.0
7,55,8.047644914754674,4.066738574217669,0.0,0.0,0.0,1.0,0.0,0.0
8,55,6.624985282770935,8.540753076665263,1.0,1.0,0.0,1.0,1.0,0.0
9,55,10.377085510666197,6.536562045386249,0.0,0.0,0.0,0.0,0.0,0.0
10,55,2.70516850367516,7.344959727131756,0.0,0.0,0.0,0.0,1.0,0.0
11,55,4.042401177559071,4.850009499894182,1.0,0.0,1.0,1.0,0.0,1.0
12,55,1.9191163894020484,8.980144046260257,0.0,1.0,0.0,1.0,0.0,1.0
13,55,10.489518244106629,2.589014542015246,1.0,1.0,1.0,0.0,0.0,0.0
14,55,3.854786620619824,0.1500014174202517,0.0,0.0,0.0,0.0,1.0,0.0
15,55,5.203444629979601,1.9546994596494225,0.0,0.0,0.0,1.0,0.0,1.0
16,55,9.291384533087813,5.63861865080172,1.0,1.0,0.0,0.0,1.0,0.0
17,55,7.936039067007423,4.540517396052544,1.0,1.0,0.0,0.0,0.0,0.0
18,55,7.494085180157681,0.6474793932844431,1.0,0.0,0.0,1.0,0.0,0.0
19,55,8.938499972406971,10.958967400009469,0.0,0.0,1.0,1.0,0.0,0.0
20,55,6.5628887997843,9.16383060150534,0.0,1.0,1.0,1.0,0.0,0.0
21,55,9.894813053543684,5.655765419879969,1.0,0.0,1.0,1.0,0.0,0.0
22,55,6.201487507669626,5.144880995382311,1.0,1.0,1.0,0.0,0.0,0.0
23,55,0.1448056536589381,9.92885492076542,0.0,1.0,0.0,0.0,1.0,0.0
24,55,6.264328373098937,4.905529661741316,0.0,0.0,0.0,0.0,1.0,0.0
25,55,11.847446808198953,5.081142977549914,1.0,1.0,1.0,0.0,0.0,0.0
26,55,5.456249193655989,0.0,1.0,0.0,1.0,1.0,0.0,0.0
27,55,2.302474080885815,4.146870070566751,1.0,0.0,1.0,0.0,1.0,0.0
28,55,11.228208265228345,9.078124788200666,0.0,0.0,1.0,0.0,1.0,0.0
29,55,11.112222673790756,4.5997982758237566,0.0,1.0,0.0,1.0,0.0,0.0
30,55,11.478156986040588,1.3829090710043663,1.0,0.0,1.0,0.0,0.0,1.0
31,55,7.935222397978209,4.51942532049755,0.0,0.0,1.0,1.0,0.0,1.0
32,55,3.5488708716476425,0.6892834742811973,0.0,1.0,0.0,1.0,0.0,0.0
33,55,0.0,10.825931734605422,1.0,0.0,0.0,0.0,1.0,1.0
34,55,9.15759118949306,3.3307493559536825,1.0,1.0,0.0,0.0,0.0,0.0
35,55,0.0001090401552751,7.50028723323396,1.0,0.0,1.0,0.0,1.0,0.0
36,55,9.768630275941138,9.94191410619733,0.0,1.0,1.0,1.0,0.0,0.0
37,55,1.3392966709383227,6.405266014327802,1.0,0.0,1.0,0.0,0.0,1.0
38,55,11.400105500510142,7.090639719814033,1.0,1.0,0.0,1.0,0.0,0.0
39,55,10.063667833714838,8.050653623326406,0.0,0.0,0.0,0.0,0.0,0.0
0,60,10.038860382074237,3.416779989646076,0.0,0.0,1.0,1.0,0.0,1.0
1,60,3.973798983372582,9.22212527160785,0.0,1.0,0.0,1.0,1.0,0.0
2,60,3.55076030791112,0.728024503046979,0.0,0.0,0.0,0.0,1.0,1.0
3,60,10.96546834587728,10.074504094155216,0.0,0.0,1.0,1.0,0.0,1.0
4,60,10.848379921396775,5.527514901079509,0.0,0.0,0.0,1.0,1.0,1.0
5,60,8.45031749960734,12.0,0.0,1.0,0.0,1.0,1.0,0.0
6,60,7.905916660050859,10.76798749875551,0.0,0.0,0.0,1.0,0.0,0.0
7,60,8.040161383524982,4.053870224986074,0.0,0.0,0.0,1.0,0.0,0.0
8,60,6.605106317697516,8.564829079512405,1.0,1.0,0.0,1.0,1.0,0.0
9,60,10.245329627390795,6.410905122384462,0.0,0.0,0.0,0.0,0.0,0.0
10,60,2.676392812910238,7.288739697706077,0.0,0.0,0.0,0.0,1.0,0.0
11,60,4.034277563294899,4.822792039342291,1.0,0.0,1.0,1.0,0.0,1.0
12,60,1.9215299107075887,8.980695060462025,0.0,1.0,0.0,1.0,0.0,1.0
13,60,10.419077891636274,2.66647665046163,1.0,1.0,1.0,0.0,0.0,0.0
14,60,3.850423921421812,0.1238796297853067,0.0,0.0,0.0,0.0,1.0,0.0
15,60,5.221546984129166,1.860925802099465,0.0,0.0,0.0,1.0,0.0,1.0
16,60,9.195193142743692,5.716179294305094,1.0,1.0,0.0,0.0,1.0,0.0
17,60,7.931519836185129,4.570300457646494,1.0,1.0,0.0,0.0,0.0,0.0
18,60,7.463882872835217,0.7796868674542679,1.0,0.0,0.0,1.0,0.0,0.0
19,60,8.926216609410229,11.06818404012856,0.0,0.0,1.0,1.0,0.0,0.0
20,60,6.621109586327817,9.299005754186592,0.0,1.0,1.0,1.0,0.0,0.0
21,60,9.88270100831215,5.613266362102948,1.0,0.0,1.0,1.0,0.0,0.0
22,60,6.1319865733991366,5.156869029138379,1.0,1.0,1.0,0.0,0.0,0.0
23,60,0.0573058852462061,9.919804202228203,0.0,1.0,0.0,0.0,1.0,0.0
24,60,6.291895805770266,4.99607653776144,0.0,0.0,0.0,0.0,1.0,0.0
25,60,11.859586123441554,5.074195605032779,1.0,1.0,1.0,0.0,0.0,0.0
26,60,5.452185670606659,0.002314534800437,1.0,0.0,1.0,1.0,0.0,0.0
27,60,2.325647720373856,4.082464422996054,1.0,0.0,1.0,0.0,1.0,0.0
28,60,11.27025191394083,9.047395145143067,0.0,0.0,1.0,0.0,1.0,0.0
29,60,11.126093403657954,4.477074700315597,0.0,1.0,0.0,1.0,0.0,0.0
30,60,11.549692133478162,1.428282801655274,1.0,0.0,1.0,0.0,0.0,1.0
31,60,7.937470458446745,4.531081565798588,0.0,0.0,1.0,1.0,0.0,1.0
32,60,3.580030242035797,0.671348933251006,0.0,1.0,0.0,1.0,0.0,0.0
33,60,0.0,10.806890676229116,1.0,0.0,0.0,0.0,1.0,1.0
34,60,9.098513902423743,3.356265289420996,1.0,1.0,0.0,0.0,0.0,0.0
35,60,7.38655200168919e-07,7.49747705749326,1.0,0.0,1.0,0.0,1.0,0.0
36,60,9.782416016777267,9.920847805257011,0.0,1.0,1.0,1.0,0.0,0.0
37,60,1.408835825990883,6.487311328351623,1.0,0.0,1.0,0.0,0.0,1.0
38,60,11.396592609820976,7.105852020065144,1.0,1.0,0.0,1.0,0.0,0.0
39,60,10.065870800626913,8.052277843077094,0.0,0.0,0.0,0.0,0.0,0.0
0,65,10.008076390127128,3.4277165759989368,0.0,0.0,1.0,1.0,0.0,1.0
1,65,3.989980936621733,9.225251726932862,0.0,1.0,0.0,1.0,1.0,0.0
2,65,3.561443653992918,0.7039309653447828,0.0,0.0,0.0,0.0,1.0,1.0
3,65,10.962914095855105,10.012658722836909,0.0,0.0,1.0,1.0,0.0,1.0
4,65,10.832090969011896,5.572468937225093,0.0,0.0,0.0,1.0,1.0,1.0
5,65,8.39699490703447,12.0,0.0,1.0,0.0,1.0,1.0,0.0
6,65,7.900958909422962,10.799413096875789,0.0,0.0,0.0,1.0,0.0,0.0
7,65,8.02048030589395,4.020038476844244,0.0,0.0,0.0,1.0,0.0,0.0
8,65,6.5860574875534095,8.587298423176618,1.0,1.0,0.0,1.0,1.0,0.0
9,65,10.119413464649448,6.284833866732717,0.0,0.0,0.0,0.0,0.0,0.0
10,65,2.644267686030616,7.225241134425583,0.0,0.0,0.0,0.0,1.0,0.0
11,65,4.0282849704610095,4.801880483529073,1.0,0.0,1.0,1.0,0.0,1.0
12,65,1.9095784986273097,8.978173528503499,0.0,1.0,0.0,1.0,0.0,1.0
13,65,10.35775179802474,2.7377527682854352,1.0,1.0,1.0,0.0,0.0,0.0
14,65,3.843540463197066,0.0879367107369448,0.0,0.0,0.0,0.0,1.0,0.0
15,65,5.234475011221647,1.7931343799393884,0.0,0.0,0.0,1.0,0.0,1.0
16,65,9.103308934161117,5.784831678468095,1.0,1.0,0.0,0.0,1.0,0.0
17,65,7.924846491915783,4.616295740513093,1.0,1.0,0.0,0.0,0.0,0.0
18,65,7.430864311898487,0.9204219388064084,1.0,0.0,0.0,1.0,0.0,0.0
19,65,8.911439245810007,11.193944267211238,0.0,0.0,1.0,1.0,0.0,0.0
20,65,6.670511226625527,9.418502724922863,0.0,1.0,1.0,1.0,0.0,0.0
21,65,9.86489720700946,5.550770299434932,1.0,0.0,1.0,1.0,0.0,0.0
22,65,6.040720936333164,5.168982164584339,1.0,1.0,1.0,0.0,0.0,0.0
23,65,0.0,9.91141180179272,0.0,1.0,0.0,0.0,1.0,0.0
24,65,6.318770026294624,5.083452702420996,0.0,0.0,0.0,0.0,1.0,0.0
25,65,11.860144576732734,5.07388378012054,1.0,1.0,1.0,0.0,0.0,0.0
26,65,5.438552758055503,0.0099856437388326,1.0,0.0,1.0,1.0,0.0,0.0
27,65,2.350844371555686,4.015986095585759,1.0,0.0,1.0,0.0,1.0,0.0
28,65,11.300495694170118,9.025086053959267,0.0,0.0,1.0,0.0,1.0,0.0
29,65,11.139801774903225,4.35875233683231,0.0,1.0,0.0,1.0,0.0,0.0
30,65,11.628878484119172,1.4793934206334058,1.0,0.0,1.0,0.0,0.0,1.0
31,65,7.938222125398442,4.534981054879873,0.0,0.0,1.0,1.0,0.0,1.0
32,65,3.611281897796065,0.6540767113122392,0.0,1.0,0.0,1.0,0.0,0.0
33,65,0.0,10.79278275968704,1.0,0.0,0.0,0.0,1.0,1.0
34,65,9.037042886364844,3.3841262618941146,1.0,1.0,0.0,0.0,0.0,0.0
35,65,0.0,7.488108659014358,1.0,0.0,1.0,0.0,1.0,0.0
36,65,9.79100030772729,9.90771236771075,0.0,1.0,1.0,1.0,0.0,0.0
37,65,1.467252487271676,6.557331831782025,1.0,0.0,1.0,0.0,0.0,1.0
38,65,11.388625315687518,7.145333915447083,1.0,1.0,0.0,1.0,0.0,0.0
39,65,10.063883317300476,8.050759110518005,0.0,0.0,0.0,0.0,0.0,0.0
0,70,9.980436024780673,3.438387184722486,0.0,0.0,1.0,1.0,0.0,1.0
1,70,4.01245268406387,9.229190216029606,0.0,1.0,0.0,1.0,1.0,0.0
2,70,3.5672999620913823,0.6908380456758025,0.0,0.0,0.0,0.0,1.0,1.0
3,70,10.960595021875545,9.941394730152954,0.0,0.0,1.0,1.0,0.0,1.0
4,70,10.814715537883677,5.618903105389607,0.0,0.0,0.0,1.0,1.0,1.0
5,70,8.34734429484075,12.0,0.0,1.0,0.0,1.0,1.0,0.0
6,70,7.891391020633423,10.84723555604916,0.0,0.0,0.0,1.0,0.0,0.0
7,70,8.004698578792711,3.9940493416379534,0.0,0.0,0.0,1.0,0.0,0.0
8,70,6.56876780191739,8.608042712574003,1.0,1.0,0.0,1.0,1.0,0.0
9,70,9.997097250488611,6.160916767891794,0.0,0.0,0.0,0.0,0.0,0.0
10,70,2.613260814359568,7.158803395377808,0.0,0.0,0.0,0.0,1.0,0.0
11,70,4.027896610002167,4.800481919301662,1.0,0.0,1.0,1.0,0.0,1.0
12,70,1.9101350361165348,8.978297778113138,0.0,1.0,0.0,1.0,0.0,1.0
13,70,10.286237928747685,2.8231389956225463,1.0,1.0,1.0,0.0,0.0,0.0
14,70,3.837931644411547,0.0612818095146283,0.0,0.0,0.0,0.0,1.0,0.0
15,70,5.248968214272809,1.719556692386044,0.0,0.0,0.0,1.0,0.0,1.0
16,70,8.995072778595194,5.870027666319771,1.0,1.0,0.0,0.0,1.0,0.0
17,70,7.920104861515505,4.650779539317847,1.0,1.0,0.0,0.0,0.0,0.0
18,70,7.403346662415971,1.056339747224759,1.0,0.0,0.0,1.0,0.0,0.0
19,70,8.891412164490202,11.339483451601536,0.0,0.0,1.0,1.0,0.0,0.0
20,70,6.720125015522392,9.54725549944684,0.0,1.0,1.0,1.0,0.0,0.0
21,70,9.851488650650325,5.501688913100735,1.0,0.0,1.0,1.0,0.0,0.0
22,70,5.926402535133986,5.185245148992748,1.0,1.0,1.0,0.0,0.0,0.0
23,70,0.0,9.90481698054882,0.0,1.0,0.0,0.0,1.0,0.0
24,70,6.3424848253783015,5.157459196843282,0.0,0.0,0.0,0.0,1.0,0.0
25,70,11.84861442036292,5.080239818299919,1.0,1.0,1.0,0.0,0.0,0.0
26,70,5.425415525334171,0.0172705580023006,1.0,0.0,1.0,1.0,0.0,0.0
27,70,2.380432249792267,3.933556360398977,1.0,0.0,1.0,0.0,1.0,0.0
28,70,11.342751441885078,8.994500087866214,0.0,0.0,1.0,0.0,1.0,0.0
29,70,11.152764393841778,4.234066351989808,0.0,1.0,0.0,1.0,0.0,0.0
30,70,11.717056534862373,1.5336417236281976,1.0,0.0,1.0,0.0,0.0,1.0
31,70,7.939129071031039,4.5402278379190575,0.0,0.0,1.0,1.0,0.0,1.0
32,70,3.6750285744305993,0.6205103758308445,0.0,1.0,0.0,1.0,0.0,0.0
33,70,0.0,10.77635159252045,1.0,0.0,0.0,0.0,1.0,1.0
34,70,8.982370237753978,3.407867383807275,1.0,1.0,0.0,0.0,0.0,0.0
35,70,0.0001662001698351,7.492584531360575,1.0,0.0,1.0,0.0,1.0,0.0
36,70,9.814670639372856,9.8706474018902,0.0,1.0,1.0,1.0,0.0,0.0
37,70,1.5310173629367625,6.630965270014647,1.0,0.0,1.0,0.0,0.0,1.0
38,70,11.383197847173916,7.172352013958735,1.0,1.0,0.0,1.0,0.0,0.0
39,70,10.072383762917047,8.057435202986362,0.0,0.0,0.0,0.0,0.0,0.0
0,75,9.938961170225992,3.456431113480372,0.0,0.0,1.0,1.0,0.0,1.0
1,75,4.023093315066379,9.231272112189522,0.0,1.0,0.0,1.0,1.0,0.0
2,75,3.569786597458101,0.685432090420671,0.0,0.0,0.0,0.0,1.0,1.0
3,75,10.957759326664544,9.859555609335404,0.0,0.0,1.0,1.0,0.0,1.0
4,75,10.80538757578141,5.645363688049154,0.0,0.0,0.0,1.0,1.0,1.0
5,75,8.299007955579738,12.0,0.0,1.0,0.0,1.0,1.0,0.0
6,75,7.884602365927926,10.884619487083375,0.0,0.0,0.0,1.0,0.0,0.0
7,75,7.987953234129218,3.9661542561927976,0.0,0.0,0.0,1.0,0.0,0.0
8,75,6.556295678134621,8.62362794951021,1.0,1.0,0.0,1.0,1.0,0.0
9,75,9.86269624760589,6.0361629877625695,0.0,0.0,0.0,0.0,0.0,0.0
10,75,2.5780144089287216,7.082212059349609,0.0,0.0,0.0,0.0,1.0,0.0
11,75,4.027638478624753,4.799537060231552,1.0,0.0,1.0,1.0,0.0,1.0
12,75,1.914195517523754,8.979183833256458,0.0,1.0,0.0,1.0,0.0,1.0
13,75,10.21706823873318,2.903380532485281,1.0,1.0,1.0,0.0,0.0,0.0
14,75,3.837495595276552,0.0591802908566333,0.0,0.0,0.0,0.0,1.0,0.0
15,75,5.2595034645473335,1.6590089403978374,0.0,0.0,0.0,1.0,0.0,1.0
16,75,8.877508299686024,5.961347720463804,1.0,1.0,0.0,0.0,1.0,0.0
17,75,7.919980031772837,4.651982189754552,1.0,1.0,0.0,0.0,0.0,0.0
18,75,7.372992644621758,1.207693822674032,1.0,0.0,0.0,1.0,0.0,0.0
19,75,8.866945382317258,11.490176809619898,0.0,0.0,1.0,1.0,0.0,0.0
20,75,6.777507564518168,9.692797774885438,0.0,1.0,1.0,1.0,0.0,0.0
21,75,9.836388129784876,5.448906911979941,1.0,0.0,1.0,1.0,0.0,0.0
22,75,5.8454426728694,5.197089369514175,1.0,1.0,1.0,0.0,0.0,0.0
23,75,0.0,9.897693061364537,0.0,1.0,0.0,0.0,1.0,0.0
24,75,6.361641489989731,5.219774899082307,0.0,0.0,0.0,0.0,1.0,0.0
25,75,11.83808090341692,5.085983848781038,1.0,1.0,1.0,0.0,0.0,0.0
26,75,5.385815211585273,0.0387881884297324,1.0,0.0,1.0,1.0,0.0,0.0
27,75,2.4070689425458496,3.863118252772968,1.0,0.0,1.0,0.0,1.0,0.0
28,75,11.366185820761286,8.977437800431895,0.0,0.0,1.0,0.0,1.0,0.0
29,75,11.166172228789296,4.124183538556426,0.0,1.0,0.0,1.0,0.0,0.0
30,75,11.781673326281483,1.5718421321178333,1.0,0.0,1.0,0.0,0.0,1.0
31,75,7.941532904453925,4.554475154468683,0.0,0.0,1.0,1.0,0.0,1.0
32,75,3.7392702469058094,0.5868737665800561,0.0,1.0,0.0,1.0,0.0,0.0
33,75,0.0,10.754504972668002,1.0,0.0,0.0,0.0,1.0,1.0
34,75,8.920991171121425,3.434303285094169,1.0,1.0,0.0,0.0,0.0,0.0
35,75,0.0,7.474873157395002,1.0,0.0,1.0,0.0,1.0,0.0
36,75,9.842748770879776,9.827941266204604,0.0,1.0,1.0,1.0,0.0,0.0
37,75,1.6030728422296854,6.710967087167782,1.0,0.0,1.0,0.0,0.0,1.0
38,75,11.378230527386018,7.200077722851641,1.0,1.0,0.0,1.0,0.0,0.0
39,75,10.082767787054188,8.065360700037328,0.0,0.0,0.0,0.0,0.0,0.0
0,80,9.890535768839497,3.4785858741665785,0.0,0.0,1.0,1.0,0.0,1.0
1,80,4.010202897634776,9.228714837613762,0.0,1.0,0.0,1.0,1.0,0.0
2,80,3.5768456694250443,0.6700116958516464,0.0,0.0,0.0,0.0,1.0,1.0
3,80,10.95602505030742,9.775507731692956,0.0,0.0,1.0,1.0,0.0,1.0
4,80,10.807759340249392,5.6386388540901695,0.0,0.0,0.0,1.0,1.0,1.0
5,80,8.25260431761215,12.0,0.0,1.0,0.0,1.0,1.0,0.0
6,80,7.879080040407603,10.91871325342972,0.0,0.0,0.0,1.0,0.0,0.0
7,80,7.978242641196014,3.9487087292683807,0.0,0.0,0.0,1.0,0.0,0.0
8,80,6.541184852367402,8.64470985983353,1.0,1.0,0.0,1.0,1.0,0.0
9,80,9.735597628681528,5.921338002901357,0.0,0.0,0.0,0.0,0.0,0.0
10,80,2.5299194248021792,6.983330521661259,0.0,0.0,0.0,0.0,1.0,0.0
11,80,4.025412948992217,4.7900752984432176,1.0,0.0,1.0,1.0,0.0,1.0
12,80,1.9239974680897145,8.981476531874732,0.0,1.0,0.0,1.0,0.0,1.0
13,80,10.140585974599114,2.992020289710395,1.0,1.0,1.0,0.0,0.0,0.0
14,80,3.8433670661260537,0.0892716514321544,0.0,0.0,0.0,0.0,1.0,0.0
15,80,5.268279830898296,1.6079325353088083,0.0,0.0,0.0,1.0,0.0,1.0
16,80,8.767476155201226,6.045603291126169,1.0,1.0,0.0,0.0,1.0,0.0
17,80,7.919436844255215,4.659585349029831,1.0,1.0,0.0,0.0,0.0,0.0
18,80,7.340277582848801,1.3675606917518697,1.0,0.0,0.0,1.0,0.0,0.0
19,80,8.841520945760275,11.648922410184952,0.0,0.0,1.0,1.0,0.0,0.0
20,80,6.831867143779073,9.830896396017934,0.0,1.0,1.0,1.0,0.0,0.0
21,80,9.824795974675215,5.407269543745381,1.0,0.0,1.0,1.0,0.0,0.0
22,80,5.749483158598519,5.215141299294413,1.0,1.0,1.0,0.0,0.0,0.0
23,80,0.0,9.89283055115042,0.0,1.0,0.0,0.0,1.0,0.0
24,80,6.381349806735182,5.28317762384643,0.0,0.0,0.0,0.0,1.0,0.0
25,80,11.836571932687802,5.086815370550318,1.0,1.0,1.0,0.0,0.0,0.0
26,80,5.342068491966544,0.0635015819182696,1.0,0.0,1.0,1.0,0.0,0.0
27,80,2.438803117513329,3.783070699734433,1.0,0.0,1.0,0.0,1.0,0.0
28,80,11.387671589272893,8.962499082180145,0.0,0.0,1.0,0.0,1.0,0.0
29,80,11.177431413219376,4.022136295974575,0.0,1.0,0.0,1.0,0.0,0.0
30,80,11.829904543037744,1.602264660411209,1.0,0.0,1.0,0.0,0.0,1.0
31,80,7.942894294511603,4.562004525783092,0.0,0.0,1.0,1.0,0.0,1.0
32,80,3.809610398170943,0.5482688182348069,0.0,1.0,0.0,1.0,0.0,0.0
33,80,0.0,10.733795549632871,1.0,0.0,0.0,0.0,1.0,1.0
34,80,8.865668404072704,3.459452762915592,1.0,1.0,0.0,0.0,0.0,0.0
35,80,0.0,7.457134356774466,1.0,0.0,1.0,0.0,1.0,0.0
36,80,9.860486558313214,9.8011798477124,0.0,1.0,1.0,1.0,0.0,0.0
37,80,1.6849168602752582,6.799720252295018,1.0,0.0,1.0,0.0,0.0,1.0
38,80,11.369619363798838,7.242145793872886,1.0,1.0,0.0,1.0,0.0,0.0
39,80,10.092097474287026,8.07219093465707,0.0,0.0,0.0,0.0,0.0,0.0
0,85,9.846688260109016,3.4996659159995134,0.0,0.0,1.0,1.0,0.0,1.0
1,85,4.011654444582837,9.22897585177221,0.0,1.0,0.0,1.0,1.0,0.0
2,85,3.583061156000845,0.6573389862333416,0.0,0.0,0.0,0.0,1.0,1.0
3,85,10.955131671986356,9.716497455380312,0.0,0.0,1.0,1.0,0.0,1.0
4,85,10.811618758778284,5.627469151913568,0.0,0.0,0.0,1.0,1.0,1.0
5,85,8.21892175507934,12.0,0.0,1.0,0.0,1.0,1.0,0.0
6,85,7.8757013547663215,10.93846252478862,0.0,0.0,0.0,1.0,0.0,0.0
7,85,7.961886061640063,3.917214886231483,0.0,0.0,0.0,1.0,0.0,0.0
8,85,6.52784696986313,8.66339541951867,1.0,1.0,0.0,1.0,1.0,0.0
9,85,9.613580044707213,5.811998306839025,0.0,0.0,0.0,0.0,0.0,0.0
10,85,2.480662532319311,6.8776622403012695,0.0,0.0,0.0,0.0,1.0,0.0
11,85,4.020826483472964,4.768865354735348,1.0,0.0,1.0,1.0,0.0,1.0
12,85,1.945155692650208,8.986038203150567,0.0,1.0,0.0,1.0,0.0,1.0
13,85,10.059482879097375,3.083467246970893,1.0,1.0,1.0,0.0,0.0,0.0
14,85,3.8497228569753865,0.1239876396877504,0.0,0.0,0.0,0.0,1.0,0.0
15,85,5.274131579469299,1.5733504050162666,0.0,0.0,0.0,1.0,0.0,1.0
16,85,8.65077730632743,6.137236420817451,1.0,1.0,0.0,0.0,1.0,0.0
17,85,7.917485415590001,4.694126675825488,1.0,1.0,0.0,0.0,0.0,0.0
18,85,7.299148188885844,1.5434975156801056,1.0,0.0,0.0,1.0,0.0,0.0
19,85,8.812902571213204,11.803867361910788,0.0,0.0,1.0,1.0,0.0,0.0
20,85,6.888787638712362,9.973380033722126,0.0,1.0,1.0,1.0,0.0,0.0
21,85,9.812664367696662,5.359953896872707,1.0,0.0,1.0,1.0,0.0,0.0
22,85,5.6949842384318,5.224954116273392,1.0,1.0,1.0,0.0,0.0,0.0
23,85,0.0,9.884578339545982,0.0,1.0,0.0,0.0,1.0,0.0
24,85,6.398289699608495,5.335033886298398,0.0,0.0,0.0,0.0,1.0,0.0
25,85,11.8421889359218,5.083577784327505,1.0,1.0,1.0,0.0,0.0,0.0
26,85,5.301741336802597,0.0857340993648681,1.0,0.0,1.0,1.0,0.0,0.0
27,85,2.472024265038025,3.699466058488769,1.0,0.0,1.0,0.0,1.0,0.0
28,85,11.418494770977867,8.939823317705716,0.0,0.0,1.0,0.0,1.0,0.0
29,85,11.194013388508088,3.899779138094409,0.0,1.0,0.0,1.0,0.0,0.0
30,85,11.89292811343904,1.6416485164451906,1.0,0.0,1.0,0.0,0.0,1.0
31,85,7.940286788617052,4.549244495849205,0.0,0.0,1.0,1.0,0.0,1.0
32,85,3.864102308003871,0.5204260577467259,0.0,1.0,0.0,1.0,0.0,0.0
33,85,0.0,10.709929652166776,1.0,0.0,0.0,0.0,1.0,1.0
34,85,8.829364218341482,3.476456353517284,1.0,1.0,0.0,0.0,0.0,0.0
35,85,0.0,7.417984446028576,1.0,0.0,1.0,0.0,1.0,0.0
36,85,9.871165482915409,9.784453774738308,0.0,1.0,1.0,1.0,0.0,0.0
37,85,1.7705574474212966,6.889711988514802,1.0,0.0,1.0,0.0,0.0,1.0
38,85,11.359070435913583,7.301290089136671,1.0,1.0,0.0,1.0,0.0,0.0
39,85,10.106482706118438,8.082533768588364,0.0,0.0,0.0,0.0,0.0,0.0
0,90,9.811810384867238,3.516010168767374,0.0,0.0,1.0,1.0,0.0,1.0
1,90,4.033341342899358,9.232630517246593,0.0,1.0,0.0,1.0,1.0,0.0
2,90,3.594152417025721,0.6349609828662085,0.0,0.0,0.0,0.0,1.0,1.0
3,90,10.954963869696993,9.67709355501952,0.0,0.0,1.0,1.0,0.0,1.0
4,90,10.814264216929732,5.619701581108937,0.0,0.0,0.0,1.0,1.0,1.0
5,90,8.183004848876164,12.0,0.0,1.0,0.0,1.0,1.0,0.0
6,90,7.877377041982307,10.928823861307777,0.0,0.0,0.0,1.0,0.0,0.0
7,90,7.954809093234303,3.904033477617173,0.0,0.0,0.0,1.0,0.0,0.0
8,90,6.510684678823138,8.68662221176476,1.0,1.0,0.0,1.0,1.0,0.0
9,90,9.487994524714528,5.696119618395512,0.0,0.0,0.0,0.0,0.0,0.0
10,90,2.432079393947519,6.770996495519772,0.0,0.0,0.0,0.0,1.0,0.0
11,90,4.015749807566679,4.74317294998125,1.0,0.0,1.0,1.0,0.0,1.0
12,90,1.969265256114365,8.992574117914154,0.0,1.0,0.0,1.0,0.0,1.0
13,90,9.97492240511849,3.180624378978816,1.0,1.0,1.0,0.0,0.0,0.0
14,90,3.85543851351618,0.1509922508739714,0.0,0.0,0.0,0.0,1.0,0.0
15,90,5.282371759002728,1.517574430092839,0.0,0.0,0.0,1.0,0.0,1.0
16,90,8.532695008330533,6.228932649107775,1.0,1.0,0.0,0.0,1.0,0.0
17,90,7.915359611148396,4.73990161346355,1.0,1.0,0.0,0.0,0.0,0.0
18,90,7.262124003589732,1.7254847418551504,1.0,0.0,0.0,1.0,0.0,0.0
19,90,8.782716244163524,11.957415928915498,0.0,0.0,1.0,1.0,0.0,0.0
20,90,6.948887003990695,10.116384127244345,0.0,1.0,1.0,1.0,0.0,0.0
21,90,9.804714532934849,5.325173023648876,1.0,0.0,1.0,1.0,0.0,0.0
22,90,5.640861201520501,5.23370640468448,1.0,1.0,1.0,0.0,0.0,0.0
23,90,0.0,9.876202499266569,0.0,1.0,0.0,0.0,1.0,0.0
24,90,6.41493389110231,5.3885431748493,0.0,0.0,0.0,0.0,1.0,0.0
25,90,11.833665537326976,5.088448837529309,1.0,1.0,1.0,0.0,0.0,0.0
26,90,5.231545904909358,0.1230969944553603,1.0,0.0,1.0,1.0,0.0,0.0
27,90,2.5127289820809837,3.6050104784815966,1.0,0.0,1.0,0.0,1.0,0.0
28,90,11.455166130683669,8.913200685802938,0.0,0.0,1.0,0.0,1.0,0.0
29,90,11.207617440987647,3.782314732087447,0.0,1.0,0.0,1.0,0.0,0.0
30,90,11.956413572634895,1.6823369970940871,1.0,0.0,1.0,0.0,0.0,1.0
31,90,7.943033011708812,4.561588578747545,0.0,0.0,1.0,1.0,0.0,1.0
32,90,3.9180314240646936,0.494780278068359,0.0,1.0,0.0,1.0,0.0,0.0
33,90,0.0,10.682566579100977,1.0,0.0,0.0,0.0,1.0,1.0
34,90,8.795625208851416,3.491772553480738,1.0,1.0,0.0,0.0,0.0,0.0
35,90,0.0,7.411828743154452,1.0,0.0,1.0,0.0,1.0,0.0
36,90,9.884422031853,9.763250697733854,0.0,1.0,1.0,1.0,0.0,0.0
37,90,1.862292293964354,6.987189520809865,1.0,0.0,1.0,0.0,0.0,1.0
38,90,11.34720749977738,7.370901581263016,1.0,1.0,0.0,1.0,0.0,0.0
39,90,10.110072456008185,8.085202376328757,0.0,0.0,0.0,0.0,0.0,0.0
0,95,9.78789967208596,3.5275549486842146,0.0,0.0,1.0,1.0,0.0,1.0
1,95,4.063595517517755,9.237627078920092,0.0,1.0,0.0,1.0,1.0,0.0
2,95,3.610138942679433,0.6025683722332433,0.0,0.0,0.0,0.0,1.0,1.0
3,95,10.954870483992517,9.646664396424413,0.0,0.0,1.0,1.0,0.0,1.0
4,95,10.81286053860091,5.623952686282111,0.0,0.0,0.0,1.0,1.0,1.0
5,95,8.142724067698525,12.0,0.0,1.0,0.0,1.0,1.0,0.0
6,95,7.875990142966424,10.93737585013912,0.0,0.0,0.0,1.0,0.0,0.0
7,95,7.944796592286493,3.885746592505576,0.0,0.0,0.0,1.0,0.0,0.0
8,95,6.49288311144595,8.710448606863388,1.0,1.0,0.0,1.0,1.0,0.0
9,95,9.358730869190763,5.570880628541627,0.0,0.0,0.0,0.0,0.0,0.0
10,95,2.383256947581416,6.661334152770492,0.0,0.0,0.0,0.0,1.0,0.0
11,95,4.01405613301797,4.73556339595238,1.0,0.0,1.0,1.0,0.0,1.0
12,95,2.015392239765996,9.0043725857089,0.0,1.0,0.0,1.0,0.0,1.0
13,95,9.900634819379343,3.263888946333065,1.0,1.0,1.0,0.0,0.0,0.0
14,95,3.860710598303385,0.1749351825816565,0.0,0.0,0.0,0.0,1.0,0.0
15,95,5.290964134669325,1.458940999393555,0.0,0.0,0.0,1.0,0.0,1.0
16,95,8.421790617901245,6.31064668591574,1.0,1.0,0.0,0.0,1.0,0.0
17,95,7.912659875765233,4.7887733670317925,1.0,1.0,0.0,0.0,0.0,0.0
18,95,7.226094815779649,1.89990247224752,1.0,0.0,0.0,1.0,0.0,0.0
19,95,8.755868759257094,12.0,0.0,0.0,1.0,1.0,0.0,0.0
20,95,6.99347817424369,10.237054989743616,0.0,1.0,1.0,1.0,0.0,0.0
21,95,9.800162645104674,5.304597529715327,1.0,0.0,1.0,1.0,0.0,0.0
22,95,5.594535622859436,5.240315629673675,1.0,1.0,1.0,0.0,0.0,0.0
23,95,0.0,9.867355335437637,0.0,1.0,0.0,0.0,1.0,0.0
24,95,6.434878924980289,5.451373440586075,0.0,0.0,0.0,0.0,1.0,0.0
25,95,11.82982690836018,5.090520664975172,1.0,1.0,1.0,0.0,0.0,0.0
26,95,5.144488780211431,0.1730227282352838,1.0,0.0,1.0,1.0,0.0,0.0
27,95,2.549658270733091,3.5181074346469257,1.0,0.0,1.0,0.0,1.0,0.0
28,95,11.502307684936632,8.878498891608682,0.0,0.0,1.0,0.0,1.0,0.0
29,95,11.222456529085925,3.660732715215967,0.0,1.0,0.0,1.0,0.0,0.0
30,95,12.0,1.7283081724940437,1.0,0.0,1.0,0.0,0.0,1.0
31,95,7.944002585864844,4.565218691156774,0.0,0.0,1.0,1.0,0.0,1.0
32,95,3.9816824526277736,0.4652383687397596,0.0,1.0,0.0,1.0,0.0,0.0
33,95,0.0,10.652574455797769,1.0,0.0,0.0,0.0,1.0,1.0
34,95,8.757282024786129,3.5089945991953466,1.0,1.0,0.0,0.0,0.0,0.0
35,95,0.0,7.40092071231455,1.0,0.0,1.0,0.0,1.0,0.0
36,95,9.88712258391872,9.758830333187452,0.0,1.0,1.0,1.0,0.0,0.0
37,95,1.9526351831273616,7.082614883397263,1.0,0.0,1.0,0.0,0.0,1.0
38,95,11.334945982471824,7.438704829964441,1.0,1.0,0.0,1.0,0.0,0.0
39,95,10.120538252276486,8.093282405782928,0.0,0.0,0.0,0.0,0.0,0.0
0,100,9.749855587583172,3.546483567008277,0.0,0.0,1.0,1.0,0.0,1.0
1,100,4.084784542002494,9.240800597343462,0.0,1.0,0.0,1.0,1.0,0.0
2,100,3.629558462757969,0.5616883418374866,0.0,0.0,0.0,0.0,1.0,1.0
3,100,10.95416473281777,9.602761086540568,0.0,0.0,1.0,1.0,0.0,1.0
4,100,10.810669165566852,5.630317366538495,0.0,0.0,0.0,1.0,1.0,1.0
5,100,8.10067479957026,12.0,0.0,1.0,0.0,1.0,1.0,0.0
6,100,7.873212557940307,10.9535965053572,0.0,0.0,0.0,1.0,0.0,0.0
7,100,7.935623721528711,3.86971118518767,0.0,0.0,0.0,1.0,0.0,0.0
8,100,6.47421165039593,8.737283506842124,1.0,1.0,0.0,1.0,1.0,0.0
9,100,9.229691176650826,5.445824881143098,0.0,0.0,0.0,0.0,0.0,0.0
10,100,2.3387098753312845,6.555340249312311,0.0,0.0,0.0,0.0,1.0,0.0
11,100,4.012973224291243,4.730680691304809,1.0,0.0,1.0,1.0,0.0,1.0
12,100,2.05989133555192,9.01661025551299,0.0,1.0,0.0,1.0,0.0,1.0
13,100,9.82824232285801,3.3422106372880447,1.0,1.0,1.0,0.0,0.0,0.0
14,100,3.863427742367289,0.1878995035427755,0.0,0.0,0.0,0.0,1.0,0.0
15,100,5.301146392397579,1.3881430256072895,0.0,0.0,0.0,1.0,0.0,1.0
16,100,8.305130609304134,6.397304615728307,1.0,1.0,0.0,0.0,1.0,0.0
17,100,7.910325017591838,4.823345068125554,1.0,1.0,0.0,0.0,0.0,0.0
18,100,7.196436060818862,2.0576314885536164,1.0,0.0,0.0,1.0,0.0,0.0
19,100,8.731885301482126,12.0,0.0,0.0,1.0,1.0,0.0,0.0
20,100,7.0409702938271135,10.370854501215272,0.0,1.0,1.0,1.0,0.0,0.0
21,100,9.7926154052255,5.270230622717548,1.0,0.0,1.0,1.0,0.0,0.0
22,100,5.543004734104654,5.248063632509584,1.0,1.0,1.0,0.0,0.0,0.0
23,100,0.0,9.855066512873393,0.0,1.0,0.0,0.0,1.0,0.0
24,100,6.45928416748745,5.53063640418148,0.0,0.0,0.0,0.0,1.0,0.0
25,100,11.81815029394974,5.096893884333385,1.0,1.0,1.0,0.0,0.0,0.0
26,100,5.077670792100745,0.2127137227516966,1.0,0.0,1.0,1.0,0.0,0.0
27,100,2.5887356934755963,3.426383927889989,1.0,0.0,1.0,0.0,1.0,0.0
28,100,11.542027750834222,8.848839296826139,0.0,0.0,1.0,0.0,1.0,0.0
29,100,11.241448676035231,3.531053055106347,0.0,1.0,0.0,1.0,0.0,0.0
30,100,12.0,1.7785213018636647,1.0,0.0,1.0,0.0,0.0,1.0
31,100,7.941054880596747,4.55497139578741,0.0,0.0,1.0,1.0,0.0,1.0
32,100,4.033715343926232,0.4423638513257667,0.0,1.0,0.0,1.0,0.0,0.0
33,100,0.0,10.623823473645716,1.0,0.0,0.0,0.0,1.0,1.0
34,100,8.72267450761964,3.5253055247255505,1.0,1.0,0.0,0.0,0.0,0.0
35,100,0.0,7.373360361356124,1.0,0.0,1.0,0.0,1.0,0.0
36,100,9.881176000957176,9.768573136864658,0.0,1.0,1.0,1.0,0.0,0.0
37,100,2.036901946978943,7.171974771038241,1.0,0.0,1.0,0.0,0.0,1.0
38,100,11.326635807523878,7.491943690026821,1.0,1.0,0.0,1.0,0.0,0.0
39,100,10.125987789495683,8.09759958137337,0.0,0.0,0.0,0.0,0.0,0.0
0,105,9.716491340998608,3.5627034818938954,0.0,0.0,1.0,1.0,0.0,1.0
1,105,4.094234404465996,9.24225182810703,0.0,1.0,0.0,1.0,1.0,0.0
2,105,3.6411864879023503,0.5362797419015538,0.0,0.0,0.0,0.0,1.0,1.0
3,105,10.953475921572252,9.561728938898376,0.0,0.0,1.0,1.0,0.0,1.0
4,105,10.817895634918626,5.608816249545921,0.0,0.0,0.0,1.0,1.0,1.0
5,105,8.048586995609176,12.0,0.0,1.0,0.0,1.0,1.0,0.0
6,105,7.874394252157243,10.946984721379025,0.0,0.0,0.0,1.0,0.0,0.0
7,105,7.9171404449088785,3.83666032066516,0.0,0.0,0.0,1.0,0.0,0.0
8,105,6.467506464510642,8.746629549575223,1.0,1.0,0.0,1.0,1.0,0.0
9,105,9.121189111805348,5.339049344684249,0.0,0.0,0.0,0.0,0.0,0.0
10,105,2.296490115522345,6.457667010752002,0.0,0.0,0.0,0.0,1.0,0.0
11,105,4.006619349642226,4.704717162097546,1.0,0.0,1.0,1.0,0.0,1.0
12,105,2.1325076173303046,9.035574827777706,0.0,1.0,0.0,1.0,0.0,1.0
13,105,9.75564098942787,3.4212561955251077,1.0,1.0,1.0,0.0,0.0,0.0
14,105,3.865067642732653,0.195171242898719,0.0,0.0,0.0,0.0,1.0,0.0
15,105,5.310869002246567,1.3248525651063228,0.0,0.0,0.0,1.0,0.0,1.0
16,105,8.193870325738471,6.4880816847998295,1.0,1.0,0.0,0.0,1.0,0.0
17,105,7.908113566436432,4.841357156962995,1.0,1.0,0.0,0.0,0.0,0.0
18,105,7.164178626967894,2.225364681985811,1.0,0.0,0.0,1.0,0.0,0.0
19,105,8.71029572175044,12.0,0.0,0.0,1.0,1.0,0.0,0.0
20,105,7.0962985444096125,10.526175802324518,0.0,1.0,1.0,1.0,0.0,0.0
21,105,9.791817090244946,5.2662187315709525,1.0,0.0,1.0,1.0,0.0,0.0
22,105,5.483243102116885,5.256195375353373,1.0,1.0,1.0,0.0,0.0,0.0
23,105,0.0,9.842517274094504,0.0,1.0,0.0,0.0,1.0,0.0
24,105,6.481319263897346,5.614186096861379,0.0,0.0,0.0,0.0,1.0,0.0
25,105,11.81073921913083,5.101004402612566,1.0,1.0,1.0,0.0,0.0,0.0
26,105,5.009419053362139,0.2525384590543366,1.0,0.0,1.0,1.0,0.0,0.0
27,105,2.6296709124826654,3.335024517922718,1.0,0.0,1.0,0.0,1.0,0.0
28,105,11.58313245936354,8.815585754180194,0.0,0.0,1.0,0.0,1.0,0.0
29,105,11.26357536146412,3.380578278548056,0.0,1.0,0.0,1.0,0.0,0.0
30,105,12.0,1.8312230203491144,1.0,0.0,1.0,0.0,0.0,1.0
31,105,7.937901997927256,4.542128806876016,0.0,0.0,1.0,1.0,0.0,1.0
32,105,4.107405610491874,0.408841144688478,0.0,1.0,0.0,1.0,0.0,0.0
33,105,0.0,10.593396837196757,1.0,0.0,0.0,0.0,1.0,1.0
34,105,8.693962243065043,3.538341727002373,1.0,1.0,0.0,0.0,0.0,0.0
35,105,0.0,7.35493423610485,1.0,0.0,1.0,0.0,1.0,0.0
36,105,9.88948918400022,9.755634932842808,0.0,1.0,1.0,1.0,0.0,0.0
37,105,2.120267932279896,7.265261191690623,1.0,0.0,1.0,0.0,0.0,1.0
38,105,11.320731187171262,7.527070193319256,1.0,1.0,0.0,1.0,0.0,0.0
39,105,10.122637745313154,8.095074125283576,0.0,0.0,0.0,0.0,0.0,0.0
0,110,9.693149389664947,3.5744700552847464,0.0,0.0,1.0,1.0,0.0,1.0
1,110,4.08482367480799,9.240796161334128,0.0,1.0,0.0,1.0,1.0,0.0
2,110,3.655550410037872,0.5044395136925836,0.0,0.0,0.0,0.0,1.0,1.0
3,110,10.953911023525364,9.5440658219823,0.0,0.0,1.0,1.0,0.0,1.0
4,110,10.825160365057403,5.588131453540137,0.0,0.0,0.0,1.0,1.0,1.0
5,110,8.005153443543369,12.0,0.0,1.0,0.0,1.0,1.0,0.0
6,110,7.875368294653854,10.942048212624927,0.0,0.0,0.0,1.0,0.0,0.0
7,110,7.895196679937155,3.7969710966241847,0.0,0.0,0.0,1.0,0.0,0.0
8,110,6.472022346767624,8.739893417669458,1.0,1.0,0.0,1.0,1.0,0.0
9,110,9.003850478979134,5.22871008797725,0.0,0.0,0.0,0.0,0.0,0.0
10,110,2.245442878118527,6.339834446645812,0.0,0.0,0.0,0.0,1.0,0.0
11,110,4.001642502723753,4.686062312129879,1.0,0.0,1.0,1.0,0.0,1.0
12,110,2.2211060221538155,9.05659643552436,0.0,1.0,0.0,1.0,0.0,1.0
13,110,9.68084650000612,3.499667138523283,1.0,1.0,1.0,0.0,0.0,0.0
14,110,3.870801508956221,0.222393363159219,0.0,0.0,0.0,0.0,1.0,0.0
15,110,5.320861740282074,1.2694191925808862,0.0,0.0,0.0,1.0,0.0,1.0
16,110,8.106756446800325,6.556695024807921,1.0,1.0,0.0,0.0,1.0,0.0
17,110,7.905712364039087,4.865724405641624,1.0,1.0,0.0,0.0,0.0,0.0
18,110,7.1287199793931535,2.3978175872981344,1.0,0.0,0.0,1.0,0.0,0.0
19,110,8.688084491962181,12.0,0.0,0.0,1.0,1.0,0.0,0.0
20,110,7.157365573826179,10.692205108024911,0.0,1.0,1.0,1.0,0.0,0.0
21,110,9.788204687116972,5.2510191474284,1.0,0.0,1.0,1.0,0.0,0.0
22,110,5.413950794403068,5.265978426282651,1.0,1.0,1.0,0.0,0.0,0.0
23,110,0.0,9.82711122100458,0.0,1.0,0.0,0.0,1.0,0.0
24,110,6.505123094547875,5.697220266019703,0.0,0.0,0.0,0.0,1.0,0.0
25,110,11.816399051176075,5.097700975524155,1.0,1.0,1.0,0.0,0.0,0.0
26,110,4.914798173551369,0.3065489197610584,1.0,0.0,1.0,1.0,0.0,0.0
27,110,2.66842197709442,3.2488587437768803,1.0,0.0,1.0,0.0,1.0,0.0
28,110,11.633131697108263,8.774892260140476,0.0,0.0,1.0,0.0,1.0,0.0
29,110,11.282647443831976,3.2412992197173445,0.0,1.0,0.0,1.0,0.0,0.0
30,110,12.0,1.8867393532568768,1.0,0.0,1.0,0.0,0.0,1.0
31,110,7.931428531097159,4.517012159087929,0.0,0.0,1.0,1.0,0.0,1.0
32,110,4.1921517727202025,0.3714532392505661,0.0,1.0,0.0,1.0,0.0,0.0
33,110,0.0,10.55892075032392,1.0,0.0,0.0,0.0,1.0,1.0
34,110,8.69066633344818,3.539929657889372,1.0,1.0,0.0,0.0,0.0,0.0
35,110,0.0,7.319857629762752,1.0,0.0,1.0,0.0,1.0,0.0
36,110,9.89796153764869,9.741709987867184,0.0,1.0,1.0,1.0,0.0,0.0
37,110,2.2101493274406567,7.367710362146971,1.0,0.0,1.0,0.0,0.0,1.0
38,110,11.317882496263271,7.544633469292597,1.0,1.0,0.0,1.0,0.0,0.0
39,110,10.130725897300753,8.101293893392508,0.0,0.0,0.0,0.0,0.0,0.0
0,115,9.67384270463887,3.58430239281928,0.0,0.0,1.0,1.0,0.0,1.0
1,115,4.088884644118594,9.241535702359242,0.0,1.0,0.0,1.0,1.0,0.0
2,115,3.679836918549608,0.452929817712533,0.0,0.0,0.0,0.0,1.0,1.0
3,115,10.954709146521113,9.517123604253902,0.0,0.0,1.0,1.0,0.0,1.0
4,115,10.832742972600292,5.566813540399911,0.0,0.0,0.0,1.0,1.0,1.0
5,115,7.962146900738564,12.0,0.0,1.0,0.0,1.0,1.0,0.0
6,115,7.879351770722651,10.923724390419537,0.0,0.0,0.0,1.0,0.0,0.0
7,115,7.880391002393957,3.7688768657227616,0.0,0.0,0.0,1.0,0.0,0.0
8,115,6.479779803305961,8.72800733424025,1.0,1.0,0.0,1.0,1.0,0.0
9,115,8.882766908300546,5.117592712092194,0.0,0.0,0.0,0.0,0.0,0.0
10,115,2.1953900339270174,6.224626431686496,0.0,0.0,0.0,0.0,1.0,0.0
11,115,3.993700218023126,4.658784850819922,1.0,0.0,1.0,1.0,0.0,1.0
12,115,2.310257461722065,9.079237740792964,0.0,1.0,0.0,1.0,0.0,1.0
13,115,9.61031160749054,3.5761430032573407,1.0,1.0,1.0,0.0,0.0,0.0
14,115,3.875615371651557,0.2461454674077407,0.0,0.0,0.0,0.0,1.0,0.0
15,115,5.328152666175192,1.2287280961078195,0.0,0.0,0.0,1.0,0.0,1.0
16,115,8.022342347152831,6.622792639496646,1.0,1.0,0.0,0.0,1.0,0.0
17,115,7.903186281478107,4.894491115530095,1.0,1.0,0.0,0.0,0.0,0.0
18,115,7.092567392451325,2.56784220739344,1.0,0.0,0.0,1.0,0.0,0.0
19,115,8.66678712346394,12.0,0.0,0.0,1.0,1.0,0.0,0.0
20,115,7.21910390822382,10.860494356383816,0.0,1.0,1.0,1.0,0.0,0.0
21,115,9.784486425782058,5.234654177453506,1.0,0.0,1.0,1.0,0.0,0.0
22,115,5.339229156998575,5.27892548844194,1.0,1.0,1.0,0.0,0.0,0.0
23,115,0.0,9.810434210066816,0.0,1.0,0.0,0.0,1.0,0.0
24,115,6.531807362411619,5.790024668939804,0.0,0.0,0.0,0.0,1.0,0.0
25,115,11.813300203414297,5.0994166561880485,1.0,1.0,1.0,0.0,0.0,0.0
26,115,4.82517672932315,0.3618974403282736,1.0,0.0,1.0,1.0,0.0,0.0
27,115,2.711231522968788,3.1542984418212323,1.0,0.0,1.0,0.0,1.0,0.0
28,115,11.692022947645786,8.727152871869443,0.0,0.0,1.0,0.0,1.0,0.0
29,115,11.29893718125655,3.1148781269338603,0.0,1.0,0.0,1.0,0.0,0.0
30,115,12.0,1.9484464966920096,1.0,0.0,1.0,0.0,0.0,1.0
31,115,7.92739504616197,4.499642705786052,0.0,0.0,1.0,1.0,0.0,1.0
32,115,4.279201739368167,0.3309145660881334,0.0,1.0,0.0,1.0,0.0,0.0
33,115,0.0,10.523659244293382,1.0,0.0,0.0,0.0,1.0,1.0
34,115,8.696553965466661,3.537030370851906,1.0,1.0,0.0,0.0,0.0,0.0
35,115,0.0,7.290725950933086,1.0,0.0,1.0,0.0,1.0,0.0
36,115,9.909166882909126,9.722467008637745,0.0,1.0,1.0,1.0,0.0,0.0
37,115,2.319643143958357,7.490731015074072,1.0,0.0,1.0,0.0,0.0,1.0
38,115,11.31249814733376,7.579273667708133,1.0,1.0,0.0,1.0,0.0,0.0
39,115,10.154753505060356,8.119848952973472,0.0,0.0,0.0,0.0,0.0,0.0
0,120,9.635341060049884,3.604044292246173,0.0,0.0,1.0,1.0,0.0,1.0
1,120,4.099226109635532,9.24305327863246,0.0,1.0,0.0,1.0,1.0,0.0
2,120,3.700492228888402,0.4105141847189855,0.0,0.0,0.0,0.0,1.0,1.0
3,120,10.955139024769224,9.49516191021432,0.0,0.0,1.0,1.0,0.0,1.0
4,120,10.850514672654176,5.520272106197676,0.0,0.0,0.0,1.0,1.0,1.0
5,120,7.920089425749209,12.0,0.0,1.0,0.0,1.0,1.0,0.0
6,120,7.88027218399324,10.919707098085327,0.0,0.0,0.0,1.0,0.0,0.0
7,120,7.87597461714688,3.759777955630419,0.0,0.0,0.0,1.0,0.0,0.0
8,120,6.475428890758937,8.734492516247412,1.0,1.0,0.0,1.0,1.0,0.0
9,120,8.753362117981808,5.00034850405273,0.0,0.0,0.0,0.0,0.0,0.0
10,120,2.1512958897834795,6.10997074672751,0.0,0.0,0.0,0.0,1.0,0.0
11,120,3.9872056549679553,4.638875138204665,1.0,0.0,1.0,1.0,0.0,1.0
12,120,2.391659963494144,9.099920439275012,0.0,1.0,0.0,1.0,0.0,1.0
13,120,9.530157023396848,3.659591302594004,1.0,1.0,1.0,0.0,0.0,0.0
14,120,3.881526054860547,0.2757997450415073,0.0,0.0,0.0,0.0,1.0,0.0
15,120,5.331679784432854,1.2077323627652623,0.0,0.0,0.0,1.0,0.0,1.0
16,120,7.954741600800984,6.675476798481028,1.0,1.0,0.0,0.0,1.0,0.0
17,120,7.899824085492921,4.931781014180703,1.0,1.0,0.0,0.0,0.0,0.0
18,120,7.052766215800358,2.735274724995225,1.0,0.0,0.0,1.0,0.0,0.0
19,120,8.648117688657024,12.0,0.0,0.0,1.0,1.0,0.0,0.0
20,120,7.280543514365682,11.023258152436902,0.0,1.0,1.0,1.0,0.0,0.0
21,120,9.777178322183511,5.202419239219317,1.0,0.0,1.0,1.0,0.0,0.0
22,120,5.260314015450229,5.29379509669844,1.0,1.0,1.0,0.0,0.0,0.0
23,120,0.0,9.793537432346096,0.0,1.0,0.0,0.0,1.0,0.0
24,120,6.561135498260295,5.883603418976982,0.0,0.0,0.0,0.0,1.0,0.0
25,120,11.805739556149057,5.103426220275449,1.0,1.0,1.0,0.0,0.0,0.0
26,120,4.74242681919077,0.4121563836712277,1.0,0.0,1.0,1.0,0.0,0.0
27,120,2.762408339553507,3.042479567590352,1.0,0.0,1.0,0.0,1.0,0.0
28,120,11.768461463879776,8.66670604401758,0.0,0.0,1.0,0.0,1.0,0.0
29,120,11.323184051064482,2.987147416881632,0.0,1.0,0.0,1.0,0.0,0.0
30,120,12.0,2.0157235920732366,1.0,0.0,1.0,0.0,0.0,1.0
31,120,7.927104370947871,4.498495983788589,0.0,0.0,1.0,1.0,0.0,1.0
32,120,4.359042751676519,0.296107849106191,0.0,1.0,0.0,1.0,0.0,0.0
33,120,0.0,10.487181273097232,1.0,0.0,0.0,0.0,1.0,1.0
34,120,8.703615369267672,3.5338029846502605,1.0,1.0,0.0,0.0,0.0,0.0
35,120,0.000149679259962,7.266791796587844,1.0,0.0,1.0,0.0,1.0,0.0
36,120,9.908741102208277,9.723181114289853,0.0,1.0,1.0,1.0,0.0,0.0
37,120,2.432157522711837,7.616671866559765,1.0,0.0,1.0,0.0,0.0,1.0
38,120,11.308493319149711,7.605676496988579,1.0,1.0,0.0,1.0,0.0,0.0
39,120,10.185922072594645,8.144395423717436,0.0,0.0,0.0,0.0,0.0,0.0
0,125,9.593104368576142,3.625316971093452,0.0,0.0,1.0,1.0,0.0,1.0
1,125,4.09518377112929,9.242481144002449,0.0,1.0,0.0,1.0,1.0,0.0
2,125,3.721167562447052,0.3674666817990541,0.0,0.0,0.0,0.0,1.0,1.0
3,125,10.946731867924406,9.49488584725763,0.0,0.0,1.0,1.0,0.0,1.0
4,125,10.86701103435915,5.474320025159497,0.0,0.0,0.0,1.0,1.0,1.0
5,125,7.880137151419693,12.0,0.0,1.0,0.0,1.0,1.0,0.0
6,125,7.883427568816859,10.905911770573628,0.0,0.0,0.0,1.0,0.0,0.0
7,125,7.8652344888803025,3.735969597875727,0.0,0.0,0.0,1.0,0.0,0.0
8,125,6.466842357479705,8.746911710070698,1.0,1.0,0.0,1.0,1.0,0.0
9,125,8.633979074983909,4.894187135289385,0.0,0.0,0.0,0.0,0.0,0.0
10,125,2.107414758768609,5.994120715294656,0.0,0.0,0.0,0.0,1.0,0.0
11,125,3.9797350409359926,4.617810345962106,1.0,0.0,1.0,1.0,0.0,1.0
12,125,2.4860080495317085,9.12500483671931,0.0,1.0,0.0,1.0,0.0,1.0
13,125,9.451726824850915,3.739398711800465,1.0,1.0,1.0,0.0,0.0,0.0
14,125,3.883305696848387,0.2833426018075339,0.0,0.0,0.0,0.0,1.0,0.0
15,125,5.333776417894639,1.1958758860942476,0.0,0.0,0.0,1.0,0.0,1.0
16,125,7.8734340968472445,6.731247491048529,1.0,1.0,0.0,0.0,1.0,0.0
17,125,7.898846628759615,4.948846468559087,1.0,1.0,0.0,0.0,0.0,0.0
18,125,7.009950511135386,2.9033863180507677,1.0,0.0,0.0,1.0,0.0,0.0
19,125,8.62929883407144,12.0,0.0,0.0,1.0,1.0,0.0,0.0
20,125,7.3408450204285,11.184112802969985,0.0,1.0,1.0,1.0,0.0,0.0
21,125,9.77495496030321,5.190973085265082,1.0,0.0,1.0,1.0,0.0,0.0
22,125,5.189050572121226,5.306813878037034,1.0,1.0,1.0,0.0,0.0,0.0
23,125,0.0,9.77584973797724,0.0,1.0,0.0,0.0,1.0,0.0
24,125,6.585882008698987,5.965416229117318,0.0,0.0,0.0,0.0,1.0,0.0
25,125,11.787412272859706,5.113029684553783,1.0,1.0,1.0,0.0,0.0,0.0
26,125,4.662395750137877,0.4614993432802963,1.0,0.0,1.0,1.0,0.0,0.0
27,125,2.8212941707599697,2.9147655273082065,1.0,0.0,1.0,0.0,1.0,0.0
28,125,11.858821684875272,8.59675177202652,0.0,0.0,1.0,0.0,1.0,0.0
29,125,11.352664122361222,2.851843009623987,0.0,1.0,0.0,1.0,0.0,0.0
30,125,12.0,2.0912137094419103,1.0,0.0,1.0,0.0,0.0,1.0
31,125,7.928315916089951,4.503570802736209,0.0,0.0,1.0,1.0,0.0,1.0
32,125,4.444851305428402,0.2574134406591811,0.0,1.0,0.0,1.0,0.0,0.0
33,125,0.0,10.455583868003774,1.0,0.0,0.0,0.0,1.0,1.0
34,125,8.72426505730575,3.5248780318889925,1.0,1.0,0.0,0.0,0.0,0.0
35,125,0.0006068836155849,7.250071963508472,1.0,0.0,1.0,0.0,1.0,0.0
36,125,9.913866461210954,9.714188532185709,0.0,1.0,1.0,1.0,0.0,0.0
37,125,2.5513967647378784,7.753029444976623,1.0,0.0,1.0,0.0,0.0,1.0
38,125,11.308453298552244,7.605908843874918,1.0,1.0,0.0,1.0,0.0,0.0
39,125,10.228875578726273,8.179075688698353,0.0,0.0,0.0,0.0,0.0,0.0
0,130,9.540661729887754,3.6507622227204175,0.0,0.0,1.0,1.0,0.0,1.0
1,130,4.092202853838377,9.24210296814764,0.0,1.0,0.0,1.0,1.0,0.0
2,130,3.734909477656777,0.3386832305436374,0.0,0.0,0.0,0.0,1.0,1.0
3,130,10.929974686807377,9.494482062032109,0.0,0.0,1.0,1.0,0.0,1.0
4,130,10.886394379231277,5.417004700312873,0.0,0.0,0.0,1.0,1.0,1.0
5,130,7.842796416936911,12.0,0.0,1.0,0.0,1.0,1.0,0.0
6,130,7.890022278966188,10.87680031798624,0.0,0.0,0.0,1.0,0.0,0.0
7,130,7.844663722169088,3.6901612928164895,0.0,0.0,0.0,1.0,0.0,0.0
8,130,6.455522666075508,8.76312211890521,1.0,1.0,0.0,1.0,1.0,0.0
9,130,8.541873948747117,4.999232623927879,0.0,0.0,0.0,0.0,0.0,0.0
10,130,2.063050618366508,5.87555198723916,0.0,0.0,0.0,0.0,1.0,0.0
11,130,3.967454157880919,4.583661155875153,1.0,0.0,1.0,1.0,0.0,1.0
12,130,2.5670746753358227,9.144827156075255,0.0,1.0,0.0,1.0,0.0,1.0
13,130,9.370024254103685,3.827760599285373,1.0,1.0,1.0,0.0,0.0,0.0
14,130,3.882430447250008,0.2801893706166496,0.0,0.0,0.0,0.0,1.0,0.0
15,130,5.332609065491945,1.203154510658757,0.0,0.0,0.0,1.0,0.0,1.0
16,130,7.797589374456571,6.780810289537024,1.0,1.0,0.0,0.0,1.0,0.0
17,130,7.89755976222112,4.968945358453602,1.0,1.0,0.0,0.0,0.0,0.0
18,130,6.965063412861435,3.073469987751948,1.0,0.0,0.0,1.0,0.0,0.0
19,130,8.612579347280267,12.0,0.0,0.0,1.0,1.0,0.0,0.0
20,130,7.40386091419807,11.357814147683651,0.0,1.0,1.0,1.0,0.0,0.0
21,130,9.776800390782626,5.199615176041827,1.0,0.0,1.0,1.0,0.0,0.0
22,130,5.124245282546871,5.320054116876606,1.0,1.0,1.0,0.0,0.0,0.0
23,130,0.0,9.757023448476549,0.0,1.0,0.0,0.0,1.0,0.0
24,130,6.605650875040999,6.026191693668846,0.0,0.0,0.0,0.0,1.0,0.0
25,130,11.772036966284892,5.120836507530272,1.0,1.0,1.0,0.0,0.0,0.0
26,130,4.570935992691669,0.5160620584158425,1.0,0.0,1.0,1.0,0.0,0.0
27,130,2.881382148684704,2.785780938240036,1.0,0.0,1.0,0.0,1.0,0.0
28,130,11.950631722182836,8.526568528123077,0.0,0.0,1.0,0.0,1.0,0.0
29,130,11.385886881185144,2.7032315261897595,0.0,1.0,0.0,1.0,0.0,0.0
30,130,12.0,2.1650620874231423,1.0,0.0,1.0,0.0,0.0,1.0
31,130,7.929699554846826,4.5092853414570095,0.0,0.0,1.0,1.0,0.0,1.0
32,130,4.530370021053979,0.2188875524784476,0.0,1.0,0.0,1.0,0.0,0.0
33,130,0.0,10.413740050871455,1.0,0.0,0.0,0.0,1.0,1.0
34,130,8.746986029830781,3.5155482838547005,1.0,1.0,0.0,0.0,0.0,0.0
35,130,0.0011160823071677,7.233292535190079,1.0,0.0,1.0,0.0,1.0,0.0
36,130,9.909557076633916,9.72209757821666,0.0,1.0,1.0,1.0,0.0,0.0
37,130,2.659901814256624,7.877120413497086,1.0,0.0,1.0,0.0,0.0,1.0
38,130,11.305289105501622,7.622805250766654,1.0,1.0,0.0,1.0,0.0,0.0
39,130,10.250116425349717,8.196334944162155,0.0,0.0,0.0,0.0,0.0,0.0
0,135,9.5016236013763,3.670612120269992,0.0,0.0,1.0,1.0,0.0,1.0
1,135,4.059891657893258,9.237048956944252,0.0,1.0,0.0,1.0,1.0,0.0
2,135,3.743697027981913,0.3215888463787482,0.0,0.0,0.0,0.0,1.0,1.0
3,135,10.91173109145302,9.493731536036195,0.0,0.0,1.0,1.0,0.0,1.0
4,135,10.903746657787128,5.360552509347473,0.0,0.0,0.0,1.0,1.0,1.0
5,135,7.815553047499716,12.0,0.0,1.0,0.0,1.0,1.0,0.0
6,135,7.895047505738585,10.856884281441715,0.0,0.0,0.0,1.0,0.0,0.0
7,135,7.824448206878407,3.642707005052356,0.0,0.0,0.0,1.0,0.0,0.0
8,135,6.447812709993164,8.77377440689971,1.0,1.0,0.0,1.0,1.0,0.0
9,135,8.45083096366593,5.102318717814221,0.0,0.0,0.0,0.0,0.0,0.0
10,135,2.013995290890872,5.749451517475555,0.0,0.0,0.0,0.0,1.0,0.0
11,135,3.950848912070168,4.536546248401892,1.0,0.0,1.0,1.0,0.0,1.0
12,135,2.630708326926845,9.1602452460754,0.0,1.0,0.0,1.0,0.0,1.0
13,135,9.274982403840268,3.935832883428836,1.0,1.0,1.0,0.0,0.0,0.0
14,135,3.87882652582156,0.2664722257042402,0.0,0.0,0.0,0.0,1.0,0.0
15,135,5.331532006680065,1.2095803091923036,0.0,0.0,0.0,1.0,0.0,1.0
16,135,7.712027914619177,6.835594723665712,1.0,1.0,0.0,0.0,1.0,0.0
17,135,7.896975041902324,4.975859426332507,1.0,1.0,0.0,0.0,0.0,0.0
18,135,6.922928714419764,3.236376217308369,1.0,0.0,0.0,1.0,0.0,0.0
19,135,8.597334495120162,12.0,0.0,0.0,1.0,1.0,0.0,0.0
20,135,7.468033751268974,11.535789234770736,0.0,1.0,1.0,1.0,0.0,0.0
21,135,9.776642707626978,5.198899776277018,1.0,0.0,1.0,1.0,0.0,0.0
22,135,5.055239698270944,5.333921403005358,1.0,1.0,1.0,0.0,0.0,0.0
23,135,0.0,9.74077143164448,0.0,1.0,0.0,0.0,1.0,0.0
24,135,6.624982464724263,6.081109802816074,0.0,0.0,0.0,0.0,1.0,0.0
25,135,11.763888110879744,5.124949508045366,1.0,1.0,1.0,0.0,0.0,0.0
26,135,4.490704433593063,0.5662299603382743,1.0,0.0,1.0,1.0,0.0,0.0
27,135,2.95027246868216,2.630761944791134,1.0,0.0,1.0,0.0,1.0,0.0
28,135,11.867792192033662,8.41332422027622,0.0,0.0,1.0,0.0,1.0,0.0
29,135,11.428576923703732,2.5193538468428622,0.0,1.0,0.0,1.0,0.0,0.0
30,135,12.0,2.2389567082646087,1.0,0.0,1.0,0.0,0.0,1.0
31,135,7.934631797118143,4.528760572452029,0.0,0.0,1.0,1.0,0.0,1.0
32,135,4.606537391145054,0.1854758265073458,0.0,1.0,0.0,1.0,0.0,0.0
33,135,0.0,10.37144435462058,1.0,0.0,0.0,0.0,1.0,1.0
34,135,8.759514496389476,3.510309681489853,1.0,1.0,0.0,0.0,0.0,0.0
35,135,0.0014296080252777,7.224440827190026,1.0,0.0,1.0,0.0,1.0,0.0
36,135,9.90369285433835,9.73286230064288,0.0,1.0,1.0,1.0,0.0,0.0
37,135,2.543052993351804,7.985947832960045,1.0,0.0,1.0,0.0,0.0,1.0
38,135,11.301368048642264,7.642382378704414,1.0,1.0,0.0,1.0,0.0,0.0
39,135,10.260289659434468,8.204334354685319,0.0,0.0,0.0,0.0,0.0,0.0
0,140,9.453002019005469,3.694420725068966,0.0,0.0,1.0,1.0,0.0,1.0
1,140,4.029057351487378,9.232579667507904,0.0,1.0,0.0,1.0,1.0,0.0
2,140,3.7513281954714,0.3060179514328754,0.0,0.0,0.0,0.0,1.0,1.0
3,140,10.889499583738488,9.492886243563182,0.0,0.0,1.0,1.0,0.0,1.0
4,140,10.923064147790855,5.297779099168366,0.0,0.0,0.0,1.0,1.0,1.0
5,140,7.788268430490761,12.0,0.0,1.0,0.0,1.0,1.0,0.0
6,140,7.896402029691131,10.850612453466116,0.0,0.0,0.0,1.0,0.0,0.0
7,140,7.813865952383209,3.617253519940396,0.0,0.0,0.0,1.0,0.0,0.0
8,140,6.449862104602551,8.770892263967719,1.0,1.0,0.0,1.0,1.0,0.0
9,140,8.36307279761404,5.200180845156306,0.0,0.0,0.0,0.0,0.0,0.0
10,140,1.9741358124852733,5.638267592851,0.0,0.0,0.0,0.0,1.0,0.0
11,140,3.933874072345117,4.4857610186533226,1.0,0.0,1.0,1.0,0.0,1.0
12,140,2.6975064813658958,9.177947645184345,0.0,1.0,0.0,1.0,0.0,1.0
13,140,9.194770567880004,4.024012499068557,1.0,1.0,1.0,0.0,0.0,0.0
14,140,3.876916861744215,0.25919829143281,0.0,0.0,0.0,0.0,1.0,0.0
15,140,5.327153225983507,1.233609890921095,0.0,0.0,0.0,1.0,0.0,1.0
16,140,7.611708678488032,6.899207310994902,1.0,1.0,0.0,0.0,1.0,0.0
17,140,7.895408686118642,4.994255969656722,1.0,1.0,0.0,0.0,0.0,0.0
18,140,6.881727809748456,3.3870119867743917,1.0,0.0,0.0,1.0,0.0,0.0
19,140,8.576914516695096,12.0,0.0,0.0,1.0,1.0,0.0,0.0
20,140,7.530808643505071,11.706269695149864,0.0,1.0,1.0,1.0,0.0,0.0
21,140,9.781251598063564,5.216900229034946,1.0,0.0,1.0,1.0,0.0,0.0
22,140,4.965762922132796,5.349801568430668,1.0,1.0,1.0,0.0,0.0,0.0
23,140,0.0,9.7187730478555,0.0,1.0,0.0,0.0,1.0,0.0
24,140,6.647327233020073,6.142605920766492,0.0,0.0,0.0,0.0,1.0,0.0
25,140,11.760793205313028,5.1265405854576285,1.0,1.0,1.0,0.0,0.0,0.0
26,140,4.420320454811922,0.6104799256104081,1.0,0.0,1.0,1.0,0.0,0.0
27,140,3.030860387237458,2.4485652167925425,1.0,0.0,1.0,0.0,1.0,0.0
28,140,11.78578497875238,8.30200578668308,0.0,0.0,1.0,0.0,1.0,0.0
29,140,11.478888486964928,2.322570968755435,0.0,1.0,0.0,1.0,0.0,0.0
30,140,12.0,2.09475762247868,1.0,0.0,1.0,0.0,0.0,1.0
31,140,7.941548019266516,4.558550509068353,0.0,0.0,1.0,1.0,0.0,1.0
32,140,4.69591211363833,0.1455147423108066,0.0,1.0,0.0,1.0,0.0,0.0
33,140,0.0,10.330747779834091,1.0,0.0,0.0,0.0,1.0,1.0
34,140,8.763538985559464,3.508541772430759,1.0,1.0,0.0,0.0,0.0,0.0
35,140,0.002489543122057,7.205650850389004,1.0,0.0,1.0,0.0,1.0,0.0
36,140,9.908250855394996,9.724656101184918,0.0,1.0,1.0,1.0,0.0,0.0
37,140,2.4140311163579398,8.101285507584377,1.0,0.0,1.0,0.0,0.0,1.0
38,140,11.296538073436878,7.668101978763421,1.0,1.0,0.0,1.0,0.0,0.0
39,140,10.27758905924968,8.217217834468968,0.0,0.0,0.0,0.0,0.0,0.0
0,145,9.397143319562424,3.720293510567021,0.0,0.0,1.0,1.0,0.0,1.0
1,145,4.001308598563208,9.228650322248672,0.0,1.0,0.0,1.0,1.0,0.0
2,145,3.757727765398648,0.292454221535522,0.0,0.0,0.0,0.0,1.0,1.0
3,145,10.883294550803395,9.492696157011878,0.0,0.0,1.0,1.0,0.0,1.0
4,145,10.942422590767157,5.233289587629119,0.0,0.0,0.0,1.0,1.0,1.0
5,145,7.770699144752548,12.0,0.0,1.0,0.0,1.0,1.0,0.0
6,145,7.900407495168649,10.832021163895252,0.0,0.0,0.0,1.0,0.0,0.0
7,145,7.803817669252017,3.5920567583406315,0.0,0.0,0.0,1.0,0.0,0.0
8,145,6.452571547769344,8.767111264123006,1.0,1.0,0.0,1.0,1.0,0.0
9,145,8.26715944106096,5.3064839337888206,0.0,0.0,0.0,0.0,0.0,0.0
10,145,1.942872206183836,5.5443398906947605,0.0,0.0,0.0,0.0,1.0,0.0
11,145,3.9150021002484663,4.433717460567181,1.0,0.0,1.0,1.0,0.0,1.0
12,145,2.769425236093589,9.196058430963104,0.0,1.0,0.0,1.0,0.0,1.0
13,145,9.126019090663664,4.101006996848104,1.0,1.0,1.0,0.0,0.0,0.0
14,145,3.8772672377807567,0.2604168037749875,0.0,0.0,0.0,0.0,1.0,0.0
15,145,5.3224924467322365,1.2622894889032257,0.0,0.0,0.0,1.0,0.0,1.0
16,145,7.514591448410698,6.961358322215339,1.0,1.0,0.0,0.0,1.0,0.0
17,145,7.89381971627714,5.008791684709439,1.0,1.0,0.0,0.0,0.0,0.0
18,145,6.838335214517723,3.552067008013588,1.0,0.0,0.0,1.0,0.0,0.0
19,145,8.553287131888457,12.0,0.0,0.0,1.0,1.0,0.0,0.0
20,145,7.589720656765093,11.854174453034558,0.0,1.0,1.0,1.0,0.0,0.0
21,145,9.78522772194452,5.232012733229391,1.0,0.0,1.0,1.0,0.0,0.0
22,145,4.881901245879831,5.365402026150497,1.0,1.0,1.0,0.0,0.0,0.0
23,145,0.0,9.696913284225657,0.0,1.0,0.0,0.0,1.0,0.0
24,145,6.674499867140293,6.212635593323184,0.0,0.0,0.0,0.0,1.0,0.0
25,145,11.763122850612554,5.125323091942491,1.0,1.0,1.0,0.0,0.0,0.0
26,145,4.342028227361639,0.6586075703552066,1.0,0.0,1.0,1.0,0.0,0.0
27,145,3.1152350725786166,2.2530984375449905,1.0,0.0,1.0,0.0,1.0,0.0
28,145,11.721161272505563,8.21016862608417,0.0,0.0,1.0,0.0,1.0,0.0
29,145,11.526661170888485,2.1414601885155045,0.0,1.0,0.0,1.0,0.0,0.0
30,145,12.0,1.9410624764636808,1.0,0.0,1.0,0.0,0.0,1.0
31,145,7.948104220725024,4.58609164524642,0.0,0.0,1.0,1.0,0.0,1.0
32,145,4.7759474801148025,0.1080864722401906,0.0,1.0,0.0,1.0,0.0,0.0
33,145,0.0,10.29281088657669,1.0,0.0,0.0,0.0,1.0,1.0
34,145,8.755169333221707,3.512290982397609,1.0,1.0,0.0,0.0,0.0,0.0
35,145,0.0041401812779658,7.173878358633584,1.0,0.0,1.0,0.0,1.0,0.0
36,145,9.895970659087403,9.746941413733095,0.0,1.0,1.0,1.0,0.0,0.0
37,145,2.2952653795692965,8.208570959970341,1.0,0.0,1.0,0.0,0.0,1.0
38,145,11.294544698022946,7.678444331531333,1.0,1.0,0.0,1.0,0.0,0.0
39,145,10.302609445460217,8.23639301161456,0.0,0.0,0.0,0.0,0.0,0.0
0,150,9.322660125342582,3.75572852300284,0.0,0.0,1.0,1.0,0.0,1.0
1,150,3.9921190422410455,9.227381797910631,0.0,1.0,0.0,1.0,1.0,0.0
2,150,3.761361795226186,0.2843621067612339,0.0,0.0,0.0,0.0,1.0,1.0
3,150,10.868687940748387,9.49183879187622,0.0,0.0,1.0,1.0,0.0,1.0
4,150,10.963361048533828,5.167902217570714,0.0,0.0,0.0,1.0,1.0,1.0
5,150,7.75179157441694,12.0,0.0,1.0,0.0,1.0,1.0,0.0
6,150,7.904577080463443,10.814137640941167,0.0,0.0,0.0,1.0,0.0,0.0
7,150,7.797743037862668,3.5783070228328926,0.0,0.0,0.0,1.0,0.0,0.0
8,150,6.43507600034525,8.754245104500551,1.0,1.0,0.0,1.0,1.0,0.0
9,150,8.173456946097271,5.41239727045046,0.0,0.0,0.0,0.0,0.0,0.0
10,150,1.9139620405158335,5.455256476918651,0.0,0.0,0.0,0.0,1.0,0.0
11,150,3.891256141846892,4.3676200211770135,1.0,0.0,1.0,1.0,0.0,1.0
12,150,2.8678757293239445,9.219896891838442,0.0,1.0,0.0,1.0,0.0,1.0
13,150,9.046558300813173,4.187972802698539,1.0,1.0,1.0,0.0,0.0,0.0
14,150,3.8780557946179752,0.2631108269378244,0.0,0.0,0.0,0.0,1.0,0.0
15,150,5.32054361393509,1.2758391312868167,0.0,0.0,0.0,1.0,0.0,1.0
16,150,7.429047759532282,7.018339797697988,1.0,1.0,0.0,0.0,1.0,0.0
17,150,7.892475785761139,5.020782485672949,1.0,1.0,0.0,0.0,0.0,0.0
18,150,6.7950995380943136,3.716348199730745,1.0,0.0,0.0,1.0,0.0,0.0
19,150,8.529522685208144,12.0,0.0,0.0,1.0,1.0,0.0,0.0
20,150,7.647794746474545,12.0,0.0,1.0,1.0,1.0,0.0,0.0
21,150,9.788393645606602,5.244391685171439,1.0,0.0,1.0,1.0,0.0,0.0
22,150,4.8083549037205175,5.379875392940894,1.0,1.0,1.0,0.0,0.0,0.0
23,150,0.0,9.67696451257043,0.0,1.0,0.0,0.0,1.0,0.0
24,150,6.70676025310841,6.293266991064829,0.0,0.0,0.0,0.0,1.0,0.0
25,150,11.762589781157988,5.125645808020076,1.0,1.0,1.0,0.0,0.0,0.0
26,150,4.268010402437876,0.7051175046380821,1.0,0.0,1.0,1.0,0.0,0.0
27,150,3.191416631441448,2.080954200294725,1.0,0.0,1.0,0.0,1.0,0.0
28,150,11.648016484769132,8.101257789913404,0.0,0.0,1.0,0.0,1.0,0.0
29,150,11.57373898083001,1.9645448963085268,0.0,1.0,0.0,1.0,0.0,0.0
30,150,12.0,1.778788915256445,1.0,0.0,1.0,0.0,0.0,1.0
31,150,7.957644324873761,4.626379012039388,0.0,0.0,1.0,1.0,0.0,1.0
32,150,4.877784871149075,0.060601400911998,0.0,1.0,0.0,1.0,0.0,0.0
33,150,0.0,10.251224540242616,1.0,0.0,0.0,0.0,1.0,1.0
34,150,8.760064645270786,3.5236246303408985,1.0,1.0,0.0,0.0,0.0,0.0
35,150,0.0048480066187289,7.164023118391438,1.0,0.0,1.0,0.0,1.0,0.0
36,150,9.886499285844812,9.763828790980446,0.0,1.0,1.0,1.0,0.0,0.0
37,150,2.169063377164022,8.320959740793791,1.0,0.0,1.0,0.0,0.0,1.0
38,150,11.293500595168371,7.684364728766287,1.0,1.0,0.0,1.0,0.0,0.0
39,150,10.328117428158034,8.256082172379694,0.0,0.0,0.0,0.0,0.0,0.0
0,155,9.261059433154008,3.785245380865086,0.0,0.0,1.0,1.0,0.0,1.0
1,155,3.979573758558542,9.225169771950805,0.0,1.0,0.0,1.0,1.0,0.0
2,155,3.756096568448149,0.2968670162347553,0.0,0.0,0.0,0.0,1.0,1.0
3,155,10.837742827762318,9.48962875343433,0.0,0.0,1.0,1.0,0.0,1.0
4,155,10.983944048564076,5.100603038393047,0.0,0.0,0.0,1.0,1.0,1.0
5,155,7.728514343018685,12.0,0.0,1.0,0.0,1.0,1.0,0.0
6,155,7.9074787509636915,10.801123196338832,0.0,0.0,0.0,1.0,0.0,0.0
7,155,7.795789686796072,3.574256579541937,0.0,0.0,0.0,1.0,0.0,0.0
8,155,6.411264410413498,8.736328692316436,1.0,1.0,0.0,1.0,1.0,0.0
9,155,8.072572807453422,5.527746250077596,0.0,0.0,0.0,0.0,0.0,0.0
10,155,1.8848711287168407,5.361880999250995,0.0,0.0,0.0,0.0,1.0,0.0
11,155,3.8633799390082353,4.290866032531823,1.0,0.0,1.0,1.0,0.0,1.0
12,155,2.958414614970561,9.241813878677432,0.0,1.0,0.0,1.0,0.0,1.0
13,155,8.98488591985307,4.257067370980566,1.0,1.0,1.0,0.0,0.0,0.0
14,155,3.872177892584308,0.2436982062214947,0.0,0.0,0.0,0.0,1.0,0.0
15,155,5.31808047149693,1.290250345732424,0.0,0.0,0.0,1.0,0.0,1.0
16,155,7.337645814560304,7.078568895791785,1.0,1.0,0.0,0.0,1.0,0.0
17,155,7.892042160953068,5.0245048935808905,1.0,1.0,0.0,0.0,0.0,0.0
18,155,6.747758303362301,3.882448210218052,1.0,0.0,0.0,1.0,0.0,0.0
19,155,8.512487319758812,12.0,0.0,0.0,1.0,1.0,0.0,0.0
20,155,7.712165081109406,12.0,0.0,1.0,1.0,1.0,0.0,0.0
21,155,9.790496044938916,5.252709545671245,1.0,0.0,1.0,1.0,0.0,0.0
22,155,4.750250636396654,5.391388367558792,1.0,1.0,1.0,0.0,0.0,0.0
23,155,0.0,9.656037276323172,0.0,1.0,0.0,0.0,1.0,0.0
24,155,6.731738159583168,6.352698456340327,0.0,0.0,0.0,0.0,1.0,0.0
25,155,11.76261181257442,5.125632424165881,1.0,1.0,1.0,0.0,0.0,0.0
26,155,4.189049065820057,0.7548667840466564,1.0,0.0,1.0,1.0,0.0,0.0
27,155,3.2657319386448664,1.907493050294371,1.0,0.0,1.0,0.0,1.0,0.0
28,155,11.57697777994326,7.999421535640564,0.0,0.0,1.0,0.0,1.0,0.0
29,155,11.616606283663328,1.784364085721589,0.0,1.0,0.0,1.0,0.0,0.0
30,155,12.0,1.6107960657279723,1.0,0.0,1.0,0.0,0.0,1.0
31,155,7.969671233721856,4.6701796762614665,0.0,0.0,1.0,1.0,0.0,1.0
32,155,4.98264424042975,0.0119271297258786,0.0,1.0,0.0,1.0,0.0,0.0
33,155,0.0,10.205852499658734,1.0,0.0,0.0,0.0,1.0,1.0
34,155,8.768614884447844,3.5460078508911703,1.0,1.0,0.0,0.0,0.0,0.0
35,155,0.0040183701448756,7.17356279614489,1.0,0.0,1.0,0.0,1.0,0.0
36,155,9.881140910086971,9.773658555469712,0.0,1.0,1.0,1.0,0.0,0.0
37,155,2.0306342930100865,8.448016331322382,1.0,0.0,1.0,0.0,0.0,1.0
38,155,11.292797912902692,7.688594854828898,1.0,1.0,0.0,1.0,0.0,0.0
39,155,10.350893715519096,8.274604392484514,0.0,0.0,0.0,0.0,0.0,0.0
0,160,9.205746887887114,3.8124801981612255,0.0,0.0,1.0,1.0,0.0,1.0
1,160,3.963515616536884,9.22257639484828,0.0,1.0,0.0,1.0,1.0,0.0
2,160,3.7572513966682872,0.2941868105767795,0.0,0.0,0.0,0.0,1.0,1.0
3,160,10.786706268532813,9.485684123850216,0.0,0.0,1.0,1.0,0.0,1.0
4,160,11.008374379861744,5.016806078582669,0.0,0.0,0.0,1.0,1.0,1.0
5,160,7.698170642651754,12.0,0.0,1.0,0.0,1.0,1.0,0.0
6,160,7.912501866262723,10.78032540673575,0.0,0.0,0.0,1.0,0.0,0.0
7,160,7.77482318204633,3.584438496183576,0.0,0.0,0.0,1.0,0.0,0.0
8,160,6.367422983924207,8.70640975942743,1.0,1.0,0.0,1.0,1.0,0.0
9,160,7.9679527696060335,5.641289899753576,0.0,0.0,0.0,0.0,0.0,0.0
10,160,1.8611724984749207,5.281870215558438,0.0,0.0,0.0,0.0,1.0,0.0
11,160,3.826557985873216,4.19945725436636,1.0,0.0,1.0,1.0,0.0,1.0
12,160,3.040566025793118,9.261241112022542,0.0,1.0,0.0,1.0,0.0,1.0
13,160,8.932665787346854,4.316482848467598,1.0,1.0,1.0,0.0,0.0,0.0
14,160,3.864654750450203,0.2174073305643268,0.0,0.0,0.0,0.0,1.0,0.0
15,160,5.3152465285602455,1.3048689727516904,0.0,0.0,0.0,1.0,0.0,1.0
16,160,7.250897829684349,7.132112864167717,1.0,1.0,0.0,0.0,1.0,0.0
17,160,7.891441593574813,5.032606651410598,1.0,1.0,0.0,0.0,0.0,0.0
18,160,6.706902805754143,4.039072057385793,1.0,0.0,0.0,1.0,0.0,0.0
19,160,8.498919075204514,12.0,0.0,0.0,1.0,1.0,0.0,0.0
20,160,7.770784407222777,12.0,0.0,1.0,1.0,1.0,0.0,0.0
21,160,9.79407290416987,5.266789925892171,1.0,0.0,1.0,1.0,0.0,0.0
22,160,4.677064287362757,5.407239365650167,1.0,1.0,1.0,0.0,0.0,0.0
23,160,0.0,9.63575444071017,0.0,1.0,0.0,0.0,1.0,0.0
24,160,6.755718719861563,6.410448425802897,0.0,0.0,0.0,0.0,1.0,0.0
25,160,11.747458553593535,5.134744985342879,1.0,1.0,1.0,0.0,0.0,0.0
26,160,4.117448472563638,0.7992255227350431,1.0,0.0,1.0,1.0,0.0,0.0
27,160,3.3360265641817164,1.7254107690514358,1.0,0.0,1.0,0.0,1.0,0.0
28,160,11.512921800124502,7.901999775414264,0.0,0.0,1.0,0.0,1.0,0.0
29,160,11.657491418315228,1.6026030497712542,0.0,1.0,0.0,1.0,0.0,0.0
30,160,12.0,1.4212702620605824,1.0,0.0,1.0,0.0,0.0,1.0
31,160,7.982880481195264,4.719829162784283,0.0,0.0,1.0,1.0,0.0,1.0
32,160,5.098580770147533,0.0,0.0,1.0,0.0,1.0,0.0,0.0
33,160,0.0,10.161973370189893,1.0,0.0,0.0,0.0,1.0,1.0
34,160,8.777375783752369,3.568136215603594,1.0,1.0,0.0,0.0,0.0,0.0
35,160,0.0034099809112996,7.180594904014239,1.0,0.0,1.0,0.0,1.0,0.0
36,160,9.864151904667365,9.80740422590205,0.0,1.0,1.0,1.0,0.0,0.0
37,160,1.8889176613619556,8.578464579780048,1.0,0.0,1.0,0.0,0.0,1.0
38,160,11.291990778653084,7.693864242418546,1.0,1.0,0.0,1.0,0.0,0.0
39,160,10.371553463338484,8.290779221892913,0.0,0.0,0.0,0.0,0.0,0.0
0,165,9.151171388726349,3.8412284272401713,0.0,0.0,1.0,1.0,0.0,1.0
1,165,3.94984036118574,9.220804343137711,0.0,1.0,0.0,1.0,1.0,0.0
2,165,3.751148745849861,0.3078422814147899,0.0,0.0,0.0,0.0,1.0,1.0
3,165,10.706981455404314,9.47960902815623,0.0,0.0,1.0,1.0,0.0,1.0
4,165,11.029618278700818,4.94653999049705,0.0,0.0,0.0,1.0,1.0,1.0
5,165,7.670055520140014,12.0,0.0,1.0,0.0,1.0,1.0,0.0
6,165,7.910057625174196,10.791891648974133,0.0,0.0,0.0,1.0,0.0,0.0
7,165,7.76172878626195,3.5913793571772232,0.0,0.0,0.0,1.0,0.0,0.0
8,165,6.314704449164752,8.670743149970907,1.0,1.0,0.0,1.0,1.0,0.0
9,165,7.85592462080484,5.76306524514326,0.0,0.0,0.0,0.0,0.0,0.0
10,165,1.8319505944399943,5.186001425314086,0.0,0.0,0.0,0.0,1.0,0.0
11,165,3.794161688922404,4.120406587076436,1.0,0.0,1.0,1.0,0.0,1.0
12,165,3.1410320718814235,9.28194739669575,0.0,1.0,0.0,1.0,0.0,1.0
13,165,8.880612350657787,4.3729850293449815,1.0,1.0,1.0,0.0,0.0,0.0
14,165,3.861602305338334,0.2066839932431806,0.0,0.0,0.0,0.0,1.0,0.0
15,165,5.311915589153863,1.3229558624013238,0.0,0.0,0.0,1.0,0.0,1.0
16,165,7.159639716218633,7.190853854308431,1.0,1.0,0.0,0.0,1.0,0.0
17,165,7.889236852319682,5.061503110391818,1.0,1.0,0.0,0.0,0.0,0.0
18,165,6.6711045757274405,4.197773602899629,1.0,0.0,0.0,1.0,0.0,0.0
19,165,8.487708604613834,12.0,0.0,0.0,1.0,1.0,0.0,0.0
20,165,7.832649172722094,12.0,0.0,1.0,1.0,1.0,0.0,0.0
21,165,9.802885600794092,5.304975919109776,1.0,0.0,1.0,1.0,0.0,0.0
22,165,4.613300699220238,5.4206434280032925,1.0,1.0,1.0,0.0,0.0,0.0
23,165,0.0,9.61523428798295,0.0,1.0,0.0,0.0,1.0,0.0
24,165,6.784838320515406,6.48066744256538,0.0,0.0,0.0,0.0,1.0,0.0
25,165,11.724905668139488,5.148357394342125,1.0,1.0,1.0,0.0,0.0,0.0
26,165,4.039199813764025,0.8465163357423566,1.0,0.0,1.0,1.0,0.0,0.0
27,165,3.405839745434831,1.5318540950753212,1.0,0.0,1.0,0.0,1.0,0.0
28,165,11.437956416249976,7.788716040646088,0.0,0.0,1.0,0.0,1.0,0.0
29,165,11.6946492487957,1.4316818459934664,0.0,1.0,0.0,1.0,0.0,0.0
30,165,12.0,1.24041056218197,1.0,0.0,1.0,0.0,0.0,1.0
31,165,7.997865815825607,4.776161146015592,0.0,0.0,1.0,1.0,0.0,1.0
32,165,5.226164912692899,0.0,0.0,1.0,0.0,1.0,0.0,0.0
33,165,0.0,10.11059215922485,1.0,0.0,0.0,0.0,1.0,1.0
34,165,8.779932466074257,3.5745566129860604,1.0,1.0,0.0,0.0,0.0,0.0
35,165,0.001434694036932,7.202062514691144,1.0,0.0,1.0,0.0,1.0,0.0
36,165,9.859177803246922,9.818165057872344,0.0,1.0,1.0,1.0,0.0,0.0
37,165,1.7598473535778394,8.701349022850367,1.0,0.0,1.0,0.0,0.0,1.0
38,165,11.291240946164995,7.69888696650802,1.0,1.0,0.0,1.0,0.0,0.0
39,165,10.40336042172482,8.316526057670501,0.0,0.0,0.0,0.0,0.0,0.0
0,170,9.09848187466755,3.870267657809972,0.0,0.0,1.0,1.0,0.0,1.0
1,170,3.906411299585829,9.214521666457324,0.0,1.0,0.0,1.0,1.0,0.0
2,170,3.746755016426306,0.3173602376330577,0.0,0.0,0.0,0.0,1.0,1.0
3,170,10.652593650630337,9.47578731296184,0.0,0.0,1.0,1.0,0.0,1.0
4,170,11.05221963721533,4.86940446881836,0.0,0.0,0.0,1.0,1.0,1.0
5,170,7.629167763447419,12.0,0.0,1.0,0.0,1.0,1.0,0.0
6,170,7.910876980699268,10.787355280371884,0.0,0.0,0.0,1.0,0.0,0.0
7,170,7.749811035882215,3.597915814538445,0.0,0.0,0.0,1.0,0.0,0.0
8,170,6.253382558535748,8.627908459001151,1.0,1.0,0.0,1.0,1.0,0.0
9,170,7.73228140250189,5.909499139400549,0.0,0.0,0.0,0.0,0.0,0.0
10,170,1.8089078511308092,5.101905332882679,0.0,0.0,0.0,0.0,1.0,0.0
11,170,3.7568864829452417,4.032304220601646,1.0,0.0,1.0,1.0,0.0,1.0
12,170,3.232798318027011,9.301532439377183,0.0,1.0,0.0,1.0,0.0,1.0
13,170,8.825607083941648,4.431425320321631,1.0,1.0,1.0,0.0,0.0,0.0
14,170,3.8520909116516746,0.1723222978002063,0.0,0.0,0.0,0.0,1.0,0.0
15,170,5.311037254733673,1.3285986950411974,0.0,0.0,0.0,1.0,0.0,1.0
16,170,7.0622821324456,7.252364261610022,1.0,1.0,0.0,0.0,1.0,0.0
17,170,7.886064110316618,5.097657278237244,1.0,1.0,0.0,0.0,0.0,0.0
18,170,6.631181886898632,4.372253365591683,1.0,0.0,0.0,1.0,0.0,0.0
19,170,8.48024741368373,12.0,0.0,0.0,1.0,1.0,0.0,0.0
20,170,7.903172815300821,12.0,0.0,1.0,1.0,1.0,0.0,0.0
21,170,9.80983011404657,5.336444925323427,1.0,0.0,1.0,1.0,0.0,0.0
22,170,4.523222108739504,5.43716994228083,1.0,1.0,1.0,0.0,0.0,0.0
23,170,0.0,9.59453473571722,0.0,1.0,0.0,0.0,1.0,0.0
24,170,6.810024847527291,6.545023183844511,0.0,0.0,0.0,0.0,1.0,0.0
25,170,11.68876684488054,5.169099620487139,1.0,1.0,1.0,0.0,0.0,0.0
26,170,3.9548584403021834,0.8944489038979119,1.0,0.0,1.0,1.0,0.0,0.0
27,170,3.4835516619249893,1.328710188273622,1.0,0.0,1.0,0.0,1.0,0.0
28,170,11.373476191218309,7.696608354206934,0.0,0.0,1.0,0.0,1.0,0.0
29,170,11.731087153920264,1.2566144159071913,0.0,1.0,0.0,1.0,0.0,0.0
30,170,12.0,1.051999459151895,1.0,0.0,1.0,0.0,0.0,1.0
31,170,8.018523004607,4.858687471690939,0.0,0.0,1.0,1.0,0.0,1.0
32,170,5.335671965870463,0.0,0.0,1.0,0.0,1.0,0.0,0.0
33,170,0.0,10.06222777755597,1.0,0.0,0.0,0.0,1.0,1.0
34,170,8.787124877629191,3.5921327958666143,1.0,1.0,0.0,0.0,0.0,0.0
35,170,0.0,7.234249615857336,1.0,0.0,1.0,0.0,1.0,0.0
36,170,9.85413198688331,9.82833234255068,0.0,1.0,1.0,1.0,0.0,0.0
37,170,1.6344705948246308,8.81862391946118,1.0,0.0,1.0,0.0,0.0,1.0
38,170,11.289170490578885,7.718472549228076,1.0,1.0,0.0,1.0,0.0,0.0
39,170,10.441892026183178,8.347442135213688,0.0,0.0,0.0,0.0,0.0,0.0
0,175,9.128143374087266,3.922464343382709,0.0,0.0,1.0,1.0,0.0,1.0
1,175,3.8739451511427454,9.21008974202798,0.0,1.0,0.0,1.0,1.0,0.0
2,175,3.738871361790689,0.3341640392166853,0.0,0.0,0.0,0.0,1.0,1.0
3,175,10.588796883645005,9.470514194849423,0.0,0.0,1.0,1.0,0.0,1.0
4,175,11.07756380041187,4.794111496537952,0.0,0.0,0.0,1.0,1.0,1.0
5,175,7.582157385896588,12.0,0.0,1.0,0.0,1.0,1.0,0.0
6,175,7.908071497018081,10.8026618826045,0.0,0.0,0.0,1.0,0.0,0.0
7,175,7.751303075928225,3.597077662855147,0.0,0.0,0.0,1.0,0.0,0.0
8,175,6.292774224072071,8.570904909148007,1.0,1.0,0.0,1.0,1.0,0.0
9,175,7.612687336581892,6.048865964126538,0.0,0.0,0.0,0.0,0.0,0.0
10,175,1.7820702488649944,5.0152970191221975,0.0,0.0,0.0,0.0,1.0,0.0
11,175,3.718457613904256,3.938532311992884,1.0,0.0,1.0,1.0,0.0,1.0
12,175,3.339114943453946,9.32597903779458,0.0,1.0,0.0,1.0,0.0,1.0
13,175,8.762321224190403,4.49830398826104,1.0,1.0,1.0,0.0,0.0,0.0
14,175,3.8424778598132825,0.1364435255609616,0.0,0.0,0.0,0.0,1.0,0.0
15,175,5.308553721787574,1.3418550527032027,0.0,0.0,0.0,1.0,0.0,1.0
16,175,6.979011003329888,7.308367200438127,1.0,1.0,0.0,0.0,1.0,0.0
17,175,7.882782197932255,5.130217239193295,1.0,1.0,0.0,0.0,0.0,0.0
18,175,6.580010702672992,4.56710029026834,1.0,0.0,0.0,1.0,0.0,0.0
19,175,8.474800929157178,12.0,0.0,0.0,1.0,1.0,0.0,0.0
20,175,7.969145147642568,12.0,0.0,1.0,1.0,1.0,0.0,0.0
21,175,9.818968119194572,5.379416237036974,1.0,0.0,1.0,1.0,0.0,0.0
22,175,4.448680424705153,5.450150574880503,1.0,1.0,1.0,0.0,0.0,0.0
23,175,0.0,9.57157428274082,0.0,1.0,0.0,0.0,1.0,0.0
24,175,6.824875319541253,6.581780675017215,0.0,0.0,0.0,0.0,1.0,0.0
25,175,11.681158748994514,5.173304304624393,1.0,1.0,1.0,0.0,0.0,0.0
26,175,3.8808411879038966,0.9380141474225112,1.0,0.0,1.0,1.0,0.0,0.0
27,175,3.5564955970457217,1.1335888397546254,1.0,0.0,1.0,0.0,1.0,0.0
28,175,11.313394253666296,7.615835046918163,0.0,0.0,1.0,0.0,1.0,0.0
29,175,11.767352897622445,1.097664283480612,0.0,1.0,0.0,1.0,0.0,0.0
30,175,12.0,0.8833516051944853,1.0,0.0,1.0,0.0,0.0,1.0
31,175,8.037996539825107,4.940718453956485,0.0,0.0,1.0,1.0,0.0,1.0
32,175,5.435629100366983,0.0,0.0,1.0,0.0,1.0,0.0,0.0
33,175,0.0,10.013385134719655,1.0,0.0,0.0,0.0,1.0,1.0
34,175,8.796427070757307,3.61550264818028,1.0,1.0,0.0,0.0,0.0,0.0
35,175,0.0,7.2848405395468605,1.0,0.0,1.0,0.0,1.0,0.0
36,175,9.85195503284555,9.832773669355214,0.0,1.0,1.0,1.0,0.0,0.0
37,175,1.526030686770663,8.921494068836795,1.0,0.0,1.0,0.0,0.0,1.0
38,175,11.283642683783086,7.76517184923497,1.0,1.0,0.0,1.0,0.0,0.0
39,175,10.469165934773644,8.368340194007557,0.0,0.0,0.0,0.0,0.0,0.0
0,180,9.160985178544577,3.981159838746201,0.0,0.0,1.0,1.0,0.0,1.0
1,180,3.8503289461873926,9.207063953711648,0.0,1.0,0.0,1.0,1.0,0.0
2,180,3.7317346604261146,0.3501948290612436,0.0,0.0,0.0,0.0,1.0,1.0
3,180,10.515598302730718,9.467829101997896,0.0,0.0,1.0,1.0,0.0,1.0
4,180,11.10307290170973,4.720145485924706,0.0,0.0,0.0,1.0,1.0,1.0
5,180,7.529374082268927,12.0,0.0,1.0,0.0,1.0,1.0,0.0
6,180,7.900841679587704,10.841899777223317,0.0,0.0,0.0,1.0,0.0,0.0
7,180,7.74438526466422,3.6008556205584,0.0,0.0,0.0,1.0,0.0,0.0
8,180,6.345223468342359,8.493984269573826,1.0,1.0,0.0,1.0,1.0,0.0
9,180,7.494770730827931,6.18174086863566,0.0,0.0,0.0,0.0,0.0,0.0
10,180,1.7568524619476442,4.938646027568773,0.0,0.0,0.0,0.0,1.0,0.0
11,180,3.678650592272475,3.850588966439765,1.0,0.0,1.0,1.0,0.0,1.0
12,180,3.442563463274197,9.349136021737074,0.0,1.0,0.0,1.0,0.0,1.0
13,180,8.709594009469974,4.552717904486089,1.0,1.0,1.0,0.0,0.0,0.0
14,180,3.833904839212644,0.1035630511409741,0.0,0.0,0.0,0.0,1.0,0.0
15,180,5.308912451571796,1.340210480551604,0.0,0.0,0.0,1.0,0.0,1.0
16,180,6.910730259734482,7.354160470529753,1.0,1.0,0.0,0.0,1.0,0.0
17,180,7.877468587666291,5.188962878805831,1.0,1.0,0.0,0.0,0.0,0.0
18,180,6.538068570284621,4.74037000868755,1.0,0.0,0.0,1.0,0.0,0.0
19,180,8.472111979155962,12.0,0.0,0.0,1.0,1.0,0.0,0.0
20,180,8.030931058396813,12.0,0.0,1.0,1.0,1.0,0.0,0.0
21,180,9.832183039916933,5.437435421082706,1.0,0.0,1.0,1.0,0.0,0.0
22,180,4.386247880393524,5.459925866250427,1.0,1.0,1.0,0.0,0.0,0.0
23,180,0.0,9.546148688598734,0.0,1.0,0.0,0.0,1.0,0.0
24,180,6.834539424260818,6.60625055789192,0.0,0.0,0.0,0.0,1.0,0.0
25,180,11.6881603964976,5.186043427281151,1.0,1.0,1.0,0.0,0.0,0.0
26,180,3.803595950709839,0.9832108490031948,1.0,0.0,1.0,1.0,0.0,0.0
27,180,3.617533213889404,0.953341958448222,1.0,0.0,1.0,0.0,1.0,0.0
28,180,11.27171914070824,7.554772879652953,0.0,0.0,1.0,0.0,1.0,0.0
29,180,11.804210753827103,0.9366432902535896,0.0,1.0,0.0,1.0,0.0,0.0
30,180,12.0,0.7290048896631683,1.0,0.0,1.0,0.0,0.0,1.0
31,180,8.058143083556716,5.018171455232076,0.0,0.0,1.0,1.0,0.0,1.0
32,180,5.559441227198957,0.0,0.0,1.0,0.0,1.0,0.0,0.0
33,180,0.0,9.96461379322492,1.0,0.0,0.0,0.0,1.0,1.0
34,180,8.814132250378329,3.6580274792744656,1.0,1.0,0.0,0.0,0.0,0.0
35,180,0.0,7.346641892841244,1.0,0.0,1.0,0.0,1.0,0.0
36,180,9.83871075951508,9.858077530986964,0.0,1.0,1.0,1.0,0.0,0.0
37,180,1.411725431873638,9.03057995500732,1.0,0.0,1.0,0.0,0.0,1.0
38,180,11.27743866167227,7.83224569043813,1.0,1.0,0.0,1.0,0.0,0.0
39,180,10.485354542144483,8.380562392253122,0.0,0.0,0.0,0.0,0.0,0.0
0,185,9.184541393310022,4.0232369654350375,0.0,0.0,1.0,1.0,0.0,1.0
1,185,3.8623343398944767,9.208857132530634,0.0,1.0,0.0,1.0,1.0,0.0
2,185,3.732392730509257,0.3487505514805225,0.0,0.0,0.0,0.0,1.0,1.0
3,185,10.435766720082514,9.46310473057891,0.0,0.0,1.0,1.0,0.0,1.0
4,185,11.123892551406238,4.664370738649367,0.0,0.0,0.0,1.0,1.0,1.0
5,185,7.48621851847937,12.0,0.0,1.0,0.0,1.0,1.0,0.0
6,185,7.890315028792011,10.895987001600242,0.0,0.0,0.0,1.0,0.0,0.0
7,185,7.721111590699672,3.613869400304189,0.0,0.0,0.0,1.0,0.0,0.0
8,185,6.416297291578124,8.390622046175137,1.0,1.0,0.0,1.0,1.0,0.0
9,185,7.368000211036886,6.312088496312335,0.0,0.0,0.0,0.0,0.0,0.0
10,185,1.8388355441295725,4.911611484275335,0.0,0.0,0.0,0.0,1.0,0.0
11,185,3.6418381324021065,3.7695304658803863,1.0,0.0,1.0,1.0,0.0,1.0
12,185,3.5443778778935,9.373239680916036,0.0,1.0,0.0,1.0,0.0,1.0
13,185,8.662983206215609,4.603068894818578,1.0,1.0,1.0,0.0,0.0,0.0
14,185,3.828997146863522,0.0858247953186335,0.0,0.0,0.0,0.0,1.0,0.0
15,185,5.310727704600533,1.332224874310851,0.0,0.0,0.0,1.0,0.0,1.0
16,185,6.862298245370286,7.3865209729483,1.0,1.0,0.0,0.0,1.0,0.0
17,185,7.873107603530841,5.2339885824264565,1.0,1.0,0.0,0.0,0.0,0.0
18,185,6.489894263776547,4.926874107450534,1.0,0.0,0.0,1.0,0.0,0.0
19,185,8.469186701075168,12.0,0.0,0.0,1.0,1.0,0.0,0.0
20,185,8.087400442445482,12.0,0.0,1.0,1.0,1.0,0.0,0.0
21,185,9.842032657159924,5.479041191494771,1.0,0.0,1.0,1.0,0.0,0.0
22,185,4.316577491497291,5.471436000664547,1.0,1.0,1.0,0.0,0.0,0.0
23,185,0.0,9.525177203357678,0.0,1.0,0.0,0.0,1.0,0.0
24,185,6.845358227647882,6.634825649705896,0.0,0.0,0.0,0.0,1.0,0.0
25,185,11.691953655693611,5.19274509265829,1.0,1.0,1.0,0.0,0.0,0.0
26,185,3.719644567879557,1.0306881971806956,1.0,0.0,1.0,1.0,0.0,0.0
27,185,3.6773324159201306,0.7715763816669517,1.0,0.0,1.0,0.0,1.0,0.0
28,185,11.23071156177325,7.494023403893466,0.0,0.0,1.0,0.0,1.0,0.0
29,185,11.840111635694742,0.7901512859010896,0.0,1.0,0.0,1.0,0.0,0.0
30,185,12.0,0.5658033343268577,1.0,0.0,1.0,0.0,0.0,1.0
31,185,8.076327984916665,5.092035070511426,0.0,0.0,1.0,1.0,0.0,1.0
32,185,5.691999661773713,0.0,0.0,1.0,0.0,1.0,0.0,0.0
33,185,0.0,9.918991358009144,1.0,0.0,0.0,0.0,1.0,1.0
34,185,8.834463686915505,3.706377664640799,1.0,1.0,0.0,0.0,0.0,0.0
35,185,0.0,7.413179505148783,1.0,0.0,1.0,0.0,1.0,0.0
36,185,9.82241154515225,9.891768256146069,0.0,1.0,1.0,1.0,0.0,0.0
37,185,1.303932170954114,9.135670462461388,1.0,0.0,1.0,0.0,0.0,1.0
38,185,11.271467469435413,7.907985258467185,1.0,1.0,0.0,1.0,0.0,0.0
39,185,10.49928657714411,8.390332851497767,0.0,0.0,0.0,0.0,0.0,0.0
0,190,9.205143387805496,4.0599102538102025,0.0,0.0,1.0,1.0,0.0,1.0
1,190,3.85791834757989,9.208221312052483,0.0,1.0,0.0,1.0,1.0,0.0
2,190,3.7305935541639994,0.352546275585467,0.0,0.0,0.0,0.0,1.0,1.0
3,190,10.376118813231557,9.46056692851121,0.0,0.0,1.0,1.0,0.0,1.0
4,190,11.1449231266878,4.606636148425205,0.0,0.0,0.0,1.0,1.0,1.0
5,190,7.449949341670798,12.0,0.0,1.0,0.0,1.0,1.0,0.0
6,190,7.882225414439306,10.941514036375612,0.0,0.0,0.0,1.0,0.0,0.0
7,190,7.692032960739264,3.629588317201993,0.0,0.0,0.0,1.0,0.0,0.0
8,190,6.499535731427171,8.26306020429467,1.0,1.0,0.0,1.0,1.0,0.0
9,190,7.236544875416565,6.448460092962301,0.0,0.0,0.0,0.0,0.0,0.0
10,190,1.920414455460086,4.885995844107747,0.0,0.0,0.0,0.0,1.0,0.0
11,190,3.602333765506559,3.683599714444013,1.0,0.0,1.0,1.0,0.0,1.0
12,190,3.641483731097076,9.395794498298972,0.0,1.0,0.0,1.0,0.0,1.0
13,190,8.621775225071474,4.646563177833938,1.0,1.0,1.0,0.0,0.0,0.0
14,190,3.823250344936112,0.0629732446945249,0.0,0.0,0.0,0.0,1.0,0.0
15,190,5.312510079193982,1.3246723706413748,0.0,0.0,0.0,1.0,0.0,1.0
16,190,6.814967264578242,7.416967862101277,1.0,1.0,0.0,0.0,1.0,0.0
17,190,7.865838623015745,5.29303885189483,1.0,1.0,0.0,0.0,0.0,0.0
18,190,6.443701107629042,5.1086496405748365,1.0,0.0,0.0,1.0,0.0,0.0
19,190,8.466440115584424,12.0,0.0,0.0,1.0,1.0,0.0,0.0
20,190,8.147188136061896,12.0,0.0,1.0,1.0,1.0,0.0,0.0
21,190,9.853697738611611,5.524322715838594,1.0,0.0,1.0,1.0,0.0,0.0
22,190,4.221202444431757,5.488091030529701,1.0,1.0,1.0,0.0,0.0,0.0
23,190,0.0,9.505271777710488,0.0,1.0,0.0,0.0,1.0,0.0
24,190,6.855921186345017,6.662507214106783,0.0,0.0,0.0,0.0,1.0,0.0
25,190,11.699508256116372,5.206253489800363,1.0,1.0,1.0,0.0,0.0,0.0
26,190,3.615879584366964,1.0926996509278766,1.0,0.0,1.0,1.0,0.0,0.0
27,190,3.731130425353868,0.5964949394060575,1.0,0.0,1.0,0.0,1.0,0.0
28,190,11.203028720866277,7.454590349724646,0.0,0.0,1.0,0.0,1.0,0.0
29,190,11.876226984866578,0.6465822509362582,0.0,1.0,0.0,1.0,0.0,0.0
30,190,12.0,0.4026889998418017,1.0,0.0,1.0,0.0,0.0,1.0
31,190,8.092184534545941,5.166154858993359,0.0,0.0,1.0,1.0,0.0,1.0
32,190,5.833953185755373,0.0,0.0,1.0,0.0,1.0,0.0,0.0
33,190,0.0,9.877459789173058,1.0,0.0,0.0,0.0,1.0,1.0
34,190,8.854926115674859,3.753667021945174,1.0,1.0,0.0,0.0,0.0,0.0
35,190,0.0,7.480214825203338,1.0,0.0,1.0,0.0,1.0,0.0
36,190,9.807796833085044,9.923696551437288,0.0,1.0,1.0,1.0,0.0,0.0
37,190,1.192106775004925,9.248847010338917,1.0,0.0,1.0,0.0,0.0,1.0
38,190,11.263703356576924,7.994927151841604,1.0,1.0,0.0,1.0,0.0,0.0
39,190,10.51581670458615,8.402366075213111,0.0,0.0,0.0,0.0,0.0,0.0
0,195,9.227587802691753,4.10094200516218,0.0,0.0,1.0,1.0,0.0,1.0
1,195,3.8386447873410967,9.205630720691202,0.0,1.0,0.0,1.0,1.0,0.0
2,195,3.721643323320967,0.3722819818617049,0.0,0.0,0.0,0.0,1.0,1.0
3,195,10.37326604292491,9.538782142099812,0.0,0.0,1.0,1.0,0.0,1.0
4,195,11.172227402337072,4.5330042993331165,0.0,0.0,0.0,1.0,1.0,1.0
5,195,7.413005815062697,12.0,0.0,1.0,0.0,1.0,1.0,0.0
6,195,7.871697916538048,10.99534125961028,0.0,0.0,0.0,1.0,0.0,0.0
7,195,7.647063157683021,3.655350147517352,0.0,0.0,0.0,1.0,0.0,0.0
8,195,6.584008677666016,8.140930691688851,1.0,1.0,0.0,1.0,1.0,0.0
9,195,7.0943437759931705,6.592255043529726,0.0,0.0,0.0,0.0,0.0,0.0
10,195,2.0030196963871267,4.860533618915946,0.0,0.0,0.0,0.0,1.0,0.0
11,195,3.5652975225502384,3.605135927330231,1.0,0.0,1.0,1.0,0.0,1.0
12,195,3.708929100333681,9.410826579471632,0.0,1.0,0.0,1.0,0.0,1.0
13,195,8.580450839763406,4.6912364889983165,1.0,1.0,1.0,0.0,0.0,0.0
14,195,3.815071567902352,0.032104120116035,0.0,0.0,0.0,0.0,1.0,0.0
15,195,5.310684162508355,1.3327103291999742,0.0,0.0,0.0,1.0,0.0,1.0
16,195,6.764756440074671,7.44798447136577,1.0,1.0,0.0,0.0,1.0,0.0
17,195,7.856865807824554,5.348068000420793,1.0,1.0,0.0,0.0,0.0,0.0
18,195,6.401307250110312,5.287746002396845,1.0,0.0,0.0,1.0,0.0,0.0
19,195,8.465611254470675,12.0,0.0,0.0,1.0,1.0,0.0,0.0
20,195,8.21123677217912,12.0,0.0,1.0,1.0,1.0,0.0,0.0
21,195,9.864093401274223,5.565947678625544,1.0,0.0,1.0,1.0,0.0,0.0
22,195,4.1204354878760725,5.508318080692938,1.0,1.0,1.0,0.0,0.0,0.0
23,195,0.0,9.484007640729503,0.0,1.0,0.0,0.0,1.0,0.0
24,195,6.862935376801529,6.679039035250464,0.0,0.0,0.0,0.0,1.0,0.0
25,195,11.708378257969713,5.221860129277206,1.0,1.0,1.0,0.0,0.0,0.0
26,195,3.5155495835444923,1.1533191864899497,1.0,0.0,1.0,1.0,0.0,0.0
27,195,3.783936972499244,0.4182910060798234,1.0,0.0,1.0,0.0,1.0,0.0
28,195,11.180148757302112,7.419188534367251,0.0,0.0,1.0,0.0,1.0,0.0
29,195,11.915298335352082,0.494381157017484,0.0,1.0,0.0,1.0,0.0,0.0
30,195,12.0,0.2466071172023777,1.0,0.0,1.0,0.0,0.0,1.0
31,195,8.108138905419537,5.231442785880418,0.0,0.0,1.0,1.0,0.0,1.0
32,195,5.973848718964196,0.0,0.0,1.0,0.0,1.0,0.0,0.0
33,195,0.0,9.838759595341315,1.0,0.0,0.0,0.0,1.0,1.0
34,195,8.881212178425447,3.8158765487147206,1.0,1.0,0.0,0.0,0.0,0.0
35,195,0.0,7.543972416844261,1.0,0.0,1.0,0.0,1.0,0.0
36,195,9.80185033994211,9.938490976776189,0.0,1.0,1.0,1.0,0.0,0.0
37,195,1.0867092818586186,9.354962580272424,1.0,0.0,1.0,0.0,0.0,1.0
38,195,11.255048549357824,8.075020878314895,1.0,1.0,0.0,1.0,0.0,0.0
39,195,10.530053548854282,8.413048719411561,0.0,0.0,0.0,0.0,0.0,0.0
0,200,9.239725755502924,4.122842719619006,0.0,0.0,1.0,1.0,0.0,1.0
1,200,3.845412153913138,9.206435903665016,0.0,1.0,0.0,1.0,1.0,0.0
2,200,3.71271178934734,0.3927464318975039,0.0,0.0,0.0,0.0,1.0,1.0
3,200,10.366856402294632,9.638646001037587,0.0,0.0,1.0,1.0,0.0,1.0
4,200,11.195957479059974,4.467072548910018,0.0,0.0,0.0,1.0,1.0,1.0
5,200,7.376471589506825,12.0,0.0,1.0,0.0,1.0,1.0,0.0
6,200,7.866336527402391,11.02203382766166,0.0,0.0,0.0,1.0,0.0,0.0
7,200,7.593613634962891,3.6876272054397248,0.0,0.0,0.0,1.0,0.0,0.0
8,200,6.674986093778721,8.00447776782012,1.0,1.0,0.0,1.0,1.0,0.0
9,200,6.940791066646652,6.736498616365696,0.0,0.0,0.0,0.0,0.0,0.0
10,200,2.083739450790858,4.836282841444684,0.0,0.0,0.0,0.0,1.0,0.0
11,200,3.5226445882688027,3.5101452945695737,1.0,0.0,1.0,1.0,0.0,1.0
12,200,3.788027821668441,9.42901992959652,0.0,1.0,0.0,1.0,0.0,1.0
13,200,8.537711224793501,4.737888606134411,1.0,1.0,1.0,0.0,0.0,0.0
14,200,3.805326694379984,0.0,0.0,0.0,0.0,0.0,1.0,0.0
15,200,5.305815536727767,1.3532234767500162,0.0,0.0,0.0,1.0,0.0,1.0
16,200,6.698431606960737,7.488754701132584,1.0,1.0,0.0,0.0,1.0,0.0
17,200,7.848302935344456,5.404181243784259,1.0,1.0,0.0,0.0,0.0,0.0
18,200,6.352211544509453,5.470302026392694,1.0,0.0,0.0,1.0,0.0,0.0
19,200,8.46467654102993,12.0,0.0,0.0,1.0,1.0,0.0,0.0
20,200,8.273925523326653,12.0,0.0,1.0,1.0,1.0,0.0,0.0
21,200,9.873526852459417,5.60475845188088,1.0,0.0,1.0,1.0,0.0,0.0
22,200,4.0093028188949615,5.528430886104692,1.0,1.0,1.0,0.0,0.0,0.0
23,200,0.0,9.46625370083923,0.0,1.0,0.0,0.0,1.0,0.0
24,200,6.87105871383812,6.698080962229535,0.0,0.0,0.0,0.0,1.0,0.0
25,200,11.697619883728905,5.228057856106672,1.0,1.0,1.0,0.0,0.0,0.0
26,200,3.4177301239565194,1.2106648204539014,1.0,0.0,1.0,1.0,0.0,0.0
27,200,3.839811774718112,0.2368387970637659,1.0,0.0,1.0,0.0,1.0,0.0
28,200,11.163972122702887,7.394591268740869,0.0,0.0,1.0,0.0,1.0,0.0
29,200,11.952465183211071,0.3530690291442999,0.0,1.0,0.0,1.0,0.0,0.0
30,200,12.0,0.1027488292951612,1.0,0.0,1.0,0.0,0.0,1.0
31,200,8.12500613201381,5.301478504219238,0.0,0.0,1.0,1.0,0.0,1.0
32,200,6.116386526399616,0.0,0.0,1.0,0.0,1.0,0.0,0.0
33,200,0.0,9.79580352155394,1.0,0.0,0.0,0.0,1.0,1.0
34,200,8.911391410255444,3.886944001505354,1.0,1.0,0.0,0.0,0.0,0.0
35,200,0.0,7.612458105358782,1.0,0.0,1.0,0.0,1.0,0.0
36,200,9.794070147067318,9.957143994248224,0.0,1.0,1.0,1.0,0.0,0.0
37,200,0.9813276780550316,9.46493676409644,1.0,0.0,1.0,0.0,0.0,1.0
38,200,11.245478898108292,8.165546736370574,1.0,1.0,0.0,1.0,0.0,0.0
39,200,10.55301519474979,8.429449067649308,0.0,0.0,0.0,0.0,0.0,0.0
0,205,9.252220151242543,4.144365752821849,0.0,0.0,1.0,1.0,0.0,1.0
1,205,3.874918522905764,9.209688801039496,0.0,1.0,0.0,1.0,1.0,0.0
2,205,3.7092325624409246,0.4015601309827453,0.0,0.0,0.0,0.0,1.0,1.0
3,205,10.357044222708272,9.765368636352576,0.0,0.0,1.0,1.0,0.0,1.0
4,205,11.226417343898634,4.395125154524514,0.0,0.0,0.0,1.0,1.0,1.0
5,205,7.335288697180807,12.0,0.0,1.0,0.0,1.0,1.0,0.0
6,205,7.86180728983576,11.045548529213134,0.0,0.0,0.0,1.0,0.0,0.0
7,205,7.560530235611584,3.7084897688148217,0.0,0.0,0.0,1.0,0.0,0.0
8,205,6.764344494041499,7.876757901120784,1.0,1.0,0.0,1.0,1.0,0.0
9,205,6.780237380136123,6.89852534404236,0.0,0.0,0.0,0.0,0.0,0.0
10,205,2.180942641939168,4.805381754440509,0.0,0.0,0.0,0.0,1.0,0.0
11,205,3.474501623862578,3.4043510440082465,1.0,0.0,1.0,1.0,0.0,1.0
12,205,3.867765972093332,9.445219879059245,0.0,1.0,0.0,1.0,0.0,1.0
13,205,8.480355138628747,4.797006432235403,1.0,1.0,1.0,0.0,0.0,0.0
14,205,3.7965167488068823,0.0,0.0,0.0,0.0,0.0,1.0,0.0
15,205,5.29952195976766,1.3786441788430055,0.0,0.0,0.0,1.0,0.0,1.0
16,205,6.639848557180492,7.524464235402744,1.0,1.0,0.0,0.0,1.0,0.0
17,205,7.841076076295637,5.454085952375826,1.0,1.0,0.0,0.0,0.0,0.0
18,205,6.304434330014147,5.658516186963033,1.0,0.0,0.0,1.0,0.0,0.0
19,205,8.463331309107003,12.0,0.0,0.0,1.0,1.0,0.0,0.0
20,205,8.321599258603065,12.0,0.0,1.0,1.0,1.0,0.0,0.0
21,205,9.87814013084621,5.625575522586644,1.0,0.0,1.0,1.0,0.0,0.0
22,205,3.890569639104732,5.55440816190558,1.0,1.0,1.0,0.0,0.0,0.0
23,205,0.0,9.44813017798292,0.0,1.0,0.0,0.0,1.0,0.0
24,205,6.888994599843788,6.740542934778399,0.0,0.0,0.0,0.0,1.0,0.0
25,205,11.687329299324425,5.233858652140809,1.0,1.0,1.0,0.0,0.0,0.0
26,205,3.325610801733566,1.2672153854769483,1.0,0.0,1.0,1.0,0.0,0.0
27,205,3.901304359781365,0.0544386872527296,1.0,0.0,1.0,0.0,1.0,0.0
28,205,11.146644087520416,7.368631662564754,0.0,0.0,1.0,0.0,1.0,0.0
29,205,11.997791024939517,0.1935776305405937,0.0,1.0,0.0,1.0,0.0,0.0
30,205,12.0,0.0,1.0,0.0,1.0,0.0,0.0,1.0
31,205,8.140246136455088,5.365004948476291,0.0,0.0,1.0,1.0,0.0,1.0
32,205,6.264742334101162,0.0,0.0,1.0,0.0,1.0,0.0,0.0
33,205,0.0,9.753583264792905,1.0,0.0,0.0,0.0,1.0,1.0
34,205,8.944953007468884,3.970007203356764,1.0,1.0,0.0,0.0,0.0,0.0
35,205,0.0,7.676731776317353,1.0,0.0,1.0,0.0,1.0,0.0
36,205,9.786145171384,9.97707994342316,0.0,1.0,1.0,1.0,0.0,0.0
37,205,0.8830153341662189,9.565752813358037,1.0,0.0,1.0,0.0,0.0,1.0
38,205,11.24039731345338,8.236133749775446,1.0,1.0,0.0,1.0,0.0,0.0
39,205,10.575711382979147,8.445161034925945,0.0,0.0,0.0,0.0,0.0,0.0
0,210,9.256469681156908,4.151577832319925,0.0,0.0,1.0,1.0,0.0,1.0
1,210,3.8937360219648016,9.211989056323358,0.0,1.0,0.0,1.0,1.0,0.0
2,210,3.707968025895088,0.4047178468574304,0.0,0.0,0.0,0.0,1.0,1.0
3,210,10.345443495950462,9.884432762905698,0.0,0.0,1.0,1.0,0.0,1.0
4,210,11.24118040524098,4.359787763561688,0.0,0.0,0.0,1.0,1.0,1.0
5,210,7.299830775069451,12.0,0.0,1.0,0.0,1.0,1.0,0.0
6,210,7.855407947442966,11.076599150016197,0.0,0.0,0.0,1.0,0.0,0.0
7,210,7.514969984785966,3.736278574165364,0.0,0.0,0.0,1.0,0.0,0.0
8,210,6.853889915339761,7.746016238467243,1.0,1.0,0.0,1.0,1.0,0.0
9,210,6.622488429267633,7.066771068553841,0.0,0.0,0.0,0.0,0.0,0.0
10,210,2.2665907606557028,4.778276357171381,0.0,0.0,0.0,0.0,1.0,0.0
11,210,3.4266566709732578,3.298639578829253,1.0,0.0,1.0,1.0,0.0,1.0
12,210,3.961073733799445,9.467253507233751,0.0,1.0,0.0,1.0,0.0,1.0
13,210,8.431338358851688,4.847662300339411,1.0,1.0,1.0,0.0,0.0,0.0
14,210,3.787139314334686,0.0,0.0,0.0,0.0,0.0,1.0,0.0
15,210,5.29454950656778,1.3979758516401672,0.0,0.0,0.0,1.0,0.0,1.0
16,210,6.60320204861908,7.544945230962226,1.0,1.0,0.0,0.0,1.0,0.0
17,210,7.833996472551354,5.505904465528869,1.0,1.0,0.0,0.0,0.0,0.0
18,210,6.259077761246883,5.826967399758879,1.0,0.0,0.0,1.0,0.0,0.0
19,210,8.463081436130734,12.0,0.0,0.0,1.0,1.0,0.0,0.0
20,210,8.359588382646082,12.0,0.0,1.0,1.0,1.0,0.0,0.0
21,210,9.886474460033089,5.666522023927575,1.0,0.0,1.0,1.0,0.0,0.0
22,210,3.7714590709687,5.579314038221866,1.0,1.0,1.0,0.0,0.0,0.0
23,210,0.0,9.42401888389257,0.0,1.0,0.0,0.0,1.0,0.0
24,210,6.906100654616233,6.780210573314808,0.0,0.0,0.0,0.0,1.0,0.0
25,210,11.673729858785952,5.241557161245568,1.0,1.0,1.0,0.0,0.0,0.0
26,210,3.241647136726256,1.3228300417393135,1.0,0.0,1.0,1.0,0.0,0.0
27,210,3.9638352475259295,0.0,1.0,0.0,1.0,0.0,1.0,0.0
28,210,11.128309487424936,7.341824729544567,0.0,0.0,1.0,0.0,1.0,0.0
29,210,12.0,0.0299191335026107,0.0,1.0,0.0,1.0,0.0,0.0
30,210,12.0,0.0,1.0,0.0,1.0,0.0,0.0,1.0
31,210,8.150220512530746,5.414183425362922,0.0,0.0,1.0,1.0,0.0,1.0
32,210,6.413023700445149,0.0,0.0,1.0,0.0,1.0,0.0,0.0
33,210,0.0,9.704555064545268,1.0,0.0,0.0,0.0,1.0,1.0
34,210,8.9795620160856,4.061950455826418,1.0,1.0,0.0,0.0,0.0,0.0
35,210,0.0,7.743409077388825,1.0,0.0,1.0,0.0,1.0,0.0
36,210,9.776983718926813,10.002165299729851,0.0,1.0,1.0,1.0,0.0,0.0
37,210,0.783294778385698,9.667191706855242,1.0,0.0,1.0,0.0,0.0,1.0
38,210,11.236908667017124,8.285994324869343,1.0,1.0,0.0,1.0,0.0,0.0
39,210,10.593221673895346,8.456649761490933,0.0,0.0,0.0,0.0,0.0,0.0
0,215,9.251852828364855,4.143462613075473,0.0,0.0,1.0,1.0,0.0,1.0
1,215,3.920825822516054,9.215012619364432,0.0,1.0,0.0,1.0,1.0,0.0
2,215,3.7179775983638503,0.4087440249670508,0.0,0.0,0.0,0.0,1.0,1.0
3,215,10.33200948740646,10.02647217289864,0.0,0.0,1.0,1.0,0.0,1.0
4,215,11.26056657600776,4.315469261319074,0.0,0.0,0.0,1.0,1.0,1.0
5,215,7.263567701197716,12.0,0.0,1.0,0.0,1.0,1.0,0.0
6,215,7.850994452895074,11.097454816155537,0.0,0.0,0.0,1.0,0.0,0.0
7,215,7.469228234267752,3.762903638225529,0.0,0.0,0.0,1.0,0.0,0.0
8,215,6.944451294517784,7.620780321821768,1.0,1.0,0.0,1.0,1.0,0.0
9,215,6.451413514822197,7.244708298853116,0.0,0.0,0.0,0.0,0.0,0.0
10,215,2.346405771827488,4.7552889352352095,0.0,0.0,0.0,0.0,1.0,0.0
11,215,3.3779957062839467,3.1923442777479925,1.0,0.0,1.0,1.0,0.0,1.0
12,215,4.0704768272584335,9.493597788087577,0.0,1.0,0.0,1.0,0.0,1.0
13,215,8.377627394021074,4.9008226097167125,1.0,1.0,1.0,0.0,0.0,0.0
14,215,3.779206957602408,0.0,0.0,0.0,0.0,0.0,1.0,0.0
15,215,5.286289847434296,1.4291149303637372,0.0,0.0,0.0,1.0,0.0,1.0
16,215,6.5401055174017895,7.5820585434788,1.0,1.0,0.0,0.0,1.0,0.0
17,215,7.82687894405395,5.5616768941348464,1.0,1.0,0.0,0.0,0.0,0.0
18,215,6.209811500864051,5.99727617596871,1.0,0.0,0.0,1.0,0.0,0.0
19,215,8.460969188576758,12.0,0.0,0.0,1.0,1.0,0.0,0.0
20,215,8.394119824014972,12.0,0.0,1.0,1.0,1.0,0.0,0.0
21,215,9.895723351160328,5.71122644956881,1.0,0.0,1.0,1.0,0.0,0.0
22,215,3.64854326261166,5.602772635889971,1.0,1.0,1.0,0.0,0.0,0.0
23,215,0.0,9.397208606994369,0.0,1.0,0.0,0.0,1.0,0.0
24,215,6.931021533306935,6.836294323567506,0.0,0.0,0.0,0.0,1.0,0.0
25,215,11.649840899790414,5.25516476962916,1.0,1.0,1.0,0.0,0.0,0.0
26,215,3.164915906577625,1.372284080630993,1.0,0.0,1.0,1.0,0.0,0.0
27,215,4.027396818743792,0.0,1.0,0.0,1.0,0.0,1.0,0.0
28,215,11.10737709068871,7.311491528756465,0.0,0.0,1.0,0.0,1.0,0.0
29,215,12.0,0.0,0.0,1.0,0.0,1.0,0.0,0.0
30,215,12.0,0.0,1.0,0.0,1.0,0.0,0.0,1.0
31,215,8.160664972816566,5.462193676499061,0.0,0.0,1.0,1.0,0.0,1.0
32,215,6.542222478804618,0.0,0.0,1.0,0.0,1.0,0.0,0.0
33,215,0.0,9.652254608459216,1.0,0.0,0.0,0.0,1.0,1.0
34,215,9.01653760996748,4.155991379539016,1.0,1.0,0.0,0.0,0.0,0.0
35,215,0.0,7.804385530006737,1.0,0.0,1.0,0.0,1.0,0.0
36,215,9.77018480357851,10.021816297290954,0.0,1.0,1.0,1.0,0.0,0.0
37,215,0.6760782934370038,9.773677076381894,1.0,0.0,1.0,0.0,0.0,1.0
38,215,11.231222508117789,8.353128325620187,1.0,1.0,0.0,1.0,0.0,0.0
39,215,10.632658262921854,8.482908616882108,0.0,0.0,0.0,0.0,0.0,0.0
0,220,9.248557024597002,4.137719704148634,0.0,0.0,1.0,1.0,0.0,1.0
1,220,3.9502674626702303,9.217828424551255,0.0,1.0,0.0,1.0,1.0,0.0
2,220,3.71367823135225,0.4068928450427642,0.0,0.0,0.0,0.0,1.0,1.0
3,220,10.319244510012574,10.157890533712443,0.0,0.0,1.0,1.0,0.0,1.0
4,220,11.284012644730316,4.258745881261685,0.0,0.0,0.0,1.0,1.0,1.0
5,220,7.223776720032487,12.0,0.0,1.0,0.0,1.0,1.0,0.0
6,220,7.848483205389664,11.108659113294213,0.0,0.0,0.0,1.0,0.0,0.0
7,220,7.42625020112372,3.787767771398537,0.0,0.0,0.0,1.0,0.0,0.0
8,220,7.046016910733029,7.485622116150563,1.0,1.0,0.0,1.0,1.0,0.0
9,220,6.289175700557141,7.421032690248744,0.0,0.0,0.0,0.0,0.0,0.0
10,220,2.41071923513417,4.735857066954032,0.0,0.0,0.0,0.0,1.0,0.0
11,220,3.329793225660437,3.080304674307942,1.0,0.0,1.0,1.0,0.0,1.0
12,220,4.191398556467644,9.525356511131765,0.0,1.0,0.0,1.0,0.0,1.0
13,220,8.337220859739991,4.943435405019015,1.0,1.0,1.0,0.0,0.0,0.0
14,220,3.767214165711045,0.0,0.0,0.0,0.0,0.0,1.0,0.0
15,220,5.271824285266354,1.4832350365878668,0.0,0.0,0.0,1.0,0.0,1.0
16,220,6.479367004748176,7.616049916903108,1.0,1.0,0.0,0.0,1.0,0.0
17,220,7.822205859486894,5.602488791118289,1.0,1.0,0.0,0.0,0.0,0.0
18,220,6.167516269450744,6.141607641983922,1.0,0.0,0.0,1.0,0.0,0.0
19,220,8.457770366212944,12.0,0.0,0.0,1.0,1.0,0.0,0.0
20,220,8.549024869783851,11.95940315166798,0.0,1.0,1.0,1.0,0.0,0.0
21,220,9.902968514254626,5.746819637648356,1.0,0.0,1.0,1.0,0.0,0.0
22,220,3.5342472870343213,5.62358286079215,1.0,1.0,1.0,0.0,0.0,0.0
23,220,0.0,9.373255974437177,0.0,1.0,0.0,0.0,1.0,0.0
24,220,6.95190455972573,6.887758299991525,0.0,0.0,0.0,0.0,1.0,0.0
25,220,11.638073674238107,5.26164671575075,1.0,1.0,1.0,0.0,0.0,0.0
26,220,3.101616540916756,1.4130683984878978,1.0,0.0,1.0,1.0,0.0,0.0
27,220,4.095478072064866,0.0,1.0,0.0,1.0,0.0,1.0,0.0
28,220,11.091650491096706,7.289273211424015,0.0,0.0,1.0,0.0,1.0,0.0
29,220,12.0,0.0,0.0,1.0,0.0,1.0,0.0,0.0
30,220,12.0,0.0,1.0,0.0,1.0,0.0,0.0,1.0
31,220,8.169019600878135,5.499259292477864,0.0,0.0,1.0,1.0,0.0,1.0
32,220,6.67905375944425,0.0,0.0,1.0,0.0,1.0,0.0,0.0
33,220,0.0,9.598543050074689,1.0,0.0,0.0,0.0,1.0,1.0
34,220,9.060341414385476,4.283753246876378,1.0,1.0,0.0,0.0,0.0,0.0
35,220,0.0,7.841891887143309,1.0,0.0,1.0,0.0,1.0,0.0
36,220,9.762738870687858,10.042813480830558,0.0,1.0,1.0,1.0,0.0,0.0
37,220,0.5675947556655435,9.668074308054496,1.0,0.0,1.0,0.0,0.0,1.0
38,220,11.227276057051077,8.420912877538536,1.0,1.0,0.0,1.0,0.0,0.0
39,220,10.671392880045875,8.5088559445619,0.0,0.0,0.0,0.0,0.0,0.0
0,225,9.238550581711324,4.120910856946944,0.0,0.0,1.0,1.0,0.0,1.0
1,225,3.974748220419455,9.220101287667212,0.0,1.0,0.0,1.0,1.0,0.0
2,225,3.7133336211046895,0.4067377138096595,0.0,0.0,0.0,0.0,1.0,1.0
3,225,10.30388846826623,10.286051192201516,0.0,0.0,1.0,1.0,0.0,1.0
4,225,11.308241748662008,4.1983476176505246,0.0,0.0,0.0,1.0,1.0,1.0
5,225,7.191130075476533,12.0,0.0,1.0,0.0,1.0,1.0,0.0
6,225,7.843596852732513,11.129779177009729,0.0,0.0,0.0,1.0,0.0,0.0
7,225,7.364094507317499,3.823184194145478,0.0,0.0,0.0,1.0,0.0,0.0
8,225,7.149456034335642,7.343413160636639,1.0,1.0,0.0,1.0,1.0,0.0
9,225,6.118510031368089,7.60055876126797,0.0,0.0,0.0,0.0,0.0,0.0
10,225,2.5013211672533244,4.708942636155374,0.0,0.0,0.0,0.0,1.0,0.0
11,225,3.2834596659842177,2.971110170722817,1.0,0.0,1.0,1.0,0.0,1.0
12,225,4.303549233958367,9.55613841347755,0.0,1.0,0.0,1.0,0.0,1.0
13,225,8.307598736173516,4.9754777515545285,1.0,1.0,1.0,0.0,0.0,0.0
14,225,3.746889603016777,0.0,0.0,0.0,0.0,0.0,1.0,0.0
15,225,5.258013574014044,1.533176579496854,0.0,0.0,0.0,1.0,0.0,1.0
16,225,6.42379815654661,7.649077804449489,1.0,1.0,0.0,0.0,1.0,0.0
17,225,7.816526160975738,5.650049640251996,1.0,1.0,0.0,0.0,0.0,0.0
18,225,6.124756666443664,6.288727486009383,1.0,0.0,0.0,1.0,0.0,0.0
19,225,8.456574925819488,12.0,0.0,0.0,1.0,1.0,0.0,0.0
20,225,8.703866774178577,11.924013753601118,0.0,1.0,1.0,1.0,0.0,0.0
21,225,9.912202266963233,5.799688704798984,1.0,0.0,1.0,1.0,0.0,0.0
22,225,3.4002170791971578,5.644793128220085,1.0,1.0,1.0,0.0,0.0,0.0
23,225,0.0,9.351115543175045,0.0,1.0,0.0,0.0,1.0,0.0
24,225,6.976151433317464,6.949825104605928,0.0,0.0,0.0,0.0,1.0,0.0
25,225,11.621916181252177,5.269766585909642,1.0,1.0,1.0,0.0,0.0,0.0
26,225,3.0400759036372302,1.4540993629520491,1.0,0.0,1.0,1.0,0.0,0.0
27,225,4.164406016754952,0.0,1.0,0.0,1.0,0.0,1.0,0.0
28,225,11.069732879952262,7.258574310419473,0.0,0.0,1.0,0.0,1.0,0.0
29,225,12.0,0.0,0.0,1.0,0.0,1.0,0.0,0.0
30,225,12.0,0.0,1.0,0.0,1.0,0.0,0.0,1.0
31,225,8.177094822140038,5.536614458165071,0.0,0.0,1.0,1.0,0.0,1.0
32,225,6.811183668550661,0.0,0.0,1.0,0.0,1.0,0.0,0.0
33,225,0.0,9.53998448424723,1.0,0.0,0.0,0.0,1.0,1.0
34,225,9.1071531134207,4.426746043076202,1.0,1.0,0.0,0.0,0.0,0.0
35,225,0.0,7.89628933009793,1.0,0.0,1.0,0.0,1.0,0.0
36,225,9.753962935389648,10.067463615402373,0.0,1.0,1.0,1.0,0.0,0.0
37,225,0.4567657984021475,9.556332183032945,1.0,0.0,1.0,0.0,0.0,1.0
38,225,11.222278824601302,8.481221286228845,1.0,1.0,0.0,1.0,0.0,0.0
39,225,10.69465607904914,8.523576386718513,0.0,0.0,0.0,0.0,0.0,0.0
0,230,9.232983753769052,4.1119079642745975,0.0,0.0,1.0,1.0,0.0,1.0
1,230,3.997036353088189,9.222406374123048,0.0,1.0,0.0,1.0,1.0,0.0
2,230,3.700775757252064,0.4012408842855947,0.0,0.0,0.0,0.0,1.0,1.0
3,230,10.284720654941264,10.418280818789434,0.0,0.0,1.0,1.0,0.0,1.0
4,230,11.327630079687369,4.1497645859419405,0.0,0.0,0.0,1.0,1.0,1.0
5,230,7.162501868328159,12.0,0.0,1.0,0.0,1.0,1.0,0.0
6,230,7.842945983678144,11.132502561773563,0.0,0.0,0.0,1.0,0.0,0.0
7,230,7.290958938929292,3.8674734449206833,0.0,0.0,0.0,1.0,0.0,0.0
8,230,7.254437180616879,7.193846438931763,1.0,1.0,0.0,1.0,1.0,0.0
9,230,5.939972592167739,7.792289112113043,0.0,0.0,0.0,0.0,0.0,0.0
10,230,2.5918878035268405,4.683044593263685,0.0,0.0,0.0,0.0,1.0,0.0
11,230,3.2420010951758105,2.8730346357890872,1.0,0.0,1.0,1.0,0.0,1.0
12,230,4.43257024825309,9.592696414825532,0.0,1.0,0.0,1.0,0.0,1.0
13,230,8.269388395800066,5.018459605577732,1.0,1.0,1.0,0.0,0.0,0.0
14,230,3.72346349687773,0.0,0.0,0.0,0.0,0.0,1.0,0.0
15,230,5.243297523714096,1.5901828565988998,0.0,0.0,0.0,1.0,0.0,1.0
16,230,6.3826824309289805,7.673126805385491,1.0,1.0,0.0,0.0,1.0,0.0
17,230,7.813729867618021,5.678615967466713,1.0,1.0,0.0,0.0,0.0,0.0
18,230,6.07535289815873,6.453088184504121,1.0,0.0,0.0,1.0,0.0,0.0
19,230,8.454209703137053,12.0,0.0,0.0,1.0,1.0,0.0,0.0
20,230,8.846692765723377,11.891721278943969,0.0,1.0,1.0,1.0,0.0,0.0
21,230,9.924486896880348,5.860942571420822,1.0,0.0,1.0,1.0,0.0,0.0
22,230,3.283027023639663,5.663109703310851,1.0,1.0,1.0,0.0,0.0,0.0
23,230,0.0,9.319778562847675,0.0,1.0,0.0,0.0,1.0,0.0
24,230,6.997635066290804,7.004420795912049,0.0,0.0,0.0,0.0,1.0,0.0
25,230,11.611534543443357,5.274897972519077,1.0,1.0,1.0,0.0,0.0,0.0
26,230,2.9741396948125525,1.4978835601042209,1.0,0.0,1.0,1.0,0.0,0.0
27,230,4.2342474249184,0.0,1.0,0.0,1.0,0.0,1.0,0.0
28,230,11.049841268907151,7.230150968016984,0.0,0.0,1.0,0.0,1.0,0.0
29,230,12.0,0.0,0.0,1.0,0.0,1.0,0.0,0.0
30,230,12.0,0.0,1.0,0.0,1.0,0.0,0.0,1.0
31,230,8.186774539645201,5.580589423171349,0.0,0.0,1.0,1.0,0.0,1.0
32,230,6.93392511837075,0.0,0.0,1.0,0.0,1.0,0.0,0.0
33,230,0.0,9.483253677370572,1.0,0.0,0.0,0.0,1.0,1.0
34,230,9.156712719979872,4.5701822278178215,1.0,1.0,0.0,0.0,0.0,0.0
35,230,0.0,7.947782606518483,1.0,0.0,1.0,0.0,1.0,0.0
36,230,9.742297194983967,10.103560221694735,0.0,1.0,1.0,1.0,0.0,0.0
37,230,0.3498455247796184,9.45129628490268,1.0,0.0,1.0,0.0,0.0,1.0
38,230,11.217820757107482,8.55285802687623,1.0,1.0,0.0,1.0,0.0,0.0
39,230,10.713838195964293,8.53652709302424,0.0,0.0,0.0,0.0,0.0,0.0
0,235,9.233268384237093,4.112347066664665,0.0,0.0,1.0,1.0,0.0,1.0
1,235,4.027190344100776,9.224975192851012,0.0,1.0,0.0,1.0,1.0,0.0
2,235,3.688480525358656,0.3953021355977167,0.0,0.0,0.0,0.0,1.0,1.0
3,235,10.15738063269429,10.399012494086795,0.0,0.0,1.0,1.0,0.0,1.0
4,235,11.334746932665569,4.131921544704732,0.0,0.0,0.0,1.0,1.0,1.0
5,235,7.135426475617773,12.0,0.0,1.0,0.0,1.0,1.0,0.0
6,235,7.84008814018954,11.14466583430467,0.0,0.0,0.0,1.0,0.0,0.0
7,235,7.217725334363592,3.915154651605684,0.0,0.0,0.0,1.0,0.0,0.0
8,235,7.358528466327299,7.046970009119236,1.0,1.0,0.0,1.0,1.0,0.0
9,235,5.7474985024988925,7.993587620858501,0.0,0.0,0.0,0.0,0.0,0.0
10,235,2.68245247365265,4.657737267030737,0.0,0.0,0.0,0.0,1.0,0.0
11,235,3.208689373497294,2.7930246433627883,1.0,0.0,1.0,1.0,0.0,1.0
12,235,4.555591455220594,9.627770104428588,0.0,1.0,0.0,1.0,0.0,1.0
13,235,8.228200549565495,5.062992251789009,1.0,1.0,1.0,0.0,0.0,0.0
14,235,3.6913791125177178,0.0,0.0,0.0,0.0,0.0,1.0,0.0
15,235,5.222702265639534,1.6688812445220584,0.0,0.0,0.0,1.0,0.0,1.0
16,235,6.349288878856578,7.692273746427692,1.0,1.0,0.0,0.0,1.0,0.0
17,235,7.811476877027514,5.709405410534969,1.0,1.0,0.0,0.0,0.0,0.0
18,235,6.0239875661862206,6.614732970576833,1.0,0.0,0.0,1.0,0.0,0.0
19,235,8.452914428260337,12.0,0.0,0.0,1.0,1.0,0.0,0.0
20,235,8.969012277690283,11.864754939180722,0.0,1.0,1.0,1.0,0.0,0.0
21,235,9.939919917069895,5.941127856704494,1.0,0.0,1.0,1.0,0.0,0.0
22,235,3.188829710108619,5.678846681696185,1.0,1.0,1.0,0.0,0.0,0.0
23,235,0.0,9.286475077929197,0.0,1.0,0.0,0.0,1.0,0.0
24,235,7.0163357924176575,7.053758897349052,0.0,0.0,0.0,0.0,1.0,0.0
25,235,11.59652074750729,5.2824372899518925,1.0,1.0,1.0,0.0,0.0,0.0
26,235,2.9295284877566323,1.5278288462967364,1.0,0.0,1.0,1.0,0.0,0.0
27,235,4.308644780561245,0.0,1.0,0.0,1.0,0.0,1.0,0.0
28,235,11.029415981020628,7.201406043638784,0.0,0.0,1.0,0.0,1.0,0.0
29,235,12.0,0.0,0.0,1.0,0.0,1.0,0.0,0.0
30,235,12.0,0.0,1.0,0.0,1.0,0.0,0.0,1.0
31,235,8.201455983506964,5.652688083460421,0.0,0.0,1.0,1.0,0.0,1.0
32,235,7.050912325353436,0.0,0.0,1.0,0.0,1.0,0.0,0.0
33,235,0.0,9.424587435127226,1.0,0.0,0.0,0.0,1.0,1.0
34,235,9.2048063208715,4.709781431945551,1.0,1.0,0.0,0.0,0.0,0.0
35,235,0.0,8.018403122493707,1.0,0.0,1.0,0.0,1.0,0.0
36,235,9.711059313911466,10.093588409249875,0.0,1.0,1.0,1.0,0.0,0.0
37,235,0.2296425528578262,9.33368195678085,1.0,0.0,1.0,0.0,0.0,1.0
38,235,11.210465612775709,8.652635262790515,1.0,1.0,0.0,1.0,0.0,0.0
39,235,10.74305517190555,8.555379258893993,0.0,0.0,0.0,0.0,0.0,0.0
0,240,9.227801439493255,4.103903625471241,0.0,0.0,1.0,1.0,0.0,1.0
1,240,4.04141171727763,9.226036024096604,0.0,1.0,0.0,1.0,1.0,0.0
2,240,3.676646270519013,0.3902225138110273,0.0,0.0,0.0,0.0,1.0,1.0
3,240,10.035447990884158,10.37773421546751,0.0,0.0,1.0,1.0,0.0,1.0
4,240,11.34830373422619,4.097011187548243,0.0,0.0,0.0,1.0,1.0,1.0
5,240,7.102490757189591,12.0,0.0,1.0,0.0,1.0,1.0,0.0
6,240,7.838572518704423,11.152020799206184,0.0,0.0,0.0,1.0,0.0,0.0
7,240,7.1645480194497,3.951793547323288,0.0,0.0,0.0,1.0,0.0,0.0
8,240,7.461135760859723,6.903578583812276,1.0,1.0,0.0,1.0,1.0,0.0
9,240,5.548567267811255,8.199243350093461,0.0,0.0,0.0,0.0,0.0,0.0
10,240,2.7682908749232755,4.631657397153023,0.0,0.0,0.0,0.0,1.0,0.0
11,240,3.1733510908982594,2.7127955296008386,1.0,0.0,1.0,1.0,0.0,1.0
12,240,4.656013372767025,9.65583143491674,0.0,1.0,0.0,1.0,0.0,1.0
13,240,8.191417860106952,5.103758515304916,1.0,1.0,1.0,0.0,0.0,0.0
14,240,3.659641136281513,0.0,0.0,0.0,0.0,0.0,1.0,0.0
15,240,5.207651767919301,1.725780822024489,0.0,0.0,0.0,1.0,0.0,1.0
16,240,6.32417961080202,7.706745182229607,1.0,1.0,0.0,0.0,1.0,0.0
17,240,7.810132687296996,5.731388641743435,1.0,1.0,0.0,0.0,0.0,0.0
18,240,5.971733155573154,6.772013077070056,1.0,0.0,0.0,1.0,0.0,0.0
19,240,8.452784191549858,12.0,0.0,0.0,1.0,1.0,0.0,0.0
20,240,9.09126709969729,11.838867040995089,0.0,1.0,1.0,1.0,0.0,0.0
21,240,9.949111254687097,5.993410644528048,1.0,0.0,1.0,1.0,0.0,0.0
22,240,3.0691559338672723,5.697458260098812,1.0,1.0,1.0,0.0,0.0,0.0
23,240,0.0,9.2554487047271,0.0,1.0,0.0,0.0,1.0,0.0
24,240,7.036651188073067,7.11461486871113,0.0,0.0,0.0,0.0,1.0,0.0
25,240,11.60686435888837,5.303747066517206,1.0,1.0,1.0,0.0,0.0,0.0
26,240,2.887005987062257,1.5569834065038126,1.0,0.0,1.0,1.0,0.0,0.0
27,240,4.37337727366565,0.0,1.0,0.0,1.0,0.0,1.0,0.0
28,240,11.013816753052264,7.1789255648009975,0.0,0.0,1.0,0.0,1.0,0.0
29,240,12.0,0.0,0.0,1.0,0.0,1.0,0.0,0.0
30,240,12.0,0.0,1.0,0.0,1.0,0.0,0.0,1.0
31,240,8.212393267846947,5.727749443721955,0.0,0.0,1.0,1.0,0.0,1.0
32,240,7.149946474589918,0.0,0.0,1.0,0.0,1.0,0.0,0.0
33,240,0.0,9.363180907449603,1.0,0.0,0.0,0.0,1.0,1.0
34,240,9.25994915543203,4.864506751876515,1.0,1.0,0.0,0.0,0.0,0.0
35,240,0.0,8.092010412413645,1.0,0.0,1.0,0.0,1.0,0.0
36,240,9.719509447329768,10.096173750954296,0.0,1.0,1.0,1.0,0.0,0.0
37,240,0.1094602086640264,9.21977208211512,1.0,0.0,1.0,0.0,0.0,1.0
38,240,11.204476736265477,8.727484837169374,1.0,1.0,0.0,1.0,0.0,0.0
39,240,10.779698257327484,8.577907316349663,0.0,0.0,0.0,0.0,0.0,0.0
0,245,9.219506037707358,4.090881113091744,0.0,0.0,1.0,1.0,0.0,1.0
1,245,4.063219232620086,9.227143034301552,0.0,1.0,0.0,1.0,1.0,0.0
2,245,3.6504628936257255,0.3788473375737774,0.0,0.0,0.0,0.0,1.0,1.0
3,245,9.91173783408303,10.35719217120188,0.0,0.0,1.0,1.0,0.0,1.0
4,245,11.359875112038294,4.066351361287987,0.0,0.0,0.0,1.0,1.0,1.0
5,245,7.153280886366079,12.0,0.0,1.0,0.0,1.0,1.0,0.0
6,245,7.844083358802766,11.125439089569843,0.0,0.0,0.0,1.0,0.0,0.0
7,245,7.090202725482706,4.002472641740378,0.0,0.0,0.0,1.0,0.0,0.0
8,245,7.563605636009006,6.758907787613888,1.0,1.0,0.0,1.0,1.0,0.0
9,245,5.350974279835962,8.409373254970623,0.0,0.0,0.0,0.0,0.0,0.0
10,245,2.8466422905461792,4.606450611964031,0.0,0.0,0.0,0.0,1.0,0.0
11,245,3.153296550014951,2.666613684174494,1.0,0.0,1.0,1.0,0.0,1.0
12,245,4.768435746605877,9.687672923846591,0.0,1.0,0.0,1.0,0.0,1.0
13,245,8.167780786036063,5.129240404414086,1.0,1.0,1.0,0.0,0.0,0.0
14,245,3.6333178156951647,0.0,0.0,0.0,0.0,0.0,1.0,0.0
15,245,5.192627248444122,1.7815107354302933,0.0,0.0,0.0,1.0,0.0,1.0
16,245,6.307586998764815,7.7164970307681,1.0,1.0,0.0,0.0,1.0,0.0
17,245,7.807784404388485,5.772625436461499,1.0,1.0,0.0,0.0,0.0,0.0
18,245,5.92196654552313,6.91676566315471,1.0,0.0,0.0,1.0,0.0,0.0
19,245,8.451704641370958,12.0,0.0,0.0,1.0,1.0,0.0,0.0
20,245,9.221093903586636,11.808530340092403,0.0,1.0,1.0,1.0,0.0,0.0
21,245,9.957869133105063,6.038323341077907,1.0,0.0,1.0,1.0,0.0,0.0
22,245,2.966331714908327,5.713695422970199,1.0,1.0,1.0,0.0,0.0,0.0
23,245,0.0,9.22354893007689,0.0,1.0,0.0,0.0,1.0,0.0
24,245,7.048316142258802,7.152486413698185,0.0,0.0,0.0,0.0,1.0,0.0
25,245,11.61338000918006,5.317739534593335,1.0,1.0,1.0,0.0,0.0,0.0
26,245,2.904111043269696,1.5820465291603083,1.0,0.0,1.0,1.0,0.0,0.0
27,245,4.430269103831923,0.0,1.0,0.0,1.0,0.0,1.0,0.0
28,245,10.995953052147096,7.153851935434697,0.0,0.0,1.0,0.0,1.0,0.0
29,245,12.0,0.0,0.0,1.0,0.0,1.0,0.0,0.0
30,245,12.0,0.0,1.0,0.0,1.0,0.0,0.0,1.0
31,245,8.219666991692467,5.785162562984411,0.0,0.0,1.0,1.0,0.0,1.0
32,245,7.2467299389844015,0.0,0.0,1.0,0.0,1.0,0.0,0.0
33,245,0.0,9.302551126846646,1.0,0.0,0.0,0.0,1.0,1.0
34,245,9.31942480906358,5.021530933400034,1.0,1.0,0.0,0.0,0.0,0.0
35,245,0.0,8.167060587926164,1.0,0.0,1.0,0.0,1.0,0.0
36,245,9.731561477236069,10.09952003894517,0.0,1.0,1.0,1.0,0.0,0.0
37,245,0.0,9.104130532493146,1.0,0.0,1.0,0.0,0.0,1.0
38,245,11.198896880720696,8.809503376645138,1.0,1.0,0.0,1.0,0.0,0.0
39,245,10.813011069517565,8.598357791369072,0.0,0.0,0.0,0.0,0.0,0.0
0,250,9.21576102187876,4.08521400664929,0.0,0.0,1.0,1.0,0.0,1.0
1,250,4.108119613084633,9.229992970406515,0.0,1.0,0.0,1.0,1.0,0.0
2,250,3.6285445952274418,0.3691104357935562,0.0,0.0,0.0,0.0,1.0,1.0
3,250,9.799425047761142,10.337567400414835,0.0,0.0,1.0,1.0,0.0,1.0
4,250,11.370084457443587,4.039100549578694,0.0,0.0,0.0,1.0,1.0,1.0
5,250,7.201018506836836,12.0,0.0,1.0,0.0,1.0,1.0,0.0
6,250,7.852926443878081,11.087031382907682,0.0,0.0,0.0,1.0,0.0,0.0
7,250,7.0297341355241,4.044777756199372,0.0,0.0,0.0,1.0,0.0,0.0
8,250,7.685542910046483,6.591112833214411,1.0,1.0,0.0,1.0,1.0,0.0
9,250,5.1380256640783895,8.623180677960768,0.0,0.0,0.0,0.0,0.0,0.0
10,250,2.924487174290869,4.580874293095432,0.0,0.0,0.0,0.0,1.0,0.0
11,250,3.130902128356294,2.6125903315673558,1.0,0.0,1.0,1.0,0.0,1.0
12,250,4.857856900318581,9.71458460526197,0.0,1.0,0.0,1.0,0.0,1.0
13,250,8.1316520267117,5.1688556641663785,1.0,1.0,1.0,0.0,0.0,0.0
14,250,3.610391016717735,0.0,0.0,0.0,0.0,0.0,1.0,0.0
15,250,5.172529324854682,1.8526877080759443,0.0,0.0,0.0,1.0,0.0,1.0
16,250,6.289141046944019,7.727425466131873,1.0,1.0,0.0,0.0,1.0,0.0
17,250,7.842671578616185,5.774111991492505,1.0,1.0,0.0,0.0,0.0,0.0
18,250,5.8720467025610645,7.067697525745484,1.0,0.0,0.0,1.0,0.0,0.0
19,250,8.451228764961554,12.0,0.0,0.0,1.0,1.0,0.0,0.0
20,250,9.351636663207168,11.775612034314276,0.0,1.0,1.0,1.0,0.0,0.0
21,250,9.964942799839664,6.086213305154754,1.0,0.0,1.0,1.0,0.0,0.0
22,250,2.869792017279703,5.727565383506906,1.0,1.0,1.0,0.0,0.0,0.0
23,250,0.0,9.194659148244112,0.0,1.0,0.0,0.0,1.0,0.0
24,250,7.055593653656728,7.176672885067558,0.0,0.0,0.0,0.0,1.0,0.0
25,250,11.625409558135477,5.343207163760344,1.0,1.0,1.0,0.0,0.0,0.0
26,250,2.9170820583584405,1.6006532818453283,1.0,0.0,1.0,1.0,0.0,0.0
27,250,4.492754674980595,0.0,1.0,0.0,1.0,0.0,1.0,0.0
28,250,10.97833677326196,7.130000805337231,0.0,0.0,1.0,0.0,1.0,0.0
29,250,12.0,0.0,0.0,1.0,0.0,1.0,0.0,0.0
30,250,12.0,0.0,1.0,0.0,1.0,0.0,0.0,1.0
31,250,8.22471040601621,5.826181067899578,0.0,0.0,1.0,1.0,0.0,1.0
32,250,7.315029472138711,0.0,0.0,1.0,0.0,1.0,0.0,0.0
33,250,0.0,9.241564847735638,1.0,0.0,0.0,0.0,1.0,1.0
34,250,9.38017762507917,5.193268730437905,1.0,1.0,0.0,0.0,0.0,0.0
35,250,0.0,8.228286088918905,1.0,0.0,1.0,0.0,1.0,0.0
36,250,9.75442756277758,10.106352671393958,0.0,1.0,1.0,1.0,0.0,0.0
37,250,0.0,8.991904288287651,1.0,0.0,1.0,0.0,0.0,1.0
38,250,11.194875800118766,8.894339232655563,1.0,1.0,0.0,1.0,0.0,0.0
39,250,10.865299538894003,8.627434878912396,0.0,0.0,0.0,0.0,0.0,0.0
0,255,9.20603530087764,4.070585786447226,0.0,0.0,1.0,1.0,0.0,1.0
1,255,4.150453931257863,9.232254042732968,0.0,1.0,0.0,1.0,1.0,0.0
2,255,3.5866656880114784,0.3505584880606349,0.0,0.0,0.0,0.0,1.0,1.0
3,255,9.675360287887347,10.319158212502565,0.0,0.0,1.0,1.0,0.0,1.0
4,255,11.38036590162738,4.011571464145464,0.0,0.0,0.0,1.0,1.0,1.0
5,255,7.248287810795321,12.0,0.0,1.0,0.0,1.0,1.0,0.0
6,255,7.864173776471487,11.039889636511235,0.0,0.0,0.0,1.0,0.0,0.0
7,255,6.965780203169849,4.09111619985445,0.0,0.0,0.0,1.0,0.0,0.0
8,255,7.787781824965113,6.45120301739715,1.0,1.0,0.0,1.0,1.0,0.0
9,255,4.925010847322235,8.82018061923453,0.0,0.0,0.0,0.0,0.0,0.0
10,255,3.00797556798691,4.553345282007875,0.0,0.0,0.0,0.0,1.0,0.0
11,255,3.11272741075288,2.567442516422455,1.0,0.0,1.0,1.0,0.0,1.0
12,255,4.923406540066933,9.733650106318304,0.0,1.0,0.0,1.0,0.0,1.0
13,255,8.098718632434602,5.204910363352126,1.0,1.0,1.0,0.0,0.0,0.0
14,255,3.58631397705121,0.0,0.0,0.0,0.0,0.0,1.0,0.0
15,255,5.153248500374908,1.9239662289695223,0.0,0.0,0.0,1.0,0.0,1.0
16,255,6.276730217223898,7.734701421641512,1.0,1.0,0.0,0.0,1.0,0.0
17,255,7.903471657294042,5.775964779153508,1.0,1.0,0.0,0.0,0.0,0.0
18,255,5.827304310067655,7.195288429889232,1.0,0.0,0.0,1.0,0.0,0.0
19,255,8.450728582276254,12.0,0.0,0.0,1.0,1.0,0.0,0.0
20,255,9.488150497630864,11.740047221812446,0.0,1.0,1.0,1.0,0.0,0.0
21,255,9.973130878688428,6.136469332902623,1.0,0.0,1.0,1.0,0.0,0.0
22,255,2.77605494664128,5.743397266841691,1.0,1.0,1.0,0.0,0.0,0.0
23,255,0.0,9.17039509189157,0.0,1.0,0.0,0.0,1.0,0.0
24,255,7.062707843238386,7.203763393157576,0.0,0.0,0.0,0.0,1.0,0.0
25,255,11.635867064843842,5.367024659566338,1.0,1.0,1.0,0.0,0.0,0.0
26,255,2.936972777464794,1.6274605561615667,1.0,0.0,1.0,1.0,0.0,0.0
27,255,4.545214466115511,0.0,1.0,0.0,1.0,0.0,1.0,0.0
28,255,10.968647021410046,7.11685224991377,0.0,0.0,1.0,0.0,1.0,0.0
29,255,12.0,0.0,0.0,1.0,0.0,1.0,0.0,0.0
30,255,12.0,0.0,1.0,0.0,1.0,0.0,0.0,1.0
31,255,8.225429211125181,5.831452608839929,0.0,0.0,1.0,1.0,0.0,1.0
32,255,7.375378082449572,0.0,0.0,1.0,0.0,1.0,0.0,0.0
33,255,0.0,9.180365895370672,1.0,0.0,0.0,0.0,1.0,1.0
34,255,9.434047345983446,5.356818512778965,1.0,1.0,0.0,0.0,0.0,0.0
35,255,0.0,8.279659546038385,1.0,0.0,1.0,0.0,1.0,0.0
36,255,9.79035290911612,10.117097167896684,0.0,1.0,1.0,1.0,0.0,0.0
37,255,0.0,8.885267061148223,1.0,0.0,1.0,0.0,0.0,1.0
38,255,11.18873853347237,9.002706039931391,1.0,1.0,0.0,1.0,0.0,0.0
39,255,10.913050723520842,8.65357798753492,0.0,0.0,0.0,0.0,0.0,0.0
0,260,9.185610439278571,4.040066455755216,0.0,0.0,1.0,1.0,0.0,1.0
1,260,4.176450246599469,9.233773049885476,0.0,1.0,0.0,1.0,1.0,0.0
2,260,3.5408996260081014,0.3300921926404292,0.0,0.0,0.0,0.0,1.0,1.0
3,260,9.535105839508066,10.29926154198092,0.0,0.0,1.0,1.0,0.0,1.0
4,260,11.392789746503968,3.980085399606277,0.0,0.0,0.0,1.0,1.0,1.0
5,260,7.285630828471977,12.0,0.0,1.0,0.0,1.0,1.0,0.0
6,260,7.879285213264277,10.968348757692787,0.0,0.0,0.0,1.0,0.0,0.0
7,260,6.912266782402528,4.128626411373694,0.0,0.0,0.0,1.0,0.0,0.0
8,260,7.900373989503954,6.305593381607074,1.0,1.0,0.0,1.0,1.0,0.0
9,260,4.710116133553403,9.016970668894924,0.0,0.0,0.0,0.0,0.0,0.0
10,260,3.092687937447905,4.525011550564741,0.0,0.0,0.0,0.0,1.0,0.0
11,260,3.0939118918069446,2.515740007609564,1.0,0.0,1.0,1.0,0.0,1.0
12,260,4.990170994802651,9.753152130863288,0.0,1.0,0.0,1.0,0.0,1.0
13,260,8.060126930482326,5.246508010388043,1.0,1.0,1.0,0.0,0.0,0.0
14,260,3.56337544842999,0.0,0.0,0.0,0.0,0.0,1.0,0.0
15,260,5.136698200867349,1.987625045204027,0.0,0.0,0.0,1.0,0.0,1.0
16,260,6.263563934178737,7.74226951533504,1.0,1.0,0.0,0.0,1.0,0.0
17,260,7.978660778314365,5.778501137762695,1.0,1.0,0.0,0.0,0.0,0.0
18,260,5.787628045057792,7.302373623740001,1.0,0.0,0.0,1.0,0.0,0.0
19,260,8.450203236938545,12.0,0.0,0.0,1.0,1.0,0.0,0.0
20,260,9.625023496143015,11.70305448209787,0.0,1.0,1.0,1.0,0.0,0.0
21,260,9.986186337372589,6.192996277110156,1.0,0.0,1.0,1.0,0.0,0.0
22,260,2.657584493913575,5.7626425947376525,1.0,1.0,1.0,0.0,0.0,0.0
23,260,0.0,9.147401241052648,0.0,1.0,0.0,0.0,1.0,0.0
24,260,7.07246020638602,7.24012507252273,0.0,0.0,0.0,0.0,1.0,0.0
25,260,11.647378021156184,5.394451991209264,1.0,1.0,1.0,0.0,0.0,0.0
26,260,2.9521874587595485,1.6480062441557752,1.0,0.0,1.0,1.0,0.0,0.0
27,260,4.605223227576162,0.0,1.0,0.0,1.0,0.0,1.0,0.0
28,260,10.99514542385814,7.096410199694999,0.0,0.0,1.0,0.0,1.0,0.0
29,260,12.0,0.0,0.0,1.0,0.0,1.0,0.0,0.0
30,260,12.0,0.0,1.0,0.0,1.0,0.0,0.0,1.0
31,260,8.224642618586117,5.826167216786531,0.0,0.0,1.0,1.0,0.0,1.0
32,260,7.424157373437804,0.0,0.0,1.0,0.0,1.0,0.0,0.0
33,260,0.0,9.120394439191395,1.0,0.0,0.0,0.0,1.0,1.0
34,260,9.485400188513552,5.52386216994755,1.0,1.0,0.0,0.0,0.0,0.0
35,260,0.0,8.341576917077742,1.0,0.0,1.0,0.0,1.0,0.0
36,260,9.821492789383525,10.127018207318873,0.0,1.0,1.0,1.0,0.0,0.0
37,260,0.0,8.77280190737336,1.0,0.0,1.0,0.0,0.0,1.0
38,260,11.18072288297894,9.104906852709824,1.0,1.0,0.0,1.0,0.0,0.0
39,260,10.974311769740138,8.68656397962896,0.0,0.0,0.0,0.0,0.0,0.0
0,265,9.177408240502738,4.027462184498575,0.0,0.0,1.0,1.0,0.0,1.0
1,265,4.180722326244661,9.234104554986274,0.0,1.0,0.0,1.0,1.0,0.0
2,265,3.495819940394969,0.3107409835751045,0.0,0.0,0.0,0.0,1.0,1.0
3,265,9.37977142692898,10.277259488532891,0.0,0.0,1.0,1.0,0.0,1.0
4,265,11.412390307964278,3.9289269474468553,0.0,0.0,0.0,1.0,1.0,1.0
5,265,7.333579988128536,12.0,0.0,1.0,0.0,1.0,1.0,0.0
6,265,7.894990402710354,10.899816449116772,0.0,0.0,0.0,1.0,0.0,0.0
7,265,6.862567435497571,4.165223751442245,0.0,0.0,0.0,1.0,0.0,0.0
8,265,8.026277518806952,6.144374262109049,1.0,1.0,0.0,1.0,1.0,0.0
9,265,4.484399862755548,9.22221599359633,0.0,0.0,0.0,0.0,0.0,0.0
10,265,3.153405315960658,4.5024792180540265,0.0,0.0,0.0,0.0,1.0,0.0
11,265,3.0830487593929594,2.485634867055156,1.0,0.0,1.0,1.0,0.0,1.0
12,265,5.061560657527591,9.77360939625258,0.0,1.0,0.0,1.0,0.0,1.0
13,265,8.011820099790821,5.2989857550575,1.0,1.0,1.0,0.0,0.0,0.0
14,265,3.535901313692176,0.0,0.0,0.0,0.0,0.0,1.0,0.0
15,265,5.120927674400302,2.0507455710567397,0.0,0.0,0.0,1.0,0.0,1.0
16,265,6.247238357694813,7.751811238338874,1.0,1.0,0.0,0.0,1.0,0.0
17,265,8.038665980501806,5.7798555178054745,1.0,1.0,0.0,0.0,0.0,0.0
18,265,5.749155341690141,7.404908609586231,1.0,0.0,0.0,1.0,0.0,0.0
19,265,8.449837465038293,12.0,0.0,0.0,1.0,1.0,0.0,0.0
20,265,9.791084219179824,11.659600018023587,0.0,1.0,1.0,1.0,0.0,0.0
21,265,9.998609186334049,6.244885934734714,1.0,0.0,1.0,1.0,0.0,0.0
22,265,2.5254701107377864,5.7855377610760605,1.0,1.0,1.0,0.0,0.0,0.0
23,265,0.0,9.12365723489402,0.0,1.0,0.0,0.0,1.0,0.0
24,265,7.07974435984681,7.26893928521414,0.0,0.0,0.0,0.0,1.0,0.0
25,265,11.663841432561348,5.436273493273523,1.0,1.0,1.0,0.0,0.0,0.0
26,265,2.970900015373551,1.672209136385997,1.0,0.0,1.0,1.0,0.0,0.0
27,265,4.654016073201012,0.0,1.0,0.0,1.0,0.0,1.0,0.0
28,265,11.024612340445437,7.073979172529171,0.0,0.0,1.0,0.0,1.0,0.0
29,265,12.0,0.0,0.0,1.0,0.0,1.0,0.0,0.0
30,265,12.0,0.0,1.0,0.0,1.0,0.0,0.0,1.0
31,265,8.224432311672734,5.824653361847911,0.0,0.0,1.0,1.0,0.0,1.0
32,265,7.486622150642194,0.0,0.0,1.0,0.0,1.0,0.0,0.0
33,265,0.0,9.059006955276397,1.0,0.0,0.0,0.0,1.0,1.0
34,265,9.536592693909435,5.683723746151872,1.0,1.0,0.0,0.0,0.0,0.0
35,265,0.0,8.40026369682257,1.0,0.0,1.0,0.0,1.0,0.0
36,265,9.830932620551156,10.130117044818771,0.0,1.0,1.0,1.0,0.0,0.0
37,265,0.0,8.653603004619145,1.0,0.0,1.0,0.0,0.0,1.0
38,265,11.172427341002892,9.197441733947718,1.0,1.0,0.0,1.0,0.0,0.0
39,265,11.028021668782475,8.713628023639894,0.0,0.0,0.0,0.0,0.0,0.0
0,270,9.165215728283684,4.00822830150124,0.0,0.0,1.0,1.0,0.0,1.0
1,270,4.207154106446926,9.237085698884997,0.0,1.0,0.0,1.0,1.0,0.0
2,270,3.463051922238052,0.2969321551786231,0.0,0.0,0.0,0.0,1.0,1.0
3,270,9.240679025651469,10.257930161541625,0.0,0.0,1.0,1.0,0.0,1.0
4,270,11.428378481013745,3.88619761986444,0.0,0.0,0.0,1.0,1.0,1.0
5,270,7.375287890157989,12.0,0.0,1.0,0.0,1.0,1.0,0.0
6,270,7.9131335365857085,10.825318316594409,0.0,0.0,0.0,1.0,0.0,0.0
7,270,6.8115865386247005,4.202813725169358,0.0,0.0,0.0,1.0,0.0,0.0
8,270,8.149069254771092,5.986333463158823,1.0,1.0,0.0,1.0,1.0,0.0
9,270,4.263360977428063,9.42388115277798,0.0,0.0,0.0,0.0,0.0,0.0
10,270,3.218385109376135,4.478515041406282,0.0,0.0,0.0,0.0,1.0,0.0
11,270,3.0729779027228377,2.459362180463662,1.0,0.0,1.0,1.0,0.0,1.0
12,270,5.115717045492604,9.789531275147464,0.0,1.0,0.0,1.0,0.0,1.0
13,270,7.959810165528774,5.356437882576612,1.0,1.0,1.0,0.0,0.0,0.0
14,270,3.5097387706706837,0.0,0.0,0.0,0.0,0.0,1.0,0.0
15,270,5.103439996381805,2.131014771586789,0.0,0.0,0.0,1.0,0.0,1.0
16,270,6.235588505115525,7.7592098451445315,1.0,1.0,0.0,0.0,1.0,0.0
17,270,8.087918147415094,5.780849955593023,1.0,1.0,0.0,0.0,0.0,0.0
18,270,5.713430302346612,7.498521726196266,1.0,0.0,0.0,1.0,0.0,0.0
19,270,8.449626824698084,12.0,0.0,0.0,1.0,1.0,0.0,0.0
20,270,9.962110434126512,11.614204706090542,0.0,1.0,1.0,1.0,0.0,0.0
21,270,10.013083976988314,6.304672966614948,1.0,0.0,1.0,1.0,0.0,0.0
22,270,2.385349771442464,5.814047363776227,1.0,1.0,1.0,0.0,0.0,0.0
23,270,0.0,9.097802935153943,0.0,1.0,0.0,0.0,1.0,0.0
24,270,7.082856858881088,7.28205837924338,0.0,0.0,0.0,0.0,1.0,0.0
25,270,11.674509307586137,5.4636662437270616,1.0,1.0,1.0,0.0,0.0,0.0
26,270,2.985754692206676,1.6912341774004875,1.0,0.0,1.0,1.0,0.0,0.0
27,270,4.6991469361331415,0.0,1.0,0.0,1.0,0.0,1.0,0.0
28,270,11.07045250221788,7.039640813655924,0.0,0.0,1.0,0.0,1.0,0.0
29,270,12.0,0.0,0.0,1.0,0.0,1.0,0.0,0.0
30,270,12.0,0.0,1.0,0.0,1.0,0.0,0.0,1.0
31,270,8.225157898247918,5.82894693149512,0.0,0.0,1.0,1.0,0.0,1.0
32,270,7.561582400070303,0.0,0.0,1.0,0.0,1.0,0.0,0.0
33,270,0.0,8.997483065002072,1.0,0.0,0.0,0.0,1.0,1.0
34,270,9.586998871039256,5.848341108079492,1.0,1.0,0.0,0.0,0.0,0.0
35,270,0.0,8.471755943289358,1.0,0.0,1.0,0.0,1.0,0.0
36,270,9.840632500117133,10.133134338334264,0.0,1.0,1.0,1.0,0.0,0.0
37,270,0.0,8.521088444611966,1.0,0.0,1.0,0.0,0.0,1.0
38,270,11.161717264936913,9.28448316813496,1.0,1.0,0.0,1.0,0.0,0.0
39,270,11.082234287789982,8.741262324038948,0.0,0.0,0.0,0.0,0.0,0.0
0,275,9.146199170869227,3.977227151117276,0.0,0.0,1.0,1.0,0.0,1.0
1,275,4.245659136556407,9.240789518698383,0.0,1.0,0.0,1.0,1.0,0.0
2,275,3.430188777996784,0.283537836361468,0.0,0.0,0.0,0.0,1.0,1.0
3,275,9.09949954492358,10.245243413850831,0.0,0.0,1.0,1.0,0.0,1.0
4,275,11.439804275157863,3.856168847701166,0.0,0.0,0.0,1.0,1.0,1.0
5,275,7.431006711301715,12.0,0.0,1.0,0.0,1.0,1.0,0.0
6,275,8.010080364596643,10.847651409950576,0.0,0.0,0.0,1.0,0.0,0.0
7,275,6.760947182489993,4.240621108163381,0.0,0.0,0.0,1.0,0.0,0.0
8,275,8.264511742913236,5.838831848162921,1.0,1.0,0.0,1.0,1.0,0.0
9,275,4.03990364198102,9.630083286548292,0.0,0.0,0.0,0.0,0.0,0.0
10,275,3.272272448957444,4.458427592748602,0.0,0.0,0.0,0.0,1.0,0.0
11,275,3.064080776842584,2.436912110031504,1.0,0.0,1.0,1.0,0.0,1.0
12,275,5.210024857433205,9.81547612649038,0.0,1.0,0.0,1.0,0.0,1.0
13,275,7.926691125769754,5.39340921558099,1.0,1.0,1.0,0.0,0.0,0.0
14,275,3.485921179000901,0.0,0.0,0.0,0.0,0.0,1.0,0.0
15,275,5.086849893451543,2.2140432851805776,0.0,0.0,0.0,1.0,0.0,1.0
16,275,6.228328702396364,7.763778506507645,1.0,1.0,0.0,0.0,1.0,0.0
17,275,8.129237346402954,5.780459673295436,1.0,1.0,0.0,0.0,0.0,0.0
18,275,5.675212997952201,7.606010209316329,1.0,0.0,0.0,1.0,0.0,0.0
19,275,8.44928839012258,12.0,0.0,0.0,1.0,1.0,0.0,0.0
20,275,10.156773787935462,11.561273717923154,0.0,1.0,1.0,1.0,0.0,0.0
21,275,10.025569925834764,6.359697988432538,1.0,0.0,1.0,1.0,0.0,0.0
22,275,2.228979386531294,5.841274282801961,1.0,1.0,1.0,0.0,0.0,0.0
23,275,0.0,9.07830062060674,0.0,1.0,0.0,0.0,1.0,0.0
24,275,7.089887983826791,7.314593757446091,0.0,0.0,0.0,0.0,1.0,0.0
25,275,11.674120285716532,5.462642414989244,1.0,1.0,1.0,0.0,0.0,0.0
26,275,2.9884505217581,1.6948528967547367,1.0,0.0,1.0,1.0,0.0,0.0
27,275,4.742810857892105,0.0,1.0,0.0,1.0,0.0,1.0,0.0
28,275,11.128779851152288,6.99606576833602,0.0,0.0,1.0,0.0,1.0,0.0
29,275,12.0,0.0,0.0,1.0,0.0,1.0,0.0,0.0
30,275,12.0,0.0,1.0,0.0,1.0,0.0,0.0,1.0
31,275,8.224527379032017,5.825094267625841,0.0,0.0,1.0,1.0,0.0,1.0
32,275,7.6409465906050675,0.0,0.0,1.0,0.0,1.0,0.0,0.0
33,275,0.0,8.934170961112045,1.0,0.0,0.0,0.0,1.0,1.0
34,275,9.633179141953304,6.0002367656604925,1.0,1.0,0.0,0.0,0.0,0.0
35,275,0.0,8.57728529015407,1.0,0.0,1.0,0.0,1.0,0.0
36,275,9.843731341872608,10.134142177693718,0.0,1.0,1.0,1.0,0.0,0.0
37,275,0.0,8.389779297940715,1.0,0.0,1.0,0.0,0.0,1.0
38,275,11.154507651223712,9.34426346193662,1.0,1.0,0.0,1.0,0.0,0.0
39,275,11.126248629936663,8.764206959954967,0.0,0.0,0.0,0.0,0.0,0.0
0,280,9.12831726766276,3.948750814022576,0.0,0.0,1.0,1.0,0.0,1.0
1,280,4.253578766603441,9.241566811592255,0.0,1.0,0.0,1.0,1.0,0.0
2,280,3.3839292447261897,0.2656415665990283,0.0,0.0,0.0,0.0,1.0,1.0
3,280,8.950145004421556,10.232431262132073,0.0,0.0,1.0,1.0,0.0,1.0
4,280,11.450998266348078,3.825398929871295,0.0,0.0,0.0,1.0,1.0,1.0
5,280,7.481824589635429,12.0,0.0,1.0,0.0,1.0,1.0,0.0
6,280,8.105302910382244,10.868306483440662,0.0,0.0,0.0,1.0,0.0,0.0
7,280,6.708432823754816,4.278139811210377,0.0,0.0,0.0,1.0,0.0,0.0
8,280,8.368597426114475,5.702296016478351,1.0,1.0,0.0,1.0,1.0,0.0
9,280,3.7906652288965392,9.85055757546924,0.0,0.0,0.0,0.0,0.0,0.0
10,280,3.324741248675832,4.438137467388657,0.0,0.0,0.0,0.0,1.0,0.0
11,280,3.052148238011631,2.4059817201152502,1.0,0.0,1.0,1.0,0.0,1.0
12,280,5.304565753665338,9.840125323203152,0.0,1.0,0.0,1.0,0.0,1.0
13,280,7.8957666142229535,5.427613947101524,1.0,1.0,1.0,0.0,0.0,0.0
14,280,3.465283635448204,0.0,0.0,0.0,0.0,0.0,1.0,0.0
15,280,5.073309828123187,2.291327227928625,0.0,0.0,0.0,1.0,0.0,1.0
16,280,6.225923872109801,7.765270826546485,1.0,1.0,0.0,0.0,1.0,0.0
17,280,8.145391084688047,5.780162003809199,1.0,1.0,0.0,0.0,0.0,0.0
18,280,5.634127983894542,7.720701973565247,1.0,0.0,0.0,1.0,0.0,0.0
19,280,8.449055298160834,12.0,0.0,0.0,1.0,1.0,0.0,0.0
20,280,10.370081398229276,11.504274103634735,0.0,1.0,1.0,1.0,0.0,0.0
21,280,10.034719999729532,6.39649318108577,1.0,0.0,1.0,1.0,0.0,0.0
22,280,2.0678028297905398,5.869508834187724,1.0,1.0,1.0,0.0,0.0,0.0
23,280,0.0,9.059294252928192,0.0,1.0,0.0,0.0,1.0,0.0
24,280,7.098397110779229,7.353244475880999,0.0,0.0,0.0,0.0,1.0,0.0
25,280,11.672639188044226,5.458608468583604,1.0,1.0,1.0,0.0,0.0,0.0
26,280,2.9880074805969774,1.6942658138883966,1.0,0.0,1.0,1.0,0.0,0.0
27,280,4.7877814989084655,0.0,1.0,0.0,1.0,0.0,1.0,0.0
28,280,11.183571482756347,6.956509058537423,0.0,0.0,1.0,0.0,1.0,0.0
29,280,12.0,0.0,0.0,1.0,0.0,1.0,0.0,0.0
30,280,12.0,0.0,1.0,0.0,1.0,0.0,0.0,1.0
31,280,8.221948532634082,5.81058163717021,0.0,0.0,1.0,1.0,0.0,1.0
32,280,7.732193350002104,0.0,0.0,1.0,0.0,1.0,0.0,0.0
33,280,0.0,8.867315778605146,1.0,0.0,0.0,0.0,1.0,1.0
34,280,9.680495466704729,6.153769242752642,1.0,1.0,0.0,0.0,0.0,0.0
35,280,0.0,8.669149055214453,1.0,0.0,1.0,0.0,1.0,0.0
36,280,9.826890081434923,10.128532718514832,0.0,1.0,1.0,1.0,0.0,0.0
37,280,0.0,8.250620713358503,1.0,0.0,1.0,0.0,0.0,1.0
38,280,11.146792204225465,9.408572292563926,1.0,1.0,0.0,1.0,0.0,0.0
39,280,11.174985313869811,8.789038041239793,0.0,0.0,0.0,0.0,0.0,0.0
0,285,9.097029141563992,3.897210441317572,0.0,0.0,1.0,1.0,0.0,1.0
1,285,4.272162538131748,9.243457362533295,0.0,1.0,0.0,1.0,1.0,0.0
2,285,3.3408705984501026,0.2495006575706538,0.0,0.0,0.0,0.0,1.0,1.0
3,285,8.791995679219413,10.217334754868284,0.0,0.0,1.0,1.0,0.0,1.0
4,285,11.462045477596329,3.795346421076941,0.0,0.0,0.0,1.0,1.0,1.0
5,285,7.526864520108024,12.0,0.0,1.0,0.0,1.0,1.0,0.0
6,285,8.214919875453703,10.891425624068294,0.0,0.0,0.0,1.0,0.0,0.0
7,285,6.641588217503334,4.32372832031579,0.0,0.0,0.0,1.0,0.0,0.0
8,285,8.47353450301264,5.563990496278055,1.0,1.0,0.0,1.0,1.0,0.0
9,285,3.531600282430447,10.07743620805236,0.0,0.0,0.0,0.0,0.0,0.0
10,285,3.3906977828280795,4.410077829724812,0.0,0.0,0.0,0.0,1.0,0.0
11,285,3.049858118157777,2.400433235470948,1.0,0.0,1.0,1.0,0.0,1.0
12,285,5.406565894163839,9.867228239248767,0.0,1.0,0.0,1.0,0.0,1.0
13,285,7.877531802587196,5.448206265431232,1.0,1.0,1.0,0.0,0.0,0.0
14,285,3.4493709327823106,0.0,0.0,0.0,0.0,0.0,1.0,0.0
15,285,5.064904600442169,2.3425417902836108,0.0,0.0,0.0,1.0,0.0,1.0
16,285,6.239369291712974,7.756919219323176,1.0,1.0,0.0,0.0,1.0,0.0
17,285,8.143052179463647,5.780223910989438,1.0,1.0,0.0,0.0,0.0,0.0
18,285,5.584374192022438,7.856327595433396,1.0,0.0,0.0,1.0,0.0,0.0
19,285,8.449015559251519,12.0,0.0,0.0,1.0,1.0,0.0,0.0
20,285,10.595953382549524,11.441983215037322,0.0,1.0,1.0,1.0,0.0,0.0
21,285,10.05135193208659,6.46308542393751,1.0,0.0,1.0,1.0,0.0,0.0
22,285,1.8850062775803147,5.895842247303013,1.0,1.0,1.0,0.0,0.0,0.0
23,285,0.0,9.037325323184726,0.0,1.0,0.0,0.0,1.0,0.0
24,285,7.110156842301251,7.412049449052444,0.0,0.0,0.0,0.0,1.0,0.0
25,285,11.66403242595126,5.4346628565259865,1.0,1.0,1.0,0.0,0.0,0.0
26,285,2.998568862806161,1.7083665581466687,1.0,0.0,1.0,1.0,0.0,0.0
27,285,4.830305322291226,0.0,1.0,0.0,1.0,0.0,1.0,0.0
28,285,11.23727888036687,6.917460616092701,0.0,0.0,1.0,0.0,1.0,0.0
29,285,12.0,0.0,0.0,1.0,0.0,1.0,0.0,0.0
30,285,12.0,0.0,1.0,0.0,1.0,0.0,0.0,1.0
31,285,8.21744875081855,5.786305036817437,0.0,0.0,1.0,1.0,0.0,1.0
32,285,7.795878951199931,0.0,0.0,1.0,0.0,1.0,0.0,0.0
33,285,0.0,8.795484351183802,1.0,0.0,0.0,0.0,1.0,1.0
34,285,9.734009863879626,6.316266248357125,1.0,1.0,0.0,0.0,0.0,0.0
35,285,0.0,8.787700237184458,1.0,0.0,1.0,0.0,1.0,0.0
36,285,9.801014051902897,10.120903120993416,0.0,1.0,1.0,1.0,0.0,0.0
37,285,0.0,8.106787789094696,1.0,0.0,1.0,0.0,0.0,1.0
38,285,11.140243010955627,9.459450331235251,1.0,1.0,0.0,1.0,0.0,0.0
39,285,11.223478813659591,8.813809492427895,0.0,0.0,0.0,0.0,0.0,0.0
0,290,9.057208548542835,3.831900042618356,0.0,0.0,1.0,1.0,0.0,1.0
1,290,4.291788889557701,9.245248294768563,0.0,1.0,0.0,1.0,1.0,0.0
2,290,3.293240281975282,0.2317614265178336,0.0,0.0,0.0,0.0,1.0,1.0
3,290,8.628863160500936,10.198736965131337,0.0,0.0,1.0,1.0,0.0,1.0
4,290,11.478548427640757,3.752234730210696,0.0,0.0,0.0,1.0,1.0,1.0
5,290,7.568584773396173,12.0,0.0,1.0,0.0,1.0,1.0,0.0
6,290,8.308271463677185,10.909665388803004,0.0,0.0,0.0,1.0,0.0,0.0
7,290,6.594765513630384,4.356859313410087,0.0,0.0,0.0,1.0,0.0,0.0
8,290,8.580230531192228,5.427122106853455,1.0,1.0,0.0,1.0,1.0,0.0
9,290,3.286821418153725,10.285555237050929,0.0,0.0,0.0,0.0,0.0,0.0
10,290,3.4623283754695917,4.378880970047239,0.0,0.0,0.0,0.0,1.0,0.0
11,290,3.0462317027172445,2.3918734897525957,1.0,0.0,1.0,1.0,0.0,1.0
12,290,5.380039800434968,9.971708827326506,0.0,1.0,0.0,1.0,0.0,1.0
13,290,7.836132266128271,5.4975135382952125,1.0,1.0,1.0,0.0,0.0,0.0
14,290,3.4333136509564897,0.0,0.0,0.0,0.0,0.0,1.0,0.0
15,290,5.051886116632772,2.407018055479906,0.0,0.0,0.0,1.0,0.0,1.0
16,290,6.243116052243305,7.7545254946709266,1.0,1.0,0.0,0.0,1.0,0.0
17,290,8.147282294355104,5.78019772359327,1.0,1.0,0.0,0.0,0.0,0.0
18,290,5.533205556299157,7.99982588422751,1.0,0.0,0.0,1.0,0.0,0.0
19,290,8.44902933534383,12.0,0.0,0.0,1.0,1.0,0.0,0.0
20,290,10.830437734849482,11.373898138258216,0.0,1.0,1.0,1.0,0.0,0.0
21,290,10.073671228300435,6.545594113789055,1.0,0.0,1.0,1.0,0.0,0.0
22,290,1.7343673876017036,5.91428768623241,1.0,1.0,1.0,0.0,0.0,0.0
23,290,0.0,9.01739749912889,0.0,1.0,0.0,0.0,1.0,0.0
24,290,7.116895171851155,7.448105403670044,0.0,0.0,0.0,0.0,1.0,0.0
25,290,11.658987854201596,5.421143255959866,1.0,1.0,1.0,0.0,0.0,0.0
26,290,3.0015198256872333,1.7121663585298406,1.0,0.0,1.0,1.0,0.0,0.0
27,290,4.878418824799394,0.0,1.0,0.0,1.0,0.0,1.0,0.0
28,290,11.282738277764668,6.884399157444446,0.0,0.0,1.0,0.0,1.0,0.0
29,290,12.0,0.0,0.0,1.0,0.0,1.0,0.0,0.0
30,290,12.0,0.0,1.0,0.0,1.0,0.0,0.0,1.0
31,290,8.213039553177715,5.765534914694257,0.0,0.0,1.0,1.0,0.0,1.0
32,290,7.85290420374144,0.0,0.0,1.0,0.0,1.0,0.0,0.0
33,290,0.0,8.737491145724391,1.0,0.0,0.0,0.0,1.0,1.0
34,290,9.788322219986512,6.473690141996311,1.0,1.0,0.0,0.0,0.0,0.0
35,290,0.0,8.898540785825734,1.0,0.0,1.0,0.0,1.0,0.0
36,290,9.796434495427729,10.1195001813702,0.0,1.0,1.0,1.0,0.0,0.0
37,290,0.0,7.977081962505389,1.0,0.0,1.0,0.0,0.0,1.0
38,290,11.134710672013966,9.502242989904738,1.0,1.0,0.0,1.0,0.0,0.0
39,290,11.257586340722687,8.833176518622963,0.0,0.0,0.0,0.0,0.0,0.0
0,295,9.013914431756136,3.7634829692573946,0.0,0.0,1.0,1.0,0.0,1.0
1,295,4.301301945052921,9.246397330417302,0.0,1.0,0.0,1.0,1.0,0.0
2,295,3.245039166304794,0.2137187867429131,0.0,0.0,0.0,0.0,1.0,1.0
3,295,8.463228525493758,10.17772757513368,0.0,0.0,1.0,1.0,0.0,1.0
4,295,11.491903768279268,3.7177455595151567,0.0,0.0,0.0,1.0,1.0,1.0
5,295,7.644359062594389,12.0,0.0,1.0,0.0,1.0,1.0,0.0
6,295,8.41966051775085,10.932402942154845,0.0,0.0,0.0,1.0,0.0,0.0
7,295,6.57254368213419,4.371806233481568,0.0,0.0,0.0,1.0,0.0,0.0
8,295,8.695957189582014,5.289327175185857,1.0,1.0,0.0,1.0,1.0,0.0
9,295,3.0397274223465014,10.502598591198202,0.0,0.0,0.0,0.0,0.0,0.0
10,295,3.516316094219837,4.354963640847954,0.0,0.0,0.0,0.0,1.0,0.0
11,295,3.041623703297485,2.3805988885293408,1.0,0.0,1.0,1.0,0.0,1.0
12,295,5.345249742403971,10.08897630535744,0.0,1.0,0.0,1.0,0.0,1.0
13,295,7.80148524944184,5.537220252006013,1.0,1.0,1.0,0.0,0.0,0.0
14,295,3.4229194148649724,0.0,0.0,0.0,0.0,0.0,1.0,0.0
15,295,5.040822834714738,2.460193076861887,0.0,0.0,0.0,1.0,0.0,1.0
16,295,6.247580990575161,7.751699869434833,1.0,1.0,0.0,0.0,1.0,0.0
17,295,8.149610094831903,5.780206143826243,1.0,1.0,0.0,0.0,0.0,0.0
18,295,5.489406164823651,8.128190217442745,1.0,0.0,0.0,1.0,0.0,0.0
19,295,8.448622572070096,12.0,0.0,0.0,1.0,1.0,0.0,0.0
20,295,11.054541146922343,11.300905528433164,0.0,1.0,1.0,1.0,0.0,0.0
21,295,10.100010576964698,6.634057956938428,1.0,0.0,1.0,1.0,0.0,0.0
22,295,1.602129913365332,5.932362942927711,1.0,1.0,1.0,0.0,0.0,0.0
23,295,0.0,9.002354946888016,0.0,1.0,0.0,0.0,1.0,0.0
24,295,7.1257948848020405,7.4967298047621025,0.0,0.0,0.0,0.0,1.0,0.0
25,295,11.652369226724392,5.403658206183302,1.0,1.0,1.0,0.0,0.0,0.0
26,295,3.0105045183289594,1.723729435113394,1.0,0.0,1.0,1.0,0.0,0.0
27,295,4.934519409186749,0.0,1.0,0.0,1.0,0.0,1.0,0.0
28,295,11.324890767254622,6.854709970715335,0.0,0.0,1.0,0.0,1.0,0.0
29,295,12.0,0.0,0.0,1.0,0.0,1.0,0.0,0.0
30,295,12.0,0.0,1.0,0.0,1.0,0.0,0.0,1.0
31,295,8.205497955657222,5.735018783550689,0.0,0.0,1.0,1.0,0.0,1.0
32,295,7.905597585078757,0.0,0.0,1.0,0.0,1.0,0.0,0.0
33,295,0.0,8.687215985634841,1.0,0.0,0.0,0.0,1.0,1.0
34,295,9.84435791451678,6.62248294639748,1.0,1.0,0.0,0.0,0.0,0.0
35,295,0.0,8.985492183380188,1.0,0.0,1.0,0.0,1.0,0.0
36,295,9.779578830237588,10.114633775543554,0.0,1.0,1.0,1.0,0.0,0.0
37,295,0.0,7.83632877409304,1.0,0.0,1.0,0.0,0.0,1.0
38,295,11.126984273147912,9.54821506422495,1.0,1.0,0.0,1.0,0.0,0.0
39,295,11.281842461290244,8.847793542501512,0.0,0.0,0.0,0.0,0.0,0.0
