0,0,4.953543556563671,0.0,0.0,0.0,0.0,0.0,0.0,0.0
1,0,2.991615544523908,6.954498607648664,0.0,0.0,1.0,1.0,1.0,1.0
2,0,11.95675724116384,8.975634408178902,0.0,0.0,0.0,0.0,0.0,0.0
3,0,7.954365419600681,1.0439288307771146,1.0,1.0,0.0,0.0,1.0,1.0
4,0,1.0338682104421242,10.9452680795671,0.0,0.0,0.0,1.0,0.0,1.0
5,0,8.054254952570737,11.003372909488746,0.0,0.0,0.0,0.0,0.0,1.0
6,0,1.0457586047255707,8.959744187257307,1.0,0.0,1.0,0.0,0.0,0.0
7,0,8.06473156191881,4.976375460775072,1.0,1.0,0.0,0.0,1.0,1.0
8,0,1.958926913612014,4.937776328457635,0.0,1.0,1.0,1.0,1.0,0.0
9,0,7.032788630321865,0.9639354128725812,0.0,1.0,1.0,0.0,0.0,1.0
10,0,10.019567816916275,7.97568287261752,0.0,0.0,1.0,1.0,0.0,1.0
11,0,0.0151256668577253,0.9326090901815196,0.0,1.0,1.0,0.0,1.0,1.0
12,0,11.038250989234554,0.9442553481868527,0.0,0.0,0.0,1.0,1.0,0.0
13,0,7.062379605328887,6.997077855004151,1.0,1.0,0.0,0.0,0.0,0.0
14,0,1.9344109667483205,4.97934472052242,0.0,0.0,1.0,0.0,0.0,0.0
15,0,7.997617355753846,2.95733086161443,0.0,0.0,1.0,0.0,1.0,0.0
16,0,7.990549617017845,2.0492167208873946,1.0,1.0,0.0,1.0,0.0,1.0
17,0,9.979195765253245,11.052108155206897,1.0,0.0,0.0,0.0,1.0,0.0
18,0,3.959197426306407,4.033549470769794,1.0,1.0,0.0,0.0,1.0,0.0
19,0,8.077795602036826,9.998627721717396,0.0,0.0,0.0,0.0,1.0,0.0
20,0,4.078452574502611,10.995994664988045,0.0,0.0,1.0,0.0,1.0,1.0
21,0,5.996734759586739,1.0613926830967622,1.0,0.0,1.0,0.0,0.0,1.0
22,0,11.99576838397261,4.956109533670742,1.0,0.0,1.0,1.0,0.0,0.0
23,0,4.056950572801437,11.0435867139872,0.0,1.0,0.0,0.0,1.0,1.0
24,0,7.044867125774928,9.014022647321188,0.0,1.0,0.0,0.0,1.0,1.0
25,0,0.003300974655997,0.0556992993592149,1.0,1.0,1.0,0.0,0.0,0.0
26,0,0.0172214919190044,5.050628691476235,1.0,1.0,0.0,0.0,0.0,0.0
27,0,1.0045625406021628,6.046804689883507,1.0,1.0,0.0,0.0,0.0,0.0
28,0,12.0,9.958784363712894,0.0,0.0,1.0,0.0,1.0,1.0
29,0,7.045515812459396,4.994112333084776,0.0,1.0,0.0,1.0,0.0,1.0
30,0,1.0228897890627602,5.946268974230581,0.0,1.0,0.0,0.0,0.0,0.0
31,0,3.9885179863977576,8.0350279737291,1.0,0.0,0.0,1.0,0.0,0.0
32,0,0.014324793873821,3.04857870020526,1.0,0.0,1.0,1.0,0.0,1.0
33,0,2.038233779338817,0.976959176092698,0.0,0.0,0.0,1.0,0.0,0.0
34,0,12.0,8.063394487812197,0.0,0.0,0.0,1.0,1.0,1.0
35,0,5.0423971064999735,8.976404157614217,0.0,1.0,1.0,1.0,0.0,0.0
36,0,4.991064024158156,0.9566432575983342,1.0,0.0,0.0,1.0,1.0,0.0
37,0,10.952602372896797,1.9881153423945728,1.0,0.0,1.0,0.0,1.0,1.0
38,0,3.989167410330964,11.942266277449004,1.0,0.0,1.0,0.0,0.0,1.0
39,0,1.9995455097509611,9.93696232214725,0.0,0.0,0.0,0.0,1.0,0.0
0,5,4.893608894155002,0.0,0.0,0.0,0.0,0.0,0.0,0.0
1,5,2.983723856751143,6.907530782563329,0.0,0.0,1.0,1.0,1.0,1.0
2,5,11.905427852344516,8.946936227690125,0.0,0.0,0.0,0.0,0.0,0.0
3,5,7.913524170398118,1.0843534128173304,1.0,1.0,0.0,0.0,1.0,1.0
4,5,1.0751357780926696,10.8794834846805,0.0,0.0,0.0,1.0,0.0,1.0
5,5,8.11147627665327,11.006740949291093,0.0,0.0,0.0,0.0,0.0,1.0
6,5,1.0887536614514846,8.920574435575963,1.0,0.0,1.0,0.0,0.0,0.0
7,5,8.10514914391538,4.961841160702169,1.0,1.0,0.0,0.0,1.0,1.0
8,5,1.9165930487648952,4.872716273496333,0.0,1.0,1.0,1.0,1.0,0.0
9,5,7.0521009684820015,0.9415360686872828,0.0,1.0,1.0,0.0,0.0,1.0
10,5,10.033621250095296,7.9587822657156915,0.0,0.0,1.0,1.0,0.0,1.0
11,5,0.0313123963052002,0.8618617589089981,0.0,1.0,1.0,0.0,1.0,1.0
12,5,11.073854617388736,0.8931928585105443,0.0,0.0,0.0,1.0,1.0,0.0
13,5,7.12088690432589,6.9937223000385815,1.0,1.0,0.0,0.0,0.0,0.0
14,5,1.867815467415056,4.960589017507838,0.0,0.0,1.0,0.0,0.0,0.0
15,5,7.992613880293617,2.902523547077644,0.0,0.0,1.0,0.0,1.0,0.0
16,5,7.979014991159052,2.1006793324854787,1.0,1.0,0.0,1.0,0.0,1.0
17,5,9.954861330775651,11.11857158609753,1.0,0.0,0.0,0.0,1.0,0.0
18,5,3.894928407548033,4.088804286466799,1.0,1.0,0.0,0.0,1.0,0.0
19,5,8.165411578545866,9.99782712269397,0.0,0.0,0.0,0.0,1.0,0.0
20,5,4.141408259871814,10.994755831559516,0.0,0.0,1.0,0.0,1.0,1.0
21,5,5.993213031463896,1.1289463745792774,1.0,0.0,1.0,0.0,0.0,1.0
22,5,11.992721280040357,4.90891195214995,1.0,0.0,1.0,1.0,0.0,0.0
23,5,4.11533093390933,11.085817311626322,0.0,1.0,0.0,0.0,1.0,1.0
24,5,7.108214501019541,9.033341559976002,0.0,1.0,0.0,0.0,1.0,1.0
25,5,0.0052610178654293,0.1051958259522143,1.0,1.0,1.0,0.0,0.0,0.0
26,5,0.0345603938673442,5.105489339270295,1.0,1.0,0.0,0.0,0.0,0.0
27,5,1.0081908687782897,6.084991129285809,1.0,1.0,0.0,0.0,0.0,0.0
28,5,12.0,9.917072825713502,0.0,0.0,1.0,0.0,1.0,1.0
29,5,7.072106298728653,4.990239304871532,0.0,1.0,0.0,1.0,0.0,1.0
30,5,1.0513151702344603,5.87289037683613,0.0,1.0,0.0,0.0,0.0,0.0
31,5,3.9683841610667394,8.09516779216985,1.0,0.0,0.0,1.0,0.0,0.0
32,5,0.0282910750392222,3.0997715600607973,1.0,0.0,1.0,1.0,0.0,1.0
33,5,2.07892102756483,0.9501682573069716,0.0,0.0,0.0,1.0,0.0,0.0
34,5,12.0,8.121435551892365,0.0,0.0,0.0,1.0,1.0,1.0
35,5,5.077254239566862,8.955660419525072,0.0,1.0,1.0,1.0,0.0,0.0
36,5,4.985866140468777,0.9268454068076448,1.0,0.0,0.0,1.0,1.0,0.0
37,5,10.87841045645447,1.970683195695001,1.0,0.0,1.0,0.0,1.0,1.0
38,5,3.976891838219224,11.877412498787384,1.0,0.0,1.0,0.0,0.0,1.0
39,5,1.9983534432325796,9.86316176149324,0.0,0.0,0.0,0.0,1.0,0.0
0,10,4.863720724820829,0.0,0.0,0.0,0.0,0.0,0.0,0.0
1,10,2.9753597340197837,6.866352973661981,0.0,0.0,1.0,1.0,1.0,1.0
2,10,11.84366858779739,8.912753082684526,0.0,0.0,0.0,0.0,0.0,0.0
3,10,7.882992389241718,1.115939073082102,1.0,1.0,0.0,0.0,1.0,1.0
4,10,1.1106440152269943,10.823255867262954,0.0,0.0,0.0,1.0,0.0,1.0
5,10,8.191547670061691,11.013779577678994,0.0,0.0,0.0,0.0,0.0,1.0
6,10,1.1328456790883183,8.879511955752719,1.0,0.0,1.0,0.0,0.0,0.0
7,10,8.155341902766919,4.945863532584723,1.0,1.0,0.0,0.0,1.0,1.0
8,10,1.875487757782996,4.807900902438585,0.0,1.0,1.0,1.0,1.0,0.0
9,10,7.069665843782562,0.9201150979774048,0.0,1.0,1.0,0.0,0.0,1.0
10,10,10.04301626915419,7.948052289111779,0.0,0.0,1.0,1.0,0.0,1.0
11,10,0.0465862628897951,0.7910087702969152,0.0,1.0,1.0,0.0,1.0,1.0
12,10,11.096423827019636,0.8597098994413644,0.0,0.0,0.0,1.0,1.0,0.0
13,10,7.17852288298564,6.990792712547473,1.0,1.0,0.0,0.0,0.0,0.0
14,10,1.821714395469321,4.946537655925222,0.0,0.0,1.0,0.0,0.0,0.0
15,10,7.9852262472338,2.8410923420857026,0.0,0.0,1.0,0.0,1.0,0.0
16,10,7.965586599292488,2.1580386988514024,1.0,1.0,0.0,1.0,0.0,1.0
17,10,9.931283267803218,11.18593948453762,1.0,0.0,0.0,0.0,1.0,0.0
18,10,3.838147178464516,4.138899223896019,1.0,1.0,0.0,0.0,1.0,0.0
19,10,8.243083002152913,9.995232362195956,0.0,0.0,0.0,0.0,1.0,0.0
20,10,4.204972735153314,10.994644732910942,0.0,0.0,1.0,0.0,1.0,1.0
21,10,5.9917742856070575,1.166610310910857,1.0,0.0,1.0,0.0,0.0,1.0
22,10,12.0,4.90597691883041,1.0,0.0,1.0,1.0,0.0,0.0
23,10,4.1654843251704685,11.12082674715143,0.0,1.0,0.0,0.0,1.0,1.0
24,10,7.1645299495779176,9.050631973153378,0.0,1.0,0.0,0.0,1.0,1.0
25,10,0.0084544382017798,0.165755992176856,1.0,1.0,1.0,0.0,0.0,0.0
26,10,0.0499392792313351,5.152982547602892,1.0,1.0,0.0,0.0,0.0,0.0
27,10,1.0132292779925962,6.135943886867168,1.0,1.0,0.0,0.0,0.0,0.0
28,10,12.0,9.87526492160857,0.0,0.0,1.0,0.0,1.0,1.0
29,10,7.114015921201338,4.984616488201133,0.0,1.0,0.0,1.0,0.0,1.0
30,10,1.0726763000718758,5.8141584113461535,0.0,1.0,0.0,0.0,0.0,0.0
31,10,3.9430717074474,8.172099274892753,1.0,0.0,0.0,1.0,0.0,0.0
32,10,0.0461791275332948,3.160237857407623,1.0,0.0,1.0,1.0,0.0,1.0
33,10,2.116793718682481,0.926056012537945,0.0,0.0,0.0,1.0,0.0,0.0
34,10,12.0,8.184769508981182,0.0,0.0,0.0,1.0,1.0,1.0
35,10,5.144242913474458,8.916357623710716,0.0,1.0,1.0,1.0,0.0,0.0
36,10,4.977418001200902,0.87589058977048,1.0,0.0,0.0,1.0,1.0,0.0
37,10,10.79387035581923,1.946725588170731,1.0,0.0,1.0,0.0,1.0,1.0
38,10,3.969314816820905,11.836452192578614,1.0,0.0,1.0,0.0,0.0,1.0
39,10,1.9953542570241665,9.76660596196264,0.0,0.0,0.0,0.0,1.0,0.0
0,15,4.849126984946666,0.0,0.0,0.0,0.0,0.0,0.0,0.0
1,15,2.966101011983903,6.817863790826171,0.0,0.0,1.0,1.0,1.0,1.0
2,15,11.768466241190373,8.87028827976818,0.0,0.0,0.0,0.0,0.0,0.0
3,15,7.855753622693748,1.1452572882566956,1.0,1.0,0.0,0.0,1.0,1.0
4,15,1.155962742085217,10.74865224386126,0.0,0.0,0.0,1.0,0.0,1.0
5,15,8.254820259784656,11.020400078702776,0.0,0.0,0.0,0.0,0.0,1.0
6,15,1.1722143959593343,8.84388709672017,1.0,0.0,1.0,0.0,0.0,0.0
7,15,8.210498249607836,4.929489415616809,1.0,1.0,0.0,0.0,1.0,1.0
8,15,1.8285880654922309,4.73325206675027,0.0,1.0,1.0,1.0,1.0,0.0
9,15,7.091386071579096,0.8932463833992326,0.0,1.0,1.0,0.0,0.0,1.0
10,15,10.042832898329385,7.948268955656774,0.0,0.0,1.0,1.0,0.0,1.0
11,15,0.0605081740570986,0.7251437844113415,0.0,1.0,1.0,0.0,1.0,1.0
12,15,11.1134635767461,0.8350123711960389,0.0,0.0,0.0,1.0,1.0,0.0
13,15,7.2689975693155295,6.985186930921741,1.0,1.0,0.0,0.0,0.0,0.0
14,15,1.7746827666286684,4.932588180644968,0.0,0.0,1.0,0.0,0.0,0.0
15,15,7.980036662044704,2.793080759261492,0.0,0.0,1.0,0.0,1.0,0.0
16,15,7.948587618508426,2.23274950229271,1.0,1.0,0.0,1.0,0.0,1.0
17,15,9.917065159655886,11.230145029418216,1.0,0.0,0.0,0.0,1.0,0.0
18,15,3.787069687360951,4.18081471305474,1.0,1.0,0.0,0.0,1.0,0.0
19,15,8.341610734796436,9.994949125094738,0.0,0.0,0.0,0.0,1.0,0.0
20,15,4.278423032992282,10.994346675654612,0.0,0.0,1.0,0.0,1.0,1.0
21,15,5.990111645046624,1.206380483356941,1.0,0.0,1.0,0.0,0.0,1.0
22,15,12.0,4.899728265981966,1.0,0.0,1.0,1.0,0.0,0.0
23,15,4.234674811500774,11.17164904913008,0.0,1.0,0.0,0.0,1.0,1.0
24,15,7.230968388786333,9.070287701961416,0.0,1.0,0.0,0.0,1.0,1.0
25,15,0.0115326100679229,0.2142025712160722,1.0,1.0,1.0,0.0,0.0,0.0
26,15,0.0590694683435306,5.182623804102088,1.0,1.0,0.0,0.0,0.0,0.0
27,15,1.0200077873417484,6.201770049858628,1.0,1.0,0.0,0.0,0.0,0.0
28,15,12.0,9.834173524739406,0.0,0.0,1.0,0.0,1.0,1.0
29,15,7.159598719325233,4.979428735561587,0.0,1.0,0.0,1.0,0.0,1.0
30,15,1.0923139736965468,5.760651357630194,0.0,1.0,0.0,0.0,0.0,0.0
31,15,3.915219138128146,8.254538710532444,1.0,0.0,0.0,1.0,0.0,0.0
32,15,0.0666272384733945,3.2337615688594603,1.0,0.0,1.0,1.0,0.0,1.0
33,15,2.1401560883244604,0.9112422874498096,0.0,0.0,0.0,1.0,0.0,0.0
34,15,12.0,8.255770431614055,0.0,0.0,0.0,1.0,1.0,1.0
35,15,5.202158768548449,8.883086507931402,0.0,1.0,1.0,1.0,0.0,0.0
36,15,4.965550471562737,0.7997700971222319,1.0,0.0,0.0,1.0,1.0,0.0
37,15,10.71512782978554,1.9255457055171248,1.0,0.0,1.0,0.0,1.0,1.0
38,15,3.961646970692907,11.786372563096888,1.0,0.0,1.0,0.0,0.0,1.0
39,15,1.9937230099800685,9.687982310094284,0.0,0.0,0.0,0.0,1.0,0.0
0,20,4.799156432604909,0.0,0.0,0.0,0.0,0.0,0.0,0.0
1,20,2.955052248760497,6.769608005954888,0.0,0.0,1.0,1.0,1.0,1.0
2,20,11.693250201368546,8.826016734642252,0.0,0.0,0.0,0.0,0.0,0.0
3,20,7.824484516090196,1.1782313304169807,1.0,1.0,0.0,0.0,1.0,1.0
4,20,1.1930857181514836,10.686432862044226,0.0,0.0,0.0,1.0,0.0,1.0
5,20,8.332715340588184,11.031639414135244,0.0,0.0,0.0,0.0,0.0,1.0
6,20,1.2037227622107056,8.815301117210709,1.0,0.0,1.0,0.0,0.0,0.0
7,20,8.277609450747489,4.911982439685818,1.0,1.0,0.0,0.0,1.0,1.0
8,20,1.77776257442332,4.654192698532133,0.0,1.0,1.0,1.0,1.0,0.0
9,20,7.109900166789035,0.8701244894624561,0.0,1.0,1.0,0.0,0.0,1.0
10,20,10.05351803586179,7.935513075652088,0.0,0.0,1.0,1.0,0.0,1.0
11,20,0.0715279802216577,0.6720343390964649,0.0,1.0,1.0,0.0,1.0,1.0
12,20,11.134439145612472,0.8042486159644973,0.0,0.0,0.0,1.0,1.0,0.0
13,20,7.375419405854689,6.978591004548227,1.0,1.0,0.0,0.0,0.0,0.0
14,20,1.6958235218718216,4.9104205325569215,0.0,0.0,1.0,0.0,0.0,0.0
15,20,7.97229851480569,2.732693963355333,0.0,0.0,1.0,0.0,1.0,0.0
16,20,7.926204487832669,2.316513601394325,1.0,1.0,0.0,1.0,0.0,1.0
17,20,9.907159542103416,11.263479530722718,1.0,0.0,0.0,0.0,1.0,0.0
18,20,3.739224812060816,4.2195771097118815,1.0,1.0,0.0,0.0,1.0,0.0
19,20,8.453777548816442,9.993075789161614,0.0,0.0,0.0,0.0,1.0,0.0
20,20,4.349802077265578,10.994574445793845,0.0,0.0,1.0,0.0,1.0,1.0
21,20,5.988856414847857,1.2529615226663209,1.0,0.0,1.0,0.0,0.0,1.0
22,20,12.0,4.892401538913043,1.0,0.0,1.0,1.0,0.0,0.0
23,20,4.316836925252145,11.230716013216528,0.0,1.0,0.0,0.0,1.0,1.0
24,20,7.298548114506688,9.089419479005782,0.0,1.0,0.0,0.0,1.0,1.0
25,20,0.0174924970245439,0.2783149454318482,1.0,1.0,1.0,0.0,0.0,0.0
26,20,0.0714302195024807,5.222803852408571,1.0,1.0,0.0,0.0,0.0,0.0
27,20,1.02783551592749,6.262041950602611,1.0,1.0,0.0,0.0,0.0,0.0
28,20,12.0,9.80085910152805,0.0,0.0,1.0,0.0,1.0,1.0
29,20,7.223959344571049,4.971606572906145,0.0,1.0,0.0,1.0,0.0,1.0
30,20,1.114939288584041,5.6989605017440335,0.0,1.0,0.0,0.0,0.0,0.0
31,20,3.888940921709057,8.329094012330804,1.0,0.0,0.0,1.0,0.0,0.0
32,20,0.0865813242284905,3.301264816039971,1.0,0.0,1.0,1.0,0.0,1.0
33,20,2.174509625181932,0.8890360145527727,0.0,0.0,0.0,1.0,0.0,0.0
34,20,12.0,8.326151022359248,0.0,0.0,0.0,1.0,1.0,1.0
35,20,5.261058419060684,8.850082849934676,0.0,1.0,1.0,1.0,0.0,0.0
36,20,4.955855177010037,0.7227023134299878,1.0,0.0,0.0,1.0,1.0,0.0
37,20,10.616933410947004,1.900557839208324,1.0,0.0,1.0,0.0,1.0,1.0
38,20,3.953219229503252,11.727627809726805,1.0,0.0,1.0,0.0,0.0,1.0
39,20,1.9908993285166443,9.592810520748367,0.0,0.0,0.0,0.0,1.0,0.0
0,25,4.752747315314539,0.0,0.0,0.0,0.0,0.0,0.0,0.0
1,25,2.9417582828664712,6.709053327198919,0.0,0.0,1.0,1.0,1.0,1.0
2,25,11.62229889077052,8.780539774897367,0.0,0.0,0.0,0.0,0.0,0.0
3,25,7.809972186040222,1.1931689532505354,1.0,1.0,0.0,0.0,1.0,1.0
4,25,1.2331418876293605,10.62102350867995,0.0,0.0,0.0,1.0,0.0,1.0
5,25,8.410462142460755,11.040040112926338,0.0,0.0,0.0,0.0,0.0,1.0
6,25,1.236150240330657,8.785186414262496,1.0,0.0,1.0,0.0,0.0,0.0
7,25,8.338176037957224,4.8963629664400665,1.0,1.0,0.0,0.0,1.0,1.0
8,25,1.7229765950566092,4.571676004502214,0.0,1.0,1.0,1.0,1.0,0.0
9,25,7.12556424645005,0.8511297535872208,0.0,1.0,1.0,0.0,0.0,1.0
10,25,10.052536695376984,7.936742886223515,0.0,0.0,1.0,1.0,0.0,1.0
11,25,0.0869998507365908,0.5983627460040757,0.0,1.0,1.0,0.0,1.0,1.0
12,25,11.15119731591089,0.7788061886189602,0.0,0.0,0.0,1.0,1.0,0.0
13,25,7.513252343356678,6.9714916703751015,1.0,1.0,0.0,0.0,0.0,0.0
14,25,1.6014962092462028,4.887500235324517,0.0,0.0,1.0,0.0,0.0,0.0
15,25,7.964477162295505,2.672083277610977,0.0,0.0,1.0,0.0,1.0,0.0
16,25,7.903856360732557,2.402977755523505,1.0,1.0,0.0,1.0,0.0,1.0
17,25,9.897932381766848,11.29264354338943,1.0,0.0,0.0,0.0,1.0,0.0
18,25,3.681266469901784,4.268493870464798,1.0,1.0,0.0,0.0,1.0,0.0
19,25,8.57408324171708,9.989004589364711,0.0,0.0,0.0,0.0,1.0,0.0
20,25,4.451204698327955,10.993311734522168,0.0,0.0,1.0,0.0,1.0,1.0
21,25,5.987209645971414,1.2821636225467374,1.0,0.0,1.0,0.0,0.0,1.0
22,25,12.0,4.885758563019936,1.0,0.0,1.0,1.0,0.0,0.0
23,25,4.39269800827168,11.287736837554846,0.0,1.0,0.0,0.0,1.0,1.0
24,25,7.369693739854767,9.108807451870389,0.0,1.0,0.0,0.0,1.0,1.0
25,25,0.0209613050559062,0.3204479409765222,1.0,1.0,1.0,0.0,0.0,0.0
26,25,0.0808869722445387,5.254272822817628,1.0,1.0,0.0,0.0,0.0,0.0
27,25,1.0377154713890182,6.339143516328469,1.0,1.0,0.0,0.0,0.0,0.0
28,25,12.0,9.782304409170894,0.0,0.0,1.0,0.0,1.0,1.0
29,25,7.291057715304026,4.965891170316198,0.0,1.0,0.0,1.0,0.0,1.0
30,25,1.142722292771764,5.627472303705191,0.0,1.0,0.0,0.0,0.0,0.0
31,25,3.8607933517566737,8.415823514823094,1.0,0.0,0.0,1.0,0.0,0.0
32,25,0.1022474607680227,3.3601409564019424,1.0,0.0,1.0,1.0,0.0,1.0
33,25,2.2285479380638558,0.8524209956636735,0.0,0.0,0.0,1.0,0.0,0.0
34,25,12.0,8.408704834316474,0.0,0.0,0.0,1.0,1.0,1.0
35,25,5.308693167716871,8.823303205874735,0.0,1.0,1.0,1.0,0.0,0.0
36,25,4.945446174832422,0.6398220169617198,1.0,0.0,0.0,1.0,1.0,0.0
37,25,10.524814158607631,1.8794056252442184,1.0,0.0,1.0,0.0,1.0,1.0
38,25,3.943110879909436,11.6619917355351,1.0,0.0,1.0,0.0,0.0,1.0
39,25,1.9867705055260585,9.50103337828,0.0,0.0,0.0,0.0,1.0,0.0
0,30,4.707689363136005,0.0,0.0,0.0,0.0,0.0,0.0,0.0
1,30,2.9318986586250286,6.666362853909107,0.0,0.0,1.0,1.0,1.0,1.0
2,30,11.562379217497844,8.739133569311052,0.0,0.0,0.0,0.0,0.0,0.0
3,30,7.780073011860116,1.22400423175659,1.0,1.0,0.0,0.0,1.0,1.0
4,30,1.2732857168423692,10.556683958044893,0.0,0.0,0.0,1.0,0.0,1.0
5,30,8.537494645649362,11.048429179781287,0.0,0.0,0.0,0.0,0.0,1.0
6,30,1.258603668358421,8.763814413454945,1.0,0.0,1.0,0.0,0.0,0.0
7,30,8.325364599061547,4.849665534313364,1.0,1.0,0.0,0.0,1.0,1.0
8,30,1.6601603685294708,4.475834199078032,0.0,1.0,1.0,1.0,1.0,0.0
9,30,7.141812456556993,0.8311116586423168,0.0,1.0,1.0,0.0,0.0,1.0
10,30,10.059648707701816,7.9277275393069555,0.0,0.0,1.0,1.0,0.0,1.0
11,30,0.0996564368891708,0.5274330992251712,0.0,1.0,1.0,0.0,1.0,1.0
12,30,11.171759318858603,0.7469234814475909,0.0,0.0,0.0,1.0,1.0,0.0
13,30,7.659540955642259,6.960831459499583,1.0,1.0,0.0,0.0,0.0,0.0
14,30,1.527080602854671,4.869228803962159,0.0,0.0,1.0,0.0,0.0,0.0
15,30,7.956875146218847,2.6098958210480823,0.0,0.0,1.0,0.0,1.0,0.0
16,30,7.876540146439331,2.5081095473719994,1.0,1.0,0.0,1.0,0.0,1.0
17,30,9.897489395152668,11.294105580190523,1.0,0.0,0.0,0.0,1.0,0.0
18,30,3.603238349132985,4.3311134845031445,1.0,1.0,0.0,0.0,1.0,0.0
19,30,8.705679791014516,9.979605637980889,0.0,0.0,0.0,0.0,1.0,0.0
20,30,4.544230929711086,10.989483203407596,0.0,0.0,1.0,0.0,1.0,1.0
21,30,5.984353047285387,1.3419396646580712,1.0,0.0,1.0,0.0,0.0,1.0
22,30,12.0,4.87803508943637,1.0,0.0,1.0,1.0,0.0,0.0
23,30,4.466613335342397,11.343764152184743,0.0,1.0,0.0,0.0,1.0,1.0
24,30,7.447978074709157,9.12876789281591,0.0,1.0,0.0,0.0,1.0,1.0
25,30,0.0241548574983308,0.3736038758777532,1.0,1.0,1.0,0.0,0.0,0.0
26,30,0.0894371444279572,5.2799078525056045,1.0,1.0,0.0,0.0,0.0,0.0
27,30,1.0437008821994729,6.399277556839724,1.0,1.0,0.0,0.0,0.0,0.0
28,30,11.99888176344155,9.783371269834005,0.0,0.0,1.0,0.0,1.0,1.0
29,30,7.39068062982421,4.954838746620903,0.0,1.0,0.0,1.0,0.0,1.0
30,30,1.0924532205798765,5.607211191631757,0.0,1.0,0.0,0.0,0.0,0.0
31,30,3.832089904821749,8.510672684953594,1.0,0.0,0.0,1.0,0.0,0.0
32,30,0.1108739677533467,3.391202215647522,1.0,0.0,1.0,1.0,0.0,1.0
33,30,2.2881033756427094,0.8124369652056764,0.0,0.0,0.0,1.0,0.0,0.0
34,30,12.0,8.490461348639267,0.0,0.0,0.0,1.0,1.0,1.0
35,30,5.372165392478386,8.786822648058303,0.0,1.0,1.0,1.0,0.0,0.0
36,30,4.938468226508943,0.5561916421574267,1.0,0.0,0.0,1.0,1.0,0.0
37,30,10.429206946316343,1.8568734615698768,1.0,0.0,1.0,0.0,1.0,1.0
38,30,3.930537325340188,11.591452230980618,1.0,0.0,1.0,0.0,0.0,1.0
39,30,1.982138051846647,9.415536062349858,0.0,0.0,0.0,0.0,1.0,0.0
0,35,4.672559412015552,0.0,0.0,0.0,0.0,0.0,0.0,0.0
1,35,2.923089809414225,6.629723610769472,0.0,0.0,1.0,1.0,1.0,1.0
2,35,11.491161045335357,8.690826060852373,0.0,0.0,0.0,0.0,0.0,0.0
3,35,7.747913451649768,1.2597097632734422,1.0,1.0,0.0,0.0,1.0,1.0
4,35,1.3100100603262337,10.499374259830615,0.0,0.0,0.0,1.0,0.0,1.0
5,35,8.658815292347585,11.057973776171032,0.0,0.0,0.0,0.0,0.0,1.0
6,35,1.290820625245953,8.73287010145374,1.0,0.0,1.0,0.0,0.0,0.0
7,35,8.310551067380157,4.796585533759675,1.0,1.0,0.0,0.0,1.0,1.0
8,35,1.6070602487363796,4.3948620706602455,0.0,1.0,1.0,1.0,1.0,0.0
9,35,7.151822986962877,0.8190017514409221,0.0,1.0,1.0,0.0,0.0,1.0
10,35,10.058549547667706,7.929153249876353,0.0,0.0,1.0,1.0,0.0,1.0
11,35,0.1102570280775289,0.4627625550267832,0.0,1.0,1.0,0.0,1.0,1.0
12,35,11.200242465531444,0.7021084777725117,0.0,0.0,0.0,1.0,1.0,0.0
13,35,7.797408732447118,6.95228416189666,1.0,1.0,0.0,0.0,0.0,0.0
14,35,1.4634385915114334,4.854909155619401,0.0,0.0,1.0,0.0,0.0,0.0
15,35,7.949668471788311,2.542087436956954,0.0,0.0,1.0,0.0,1.0,0.0
16,35,7.849935149849437,2.5970705232886577,1.0,1.0,0.0,1.0,0.0,1.0
17,35,9.89313293935272,11.30847548126806,1.0,0.0,0.0,0.0,1.0,0.0
18,35,3.515697409455718,4.397586835048312,1.0,1.0,0.0,0.0,1.0,0.0
19,35,8.838755518483337,9.969811573689404,0.0,0.0,0.0,0.0,1.0,0.0
20,35,4.616988998023457,10.986443657046417,0.0,0.0,1.0,0.0,1.0,1.0
21,35,5.981811961956631,1.3965067720422972,1.0,0.0,1.0,0.0,0.0,1.0
22,35,12.0,4.873535138270928,1.0,0.0,1.0,1.0,0.0,0.0
23,35,4.535984337609827,11.398363325986454,0.0,1.0,0.0,0.0,1.0,1.0
24,35,7.525017666385049,9.149497781613476,0.0,1.0,0.0,0.0,1.0,1.0
25,35,0.0264962031962316,0.4355195920695188,1.0,1.0,1.0,0.0,0.0,0.0
26,35,0.0953934880710353,5.297858140010117,1.0,1.0,0.0,0.0,0.0,0.0
27,35,1.049133408982414,6.445024290226834,1.0,1.0,0.0,0.0,0.0,0.0
28,35,11.99826722415041,9.783953854509033,0.0,0.0,1.0,0.0,1.0,1.0
29,35,7.4817217866737025,4.947734058378924,0.0,1.0,0.0,1.0,0.0,1.0
30,35,1.0247985988297936,5.579805388202167,0.0,1.0,0.0,0.0,0.0,0.0
31,35,3.79940877190938,8.613076517227187,1.0,0.0,0.0,1.0,0.0,0.0
32,35,0.1249944282510236,3.437098331555072,1.0,0.0,1.0,1.0,0.0,1.0
33,35,2.3519353417193734,0.7719911016885364,0.0,0.0,0.0,1.0,0.0,0.0
34,35,12.0,8.54766137536473,0.0,0.0,0.0,1.0,1.0,1.0
35,35,5.421186881446255,8.76114829512724,0.0,1.0,1.0,1.0,0.0,0.0
36,35,4.933295686959841,0.4693951886048663,1.0,0.0,0.0,1.0,1.0,0.0
37,35,10.342836767280932,1.8326432411776872,1.0,0.0,1.0,0.0,1.0,1.0
38,35,3.923340849480273,11.5430428289936,1.0,0.0,1.0,0.0,0.0,1.0
39,35,1.9774218969573216,9.328434613394162,0.0,0.0,0.0,0.0,1.0,0.0
0,40,4.644997313992383,0.0,0.0,0.0,0.0,0.0,0.0,0.0
1,40,2.9136221654362853,6.588163126289914,0.0,0.0,1.0,1.0,1.0,1.0
2,40,11.389668524266906,8.623348075476734,0.0,0.0,0.0,0.0,0.0,0.0
3,40,7.720548126096629,1.2902573975908092,1.0,1.0,0.0,0.0,1.0,1.0
4,40,1.3630322958819283,10.422275365144316,0.0,0.0,0.0,1.0,0.0,1.0
5,40,8.776040255129477,11.067705049138247,0.0,0.0,0.0,0.0,0.0,1.0
6,40,1.3224550390735224,8.703533404044926,1.0,0.0,1.0,0.0,0.0,0.0
7,40,8.299491662180415,4.752999062414505,1.0,1.0,0.0,0.0,1.0,1.0
8,40,1.5521169247618574,4.31074412125999,0.0,1.0,1.0,1.0,1.0,0.0
9,40,7.165315549253973,0.8035425198214728,0.0,1.0,1.0,0.0,0.0,1.0
10,40,10.055413320575688,7.932900702514854,0.0,0.0,1.0,1.0,0.0,1.0
11,40,0.1175187564118486,0.4152285766971861,0.0,1.0,1.0,0.0,1.0,1.0
12,40,11.22420573170836,0.664314752387979,0.0,0.0,0.0,1.0,1.0,0.0
13,40,7.92253444540227,6.944707836592857,1.0,1.0,0.0,0.0,0.0,0.0
14,40,1.4018462267360057,4.842550663630272,0.0,0.0,1.0,0.0,0.0,0.0
15,40,7.940629132086263,2.460779736609492,0.0,0.0,1.0,0.0,1.0,0.0
16,40,7.822118226920665,2.6943271736274585,1.0,1.0,0.0,1.0,0.0,1.0
17,40,9.885588353989872,11.332365562285876,1.0,0.0,0.0,0.0,1.0,0.0
18,40,3.4461676078241523,4.447667492390733,1.0,1.0,0.0,0.0,1.0,0.0
19,40,8.973178674586812,9.958149362098965,0.0,0.0,0.0,0.0,1.0,0.0
20,40,4.70283508430203,10.98225990018305,0.0,0.0,1.0,0.0,1.0,1.0
21,40,5.9794557704171645,1.4441846508821157,1.0,0.0,1.0,0.0,0.0,1.0
22,40,12.0,4.869275412684527,1.0,0.0,1.0,1.0,0.0,0.0
23,40,4.593858647376672,11.44456156147278,0.0,1.0,0.0,0.0,1.0,1.0
24,40,7.611829020488916,9.17428785033439,0.0,1.0,0.0,0.0,1.0,1.0
25,40,0.0266482045584851,0.4920969272297205,1.0,1.0,1.0,0.0,0.0,0.0
26,40,0.1015102056981176,5.316882906667044,1.0,1.0,0.0,0.0,0.0,0.0
27,40,1.052498420377623,6.476091166782321,1.0,1.0,0.0,0.0,0.0,0.0
28,40,11.989508633814326,9.792462999392535,0.0,0.0,1.0,0.0,1.0,1.0
29,40,7.569435033963826,4.940633019699725,0.0,1.0,0.0,1.0,0.0,1.0
30,40,0.9426086916455994,5.54523395394523,0.0,1.0,0.0,0.0,0.0,0.0
31,40,3.769012343096128,8.715851991185191,1.0,0.0,0.0,1.0,0.0,0.0
32,40,0.1402725230177045,3.4841688363655425,1.0,0.0,1.0,1.0,0.0,1.0
33,40,2.415526109594333,0.7325299720770176,0.0,0.0,0.0,1.0,0.0,0.0
34,40,12.0,8.599678424243093,0.0,0.0,0.0,1.0,1.0,1.0
35,40,5.467278413531716,8.737308225528235,0.0,1.0,1.0,1.0,0.0,0.0
36,40,4.9286606313031855,0.3751640817755351,1.0,0.0,0.0,1.0,1.0,0.0
37,40,10.269665469869992,1.813098528618003,1.0,0.0,1.0,0.0,1.0,1.0
38,40,3.915468384971957,11.488574340825856,1.0,0.0,1.0,0.0,0.0,1.0
39,40,1.970870889711157,9.228560281918668,0.0,0.0,0.0,0.0,1.0,0.0
0,45,4.618610440595251,0.0,0.0,0.0,0.0,0.0,0.0,0.0
1,45,2.905167049432219,6.545832617596795,0.0,0.0,1.0,1.0,1.0,1.0
2,45,11.279187718031803,8.548050515828017,0.0,0.0,0.0,0.0,0.0,0.0
3,45,7.684537979561914,1.3294889857506056,1.0,1.0,0.0,0.0,1.0,1.0
4,45,1.410314772527017,10.350545518918066,0.0,0.0,0.0,1.0,0.0,1.0
5,45,8.908098222633603,11.079671770184625,0.0,0.0,0.0,0.0,0.0,1.0
6,45,1.361501915435909,8.66812793398919,1.0,0.0,1.0,0.0,0.0,0.0
7,45,8.287398206874867,4.70607837382784,1.0,1.0,0.0,0.0,1.0,1.0
8,45,1.4910288622776409,4.222345962482176,0.0,1.0,1.0,1.0,1.0,0.0
9,45,7.18259855035788,0.7840955088468726,0.0,1.0,1.0,0.0,0.0,1.0
10,45,10.049282588432956,7.940596277272605,0.0,0.0,1.0,1.0,0.0,1.0
11,45,0.1264000576643263,0.3496816746159997,0.0,1.0,1.0,0.0,1.0,1.0
12,45,11.247012075975762,0.628734410220702,0.0,0.0,0.0,1.0,1.0,0.0
13,45,8.049955190094476,6.939701259677093,1.0,1.0,0.0,0.0,0.0,0.0
14,45,1.3635510554342185,4.836495893329007,0.0,0.0,1.0,0.0,0.0,0.0
15,45,7.935056112764145,2.3734246528800496,0.0,0.0,1.0,0.0,1.0,0.0
16,45,7.79846097559537,2.773720371946125,1.0,1.0,0.0,1.0,0.0,1.0
17,45,9.864852467122503,11.391773060709106,1.0,0.0,0.0,0.0,1.0,0.0
18,45,3.3565761542006003,4.513324004801755,1.0,1.0,0.0,0.0,1.0,0.0
19,45,9.12019525421463,9.947346009059038,0.0,0.0,0.0,0.0,1.0,0.0
20,45,4.795668271038264,10.979087312667057,0.0,0.0,1.0,0.0,1.0,1.0
21,45,5.975261043089273,1.5184827811228352,1.0,0.0,1.0,0.0,0.0,1.0
22,45,12.0,4.860889794679985,1.0,0.0,1.0,1.0,0.0,0.0
23,45,4.666720592204694,11.502311100781906,0.0,1.0,0.0,0.0,1.0,1.0
24,45,7.704924878822771,9.20172764688325,0.0,1.0,0.0,0.0,1.0,1.0
25,45,0.0262700097140952,0.5694916193878876,1.0,1.0,1.0,0.0,0.0,0.0
26,45,0.1113721299035692,5.349545604700444,1.0,1.0,0.0,0.0,0.0,0.0
27,45,1.0604626054060162,6.536085077080016,1.0,1.0,0.0,0.0,0.0,0.0
28,45,11.98132439663283,9.800585206778477,0.0,0.0,1.0,0.0,1.0,1.0
29,45,7.655512801156441,4.933118683318141,0.0,1.0,0.0,1.0,0.0,1.0
30,45,0.8550475032322813,5.505670274977612,0.0,1.0,0.0,0.0,0.0,0.0
31,45,3.7296332778271344,8.84410567269419,1.0,0.0,0.0,1.0,0.0,0.0
32,45,0.1544652056929145,3.526986266753548,1.0,0.0,1.0,1.0,0.0,1.0
33,45,2.47836636044683,0.6916276702535478,0.0,0.0,0.0,1.0,0.0,0.0
34,45,12.0,8.656421638736834,0.0,0.0,0.0,1.0,1.0,1.0
35,45,5.510970597146488,8.714303303659577,0.0,1.0,1.0,1.0,0.0,0.0
36,45,4.922679399720915,0.2565327148044974,1.0,0.0,0.0,1.0,1.0,0.0
37,45,10.211332680802553,1.797303722714559,1.0,0.0,1.0,0.0,1.0,1.0
38,45,3.9093480989573695,11.450464676221433,1.0,0.0,1.0,0.0,0.0,1.0
39,45,1.9657604227615637,9.142965349289172,0.0,0.0,0.0,0.0,1.0,0.0
0,50,4.582567597623495,0.0,0.0,0.0,0.0,0.0,0.0,0.0
1,50,2.895287707643221,6.492693453071811,0.0,0.0,1.0,1.0,1.0,1.0
2,50,11.180336462281392,8.48130741278268,0.0,0.0,0.0,0.0,0.0,0.0
3,50,7.647538314992418,1.3677005869648506,1.0,1.0,0.0,0.0,1.0,1.0
4,50,1.4706849326937457,10.257738099917628,0.0,0.0,0.0,1.0,0.0,1.0
5,50,9.047064745319222,11.095009968691196,0.0,0.0,0.0,0.0,0.0,1.0
6,50,1.3933367648598018,8.639810085906708,1.0,0.0,1.0,0.0,0.0,0.0
7,50,8.27690815368105,4.666277152465706,1.0,1.0,0.0,0.0,1.0,1.0
8,50,1.446148963188395,4.157706456138253,0.0,1.0,1.0,1.0,1.0,0.0
9,50,7.203225215532757,0.7610891273930733,0.0,1.0,1.0,0.0,0.0,1.0
10,50,10.043960639592832,7.947651968859727,0.0,0.0,1.0,1.0,0.0,1.0
11,50,0.1356026645590198,0.2789785135859039,0.0,1.0,1.0,0.0,1.0,1.0
12,50,11.264787640115957,0.6015465246844391,0.0,0.0,0.0,1.0,1.0,0.0
13,50,8.193083384980227,6.930959614751366,1.0,1.0,0.0,0.0,0.0,0.0
14,50,1.3452057720573272,4.833438918270652,0.0,0.0,1.0,0.0,0.0,0.0
15,50,7.930590893689751,2.2814452754451247,0.0,0.0,1.0,0.0,1.0,0.0
16,50,7.776623885439952,2.849099225499357,1.0,1.0,0.0,1.0,0.0,1.0
17,50,9.836893027048816,11.476666490766284,1.0,0.0,0.0,0.0,1.0,0.0
18,50,3.2900017139691307,4.563918761761969,1.0,1.0,0.0,0.0,1.0,0.0
19,50,9.262202956943169,9.937602102931963,0.0,0.0,0.0,0.0,1.0,0.0
20,50,4.878860442841758,10.977301622348117,0.0,0.0,1.0,0.0,1.0,1.0
21,50,5.972227479577968,1.6194798226581586,1.0,0.0,1.0,0.0,0.0,1.0
22,50,12.0,4.854715374249604,1.0,0.0,1.0,1.0,0.0,0.0
23,50,4.756126743711371,11.572251542043768,0.0,1.0,0.0,0.0,1.0,1.0
24,50,7.797469517288323,9.229321008681357,0.0,1.0,0.0,0.0,1.0,1.0
25,50,0.0251561019267323,0.642186376196727,1.0,1.0,1.0,0.0,0.0,0.0
26,50,0.1170681859268251,5.369706265194967,1.0,1.0,0.0,0.0,0.0,0.0
27,50,1.067277433329299,6.5961005798315,1.0,1.0,0.0,0.0,0.0,0.0
28,50,11.978527779680016,9.80334847428339,0.0,0.0,1.0,0.0,1.0,1.0
29,50,7.727326511823904,4.927399090132799,0.0,1.0,0.0,1.0,0.0,1.0
30,50,0.7556157372801371,5.458419853437324,0.0,1.0,0.0,0.0,0.0,0.0
31,50,3.697784245240683,8.96743052154034,1.0,0.0,0.0,1.0,0.0,0.0
32,50,0.1641863113526291,3.5564208291848467,1.0,0.0,1.0,1.0,0.0,1.0
33,50,2.544767379589137,0.652076884059029,0.0,0.0,0.0,1.0,0.0,0.0
34,50,12.0,8.726889952879644,0.0,0.0,0.0,1.0,1.0,1.0
35,50,5.557529769796159,8.689300996614278,0.0,1.0,1.0,1.0,0.0,0.0
36,50,4.913228717155381,0.1506740007547415,1.0,0.0,0.0,1.0,1.0,0.0
37,50,10.139579198297255,1.7761488812494,1.0,0.0,1.0,0.0,1.0,1.0
38,50,3.8989888937921577,11.391657819376594,1.0,0.0,1.0,0.0,0.0,1.0
39,50,1.95946378944181,9.055300884580642,0.0,0.0,0.0,0.0,1.0,0.0
0,55,4.558496499566919,0.0,0.0,0.0,0.0,0.0,0.0,0.0
1,55,2.88435938976867,6.426780211611084,0.0,0.0,1.0,1.0,1.0,1.0
2,55,11.079785243976628,8.414674112612168,0.0,0.0,0.0,0.0,0.0,0.0
3,55,7.60851422321949,1.406599402032132,1.0,1.0,0.0,0.0,1.0,1.0
4,55,1.5231216829570535,10.180452306647412,0.0,0.0,0.0,1.0,0.0,1.0
5,55,9.177506134418516,11.114619007437202,0.0,0.0,0.0,0.0,0.0,1.0
6,55,1.4340293991914506,8.601246726268155,1.0,0.0,1.0,0.0,0.0,0.0
7,55,8.265737312640377,4.620413523381548,1.0,1.0,0.0,0.0,1.0,1.0
8,55,1.4021083344254994,4.092087897852261,0.0,1.0,1.0,1.0,1.0,0.0
9,55,7.2271416395323,0.7338243384550912,0.0,1.0,1.0,0.0,0.0,1.0
10,55,10.053114018149444,7.935754490677398,0.0,0.0,1.0,1.0,0.0,1.0
11,55,0.1458206895082308,0.1971813978285323,0.0,1.0,1.0,0.0,1.0,1.0
12,55,11.273203585025078,0.5882462223701883,0.0,0.0,0.0,1.0,1.0,0.0
13,55,8.325258686148983,6.9209787571876165,1.0,1.0,0.0,0.0,0.0,0.0
14,55,1.3042371896261062,4.826484348959279,0.0,0.0,1.0,0.0,0.0,0.0
15,55,7.927072480902524,2.2026197854346026,0.0,0.0,1.0,0.0,1.0,0.0
16,55,7.7487662447899215,2.9345442393372143,1.0,1.0,0.0,1.0,0.0,1.0
17,55,9.809920187782094,11.559143756102747,1.0,0.0,0.0,0.0,1.0,0.0
18,55,3.2128871344655665,4.622451975671712,1.0,1.0,0.0,0.0,1.0,0.0
19,55,9.387764575495204,9.927106187629796,0.0,0.0,0.0,0.0,1.0,0.0
20,55,4.970603617523111,10.97610148947153,0.0,0.0,1.0,0.0,1.0,1.0
21,55,5.969419066115701,1.7270655105225396,1.0,0.0,1.0,0.0,0.0,1.0
22,55,12.0,4.850452772204836,1.0,0.0,1.0,1.0,0.0,0.0
23,55,4.8660800407528,11.651632921007192,0.0,1.0,0.0,0.0,1.0,1.0
24,55,7.91226299606783,9.265460857971313,0.0,1.0,0.0,0.0,1.0,1.0
25,55,0.0245282881191359,0.7198853388296125,1.0,1.0,1.0,0.0,0.0,0.0
26,55,0.1200171992739549,5.380487118985219,1.0,1.0,0.0,0.0,0.0,0.0
27,55,1.0765770124330842,6.662867155331263,1.0,1.0,0.0,0.0,0.0,0.0
28,55,11.978247021933203,9.803630241908447,0.0,0.0,1.0,0.0,1.0,1.0
29,55,7.81463336511347,4.921404211250527,0.0,1.0,0.0,1.0,0.0,1.0
30,55,0.6594180721485994,5.415224269517323,0.0,1.0,0.0,0.0,0.0,0.0
31,55,3.661550769181608,9.120223598441536,1.0,0.0,0.0,1.0,0.0,0.0
32,55,0.1747553204375874,3.5883131200296168,1.0,0.0,1.0,1.0,0.0,1.0
33,55,2.623551728420144,0.6064751974167607,0.0,0.0,0.0,1.0,0.0,0.0
34,55,12.0,8.792302919360578,0.0,0.0,0.0,1.0,1.0,1.0
35,55,5.57140581589552,8.682115440259754,0.0,1.0,1.0,1.0,0.0,0.0
36,55,4.904245131213697,0.0499220323457583,1.0,0.0,0.0,1.0,1.0,0.0
37,55,10.066766996186214,1.754354333739136,1.0,0.0,1.0,0.0,1.0,1.0
38,55,3.883310403153141,11.316663275092512,1.0,0.0,1.0,0.0,0.0,1.0
39,55,1.9524058692140571,8.972032633438522,0.0,0.0,0.0,0.0,1.0,0.0
0,60,4.533736486792386,0.0,0.0,0.0,0.0,0.0,0.0,0.0
1,60,2.869440715400271,6.341510491999937,0.0,0.0,1.0,1.0,1.0,1.0
2,60,10.97400800489892,8.34461319190336,0.0,0.0,0.0,0.0,0.0,0.0
3,60,7.570293538149015,1.4424932752643338,1.0,1.0,0.0,0.0,1.0,1.0
4,60,1.5889232743815294,10.085471441229943,0.0,0.0,0.0,1.0,0.0,1.0
5,60,9.28778030440446,11.128966713673158,0.0,0.0,0.0,0.0,0.0,1.0
6,60,1.466520410364858,8.570862205114388,1.0,0.0,1.0,0.0,0.0,0.0
7,60,8.25870792604157,4.589424859658172,1.0,1.0,0.0,0.0,1.0,1.0
8,60,1.3640195824060246,4.031478345258766,0.0,1.0,1.0,1.0,1.0,0.0
9,60,7.255883738374077,0.7023661315181172,0.0,1.0,1.0,0.0,0.0,1.0
10,60,10.062675526279715,7.923656568242488,0.0,0.0,1.0,1.0,0.0,1.0
11,60,0.1529595371157635,0.1294921311470588,0.0,1.0,1.0,0.0,1.0,1.0
12,60,11.275611537642066,0.584502924645801,0.0,0.0,0.0,1.0,1.0,0.0
13,60,8.464569806982064,6.912462591364874,1.0,1.0,0.0,0.0,0.0,0.0
14,60,1.2489059229548236,4.818984933237392,0.0,0.0,1.0,0.0,0.0,0.0
15,60,7.921556595004732,2.1400572881116235,0.0,0.0,1.0,0.0,1.0,0.0
16,60,7.724342682376743,3.0123490340853065,1.0,1.0,0.0,1.0,0.0,1.0
17,60,9.781077158543798,11.65484614812917,1.0,0.0,0.0,0.0,1.0,0.0
18,60,3.136161073690246,4.677630510658553,1.0,1.0,0.0,0.0,1.0,0.0
19,60,9.530461529246638,9.91185186846871,0.0,0.0,0.0,0.0,1.0,0.0
20,60,5.058055769371807,10.976596805121778,0.0,0.0,1.0,0.0,1.0,1.0
21,60,5.963336583874218,1.8419907720446211,1.0,0.0,1.0,0.0,0.0,1.0
22,60,12.0,4.849544410607752,1.0,0.0,1.0,1.0,0.0,0.0
23,60,4.960833423147488,11.719531251668226,0.0,1.0,0.0,0.0,1.0,1.0
24,60,8.045164750758797,9.309837097494343,0.0,1.0,0.0,0.0,1.0,1.0
25,60,0.0241965896794167,0.8014312514664126,1.0,1.0,1.0,0.0,0.0,0.0
26,60,0.126332250031969,5.403540594739212,1.0,1.0,0.0,0.0,0.0,0.0
27,60,1.085040609559651,6.727319427126723,1.0,1.0,0.0,0.0,0.0,0.0
28,60,11.98659209000097,9.794840289371487,0.0,0.0,1.0,0.0,1.0,1.0
29,60,7.923091516008773,4.914138343431186,0.0,1.0,0.0,1.0,0.0,1.0
30,60,0.5828296065843767,5.380706617717663,0.0,1.0,0.0,0.0,0.0,0.0
31,60,3.618709301756837,9.29785559841978,1.0,0.0,0.0,1.0,0.0,0.0
32,60,0.1868014542647405,3.623327049508221,1.0,0.0,1.0,1.0,0.0,1.0
33,60,2.703484768803237,0.5622864663916084,0.0,0.0,0.0,1.0,0.0,0.0
34,60,12.0,8.847357916503256,0.0,0.0,0.0,1.0,1.0,1.0
35,60,5.587115157721171,8.67400917569066,0.0,1.0,1.0,1.0,0.0,0.0
36,60,4.894535831200368,0.0,1.0,0.0,0.0,1.0,1.0,0.0
37,60,9.97299879722962,1.7221223571915183,1.0,0.0,1.0,0.0,1.0,1.0
38,60,3.869502356696251,11.245752715960805,1.0,0.0,1.0,0.0,0.0,1.0
39,60,1.945836377160478,8.90210818303068,0.0,0.0,0.0,0.0,1.0,0.0
0,65,4.504332085461984,0.0,0.0,0.0,0.0,0.0,0.0,0.0
1,65,2.8538393692094965,6.245578141693659,0.0,0.0,1.0,1.0,1.0,1.0
2,65,10.881146847512913,8.284127060760236,0.0,0.0,0.0,0.0,0.0,0.0
3,65,7.534060938453284,1.4759996377876992,1.0,1.0,0.0,0.0,1.0,1.0
4,65,1.6654570832793938,9.9732593396346,0.0,0.0,0.0,1.0,0.0,1.0
5,65,9.403062163497014,11.14502542748286,0.0,0.0,0.0,0.0,0.0,1.0
6,65,1.50541357088454,8.534827321101158,1.0,0.0,1.0,0.0,0.0,0.0
7,65,8.245853826515992,4.529154884559165,1.0,1.0,0.0,0.0,1.0,1.0
8,65,1.3358536475317428,3.984068725048656,0.0,1.0,1.0,1.0,1.0,0.0
9,65,7.283715785543546,0.6712655452342543,0.0,1.0,1.0,0.0,0.0,1.0
10,65,10.074105526376906,7.909728533570399,0.0,0.0,1.0,1.0,0.0,1.0
11,65,0.157496852373899,0.0844869955920317,0.0,1.0,1.0,0.0,1.0,1.0
12,65,11.271312205494237,0.5910097205939316,0.0,0.0,0.0,1.0,1.0,0.0
13,65,8.586142036385397,6.904583377339612,1.0,1.0,0.0,0.0,0.0,0.0
14,65,1.1838932918349263,4.810841943169497,0.0,0.0,1.0,0.0,0.0,0.0
15,65,7.918724630245882,2.104050026201593,0.0,0.0,1.0,0.0,1.0,0.0
16,65,7.695646981738024,3.1013868947989094,1.0,1.0,0.0,1.0,0.0,1.0
17,65,9.746023715612711,11.767691347885163,1.0,0.0,0.0,0.0,1.0,0.0
18,65,3.0765859393612955,4.721554563958838,1.0,1.0,0.0,0.0,1.0,0.0
19,65,9.670403329605794,9.896783148467764,0.0,0.0,0.0,0.0,1.0,0.0
20,65,5.17074120637781,10.97492367966605,0.0,0.0,1.0,0.0,1.0,1.0
21,65,5.957577332348135,1.9647641595079663,1.0,0.0,1.0,0.0,0.0,1.0
22,65,12.0,4.849419031144218,1.0,0.0,1.0,1.0,0.0,0.0
23,65,5.040482615700254,11.78185393456205,0.0,1.0,0.0,0.0,1.0,1.0
24,65,8.181912868598392,9.361510935856822,0.0,1.0,0.0,0.0,1.0,1.0
25,65,0.0231799913974396,0.881044685999092,1.0,1.0,1.0,0.0,0.0,0.0
26,65,0.1331742994542542,5.427714000938108,1.0,1.0,0.0,0.0,0.0,0.0
27,65,1.091041088828976,6.775815510860086,1.0,1.0,0.0,0.0,0.0,0.0
28,65,11.990780733931487,9.790545265670088,0.0,0.0,1.0,0.0,1.0,1.0
29,65,8.033453653138663,4.908617575394314,0.0,1.0,0.0,1.0,0.0,1.0
30,65,0.5225025097398587,5.354655284724821,0.0,1.0,0.0,0.0,0.0,0.0
31,65,3.577407915988381,9.458550403266951,1.0,0.0,0.0,1.0,0.0,0.0
32,65,0.1898539642989092,3.6323099537699592,1.0,0.0,1.0,1.0,0.0,1.0
33,65,2.791397073956578,0.5119518349293476,0.0,0.0,0.0,1.0,0.0,0.0
34,65,12.0,8.908136821323795,0.0,0.0,0.0,1.0,1.0,1.0
35,65,5.613903710987418,8.66023315885096,0.0,1.0,1.0,1.0,0.0,0.0
36,65,4.888075665037631,0.0,1.0,0.0,0.0,1.0,1.0,0.0
37,65,9.877991023182302,1.6891111920564208,1.0,0.0,1.0,0.0,1.0,1.0
38,65,3.851880602297012,11.151512857826766,1.0,0.0,1.0,0.0,0.0,1.0
39,65,1.941402885378977,8.849577650367628,0.0,0.0,0.0,0.0,1.0,0.0
0,70,4.510390851738336,0.0,0.0,0.0,0.0,0.0,0.0,0.0
1,70,2.8402566712369937,6.176114181381068,0.0,0.0,1.0,1.0,1.0,1.0
2,70,10.771236716774146,8.21289861194905,0.0,0.0,0.0,0.0,0.0,0.0
3,70,7.518121521677803,1.4903338739372456,1.0,1.0,0.0,0.0,1.0,1.0
4,70,1.7480059041382603,9.850983385041529,0.0,0.0,0.0,1.0,0.0,1.0
5,70,9.516161438113835,11.157742272616796,0.0,0.0,0.0,0.0,0.0,1.0
6,70,1.5368599627406718,8.506120293417059,1.0,0.0,1.0,0.0,0.0,0.0
7,70,8.235788758328765,4.458360013223798,1.0,1.0,0.0,0.0,1.0,1.0
8,70,1.316369133262728,3.949831033249496,0.0,1.0,1.0,1.0,1.0,0.0
9,70,7.304647796158812,0.6500864940638875,0.0,1.0,1.0,0.0,0.0,1.0
10,70,10.08768252864406,7.892935623570576,0.0,0.0,1.0,1.0,0.0,1.0
11,70,0.1606822467225693,0.0456103797248966,0.0,1.0,1.0,0.0,1.0,1.0
12,70,11.257876006064093,0.6122387637517925,0.0,0.0,0.0,1.0,1.0,0.0
13,70,8.700198373396596,6.90135962323119,1.0,1.0,0.0,0.0,0.0,0.0
14,70,1.1015710144659954,4.7988622453577365,0.0,0.0,1.0,0.0,0.0,0.0
15,70,7.915734192184234,2.073370183307812,0.0,0.0,1.0,0.0,1.0,0.0
16,70,7.667074769522604,3.185299404237101,1.0,1.0,0.0,1.0,0.0,1.0
17,70,9.714441123419183,11.871377820030457,1.0,0.0,0.0,0.0,1.0,0.0
18,70,3.015868538803977,4.767418352596565,1.0,1.0,0.0,0.0,1.0,0.0
19,70,9.808739224297367,9.881587347821757,0.0,0.0,0.0,0.0,1.0,0.0
20,70,5.285515163049371,10.972069824467232,0.0,0.0,1.0,0.0,1.0,1.0
21,70,5.952909080614009,2.0837436832751526,1.0,0.0,1.0,0.0,0.0,1.0
22,70,11.972437839786735,4.85373110128266,1.0,0.0,1.0,1.0,0.0,0.0
23,70,5.122015958812511,11.845666122086524,0.0,1.0,0.0,0.0,1.0,1.0
24,70,8.33722668887905,9.418815545323415,0.0,1.0,0.0,0.0,1.0,1.0
25,70,0.0229188959076923,0.9642481458835712,1.0,1.0,1.0,0.0,0.0,0.0
26,70,0.1359742689208531,5.43761152879177,1.0,1.0,0.0,0.0,0.0,0.0
27,70,1.0965813726631382,6.8235571590448165,1.0,1.0,0.0,0.0,0.0,0.0
28,70,12.0,9.77875252270661,0.0,0.0,1.0,0.0,1.0,1.0
29,70,8.153105708916417,4.905283852212241,0.0,1.0,0.0,1.0,0.0,1.0
30,70,0.4597655254533121,5.328394339860416,0.0,1.0,0.0,0.0,0.0,0.0
31,70,3.541390296636634,9.62823863069678,1.0,0.0,0.0,1.0,0.0,0.0
32,70,0.1909471952518147,3.6355502070673538,1.0,0.0,1.0,1.0,0.0,1.0
33,70,2.904145230415628,0.4460882833768109,0.0,0.0,0.0,1.0,0.0,0.0
34,70,11.93325563718991,8.935079262914485,0.0,0.0,0.0,1.0,1.0,1.0
35,70,5.644460355076742,8.645352830647964,0.0,1.0,1.0,1.0,0.0,0.0
36,70,4.882491752407884,0.0,1.0,0.0,0.0,1.0,1.0,0.0
37,70,9.781454171963436,1.6548998275300042,1.0,0.0,1.0,0.0,1.0,1.0
38,70,3.833346767609103,11.059166691067183,1.0,0.0,1.0,0.0,0.0,1.0
39,70,1.937221172427268,8.802125582919212,0.0,0.0,0.0,0.0,1.0,0.0
0,75,4.518802471189774,0.0,0.0,0.0,0.0,0.0,0.0,0.0
1,75,2.829756696928422,6.120662251442126,0.0,0.0,1.0,1.0,1.0,1.0
2,75,10.687716966257629,8.157217787437817,0.0,0.0,0.0,0.0,0.0,0.0
3,75,7.494391769480445,1.5114411860947088,1.0,1.0,0.0,0.0,1.0,1.0
4,75,1.8242542859983308,9.736260479851476,0.0,0.0,0.0,1.0,0.0,1.0
5,75,9.620650320803652,11.173635202045404,0.0,0.0,0.0,0.0,0.0,1.0
6,75,1.557432210115373,8.487551703094601,1.0,0.0,1.0,0.0,0.0,0.0
7,75,8.295276376615085,4.4499817705926334,1.0,1.0,0.0,0.0,1.0,1.0
8,75,1.2922278737724733,3.904588454830823,0.0,1.0,1.0,1.0,1.0,0.0
9,75,7.32507826042956,0.6294099282478606,0.0,1.0,1.0,0.0,0.0,1.0
10,75,10.107840051053762,7.866950904980404,0.0,0.0,1.0,1.0,0.0,1.0
11,75,0.164921831255806,0.0,0.0,1.0,1.0,0.0,1.0,1.0
12,75,11.219498669517124,0.6710456553696704,0.0,0.0,0.0,1.0,1.0,0.0
13,75,8.817882078794716,6.897748227484123,1.0,1.0,0.0,0.0,0.0,0.0
14,75,1.002379187611823,4.7852832908506215,0.0,0.0,1.0,0.0,0.0,0.0
15,75,7.912974063047355,2.0484326950006464,0.0,0.0,1.0,0.0,1.0,0.0
16,75,7.636602134212965,3.273665972892457,1.0,1.0,0.0,1.0,0.0,1.0
17,75,9.669952279696677,12.0,1.0,0.0,0.0,0.0,1.0,0.0
18,75,2.9684995009256205,4.703544236696986,1.0,1.0,0.0,0.0,1.0,0.0
19,75,9.927369689414515,9.872279731022642,0.0,0.0,0.0,0.0,1.0,0.0
20,75,5.384148773343667,10.969470988590976,0.0,0.0,1.0,0.0,1.0,1.0
21,75,5.945605415757983,2.2115787775646503,1.0,0.0,1.0,0.0,0.0,1.0
22,75,11.970159891675218,4.835677784526818,1.0,0.0,1.0,1.0,0.0,0.0
23,75,5.208510579439172,11.915226432813125,0.0,1.0,0.0,0.0,1.0,1.0
24,75,8.482856900835102,9.468340960433448,0.0,1.0,0.0,0.0,1.0,1.0
25,75,0.0231017544454477,1.0413751749704956,1.0,1.0,1.0,0.0,0.0,0.0
26,75,0.1307560405555944,5.419459926014055,1.0,1.0,0.0,0.0,0.0,0.0
27,75,1.103467036141338,6.879816391755563,1.0,1.0,0.0,0.0,0.0,0.0
28,75,12.0,9.740422095529045,0.0,0.0,1.0,0.0,1.0,1.0
29,75,8.283363217585949,4.90138185916874,0.0,1.0,0.0,1.0,0.0,1.0
30,75,0.4086929508371147,5.305385568580168,0.0,1.0,0.0,0.0,0.0,0.0
31,75,3.502788394704274,9.815908660542137,1.0,0.0,0.0,1.0,0.0,0.0
32,75,0.1831927965263861,3.611645579426773,1.0,0.0,1.0,1.0,0.0,1.0
33,75,3.0158082545247846,0.3867926971552019,0.0,0.0,0.0,1.0,0.0,0.0
34,75,11.897996922020504,8.949026677387923,0.0,0.0,0.0,1.0,1.0,1.0
35,75,5.66702222111873,8.634135298260745,0.0,1.0,1.0,1.0,0.0,0.0
36,75,4.875570543491601,0.0,1.0,0.0,0.0,1.0,1.0,0.0
37,75,9.68599587884811,1.620826937816514,1.0,0.0,1.0,0.0,1.0,1.0
38,75,3.817111974738213,10.97650238049814,1.0,0.0,1.0,0.0,0.0,1.0
39,75,1.9283338381255588,8.72069042787293,0.0,0.0,0.0,0.0,1.0,0.0
0,80,4.526454739523224,0.0,0.0,0.0,0.0,0.0,0.0,0.0
1,80,2.821379516811334,6.075519370403507,0.0,0.0,1.0,1.0,1.0,1.0
2,80,10.59984544481094,8.098008769822108,0.0,0.0,0.0,0.0,0.0,0.0
3,80,7.466385906525781,1.5369647403240851,1.0,1.0,0.0,0.0,1.0,1.0
4,80,1.9012244231432065,9.61732004190908,0.0,0.0,0.0,1.0,0.0,1.0
5,80,9.716914153780632,11.185119807135951,0.0,0.0,0.0,0.0,0.0,1.0
6,80,1.5748432081056252,8.471896142424699,1.0,0.0,1.0,0.0,0.0,0.0
7,80,8.37436889822252,4.438528767542215,1.0,1.0,0.0,0.0,1.0,1.0
8,80,1.273773324669552,3.871383211450733,0.0,1.0,1.0,1.0,1.0,0.0
9,80,7.329986361722994,0.6243737786221896,0.0,1.0,1.0,0.0,0.0,1.0
10,80,10.138737268687567,7.829529492649621,0.0,0.0,1.0,1.0,0.0,1.0
11,80,0.1694537851523467,0.0,0.0,1.0,1.0,0.0,1.0,1.0
12,80,11.166272492180704,0.7444539914441815,0.0,0.0,0.0,1.0,1.0,0.0
13,80,8.927871892739837,6.892013511472259,1.0,1.0,0.0,0.0,0.0,0.0
14,80,0.9104170558286124,4.774562981206353,0.0,0.0,1.0,0.0,0.0,0.0
15,80,7.907951883211142,2.008954101795095,0.0,0.0,1.0,0.0,1.0,0.0
16,80,7.608397609786417,3.3585223108763995,1.0,1.0,0.0,1.0,0.0,1.0
17,80,9.623741988807868,12.0,1.0,0.0,0.0,0.0,1.0,0.0
18,80,2.9194713975918485,4.639934100094352,1.0,1.0,0.0,0.0,1.0,0.0
19,80,10.039267506708264,9.863717373185684,0.0,0.0,0.0,0.0,1.0,0.0
20,80,5.465861815529871,10.966571642696394,0.0,0.0,1.0,0.0,1.0,1.0
21,80,5.940028346383222,2.372162307636802,1.0,0.0,1.0,0.0,0.0,1.0
22,80,11.970450908422638,4.838171557690176,1.0,0.0,1.0,1.0,0.0,0.0
23,80,5.301241338850685,11.989143767460224,0.0,1.0,0.0,0.0,1.0,1.0
24,80,8.641359352828333,9.518429036253076,0.0,1.0,0.0,0.0,1.0,1.0
25,80,0.0251772536237109,1.1226396147710218,1.0,1.0,1.0,0.0,0.0,0.0
26,80,0.1267586234108683,5.404295885418307,1.0,1.0,0.0,0.0,0.0,0.0
27,80,1.1080878326386931,6.919267388950314,1.0,1.0,0.0,0.0,0.0,0.0
28,80,12.0,9.69647087983286,0.0,0.0,1.0,0.0,1.0,1.0
29,80,8.4003685404288,4.893480937050735,0.0,1.0,0.0,1.0,0.0,1.0
30,80,0.3550846343288972,5.284374898046006,0.0,1.0,0.0,0.0,0.0,0.0
31,80,3.458715285889185,10.00465100014167,1.0,0.0,0.0,1.0,0.0,0.0
32,80,0.1783681625036566,3.5953680714869174,1.0,0.0,1.0,1.0,0.0,1.0
33,80,3.143285577401361,0.3211049093727545,0.0,0.0,0.0,1.0,0.0,0.0
34,80,11.863884093821031,8.963164888433607,0.0,0.0,0.0,1.0,1.0,1.0
35,80,5.70443899031824,8.615892881642381,0.0,1.0,1.0,1.0,0.0,0.0
36,80,4.869405469388755,0.0,1.0,0.0,0.0,1.0,1.0,0.0
37,80,9.57271772385185,1.5815872962214808,1.0,0.0,1.0,0.0,1.0,1.0
38,80,3.7967974157192583,10.87297151512369,1.0,0.0,1.0,0.0,0.0,1.0
39,80,1.9207984636844295,8.64349451406006,0.0,0.0,0.0,0.0,1.0,0.0
0,85,4.533033110369331,0.0,0.0,0.0,0.0,0.0,0.0,0.0
1,85,2.8152274507705526,6.041445990516334,0.0,0.0,1.0,1.0,1.0,1.0
2,85,10.497361016084811,8.027040261007485,0.0,0.0,0.0,0.0,0.0,0.0
3,85,7.450767336491824,1.5511471131334245,1.0,1.0,0.0,0.0,1.0,1.0
4,85,1.9768279957075587,9.500877718925194,0.0,0.0,0.0,1.0,0.0,1.0
5,85,9.791901570076218,11.196103300800022,0.0,0.0,0.0,0.0,0.0,1.0
6,85,1.5942516409155738,8.454747398319892,1.0,0.0,1.0,0.0,0.0,0.0
7,85,8.44728545645074,4.427514604706941,1.0,1.0,0.0,0.0,1.0,1.0
8,85,1.2528377607706445,3.8317554983649056,0.0,1.0,1.0,1.0,1.0,0.0
9,85,7.34701711217001,0.6066682417196991,0.0,1.0,1.0,0.0,0.0,1.0
10,85,10.16758709851749,7.794283871056683,0.0,0.0,1.0,1.0,0.0,1.0
11,85,0.173689805944697,0.0,0.0,1.0,1.0,0.0,1.0,1.0
12,85,11.111603637373625,0.8252410540968913,0.0,0.0,0.0,1.0,1.0,0.0
13,85,9.033799952163882,6.886798100600827,1.0,1.0,0.0,0.0,0.0,0.0
14,85,0.8146754296301328,4.764843107919557,0.0,0.0,1.0,0.0,0.0,0.0
15,85,7.906620010257932,1.998205196205162,0.0,0.0,1.0,0.0,1.0,0.0
16,85,7.586595334392058,3.4234546005657704,1.0,1.0,0.0,1.0,0.0,1.0
17,85,9.574332501843855,12.0,1.0,0.0,0.0,0.0,1.0,0.0
18,85,2.871550760310161,4.576347808440115,1.0,1.0,0.0,0.0,1.0,0.0
19,85,10.132003538213198,9.85637300936097,0.0,0.0,0.0,0.0,1.0,0.0
20,85,5.552862653388648,10.964729503523714,0.0,0.0,1.0,0.0,1.0,1.0
21,85,5.932758256360237,2.5249021511057173,1.0,0.0,1.0,0.0,0.0,1.0
22,85,11.967778350303826,4.816473972506609,1.0,0.0,1.0,1.0,0.0,0.0
23,85,5.39404369157539,12.0,0.0,1.0,0.0,0.0,1.0,1.0
24,85,8.794623754413646,9.56343224655433,0.0,1.0,0.0,0.0,1.0,1.0
25,85,0.0253784797130562,1.1940261634817646,1.0,1.0,1.0,0.0,0.0,0.0
26,85,0.1206761417818504,5.381388687477344,1.0,1.0,0.0,0.0,0.0,0.0
27,85,1.1140459596083825,6.968286576201937,1.0,1.0,0.0,0.0,0.0,0.0
28,85,12.0,9.657234957127324,0.0,0.0,1.0,0.0,1.0,1.0
29,85,8.502293982514653,4.888334794825266,0.0,1.0,0.0,1.0,0.0,1.0
30,85,0.2835350195127436,5.259031384148829,0.0,1.0,0.0,0.0,0.0,0.0
31,85,3.64332137986849,10.042824291187452,1.0,0.0,0.0,1.0,0.0,0.0
32,85,0.1700380973463803,3.5681436187535813,1.0,0.0,1.0,1.0,0.0,1.0
33,85,3.273015559314601,0.2537451159717698,0.0,0.0,0.0,1.0,0.0,0.0
34,85,11.835173175284655,8.975716653821515,0.0,0.0,0.0,1.0,1.0,1.0
35,85,5.745263678238843,8.596618808811831,0.0,1.0,1.0,1.0,0.0,0.0
36,85,4.8633563227555765,0.0,1.0,0.0,0.0,1.0,1.0,0.0
37,85,9.438926056343208,1.537500762653002,1.0,0.0,1.0,0.0,1.0,1.0
38,85,3.779378758710557,10.787202949291348,1.0,0.0,1.0,0.0,0.0,1.0
39,85,1.913690371289185,8.578372565095696,0.0,0.0,0.0,0.0,1.0,0.0
0,90,4.539209364281354,0.0,0.0,0.0,0.0,0.0,0.0,0.0
1,90,2.805762715348409,5.985190084392027,0.0,0.0,1.0,1.0,1.0,1.0
2,90,10.401158613181323,7.957123054831772,0.0,0.0,0.0,0.0,0.0,0.0
3,90,7.441944906372688,1.5591769260424135,1.0,1.0,0.0,0.0,1.0,1.0
4,90,2.045223648661594,9.391063496995343,0.0,0.0,0.0,1.0,0.0,1.0
5,90,9.864825437576808,11.2056132654133,0.0,0.0,0.0,0.0,0.0,1.0
6,90,1.6396650213655024,8.412370502597343,1.0,0.0,1.0,0.0,0.0,0.0
7,90,8.509659634302716,4.419111349019472,1.0,1.0,0.0,0.0,1.0,1.0
8,90,1.232924167320547,3.7935526470339807,0.0,1.0,1.0,1.0,1.0,0.0
9,90,7.3679542032689085,0.5859805563610184,0.0,1.0,1.0,0.0,0.0,1.0
10,90,10.21273501872188,7.736025929975767,0.0,0.0,1.0,1.0,0.0,1.0
11,90,0.1787613573075017,0.0,0.0,1.0,1.0,0.0,1.0,1.0
12,90,11.058159756313424,0.8986840504633601,0.0,0.0,0.0,1.0,1.0,0.0
13,90,9.14572822509908,6.884761554608706,1.0,1.0,0.0,0.0,0.0,0.0
14,90,0.7323679840279689,4.755845242683024,0.0,0.0,1.0,0.0,0.0,0.0
15,90,7.90095317411844,1.9578574258186876,0.0,0.0,1.0,0.0,1.0,0.0
16,90,7.568361263164442,3.473649560969517,1.0,1.0,0.0,1.0,0.0,1.0
17,90,9.520995021422678,12.0,1.0,0.0,0.0,0.0,1.0,0.0
18,90,2.8222031877400524,4.512294719663134,1.0,1.0,0.0,0.0,1.0,0.0
19,90,10.201820010303322,9.84950055081897,0.0,0.0,0.0,0.0,1.0,0.0
20,90,5.6461339346176,10.96235762634255,0.0,0.0,1.0,0.0,1.0,1.0
21,90,5.924815859158676,2.67110482768252,1.0,0.0,1.0,0.0,0.0,1.0
22,90,11.96406345082821,4.776059658643826,1.0,0.0,1.0,1.0,0.0,0.0
23,90,5.481370287622125,12.0,0.0,1.0,0.0,0.0,1.0,1.0
24,90,8.9374225685864,9.605744307689898,0.0,1.0,0.0,0.0,1.0,1.0
25,90,0.0279727564148087,1.2741734346589335,1.0,1.0,1.0,0.0,0.0,0.0
26,90,0.1124561171491456,5.348659495428865,1.0,1.0,0.0,0.0,0.0,0.0
27,90,1.1204051798759191,7.027323799931063,1.0,1.0,0.0,0.0,0.0,0.0
28,90,12.0,9.622448958320495,0.0,0.0,1.0,0.0,1.0,1.0
29,90,8.617884128145938,4.883336613178084,0.0,1.0,0.0,1.0,0.0,1.0
30,90,0.2115497192576162,5.233583675292092,0.0,1.0,0.0,0.0,0.0,0.0
31,90,3.838141947998953,10.08408935321531,1.0,0.0,0.0,1.0,0.0,0.0
32,90,0.1594975317980173,3.534014406201592,1.0,0.0,1.0,1.0,0.0,1.0
33,90,3.395758733121995,0.1900188307957119,0.0,0.0,0.0,1.0,0.0,0.0
34,90,11.815197071150449,8.984925268546656,0.0,0.0,0.0,1.0,1.0,1.0
35,90,5.773491210972557,8.583153343550455,0.0,1.0,1.0,1.0,0.0,0.0
36,90,4.855052935359164,0.0,1.0,0.0,0.0,1.0,1.0,0.0
37,90,9.325785121387382,1.4976291001544573,1.0,0.0,1.0,0.0,1.0,1.0
38,90,3.7601001379454297,10.704636922965802,1.0,0.0,1.0,0.0,0.0,1.0
39,90,1.908091258651342,8.52705390251053,0.0,0.0,0.0,0.0,1.0,0.0
0,95,4.548274921452702,0.0,0.0,0.0,0.0,0.0,0.0,0.0
1,95,2.794352272030716,5.911726870232272,0.0,0.0,1.0,1.0,1.0,1.0
2,95,10.280538963048258,7.870171749880097,0.0,0.0,0.0,0.0,0.0,0.0
3,95,7.420004909316948,1.580381052897747,1.0,1.0,0.0,0.0,1.0,1.0
4,95,2.1162822636713376,9.28505198656332,0.0,0.0,0.0,1.0,0.0,1.0
5,95,9.951721995308722,11.216116381995256,0.0,0.0,0.0,0.0,0.0,1.0
6,95,1.692995105382435,8.36405999127807,1.0,0.0,1.0,0.0,0.0,0.0
7,95,8.582937536931508,4.409169856520304,1.0,1.0,0.0,0.0,1.0,1.0
8,95,1.2153418037154573,3.759486855140104,0.0,1.0,1.0,1.0,1.0,0.0
9,95,7.398558215124806,0.5559351861398474,0.0,1.0,1.0,0.0,0.0,1.0
10,95,10.25501843074469,7.681816901346051,0.0,0.0,1.0,1.0,0.0,1.0
11,95,0.1850047476124217,0.0,0.0,1.0,1.0,0.0,1.0,1.0
12,95,10.994914268397933,0.9886149436057624,0.0,0.0,0.0,1.0,1.0,0.0
13,95,9.25949847016665,6.8847512707808445,1.0,1.0,0.0,0.0,0.0,0.0
14,95,0.6164452289434863,4.742752514050262,0.0,0.0,1.0,0.0,0.0,0.0
15,95,7.898225354143975,1.9395609426520284,0.0,0.0,1.0,0.0,1.0,0.0
16,95,7.546752260358937,3.5316059359175944,1.0,1.0,0.0,1.0,0.0,1.0
17,95,9.46824825835873,12.0,1.0,0.0,0.0,0.0,1.0,0.0
18,95,2.769111835704761,4.441712816235438,1.0,1.0,0.0,0.0,1.0,0.0
19,95,10.249576514815915,9.844101224519717,0.0,0.0,0.0,0.0,1.0,0.0
20,95,5.730759583213271,10.958555701027866,0.0,0.0,1.0,0.0,1.0,1.0
21,95,5.914786178188943,2.8373707130172723,1.0,0.0,1.0,0.0,0.0,1.0
22,95,11.959951481759598,4.733766644823207,1.0,0.0,1.0,1.0,0.0,0.0
23,95,5.579736244814145,12.0,0.0,1.0,0.0,0.0,1.0,1.0
24,95,9.097185589492993,9.653393258746153,0.0,1.0,0.0,0.0,1.0,1.0
25,95,0.0302451520769814,1.343564112970435,1.0,1.0,1.0,0.0,0.0,0.0
26,95,0.1029121718888356,5.307977558499891,1.0,1.0,0.0,0.0,0.0,0.0
27,95,1.1270590537619098,7.081881540474179,1.0,1.0,0.0,0.0,0.0,0.0
28,95,12.0,9.588165606972789,0.0,0.0,1.0,0.0,1.0,1.0
29,95,8.718805856608647,4.877481849173186,0.0,1.0,0.0,1.0,0.0,1.0
30,95,0.1426862659998073,5.20956786411958,0.0,1.0,0.0,0.0,0.0,0.0
31,95,4.020128719447789,10.123761797165487,1.0,0.0,0.0,1.0,0.0,0.0
32,95,0.1487996985469706,3.503360961291053,1.0,0.0,1.0,1.0,0.0,1.0
33,95,3.5190883008047384,0.1248106704453341,0.0,0.0,0.0,1.0,0.0,0.0
34,95,11.767134220735525,9.007302247443867,0.0,0.0,0.0,1.0,1.0,1.0
35,95,5.807554010907124,8.566948187920557,0.0,1.0,1.0,1.0,0.0,0.0
36,95,4.849385052202906,0.0,1.0,0.0,0.0,1.0,1.0,0.0
37,95,9.223545095134716,1.4596606434961463,1.0,0.0,1.0,0.0,1.0,1.0
38,95,3.743381785546853,10.63136052470986,1.0,0.0,1.0,0.0,0.0,1.0
39,95,1.900990536405896,8.47277566767754,0.0,0.0,0.0,0.0,1.0,0.0
0,100,4.551551996267415,0.0,0.0,0.0,0.0,0.0,0.0,0.0
1,100,2.7837603057856,5.847467678965949,0.0,0.0,1.0,1.0,1.0,1.0
2,100,10.17086199413062,7.789295289168654,0.0,0.0,0.0,0.0,0.0,0.0
3,100,7.394869275657524,1.6043691716326167,1.0,1.0,0.0,0.0,1.0,1.0
4,100,2.198233087196088,9.15826597519439,0.0,0.0,0.0,1.0,0.0,1.0
5,100,10.043220106719712,11.226146841841,0.0,0.0,0.0,0.0,0.0,1.0
6,100,1.7320256237085676,8.326823898455826,1.0,0.0,1.0,0.0,0.0,0.0
7,100,8.662428536146335,4.397037814420525,1.0,1.0,0.0,0.0,1.0,1.0
8,100,1.194280920273029,3.7191637592127873,0.0,1.0,1.0,1.0,1.0,0.0
9,100,7.430219979611635,0.5251698275230596,0.0,1.0,1.0,0.0,0.0,1.0
10,100,10.295216050417922,7.629928400534704,0.0,0.0,1.0,1.0,0.0,1.0
11,100,0.190834549813327,0.0,0.0,1.0,1.0,0.0,1.0,1.0
12,100,10.933452702864193,1.0835661193843065,0.0,0.0,0.0,1.0,1.0,0.0
13,100,9.258450778908625,6.76011750661625,1.0,1.0,0.0,0.0,0.0,0.0
14,100,0.4980530248275377,4.729923232673186,0.0,0.0,1.0,0.0,0.0,0.0
15,100,7.897783391536798,1.936756453621732,0.0,0.0,1.0,0.0,1.0,0.0
16,100,7.522505669964493,3.595081963228305,1.0,1.0,0.0,1.0,0.0,1.0
17,100,9.40963169065884,12.0,1.0,0.0,0.0,0.0,1.0,0.0
18,100,2.725222248022579,4.382925441024183,1.0,1.0,0.0,0.0,1.0,0.0
19,100,10.242395509824002,9.780305175405395,0.0,0.0,0.0,0.0,1.0,0.0
20,100,5.83763656142356,10.95258231807047,0.0,0.0,1.0,0.0,1.0,1.0
21,100,5.905272653085841,3.0035525706968027,1.0,0.0,1.0,0.0,0.0,1.0
22,100,11.955427288613636,4.69240899601622,1.0,0.0,1.0,1.0,0.0,0.0
23,100,5.669966464401193,12.0,0.0,1.0,0.0,0.0,1.0,1.0
24,100,9.254209447056471,9.702599128258887,0.0,1.0,0.0,0.0,1.0,1.0
25,100,0.0329453419417261,1.4073594683418955,1.0,1.0,1.0,0.0,0.0,0.0
26,100,0.0954160167456699,5.275708182916013,1.0,1.0,0.0,0.0,0.0,0.0
27,100,1.1326564012452802,7.134950887324686,1.0,1.0,0.0,0.0,0.0,0.0
28,100,12.0,9.54421823283226,0.0,0.0,1.0,0.0,1.0,1.0
29,100,8.82776926742839,4.87282886717797,0.0,1.0,0.0,1.0,0.0,1.0
30,100,0.0932711221094308,5.192964593175145,0.0,1.0,0.0,0.0,0.0,0.0
31,100,4.224636867261634,10.174250234342155,1.0,0.0,0.0,1.0,0.0,0.0
32,100,0.1427972418634159,3.484513243683294,1.0,0.0,1.0,1.0,0.0,1.0
33,100,3.642336574852248,0.0615267861529138,0.0,0.0,0.0,1.0,0.0,0.0
34,100,11.714458665291684,9.03254391652233,0.0,0.0,0.0,1.0,1.0,1.0
35,100,5.84387348632594,8.548799321391376,0.0,1.0,1.0,1.0,0.0,0.0
36,100,4.843181104048271,0.0,1.0,0.0,0.0,1.0,1.0,0.0
37,100,9.12308762904674,1.4215318211864345,1.0,0.0,1.0,0.0,1.0,1.0
38,100,3.729169058436888,10.569348992925296,1.0,0.0,1.0,0.0,0.0,1.0
39,100,1.8975405186463816,8.438759057572376,0.0,0.0,0.0,0.0,1.0,0.0
0,105,4.5525994612966025,0.0,0.0,0.0,0.0,0.0,0.0,0.0
1,105,2.732164853700179,5.855259850143115,0.0,0.0,1.0,1.0,1.0,1.0
2,105,10.05333582296936,7.704048286590443,0.0,0.0,0.0,0.0,0.0,0.0
3,105,7.358572775043966,1.6382331374160533,1.0,1.0,0.0,0.0,1.0,1.0
4,105,2.2887528111987185,9.020366451695487,0.0,0.0,0.0,1.0,0.0,1.0
5,105,10.145648437579515,11.237332593785512,0.0,0.0,0.0,0.0,0.0,1.0
6,105,1.7792481861079503,8.28330577495539,1.0,0.0,1.0,0.0,0.0,0.0
7,105,8.760749203944194,4.380488992566013,1.0,1.0,0.0,0.0,1.0,1.0
8,105,1.1754059098561471,3.6821482645514663,0.0,1.0,1.0,1.0,1.0,0.0
9,105,7.454133017028134,0.5013435742421274,0.0,1.0,1.0,0.0,0.0,1.0
10,105,10.333232527228008,7.579727252010097,0.0,0.0,1.0,1.0,0.0,1.0
11,105,0.1960820635154237,0.0,0.0,1.0,1.0,0.0,1.0,1.0
12,105,10.86866143196463,1.1843425419814946,0.0,0.0,0.0,1.0,1.0,0.0
13,105,9.257152017286783,6.636005769589978,1.0,1.0,0.0,0.0,0.0,0.0
14,105,0.3673960422470996,4.717838083726258,0.0,0.0,1.0,0.0,0.0,0.0
15,105,7.89436025114847,1.918690057999732,0.0,0.0,1.0,0.0,1.0,0.0
16,105,7.619607952069454,3.6317952451824502,1.0,1.0,0.0,1.0,0.0,1.0
17,105,9.345158146488322,12.0,1.0,0.0,0.0,0.0,1.0,0.0
18,105,2.6805337487736054,4.323040900198061,1.0,1.0,0.0,0.0,1.0,0.0
19,105,10.236910641286377,9.725951914607649,0.0,0.0,0.0,0.0,1.0,0.0
20,105,5.953583477867914,10.943956420785412,0.0,0.0,1.0,0.0,1.0,1.0
21,105,5.894290374611638,3.173398928894078,1.0,0.0,1.0,0.0,0.0,1.0
22,105,11.95108837446965,4.651182501224041,1.0,0.0,1.0,1.0,0.0,0.0
23,105,5.759925832569654,12.0,0.0,1.0,0.0,0.0,1.0,1.0
24,105,9.418116808528916,9.754805586003329,0.0,1.0,0.0,0.0,1.0,1.0
25,105,0.0353931319064332,1.461024634602934,1.0,1.0,1.0,0.0,0.0,0.0
26,105,0.0875995234804602,5.239465228664907,1.0,1.0,0.0,0.0,0.0,0.0
27,105,1.1380986525346166,7.189707451346307,1.0,1.0,0.0,0.0,0.0,0.0
28,105,12.0,9.496087022110618,0.0,0.0,1.0,0.0,1.0,1.0
29,105,8.947157444509372,4.866473671299162,0.0,1.0,0.0,1.0,0.0,1.0
30,105,0.0151055564103845,5.167216278048482,0.0,1.0,0.0,0.0,0.0,0.0
31,105,4.416567133476626,10.213911411916852,1.0,0.0,0.0,1.0,0.0,0.0
32,105,0.1379167569366653,3.469281818840245,1.0,0.0,1.0,1.0,0.0,1.0
33,105,3.773998238353709,0.0,0.0,0.0,0.0,1.0,0.0,0.0
34,105,11.648606130129725,9.063097381444935,0.0,0.0,0.0,1.0,1.0,1.0
35,105,5.86817932295691,8.536347207519206,0.0,1.0,1.0,1.0,0.0,0.0
36,105,4.839126034388254,0.0,1.0,0.0,0.0,1.0,1.0,0.0
37,105,9.01940313100505,1.379158987013316,1.0,0.0,1.0,0.0,1.0,1.0
38,105,3.7214072747894704,10.536251052164475,1.0,0.0,1.0,0.0,0.0,1.0
39,105,1.8945284073037865,8.412242075772841,0.0,0.0,0.0,0.0,1.0,0.0
0,110,4.552288621527716,0.0020791518130181,0.0,0.0,0.0,0.0,0.0,0.0
1,110,2.667643644905327,5.866217723654507,0.0,0.0,1.0,1.0,1.0,1.0
2,110,9.950234858349576,7.634703865097037,0.0,0.0,0.0,0.0,0.0,0.0
3,110,7.327142183403809,1.66707587852019,1.0,1.0,0.0,0.0,1.0,1.0
4,110,2.374231335261463,8.888559182766027,0.0,0.0,0.0,1.0,0.0,1.0
5,110,10.251263796927438,11.24867300878934,0.0,0.0,0.0,0.0,0.0,1.0
6,110,1.8347496876029536,8.23311803427261,1.0,0.0,1.0,0.0,0.0,0.0
7,110,8.863630891449816,4.3635672607021485,1.0,1.0,0.0,0.0,1.0,1.0
8,110,1.1612963699665249,3.6569474374252335,0.0,1.0,1.0,1.0,1.0,0.0
9,110,7.478574455885475,0.4769621750848229,0.0,1.0,1.0,0.0,0.0,1.0
10,110,10.371380366661988,7.530799061941802,0.0,0.0,1.0,1.0,0.0,1.0
11,110,0.1998831251759334,0.0,0.0,1.0,1.0,0.0,1.0,1.0
12,110,10.814508982347984,1.2712474578715869,0.0,0.0,0.0,1.0,1.0,0.0
13,110,9.258000952324752,6.524181582890773,1.0,1.0,0.0,0.0,0.0,0.0
14,110,0.2265215288729456,4.706665364589764,0.0,0.0,1.0,0.0,0.0,0.0
15,110,7.892873553394355,1.910941815511458,0.0,0.0,1.0,0.0,1.0,0.0
16,110,7.715933150946508,3.663852120208926,1.0,1.0,0.0,1.0,0.0,1.0
17,110,9.282271649691545,12.0,1.0,0.0,0.0,0.0,1.0,0.0
18,110,2.640374648220162,4.2702706935327805,1.0,1.0,0.0,0.0,1.0,0.0
19,110,10.231601383878049,9.665297170540487,0.0,0.0,0.0,0.0,1.0,0.0
20,110,6.040108623122851,10.936584643043387,0.0,0.0,1.0,0.0,1.0,1.0
21,110,5.878759871212187,3.3446507775896896,1.0,0.0,1.0,0.0,0.0,1.0
22,110,11.94780882097975,4.614288549792886,1.0,0.0,1.0,1.0,0.0,0.0
23,110,5.841418571557944,12.0,0.0,1.0,0.0,0.0,1.0,1.0
24,110,9.574991974834278,9.800206034979432,0.0,1.0,0.0,0.0,1.0,1.0
25,110,0.0362011867549978,1.4784016950780323,1.0,1.0,1.0,0.0,0.0,0.0
26,110,0.0822787616051864,5.217807157892859,1.0,1.0,0.0,0.0,0.0,0.0
27,110,1.141988687867727,7.239023793735956,1.0,1.0,0.0,0.0,0.0,0.0
28,110,12.0,9.453173080445998,0.0,0.0,1.0,0.0,1.0,1.0
29,110,9.081253105594817,4.85815979484502,0.0,1.0,0.0,1.0,0.0,1.0
30,110,0.0,5.147556045794612,0.0,1.0,0.0,0.0,0.0,0.0
31,110,4.623103176537111,10.248788309667074,1.0,0.0,0.0,1.0,0.0,0.0
32,110,0.1313559479519519,3.4473074771910803,1.0,0.0,1.0,1.0,0.0,1.0
33,110,3.8920768884115255,0.0,0.0,0.0,0.0,1.0,0.0,0.0
34,110,11.60906806229698,9.080795913105804,0.0,0.0,0.0,1.0,1.0,1.0
35,110,5.876347078052076,8.53191352816421,0.0,1.0,1.0,1.0,0.0,0.0
36,110,4.83393054952351,0.0,1.0,0.0,0.0,1.0,1.0,0.0
37,110,8.91526932686163,1.3387079316165669,1.0,0.0,1.0,0.0,1.0,1.0
38,110,3.7134110580543127,10.50496905180976,1.0,0.0,1.0,0.0,0.0,1.0
39,110,1.893112674961376,8.392528865882605,0.0,0.0,0.0,0.0,1.0,0.0
0,115,4.552908878892333,0.0,0.0,0.0,0.0,0.0,0.0,0.0
1,115,2.60004491787978,5.878357948271008,0.0,0.0,1.0,1.0,1.0,1.0
2,115,9.83066181953268,7.5561424887929185,0.0,0.0,0.0,0.0,0.0,0.0
3,115,7.322431172678619,1.6716419606249415,1.0,1.0,0.0,0.0,1.0,1.0
4,115,2.465649446820217,8.752486514247723,0.0,0.0,0.0,1.0,0.0,1.0
5,115,10.354002556448036,11.260488894704922,0.0,0.0,0.0,0.0,0.0,1.0
6,115,1.893743109428948,8.180136609960154,1.0,0.0,1.0,0.0,0.0,0.0
7,115,8.980343481890806,4.345672371597363,1.0,1.0,0.0,0.0,1.0,1.0
8,115,1.1457016977127383,3.629735360343354,0.0,1.0,1.0,1.0,1.0,0.0
9,115,7.50821209722687,0.4466126074629705,0.0,1.0,1.0,0.0,0.0,1.0
10,115,10.405410787211888,7.487224595745902,0.0,0.0,1.0,1.0,0.0,1.0
11,115,0.2049511862342301,0.0,0.0,1.0,1.0,0.0,1.0,1.0
12,115,10.763658834683998,1.3526956077919463,0.0,0.0,0.0,1.0,1.0,0.0
13,115,9.26016187290512,6.408675798188866,1.0,1.0,0.0,0.0,0.0,0.0
14,115,0.0508963404693655,4.698805003707945,0.0,0.0,1.0,0.0,0.0,0.0
15,115,7.8967498710788755,1.9324213906773464,0.0,0.0,1.0,0.0,1.0,0.0
16,115,7.79535497547451,3.689065584587442,1.0,1.0,0.0,1.0,0.0,1.0
17,115,9.225327396553492,12.0,1.0,0.0,0.0,0.0,1.0,0.0
18,115,2.591402357993969,4.206054011202343,1.0,1.0,0.0,0.0,1.0,0.0
19,115,10.305775099558725,9.659397854400297,0.0,0.0,0.0,0.0,1.0,0.0
20,115,6.136083834752929,10.929502523628056,0.0,0.0,1.0,0.0,1.0,1.0
21,115,5.860068288479496,3.519880072336938,1.0,0.0,1.0,0.0,0.0,1.0
22,115,11.947424149289985,4.610938077123024,1.0,0.0,1.0,1.0,0.0,0.0
23,115,5.907012282129718,12.0,0.0,1.0,0.0,0.0,1.0,1.0
24,115,9.738452889792336,9.84767745099132,0.0,1.0,0.0,0.0,1.0,1.0
25,115,0.0372434088207619,1.4963371813502575,1.0,1.0,1.0,0.0,0.0,0.0
26,115,0.0742133004056451,5.181208518322484,1.0,1.0,0.0,0.0,0.0,0.0
27,115,1.146646511388207,7.296095532664202,1.0,1.0,0.0,0.0,0.0,0.0
28,115,12.0,9.405494539251189,0.0,0.0,1.0,0.0,1.0,1.0
29,115,9.215275752940125,4.852727953916671,0.0,1.0,0.0,1.0,0.0,1.0
30,115,0.0,5.126080699785367,0.0,1.0,0.0,0.0,0.0,0.0
31,115,4.815901131866413,10.279836631568694,1.0,0.0,0.0,1.0,0.0,0.0
32,115,0.126237549367174,3.4281197471514377,1.0,0.0,1.0,1.0,0.0,1.0
33,115,4.020267371941522,0.0,0.0,0.0,0.0,1.0,0.0,0.0
34,115,11.57922821659447,9.094172261408591,0.0,0.0,0.0,1.0,1.0,1.0
35,115,5.866944557124683,8.53692502612983,0.0,1.0,1.0,1.0,0.0,0.0
36,115,4.828791165365714,0.0,1.0,0.0,0.0,1.0,1.0,0.0
37,115,8.778053989239504,1.2875920006025072,1.0,0.0,1.0,0.0,1.0,1.0
38,115,3.708110945689044,10.482782377726286,1.0,0.0,1.0,0.0,0.0,1.0
39,115,1.890667457373331,8.364843825562808,0.0,0.0,0.0,0.0,1.0,0.0
0,120,4.554845104471277,0.0,0.0,0.0,0.0,0.0,0.0,0.0
1,120,2.535260114674025,5.889913373326378,0.0,0.0,1.0,1.0,1.0,1.0
2,120,9.682046294557562,7.455692496772088,0.0,0.0,0.0,0.0,0.0,0.0
3,120,7.332013043476569,1.6618489950938964,1.0,1.0,0.0,0.0,1.0,1.0
4,120,2.329534404203906,8.662265480445845,0.0,0.0,0.0,1.0,0.0,1.0
5,120,10.447723072046962,11.268578690906686,0.0,0.0,0.0,0.0,0.0,1.0
6,120,1.9639270969387723,8.117156349298885,1.0,0.0,1.0,0.0,0.0,0.0
7,120,9.10234705113733,4.3296205835538055,1.0,1.0,0.0,0.0,1.0,1.0
8,120,1.1287911983688483,3.600783162887422,0.0,1.0,1.0,1.0,1.0,0.0
9,120,7.533022897496595,0.4221869126119255,0.0,1.0,1.0,0.0,0.0,1.0
10,120,10.429877606725212,7.456193514937735,0.0,0.0,1.0,1.0,0.0,1.0
11,120,0.2110133455119574,0.0,0.0,1.0,1.0,0.0,1.0,1.0
12,120,10.712177613410237,1.4407066539777549,0.0,0.0,0.0,1.0,1.0,0.0
13,120,9.263882529140648,6.263528589700008,1.0,1.0,0.0,0.0,0.0,0.0
14,120,0.0,4.693362030705823,0.0,0.0,1.0,0.0,0.0,0.0
15,120,7.898787515012784,1.9440271071202957,0.0,0.0,1.0,0.0,1.0,0.0
16,120,7.8801670756249935,3.7169256451133,1.0,1.0,0.0,1.0,0.0,1.0
17,120,9.168187760568724,12.0,1.0,0.0,0.0,0.0,1.0,0.0
18,120,2.546841671796753,4.147025826252591,1.0,1.0,0.0,0.0,1.0,0.0
19,120,10.397256426886178,9.648895788874473,0.0,0.0,0.0,0.0,1.0,0.0
20,120,6.227486036433158,10.921654210931749,0.0,0.0,1.0,0.0,1.0,1.0
21,120,5.841133668924346,3.702627615260872,1.0,0.0,1.0,0.0,0.0,1.0
22,120,11.948562052801543,4.620949191405579,1.0,0.0,1.0,1.0,0.0,0.0
23,120,5.984115228225858,12.0,0.0,1.0,0.0,0.0,1.0,1.0
24,120,9.9167400428455,9.898986219174592,0.0,1.0,0.0,0.0,1.0,1.0
25,120,0.0382376341218468,1.52785144273034,1.0,1.0,1.0,0.0,0.0,0.0
26,120,0.0633847124220961,5.133892819816673,1.0,1.0,0.0,0.0,0.0,0.0
27,120,1.1510403134235505,7.335172263969051,1.0,1.0,0.0,0.0,0.0,0.0
28,120,12.0,9.35513154821586,0.0,0.0,1.0,0.0,1.0,1.0
29,120,9.339417170449158,4.847109515964364,0.0,1.0,0.0,1.0,0.0,1.0
30,120,0.0,5.098286819012371,0.0,1.0,0.0,0.0,0.0,0.0
31,120,4.995444711776811,10.307644087146013,1.0,0.0,0.0,1.0,0.0,0.0
32,120,0.1259419817874726,3.4270114159941016,1.0,0.0,1.0,1.0,0.0,1.0
33,120,4.17527009178355,0.0,0.0,0.0,0.0,1.0,0.0,0.0
34,120,11.539217454619424,9.111548227034689,0.0,0.0,0.0,1.0,1.0,1.0
35,120,5.863981025332514,8.538433984872002,0.0,1.0,1.0,1.0,0.0,0.0
36,120,4.820272060785455,0.0,1.0,0.0,0.0,1.0,1.0,0.0
37,120,8.65305211473032,1.239360928289175,1.0,0.0,1.0,0.0,1.0,1.0
38,120,3.698501964938004,10.444008444070883,1.0,0.0,1.0,0.0,0.0,1.0
39,120,1.8889333716433228,8.345990688838954,0.0,0.0,0.0,0.0,1.0,0.0
0,125,4.557026054023818,0.0,0.0,0.0,0.0,0.0,0.0,0.0
1,125,2.4741987584720087,5.901106954055294,0.0,0.0,1.0,1.0,1.0,1.0
2,125,9.543409281807396,7.361135240753554,0.0,0.0,0.0,0.0,0.0,0.0
3,125,7.357957056660312,1.6357171139103834,1.0,1.0,0.0,0.0,1.0,1.0
4,125,2.2155718190159712,8.581723110571279,0.0,0.0,0.0,1.0,0.0,1.0
5,125,10.527153406020572,11.275067050060862,0.0,0.0,0.0,0.0,0.0,1.0
6,125,2.0338872137977324,8.054603188590931,1.0,0.0,1.0,0.0,0.0,0.0
7,125,9.220526030831328,4.311882869030355,1.0,1.0,0.0,0.0,1.0,1.0
8,125,1.0979193470591937,3.5484012378310426,0.0,1.0,1.0,1.0,1.0,0.0
9,125,7.552133865140089,0.4037445178789536,0.0,1.0,1.0,0.0,0.0,1.0
10,125,10.456295282425094,7.422874679466526,0.0,0.0,1.0,1.0,0.0,1.0
11,125,0.2178451841159803,0.0,0.0,1.0,1.0,0.0,1.0,1.0
12,125,10.669753036063131,1.5136319910289946,0.0,0.0,0.0,1.0,1.0,0.0
13,125,9.263713729882587,6.136927853417924,1.0,1.0,0.0,0.0,0.0,0.0
14,125,0.0,4.689691608351334,0.0,0.0,1.0,0.0,0.0,0.0
15,125,7.897953166827064,1.938796068333757,0.0,0.0,1.0,0.0,1.0,0.0
16,125,7.96400767861446,3.7451258832709167,1.0,1.0,0.0,1.0,0.0,1.0
17,125,9.109784118050344,12.0,1.0,0.0,0.0,0.0,1.0,0.0
18,125,2.51646467002856,4.106345560817712,1.0,1.0,0.0,0.0,1.0,0.0
19,125,10.475849030437235,9.638914098393716,0.0,0.0,0.0,0.0,1.0,0.0
20,125,6.3279741731114365,10.910897680171956,0.0,0.0,1.0,0.0,1.0,1.0
21,125,5.82105933343554,3.884421568629469,1.0,0.0,1.0,0.0,0.0,1.0
22,125,11.948686819781749,4.6219630866513866,1.0,0.0,1.0,1.0,0.0,0.0
23,125,6.065169998730558,12.0,0.0,1.0,0.0,0.0,1.0,1.0
24,125,10.08678443690418,9.942214392788248,0.0,1.0,0.0,0.0,1.0,1.0
25,125,0.0381699129615852,1.5597543323190222,1.0,1.0,1.0,0.0,0.0,0.0
26,125,0.056533159849089,5.098830446716089,1.0,1.0,0.0,0.0,0.0,0.0
27,125,1.1587335326734114,7.394146249427775,1.0,1.0,0.0,0.0,0.0,0.0
28,125,12.0,9.29257821464322,0.0,0.0,1.0,0.0,1.0,1.0
29,125,9.466101193956316,4.846386165750648,0.0,1.0,0.0,1.0,0.0,1.0
30,125,0.0,5.07020977241488,0.0,1.0,0.0,0.0,0.0,0.0
31,125,5.135432972688128,10.326943024906566,1.0,0.0,0.0,1.0,0.0,0.0
32,125,0.1302702046690335,3.4443254617851493,1.0,0.0,1.0,1.0,0.0,1.0
33,125,4.327928265736501,0.0,0.0,0.0,0.0,1.0,0.0,0.0
34,125,11.50145855279708,9.12673803007138,0.0,0.0,0.0,1.0,1.0,1.0
35,125,5.865013436527718,8.537897605689885,0.0,1.0,1.0,1.0,0.0,0.0
36,125,4.810958304138541,0.0,1.0,0.0,0.0,1.0,1.0,0.0
37,125,8.51655962875347,1.1885171072886838,1.0,0.0,1.0,0.0,1.0,1.0
38,125,3.688802103545624,10.40287429596041,1.0,0.0,1.0,0.0,0.0,1.0
39,125,1.888578082673214,8.342503184364565,0.0,0.0,0.0,0.0,1.0,0.0
0,130,4.557889517131819,0.0,0.0,0.0,0.0,0.0,0.0,0.0
1,130,2.4077179259214376,5.9136754531645055,0.0,0.0,1.0,1.0,1.0,1.0
2,130,9.40157424238982,7.265492355589724,0.0,0.0,0.0,0.0,0.0,0.0
3,130,7.362527314128146,1.630948043509421,1.0,1.0,0.0,0.0,1.0,1.0
4,130,2.105620485221805,8.502636674002906,0.0,0.0,0.0,1.0,0.0,1.0
5,130,10.60147285337067,11.2793058908702,0.0,0.0,0.0,0.0,0.0,1.0
6,130,2.087715636756893,8.007677168823399,1.0,0.0,1.0,0.0,0.0,0.0
7,130,9.333223609673,4.29746322609625,1.0,1.0,0.0,0.0,1.0,1.0
8,130,1.047104914451964,3.4646837257730825,0.0,1.0,1.0,1.0,1.0,0.0
9,130,7.573498403824018,0.3830595011362787,0.0,1.0,1.0,0.0,0.0,1.0
10,130,10.473161031987273,7.400565171194829,0.0,0.0,1.0,1.0,0.0,1.0
11,130,0.2244163161454254,0.0,0.0,1.0,1.0,0.0,1.0,1.0
12,130,10.627727916576054,1.5842291248997027,0.0,0.0,0.0,1.0,1.0,0.0
13,130,9.26502779465965,6.025906823401262,1.0,1.0,0.0,0.0,0.0,0.0
14,130,0.0,4.684279226374534,0.0,0.0,1.0,0.0,0.0,0.0
15,130,7.896752282834583,1.929846924496035,0.0,0.0,1.0,0.0,1.0,0.0
16,130,8.050298141785776,3.772634342202128,1.0,1.0,0.0,1.0,0.0,1.0
17,130,9.055649289399954,12.0,1.0,0.0,0.0,0.0,1.0,0.0
18,130,2.493852695576856,4.075900465549472,1.0,1.0,0.0,0.0,1.0,0.0
19,130,10.566120928041824,9.627028481949203,0.0,0.0,0.0,0.0,1.0,0.0
20,130,6.437591453390214,10.89877835419254,0.0,0.0,1.0,0.0,1.0,1.0
21,130,5.805240654637089,4.04620279461604,1.0,0.0,1.0,0.0,0.0,1.0
22,130,11.947179010122808,4.6116808846509,1.0,0.0,1.0,1.0,0.0,0.0
23,130,6.163089017907581,12.0,0.0,1.0,0.0,0.0,1.0,1.0
24,130,10.259421179198808,9.986565049862884,0.0,1.0,0.0,0.0,1.0,1.0
25,130,0.0379621326062911,1.5797566617255765,1.0,1.0,1.0,0.0,0.0,0.0
26,130,0.0537083774677381,5.08485375518939,1.0,1.0,0.0,0.0,0.0,0.0
27,130,1.165848369339006,7.445430803528885,1.0,1.0,0.0,0.0,0.0,0.0
28,130,12.0,9.235262106969378,0.0,0.0,1.0,0.0,1.0,1.0
29,130,9.59320321320151,4.84691322758588,0.0,1.0,0.0,1.0,0.0,1.0
30,130,0.0,5.0471317926482975,0.0,1.0,0.0,0.0,0.0,0.0
31,130,5.258565990442672,10.34446398246867,1.0,0.0,0.0,1.0,0.0,0.0
32,130,0.1327800228676847,3.453635541234636,1.0,0.0,1.0,1.0,0.0,1.0
33,130,4.468143428561433,0.0,0.0,0.0,0.0,1.0,0.0,0.0
34,130,11.449753171983376,9.147959063603638,0.0,0.0,0.0,1.0,1.0,1.0
35,130,5.864355316606752,8.538252208448077,0.0,1.0,1.0,1.0,0.0,0.0
36,130,4.799347811498974,0.0,1.0,0.0,0.0,1.0,1.0,0.0
37,130,8.372961593258747,1.133642750006984,1.0,0.0,1.0,0.0,1.0,1.0
38,130,3.67826773760232,10.359037672876948,1.0,0.0,1.0,0.0,0.0,1.0
39,130,1.887932839434761,8.335250272740607,0.0,0.0,0.0,0.0,1.0,0.0
0,135,4.561200015425334,0.0,0.0,0.0,0.0,0.0,0.0,0.0
1,135,2.3318056179741617,5.929015986255179,0.0,0.0,1.0,1.0,1.0,1.0
2,135,9.269631388097878,7.176741398364835,0.0,0.0,0.0,0.0,0.0,0.0
3,135,7.372414423367226,1.620356657065812,1.0,1.0,0.0,0.0,1.0,1.0
4,135,1.9971619998186163,8.425691590750706,0.0,0.0,0.0,1.0,0.0,1.0
5,135,10.668255555420576,11.28356201705511,0.0,0.0,0.0,0.0,0.0,1.0
6,135,2.128460203289553,7.974355548482285,1.0,0.0,1.0,0.0,0.0,0.0
7,135,9.451186196128637,4.283497795155634,1.0,1.0,0.0,0.0,1.0,1.0
8,135,0.9937042449273504,3.3726726998350918,0.0,1.0,1.0,1.0,1.0,0.0
9,135,7.592731734648681,0.3627987936817671,0.0,1.0,1.0,0.0,0.0,1.0
10,135,10.487069144165288,7.382051569481612,0.0,0.0,1.0,1.0,0.0,1.0
11,135,0.2345151558426958,0.0,0.0,1.0,1.0,0.0,1.0,1.0
12,135,10.5816777717997,1.660738919207119,0.0,0.0,0.0,1.0,1.0,0.0
13,135,9.262385721044067,5.903966986805951,1.0,1.0,0.0,0.0,0.0,0.0
14,135,0.0,4.681714992933861,0.0,0.0,1.0,0.0,0.0,0.0
15,135,7.896692668730687,1.929383168445036,0.0,0.0,1.0,0.0,1.0,0.0
16,135,8.143075059563271,3.800784524137037,1.0,1.0,0.0,1.0,0.0,1.0
17,135,9.006146800572036,12.0,1.0,0.0,0.0,0.0,1.0,0.0
18,135,2.483032887389038,4.060544524496756,1.0,1.0,0.0,0.0,1.0,0.0
19,135,10.64280526902312,9.617800616635552,0.0,0.0,0.0,0.0,1.0,0.0
20,135,6.546040990384626,10.884140430055831,0.0,0.0,1.0,0.0,1.0,1.0
21,135,5.791194183693226,4.210261249748036,1.0,0.0,1.0,0.0,0.0,1.0
22,135,11.946835306472623,4.609679364013031,1.0,0.0,1.0,1.0,0.0,0.0
23,135,6.269490220081775,12.0,0.0,1.0,0.0,0.0,1.0,1.0
24,135,10.43907159850825,10.028471493058811,0.0,1.0,0.0,0.0,1.0,1.0
25,135,0.0377829031147108,1.610917825672117,1.0,1.0,1.0,0.0,0.0,0.0
26,135,0.0512145821780097,5.072556425932784,1.0,1.0,0.0,0.0,0.0,0.0
27,135,1.1692735534244567,7.47232944109024,1.0,1.0,0.0,0.0,0.0,0.0
28,135,12.0,9.184453740135124,0.0,0.0,1.0,0.0,1.0,1.0
29,135,9.719043230494346,4.848085722435152,0.0,1.0,0.0,1.0,0.0,1.0
30,135,0.0,5.025266957343971,0.0,1.0,0.0,0.0,0.0,0.0
31,135,5.359631869832927,10.355253421440318,1.0,0.0,0.0,1.0,0.0,0.0
32,135,0.137044972322104,3.4686630757522234,1.0,0.0,1.0,1.0,0.0,1.0
33,135,4.602291824393006,0.0,0.0,0.0,0.0,1.0,0.0,0.0
34,135,11.38986801380642,9.171451748828312,0.0,0.0,0.0,1.0,1.0,1.0
35,135,5.863286081562864,8.538869816345297,0.0,1.0,1.0,1.0,0.0,0.0
36,135,4.788087210071071,0.0,1.0,0.0,0.0,1.0,1.0,0.0
37,135,8.237271490789952,1.081835060992537,1.0,0.0,1.0,0.0,1.0,1.0
38,135,3.6696959125646,10.319481755143045,1.0,0.0,1.0,0.0,0.0,1.0
39,135,1.885976214824256,8.315101164751438,0.0,0.0,0.0,0.0,1.0,0.0
0,140,4.5657318329988925,0.0,0.0,0.0,0.0,0.0,0.0,0.0
1,140,2.24663149291361,5.9452360544433525,0.0,0.0,1.0,1.0,1.0,1.0
2,140,9.142209275811584,7.095048804139198,0.0,0.0,0.0,0.0,0.0,0.0
3,140,7.374112279233685,1.6185439613322032,1.0,1.0,0.0,0.0,1.0,1.0
4,140,1.8913731802377145,8.352322861987004,0.0,0.0,0.0,1.0,0.0,1.0
5,140,10.710469909797355,11.285689769664623,0.0,0.0,0.0,0.0,0.0,1.0
6,140,2.1672418145409367,7.941098102051749,1.0,0.0,1.0,0.0,0.0,0.0
7,140,9.583688235564251,4.263055762199383,1.0,1.0,0.0,0.0,1.0,1.0
8,140,0.9370386227131724,3.2756345324587017,0.0,1.0,1.0,1.0,1.0,0.0
9,140,7.606995271052933,0.3475028902259497,0.0,1.0,1.0,0.0,0.0,1.0
10,140,10.507853693391034,7.354318649012321,0.0,0.0,1.0,1.0,0.0,1.0
11,140,0.2433740173846745,0.0,0.0,1.0,1.0,0.0,1.0,1.0
12,140,10.532609777698651,1.7429323035899194,0.0,0.0,0.0,1.0,1.0,0.0
13,140,9.25838404943181,5.803959948595867,1.0,1.0,0.0,0.0,0.0,0.0
14,140,0.0,4.679246472601921,0.0,0.0,1.0,0.0,0.0,0.0
15,140,7.89636398520652,1.9260408006598613,0.0,0.0,1.0,0.0,1.0,0.0
16,140,8.2192163223691,3.8237741213995897,1.0,1.0,0.0,1.0,0.0,1.0
17,140,8.955676885824651,12.0,1.0,0.0,0.0,0.0,1.0,0.0
18,140,2.476063061479534,4.050592431116298,1.0,1.0,0.0,0.0,1.0,0.0
19,140,10.728307973853957,9.607078081422346,0.0,0.0,0.0,0.0,1.0,0.0
20,140,6.64428587789787,10.87193095176667,0.0,0.0,1.0,0.0,1.0,1.0
21,140,5.776895734349157,4.370840729669797,1.0,0.0,1.0,0.0,0.0,1.0
22,140,11.94716406465692,4.61143977056684,1.0,0.0,1.0,1.0,0.0,0.0
23,140,6.369735216348024,12.0,0.0,1.0,0.0,0.0,1.0,1.0
24,140,10.61678346764492,10.07082044095782,0.0,1.0,0.0,0.0,1.0,1.0
25,140,0.0380292506158885,1.6449131198976268,1.0,1.0,1.0,0.0,0.0,0.0
26,140,0.0454969229042695,5.043241535866457,1.0,1.0,0.0,0.0,0.0,0.0
27,140,1.174016944695468,7.514129128579955,1.0,1.0,0.0,0.0,0.0,0.0
28,140,12.0,9.132631709000767,0.0,0.0,1.0,0.0,1.0,1.0
29,140,9.871945302874463,4.849418000580954,0.0,1.0,0.0,1.0,0.0,1.0
30,140,0.0,5.004015436996956,0.0,1.0,0.0,0.0,0.0,0.0
31,140,5.466611316038,10.367980204228004,1.0,0.0,0.0,1.0,0.0,0.0
32,140,0.1412427831998084,3.483040727937347,1.0,0.0,1.0,1.0,0.0,1.0
33,140,4.714545269708895,0.0,0.0,0.0,0.0,1.0,0.0,0.0
34,140,11.345241247167696,9.189033810250285,0.0,0.0,0.0,1.0,1.0,1.0
35,140,5.854617390863602,8.54377279873027,0.0,1.0,1.0,1.0,0.0,0.0
36,140,4.774044363814713,0.0,1.0,0.0,0.0,1.0,1.0,0.0
37,140,8.089094948999303,1.0264030908425066,1.0,0.0,1.0,0.0,1.0,1.0
38,140,3.666197392448302,10.303093352011013,1.0,0.0,1.0,0.0,0.0,1.0
39,140,1.88314298106995,8.284981695350982,0.0,0.0,0.0,0.0,1.0,0.0
0,145,4.5725062763014,0.0,0.0,0.0,0.0,0.0,0.0,0.0
1,145,2.168780616790224,5.958768490264105,0.0,0.0,1.0,1.0,1.0,1.0
2,145,9.020833794395823,7.016531675721738,0.0,0.0,0.0,0.0,0.0,0.0
3,145,7.365626763588622,1.6271929359067197,1.0,1.0,0.0,0.0,1.0,1.0
4,145,1.7966132658626897,8.288994784361945,0.0,0.0,0.0,1.0,0.0,1.0
5,145,10.752756146345408,11.287288764811938,0.0,0.0,0.0,0.0,0.0,1.0
6,145,2.221970648045402,7.891436061608541,1.0,0.0,1.0,0.0,0.0,0.0
7,145,9.708798559881709,4.2439666619791225,1.0,1.0,0.0,0.0,1.0,1.0
8,145,0.868012597713203,3.162349178530392,0.0,1.0,1.0,1.0,1.0,0.0
9,145,7.6053068305741744,0.3458927613511448,0.0,1.0,1.0,0.0,0.0,1.0
10,145,10.5438878643486,7.307901720852095,0.0,0.0,1.0,1.0,0.0,1.0
11,145,0.2503285966043747,0.0,0.0,1.0,1.0,0.0,1.0,1.0
12,145,10.491160082975808,1.812408909825553,0.0,0.0,0.0,1.0,1.0,0.0
13,145,9.25443813630784,5.695432906833659,1.0,1.0,0.0,0.0,0.0,0.0
14,145,0.0,4.679297164494054,0.0,0.0,1.0,0.0,0.0,0.0
15,145,7.893344953041775,1.8934066139677093,0.0,0.0,1.0,0.0,1.0,0.0
16,145,8.277468137875442,3.841259158043481,1.0,1.0,0.0,1.0,0.0,1.0
17,145,8.910094008758422,12.0,1.0,0.0,0.0,0.0,1.0,0.0
18,145,2.47226640033535,4.044986484191631,1.0,1.0,0.0,0.0,1.0,0.0
19,145,10.716083312829475,9.523489773815704,0.0,0.0,0.0,0.0,1.0,0.0
20,145,6.721198211346558,10.860560487426472,0.0,0.0,1.0,0.0,1.0,1.0
21,145,5.928684512326847,4.380319246301806,1.0,0.0,1.0,0.0,0.0,1.0
22,145,11.943981774786655,4.5927030427560975,1.0,0.0,1.0,1.0,0.0,0.0
23,145,6.4797766562647,12.0,0.0,1.0,0.0,0.0,1.0,1.0
24,145,10.786454962611694,10.108384872956131,0.0,1.0,0.0,0.0,1.0,1.0
25,145,0.0384208674020078,1.676003033120552,1.0,1.0,1.0,0.0,0.0,0.0
26,145,0.0391536599231118,5.014653083269471,1.0,1.0,0.0,0.0,0.0,0.0
27,145,1.1763413488024173,7.539625140721977,1.0,1.0,0.0,0.0,0.0,0.0
28,145,12.0,9.08737976393008,0.0,0.0,1.0,0.0,1.0,1.0
29,145,10.015803505106058,4.852810242470982,0.0,1.0,0.0,1.0,0.0,1.0
30,145,0.0,4.982374204999771,0.0,1.0,0.0,0.0,0.0,0.0
31,145,5.587945485857118,10.381334595716847,1.0,0.0,0.0,1.0,0.0,0.0
32,145,0.148106194998896,3.5067108548335613,1.0,0.0,1.0,1.0,0.0,1.0
33,145,4.828247433066182,0.0,0.0,0.0,0.0,1.0,0.0,0.0
34,145,11.298289772036457,9.20859077310544,0.0,0.0,0.0,1.0,1.0,1.0
35,145,5.85722428367138,8.542290576240848,0.0,1.0,1.0,1.0,0.0,0.0
36,145,4.759168608195173,0.0,1.0,0.0,0.0,1.0,1.0,0.0
37,145,7.931056037964457,0.9717321276609568,1.0,0.0,1.0,0.0,1.0,1.0
38,145,3.6680808184325415,10.311686003100109,1.0,0.0,1.0,0.0,0.0,1.0
39,145,1.8299021525674488,8.288973344158924,0.0,0.0,0.0,0.0,1.0,0.0
0,150,4.577802753358191,0.0,0.0,0.0,0.0,0.0,0.0,0.0
1,150,2.0974948850307014,5.972196157221368,0.0,0.0,1.0,1.0,1.0,1.0
2,150,8.903507410586013,6.935808046847257,0.0,0.0,0.0,0.0,0.0,0.0
3,150,7.35302682866934,1.639892718431313,1.0,1.0,0.0,0.0,1.0,1.0
4,150,1.6877686966540046,8.217071560062893,0.0,0.0,0.0,1.0,0.0,1.0
5,150,10.781190653617267,11.289130792019998,0.0,0.0,0.0,0.0,0.0,1.0
6,150,2.2918345687310016,7.831178079537614,1.0,0.0,1.0,0.0,0.0,0.0
7,150,9.863342339338985,4.2184902349441735,1.0,1.0,0.0,0.0,1.0,1.0
8,150,0.8109473716795765,3.0698158111111904,0.0,1.0,1.0,1.0,1.0,0.0
9,150,7.591465918685063,0.3317860082433924,0.0,1.0,1.0,0.0,0.0,1.0
10,150,10.593007504557749,7.245693459561334,0.0,0.0,1.0,1.0,0.0,1.0
11,150,0.2536562841708717,0.0,0.0,1.0,1.0,0.0,1.0,1.0
12,150,10.460482413164431,1.8656099583089267,0.0,0.0,0.0,1.0,1.0,0.0
13,150,9.255018623275948,5.596056426389123,1.0,1.0,0.0,0.0,0.0,0.0
14,150,0.0,4.682669732187752,0.0,0.0,1.0,0.0,0.0,0.0
15,150,7.889380695727732,1.8585792771693284,0.0,0.0,1.0,0.0,1.0,0.0
16,150,8.350760796599621,3.8616209952744938,1.0,1.0,0.0,1.0,0.0,1.0
17,150,8.866123508731159,12.0,1.0,0.0,0.0,0.0,1.0,0.0
18,150,2.464656760348489,4.03373026420588,1.0,1.0,0.0,0.0,1.0,0.0
19,150,10.704160873846568,9.43250142482568,0.0,0.0,0.0,0.0,1.0,0.0
20,150,6.798137670269279,10.849653049514863,0.0,0.0,1.0,0.0,1.0,1.0
21,150,6.061728581940356,4.387943079058443,1.0,0.0,1.0,0.0,0.0,1.0
22,150,11.940017332038884,4.565216489252284,1.0,0.0,1.0,1.0,0.0,0.0
23,150,6.591385470361366,12.0,0.0,1.0,0.0,0.0,1.0,1.0
24,150,10.954388953043145,10.148385052034142,0.0,1.0,0.0,0.0,1.0,1.0
25,150,0.0391310607605464,1.7026454002876863,1.0,1.0,1.0,0.0,0.0,0.0
26,150,0.0339335213852677,4.985951161742332,1.0,1.0,0.0,0.0,0.0,0.0
27,150,1.1775009143895947,7.555936904583041,1.0,1.0,0.0,0.0,0.0,0.0
28,150,12.0,9.038464417051722,0.0,0.0,1.0,0.0,1.0,1.0
29,150,10.166202660617136,4.861977821076649,0.0,1.0,0.0,1.0,0.0,1.0
30,150,0.0,4.962577013262917,0.0,1.0,0.0,0.0,0.0,0.0
31,150,5.711520343062113,10.393091836235246,1.0,0.0,0.0,1.0,0.0,0.0
32,150,0.155690403585868,3.5325589640301853,1.0,0.0,1.0,1.0,0.0,1.0
33,150,4.934091083589938,0.0,0.0,0.0,0.0,1.0,0.0,0.0
34,150,11.25356518625415,9.227373454315035,0.0,0.0,0.0,1.0,1.0,1.0
35,150,5.875447922669252,8.532454548106672,0.0,1.0,1.0,1.0,0.0,0.0
36,150,4.742885794282931,0.0,1.0,0.0,0.0,1.0,1.0,0.0
37,150,7.758416470409434,0.9075780201757258,1.0,0.0,1.0,0.0,1.0,1.0
38,150,3.671067855548793,10.325779563194766,1.0,0.0,1.0,0.0,0.0,1.0
39,150,1.7793471286929703,8.29172313581381,0.0,0.0,0.0,0.0,1.0,0.0
0,155,4.58119205895249,0.0,0.0,0.0,0.0,0.0,0.0,0.0
1,155,2.0220687341188293,5.987329225737571,0.0,0.0,1.0,1.0,1.0,1.0
2,155,8.786125215263969,6.858906851323828,0.0,0.0,0.0,0.0,0.0,0.0
3,155,7.34854832327835,1.6441929968392268,1.0,1.0,0.0,0.0,1.0,1.0
4,155,1.5866530162471042,8.149738860937513,0.0,0.0,0.0,1.0,0.0,1.0
5,155,10.82758650727241,11.291916605394912,0.0,0.0,0.0,0.0,0.0,1.0
6,155,2.358102124383525,7.775675903945792,1.0,0.0,1.0,0.0,0.0,0.0
7,155,10.013403739483094,4.192708197245343,1.0,1.0,0.0,0.0,1.0,1.0
8,155,0.7517763238716358,2.978169932226794,0.0,1.0,1.0,1.0,1.0,0.0
9,155,7.588219466653726,0.3284276064364969,0.0,1.0,1.0,0.0,0.0,1.0
10,155,10.630586342466763,7.199514238754982,0.0,0.0,1.0,1.0,0.0,1.0
11,155,0.2586598567950849,0.0,0.0,1.0,1.0,0.0,1.0,1.0
12,155,10.443249182703996,1.8958259313447647,0.0,0.0,0.0,1.0,1.0,0.0
13,155,9.25483752046077,5.468562026590099,1.0,1.0,0.0,0.0,0.0,0.0
14,155,0.0,4.687668241163801,0.0,0.0,1.0,0.0,0.0,0.0
15,155,7.885554942716592,1.812523257966636,0.0,0.0,1.0,0.0,1.0,0.0
16,155,8.422276529707409,3.880222165317285,1.0,1.0,0.0,1.0,0.0,1.0
17,155,8.813763972617567,12.0,1.0,0.0,0.0,0.0,1.0,0.0
18,155,2.467856277681362,4.038506981462179,1.0,1.0,0.0,0.0,1.0,0.0
19,155,10.691610591573872,9.343475635090634,0.0,0.0,0.0,0.0,1.0,0.0
20,155,6.869390315202954,10.839146200902976,0.0,0.0,1.0,0.0,1.0,1.0
21,155,6.198226759531735,4.39804015864592,1.0,0.0,1.0,0.0,0.0,1.0
22,155,11.936806335071148,4.533773754150213,1.0,0.0,1.0,1.0,0.0,0.0
23,155,6.698213574153646,12.0,0.0,1.0,0.0,0.0,1.0,1.0
24,155,11.133729157236075,10.194403383220727,0.0,1.0,0.0,0.0,1.0,1.0
25,155,0.0399260489689689,1.7344106721553247,1.0,1.0,1.0,0.0,0.0,0.0
26,155,0.0261871112920599,4.945345429229519,1.0,1.0,0.0,0.0,0.0,0.0
27,155,1.1780883284648602,7.564380586059749,1.0,1.0,0.0,0.0,0.0,0.0
28,155,12.0,8.972068588375896,0.0,0.0,1.0,0.0,1.0,1.0
29,155,10.318733403813386,4.870774005488555,0.0,1.0,0.0,1.0,0.0,1.0
30,155,0.0,4.949005600411573,0.0,1.0,0.0,0.0,0.0,0.0
31,155,5.827830383469344,10.402775946269768,1.0,0.0,0.0,1.0,0.0,0.0
32,155,0.1565124927249212,3.535055507682686,1.0,0.0,1.0,1.0,0.0,1.0
33,155,5.0291946102518965,0.0,0.0,0.0,0.0,1.0,0.0,0.0
34,155,11.19444814101252,9.252419980282172,0.0,0.0,0.0,1.0,1.0,1.0
35,155,5.891351573247036,8.523493246999594,0.0,1.0,1.0,1.0,0.0,0.0
36,155,4.727903219917112,0.0,1.0,0.0,0.0,1.0,1.0,0.0
37,155,7.607087634113203,0.8468763828321689,1.0,0.0,1.0,0.0,1.0,1.0
38,155,3.6748540195477633,10.343611873960922,1.0,0.0,1.0,0.0,0.0,1.0
39,155,1.706333597214334,8.294391274036307,0.0,0.0,0.0,0.0,1.0,0.0
0,160,4.583082541330239,0.0,0.0,0.0,0.0,0.0,0.0,0.0
1,160,1.9507320142024045,5.999757369715588,0.0,0.0,1.0,1.0,1.0,1.0
2,160,8.67160151956523,6.786978251313821,0.0,0.0,0.0,0.0,0.0,0.0
3,160,7.343108258553591,1.649403533828219,1.0,1.0,0.0,0.0,1.0,1.0
4,160,1.4942721847602738,8.084714911380315,0.0,0.0,0.0,1.0,0.0,1.0
5,160,10.86769511930517,11.294809179733656,0.0,0.0,0.0,0.0,0.0,1.0
6,160,2.4135189618596224,7.730480686560292,1.0,0.0,1.0,0.0,0.0,0.0
7,160,10.160111887818172,4.165972874256637,1.0,1.0,0.0,0.0,1.0,1.0
8,160,0.6922369920831711,2.886477852362989,0.0,1.0,1.0,1.0,1.0,0.0
9,160,7.586339288892243,0.3264713284957971,0.0,1.0,1.0,0.0,0.0,1.0
10,160,10.66374336083095,7.159085643633159,0.0,0.0,1.0,1.0,0.0,1.0
11,160,0.2613361407910308,0.0,0.0,1.0,1.0,0.0,1.0,1.0
12,160,10.419035997900275,1.9386126838191424,0.0,0.0,0.0,1.0,1.0,0.0
13,160,9.251082074194048,5.318533604478981,1.0,1.0,0.0,0.0,0.0,0.0
14,160,0.0,4.688840217928586,0.0,0.0,1.0,0.0,0.0,0.0
15,160,7.882736094069735,1.7764055957316462,0.0,0.0,1.0,0.0,1.0,0.0
16,160,8.47718528423739,3.895284937692364,1.0,1.0,0.0,1.0,0.0,1.0
17,160,8.752764943337898,12.0,1.0,0.0,0.0,0.0,1.0,0.0
18,160,2.467972744565553,4.038687328991067,1.0,1.0,0.0,0.0,1.0,0.0
19,160,10.67804036701909,9.250866129863931,0.0,0.0,0.0,0.0,1.0,0.0
20,160,6.881802795281426,10.926589049981429,0.0,0.0,1.0,0.0,1.0,1.0
21,160,6.330979037429207,4.408481062899126,1.0,0.0,1.0,0.0,0.0,1.0
22,160,11.929351652770986,4.470686370901458,1.0,0.0,1.0,1.0,0.0,0.0
23,160,6.818646133897323,12.0,0.0,1.0,0.0,0.0,1.0,1.0
24,160,11.319813119377526,10.239745896946015,0.0,1.0,0.0,0.0,1.0,1.0
25,160,0.0408060700671214,1.7834642487662546,1.0,1.0,1.0,0.0,0.0,0.0
26,160,0.013204911833491,4.883757014712679,1.0,1.0,0.0,0.0,0.0,0.0
27,160,1.1785053336920783,7.568798315162921,1.0,1.0,0.0,0.0,0.0,0.0
28,160,12.0,8.9068356337603,0.0,0.0,1.0,0.0,1.0,1.0
29,160,10.484317344256336,4.879074386853245,0.0,1.0,0.0,1.0,0.0,1.0
30,160,0.0,4.931041659526648,0.0,1.0,0.0,0.0,0.0,0.0
31,160,5.93986509360714,10.410837265221224,1.0,0.0,0.0,1.0,0.0,0.0
32,160,0.1526902777899283,3.522358800262159,1.0,0.0,1.0,1.0,0.0,1.0
33,160,5.115714612096199,0.0,0.0,0.0,0.0,1.0,0.0,0.0
34,160,11.13855225389078,9.275891868422308,0.0,0.0,0.0,1.0,1.0,1.0
35,160,5.905090648850899,8.515639147882927,0.0,1.0,1.0,1.0,0.0,0.0
36,160,4.715937328952808,0.0,1.0,0.0,0.0,1.0,1.0,0.0
37,160,7.421676668905442,0.7684276903454536,1.0,0.0,1.0,0.0,1.0,1.0
38,160,3.6819347617199,10.38094824747044,1.0,0.0,1.0,0.0,0.0,1.0
39,160,1.6222455194164824,8.296559937526162,0.0,0.0,0.0,0.0,1.0,0.0
0,165,4.5842269323287015,0.0,0.0,0.0,0.0,0.0,0.0,0.0
1,165,1.8933419122052424,6.010111251074556,0.0,0.0,1.0,1.0,1.0,1.0
2,165,8.538762953994379,6.705365565343804,0.0,0.0,0.0,0.0,0.0,0.0
3,165,7.317181087662402,1.6732416032412352,1.0,1.0,0.0,0.0,1.0,1.0
4,165,1.402738006010952,8.016168185689686,0.0,0.0,0.0,1.0,0.0,1.0
5,165,10.89288085332009,11.296411725367095,0.0,0.0,0.0,0.0,0.0,1.0
6,165,2.450660112759821,7.700325576131272,1.0,0.0,1.0,0.0,0.0,0.0
7,165,10.283613187191335,4.140223363009922,1.0,1.0,0.0,0.0,1.0,1.0
8,165,0.6314710253766718,2.7922055251025144,0.0,1.0,1.0,1.0,1.0,0.0
9,165,7.572939705064293,0.3125664546336036,0.0,1.0,1.0,0.0,0.0,1.0
10,165,10.69603003831481,7.120011362258118,0.0,0.0,1.0,1.0,0.0,1.0
11,165,0.2636012748633931,0.0,0.0,1.0,1.0,0.0,1.0,1.0
12,165,10.3917406634537,1.9882331331585372,0.0,0.0,0.0,1.0,1.0,0.0
13,165,9.247465942278462,5.173872581660681,1.0,1.0,0.0,0.0,0.0,0.0
14,165,0.0,4.691593175344561,0.0,0.0,1.0,0.0,0.0,0.0
15,165,7.881199455565303,1.757512687829856,0.0,0.0,1.0,0.0,1.0,0.0
16,165,8.517698076446536,3.906532625595949,1.0,1.0,0.0,1.0,0.0,1.0
17,165,8.685432053382378,12.0,1.0,0.0,0.0,0.0,1.0,0.0
18,165,2.4546260169899936,4.018488097007141,1.0,1.0,0.0,0.0,1.0,0.0
19,165,10.662264853438993,9.156480130632358,0.0,0.0,0.0,0.0,1.0,0.0
20,165,6.805734391596674,10.9389218479733,0.0,0.0,1.0,0.0,1.0,1.0
21,165,6.459901118192775,4.418671336450963,1.0,0.0,1.0,0.0,0.0,1.0
22,165,11.86839034040045,4.478551561400244,1.0,0.0,1.0,1.0,0.0,0.0
23,165,6.944479365809485,12.0,0.0,1.0,0.0,0.0,1.0,1.0
24,165,11.50315864540712,10.285954876960352,0.0,1.0,0.0,0.0,1.0,1.0
25,165,0.0413904045153133,1.834838509579093,1.0,1.0,1.0,0.0,0.0,0.0
26,165,0.0030447530772771,4.829579647541531,1.0,1.0,0.0,0.0,0.0,0.0
27,165,1.1785226027714786,7.569140197883246,1.0,1.0,0.0,0.0,0.0,0.0
28,165,12.0,8.838522288437147,0.0,0.0,1.0,0.0,1.0,1.0
29,165,10.657043673674288,4.886238399282727,0.0,1.0,0.0,1.0,0.0,1.0
30,165,0.0,4.915879046612063,0.0,1.0,0.0,0.0,0.0,0.0
31,165,6.049226736320684,10.420401001277437,1.0,0.0,0.0,1.0,0.0,0.0
32,165,0.1491720939883726,3.5115731808061583,1.0,0.0,1.0,1.0,0.0,1.0
33,165,5.207535533426212,0.0,0.0,0.0,0.0,1.0,0.0,0.0
34,165,11.081976769734093,9.299203347348197,0.0,0.0,0.0,1.0,1.0,1.0
35,165,5.918332531032172,8.50825508453039,0.0,1.0,1.0,1.0,0.0,0.0
36,165,4.704042759049423,0.0,1.0,0.0,0.0,1.0,1.0,0.0
37,165,7.261815253146372,0.6974805890741093,1.0,0.0,1.0,0.0,1.0,1.0
38,165,3.69007399463582,10.418928765527438,1.0,0.0,1.0,0.0,0.0,1.0
39,165,1.5251334417204814,8.297201699733247,0.0,0.0,0.0,0.0,1.0,0.0
0,170,4.584497503335226,0.0,0.0,0.0,0.0,0.0,0.0,0.0
1,170,1.8162889763137884,6.025471219856875,0.0,0.0,1.0,1.0,1.0,1.0
2,170,8.407868199075388,6.620858429793468,0.0,0.0,0.0,0.0,0.0,0.0
3,170,7.282859033687044,1.7063567445670351,1.0,1.0,0.0,0.0,1.0,1.0
4,170,1.3126969381205482,7.949081199204101,0.0,0.0,0.0,1.0,0.0,1.0
5,170,10.925878426484411,11.298598297349484,0.0,0.0,0.0,0.0,0.0,1.0
6,170,2.47160746776323,7.682693173544032,1.0,0.0,1.0,0.0,0.0,0.0
7,170,10.424895401862893,4.109717162472116,1.0,1.0,0.0,0.0,1.0,1.0
8,170,0.5741319481918586,2.702162026631408,0.0,1.0,1.0,1.0,1.0,0.0
9,170,7.55580099323396,0.2948049442075835,0.0,1.0,1.0,0.0,0.0,1.0
10,170,10.727561062425464,7.081798749600536,0.0,0.0,1.0,1.0,0.0,1.0
11,170,0.2659221661080445,0.0,0.0,1.0,1.0,0.0,1.0,1.0
12,170,10.371472656241297,2.0248040099074256,0.0,0.0,0.0,1.0,1.0,0.0
13,170,9.241981353121476,5.020313431791089,1.0,1.0,0.0,0.0,0.0,0.0
14,170,0.0,4.694356949044369,0.0,0.0,1.0,0.0,0.0,0.0
15,170,7.880112552543677,1.747443314548149,0.0,0.0,1.0,0.0,1.0,0.0
16,170,8.537877905670568,3.912077704049977,1.0,1.0,0.0,1.0,0.0,1.0
17,170,8.614473581194863,12.0,1.0,0.0,0.0,0.0,1.0,0.0
18,170,2.423363382700768,3.974162875513344,1.0,1.0,0.0,0.0,1.0,0.0
19,170,10.640209903422932,9.041739131704707,0.0,0.0,0.0,0.0,1.0,0.0
20,170,6.753330678624745,10.94857877434954,0.0,0.0,1.0,0.0,1.0,1.0
21,170,6.59000182826202,4.426170626697397,1.0,0.0,1.0,0.0,0.0,1.0
22,170,11.810980037866443,4.485995899310857,1.0,0.0,1.0,1.0,0.0,0.0
23,170,7.079984716110994,12.0,0.0,1.0,0.0,0.0,1.0,1.0
24,170,11.699380301899868,10.33123885811901,0.0,1.0,0.0,0.0,1.0,1.0
25,170,0.04257372941738,1.8632335297556828,1.0,1.0,1.0,0.0,0.0,0.0
26,170,0.0,4.780832732221663,1.0,1.0,0.0,0.0,0.0,0.0
27,170,1.1798138416644737,7.590300203876734,1.0,1.0,0.0,0.0,0.0,0.0
28,170,12.0,8.782021835713511,0.0,0.0,1.0,0.0,1.0,1.0
29,170,10.814137538610463,4.8914745647315225,0.0,1.0,0.0,1.0,0.0,1.0
30,170,0.0,4.901494493805933,0.0,1.0,0.0,0.0,0.0,0.0
31,170,6.160324101099621,10.433551200007832,1.0,0.0,0.0,1.0,0.0,0.0
32,170,0.1458741632462437,3.5011830433783744,1.0,0.0,1.0,1.0,0.0,1.0
33,170,5.300874243659048,0.0,0.0,0.0,0.0,1.0,0.0,0.0
34,170,11.0330986652749,9.31980187631913,0.0,0.0,0.0,1.0,1.0,1.0
35,170,5.942987762013531,8.494438789485026,0.0,1.0,1.0,1.0,0.0,0.0
36,170,4.6931809911578535,0.0,1.0,0.0,0.0,1.0,1.0,0.0
37,170,7.121729103907688,0.6377587431177328,1.0,0.0,1.0,0.0,1.0,1.0
38,170,3.6986697014362737,10.45482424433464,1.0,0.0,1.0,0.0,0.0,1.0
39,170,1.4388605923045654,8.295300639761573,0.0,0.0,0.0,0.0,1.0,0.0
0,175,4.5843234099434405,0.0,0.0,0.0,0.0,0.0,0.0,0.0
1,175,1.7489337119904644,6.03788620884814,0.0,0.0,1.0,1.0,1.0,1.0
2,175,8.278793784876983,6.53926567627093,0.0,0.0,0.0,0.0,0.0,0.0
3,175,7.243260297210133,1.7437356303249305,1.0,1.0,0.0,0.0,1.0,1.0
4,175,1.2152490787631192,7.878343913688707,0.0,0.0,0.0,1.0,0.0,1.0
5,175,10.939477784080427,11.299535367977406,0.0,0.0,0.0,0.0,0.0,1.0
6,175,2.480964184142446,7.674271995948812,1.0,0.0,1.0,0.0,0.0,0.0
7,175,10.550289949866595,4.083373091934355,1.0,1.0,0.0,0.0,1.0,1.0
8,175,0.5212307256709343,2.6128403216644824,0.0,1.0,1.0,1.0,1.0,0.0
9,175,7.540139043944019,0.3092695113332386,0.0,1.0,1.0,0.0,0.0,1.0
10,175,10.747501921880543,7.0572099765586485,0.0,0.0,1.0,1.0,0.0,1.0
11,175,0.266045274432741,0.0,0.0,1.0,1.0,0.0,1.0,1.0
12,175,10.360356826186573,2.0449233950346115,0.0,0.0,0.0,1.0,1.0,0.0
13,175,9.238209165462274,4.880748554573977,1.0,1.0,0.0,0.0,0.0,0.0
14,175,0.0,4.697894444473532,0.0,0.0,1.0,0.0,0.0,0.0
15,175,7.8775810458789906,1.717927451328578,0.0,0.0,1.0,0.0,1.0,0.0
16,175,8.56816964758012,3.920613864319892,1.0,1.0,0.0,1.0,0.0,1.0
17,175,8.541984346186126,12.0,1.0,0.0,0.0,0.0,1.0,0.0
18,175,2.390430676062158,3.9245081122800825,1.0,1.0,0.0,0.0,1.0,0.0
19,175,10.61554036040984,8.916755015512642,0.0,0.0,0.0,0.0,1.0,0.0
20,175,6.700566122088842,10.956295711357814,0.0,0.0,1.0,0.0,1.0,1.0
21,175,6.731216615701623,4.432450260345529,1.0,0.0,1.0,0.0,0.0,1.0
22,175,11.764718767578644,4.490732549094529,1.0,0.0,1.0,1.0,0.0,0.0
23,175,7.206091419261255,12.0,0.0,1.0,0.0,0.0,1.0,1.0
24,175,11.901533173468788,10.377090498018914,0.0,1.0,0.0,0.0,1.0,1.0
25,175,0.0458964864777343,1.9261736880585527,1.0,1.0,1.0,0.0,0.0,0.0
26,175,0.0,4.735626783190586,1.0,1.0,0.0,0.0,0.0,0.0
27,175,1.1802717001089948,7.601895411046489,1.0,1.0,0.0,0.0,0.0,0.0
28,175,11.939221132964866,8.709816684687784,0.0,0.0,1.0,0.0,1.0,1.0
29,175,10.962555525328607,4.895025869026087,0.0,1.0,0.0,1.0,0.0,1.0
30,175,0.0,4.89024412194787,0.0,1.0,0.0,0.0,0.0,0.0
31,175,6.299582230610922,10.44926648857192,1.0,0.0,0.0,1.0,0.0,0.0
32,175,0.1409761421606127,3.484407621873217,1.0,0.0,1.0,1.0,0.0,1.0
33,175,5.393148919343631,0.0,0.0,0.0,0.0,1.0,0.0,0.0
34,175,10.995836225913012,9.336275254282944,0.0,0.0,0.0,1.0,1.0,1.0
35,175,5.943515243471413,8.494128796004995,0.0,1.0,1.0,1.0,0.0,0.0
36,175,4.678173831653193,0.0,1.0,0.0,0.0,1.0,1.0,0.0
37,175,7.006516883854759,0.5875003055564878,1.0,0.0,1.0,0.0,1.0,1.0
38,175,3.706805313633161,10.493197489057936,1.0,0.0,1.0,0.0,0.0,1.0
39,175,1.3582229474851517,8.292254578265018,0.0,0.0,0.0,0.0,1.0,0.0
0,180,4.584053421164956,0.0,0.0,0.0,0.0,0.0,0.0,0.0
1,180,1.6501784441038725,6.05688947878646,0.0,0.0,1.0,1.0,1.0,1.0
2,180,8.146379585951056,6.4536563613644695,0.0,0.0,0.0,0.0,0.0,0.0
3,180,7.1920362607893535,1.7925020178025914,1.0,1.0,0.0,0.0,1.0,1.0
4,180,1.125112740111064,7.811843426307217,0.0,0.0,0.0,1.0,0.0,1.0
5,180,10.95086699805289,11.30081322098852,0.0,0.0,0.0,0.0,0.0,1.0
6,180,2.495903332247195,7.661039517750134,1.0,0.0,1.0,0.0,0.0,0.0
7,180,10.667749261592345,4.061573740431349,1.0,1.0,0.0,0.0,1.0,1.0
8,180,0.464105179363175,2.514261000837892,0.0,1.0,1.0,1.0,1.0,0.0
9,180,7.534174976749001,0.3146550911078466,0.0,1.0,1.0,0.0,0.0,1.0
10,180,10.76791671329889,7.031547183440652,0.0,0.0,1.0,1.0,0.0,1.0
11,180,0.2669603150273692,0.0,0.0,1.0,1.0,0.0,1.0,1.0
12,180,10.343894829857687,2.074198413746788,0.0,0.0,0.0,1.0,1.0,0.0
13,180,9.2366113318211,4.736972550732935,1.0,1.0,0.0,0.0,0.0,0.0
14,180,0.0,4.702752060316539,0.0,0.0,1.0,0.0,0.0,0.0
15,180,7.875625040006166,1.692762285355102,0.0,0.0,1.0,0.0,1.0,0.0
16,180,8.603609032087952,3.930037645084472,1.0,1.0,0.0,1.0,0.0,1.0
17,180,8.466131716095298,12.0,1.0,0.0,0.0,0.0,1.0,0.0
18,180,2.3723490178557958,3.896142346711004,1.0,1.0,0.0,0.0,1.0,0.0
19,180,10.596648101782622,8.816950634800907,0.0,0.0,0.0,0.0,1.0,0.0
20,180,6.65121250631058,10.96249905665751,0.0,0.0,1.0,0.0,1.0,1.0
21,180,6.88823639570326,4.439541324268827,1.0,0.0,1.0,0.0,0.0,1.0
22,180,11.728425741237883,4.494138122980389,1.0,0.0,1.0,1.0,0.0,0.0
23,180,7.339324249327864,12.0,0.0,1.0,0.0,0.0,1.0,1.0
24,180,12.0,10.427786089917324,0.0,1.0,0.0,0.0,1.0,1.0
25,180,0.0477094772121022,1.9724783124259688,1.0,1.0,1.0,0.0,0.0,0.0
26,180,0.0,4.682049053209529,1.0,1.0,0.0,0.0,0.0,0.0
27,180,1.1806439928533148,7.618483932076561,1.0,1.0,0.0,0.0,0.0,0.0
28,180,11.867537610553196,8.631491801416685,0.0,0.0,1.0,0.0,1.0,1.0
29,180,11.109547859942372,4.898416175315328,0.0,1.0,0.0,1.0,0.0,1.0
30,180,0.0,4.883961539917792,0.0,1.0,0.0,0.0,0.0,0.0
31,180,6.402647924997786,10.46220759847728,1.0,0.0,0.0,1.0,0.0,0.0
32,180,0.1404290350035301,3.482268154651271,1.0,0.0,1.0,1.0,0.0,1.0
33,180,5.496843926206991,0.0,0.0,0.0,0.0,1.0,0.0,0.0
34,180,10.937771903141847,9.361495008604294,0.0,0.0,0.0,1.0,1.0,1.0
35,180,5.970637937052501,8.47830556182496,0.0,1.0,1.0,1.0,0.0,0.0
36,180,4.662070424735405,0.0,1.0,0.0,0.0,1.0,1.0,0.0
37,180,6.8881320858383495,0.5354284562155027,1.0,0.0,1.0,0.0,1.0,1.0
38,180,3.7145615873347912,10.532640403713868,1.0,0.0,1.0,0.0,0.0,1.0
39,180,1.3606307026666802,8.216384152964242,0.0,0.0,0.0,0.0,1.0,0.0
0,185,4.583921763192498,0.0,0.0,0.0,0.0,0.0,0.0,0.0
1,185,1.5429660903954328,6.077687589180071,0.0,0.0,1.0,1.0,1.0,1.0
2,185,8.012432954121055,6.371360892545322,0.0,0.0,0.0,0.0,0.0,0.0
3,185,7.14036694888789,1.8442352392765893,1.0,1.0,0.0,0.0,1.0,1.0
4,185,1.0452903296210891,7.75605587295965,0.0,0.0,0.0,1.0,0.0,1.0
5,185,10.95068871952522,11.302435504943135,0.0,0.0,0.0,0.0,0.0,1.0
6,185,2.5040653120953165,7.65396290209524,1.0,0.0,1.0,0.0,0.0,0.0
7,185,10.761062955048711,4.04267193547242,1.0,1.0,0.0,0.0,1.0,1.0
8,185,0.4108590712619031,2.4210363325776343,0.0,1.0,1.0,1.0,1.0,0.0
9,185,7.529837853728747,0.3187020219786665,0.0,1.0,1.0,0.0,0.0,1.0
10,185,10.793848144152683,6.999046062067696,0.0,0.0,1.0,1.0,0.0,1.0
11,185,0.2680913998767921,0.0,0.0,1.0,1.0,0.0,1.0,1.0
12,185,10.32387670898116,2.1083802664782123,0.0,0.0,0.0,1.0,1.0,0.0
13,185,9.232629995382622,4.593617375715327,1.0,1.0,0.0,0.0,0.0,0.0
14,185,0.0,4.701971040796355,0.0,0.0,1.0,0.0,0.0,0.0
15,185,7.87360492179704,1.667444612767031,0.0,0.0,1.0,0.0,1.0,0.0
16,185,8.623812165568692,3.9362096110466376,1.0,1.0,0.0,1.0,0.0,1.0
17,185,8.392215539082404,12.0,1.0,0.0,0.0,0.0,1.0,0.0
18,185,2.364078949355845,3.883262241609946,1.0,1.0,0.0,0.0,1.0,0.0
19,185,10.581024381259674,8.735344822444127,0.0,0.0,0.0,0.0,1.0,0.0
20,185,6.593820577642596,10.970672876972856,0.0,0.0,1.0,0.0,1.0,1.0
21,185,7.024522844098964,4.446421536111329,1.0,0.0,1.0,0.0,0.0,1.0
22,185,11.701322967765458,4.495663295495684,1.0,0.0,1.0,1.0,0.0,0.0
23,185,7.482800252092366,12.0,0.0,1.0,0.0,0.0,1.0,1.0
24,185,12.0,10.480679410466252,0.0,1.0,0.0,0.0,1.0,1.0
25,185,0.0512327608460524,2.038861198312923,1.0,1.0,1.0,0.0,0.0,0.0
26,185,0.0,4.605199038800977,1.0,1.0,0.0,0.0,0.0,0.0
27,185,1.180747654760663,7.623320858481866,1.0,1.0,0.0,0.0,0.0,0.0
28,185,11.789299817593776,8.545892131317109,0.0,0.0,1.0,0.0,1.0,1.0
29,185,11.253385354577803,4.902638569855482,0.0,1.0,0.0,1.0,0.0,1.0
30,185,0.0,4.870426687827606,0.0,1.0,0.0,0.0,0.0,0.0
31,185,6.514923702638015,10.476413916439204,1.0,0.0,0.0,1.0,0.0,0.0
32,185,0.1416259406288388,3.4870285211719936,1.0,0.0,1.0,1.0,0.0,1.0
33,185,5.591512315526381,0.0,0.0,0.0,0.0,1.0,0.0,0.0
34,185,10.857643472331706,9.398566603937905,0.0,0.0,0.0,1.0,1.0,1.0
35,185,6.008196417190697,8.455933322226421,0.0,1.0,1.0,1.0,0.0,0.0
36,185,4.647757550613723,0.0,1.0,0.0,0.0,1.0,1.0,0.0
37,185,6.764847433692931,0.4777088954317981,1.0,0.0,1.0,0.0,1.0,1.0
38,185,3.72283853682315,10.572325533583276,1.0,0.0,1.0,0.0,0.0,1.0
39,185,1.3649016421079485,8.124428409433007,0.0,0.0,0.0,0.0,1.0,0.0
0,190,4.583266532384767,0.0,0.0,0.0,0.0,0.0,0.0,0.0
1,190,1.4107471910460236,6.101313537036116,0.0,0.0,1.0,1.0,1.0,1.0
2,190,7.874525112142365,6.282952345719204,0.0,0.0,0.0,0.0,0.0,0.0
3,190,7.08262149047159,1.907554569861872,1.0,1.0,0.0,0.0,1.0,1.0
4,190,0.9672243667042114,7.703175820953707,0.0,0.0,0.0,1.0,0.0,1.0
5,190,10.949983943920053,11.309307300743969,0.0,0.0,0.0,0.0,0.0,1.0
6,190,2.4924087141162183,7.664267860724357,1.0,0.0,1.0,0.0,0.0,0.0
7,190,10.839308938883477,4.026713113111772,1.0,1.0,0.0,0.0,1.0,1.0
8,190,0.3631885812069074,2.3370452248833278,0.0,1.0,1.0,1.0,1.0,0.0
9,190,7.530390524393942,0.3181899339006681,0.0,1.0,1.0,0.0,0.0,1.0
10,190,10.820912835297746,6.964230947064754,0.0,0.0,1.0,1.0,0.0,1.0
11,190,0.26910676345267,0.0,0.0,1.0,1.0,0.0,1.0,1.0
12,190,10.303908819789044,2.1424945807241373,0.0,0.0,0.0,1.0,1.0,0.0
13,190,9.229045266863404,4.458326348510106,1.0,1.0,0.0,0.0,0.0,0.0
14,190,0.0,4.699545905318405,0.0,0.0,1.0,0.0,0.0,0.0
15,190,7.871545465527259,1.637907448703209,0.0,0.0,1.0,0.0,1.0,0.0
16,190,8.648837875312996,3.943601039424237,1.0,1.0,0.0,1.0,0.0,1.0
17,190,8.322145827877902,12.0,1.0,0.0,0.0,0.0,1.0,0.0
18,190,2.3577996313445184,3.873730107118527,1.0,1.0,0.0,0.0,1.0,0.0
19,190,10.566253953507005,8.655605511500886,0.0,0.0,0.0,0.0,1.0,0.0
20,190,6.529062640005588,10.980417231810115,0.0,0.0,1.0,0.0,1.0,1.0
21,190,7.13606898982272,4.455882842294154,1.0,0.0,1.0,0.0,0.0,1.0
22,190,11.694144179218732,4.496288328626252,1.0,0.0,1.0,1.0,0.0,0.0
23,190,7.60954019439982,12.0,0.0,1.0,0.0,0.0,1.0,1.0
24,190,12.0,10.537074383345498,0.0,1.0,0.0,0.0,1.0,1.0
25,190,0.0544027175420628,2.108387100271142,1.0,1.0,1.0,0.0,0.0,0.0
26,190,0.0,4.524507167733263,1.0,1.0,0.0,0.0,0.0,0.0
27,190,1.1809476654111313,7.633890518818924,1.0,1.0,0.0,0.0,0.0,0.0
28,190,11.703976046423373,8.451348538558932,0.0,0.0,1.0,0.0,1.0,1.0
29,190,11.384289320455396,4.909754571317239,0.0,1.0,0.0,1.0,0.0,1.0
30,190,0.0,4.85603746573132,0.0,1.0,0.0,0.0,0.0,0.0
31,190,6.636849117151404,10.488833982481436,1.0,0.0,0.0,1.0,0.0,0.0
32,190,0.1444841750065418,3.4989177097532043,1.0,0.0,1.0,1.0,0.0,1.0
33,190,5.699387422790047,0.0,0.0,0.0,0.0,1.0,0.0,0.0
34,190,10.7914832666533,9.43071606173358,0.0,0.0,0.0,1.0,1.0,1.0
35,190,6.041507933953926,8.435690606676097,0.0,1.0,1.0,1.0,0.0,0.0
36,190,4.632997819116369,0.0,1.0,0.0,0.0,1.0,1.0,0.0
37,190,6.626366283859957,0.4111361455466362,1.0,0.0,1.0,0.0,1.0,1.0
38,190,3.73558303843016,10.631263187918504,1.0,0.0,1.0,0.0,0.0,1.0
39,190,1.3692734495142835,8.018982029184821,0.0,0.0,0.0,0.0,1.0,0.0
0,195,4.583172724562876,0.0,0.0,0.0,0.0,0.0,0.0,0.0
1,195,1.290896168484576,6.11832803628493,0.0,0.0,1.0,1.0,1.0,1.0
2,195,7.760568822846872,6.209900654594659,0.0,0.0,0.0,0.0,0.0,0.0
3,195,7.018752668753117,1.977277121558686,1.0,1.0,0.0,0.0,1.0,1.0
4,195,0.8871919571233409,7.652301174188094,0.0,0.0,0.0,1.0,0.0,1.0
5,195,10.950683623704402,11.303517573346436,0.0,0.0,0.0,0.0,0.0,1.0
6,195,2.490806959714457,7.665766779160595,1.0,0.0,1.0,0.0,0.0,0.0
7,195,10.89783723095019,4.015938847601017,1.0,1.0,0.0,0.0,1.0,1.0
8,195,0.3147229244667368,2.245318710522625,0.0,1.0,1.0,1.0,1.0,0.0
9,195,7.535539731044768,0.3135015680080123,0.0,1.0,1.0,0.0,0.0,1.0
10,195,10.855397890024708,6.917298900521797,0.0,0.0,1.0,1.0,0.0,1.0
11,195,0.2705822928362097,0.0,0.0,1.0,1.0,0.0,1.0,1.0
12,195,10.289056717544348,2.1674286776936547,0.0,0.0,0.0,1.0,1.0,0.0
13,195,9.22749811659031,4.304336870613044,1.0,1.0,0.0,0.0,0.0,0.0
14,195,0.0,4.695631364036509,0.0,0.0,1.0,0.0,0.0,0.0
15,195,7.868737208173477,1.5990500929702791,0.0,0.0,1.0,0.0,1.0,0.0
16,195,8.65406253381701,3.94516728074274,1.0,1.0,0.0,1.0,0.0,1.0
17,195,8.24371965206063,12.0,1.0,0.0,0.0,0.0,1.0,0.0
18,195,2.3598526050256274,3.876934315578379,1.0,1.0,0.0,0.0,1.0,0.0
19,195,10.55402677687064,8.58324994128313,0.0,0.0,0.0,0.0,1.0,0.0
20,195,6.456620566554775,10.990001652613648,0.0,0.0,1.0,0.0,1.0,1.0
21,195,7.274328748889916,4.467353441276224,1.0,0.0,1.0,0.0,0.0,1.0
22,195,11.700410557259929,4.495720423178305,1.0,0.0,1.0,1.0,0.0,0.0
23,195,7.7332430999990915,12.0,0.0,1.0,0.0,0.0,1.0,1.0
24,195,12.0,10.595484978019671,0.0,1.0,0.0,0.0,1.0,1.0
25,195,0.0585400099751747,2.1846745027758137,1.0,1.0,1.0,0.0,0.0,0.0
26,195,0.0,4.445337763158892,1.0,1.0,0.0,0.0,0.0,0.0
27,195,1.1815740857433852,7.66778413883355,1.0,1.0,0.0,0.0,0.0,0.0
28,195,11.62588247316579,8.36252456711875,0.0,0.0,1.0,0.0,1.0,1.0
29,195,11.504819883556417,4.913098961931494,0.0,1.0,0.0,1.0,0.0,1.0
30,195,0.0,4.847559901363757,0.0,1.0,0.0,0.0,0.0,0.0
31,195,6.771045302291446,10.50520172589652,1.0,0.0,0.0,1.0,0.0,0.0
32,195,0.1450620108071089,3.5013147553444166,1.0,0.0,1.0,1.0,0.0,1.0
33,195,5.8041034006697485,0.0,0.0,0.0,0.0,1.0,0.0,0.0
34,195,10.72834700262066,9.462736215163174,0.0,0.0,0.0,1.0,1.0,1.0
35,195,6.074783690286685,8.415909200971232,0.0,1.0,1.0,1.0,0.0,0.0
36,195,4.621927124466733,0.0,1.0,0.0,0.0,1.0,1.0,0.0
37,195,6.495709679885995,0.3520131665081288,1.0,0.0,1.0,0.0,1.0,1.0
38,195,3.753412861430957,10.718563511094,1.0,0.0,1.0,0.0,0.0,1.0
39,195,1.275140585803912,8.016155141024347,0.0,0.0,0.0,0.0,1.0,0.0
0,200,4.581133368517567,0.0,0.0,0.0,0.0,0.0,0.0,0.0
1,200,1.164255907546668,6.1375211278691255,0.0,0.0,1.0,1.0,1.0,1.0
2,200,7.658339605568061,6.145723408824558,0.0,0.0,0.0,0.0,0.0,0.0
3,200,6.943982527849525,2.0613302312870885,1.0,1.0,0.0,0.0,1.0,1.0
4,200,0.7932773161233697,7.594125996648925,0.0,0.0,0.0,1.0,0.0,1.0
5,200,10.95340584613089,11.279774969710362,0.0,0.0,0.0,0.0,0.0,1.0
6,200,2.504198020366945,7.652762675149821,1.0,0.0,1.0,0.0,0.0,0.0
7,200,10.937666001295897,4.008127037636966,1.0,1.0,0.0,0.0,1.0,1.0
8,200,0.2727258576634654,2.1694090019214016,0.0,1.0,1.0,1.0,1.0,0.0
9,200,7.53885762707569,0.3104872486162833,0.0,1.0,1.0,0.0,0.0,1.0
10,200,10.904330534041383,6.853241977943847,0.0,0.0,1.0,1.0,0.0,1.0
11,200,0.2720745981385631,0.0,0.0,1.0,1.0,0.0,1.0,1.0
12,200,10.270543787211286,2.1976687615558457,0.0,0.0,0.0,1.0,1.0,0.0
13,200,9.224906099631417,4.152845077552107,1.0,1.0,0.0,0.0,0.0,0.0
14,200,0.0,4.690915046739536,0.0,0.0,1.0,0.0,0.0,0.0
15,200,7.866092556759807,1.5656697468016725,0.0,0.0,1.0,0.0,1.0,0.0
16,200,8.657586318083114,3.9461680183092622,1.0,1.0,0.0,1.0,0.0,1.0
17,200,8.171460320241716,12.0,1.0,0.0,0.0,0.0,1.0,0.0
18,200,2.367639331889797,3.888856289017037,1.0,1.0,0.0,0.0,1.0,0.0
19,200,10.54196958140825,8.518183182574969,0.0,0.0,0.0,0.0,1.0,0.0
20,200,6.3743323057234,11.001739115942348,0.0,0.0,1.0,0.0,1.0,1.0
21,200,7.430600776653544,4.482992927391318,1.0,0.0,1.0,0.0,0.0,1.0
22,200,11.702256209917378,4.495545370963139,1.0,0.0,1.0,1.0,0.0,0.0
23,200,7.877058486514079,12.0,0.0,1.0,0.0,0.0,1.0,1.0
24,200,12.0,10.656193757804356,0.0,1.0,0.0,0.0,1.0,1.0
25,200,0.0630335359424083,2.25366810301146,1.0,1.0,1.0,0.0,0.0,0.0
26,200,0.0,4.358889327861269,1.0,1.0,0.0,0.0,0.0,0.0
27,200,1.181112432133669,7.698474942676636,1.0,1.0,0.0,0.0,0.0,0.0
28,200,11.55883434807516,8.285845727784258,0.0,0.0,1.0,0.0,1.0,1.0
29,200,11.626599505178024,4.912987450424439,0.0,1.0,0.0,1.0,0.0,1.0
30,200,0.0,4.837513590584744,0.0,1.0,0.0,0.0,0.0,0.0
31,200,6.906925541939274,10.523433062592844,1.0,0.0,0.0,1.0,0.0,0.0
32,200,0.1470910815298939,3.5099005187070262,1.0,0.0,1.0,1.0,0.0,1.0
33,200,5.904773122877609,0.0,0.0,0.0,0.0,1.0,0.0,0.0
34,200,10.66887209240436,9.49194710718002,0.0,0.0,0.0,1.0,1.0,1.0
35,200,6.111874381956955,8.392814677198016,0.0,1.0,1.0,1.0,0.0,0.0
36,200,4.611621907805412,0.0,1.0,0.0,0.0,1.0,1.0,0.0
37,200,6.359421457698771,0.2921970526212128,1.0,0.0,1.0,0.0,1.0,1.0
38,200,3.773266764342812,10.812881719021457,1.0,0.0,1.0,0.0,0.0,1.0
39,200,1.1923923340179086,8.011889555111715,0.0,0.0,0.0,0.0,1.0,0.0
0,205,4.580221322300674,0.0,0.0,0.0,0.0,0.0,0.0,0.0
1,205,1.0520307082061466,6.155107255044401,0.0,0.0,1.0,1.0,1.0,1.0
2,205,7.551183908213183,6.079002826327017,0.0,0.0,0.0,0.0,0.0,0.0
3,205,6.874794998533957,2.134894882611377,1.0,1.0,0.0,0.0,1.0,1.0
4,205,0.684563003174305,7.52579334330648,0.0,0.0,0.0,1.0,0.0,1.0
5,205,10.954948511211358,11.26724974159422,0.0,0.0,0.0,0.0,0.0,1.0
6,205,2.521677435888546,7.635550147853628,1.0,0.0,1.0,0.0,0.0,0.0
7,205,10.99118701534112,3.998997826740849,1.0,1.0,0.0,0.0,1.0,1.0
8,205,0.2360819961950807,2.1004729179632515,0.0,1.0,1.0,1.0,1.0,0.0
9,205,7.540640681238128,0.3088456990866693,0.0,1.0,1.0,0.0,0.0,1.0
10,205,10.967581197276946,6.769420933740283,0.0,0.0,1.0,1.0,0.0,1.0
11,205,0.2729425016770608,0.0,0.0,1.0,1.0,0.0,1.0,1.0
12,205,10.246246916802503,2.23683795141325,0.0,0.0,0.0,1.0,1.0,0.0
13,205,9.222597208628391,3.9855121928380166,1.0,1.0,0.0,0.0,0.0,0.0
14,205,0.0,4.687341177234117,0.0,0.0,1.0,0.0,0.0,0.0
15,205,7.864898181669853,1.5443717034495077,0.0,0.0,1.0,0.0,1.0,0.0
16,205,8.694600889224226,3.957667511523187,1.0,1.0,0.0,1.0,0.0,1.0
17,205,8.107253452014351,12.0,1.0,0.0,0.0,0.0,1.0,0.0
18,205,2.3703955953389784,3.893034266396437,1.0,1.0,0.0,0.0,1.0,0.0
19,205,10.527867706931628,8.451691433038437,0.0,0.0,0.0,0.0,1.0,0.0
20,205,6.294822722525693,11.012490498606596,0.0,0.0,1.0,0.0,1.0,1.0
21,205,7.587057586349998,4.499195474315008,1.0,0.0,1.0,0.0,0.0,1.0
22,205,11.708999564476091,4.495058828608225,1.0,0.0,1.0,1.0,0.0,0.0
23,205,7.99872094960276,12.0,0.0,1.0,0.0,0.0,1.0,1.0
24,205,12.0,10.719622292098462,0.0,1.0,0.0,0.0,1.0,1.0
25,205,0.0659126114154392,2.307780900670751,1.0,1.0,1.0,0.0,0.0,0.0
26,205,0.0,4.26238394141256,1.0,1.0,0.0,0.0,0.0,0.0
27,205,1.1808080068254565,7.730495580213389,1.0,1.0,0.0,0.0,0.0,0.0
28,205,11.491628761763552,8.209852345233802,0.0,0.0,1.0,0.0,1.0,1.0
29,205,11.765610719500428,4.914964772517189,0.0,1.0,0.0,1.0,0.0,1.0
30,205,0.0,4.8258649415469606,0.0,1.0,0.0,0.0,0.0,0.0
31,205,7.038208690735649,10.54179182281768,1.0,0.0,0.0,1.0,0.0,0.0
32,205,0.14895052859214,3.517743144346406,1.0,0.0,1.0,1.0,0.0,1.0
33,205,6.001537881557568,0.0,0.0,0.0,0.0,1.0,0.0,0.0
34,205,10.62026335373119,9.517108613381753,0.0,0.0,0.0,1.0,1.0,1.0
35,205,6.166088125414467,8.357927407723562,0.0,1.0,1.0,1.0,0.0,0.0
36,205,4.600038917937878,0.0,1.0,0.0,0.0,1.0,1.0,0.0
37,205,6.227189156833007,0.2291752225688394,1.0,0.0,1.0,0.0,1.0,1.0
38,205,3.792002304307715,10.899922764846846,1.0,0.0,1.0,0.0,0.0,1.0
39,205,1.130063197297399,8.006813939471762,0.0,0.0,0.0,0.0,1.0,0.0
0,210,4.579071315162219,0.0,0.0,0.0,0.0,0.0,0.0,0.0
1,210,0.9494317632245068,6.1713630307074325,0.0,0.0,1.0,1.0,1.0,1.0
2,210,7.439901732042636,6.007271255294871,0.0,0.0,0.0,0.0,0.0,0.0
3,210,6.812945019015483,2.1979306457670997,1.0,1.0,0.0,0.0,1.0,1.0
4,210,0.5841282336645948,7.46353998482321,0.0,0.0,0.0,1.0,0.0,1.0
5,210,10.957783320971297,11.238382595938903,0.0,0.0,0.0,0.0,0.0,1.0
6,210,2.5480553526660072,7.610172785079658,1.0,0.0,1.0,0.0,0.0,0.0
7,210,11.053528350096572,3.9898072851422137,1.0,1.0,0.0,0.0,1.0,1.0
8,210,0.2067640859859747,2.046699501742464,0.0,1.0,1.0,1.0,1.0,0.0
9,210,7.523109190539084,0.325105619084142,0.0,1.0,1.0,0.0,0.0,1.0
10,210,11.038938642321291,6.675121197619004,0.0,0.0,1.0,1.0,0.0,1.0
11,210,0.2746194031436784,0.0,0.0,1.0,1.0,0.0,1.0,1.0
12,210,10.218766538496595,2.280362285407865,0.0,0.0,0.0,1.0,1.0,0.0
13,210,9.221453180880603,3.809000540916206,1.0,1.0,0.0,0.0,0.0,0.0
14,210,0.0,4.681626769862875,0.0,0.0,1.0,0.0,0.0,0.0
15,210,7.8644837780926995,1.5341899651594562,0.0,0.0,1.0,0.0,1.0,0.0
16,210,8.701947205344563,3.960164935154782,1.0,1.0,0.0,1.0,0.0,1.0
17,210,8.044822877320726,12.0,1.0,0.0,0.0,0.0,1.0,0.0
18,210,2.3861859702898047,3.915469081258873,1.0,1.0,0.0,0.0,1.0,0.0
19,210,10.513176387207366,8.381696999001525,0.0,0.0,0.0,0.0,1.0,0.0
20,210,6.227651033111139,11.020433752741797,0.0,0.0,1.0,0.0,1.0,1.0
21,210,7.745798388581591,4.51258386429762,1.0,0.0,1.0,0.0,0.0,1.0
22,210,11.715806081425098,4.494549357295304,1.0,0.0,1.0,1.0,0.0,0.0
23,210,8.130026564517994,12.0,0.0,1.0,0.0,0.0,1.0,1.0
24,210,12.0,10.785572877164698,0.0,1.0,0.0,0.0,1.0,1.0
25,210,0.0690321444614711,2.3692865467007067,1.0,1.0,1.0,0.0,0.0,0.0
26,210,0.0,4.185399910316155,1.0,1.0,0.0,0.0,0.0,0.0
27,210,1.1808097009781913,7.764599243870738,1.0,1.0,0.0,0.0,0.0,0.0
28,210,11.441245100522416,8.147962996586147,0.0,0.0,1.0,0.0,1.0,1.0
29,210,11.912359729612383,4.918101092622783,0.0,1.0,0.0,1.0,0.0,1.0
30,210,0.0,4.814249427520312,0.0,1.0,0.0,0.0,0.0,0.0
31,210,7.163194589099418,10.557222997484777,1.0,0.0,0.0,1.0,0.0,0.0
32,210,0.1541127457835866,3.5374608440233404,1.0,0.0,1.0,1.0,0.0,1.0
33,210,6.100374640910287,0.0,0.0,0.0,0.0,1.0,0.0,0.0
34,210,10.584177733289096,9.536446996183164,0.0,0.0,0.0,1.0,1.0,1.0
35,210,6.193901547770713,8.399097244002842,0.0,1.0,1.0,1.0,0.0,0.0
36,210,4.585791291211381,0.0,1.0,0.0,0.0,1.0,1.0,0.0
37,210,6.105100632340355,0.1757339722563276,1.0,0.0,1.0,0.0,1.0,1.0
38,210,3.8080420475733296,10.970680767119166,1.0,0.0,1.0,0.0,0.0,1.0
39,210,1.0711727168245873,8.002556797894528,0.0,0.0,0.0,0.0,1.0,0.0
0,215,4.578597531730233,0.0,0.0,0.0,0.0,0.0,0.0,0.0
1,215,0.8442090531072051,6.187004453467929,0.0,0.0,1.0,1.0,1.0,1.0
2,215,7.335712025703686,5.941199030637564,0.0,0.0,0.0,0.0,0.0,0.0
3,215,6.748154060738211,2.263174695078322,1.0,1.0,0.0,0.0,1.0,1.0
4,215,0.4975354886750548,7.410889116302656,0.0,0.0,0.0,1.0,0.0,1.0
5,215,10.961591329126886,11.206776277376145,0.0,0.0,0.0,0.0,0.0,1.0
6,215,2.583280411850348,7.5746439525220115,1.0,0.0,1.0,0.0,0.0,0.0
7,215,11.145479293256182,3.977913039649972,1.0,1.0,0.0,0.0,1.0,1.0
8,215,0.1815699320378138,1.9987881214718608,0.0,1.0,1.0,1.0,1.0,0.0
9,215,7.496699528461844,0.3513066278027166,0.0,1.0,1.0,0.0,0.0,1.0
10,215,11.11763609216936,6.575021947976602,0.0,0.0,1.0,1.0,0.0,1.0
11,215,0.2753296984504967,0.0,0.0,1.0,1.0,0.0,1.0,1.0
12,215,10.185103766408997,2.332686652004469,0.0,0.0,0.0,1.0,1.0,0.0
13,215,9.219990576171226,3.628979935642687,1.0,1.0,0.0,0.0,0.0,0.0
14,215,0.0,4.67310515206178,0.0,0.0,1.0,0.0,0.0,0.0
15,215,7.8643850922524035,1.5321471619697375,0.0,0.0,1.0,0.0,1.0,0.0
16,215,8.717728592619578,3.965633678611941,1.0,1.0,0.0,1.0,0.0,1.0
17,215,7.976747897640262,12.0,1.0,0.0,0.0,0.0,1.0,0.0
18,215,2.417986291236294,3.957489310881012,1.0,1.0,0.0,0.0,1.0,0.0
19,215,10.501382913761894,8.33185654234349,0.0,0.0,0.0,0.0,1.0,0.0
20,215,6.166349135569313,11.028654415194795,0.0,0.0,1.0,0.0,1.0,1.0
21,215,7.897167317623615,4.524093276702598,1.0,0.0,1.0,0.0,0.0,1.0
22,215,11.723658989919231,4.493994696515675,1.0,0.0,1.0,1.0,0.0,0.0
23,215,8.273152701934906,12.0,0.0,1.0,0.0,0.0,1.0,1.0
24,215,12.0,10.842203808094308,0.0,1.0,0.0,0.0,1.0,1.0
25,215,0.0725303598010529,2.451686910826278,1.0,1.0,1.0,0.0,0.0,0.0
26,215,0.0,4.09822602832915,1.0,1.0,0.0,0.0,0.0,0.0
27,215,1.1804897255246107,7.812601173830725,1.0,1.0,0.0,0.0,0.0,0.0
28,215,11.384335375698353,8.081411600628467,0.0,0.0,1.0,0.0,1.0,1.0
29,215,12.0,4.925822605236604,0.0,1.0,0.0,1.0,0.0,1.0
30,215,0.0,4.800894112707713,0.0,1.0,0.0,0.0,0.0,0.0
31,215,7.294812717282352,10.577306685736188,1.0,0.0,0.0,1.0,0.0,0.0
32,215,0.1639794694437654,3.574361093907292,1.0,0.0,1.0,1.0,0.0,1.0
33,215,6.197901413477797,0.0,0.0,0.0,0.0,1.0,0.0,0.0
34,215,10.527877627989144,9.568552309971745,0.0,0.0,0.0,1.0,1.0,1.0
35,215,6.229785277176041,8.453467337269238,0.0,1.0,1.0,1.0,0.0,0.0
36,215,4.5697266109199175,0.0,1.0,0.0,0.0,1.0,1.0,0.0
37,215,5.998207420921026,0.1292296453894152,1.0,0.0,1.0,0.0,1.0,1.0
38,215,3.8204313981309546,11.025428434507608,1.0,0.0,1.0,0.0,0.0,1.0
39,215,1.0007420025494724,7.999888122686346,0.0,0.0,0.0,0.0,1.0,0.0
0,220,4.577254239755673,0.0,0.0,0.0,0.0,0.0,0.0,0.0
1,220,0.7490392142521453,6.201475744578218,0.0,0.0,1.0,1.0,1.0,1.0
2,220,7.246462408380503,5.885426812589669,0.0,0.0,0.0,0.0,0.0,0.0
3,220,6.668458022136429,2.3444942667665543,1.0,1.0,0.0,0.0,1.0,1.0
4,220,0.3954005452919362,7.349505318950468,0.0,0.0,0.0,1.0,0.0,1.0
5,220,10.964208780117838,11.181130314906015,0.0,0.0,0.0,0.0,0.0,1.0
6,220,2.6086030181279267,7.550374858116748,1.0,0.0,1.0,0.0,0.0,0.0
7,220,11.258039842857697,3.964854409874674,1.0,1.0,0.0,0.0,1.0,1.0
8,220,0.2274021354638888,1.9767917838618057,0.0,1.0,1.0,1.0,1.0,0.0
9,220,7.470608536644249,0.3784642891148726,0.0,1.0,1.0,0.0,0.0,1.0
10,220,11.196475583731011,6.480125812327288,0.0,0.0,1.0,1.0,0.0,1.0
11,220,0.2759549565923672,0.0,0.0,1.0,1.0,0.0,1.0,1.0
12,220,10.164917616313572,2.365108636763046,0.0,0.0,0.0,1.0,1.0,0.0
13,220,9.22048554001574,3.4496063556410914,1.0,1.0,0.0,0.0,0.0,0.0
14,220,0.0,4.662867391988451,0.0,0.0,1.0,0.0,0.0,0.0
15,220,7.864431765399814,1.533329430385291,0.0,0.0,1.0,0.0,1.0,0.0
16,220,8.758586794739124,3.9784806561202455,1.0,1.0,0.0,1.0,0.0,1.0
17,220,7.911841597037946,12.0,1.0,0.0,0.0,0.0,1.0,0.0
18,220,2.452325547673745,4.002797432734309,1.0,1.0,0.0,0.0,1.0,0.0
19,220,10.486133227333818,8.271758373487685,0.0,0.0,0.0,0.0,1.0,0.0
20,220,6.111154034356119,11.03657015237543,0.0,0.0,1.0,0.0,1.0,1.0
21,220,8.022884529178206,4.530870584970988,1.0,0.0,1.0,0.0,0.0,1.0
22,220,11.749189295310195,4.492144961435005,1.0,0.0,1.0,1.0,0.0,0.0
23,220,8.402208035602136,12.0,0.0,1.0,0.0,0.0,1.0,1.0
24,220,12.0,10.900261639372712,0.0,1.0,0.0,0.0,1.0,1.0
25,220,0.0766136228174296,2.524201635038816,1.0,1.0,1.0,0.0,0.0,0.0
26,220,0.0,4.020405310963492,1.0,1.0,0.0,0.0,0.0,0.0
27,220,1.1792889686347612,7.855627863098478,1.0,1.0,0.0,0.0,0.0,0.0
28,220,11.31335941220315,7.996864345665874,0.0,0.0,1.0,0.0,1.0,1.0
29,220,12.0,4.935085559230403,0.0,1.0,0.0,1.0,0.0,1.0
30,220,0.0,4.790020109495304,0.0,1.0,0.0,0.0,0.0,0.0
31,220,7.425457235182815,10.60128089871932,1.0,0.0,0.0,1.0,0.0,0.0
32,220,0.1761146002752043,3.617818144280165,1.0,0.0,1.0,1.0,0.0,1.0
33,220,6.304504712706406,0.0,0.0,0.0,0.0,1.0,0.0,0.0
34,220,10.460805881985344,9.60775705033267,0.0,0.0,0.0,1.0,1.0,1.0
35,220,6.264664142904549,8.508558855682688,0.0,1.0,1.0,1.0,0.0,0.0
36,220,4.554596583728491,0.0,1.0,0.0,0.0,1.0,1.0,0.0
37,220,5.908555491849053,0.0896078815844311,1.0,0.0,1.0,0.0,1.0,1.0
38,220,3.843200409796648,11.113875215268507,1.0,0.0,1.0,0.0,0.0,1.0
39,220,0.9333404016456328,7.996218984666932,0.0,0.0,0.0,0.0,1.0,0.0
0,225,4.575340819383646,0.0,0.0,0.0,0.0,0.0,0.0,0.0
1,225,0.642893945720387,6.215574364946839,0.0,0.0,1.0,1.0,1.0,1.0
2,225,7.137296875862633,5.818347580414232,0.0,0.0,0.0,0.0,0.0,0.0
3,225,6.600180913918945,2.413535148218764,1.0,1.0,0.0,0.0,1.0,1.0
4,225,0.2986809801514768,7.292628818906092,0.0,0.0,0.0,1.0,0.0,1.0
5,225,10.96606570200592,11.163172337995482,0.0,0.0,0.0,0.0,0.0,1.0
6,225,2.637278823039187,7.523826797733523,1.0,0.0,1.0,0.0,0.0,0.0
7,225,11.36650610219736,3.952355413963729,1.0,1.0,0.0,0.0,1.0,1.0
8,225,0.2723008556771535,1.9562895279480037,0.0,1.0,1.0,1.0,1.0,0.0
9,225,7.448661504068187,0.4013903769662797,0.0,1.0,1.0,0.0,0.0,1.0
10,225,11.297088427736144,6.360288909139945,0.0,0.0,1.0,1.0,0.0,1.0
11,225,0.2771600001452837,0.0,0.0,1.0,1.0,0.0,1.0,1.0
12,225,10.141614969006588,2.402278868466259,0.0,0.0,0.0,1.0,1.0,0.0
13,225,9.220097723172096,3.2731428753965317,1.0,1.0,0.0,0.0,0.0,0.0
14,225,0.0,4.650650212772283,0.0,0.0,1.0,0.0,0.0,0.0
15,225,7.864792762034765,1.5415799463521207,0.0,0.0,1.0,0.0,1.0,0.0
16,225,8.813965290184166,3.995288054455401,1.0,1.0,0.0,1.0,0.0,1.0
17,225,7.844505219730062,12.0,1.0,0.0,0.0,0.0,1.0,0.0
18,225,2.48868996429894,4.049308393987021,1.0,1.0,0.0,0.0,1.0,0.0
19,225,10.46585034275525,8.189849785617866,0.0,0.0,0.0,0.0,1.0,0.0
20,225,6.052649334109334,11.045362644155734,0.0,0.0,1.0,0.0,1.0,1.0
21,225,8.138394645345118,4.539330838310571,1.0,0.0,1.0,0.0,0.0,1.0
22,225,11.785513255862798,4.489521386494438,1.0,0.0,1.0,1.0,0.0,0.0
23,225,8.5276285574046,12.0,0.0,1.0,0.0,0.0,1.0,1.0
24,225,12.0,10.957771560827792,0.0,1.0,0.0,0.0,1.0,1.0
25,225,0.0792666000103431,2.58013689723646,1.0,1.0,1.0,0.0,0.0,0.0
26,225,0.0,3.9393539234284183,1.0,1.0,0.0,0.0,0.0,0.0
27,225,1.177824343020019,7.914800855614066,1.0,1.0,0.0,0.0,0.0,0.0
28,225,11.2418420060483,7.911465391825548,0.0,0.0,1.0,0.0,1.0,1.0
29,225,12.0,4.9452524734336665,0.0,1.0,0.0,1.0,0.0,1.0
30,225,0.0,4.773471989005379,0.0,1.0,0.0,0.0,0.0,0.0
31,225,7.540057387090585,10.61798323601585,1.0,0.0,0.0,1.0,0.0,0.0
32,225,0.1920348235806176,3.6752301095344455,1.0,0.0,1.0,1.0,0.0,1.0
33,225,6.422986764291877,0.0,0.0,0.0,0.0,1.0,0.0,0.0
34,225,10.409984449390764,9.63790160879729,0.0,0.0,0.0,1.0,1.0,1.0
35,225,6.295963633746539,8.559531860106098,0.0,1.0,1.0,1.0,0.0,0.0
36,225,4.535175614221094,0.0,1.0,0.0,0.0,1.0,1.0,0.0
37,225,5.9527072673100685,0.0,1.0,0.0,1.0,0.0,1.0,1.0
38,225,3.865650929672593,11.20740557742739,1.0,0.0,1.0,0.0,0.0,1.0
39,225,0.8839406363410133,7.99259118269616,0.0,0.0,0.0,0.0,1.0,0.0
0,230,4.573124530372963,0.0,0.0,0.0,0.0,0.0,0.0,0.0
1,230,0.5311124107250775,6.22805907234211,0.0,0.0,1.0,1.0,1.0,1.0
2,230,7.0008412219313865,5.7348322250296935,0.0,0.0,0.0,0.0,0.0,0.0
3,230,6.5228552566463005,2.490754347428039,1.0,1.0,0.0,0.0,1.0,1.0
4,230,0.2003732914665316,7.23319409459189,0.0,0.0,0.0,1.0,0.0,1.0
5,230,10.965467865214336,11.170228591079429,0.0,0.0,0.0,0.0,0.0,1.0
6,230,2.665233805325478,7.496584150957097,1.0,0.0,1.0,0.0,0.0,0.0
7,230,11.470132085647728,3.9386749837627537,1.0,1.0,0.0,0.0,1.0,1.0
8,230,0.3209357016724693,1.9349421177181212,0.0,1.0,1.0,1.0,1.0,0.0
9,230,7.4182710857246,0.4332420175645947,0.0,1.0,1.0,0.0,0.0,1.0
10,230,11.409338097507716,6.2237423744616605,0.0,0.0,1.0,1.0,0.0,1.0
11,230,0.2789664866683942,0.0,0.0,1.0,1.0,0.0,1.0,1.0
12,230,10.109590015760096,2.453949638647545,0.0,0.0,0.0,1.0,1.0,0.0
13,230,9.221816181345142,3.127269414431563,1.0,1.0,0.0,0.0,0.0,0.0
14,230,0.0,4.640269049312884,0.0,0.0,1.0,0.0,0.0,0.0
15,230,7.8647573824574115,1.5407850381031498,0.0,0.0,1.0,0.0,1.0,0.0
16,230,8.86517314147615,4.010971247033604,1.0,1.0,0.0,1.0,0.0,1.0
17,230,7.602809364681019,11.931149534847089,1.0,0.0,0.0,0.0,1.0,0.0
18,230,2.5258957080724893,4.100255062989466,1.0,1.0,0.0,0.0,1.0,0.0
19,230,10.445746873827929,8.103470538214992,0.0,0.0,0.0,0.0,1.0,0.0
20,230,6.020206213434529,11.049563885437696,0.0,0.0,1.0,0.0,1.0,1.0
21,230,8.260262629797833,4.548760038535902,1.0,0.0,1.0,0.0,0.0,1.0
22,230,11.812242708529585,4.486908267088439,1.0,0.0,1.0,1.0,0.0,0.0
23,230,8.664045054646937,12.0,0.0,1.0,0.0,0.0,1.0,1.0
24,230,12.0,11.015684779332304,0.0,1.0,0.0,0.0,1.0,1.0
25,230,0.0811296657739697,2.6215879893985163,1.0,1.0,1.0,0.0,0.0,0.0
26,230,0.0,3.845116423486418,1.0,1.0,0.0,0.0,0.0,0.0
27,230,1.1780801483580885,7.9619611887876,1.0,1.0,0.0,0.0,0.0,0.0
28,230,11.171541799674564,7.822284545199015,0.0,0.0,1.0,0.0,1.0,1.0
29,230,12.0,4.95045172681178,0.0,1.0,0.0,1.0,0.0,1.0
30,230,0.0,4.752957987440985,0.0,1.0,0.0,0.0,0.0,0.0
31,230,7.669403290056556,10.640644298130937,1.0,0.0,0.0,1.0,0.0,0.0
32,230,0.2002847324717733,3.705234325259381,1.0,0.0,1.0,1.0,0.0,1.0
33,230,6.542543427530906,0.0,0.0,0.0,0.0,1.0,0.0,0.0
34,230,10.351454900003016,9.674044146383023,0.0,0.0,0.0,1.0,1.0,1.0
35,230,6.319619110096902,8.598373288371947,0.0,1.0,1.0,1.0,0.0,0.0
36,230,4.519131869141472,0.0,1.0,0.0,0.0,1.0,1.0,0.0
37,230,6.006612253510339,0.0,1.0,0.0,1.0,0.0,1.0,1.0
38,230,3.8910011632617705,11.314501055290826,1.0,0.0,1.0,0.0,0.0,1.0
39,230,0.8323370679545807,7.990078363073183,0.0,0.0,0.0,0.0,1.0,0.0
0,235,4.5709280981085785,0.0,0.0,0.0,0.0,0.0,0.0,0.0
1,235,0.3985892154641703,6.248162983422904,0.0,0.0,1.0,1.0,1.0,1.0
2,235,6.874927748151409,5.657170081322602,0.0,0.0,0.0,0.0,0.0,0.0
3,235,6.423341204847817,2.589555348268193,1.0,1.0,0.0,0.0,1.0,1.0
4,235,0.0963341801919746,7.1705701981748575,0.0,0.0,0.0,1.0,0.0,1.0
5,235,10.965007910268762,11.17760194545037,0.0,0.0,0.0,0.0,0.0,1.0
6,235,2.700507503161788,7.463016440627976,1.0,0.0,1.0,0.0,0.0,0.0
7,235,11.57372828586962,3.923027510825325,1.0,1.0,0.0,0.0,1.0,1.0
8,235,0.3638136574695992,1.9159031116349747,0.0,1.0,1.0,1.0,1.0,0.0
9,235,7.379321003282183,0.4745319816452557,0.0,1.0,1.0,0.0,0.0,1.0
10,235,11.516679682648528,6.093196343028952,0.0,0.0,1.0,1.0,0.0,1.0
11,235,0.2803605299427447,0.0,0.0,1.0,1.0,0.0,1.0,1.0
12,235,10.071401022577946,2.513093027572863,0.0,0.0,0.0,1.0,1.0,0.0
13,235,9.222455709200611,2.9895073277463697,1.0,1.0,0.0,0.0,0.0,0.0
14,235,0.0,4.632520717848456,0.0,0.0,1.0,0.0,0.0,0.0
15,235,7.864778999050282,1.541385172056612,0.0,0.0,1.0,0.0,1.0,0.0
16,235,8.896541453126714,4.019361837374976,1.0,1.0,0.0,1.0,0.0,1.0
17,235,7.368876823697153,11.869359511962006,1.0,0.0,0.0,0.0,1.0,0.0
18,235,2.563152423756108,4.14933619822672,1.0,1.0,0.0,0.0,1.0,0.0
19,235,10.426477487337776,8.022628573763654,0.0,0.0,0.0,0.0,1.0,0.0
20,235,5.967976132692166,11.05664423857507,0.0,0.0,1.0,0.0,1.0,1.0
21,235,8.39326428307868,4.560554271439901,1.0,0.0,1.0,0.0,0.0,1.0
22,235,11.85918253847056,4.480683465982862,1.0,0.0,1.0,1.0,0.0,0.0
23,235,8.829964084076805,12.0,0.0,1.0,0.0,0.0,1.0,1.0
24,235,12.0,11.065016992568736,0.0,1.0,0.0,0.0,1.0,1.0
25,235,0.0830078395337619,2.6663171557460115,1.0,1.0,1.0,0.0,0.0,0.0
26,235,0.0,3.7618932451210494,1.0,1.0,0.0,0.0,0.0,0.0
27,235,1.1777359112068873,8.021358764071492,1.0,1.0,0.0,0.0,0.0,0.0
28,235,11.094517792300293,7.727626179913586,0.0,0.0,1.0,0.0,1.0,1.0
29,235,12.0,4.954714106532585,0.0,1.0,0.0,1.0,0.0,1.0
30,235,0.0,4.730835250846161,0.0,1.0,0.0,0.0,0.0,0.0
31,235,7.814899754729211,10.66603066102652,1.0,0.0,0.0,1.0,0.0,0.0
32,235,0.2102862706232037,3.738853598579353,1.0,0.0,1.0,1.0,0.0,1.0
33,235,6.630011178090386,0.0,0.0,0.0,0.0,1.0,0.0,0.0
34,235,10.290239419822583,9.713367296857168,0.0,0.0,0.0,1.0,1.0,1.0
35,235,6.341091496897533,8.633300942391815,0.0,1.0,1.0,1.0,0.0,0.0
36,235,4.504097813250138,0.0,1.0,0.0,0.0,1.0,1.0,0.0
37,235,6.065534603865987,0.0,1.0,0.0,1.0,0.0,1.0,1.0
38,235,3.916991389751552,11.425655727923484,1.0,0.0,1.0,0.0,0.0,1.0
39,235,0.7762657886476735,7.987826458440801,0.0,0.0,0.0,0.0,1.0,0.0
0,240,4.570160922590901,0.0,0.0,0.0,0.0,0.0,0.0,0.0
1,240,0.2610381085720956,6.2696789100649015,0.0,0.0,1.0,1.0,1.0,1.0
2,240,6.767291031633654,5.590762416544532,0.0,0.0,0.0,0.0,0.0,0.0
3,240,6.331075141273626,2.6808855426665863,1.0,1.0,0.0,0.0,1.0,1.0
4,240,0.0,7.104283455445716,0.0,0.0,0.0,1.0,0.0,1.0
5,240,10.965138824180595,11.17595127739105,0.0,0.0,0.0,0.0,0.0,1.0
6,240,2.748248083160949,7.417155803090597,1.0,0.0,1.0,0.0,0.0,0.0
7,240,11.672164539977508,3.91170693459144,1.0,1.0,0.0,0.0,1.0,1.0
8,240,0.4104344567012979,1.894685534182272,0.0,1.0,1.0,1.0,1.0,0.0
9,240,7.33436689699962,0.5184046386238204,0.0,1.0,1.0,0.0,0.0,1.0
10,240,11.63149790507244,5.950096889667402,0.0,0.0,1.0,1.0,0.0,1.0
11,240,0.2816431679855273,0.0,0.0,1.0,1.0,0.0,1.0,1.0
12,240,10.03687373770104,2.56746008275181,0.0,0.0,0.0,1.0,1.0,0.0
13,240,9.219818889755455,2.853691888149347,1.0,1.0,0.0,0.0,0.0,0.0
14,240,0.0,4.627297489781724,0.0,0.0,1.0,0.0,0.0,0.0
15,240,7.864986914378931,1.5475807509133757,0.0,0.0,1.0,0.0,1.0,0.0
16,240,8.946116705638595,4.032223341953143,1.0,1.0,0.0,1.0,0.0,1.0
17,240,7.0926570709793255,11.804905534230569,1.0,0.0,0.0,0.0,1.0,0.0
18,240,2.599635933599388,4.197183302150147,1.0,1.0,0.0,0.0,1.0,0.0
19,240,10.404207523662636,7.938720872869762,0.0,0.0,0.0,0.0,1.0,0.0
20,240,5.910773878214123,11.06314293590938,0.0,0.0,1.0,0.0,1.0,1.0
21,240,8.512749760023322,4.571054754972756,1.0,0.0,1.0,0.0,0.0,1.0
22,240,11.904838971997693,4.4749581153433935,1.0,0.0,1.0,1.0,0.0,0.0
23,240,9.00283030574928,12.0,0.0,1.0,0.0,0.0,1.0,1.0
24,240,12.0,11.11334628987332,0.0,1.0,0.0,0.0,1.0,1.0
25,240,0.0834975997299477,2.694895098194168,1.0,1.0,1.0,0.0,0.0,0.0
26,240,0.0,3.676507306933254,1.0,1.0,0.0,0.0,0.0,0.0
27,240,1.1780245747882168,8.072360751812043,1.0,1.0,0.0,0.0,0.0,0.0
28,240,11.024093218139903,7.633169511236975,0.0,0.0,1.0,0.0,1.0,1.0
29,240,12.0,4.956140587039723,0.0,1.0,0.0,1.0,0.0,1.0
30,240,0.0,4.712966186833003,0.0,1.0,0.0,0.0,0.0,0.0
31,240,7.969782261059746,10.694779034588644,1.0,0.0,0.0,1.0,0.0,0.0
32,240,0.2165511039881575,3.760369845985249,1.0,0.0,1.0,1.0,0.0,1.0
33,240,6.711393416560972,0.0,0.0,0.0,0.0,1.0,0.0,0.0
34,240,10.223832677629684,9.75651358148286,0.0,0.0,0.0,1.0,1.0,1.0
35,240,6.35715584348667,8.660392192170532,0.0,1.0,1.0,1.0,0.0,0.0
36,240,4.492978196961074,0.0,1.0,0.0,0.0,1.0,1.0,0.0
37,240,6.123175806957131,0.0,1.0,0.0,1.0,0.0,1.0,1.0
38,240,3.9473996469887256,11.562931414878706,1.0,0.0,1.0,0.0,0.0,1.0
39,240,0.7404475639256357,7.988166997584954,0.0,0.0,0.0,0.0,1.0,0.0
0,245,4.568872474429673,0.0,0.0,0.0,0.0,0.0,0.0,0.0
1,245,0.1618890164520752,6.284877732355447,0.0,0.0,1.0,1.0,1.0,1.0
2,245,6.664038592680255,5.52541240309542,0.0,0.0,0.0,0.0,0.0,0.0
3,245,6.235568374772877,2.777228459264236,1.0,1.0,0.0,0.0,1.0,1.0
4,245,0.0,7.048866504536585,0.0,0.0,0.0,1.0,0.0,1.0
5,245,10.965390637593606,11.17153710412057,0.0,0.0,0.0,0.0,0.0,1.0
6,245,2.795082921020709,7.373052868058716,1.0,0.0,1.0,0.0,0.0,0.0
7,245,11.792453820520576,3.897854365839963,1.0,1.0,0.0,0.0,1.0,1.0
8,245,0.456406733540629,1.8727424746682928,0.0,1.0,1.0,1.0,1.0,0.0
9,245,7.285812384571111,0.5640751726511766,0.0,1.0,1.0,0.0,0.0,1.0
10,245,11.746027042820891,5.807818337968348,0.0,0.0,1.0,1.0,0.0,1.0
11,245,0.282925996506556,0.0,0.0,1.0,1.0,0.0,1.0,1.0
12,245,9.99603172548868,2.630418209725868,0.0,0.0,0.0,1.0,1.0,0.0
13,245,9.21344707339399,2.7115362799281595,1.0,1.0,0.0,0.0,0.0,0.0
14,245,0.0,4.623777361328161,0.0,0.0,1.0,0.0,0.0,0.0
15,245,7.865582440643823,1.563266709623773,0.0,0.0,1.0,0.0,1.0,0.0
16,245,9.009933370748527,4.047682506724513,1.0,1.0,0.0,1.0,0.0,1.0
17,245,6.828176357380306,11.736564404632464,1.0,0.0,0.0,0.0,1.0,0.0
18,245,2.635244203248849,4.247718615041217,1.0,1.0,0.0,0.0,1.0,0.0
19,245,10.386037913185294,7.871729649350043,0.0,0.0,0.0,0.0,1.0,0.0
20,245,5.8628371152644725,11.068527657458318,0.0,0.0,1.0,0.0,1.0,1.0
21,245,8.639910854979242,4.583835102283574,1.0,0.0,1.0,0.0,0.0,1.0
22,245,11.949814054656532,4.469016956815079,1.0,0.0,1.0,1.0,0.0,0.0
23,245,9.190846957985404,12.0,0.0,1.0,0.0,0.0,1.0,1.0
24,245,12.0,11.16678135112084,0.0,1.0,0.0,0.0,1.0,1.0
25,245,0.0841236386967638,2.7222009232638955,1.0,1.0,1.0,0.0,0.0,0.0
26,245,0.0,3.577186974363004,1.0,1.0,0.0,0.0,0.0,0.0
27,245,1.1777888608825926,8.125788872687355,1.0,1.0,0.0,0.0,0.0,0.0
28,245,10.96134422067436,7.547592325934344,0.0,0.0,1.0,0.0,1.0,1.0
29,245,12.0,4.955838378354293,0.0,1.0,0.0,1.0,0.0,1.0
30,245,0.0,4.69409533925869,0.0,1.0,0.0,0.0,0.0,0.0
31,245,8.122026419143515,10.72214252241992,1.0,0.0,0.0,1.0,0.0,0.0
32,245,0.2245065594716745,3.7868637755052017,1.0,0.0,1.0,1.0,0.0,1.0
33,245,6.803110534331301,0.0,0.0,0.0,0.0,1.0,0.0,0.0
34,245,10.138510254592344,9.808660410917051,0.0,0.0,0.0,1.0,1.0,1.0
35,245,6.377181463987698,8.695117589670017,0.0,1.0,1.0,1.0,0.0,0.0
36,245,4.4851507978350496,0.0,1.0,0.0,0.0,1.0,1.0,0.0
37,245,6.182955106788755,0.0,1.0,0.0,1.0,0.0,1.0,1.0
38,245,3.977707843487492,11.69912614540169,1.0,0.0,1.0,0.0,0.0,1.0
39,245,0.7081427053736511,7.988405889133647,0.0,0.0,0.0,0.0,1.0,0.0
0,250,4.567774169459249,0.0,0.0,0.0,0.0,0.0,0.0,0.0
1,250,0.05633753889671,6.300683263645593,0.0,0.0,1.0,1.0,1.0,1.0
2,250,6.558152704986569,5.450723226425783,0.0,0.0,0.0,0.0,0.0,0.0
3,250,6.139644386706121,2.877845287237866,1.0,1.0,0.0,0.0,1.0,1.0
4,250,0.0,6.997488480064694,0.0,0.0,0.0,1.0,0.0,1.0
5,250,10.9664639686909,11.15529529884633,0.0,0.0,0.0,0.0,0.0,1.0
6,250,2.8480099589853927,7.322506018759069,1.0,0.0,1.0,0.0,0.0,0.0
7,250,11.932181822139365,3.8801269802149694,1.0,1.0,0.0,0.0,1.0,1.0
8,250,0.5011729924487555,1.851900131391482,0.0,1.0,1.0,1.0,1.0,0.0
9,250,7.235155756212466,0.6152501317590063,0.0,1.0,1.0,0.0,0.0,1.0
10,250,11.602004445629548,5.692613322189556,0.0,0.0,1.0,1.0,0.0,1.0
11,250,0.3228958367878672,0.0005906066549855,0.0,1.0,1.0,0.0,1.0,1.0
12,250,9.948356177903444,2.701143898263798,0.0,0.0,0.0,1.0,1.0,0.0
13,250,9.207883015586502,2.589619501015921,1.0,1.0,0.0,0.0,0.0,0.0
14,250,0.0,4.620554757558367,0.0,0.0,1.0,0.0,0.0,0.0
15,250,7.865575789919294,1.568894368428817,0.0,0.0,1.0,0.0,1.0,0.0
16,250,9.06261860911921,4.060315804861268,1.0,1.0,0.0,1.0,0.0,1.0
17,250,6.5747859663307935,11.680942264563726,1.0,0.0,0.0,0.0,1.0,0.0
18,250,2.6739466000986343,4.300100907856271,1.0,1.0,0.0,0.0,1.0,0.0
19,250,10.37324586966412,7.820685758323789,0.0,0.0,0.0,0.0,1.0,0.0
20,250,5.804710246076714,11.074830991880528,0.0,0.0,1.0,0.0,1.0,1.0
21,250,8.764652853805593,4.594024938866301,1.0,0.0,1.0,0.0,0.0,1.0
22,250,11.98161507122911,4.464585972170766,1.0,0.0,1.0,1.0,0.0,0.0
23,250,9.368785726634144,12.0,0.0,1.0,0.0,0.0,1.0,1.0
24,250,12.0,11.231606239333711,0.0,1.0,0.0,0.0,1.0,1.0
25,250,0.0838481292671235,2.7568871302858438,1.0,1.0,1.0,0.0,0.0,0.0
26,250,0.0,3.472585171892125,1.0,1.0,0.0,0.0,0.0,0.0
27,250,1.1764731148114962,8.184224650986764,1.0,1.0,0.0,0.0,0.0,0.0
28,250,10.90567605104254,7.47177963544827,0.0,0.0,1.0,0.0,1.0,1.0
29,250,12.0,4.955013118072665,0.0,1.0,0.0,1.0,0.0,1.0
30,250,0.0,4.679288603783848,0.0,1.0,0.0,0.0,0.0,0.0
31,250,8.271991241274492,10.748898371590714,1.0,0.0,0.0,1.0,0.0,0.0
32,250,0.2342265791670082,3.81858462227982,1.0,0.0,1.0,1.0,0.0,1.0
33,250,6.884326008310698,0.0,0.0,0.0,0.0,1.0,0.0,0.0
34,250,10.06504551360678,9.852620813221378,0.0,0.0,0.0,1.0,1.0,1.0
35,250,6.403009500368997,8.737728606209572,0.0,1.0,1.0,1.0,0.0,0.0
36,250,4.4749407554160445,0.0,1.0,0.0,0.0,1.0,1.0,0.0
37,250,6.238468799469606,0.0,1.0,0.0,1.0,0.0,1.0,1.0
38,250,4.004207198572182,11.832872384540115,1.0,0.0,1.0,0.0,0.0,1.0
39,250,0.652625833706474,7.989226666965793,0.0,0.0,0.0,0.0,1.0,0.0
0,255,4.567144883114317,0.0,0.0,0.0,0.0,0.0,0.0,0.0
1,255,0.0,6.316709993311762,0.0,0.0,1.0,1.0,1.0,1.0
2,255,6.453445992762504,5.378915699054381,0.0,0.0,0.0,0.0,0.0,0.0
3,255,6.047739761952119,2.9776549522038644,1.0,1.0,0.0,0.0,1.0,1.0
4,255,0.0,6.945315446882559,0.0,0.0,0.0,1.0,0.0,1.0
5,255,10.968386333599195,11.126559862136718,0.0,0.0,0.0,0.0,0.0,1.0
6,255,2.8954723077478355,7.2787565627758735,1.0,0.0,1.0,0.0,0.0,0.0
7,255,12.0,3.8620552402010095,1.0,1.0,0.0,0.0,1.0,1.0
8,255,0.5392648367156265,1.835223707899393,0.0,1.0,1.0,1.0,1.0,0.0
9,255,7.189804136519981,0.6607781398577641,0.0,1.0,1.0,0.0,0.0,1.0
10,255,11.46902913733698,5.585529328090155,0.0,0.0,1.0,1.0,0.0,1.0
11,255,0.3633277107938926,0.0001620774452121,0.0,1.0,1.0,0.0,1.0,1.0
12,255,9.894953554210849,2.781745366644492,0.0,0.0,0.0,1.0,1.0,0.0
13,255,9.20437084669577,2.4734952623082656,1.0,1.0,0.0,0.0,0.0,0.0
14,255,0.0,4.618216534642063,0.0,0.0,1.0,0.0,0.0,0.0
15,255,7.865674849313412,1.576603292745246,0.0,0.0,1.0,0.0,1.0,0.0
16,255,9.122102678082255,4.0750233086354735,1.0,1.0,0.0,1.0,0.0,1.0
17,255,6.318543517635623,11.628679935486623,1.0,0.0,0.0,0.0,1.0,0.0
18,255,2.710188143941,4.348506027549401,1.0,1.0,0.0,0.0,1.0,0.0
19,255,10.35801851201074,7.75868764723726,0.0,0.0,0.0,0.0,1.0,0.0
20,255,5.762361212153849,11.079838159400955,0.0,0.0,1.0,0.0,1.0,1.0
21,255,8.875617838865104,4.601388152164812,1.0,0.0,1.0,0.0,0.0,1.0
22,255,12.0,4.458366996193662,1.0,0.0,1.0,1.0,0.0,0.0
23,255,9.544065214330068,12.0,0.0,1.0,0.0,0.0,1.0,1.0
24,255,12.0,11.288627086642297,0.0,1.0,0.0,0.0,1.0,1.0
25,255,0.0835755727016391,2.766902500941579,1.0,1.0,1.0,0.0,0.0,0.0
26,255,0.0,3.383393122158535,1.0,1.0,0.0,0.0,0.0,0.0
27,255,1.1753862869986178,8.242551154949817,1.0,1.0,0.0,0.0,0.0,0.0
28,255,10.84482575648554,7.390853082212804,0.0,0.0,1.0,0.0,1.0,1.0
29,255,12.0,4.954123661455057,0.0,1.0,0.0,1.0,0.0,1.0
30,255,0.0,4.663150772987966,0.0,1.0,0.0,0.0,0.0,0.0
31,255,8.430078461379818,10.772047487849624,1.0,0.0,0.0,1.0,0.0,0.0
32,255,0.2435453329792566,3.849704797761551,1.0,0.0,1.0,1.0,0.0,1.0
33,255,6.985389729431945,0.0,0.0,0.0,0.0,1.0,0.0,0.0
34,255,10.006640724423995,9.887999257222347,0.0,0.0,0.0,1.0,1.0,1.0
35,255,6.435592302081773,8.795619611290178,0.0,1.0,1.0,1.0,0.0,0.0
36,255,4.462304425032379,0.0,1.0,0.0,0.0,1.0,1.0,0.0
37,255,6.298081557459909,0.0,1.0,0.0,1.0,0.0,1.0,1.0
38,255,4.037005566702997,11.9863346249587,1.0,0.0,1.0,0.0,0.0,1.0
39,255,0.614414988841386,7.989269476559142,0.0,0.0,0.0,0.0,1.0,0.0
0,260,4.564941042990627,0.0,0.0,0.0,0.0,0.0,0.0,0.0
1,260,0.0,6.330016454758209,0.0,0.0,1.0,1.0,1.0,1.0
2,260,6.338109350467617,5.300672845350719,0.0,0.0,0.0,0.0,0.0,0.0
3,260,5.946873528612476,3.080706579577489,1.0,1.0,0.0,0.0,1.0,1.0
4,260,0.0,6.888429863292862,0.0,0.0,0.0,1.0,0.0,1.0
5,260,10.971154086416728,11.089638262043868,0.0,0.0,0.0,0.0,0.0,1.0
6,260,2.9526437933893024,7.227582518985365,1.0,0.0,1.0,0.0,0.0,0.0
7,260,12.0,3.8451276191574713,1.0,1.0,0.0,0.0,1.0,1.0
8,260,0.591427053713708,1.8121897738289297,0.0,1.0,1.0,1.0,1.0,0.0
9,260,7.139728676598441,0.7119310511820888,0.0,1.0,1.0,0.0,0.0,1.0
10,260,11.346123552876351,5.485274628120317,0.0,0.0,1.0,1.0,0.0,1.0
11,260,0.4007380975121982,0.0,0.0,1.0,1.0,0.0,1.0,1.0
12,260,9.843579213538504,2.862278208111668,0.0,0.0,0.0,1.0,1.0,0.0
13,260,9.198307923146412,2.361697245613217,1.0,1.0,0.0,0.0,0.0,0.0
14,260,0.0,4.61227745109182,0.0,0.0,1.0,0.0,0.0,0.0
15,260,7.865847455482595,1.609268780599335,0.0,0.0,1.0,0.0,1.0,0.0
16,260,9.17063372597614,4.08630062376165,1.0,1.0,0.0,1.0,0.0,1.0
17,260,6.06749850741407,11.581490474117064,1.0,0.0,0.0,0.0,1.0,0.0
18,260,2.73397028876402,4.380321875792606,1.0,1.0,0.0,0.0,1.0,0.0
19,260,10.34778668705032,7.713941256824664,0.0,0.0,0.0,0.0,1.0,0.0
20,260,5.72794887637731,11.084638903865356,0.0,0.0,1.0,0.0,1.0,1.0
21,260,8.999155337590144,4.613695822197592,1.0,0.0,1.0,0.0,0.0,1.0
22,260,12.0,4.453595785999975,1.0,0.0,1.0,1.0,0.0,0.0
23,260,9.713677470041322,12.0,0.0,1.0,0.0,0.0,1.0,1.0
24,260,12.0,11.349415686017432,0.0,1.0,0.0,0.0,1.0,1.0
25,260,0.0824943581246052,2.796019301334957,1.0,1.0,1.0,0.0,0.0,0.0
26,260,0.0,3.301829911543328,1.0,1.0,0.0,0.0,0.0,0.0
27,260,1.173314722375134,8.31442087952354,1.0,1.0,0.0,0.0,0.0,0.0
28,260,10.771518929646138,7.296193885756141,0.0,0.0,1.0,0.0,1.0,1.0
29,260,12.0,4.952904530658993,0.0,1.0,0.0,1.0,0.0,1.0
30,260,0.0,4.640229388476665,0.0,1.0,0.0,0.0,0.0,0.0
31,260,8.602443301962312,10.803975236652006,1.0,0.0,0.0,1.0,0.0,0.0
32,260,0.246632471399263,3.8609667633086655,1.0,0.0,1.0,1.0,0.0,1.0
33,260,7.091788653130982,0.0,0.0,0.0,0.0,1.0,0.0,0.0
34,260,9.949798224101151,9.920026344892555,0.0,0.0,0.0,1.0,1.0,1.0
35,260,6.455473988687829,8.833295685477678,0.0,1.0,1.0,1.0,0.0,0.0
36,260,4.44878090040903,0.0,1.0,0.0,0.0,1.0,1.0,0.0
37,260,6.355089346474517,0.0,1.0,0.0,1.0,0.0,1.0,1.0
38,260,4.067246928224683,12.0,1.0,0.0,1.0,0.0,0.0,1.0
39,260,0.573090936747746,7.9893830865994095,0.0,0.0,0.0,0.0,1.0,0.0
0,265,4.563986111001506,0.0,0.0,0.0,0.0,0.0,0.0,0.0
1,265,0.0,6.34190140229866,0.0,0.0,1.0,1.0,1.0,1.0
2,265,6.221880649178994,5.221027842727111,0.0,0.0,0.0,0.0,0.0,0.0
3,265,5.835123519307789,3.1922253056374967,1.0,1.0,0.0,0.0,1.0,1.0
4,265,0.0,6.837595913060334,0.0,0.0,0.0,1.0,0.0,1.0
5,265,10.97403256459808,11.048587066867604,0.0,0.0,0.0,0.0,0.0,1.0
6,265,2.999548651084021,7.184348978020379,1.0,0.0,1.0,0.0,0.0,0.0
7,265,12.0,3.8304057022912,1.0,1.0,0.0,0.0,1.0,1.0
8,265,0.6406665528671441,1.7904472154405142,0.0,1.0,1.0,1.0,1.0,0.0
9,265,7.09231628380142,0.7606436387821685,0.0,1.0,1.0,0.0,0.0,1.0
10,265,11.21822927919549,5.382636547705814,0.0,0.0,1.0,1.0,0.0,1.0
11,265,0.410822878181142,0.0,0.0,1.0,1.0,0.0,1.0,1.0
12,265,9.79071500475882,2.9486656042176,0.0,0.0,0.0,1.0,1.0,0.0
13,265,9.190634305427643,2.257637539895149,1.0,1.0,0.0,0.0,0.0,0.0
14,265,0.0,4.6068477568767445,0.0,0.0,1.0,0.0,0.0,0.0
15,265,7.865871396265022,1.6542283143408,0.0,0.0,1.0,0.0,1.0,0.0
16,265,9.223945446174008,4.099301253779523,1.0,1.0,0.0,1.0,0.0,1.0
17,265,5.797904440730313,11.526147901075351,1.0,0.0,0.0,0.0,1.0,0.0
18,265,2.758104460712867,4.413541886184734,1.0,1.0,0.0,0.0,1.0,0.0
19,265,10.338520265848713,7.673641190053687,0.0,0.0,0.0,0.0,1.0,0.0
20,265,5.686421366877645,11.090306228149528,0.0,0.0,1.0,0.0,1.0,1.0
21,265,9.110738730995038,4.626508646538931,1.0,0.0,1.0,0.0,0.0,1.0
22,265,12.0,4.491136237200496,1.0,0.0,1.0,1.0,0.0,0.0
23,265,9.87184131955479,12.0,0.0,1.0,0.0,0.0,1.0,1.0
24,265,12.0,11.41671243694816,0.0,1.0,0.0,0.0,1.0,1.0
25,265,0.0812380980019276,2.839706842152756,1.0,1.0,1.0,0.0,0.0,0.0
26,265,0.0,3.223856969294036,1.0,1.0,0.0,0.0,0.0,0.0
27,265,1.1713234120423828,8.388725941013087,1.0,1.0,0.0,0.0,0.0,0.0
28,265,10.70595078885033,7.214649887239346,0.0,0.0,1.0,0.0,1.0,1.0
29,265,12.0,4.955458141948862,0.0,1.0,0.0,1.0,0.0,1.0
30,265,0.0,4.616641166002198,0.0,1.0,0.0,0.0,0.0,0.0
31,265,8.774391453443098,10.83563859825174,1.0,0.0,0.0,1.0,0.0,0.0
32,265,0.2521779327149099,3.880104569695008,1.0,0.0,1.0,1.0,0.0,1.0
33,265,7.192612103901054,0.0,0.0,0.0,0.0,1.0,0.0,0.0
34,265,9.881482405942617,9.958888273185046,0.0,0.0,0.0,1.0,1.0,1.0
35,265,6.469334087354654,8.860499507479961,0.0,1.0,1.0,1.0,0.0,0.0
36,265,4.438920793501328,0.0,1.0,0.0,0.0,1.0,1.0,0.0
37,265,6.420617810702433,0.0,1.0,0.0,1.0,0.0,1.0,1.0
38,265,4.097992077471996,12.0,1.0,0.0,1.0,0.0,0.0,1.0
39,265,0.5503917255136909,7.989619107251415,0.0,0.0,0.0,0.0,1.0,0.0
0,270,4.563070506435536,0.0,0.0,0.0,0.0,0.0,0.0,0.0
1,270,0.0,6.357005027282699,0.0,0.0,1.0,1.0,1.0,1.0
2,270,6.116380987712172,5.145219977924318,0.0,0.0,0.0,0.0,0.0,0.0
3,270,5.731959266244789,3.2948064508708264,1.0,1.0,0.0,0.0,1.0,1.0
4,270,0.0,6.782833970727922,0.0,0.0,0.0,1.0,0.0,1.0
5,270,10.97634021607084,11.008155788864656,0.0,0.0,0.0,0.0,0.0,1.0
6,270,3.0537887674365067,7.135110629965724,1.0,0.0,1.0,0.0,0.0,0.0
7,270,12.0,3.812531767925357,1.0,1.0,0.0,0.0,1.0,1.0
8,270,0.6685414853401638,1.7784740011952576,0.0,1.0,1.0,1.0,1.0,0.0
9,270,7.042602722279831,0.8115635185199812,0.0,1.0,1.0,0.0,0.0,1.0
10,270,11.104439911241204,5.293090127595183,0.0,0.0,1.0,1.0,0.0,1.0
11,270,0.4131439271319981,5.483470653321863e-05,0.0,1.0,1.0,0.0,1.0,1.0
12,270,9.743563588661544,3.0219104038042004,0.0,0.0,0.0,1.0,1.0,0.0
13,270,9.098210404094011,2.2679525926749,1.0,1.0,0.0,0.0,0.0,0.0
14,270,0.0,4.600606205630183,0.0,0.0,1.0,0.0,0.0,0.0
15,270,7.8656048967875,1.6763522987439077,0.0,0.0,1.0,0.0,1.0,0.0
16,270,9.27213872783038,4.110762716131336,1.0,1.0,0.0,1.0,0.0,1.0
17,270,5.5186307535512,11.465633537287667,1.0,0.0,0.0,0.0,1.0,0.0
18,270,2.777439782709936,4.440853534873465,1.0,1.0,0.0,0.0,1.0,0.0
19,270,10.33089425123225,7.641009700293504,0.0,0.0,0.0,0.0,1.0,0.0
20,270,5.63636459004559,11.09720817011876,0.0,0.0,1.0,0.0,1.0,1.0
21,270,9.23647505333843,4.642249037108807,1.0,0.0,1.0,0.0,0.0,1.0
22,270,12.0,4.522623416546038,1.0,0.0,1.0,1.0,0.0,0.0
23,270,10.030709745379406,12.0,0.0,1.0,0.0,0.0,1.0,1.0
24,270,12.0,11.480964255676374,0.0,1.0,0.0,0.0,1.0,1.0
25,270,0.0797075374010061,2.8806601857281864,1.0,1.0,1.0,0.0,0.0,0.0
26,270,0.1005951756358407,3.210243832808655,1.0,1.0,0.0,0.0,0.0,0.0
27,270,1.1672722722620414,8.473200664121887,1.0,1.0,0.0,0.0,0.0,0.0
28,270,10.625241767839093,7.281590017693894,0.0,0.0,1.0,0.0,1.0,1.0
29,270,12.0,4.962428555754958,0.0,1.0,0.0,1.0,0.0,1.0
30,270,0.0,4.586480250847639,0.0,1.0,0.0,0.0,0.0,0.0
31,270,8.942688682196662,10.865400296917391,1.0,0.0,0.0,1.0,0.0,0.0
32,270,0.2568965523711687,3.895602722588304,1.0,0.0,1.0,1.0,0.0,1.0
33,270,7.3153798566913615,0.0,0.0,0.0,0.0,1.0,0.0,0.0
34,270,9.826006789115796,9.989639436035928,0.0,0.0,0.0,1.0,1.0,1.0
35,270,6.484298992988132,8.89018475924864,0.0,1.0,1.0,1.0,0.0,0.0
36,270,4.429012481692034,0.0,1.0,0.0,0.0,1.0,1.0,0.0
37,270,6.472906807888161,0.0,1.0,0.0,1.0,0.0,1.0,1.0
38,270,4.137217468803073,12.0,1.0,0.0,1.0,0.0,0.0,1.0
39,270,0.5380998706033393,7.989741585412895,0.0,0.0,0.0,0.0,1.0,0.0
0,275,4.56310246247936,0.0,0.0,0.0,0.0,0.0,0.0,0.0
1,275,0.0,6.370225730715898,0.0,0.0,1.0,1.0,1.0,1.0
2,275,5.988023464215896,5.051955487178771,0.0,0.0,0.0,0.0,0.0,0.0
3,275,5.641223176270306,3.385827128693624,1.0,1.0,0.0,0.0,1.0,1.0
4,275,0.0,6.725884120888638,0.0,0.0,0.0,1.0,0.0,1.0
5,275,10.980018052334303,10.952167557804303,0.0,0.0,0.0,0.0,0.0,1.0
6,275,3.12039125434353,7.077236575719953,1.0,0.0,1.0,0.0,0.0,0.0
7,275,12.0,3.938911947221473,1.0,1.0,0.0,0.0,1.0,1.0
8,275,0.698791800824878,1.76697714879747,0.0,1.0,1.0,1.0,1.0,0.0
9,275,6.9817225791548125,0.8690841635335464,0.0,1.0,1.0,0.0,0.0,1.0
10,275,10.983476290861002,5.194676383540303,0.0,0.0,1.0,1.0,0.0,1.0
11,275,0.3938323217626156,0.0,0.0,1.0,1.0,0.0,1.0,1.0
12,275,9.692882708012457,3.098206025866587,0.0,0.0,0.0,1.0,1.0,0.0
13,275,8.995504111498938,2.28015541377378,1.0,1.0,0.0,0.0,0.0,0.0
14,275,0.0,4.598177762277252,0.0,0.0,1.0,0.0,0.0,0.0
15,275,7.86519011413349,1.6915758645835863,0.0,0.0,1.0,0.0,1.0,0.0
16,275,9.293701099577104,4.115952807578737,1.0,1.0,0.0,1.0,0.0,1.0
17,275,5.238313386949546,11.413724163559174,1.0,0.0,0.0,0.0,1.0,0.0
18,275,2.787827726375132,4.455652780613433,1.0,1.0,0.0,0.0,1.0,0.0
19,275,10.327336615700482,7.622747645478809,0.0,0.0,0.0,0.0,1.0,0.0
20,275,5.594367999459177,11.102098430695104,0.0,0.0,1.0,0.0,1.0,1.0
21,275,9.360385672786734,4.657149056518867,1.0,0.0,1.0,0.0,0.0,1.0
22,275,12.0,4.563415105343139,1.0,0.0,1.0,1.0,0.0,0.0
23,275,10.1976711589291,12.0,0.0,1.0,0.0,0.0,1.0,1.0
24,275,12.0,11.541665011681411,0.0,1.0,0.0,0.0,1.0,1.0
25,275,0.077649962853727,2.935760152088802,1.0,1.0,1.0,0.0,0.0,0.0
26,275,0.1981038080458697,3.1972233776348595,1.0,1.0,0.0,0.0,0.0,0.0
27,275,1.1639867708712914,8.546323121285017,1.0,1.0,0.0,0.0,0.0,0.0
28,275,10.546389013215174,7.350619611982833,0.0,0.0,1.0,0.0,1.0,1.0
29,275,11.998262738492697,5.148983413448953,0.0,1.0,0.0,1.0,0.0,1.0
30,275,0.0,4.556808887238535,0.0,1.0,0.0,0.0,0.0,0.0
31,275,9.119395551684798,10.896867549744584,1.0,0.0,0.0,1.0,0.0,0.0
32,275,0.2578137878185945,3.898686056969269,1.0,0.0,1.0,1.0,0.0,1.0
33,275,7.438339731951501,0.0,0.0,0.0,0.0,1.0,0.0,0.0
34,275,9.777492047329613,10.015502513983304,0.0,0.0,0.0,1.0,1.0,1.0
35,275,6.501871931224525,8.925434885072153,0.0,1.0,1.0,1.0,0.0,0.0
36,275,4.418433856397301,0.0,1.0,0.0,0.0,1.0,1.0,0.0
37,275,6.528839843891859,0.0,1.0,0.0,1.0,0.0,1.0,1.0
38,275,4.179645503107764,12.0,1.0,0.0,1.0,0.0,0.0,1.0
39,275,0.5086722777578639,7.990636193579708,0.0,0.0,0.0,0.0,1.0,0.0
0,280,4.5630846189616845,0.0,0.0,0.0,0.0,0.0,0.0,0.0
1,280,0.0,6.383225585208407,0.0,0.0,1.0,1.0,1.0,1.0
2,280,5.8667919832489375,4.968288120613672,0.0,0.0,0.0,0.0,0.0,0.0
3,280,5.552810286226784,3.478781330414596,1.0,1.0,0.0,0.0,1.0,1.0
4,280,0.0,6.667589609164671,0.0,0.0,0.0,1.0,0.0,1.0
5,280,10.982750032420729,10.91684825964981,0.0,0.0,0.0,0.0,0.0,1.0
6,280,3.1970256278305538,7.009673701749884,1.0,0.0,1.0,0.0,0.0,0.0
7,280,12.0,4.07678650725717,1.0,1.0,0.0,0.0,1.0,1.0
8,280,0.7513518052372247,1.748045209539122,0.0,1.0,1.0,1.0,1.0,0.0
9,280,6.930098239423087,0.9192822228465766,0.0,1.0,1.0,0.0,0.0,1.0
10,280,10.85318230472726,5.093013352611857,0.0,0.0,1.0,1.0,0.0,1.0
11,280,0.3643001258783315,0.0002512105204791,0.0,1.0,1.0,0.0,1.0,1.0
12,280,9.63611150642252,3.1826238907319038,0.0,0.0,0.0,1.0,1.0,0.0
13,280,8.916787838734795,2.289275545468886,1.0,1.0,0.0,0.0,0.0,0.0
14,280,0.0,4.595108006819832,0.0,0.0,1.0,0.0,0.0,0.0
15,280,7.865238434527471,1.6848272957748296,0.0,0.0,1.0,0.0,1.0,0.0
16,280,9.315573372571352,4.1210481609511405,1.0,1.0,0.0,1.0,0.0,1.0
17,280,4.9437971991332565,11.35946231532498,1.0,0.0,0.0,0.0,1.0,0.0
18,280,2.7825834220769763,4.4483956122500565,1.0,1.0,0.0,0.0,1.0,0.0
19,280,10.323508657038245,7.603599099885213,0.0,0.0,0.0,0.0,1.0,0.0
20,280,5.541248888771007,11.107097335168616,0.0,0.0,1.0,0.0,1.0,1.0
21,280,9.499819501540689,4.670061061528123,1.0,0.0,1.0,0.0,0.0,1.0
22,280,12.0,4.632265665009316,1.0,0.0,1.0,1.0,0.0,0.0
23,280,10.355042213847884,12.0,0.0,1.0,0.0,0.0,1.0,1.0
24,280,12.0,11.606300081234286,0.0,1.0,0.0,0.0,1.0,1.0
25,280,0.0742366193630581,3.0121770968271657,1.0,1.0,1.0,0.0,0.0,0.0
26,280,0.2745723656063092,3.1862413689007782,1.0,1.0,0.0,0.0,0.0,0.0
27,280,1.1610092733449655,8.606799642012268,1.0,1.0,0.0,0.0,0.0,0.0
28,280,10.47766865745066,7.412945277167976,0.0,0.0,1.0,0.0,1.0,1.0
29,280,12.0,5.347626283785021,0.0,1.0,0.0,1.0,0.0,1.0
30,280,0.0,4.530072739091924,0.0,1.0,0.0,0.0,0.0,0.0
31,280,9.303767130655132,10.926575354553222,1.0,0.0,0.0,1.0,0.0,0.0
32,280,0.261043003069599,3.90948417838985,1.0,0.0,1.0,1.0,0.0,1.0
33,280,7.586470231498079,0.0,0.0,0.0,0.0,1.0,0.0,0.0
34,280,9.71815226377917,10.045323700960708,0.0,0.0,0.0,1.0,1.0,1.0
35,280,6.508382771046886,8.938711381134995,0.0,1.0,1.0,1.0,0.0,0.0
36,280,4.405853001794194,0.0,1.0,0.0,0.0,1.0,1.0,0.0
37,280,6.581438429698915,0.0,1.0,0.0,1.0,0.0,1.0,1.0
38,280,4.218043266028749,12.0,1.0,0.0,1.0,0.0,0.0,1.0
39,280,0.4826103564072144,7.991273597701305,0.0,0.0,0.0,0.0,1.0,0.0
0,285,4.562577539967663,0.0,0.0,0.0,0.0,0.0,0.0,0.0
1,285,0.0,6.394221185064353,0.0,0.0,1.0,1.0,1.0,1.0
2,285,5.755530447137072,4.894171702057453,0.0,0.0,0.0,0.0,0.0,0.0
3,285,5.464795951086508,3.569687544773691,1.0,1.0,0.0,0.0,1.0,1.0
4,285,0.0,6.604568934264875,0.0,0.0,0.0,1.0,0.0,1.0
5,285,10.985476319257572,10.885043340741731,0.0,0.0,0.0,0.0,0.0,1.0
6,285,3.2800981465331227,6.933815686214595,1.0,0.0,1.0,0.0,0.0,0.0
7,285,12.0,4.198617984299694,1.0,1.0,0.0,0.0,1.0,1.0
8,285,0.8383897031103033,1.7133173333812657,0.0,1.0,1.0,1.0,1.0,0.0
9,285,6.871579198778764,0.9743589248207344,0.0,1.0,1.0,0.0,0.0,1.0
10,285,10.704782758114504,4.975938471834652,0.0,0.0,1.0,1.0,0.0,1.0
11,285,0.3158724359227221,0.0017292348747752,0.0,1.0,1.0,0.0,1.0,1.0
12,285,9.579139283253296,3.265652773427603,0.0,0.0,0.0,1.0,1.0,0.0
13,285,8.830980934555921,2.2998315206393256,1.0,1.0,0.0,0.0,0.0,0.0
14,285,0.0,4.590898045815917,0.0,0.0,1.0,0.0,0.0,0.0
15,285,7.865278477002782,1.673599977969188,0.0,0.0,1.0,0.0,1.0,0.0
16,285,9.349713320481726,4.12853650405767,1.0,1.0,0.0,1.0,0.0,1.0
17,285,4.668969525388178,11.316076822516758,1.0,0.0,0.0,0.0,1.0,0.0
18,285,2.769686211870558,4.431422345564057,1.0,1.0,0.0,0.0,1.0,0.0
19,285,10.319924661304666,7.586767269624798,0.0,0.0,0.0,0.0,1.0,0.0
20,285,5.496878504733876,11.110430350138872,0.0,0.0,1.0,0.0,1.0,1.0
21,285,9.644949111900884,4.682700736388233,1.0,0.0,1.0,0.0,0.0,1.0
22,285,12.0,4.689662769812481,1.0,0.0,1.0,1.0,0.0,0.0
23,285,10.551434696272027,12.0,0.0,1.0,0.0,0.0,1.0,1.0
24,285,12.0,11.67339427536413,0.0,1.0,0.0,0.0,1.0,1.0
25,285,0.0708617568776562,3.0946303673275524,1.0,1.0,1.0,0.0,0.0,0.0
26,285,0.3640425838586461,3.174506340339206,1.0,1.0,0.0,0.0,0.0,0.0
27,285,1.1582692692352912,8.66669108506038,1.0,1.0,0.0,0.0,0.0,0.0
28,285,10.419157167828732,7.465097787503877,0.0,0.0,1.0,0.0,1.0,1.0
29,285,12.0,5.549426766531282,0.0,1.0,0.0,1.0,0.0,1.0
30,285,0.0,4.500752394590211,0.0,1.0,0.0,0.0,0.0,0.0
31,285,9.470749373296544,10.95187012640765,1.0,0.0,0.0,1.0,0.0,0.0
32,285,0.2702685904363519,3.937944547311644,1.0,0.0,1.0,1.0,0.0,1.0
33,285,7.737350134583101,0.0,0.0,0.0,0.0,1.0,0.0,0.0
34,285,9.661395480220904,10.071768360521444,0.0,0.0,0.0,1.0,1.0,1.0
35,285,6.513166252068138,8.948656145741682,0.0,1.0,1.0,1.0,0.0,0.0
36,285,4.391889559739947,0.0,1.0,0.0,0.0,1.0,1.0,0.0
37,285,6.628699798043815,0.0,1.0,0.0,1.0,0.0,1.0,1.0
38,285,4.257337987693191,12.0,1.0,0.0,1.0,0.0,0.0,1.0
39,285,0.4565991827709419,7.991692437457216,0.0,0.0,0.0,0.0,1.0,0.0
0,290,4.562516309415872,0.0,0.0,0.0,0.0,0.0,0.0,0.0
1,290,0.0,6.403354874430824,0.0,0.0,1.0,1.0,1.0,1.0
2,290,5.640883688202091,4.81598149888098,0.0,0.0,0.0,0.0,0.0,0.0
3,290,5.386180143564619,3.6545159841602017,1.0,1.0,0.0,0.0,1.0,1.0
4,290,0.0,6.539334318312438,0.0,0.0,0.0,1.0,0.0,1.0
5,290,10.986854512023566,10.867449141086416,0.0,0.0,0.0,0.0,0.0,1.0
6,290,3.371534240096879,6.848314110371295,1.0,0.0,1.0,0.0,0.0,0.0
7,290,12.0,4.319872343228609,1.0,1.0,0.0,0.0,1.0,1.0
8,290,0.9480668171780828,1.6669539644401588,0.0,1.0,1.0,1.0,1.0,0.0
9,290,6.826451998547686,1.0174440894161885,0.0,1.0,1.0,0.0,0.0,1.0
10,290,10.547857282587298,4.848724291569392,0.0,0.0,1.0,1.0,0.0,1.0
11,290,0.2618263342782614,0.0043500954487369,0.0,1.0,1.0,0.0,1.0,1.0
12,290,9.505096201273355,3.374451017141878,0.0,0.0,0.0,1.0,1.0,0.0
13,290,8.756061579089357,2.3087386496167794,1.0,1.0,0.0,0.0,0.0,0.0
14,290,0.0,4.589134887743653,0.0,0.0,1.0,0.0,0.0,0.0
15,290,7.8647807579228735,1.698231148344686,0.0,0.0,1.0,0.0,1.0,0.0
16,290,9.373658195093997,4.133153107047009,1.0,1.0,0.0,1.0,0.0,1.0
17,290,4.395235107462055,11.270887098767052,1.0,0.0,0.0,0.0,1.0,0.0
18,290,2.748187121857,4.403605780507687,1.0,1.0,0.0,0.0,1.0,0.0
19,290,10.318314975015657,7.578637378191219,0.0,0.0,0.0,0.0,1.0,0.0
20,290,5.441187652453287,11.11327018358847,0.0,0.0,1.0,0.0,1.0,1.0
21,290,9.796699953022795,4.696344325512007,1.0,0.0,1.0,0.0,0.0,1.0
22,290,12.0,4.7536538851535255,1.0,0.0,1.0,1.0,0.0,0.0
23,290,10.759665417843893,12.0,0.0,1.0,0.0,0.0,1.0,1.0
24,290,12.0,11.739793903681326,0.0,1.0,0.0,0.0,1.0,1.0
25,290,0.0684598431350296,3.1793197531133,1.0,1.0,1.0,0.0,0.0,0.0
26,290,0.4642574340769148,3.161875426260345,1.0,1.0,0.0,0.0,0.0,0.0
27,290,1.1537384015826375,8.735497327001841,1.0,1.0,0.0,0.0,0.0,0.0
28,290,10.35743337394948,7.520106413853674,0.0,0.0,1.0,0.0,1.0,1.0
29,290,12.0,5.742439615674632,0.0,1.0,0.0,1.0,0.0,1.0
30,290,0.0,4.472652656691456,0.0,1.0,0.0,0.0,0.0,0.0
31,290,9.62836417661654,10.974658216417296,1.0,0.0,0.0,1.0,0.0,0.0
32,290,0.2816935897541662,3.974985155299392,1.0,0.0,1.0,1.0,0.0,1.0
33,290,7.881937727320161,0.0,0.0,0.0,0.0,1.0,0.0,0.0
34,290,9.6087304353316,10.096269786098668,0.0,0.0,0.0,1.0,1.0,1.0
35,290,6.515890130298903,8.953813674186643,0.0,1.0,1.0,1.0,0.0,0.0
36,290,4.379106967108576,0.0,1.0,0.0,0.0,1.0,1.0,0.0
37,290,6.6742729659013085,0.0,1.0,0.0,1.0,0.0,1.0,1.0
38,290,4.29382191519279,12.0,1.0,0.0,1.0,0.0,0.0,1.0
39,290,0.4414726641785412,7.991825686210904,0.0,0.0,0.0,0.0,1.0,0.0
0,295,4.562498624177445,0.0,0.0,0.0,0.0,0.0,0.0,0.0
1,295,0.0,6.4114443295488455,0.0,0.0,1.0,1.0,1.0,1.0
2,295,5.525144735119701,4.736661004895617,0.0,0.0,0.0,0.0,0.0,0.0
3,295,5.313371203353429,3.7309034885942416,1.0,1.0,0.0,0.0,1.0,1.0
4,295,0.0,6.475614246113167,0.0,0.0,0.0,1.0,0.0,1.0
5,295,10.99094755035148,10.830879950948953,0.0,0.0,0.0,0.0,0.0,1.0
6,295,3.4733927869185117,6.752141613977692,1.0,0.0,1.0,0.0,0.0,0.0
7,295,12.0,4.436397303649911,1.0,1.0,0.0,0.0,1.0,1.0
8,295,1.0518082387102785,1.6200655729488294,0.0,1.0,1.0,1.0,1.0,0.0
9,295,6.789282604704306,1.052846767983592,0.0,1.0,1.0,0.0,0.0,1.0
10,295,10.681775526851087,4.694622402085394,0.0,0.0,1.0,1.0,0.0,1.0
11,295,0.1916694604247542,0.0060481245816089,0.0,1.0,1.0,0.0,1.0,1.0
12,295,9.416136418485015,3.4978099184986675,0.0,0.0,0.0,1.0,1.0,0.0
13,295,8.680804533276293,2.316062738726203,1.0,1.0,0.0,0.0,0.0,0.0
14,295,0.0,4.58781915658231,0.0,0.0,1.0,0.0,0.0,0.0
15,295,7.863948533115127,1.71988686977432,0.0,0.0,1.0,0.0,1.0,0.0
16,295,9.412658465172974,4.140531876279746,1.0,1.0,0.0,1.0,0.0,1.0
17,295,4.139800222307107,11.226151645885992,1.0,0.0,0.0,0.0,1.0,0.0
18,295,2.715288562610305,4.360466775885494,1.0,1.0,0.0,0.0,1.0,0.0
19,295,10.319953655079816,7.587531184724363,0.0,0.0,0.0,0.0,1.0,0.0
20,295,5.394564519440527,11.115689384613155,0.0,0.0,1.0,0.0,1.0,1.0
21,295,9.9466785043081,4.712689288654082,1.0,0.0,1.0,0.0,0.0,1.0
22,295,12.0,4.809064207739175,1.0,0.0,1.0,1.0,0.0,0.0
23,295,10.964681283837772,12.0,0.0,1.0,0.0,0.0,1.0,1.0
24,295,12.0,11.811020636776854,0.0,1.0,0.0,0.0,1.0,1.0
25,295,0.0657042319767625,3.2563782471361677,1.0,1.0,1.0,0.0,0.0,0.0
26,295,0.557588388196923,3.147205960701288,1.0,1.0,0.0,0.0,0.0,0.0
27,295,1.150859975932157,8.770599127878459,1.0,1.0,0.0,0.0,0.0,0.0
28,295,10.288154656065515,7.583744248415329,0.0,0.0,1.0,0.0,1.0,1.0
29,295,12.0,5.922189178054548,0.0,1.0,0.0,1.0,0.0,1.0
30,295,0.0,4.44806514504949,0.0,1.0,0.0,0.0,0.0,0.0
31,295,9.772701766939816,10.995319334310269,1.0,0.0,0.0,1.0,0.0,0.0
32,295,0.2942219484754679,4.013154030440889,1.0,0.0,1.0,1.0,0.0,1.0
33,295,8.011803523864698,0.0,0.0,0.0,0.0,1.0,0.0,0.0
34,295,9.586884929886612,10.106451744252118,0.0,0.0,0.0,1.0,1.0,1.0
35,295,6.516134581597072,8.954262989872086,0.0,1.0,1.0,1.0,0.0,0.0
36,295,4.36475393738597,0.0,1.0,0.0,0.0,1.0,1.0,0.0
37,295,6.720210797078963,0.0,1.0,0.0,1.0,0.0,1.0,1.0
38,295,4.332831299005468,12.0,1.0,0.0,1.0,0.0,0.0,1.0
39,295,0.4224107218192987,7.992039072919305,0.0,0.0,0.0,0.0,1.0,0.0
