0,0,5.9766287493245,7.943261926055224,0.0,0.0,1.0,0.0,0.0,1.0
1,0,4.986445237218093,9.075443756257714,0.0,0.0,0.0,0.0,1.0,0.0
2,0,8.02006694143498,8.051646646981613,0.0,0.0,0.0,1.0,0.0,0.0
3,0,3.960255892940989,0.0,0.0,1.0,0.0,0.0,0.0,0.0
4,0,6.967312321843671,3.948711318904876,1.0,1.0,0.0,1.0,0.0,1.0
5,0,6.030693684277366,1.0680773464785274,0.0,0.0,0.0,0.0,1.0,0.0
6,0,2.0428533453376643,3.963751122598137,0.0,1.0,1.0,1.0,1.0,0.0
7,0,4.055144415630937,8.982384050391738,1.0,1.0,0.0,1.0,0.0,0.0
8,0,9.04565370656244,7.949385081253825,1.0,0.0,0.0,1.0,0.0,1.0
9,0,7.049040349710005,11.00406668788935,1.0,1.0,0.0,0.0,0.0,1.0
10,0,12.0,5.93900279986849,0.0,0.0,0.0,0.0,1.0,0.0
11,0,9.000938047949425,7.946556932698281,1.0,0.0,0.0,0.0,0.0,0.0
12,0,2.0287216204919813,5.947531921886717,1.0,0.0,0.0,0.0,0.0,0.0
13,0,5.041280382702036,9.029559158863048,1.0,0.0,1.0,0.0,0.0,1.0
14,0,1.9952099007196265,3.062538908909883,1.0,0.0,1.0,0.0,1.0,0.0
15,0,0.0,1.0357418969545062,1.0,0.0,0.0,0.0,0.0,0.0
16,0,7.026822225462185,0.9690199447861332,0.0,0.0,0.0,0.0,1.0,0.0
17,0,2.038813886254265,10.942280854653092,0.0,0.0,1.0,0.0,0.0,1.0
18,0,11.95650919825027,4.968820623381418,0.0,0.0,1.0,1.0,0.0,0.0
19,0,1.058151733748341,0.0218228962168507,1.0,0.0,1.0,0.0,0.0,0.0
20,0,6.99106875386753,10.984891171670874,0.0,1.0,1.0,0.0,0.0,0.0
21,0,0.9413291320828372,1.017251208345718,1.0,1.0,0.0,1.0,1.0,1.0
22,0,8.992604593681847,11.085543920128972,1.0,1.0,0.0,0.0,1.0,0.0
23,0,5.973289554651331,10.999068232967016,1.0,0.0,0.0,1.0,0.0,0.0
24,0,6.947644358857552,6.009618260143808,0.0,0.0,1.0,1.0,1.0,1.0
25,0,4.953323987489913,6.040120293731448,0.0,0.0,0.0,0.0,0.0,0.0
26,0,7.017362203765783,3.04649480499473,0.0,0.0,1.0,0.0,0.0,0.0
27,0,7.019382269704546,8.941061322506567,0.0,1.0,0.0,0.0,0.0,0.0
28,0,2.967390657181163,8.95704261009269,0.0,1.0,1.0,0.0,0.0,0.0
29,0,4.0122875012167,11.041725484621566,0.0,1.0,0.0,0.0,0.0,1.0
30,0,4.974211710963631,1.0405978349944929,0.0,0.0,1.0,0.0,0.0,1.0
31,0,7.964267952279752,5.972675687446959,1.0,0.0,0.0,1.0,0.0,0.0
32,0,1.9720765638230244,0.0,0.0,1.0,1.0,0.0,1.0,1.0
33,0,6.020402747073793,1.966663957059064,0.0,1.0,0.0,1.0,0.0,1.0
34,0,11.007412423107974,2.034308070120096,0.0,1.0,1.0,1.0,0.0,1.0
35,0,0.9787173136040012,1.9833248174051437,1.0,0.0,1.0,1.0,0.0,1.0
36,0,4.034981523599671,6.96322534822114,1.0,1.0,1.0,0.0,1.0,0.0
37,0,2.991022756064753,5.956991100744804,1.0,0.0,1.0,0.0,0.0,0.0
38,0,7.974000359820552,6.932625910334232,0.0,0.0,0.0,0.0,0.0,1.0
39,0,11.919705239501395,9.989401895757789,0.0,1.0,0.0,0.0,0.0,0.0
0,5,5.958060960116949,7.898499100538945,0.0,0.0,1.0,0.0,0.0,1.0
1,5,4.977642122025681,9.134815186576695,0.0,0.0,0.0,0.0,1.0,0.0
2,5,8.039528953055708,8.100495267432745,0.0,0.0,0.0,1.0,0.0,0.0
3,5,3.937029740349073,0.0,0.0,1.0,0.0,0.0,0.0,0.0
4,5,6.9354989820697055,3.8986448857045866,1.0,1.0,0.0,1.0,0.0,1.0
5,5,6.055073909392588,1.120413269429558,0.0,0.0,0.0,0.0,1.0,0.0
6,5,2.083420308464736,3.9281913833010695,0.0,1.0,1.0,1.0,1.0,0.0
7,5,4.109144361590428,8.964894747421706,1.0,1.0,0.0,1.0,0.0,0.0
8,5,9.08384210744389,7.90864371829746,1.0,0.0,0.0,1.0,0.0,1.0
9,5,7.092577110172613,11.008725097199775,1.0,1.0,0.0,0.0,0.0,1.0
10,5,12.0,5.891479996015344,0.0,0.0,0.0,0.0,1.0,0.0
11,5,9.003903566459364,7.891440457940456,1.0,0.0,0.0,0.0,0.0,0.0
12,5,2.059050048756864,5.891234987276435,1.0,0.0,0.0,0.0,0.0,0.0
13,5,5.064150987435828,9.046033708769256,1.0,0.0,1.0,0.0,0.0,1.0
14,5,1.99223705837543,3.110720417802264,1.0,0.0,1.0,0.0,1.0,0.0
15,5,0.0,1.0665461280072357,1.0,0.0,0.0,0.0,0.0,0.0
16,5,7.047057972540173,0.9457749323342904,0.0,0.0,0.0,0.0,1.0,0.0
17,5,1.9754527770908363,10.899250478460331,0.0,0.0,1.0,0.0,0.0,1.0
18,5,11.920648584627296,4.943473719281038,0.0,0.0,1.0,1.0,0.0,0.0
19,5,1.116705545633656,0.0455359143826788,1.0,0.0,1.0,0.0,0.0,0.0
20,5,6.9823322856908,10.970558668600916,0.0,1.0,1.0,0.0,0.0,0.0
21,5,0.8699692190830854,1.0388828224038715,1.0,1.0,0.0,1.0,1.0,1.0
22,5,8.981129616756789,11.182869453015991,1.0,1.0,0.0,0.0,1.0,0.0
23,5,5.959283272161321,10.998972146228551,1.0,0.0,0.0,1.0,0.0,0.0
24,5,6.909416404556941,6.017151563516952,0.0,0.0,1.0,1.0,1.0,1.0
25,5,4.913509941094901,6.07434207470872,0.0,0.0,0.0,0.0,0.0,0.0
26,5,7.028162869919171,3.0746164163510783,0.0,0.0,1.0,0.0,0.0,0.0
27,5,7.029074808547675,8.91160607259555,0.0,1.0,0.0,0.0,0.0,0.0
28,5,2.9404092444513688,8.921105217881601,0.0,1.0,1.0,0.0,0.0,0.0
29,5,4.022063351925001,11.078200579353243,0.0,1.0,0.0,0.0,0.0,1.0
30,5,4.951493519925566,1.075654015201685,0.0,0.0,1.0,0.0,0.0,1.0
31,5,7.940096256302666,5.953840869185194,1.0,0.0,0.0,1.0,0.0,0.0
32,5,1.9336284772213583,0.0,0.0,1.0,1.0,0.0,1.0,1.0
33,5,6.052112611475555,1.9145713754311755,0.0,1.0,0.0,1.0,0.0,1.0
34,5,11.012639220230016,2.0595180696214226,0.0,1.0,1.0,1.0,0.0,1.0
35,5,0.9718112003143174,1.9780670925164316,1.0,0.0,1.0,1.0,0.0,1.0
36,5,4.067576934386701,6.928097958735141,1.0,1.0,1.0,0.0,1.0,0.0
37,5,2.9880263136652605,5.941699839671226,1.0,0.0,1.0,0.0,0.0,0.0
38,5,7.936071806554783,6.833774725559273,0.0,0.0,0.0,0.0,0.0,1.0
39,5,11.832563585392752,9.978394593879118,0.0,1.0,0.0,0.0,0.0,0.0
0,10,5.947474299842479,7.873748668687208,0.0,0.0,1.0,0.0,0.0,1.0
1,10,4.969424505870767,9.1854477515921,0.0,0.0,0.0,0.0,1.0,0.0
2,10,8.061825700913406,8.154607345572014,0.0,0.0,0.0,1.0,0.0,0.0
3,10,3.9241070457718106,0.0,0.0,1.0,0.0,0.0,0.0,0.0
4,10,6.900253689916568,3.844932168053515,1.0,1.0,0.0,1.0,0.0,1.0
5,10,6.077625783255762,1.1696117415722402,0.0,0.0,0.0,0.0,1.0,0.0
6,10,2.1273989491402703,3.891499895574632,0.0,1.0,1.0,1.0,1.0,0.0
7,10,4.167911266653662,8.9454523730385,1.0,1.0,0.0,1.0,0.0,0.0
8,10,9.12332320721426,7.8661926822472035,1.0,0.0,0.0,1.0,0.0,1.0
9,10,7.141817292275,11.0141424889363,1.0,1.0,0.0,0.0,0.0,1.0
10,10,12.0,5.895453293710006,0.0,0.0,0.0,0.0,1.0,0.0
11,10,9.00720773945114,7.853491658327245,1.0,0.0,0.0,0.0,0.0,0.0
12,10,2.101471440867646,5.817308877885547,1.0,0.0,0.0,0.0,0.0,0.0
13,10,5.091311676722878,9.066721351015826,1.0,0.0,1.0,0.0,0.0,1.0
14,10,1.9903975462794208,3.1412500928527742,1.0,0.0,1.0,0.0,1.0,0.0
15,10,0.0,1.0800366606279603,1.0,0.0,0.0,0.0,0.0,0.0
16,10,7.061629626575848,0.9286487926061654,0.0,0.0,0.0,0.0,1.0,0.0
17,10,1.9237676738724692,10.864783062617288,0.0,0.0,1.0,0.0,0.0,1.0
18,10,11.870362345378895,4.909081296007013,0.0,0.0,1.0,1.0,0.0,0.0
19,10,1.1747319597897,0.0681992266772554,1.0,0.0,1.0,0.0,0.0,0.0
20,10,6.95890345725111,10.931363723565962,0.0,1.0,1.0,0.0,0.0,0.0
21,10,0.7835357262504418,1.0662278196535953,1.0,1.0,0.0,1.0,1.0,1.0
22,10,8.969169694386201,11.273035879611312,1.0,1.0,0.0,0.0,1.0,0.0
23,10,5.927374671425503,10.998871563646553,1.0,0.0,0.0,1.0,0.0,0.0
24,10,6.887194822202024,6.021603133811914,0.0,0.0,1.0,1.0,1.0,1.0
25,10,4.8585056550506405,6.122626698015433,0.0,0.0,0.0,0.0,0.0,0.0
26,10,7.040642201738232,3.1074294402428886,0.0,0.0,1.0,0.0,0.0,0.0
27,10,7.038553800122095,8.882825934288357,0.0,1.0,0.0,0.0,0.0,0.0
28,10,2.906628681446981,8.878304013843643,0.0,1.0,1.0,0.0,0.0,0.0
29,10,4.036578627190744,11.131292356846185,0.0,1.0,0.0,0.0,0.0,1.0
30,10,4.932674503013317,1.1036460443282978,0.0,0.0,1.0,0.0,0.0,1.0
31,10,7.901961749678024,5.922900075034008,1.0,0.0,0.0,1.0,0.0,0.0
32,10,1.8970160559916347,0.0,0.0,1.0,1.0,0.0,1.0,1.0
33,10,6.078380899372827,1.8680324838616036,0.0,1.0,0.0,1.0,0.0,1.0
34,10,11.018885938133351,2.0946184606473945,0.0,1.0,1.0,1.0,0.0,1.0
35,10,0.9653460321587004,1.9730714598784815,1.0,0.0,1.0,1.0,0.0,1.0
36,10,4.08832374848443,6.9041954380490935,1.0,1.0,1.0,0.0,1.0,0.0
37,10,3.0063477534924337,5.938547985492619,1.0,0.0,1.0,0.0,0.0,0.0
38,10,7.899249579208936,6.731857721843309,0.0,0.0,0.0,0.0,0.0,1.0
39,10,11.751660111293814,9.969586021325066,0.0,1.0,0.0,0.0,0.0,0.0
0,15,5.940772313845157,7.858658933686675,0.0,0.0,1.0,0.0,0.0,1.0
1,15,4.9639902898558885,9.213985797042998,0.0,0.0,0.0,0.0,1.0,0.0
2,15,8.085168717595081,8.210247203774738,0.0,0.0,0.0,1.0,0.0,0.0
3,15,3.8755869018505433,0.0,0.0,1.0,0.0,0.0,0.0,0.0
4,15,6.864331339244707,3.792292328986318,1.0,1.0,0.0,1.0,0.0,1.0
5,15,6.10669534138576,1.2273367194992837,0.0,0.0,0.0,0.0,1.0,0.0
6,15,2.179345826004764,3.84906059243004,0.0,1.0,1.0,1.0,1.0,0.0
7,15,4.206356413300411,8.93421234015004,1.0,1.0,0.0,1.0,0.0,0.0
8,15,9.167635151057096,7.817497303882521,1.0,0.0,0.0,1.0,0.0,1.0
9,15,7.183491529067243,11.019436813654757,1.0,1.0,0.0,0.0,0.0,1.0
10,15,12.0,5.899709040384558,0.0,0.0,0.0,0.0,1.0,0.0
11,15,9.010438719675404,7.827201444760831,1.0,0.0,0.0,0.0,0.0,0.0
12,15,2.145168975877654,5.746309294635704,1.0,0.0,0.0,0.0,0.0,0.0
13,15,5.125872377565914,9.09367662078638,1.0,0.0,1.0,0.0,0.0,1.0
14,15,1.988217427241275,3.18162402014748,1.0,0.0,1.0,0.0,1.0,0.0
15,15,0.0,1.093875779373311,1.0,0.0,0.0,0.0,0.0,0.0
16,15,7.098628984522833,0.8847161689426198,0.0,0.0,0.0,0.0,1.0,0.0
17,15,1.86528752392354,10.825987184059109,0.0,0.0,1.0,0.0,0.0,1.0
18,15,11.82270674013794,4.8755823475514015,0.0,0.0,1.0,1.0,0.0,0.0
19,15,1.2189348534560862,0.0851895664449935,1.0,0.0,1.0,0.0,0.0,0.0
20,15,6.936188493228933,10.89501683211486,0.0,1.0,1.0,0.0,0.0,0.0
21,15,0.6961189025655641,1.0927924422878592,1.0,1.0,0.0,1.0,1.0,1.0
22,15,8.957066367810901,11.35069877703779,1.0,1.0,0.0,0.0,1.0,0.0
23,15,5.904860751942951,10.999247655437747,1.0,0.0,0.0,1.0,0.0,0.0
24,15,6.8749424982446525,6.024097864889021,0.0,0.0,1.0,1.0,1.0,1.0
25,15,4.806328909768105,6.171623156017042,0.0,0.0,0.0,0.0,0.0,0.0
26,15,7.046771961422694,3.1248552405693557,0.0,0.0,1.0,0.0,0.0,0.0
27,15,7.049869942581275,8.847292826748662,0.0,1.0,0.0,0.0,0.0,0.0
28,15,2.859456020311394,8.816299077110395,0.0,1.0,1.0,0.0,0.0,0.0
29,15,4.049640205960519,11.17732535486769,0.0,1.0,0.0,0.0,0.0,1.0
30,15,4.913334079555406,1.131935813128771,0.0,0.0,1.0,0.0,0.0,1.0
31,15,7.863089623461857,5.892825080034314,1.0,0.0,0.0,1.0,0.0,0.0
32,15,1.8438791797889893,0.0,0.0,1.0,1.0,0.0,1.0,1.0
33,15,6.091604791728028,1.843118982128816,0.0,1.0,0.0,1.0,0.0,1.0
34,15,11.022851551197686,2.1184279670946933,0.0,1.0,1.0,1.0,0.0,1.0
35,15,0.9424595358868104,1.9550628880585097,1.0,0.0,1.0,1.0,0.0,1.0
36,15,4.085682758440395,6.907132662360922,1.0,1.0,1.0,0.0,1.0,0.0
37,15,3.060408136476709,5.929361783369823,1.0,0.0,1.0,0.0,0.0,0.0
38,15,7.784214883161535,6.771039687492124,0.0,0.0,0.0,0.0,0.0,1.0
39,15,11.675310788330266,9.962426772194508,0.0,1.0,0.0,0.0,0.0,0.0
0,20,5.924709599082385,7.825203005970724,0.0,0.0,1.0,0.0,0.0,1.0
1,20,4.958900445980556,9.239777321739874,0.0,0.0,0.0,0.0,1.0,0.0
2,20,8.112614961236824,8.274804574406856,0.0,0.0,0.0,1.0,0.0,0.0
3,20,3.836145358321223,0.0,0.0,1.0,0.0,0.0,0.0,0.0
4,20,6.814216898529348,3.721747755312054,1.0,1.0,0.0,1.0,0.0,1.0
5,20,6.045389513195709,1.2608608538498038,0.0,0.0,0.0,0.0,1.0,0.0
6,20,2.2318304236807696,3.806237266057717,0.0,1.0,1.0,1.0,1.0,0.0
7,20,4.234296257285973,8.926299779108676,1.0,1.0,0.0,1.0,0.0,0.0
8,20,9.226914499088174,7.756628322541121,1.0,0.0,0.0,1.0,0.0,1.0
9,20,7.246176027857159,11.029993723361198,1.0,1.0,0.0,0.0,0.0,1.0
10,20,12.0,5.903494716679379,0.0,0.0,0.0,0.0,1.0,0.0
11,20,9.014413388584796,7.789197914262053,1.0,0.0,0.0,0.0,0.0,0.0
12,20,2.1851681238326126,5.678212595493553,1.0,0.0,0.0,0.0,0.0,0.0
13,20,5.1700103414672585,9.127265902343744,1.0,0.0,1.0,0.0,0.0,1.0
14,20,1.98649397196321,3.209443143253573,1.0,0.0,1.0,0.0,1.0,0.0
15,20,0.0,1.1125196125356671,1.0,0.0,0.0,0.0,0.0,0.0
16,20,7.116514821337285,0.8634409589952107,0.0,0.0,0.0,0.0,1.0,0.0
17,20,1.8215104075120971,10.79777501143529,0.0,0.0,1.0,0.0,0.0,1.0
18,20,11.767763547931052,4.838849669703785,0.0,0.0,1.0,1.0,0.0,0.0
19,20,1.23941558241246,0.0929431566381828,1.0,0.0,1.0,0.0,0.0,0.0
20,20,6.923921412329289,10.87401193163886,0.0,1.0,1.0,0.0,0.0,0.0
21,20,0.6261542891774319,1.1126956435186028,1.0,1.0,0.0,1.0,1.0,1.0
22,20,8.950266599417859,11.401028252554566,1.0,1.0,0.0,0.0,1.0,0.0
23,20,5.905493001124914,10.999228647491748,1.0,0.0,0.0,1.0,0.0,0.0
24,20,6.882270739270687,6.0225915182141785,0.0,0.0,1.0,1.0,1.0,1.0
25,20,4.758960500573426,6.213835443378949,0.0,0.0,0.0,0.0,0.0,0.0
26,20,7.052021352894188,3.138194972323402,0.0,0.0,1.0,0.0,0.0,0.0
27,20,7.06836788128176,8.790527168981626,0.0,1.0,0.0,0.0,0.0,0.0
28,20,2.7983891226807183,8.734608034808462,0.0,1.0,1.0,0.0,0.0,0.0
29,20,4.065281467026074,11.233448514518829,0.0,1.0,0.0,0.0,0.0,1.0
30,20,4.90967684301834,1.1374109351219388,0.0,0.0,1.0,0.0,0.0,1.0
31,20,7.820502173844908,5.861565500404238,1.0,0.0,0.0,1.0,0.0,0.0
32,20,1.7981100989361547,0.0,0.0,1.0,1.0,0.0,1.0,1.0
33,20,6.119574774686293,1.7898381280681337,0.0,1.0,0.0,1.0,0.0,1.0
34,20,11.027136097409922,2.141071195227362,0.0,1.0,1.0,1.0,0.0,1.0
35,20,0.9265693954815494,1.9426587979487204,1.0,0.0,1.0,1.0,0.0,1.0
36,20,4.07130225460195,6.922707884787656,1.0,1.0,1.0,0.0,1.0,0.0
37,20,3.1374552229498933,5.914944339518058,1.0,0.0,1.0,0.0,0.0,0.0
38,20,7.657325846742522,6.813633787522347,0.0,0.0,0.0,0.0,0.0,1.0
39,20,11.568903007056075,9.956364622942967,0.0,1.0,0.0,0.0,0.0,0.0
0,25,5.914117824446252,7.80355069416209,0.0,0.0,1.0,0.0,0.0,1.0
1,25,4.955814546861057,9.258935701428184,0.0,0.0,0.0,0.0,1.0,0.0
2,25,8.133949725052325,8.327401837043821,0.0,0.0,0.0,1.0,0.0,0.0
3,25,3.8051743117444423,0.0,0.0,1.0,0.0,0.0,0.0,0.0
4,25,6.758287575338438,3.6461987581730586,1.0,1.0,0.0,1.0,0.0,1.0
5,25,5.981563967825728,1.2979374440305582,0.0,0.0,0.0,0.0,1.0,0.0
6,25,2.28564044343468,3.764689981932151,0.0,1.0,1.0,1.0,1.0,0.0
7,25,4.256999649042821,8.919756325871317,1.0,1.0,0.0,1.0,0.0,0.0
8,25,9.288424463989855,7.693180376132563,1.0,0.0,0.0,1.0,0.0,1.0
9,25,7.303431914733926,11.039724876581658,1.0,1.0,0.0,0.0,0.0,1.0
10,25,12.0,5.906971112737651,0.0,0.0,0.0,0.0,1.0,0.0
11,25,9.016733879447306,7.76868655528064,1.0,0.0,0.0,0.0,0.0,0.0
12,25,2.2307019750176877,5.604067826643637,1.0,0.0,0.0,0.0,0.0,0.0
13,25,5.207453400993497,9.155948951335676,1.0,0.0,1.0,0.0,0.0,1.0
14,25,1.9841537882991795,3.253498809171379,1.0,0.0,1.0,0.0,1.0,0.0
15,25,0.0,1.1386938319191335,1.0,0.0,0.0,0.0,0.0,0.0
16,25,7.145358546781671,0.8289291660054627,0.0,0.0,0.0,0.0,1.0,0.0
17,25,1.77836022636759,10.771062390852942,0.0,0.0,1.0,0.0,0.0,1.0
18,25,11.704908493799282,4.797415656881069,0.0,0.0,1.0,1.0,0.0,0.0
19,25,1.2566025854906009,0.0998724499478264,1.0,0.0,1.0,0.0,0.0,0.0
20,25,6.919609545814576,10.86668760249603,0.0,1.0,1.0,0.0,0.0,0.0
21,25,0.5588869784688201,1.1330165194763857,1.0,1.0,0.0,1.0,1.0,1.0
22,25,8.944039570863914,11.448869844909773,1.0,1.0,0.0,0.0,1.0,0.0
23,25,5.881678208790134,10.999585988872298,1.0,0.0,0.0,1.0,0.0,0.0
24,25,6.891716001634307,6.020669315750984,0.0,0.0,1.0,1.0,1.0,1.0
25,25,4.718694787415089,6.248043187948187,0.0,0.0,0.0,0.0,0.0,0.0
26,25,7.056348158057783,3.1500121626677653,0.0,0.0,1.0,0.0,0.0,0.0
27,25,7.087309700187893,8.732740973935153,0.0,1.0,0.0,0.0,0.0,0.0
28,25,2.7176849705548585,8.627207560880297,0.0,1.0,1.0,0.0,0.0,0.0
29,25,4.086748379162147,11.319817912415932,0.0,1.0,0.0,0.0,0.0,1.0
30,25,4.90034856196697,1.1509662845396296,0.0,0.0,1.0,0.0,0.0,1.0
31,25,7.785392843944127,5.83625877631648,1.0,0.0,0.0,1.0,0.0,0.0
32,25,1.7476423011314666,0.0,0.0,1.0,1.0,0.0,1.0,1.0
33,25,6.151232801304158,1.7312179184857917,0.0,1.0,0.0,1.0,0.0,1.0
34,25,11.032170351452567,2.1724396786944773,0.0,1.0,1.0,1.0,0.0,1.0
35,25,0.9201280527151416,1.9376488208014813,1.0,0.0,1.0,1.0,0.0,1.0
36,25,4.056820464039054,6.939078282170536,1.0,1.0,1.0,0.0,1.0,0.0
37,25,3.208206319548716,5.902570215773422,1.0,0.0,1.0,0.0,0.0,0.0
38,25,7.547536083691145,6.848899482355112,0.0,0.0,0.0,0.0,0.0,1.0
39,25,11.461702591513676,9.950809534836653,0.0,1.0,0.0,0.0,0.0,0.0
0,30,5.89871805283882,7.769827980100262,0.0,0.0,1.0,0.0,0.0,1.0
1,30,4.954890973897089,9.264769458268985,0.0,0.0,0.0,0.0,1.0,0.0
2,30,8.157116267764764,8.393884701626465,0.0,0.0,0.0,1.0,0.0,0.0
3,30,3.7829631279939098,0.0,0.0,1.0,0.0,0.0,0.0,0.0
4,30,6.695446312603457,3.558768351839999,1.0,1.0,0.0,1.0,0.0,1.0
5,30,5.9107515107380735,1.336977935702276,0.0,0.0,0.0,0.0,1.0,0.0
6,30,2.3389961409077342,3.726501884379615,0.0,1.0,1.0,1.0,1.0,0.0
7,30,4.297648370038039,8.907609980521574,1.0,1.0,0.0,1.0,0.0,0.0
8,30,9.347367947049172,7.63426309981248,1.0,0.0,0.0,1.0,0.0,1.0
9,30,7.364502775542386,11.048904394253585,1.0,1.0,0.0,0.0,0.0,1.0
10,30,12.0,5.911437080251079,0.0,0.0,0.0,0.0,1.0,0.0
11,30,9.019058575531217,7.747196728281598,1.0,0.0,0.0,0.0,0.0,0.0
12,30,2.2796532886350063,5.524170581990848,1.0,0.0,0.0,0.0,0.0,0.0
13,30,5.242392917590529,9.182706756064269,1.0,0.0,1.0,0.0,0.0,1.0
14,30,1.9814292926750867,3.3092217021765884,1.0,0.0,1.0,0.0,1.0,0.0
15,30,0.0,1.160276513105002,1.0,0.0,0.0,0.0,0.0,0.0
16,30,7.186518627683799,0.7798373884676164,0.0,0.0,0.0,0.0,1.0,0.0
17,30,1.7993693067311,10.736843425274364,0.0,0.0,1.0,0.0,0.0,1.0
18,30,11.637860698615832,4.751659651874402,0.0,0.0,1.0,1.0,0.0,0.0
19,30,1.269898624641796,0.1052102715476061,1.0,0.0,1.0,0.0,0.0,0.0
20,30,6.918684951099332,10.865200387188114,0.0,1.0,1.0,0.0,0.0,0.0
21,30,0.5098135087037754,1.1479599305077253,1.0,1.0,0.0,1.0,1.0,1.0
22,30,8.9420250876147,11.463535115618496,1.0,1.0,0.0,0.0,1.0,0.0
23,30,5.8481486573401975,10.999996523096572,1.0,0.0,0.0,1.0,0.0,0.0
24,30,6.918050969320777,6.0142808315284,0.0,0.0,1.0,1.0,1.0,1.0
25,30,4.677117364728156,6.282335767055684,0.0,0.0,0.0,0.0,0.0,0.0
26,30,7.057740671676727,3.1542420554197013,0.0,0.0,1.0,0.0,0.0,0.0
27,30,7.099687822209514,8.694104087607771,0.0,1.0,0.0,0.0,0.0,0.0
28,30,2.6356516284268072,8.519230434414602,0.0,1.0,1.0,0.0,0.0,0.0
29,30,4.11602119009943,11.440034629460172,0.0,1.0,0.0,0.0,0.0,1.0
30,30,4.896608093316755,1.156394677025593,0.0,0.0,1.0,0.0,0.0,1.0
31,30,7.759436655178386,5.817742679533383,1.0,0.0,0.0,1.0,0.0,0.0
32,30,1.6966834407433145,0.0,0.0,1.0,1.0,0.0,1.0,1.0
33,30,6.186185384541846,1.6647804288927723,0.0,1.0,0.0,1.0,0.0,1.0
34,30,11.036439844405214,2.201505195116341,0.0,1.0,1.0,1.0,0.0,1.0
35,30,0.921986430857379,1.9391143040948453,1.0,0.0,1.0,1.0,0.0,1.0
36,30,4.056518776185411,6.939428800211692,1.0,1.0,1.0,0.0,1.0,0.0
37,30,3.2765785303144312,5.89076457740796,1.0,0.0,1.0,0.0,0.0,0.0
38,30,7.449095690809281,6.8798001443136005,0.0,0.0,0.0,0.0,0.0,1.0
39,30,11.33545122876768,9.944627496830355,0.0,1.0,0.0,0.0,0.0,0.0
0,35,5.890284868908671,7.751943996815876,0.0,0.0,1.0,0.0,0.0,1.0
1,35,4.953840279932377,9.272528907927096,0.0,0.0,0.0,0.0,1.0,0.0
2,35,8.185605817694817,8.472791572276561,0.0,0.0,0.0,1.0,0.0,0.0
3,35,3.7800471885078055,0.0,0.0,1.0,0.0,0.0,0.0,0.0
4,35,6.627489334775388,3.4611139935165323,1.0,1.0,0.0,1.0,0.0,1.0
5,35,5.831925660505413,1.3786312501722815,0.0,0.0,0.0,0.0,1.0,0.0
6,35,2.3890773118278568,3.692700595104653,0.0,1.0,1.0,1.0,1.0,0.0
7,35,4.323854913995597,8.899730711150296,1.0,1.0,0.0,1.0,0.0,0.0
8,35,9.397586629170672,7.586797656628438,1.0,0.0,0.0,1.0,0.0,1.0
9,35,7.412945068487257,11.05647475175747,1.0,1.0,0.0,0.0,0.0,1.0
10,35,12.0,5.913223692503244,0.0,0.0,0.0,0.0,1.0,0.0
11,35,9.023221839621078,7.707400578157306,1.0,0.0,0.0,0.0,0.0,0.0
12,35,2.3239486230237234,5.446563971012743,1.0,0.0,0.0,0.0,0.0,0.0
13,35,5.276461376266964,9.208336911316898,1.0,0.0,1.0,0.0,0.0,1.0
14,35,1.980164493084963,3.346789843305499,1.0,0.0,1.0,0.0,1.0,0.0
15,35,0.0,1.183703483898626,1.0,0.0,0.0,0.0,0.0,0.0
16,35,7.220525761586376,0.7402948904153248,0.0,0.0,0.0,0.0,1.0,0.0
17,35,1.814884375873409,10.711288696395805,0.0,0.0,1.0,0.0,0.0,1.0
18,35,11.557457944517491,4.700278947050498,0.0,0.0,1.0,1.0,0.0,0.0
19,35,1.266416155933036,0.1037562297122829,1.0,0.0,1.0,0.0,0.0,0.0
20,35,6.907031465046437,10.84553515394156,0.0,1.0,1.0,0.0,0.0,0.0
21,35,0.4448779522332275,1.168027983833562,1.0,1.0,0.0,1.0,1.0,1.0
22,35,8.935542214831907,11.50716317929906,1.0,1.0,0.0,0.0,1.0,0.0
23,35,5.810264262045548,11.001164953827365,1.0,0.0,0.0,1.0,0.0,0.0
24,35,6.956222025900188,6.004840778873537,0.0,0.0,1.0,1.0,1.0,1.0
25,35,4.629278996153338,6.322441289508347,0.0,0.0,0.0,0.0,0.0,0.0
26,35,7.059471906595217,3.159607775036033,0.0,0.0,1.0,0.0,0.0,0.0
27,35,7.108816737894385,8.667048742352563,0.0,1.0,0.0,0.0,0.0,0.0
28,35,2.552963337237843,8.412102468644989,0.0,1.0,1.0,0.0,0.0,0.0
29,35,4.150205590074059,11.581312578639336,0.0,1.0,0.0,0.0,0.0,1.0
30,35,4.895201622914518,1.1583849797424564,0.0,0.0,1.0,0.0,0.0,1.0
31,35,7.732736756696289,5.7984089362858935,1.0,0.0,0.0,1.0,0.0,0.0
32,35,1.6463362255977034,0.0,0.0,1.0,1.0,0.0,1.0,1.0
33,35,6.213575583127422,1.6134378210231406,0.0,1.0,0.0,1.0,0.0,1.0
34,35,11.043259215601667,2.242788273648445,0.0,1.0,1.0,1.0,0.0,1.0
35,35,0.9328611236946716,1.9480172701414584,1.0,0.0,1.0,1.0,0.0,1.0
36,35,4.063991189184046,6.931402530836062,1.0,1.0,1.0,0.0,1.0,0.0
37,35,3.317473545275288,5.882328691720439,1.0,0.0,1.0,0.0,0.0,0.0
38,35,7.351603375859697,6.907663750346078,0.0,0.0,0.0,0.0,0.0,1.0
39,35,11.23300411406397,9.938582938382202,0.0,1.0,0.0,0.0,0.0,0.0
0,40,5.884862360991443,7.740037125495855,0.0,0.0,1.0,0.0,0.0,1.0
1,40,4.953719201558345,9.273411687982373,0.0,0.0,0.0,0.0,1.0,0.0
2,40,8.223392407748257,8.575032918586178,0.0,0.0,0.0,1.0,0.0,0.0
3,40,3.76618105571534,0.0,0.0,1.0,0.0,0.0,0.0,0.0
4,40,6.557108799786498,3.364932032081155,1.0,1.0,0.0,1.0,0.0,1.0
5,40,5.762101258461174,1.4142218374234663,0.0,0.0,0.0,0.0,1.0,0.0
6,40,2.4351261869986294,3.660787663619807,0.0,1.0,1.0,1.0,1.0,0.0
7,40,4.3594600941625545,8.889009476536113,1.0,1.0,0.0,1.0,0.0,0.0
8,40,9.427876774916822,7.557169325175017,1.0,0.0,0.0,1.0,0.0,1.0
9,40,7.453980889077062,11.062562937493796,1.0,1.0,0.0,0.0,0.0,1.0
10,40,12.0,5.915245300124028,0.0,0.0,0.0,0.0,1.0,0.0
11,40,9.028471104386162,7.663374581660457,1.0,0.0,0.0,0.0,0.0,0.0
12,40,2.372603462411633,5.35742562302174,1.0,0.0,0.0,0.0,0.0,0.0
13,40,5.311091585729565,9.234367985983017,1.0,0.0,1.0,0.0,0.0,1.0
14,40,1.9781636508882716,3.3877375519418327,1.0,0.0,1.0,0.0,1.0,0.0
15,40,0.0,1.2063384670123367,1.0,0.0,0.0,0.0,0.0,0.0
16,40,7.263276363634919,0.6916647563524864,0.0,0.0,0.0,0.0,1.0,0.0
17,40,1.8341293231418083,10.680058808716804,0.0,0.0,1.0,0.0,0.0,1.0
18,40,11.486327513120813,4.657316233005778,0.0,0.0,1.0,1.0,0.0,0.0
19,40,1.2607632504948176,0.1013552010261584,1.0,0.0,1.0,0.0,0.0,0.0
20,40,6.886255989314212,10.811514157361774,0.0,1.0,1.0,0.0,0.0,0.0
21,40,0.3696284561634885,1.1895322327886944,1.0,1.0,0.0,1.0,1.0,1.0
22,40,8.92969019391828,11.54350115960523,1.0,1.0,0.0,0.0,1.0,0.0
23,40,5.763543465799923,11.00248745571023,1.0,0.0,0.0,1.0,0.0,0.0
24,40,7.008482857455903,5.992266441754883,0.0,0.0,1.0,1.0,1.0,1.0
25,40,4.576612124315637,6.365683809918571,0.0,0.0,0.0,0.0,0.0,0.0
26,40,7.062336876765923,3.1681449992836046,0.0,0.0,1.0,0.0,0.0,0.0
27,40,7.113603993647317,8.653049053239616,0.0,1.0,0.0,0.0,0.0,0.0
28,40,2.4628807080140342,8.296095785768493,0.0,1.0,1.0,0.0,0.0,0.0
29,40,4.173882219257495,11.688645224907429,0.0,1.0,0.0,0.0,0.0,1.0
30,40,4.896424040629583,1.156604063358976,0.0,0.0,1.0,0.0,0.0,1.0
31,40,7.696465731539517,5.772320057127658,1.0,0.0,0.0,1.0,0.0,0.0
32,40,1.6009512530243306,0.0,0.0,1.0,1.0,0.0,1.0,1.0
33,40,6.244942609126801,1.5559603125895256,0.0,1.0,0.0,1.0,0.0,1.0
34,40,11.051398942385442,2.287803591641436,0.0,1.0,1.0,1.0,0.0,1.0
35,40,0.9547270926087976,1.9660114989092865,1.0,0.0,1.0,1.0,0.0,1.0
36,40,4.064064217011126,6.931328519004002,1.0,1.0,1.0,0.0,1.0,0.0
37,40,3.361099278885833,5.873812618095855,1.0,0.0,1.0,0.0,0.0,0.0
38,40,7.244479647617125,6.932649774184787,0.0,0.0,0.0,0.0,0.0,1.0
39,40,11.128229039564562,9.931119934554594,0.0,1.0,0.0,0.0,0.0,0.0
0,45,5.879439731808267,7.728632970950538,0.0,0.0,1.0,0.0,0.0,1.0
1,45,4.95451055992347,9.26668645292099,0.0,0.0,0.0,0.0,1.0,0.0
2,45,8.254759218109632,8.661368569585457,0.0,0.0,0.0,1.0,0.0,0.0
3,45,3.7350133210317935,0.0,0.0,1.0,0.0,0.0,0.0,0.0
4,45,6.496201258071335,3.281442772861077,1.0,1.0,0.0,1.0,0.0,1.0
5,45,5.694655992957602,1.446561794717238,0.0,0.0,0.0,0.0,1.0,0.0
6,45,2.4768198288877845,3.6298999659751368,0.0,1.0,1.0,1.0,1.0,0.0
7,45,4.415818528722556,8.873214344209055,1.0,1.0,0.0,1.0,0.0,0.0
8,45,9.451774602900189,7.534296988989253,1.0,0.0,0.0,1.0,0.0,1.0
9,45,7.484770038146468,11.067813673590422,1.0,1.0,0.0,0.0,0.0,1.0
10,45,12.0,5.917503766991016,0.0,0.0,0.0,0.0,1.0,0.0
11,45,9.033536642172164,7.622047477218119,1.0,0.0,0.0,0.0,0.0,0.0
12,45,2.4194421476617927,5.274261922107263,1.0,0.0,0.0,0.0,0.0,0.0
13,45,5.345221652364407,9.259918619885102,1.0,0.0,1.0,0.0,0.0,1.0
14,45,1.9765166230778213,3.434126222685431,1.0,0.0,1.0,0.0,1.0,0.0
15,45,0.0,1.2179530120751705,1.0,0.0,0.0,0.0,0.0,0.0
16,45,7.310339687010313,0.6387372010833274,0.0,0.0,0.0,0.0,1.0,0.0
17,45,1.8534977937985309,10.649870351866438,0.0,0.0,1.0,0.0,0.0,1.0
18,45,11.41021466330224,4.61059451006199,0.0,0.0,1.0,1.0,0.0,0.0
19,45,1.236413419776357,0.0908562116619387,1.0,0.0,1.0,0.0,0.0,0.0
20,45,6.864019613903706,10.776313626237014,0.0,1.0,1.0,0.0,0.0,0.0
21,45,0.3009244701025505,1.2094615633101673,1.0,1.0,0.0,1.0,1.0,1.0
22,45,8.920336655913374,11.600579812331745,1.0,1.0,0.0,0.0,1.0,0.0
23,45,5.709546113859829,11.004356395044429,1.0,0.0,0.0,1.0,0.0,0.0
24,45,7.055452387771001,5.981871084097624,0.0,0.0,1.0,1.0,1.0,1.0
25,45,4.544434759853823,6.391652310203444,0.0,0.0,0.0,0.0,0.0,0.0
26,45,7.065757550905865,3.178472238108985,0.0,0.0,1.0,0.0,0.0,0.0
27,45,7.120881932654007,8.631926250666211,0.0,1.0,0.0,0.0,0.0,0.0
28,45,2.3666459731556864,8.170277394514624,0.0,1.0,1.0,0.0,0.0,0.0
29,45,4.194772939645098,11.795537622113418,0.0,1.0,0.0,0.0,0.0,1.0
30,45,4.888876458883556,1.167728912882195,0.0,0.0,1.0,0.0,0.0,1.0
31,45,7.667336374592753,5.750442452282954,1.0,0.0,0.0,1.0,0.0,0.0
32,45,1.55318018882475,0.0,0.0,1.0,1.0,0.0,1.0,1.0
33,45,6.267738021182336,1.513987080141416,0.0,1.0,0.0,1.0,0.0,1.0
34,45,11.054915558381849,2.307574739753632,0.0,1.0,1.0,1.0,0.0,1.0
35,45,0.9694353913362752,1.977911078089531,1.0,0.0,1.0,1.0,0.0,1.0
36,45,4.080896144980947,6.91510070556228,1.0,1.0,1.0,0.0,1.0,0.0
37,45,3.4000840591573827,5.864864286773639,1.0,0.0,1.0,0.0,0.0,0.0
38,45,7.127689177652889,6.964053298164429,0.0,0.0,0.0,0.0,0.0,1.0
39,45,11.002444649524614,9.92022038329572,0.0,1.0,0.0,0.0,0.0,0.0
0,50,5.879147197910768,7.728020273280197,0.0,0.0,1.0,0.0,0.0,1.0
1,50,4.951936436780369,9.291445264287017,0.0,0.0,0.0,0.0,1.0,0.0
2,50,8.294407945872303,8.77148478897955,0.0,0.0,0.0,1.0,0.0,0.0
3,50,3.709724951256772,0.0,0.0,1.0,0.0,0.0,0.0,0.0
4,50,6.429624737204255,3.1902779417566784,1.0,1.0,0.0,1.0,0.0,1.0
5,50,5.62043626947766,1.4816651362793998,0.0,0.0,0.0,0.0,1.0,0.0
6,50,2.517295655864729,3.5992282589190565,0.0,1.0,1.0,1.0,1.0,0.0
7,50,4.460673448928094,8.86057914475943,1.0,1.0,0.0,1.0,0.0,0.0
8,50,9.489841746555102,7.497625745747258,1.0,0.0,0.0,1.0,0.0,1.0
9,50,7.519002630940186,11.073751298975164,1.0,1.0,0.0,0.0,0.0,1.0
10,50,12.0,5.918227574136964,0.0,0.0,0.0,0.0,1.0,0.0
11,50,9.037109301602085,7.594872891658745,1.0,0.0,0.0,0.0,0.0,0.0
12,50,2.465009338051124,5.197503782361276,1.0,0.0,0.0,0.0,0.0,0.0
13,50,5.367023481469844,9.276375710893236,1.0,0.0,1.0,0.0,0.0,1.0
14,50,1.9743044270171024,3.485127883309636,1.0,0.0,1.0,0.0,1.0,0.0
15,50,0.0,1.2343344623563453,1.0,0.0,0.0,0.0,0.0,0.0
16,50,7.350221820950861,0.5923663459720837,0.0,0.0,0.0,0.0,1.0,0.0
17,50,1.87574446856566,10.61562577000302,0.0,0.0,1.0,0.0,0.0,1.0
18,50,11.351407205188346,4.577047192812839,0.0,0.0,1.0,1.0,0.0,0.0
19,50,1.2239014998753115,0.0854962076530046,1.0,0.0,1.0,0.0,0.0,0.0
20,50,6.844133008163958,10.74322537541392,0.0,1.0,1.0,0.0,0.0,0.0
21,50,0.2427500217204565,1.2276685509027407,1.0,1.0,0.0,1.0,1.0,1.0
22,50,8.91145287528438,11.655468154878612,1.0,1.0,0.0,0.0,1.0,0.0
23,50,5.6753637326649145,11.00637142700713,1.0,0.0,0.0,1.0,0.0,0.0
24,50,7.128293949666658,5.965542400342117,0.0,0.0,1.0,1.0,1.0,1.0
25,50,4.4992699622078245,6.426629538403274,0.0,0.0,0.0,0.0,0.0,0.0
26,50,7.069147141237279,3.1892571565680847,0.0,0.0,1.0,0.0,0.0,0.0
27,50,7.125917860621264,8.616575209859567,0.0,1.0,0.0,0.0,0.0,0.0
28,50,2.2626561383318458,8.03280898672279,0.0,1.0,1.0,0.0,0.0,0.0
29,50,4.218195112065003,11.910587878326432,0.0,1.0,0.0,0.0,0.0,1.0
30,50,4.882941348479,1.176890392611336,0.0,0.0,1.0,0.0,0.0,1.0
31,50,7.636013088356504,5.727255432829039,1.0,0.0,0.0,1.0,0.0,0.0
32,50,1.514746547939744,0.0,0.0,1.0,1.0,0.0,1.0,1.0
33,50,6.284214080963147,1.4820845053821377,0.0,1.0,0.0,1.0,0.0,1.0
34,50,11.057984831677295,2.3236780958242087,0.0,1.0,1.0,1.0,0.0,1.0
35,50,0.9841149122137764,1.9892060834527012,1.0,0.0,1.0,1.0,0.0,1.0
36,50,4.110999939260854,6.886518144617718,1.0,1.0,1.0,0.0,1.0,0.0
37,50,3.453771930388525,5.850898714649592,1.0,0.0,1.0,0.0,0.0,0.0
38,50,6.994530309509018,7.001467393864839,0.0,0.0,0.0,0.0,0.0,1.0
39,50,10.899954132081929,9.911083197191845,0.0,1.0,0.0,0.0,0.0,0.0
0,55,5.881955693247527,7.733718158413664,0.0,0.0,1.0,0.0,0.0,1.0
1,55,4.949966746867263,9.30690315654405,0.0,0.0,0.0,0.0,1.0,0.0
2,55,8.334291809994115,8.885362596774353,0.0,0.0,0.0,1.0,0.0,0.0
3,55,3.677970227429405,0.0,0.0,1.0,0.0,0.0,0.0,0.0
4,55,6.363153409343318,3.1021700351353205,1.0,1.0,0.0,1.0,0.0,1.0
5,55,5.538517158437629,1.52087923047689,0.0,0.0,0.0,0.0,1.0,0.0
6,55,2.53527920621061,3.585012307388407,0.0,1.0,1.0,1.0,1.0,0.0
7,55,4.523451251462837,8.84123559132156,1.0,1.0,0.0,1.0,0.0,0.0
8,55,9.535818938299997,7.45441483928373,1.0,0.0,0.0,1.0,0.0,1.0
9,55,7.539998424924429,11.078157225491813,1.0,1.0,0.0,0.0,0.0,1.0
10,55,12.0,5.919200404437085,0.0,0.0,0.0,0.0,1.0,0.0
11,55,9.041007300350133,7.564139961703181,1.0,0.0,0.0,0.0,0.0,0.0
12,55,2.4996116749243957,5.140425977563503,1.0,0.0,0.0,0.0,0.0,0.0
13,55,5.407265932752063,9.30607845441232,1.0,0.0,1.0,0.0,0.0,1.0
14,55,1.970845317322165,3.5411981938529147,1.0,0.0,1.0,0.0,1.0,0.0
15,55,0.0,1.2516255679550763,1.0,0.0,0.0,0.0,0.0,0.0
16,55,7.393013486168244,0.5421465720061365,0.0,0.0,0.0,0.0,1.0,0.0
17,55,1.895117388654056,10.588072758549163,0.0,0.0,1.0,0.0,0.0,1.0
18,55,11.277098553129695,4.53418668365981,0.0,0.0,1.0,1.0,0.0,0.0
19,55,1.2099795236640214,0.0798690781719254,1.0,0.0,1.0,0.0,0.0,0.0
20,55,6.832052837312966,10.72120756060911,0.0,1.0,1.0,0.0,0.0,0.0
21,55,0.1547146767541697,1.255995163183498,1.0,1.0,0.0,1.0,1.0,1.0
22,55,8.90533915621293,11.705157023843062,1.0,1.0,0.0,0.0,1.0,0.0
23,55,5.6375365636113095,11.007973082323035,1.0,0.0,0.0,1.0,0.0,0.0
24,55,7.196206187983397,5.952292558543315,0.0,0.0,1.0,1.0,1.0,1.0
25,55,4.449479633672,6.463875518902203,0.0,0.0,0.0,0.0,0.0,0.0
26,55,7.0741890860416445,3.2055307846874546,0.0,0.0,1.0,0.0,0.0,0.0
27,55,7.12181672073553,8.62885503396858,0.0,1.0,0.0,0.0,0.0,0.0
28,55,2.1432481853642527,7.879152847713089,0.0,1.0,1.0,0.0,0.0,0.0
29,55,4.243581163362246,12.0,0.0,1.0,0.0,0.0,0.0,1.0
30,55,4.868689917842296,1.1999199489575774,0.0,0.0,1.0,0.0,0.0,1.0
31,55,7.5977599069674655,5.70043102310881,1.0,0.0,0.0,1.0,0.0,0.0
32,55,1.4759094397663273,0.0,0.0,1.0,1.0,0.0,1.0,1.0
33,55,6.3012728490913394,1.4499234751114638,0.0,1.0,0.0,1.0,0.0,1.0
34,55,11.06283719605704,2.35104020141212,0.0,1.0,1.0,1.0,0.0,1.0
35,55,1.0032769498052747,2.004690563533826,1.0,0.0,1.0,1.0,0.0,1.0
36,55,4.162961633178529,6.840958440041086,1.0,1.0,1.0,0.0,1.0,0.0
37,55,3.4960846939395926,5.8394929045350334,1.0,0.0,1.0,0.0,0.0,0.0
38,55,6.864915281134234,7.039136645564354,0.0,0.0,0.0,0.0,0.0,1.0
39,55,10.81234243020655,9.905224224808224,0.0,1.0,0.0,0.0,0.0,0.0
0,60,5.881707099941559,7.733180301373058,0.0,0.0,1.0,0.0,0.0,1.0
1,60,4.950833448737991,9.300994741226612,0.0,0.0,0.0,0.0,1.0,0.0
2,60,8.371851698900867,8.990077141403967,0.0,0.0,0.0,1.0,0.0,0.0
3,60,3.645888013543257,0.0,0.0,1.0,0.0,0.0,0.0,0.0
4,60,6.270320062068766,2.979621600833067,1.0,1.0,0.0,1.0,0.0,1.0
5,60,5.482415046874741,1.548215522236236,0.0,0.0,0.0,0.0,1.0,0.0
6,60,2.5525202044195514,3.571425467444988,0.0,1.0,1.0,1.0,1.0,0.0
7,60,4.577183854004619,8.822760497954356,1.0,1.0,0.0,1.0,0.0,0.0
8,60,9.576845208869903,7.416914378145793,1.0,0.0,0.0,1.0,0.0,1.0
9,60,7.580522421091414,11.086802357216769,1.0,1.0,0.0,0.0,0.0,1.0
10,60,12.0,5.919984712488542,0.0,0.0,0.0,0.0,1.0,0.0
11,60,9.045616787541585,7.521797798235394,1.0,0.0,0.0,0.0,0.0,0.0
12,60,2.532817839144732,5.086852653078572,1.0,0.0,0.0,0.0,0.0,0.0
13,60,5.453454059221992,9.338284726723098,1.0,0.0,1.0,0.0,0.0,1.0
14,60,1.9669972404973055,3.6094524554063785,1.0,0.0,1.0,0.0,1.0,0.0
15,60,0.0,1.2579997700658736,1.0,0.0,0.0,0.0,0.0,0.0
16,60,7.435610314251684,0.4933120323398835,0.0,0.0,0.0,0.0,1.0,0.0
17,60,1.9118680879621623,10.562167353960769,0.0,0.0,1.0,0.0,0.0,1.0
18,60,11.215058067007597,4.499925968697001,0.0,0.0,1.0,1.0,0.0,0.0
19,60,1.1827823842066862,0.0690311318575084,1.0,0.0,1.0,0.0,0.0,0.0
20,60,6.822396937810895,10.703154176637812,0.0,1.0,1.0,0.0,0.0,0.0
21,60,0.079328023867138,1.2795008238643932,1.0,1.0,0.0,1.0,1.0,1.0
22,60,8.901018153962346,11.746150877475293,1.0,1.0,0.0,0.0,1.0,0.0
23,60,5.586824679304795,11.008635909823324,1.0,0.0,0.0,1.0,0.0,0.0
24,60,7.250992259264723,5.940788155673587,0.0,0.0,1.0,1.0,1.0,1.0
25,60,4.419233660761786,6.487363395066211,0.0,0.0,0.0,0.0,0.0,0.0
26,60,7.107448990030864,3.1950885779916365,0.0,0.0,1.0,0.0,0.0,0.0
27,60,7.114837023144966,8.648508279213189,0.0,1.0,0.0,0.0,0.0,0.0
28,60,2.024385493583426,7.724864610833929,0.0,1.0,1.0,0.0,0.0,0.0
29,60,4.270354062884878,12.0,0.0,1.0,0.0,0.0,0.0,1.0
30,60,4.857055459086319,1.2175523672639696,0.0,0.0,1.0,0.0,0.0,1.0
31,60,7.559109382441983,5.673414301952978,1.0,0.0,0.0,1.0,0.0,0.0
32,60,1.4395541398465204,0.0,0.0,1.0,1.0,0.0,1.0,1.0
33,60,6.3225316974663786,1.408263713851881,0.0,1.0,0.0,1.0,0.0,1.0
34,60,11.067590595843088,2.3764440424691853,0.0,1.0,1.0,1.0,0.0,1.0
35,60,1.0236657482390537,2.0207898483994318,1.0,0.0,1.0,1.0,0.0,1.0
36,60,4.224710134918506,6.785524755344025,1.0,1.0,1.0,0.0,1.0,0.0
37,60,3.536275323850182,5.828461524316608,1.0,0.0,1.0,0.0,0.0,0.0
38,60,6.760987819978569,7.070773339280179,0.0,0.0,0.0,0.0,0.0,1.0
39,60,10.740194418354832,9.901543527265789,0.0,1.0,0.0,0.0,0.0,0.0
0,65,5.874128467296215,7.716596992179589,0.0,0.0,1.0,0.0,0.0,1.0
1,65,4.949433683162315,9.312984659935784,0.0,0.0,0.0,0.0,1.0,0.0
2,65,8.410884673330406,9.094446569255084,0.0,0.0,0.0,1.0,0.0,0.0
3,65,3.617841511075412,0.0,0.0,1.0,0.0,0.0,0.0,0.0
4,65,6.183780281534958,2.863159378033308,1.0,1.0,0.0,1.0,0.0,1.0
5,65,5.429614953186197,1.5753315689150322,0.0,0.0,0.0,0.0,1.0,0.0
6,65,2.5795695624635058,3.5501172964023917,0.0,1.0,1.0,1.0,1.0,0.0
7,65,4.644729906411558,8.798292076490297,1.0,1.0,0.0,1.0,0.0,0.0
8,65,9.622311844372826,7.375304791491247,1.0,0.0,0.0,1.0,0.0,1.0
9,65,7.614162237512941,11.093447824849854,1.0,1.0,0.0,0.0,0.0,1.0
10,65,12.0,5.92475482236927,0.0,0.0,0.0,0.0,1.0,0.0
11,65,9.0500802140912,7.467191358859651,1.0,0.0,0.0,0.0,0.0,0.0
12,65,2.576490066233196,5.015317612037452,1.0,0.0,0.0,0.0,0.0,0.0
13,65,5.5183799039131145,9.382555410260194,1.0,0.0,1.0,0.0,0.0,1.0
14,65,1.964720536964707,3.665368472770427,1.0,0.0,1.0,0.0,1.0,0.0
15,65,0.0087855406559467,1.2518410647073095,1.0,0.0,0.0,0.0,0.0,0.0
16,65,7.472773463556741,0.4512329676603691,0.0,0.0,0.0,0.0,1.0,0.0
17,65,1.93545567860829,10.525854089974771,0.0,0.0,1.0,0.0,0.0,1.0
18,65,11.142762357774272,4.460052341756288,0.0,0.0,1.0,1.0,0.0,0.0
19,65,1.1555824273990822,0.0581943769686705,1.0,0.0,1.0,0.0,0.0,0.0
20,65,6.823203404582076,10.704615256887845,0.0,1.0,1.0,0.0,0.0,0.0
21,65,0.0333800095621087,1.2938857755210542,1.0,1.0,0.0,1.0,1.0,1.0
22,65,8.896209998751269,11.792212382246808,1.0,1.0,0.0,0.0,1.0,0.0
23,65,5.534734900880724,11.009031889970752,1.0,0.0,0.0,1.0,0.0,0.0
24,65,7.309186725939226,5.929334213744768,0.0,0.0,1.0,1.0,1.0,1.0
25,65,4.385493602188159,6.514196835525654,0.0,0.0,0.0,0.0,0.0,0.0
26,65,7.134924018677944,3.1870762653295794,0.0,0.0,1.0,0.0,0.0,0.0
27,65,7.111777725643876,8.657224450969188,0.0,1.0,0.0,0.0,0.0,0.0
28,65,1.9166665930052595,7.589930870335949,0.0,1.0,1.0,0.0,0.0,0.0
29,65,4.30372681464192,12.0,0.0,1.0,0.0,0.0,0.0,1.0
30,65,4.851632347469409,1.2258447440266629,0.0,0.0,1.0,0.0,0.0,1.0
31,65,7.532370836434485,5.6562428490190095,1.0,0.0,0.0,1.0,0.0,0.0
32,65,1.407119326145799,0.0,0.0,1.0,1.0,0.0,1.0,1.0
33,65,6.350939726749908,1.3541664862193177,0.0,1.0,0.0,1.0,0.0,1.0
34,65,11.071563682794425,2.398779764351858,0.0,1.0,1.0,1.0,0.0,1.0
35,65,1.0365505706795048,2.0310579676903764,1.0,0.0,1.0,1.0,0.0,1.0
36,65,4.279613040785809,6.734898839385021,1.0,1.0,1.0,0.0,1.0,0.0
37,65,3.595082491411378,5.811673919625586,1.0,0.0,1.0,0.0,0.0,0.0
38,65,6.662761219341126,7.100559043815282,0.0,0.0,0.0,0.0,0.0,1.0
39,65,10.679237090038146,9.898017932488528,0.0,1.0,0.0,0.0,0.0,0.0
0,70,5.867622950555133,7.702352152838644,0.0,0.0,1.0,0.0,0.0,1.0
1,70,4.948413030969051,9.323048489362453,0.0,0.0,0.0,0.0,1.0,0.0
2,70,8.449513088670763,9.20372388966781,0.0,0.0,0.0,1.0,0.0,0.0
3,70,3.575633981875568,0.0,0.0,1.0,0.0,0.0,0.0,0.0
4,70,6.099553781612394,2.753697187736329,1.0,1.0,0.0,1.0,0.0,1.0
5,70,5.378861728166068,1.6028192589817565,0.0,0.0,0.0,0.0,1.0,0.0
6,70,2.618732911905109,3.5192937912633147,0.0,1.0,1.0,1.0,1.0,0.0
7,70,4.722751608014856,8.772450139629141,1.0,1.0,0.0,1.0,0.0,0.0
8,70,9.665966827519275,7.334187848129375,1.0,0.0,0.0,1.0,0.0,1.0
9,70,7.621535976333205,11.09495247272636,1.0,1.0,0.0,0.0,0.0,1.0
10,70,12.0,5.928757008764478,0.0,0.0,0.0,0.0,1.0,0.0
11,70,9.053867574475165,7.411260172747991,1.0,0.0,0.0,0.0,0.0,0.0
12,70,2.616038129511235,4.953659792674312,1.0,0.0,0.0,0.0,0.0,0.0
13,70,5.603256187537126,9.436875966957317,1.0,0.0,1.0,0.0,0.0,1.0
14,70,1.9634172349469032,3.6983202401311943,1.0,0.0,1.0,0.0,1.0,0.0
15,70,0.0136607488953063,1.2483075630642075,1.0,0.0,0.0,0.0,0.0,0.0
16,70,7.492366673016073,0.4286162866820542,0.0,0.0,0.0,0.0,1.0,0.0
17,70,1.951674339037038,10.50212533867114,0.0,0.0,1.0,0.0,0.0,1.0
18,70,11.093945229666604,4.433748791673394,0.0,0.0,1.0,1.0,0.0,0.0
19,70,1.143076051436993,0.0537111492012555,1.0,0.0,1.0,0.0,0.0,0.0
20,70,6.809589784376593,10.681534692942636,0.0,1.0,1.0,0.0,0.0,0.0
21,70,0.0156216548101106,1.2989393956014437,1.0,1.0,0.0,1.0,1.0,1.0
22,70,8.889583246957583,11.854077121947611,1.0,1.0,0.0,0.0,1.0,0.0
23,70,5.488193786359566,11.009354680104051,1.0,0.0,0.0,1.0,0.0,0.0
24,70,7.352474844725259,5.919735138415124,0.0,0.0,1.0,1.0,1.0,1.0
25,70,4.336598708579296,6.554464526640159,0.0,0.0,0.0,0.0,0.0,0.0
26,70,7.1677466183608045,3.1775114848430173,0.0,0.0,1.0,0.0,0.0,0.0
27,70,7.112868244838388,8.654447493147646,0.0,1.0,0.0,0.0,0.0,0.0
28,70,1.8168030253790808,7.461877313291702,0.0,1.0,1.0,0.0,0.0,0.0
29,70,4.3406122746565154,12.0,0.0,1.0,0.0,0.0,0.0,1.0
30,70,4.841828372495088,1.2414668403223494,0.0,0.0,1.0,0.0,0.0,1.0
31,70,7.525864416375091,5.652042600676,1.0,0.0,0.0,1.0,0.0,0.0
32,70,1.3873523395531897,0.0,0.0,1.0,1.0,0.0,1.0,1.0
33,70,6.3818907893520604,1.2908681332694043,0.0,1.0,0.0,1.0,0.0,1.0
34,70,11.07562487576448,2.418343492722061,0.0,1.0,1.0,1.0,0.0,1.0
35,70,1.0483133909026954,2.040102855946926,1.0,0.0,1.0,1.0,0.0,1.0
36,70,4.340246460224985,6.680124723142884,1.0,1.0,1.0,0.0,1.0,0.0
37,70,3.6357686559228863,5.799371026378298,1.0,0.0,1.0,0.0,0.0,0.0
38,70,6.572826647152381,7.1254577945487485,0.0,0.0,0.0,0.0,0.0,1.0
39,70,10.613369120818604,9.893340297608807,0.0,1.0,0.0,0.0,0.0,0.0
0,75,5.855852097911649,7.677325552076526,0.0,0.0,1.0,0.0,0.0,1.0
1,75,4.944492384070206,9.358986413374446,0.0,0.0,0.0,0.0,1.0,0.0
2,75,8.479743969434695,9.287873583599891,0.0,0.0,0.0,1.0,0.0,0.0
3,75,3.5337365572876163,0.0,0.0,1.0,0.0,0.0,0.0,0.0
4,75,6.005310108155184,2.628565865715095,1.0,1.0,0.0,1.0,0.0,1.0
5,75,5.3326732763618665,1.628656018860561,0.0,0.0,0.0,0.0,1.0,0.0
6,75,2.643646015675692,3.499012151742111,0.0,1.0,1.0,1.0,1.0,0.0
7,75,4.81296445789195,8.744974144588948,1.0,1.0,0.0,1.0,0.0,0.0
8,75,9.71525784240708,7.290641496813127,1.0,0.0,0.0,1.0,0.0,1.0
9,75,7.618907311078557,11.09440008698391,1.0,1.0,0.0,0.0,0.0,1.0
10,75,12.0,5.930596187892691,0.0,0.0,0.0,0.0,1.0,0.0
11,75,9.059337507567392,7.346218550162106,1.0,0.0,0.0,0.0,0.0,0.0
12,75,2.6562905506508185,4.890537834635272,1.0,0.0,0.0,0.0,0.0,0.0
13,75,5.698919352762888,9.4957838219062,1.0,0.0,1.0,0.0,0.0,1.0
14,75,1.9623091104590475,3.725119673602844,1.0,0.0,1.0,0.0,1.0,0.0
15,75,0.0127754393103417,1.2489650801627132,1.0,0.0,0.0,0.0,0.0,0.0
16,75,7.510112992593204,0.4087161336435264,0.0,0.0,0.0,0.0,1.0,0.0
17,75,1.974508969787647,10.466348966339352,0.0,0.0,1.0,0.0,0.0,1.0
18,75,11.022587267892504,4.3955998511322525,0.0,0.0,1.0,1.0,0.0,0.0
19,75,1.1493397985617742,0.0558871359148361,1.0,0.0,1.0,0.0,0.0,0.0
20,75,6.79218901196589,10.652873390264071,0.0,1.0,1.0,0.0,0.0,0.0
21,75,0.0043506814909792,1.3025764328066851,1.0,1.0,0.0,1.0,1.0,1.0
22,75,8.882381387928403,11.91146914493696,1.0,1.0,0.0,0.0,1.0,0.0
23,75,5.416710754836696,11.008074031852765,1.0,0.0,0.0,1.0,0.0,0.0
24,75,7.397812500410073,5.909316265990426,0.0,0.0,1.0,1.0,1.0,1.0
25,75,4.29895514842237,6.586176449294009,0.0,0.0,0.0,0.0,0.0,0.0
26,75,7.173461342514936,3.175800797572641,0.0,0.0,1.0,0.0,0.0,0.0
27,75,7.117410943100435,8.643851033088946,0.0,1.0,0.0,0.0,0.0,0.0
28,75,1.7235169786602964,7.344703809992028,0.0,1.0,1.0,0.0,0.0,0.0
29,75,4.376453866285427,12.0,0.0,1.0,0.0,0.0,0.0,1.0
30,75,4.832534576510873,1.256548051922824,0.0,0.0,1.0,0.0,0.0,1.0
31,75,7.508390214147834,5.640907094936605,1.0,0.0,0.0,1.0,0.0,0.0
32,75,1.364378679010417,0.0,0.0,1.0,1.0,0.0,1.0,1.0
33,75,6.42010495610779,1.208089835155449,0.0,1.0,0.0,1.0,0.0,1.0
34,75,11.076273194847694,2.4220799203958854,0.0,1.0,1.0,1.0,0.0,1.0
35,75,1.0721959068797549,2.058734394076634,1.0,0.0,1.0,1.0,0.0,1.0
36,75,4.396060279607034,6.634010650570817,1.0,1.0,1.0,0.0,1.0,0.0
37,75,3.684592683340379,5.784898344282067,1.0,0.0,1.0,0.0,0.0,0.0
38,75,6.500586980720725,7.145873015537077,0.0,0.0,0.0,0.0,0.0,1.0
39,75,10.552580624338162,9.890913707363875,0.0,1.0,0.0,0.0,0.0,0.0
0,80,5.850250545276032,7.665910919685599,0.0,0.0,1.0,0.0,0.0,1.0
1,80,4.941139789766255,9.385882825511596,0.0,0.0,0.0,0.0,1.0,0.0
2,80,8.510443790221077,9.381520744114315,0.0,0.0,0.0,1.0,0.0,0.0
3,80,3.484749380549763,0.0,0.0,1.0,0.0,0.0,0.0,0.0
4,80,5.9089586309145545,2.4928078308887183,1.0,1.0,0.0,1.0,0.0,1.0
5,80,5.284684744336447,1.6561541155535606,0.0,0.0,0.0,0.0,1.0,0.0
6,80,2.651237711147845,3.4921825806761064,0.0,1.0,1.0,1.0,1.0,0.0
7,80,4.898565527298447,8.717737227315022,1.0,1.0,0.0,1.0,0.0,0.0
8,80,9.752669420076412,7.256613271049087,1.0,0.0,0.0,1.0,0.0,1.0
9,80,7.622943332953117,11.095283210795342,1.0,1.0,0.0,0.0,0.0,1.0
10,80,12.0,5.930236124321553,0.0,0.0,0.0,0.0,1.0,0.0
11,80,9.063757846608947,7.299510346883768,1.0,0.0,0.0,0.0,0.0,0.0
12,80,2.696098395466334,4.824413770321518,1.0,0.0,0.0,0.0,0.0,0.0
13,80,5.798600171148449,9.560532278845509,1.0,0.0,1.0,0.0,0.0,1.0
14,80,1.9596562175793677,3.768342883684178,1.0,0.0,1.0,0.0,1.0,0.0
15,80,0.0186065314730116,1.2444142775077494,1.0,0.0,0.0,0.0,0.0,0.0
16,80,7.538433189138817,0.3771610517014023,0.0,0.0,0.0,0.0,1.0,0.0
17,80,1.9954697415252,10.43253518553102,0.0,0.0,1.0,0.0,0.0,1.0
18,80,10.955754808416506,4.361799716136659,0.0,0.0,1.0,1.0,0.0,0.0
19,80,1.1568377576158575,0.0584803241042073,1.0,0.0,1.0,0.0,0.0,0.0
20,80,6.769636177486428,10.617670665247648,0.0,1.0,1.0,0.0,0.0,0.0
21,80,0.0,1.3117501039903916,1.0,1.0,0.0,1.0,1.0,1.0
22,80,8.875519560899278,11.968133396010325,1.0,1.0,0.0,0.0,1.0,0.0
23,80,5.418072347258262,10.97006021539076,1.0,0.0,0.0,1.0,0.0,0.0
24,80,7.457734575880044,5.8985629576996095,0.0,0.0,1.0,1.0,1.0,1.0
25,80,4.278222901292975,6.603382639168375,0.0,0.0,0.0,0.0,0.0,0.0
26,80,7.188764444849929,3.1715712967393546,0.0,0.0,1.0,0.0,0.0,0.0
27,80,7.127637741603415,8.619870229392856,0.0,1.0,0.0,0.0,0.0,0.0
28,80,1.6354721790125673,7.238248275504347,0.0,1.0,1.0,0.0,0.0,0.0
29,80,4.415016416480691,12.0,0.0,1.0,0.0,0.0,0.0,1.0
30,80,4.823681450391286,1.2712101879680338,0.0,0.0,1.0,0.0,0.0,1.0
31,80,7.491110775843155,5.629845235603834,1.0,0.0,0.0,1.0,0.0,0.0
32,80,1.3345953480615729,0.0,0.0,1.0,1.0,0.0,1.0,1.0
33,80,6.457139871253824,1.1260885348974952,0.0,1.0,0.0,1.0,0.0,1.0
34,80,11.07855986193258,2.4342593776657724,0.0,1.0,1.0,1.0,0.0,1.0
35,80,1.103313725380914,2.083680830743663,1.0,0.0,1.0,1.0,0.0,1.0
36,80,4.452416951560353,6.588940074516726,1.0,1.0,1.0,0.0,1.0,0.0
37,80,3.751341603612316,5.764368137467856,1.0,0.0,1.0,0.0,0.0,0.0
38,80,6.427241949212709,7.167563318927444,0.0,0.0,0.0,0.0,0.0,1.0
39,80,10.525903694605583,9.88922241504874,0.0,1.0,0.0,0.0,0.0,0.0
0,85,5.844037315580502,7.652642688920695,0.0,0.0,1.0,0.0,0.0,1.0
1,85,4.9366058254848255,9.417288328504863,0.0,0.0,0.0,0.0,1.0,0.0
2,85,8.537781846046542,9.464793850998978,0.0,0.0,0.0,1.0,0.0,0.0
3,85,3.411350129791145,0.0,0.0,1.0,0.0,0.0,0.0,0.0
4,85,5.81412235626489,2.35744291756375,1.0,1.0,0.0,1.0,0.0,1.0
5,85,5.244289474448422,1.679201899180398,0.0,0.0,0.0,0.0,1.0,0.0
6,85,2.6450394645116413,3.4975805791670926,0.0,1.0,1.0,1.0,1.0,0.0
7,85,4.987236622388068,8.692425827076521,1.0,1.0,0.0,1.0,0.0,0.0
8,85,9.792109405616264,7.219736757860597,1.0,0.0,0.0,1.0,0.0,1.0
9,85,7.6102867645362515,11.092420961760112,1.0,1.0,0.0,0.0,0.0,1.0
10,85,12.0,5.92821638860428,0.0,0.0,0.0,0.0,1.0,0.0
11,85,9.070151250380746,7.23989433512285,1.0,0.0,0.0,0.0,0.0,0.0
12,85,2.7307445543825746,4.764117154092609,1.0,0.0,0.0,0.0,0.0,0.0
13,85,5.853464301906061,9.475289514564096,1.0,0.0,1.0,0.0,0.0,1.0
14,85,1.9591530573414364,3.781315889009797,1.0,0.0,1.0,0.0,1.0,0.0
15,85,0.0116245203145219,1.2502014235777574,1.0,0.0,0.0,0.0,0.0,0.0
16,85,7.510435047056723,0.3507244802326433,0.0,0.0,0.0,0.0,1.0,0.0
17,85,2.0202657888601934,10.391642655909456,0.0,0.0,1.0,0.0,0.0,1.0
18,85,10.869812004770964,4.323205711198606,0.0,0.0,1.0,1.0,0.0,0.0
19,85,1.135352253793691,0.0511322594467173,1.0,0.0,1.0,0.0,0.0,0.0
20,85,6.750250361455239,10.587837012389944,0.0,1.0,1.0,0.0,0.0,0.0
21,85,0.0,1.3210707407188325,1.0,1.0,0.0,1.0,1.0,1.0
22,85,8.86662546237449,12.0,1.0,1.0,0.0,0.0,1.0,0.0
23,85,5.419278907810594,10.950852940549709,1.0,0.0,0.0,1.0,0.0,0.0
24,85,7.511912581385317,5.889033464590923,0.0,0.0,1.0,1.0,1.0,1.0
25,85,4.249097682768637,6.627360299196294,0.0,0.0,0.0,0.0,0.0,0.0
26,85,7.186773007560139,3.172087779229527,0.0,0.0,1.0,0.0,0.0,0.0
27,85,7.141056797796867,8.588898337902197,0.0,1.0,0.0,0.0,0.0,0.0
28,85,1.542406092199094,7.12217660078705,0.0,1.0,1.0,0.0,0.0,0.0
29,85,4.456167221690486,12.0,0.0,1.0,0.0,0.0,0.0,1.0
30,85,4.815337519081139,1.2852818249048392,0.0,0.0,1.0,0.0,0.0,1.0
31,85,7.467690256043473,5.614088737229607,1.0,0.0,0.0,1.0,0.0,0.0
32,85,1.307712222595904,0.0,0.0,1.0,1.0,0.0,1.0,1.0
33,85,6.495088098945561,1.0423986317828224,0.0,1.0,0.0,1.0,0.0,1.0
34,85,11.085322004822851,2.467792425371932,0.0,1.0,1.0,1.0,0.0,1.0
35,85,1.1451326336116654,2.1181492295165825,1.0,0.0,1.0,1.0,0.0,1.0
36,85,4.5090343188775694,6.544338622889281,1.0,1.0,1.0,0.0,1.0,0.0
37,85,3.820003242709633,5.743150865714574,1.0,0.0,1.0,0.0,0.0,0.0
38,85,6.381141736392595,7.181218579706413,0.0,0.0,0.0,0.0,0.0,1.0
39,85,10.509283312639294,9.888030520769096,0.0,1.0,0.0,0.0,0.0,0.0
0,90,5.831864495207116,7.625283410789562,0.0,0.0,1.0,0.0,0.0,1.0
1,90,4.930585108226354,9.458515040975367,0.0,0.0,0.0,0.0,1.0,0.0
2,90,8.566456766181114,9.548296884368549,0.0,0.0,0.0,1.0,0.0,0.0
3,90,3.3287944648691883,0.0,0.0,1.0,0.0,0.0,0.0,0.0
4,90,5.718412536262263,2.2213515791013987,1.0,1.0,0.0,1.0,0.0,1.0
5,90,5.20512301937783,1.7007216340995184,0.0,0.0,0.0,0.0,1.0,0.0
6,90,2.649493163320644,3.493784475848725,0.0,1.0,1.0,1.0,1.0,0.0
7,90,5.104886081276843,8.662305767705714,1.0,1.0,0.0,1.0,0.0,0.0
8,90,9.84098499659457,7.174436732731562,1.0,0.0,0.0,1.0,0.0,1.0
9,90,7.608382303006783,11.09202015968875,1.0,1.0,0.0,0.0,0.0,1.0
10,90,12.0,5.925518834444587,0.0,0.0,0.0,0.0,1.0,0.0
11,90,9.080919386237086,7.175165780155364,1.0,0.0,0.0,0.0,0.0,0.0
12,90,2.7623752607996925,4.709990729133684,1.0,0.0,0.0,0.0,0.0,0.0
13,90,5.901175456916021,9.404412302175311,1.0,0.0,1.0,0.0,0.0,1.0
14,90,1.9582396003792264,3.798052930745933,1.0,0.0,1.0,0.0,1.0,0.0
15,90,0.0243161987606009,1.2400686374787506,1.0,0.0,0.0,0.0,0.0,0.0
16,90,7.4847456775384655,0.3253613449284563,0.0,0.0,0.0,0.0,1.0,0.0
17,90,2.0372672677794723,10.361808350113987,0.0,0.0,1.0,0.0,0.0,1.0
18,90,10.792558432208631,4.289724678858549,0.0,0.0,1.0,1.0,0.0,0.0
19,90,1.1180828109296626,0.0462180741649887,1.0,0.0,1.0,0.0,0.0,0.0
20,90,6.7365643945900935,10.566841269566533,0.0,1.0,1.0,0.0,0.0,0.0
21,90,0.0,1.3253513986276368,1.0,1.0,0.0,1.0,1.0,1.0
22,90,8.859109199236018,12.0,1.0,1.0,0.0,0.0,1.0,0.0
23,90,5.420177452399765,10.93776393283746,1.0,0.0,0.0,1.0,0.0,0.0
24,90,7.569829976396424,5.879023895935778,0.0,0.0,1.0,1.0,1.0,1.0
25,90,4.240869038402151,6.634193307761935,0.0,0.0,0.0,0.0,0.0,0.0
26,90,7.16835051733845,3.176844934475684,0.0,0.0,1.0,0.0,0.0,0.0
27,90,7.148319048425058,8.571999909604436,0.0,1.0,0.0,0.0,0.0,0.0
28,90,1.4510384834492422,7.010742966570535,0.0,1.0,1.0,0.0,0.0,0.0
29,90,4.50083245981322,12.0,0.0,1.0,0.0,0.0,0.0,1.0
30,90,4.806447339329036,1.2801865703222417,0.0,0.0,1.0,0.0,0.0,1.0
31,90,7.435960911908562,5.591593717643391,1.0,0.0,0.0,1.0,0.0,0.0
32,90,1.2840383666159512,0.0,0.0,1.0,1.0,0.0,1.0,1.0
33,90,6.536956159991711,0.9507588388273296,0.0,1.0,0.0,1.0,0.0,1.0
34,90,11.089807280013911,2.488055559067884,0.0,1.0,1.0,1.0,0.0,1.0
35,90,1.1778807339252566,2.1456676423978727,1.0,0.0,1.0,1.0,0.0,1.0
36,90,4.570343973510401,6.499321078928123,1.0,1.0,1.0,0.0,1.0,0.0
37,90,3.881472316656074,5.7244420547991535,1.0,0.0,1.0,0.0,0.0,0.0
38,90,6.389221925741324,7.2102645315370655,0.0,0.0,0.0,0.0,0.0,1.0
39,90,10.480967483280976,9.885958316341409,0.0,1.0,0.0,0.0,0.0,0.0
0,95,5.830527378935859,7.6222654619205885,0.0,0.0,1.0,0.0,0.0,1.0
1,95,4.923189668950005,9.506484315527617,0.0,0.0,0.0,0.0,1.0,0.0
2,95,8.597057084026732,9.63479442806232,0.0,0.0,0.0,1.0,0.0,0.0
3,95,3.2350566206879794,0.0,0.0,1.0,0.0,0.0,0.0,0.0
4,95,5.6146764588122045,2.0771325459199805,1.0,1.0,0.0,1.0,0.0,1.0
5,95,5.190100923156564,1.7093495737555642,0.0,0.0,0.0,0.0,1.0,0.0
6,95,2.63909986616651,3.5023245303414936,0.0,1.0,1.0,1.0,1.0,0.0
7,95,5.125845682098501,8.7626015232892,1.0,1.0,0.0,1.0,0.0,0.0
8,95,9.880600445930297,7.137776978218407,1.0,0.0,0.0,1.0,0.0,1.0
9,95,7.598275280119303,11.089616098993936,1.0,1.0,0.0,0.0,0.0,1.0
10,95,12.0,5.923192527919742,0.0,0.0,0.0,0.0,1.0,0.0
11,95,9.08877485444212,7.1167222575606255,1.0,0.0,0.0,0.0,0.0,0.0
12,95,2.786478276059172,4.66756039529553,1.0,0.0,0.0,0.0,0.0,0.0
13,95,5.941693824932148,9.344516583284513,1.0,0.0,1.0,0.0,0.0,1.0
14,95,1.95760451548395,3.809889934154176,1.0,0.0,1.0,0.0,1.0,0.0
15,95,0.0273098053417298,1.2375753634452114,1.0,0.0,0.0,0.0,0.0,0.0
16,95,7.459361841018951,0.2991235036113635,0.0,0.0,0.0,0.0,1.0,0.0
17,95,2.0366282800274957,10.362884862968617,0.0,0.0,1.0,0.0,0.0,1.0
18,95,10.732728542103247,4.263752616989679,0.0,0.0,1.0,1.0,0.0,0.0
19,95,1.0935543514248038,0.0396047198944324,1.0,0.0,1.0,0.0,0.0,0.0
20,95,6.73080102558348,10.558167072239732,0.0,1.0,1.0,0.0,0.0,0.0
21,95,0.0,1.3334751771893727,1.0,1.0,0.0,1.0,1.0,1.0
22,95,8.851775313681621,12.0,1.0,1.0,0.0,0.0,1.0,0.0
23,95,5.421337824037077,10.921622340181845,1.0,0.0,0.0,1.0,0.0,0.0
24,95,7.639930881693925,5.867928729125245,0.0,0.0,1.0,1.0,1.0,1.0
25,95,4.234240336916417,6.639684022041342,0.0,0.0,0.0,0.0,0.0,0.0
26,95,7.124309992097364,3.187741158390854,0.0,0.0,1.0,0.0,0.0,0.0
27,95,7.151438809066383,8.564472545014725,0.0,1.0,0.0,0.0,0.0,0.0
28,95,1.357672117098104,6.901462446284798,0.0,1.0,1.0,0.0,0.0,0.0
29,95,4.557727093666693,12.0,0.0,1.0,0.0,0.0,0.0,1.0
30,95,4.813782590151114,1.2843136904000094,0.0,0.0,1.0,0.0,0.0,1.0
31,95,7.408602810156418,5.573393551587676,1.0,0.0,0.0,1.0,0.0,0.0
32,95,1.2557241566013655,0.0,0.0,1.0,1.0,0.0,1.0,1.0
33,95,6.587545612367778,0.8434382632048412,0.0,1.0,0.0,1.0,0.0,1.0
34,95,11.092163502058284,2.4979073760826345,0.0,1.0,1.0,1.0,0.0,1.0
35,95,1.201208971089094,2.166224355839168,1.0,0.0,1.0,1.0,0.0,1.0
36,95,4.63021920308705,6.456158893728322,1.0,1.0,1.0,0.0,1.0,0.0
37,95,3.9463513970324007,5.702561141447688,1.0,0.0,1.0,0.0,0.0,0.0
38,95,6.40347028920443,7.261353886129216,0.0,0.0,0.0,0.0,0.0,1.0
39,95,10.442373263928989,9.881933925442937,0.0,1.0,0.0,0.0,0.0,0.0
0,100,5.827454628567599,7.6151851824584655,0.0,0.0,1.0,0.0,0.0,1.0
1,100,4.914526464798415,9.555435264218616,0.0,0.0,0.0,0.0,1.0,0.0
2,100,8.62186635842061,9.714294987370202,0.0,0.0,0.0,1.0,0.0,0.0
3,100,3.142519464651703,0.0,0.0,1.0,0.0,0.0,0.0,0.0
4,100,5.507011976032638,1.9312559360469272,1.0,1.0,0.0,1.0,0.0,1.0
5,100,5.161295946478383,1.7266102360679416,0.0,0.0,0.0,0.0,1.0,0.0
6,100,2.6323835318837108,3.5077765887108736,0.0,1.0,1.0,1.0,1.0,0.0
7,100,5.147815180871171,8.8684759957362,1.0,1.0,0.0,1.0,0.0,0.0
8,100,9.920376186245544,7.103851333381935,1.0,0.0,0.0,1.0,0.0,1.0
9,100,7.568080669374191,11.083017933443482,1.0,1.0,0.0,0.0,0.0,1.0
10,100,12.0,5.917754215513858,0.0,0.0,0.0,0.0,1.0,0.0
11,100,9.032375961658683,7.109000555550121,1.0,0.0,0.0,0.0,0.0,0.0
12,100,2.809512286471626,4.627908167310169,1.0,0.0,0.0,0.0,0.0,0.0
13,100,5.976027871773781,9.290622433511778,1.0,0.0,1.0,0.0,0.0,1.0
14,100,1.9574517255265929,3.812823792984069,1.0,0.0,1.0,0.0,1.0,0.0
15,100,0.0392357379734255,1.2274239208693265,1.0,0.0,0.0,0.0,0.0,0.0
16,100,7.430316411540071,0.2706829971086703,0.0,0.0,0.0,0.0,1.0,0.0
17,100,2.0367358640291133,10.36270780399815,0.0,0.0,1.0,0.0,0.0,1.0
18,100,10.680504584755807,4.240503676387721,0.0,0.0,1.0,1.0,0.0,0.0
19,100,1.0338478520646346,0.0223930454824537,1.0,0.0,1.0,0.0,0.0,0.0
20,100,6.720312400983822,10.541541633770931,0.0,1.0,1.0,0.0,0.0,0.0
21,100,0.0,1.3418676332531398,1.0,1.0,0.0,1.0,1.0,1.0
22,100,8.845305206593123,12.0,1.0,1.0,0.0,0.0,1.0,0.0
23,100,5.421167819655808,10.923609210017204,1.0,0.0,0.0,1.0,0.0,0.0
24,100,7.697813632510878,5.857497675042723,0.0,0.0,1.0,1.0,1.0,1.0
25,100,4.223865805316085,6.648939856059084,0.0,0.0,0.0,0.0,0.0,0.0
26,100,7.0478001062682285,3.207156544742624,0.0,0.0,1.0,0.0,0.0,0.0
27,100,7.158414560986934,8.547768584325068,0.0,1.0,0.0,0.0,0.0,0.0
28,100,1.258268114271642,6.7858091172908495,0.0,1.0,1.0,0.0,0.0,0.0
29,100,4.615638167168608,12.0,0.0,1.0,0.0,0.0,0.0,1.0
30,100,4.843165643742082,1.300203225723075,0.0,0.0,1.0,0.0,0.0,1.0
31,100,7.380724071915859,5.554314916324641,1.0,0.0,0.0,1.0,0.0,0.0
32,100,1.230227441879526,0.0,0.0,1.0,1.0,0.0,1.0,1.0
33,100,6.634743310767431,0.7440228692227865,0.0,1.0,0.0,1.0,0.0,1.0
34,100,11.096534998503712,2.5170055945870766,0.0,1.0,1.0,1.0,0.0,1.0
35,100,1.2315797835516489,2.1938125350515705,1.0,0.0,1.0,1.0,0.0,1.0
36,100,4.681715946432796,6.416467680614423,1.0,1.0,1.0,0.0,1.0,0.0
37,100,4.0267979095774615,5.674900335534634,1.0,0.0,1.0,0.0,0.0,0.0
38,100,6.422175145009357,7.3325632429155165,0.0,0.0,0.0,0.0,0.0,1.0
39,100,10.39170627332416,9.876765820069846,0.0,1.0,0.0,0.0,0.0,0.0
0,105,5.827841214724188,7.616144437667286,0.0,0.0,1.0,0.0,0.0,1.0
1,105,4.90662121458001,9.60308184642793,0.0,0.0,0.0,0.0,1.0,0.0
2,105,8.641221418899061,9.78311427629346,0.0,0.0,0.0,1.0,0.0,0.0
3,105,3.0403212819369148,0.0,0.0,1.0,0.0,0.0,0.0,0.0
4,105,5.393900411886467,1.7848452119821974,1.0,1.0,0.0,1.0,0.0,1.0
5,105,5.1438223564783065,1.7369021095357895,0.0,0.0,0.0,0.0,1.0,0.0
6,105,2.620388140424671,3.5175147418915365,0.0,1.0,1.0,1.0,1.0,0.0
7,105,5.168112325043976,8.963657148641657,1.0,1.0,0.0,1.0,0.0,0.0
8,105,9.946728238740455,7.08099096085314,1.0,0.0,0.0,1.0,0.0,1.0
9,105,7.549684131669585,11.078737494327502,1.0,1.0,0.0,0.0,0.0,1.0
10,105,12.0,5.913079738681646,0.0,0.0,0.0,0.0,1.0,0.0
11,105,8.969785387670916,7.101205322541069,1.0,0.0,0.0,0.0,0.0,0.0
12,105,2.836176886653304,4.57808719965143,1.0,0.0,0.0,0.0,0.0,0.0
13,105,6.015185430797625,9.229524137386456,1.0,0.0,1.0,0.0,0.0,1.0
14,105,1.9573821706765404,3.814932186904683,1.0,0.0,1.0,0.0,1.0,0.0
15,105,0.0646580431452644,1.204911192228686,1.0,0.0,0.0,0.0,0.0,0.0
16,105,7.400909131387775,0.2429116728007477,0.0,0.0,0.0,0.0,1.0,0.0
17,105,2.0277547079595597,10.377719608245108,0.0,0.0,1.0,0.0,0.0,1.0
18,105,10.637007392689991,4.222202420947677,0.0,0.0,1.0,1.0,0.0,0.0
19,105,0.9740846112068215,0.0038310938435597,1.0,0.0,1.0,0.0,0.0,0.0
20,105,6.715305566522527,10.5334081484462,0.0,1.0,1.0,0.0,0.0,0.0
21,105,0.0,1.3489482492355256,1.0,1.0,0.0,1.0,1.0,1.0
22,105,8.83736627908666,12.0,1.0,1.0,0.0,0.0,1.0,0.0
23,105,5.422106830601133,10.91303737713943,1.0,0.0,0.0,1.0,0.0,0.0
24,105,7.745976861988923,5.848692718204644,0.0,0.0,1.0,1.0,1.0,1.0
25,105,4.234317476467882,6.638854959008516,0.0,0.0,0.0,0.0,0.0,0.0
26,105,7.001774174459827,3.218619950438081,0.0,0.0,1.0,0.0,0.0,0.0
27,105,7.156989418106413,8.551176213915037,0.0,1.0,0.0,0.0,0.0,0.0
28,105,1.1586911450601578,6.666931068610731,0.0,1.0,1.0,0.0,0.0,0.0
29,105,4.6789361734275925,12.0,0.0,1.0,0.0,0.0,0.0,1.0
30,105,4.887773892893384,1.3232265295913304,0.0,0.0,1.0,0.0,0.0,1.0
31,105,7.357074691913911,5.538274442012772,1.0,0.0,0.0,1.0,0.0,0.0
32,105,1.2020648370110445,0.0,0.0,1.0,1.0,0.0,1.0,1.0
33,105,6.673253255017738,0.6625167719221318,0.0,1.0,0.0,1.0,0.0,1.0
34,105,11.103802555016928,2.545566017464159,0.0,1.0,1.0,1.0,0.0,1.0
35,105,1.2640728726966004,2.223441167283536,1.0,0.0,1.0,1.0,0.0,1.0
36,105,4.737908681468688,6.371716344666069,1.0,1.0,1.0,0.0,1.0,0.0
37,105,4.113400511707333,5.643703222342729,1.0,0.0,1.0,0.0,0.0,0.0
38,105,6.443299451514188,7.410726049770179,0.0,0.0,0.0,0.0,0.0,1.0
39,105,10.322655366416257,9.869938338292018,0.0,1.0,0.0,0.0,0.0,0.0
0,110,5.82468256519082,7.608215172227734,0.0,0.0,1.0,0.0,0.0,1.0
1,110,4.900977610243206,9.633459816276606,0.0,0.0,0.0,0.0,1.0,0.0
2,110,8.660916722917628,9.857625952697882,0.0,0.0,0.0,1.0,0.0,0.0
3,110,2.926644537150243,0.0,0.0,1.0,0.0,0.0,0.0,0.0
4,110,5.277696329801553,1.623110925797446,1.0,1.0,0.0,1.0,0.0,1.0
5,110,5.125046360322589,1.7476882279092023,0.0,0.0,0.0,0.0,1.0,0.0
6,110,2.632943022810424,3.5078390870877305,0.0,1.0,1.0,1.0,1.0,0.0
7,110,5.188848123463784,9.047821379261665,1.0,1.0,0.0,1.0,0.0,0.0
8,110,9.951771845441362,7.076518865484024,1.0,0.0,0.0,1.0,0.0,1.0
9,110,7.52213880621918,11.072122034422618,1.0,1.0,0.0,0.0,0.0,1.0
10,110,12.0,5.9102664106217695,0.0,0.0,0.0,0.0,1.0,0.0
11,110,8.902638880954402,7.095372301070003,1.0,0.0,0.0,0.0,0.0,0.0
12,110,2.859171027556044,4.53541031417948,1.0,0.0,0.0,0.0,0.0,0.0
13,110,6.052905943510013,9.17198133773491,1.0,0.0,1.0,0.0,0.0,1.0
14,110,1.956440426216268,3.832298888536092,1.0,0.0,1.0,0.0,1.0,0.0
15,110,0.0964080720299412,1.1774275125720333,1.0,0.0,0.0,0.0,0.0,0.0
16,110,7.366339272172018,0.2091207558812545,0.0,0.0,0.0,0.0,1.0,0.0
17,110,2.024045611878337,10.383610269764372,0.0,0.0,1.0,0.0,0.0,1.0
18,110,10.579649933539905,4.199195678466813,0.0,0.0,1.0,1.0,0.0,0.0
19,110,0.9001404614584455,0.0,1.0,0.0,1.0,0.0,0.0,0.0
20,110,6.712785249026325,10.529218145453394,0.0,1.0,1.0,0.0,0.0,0.0
21,110,0.0,1.3588679424743004,1.0,1.0,0.0,1.0,1.0,1.0
22,110,8.830466066592992,12.0,1.0,1.0,0.0,0.0,1.0,0.0
23,110,5.422390117278357,10.909914346269584,1.0,0.0,0.0,1.0,0.0,0.0
24,110,7.781797136527634,5.842410793462547,0.0,0.0,1.0,1.0,1.0,1.0
25,110,4.259322248279996,6.614255255962478,0.0,0.0,0.0,0.0,0.0,0.0
26,110,6.9299575702958895,3.236075751289377,0.0,0.0,1.0,0.0,0.0,0.0
27,110,7.15094539111511,8.564741950541517,0.0,1.0,0.0,0.0,0.0,0.0
28,110,1.0636968626355323,6.548681914365251,0.0,1.0,1.0,0.0,0.0,0.0
29,110,4.759659251994321,12.0,0.0,1.0,0.0,0.0,0.0,1.0
30,110,4.925316496279093,1.343783036822075,0.0,0.0,1.0,0.0,0.0,1.0
31,110,7.330168629443309,5.519771527259249,1.0,0.0,0.0,1.0,0.0,0.0
32,110,1.1634888754821946,0.0,0.0,1.0,1.0,0.0,1.0,1.0
33,110,6.7067544469007,0.589841153860798,0.0,1.0,0.0,1.0,0.0,1.0
34,110,11.110403401989956,2.5735369076188883,0.0,1.0,1.0,1.0,0.0,1.0
35,110,1.2785838744193134,2.23630936874464,1.0,0.0,1.0,1.0,0.0,1.0
36,110,4.79864922497307,6.321913572289848,1.0,1.0,1.0,0.0,1.0,0.0
37,110,4.209099224967111,5.608683060410861,1.0,0.0,1.0,0.0,0.0,0.0
38,110,6.466916746203939,7.493296272139406,0.0,0.0,0.0,0.0,0.0,1.0
39,110,10.25941231318286,9.864643965978198,0.0,1.0,0.0,0.0,0.0,0.0
0,115,5.821583310022234,7.600740107501385,0.0,0.0,1.0,0.0,0.0,1.0
1,115,4.89342482785228,9.681318133413631,0.0,0.0,0.0,0.0,1.0,0.0
2,115,8.68365291010053,9.93615439103818,0.0,0.0,0.0,1.0,0.0,0.0
3,115,2.8093001239272435,0.0,0.0,1.0,0.0,0.0,0.0,0.0
4,115,5.15580649817902,1.4570895953947425,1.0,1.0,0.0,1.0,0.0,1.0
5,115,5.094847542149435,1.76545678535796,0.0,0.0,0.0,0.0,1.0,0.0
6,115,2.6303605679054765,3.509751007904333,0.0,1.0,1.0,1.0,1.0,0.0
7,115,5.206135671194379,9.121622971304271,1.0,1.0,0.0,1.0,0.0,0.0
8,115,9.962820286188864,7.0669116008215065,1.0,0.0,0.0,1.0,0.0,1.0
9,115,7.495368220441294,11.064907127331212,1.0,1.0,0.0,0.0,0.0,1.0
10,115,12.0,5.907563848533356,0.0,0.0,0.0,0.0,1.0,0.0
11,115,8.811225268708922,7.089188703107554,1.0,0.0,0.0,0.0,0.0,0.0
12,115,2.8842951719558303,4.489133302021805,1.0,0.0,0.0,0.0,0.0,0.0
13,115,6.091416761849749,9.112453588207762,1.0,0.0,1.0,0.0,0.0,1.0
14,115,1.95393674218575,3.868595180705084,1.0,0.0,1.0,0.0,1.0,0.0
15,115,0.1277512188276465,1.1486911259613426,1.0,0.0,0.0,0.0,0.0,0.0
16,115,7.332325696125633,0.1752303721453575,0.0,0.0,0.0,0.0,1.0,0.0
17,115,2.0173718170769077,10.393755658119742,0.0,0.0,1.0,0.0,0.0,1.0
18,115,10.519274100050058,4.172814488631233,0.0,0.0,1.0,1.0,0.0,0.0
19,115,0.8460042722980154,0.0,1.0,0.0,1.0,0.0,0.0,0.0
20,115,6.716559302444368,10.535685675269043,0.0,1.0,1.0,0.0,0.0,0.0
21,115,0.0,1.3704002914164857,1.0,1.0,0.0,1.0,1.0,1.0
22,115,8.823647869424716,12.0,1.0,1.0,0.0,0.0,1.0,0.0
23,115,5.4228934464391685,10.903643768042798,1.0,0.0,0.0,1.0,0.0,0.0
24,115,7.806701204629629,5.838337009955766,0.0,0.0,1.0,1.0,1.0,1.0
25,115,4.270930968779042,6.602626489355048,0.0,0.0,0.0,0.0,0.0,0.0
26,115,6.870319782898416,3.2490910332706164,0.0,0.0,1.0,0.0,0.0,0.0
27,115,7.143654753941112,8.581923303664754,0.0,1.0,0.0,0.0,0.0,0.0
28,115,0.976326357590672,6.444243877006255,0.0,1.0,1.0,0.0,0.0,0.0
29,115,4.8446073952311615,12.0,0.0,1.0,0.0,0.0,0.0,1.0
30,115,4.972671026876959,1.3694825866392084,0.0,0.0,1.0,0.0,0.0,1.0
31,115,7.300344816314691,5.4983311521247975,1.0,0.0,0.0,1.0,0.0,0.0
32,115,1.1283129033524677,0.0,0.0,1.0,1.0,0.0,1.0,1.0
33,115,6.747607768459718,0.4983576655751116,0.0,1.0,0.0,1.0,0.0,1.0
34,115,11.113593937236676,2.586758520168513,0.0,1.0,1.0,1.0,0.0,1.0
35,115,1.3145278939597094,2.2684209910858537,1.0,0.0,1.0,1.0,0.0,1.0
36,115,4.862596598366908,6.268601615105203,1.0,1.0,1.0,0.0,1.0,0.0
37,115,4.298028330116996,5.576151442522001,1.0,0.0,1.0,0.0,0.0,0.0
38,115,6.48911322892441,7.568073727976758,0.0,0.0,0.0,0.0,0.0,1.0
39,115,10.182975371541716,9.856628674140785,0.0,1.0,0.0,0.0,0.0,0.0
0,120,5.824978873944594,7.608623206520342,0.0,0.0,1.0,0.0,0.0,1.0
1,120,4.884549911598248,9.740133137548648,0.0,0.0,0.0,0.0,1.0,0.0
2,120,8.704859511631357,10.011471852304732,0.0,0.0,0.0,1.0,0.0,0.0
3,120,2.6636312162144717,0.0,0.0,1.0,0.0,0.0,0.0,0.0
4,120,5.019832587991563,1.2784627624642284,1.0,1.0,0.0,1.0,0.0,1.0
5,120,5.0563205887284575,1.7893970997143325,0.0,0.0,0.0,0.0,1.0,0.0
6,120,2.617207024178542,3.519715552689936,0.0,1.0,1.0,1.0,1.0,0.0
7,120,5.222356422423268,9.187811677500871,1.0,1.0,0.0,1.0,0.0,0.0
8,120,9.968433728362443,7.061954842421534,1.0,0.0,0.0,1.0,0.0,1.0
9,120,7.466514666610775,11.05703618663136,1.0,1.0,0.0,0.0,0.0,1.0
10,120,12.0,5.905397051979843,0.0,0.0,0.0,0.0,1.0,0.0
11,120,8.716901112765601,7.085907309834927,1.0,0.0,0.0,0.0,0.0,0.0
12,120,2.9051632927001663,4.449789690936914,1.0,0.0,0.0,0.0,0.0,0.0
13,120,6.130909824745805,9.051649929466157,1.0,0.0,1.0,0.0,0.0,1.0
14,120,1.9527866007099,3.8872050904089153,1.0,0.0,1.0,0.0,1.0,0.0
15,120,0.1510052698103398,1.1272633515903043,1.0,0.0,0.0,0.0,0.0,0.0
16,120,7.291859034724982,0.1341986448455318,0.0,0.0,0.0,0.0,1.0,0.0
17,120,2.0223043468668425,10.386444219567409,0.0,0.0,1.0,0.0,0.0,1.0
18,120,10.463148695202433,4.148412554763271,0.0,0.0,1.0,1.0,0.0,0.0
19,120,0.8022835522547538,0.0,1.0,0.0,1.0,0.0,0.0,0.0
20,120,6.724446594789347,10.549166557335528,0.0,1.0,1.0,0.0,0.0,0.0
21,120,0.0,1.386873692277839,1.0,1.0,0.0,1.0,1.0,1.0
22,120,8.81366843740498,12.0,1.0,1.0,0.0,0.0,1.0,0.0
23,120,5.424233590714328,10.89001049400416,1.0,0.0,0.0,1.0,0.0,0.0
24,120,7.816023377359127,5.836694405673407,0.0,0.0,1.0,1.0,1.0,1.0
25,120,4.266256282888826,6.607363729632617,0.0,0.0,0.0,0.0,0.0,0.0
26,120,6.794675169543634,3.2650681193840003,0.0,0.0,1.0,0.0,0.0,0.0
27,120,7.134873284278879,8.604930157194442,0.0,1.0,0.0,0.0,0.0,0.0
28,120,0.8901956954437191,6.339090753203986,0.0,1.0,1.0,0.0,0.0,0.0
29,120,4.921724300687757,12.0,0.0,1.0,0.0,0.0,0.0,1.0
30,120,5.008587939785961,1.3885827113284344,0.0,0.0,1.0,0.0,0.0,1.0
31,120,7.268507257645921,5.474311953649408,1.0,0.0,0.0,1.0,0.0,0.0
32,120,1.098728020484152,0.0,0.0,1.0,1.0,0.0,1.0,1.0
33,120,6.800560672770412,0.3812574819774471,0.0,1.0,0.0,1.0,0.0,1.0
34,120,11.11869501481058,2.609707904553738,0.0,1.0,1.0,1.0,0.0,1.0
35,120,1.3491963864078662,2.302333163418909,1.0,0.0,1.0,1.0,0.0,1.0
36,120,4.933516051106162,6.204692081401411,1.0,1.0,1.0,0.0,1.0,0.0
37,120,4.376107441372288,5.549688327163247,1.0,0.0,1.0,0.0,0.0,0.0
38,120,6.505743825985108,7.620623140082233,0.0,0.0,0.0,0.0,0.0,1.0
39,120,10.123588488573668,9.85379221355561,0.0,1.0,0.0,0.0,0.0,0.0
0,125,5.833017061429956,7.626627094837493,0.0,0.0,1.0,0.0,0.0,1.0
1,125,4.876510258471473,9.787855803496262,0.0,0.0,0.0,0.0,1.0,0.0
2,125,8.72592978669586,10.08113591578138,0.0,0.0,0.0,1.0,0.0,0.0
3,125,2.504585116199056,0.0,0.0,1.0,0.0,0.0,0.0,0.0
4,125,4.896238009696329,1.113267428089239,1.0,1.0,0.0,1.0,0.0,1.0
5,125,5.011127014783448,1.8185745708978744,0.0,0.0,0.0,0.0,1.0,0.0
6,125,2.598860351991768,3.533233363778716,0.0,1.0,1.0,1.0,1.0,0.0
7,125,5.237730524077587,9.2605684809802,1.0,1.0,0.0,1.0,0.0,0.0
8,125,9.970034041904638,7.060606987346472,1.0,0.0,0.0,1.0,0.0,1.0
9,125,7.4417873946519295,11.05012157281421,1.0,1.0,0.0,0.0,0.0,1.0
10,125,12.0,5.900817011845112,0.0,0.0,0.0,0.0,1.0,0.0
11,125,8.61375374997698,7.081479966251947,1.0,0.0,0.0,0.0,0.0,0.0
12,125,2.922438448787917,4.417680455565987,1.0,0.0,0.0,0.0,0.0,0.0
13,125,6.177462576998956,8.977398260499482,1.0,0.0,1.0,0.0,0.0,1.0
14,125,1.9511331135008736,3.917567526048178,1.0,0.0,1.0,0.0,1.0,0.0
15,125,0.1749119430035906,1.105512750711499,1.0,0.0,0.0,0.0,0.0,0.0
16,125,7.24113059430016,0.0852529366036322,0.0,0.0,0.0,0.0,1.0,0.0
17,125,2.021010263224766,10.388518486204829,0.0,0.0,1.0,0.0,0.0,1.0
18,125,10.423260540677076,4.131066772543537,0.0,0.0,1.0,1.0,0.0,0.0
19,125,0.7493911645401621,0.0,1.0,0.0,1.0,0.0,0.0,0.0
20,125,6.724471966228995,10.549211753048109,0.0,1.0,1.0,0.0,0.0,0.0
21,125,0.0,1.407746165845527,1.0,1.0,0.0,1.0,1.0,1.0
22,125,8.804883805299173,12.0,1.0,1.0,0.0,0.0,1.0,0.0
23,125,5.423652104226454,10.900183459291773,1.0,0.0,0.0,1.0,0.0,0.0
24,125,7.8417390199970205,5.83282414827818,0.0,0.0,1.0,1.0,1.0,1.0
25,125,4.26665748797106,6.606949081882777,0.0,0.0,0.0,0.0,0.0,0.0
26,125,6.7318308170666326,3.278052901631987,0.0,0.0,1.0,0.0,0.0,0.0
27,125,7.104590161329613,8.592773268615394,0.0,1.0,0.0,0.0,0.0,0.0
28,125,0.804734944676851,6.235125285695292,0.0,1.0,1.0,0.0,0.0,0.0
29,125,4.992179135267901,12.0,0.0,1.0,0.0,0.0,0.0,1.0
30,125,5.047459229798622,1.408253121284471,0.0,0.0,1.0,0.0,0.0,1.0
31,125,7.245596432261762,5.456774664914194,1.0,0.0,0.0,1.0,0.0,0.0
32,125,1.0676976486363254,0.0,0.0,1.0,1.0,0.0,1.0,1.0
33,125,6.85000652885901,0.2683122937419472,0.0,1.0,0.0,1.0,0.0,1.0
34,125,11.122014029427868,2.625132246706801,0.0,1.0,1.0,1.0,0.0,1.0
35,125,1.3896660945384876,2.340919179546849,1.0,0.0,1.0,1.0,0.0,1.0
36,125,4.991633616594245,6.148412560141442,1.0,1.0,1.0,0.0,1.0,0.0
37,125,4.469374820611375,5.5169302650659775,1.0,0.0,1.0,0.0,0.0,0.0
38,125,6.518198657729901,7.662866978930456,0.0,0.0,0.0,0.0,0.0,1.0
39,125,10.047380623531977,9.853527364560508,0.0,1.0,0.0,0.0,0.0,0.0
0,130,5.837482838209243,7.636449984610907,0.0,0.0,1.0,0.0,0.0,1.0
1,130,4.867794575584739,9.8382271818687,0.0,0.0,0.0,0.0,1.0,0.0
2,130,8.751824491562711,10.16049178563124,0.0,0.0,0.0,1.0,0.0,0.0
3,130,2.376438135368195,0.0,0.0,1.0,0.0,0.0,0.0,0.0
4,130,4.779337861779204,0.960431789464302,1.0,1.0,0.0,1.0,0.0,1.0
5,130,4.968745795953022,1.8452070993252516,0.0,0.0,0.0,0.0,1.0,0.0
6,130,2.5873351461374967,3.541571880957313,0.0,1.0,1.0,1.0,1.0,0.0
7,130,5.258088847750968,9.355426011927554,1.0,1.0,0.0,1.0,0.0,0.0
8,130,9.983939287869728,7.048797465104432,1.0,0.0,0.0,1.0,0.0,1.0
9,130,7.38782873138448,11.033466806553802,1.0,1.0,0.0,0.0,0.0,1.0
10,130,12.0,5.89693229728896,0.0,0.0,0.0,0.0,1.0,0.0
11,130,8.515559013461246,7.076553547533579,1.0,0.0,0.0,0.0,0.0,0.0
12,130,2.9434406449302792,4.375745089735076,1.0,0.0,0.0,0.0,0.0,0.0
13,130,6.232009899063259,8.893316502167721,1.0,0.0,1.0,0.0,0.0,1.0
14,130,1.949621342657904,3.9404286520475686,1.0,0.0,1.0,0.0,1.0,0.0
15,130,0.1674988829317034,1.1120255625272988,1.0,0.0,0.0,0.0,0.0,0.0
16,130,7.188516062516028,0.0361160218343487,0.0,0.0,0.0,0.0,1.0,0.0
17,130,2.0115671961066126,10.40412937808236,0.0,0.0,1.0,0.0,0.0,1.0
18,130,10.390756736656764,4.116138464143405,0.0,0.0,1.0,1.0,0.0,0.0
19,130,0.6757648276646638,0.0,1.0,0.0,1.0,0.0,0.0,0.0
20,130,6.722482256339077,10.5455018761123,0.0,1.0,1.0,0.0,0.0,0.0
21,130,0.0,1.4272732197831506,1.0,1.0,0.0,1.0,1.0,1.0
22,130,8.797284225292726,12.0,1.0,1.0,0.0,0.0,1.0,0.0
23,130,5.422555824556446,10.925446929678952,1.0,0.0,0.0,1.0,0.0,0.0
24,130,7.847680002150062,5.872308113106757,0.0,0.0,1.0,1.0,1.0,1.0
25,130,4.281486046559469,6.592599681898518,0.0,0.0,0.0,0.0,0.0,0.0
26,130,6.661584828397549,3.2926939040168404,0.0,0.0,1.0,0.0,0.0,0.0
27,130,7.06999630036425,8.578004198979395,0.0,1.0,0.0,0.0,0.0,0.0
28,130,0.7136077161429213,6.115375782966298,0.0,1.0,1.0,0.0,0.0,0.0
29,130,5.0734173766945565,12.0,0.0,1.0,0.0,0.0,0.0,1.0
30,130,5.072117718744588,1.4207199277070646,0.0,0.0,1.0,0.0,0.0,1.0
31,130,7.226731525678854,5.4423852316190455,1.0,0.0,0.0,1.0,0.0,0.0
32,130,1.0342736916796096,0.0,0.0,1.0,1.0,0.0,1.0,1.0
33,130,6.902766819382306,0.1515692958319661,0.0,1.0,0.0,1.0,0.0,1.0
34,130,11.1250890029928,2.6415863870292062,0.0,1.0,1.0,1.0,0.0,1.0
35,130,1.4265124629002826,2.3765896487306515,1.0,0.0,1.0,1.0,0.0,1.0
36,130,5.052718442853786,6.0873528653495805,1.0,1.0,1.0,0.0,1.0,0.0
37,130,4.56749457337592,5.481519663213042,1.0,0.0,1.0,0.0,0.0,0.0
38,130,6.541834430682714,7.732771864466954,0.0,0.0,0.0,0.0,0.0,1.0
39,130,9.982879634400131,9.852771205546578,0.0,1.0,0.0,0.0,0.0,0.0
0,135,5.831286697312925,7.621848409598626,0.0,0.0,1.0,0.0,0.0,1.0
1,135,4.859939890819359,9.878751511064465,0.0,0.0,0.0,0.0,1.0,0.0
2,135,8.778347164677117,10.240947101578891,0.0,0.0,0.0,1.0,0.0,0.0
3,135,2.2626190020153865,0.0,0.0,1.0,0.0,0.0,0.0,0.0
4,135,4.672494384266451,0.8230459178708396,1.0,1.0,0.0,1.0,0.0,1.0
5,135,4.90757464062415,1.8818790576398172,0.0,0.0,0.0,0.0,1.0,0.0
6,135,2.5908266708310883,3.5391321827665387,0.0,1.0,1.0,1.0,1.0,0.0
7,135,5.276564398498577,9.43143581533011,1.0,1.0,0.0,1.0,0.0,0.0
8,135,9.9976650429401,7.036619943305807,1.0,0.0,0.0,1.0,0.0,1.0
9,135,7.316891985258919,11.01035108239702,1.0,1.0,0.0,0.0,0.0,1.0
10,135,12.0,5.892602255418529,0.0,0.0,0.0,0.0,1.0,0.0
11,135,8.427393966760823,7.073778110837093,1.0,0.0,0.0,0.0,0.0,0.0
12,135,2.96229313429485,4.335953280806027,1.0,0.0,0.0,0.0,0.0,0.0
13,135,6.2839069829443295,8.817464312601757,1.0,0.0,1.0,0.0,0.0,1.0
14,135,1.948637258831284,3.9561390636371474,1.0,0.0,1.0,0.0,1.0,0.0
15,135,0.1693834217397564,1.1103751984562018,1.0,0.0,0.0,0.0,0.0,0.0
16,135,7.124382204652931,0.0,0.0,0.0,0.0,0.0,1.0,0.0
17,135,2.0008832392988305,10.42131945335511,0.0,0.0,1.0,0.0,0.0,1.0
18,135,10.344992755011427,4.095502118229048,0.0,0.0,1.0,1.0,0.0,0.0
19,135,0.7019061631769051,0.0,1.0,0.0,1.0,0.0,0.0,0.0
20,135,6.730136036023802,10.559396158912543,0.0,1.0,1.0,0.0,0.0,0.0
21,135,0.0,1.4464541915588316,1.0,1.0,0.0,1.0,1.0,1.0
22,135,8.784956552864216,12.0,1.0,1.0,0.0,0.0,1.0,0.0
23,135,5.421122568418013,10.951563735572291,1.0,0.0,0.0,1.0,0.0,0.0
24,135,7.854156273093761,5.911437574659221,0.0,0.0,1.0,1.0,1.0,1.0
25,135,4.288556229364789,6.585618726277699,0.0,0.0,0.0,0.0,0.0,0.0
26,135,6.6049283945535375,3.304701336326453,0.0,0.0,1.0,0.0,0.0,0.0
27,135,7.03371992670555,8.562956777920368,0.0,1.0,0.0,0.0,0.0,0.0
28,135,0.8189904921237946,6.030401805265999,0.0,1.0,1.0,0.0,0.0,0.0
29,135,5.1445766215250615,12.0,0.0,1.0,0.0,0.0,0.0,1.0
30,135,5.092457253799185,1.4310768657151889,0.0,0.0,1.0,0.0,0.0,1.0
31,135,7.218530287553079,5.436125578214818,1.0,0.0,0.0,1.0,0.0,0.0
32,135,0.9976501362412832,0.0,0.0,1.0,1.0,0.0,1.0,1.0
33,135,6.960313144000036,0.0174142234049408,0.0,1.0,0.0,1.0,0.0,1.0
34,135,11.13254776870963,2.681858025380818,0.0,1.0,1.0,1.0,0.0,1.0
35,135,1.4562497837299733,2.405997119218044,1.0,0.0,1.0,1.0,0.0,1.0
36,135,5.143653345226932,6.003167552223716,1.0,1.0,1.0,0.0,1.0,0.0
37,135,4.647519493326941,5.456180183126927,1.0,0.0,1.0,0.0,0.0,0.0
38,135,6.570986002922859,7.814464758323212,0.0,0.0,0.0,0.0,0.0,1.0
39,135,9.932793839122535,9.85095319611754,0.0,1.0,0.0,0.0,0.0,0.0
0,140,5.826320806305081,7.610322731559886,0.0,0.0,1.0,0.0,0.0,1.0
1,140,4.8529090396177965,9.91458420532539,0.0,0.0,0.0,0.0,1.0,0.0
2,140,8.806154687677347,10.318402204926873,0.0,0.0,0.0,1.0,0.0,0.0
3,140,2.1381008627958464,0.0,0.0,1.0,0.0,0.0,0.0,0.0
4,140,4.560569409654117,0.6823983304687128,1.0,1.0,0.0,1.0,0.0,1.0
5,140,4.855697184122623,1.9144169826392865,0.0,0.0,0.0,0.0,1.0,0.0
6,140,2.5964570260816755,3.5351588249411656,0.0,1.0,1.0,1.0,1.0,0.0
7,140,5.297422027188763,9.521072880935751,1.0,1.0,0.0,1.0,0.0,0.0
8,140,9.998231044757793,7.036106412247117,1.0,0.0,0.0,1.0,0.0,1.0
9,140,7.232410922277912,10.984032671267656,1.0,1.0,0.0,0.0,0.0,1.0
10,140,12.0,5.890190425991852,0.0,0.0,0.0,0.0,1.0,0.0
11,140,8.304911824346853,7.075075389078902,1.0,0.0,0.0,0.0,0.0,0.0
12,140,2.976364467937086,4.30661269291832,1.0,0.0,0.0,0.0,0.0,0.0
13,140,6.328495205865281,8.75084485913676,1.0,0.0,1.0,0.0,0.0,1.0
14,140,1.9480031402395803,3.966544965842531,1.0,0.0,1.0,0.0,1.0,0.0
15,140,0.1905331793543549,1.0926405667235333,1.0,0.0,0.0,0.0,0.0,0.0
16,140,7.045015484973004,0.0,0.0,0.0,0.0,0.0,1.0,0.0
17,140,1.9824644697678455,10.452319520684211,0.0,0.0,1.0,0.0,0.0,1.0
18,140,10.33130517644706,4.089277835220157,0.0,0.0,1.0,1.0,0.0,0.0
19,140,0.728581413055758,0.0,1.0,0.0,1.0,0.0,0.0,0.0
20,140,6.743066304973349,10.581694228644986,0.0,1.0,1.0,0.0,0.0,0.0
21,140,0.0,1.4584785548087915,1.0,1.0,0.0,1.0,1.0,1.0
22,140,8.773993620152327,12.0,1.0,1.0,0.0,0.0,1.0,0.0
23,140,5.457685749135116,10.954063681231888,1.0,0.0,0.0,1.0,0.0,0.0
24,140,7.860831889599809,5.950490261187672,0.0,0.0,1.0,1.0,1.0,1.0
25,140,4.273346054013252,6.570628502506415,0.0,0.0,0.0,0.0,0.0,0.0
26,140,6.55509662465708,3.315469009853027,0.0,0.0,1.0,0.0,0.0,0.0
27,140,6.987316410585516,8.542240049739753,0.0,1.0,0.0,0.0,0.0,0.0
28,140,0.9327083725399552,5.935898408708152,0.0,1.0,1.0,0.0,0.0,0.0
29,140,5.214369045668845,12.0,0.0,1.0,0.0,0.0,0.0,1.0
30,140,5.094279144938325,1.432012366681185,0.0,0.0,1.0,0.0,0.0,1.0
31,140,7.195092741865773,5.418630818867895,1.0,0.0,0.0,1.0,0.0,0.0
32,140,0.9649256187150476,0.0,0.0,1.0,1.0,0.0,1.0,1.0
33,140,7.0201662847164,0.0,0.0,1.0,0.0,1.0,0.0,1.0
34,140,11.1394759643818,2.719439165835683,0.0,1.0,1.0,1.0,0.0,1.0
35,140,1.4818605907170246,2.431487236511796,1.0,0.0,1.0,1.0,0.0,1.0
36,140,5.22913595837244,5.929504832305907,1.0,1.0,1.0,0.0,1.0,0.0
37,140,4.715523675775508,5.435635611879373,1.0,0.0,1.0,0.0,0.0,0.0
38,140,6.597497578140468,7.89052025567236,0.0,0.0,0.0,0.0,0.0,1.0
39,140,9.87141421698612,9.849239474555672,0.0,1.0,0.0,0.0,0.0,0.0
0,145,5.8170121597837126,7.58879246799829,0.0,0.0,1.0,0.0,0.0,1.0
1,145,4.846644906344575,9.941405527330849,0.0,0.0,0.0,0.0,1.0,0.0
2,145,8.830267113082218,10.392720183529546,0.0,0.0,0.0,1.0,0.0,0.0
3,145,1.9803983838857635,0.0,0.0,1.0,0.0,0.0,0.0,0.0
4,145,4.455282475200383,0.5494640304098429,1.0,1.0,0.0,1.0,0.0,1.0
5,145,4.810989724882609,1.9436976958618948,0.0,0.0,0.0,0.0,1.0,0.0
6,145,2.594140774642385,3.5367749886973425,0.0,1.0,1.0,1.0,1.0,0.0
7,145,5.314342393110668,9.595491940698302,1.0,1.0,0.0,1.0,0.0,0.0
8,145,9.985075405481956,7.047720612628222,1.0,0.0,0.0,1.0,0.0,1.0
9,145,7.1286196149401695,10.9536294311298,1.0,1.0,0.0,0.0,0.0,1.0
10,145,12.0,5.890987579610234,0.0,0.0,0.0,0.0,1.0,0.0
11,145,8.20480322260268,7.075030699561238,1.0,0.0,0.0,0.0,0.0,0.0
12,145,2.9896772797360573,4.278365955223195,1.0,0.0,0.0,0.0,0.0,0.0
13,145,6.360406911288108,8.702365209559087,1.0,0.0,1.0,0.0,0.0,1.0
14,145,1.9468435648411035,3.984817299110739,1.0,0.0,1.0,0.0,1.0,0.0
15,145,0.1584317251258579,1.055714562703097,1.0,0.0,0.0,0.0,0.0,0.0
16,145,6.950037636188586,0.0,0.0,0.0,0.0,0.0,1.0,0.0
17,145,1.960976976214936,10.48662464908477,0.0,0.0,1.0,0.0,0.0,1.0
18,145,10.306290227833832,4.077025280459127,0.0,0.0,1.0,1.0,0.0,0.0
19,145,0.7618702912307167,0.0,1.0,0.0,1.0,0.0,0.0,0.0
20,145,6.759583479290519,10.60895286319579,0.0,1.0,1.0,0.0,0.0,0.0
21,145,0.0,1.4657611000613078,1.0,1.0,0.0,1.0,1.0,1.0
22,145,8.760684478337573,12.0,1.0,1.0,0.0,0.0,1.0,0.0
23,145,5.489219199860205,10.957014182886306,1.0,0.0,0.0,1.0,0.0,0.0
24,145,7.868802950859532,6.002097142062224,0.0,0.0,1.0,1.0,1.0,1.0
25,145,4.269175532227927,6.566464002340537,0.0,0.0,0.0,0.0,0.0,0.0
26,145,6.472027979259911,3.33801475255801,0.0,0.0,1.0,0.0,0.0,0.0
27,145,6.94772882730326,8.52371674529838,0.0,1.0,0.0,0.0,0.0,0.0
28,145,1.024827168492771,5.8617854080856215,0.0,1.0,1.0,0.0,0.0,0.0
29,145,5.287923744083355,12.0,0.0,1.0,0.0,0.0,0.0,1.0
30,145,5.087731787714551,1.4285386019237198,0.0,0.0,1.0,0.0,0.0,1.0
31,145,7.182315999525335,5.4091623850348265,1.0,0.0,0.0,1.0,0.0,0.0
32,145,0.9260478840101222,0.0,0.0,1.0,1.0,0.0,1.0,1.0
33,145,7.0788331280830805,0.0,0.0,1.0,0.0,1.0,0.0,1.0
34,145,11.143710676298925,2.743688970812478,0.0,1.0,1.0,1.0,0.0,1.0
35,145,1.5032632678024402,2.453554502826655,1.0,0.0,1.0,1.0,0.0,1.0
36,145,5.32017780062474,5.849182686909511,1.0,1.0,1.0,0.0,1.0,0.0
37,145,4.786977144001622,5.415099388961225,1.0,0.0,1.0,0.0,0.0,0.0
38,145,6.6222465975493225,7.961354620854047,0.0,0.0,0.0,0.0,0.0,1.0
39,145,9.83336072867459,9.848460667050276,0.0,1.0,0.0,0.0,0.0,0.0
0,150,5.800499964770626,7.547910310395386,0.0,0.0,1.0,0.0,0.0,1.0
1,150,4.838708547302601,9.970934053314693,0.0,0.0,0.0,0.0,1.0,0.0
2,150,8.854616590562793,10.46544763326726,0.0,0.0,0.0,1.0,0.0,0.0
3,150,1.8334293343309476,0.0,0.0,1.0,0.0,0.0,0.0,0.0
4,150,4.35836786537597,0.4339042283576675,1.0,1.0,0.0,1.0,0.0,1.0
5,150,4.769218570190841,1.9712025819851933,0.0,0.0,0.0,0.0,1.0,0.0
6,150,2.6046983487097237,3.5297504804413222,0.0,1.0,1.0,1.0,1.0,0.0
7,150,5.3276456444948375,9.647708294501436,1.0,1.0,0.0,1.0,0.0,0.0
8,150,9.983953487827822,7.048720813751837,1.0,0.0,0.0,1.0,0.0,1.0
9,150,7.024100742018234,10.92315322372681,1.0,1.0,0.0,0.0,0.0,1.0
10,150,12.0,5.892715706675481,0.0,0.0,0.0,0.0,1.0,0.0
11,150,8.099700709435812,7.072157033061876,1.0,0.0,0.0,0.0,0.0,0.0
12,150,3.0000391992808124,4.25602714230439,1.0,0.0,0.0,0.0,0.0,0.0
13,150,6.38754042878372,8.661045420869307,1.0,0.0,1.0,0.0,0.0,1.0
14,150,1.943543624671337,4.023436309208703,1.0,0.0,1.0,0.0,1.0,0.0
15,150,0.1235822845074285,1.0166350258325292,1.0,0.0,0.0,0.0,0.0,0.0
16,150,6.84968803243676,0.0,0.0,0.0,0.0,0.0,1.0,0.0
17,150,1.9451424113253104,10.512605290584077,0.0,0.0,1.0,0.0,0.0,1.0
18,150,10.28985006795324,4.068133139884218,0.0,0.0,1.0,1.0,0.0,0.0
19,150,0.7963376222864469,0.0,1.0,0.0,1.0,0.0,0.0,0.0
20,150,6.783538132186482,10.649017727083578,0.0,1.0,1.0,0.0,0.0,0.0
21,150,0.0,1.4788971435762863,1.0,1.0,0.0,1.0,1.0,1.0
22,150,8.74770939967403,12.0,1.0,1.0,0.0,0.0,1.0,0.0
23,150,5.525451293338902,10.961018240229231,1.0,0.0,0.0,1.0,0.0,0.0
24,150,7.879032690271693,6.058900035816373,0.0,0.0,1.0,1.0,1.0,1.0
25,150,4.266406909681412,6.563588648966441,0.0,0.0,0.0,0.0,0.0,0.0
26,150,6.414551125954719,3.35267517694527,0.0,0.0,1.0,0.0,0.0,0.0
27,150,6.905910865750545,8.503864593875843,0.0,1.0,0.0,0.0,0.0,0.0
28,150,1.1239200387940318,5.781297492393699,0.0,1.0,1.0,0.0,0.0,0.0
29,150,5.359945216389828,12.0,0.0,1.0,0.0,0.0,0.0,1.0
30,150,5.085397441923786,1.4272850338986025,0.0,0.0,1.0,0.0,0.0,1.0
31,150,7.162524844611247,5.3948732410016005,1.0,0.0,0.0,1.0,0.0,0.0
32,150,0.8874809928438651,0.0,0.0,1.0,1.0,0.0,1.0,1.0
33,150,7.130686588102089,0.0,0.0,1.0,0.0,1.0,0.0,1.0
34,150,11.146555077514558,2.7618999230154246,0.0,1.0,1.0,1.0,0.0,1.0
35,150,1.5222562201211025,2.472951661481588,1.0,0.0,1.0,1.0,0.0,1.0
36,150,5.411994754019952,5.770245449365972,1.0,1.0,1.0,0.0,1.0,0.0
37,150,4.863915023301858,5.393948849983669,1.0,0.0,1.0,0.0,0.0,0.0
38,150,6.643915626985502,8.02971730959141,0.0,0.0,0.0,0.0,0.0,1.0
39,150,9.808762815949356,9.847818167267969,0.0,1.0,0.0,0.0,0.0,0.0
0,155,5.782032962689489,7.500103713586784,0.0,0.0,1.0,0.0,0.0,1.0
1,155,4.825433098435987,10.01794927220519,0.0,0.0,0.0,0.0,1.0,0.0
2,155,8.878400961535625,10.536654066955116,0.0,0.0,0.0,1.0,0.0,0.0
3,155,1.6626552867648587,0.0,0.0,1.0,0.0,0.0,0.0,0.0
4,155,4.260835523057669,0.3139328812767836,1.0,1.0,0.0,1.0,0.0,1.0
5,155,4.735613638611146,1.9918058500188995,0.0,0.0,0.0,0.0,1.0,0.0
6,155,2.6071046765239374,3.528046919361821,0.0,1.0,1.0,1.0,1.0,0.0
7,155,5.339811075202576,9.70046010646456,1.0,1.0,0.0,1.0,0.0,0.0
8,155,9.991346324320691,7.041674588731921,1.0,0.0,0.0,1.0,0.0,1.0
9,155,6.935991330656284,10.898501350361906,1.0,1.0,0.0,0.0,0.0,1.0
10,155,12.0,5.892042062307529,0.0,0.0,0.0,0.0,1.0,0.0
11,155,7.986747425537364,7.069920830183084,1.0,0.0,0.0,0.0,0.0,0.0
12,155,3.003428608763553,4.249018460146333,1.0,0.0,0.0,0.0,0.0,0.0
13,155,6.408197956764085,8.62703852468281,1.0,0.0,1.0,0.0,0.0,1.0
14,155,1.940500990288573,4.057705203534862,1.0,0.0,1.0,0.0,1.0,0.0
15,155,0.0899960686691248,0.9797116358784091,1.0,0.0,0.0,0.0,0.0,0.0
16,155,6.7350912288238645,0.0,0.0,0.0,0.0,0.0,1.0,0.0
17,155,1.935988241812464,10.528472376906834,0.0,0.0,1.0,0.0,0.0,1.0
18,155,10.263299108772149,4.053007323858447,0.0,0.0,1.0,1.0,0.0,0.0
19,155,0.8327504365769045,0.0,1.0,0.0,1.0,0.0,0.0,0.0
20,155,6.815943415165943,10.70241165288622,0.0,1.0,1.0,0.0,0.0,0.0
21,155,0.0,1.4953101376366418,1.0,1.0,0.0,1.0,1.0,1.0
22,155,8.738462939221643,12.0,1.0,1.0,0.0,0.0,1.0,0.0
23,155,5.572676700726914,10.966480770774645,1.0,0.0,0.0,1.0,0.0,0.0
24,155,7.887607964452811,6.107921972740115,0.0,0.0,1.0,1.0,1.0,1.0
25,155,4.237567335060111,6.533160377895482,0.0,0.0,0.0,0.0,0.0,0.0
26,155,6.343077528659928,3.37127698213572,0.0,0.0,1.0,0.0,0.0,0.0
27,155,6.862465258590059,8.483619802036072,0.0,1.0,0.0,0.0,0.0,0.0
28,155,1.2243430717922152,5.699268098598807,0.0,1.0,1.0,0.0,0.0,0.0
29,155,5.427893643979625,12.0,0.0,1.0,0.0,0.0,0.0,1.0
30,155,5.07072070238632,1.4196856164159692,0.0,0.0,1.0,0.0,0.0,1.0
31,155,7.155510436972387,5.389954405337154,1.0,0.0,0.0,1.0,0.0,0.0
32,155,0.845016940458859,0.0,0.0,1.0,1.0,0.0,1.0,1.0
33,155,7.183088488993651,0.0,0.0,1.0,0.0,1.0,0.0,1.0
34,155,11.150417710542548,2.7877153053788137,0.0,1.0,1.0,1.0,0.0,1.0
35,155,1.539360482800247,2.4912933244771214,1.0,0.0,1.0,1.0,0.0,1.0
36,155,5.494444754341827,5.695675606527405,1.0,1.0,1.0,0.0,1.0,0.0
37,155,4.929084820708342,5.377226463377985,1.0,0.0,1.0,0.0,0.0,0.0
38,155,6.664202564350634,8.092405313204777,0.0,0.0,0.0,0.0,0.0,1.0
39,155,9.77252354383606,9.847002118420535,0.0,1.0,0.0,0.0,0.0,0.0
0,160,5.7530249164578935,7.42978573794996,0.0,0.0,1.0,0.0,0.0,1.0
1,160,4.810526113676479,10.071669625462514,0.0,0.0,0.0,0.0,1.0,0.0
2,160,8.894185847716251,10.589830862104051,0.0,0.0,0.0,1.0,0.0,0.0
3,160,1.490490700099976,0.0,0.0,1.0,0.0,0.0,0.0,0.0
4,160,4.172775889753263,0.200768163353005,1.0,1.0,0.0,1.0,0.0,1.0
5,160,4.684711128966963,2.025548824684188,0.0,0.0,0.0,0.0,1.0,0.0
6,160,2.604142369703579,3.5301619925168963,0.0,1.0,1.0,1.0,1.0,0.0
7,160,5.356420588097358,9.779478956872886,1.0,1.0,0.0,1.0,0.0,0.0
8,160,9.999603231524452,7.034076534545082,1.0,0.0,0.0,1.0,0.0,1.0
9,160,6.859845808128208,10.877078992797266,1.0,1.0,0.0,0.0,0.0,1.0
10,160,12.0,5.891504206922868,0.0,0.0,0.0,0.0,1.0,0.0
11,160,7.862771202216138,7.066708573144142,1.0,0.0,0.0,0.0,0.0,0.0
12,160,3.009623086514288,4.237265612524089,1.0,0.0,0.0,0.0,0.0,0.0
13,160,6.427332086116137,8.59474731982237,1.0,0.0,1.0,0.0,0.0,1.0
14,160,1.936657155865531,4.093439188007371,1.0,0.0,1.0,0.0,1.0,0.0
15,160,0.0686259283412439,0.9560285412935928,1.0,0.0,0.0,0.0,0.0,0.0
16,160,6.621303290129873,0.0,0.0,0.0,0.0,0.0,1.0,0.0
17,160,1.9294874664751345,10.53954947467276,0.0,0.0,1.0,0.0,0.0,1.0
18,160,10.24680270760996,4.043481699097543,0.0,0.0,1.0,1.0,0.0,0.0
19,160,0.8621564779671551,0.0,1.0,0.0,1.0,0.0,0.0,0.0
20,160,6.844406682366633,10.751722732339369,0.0,1.0,1.0,0.0,0.0,0.0
21,160,0.0,1.5189111217592233,1.0,1.0,0.0,1.0,1.0,1.0
22,160,8.730485582050385,12.0,1.0,1.0,0.0,0.0,1.0,0.0
23,160,5.593274725224515,10.96898414968423,1.0,0.0,0.0,1.0,0.0,0.0
24,160,7.894187730820585,6.142934325954027,0.0,0.0,1.0,1.0,1.0,1.0
25,160,4.212554301891349,6.506162365710331,0.0,0.0,0.0,0.0,0.0,0.0
26,160,6.277140350107635,3.389339854554669,0.0,0.0,1.0,0.0,0.0,0.0
27,160,6.827206751327652,8.467649145667771,0.0,1.0,0.0,0.0,0.0,0.0
28,160,1.3474016231725958,5.602691218244437,0.0,1.0,1.0,0.0,0.0,0.0
29,160,5.496016055406182,12.0,0.0,1.0,0.0,0.0,0.0,1.0
30,160,5.030879239503364,1.398394789726449,0.0,0.0,1.0,0.0,0.0,1.0
31,160,7.150157020120888,5.386197378271696,1.0,0.0,0.0,1.0,0.0,0.0
32,160,0.8030844286697273,0.0,0.0,1.0,1.0,0.0,1.0,1.0
33,160,7.23454111043148,0.0,0.0,1.0,0.0,1.0,0.0,1.0
34,160,11.154634965573097,2.819004524358608,0.0,1.0,1.0,1.0,0.0,1.0
35,160,1.5609177473402835,2.515362675245139,1.0,0.0,1.0,1.0,0.0,1.0
36,160,5.578540290346901,5.618454315132857,1.0,1.0,1.0,0.0,1.0,0.0
37,160,5.010899866629401,5.356633969420152,1.0,0.0,1.0,0.0,0.0,0.0
38,160,6.681894264444987,8.14981231354376,0.0,0.0,0.0,0.0,0.0,1.0
39,160,9.750370238758642,9.846823657150711,0.0,1.0,0.0,0.0,0.0,0.0
0,165,5.72795200809561,7.36123913151908,0.0,0.0,1.0,0.0,0.0,1.0
1,165,4.7930951670498505,10.130374921976465,0.0,0.0,0.0,0.0,1.0,0.0
2,165,8.904167587510514,10.624870325582544,0.0,0.0,0.0,1.0,0.0,0.0
3,165,1.300078794630346,0.0,0.0,1.0,0.0,0.0,0.0,0.0
4,165,4.070255848704576,0.0674166692261958,1.0,1.0,0.0,1.0,0.0,1.0
5,165,4.63683376580606,2.057459743815431,0.0,0.0,0.0,0.0,1.0,0.0
6,165,2.6039757231587117,3.530278660734053,0.0,1.0,1.0,1.0,1.0,0.0
7,165,5.376028676054207,9.883498794076685,1.0,1.0,0.0,1.0,0.0,0.0
8,165,9.999695914364311,7.033993006043442,1.0,0.0,0.0,1.0,0.0,1.0
9,165,6.781429418672203,10.85456935051622,1.0,1.0,0.0,0.0,0.0,1.0
10,165,12.0,5.821472643949061,0.0,0.0,0.0,0.0,1.0,0.0
11,165,7.76756068618073,7.064424104517423,1.0,0.0,0.0,0.0,0.0,0.0
12,165,3.006894154626648,4.242609092043553,1.0,0.0,0.0,0.0,0.0,0.0
13,165,6.44456311693685,8.564985684355214,1.0,0.0,1.0,0.0,0.0,1.0
14,165,1.931318762467808,4.1359818835393165,1.0,0.0,1.0,0.0,1.0,0.0
15,165,0.0333821818816048,0.9141651980217036,1.0,0.0,0.0,0.0,0.0,0.0
16,165,6.527783034014298,0.0,0.0,0.0,0.0,0.0,1.0,0.0
17,165,1.9223428667503493,10.55219976260595,0.0,0.0,1.0,0.0,0.0,1.0
18,165,10.238659401442996,4.038821871927178,0.0,0.0,1.0,1.0,0.0,0.0
19,165,0.8957311900139769,0.0,1.0,0.0,1.0,0.0,0.0,0.0
20,165,6.849368934002007,10.760599307339715,0.0,1.0,1.0,0.0,0.0,0.0
21,165,0.0,1.5387673935357906,1.0,1.0,0.0,1.0,1.0,1.0
22,165,8.716966542804588,12.0,1.0,1.0,0.0,0.0,1.0,0.0
23,165,5.606211914410947,10.970555388606291,1.0,0.0,0.0,1.0,0.0,0.0
24,165,7.899314055014363,6.171173087286071,0.0,0.0,1.0,1.0,1.0,1.0
25,165,4.1831955892396495,6.471822857785567,0.0,0.0,0.0,0.0,0.0,0.0
26,165,6.208582128257825,3.4074276764759563,0.0,0.0,1.0,0.0,0.0,0.0
27,165,6.7874390324619815,8.448677996734887,0.0,1.0,0.0,0.0,0.0,0.0
28,165,1.442274664170943,5.727710518304165,0.0,1.0,1.0,0.0,0.0,0.0
29,165,5.561660518867801,12.0,0.0,1.0,0.0,0.0,0.0,1.0
30,165,4.975087737045331,1.3700383473217468,0.0,0.0,1.0,0.0,0.0,1.0
31,165,7.147912266114108,5.384646474860741,1.0,0.0,0.0,1.0,0.0,0.0
32,165,0.7757958370373517,0.0,0.0,1.0,1.0,0.0,1.0,1.0
33,165,7.2916964556168,0.0,0.0,1.0,0.0,1.0,0.0,1.0
34,165,11.15810558518859,2.843417899508566,0.0,1.0,1.0,1.0,0.0,1.0
35,165,1.586609064817528,2.5443000672303038,1.0,0.0,1.0,1.0,0.0,1.0
36,165,5.676863892058496,5.529794797777548,1.0,1.0,1.0,0.0,1.0,0.0
37,165,5.093190007501811,5.337209040942975,1.0,0.0,1.0,0.0,0.0,0.0
38,165,6.708383868946579,8.236330628123048,0.0,0.0,0.0,0.0,0.0,1.0
39,165,9.720979637180982,9.845772697080804,0.0,1.0,0.0,0.0,0.0,0.0
0,170,5.706975331700951,7.301121438661609,0.0,0.0,1.0,0.0,0.0,1.0
1,170,4.778404586457133,10.18085131363615,0.0,0.0,0.0,0.0,1.0,0.0
2,170,8.918663028096818,10.669814725068594,0.0,0.0,0.0,1.0,0.0,0.0
3,170,1.1186417110217317,0.0,0.0,1.0,0.0,0.0,0.0,0.0
4,170,3.972230808395828,0.0,1.0,1.0,0.0,1.0,0.0,1.0
5,170,4.590054754916491,2.088954271722152,0.0,0.0,0.0,0.0,1.0,0.0
6,170,2.597450516237743,3.53492817216325,0.0,1.0,1.0,1.0,1.0,0.0
7,170,5.400278301025135,10.015651810831322,1.0,1.0,0.0,1.0,0.0,0.0
8,170,9.994378616081956,7.038725862768889,1.0,0.0,0.0,1.0,0.0,1.0
9,170,6.695419254164717,10.831456102224935,1.0,1.0,0.0,0.0,0.0,1.0
10,170,12.0,5.73865685252944,0.0,0.0,0.0,0.0,1.0,0.0
11,170,7.651986124804226,7.062770370781844,1.0,0.0,0.0,0.0,0.0,0.0
12,170,2.9966046407788887,4.263081291268866,1.0,0.0,0.0,0.0,0.0,0.0
13,170,6.391760864645277,8.531371660901138,1.0,0.0,1.0,0.0,0.0,1.0
14,170,1.9237796824150144,4.188675367630275,1.0,0.0,1.0,0.0,1.0,0.0
15,170,0.0070152539571329,0.881988091175069,1.0,0.0,0.0,0.0,0.0,0.0
16,170,6.4330879262419085,0.0,0.0,0.0,0.0,0.0,1.0,0.0
17,170,1.907760436205467,10.578018846557503,0.0,0.0,1.0,0.0,0.0,1.0
18,170,10.222325260107372,4.029466847101263,0.0,0.0,1.0,1.0,0.0,0.0
19,170,0.9390876613390272,0.0,1.0,0.0,1.0,0.0,0.0,0.0
20,170,6.866359309520235,10.791312506009234,0.0,1.0,1.0,0.0,0.0,0.0
21,170,0.0,1.5656109111247825,1.0,1.0,0.0,1.0,1.0,1.0
22,170,8.703435987709419,12.0,1.0,1.0,0.0,0.0,1.0,0.0
23,170,5.630717410696919,10.973862496602797,1.0,0.0,0.0,1.0,0.0,0.0
24,170,7.902525073113831,6.187217506112785,0.0,0.0,1.0,1.0,1.0,1.0
25,170,4.149365826304245,6.432717307642488,0.0,0.0,0.0,0.0,0.0,0.0
26,170,6.156078700680749,3.420862168471761,0.0,0.0,1.0,0.0,0.0,0.0
27,170,6.74727704674947,8.428490629995665,0.0,1.0,0.0,0.0,0.0,0.0
28,170,1.5542089142332578,5.874695980931567,0.0,1.0,1.0,0.0,0.0,0.0
29,170,5.400301185322348,12.0,0.0,1.0,0.0,0.0,0.0,1.0
30,170,4.923839402491969,1.3452449295749798,0.0,0.0,1.0,0.0,0.0,1.0
31,170,7.138531571033869,5.378201548871606,1.0,0.0,0.0,1.0,0.0,0.0
32,170,0.8197235617376782,0.0,0.0,1.0,1.0,0.0,1.0,1.0
33,170,7.352258863803007,0.0,0.0,1.0,0.0,1.0,0.0,1.0
34,170,11.158901494008294,2.850743130214912,0.0,1.0,1.0,1.0,0.0,1.0
35,170,1.6015680756290178,2.5619161696909094,1.0,0.0,1.0,1.0,0.0,1.0
36,170,5.761823820057802,5.449203451513816,1.0,1.0,1.0,0.0,1.0,0.0
37,170,5.19027483835204,5.313353521628949,1.0,0.0,1.0,0.0,0.0,0.0
38,170,6.731796866303854,8.316695235937852,0.0,0.0,0.0,0.0,0.0,1.0
39,170,9.692349356538216,9.84458837124667,0.0,1.0,0.0,0.0,0.0,0.0
0,175,5.682622495522003,7.237114235980568,0.0,0.0,1.0,0.0,0.0,1.0
1,175,4.764337746719666,10.2296074139394,0.0,0.0,0.0,0.0,1.0,0.0
2,175,8.93643777457425,10.721168272387567,0.0,0.0,0.0,1.0,0.0,0.0
3,175,0.9309619942263448,0.0,0.0,1.0,0.0,0.0,0.0,0.0
4,175,3.8820463698794927,0.0,1.0,1.0,0.0,1.0,0.0,1.0
5,175,4.544576827821667,2.119569923732488,0.0,0.0,0.0,0.0,1.0,0.0
6,175,2.572066726792014,3.5530052946080173,0.0,1.0,1.0,1.0,1.0,0.0
7,175,5.419504003615892,10.12695286985306,1.0,1.0,0.0,1.0,0.0,0.0
8,175,9.985403685269462,7.046645620232093,1.0,0.0,0.0,1.0,0.0,1.0
9,175,6.608137945959968,10.807447080807751,1.0,1.0,0.0,0.0,0.0,1.0
10,175,12.0,5.637625979682944,0.0,0.0,0.0,0.0,1.0,0.0
11,175,7.528507124525927,7.059556703169575,1.0,0.0,0.0,0.0,0.0,0.0
12,175,2.986514279834897,4.284105385673485,1.0,0.0,0.0,0.0,0.0,0.0
13,175,6.33651913713765,8.498419789676275,1.0,0.0,1.0,0.0,0.0,1.0
14,175,1.9144232067178264,4.252904569319158,1.0,0.0,1.0,0.0,1.0,0.0
15,175,0.0,0.8479981632875224,1.0,0.0,0.0,0.0,0.0,0.0
16,175,6.352570923038643,0.0,0.0,0.0,0.0,0.0,1.0,0.0
17,175,1.8926051309315404,10.603746970547029,0.0,0.0,1.0,0.0,0.0,1.0
18,175,10.228319913199764,4.032862910120928,0.0,0.0,1.0,1.0,0.0,0.0
19,175,0.9800255326878868,0.0,1.0,0.0,1.0,0.0,0.0,0.0
20,175,6.8961905546808095,10.848655851209898,0.0,1.0,1.0,0.0,0.0,0.0
21,175,0.0,1.5955822437835363,1.0,1.0,0.0,1.0,1.0,1.0
22,175,8.696355100838462,12.0,1.0,1.0,0.0,0.0,1.0,0.0
23,175,5.66416461664388,10.978108300682448,1.0,0.0,0.0,1.0,0.0,0.0
24,175,7.905617743174794,6.186525095893745,0.0,0.0,1.0,1.0,1.0,1.0
25,175,4.112236873471258,6.390732116434922,0.0,0.0,0.0,0.0,0.0,0.0
26,175,6.086786006192908,3.4392905313423565,0.0,0.0,1.0,0.0,0.0,0.0
27,175,6.723924470497915,8.417425802067905,0.0,1.0,0.0,0.0,0.0,0.0
28,175,1.6736180666089533,6.027815680319312,0.0,1.0,1.0,0.0,0.0,0.0
29,175,5.229555237365831,12.0,0.0,1.0,0.0,0.0,0.0,1.0
30,175,4.861848188558064,1.314973217960904,0.0,0.0,1.0,0.0,0.0,1.0
31,175,7.120710663364063,5.366793186574386,1.0,0.0,0.0,1.0,0.0,0.0
32,175,0.8650385539944988,0.0,0.0,1.0,1.0,0.0,1.0,1.0
33,175,7.405790756868078,0.0,0.0,1.0,0.0,1.0,0.0,1.0
34,175,11.161522458213533,2.871633401344451,0.0,1.0,1.0,1.0,0.0,1.0
35,175,1.6203714099709123,2.5847706915272752,1.0,0.0,1.0,1.0,0.0,1.0
36,175,5.839649599316391,5.37751270990686,1.0,1.0,1.0,0.0,1.0,0.0
37,175,5.276537547001858,5.292423310516336,1.0,0.0,1.0,0.0,0.0,0.0
38,175,6.7548352199192205,8.39155478166934,0.0,0.0,0.0,0.0,0.0,1.0
39,175,9.695299725303846,9.807355974192255,0.0,1.0,0.0,0.0,0.0,0.0
0,180,5.661723583923308,7.179973387013613,0.0,0.0,1.0,0.0,0.0,1.0
1,180,4.7457024448287015,10.293911507534924,0.0,0.0,0.0,0.0,1.0,0.0
2,180,8.943438991289199,10.741066418150416,0.0,0.0,0.0,1.0,0.0,0.0
3,180,0.7564370549835481,0.0,0.0,1.0,0.0,0.0,0.0,0.0
4,180,3.786312566393728,0.0,1.0,1.0,0.0,1.0,0.0,1.0
5,180,4.471690482161248,2.1681530927536823,0.0,0.0,0.0,0.0,1.0,0.0
6,180,2.539918291062381,3.5767754689968743,0.0,1.0,1.0,1.0,1.0,0.0
7,180,5.440632333712076,10.238451448258926,1.0,1.0,0.0,1.0,0.0,0.0
8,180,9.992254167581262,7.040641544887322,1.0,0.0,0.0,1.0,0.0,1.0
9,180,6.53957962585839,10.78879802243997,1.0,1.0,0.0,0.0,0.0,1.0
10,180,12.0,5.527667822696041,0.0,0.0,0.0,0.0,1.0,0.0
11,180,7.398270691042788,7.055409876775902,1.0,0.0,0.0,0.0,0.0,0.0
12,180,2.9748409021843454,4.309131882850495,1.0,0.0,0.0,0.0,0.0,0.0
13,180,6.2979755214660935,8.475227353998813,1.0,0.0,1.0,0.0,0.0,1.0
14,180,1.907821619303364,4.306978886190241,1.0,0.0,1.0,0.0,1.0,0.0
15,180,0.0,0.8283194601600483,1.0,0.0,0.0,0.0,0.0,0.0
16,180,6.277312760169362,0.0,0.0,0.0,0.0,0.0,1.0,0.0
17,180,1.8749589080097344,10.63601714654784,0.0,0.0,1.0,0.0,0.0,1.0
18,180,10.22206314292782,4.029144572720983,0.0,0.0,1.0,1.0,0.0,0.0
19,180,1.015319899551144,0.0,1.0,0.0,1.0,0.0,0.0,0.0
20,180,6.934343213864787,10.9204812202195,0.0,1.0,1.0,0.0,0.0,0.0
21,180,0.0,1.6286002670992312,1.0,1.0,0.0,1.0,1.0,1.0
22,180,8.68880128670538,12.0,1.0,1.0,0.0,0.0,1.0,0.0
23,180,5.709518111432925,10.982539020355237,1.0,0.0,0.0,1.0,0.0,0.0
24,180,7.911178070657144,6.18532478440158,0.0,0.0,1.0,1.0,1.0,1.0
25,180,4.070273167480022,6.343208668295212,0.0,0.0,0.0,0.0,0.0,0.0
26,180,6.017177151573475,3.45954291328646,0.0,0.0,1.0,0.0,0.0,0.0
27,180,6.703835076328648,8.407560745093027,0.0,1.0,0.0,0.0,0.0,0.0
28,180,1.7942402586539432,6.168088366661871,0.0,1.0,1.0,0.0,0.0,0.0
29,180,5.046038262296631,12.0,0.0,1.0,0.0,0.0,0.0,1.0
30,180,4.808130441942385,1.2888440924803264,0.0,0.0,1.0,0.0,0.0,1.0
31,180,7.129781860930936,5.372678961918151,1.0,0.0,0.0,1.0,0.0,0.0
32,180,0.9103524507593578,0.0,0.0,1.0,1.0,0.0,1.0,1.0
33,180,7.462309373119043,0.0,0.0,1.0,0.0,1.0,0.0,1.0
34,180,11.164674766796022,2.8970999389462477,0.0,1.0,1.0,1.0,0.0,1.0
35,180,1.628045991674911,2.5942371639188657,1.0,0.0,1.0,1.0,0.0,1.0
36,180,5.914464855202724,5.308587895604513,1.0,1.0,1.0,0.0,1.0,0.0
37,180,5.3648465031544985,5.270983188355695,1.0,0.0,1.0,0.0,0.0,0.0
38,180,6.779714638981478,8.468051637755236,0.0,0.0,0.0,0.0,0.0,1.0
39,180,9.6993910791561,9.766052686296872,0.0,1.0,0.0,0.0,0.0,0.0
0,185,5.647128059257205,7.139531459067821,0.0,0.0,1.0,0.0,0.0,1.0
1,185,4.728041204089393,10.368574955815738,0.0,0.0,0.0,0.0,1.0,0.0
2,185,8.946017607409237,10.74901000818356,0.0,0.0,0.0,1.0,0.0,0.0
3,185,0.583523375107805,0.0,0.0,1.0,0.0,0.0,0.0,0.0
4,185,3.697049315708724,0.0,1.0,1.0,0.0,1.0,0.0,1.0
5,185,4.393248401377146,2.2213539163211307,0.0,0.0,0.0,0.0,1.0,0.0
6,185,2.524572587173586,3.5881929500291285,0.0,1.0,1.0,1.0,1.0,0.0
7,185,5.4652698042804655,10.364339090337518,1.0,1.0,0.0,1.0,0.0,0.0
8,185,9.98026140207023,7.051007372481184,1.0,0.0,0.0,1.0,0.0,1.0
9,185,6.476847270929662,10.770747439320154,1.0,1.0,0.0,0.0,0.0,1.0
10,185,12.0,5.45545513783924,0.0,0.0,0.0,0.0,1.0,0.0
11,185,7.276712767239198,7.051354573279491,1.0,0.0,0.0,0.0,0.0,0.0
12,185,2.9645811435717477,4.332505570277256,1.0,0.0,0.0,0.0,0.0,0.0
13,185,6.281172360671655,8.464605171383417,1.0,0.0,1.0,0.0,0.0,1.0
14,185,1.8998376259231688,4.375995340661282,1.0,0.0,1.0,0.0,1.0,0.0
15,185,0.0,0.8041344111634162,1.0,0.0,0.0,0.0,0.0,0.0
16,185,6.193361584927206,0.0,0.0,0.0,0.0,0.0,1.0,0.0
17,185,1.8530194191482785,10.673193526564956,0.0,0.0,1.0,0.0,0.0,1.0
18,185,10.20532438218742,4.019495445666605,0.0,0.0,1.0,1.0,0.0,0.0
19,185,1.046568237643864,0.0,1.0,0.0,1.0,0.0,0.0,0.0
20,185,6.968808437113523,10.985074731631668,0.0,1.0,1.0,0.0,0.0,0.0
21,185,0.0,1.6611565554050578,1.0,1.0,0.0,1.0,1.0,1.0
22,185,8.68096624196079,12.0,1.0,1.0,0.0,0.0,1.0,0.0
23,185,5.765900949335451,10.988814719132344,1.0,0.0,0.0,1.0,0.0,0.0
24,185,7.899581148023618,6.188214771961726,0.0,0.0,1.0,1.0,1.0,1.0
25,185,4.0268611493566855,6.29391433195493,0.0,0.0,0.0,0.0,0.0,0.0
26,185,5.951416564773872,3.476684109837446,0.0,0.0,1.0,0.0,0.0,0.0
27,185,6.675151973937892,8.393423785206274,0.0,1.0,0.0,0.0,0.0,0.0
28,185,1.930144328830505,6.323252505709897,0.0,1.0,1.0,0.0,0.0,0.0
29,185,4.884889750445918,12.0,0.0,1.0,0.0,0.0,0.0,1.0
30,185,4.726975358117655,1.248541750689394,0.0,0.0,1.0,0.0,0.0,1.0
31,185,7.124881678711824,5.369550564930944,1.0,0.0,0.0,1.0,0.0,0.0
32,185,0.968290567528214,0.0,0.0,1.0,1.0,0.0,1.0,1.0
33,185,7.520700606779032,0.0,0.0,1.0,0.0,1.0,0.0,1.0
34,185,11.166977664504287,2.920292641102332,0.0,1.0,1.0,1.0,0.0,1.0
35,185,1.630066822785834,2.5967159864115152,1.0,0.0,1.0,1.0,0.0,1.0
36,185,6.004067378662649,5.22382190433526,1.0,1.0,1.0,0.0,1.0,0.0
37,185,5.436510764559124,5.2544964629099775,1.0,0.0,1.0,0.0,0.0,0.0
38,185,6.807336149767659,8.548952877968564,0.0,0.0,0.0,0.0,0.0,1.0
39,185,9.702797614684062,9.733286543800851,0.0,1.0,0.0,0.0,0.0,0.0
0,190,5.630731357616904,7.090607749193477,0.0,0.0,1.0,0.0,0.0,1.0
1,190,4.713500023508459,10.42617782929622,0.0,0.0,0.0,0.0,1.0,0.0
2,190,8.94390827981218,10.742953653063976,0.0,0.0,0.0,1.0,0.0,0.0
3,190,0.4207931116274286,0.0,0.0,1.0,0.0,0.0,0.0,0.0
4,190,3.6104645233958856,0.0,1.0,1.0,0.0,1.0,0.0,1.0
5,190,4.3432212730334845,2.1484464014514795,0.0,0.0,0.0,0.0,1.0,0.0
6,190,2.5058367742795857,3.6022664510568845,0.0,1.0,1.0,1.0,1.0,0.0
7,190,5.487639981995968,10.48199534872428,1.0,1.0,0.0,1.0,0.0,0.0
8,190,9.975782961147935,7.054922022623237,1.0,0.0,0.0,1.0,0.0,1.0
9,190,6.418305429157472,10.752486487969785,1.0,1.0,0.0,0.0,0.0,1.0
10,190,12.0,5.364368966500644,0.0,0.0,0.0,0.0,1.0,0.0
11,190,7.15544436862762,7.050781176114602,1.0,0.0,0.0,0.0,0.0,0.0
12,190,2.948673760831375,4.365186450110445,1.0,0.0,0.0,0.0,0.0,0.0
13,190,6.268562685254738,8.456607768589617,1.0,0.0,1.0,0.0,0.0,1.0
14,190,1.8900824044479647,4.448618539063577,1.0,0.0,1.0,0.0,1.0,0.0
15,190,0.0,0.7796586689384967,1.0,0.0,0.0,0.0,0.0,0.0
16,190,6.124404925515612,0.0,0.0,0.0,0.0,0.0,1.0,0.0
17,190,1.8252571236534525,10.719705640426646,0.0,0.0,1.0,0.0,0.0,1.0
18,190,10.18943922768973,4.010851770310769,0.0,0.0,1.0,1.0,0.0,0.0
19,190,1.0681828424080078,0.0,1.0,0.0,1.0,0.0,0.0,0.0
20,190,7.007473663382087,11.059401229818008,0.0,1.0,1.0,0.0,0.0,0.0
21,190,0.0,1.690484573646793,1.0,1.0,0.0,1.0,1.0,1.0
22,190,8.670313478986976,12.0,1.0,1.0,0.0,0.0,1.0,0.0
23,190,5.806571456399152,10.99362654035876,1.0,0.0,0.0,1.0,0.0,0.0
24,190,7.895490358072396,6.189265887662068,0.0,0.0,1.0,1.0,1.0,1.0
25,190,3.977003326020932,6.238276172994705,0.0,0.0,0.0,0.0,0.0,0.0
26,190,5.890465723753242,3.493587597396456,0.0,0.0,1.0,0.0,0.0,0.0
27,190,6.6680567340342565,8.389808589404836,0.0,1.0,0.0,0.0,0.0,0.0
28,190,2.0634237896171963,6.4741881524653095,0.0,1.0,1.0,0.0,0.0,0.0
29,190,4.74110556769773,12.0,0.0,1.0,0.0,0.0,0.0,1.0
30,190,4.649369596317678,1.2101687054923786,0.0,0.0,1.0,0.0,0.0,1.0
31,190,7.11922659185906,5.366175607968522,1.0,0.0,0.0,1.0,0.0,0.0
32,190,1.035287204366907,0.0,0.0,1.0,1.0,0.0,1.0,1.0
33,190,7.577576564808238,0.0,0.0,1.0,0.0,1.0,0.0,1.0
34,190,11.168659756243224,2.9393718937577606,0.0,1.0,1.0,1.0,0.0,1.0
35,190,1.6261688764726765,2.591903749727785,1.0,0.0,1.0,1.0,0.0,1.0
36,190,6.089190568912708,5.146743020403464,1.0,1.0,1.0,0.0,1.0,0.0
37,190,5.53960889849417,5.2313087016153546,1.0,0.0,1.0,0.0,0.0,0.0
38,190,6.839012334450537,8.64058552725991,0.0,0.0,0.0,0.0,0.0,1.0
39,190,9.706388397383716,9.69766182764237,0.0,1.0,0.0,0.0,0.0,0.0
0,195,5.609919474382426,7.029199695250689,0.0,0.0,1.0,0.0,0.0,1.0
1,195,4.70020889494284,10.477549874182351,0.0,0.0,0.0,0.0,1.0,0.0
2,195,8.933660600861543,10.713239345851507,0.0,0.0,0.0,1.0,0.0,0.0
3,195,0.2441608835896249,0.0,0.0,1.0,0.0,0.0,0.0,0.0
4,195,3.5198547788394845,0.0,1.0,1.0,0.0,1.0,0.0,1.0
5,195,4.290066153162329,2.074400182267585,0.0,0.0,0.0,0.0,1.0,0.0
6,195,2.4814096573803317,3.6213757657245376,0.0,1.0,1.0,1.0,1.0,0.0
7,195,5.508859341899739,10.61252753666303,1.0,1.0,0.0,1.0,0.0,0.0
8,195,9.981861703013106,7.049708499533843,1.0,0.0,0.0,1.0,0.0,1.0
9,195,6.375461266411526,10.740350492124607,1.0,1.0,0.0,0.0,0.0,1.0
10,195,11.99745458368871,5.285027167985962,0.0,0.0,0.0,0.0,1.0,0.0
11,195,7.034111063029005,7.0492782275791095,1.0,0.0,0.0,0.0,0.0,0.0
12,195,2.9386574374352623,4.386009702761256,1.0,0.0,0.0,0.0,0.0,0.0
13,195,6.275327364993516,8.461215376686472,1.0,0.0,1.0,0.0,0.0,1.0
14,195,1.881225913954758,4.510805189642088,1.0,0.0,1.0,0.0,1.0,0.0
15,195,0.0,0.7506770734685763,1.0,0.0,0.0,0.0,0.0,0.0
16,195,6.052340868572806,0.0,0.0,0.0,0.0,0.0,1.0,0.0
17,195,1.8101222082041024,10.74698233103329,0.0,0.0,1.0,0.0,0.0,1.0
18,195,10.193091787085452,4.012789215171376,0.0,0.0,1.0,1.0,0.0,0.0
19,195,1.126313111634325,0.0213794047032963,1.0,0.0,1.0,0.0,0.0,0.0
20,195,7.049558374035311,11.139102423451178,0.0,1.0,1.0,0.0,0.0,0.0
21,195,0.0,1.7239260231935778,1.0,1.0,0.0,1.0,1.0,1.0
22,195,8.65728674024683,12.0,1.0,1.0,0.0,0.0,1.0,0.0
23,195,5.83278022774645,10.997299691332548,1.0,0.0,0.0,1.0,0.0,0.0
24,195,7.890340004002826,6.190717249626733,0.0,0.0,1.0,1.0,1.0,1.0
25,195,3.9345075887884393,6.190365426566958,0.0,0.0,0.0,0.0,0.0,0.0
26,195,5.8199158708121335,3.5119003721264197,0.0,0.0,1.0,0.0,0.0,0.0
27,195,6.684050578028115,8.398146900306926,0.0,1.0,0.0,0.0,0.0,0.0
28,195,2.2089914693171906,6.638372185556693,0.0,1.0,1.0,0.0,0.0,0.0
29,195,4.607378495978017,12.0,0.0,1.0,0.0,0.0,0.0,1.0
30,195,4.59214935539278,1.18040497515993,0.0,0.0,1.0,0.0,0.0,1.0
31,195,7.117363204762663,5.365045222423232,1.0,0.0,0.0,1.0,0.0,0.0
32,195,1.102925008132895,0.0,0.0,1.0,1.0,0.0,1.0,1.0
33,195,7.639419551513197,0.0,0.0,1.0,0.0,1.0,0.0,1.0
34,195,11.170749556144628,2.9624676209053247,0.0,1.0,1.0,1.0,0.0,1.0
35,195,1.6228192721672363,2.5877071772317493,1.0,0.0,1.0,1.0,0.0,1.0
36,195,6.174676657478089,5.064020549420095,1.0,1.0,1.0,0.0,1.0,0.0
37,195,5.641208393672927,5.20935629397786,1.0,0.0,1.0,0.0,0.0,0.0
38,195,6.872350331502899,8.725748567276684,0.0,0.0,0.0,0.0,0.0,1.0
39,195,9.712287288052991,9.637048990974078,0.0,1.0,0.0,0.0,0.0,0.0
0,200,5.57592284509396,6.93194446713292,0.0,0.0,1.0,0.0,0.0,1.0
1,200,4.692509475301427,10.506498357072315,0.0,0.0,0.0,0.0,1.0,0.0
2,200,8.920260437506352,10.67607953882295,0.0,0.0,0.0,1.0,0.0,0.0
3,200,0.0547002009592512,0.0,0.0,1.0,0.0,0.0,0.0,0.0
4,200,3.430292360495204,0.0,1.0,1.0,0.0,1.0,0.0,1.0
5,200,4.232447180527025,1.997571660470764,0.0,0.0,0.0,0.0,1.0,0.0
6,200,2.461762037523186,3.6367552828294456,0.0,1.0,1.0,1.0,1.0,0.0
7,200,5.528995446897991,10.751253065666232,1.0,1.0,0.0,1.0,0.0,0.0
8,200,10.002957603245962,7.031706422129306,1.0,0.0,0.0,1.0,0.0,1.0
9,200,6.33317797896738,10.727547529300384,1.0,1.0,0.0,0.0,0.0,1.0
10,200,11.996583811343346,5.22100969529712,0.0,0.0,0.0,0.0,1.0,0.0
11,200,6.912380780593569,7.047575853294883,1.0,0.0,0.0,0.0,0.0,0.0
12,200,2.929557600080834,4.404444843018951,1.0,0.0,0.0,0.0,0.0,0.0
13,200,6.262286784842213,8.452478391481764,1.0,0.0,1.0,0.0,0.0,1.0
14,200,1.87511504805726,4.556650777129116,1.0,0.0,1.0,0.0,1.0,0.0
15,200,0.0,0.7149434442980687,1.0,0.0,0.0,0.0,0.0,0.0
16,200,5.975224753291567,0.0,0.0,0.0,0.0,0.0,1.0,0.0
17,200,1.7954830205632566,10.7737599797156,0.0,0.0,1.0,0.0,0.0,1.0
18,200,10.18226744092516,4.007034322093511,0.0,0.0,1.0,1.0,0.0,0.0
19,200,1.189366489829981,0.0421435701393351,1.0,0.0,1.0,0.0,0.0,0.0
20,200,7.081257787233064,11.19678084090272,0.0,1.0,1.0,0.0,0.0,0.0
21,200,0.0,1.7464143941131829,1.0,1.0,0.0,1.0,1.0,1.0
22,200,8.645970735977809,12.0,1.0,1.0,0.0,0.0,1.0,0.0
23,200,5.865393761691195,11.001870965134051,1.0,0.0,0.0,1.0,0.0,0.0
24,200,7.884217686976692,6.192628695165068,0.0,0.0,1.0,1.0,1.0,1.0
25,200,3.883649533632361,6.1349438586924325,0.0,0.0,0.0,0.0,0.0,0.0
26,200,5.752147050169173,3.529179194579509,0.0,0.0,1.0,0.0,0.0,0.0
27,200,6.700103212151037,8.406276924169173,0.0,1.0,0.0,0.0,0.0,0.0
28,200,2.3628469368378147,6.802577221074412,0.0,1.0,1.0,0.0,0.0,0.0
29,200,4.478839660780676,12.0,0.0,1.0,0.0,0.0,0.0,1.0
30,200,4.556355542102959,1.1611392485753205,0.0,0.0,1.0,0.0,0.0,1.0
31,200,7.116627262678823,5.364591382918091,1.0,0.0,0.0,1.0,0.0,0.0
32,200,1.1696869860340948,0.0,0.0,1.0,1.0,0.0,1.0,1.0
33,200,7.694088562651009,0.0,0.0,1.0,0.0,1.0,0.0,1.0
34,200,11.17377529313306,2.9942402350250035,0.0,1.0,1.0,1.0,0.0,1.0
35,200,1.616198991121525,2.57880077770794,1.0,0.0,1.0,1.0,0.0,1.0
36,200,6.249607678059808,4.992047566269187,1.0,1.0,1.0,0.0,1.0,0.0
37,200,5.709898992146571,5.193532588946056,1.0,0.0,1.0,0.0,0.0,0.0
38,200,6.901710311710684,8.801951505053678,0.0,0.0,0.0,0.0,0.0,1.0
39,200,9.720381488170224,9.5544407264462,0.0,1.0,0.0,0.0,0.0,0.0
0,205,5.535456182614432,6.813181148098713,0.0,0.0,1.0,0.0,0.0,1.0
1,205,4.682354689627457,10.546567637168105,0.0,0.0,0.0,0.0,1.0,0.0
2,205,8.911406144967717,10.65111404665917,0.0,0.0,0.0,1.0,0.0,0.0
3,205,0.0,0.0,0.0,1.0,0.0,0.0,0.0,0.0
4,205,3.34582161475102,0.0,1.0,1.0,0.0,1.0,0.0,1.0
5,205,4.179976947508219,1.92485632899494,0.0,0.0,0.0,0.0,1.0,0.0
6,205,2.4571526365218497,3.640346619677811,0.0,1.0,1.0,1.0,1.0,0.0
7,205,5.553623252152283,10.910235758488804,1.0,1.0,0.0,1.0,0.0,0.0
8,205,10.009096667932168,7.026552636271676,1.0,0.0,0.0,1.0,0.0,1.0
9,205,6.282887462106494,10.712883465225396,1.0,1.0,0.0,0.0,0.0,1.0
10,205,11.996531236947048,5.151648601293311,0.0,0.0,0.0,0.0,1.0,0.0
11,205,6.789689471750805,7.0427994708956,1.0,0.0,0.0,0.0,0.0,0.0
12,205,2.919527910751043,4.424367789962973,1.0,0.0,0.0,0.0,0.0,0.0
13,205,6.254767483991055,8.447306146165653,1.0,0.0,1.0,0.0,0.0,1.0
14,205,1.866358046869552,4.616941678656848,1.0,0.0,1.0,0.0,1.0,0.0
15,205,0.0,0.6674641932563554,1.0,0.0,0.0,0.0,0.0,0.0
16,205,5.890595708802998,0.0,0.0,0.0,0.0,0.0,1.0,0.0
17,205,1.7877840746702116,10.787024826643671,0.0,0.0,1.0,0.0,0.0,1.0
18,205,10.18119370288994,4.006459384585107,0.0,0.0,1.0,1.0,0.0,0.0
19,205,1.2701568782381707,0.0688896068980218,1.0,0.0,1.0,0.0,0.0,0.0
20,205,7.122275324427092,11.173915814370297,0.0,1.0,1.0,0.0,0.0,0.0
21,205,0.0,1.7662385615372955,1.0,1.0,0.0,1.0,1.0,1.0
22,205,8.634527516642192,12.0,1.0,1.0,0.0,0.0,1.0,0.0
23,205,5.916810724700715,11.007813835896052,1.0,0.0,0.0,1.0,0.0,0.0
24,205,7.88739053664777,6.19155189134476,0.0,0.0,1.0,1.0,1.0,1.0
25,205,3.8187025462840896,6.067543950424907,0.0,0.0,0.0,0.0,0.0,0.0
26,205,5.701963763288417,3.5422101168926807,0.0,0.0,1.0,0.0,0.0,0.0
27,205,6.723636630052787,8.417824630349592,0.0,1.0,0.0,0.0,0.0,0.0
28,205,2.5098286693803,6.96059033884658,0.0,1.0,1.0,0.0,0.0,0.0
29,205,4.333057717086276,12.0,0.0,1.0,0.0,0.0,0.0,1.0
30,205,4.506952501476997,1.1354205958700363,0.0,0.0,1.0,0.0,0.0,1.0
31,205,7.086911123950023,5.346577805605681,1.0,0.0,0.0,1.0,0.0,0.0
32,205,1.246285305573474,0.0,0.0,1.0,1.0,0.0,1.0,1.0
33,205,7.7522522970994014,0.0,0.0,1.0,0.0,1.0,0.0,1.0
34,205,11.17646366139795,3.0160017678085347,0.0,1.0,1.0,1.0,0.0,1.0
35,205,1.6114304071143368,2.5723064587813766,1.0,0.0,1.0,1.0,0.0,1.0
36,205,6.321544567346357,4.924558101319742,1.0,1.0,1.0,0.0,1.0,0.0
37,205,5.779754363802658,5.178020900200067,1.0,0.0,1.0,0.0,0.0,0.0
38,205,6.92567011609971,8.868033785707702,0.0,0.0,0.0,0.0,0.0,1.0
39,205,9.729748591503618,9.453314714684968,0.0,1.0,0.0,0.0,0.0,0.0
0,210,5.494259129574674,6.6823940049730925,0.0,0.0,1.0,0.0,0.0,1.0
1,210,4.66810935328419,10.59318968194338,0.0,0.0,0.0,0.0,1.0,0.0
2,210,8.907637151672374,10.64159681862427,0.0,0.0,0.0,1.0,0.0,0.0
3,210,0.0,0.0,0.0,1.0,0.0,0.0,0.0,0.0
4,210,3.2608250027303027,0.0,1.0,1.0,0.0,1.0,0.0,1.0
5,210,4.133933427453861,1.863318747410798,0.0,0.0,0.0,0.0,1.0,0.0
6,210,2.4527976970361265,3.643651817955479,0.0,1.0,1.0,1.0,1.0,0.0
7,210,5.583150146846176,11.0592664149802,1.0,1.0,0.0,1.0,0.0,0.0
8,210,10.01328534031792,7.02314346818502,1.0,0.0,0.0,1.0,0.0,1.0
9,210,6.23614917763291,10.69757109157874,1.0,1.0,0.0,0.0,0.0,1.0
10,210,11.994721399691812,5.092533636579806,0.0,0.0,0.0,0.0,1.0,0.0
11,210,6.654273185065674,7.037640205281902,1.0,0.0,0.0,0.0,0.0,0.0
12,210,2.910126102098897,4.44200651645742,1.0,0.0,0.0,0.0,0.0,0.0
13,210,6.24651020304567,8.441520230116183,1.0,0.0,1.0,0.0,0.0,1.0
14,210,1.8555859721879808,4.676652340057113,1.0,0.0,1.0,0.0,1.0,0.0
15,210,0.0,0.6137399442057595,1.0,0.0,0.0,0.0,0.0,0.0
16,210,5.810992103422845,0.0,0.0,0.0,0.0,0.0,1.0,0.0
17,210,1.7761627746379067,10.807497268997338,0.0,0.0,1.0,0.0,0.0,1.0
18,210,10.17268941348704,4.001807345449113,0.0,0.0,1.0,1.0,0.0,0.0
19,210,1.341158369255934,0.0922772539845424,1.0,0.0,1.0,0.0,0.0,0.0
20,210,7.160471092800989,11.152893445212468,0.0,1.0,1.0,0.0,0.0,0.0
21,210,0.0,1.7834897765215263,1.0,1.0,0.0,1.0,1.0,1.0
22,210,8.624563300131413,12.0,1.0,1.0,0.0,0.0,1.0,0.0
23,210,5.970314652009332,11.014131315476874,1.0,0.0,0.0,1.0,0.0,0.0
24,210,7.890251093631487,6.190619404743544,0.0,0.0,1.0,1.0,1.0,1.0
25,210,3.748301327806459,5.994238055803014,0.0,0.0,0.0,0.0,0.0,0.0
26,210,5.636881128807272,3.558123740637584,0.0,0.0,1.0,0.0,0.0,0.0
27,210,6.755361247639714,8.432614557776448,0.0,1.0,0.0,0.0,0.0,0.0
28,210,2.647864126936472,7.1118547459000006,0.0,1.0,1.0,0.0,0.0,0.0
29,210,4.200321407974227,12.0,0.0,1.0,0.0,0.0,0.0,1.0
30,210,4.484502297991318,1.1230365811381682,0.0,0.0,1.0,0.0,0.0,1.0
31,210,7.035702572515722,5.317561181044551,1.0,0.0,0.0,1.0,0.0,0.0
32,210,1.3365401232230494,0.0,0.0,1.0,1.0,0.0,1.0,1.0
33,210,7.80321048673096,0.0,0.0,1.0,0.0,1.0,0.0,1.0
34,210,11.17820608591128,3.030294689952791,0.0,1.0,1.0,1.0,0.0,1.0
35,210,1.6125749214112428,2.573921166716018,1.0,0.0,1.0,1.0,0.0,1.0
36,210,6.402989523874835,4.849201937335823,1.0,1.0,1.0,0.0,1.0,0.0
37,210,5.832018352878832,5.166707147949921,1.0,0.0,1.0,0.0,0.0,0.0
38,210,6.955497521552045,8.95171360785802,0.0,0.0,0.0,0.0,0.0,1.0
39,210,9.737983440694496,9.350608158580576,0.0,1.0,0.0,0.0,0.0,0.0
0,215,5.454368361888025,6.55152400210751,0.0,0.0,1.0,0.0,0.0,1.0
1,215,4.646613224464078,10.663604191778518,0.0,0.0,0.0,0.0,1.0,0.0
2,215,8.888415797722638,10.649487186029049,0.0,0.0,0.0,1.0,0.0,0.0
3,215,0.0,0.0,0.0,1.0,0.0,0.0,0.0,0.0
4,215,3.177141881167445,0.0,1.0,1.0,0.0,1.0,0.0,1.0
5,215,4.083031694021607,1.7943843078098445,0.0,0.0,0.0,0.0,1.0,0.0
6,215,2.44273891591774,3.6512831634808607,0.0,1.0,1.0,1.0,1.0,0.0
7,215,5.607722041198867,11.194825030671224,1.0,1.0,0.0,1.0,0.0,0.0
8,215,10.01686279969206,7.020256138615531,1.0,0.0,0.0,1.0,0.0,1.0
9,215,6.197791615795678,10.684946920276763,1.0,1.0,0.0,0.0,0.0,1.0
10,215,11.993723505315744,5.028941088539394,0.0,0.0,0.0,0.0,1.0,0.0
11,215,6.51182155249159,7.0308421171666655,1.0,0.0,0.0,0.0,0.0,0.0
12,215,2.896970647832652,4.465727782122762,1.0,0.0,0.0,0.0,0.0,0.0
13,215,6.226452867384184,8.427376071828558,1.0,0.0,1.0,0.0,0.0,1.0
14,215,1.852314965662292,4.699018476089199,1.0,0.0,1.0,0.0,1.0,0.0
15,215,0.0,0.5705132246714743,1.0,0.0,0.0,0.0,0.0,0.0
16,215,5.747612368933956,0.0,0.0,0.0,0.0,0.0,1.0,0.0
17,215,1.7674721182530309,10.82317686127363,0.0,0.0,1.0,0.0,0.0,1.0
18,215,10.152748444896176,3.9909775783082737,0.0,0.0,1.0,1.0,0.0,0.0
19,215,1.3996061454440365,0.111104597808519,1.0,0.0,1.0,0.0,0.0,0.0
20,215,7.190192373613851,11.135735228451017,0.0,1.0,1.0,0.0,0.0,0.0
21,215,0.0,1.798701396405514,1.0,1.0,0.0,1.0,1.0,1.0
22,215,8.620174367641402,12.0,1.0,1.0,0.0,0.0,1.0,0.0
23,215,6.028445905856104,11.021604971513442,1.0,0.0,0.0,1.0,0.0,0.0
24,215,7.883137705067114,6.193026485494716,0.0,0.0,1.0,1.0,1.0,1.0
25,215,3.662430276194952,5.904030476656778,0.0,0.0,0.0,0.0,0.0,0.0
26,215,5.57848040224987,3.571657803898967,0.0,0.0,1.0,0.0,0.0,0.0
27,215,6.789554955062269,8.44944074508055,0.0,1.0,0.0,0.0,0.0,0.0
28,215,2.79426785437812,7.279986764522311,0.0,1.0,1.0,0.0,0.0,0.0
29,215,4.079271165249994,12.0,0.0,1.0,0.0,0.0,0.0,1.0
30,215,4.45455859808823,1.107909701369788,0.0,0.0,1.0,0.0,0.0,1.0
31,215,6.990156005165532,5.292375115892925,1.0,0.0,0.0,1.0,0.0,0.0
32,215,1.4161733148624347,0.0,0.0,1.0,1.0,0.0,1.0,1.0
33,215,7.855586316001376,0.0,0.0,1.0,0.0,1.0,0.0,1.0
34,215,11.178894535368752,3.0364391960585086,0.0,1.0,1.0,1.0,0.0,1.0
35,215,1.6026616667595377,2.559107991311622,1.0,0.0,1.0,1.0,0.0,1.0
36,215,6.483183575620302,4.77372732830006,1.0,1.0,1.0,0.0,1.0,0.0
37,215,5.898360660981912,5.151854924506912,1.0,0.0,1.0,0.0,0.0,0.0
38,215,6.855754054555715,8.98980021135705,0.0,0.0,0.0,0.0,0.0,1.0
39,215,9.745112999199206,9.251659961505323,0.0,1.0,0.0,0.0,0.0,0.0
0,220,5.406259109982836,6.400520352975439,0.0,0.0,1.0,0.0,0.0,1.0
1,220,4.628682741443989,10.718638887907442,0.0,0.0,0.0,0.0,1.0,0.0
2,220,8.884445297371235,10.651241924055784,0.0,0.0,0.0,1.0,0.0,0.0
3,220,0.0,0.0,0.0,1.0,0.0,0.0,0.0,0.0
4,220,3.081705127005105,0.0,1.0,1.0,0.0,1.0,0.0,1.0
5,220,4.034438585719247,1.7281486045084449,0.0,0.0,0.0,0.0,1.0,0.0
6,220,2.42321484162663,3.666491255021138,0.0,1.0,1.0,1.0,1.0,0.0
7,220,5.632348338707584,11.33340060815131,1.0,1.0,0.0,1.0,0.0,0.0
8,220,10.02269782378379,7.015365146451612,1.0,0.0,0.0,1.0,0.0,1.0
9,220,6.155237042972917,10.671718712364166,1.0,1.0,0.0,0.0,0.0,1.0
10,220,11.992440046977707,4.981160251059163,0.0,0.0,0.0,0.0,1.0,0.0
11,220,6.374556865167869,7.026068056474662,1.0,0.0,0.0,0.0,0.0,0.0
12,220,2.893668386302236,4.471800522752969,1.0,0.0,0.0,0.0,0.0,0.0
13,220,6.212234289825448,8.41732174986113,1.0,0.0,1.0,0.0,0.0,1.0
14,220,1.849311691972923,4.717480133339683,1.0,0.0,1.0,0.0,1.0,0.0
15,220,0.0,0.5342323698663278,1.0,0.0,0.0,0.0,0.0,0.0
16,220,5.7064662822747785,0.0,0.0,0.0,0.0,0.0,1.0,0.0
17,220,1.7604048905220653,10.8355657645585,0.0,0.0,1.0,0.0,0.0,1.0
18,220,10.150818617234975,3.9899572866767863,0.0,0.0,1.0,1.0,0.0,0.0
19,220,1.4501851963739936,0.1284100097628245,1.0,0.0,1.0,0.0,0.0,0.0
20,220,7.199106027103936,11.130484007496506,0.0,1.0,1.0,0.0,0.0,0.0
21,220,0.0,1.8094829089319195,1.0,1.0,0.0,1.0,1.0,1.0
22,220,8.617940212950318,12.0,1.0,1.0,0.0,0.0,1.0,0.0
23,220,6.0800011520641615,11.026636134236565,1.0,0.0,0.0,1.0,0.0,0.0
24,220,7.874037552081884,6.196037200175264,0.0,0.0,1.0,1.0,1.0,1.0
25,220,3.590371042274798,5.831505119123334,0.0,0.0,0.0,0.0,0.0,0.0
26,220,5.50813776765651,3.588047413582913,0.0,0.0,1.0,0.0,0.0,0.0
27,220,6.8136912473696585,8.46109659171766,0.0,1.0,0.0,0.0,0.0,0.0
28,220,2.91917584367464,7.425861406470474,0.0,1.0,1.0,0.0,0.0,0.0
29,220,3.940192730427543,12.0,0.0,1.0,0.0,0.0,0.0,1.0
30,220,4.422109432886596,1.092228638849391,0.0,0.0,1.0,0.0,0.0,1.0
31,220,6.95697438376353,5.274592391064258,1.0,0.0,0.0,1.0,0.0,0.0
32,220,1.4911687276245011,0.0,0.0,1.0,1.0,0.0,1.0,1.0
33,220,7.9044621137795295,0.0,0.0,1.0,0.0,1.0,0.0,1.0
34,220,11.178619639881044,3.034208338411185,0.0,1.0,1.0,1.0,0.0,1.0
35,220,1.59615262647343,2.5498443265029707,1.0,0.0,1.0,1.0,0.0,1.0
36,220,6.555549933122666,4.704739746338404,1.0,1.0,1.0,0.0,1.0,0.0
37,220,5.9791993440989,5.129633234564072,1.0,0.0,1.0,0.0,0.0,0.0
38,220,6.762530748136797,9.02627604566702,0.0,0.0,0.0,0.0,0.0,1.0
39,220,9.751710096010452,9.154615195934374,0.0,1.0,0.0,0.0,0.0,0.0
0,225,5.363006058164207,6.2622007551797285,0.0,0.0,1.0,0.0,0.0,1.0
1,225,4.616351909896198,10.759235612175893,0.0,0.0,0.0,0.0,1.0,0.0
2,225,8.899414916724917,10.64548467571012,0.0,0.0,0.0,1.0,0.0,0.0
3,225,0.0,0.0,0.0,1.0,0.0,0.0,0.0,0.0
4,225,2.991123274428892,0.0,1.0,1.0,0.0,1.0,0.0,1.0
5,225,3.980820476161654,1.655749421683357,0.0,0.0,0.0,0.0,1.0,0.0
6,225,2.4037121809640998,3.6819092184335,0.0,1.0,1.0,1.0,1.0,0.0
7,225,5.660908398145628,11.47454989442494,1.0,1.0,0.0,1.0,0.0,0.0
8,225,10.038995292966291,7.001152785356217,1.0,0.0,0.0,1.0,0.0,1.0
9,225,6.090613077155171,10.65261679289164,1.0,1.0,0.0,0.0,0.0,1.0
10,225,11.99133413274064,4.947227822500943,0.0,0.0,0.0,0.0,1.0,0.0
11,225,6.215298250452705,7.014149230947615,1.0,0.0,0.0,0.0,0.0,0.0
12,225,2.8820922049686604,4.493153732280195,1.0,0.0,0.0,0.0,0.0,0.0
13,225,6.184201268850658,8.396679702314758,1.0,0.0,1.0,0.0,0.0,1.0
14,225,1.843625919346019,4.756993132433808,1.0,0.0,1.0,0.0,1.0,0.0
15,225,0.0,0.5144115690909669,1.0,0.0,0.0,0.0,0.0,0.0
16,225,5.662906410265873,0.0,0.0,0.0,0.0,0.0,1.0,0.0
17,225,1.7507782400050818,10.854047980632023,0.0,0.0,1.0,0.0,0.0,1.0
18,225,10.14906960320855,3.988979935869779,0.0,0.0,1.0,1.0,0.0,0.0
19,225,1.527778087256084,0.1560677613698573,1.0,0.0,1.0,0.0,0.0,0.0
20,225,7.213771397814527,11.12177758348607,0.0,1.0,1.0,0.0,0.0,0.0
21,225,0.0,1.8204850324410888,1.0,1.0,0.0,1.0,1.0,1.0
22,225,8.614644977474017,12.0,1.0,1.0,0.0,0.0,1.0,0.0
23,225,6.113820635360228,11.029732359534355,1.0,0.0,0.0,1.0,0.0,0.0
24,225,7.857566720311253,6.2016197402664615,0.0,0.0,1.0,1.0,1.0,1.0
25,225,3.499624652401878,5.743394574117707,0.0,0.0,0.0,0.0,0.0,0.0
26,225,5.455346134418593,3.60167683652706,0.0,0.0,1.0,0.0,0.0,0.0
27,225,6.841177513106371,8.473508981877675,0.0,1.0,0.0,0.0,0.0,0.0
28,225,3.036800036765011,7.566140684602249,0.0,1.0,1.0,0.0,0.0,0.0
29,225,3.784082249823221,12.0,0.0,1.0,0.0,0.0,0.0,1.0
30,225,4.382254813219247,1.0731997788178729,0.0,0.0,1.0,0.0,0.0,1.0
31,225,6.927285052031712,5.258344498707026,1.0,0.0,0.0,1.0,0.0,0.0
32,225,1.545750369964365,0.0,0.0,1.0,1.0,0.0,1.0,1.0
33,225,7.950895611849273,0.0,0.0,1.0,0.0,1.0,0.0,1.0
34,225,11.178537338630198,3.033565747415946,0.0,1.0,1.0,1.0,0.0,1.0
35,225,1.5965229033708552,2.550384494783647,1.0,0.0,1.0,1.0,0.0,1.0
36,225,6.639494569079103,4.623135613761769,1.0,1.0,1.0,0.0,1.0,0.0
37,225,6.0786149404975305,5.102414576752445,1.0,0.0,1.0,0.0,0.0,0.0
38,225,6.673263382540061,9.061297520502409,0.0,0.0,0.0,0.0,0.0,1.0
39,225,9.759349082586231,9.074703633497462,0.0,1.0,0.0,0.0,0.0,0.0
0,230,5.3179001626304645,6.120467428541347,0.0,0.0,1.0,0.0,0.0,1.0
1,230,4.604029589308808,10.801138478408951,0.0,0.0,0.0,0.0,1.0,0.0
2,230,8.923180176608405,10.63575151215752,0.0,0.0,0.0,1.0,0.0,0.0
3,230,0.0,0.0,0.0,1.0,0.0,0.0,0.0,0.0
4,230,2.893317353905956,0.0,1.0,1.0,0.0,1.0,0.0,1.0
5,230,3.915564692739933,1.5711993768449644,0.0,0.0,0.0,0.0,1.0,0.0
6,230,2.3869534562668586,3.695978253877607,0.0,1.0,1.0,1.0,1.0,0.0
7,230,5.687806957675084,11.597673621554396,1.0,1.0,0.0,1.0,0.0,0.0
8,230,10.042421320658288,6.998115239617775,1.0,0.0,0.0,1.0,0.0,1.0
9,230,6.042885703460593,10.638563726584255,1.0,1.0,0.0,0.0,0.0,1.0
10,230,11.989795176582728,4.921157559036883,0.0,0.0,0.0,0.0,1.0,0.0
11,230,6.060543419570983,7.005142459703216,1.0,0.0,0.0,0.0,0.0,0.0
12,230,2.877512057016554,4.502104537573939,1.0,0.0,0.0,0.0,0.0,0.0
13,230,6.181231826410733,8.394579231513742,1.0,0.0,1.0,0.0,0.0,1.0
14,230,1.8379805346397144,4.800545887821106,1.0,0.0,1.0,0.0,1.0,0.0
15,230,0.0,0.4894249737923289,1.0,0.0,0.0,0.0,0.0,0.0
16,230,5.598530431951844,0.0,0.0,0.0,0.0,0.0,1.0,0.0
17,230,1.738613921963032,10.877411132015077,0.0,0.0,1.0,0.0,0.0,1.0
18,230,10.159406650058218,3.994334091572352,0.0,0.0,1.0,1.0,0.0,0.0
19,230,1.6112781935925906,0.1861974899963913,1.0,0.0,1.0,0.0,0.0,0.0
20,230,7.224429920953249,11.115287004440624,0.0,1.0,1.0,0.0,0.0,0.0
21,230,0.0,1.8289134610344144,1.0,1.0,0.0,1.0,1.0,1.0
22,230,8.610730228746434,12.0,1.0,1.0,0.0,0.0,1.0,0.0
23,230,6.172789418056173,11.036948227299236,1.0,0.0,0.0,1.0,0.0,0.0
24,230,7.8318438595264785,6.210674395726736,0.0,0.0,1.0,1.0,1.0,1.0
25,230,3.4130011440871373,5.658686310597127,0.0,0.0,0.0,0.0,0.0,0.0
26,230,5.382177918024862,3.621594176822057,0.0,0.0,1.0,0.0,0.0,0.0
27,230,6.856903688001918,8.48082819163954,0.0,1.0,0.0,0.0,0.0,0.0
28,230,3.148929904014377,7.698021210040825,0.0,1.0,1.0,0.0,0.0,0.0
29,230,3.642148000374946,12.0,0.0,1.0,0.0,0.0,0.0,1.0
30,230,4.3436167640259535,1.0559831449312933,0.0,0.0,1.0,0.0,0.0,1.0
31,230,6.900337326368604,5.242798468122539,1.0,0.0,0.0,1.0,0.0,0.0
32,230,1.6034920478051335,0.0,0.0,1.0,1.0,0.0,1.0,1.0
33,230,7.994474403691133,0.0,0.0,1.0,0.0,1.0,0.0,1.0
34,230,11.180781293330533,3.033308436810842,0.0,1.0,1.0,1.0,0.0,1.0
35,230,1.5848024639544378,2.533265057806236,1.0,0.0,1.0,1.0,0.0,1.0
36,230,6.71267723138997,4.549429143744453,1.0,1.0,1.0,0.0,1.0,0.0
37,230,6.186680515525745,5.07575116518512,1.0,0.0,1.0,0.0,0.0,0.0
38,230,6.59745334391384,9.087070965651218,0.0,0.0,0.0,0.0,0.0,1.0
39,230,9.770263537777613,8.983524524155202,0.0,1.0,0.0,0.0,0.0,0.0
0,235,5.267540611865204,5.962447551490279,0.0,0.0,1.0,0.0,0.0,1.0
1,235,4.597679265901124,10.82351439922934,0.0,0.0,0.0,0.0,1.0,0.0
2,235,8.936932989547062,10.63030913646578,0.0,0.0,0.0,1.0,0.0,0.0
3,235,0.0,0.0,0.0,1.0,0.0,0.0,0.0,0.0
4,235,2.801389179783218,0.0,1.0,1.0,0.0,1.0,0.0,1.0
5,235,3.846435488589012,1.481606362297566,0.0,0.0,0.0,0.0,1.0,0.0
6,235,2.348667699295324,3.727996751295626,0.0,1.0,1.0,1.0,1.0,0.0
7,235,5.716366489146727,11.725388154400475,1.0,1.0,0.0,1.0,0.0,0.0
8,235,10.042429178907224,6.998108412043893,1.0,0.0,0.0,1.0,0.0,1.0
9,235,6.014512063685091,10.63115200798198,1.0,1.0,0.0,0.0,0.0,1.0
10,235,11.988432599359324,4.8966132486863385,0.0,0.0,0.0,0.0,1.0,0.0
11,235,5.933625240981513,6.998849345941657,1.0,0.0,0.0,0.0,0.0,0.0
12,235,2.884648623768558,4.488869450221343,1.0,0.0,0.0,0.0,0.0,0.0
13,235,6.160824769793762,8.381618643120444,1.0,0.0,1.0,0.0,0.0,1.0
14,235,1.8349428792523887,4.825224131471573,1.0,0.0,1.0,0.0,1.0,0.0
15,235,0.0,0.4703321396082139,1.0,0.0,0.0,0.0,0.0,0.0
16,235,5.518372294657474,0.0,0.0,0.0,0.0,0.0,1.0,0.0
17,235,1.7262649229733906,10.8995585131602,0.0,0.0,1.0,0.0,0.0,1.0
18,235,10.166791809779156,3.9981976702752577,0.0,0.0,1.0,1.0,0.0,0.0
19,235,1.6884041932430358,0.2132903763792238,1.0,0.0,1.0,0.0,0.0,0.0
20,235,7.238059299991585,11.106826083254385,0.0,1.0,1.0,0.0,0.0,0.0
21,235,0.0,1.831599043578373,1.0,1.0,0.0,1.0,1.0,1.0
22,235,8.606510448126976,12.0,1.0,1.0,0.0,0.0,1.0,0.0
23,235,6.227249346282926,11.043724193747842,1.0,0.0,0.0,1.0,0.0,0.0
24,235,7.816611924483862,6.216241060547628,0.0,0.0,1.0,1.0,1.0,1.0
25,235,3.3125451172985865,5.563699877463287,0.0,0.0,0.0,0.0,0.0,0.0
26,235,5.313960384848828,3.6413205046579447,0.0,0.0,1.0,0.0,0.0,0.0
27,235,6.904606005199426,8.50448392295283,0.0,1.0,0.0,0.0,0.0,0.0
28,235,3.248843011486304,7.82114241763143,0.0,1.0,1.0,0.0,0.0,0.0
29,235,3.482691507503547,12.0,0.0,1.0,0.0,0.0,0.0,1.0
30,235,4.311453227668284,1.0411828727779242,0.0,0.0,1.0,0.0,0.0,1.0
31,235,6.871637239774071,5.226875020204606,1.0,0.0,0.0,1.0,0.0,0.0
32,235,1.68727860258511,0.0,0.0,1.0,1.0,0.0,1.0,1.0
33,235,8.035875103313135,0.0,0.0,1.0,0.0,1.0,0.0,1.0
34,235,11.168526513684697,3.0348545099032,0.0,1.0,1.0,1.0,0.0,1.0
35,235,1.5809426048817925,2.527878846896185,1.0,0.0,1.0,1.0,0.0,1.0
36,235,6.783212570199207,4.481411884838329,1.0,1.0,1.0,0.0,1.0,0.0
37,235,6.266056757812971,5.056544882358252,1.0,0.0,1.0,0.0,0.0,0.0
38,235,6.494648969773824,9.12204718426798,0.0,0.0,0.0,0.0,0.0,1.0
39,235,9.781113878048597,8.886820999080594,0.0,1.0,0.0,0.0,0.0,0.0
0,240,5.223207624702977,5.826488241742123,0.0,0.0,1.0,0.0,0.0,1.0
1,240,4.6045211209709125,10.803159473922834,0.0,0.0,0.0,0.0,1.0,0.0
2,240,8.946515711361803,10.626102811400443,0.0,0.0,0.0,1.0,0.0,0.0
3,240,0.0,0.0,0.0,1.0,0.0,0.0,0.0,0.0
4,240,2.7265725616197627,0.0,1.0,1.0,0.0,1.0,0.0,1.0
5,240,3.7994210186892663,1.4226014889966174,0.0,0.0,0.0,0.0,1.0,0.0
6,240,2.3350726310527934,3.739925434297527,0.0,1.0,1.0,1.0,1.0,0.0
7,240,5.746164376110986,11.865143290675691,1.0,1.0,0.0,1.0,0.0,0.0
8,240,10.041734626744296,6.998726073176292,1.0,0.0,0.0,1.0,0.0,1.0
9,240,5.981547090406653,10.62274081118766,1.0,1.0,0.0,0.0,0.0,1.0
10,240,11.98846847758156,4.897300041841341,0.0,0.0,0.0,0.0,1.0,0.0
11,240,5.822430711475338,6.992772965219292,1.0,0.0,0.0,0.0,0.0,0.0
12,240,2.891179352878777,4.476489447432167,1.0,0.0,0.0,0.0,0.0,0.0
13,240,6.123421456710644,8.360335361109478,1.0,0.0,1.0,0.0,0.0,1.0
14,240,1.8298108893047584,4.868364256046876,1.0,0.0,1.0,0.0,1.0,0.0
15,240,0.0,0.4576327116986567,1.0,0.0,0.0,0.0,0.0,0.0
16,240,5.442692117762947,0.0,0.0,0.0,0.0,0.0,1.0,0.0
17,240,1.7032492557718055,10.943660100545127,0.0,0.0,1.0,0.0,0.0,1.0
18,240,10.171887384191503,4.000903985608402,0.0,0.0,1.0,1.0,0.0,0.0
19,240,1.7635593568179442,0.2383330522513986,1.0,0.0,1.0,0.0,0.0,0.0
20,240,7.256685438522032,11.096306644860377,0.0,1.0,1.0,0.0,0.0,0.0
21,240,0.0,1.8321998015590872,1.0,1.0,0.0,1.0,1.0,1.0
22,240,8.60179917049528,12.0,1.0,1.0,0.0,0.0,1.0,0.0
23,240,6.28999292287322,11.051632325599016,1.0,0.0,0.0,1.0,0.0,0.0
24,240,7.811927382305503,6.218038483948798,0.0,0.0,1.0,1.0,1.0,1.0
25,240,3.207545719081462,5.463807677126162,0.0,0.0,0.0,0.0,0.0,0.0
26,240,5.239597947038732,3.663902504834379,0.0,0.0,1.0,0.0,0.0,0.0
27,240,6.940969510488476,8.521851588656638,0.0,1.0,0.0,0.0,0.0,0.0
28,240,3.343461636010254,7.936883096056604,0.0,1.0,1.0,0.0,0.0,0.0
29,240,3.3224043658213325,12.0,0.0,1.0,0.0,0.0,0.0,1.0
30,240,4.296549511266111,1.034536954330939,0.0,0.0,1.0,0.0,0.0,1.0
31,240,6.847572850697564,5.212275743986124,1.0,0.0,0.0,1.0,0.0,0.0
32,240,1.7676516886313276,0.0,0.0,1.0,1.0,0.0,1.0,1.0
33,240,8.076464188907657,0.0,0.0,1.0,0.0,1.0,0.0,1.0
34,240,11.156368624032748,3.0365112731749546,0.0,1.0,1.0,1.0,0.0,1.0
35,240,1.5659779385515304,2.5058584136283977,1.0,0.0,1.0,1.0,0.0,1.0
36,240,6.880576281776447,4.39003469699116,1.0,1.0,1.0,0.0,1.0,0.0
37,240,6.338585941695021,5.038062162978457,1.0,0.0,1.0,0.0,0.0,0.0
38,240,6.391428487807279,9.15825900070675,0.0,0.0,0.0,0.0,0.0,1.0
39,240,9.790368355726711,8.781778299025916,0.0,1.0,0.0,0.0,0.0,0.0
0,245,5.18359932372034,5.704175116597766,0.0,0.0,1.0,0.0,0.0,1.0
1,245,4.6099073704665,10.788225669365085,0.0,0.0,0.0,0.0,1.0,0.0
2,245,8.944900226711026,10.626782202286869,0.0,0.0,0.0,1.0,0.0,0.0
3,245,0.0,0.2304683601971335,0.0,1.0,0.0,0.0,0.0,0.0
4,245,2.633089778984356,0.0,1.0,1.0,0.0,1.0,0.0,1.0
5,245,3.737935625459678,1.3445843371224335,0.0,0.0,0.0,0.0,1.0,0.0
6,245,2.3155054344322914,3.758018480709061,0.0,1.0,1.0,1.0,1.0,0.0
7,245,5.877083273522553,11.841520498519666,1.0,1.0,0.0,1.0,0.0,0.0
8,245,10.028161676314056,7.010177470831169,1.0,0.0,0.0,1.0,0.0,1.0
9,245,5.969225506507607,10.619482207665136,1.0,1.0,0.0,0.0,0.0,1.0
10,245,11.988207315261992,4.892793381024879,0.0,0.0,0.0,0.0,1.0,0.0
11,245,5.7111190983216655,6.989129867059492,1.0,0.0,0.0,0.0,0.0,0.0
12,245,2.895095300270682,4.468805242918656,1.0,0.0,0.0,0.0,0.0,0.0
13,245,6.088495010377582,8.340988626692452,1.0,0.0,1.0,0.0,0.0,1.0
14,245,1.8268724184240668,4.8925292630837625,1.0,0.0,1.0,0.0,1.0,0.0
15,245,0.0,0.4290970975512379,1.0,0.0,0.0,0.0,0.0,0.0
16,245,5.36524524747331,0.0,0.0,0.0,0.0,0.0,1.0,0.0
17,245,1.6818429464938849,10.987003205324369,0.0,0.0,1.0,0.0,0.0,1.0
18,245,10.16357348088291,3.996384223101765,0.0,0.0,1.0,1.0,0.0,0.0
19,245,1.8506190437802927,0.2659628454427711,1.0,0.0,1.0,0.0,0.0,0.0
20,245,7.263309762432832,11.092294707334732,0.0,1.0,1.0,0.0,0.0,0.0
21,245,0.0,1.8341783110906336,1.0,1.0,0.0,1.0,1.0,1.0
22,245,8.596700300356044,12.0,1.0,1.0,0.0,0.0,1.0,0.0
23,245,6.354302415335758,11.058873014464217,1.0,0.0,0.0,1.0,0.0,0.0
24,245,7.816835454924178,6.21616039842038,0.0,0.0,1.0,1.0,1.0,1.0
25,245,3.101796228645576,5.360823588213959,0.0,0.0,0.0,0.0,0.0,0.0
26,245,5.171213283925304,3.6861042282401058,0.0,0.0,1.0,0.0,0.0,0.0
27,245,6.969532504344314,8.536091454404842,0.0,1.0,0.0,0.0,0.0,0.0
28,245,3.432967129903804,8.050292549187072,0.0,1.0,1.0,0.0,0.0,0.0
29,245,3.1664040554463018,12.0,0.0,1.0,0.0,0.0,0.0,1.0
30,245,4.328548759656688,1.047589815365001,0.0,0.0,1.0,0.0,0.0,1.0
31,245,6.846322498371838,5.21151945440627,1.0,0.0,0.0,1.0,0.0,0.0
32,245,1.8453563113930809,0.0,0.0,1.0,1.0,0.0,1.0,1.0
33,245,8.123006687850788,0.0,0.0,1.0,0.0,1.0,0.0,1.0
34,245,11.132837658644268,3.0398838002580537,0.0,1.0,1.0,1.0,0.0,1.0
35,245,1.5517544950209814,2.486050590525893,1.0,0.0,1.0,1.0,0.0,1.0
36,245,6.973994048353613,4.300047719695909,1.0,1.0,1.0,0.0,1.0,0.0
37,245,6.409771514730791,5.020041262057026,1.0,0.0,1.0,0.0,0.0,0.0
38,245,6.281761662958951,9.198522323399391,0.0,0.0,0.0,0.0,0.0,1.0
39,245,9.796896070120448,8.698892656082503,0.0,1.0,0.0,0.0,0.0,0.0
0,250,5.139501778213528,5.573070236237262,0.0,0.0,1.0,0.0,0.0,1.0
1,250,4.606441665186417,10.797872908215938,0.0,0.0,0.0,0.0,1.0,0.0
2,250,8.943244094747568,10.627440395509735,0.0,0.0,0.0,1.0,0.0,0.0
3,250,0.0,0.4518405820695638,0.0,1.0,0.0,0.0,0.0,0.0
4,250,2.524829545176285,0.0,1.0,1.0,0.0,1.0,0.0,1.0
5,250,3.6677672015922367,1.2599088311764255,0.0,0.0,0.0,0.0,1.0,0.0
6,250,2.294936424834429,3.7773563299822,0.0,1.0,1.0,1.0,1.0,0.0
7,250,6.004764725463412,11.820577480005587,1.0,1.0,0.0,1.0,0.0,0.0
8,250,10.020909660221363,7.016492732851301,1.0,0.0,0.0,1.0,0.0,1.0
9,250,5.957813598486301,10.616485875392918,1.0,1.0,0.0,0.0,0.0,1.0
10,250,11.98770932461312,4.881995805707491,0.0,0.0,0.0,0.0,1.0,0.0
11,250,5.588373209118423,6.986004655119848,1.0,0.0,0.0,0.0,0.0,0.0
12,250,2.910217549060326,4.439365744598919,1.0,0.0,0.0,0.0,0.0,0.0
13,250,6.06107036943857,8.326415168337615,1.0,0.0,1.0,0.0,0.0,1.0
14,250,1.8232888977721324,4.919137303843344,1.0,0.0,1.0,0.0,1.0,0.0
15,250,0.0,0.4030775030931357,1.0,0.0,0.0,0.0,0.0,0.0
16,250,5.293668842259887,0.0,0.0,0.0,0.0,0.0,1.0,0.0
17,250,1.6618987575430142,11.0284165883292,0.0,0.0,1.0,0.0,0.0,1.0
18,250,10.1243813900599,3.977092761084573,0.0,0.0,1.0,1.0,0.0,0.0
19,250,1.943558967656961,0.2975453749858271,1.0,0.0,1.0,0.0,0.0,0.0
20,250,7.255525870585232,11.096761962909142,0.0,1.0,1.0,0.0,0.0,0.0
21,250,0.0,1.836547420214453,1.0,1.0,0.0,1.0,1.0,1.0
22,250,8.58991269784419,12.0,1.0,1.0,0.0,0.0,1.0,0.0
23,250,6.403786349129801,11.06418061514347,1.0,0.0,0.0,1.0,0.0,0.0
24,250,7.828741767308695,6.212024681624492,0.0,0.0,1.0,1.0,1.0,1.0
25,250,2.9843964846035345,5.242245698193622,0.0,0.0,0.0,0.0,0.0,0.0
26,250,5.103347742827983,3.707818473608336,0.0,0.0,1.0,0.0,0.0,0.0
27,250,6.992211321278085,8.54818643893937,0.0,1.0,0.0,0.0,0.0,0.0
28,250,3.526485205468244,8.168770487001602,0.0,1.0,1.0,0.0,0.0,0.0
29,250,3.0179393551160176,12.0,0.0,1.0,0.0,0.0,0.0,1.0
30,250,4.35110880862587,1.0566394612952286,0.0,0.0,1.0,0.0,0.0,1.0
31,250,6.841062877836565,5.208390247287468,1.0,0.0,0.0,1.0,0.0,0.0
32,250,1.926135706220898,0.0,0.0,1.0,1.0,0.0,1.0,1.0
33,250,8.169869844113638,0.0,0.0,1.0,0.0,1.0,0.0,1.0
34,250,11.11599925422014,3.0422640259699447,0.0,1.0,1.0,1.0,0.0,1.0
35,250,1.542860364413169,2.473631207016415,1.0,0.0,1.0,1.0,0.0,1.0
36,250,7.082788253542999,4.200482832397026,1.0,1.0,1.0,0.0,1.0,0.0
37,250,6.492091990750418,4.995681523271648,1.0,0.0,1.0,0.0,0.0,0.0
38,250,6.170426406392215,9.239200387003722,0.0,0.0,0.0,0.0,0.0,1.0
39,250,9.804738579509849,8.6030467054055,0.0,1.0,0.0,0.0,0.0,0.0
0,255,5.089555320443643,5.430643219911606,0.0,0.0,1.0,0.0,0.0,1.0
1,255,4.60161753511045,10.811929573691836,0.0,0.0,0.0,0.0,1.0,0.0
2,255,8.943869471354795,10.627189825475664,0.0,0.0,0.0,1.0,0.0,0.0
3,255,0.0,0.6564674037731215,0.0,1.0,0.0,0.0,0.0,0.0
4,255,2.399352173178976,0.0,1.0,1.0,0.0,1.0,0.0,1.0
5,255,3.600680716514246,1.1775991164644204,0.0,0.0,0.0,0.0,1.0,0.0
6,255,2.264578306617936,3.805879158652936,0.0,1.0,1.0,1.0,1.0,0.0
7,255,6.131380008317743,11.801006060914448,1.0,1.0,0.0,1.0,0.0,0.0
8,255,10.007467435737402,7.0284093780969865,1.0,0.0,0.0,1.0,0.0,1.0
9,255,5.940790419132621,10.61263660488336,1.0,1.0,0.0,0.0,0.0,1.0
10,255,11.986890896335357,4.856312937021818,0.0,0.0,0.0,0.0,1.0,0.0
11,255,5.468574319636241,6.98286970954153,1.0,0.0,0.0,0.0,0.0,0.0
12,255,2.929752231020885,4.402786594481683,1.0,0.0,0.0,0.0,0.0,0.0
13,255,6.030618911211942,8.310594923586402,1.0,0.0,1.0,0.0,0.0,1.0
14,255,1.81986310501878,4.943431881969252,1.0,0.0,1.0,0.0,1.0,0.0
15,255,0.0,0.3871597932453621,1.0,0.0,0.0,0.0,0.0,0.0
16,255,5.216397383562615,0.0,0.0,0.0,0.0,0.0,1.0,0.0
17,255,1.6388466243557525,11.073167196090065,0.0,0.0,1.0,0.0,0.0,1.0
18,255,10.084843103791286,3.958513059062996,0.0,0.0,1.0,1.0,0.0,0.0
19,255,2.019178869043443,0.3220365273906536,1.0,0.0,1.0,0.0,0.0,0.0
20,255,7.257878609591267,11.095389380716894,0.0,1.0,1.0,0.0,0.0,0.0
21,255,0.000525435229921,1.8363259193927244,1.0,1.0,0.0,1.0,1.0,1.0
22,255,8.583378679260944,12.0,1.0,1.0,0.0,0.0,1.0,0.0
23,255,6.484779502088694,11.072975707262154,1.0,0.0,0.0,1.0,0.0,0.0
24,255,7.811930365387367,6.217758431614239,0.0,0.0,1.0,1.0,1.0,1.0
25,255,2.8702366422113084,5.1288839682111975,0.0,0.0,0.0,0.0,0.0,0.0
26,255,5.038440867230765,3.726817345687248,0.0,0.0,1.0,0.0,0.0,0.0
27,255,7.031285749324976,8.568850416378892,0.0,1.0,0.0,0.0,0.0,0.0
28,255,3.622499864303682,8.290960349146529,0.0,1.0,1.0,0.0,0.0,0.0
29,255,2.8729157766649527,12.0,0.0,1.0,0.0,0.0,0.0,1.0
30,255,4.366772436080015,1.0626132966622095,0.0,0.0,1.0,0.0,0.0,1.0
31,255,6.842277590423206,5.209113634123278,1.0,0.0,0.0,1.0,0.0,0.0
32,255,2.016083824666954,0.0,0.0,1.0,1.0,0.0,1.0,1.0
33,255,8.224134266960617,0.0,0.0,1.0,0.0,1.0,0.0,1.0
34,255,11.115569185435175,3.0423246803536457,0.0,1.0,1.0,1.0,0.0,1.0
35,255,1.5480702839913716,2.480534400517639,1.0,0.0,1.0,1.0,0.0,1.0
36,255,7.188551299523406,4.10148116140294,1.0,1.0,1.0,0.0,1.0,0.0
37,255,6.566645024986233,4.974113290424922,1.0,0.0,1.0,0.0,0.0,0.0
38,255,6.055538564164404,9.279600872531038,0.0,0.0,0.0,0.0,0.0,1.0
39,255,9.81377126400506,8.492800000170677,0.0,1.0,0.0,0.0,0.0,0.0
0,260,5.038560366976464,5.2888025994130965,0.0,0.0,1.0,0.0,0.0,1.0
1,260,4.591975622469969,10.839669755342808,0.0,0.0,0.0,0.0,1.0,0.0
2,260,8.918230945347648,10.63853823314262,0.0,0.0,0.0,1.0,0.0,0.0
3,260,0.0,0.8490386755891077,0.0,1.0,0.0,0.0,0.0,0.0
4,260,2.2812932555145293,0.0,1.0,1.0,0.0,1.0,0.0,1.0
5,260,3.5514660568088625,1.1209908973092533,0.0,0.0,0.0,0.0,1.0,0.0
6,260,2.2329964366975115,3.8384670664461527,0.0,1.0,1.0,1.0,1.0,0.0
7,260,6.270547891616593,11.778112447504618,1.0,1.0,0.0,1.0,0.0,0.0
8,260,9.985997652165215,7.046373279482949,1.0,0.0,0.0,1.0,0.0,1.0
9,260,5.923340050653706,10.607824597576377,1.0,1.0,0.0,0.0,0.0,1.0
10,260,11.985446952132712,4.8119911459887454,0.0,0.0,0.0,0.0,1.0,0.0
11,260,5.329742279195667,6.978226822128828,1.0,0.0,0.0,0.0,0.0,0.0
12,260,2.943701546671385,4.375139211068671,1.0,0.0,0.0,0.0,0.0,0.0
13,260,6.000441126027352,8.295953798856406,1.0,0.0,1.0,0.0,0.0,1.0
14,260,1.8162316886352128,4.972074555885619,1.0,0.0,1.0,0.0,1.0,0.0
15,260,0.0,0.3625561251502109,1.0,0.0,0.0,0.0,0.0,0.0
16,260,5.132023048856982,0.0,0.0,0.0,0.0,0.0,1.0,0.0
17,260,1.6137163949157185,11.122243729941696,0.0,0.0,1.0,0.0,0.0,1.0
18,260,10.049651072288592,3.9409157382671,0.0,0.0,1.0,1.0,0.0,0.0
19,260,2.1081974935051617,0.3513870385743049,1.0,0.0,1.0,0.0,0.0,0.0
20,260,7.267488090075963,11.089700301207095,0.0,1.0,1.0,0.0,0.0,0.0
21,260,0.0,1.84030517594833,1.0,1.0,0.0,1.0,1.0,1.0
22,260,8.576201913712131,12.0,1.0,1.0,0.0,0.0,1.0,0.0
23,260,6.565337472962471,11.081397464793524,1.0,0.0,0.0,1.0,0.0,0.0
24,260,7.788047585419857,6.2255140205363695,0.0,0.0,1.0,1.0,1.0,1.0
25,260,2.7563689493323005,5.015235603397726,0.0,0.0,0.0,0.0,0.0,0.0
26,260,4.947262740711869,3.7529954785023,0.0,0.0,1.0,0.0,0.0,0.0
27,260,7.069746664871159,8.590991731643236,0.0,1.0,0.0,0.0,0.0,0.0
28,260,3.714705391511939,8.416848449260039,0.0,1.0,1.0,0.0,0.0,0.0
29,260,2.737139395299744,12.0,0.0,1.0,0.0,0.0,0.0,1.0
30,260,4.387511510122271,1.0700705795281105,0.0,0.0,1.0,0.0,0.0,1.0
31,260,6.849422640575576,5.213603174975541,1.0,0.0,0.0,1.0,0.0,0.0
32,260,2.100665372469266,0.0,0.0,1.0,1.0,0.0,1.0,1.0
33,260,8.272055248550895,0.0,0.0,1.0,0.0,1.0,0.0,1.0
34,260,11.10884392128366,3.04333997663677,0.0,1.0,1.0,1.0,0.0,1.0
35,260,1.5647863090307903,2.502494636060826,1.0,0.0,1.0,1.0,0.0,1.0
36,260,7.28551021903125,4.012361499170385,1.0,1.0,1.0,0.0,1.0,0.0
37,260,6.644954412729068,4.950612476492489,1.0,0.0,1.0,0.0,0.0,0.0
38,260,5.958655638594847,9.313679891654855,0.0,0.0,0.0,0.0,0.0,1.0
39,260,9.81737937892164,8.375247632837763,0.0,1.0,0.0,0.0,0.0,0.0
0,265,4.991058102963139,5.144608028146123,0.0,0.0,1.0,0.0,0.0,1.0
1,265,4.5782103052645,10.880230264381042,0.0,0.0,0.0,0.0,1.0,0.0
2,265,8.881705207368046,10.65592709363454,0.0,0.0,0.0,1.0,0.0,0.0
3,265,0.0,1.0406785317843796,0.0,1.0,0.0,0.0,0.0,0.0
4,265,2.167287890027408,0.0,1.0,1.0,0.0,1.0,0.0,1.0
5,265,3.489553503786236,1.0454832070251752,0.0,0.0,0.0,0.0,1.0,0.0
6,265,2.1943419029731555,3.8789215746810655,0.0,1.0,1.0,1.0,1.0,0.0
7,265,6.38442351989622,11.75873309084458,1.0,1.0,0.0,1.0,0.0,0.0
8,265,9.969961116815442,7.059675236051658,1.0,0.0,0.0,1.0,0.0,1.0
9,265,5.914573802231034,10.605277953504665,1.0,1.0,0.0,0.0,0.0,1.0
10,265,11.98483235358585,4.7683527776832575,0.0,0.0,0.0,0.0,1.0,0.0
11,265,5.192174750825661,6.975403179265929,1.0,0.0,0.0,0.0,0.0,0.0
12,265,2.965485925518784,4.330860033765084,1.0,0.0,0.0,0.0,0.0,0.0
13,265,5.967712340666354,8.280699906623612,1.0,0.0,1.0,0.0,0.0,1.0
14,265,1.811978896744918,4.9984025839663815,1.0,0.0,1.0,0.0,1.0,0.0
15,265,0.0,0.3164311476037763,1.0,0.0,0.0,0.0,0.0,0.0
16,265,5.051138432442198,0.0,0.0,0.0,0.0,0.0,1.0,0.0
17,265,1.5887822419887692,11.17130735695596,0.0,0.0,1.0,0.0,0.0,1.0
18,265,10.0294507859646,3.9302844716022793,0.0,0.0,1.0,1.0,0.0,0.0
19,265,2.2052113273793426,0.3827402983918813,1.0,0.0,1.0,0.0,0.0,0.0
20,265,7.269499133045142,11.09308290780893,0.0,1.0,1.0,0.0,0.0,0.0
21,265,0.0,1.844601428142529,1.0,1.0,0.0,1.0,1.0,1.0
22,265,8.564383143646948,12.0,1.0,1.0,0.0,0.0,1.0,0.0
23,265,6.622298905268901,11.088213567991126,1.0,0.0,0.0,1.0,0.0,0.0
24,265,7.776107950010427,6.229540085566372,0.0,0.0,1.0,1.0,1.0,1.0
25,265,2.6478594558814867,5.124729972637354,0.0,0.0,0.0,0.0,0.0,0.0
26,265,4.846696954159087,3.7834153982854937,0.0,0.0,1.0,0.0,0.0,0.0
27,265,7.099072390138381,8.60849830731565,0.0,1.0,0.0,0.0,0.0,0.0
28,265,3.810460905875268,8.545781713865122,0.0,1.0,1.0,0.0,0.0,0.0
29,265,2.600160007011232,12.0,0.0,1.0,0.0,0.0,0.0,1.0
30,265,4.398479554098531,1.0740707229582196,0.0,0.0,1.0,0.0,0.0,1.0
31,265,6.859261899313597,5.2193922332472376,1.0,0.0,0.0,1.0,0.0,0.0
32,265,2.188460398829197,0.0,0.0,1.0,1.0,0.0,1.0,1.0
33,265,8.111202640165383,0.0,0.0,1.0,0.0,1.0,0.0,1.0
34,265,11.10288720018491,3.044307777045192,0.0,1.0,1.0,1.0,0.0,1.0
35,265,1.5853282691670856,2.529066572301344,1.0,0.0,1.0,1.0,0.0,1.0
36,265,7.3745014708099825,3.930643632513921,1.0,1.0,1.0,0.0,1.0,0.0
37,265,6.705228573982934,4.933075563543708,1.0,0.0,1.0,0.0,0.0,0.0
38,265,5.844312339105146,9.353499464052604,0.0,0.0,0.0,0.0,0.0,1.0
39,265,9.819123673986256,8.271078124626873,0.0,1.0,0.0,0.0,0.0,0.0
0,270,4.951225701113505,5.007680132248645,0.0,0.0,1.0,0.0,0.0,1.0
1,270,4.570142680814796,10.90344601406536,0.0,0.0,0.0,0.0,1.0,0.0
2,270,8.851812071550796,10.670259160146689,0.0,0.0,0.0,1.0,0.0,0.0
3,270,0.0,1.2266576851319175,0.0,1.0,0.0,0.0,0.0,0.0
4,270,2.064490602099886,0.0,1.0,1.0,0.0,1.0,0.0,1.0
5,270,3.42583237716336,0.9669724655697164,0.0,0.0,0.0,0.0,1.0,0.0
6,270,2.173168298306841,3.901207948998016,0.0,1.0,1.0,1.0,1.0,0.0
7,270,6.492984192901947,11.73953530268017,1.0,1.0,0.0,1.0,0.0,0.0
8,270,9.94949409288627,7.075879477053412,1.0,0.0,0.0,1.0,0.0,1.0
9,270,5.909822934372508,10.603984066336553,1.0,1.0,0.0,0.0,0.0,1.0
10,270,11.98377456561031,4.730505479726862,0.0,0.0,0.0,0.0,1.0,0.0
11,270,5.04060357360108,6.9700637028506325,1.0,0.0,0.0,0.0,0.0,0.0
12,270,2.986829832651801,4.286044619773098,1.0,0.0,0.0,0.0,0.0,0.0
13,270,5.940548697638301,8.268024849683068,1.0,0.0,1.0,0.0,0.0,1.0
14,270,1.8073534037065055,5.025413826158872,1.0,0.0,1.0,0.0,1.0,0.0
15,270,0.0,0.2726776882550264,1.0,0.0,0.0,0.0,0.0,0.0
16,270,4.946692701363421,0.0,0.0,0.0,0.0,0.0,1.0,0.0
17,270,1.5644431960147756,11.22114688283409,0.0,0.0,1.0,0.0,0.0,1.0
18,270,10.009116293996614,3.919389648088786,0.0,0.0,1.0,1.0,0.0,0.0
19,270,2.3092623383520445,0.4167509731395889,1.0,0.0,1.0,0.0,0.0,0.0
20,270,7.267223334650911,11.088939467114164,0.0,1.0,1.0,0.0,0.0,0.0
21,270,0.00690043340038,1.8415234032144048,1.0,1.0,0.0,1.0,1.0,1.0
22,270,8.552772362325438,12.0,1.0,1.0,0.0,0.0,1.0,0.0
23,270,6.680247921190726,11.093186401379349,1.0,0.0,0.0,1.0,0.0,0.0
24,270,7.778963945029955,6.228548543564668,0.0,0.0,1.0,1.0,1.0,1.0
25,270,2.5348680911638395,5.233848584701498,0.0,0.0,0.0,0.0,0.0,0.0
26,270,4.7411894884730845,3.811540256557859,0.0,0.0,1.0,0.0,0.0,0.0
27,270,7.135986357189581,8.62953903869776,0.0,1.0,0.0,0.0,0.0,0.0
28,270,3.908823880270853,8.673671724336259,0.0,1.0,1.0,0.0,0.0,0.0
29,270,2.4669403188237093,12.0,0.0,1.0,0.0,0.0,0.0,1.0
30,270,4.424774210613819,1.0834803032375564,0.0,0.0,1.0,0.0,0.0,1.0
31,270,6.854764411490374,5.21664566421182,1.0,0.0,0.0,1.0,0.0,0.0
32,270,2.2578230741759677,0.0,0.0,1.0,1.0,0.0,1.0,1.0
33,270,7.9846566948429984,0.0,0.0,1.0,0.0,1.0,0.0,1.0
34,270,11.07987958091345,3.047895928837744,0.0,1.0,1.0,1.0,0.0,1.0
35,270,1.6222708490578268,2.5754151368172504,1.0,0.0,1.0,1.0,0.0,1.0
36,270,7.458459765082276,3.8561033414828394,1.0,1.0,1.0,0.0,1.0,0.0
37,270,6.787433291616583,4.906826907213984,1.0,0.0,1.0,0.0,0.0,0.0
38,270,5.722817308497219,9.401169942379996,0.0,0.0,0.0,0.0,0.0,1.0
39,270,9.81605338833844,8.156032115182958,0.0,1.0,0.0,0.0,0.0,0.0
0,275,4.910039296213741,4.879367222920774,0.0,0.0,1.0,0.0,0.0,1.0
1,275,4.5645228896984,10.919739924578236,0.0,0.0,0.0,0.0,1.0,0.0
2,275,8.832895034522542,10.679630244395137,0.0,0.0,0.0,1.0,0.0,0.0
3,275,0.0,1.416378427784223,0.0,1.0,0.0,0.0,0.0,0.0
4,275,1.9628383198791812,0.0,1.0,1.0,0.0,1.0,0.0,1.0
5,275,3.356620318962939,0.8852008218053841,0.0,0.0,0.0,0.0,1.0,0.0
6,275,2.164981517013524,3.9099384640031465,0.0,1.0,1.0,1.0,1.0,0.0
7,275,6.599344648969874,11.72189642510726,1.0,1.0,0.0,1.0,0.0,0.0
8,275,9.948441109467549,7.076752961100391,1.0,0.0,0.0,1.0,0.0,1.0
9,275,5.88556198149824,10.597496989073964,1.0,1.0,0.0,0.0,0.0,1.0
10,275,11.9831307942936,4.693869959928168,0.0,0.0,0.0,0.0,1.0,0.0
11,275,4.902167640672822,6.967351837106317,1.0,0.0,0.0,0.0,0.0,0.0
12,275,3.006280785549424,4.244325888420066,1.0,0.0,0.0,0.0,0.0,0.0
13,275,5.922637919636702,8.259742438178543,1.0,0.0,1.0,0.0,0.0,1.0
14,275,1.8038590170416335,5.045607434007386,1.0,0.0,1.0,0.0,1.0,0.0
15,275,0.0,0.2152650405791153,1.0,0.0,0.0,0.0,0.0,0.0
16,275,4.840856091807359,0.0,0.0,0.0,0.0,0.0,1.0,0.0
17,275,1.5401131619740756,11.273809986350358,0.0,0.0,1.0,0.0,0.0,1.0
18,275,9.975397625192535,3.90101319283222,0.0,0.0,1.0,1.0,0.0,0.0
19,275,2.4176405973149304,0.4518539129393522,1.0,0.0,1.0,0.0,0.0,0.0
20,275,7.254928422126239,11.06819446072812,0.0,1.0,1.0,0.0,0.0,0.0
21,275,0.0,1.8487020754630192,1.0,1.0,0.0,1.0,1.0,1.0
22,275,8.539693896736177,12.0,1.0,1.0,0.0,0.0,1.0,0.0
23,275,6.723633250677628,11.097323501010262,1.0,0.0,0.0,1.0,0.0,0.0
24,275,7.774687379336093,6.230055113735114,0.0,0.0,1.0,1.0,1.0,1.0
25,275,2.4299287658696507,5.336505552818585,0.0,0.0,0.0,0.0,0.0,0.0
26,275,4.638933662164275,3.840290918804991,0.0,0.0,1.0,0.0,0.0,0.0
27,275,7.158879890915285,8.642454137911784,0.0,1.0,0.0,0.0,0.0,0.0
28,275,4.004837474560196,8.788308260328492,0.0,1.0,1.0,0.0,0.0,0.0
29,275,2.335990261904515,12.0,0.0,1.0,0.0,0.0,0.0,1.0
30,275,4.44032247446613,1.0891948789817938,0.0,0.0,1.0,0.0,0.0,1.0
31,275,6.85975403363468,5.219752666502697,1.0,0.0,0.0,1.0,0.0,0.0
32,275,2.3161632634516294,0.0,0.0,1.0,1.0,0.0,1.0,1.0
33,275,7.876334869059248,0.0,0.0,1.0,0.0,1.0,0.0,1.0
34,275,11.053358235348435,3.052670602813796,0.0,1.0,1.0,1.0,0.0,1.0
35,275,1.6623919946515189,2.6270233953073614,1.0,0.0,1.0,1.0,0.0,1.0
36,275,7.549494312351175,3.775161292101378,1.0,1.0,1.0,0.0,1.0,0.0
37,275,6.864867236984351,4.881786892672095,1.0,0.0,1.0,0.0,0.0,0.0
38,275,5.60534063661984,9.449316257575491,0.0,0.0,0.0,0.0,0.0,1.0
39,275,9.812240208728992,8.048786713314778,0.0,1.0,0.0,0.0,0.0,0.0
0,280,4.867430375155994,4.747058778639258,0.0,0.0,1.0,0.0,0.0,1.0
1,280,4.559855783803187,10.933565039062543,0.0,0.0,0.0,0.0,1.0,0.0
2,280,8.810132323230794,10.690730322577142,0.0,0.0,0.0,1.0,0.0,0.0
3,280,0.0,1.5984108139399498,0.0,1.0,0.0,0.0,0.0,0.0
4,280,1.8616589570919329,0.0,1.0,1.0,0.0,1.0,0.0,1.0
5,280,3.2899379976972947,0.8094048326393168,0.0,0.0,0.0,0.0,1.0,0.0
6,280,2.160180817516735,3.915090229282411,0.0,1.0,1.0,1.0,1.0,0.0
7,280,6.687799416735073,11.705166658895331,1.0,1.0,0.0,1.0,0.0,0.0
8,280,9.949411537445,7.075921146053295,1.0,0.0,0.0,1.0,0.0,1.0
9,280,5.860813984114759,10.59072320221282,1.0,1.0,0.0,0.0,0.0,1.0
10,280,11.98283120706315,4.672183678732826,0.0,0.0,0.0,0.0,1.0,0.0
11,280,4.7741227582274846,6.96375490441066,1.0,0.0,0.0,0.0,0.0,0.0
12,280,3.029457336800092,4.192097252548777,1.0,0.0,0.0,0.0,0.0,0.0
13,280,5.884196044188158,8.240531427044253,1.0,0.0,1.0,0.0,0.0,1.0
14,280,1.7995070674787472,5.077002150800912,1.0,0.0,1.0,0.0,1.0,0.0
15,280,0.0,0.1680687842881946,1.0,0.0,0.0,0.0,0.0,0.0
16,280,4.739601061925061,0.0,0.0,0.0,0.0,0.0,1.0,0.0
17,280,1.5188332817175223,11.320688401776604,0.0,0.0,1.0,0.0,0.0,1.0
18,280,9.934048386632991,3.878426542290319,0.0,0.0,1.0,1.0,0.0,0.0
19,280,2.548916053318018,0.4960185732514012,1.0,0.0,1.0,0.0,0.0,0.0
20,280,7.23894945524491,11.04063508503012,0.0,1.0,1.0,0.0,0.0,0.0
21,280,0.0,1.8539017522970915,1.0,1.0,0.0,1.0,1.0,1.0
22,280,8.527151693327646,12.0,1.0,1.0,0.0,0.0,1.0,0.0
23,280,6.748539434026358,11.099295102521436,1.0,0.0,0.0,1.0,0.0,0.0
24,280,7.7804043093971345,6.228077331257535,0.0,0.0,1.0,1.0,1.0,1.0
25,280,2.3291136280383764,5.429597029378379,0.0,0.0,0.0,0.0,0.0,0.0
26,280,4.543172599854152,3.865972306231756,0.0,0.0,1.0,0.0,0.0,0.0
27,280,7.17994799170553,8.654495981187347,0.0,1.0,0.0,0.0,0.0,0.0
28,280,4.110861517397463,8.916675659285765,0.0,1.0,1.0,0.0,0.0,0.0
29,280,2.207718612525569,12.0,0.0,1.0,0.0,0.0,0.0,1.0
30,280,4.461330950424122,1.0960636517854945,0.0,0.0,1.0,0.0,0.0,1.0
31,280,6.856931928349806,5.217941953457945,1.0,0.0,0.0,1.0,0.0,0.0
32,280,2.387457799125735,0.0,0.0,1.0,1.0,0.0,1.0,1.0
33,280,7.774831379772907,0.0,0.0,1.0,0.0,1.0,0.0,1.0
34,280,10.988344938106762,3.063378612974647,0.0,1.0,1.0,1.0,0.0,1.0
35,280,1.696224207310005,2.671402565372869,1.0,0.0,1.0,1.0,0.0,1.0
36,280,7.640842187354082,3.6948990047319015,1.0,1.0,1.0,0.0,1.0,0.0
37,280,6.945431749227083,4.855081534344466,1.0,0.0,1.0,0.0,0.0,0.0
38,280,5.489843350972359,9.49744547534316,0.0,0.0,0.0,0.0,0.0,1.0
39,280,9.807640192649956,7.9610983296046225,0.0,1.0,0.0,0.0,0.0,0.0
0,285,4.825720186456874,4.610947592214787,0.0,0.0,1.0,0.0,0.0,1.0
1,285,4.555499437058658,10.94549357241629,0.0,0.0,0.0,0.0,1.0,0.0
2,285,8.768292660944814,10.71167664137814,0.0,0.0,0.0,1.0,0.0,0.0
3,285,0.0,1.7662366095487714,0.0,1.0,0.0,0.0,0.0,0.0
4,285,1.756291551716606,0.0,1.0,1.0,0.0,1.0,0.0,1.0
5,285,3.232686489969665,0.7445520686975226,0.0,0.0,0.0,0.0,1.0,0.0
6,285,2.158218702828462,3.91725628963949,0.0,1.0,1.0,1.0,1.0,0.0
7,285,6.792842412980878,11.685085397176003,1.0,1.0,0.0,1.0,0.0,0.0
8,285,9.968429600079547,7.059291493508003,1.0,0.0,0.0,1.0,0.0,1.0
9,285,5.825183032591349,10.579984435696224,1.0,1.0,0.0,0.0,0.0,1.0
10,285,11.98247686646956,4.644158216907151,0.0,0.0,0.0,0.0,1.0,0.0
11,285,4.627833675133374,6.963993215876075,1.0,0.0,0.0,0.0,0.0,0.0
12,285,3.0527473038745,4.138635671888023,1.0,0.0,0.0,0.0,0.0,0.0
13,285,5.843646698760182,8.219756505933562,1.0,0.0,1.0,0.0,0.0,1.0
14,285,1.797421958208371,5.095202089497199,1.0,0.0,1.0,0.0,1.0,0.0
15,285,0.0,0.1227448926480782,1.0,0.0,0.0,0.0,0.0,0.0
16,285,4.637941562719707,0.0,0.0,0.0,0.0,0.0,1.0,0.0
17,285,1.4857171517997765,11.39192667042005,0.0,0.0,1.0,0.0,0.0,1.0
18,285,9.89187194837001,3.854807000720113,0.0,0.0,1.0,1.0,0.0,0.0
19,285,2.694557562396936,0.5434176351338835,1.0,0.0,1.0,0.0,0.0,0.0
20,285,7.22112538292715,11.011196110203924,0.0,1.0,1.0,0.0,0.0,0.0
21,285,0.0,1.856872716379188,1.0,1.0,0.0,1.0,1.0,1.0
22,285,8.515254235401885,12.0,1.0,1.0,0.0,0.0,1.0,0.0
23,285,6.812927681990278,11.10558214273942,1.0,0.0,0.0,1.0,0.0,0.0
24,285,7.7905604874440195,6.224164054487097,0.0,0.0,1.0,1.0,1.0,1.0
25,285,2.22032074998326,5.536888493354662,0.0,0.0,0.0,0.0,0.0,0.0
26,285,4.440559291496497,3.89218717759846,0.0,0.0,1.0,0.0,0.0,0.0
27,285,7.187744082712852,8.658953826451155,0.0,1.0,0.0,0.0,0.0,0.0
28,285,4.222814573050908,9.0509786775506,0.0,1.0,1.0,0.0,0.0,0.0
29,285,2.248315797135726,12.0,0.0,1.0,0.0,0.0,0.0,1.0
30,285,4.489678599904789,1.1046379453037334,0.0,0.0,1.0,0.0,0.0,1.0
31,285,6.852257697720595,5.225412446219155,1.0,0.0,0.0,1.0,0.0,0.0
32,285,2.448355674722824,0.0,0.0,1.0,1.0,0.0,1.0,1.0
33,285,7.689262914860402,0.0,0.0,1.0,0.0,1.0,0.0,1.0
34,285,10.932836285533776,3.073137111081697,0.0,1.0,1.0,1.0,0.0,1.0
35,285,1.722527513022126,2.651226627667222,1.0,0.0,1.0,1.0,0.0,1.0
36,285,7.740366750185015,3.606759744573776,1.0,1.0,1.0,0.0,1.0,0.0
37,285,7.0377272842069125,4.823984022202385,1.0,0.0,1.0,0.0,0.0,0.0
38,285,5.383630535805262,9.544254751857538,0.0,0.0,0.0,0.0,0.0,1.0
39,285,9.803895365962218,7.902787182872258,0.0,1.0,0.0,0.0,0.0,0.0
0,290,4.78046360722509,4.466595886653263,0.0,0.0,1.0,0.0,0.0,1.0
1,290,4.5527480632054615,10.952637528325315,0.0,0.0,0.0,0.0,1.0,0.0
2,290,8.735636758303677,10.72821764519714,0.0,0.0,0.0,1.0,0.0,0.0
3,290,0.0,1.9442774848173685,0.0,1.0,0.0,0.0,0.0,0.0
4,290,1.6546025471829662,0.0,1.0,1.0,0.0,1.0,0.0,1.0
5,290,3.1850787060132943,0.6881797829095453,0.0,0.0,0.0,0.0,1.0,0.0
6,290,2.163589358864229,3.91120545408092,0.0,1.0,1.0,1.0,1.0,0.0
7,290,6.904028094812196,11.663278982167103,1.0,1.0,0.0,1.0,0.0,0.0
8,290,9.989179797784267,7.041045818684413,1.0,0.0,0.0,1.0,0.0,1.0
9,290,5.784658690716332,10.567759942897798,1.0,1.0,0.0,0.0,0.0,1.0
10,290,11.982021559618303,4.632018766696736,0.0,0.0,0.0,0.0,1.0,0.0
11,290,4.486557321186331,6.964164961630496,1.0,0.0,0.0,0.0,0.0,0.0
12,290,3.080579078893998,4.082076722337813,1.0,0.0,0.0,0.0,0.0,0.0
13,290,5.7839308226952735,8.189224428880078,1.0,0.0,1.0,0.0,0.0,1.0
14,290,1.7946442673777807,5.118006071564157,1.0,0.0,1.0,0.0,1.0,0.0
15,290,0.0,0.0707095556708287,1.0,0.0,0.0,0.0,0.0,0.0
16,290,4.546872098462837,0.0,0.0,0.0,0.0,0.0,1.0,0.0
17,290,1.4432395366185151,11.480618760753533,0.0,0.0,1.0,0.0,0.0,1.0
18,290,9.858733427423097,3.836758856216034,0.0,0.0,1.0,1.0,0.0,0.0
19,290,2.838455161438332,0.5918617344767106,1.0,0.0,1.0,0.0,0.0,0.0
20,290,7.199314274600461,10.972860247116516,0.0,1.0,1.0,0.0,0.0,0.0
21,290,0.0,1.862569027101908,1.0,1.0,0.0,1.0,1.0,1.0
22,290,8.502179217321157,12.0,1.0,1.0,0.0,0.0,1.0,0.0
23,290,6.860799950584935,11.10945175327591,1.0,0.0,0.0,1.0,0.0,0.0
24,290,7.820409450977812,6.212817034883971,0.0,0.0,1.0,1.0,1.0,1.0
25,290,2.1114842063807013,5.640504687544462,0.0,0.0,0.0,0.0,0.0,0.0
26,290,4.329576851290804,3.9214244412127774,0.0,0.0,1.0,0.0,0.0,0.0
27,290,7.20716331580716,8.671104135684766,0.0,1.0,0.0,0.0,0.0,0.0
28,290,4.329367662459653,9.189969737800428,0.0,1.0,1.0,0.0,0.0,0.0
29,290,2.283424077736306,12.0,0.0,1.0,0.0,0.0,0.0,1.0
30,290,4.500909859849026,1.1081295587025368,0.0,0.0,1.0,0.0,0.0,1.0
31,290,6.856346060404976,5.219039061767454,1.0,0.0,0.0,1.0,0.0,0.0
32,290,2.523728285074428,0.0,0.0,1.0,1.0,0.0,1.0,1.0
33,290,7.59924255711429,0.0,0.0,1.0,0.0,1.0,0.0,1.0
34,290,10.861369809483875,3.087156005591516,0.0,1.0,1.0,1.0,0.0,1.0
35,290,1.7610152104807677,2.6224568638394805,1.0,0.0,1.0,1.0,0.0,1.0
36,290,7.85015394639428,3.508366468479959,1.0,1.0,1.0,0.0,1.0,0.0
37,290,7.138154548259159,4.79039576028444,1.0,0.0,1.0,0.0,0.0,0.0
38,290,5.2836414327172285,9.590690291447702,0.0,0.0,0.0,0.0,0.0,1.0
39,290,9.800683861229505,7.854396454983688,0.0,1.0,0.0,0.0,0.0,0.0
0,295,4.736255360018445,4.329831089064305,0.0,0.0,1.0,0.0,0.0,1.0
1,295,4.545999919267748,10.96974976698505,0.0,0.0,0.0,0.0,1.0,0.0
2,295,8.706900335524274,10.743000329792718,0.0,0.0,0.0,1.0,0.0,0.0
3,295,0.0,2.129058838660785,0.0,1.0,0.0,0.0,0.0,0.0
4,295,1.566821272847604,0.0,1.0,1.0,0.0,1.0,0.0,1.0
5,295,3.1509475018214563,0.6478961187224044,0.0,0.0,0.0,0.0,1.0,0.0
6,295,2.16367819626704,3.911105552735149,0.0,1.0,1.0,1.0,1.0,0.0
7,295,6.996536067590349,11.647259134066577,1.0,1.0,0.0,1.0,0.0,0.0
8,295,10.015975477529434,7.017093726219092,1.0,0.0,0.0,1.0,0.0,1.0
9,295,5.736053004037064,10.55226110468374,1.0,1.0,0.0,0.0,0.0,1.0
10,295,11.981998976728446,4.630439558563312,0.0,0.0,0.0,0.0,1.0,0.0
11,295,4.328543356454752,6.965075376042112,1.0,0.0,0.0,0.0,0.0,0.0
12,295,3.1080280171918457,4.025241241941023,1.0,0.0,0.0,0.0,0.0,0.0
13,295,5.724630782168749,8.15955301530973,1.0,0.0,1.0,0.0,0.0,1.0
14,295,1.7887505434841515,5.160567524103735,1.0,0.0,1.0,0.0,1.0,0.0
15,295,0.0638056391362731,0.0139737512359956,1.0,0.0,0.0,0.0,0.0,0.0
16,295,4.461414725068423,0.0,0.0,0.0,0.0,0.0,1.0,0.0
17,295,1.3886494304721353,11.59448314324472,0.0,0.0,1.0,0.0,0.0,1.0
18,295,9.82824473487153,3.819509585041059,0.0,0.0,1.0,1.0,0.0,0.0
19,295,2.973568065470109,0.6377666189258313,1.0,0.0,1.0,0.0,0.0,0.0
20,295,7.184007831573759,10.945363252758336,0.0,1.0,1.0,0.0,0.0,0.0
21,295,0.0,1.8725375601447167,1.0,1.0,0.0,1.0,1.0,1.0
22,295,8.489570366491428,12.0,1.0,1.0,0.0,0.0,1.0,0.0
23,295,6.919587826313283,11.114132627993202,1.0,0.0,0.0,1.0,0.0,0.0
24,295,7.845832124963541,6.20304678664696,0.0,0.0,1.0,1.0,1.0,1.0
25,295,2.007755460860407,5.739627063611962,0.0,0.0,0.0,0.0,0.0,0.0
26,295,4.191076390830548,3.956902865962905,0.0,0.0,1.0,0.0,0.0,0.0
27,295,7.22320913492088,8.680398071167495,0.0,1.0,0.0,0.0,0.0,0.0
28,295,4.415964980359464,9.308984219504254,0.0,1.0,1.0,0.0,0.0,0.0
29,295,2.323512902497595,12.0,0.0,1.0,0.0,0.0,0.0,1.0
30,295,4.527794708517513,1.1162142550012932,0.0,0.0,1.0,0.0,0.0,1.0
31,295,6.856115672550371,5.219434192170004,1.0,0.0,0.0,1.0,0.0,0.0
32,295,2.613986094452484,0.0927862580385851,0.0,1.0,1.0,0.0,1.0,1.0
33,295,7.513599209104807,0.0,0.0,1.0,0.0,1.0,0.0,1.0
34,295,10.803310594820989,3.0969928262565203,0.0,1.0,1.0,1.0,0.0,1.0
35,295,1.792754509613903,2.598661120536988,1.0,0.0,1.0,1.0,0.0,1.0
36,295,7.964763598118248,3.411559969440098,1.0,1.0,1.0,0.0,1.0,0.0
37,295,7.225146652801236,4.759128154318127,1.0,0.0,1.0,0.0,0.0,0.0
38,295,5.195122596373196,9.633004135656934,0.0,0.0,0.0,0.0,0.0,1.0
39,295,9.7996477112219,7.840523329390109,0.0,1.0,0.0,0.0,0.0,0.0
