0,0,5.950178368651589,7.030991750990129,0.0,1.0,0.0,1.0,0.0,0.0
1,0,8.981594954428433,9.051636047808383,1.0,0.0,1.0,1.0,0.0,1.0
2,0,11.985064402338006,4.042639826922499,0.0,0.0,1.0,1.0,0.0,0.0
3,0,9.0080224294248,7.943384121061071,1.0,0.0,1.0,1.0,0.0,1.0
4,0,10.050282558539104,3.011990559297643,1.0,1.0,0.0,1.0,0.0,0.0
5,0,5.976510800433096,9.079893029615889,0.0,0.0,0.0,0.0,1.0,1.0
6,0,9.966718528144304,5.951825398227539,0.0,1.0,1.0,0.0,0.0,1.0
7,0,4.054352958123005,5.95970396530703,0.0,0.0,1.0,0.0,1.0,1.0
8,0,12.0,6.981635347539415,0.0,0.0,0.0,1.0,1.0,0.0
9,0,12.0,12.0,0.0,1.0,0.0,1.0,0.0,1.0
10,0,1.016451675602434,3.0533633497992705,0.0,1.0,0.0,0.0,0.0,0.0
11,0,10.958723551529149,12.0,0.0,0.0,1.0,0.0,0.0,0.0
12,0,0.0,8.035905294536905,0.0,0.0,0.0,1.0,1.0,0.0
13,0,3.97664885364229,6.060638765712009,0.0,0.0,0.0,1.0,1.0,0.0
14,0,4.973726730779345,3.941501302718926,1.0,0.0,0.0,0.0,1.0,1.0
15,0,11.95838325034634,3.975241831117694,1.0,1.0,1.0,1.0,1.0,0.0
16,0,1.0351690266303764,0.0179043894836753,1.0,0.0,0.0,1.0,0.0,1.0
17,0,11.052742578910168,5.9858313084992725,0.0,1.0,1.0,0.0,0.0,0.0
18,0,12.0,1.941400541259829,0.0,1.0,0.0,0.0,0.0,0.0
19,0,12.0,11.942681431801988,0.0,0.0,1.0,0.0,0.0,0.0
20,0,1.022999919858005,11.054965210067506,0.0,1.0,1.0,0.0,1.0,1.0
21,0,5.98181127821076,11.030528554631506,0.0,1.0,1.0,1.0,0.0,0.0
22,0,3.9566154427679487,4.945656381461207,0.0,1.0,0.0,1.0,1.0,0.0
23,0,2.009363929054442,10.057589811987484,1.0,0.0,0.0,0.0,1.0,0.0
24,0,0.9660297275243628,5.985074581664995,0.0,1.0,0.0,1.0,0.0,0.0
25,0,3.9834968272050113,4.072333929740014,1.0,1.0,0.0,1.0,1.0,1.0
26,0,0.9850247600653352,2.9907143043600137,0.0,0.0,1.0,1.0,0.0,1.0
27,0,10.98718260613294,9.946841692973154,0.0,0.0,1.0,0.0,0.0,0.0
28,0,0.0,8.0436083096289,1.0,0.0,1.0,0.0,0.0,0.0
29,0,0.0363878026826351,3.016441192877834,1.0,1.0,0.0,0.0,1.0,0.0
30,0,12.0,0.992007135345465,1.0,0.0,0.0,1.0,0.0,0.0
31,0,2.984113467143654,6.059659113708627,1.0,0.0,1.0,0.0,0.0,0.0
32,0,7.036236715096819,2.9335563852008346,0.0,0.0,0.0,0.0,0.0,0.0
33,0,9.051462623342218,2.998834346606228,1.0,1.0,1.0,0.0,0.0,0.0
34,0,7.962634834396397,7.982932026507455,0.0,1.0,0.0,0.0,0.0,1.0
35,0,8.042604941129975,10.954812063423002,1.0,0.0,0.0,0.0,0.0,0.0
36,0,11.044054343865271,3.0239384350891707,1.0,1.0,0.0,0.0,1.0,1.0
37,0,5.951662460679441,8.029600220236183,0.0,0.0,1.0,0.0,0.0,0.0
38,0,6.957497164140811,7.020273473414592,0.0,0.0,0.0,1.0,1.0,0.0
39,0,1.034227270373507,2.039259721646987,1.0,0.0,0.0,1.0,1.0,0.0
0,5,5.8799367400285085,7.073807367771991,0.0,1.0,0.0,1.0,0.0,0.0
1,5,8.921420912106406,9.03010152563241,1.0,0.0,1.0,1.0,0.0,1.0
2,5,11.967892417245642,4.097075896078255,0.0,0.0,1.0,1.0,0.0,0.0
3,5,9.017347408773524,7.875853375253848,1.0,0.0,1.0,1.0,0.0,1.0
4,5,10.107507802560786,3.024678126170285,1.0,1.0,0.0,1.0,0.0,0.0
5,5,5.9500911675933175,9.164856653390748,0.0,0.0,0.0,0.0,1.0,1.0
6,5,9.939774518300048,5.912821016435033,0.0,1.0,1.0,0.0,0.0,1.0
7,5,4.091010615314806,5.934220716489041,0.0,0.0,1.0,0.0,1.0,1.0
8,5,12.0,6.970984105552591,0.0,0.0,0.0,1.0,1.0,0.0
9,5,12.0,12.0,0.0,1.0,0.0,1.0,0.0,1.0
10,5,1.0331517439964208,3.1100295717400983,0.0,1.0,0.0,0.0,0.0,0.0
11,5,10.903467294880349,12.0,0.0,0.0,1.0,0.0,0.0,0.0
12,5,0.0,8.050797223669377,0.0,0.0,0.0,1.0,1.0,0.0
13,5,3.948417481905505,6.131818260249715,0.0,0.0,0.0,1.0,1.0,0.0
14,5,4.946691258691231,3.878358676305341,1.0,0.0,0.0,0.0,1.0,1.0
15,5,11.925469225321905,3.956660665627276,1.0,1.0,1.0,1.0,1.0,0.0
16,5,1.0754424147351012,0.0397573792118742,1.0,0.0,0.0,1.0,0.0,1.0
17,5,11.11551719803545,5.968414581976798,0.0,1.0,1.0,0.0,0.0,0.0
18,5,12.0,1.8688332657455875,0.0,1.0,0.0,0.0,0.0,0.0
19,5,12.0,11.885654092764494,0.0,0.0,1.0,0.0,0.0,0.0
20,5,1.0440640620197863,11.10256718434298,0.0,1.0,1.0,0.0,1.0,1.0
21,5,5.967257580399513,11.0554222928572,0.0,1.0,1.0,1.0,0.0,0.0
22,5,3.92445658208738,4.90652166642746,0.0,1.0,0.0,1.0,1.0,0.0
23,5,1.951869145923852,10.066469009891684,1.0,0.0,0.0,0.0,1.0,0.0
24,5,0.9203211507107464,5.964649952279816,0.0,1.0,0.0,1.0,0.0,0.0
25,5,3.97065685799328,4.13547387638872,1.0,1.0,0.0,1.0,1.0,1.0
26,5,0.9738111672871056,2.98373599369285,0.0,0.0,1.0,1.0,0.0,1.0
27,5,10.96878010133255,9.873936921110436,0.0,0.0,1.0,0.0,0.0,0.0
28,5,0.0,8.08585658449349,1.0,0.0,1.0,0.0,0.0,0.0
29,5,0.0495517721228858,3.022090673187756,1.0,1.0,0.0,0.0,1.0,0.0
30,5,12.0,0.9872478591140066,1.0,0.0,0.0,1.0,0.0,0.0
31,5,2.969620145409821,6.116569776932627,1.0,0.0,1.0,0.0,0.0,0.0
32,5,7.0734108835549625,2.869705575685616,0.0,0.0,0.0,0.0,0.0,0.0
33,5,9.110886076219364,2.9959320289064104,1.0,1.0,1.0,0.0,0.0,0.0
34,5,7.925039366721386,7.966546552656973,0.0,1.0,0.0,0.0,0.0,1.0
35,5,8.079726381037556,10.91606739962672,1.0,0.0,0.0,0.0,0.0,0.0
36,5,11.07430790809666,3.0396290945418785,1.0,1.0,0.0,0.0,1.0,1.0
37,5,5.902267534183949,8.058823294524656,0.0,0.0,1.0,0.0,0.0,0.0
38,5,6.910275332361239,7.042838443339047,0.0,0.0,0.0,1.0,1.0,0.0
39,5,1.07776380019068,2.090806855114056,1.0,0.0,0.0,1.0,1.0,0.0
0,10,5.839645029085693,7.098155414923203,0.0,1.0,0.0,1.0,0.0,0.0
1,10,8.872668444837563,9.012052073323355,1.0,0.0,1.0,1.0,0.0,1.0
2,10,11.951857183487288,4.146489180696564,0.0,0.0,1.0,1.0,0.0,0.0
3,10,9.025088976622092,7.822519469923471,1.0,0.0,1.0,1.0,0.0,1.0
4,10,10.132171850888414,3.030784072816422,1.0,1.0,0.0,1.0,0.0,0.0
5,10,5.920530806881274,9.262668434807084,0.0,0.0,0.0,0.0,1.0,1.0
6,10,9.90012700433582,5.858753420141436,0.0,1.0,1.0,0.0,0.0,1.0
7,10,4.131938359411183,5.907157804185982,0.0,0.0,1.0,0.0,1.0,1.0
8,10,12.0,6.961852097758731,0.0,0.0,0.0,1.0,1.0,0.0
9,10,12.0,12.0,0.0,1.0,0.0,1.0,0.0,1.0
10,10,1.0478187698761496,3.15868282410282,0.0,1.0,0.0,0.0,0.0,0.0
11,10,10.84840700870406,12.0,0.0,0.0,1.0,0.0,0.0,0.0
12,10,0.0,8.06448203871933,0.0,0.0,0.0,1.0,1.0,0.0
13,10,3.9194946635166086,6.206013945763607,0.0,0.0,0.0,1.0,1.0,0.0
14,10,4.921834416107019,3.82048796145471,1.0,0.0,0.0,0.0,1.0,1.0
15,10,11.91971051927794,3.953222188031026,1.0,1.0,1.0,1.0,1.0,0.0
16,10,1.1294031341937594,0.0684669376645053,1.0,0.0,0.0,1.0,0.0,1.0
17,10,11.166101734394712,5.953424584855736,0.0,1.0,1.0,0.0,0.0,0.0
18,10,11.998836167800809,1.7899148727785517,0.0,1.0,0.0,0.0,0.0,0.0
19,10,12.0,11.816478141683277,0.0,0.0,1.0,0.0,0.0,0.0
20,10,1.064888803653988,11.148680637771957,0.0,1.0,1.0,0.0,1.0,1.0
21,10,5.951335824959013,11.083176389874996,0.0,1.0,1.0,1.0,0.0,0.0
22,10,3.891782538480616,4.864772296583091,0.0,1.0,0.0,1.0,1.0,0.0
23,10,1.9600550561069088,10.126315385116504,1.0,0.0,0.0,0.0,1.0,0.0
24,10,0.8739374346603486,5.943709842135472,0.0,1.0,0.0,1.0,0.0,0.0
25,10,3.956794674247832,4.204378683935639,1.0,1.0,0.0,1.0,1.0,1.0
26,10,0.9803793343411408,2.9880500645326857,0.0,0.0,1.0,1.0,0.0,1.0
27,10,10.952800267519867,9.803553410438582,0.0,0.0,1.0,0.0,0.0,0.0
28,10,0.0,8.139879503959696,1.0,0.0,1.0,0.0,0.0,0.0
29,10,0.0444448900560881,3.019938868104241,1.0,1.0,0.0,0.0,1.0,0.0
30,10,12.0,0.9833071800126204,1.0,0.0,0.0,1.0,0.0,0.0
31,10,2.95850413879734,6.157523367886327,1.0,0.0,1.0,0.0,0.0,0.0
32,10,7.118312330204204,2.796089920284167,0.0,0.0,0.0,0.0,0.0,0.0
33,10,9.145322395198727,2.994377659208382,1.0,1.0,1.0,0.0,0.0,0.0
34,10,7.893870087505751,7.95335148545113,0.0,1.0,0.0,0.0,0.0,1.0
35,10,8.117339883660582,10.875819775826614,1.0,0.0,0.0,0.0,0.0,0.0
36,10,11.095611024761984,3.0511555983490584,1.0,1.0,0.0,0.0,1.0,1.0
37,10,5.849999776969244,8.089865148917367,0.0,0.0,1.0,0.0,0.0,0.0
38,10,6.866355319928609,7.064429854969319,0.0,0.0,0.0,1.0,1.0,0.0
39,10,1.1234522735990264,2.145776247195992,1.0,0.0,0.0,1.0,1.0,0.0
0,15,5.811885604424772,7.1158119348876765,0.0,1.0,0.0,1.0,0.0,0.0
1,15,8.83383541875443,8.997788616918472,1.0,0.0,1.0,1.0,0.0,1.0
2,15,11.934553253894595,4.198157195520469,0.0,0.0,1.0,1.0,0.0,0.0
3,15,9.032582505028731,7.765279540486924,1.0,0.0,1.0,1.0,0.0,1.0
4,15,10.15919123034758,3.037532464277981,1.0,1.0,0.0,1.0,0.0,0.0
5,15,5.884830219819277,9.384489598247278,0.0,0.0,0.0,0.0,1.0,1.0
6,15,9.870071307057968,5.8192606897277415,0.0,1.0,1.0,0.0,0.0,1.0
7,15,4.198570264759608,5.86345357524468,0.0,0.0,1.0,0.0,1.0,1.0
8,15,12.0,6.946820816424966,0.0,0.0,0.0,1.0,1.0,0.0
9,15,12.0,12.0,0.0,1.0,0.0,1.0,0.0,1.0
10,15,1.0568379264575831,3.188407320998771,0.0,1.0,0.0,0.0,0.0,0.0
11,15,10.784542479570735,12.0,0.0,0.0,1.0,0.0,0.0,0.0
12,15,0.0,8.071968731938064,0.0,0.0,0.0,1.0,1.0,0.0
13,15,3.8762072681281015,6.316753953195861,0.0,0.0,0.0,1.0,1.0,0.0
14,15,4.882548546664088,3.7349398828096527,1.0,0.0,0.0,0.0,1.0,1.0
15,15,11.90122788011312,3.9426600234089313,1.0,1.0,1.0,1.0,1.0,0.0
16,15,1.18454961914163,0.096579703532717,1.0,0.0,0.0,1.0,0.0,1.0
17,15,11.232847189582856,5.932636580097593,0.0,1.0,1.0,0.0,0.0,0.0
18,15,11.99861398631582,1.7187052015035835,0.0,1.0,0.0,0.0,0.0,0.0
19,15,12.0,11.768574143833494,0.0,0.0,1.0,0.0,0.0,0.0
20,15,1.085405031841624,11.192760564954296,0.0,1.0,1.0,0.0,1.0,1.0
21,15,5.9352140818955785,11.110596627624112,0.0,1.0,1.0,1.0,0.0,0.0
22,15,3.85588402594892,4.818267336013603,0.0,1.0,0.0,1.0,1.0,0.0
23,15,1.9650792131886667,10.170867189563827,1.0,0.0,0.0,0.0,1.0,0.0
24,15,0.8391284735054437,5.928229448609278,0.0,1.0,0.0,1.0,0.0,0.0
25,15,3.9452146716321193,4.260776252867187,1.0,1.0,0.0,1.0,1.0,1.0
26,15,0.998966807800591,2.999947191095825,0.0,0.0,1.0,1.0,0.0,1.0
27,15,10.935795147529562,9.72506012110943,0.0,0.0,1.0,0.0,0.0,0.0
28,15,0.0,8.175019003887904,1.0,0.0,1.0,0.0,0.0,0.0
29,15,0.048375028478493,3.021666898141578,1.0,1.0,0.0,0.0,1.0,0.0
30,15,12.0,0.979645021406394,1.0,0.0,0.0,1.0,0.0,0.0
31,15,2.945968998041889,6.20506415530327,1.0,0.0,1.0,0.0,0.0,0.0
32,15,7.170433475000112,2.7141832756311226,0.0,0.0,0.0,0.0,0.0,0.0
33,15,9.190641926925691,2.9919877559504866,1.0,1.0,1.0,0.0,0.0,0.0
34,15,7.857290698784679,7.938055908973775,0.0,1.0,0.0,0.0,0.0,1.0
35,15,8.15289871318004,10.834610042597395,1.0,0.0,0.0,0.0,0.0,0.0
36,15,11.11518578589782,3.0610425447531675,1.0,1.0,0.0,0.0,1.0,1.0
37,15,5.797423697471645,8.119116865815446,0.0,0.0,1.0,0.0,0.0,0.0
38,15,6.827182075403656,7.084410547210553,0.0,0.0,0.0,1.0,1.0,0.0
39,15,1.1737006400410068,2.20886234236524,1.0,0.0,0.0,1.0,1.0,0.0
0,20,5.787900163797798,7.131921822424628,0.0,1.0,0.0,1.0,0.0,0.0
1,20,8.783212948157852,8.980614211832705,1.0,0.0,1.0,1.0,0.0,1.0
2,20,11.91432586642468,4.256781182097286,0.0,0.0,1.0,1.0,0.0,0.0
3,20,9.039165849346448,7.7038730742786115,1.0,0.0,1.0,1.0,0.0,1.0
4,20,10.197124430304449,3.046502745110174,1.0,1.0,0.0,1.0,0.0,0.0
5,20,5.851943002378368,9.497974479261378,0.0,0.0,0.0,0.0,1.0,1.0
6,20,9.844073245874412,5.784418767729062,0.0,1.0,1.0,0.0,0.0,1.0
7,20,4.260312568707438,5.820996148391077,0.0,0.0,1.0,0.0,1.0,1.0
8,20,12.0,6.9292878131204505,0.0,0.0,0.0,1.0,1.0,0.0
9,20,12.0,12.0,0.0,1.0,0.0,1.0,0.0,1.0
10,20,1.066482669876513,3.2194794637371134,0.0,1.0,0.0,0.0,0.0,0.0
11,20,10.731837406266408,12.0,0.0,0.0,1.0,0.0,0.0,0.0
12,20,0.0,8.08527319388303,0.0,0.0,0.0,1.0,1.0,0.0
13,20,3.822514472336905,6.450254842096021,0.0,0.0,0.0,1.0,1.0,0.0
14,20,4.834138381009332,3.631807747409644,1.0,0.0,0.0,0.0,1.0,1.0
15,20,11.879083520360602,3.929821411853301,1.0,1.0,1.0,1.0,1.0,0.0
16,20,1.2330767726612406,0.1223544046275746,1.0,0.0,0.0,1.0,0.0,1.0
17,20,11.303809763011362,5.91291770268688,0.0,1.0,1.0,0.0,0.0,0.0
18,20,11.99879697322842,1.6263973165759704,0.0,1.0,0.0,0.0,0.0,0.0
19,20,12.0,11.71961394942837,0.0,0.0,1.0,0.0,0.0,0.0
20,20,1.1068007713684844,11.238802716366628,0.0,1.0,1.0,0.0,1.0,1.0
21,20,5.919069055428768,11.136508491374329,0.0,1.0,1.0,1.0,0.0,0.0
22,20,3.8184816892741806,4.769883707037128,0.0,1.0,0.0,1.0,1.0,0.0
23,20,1.971888355803057,10.232534292212923,1.0,0.0,0.0,0.0,1.0,0.0
24,20,0.8110562266800668,5.915609495039856,0.0,1.0,0.0,1.0,0.0,0.0
25,20,3.933216061828274,4.323227725376272,1.0,1.0,0.0,1.0,1.0,1.0
26,20,1.0016274807791032,3.001623175564175,0.0,0.0,1.0,1.0,0.0,1.0
27,20,10.91999172876552,9.652563306319433,0.0,0.0,1.0,0.0,0.0,0.0
28,20,0.0,8.209725623328316,1.0,0.0,1.0,0.0,0.0,0.0
29,20,0.0441492274272856,3.0198344786209064,1.0,1.0,0.0,0.0,1.0,0.0
30,20,12.0,0.9791405713091494,1.0,0.0,0.0,1.0,0.0,0.0
31,20,2.9361414381120507,6.240985027901322,1.0,0.0,1.0,0.0,0.0,0.0
32,20,7.223326978445754,2.634975052692426,0.0,0.0,0.0,0.0,0.0,0.0
33,20,9.23327223777429,2.9905175412450684,1.0,1.0,1.0,0.0,0.0,0.0
34,20,7.80782075468198,7.917150593581923,0.0,1.0,0.0,0.0,0.0,1.0
35,20,8.171022060974604,10.811890234059648,1.0,0.0,0.0,0.0,0.0,0.0
36,20,11.12740260584142,3.0672928316816237,1.0,1.0,0.0,0.0,1.0,1.0
37,20,5.741908135336464,8.149721843361558,0.0,0.0,1.0,0.0,0.0,0.0
38,20,6.789350016079816,7.102958957501133,0.0,0.0,0.0,1.0,1.0,0.0
39,20,1.2101658748769986,2.254623480433876,1.0,0.0,0.0,1.0,1.0,0.0
0,25,5.759543878140462,7.149707706624284,0.0,1.0,0.0,1.0,0.0,0.0
1,25,8.742737740526511,8.966551237233752,1.0,0.0,1.0,1.0,0.0,1.0
2,25,11.970335487317907,4.276663605358437,0.0,0.0,1.0,1.0,0.0,0.0
3,25,9.04326868222447,7.669477188029759,1.0,0.0,1.0,1.0,0.0,1.0
4,25,10.242707918482273,3.057831141220157,1.0,1.0,0.0,1.0,0.0,0.0
5,25,5.828274944716982,9.594716365708033,0.0,0.0,0.0,0.0,1.0,1.0
6,25,9.825960118659811,5.761966624722621,0.0,1.0,1.0,0.0,0.0,1.0
7,25,4.338457561283577,5.768537157466077,0.0,0.0,1.0,0.0,1.0,1.0
8,25,12.0,6.915003785851484,0.0,0.0,0.0,1.0,1.0,0.0
9,25,12.0,12.0,0.0,1.0,0.0,1.0,0.0,1.0
10,25,1.0692278517297358,3.2288700351848263,0.0,1.0,0.0,0.0,0.0,0.0
11,25,10.67616139479119,12.0,0.0,0.0,1.0,0.0,0.0,0.0
12,25,0.0,8.107510074949003,0.0,0.0,0.0,1.0,1.0,0.0
13,25,3.7634265233655926,6.588530571113026,0.0,0.0,0.0,1.0,1.0,0.0
14,25,4.792461776967437,3.5474747582550736,1.0,0.0,0.0,0.0,1.0,1.0
15,25,11.886704496286054,3.915597971249481,1.0,1.0,1.0,1.0,1.0,0.0
16,25,1.2719681509716707,0.1434809276055905,1.0,0.0,0.0,1.0,0.0,1.0
17,25,11.385290345339929,5.891859251112025,0.0,1.0,1.0,0.0,0.0,0.0
18,25,11.99876429585334,1.5314449528843306,0.0,1.0,0.0,0.0,0.0,0.0
19,25,12.0,11.675043848848208,0.0,0.0,1.0,0.0,0.0,0.0
20,25,1.141263995400364,11.30931222718118,0.0,1.0,1.0,0.0,1.0,1.0
21,25,5.898753802849421,11.169059618559627,0.0,1.0,1.0,1.0,0.0,0.0
22,25,3.7794051091444287,4.723631866756405,0.0,1.0,0.0,1.0,1.0,0.0
23,25,1.9762883475031705,10.27812320688214,1.0,0.0,0.0,0.0,1.0,0.0
24,25,0.7633688581362645,5.893317938225986,0.0,1.0,0.0,1.0,0.0,0.0
25,25,3.9254869371565095,4.361762140106047,1.0,1.0,0.0,1.0,1.0,1.0
26,25,1.006292220063004,3.004584341469308,0.0,0.0,1.0,1.0,0.0,1.0
27,25,10.911720933199092,9.610903713536626,0.0,0.0,1.0,0.0,0.0,0.0
28,25,0.0,8.266144185724801,1.0,0.0,1.0,0.0,0.0,0.0
29,25,0.0228902271447846,3.0103608692378048,1.0,1.0,0.0,0.0,1.0,0.0
30,25,12.0,0.9781590065866732,1.0,0.0,0.0,1.0,0.0,0.0
31,25,2.925909681641079,6.281218145989016,1.0,0.0,1.0,0.0,0.0,0.0
32,25,7.278089013761681,2.5461203716332603,0.0,0.0,0.0,0.0,0.0,0.0
33,25,9.285974158138234,2.9886085927306207,1.0,1.0,1.0,0.0,0.0,0.0
34,25,7.773272875514512,7.903833682480759,0.0,1.0,0.0,0.0,0.0,1.0
35,25,8.19081840109761,10.7875046665355,1.0,0.0,0.0,0.0,0.0,0.0
36,25,11.14642564978964,3.076644952266311,1.0,1.0,0.0,0.0,1.0,1.0
37,25,5.6964982755518,8.175080197870416,0.0,0.0,1.0,0.0,0.0,0.0
38,25,6.736013037247593,7.131326235239589,0.0,0.0,0.0,1.0,1.0,0.0
39,25,1.256491777638136,2.314433574533741,1.0,0.0,0.0,1.0,1.0,0.0
0,30,5.735604915703928,7.166310054171358,0.0,1.0,0.0,1.0,0.0,0.0
1,30,8.69020806974754,8.947876578893538,1.0,0.0,1.0,1.0,0.0,1.0
2,30,11.989826365340358,4.225202818027167,0.0,0.0,1.0,1.0,0.0,0.0
3,30,9.046200956327258,7.638410640093011,1.0,0.0,1.0,1.0,0.0,1.0
4,30,10.28496195499311,3.067946219094639,1.0,1.0,0.0,1.0,0.0,0.0
5,30,5.804179596384709,9.696381402698083,0.0,0.0,0.0,0.0,1.0,1.0
6,30,9.815086921599402,5.747495902289434,0.0,1.0,1.0,0.0,0.0,1.0
7,30,4.4223994740120665,5.711497444010386,0.0,0.0,1.0,0.0,1.0,1.0
8,30,12.0,6.900657441235301,0.0,0.0,0.0,1.0,1.0,0.0
9,30,12.0,12.0,0.0,1.0,0.0,1.0,0.0,1.0
10,30,1.0690157784439764,3.228202529318992,0.0,1.0,0.0,0.0,0.0,0.0
11,30,10.619117937016242,12.0,0.0,0.0,1.0,0.0,0.0,0.0
12,30,0.0004474311731903,8.103952017878123,0.0,0.0,0.0,1.0,1.0,0.0
13,30,3.7141165844739854,6.7152289620639305,0.0,0.0,0.0,1.0,1.0,0.0
14,30,4.760161420177719,3.478958936030093,1.0,0.0,0.0,0.0,1.0,1.0
15,30,11.890992145366676,3.908051453810197,1.0,1.0,1.0,1.0,1.0,0.0
16,30,1.31666810604773,0.166760820807161,1.0,0.0,0.0,1.0,0.0,1.0
17,30,11.500513182822772,5.861801698021718,0.0,1.0,1.0,0.0,0.0,0.0
18,30,11.99458209243152,1.4407112148122756,0.0,1.0,0.0,0.0,0.0,0.0
19,30,12.0,11.613456180988749,0.0,0.0,1.0,0.0,0.0,0.0
20,30,1.1801570237725234,11.392020826536031,0.0,1.0,1.0,0.0,1.0,1.0
21,30,5.8782452565642735,11.20108052918934,0.0,1.0,1.0,1.0,0.0,0.0
22,30,3.746628286201133,4.683706905815319,0.0,1.0,0.0,1.0,1.0,0.0
23,30,1.9821448260748011,10.331382296117232,1.0,0.0,0.0,0.0,1.0,0.0
24,30,0.6828183337792498,5.853764376780658,0.0,1.0,0.0,1.0,0.0,0.0
25,30,3.918760583177065,4.393740176545976,1.0,1.0,0.0,1.0,1.0,1.0
26,30,0.9948740061111354,2.997403674645825,0.0,0.0,1.0,1.0,0.0,1.0
27,30,10.902254344832857,9.567552054888344,0.0,0.0,1.0,0.0,0.0,0.0
28,30,0.0,8.342339392009961,1.0,0.0,1.0,0.0,0.0,0.0
29,30,0.0180980332096491,3.008213172626022,1.0,1.0,0.0,0.0,1.0,0.0
30,30,12.0,0.9778357324866612,1.0,0.0,0.0,1.0,0.0,0.0
31,30,2.915049099655243,6.323390505255003,1.0,0.0,1.0,0.0,0.0,0.0
32,30,7.325344933350499,2.4722136867301803,0.0,0.0,0.0,0.0,0.0,0.0
33,30,9.367687341407231,2.984043080624152,1.0,1.0,1.0,0.0,0.0,0.0
34,30,7.730209682593842,7.8877190683285825,0.0,1.0,0.0,0.0,0.0,1.0
35,30,8.195587311298665,10.781748776789236,1.0,0.0,0.0,0.0,0.0,0.0
36,30,11.16372920084375,3.0849180570776054,1.0,1.0,0.0,0.0,1.0,1.0
37,30,5.6591325164986985,8.195893709954875,0.0,0.0,1.0,0.0,0.0,0.0
38,30,6.6805596249618056,7.163278453581322,0.0,0.0,0.0,1.0,1.0,0.0
39,30,1.301205654627405,2.371009290747153,1.0,0.0,0.0,1.0,1.0,0.0
0,35,5.691696062796415,7.197542948186675,0.0,1.0,0.0,1.0,0.0,0.0
1,35,8.633342642467097,8.926825609322753,1.0,0.0,1.0,1.0,0.0,1.0
2,35,12.0,4.172908700212491,0.0,0.0,1.0,1.0,0.0,0.0
3,35,9.050188392176311,7.606895619549922,1.0,0.0,1.0,1.0,0.0,1.0
4,35,10.326150993191671,3.0779653925442574,1.0,1.0,0.0,1.0,0.0,0.0
5,35,5.7780840546951415,9.803419288119851,0.0,0.0,0.0,0.0,1.0,1.0
6,35,9.80443885465934,5.732073872375197,0.0,1.0,1.0,0.0,0.0,1.0
7,35,4.497438813764665,5.659262285192645,0.0,0.0,1.0,0.0,1.0,1.0
8,35,12.0,6.88631513913684,0.0,0.0,0.0,1.0,1.0,0.0
9,35,12.0,12.0,0.0,1.0,0.0,1.0,0.0,1.0
10,35,1.0696571006322266,3.2301299787035056,0.0,1.0,0.0,0.0,0.0,0.0
11,35,10.569708916767851,12.0,0.0,0.0,1.0,0.0,0.0,0.0
12,35,0.0004455792633781,8.103968425507336,0.0,0.0,0.0,1.0,1.0,0.0
13,35,3.833187327767828,6.761200061167196,0.0,0.0,0.0,1.0,1.0,0.0
14,35,4.721650753224088,3.400646840805668,1.0,0.0,0.0,0.0,1.0,1.0
15,35,11.890679505163224,3.908632959580149,1.0,1.0,1.0,1.0,1.0,0.0
16,35,1.3625870837796217,0.1914462405612529,1.0,0.0,0.0,1.0,0.0,1.0
17,35,11.600680310752676,5.83360356198998,0.0,1.0,1.0,0.0,0.0,0.0
18,35,11.991602794200936,1.3410771262144374,0.0,1.0,0.0,0.0,0.0,0.0
19,35,12.0,11.564700520049776,0.0,0.0,1.0,0.0,0.0,0.0
20,35,1.2230422647621713,11.47999116034702,0.0,1.0,1.0,0.0,1.0,1.0
21,35,5.855696550550139,11.236704792020822,0.0,1.0,1.0,1.0,0.0,0.0
22,35,3.716977457181585,4.650039041572972,0.0,1.0,0.0,1.0,1.0,0.0
23,35,1.9893957010744847,10.422835235016828,1.0,0.0,0.0,0.0,1.0,0.0
24,35,0.5900997557293025,5.809807600241479,0.0,1.0,0.0,1.0,0.0,0.0
25,35,3.914789871663032,4.412902532982716,1.0,1.0,0.0,1.0,1.0,1.0
26,35,0.9869860646038652,2.992351479809966,0.0,0.0,1.0,1.0,0.0,1.0
27,35,10.890295979120372,9.514811345145858,0.0,0.0,1.0,0.0,0.0,0.0
28,35,0.0,8.431084286388478,1.0,0.0,1.0,0.0,0.0,0.0
29,35,0.0166141699556429,3.007531985152844,1.0,1.0,0.0,0.0,1.0,0.0
30,35,12.0,0.977390971488988,1.0,0.0,0.0,1.0,0.0,0.0
31,35,2.911721217647305,6.336342206081333,1.0,0.0,1.0,0.0,0.0,0.0
32,35,7.372087435092546,2.401422533662505,0.0,0.0,0.0,0.0,0.0,0.0
33,35,9.42848376151728,2.9819084926940223,1.0,1.0,1.0,0.0,0.0,0.0
34,35,7.689399146038903,7.872276758448468,0.0,1.0,0.0,0.0,0.0,1.0
35,35,8.204276932354786,10.77121167714863,1.0,0.0,0.0,0.0,0.0,0.0
36,35,11.185970293569037,3.095631147211706,1.0,1.0,0.0,0.0,1.0,1.0
37,35,5.626299790784372,8.215125526465506,0.0,0.0,1.0,0.0,0.0,0.0
38,35,6.639493149527403,7.186899049079758,0.0,0.0,0.0,1.0,1.0,0.0
39,35,1.3541043302162696,2.4378452823327024,1.0,0.0,0.0,1.0,1.0,0.0
0,40,5.67473940935244,7.209592722311606,0.0,1.0,0.0,1.0,0.0,0.0
1,40,8.558975617316252,8.901530754736823,1.0,0.0,1.0,1.0,0.0,1.0
2,40,12.0,4.105333997013738,0.0,0.0,1.0,1.0,0.0,0.0
3,40,9.054812450273136,7.573153624158706,1.0,0.0,1.0,1.0,0.0,1.0
4,40,10.381611606683943,3.0920167860113046,1.0,1.0,0.0,1.0,0.0,0.0
5,40,5.751918793728761,9.930034421329688,0.0,0.0,0.0,0.0,1.0,1.0
6,40,9.784663764517507,5.704911253926696,0.0,1.0,1.0,0.0,0.0,1.0
7,40,4.582269148113279,5.59906070308067,0.0,0.0,1.0,0.0,1.0,1.0
8,40,12.0,6.874708831954964,0.0,0.0,0.0,1.0,1.0,0.0
9,40,12.0,12.0,0.0,1.0,0.0,1.0,0.0,1.0
10,40,1.065746489924861,3.217798541158701,0.0,1.0,0.0,0.0,0.0,0.0
11,40,10.531858008179006,12.0,0.0,0.0,1.0,0.0,0.0,0.0
12,40,0.0012873260255237,8.095802982121434,0.0,0.0,0.0,1.0,1.0,0.0
13,40,3.965982542888366,6.8138065878729375,0.0,0.0,0.0,1.0,1.0,0.0
14,40,4.674264097263485,3.3021257401932163,1.0,0.0,0.0,0.0,1.0,1.0
15,40,11.889376575152577,3.9110995935064254,1.0,1.0,1.0,1.0,1.0,0.0
16,40,1.382071793936392,0.2017973259597907,1.0,0.0,0.0,1.0,0.0,1.0
17,40,11.702383300249313,5.80818643262656,0.0,1.0,1.0,0.0,0.0,0.0
18,40,11.98925271210111,1.243760380036366,0.0,1.0,0.0,0.0,0.0,0.0
19,40,12.0,11.529959959496257,0.0,0.0,1.0,0.0,0.0,0.0
20,40,1.2693257878233173,11.57631377387392,0.0,1.0,1.0,0.0,1.0,1.0
21,40,5.831641391838105,11.275693798935595,0.0,1.0,1.0,1.0,0.0,0.0
22,40,3.6782745745244574,4.605971068473761,0.0,1.0,0.0,1.0,1.0,0.0
23,40,1.9959208803373103,10.505503764399698,1.0,0.0,0.0,0.0,1.0,0.0
24,40,0.5056254479902358,5.7701127323869645,0.0,1.0,0.0,1.0,0.0,0.0
25,40,3.908402695109618,4.4459722649967865,1.0,1.0,0.0,1.0,1.0,1.0
26,40,0.9941185668801876,2.997010401668088,0.0,0.0,1.0,1.0,0.0,1.0
27,40,10.880057535763047,9.463323774509451,0.0,0.0,1.0,0.0,0.0,0.0
28,40,0.0,8.522508294624204,1.0,0.0,1.0,0.0,0.0,0.0
29,40,0.0142163664610672,3.0063041185942616,1.0,1.0,0.0,0.0,1.0,0.0
30,40,12.0,0.9773627333089384,1.0,0.0,0.0,1.0,0.0,0.0
31,40,2.914248138684258,6.326504949386072,1.0,0.0,1.0,0.0,0.0,0.0
32,40,7.406192103475181,2.3459796345642543,0.0,0.0,0.0,0.0,0.0,0.0
33,40,9.482671455677249,2.979963577830209,1.0,1.0,1.0,0.0,0.0,0.0
34,40,7.640216378626954,7.853100434093492,0.0,1.0,0.0,0.0,0.0,1.0
35,40,8.211544579849154,10.762446438142636,1.0,0.0,0.0,0.0,0.0,0.0
36,40,11.217297503392128,3.111825988412651,1.0,1.0,0.0,0.0,1.0,1.0
37,40,5.607280849287625,8.226261328499351,0.0,0.0,1.0,0.0,0.0,0.0
38,40,6.608774626044513,7.203929234273996,0.0,0.0,0.0,1.0,1.0,0.0
39,40,1.4097518014192434,2.509044517307709,1.0,0.0,0.0,1.0,1.0,0.0
0,45,5.6382938003933205,7.236730865835817,0.0,1.0,0.0,1.0,0.0,0.0
1,45,8.490350415338343,8.878297060257665,1.0,0.0,1.0,1.0,0.0,1.0
2,45,12.0,4.05183482927956,0.0,0.0,1.0,1.0,0.0,0.0
3,45,9.061715449731071,7.521181436577934,1.0,0.0,1.0,1.0,0.0,1.0
4,45,10.424776762196904,3.102824734451588,1.0,1.0,0.0,1.0,0.0,0.0
5,45,5.730504461333815,10.035400515932912,0.0,0.0,0.0,0.0,1.0,1.0
6,45,9.775726227268928,5.692870860197969,0.0,1.0,1.0,0.0,0.0,1.0
7,45,4.688921313417799,5.523251101867975,0.0,0.0,1.0,0.0,1.0,1.0
8,45,12.0,6.86211979981348,0.0,0.0,0.0,1.0,1.0,0.0
9,45,12.0,12.0,0.0,1.0,0.0,1.0,0.0,1.0
10,45,1.0607326897575446,3.201714999825378,0.0,1.0,0.0,0.0,0.0,0.0
11,45,10.498613106770144,12.0,0.0,0.0,1.0,0.0,0.0,0.0
12,45,0.0015488231577811,8.093082216869085,0.0,0.0,0.0,1.0,1.0,0.0
13,45,4.103317152026925,6.87400335713749,0.0,0.0,0.0,1.0,1.0,0.0
14,45,4.626525498683988,3.2054256528735565,1.0,0.0,0.0,0.0,1.0,1.0
15,45,11.90235610602563,3.887706014025944,1.0,1.0,1.0,1.0,1.0,0.0
16,45,1.4224393167650662,0.2242865654003332,1.0,0.0,0.0,1.0,0.0,1.0
17,45,11.829327147019644,5.77711678745216,0.0,1.0,1.0,0.0,0.0,0.0
18,45,11.985572140565724,1.1490530157903878,0.0,1.0,0.0,0.0,0.0,0.0
19,45,12.0,11.502130994345196,0.0,0.0,1.0,0.0,0.0,0.0
20,45,1.3183328284882545,11.682435802329763,0.0,1.0,1.0,0.0,1.0,1.0
21,45,5.819621433882434,11.29589586346594,0.0,1.0,1.0,1.0,0.0,0.0
22,45,3.632912141454258,4.553561537983764,0.0,1.0,0.0,1.0,1.0,0.0
23,45,2.001586339729605,10.58131986741883,1.0,0.0,0.0,0.0,1.0,0.0
24,45,0.429332153662567,5.731486616373876,0.0,1.0,0.0,1.0,0.0,0.0
25,45,3.902131437943354,4.478308486933666,1.0,1.0,0.0,1.0,1.0,1.0
26,45,1.0184367820372393,3.0118542267773964,0.0,0.0,1.0,1.0,0.0,1.0
27,45,10.87262897674205,9.42556221907192,0.0,0.0,1.0,0.0,0.0,0.0
28,45,0.0,8.613668512325473,1.0,0.0,1.0,0.0,0.0,0.0
29,45,0.0089549268920777,3.0036271060058564,1.0,1.0,0.0,0.0,1.0,0.0
30,45,11.992485180875615,0.9781569665807608,1.0,0.0,0.0,1.0,0.0,0.0
31,45,2.9176943050758504,6.312564310461048,1.0,0.0,1.0,0.0,0.0,0.0
32,45,7.431937436548753,2.3042506801804814,0.0,0.0,0.0,0.0,0.0,0.0
33,45,9.519126305015092,2.9773786339434425,1.0,1.0,1.0,0.0,0.0,0.0
34,45,7.609639879348694,7.840668842505105,0.0,1.0,0.0,0.0,0.0,1.0
35,45,8.214265643401527,10.759146710373782,1.0,0.0,0.0,0.0,0.0,0.0
36,45,11.240945098927131,3.124386643518545,1.0,1.0,0.0,0.0,1.0,1.0
37,45,5.609434892963352,8.224988232018216,0.0,0.0,1.0,0.0,0.0,0.0
38,45,6.573794975386285,7.22331382556189,0.0,0.0,0.0,1.0,1.0,0.0
39,45,1.4601979317348366,2.5730389727177854,1.0,0.0,0.0,1.0,1.0,0.0
0,50,5.615847845592321,7.254122176829956,0.0,1.0,0.0,1.0,0.0,0.0
1,50,8.511002227148323,8.812691508866674,1.0,0.0,1.0,1.0,0.0,1.0
2,50,12.0,3.9948487172702127,0.0,0.0,1.0,1.0,0.0,0.0
3,50,9.06874591205784,7.478214742453022,1.0,0.0,1.0,1.0,0.0,1.0
4,50,10.482876493303516,3.1159286871242653,1.0,1.0,0.0,1.0,0.0,0.0
5,50,5.703041939824866,10.165065961089317,0.0,0.0,0.0,0.0,1.0,1.0
6,50,9.785313299264816,5.705402615641849,0.0,1.0,1.0,0.0,0.0,1.0
7,50,4.794028024740334,5.45156430979261,0.0,0.0,1.0,0.0,1.0,1.0
8,50,12.0,6.850028431058402,0.0,0.0,0.0,1.0,1.0,0.0
9,50,12.0,12.0,0.0,1.0,0.0,1.0,0.0,1.0
10,50,1.0539278135845116,3.179361064598277,0.0,1.0,0.0,0.0,0.0,0.0
11,50,10.451449845539136,12.0,0.0,0.0,1.0,0.0,0.0,0.0
12,50,0.0011451601266489,8.096491045762548,0.0,0.0,0.0,1.0,1.0,0.0
13,50,4.244491494964107,6.941546495282263,0.0,0.0,0.0,1.0,1.0,0.0
14,50,4.583325992245106,3.120932251353519,1.0,0.0,0.0,0.0,1.0,1.0
15,50,11.920949863688945,3.85468129496866,1.0,1.0,1.0,1.0,1.0,0.0
16,50,1.4703106191358095,0.2482610668556451,1.0,0.0,0.0,1.0,0.0,1.0
17,50,11.931118301825109,5.751142585144465,0.0,1.0,1.0,0.0,0.0,0.0
18,50,11.98414793006807,1.0357901574973545,0.0,1.0,0.0,0.0,0.0,0.0
19,50,12.0,11.49207821916882,0.0,0.0,1.0,0.0,0.0,0.0
20,50,1.36548563530647,11.783281190062535,0.0,1.0,1.0,0.0,1.0,1.0
21,50,5.805863219129742,11.319235266523869,0.0,1.0,1.0,1.0,0.0,0.0
22,50,3.5815917243109805,4.495700297752488,0.0,1.0,0.0,1.0,1.0,0.0
23,50,2.0056265581710013,10.672687797957945,1.0,0.0,0.0,0.0,1.0,0.0
24,50,0.3380509126778409,5.684450539510879,0.0,1.0,0.0,1.0,0.0,0.0
25,50,3.89682219065274,4.504919260943398,1.0,1.0,0.0,1.0,1.0,1.0
26,50,1.0438827765764471,3.02730424838826,0.0,0.0,1.0,1.0,0.0,1.0
27,50,10.862938259957929,9.379056847101651,0.0,0.0,1.0,0.0,0.0,0.0
28,50,0.0,8.696982686871706,1.0,0.0,1.0,0.0,0.0,0.0
29,50,0.013498318126163,3.006098661988766,1.0,1.0,0.0,0.0,1.0,0.0
30,50,11.97752376269422,0.979686976397032,1.0,0.0,0.0,1.0,0.0,0.0
31,50,2.922764053820709,6.292232279026209,1.0,0.0,1.0,0.0,0.0,0.0
32,50,7.4585488615275155,2.262548040476522,0.0,0.0,0.0,0.0,0.0,0.0
33,50,9.575324047060814,2.973247770785951,1.0,1.0,1.0,0.0,0.0,0.0
34,50,7.559247274262148,7.8211640811064465,0.0,1.0,0.0,0.0,0.0,1.0
35,50,8.219332288334352,10.753075199835491,1.0,0.0,0.0,0.0,0.0,0.0
36,50,11.268419775280838,3.1391298554748897,1.0,1.0,0.0,0.0,1.0,1.0
37,50,5.630663832849787,8.21282795550735,0.0,0.0,1.0,0.0,0.0,0.0
38,50,6.52270530531352,7.250493270120988,0.0,0.0,0.0,1.0,1.0,0.0
39,50,1.5307243326871192,2.658626136578984,1.0,0.0,0.0,1.0,1.0,0.0
0,55,5.608741282278392,7.259802980878419,0.0,1.0,0.0,1.0,0.0,0.0
1,55,8.5304164739732,8.751720743275087,1.0,0.0,1.0,1.0,0.0,1.0
2,55,12.0,3.958841423251103,0.0,0.0,1.0,1.0,0.0,0.0
3,55,9.079339840710588,7.416151975296703,1.0,0.0,1.0,1.0,0.0,1.0
4,55,10.519288485266696,3.124588728929799,1.0,1.0,0.0,1.0,0.0,0.0
5,55,5.666043898827385,10.314284035533976,0.0,0.0,0.0,0.0,1.0,1.0
6,55,9.799149636208876,5.722630787708932,0.0,1.0,1.0,0.0,0.0,1.0
7,55,4.912335578515535,5.376571195981937,0.0,0.0,1.0,0.0,1.0,1.0
8,55,12.0,6.837193567998622,0.0,0.0,0.0,1.0,1.0,0.0
9,55,12.0,12.0,0.0,1.0,0.0,1.0,0.0,1.0
10,55,1.0460809543488852,3.1543812492456937,0.0,1.0,0.0,0.0,0.0,0.0
11,55,10.429179301903355,12.0,0.0,0.0,1.0,0.0,0.0,0.0
12,55,0.0004047110830334,8.103244186074154,0.0,0.0,0.0,1.0,1.0,0.0
13,55,4.37652329732285,7.00739979038481,0.0,0.0,0.0,1.0,1.0,0.0
14,55,4.547485777588525,3.0511247166873354,1.0,0.0,0.0,0.0,1.0,1.0
15,55,11.939312423629527,3.820846027216797,1.0,1.0,1.0,1.0,1.0,0.0
16,55,1.5259434970564731,0.2749015515487937,1.0,0.0,0.0,1.0,0.0,1.0
17,55,12.0,5.72966175830702,0.0,1.0,1.0,0.0,0.0,0.0
18,55,11.981581603862232,0.9161296369816236,0.0,1.0,0.0,0.0,0.0,0.0
19,55,12.0,11.481380475230628,0.0,0.0,1.0,0.0,0.0,0.0
20,55,1.407351052939136,11.867921299894023,0.0,1.0,1.0,0.0,1.0,1.0
21,55,5.795998418711589,11.335926188181864,0.0,1.0,1.0,1.0,0.0,0.0
22,55,3.5263824318787957,4.4289355258294805,0.0,1.0,0.0,1.0,1.0,0.0
23,55,2.0087486839336486,10.771747664363229,1.0,0.0,0.0,0.0,1.0,0.0
24,55,0.2476449604915869,5.63649036264896,0.0,1.0,0.0,1.0,0.0,0.0
25,55,3.8928751581912953,4.522230408791856,1.0,1.0,0.0,1.0,1.0,1.0
26,55,1.074992229159861,3.047096787332259,0.0,0.0,1.0,1.0,0.0,1.0
27,55,10.850714987750084,9.32316794359769,0.0,0.0,1.0,0.0,0.0,0.0
28,55,0.0,8.7730105266695,1.0,0.0,1.0,0.0,0.0,0.0
29,55,0.0249395954978918,3.011833717819552,1.0,1.0,0.0,0.0,1.0,0.0
30,55,11.973284362027425,0.9800219575110586,1.0,0.0,0.0,1.0,0.0,0.0
31,55,2.926424920985282,6.27720422978584,1.0,0.0,1.0,0.0,0.0,0.0
32,55,7.489877494163229,2.215050105036216,0.0,0.0,0.0,0.0,0.0,0.0
33,55,9.632847782850886,2.9694390517271683,1.0,1.0,1.0,0.0,0.0,0.0
34,55,7.486299191251202,7.789945366205947,0.0,1.0,0.0,0.0,0.0,1.0
35,55,8.220985896055458,10.751118645382158,1.0,0.0,0.0,0.0,0.0,0.0
36,55,11.290694316349663,3.150791806851104,1.0,1.0,0.0,0.0,1.0,1.0
37,55,5.648409716265919,8.202756986768952,0.0,0.0,1.0,0.0,0.0,0.0
38,55,6.487505344276194,7.269737910985374,0.0,0.0,0.0,1.0,1.0,0.0
39,55,1.608488718014706,2.750131189885332,1.0,0.0,0.0,1.0,1.0,0.0
0,60,5.605490951794185,7.262430802642559,0.0,1.0,0.0,1.0,0.0,0.0
1,60,8.54602412613182,8.704026077228773,1.0,0.0,1.0,1.0,0.0,1.0
2,60,12.0,3.898237902710443,0.0,0.0,1.0,1.0,0.0,0.0
3,60,9.08955057865578,7.358977120961545,1.0,0.0,1.0,1.0,0.0,1.0
4,60,10.549751569985348,3.1321477712703487,1.0,1.0,0.0,1.0,0.0,0.0
5,60,5.63317293243309,10.452503215010935,0.0,0.0,0.0,0.0,1.0,1.0
6,60,9.805628779166264,5.730871738607084,0.0,1.0,1.0,0.0,0.0,1.0
7,60,5.051274180903401,5.285372374914782,0.0,0.0,1.0,0.0,1.0,1.0
8,60,12.0,6.823463761792215,0.0,0.0,0.0,1.0,1.0,0.0
9,60,12.0,12.0,0.0,1.0,0.0,1.0,0.0,1.0
10,60,1.0340919853132315,3.113265130338037,0.0,1.0,0.0,0.0,0.0,0.0
11,60,10.395303002907514,12.0,0.0,0.0,1.0,0.0,0.0,0.0
12,60,7.033253613659464e-05,8.106795726714317,0.0,0.0,0.0,1.0,1.0,0.0
13,60,4.51673553647709,7.071737255562318,0.0,0.0,0.0,1.0,1.0,0.0
14,60,4.517342264946207,2.991823934177066,1.0,0.0,0.0,0.0,1.0,1.0
15,60,11.955246016467049,3.791198164764029,1.0,1.0,1.0,1.0,1.0,0.0
16,60,1.5742792922612228,0.2968121780012067,1.0,0.0,0.0,1.0,0.0,1.0
17,60,12.0,5.708286622429301,0.0,1.0,1.0,0.0,0.0,0.0
18,60,11.976217197077164,0.7834596443772149,0.0,1.0,0.0,0.0,0.0,0.0
19,60,12.0,11.452439909348804,0.0,0.0,1.0,0.0,0.0,0.0
20,60,1.3382528328419592,11.901086330598828,0.0,1.0,1.0,0.0,1.0,1.0
21,60,5.781314647803145,11.36079397017339,0.0,1.0,1.0,1.0,0.0,0.0
22,60,3.482316771570886,4.372165105665171,0.0,1.0,0.0,1.0,1.0,0.0
23,60,2.014274102444144,10.870722845429004,1.0,0.0,0.0,0.0,1.0,0.0
24,60,0.1469611294650646,5.58040675417593,0.0,1.0,0.0,1.0,0.0,0.0
25,60,3.889593200275709,4.536051265684531,1.0,1.0,0.0,1.0,1.0,1.0
26,60,1.1183074228523944,3.075330406559875,0.0,0.0,1.0,1.0,0.0,1.0
27,60,10.831403859338383,9.243796162399102,0.0,0.0,1.0,0.0,0.0,0.0
28,60,0.0,8.861641343447666,1.0,0.0,1.0,0.0,0.0,0.0
29,60,0.0437122129430274,3.021537680332129,1.0,1.0,0.0,0.0,1.0,0.0
30,60,11.994044928589938,0.9786079584372772,1.0,0.0,0.0,1.0,0.0,0.0
31,60,2.931401668534116,6.257076306573254,1.0,0.0,1.0,0.0,0.0,0.0
32,60,7.529134023580762,2.153858659986577,0.0,0.0,0.0,0.0,0.0,0.0
33,60,9.67758521670778,2.966704579893818,1.0,1.0,1.0,0.0,0.0,0.0
34,60,7.4187122894372335,7.762522536053684,0.0,1.0,0.0,0.0,0.0,1.0
35,60,8.217957952795619,10.75446139012254,1.0,0.0,0.0,0.0,0.0,0.0
36,60,11.30141618033344,3.156446929992913,1.0,1.0,0.0,0.0,1.0,1.0
37,60,5.665723907933013,8.19289014350529,0.0,0.0,1.0,0.0,0.0,0.0
38,60,6.449400708582497,7.29041948268948,0.0,0.0,0.0,1.0,1.0,0.0
39,60,1.679872020517445,2.8329481314497404,1.0,0.0,0.0,1.0,1.0,0.0
0,65,5.606208837523985,7.261847176296661,0.0,1.0,0.0,1.0,0.0,0.0
1,65,8.567103588729806,8.645555767750379,1.0,0.0,1.0,1.0,0.0,1.0
2,65,12.0,3.8634146872524617,0.0,0.0,1.0,1.0,0.0,0.0
3,65,9.09771162140277,7.312674298997845,1.0,0.0,1.0,1.0,0.0,1.0
4,65,10.573654047670184,3.1383354793829787,1.0,1.0,0.0,1.0,0.0,0.0
5,65,5.605431647713291,10.570969299690434,0.0,0.0,0.0,0.0,1.0,1.0
6,65,9.82876555232608,5.759467750044766,0.0,1.0,1.0,0.0,0.0,1.0
7,65,5.187122354652871,5.194626933070144,0.0,0.0,1.0,0.0,1.0,1.0
8,65,12.0,6.812743485333001,0.0,0.0,0.0,1.0,1.0,0.0
9,65,11.999903288605216,11.999850931427083,0.0,1.0,0.0,1.0,0.0,1.0
10,65,1.0220940496470772,3.073765598528094,0.0,1.0,0.0,0.0,0.0,0.0
11,65,10.375274582937026,12.0,0.0,0.0,1.0,0.0,0.0,0.0
12,65,0.0004615038086544,8.100970002385264,0.0,0.0,0.0,1.0,1.0,0.0
13,65,4.6664118168000535,7.14519874325944,0.0,0.0,0.0,1.0,1.0,0.0
14,65,4.485272039486876,2.926737526271356,1.0,0.0,0.0,0.0,1.0,1.0
15,65,11.97138165293173,3.758698479370973,1.0,1.0,1.0,1.0,1.0,0.0
16,65,1.624345962230186,0.3199376082665366,1.0,0.0,0.0,1.0,0.0,1.0
17,65,12.0,5.690278530128749,0.0,1.0,1.0,0.0,0.0,0.0
18,65,11.967200712247376,0.6154750660498733,0.0,1.0,0.0,0.0,0.0,0.0
19,65,12.0,11.431158814969304,0.0,0.0,1.0,0.0,0.0,0.0
20,65,1.2897701478576609,11.92407897704688,0.0,1.0,1.0,0.0,1.0,1.0
21,65,5.754302021066282,11.408800275157445,0.0,1.0,1.0,1.0,0.0,0.0
22,65,3.45905682453429,4.342082381277587,0.0,1.0,0.0,1.0,1.0,0.0
23,65,2.019792446256897,10.951862966714298,1.0,0.0,0.0,0.0,1.0,0.0
24,65,0.0461334567101023,5.526936279849787,0.0,1.0,0.0,1.0,0.0,0.0
25,65,3.8845804179982366,4.558263567761941,1.0,1.0,0.0,1.0,1.0,1.0
26,65,1.1615289764086971,3.102911851555989,0.0,0.0,1.0,1.0,0.0,1.0
27,65,10.813181888499082,9.172234614282171,0.0,0.0,1.0,0.0,0.0,0.0
28,65,0.0,8.953113771279982,1.0,0.0,1.0,0.0,0.0,0.0
29,65,0.036700450808807,3.017950102651169,1.0,1.0,0.0,0.0,1.0,0.0
30,65,12.0,0.9777916128641276,1.0,0.0,0.0,1.0,0.0,0.0
31,65,2.936605627551077,6.237977441480875,1.0,0.0,1.0,0.0,0.0,0.0
32,65,7.564178570915573,2.098567430587075,0.0,0.0,0.0,0.0,0.0,0.0
33,65,9.723350077574215,2.962797195961802,1.0,1.0,1.0,0.0,0.0,0.0
34,65,7.369097330116933,7.7433750215616355,0.0,1.0,0.0,0.0,0.0,1.0
35,65,8.230630416311788,10.74008049742563,1.0,0.0,0.0,0.0,0.0,0.0
36,65,11.305755001895614,3.158598463429749,1.0,1.0,0.0,0.0,1.0,1.0
37,65,5.698993727100252,8.17402799297721,0.0,0.0,1.0,0.0,0.0,0.0
38,65,6.4342421248814095,7.299067093807345,0.0,0.0,0.0,1.0,1.0,0.0
39,65,1.7350924891035155,2.8997882469745484,1.0,0.0,0.0,1.0,1.0,0.0
0,70,5.623747408608734,7.247262082528123,0.0,1.0,0.0,1.0,0.0,0.0
1,70,8.594893745001185,8.568678029900136,1.0,0.0,1.0,1.0,0.0,1.0
2,70,12.0,3.8230865043925086,0.0,0.0,1.0,1.0,0.0,0.0
3,70,9.104740685310542,7.272030077660371,1.0,0.0,1.0,1.0,0.0,1.0
4,70,10.598210820367244,3.1451810458051424,1.0,1.0,0.0,1.0,0.0,0.0
5,70,5.575018518882697,10.694442728477735,0.0,0.0,0.0,0.0,1.0,1.0
6,70,9.843882904780989,5.777993066210247,0.0,1.0,1.0,0.0,0.0,1.0
7,70,5.310894560815604,5.111538545491065,0.0,0.0,1.0,0.0,1.0,1.0
8,70,12.0,6.804117380648853,0.0,0.0,0.0,1.0,1.0,0.0
9,70,11.98911437405227,11.982169558912338,0.0,1.0,0.0,1.0,0.0,1.0
10,70,1.0067485031958754,3.02198892180155,0.0,1.0,0.0,0.0,0.0,0.0
11,70,10.375323761524506,11.9999767842367,0.0,0.0,1.0,0.0,0.0,0.0
12,70,0.0004984192331674,8.10026581834767,0.0,0.0,0.0,1.0,1.0,0.0
13,70,4.813749559259441,7.218563655842644,0.0,0.0,0.0,1.0,1.0,0.0
14,70,4.461984334192221,2.8773521223991274,1.0,0.0,0.0,0.0,1.0,1.0
15,70,11.992783566457286,3.7139250687152816,1.0,1.0,1.0,1.0,1.0,0.0
16,70,1.6915480568264676,0.3500028522770532,1.0,0.0,0.0,1.0,0.0,1.0
17,70,12.0,5.6690232134725,0.0,1.0,1.0,0.0,0.0,0.0
18,70,11.95369359941165,0.450817459234264,0.0,1.0,0.0,0.0,0.0,0.0
19,70,12.0,11.407181590700716,0.0,0.0,1.0,0.0,0.0,0.0
20,70,1.267503172248324,11.934758230167231,0.0,1.0,1.0,0.0,1.0,1.0
21,70,5.721701499775441,11.465952943690477,0.0,1.0,1.0,1.0,0.0,0.0
22,70,3.4272317658782985,4.3012224415085845,0.0,1.0,0.0,1.0,1.0,0.0
23,70,2.02794674731832,11.03837482739544,1.0,0.0,0.0,0.0,1.0,0.0
24,70,0.0,5.4807321958525455,0.0,1.0,0.0,1.0,0.0,0.0
25,70,3.874831252369899,4.596154999700016,1.0,1.0,0.0,1.0,1.0,1.0
26,70,1.188768882112154,3.120247281877953,0.0,0.0,1.0,1.0,0.0,1.0
27,70,10.794726741259884,9.10210774967403,0.0,0.0,1.0,0.0,0.0,0.0
28,70,0.0,9.046194871227913,1.0,0.0,1.0,0.0,0.0,0.0
29,70,0.034474385300745,3.016859095563839,1.0,1.0,0.0,0.0,1.0,0.0
30,70,12.0,0.9764672215714962,1.0,0.0,0.0,1.0,0.0,0.0
31,70,2.942126518031604,6.216467288803762,1.0,0.0,1.0,0.0,0.0,0.0
32,70,7.598184789920252,2.0474179818653195,0.0,0.0,0.0,0.0,0.0,0.0
33,70,9.776126687478374,2.9575168682961466,1.0,1.0,1.0,0.0,0.0,0.0
34,70,7.336849988529973,7.731062539081272,0.0,1.0,0.0,0.0,0.0,1.0
35,70,8.25509286754035,10.710951922039389,1.0,0.0,0.0,0.0,0.0,0.0
36,70,11.293444164138265,3.1520718491676907,1.0,1.0,0.0,0.0,1.0,1.0
37,70,5.732685845766749,8.154620612867644,0.0,0.0,1.0,0.0,0.0,0.0
38,70,6.435105771314198,7.298578679365875,0.0,0.0,0.0,1.0,1.0,0.0
39,70,1.790755385811094,2.967552876059583,1.0,0.0,0.0,1.0,1.0,0.0
0,75,5.64608578990763,7.228228376274298,0.0,1.0,0.0,1.0,0.0,0.0
1,75,8.62017846674844,8.4949402391641,1.0,0.0,1.0,1.0,0.0,1.0
2,75,12.0,3.795991605119799,0.0,0.0,1.0,1.0,0.0,0.0
3,75,9.116870316809496,7.205867612869752,1.0,0.0,1.0,1.0,0.0,1.0
4,75,10.615401657767151,3.149976009286636,1.0,1.0,0.0,1.0,0.0,0.0
5,75,5.545625162640477,10.821000456496089,0.0,0.0,0.0,0.0,1.0,1.0
6,75,9.848935323645092,5.784246720078693,0.0,1.0,1.0,0.0,0.0,1.0
7,75,5.455831073130469,5.011350282932764,0.0,0.0,1.0,0.0,1.0,1.0
8,75,12.0,6.793582756142292,0.0,0.0,0.0,1.0,1.0,0.0
9,75,11.972331910840955,11.955913533138794,0.0,1.0,0.0,1.0,0.0,1.0
10,75,0.9928084574124808,2.9771392634675413,0.0,1.0,0.0,0.0,0.0,0.0
11,75,10.387758115626328,11.994106997579744,0.0,0.0,1.0,0.0,0.0,0.0
12,75,0.0,8.114018777829553,0.0,0.0,0.0,1.0,1.0,0.0
13,75,4.964842383081011,7.296588802185319,0.0,0.0,0.0,1.0,1.0,0.0
14,75,4.445776040877376,2.8437405017144384,1.0,0.0,0.0,0.0,1.0,1.0
15,75,12.0,3.693879507257738,1.0,1.0,1.0,1.0,1.0,0.0
16,75,1.7614207209252013,0.380919272357497,1.0,0.0,0.0,1.0,0.0,1.0
17,75,12.0,5.645754254100519,0.0,1.0,1.0,0.0,0.0,0.0
18,75,11.937580981325622,0.2763575788273927,0.0,1.0,0.0,0.0,0.0,0.0
19,75,12.0,11.394814887202807,0.0,0.0,1.0,0.0,0.0,0.0
20,75,1.2452490273924988,11.945265802025387,0.0,1.0,1.0,0.0,1.0,1.0
21,75,5.6855575290658695,11.525833582852476,0.0,1.0,1.0,1.0,0.0,0.0
22,75,3.3848178785850185,4.245373608115805,0.0,1.0,0.0,1.0,1.0,0.0
23,75,2.0354538775525146,11.112603241605989,1.0,0.0,0.0,0.0,1.0,0.0
24,75,0.0,5.418659724293088,0.0,1.0,0.0,1.0,0.0,0.0
25,75,3.861954724131547,4.64835738385032,1.0,1.0,0.0,1.0,1.0,1.0
26,75,1.2010202242904435,3.128295601472985,0.0,0.0,1.0,1.0,0.0,1.0
27,75,10.772622564251234,9.012113719794607,0.0,0.0,1.0,0.0,0.0,0.0
28,75,0.0,9.151127122947914,1.0,0.0,1.0,0.0,0.0,0.0
29,75,0.0296937617734118,3.014570375497663,1.0,1.0,0.0,0.0,1.0,0.0
30,75,12.0,0.9721770064590146,1.0,0.0,0.0,1.0,0.0,0.0
31,75,2.9434141839050314,6.211512339105563,1.0,0.0,1.0,0.0,0.0,0.0
32,75,7.630161423947827,2.0006795814005143,0.0,0.0,0.0,0.0,0.0,0.0
33,75,9.812126803148114,2.954241044889625,1.0,1.0,1.0,0.0,0.0,0.0
34,75,7.3149853475261235,7.723245252980079,0.0,1.0,0.0,0.0,0.0,1.0
35,75,8.279187592510521,10.681784921635366,1.0,0.0,0.0,0.0,0.0,0.0
36,75,11.285773431790377,3.1481514144473723,1.0,1.0,0.0,0.0,1.0,1.0
37,75,5.76414731572391,8.136625625180601,0.0,0.0,1.0,0.0,0.0,0.0
38,75,6.444018122944859,7.293605839704468,0.0,0.0,0.0,1.0,1.0,0.0
39,75,1.8413212457390564,3.029757347230622,1.0,0.0,0.0,1.0,1.0,0.0
0,80,5.6638380159861015,7.2133758381268,0.0,1.0,0.0,1.0,0.0,0.0
1,80,8.640132937913961,8.437048840270405,1.0,0.0,1.0,1.0,0.0,1.0
2,80,12.0,3.7537151140080014,0.0,0.0,1.0,1.0,0.0,0.0
3,80,9.132684852331623,7.11545530667396,1.0,0.0,1.0,1.0,0.0,1.0
4,80,10.652023417430415,3.1608819179237133,1.0,1.0,0.0,1.0,0.0,0.0
5,80,5.51975972213878,10.93810104428563,0.0,0.0,0.0,0.0,1.0,1.0
6,80,9.8630799490032,5.801545590737902,0.0,1.0,1.0,0.0,0.0,1.0
7,80,5.619436510076071,4.890313539466024,0.0,0.0,1.0,0.0,1.0,1.0
8,80,12.0,6.786115224915758,0.0,0.0,0.0,1.0,1.0,0.0
9,80,11.939164113654202,11.903597915814052,0.0,1.0,0.0,1.0,0.0,1.0
10,80,0.9884326914958282,2.962028058223682,0.0,1.0,0.0,0.0,0.0,0.0
11,80,10.408605035011494,11.983725346431664,0.0,0.0,1.0,0.0,0.0,0.0
12,80,0.0,8.11387070993694,0.0,0.0,0.0,1.0,1.0,0.0
13,80,5.123126908816008,7.377161224283754,0.0,0.0,0.0,1.0,1.0,0.0
14,80,4.4354751127788274,2.822641717956465,1.0,0.0,0.0,0.0,1.0,1.0
15,80,11.998361989117251,3.697025435303114,1.0,1.0,1.0,1.0,1.0,0.0
16,80,1.8523780429699448,0.422546152569398,1.0,0.0,0.0,1.0,0.0,1.0
17,80,12.0,5.614579035324934,0.0,1.0,1.0,0.0,0.0,0.0
18,80,11.91955592541775,0.0984108087998156,0.0,1.0,0.0,0.0,0.0,0.0
19,80,12.0,11.390642713920954,0.0,0.0,1.0,0.0,0.0,0.0
20,80,1.214966005466455,11.95973845432854,0.0,1.0,1.0,0.0,1.0,1.0
21,80,5.635424725590071,11.599133747001506,0.0,1.0,1.0,1.0,0.0,0.0
22,80,3.351379808199561,4.200852017673481,0.0,1.0,0.0,1.0,1.0,0.0
23,80,2.0411870257561757,11.186673910989215,1.0,0.0,0.0,0.0,1.0,0.0
24,80,0.0626078346673737,5.311000169026035,0.0,1.0,0.0,1.0,0.0,0.0
25,80,3.8543590646781314,4.676991790127802,1.0,1.0,0.0,1.0,1.0,1.0
26,80,1.2180327328267828,3.139671920896765,0.0,0.0,1.0,1.0,0.0,1.0
27,80,10.752236415664647,8.927102997235396,0.0,0.0,1.0,0.0,0.0,0.0
28,80,0.0,9.25705509884306,1.0,0.0,1.0,0.0,0.0,0.0
29,80,0.0354553804606488,3.01732910977144,1.0,1.0,0.0,0.0,1.0,0.0
30,80,12.0,0.970254987040038,1.0,0.0,0.0,1.0,0.0,0.0
31,80,2.948347521942562,6.194659352443877,1.0,0.0,1.0,0.0,0.0,0.0
32,80,7.673825991199471,1.937891638372823,0.0,0.0,0.0,0.0,0.0,0.0
33,80,9.857960773465342,2.9490632939051897,1.0,1.0,1.0,0.0,0.0,0.0
34,80,7.291371438018364,7.715057953738563,0.0,1.0,0.0,0.0,0.0,1.0
35,80,8.300780529331524,10.65622157419845,1.0,0.0,0.0,0.0,0.0,0.0
36,80,11.263668295934346,3.136796409836136,1.0,1.0,0.0,0.0,1.0,1.0
37,80,5.788218350611284,8.123043149684746,0.0,0.0,1.0,0.0,0.0,0.0
38,80,6.456116330818412,7.286633050948177,0.0,0.0,0.0,1.0,1.0,0.0
39,80,1.774213314528715,3.0870239293556567,1.0,0.0,0.0,1.0,1.0,0.0
0,85,5.694422954353063,7.1877636939631735,0.0,1.0,0.0,1.0,0.0,0.0
1,85,8.667383767262502,8.359043861716051,1.0,0.0,1.0,1.0,0.0,1.0
2,85,12.0,3.689473629127632,0.0,0.0,1.0,1.0,0.0,0.0
3,85,9.150971420710627,7.009699829185761,1.0,0.0,1.0,1.0,0.0,1.0
4,85,10.676859145984634,3.1676125864385614,1.0,1.0,0.0,1.0,0.0,0.0
5,85,5.493683430946373,11.053341608952548,0.0,0.0,0.0,0.0,1.0,1.0
6,85,9.88218806944482,5.824479440573924,0.0,1.0,1.0,0.0,0.0,1.0
7,85,5.772479136127068,4.77788567805883,0.0,0.0,1.0,0.0,1.0,1.0
8,85,12.0,6.780780070278062,0.0,0.0,0.0,1.0,1.0,0.0
9,85,11.900825232422898,11.845923409114382,0.0,1.0,0.0,1.0,0.0,1.0
10,85,0.9882217358657076,2.961310518629351,0.0,1.0,0.0,0.0,0.0,0.0
11,85,10.430747412422477,11.972793070534664,0.0,0.0,1.0,0.0,0.0,0.0
12,85,0.0139890145516168,8.11406933125537,0.0,0.0,0.0,1.0,1.0,0.0
13,85,5.284435158847872,7.458219738398725,0.0,0.0,0.0,1.0,1.0,0.0
14,85,4.41801171587838,2.787950645242846,1.0,0.0,0.0,0.0,1.0,1.0
15,85,12.0,3.6786123465370433,1.0,1.0,1.0,1.0,1.0,0.0
16,85,1.933571446516583,0.4571030766203879,1.0,0.0,0.0,1.0,0.0,1.0
17,85,12.0,5.584329926266738,0.0,1.0,1.0,0.0,0.0,0.0
18,85,11.906549673629517,0.0,0.0,1.0,0.0,0.0,0.0,0.0
19,85,11.997892822239695,11.39230863753774,0.0,0.0,1.0,0.0,0.0,0.0
20,85,1.182243233482513,11.974323804190307,0.0,1.0,1.0,0.0,1.0,1.0
21,85,5.58611806635184,11.666721267095818,0.0,1.0,1.0,1.0,0.0,0.0
22,85,3.3264689559779645,4.165141857136689,0.0,1.0,0.0,1.0,1.0,0.0
23,85,2.0458185287405857,11.247717773665263,1.0,0.0,0.0,0.0,1.0,0.0
24,85,0.1303825758834774,5.193808383552774,0.0,1.0,0.0,1.0,0.0,0.0
25,85,3.845325417712477,4.7177001122114905,1.0,1.0,0.0,1.0,1.0,1.0
26,85,1.226250199269214,3.145173113384716,0.0,0.0,1.0,1.0,0.0,1.0
27,85,10.732172566281625,8.845450708812722,0.0,0.0,1.0,0.0,0.0,0.0
28,85,0.0,9.361326912838685,1.0,0.0,1.0,0.0,0.0,0.0
29,85,0.0280124606886332,3.013831186993989,1.0,1.0,0.0,0.0,1.0,0.0
30,85,12.0,0.967639383316665,1.0,0.0,0.0,1.0,0.0,0.0
31,85,2.9496824416700926,6.190341557593672,1.0,0.0,1.0,0.0,0.0,0.0
32,85,7.708476742886477,1.8867248610690848,0.0,0.0,0.0,0.0,0.0,0.0
33,85,9.893351753566543,2.9448812949861174,1.0,1.0,1.0,0.0,0.0,0.0
34,85,7.25721713727709,7.702251545695961,0.0,1.0,0.0,0.0,0.0,1.0
35,85,8.31513438851419,10.63867131391456,1.0,0.0,0.0,0.0,0.0,0.0
36,85,11.24269375497066,3.1263292362996697,1.0,1.0,0.0,0.0,1.0,1.0
37,85,5.803005417423479,8.115098284304336,0.0,0.0,1.0,0.0,0.0,0.0
38,85,6.470753189466535,7.277564305205203,0.0,0.0,0.0,1.0,1.0,0.0
39,85,1.7103637661262905,3.14054360368361,1.0,0.0,0.0,1.0,1.0,0.0
0,90,5.694223981705795,7.187924620385028,0.0,1.0,0.0,1.0,0.0,0.0
1,90,8.690613680058195,8.286457978953376,1.0,0.0,1.0,1.0,0.0,1.0
2,90,12.0,3.6373373946755914,0.0,0.0,1.0,1.0,0.0,0.0
3,90,9.169315863474052,6.911596653992248,1.0,0.0,1.0,1.0,0.0,1.0
4,90,10.68978807270809,3.1714953569363784,1.0,1.0,0.0,1.0,0.0,0.0
5,90,5.4709667043058126,11.153893608003706,0.0,0.0,0.0,0.0,1.0,1.0
6,90,9.914894963110308,5.862995312037082,0.0,1.0,1.0,0.0,0.0,1.0
7,90,5.939384371227473,4.651353071712405,0.0,0.0,1.0,0.0,1.0,1.0
8,90,12.0,6.778211030326963,0.0,0.0,0.0,1.0,1.0,0.0
9,90,11.865676320706822,11.792611933677206,0.0,1.0,0.0,1.0,0.0,1.0
10,90,0.9923741290649606,2.9747277711117035,0.0,1.0,0.0,0.0,0.0,0.0
11,90,10.434367503186571,11.971012795773142,0.0,0.0,1.0,0.0,0.0,0.0
12,90,0.0267202752202196,8.114065178899033,0.0,0.0,0.0,1.0,1.0,0.0
13,90,5.47851427142838,7.548872303194959,0.0,0.0,0.0,1.0,1.0,0.0
14,90,4.404101016216519,2.7607895081333003,1.0,0.0,0.0,0.0,1.0,1.0
15,90,12.0,3.632611597990817,1.0,1.0,1.0,1.0,1.0,0.0
16,90,2.0065023827130597,0.4877638947175254,1.0,0.0,0.0,1.0,0.0,1.0
17,90,12.0,5.559389434606869,0.0,1.0,1.0,0.0,0.0,0.0
18,90,11.892637938697424,0.0,0.0,1.0,0.0,0.0,0.0,0.0
19,90,11.998136480546066,11.39211528177193,0.0,0.0,1.0,0.0,0.0,0.0
20,90,1.1899474050879335,11.991524332262772,0.0,1.0,1.0,0.0,1.0,1.0
21,90,5.53698837353328,11.73142587747994,0.0,1.0,1.0,1.0,0.0,0.0
22,90,3.311496075011808,4.143502809109961,0.0,1.0,0.0,1.0,1.0,0.0
23,90,2.0502944879929226,11.299869879508426,1.0,0.0,0.0,0.0,1.0,0.0
24,90,0.2028695503113035,5.069269634881257,0.0,1.0,0.0,1.0,0.0,0.0
25,90,3.837394813076837,4.752831921373153,1.0,1.0,0.0,1.0,1.0,1.0
26,90,1.2359700270962222,3.1514722078791086,0.0,0.0,1.0,1.0,0.0,1.0
27,90,10.714783199892072,8.77895578481648,0.0,0.0,1.0,0.0,0.0,0.0
28,90,0.0,9.44677143671517,1.0,0.0,1.0,0.0,0.0,0.0
29,90,0.0409421407341433,3.0199719784799144,1.0,1.0,0.0,0.0,1.0,0.0
30,90,12.0,0.9662875984524284,1.0,0.0,0.0,1.0,0.0,0.0
31,90,2.95046995869943,6.187873075895512,1.0,0.0,1.0,0.0,0.0,0.0
32,90,7.73833815854772,1.8417567424797088,0.0,0.0,0.0,0.0,0.0,0.0
33,90,9.943392160293223,2.9382451329702355,1.0,1.0,1.0,0.0,0.0,0.0
34,90,7.218075188046281,7.689059819451873,0.0,1.0,0.0,0.0,0.0,1.0
35,90,8.334569487972203,10.615505034686947,1.0,0.0,0.0,0.0,0.0,0.0
36,90,11.216958593931748,3.1142036813194856,1.0,1.0,0.0,0.0,1.0,1.0
37,90,5.811229870256241,8.110763066229996,0.0,0.0,1.0,0.0,0.0,0.0
38,90,6.483258020195744,7.270103248004542,0.0,0.0,0.0,1.0,1.0,0.0
39,90,1.646226674857149,3.1942919811734307,1.0,0.0,0.0,1.0,1.0,0.0
0,95,5.687937091197118,7.193046837613325,0.0,1.0,0.0,1.0,0.0,0.0
1,95,8.713835685341657,8.215806707362336,1.0,0.0,1.0,1.0,0.0,1.0
2,95,12.0,3.56963620195042,0.0,0.0,1.0,1.0,0.0,0.0
3,95,9.187898030432695,6.822499262294135,1.0,0.0,1.0,1.0,0.0,1.0
4,95,10.7048495437371,3.1758392534307105,1.0,1.0,0.0,1.0,0.0,0.0
5,95,5.447619594268224,11.254895320538171,0.0,0.0,0.0,0.0,1.0,1.0
6,95,9.955048673382048,5.909506244114432,0.0,1.0,1.0,0.0,0.0,1.0
7,95,6.079462725676275,4.543930885023228,0.0,0.0,1.0,0.0,1.0,1.0
8,95,12.0,6.770963294278377,0.0,0.0,0.0,1.0,1.0,0.0
9,95,11.821333524193534,11.725997222068756,0.0,1.0,0.0,1.0,0.0,1.0
10,95,0.9990466426960816,2.996693883336562,0.0,1.0,0.0,0.0,0.0,0.0
11,95,10.44658653318577,11.96516503299333,0.0,0.0,1.0,0.0,0.0,0.0
12,95,0.0472470120751519,8.113610158271086,0.0,0.0,0.0,1.0,1.0,0.0
13,95,5.680900018675736,7.646903853618683,0.0,0.0,0.0,1.0,1.0,0.0
14,95,4.39462593434317,2.7422366049321223,1.0,0.0,0.0,0.0,1.0,1.0
15,95,12.0,3.613693599012628,1.0,1.0,1.0,1.0,1.0,0.0
16,95,2.067675230955075,0.5153714897501813,1.0,0.0,0.0,1.0,0.0,1.0
17,95,12.0,5.538267616258033,0.0,1.0,1.0,0.0,0.0,0.0
18,95,11.88151074628236,0.0,0.0,1.0,0.0,0.0,0.0,0.0
19,95,11.992153677934564,11.397206387171712,0.0,0.0,1.0,0.0,0.0,0.0
20,95,1.1983512060551724,12.0,0.0,1.0,1.0,0.0,1.0,1.0
21,95,5.495540726643863,11.783280065545856,0.0,1.0,1.0,1.0,0.0,0.0
22,95,3.295815928025513,4.120670435067882,0.0,1.0,0.0,1.0,1.0,0.0
23,95,2.054507833780169,11.348309381934513,1.0,0.0,0.0,0.0,1.0,0.0
24,95,0.2810638139579464,4.940688269384751,0.0,1.0,0.0,1.0,0.0,0.0
25,95,3.824338860822504,4.818998819045758,1.0,1.0,0.0,1.0,1.0,1.0
26,95,1.2289213624375486,3.146554461317604,0.0,0.0,1.0,1.0,0.0,1.0
27,95,10.696413664295838,8.709277598022842,0.0,0.0,1.0,0.0,0.0,0.0
28,95,0.0,9.51668409636342,1.0,0.0,1.0,0.0,0.0,0.0
29,95,0.0607959605218193,3.029370167381457,1.0,1.0,0.0,0.0,1.0,0.0
30,95,12.0,0.964104946475103,1.0,0.0,0.0,1.0,0.0,0.0
31,95,2.9499763600079394,6.189616518633674,1.0,0.0,1.0,0.0,0.0,0.0
32,95,7.767173230350446,1.7993012733076297,0.0,0.0,0.0,0.0,0.0,0.0
33,95,9.98885267258986,2.9324914780671065,1.0,1.0,1.0,0.0,0.0,0.0
34,95,7.1802493541391765,7.675014551778997,0.0,1.0,0.0,0.0,0.0,1.0
35,95,8.344005134953955,10.603799149394805,1.0,0.0,0.0,0.0,0.0,0.0
36,95,11.199578519587348,3.10571363849052,1.0,1.0,0.0,0.0,1.0,1.0
37,95,5.836332503787544,8.0966768730051,0.0,0.0,1.0,0.0,0.0,0.0
38,95,6.496620833365525,7.26240625549702,0.0,0.0,0.0,1.0,1.0,0.0
39,95,1.5797807930482917,3.252844961453233,1.0,0.0,0.0,1.0,1.0,0.0
0,100,5.687762057684261,7.193186324261494,0.0,1.0,0.0,1.0,0.0,0.0
1,100,8.738981061893826,8.135226607149068,1.0,0.0,1.0,1.0,0.0,1.0
2,100,12.0,3.493815316603585,0.0,0.0,1.0,1.0,0.0,0.0
3,100,9.209558727349382,6.720615299312089,1.0,0.0,1.0,1.0,0.0,1.0
4,100,10.713693525770546,3.1783550547620982,1.0,1.0,0.0,1.0,0.0,0.0
5,100,5.421520856528759,11.368031657719282,0.0,0.0,0.0,0.0,1.0,1.0
6,100,10.003661388540367,5.96585146716495,0.0,1.0,1.0,0.0,0.0,1.0
7,100,6.223205730626262,4.439519124945034,0.0,0.0,1.0,0.0,1.0,1.0
8,100,12.0,6.763342000960955,0.0,0.0,0.0,1.0,1.0,0.0
9,100,11.766652774272965,11.643342108771275,0.0,1.0,0.0,1.0,0.0,1.0
10,100,1.009098199438702,3.0299142739415776,0.0,1.0,0.0,0.0,0.0,0.0
11,100,10.472407546087451,11.951897446174703,0.0,0.0,1.0,0.0,0.0,0.0
12,100,0.0838797671701199,8.112270766204706,0.0,0.0,0.0,1.0,1.0,0.0
13,100,5.872013830712282,7.738071893378662,0.0,0.0,0.0,1.0,1.0,0.0
14,100,4.384525456242899,2.720875468053032,1.0,0.0,0.0,0.0,1.0,1.0
15,100,12.0,3.608807339675701,1.0,1.0,1.0,1.0,1.0,0.0
16,100,2.151415017200488,0.5496937718443071,1.0,0.0,0.0,1.0,0.0,1.0
17,100,12.0,5.519131838745601,0.0,1.0,1.0,0.0,0.0,0.0
18,100,11.870979456395167,0.0,0.0,1.0,0.0,0.0,0.0,0.0
19,100,11.993203267788685,11.396279852743126,0.0,0.0,1.0,0.0,0.0,0.0
20,100,1.2085660779488834,12.0,0.0,1.0,1.0,0.0,1.0,1.0
21,100,5.455209058150707,11.833545161292124,0.0,1.0,1.0,1.0,0.0,0.0
22,100,3.276699340476426,4.092381558827085,0.0,1.0,0.0,1.0,1.0,0.0
23,100,2.056450010704688,11.385644875927577,1.0,0.0,0.0,0.0,1.0,0.0
24,100,0.3644515219237543,4.805887269212234,0.0,1.0,0.0,1.0,0.0,0.0
25,100,3.8117888846221417,4.885977456561803,1.0,1.0,0.0,1.0,1.0,1.0
26,100,1.2280463345332897,3.145955111395432,0.0,0.0,1.0,1.0,0.0,1.0
27,100,10.681185809640974,8.64855896548512,0.0,0.0,1.0,0.0,0.0,0.0
28,100,0.0,9.574039978718105,1.0,0.0,1.0,0.0,0.0,0.0
29,100,0.0964520424475205,3.045184704367405,1.0,1.0,0.0,0.0,1.0,0.0
30,100,12.0,0.9633410084102704,1.0,0.0,0.0,1.0,0.0,0.0
31,100,2.947970876142256,6.19734847466623,1.0,0.0,1.0,0.0,0.0,0.0
32,100,7.796771287777061,1.755459012453208,0.0,0.0,0.0,0.0,0.0,0.0
33,100,10.015336595257349,2.9296187475969715,1.0,1.0,1.0,0.0,0.0,0.0
34,100,7.150139798169556,7.663786759232376,0.0,1.0,0.0,0.0,0.0,1.0
35,100,8.341341214066883,10.606944200565328,1.0,0.0,0.0,0.0,0.0,0.0
36,100,11.178427692171704,3.0953103702979723,1.0,1.0,0.0,0.0,1.0,1.0
37,100,5.838905453415233,8.095176732838208,0.0,0.0,1.0,0.0,0.0,0.0
38,100,6.511744472800968,7.25391722153955,0.0,0.0,0.0,1.0,1.0,0.0
39,100,1.5261299393859558,3.297483313266664,1.0,0.0,0.0,1.0,1.0,0.0
0,105,5.66342178229645,7.212318637236459,0.0,1.0,0.0,1.0,0.0,0.0
1,105,8.683791491464103,8.120109631444038,1.0,0.0,1.0,1.0,0.0,1.0
2,105,12.0,3.442660531745064,0.0,0.0,1.0,1.0,0.0,0.0
3,105,9.233306473790453,6.611342834673869,1.0,0.0,1.0,1.0,0.0,1.0
4,105,10.724429201086126,3.181477961861164,1.0,1.0,0.0,1.0,0.0,0.0
5,105,5.390583558058106,11.497026506950052,0.0,0.0,0.0,0.0,1.0,1.0
6,105,10.056050125359867,6.026377124313206,0.0,1.0,1.0,0.0,0.0,1.0
7,105,6.384189028605091,4.319144919221631,0.0,0.0,1.0,0.0,1.0,1.0
8,105,12.0,6.7583165492124415,0.0,0.0,0.0,1.0,1.0,0.0
9,105,11.714965635247411,11.563246521308011,0.0,1.0,0.0,1.0,0.0,1.0
10,105,1.0142605888836054,3.0479053553641946,0.0,1.0,0.0,0.0,0.0,0.0
11,105,10.485070458741754,11.945345578075184,0.0,0.0,1.0,0.0,0.0,0.0
12,105,0.137802159371225,8.10864707132068,0.0,0.0,0.0,1.0,1.0,0.0
13,105,6.06828678292513,7.829406973173606,0.0,0.0,0.0,1.0,1.0,0.0
14,105,4.367450822659185,2.6839406718738035,1.0,0.0,0.0,0.0,1.0,1.0
15,105,12.0,3.6033054860146474,1.0,1.0,1.0,1.0,1.0,0.0
16,105,2.2454990508019907,0.5860717190933935,1.0,0.0,0.0,1.0,0.0,1.0
17,105,12.0,5.500531173007351,0.0,1.0,1.0,0.0,0.0,0.0
18,105,11.860340088825051,0.0,0.0,1.0,0.0,0.0,0.0,0.0
19,105,12.0,11.389867979119115,0.0,0.0,1.0,0.0,0.0,0.0
20,105,1.225541979281991,12.0,0.0,1.0,1.0,0.0,1.0,1.0
21,105,5.417376949279189,11.882685035300945,0.0,1.0,1.0,1.0,0.0,0.0
22,105,3.261013117012926,4.067688231001208,0.0,1.0,0.0,1.0,1.0,0.0
23,105,2.05922418725838,11.42653337607314,1.0,0.0,0.0,0.0,1.0,0.0
24,105,0.4430823972314428,4.675432653809723,0.0,1.0,0.0,1.0,0.0,0.0
25,105,3.79308777855274,4.96778488190303,1.0,1.0,0.0,1.0,1.0,1.0
26,105,1.227429450397484,3.145538033841236,0.0,0.0,1.0,1.0,0.0,1.0
27,105,10.65999454182103,8.57847698236475,0.0,0.0,1.0,0.0,0.0,0.0
28,105,0.0,9.622395213428144,1.0,0.0,1.0,0.0,0.0,0.0
29,105,0.1449584456834255,3.0658376222331407,1.0,1.0,0.0,0.0,1.0,0.0
30,105,12.0,0.9624932987783444,1.0,0.0,0.0,1.0,0.0,0.0
31,105,2.9397530637793947,6.228553667482514,1.0,0.0,1.0,0.0,0.0,0.0
32,105,7.822093002250235,1.7197153986056255,0.0,0.0,0.0,0.0,0.0,0.0
33,105,10.036970045644892,2.9277096084035685,1.0,1.0,1.0,0.0,0.0,0.0
34,105,7.117857391415038,7.652122672654119,0.0,1.0,0.0,0.0,0.0,1.0
35,105,8.34787834643589,10.59896644361437,1.0,0.0,0.0,0.0,0.0,0.0
36,105,11.15792349269632,3.0860297126983807,1.0,1.0,0.0,0.0,1.0,1.0
37,105,5.846514672039372,8.090563948781424,0.0,0.0,1.0,0.0,0.0,0.0
38,105,6.520006338430981,7.249152264764887,0.0,0.0,0.0,1.0,1.0,0.0
39,105,1.4598954279640668,3.350227323667605,1.0,0.0,0.0,1.0,1.0,0.0
0,110,5.641792424443033,7.229499064930141,0.0,1.0,0.0,1.0,0.0,0.0
1,110,8.628101444112767,8.103043691181762,1.0,0.0,1.0,1.0,0.0,1.0
2,110,12.0,3.376678520511899,0.0,0.0,1.0,1.0,0.0,0.0
3,110,9.253613542664567,6.504641502552165,1.0,0.0,1.0,1.0,0.0,1.0
4,110,10.756507118660362,3.1906702652434933,1.0,1.0,0.0,1.0,0.0,0.0
5,110,5.362001930058989,11.646664836382284,0.0,0.0,0.0,0.0,1.0,1.0
6,110,10.113808537258624,6.093323687475174,0.0,1.0,1.0,0.0,0.0,1.0
7,110,6.540988067080604,4.1988830661285474,0.0,0.0,1.0,0.0,1.0,1.0
8,110,12.0,6.752248060161637,0.0,0.0,0.0,1.0,1.0,0.0
9,110,11.663605516089422,11.481582272467683,0.0,1.0,0.0,1.0,0.0,1.0
10,110,1.0168139314664295,3.056400726581042,0.0,1.0,0.0,0.0,0.0,0.0
11,110,10.484866460439664,11.945447470000367,0.0,0.0,1.0,0.0,0.0,0.0
12,110,0.181863368499337,8.106456454310733,0.0,0.0,0.0,1.0,1.0,0.0
13,110,6.267765251942827,7.927818983286128,0.0,0.0,0.0,1.0,1.0,0.0
14,110,4.35291573860342,2.6540470846704403,1.0,0.0,0.0,0.0,1.0,1.0
15,110,12.0,3.5787758425857565,1.0,1.0,1.0,1.0,1.0,0.0
16,110,2.331471429586004,0.6207191894357442,1.0,0.0,0.0,1.0,0.0,1.0
17,110,12.0,5.479438381330165,0.0,1.0,1.0,0.0,0.0,0.0
18,110,11.848164915720773,0.0,0.0,1.0,0.0,0.0,0.0,0.0
19,110,12.0,11.389016010521228,0.0,0.0,1.0,0.0,0.0,0.0
20,110,1.2367171490394433,12.0,0.0,1.0,1.0,0.0,1.0,1.0
21,110,5.394647350272378,11.91218848199678,0.0,1.0,1.0,1.0,0.0,0.0
22,110,3.2490071434761485,4.048777423673258,0.0,1.0,0.0,1.0,1.0,0.0
23,110,2.065753350176455,11.489373106412351,1.0,0.0,0.0,0.0,1.0,0.0
24,110,0.5153263273508155,4.551929295546587,0.0,1.0,0.0,1.0,0.0,0.0
25,110,3.776555639708505,5.046618664343823,1.0,1.0,0.0,1.0,1.0,1.0
26,110,1.2285387736886604,3.14628965653323,0.0,0.0,1.0,1.0,0.0,1.0
27,110,10.637357824824296,8.506545349446103,0.0,0.0,1.0,0.0,0.0,0.0
28,110,0.0,9.6808037442412,1.0,0.0,1.0,0.0,0.0,0.0
29,110,0.191003974053016,3.0859673166187647,1.0,1.0,0.0,0.0,1.0,0.0
30,110,12.0,0.9629640665656032,1.0,0.0,0.0,1.0,0.0,0.0
31,110,2.9303170562965355,6.267934999541752,1.0,0.0,1.0,0.0,0.0,0.0
32,110,7.836653289704794,1.7002109257486235,0.0,0.0,0.0,0.0,0.0,0.0
33,110,10.031311538595824,2.928045435820403,1.0,1.0,1.0,0.0,0.0,0.0
34,110,7.077308798009112,7.638107150878637,0.0,1.0,0.0,0.0,0.0,1.0
35,110,8.363847554418303,10.579005481360824,1.0,0.0,0.0,0.0,0.0,0.0
36,110,11.128491381011491,3.072286552557121,1.0,1.0,0.0,0.0,1.0,1.0
37,110,5.834928101154185,8.097557381541503,0.0,0.0,1.0,0.0,0.0,0.0
38,110,6.530870053545125,7.243209958799706,0.0,0.0,0.0,1.0,1.0,0.0
39,110,1.382018989808547,3.4152274036210164,1.0,0.0,0.0,1.0,1.0,0.0
0,115,5.633135288221385,7.235901351625335,0.0,1.0,0.0,1.0,0.0,0.0
1,115,8.579947550192626,8.08734763487858,1.0,0.0,1.0,1.0,0.0,1.0
2,115,12.0,3.315374149875104,0.0,0.0,1.0,1.0,0.0,0.0
3,115,9.274678103077395,6.400276470437902,1.0,0.0,1.0,1.0,0.0,1.0
4,115,10.768865489828064,3.194047857861329,1.0,1.0,0.0,1.0,0.0,0.0
5,115,5.341030104183589,11.781870858128936,0.0,0.0,0.0,0.0,1.0,1.0
6,115,10.162566306259638,6.151130185815829,0.0,1.0,1.0,0.0,0.0,1.0
7,115,6.692544159415175,4.079048514898168,0.0,0.0,1.0,0.0,1.0,1.0
8,115,12.0,6.742269713102682,0.0,0.0,0.0,1.0,1.0,0.0
9,115,11.602900391997933,11.378068118114255,0.0,1.0,0.0,1.0,0.0,1.0
10,115,1.0149407965550068,3.049722899679969,0.0,1.0,0.0,0.0,0.0,0.0
11,115,10.4793477268453,11.94820845867472,0.0,0.0,1.0,0.0,0.0,0.0
12,115,0.2358967644964865,8.103644481466617,0.0,0.0,0.0,1.0,1.0,0.0
13,115,6.467464922590801,8.032821362452175,0.0,0.0,0.0,1.0,1.0,0.0
14,115,4.338507339553462,2.623691935465656,1.0,0.0,0.0,0.0,1.0,1.0
15,115,12.0,3.5963390447130634,1.0,1.0,1.0,1.0,1.0,0.0
16,115,2.439464455727418,0.6636961263157982,1.0,0.0,0.0,1.0,0.0,1.0
17,115,12.0,5.456190315033745,0.0,1.0,1.0,0.0,0.0,0.0
18,115,11.83714777098227,0.0,0.0,1.0,0.0,0.0,0.0,0.0
19,115,11.9975474862595,11.391245369202936,0.0,0.0,1.0,0.0,0.0,0.0
20,115,1.2482413168325477,12.0,0.0,1.0,1.0,0.0,1.0,1.0
21,115,5.369626658212574,11.943815359187262,0.0,1.0,1.0,1.0,0.0,0.0
22,115,3.229730355406581,4.018031345056047,0.0,1.0,0.0,1.0,1.0,0.0
23,115,2.070679794359876,11.552669001054904,1.0,0.0,0.0,0.0,1.0,0.0
24,115,0.5775935714335346,4.449590550088251,0.0,1.0,0.0,1.0,0.0,0.0
25,115,3.760538180316253,5.13719478784607,1.0,1.0,0.0,1.0,1.0,1.0
26,115,1.2333382953752543,3.149485109810098,0.0,0.0,1.0,1.0,0.0,1.0
27,115,10.610017697467311,8.419624407878663,0.0,0.0,1.0,0.0,0.0,0.0
28,115,0.0,9.745442630635246,1.0,0.0,1.0,0.0,0.0,0.0
29,115,0.24002196393492,3.107030609127947,1.0,1.0,0.0,0.0,1.0,0.0
30,115,12.0,0.9086209970056318,1.0,0.0,0.0,1.0,0.0,0.0
31,115,2.9174736022059906,6.323275580207736,1.0,0.0,1.0,0.0,0.0,0.0
32,115,7.842164802351728,1.6925678512426774,0.0,0.0,0.0,0.0,0.0,0.0
33,115,10.02973304953314,2.928142610926244,1.0,1.0,1.0,0.0,0.0,0.0
34,115,7.026502523802156,7.62020711644316,0.0,1.0,0.0,0.0,0.0,1.0
35,115,8.367504204534777,10.574062473446723,1.0,0.0,0.0,0.0,0.0,0.0
36,115,11.088034264028632,3.055435881630204,1.0,1.0,0.0,0.0,1.0,1.0
37,115,5.818212786032103,8.107725675811187,0.0,0.0,1.0,0.0,0.0,0.0
38,115,6.545465134249397,7.235481267647512,0.0,0.0,0.0,1.0,1.0,0.0
39,115,1.2981968404469053,3.4895825158955494,1.0,0.0,0.0,1.0,1.0,0.0
0,120,5.610229555266223,7.252991326316092,0.0,1.0,0.0,1.0,0.0,0.0
1,120,8.517096550936182,8.06587603183383,1.0,0.0,1.0,1.0,0.0,1.0
2,120,12.0,3.2476718435226823,0.0,0.0,1.0,1.0,0.0,0.0
3,120,9.299261394702247,6.278987290419932,1.0,0.0,1.0,1.0,0.0,1.0
4,120,10.787322129854116,3.198288385555491,1.0,1.0,0.0,1.0,0.0,0.0
5,120,5.318998768662508,11.907287975120752,0.0,0.0,0.0,0.0,1.0,1.0
6,120,10.1931817817082,6.188575225402864,0.0,1.0,1.0,0.0,0.0,1.0
7,120,6.851237383931709,3.952297503154357,0.0,0.0,1.0,0.0,1.0,1.0
8,120,12.0,6.729617516616836,0.0,0.0,0.0,1.0,1.0,0.0
9,120,11.530425474290222,11.2570292100064,0.0,1.0,0.0,1.0,0.0,1.0
10,120,1.01384262179268,3.045873559970736,0.0,1.0,0.0,0.0,0.0,0.0
11,120,10.458537330174174,11.958570221086047,0.0,0.0,1.0,0.0,0.0,0.0
12,120,0.2783885234020717,8.102146392379574,0.0,0.0,0.0,1.0,1.0,0.0
13,120,6.683211935125885,8.146181885721717,0.0,0.0,0.0,1.0,1.0,0.0
14,120,4.322111404997895,2.591120695114663,1.0,0.0,0.0,0.0,1.0,1.0
15,120,12.0,3.6179280334326727,1.0,1.0,1.0,1.0,1.0,0.0
16,120,2.5430612661182725,0.7072036244635438,1.0,0.0,0.0,1.0,0.0,1.0
17,120,12.0,5.426549621348909,0.0,1.0,1.0,0.0,0.0,0.0
18,120,11.828246650236936,0.0,0.0,1.0,0.0,0.0,0.0,0.0
19,120,11.990962565225749,11.39730080248,0.0,0.0,1.0,0.0,0.0,0.0
20,120,1.259026295326262,12.0,0.0,1.0,1.0,0.0,1.0,1.0
21,120,5.332872630413257,11.989942081282985,0.0,1.0,1.0,1.0,0.0,0.0
22,120,3.205656570591198,3.9783264244647816,0.0,1.0,0.0,1.0,1.0,0.0
23,120,2.074130823409964,11.62635943265509,1.0,0.0,0.0,0.0,1.0,0.0
24,120,0.6444746448665821,4.337382136581479,0.0,1.0,0.0,1.0,0.0,0.0
25,120,3.7469328305494742,5.214174647064864,1.0,1.0,0.0,1.0,1.0,1.0
26,120,1.231152863803654,3.1480171133578825,0.0,0.0,1.0,1.0,0.0,1.0
27,120,10.587184372387494,8.3436271266825,0.0,0.0,1.0,0.0,0.0,0.0
28,120,0.0,9.81880286131114,1.0,0.0,1.0,0.0,0.0,0.0
29,120,0.2921321967373462,3.13106005658104,1.0,1.0,0.0,0.0,1.0,0.0
30,120,12.0,0.8656283374115284,1.0,0.0,0.0,1.0,0.0,0.0
31,120,2.902275608534079,6.3898509375337085,1.0,0.0,1.0,0.0,0.0,0.0
32,120,7.841654556639713,1.693282290746066,0.0,0.0,0.0,0.0,0.0,0.0
33,120,10.038447650394886,2.927909778699407,1.0,1.0,1.0,0.0,0.0,0.0
34,120,7.0452825769311165,7.567498921154508,0.0,1.0,0.0,0.0,0.0,1.0
35,120,8.370813446948368,10.569598505092909,1.0,0.0,0.0,0.0,0.0,0.0
36,120,11.0647961629593,3.045369574975688,1.0,1.0,0.0,0.0,1.0,1.0
37,120,5.784819218899107,8.128359281573111,0.0,0.0,1.0,0.0,0.0,0.0
38,120,6.567385264347966,7.22468022613635,0.0,0.0,0.0,1.0,1.0,0.0
39,120,1.2230583103819783,3.5573277057654225,1.0,0.0,0.0,1.0,1.0,0.0
0,125,5.579032173746447,7.276496277529536,0.0,1.0,0.0,1.0,0.0,0.0
1,125,8.46116699734109,8.046520753514544,1.0,0.0,1.0,1.0,0.0,1.0
2,125,12.0,3.1757382931513343,0.0,0.0,1.0,1.0,0.0,0.0
3,125,9.325054318746286,6.160697534138641,1.0,0.0,1.0,1.0,0.0,1.0
4,125,10.804501340770155,3.202194739665802,1.0,1.0,0.0,1.0,0.0,0.0
5,125,5.300188158505266,12.0,0.0,0.0,0.0,0.0,1.0,1.0
6,125,10.220007936093404,6.221374972746161,0.0,1.0,1.0,0.0,0.0,1.0
7,125,6.998816602974068,3.833880131883197,0.0,0.0,1.0,0.0,1.0,1.0
8,125,12.0,6.716621351615299,0.0,0.0,0.0,1.0,1.0,0.0
9,125,11.457156809113629,11.138472125300549,0.0,1.0,0.0,1.0,0.0,1.0
10,125,1.0100094597599805,3.03114256970531,0.0,1.0,0.0,0.0,0.0,0.0
11,125,10.444023836362938,11.965266353426667,0.0,0.0,1.0,0.0,0.0,0.0
12,125,0.316170960441931,8.100186554686502,0.0,0.0,0.0,1.0,1.0,0.0
13,125,6.886227491857516,8.258218414451866,0.0,0.0,0.0,1.0,1.0,0.0
14,125,4.3071984909350505,2.558371222707312,1.0,0.0,0.0,0.0,1.0,1.0
15,125,12.0,3.639712187483519,1.0,1.0,1.0,1.0,1.0,0.0
16,125,2.632681744032942,0.7461108007410577,1.0,0.0,0.0,1.0,0.0,1.0
17,125,12.0,5.40076768780216,0.0,1.0,1.0,0.0,0.0,0.0
18,125,11.821239316404093,0.0,0.0,1.0,0.0,0.0,0.0,0.0
19,125,11.990791957379043,11.397460838841702,0.0,0.0,1.0,0.0,0.0,0.0
20,125,1.2689202392602004,12.0,0.0,1.0,1.0,0.0,1.0,1.0
21,125,5.300679796377605,12.0,0.0,1.0,1.0,1.0,0.0,0.0
22,125,3.192752899945123,3.956991118880856,0.0,1.0,0.0,1.0,1.0,0.0
23,125,2.076842489112264,11.690068803088913,1.0,0.0,0.0,0.0,1.0,0.0
24,125,0.7253178017587286,4.201594212025626,0.0,1.0,0.0,1.0,0.0,0.0
25,125,3.73227861116444,5.309897792725311,1.0,1.0,0.0,1.0,1.0,1.0
26,125,1.2485855709627929,3.1598166855396075,0.0,0.0,1.0,1.0,0.0,1.0
27,125,10.557088350058022,8.250066069978374,0.0,0.0,1.0,0.0,0.0,0.0
28,125,0.0,9.89399395002224,1.0,0.0,1.0,0.0,0.0,0.0
29,125,0.3235267660373109,3.145912127645696,1.0,1.0,0.0,0.0,1.0,0.0
30,125,12.0,0.8353926806961794,1.0,0.0,0.0,1.0,0.0,0.0
31,125,2.883200222935191,6.463789017235292,1.0,0.0,1.0,0.0,0.0,0.0
32,125,7.848146548092919,1.6839739842565855,0.0,0.0,0.0,0.0,0.0,0.0
33,125,10.03906196040559,2.938298079391142,1.0,1.0,1.0,0.0,0.0,0.0
34,125,7.059563266829829,7.526941618881208,0.0,1.0,0.0,0.0,0.0,1.0
35,125,8.376378286621161,10.561960280036296,1.0,0.0,0.0,0.0,0.0,0.0
36,125,11.049646161763183,3.038974772959447,1.0,1.0,0.0,0.0,1.0,1.0
37,125,5.754214438042887,8.147836515887983,0.0,0.0,1.0,0.0,0.0,0.0
38,125,6.581438616781042,7.217846578441323,0.0,0.0,0.0,1.0,1.0,0.0
39,125,1.144083878078582,3.6274012224652687,1.0,0.0,0.0,1.0,1.0,0.0
0,130,5.5434722094087565,7.30467812620978,0.0,1.0,0.0,1.0,0.0,0.0
1,130,8.392896867609059,8.025109358297112,1.0,0.0,1.0,1.0,0.0,1.0
2,130,12.0,3.101435509546913,0.0,0.0,1.0,1.0,0.0,0.0
3,130,9.351016899248911,6.048317460069975,1.0,0.0,1.0,1.0,0.0,1.0
4,130,10.80662229754432,3.2026615466743564,1.0,1.0,0.0,1.0,0.0,0.0
5,130,5.277660859213146,12.0,0.0,0.0,0.0,0.0,1.0,1.0
6,130,10.248052021135564,6.254827478744192,0.0,1.0,1.0,0.0,0.0,1.0
7,130,7.127788839829793,3.991446197398382,0.0,0.0,1.0,0.0,1.0,1.0
8,130,12.0,6.705070128993228,0.0,0.0,0.0,1.0,1.0,0.0
9,130,11.593169313962598,11.058519272700138,0.0,1.0,0.0,1.0,0.0,1.0
10,130,1.0076116328008249,3.0227715040780274,0.0,1.0,0.0,0.0,0.0,0.0
11,130,10.432177848413453,11.97053636005059,0.0,0.0,1.0,0.0,0.0,0.0
12,130,0.3400675931358304,8.09881524120419,0.0,0.0,0.0,1.0,1.0,0.0
13,130,7.092842864422957,8.375313869911457,0.0,0.0,0.0,1.0,1.0,0.0
14,130,4.295239202177408,2.532825992513358,1.0,0.0,0.0,0.0,1.0,1.0
15,130,12.0,3.66536027257146,1.0,1.0,1.0,1.0,1.0,0.0
16,130,2.726881320109288,0.7868750436272393,1.0,0.0,0.0,1.0,0.0,1.0
17,130,12.0,5.375455415286248,0.0,1.0,1.0,0.0,0.0,0.0
18,130,11.812181034565334,0.0,0.0,1.0,0.0,0.0,0.0,0.0
19,130,11.994170372696598,11.394483962950307,0.0,0.0,1.0,0.0,0.0,0.0
20,130,1.2770492827732547,12.0,0.0,1.0,1.0,0.0,1.0,1.0
21,130,5.270190473288526,12.0,0.0,1.0,1.0,1.0,0.0,0.0
22,130,3.1787615243454312,3.933418369874431,0.0,1.0,0.0,1.0,1.0,0.0
23,130,2.079453645807274,11.744499502012053,1.0,0.0,0.0,0.0,1.0,0.0
24,130,0.8008554071171351,4.067841222825602,0.0,1.0,0.0,1.0,0.0,0.0
25,130,3.717130715253641,5.416290177547204,1.0,1.0,0.0,1.0,1.0,1.0
26,130,1.2591753602832494,3.1669660028369417,0.0,0.0,1.0,1.0,0.0,1.0
27,130,10.51760484921816,8.138062919095882,0.0,0.0,1.0,0.0,0.0,0.0
28,130,0.0,9.980805949788778,1.0,0.0,1.0,0.0,0.0,0.0
29,130,0.3574826607200529,3.1630652386262064,1.0,1.0,0.0,0.0,1.0,0.0
30,130,12.0,0.8053102256036297,1.0,0.0,0.0,1.0,0.0,0.0
31,130,2.85818509946166,6.552407905782064,1.0,0.0,1.0,0.0,0.0,0.0
32,130,7.847552981991234,1.6847821808947585,0.0,0.0,0.0,0.0,0.0,0.0
33,130,10.039277963292704,2.9446258798516984,1.0,1.0,1.0,0.0,0.0,0.0
34,130,7.075747132180447,7.47824325811201,0.0,1.0,0.0,0.0,0.0,1.0
35,130,8.387994797880406,10.545646346174555,1.0,0.0,0.0,0.0,0.0,0.0
36,130,11.025887220989608,3.028547723823517,1.0,1.0,0.0,0.0,1.0,1.0
37,130,5.730555059673577,8.163126973407007,0.0,0.0,1.0,0.0,0.0,0.0
38,130,6.577448825519037,7.220096592704371,0.0,0.0,0.0,1.0,1.0,0.0
39,130,1.0579635874587805,3.701103817401032,1.0,0.0,0.0,1.0,1.0,0.0
0,135,5.508143156689711,7.332951520575381,0.0,1.0,0.0,1.0,0.0,0.0
1,135,8.320412491647057,8.003459129944138,1.0,0.0,1.0,1.0,0.0,1.0
2,135,12.0,3.03253920406385,0.0,0.0,1.0,1.0,0.0,0.0
3,135,9.37652504622408,5.931581099261254,1.0,0.0,1.0,1.0,0.0,1.0
4,135,10.806767162027327,3.2026925472061576,1.0,1.0,0.0,1.0,0.0,0.0
5,135,5.251802257208332,12.0,0.0,0.0,0.0,0.0,1.0,1.0
6,135,10.269984657473447,6.28149095515514,0.0,1.0,1.0,0.0,0.0,1.0
7,135,7.256609798758722,4.151252352207759,0.0,0.0,1.0,0.0,1.0,1.0
8,135,12.0,6.69625431007806,0.0,0.0,0.0,1.0,1.0,0.0
9,135,11.5051745309242,10.921840312870104,0.0,1.0,0.0,1.0,0.0,1.0
10,135,1.0035922839499136,3.008665976860242,0.0,1.0,0.0,0.0,0.0,0.0
11,135,10.43288717671406,11.970221259969485,0.0,0.0,1.0,0.0,0.0,0.0
12,135,0.3535448604373153,8.097932722487718,0.0,0.0,0.0,1.0,1.0,0.0
13,135,7.287622909553709,8.488743113366855,0.0,0.0,0.0,1.0,1.0,0.0
14,135,4.26893529247466,2.478326483135176,1.0,0.0,0.0,0.0,1.0,1.0
15,135,12.0,3.6916442650018784,1.0,1.0,1.0,1.0,1.0,0.0
16,135,2.804391475450635,0.8178611429814947,1.0,0.0,0.0,1.0,0.0,1.0
17,135,12.0,5.351269755145887,0.0,1.0,1.0,0.0,0.0,0.0
18,135,11.800157672290135,0.0,0.0,1.0,0.0,0.0,0.0,0.0
19,135,12.0,11.383315085708032,0.0,0.0,1.0,0.0,0.0,0.0
20,135,1.2966013152854488,12.0,0.0,1.0,1.0,0.0,1.0,1.0
21,135,5.229636348183112,12.0,0.0,1.0,1.0,1.0,0.0,0.0
22,135,3.181880713140836,3.938692605706008,0.0,1.0,0.0,1.0,1.0,0.0
23,135,2.08143107538743,11.799488118624282,1.0,0.0,0.0,0.0,1.0,0.0
24,135,0.8764463230351559,3.928590361708249,0.0,1.0,0.0,1.0,0.0,0.0
25,135,3.703393071138557,5.525023430264513,1.0,1.0,0.0,1.0,1.0,1.0
26,135,1.266399252349976,3.1718539135370105,0.0,0.0,1.0,1.0,0.0,1.0
27,135,10.479223545512596,8.034280561227144,0.0,0.0,1.0,0.0,0.0,0.0
28,135,0.0,10.077802264365683,1.0,0.0,1.0,0.0,0.0,0.0
29,135,0.392386839728796,3.180329103760165,1.0,1.0,0.0,0.0,1.0,0.0
30,135,12.0,0.7772754718947165,1.0,0.0,0.0,1.0,0.0,0.0
31,135,2.8287105036338125,6.659658991199843,1.0,0.0,1.0,0.0,0.0,0.0
32,135,7.8403973514137375,1.6948270764879916,0.0,0.0,0.0,0.0,0.0,0.0
33,135,10.03903293925406,2.9308856041625675,1.0,1.0,1.0,0.0,0.0,0.0
34,135,7.096112871769654,7.424239632719088,0.0,1.0,0.0,0.0,0.0,1.0
35,135,8.404639678428094,10.52190573831536,1.0,0.0,0.0,0.0,0.0,0.0
36,135,10.991643394620898,3.013150547245658,1.0,1.0,0.0,0.0,1.0,1.0
37,135,5.716589700604445,8.172724397376932,0.0,0.0,1.0,0.0,0.0,0.0
38,135,6.576023344660547,7.220958030944541,0.0,0.0,0.0,1.0,1.0,0.0
39,135,0.9700374979281068,3.7768947857970256,1.0,0.0,0.0,1.0,1.0,0.0
0,140,5.474235959453247,7.3614685602096674,0.0,1.0,0.0,1.0,0.0,0.0
1,140,8.2754923346462,7.990617183706763,1.0,0.0,1.0,1.0,0.0,1.0
2,140,12.0,2.9565382009867363,0.0,0.0,1.0,1.0,0.0,0.0
3,140,9.401902671098426,5.813269249275358,1.0,0.0,1.0,1.0,0.0,1.0
4,140,10.798010031740509,3.200860198393097,1.0,1.0,0.0,1.0,0.0,0.0
5,140,5.224862348064152,12.0,0.0,0.0,0.0,0.0,1.0,1.0
6,140,10.304084399464797,6.321542387266634,0.0,1.0,1.0,0.0,0.0,1.0
7,140,7.375895248331418,4.29731635659937,0.0,0.0,1.0,0.0,1.0,1.0
8,140,12.0,6.693155468002912,0.0,0.0,0.0,1.0,1.0,0.0
9,140,11.417493255654492,10.78472580565554,0.0,1.0,0.0,1.0,0.0,1.0
10,140,0.9933334524340502,2.974320336450785,0.0,1.0,0.0,0.0,0.0,0.0
11,140,10.428514987329413,11.972173849837214,0.0,0.0,1.0,0.0,0.0,0.0
12,140,0.3715350471859491,8.096245502906514,0.0,0.0,0.0,1.0,1.0,0.0
13,140,7.486080000935687,8.604690324189209,0.0,0.0,0.0,1.0,1.0,0.0
14,140,4.245224775518208,2.4268315435513084,1.0,0.0,0.0,0.0,1.0,1.0
15,140,12.0,3.7171703514689742,1.0,1.0,1.0,1.0,1.0,0.0
16,140,2.864801650215577,0.8409850496485123,1.0,0.0,0.0,1.0,0.0,1.0
17,140,12.0,5.32771751818496,0.0,1.0,1.0,0.0,0.0,0.0
18,140,11.791591134591217,0.0,0.0,1.0,0.0,0.0,0.0,0.0
19,140,12.0,11.358351893000556,0.0,0.0,1.0,0.0,0.0,0.0
20,140,1.314431996289526,12.0,0.0,1.0,1.0,0.0,1.0,1.0
21,140,5.198124960487448,12.0,0.0,1.0,1.0,1.0,0.0,0.0
22,140,3.1774119256669704,3.931737141524113,0.0,1.0,0.0,1.0,1.0,0.0
23,140,2.083448348279147,11.866641725628424,1.0,0.0,0.0,0.0,1.0,0.0
24,140,0.9533905268701108,3.7880677387403,0.0,1.0,0.0,1.0,0.0,0.0
25,140,3.689563380040689,5.634148799187039,1.0,1.0,0.0,1.0,1.0,1.0
26,140,1.2655059462633644,3.171240561699744,0.0,0.0,1.0,1.0,0.0,1.0
27,140,10.44436083068951,7.943675130981114,0.0,0.0,1.0,0.0,0.0,0.0
28,140,0.0,10.166851718334629,1.0,0.0,1.0,0.0,0.0,0.0
29,140,0.4286322103258165,3.1985652884669538,1.0,1.0,0.0,0.0,1.0,0.0
30,140,12.0,0.7609609781521747,1.0,0.0,0.0,1.0,0.0,0.0
31,140,2.7977279792421723,6.782282008596399,1.0,0.0,1.0,0.0,0.0,0.0
32,140,7.833563959071916,1.7043786585908094,0.0,0.0,0.0,0.0,0.0,0.0
33,140,10.039035580303784,2.9309667502271486,1.0,1.0,1.0,0.0,0.0,0.0
34,140,7.117831547964637,7.363607530910734,0.0,1.0,0.0,0.0,0.0,1.0
35,140,8.422092685724838,10.499290983335692,1.0,0.0,0.0,0.0,0.0,0.0
36,140,10.966452257145171,3.0020758298946157,1.0,1.0,0.0,0.0,1.0,1.0
37,140,5.69830403647812,8.184633526494974,0.0,0.0,1.0,0.0,0.0,0.0
38,140,6.561751091627792,7.230217963279824,0.0,0.0,0.0,1.0,1.0,0.0
39,140,0.8966959935086898,3.840292813496643,1.0,0.0,0.0,1.0,1.0,0.0
0,145,5.440551851501123,7.389947455020613,0.0,1.0,0.0,1.0,0.0,0.0
1,145,8.215540943568277,7.972555401901203,1.0,0.0,1.0,1.0,0.0,1.0
2,145,12.0,2.8753753712029364,0.0,0.0,1.0,1.0,0.0,0.0
3,145,9.432995832432423,5.676368900960377,1.0,0.0,1.0,1.0,0.0,1.0
4,145,10.785651664500673,3.1981933446918727,1.0,1.0,0.0,1.0,0.0,0.0
5,145,5.194983851556248,12.0,0.0,0.0,0.0,0.0,1.0,1.0
6,145,10.33193947559902,6.353878652069446,0.0,1.0,1.0,0.0,0.0,1.0
7,145,7.502073853418531,4.456011320303393,0.0,0.0,1.0,0.0,1.0,1.0
8,145,12.0,6.690355226990912,0.0,0.0,0.0,1.0,1.0,0.0
9,145,11.320239778072878,10.632056071571482,0.0,1.0,0.0,1.0,0.0,1.0
10,145,0.9889547704642528,2.9602550184777647,0.0,1.0,0.0,0.0,0.0,0.0
11,145,10.409052297136434,11.981626657584403,0.0,0.0,1.0,0.0,0.0,0.0
12,145,0.3846038809345403,8.094815320473844,0.0,0.0,0.0,1.0,1.0,0.0
13,145,7.672788590814614,8.7146580296115,0.0,0.0,0.0,1.0,1.0,0.0
14,145,4.225951085869291,2.386723950043525,1.0,0.0,0.0,0.0,1.0,1.0
15,145,12.0,3.733709491772687,1.0,1.0,1.0,1.0,1.0,0.0
16,145,2.9476227509102504,0.8707196574800037,1.0,0.0,0.0,1.0,0.0,1.0
17,145,12.0,5.301862102240935,0.0,1.0,1.0,0.0,0.0,0.0
18,145,11.781728915084315,0.0,0.0,1.0,0.0,0.0,0.0,0.0
19,145,12.0,11.33668848277848,0.0,0.0,1.0,0.0,0.0,0.0
20,145,1.328929245737298,12.0,0.0,1.0,1.0,0.0,1.0,1.0
21,145,5.167762227020525,12.0,0.0,1.0,1.0,1.0,0.0,0.0
22,145,3.1698773045757584,3.9198263104519127,0.0,1.0,0.0,1.0,1.0,0.0
23,145,2.085728178403342,11.947698497056152,1.0,0.0,0.0,0.0,1.0,0.0
24,145,1.0307889292262822,3.654953169709701,0.0,1.0,0.0,1.0,0.0,0.0
25,145,3.675605001497973,5.729578529899426,1.0,1.0,0.0,1.0,1.0,1.0
26,145,1.2789136389373934,3.180471642640021,0.0,0.0,1.0,1.0,0.0,1.0
27,145,10.414376546923709,7.866214661145098,0.0,0.0,1.0,0.0,0.0,0.0
28,145,0.0,10.261947568837604,1.0,0.0,1.0,0.0,0.0,0.0
29,145,0.4479259249893047,3.2077482764389966,1.0,1.0,0.0,0.0,1.0,0.0
30,145,12.0,0.7619657051825595,1.0,0.0,0.0,1.0,0.0,0.0
31,145,2.7705608051258364,6.897406823587567,1.0,0.0,1.0,0.0,0.0,0.0
32,145,7.8295973653514,1.709989982506725,0.0,0.0,0.0,0.0,0.0,0.0
33,145,10.039259297570249,2.936663907893774,1.0,1.0,1.0,0.0,0.0,0.0
34,145,7.144285604577601,7.28920704947925,0.0,1.0,0.0,0.0,0.0,1.0
35,145,8.440186721216083,10.474662432279406,1.0,0.0,0.0,0.0,0.0,0.0
36,145,10.944007026753914,2.9926060104616257,1.0,1.0,0.0,0.0,1.0,1.0
37,145,5.672202993325423,8.200754032413824,0.0,0.0,1.0,0.0,0.0,0.0
38,145,6.545838670755777,7.240513266300011,0.0,0.0,0.0,1.0,1.0,0.0
39,145,0.8157072439154491,3.9126312709601176,1.0,0.0,0.0,1.0,1.0,0.0
0,150,5.398151578931187,7.425121412941187,0.0,1.0,0.0,1.0,0.0,0.0
1,150,8.14327793850569,7.952558534260558,1.0,0.0,1.0,1.0,0.0,1.0
2,150,12.0,2.7941923532940818,0.0,0.0,1.0,1.0,0.0,0.0
3,150,9.468036887928642,5.527592250352395,1.0,0.0,1.0,1.0,0.0,1.0
4,150,10.77981312395588,3.196865944181757,1.0,1.0,0.0,1.0,0.0,0.0
5,150,5.165887822725901,12.0,0.0,0.0,0.0,0.0,1.0,1.0
6,150,10.366346535713848,6.395502365926778,0.0,1.0,1.0,0.0,0.0,1.0
7,150,7.652624189117789,4.337460305715538,0.0,0.0,1.0,0.0,1.0,1.0
8,150,12.0,6.687672130113481,0.0,0.0,0.0,1.0,1.0,0.0
9,150,11.230882376043144,10.49358348440654,0.0,1.0,0.0,1.0,0.0,1.0
10,150,0.981933496906077,2.938916457525444,0.0,1.0,0.0,0.0,0.0,0.0
11,150,10.39802048026132,11.987568370581531,0.0,0.0,1.0,0.0,0.0,0.0
12,150,0.3972703657760397,8.09370633390417,0.0,0.0,0.0,1.0,1.0,0.0
13,150,7.865514905917698,8.83501917681808,0.0,0.0,0.0,1.0,1.0,0.0
14,150,4.207670147708105,2.346152095890504,1.0,0.0,0.0,0.0,1.0,1.0
15,150,12.0,3.763297361444068,1.0,1.0,1.0,1.0,1.0,0.0
16,150,3.0079839856495183,0.892465475202071,1.0,0.0,0.0,1.0,0.0,1.0
17,150,12.0,5.277457981023609,0.0,1.0,1.0,0.0,0.0,0.0
18,150,11.77067948391016,0.0,0.0,1.0,0.0,0.0,0.0,0.0
19,150,12.0,11.323859058824704,0.0,0.0,1.0,0.0,0.0,0.0
20,150,1.3425455715405792,12.0,0.0,1.0,1.0,0.0,1.0,1.0
21,150,5.130829463580275,12.0,0.0,1.0,1.0,1.0,0.0,0.0
22,150,3.172311847330435,3.9234623446549137,0.0,1.0,0.0,1.0,1.0,0.0
23,150,2.085052180988052,12.0,1.0,0.0,0.0,0.0,1.0,0.0
24,150,1.0932321136742331,3.5460605311378424,0.0,1.0,0.0,1.0,0.0,0.0
25,150,3.6575575892763057,5.841446565643663,1.0,1.0,0.0,1.0,1.0,1.0
26,150,1.2867502636799533,3.1859589019940846,0.0,0.0,1.0,1.0,0.0,1.0
27,150,10.377834360332512,7.769445098767148,0.0,0.0,1.0,0.0,0.0,0.0
28,150,0.0,10.347126944216049,1.0,0.0,1.0,0.0,0.0,0.0
29,150,0.4746590870907681,3.220583847378652,1.0,1.0,0.0,0.0,1.0,0.0
30,150,12.0,0.7623963611752094,1.0,0.0,0.0,1.0,0.0,0.0
31,150,2.7423935316450145,7.013683344446573,1.0,0.0,1.0,0.0,0.0,0.0
32,150,7.827320365002319,1.713277093277355,0.0,0.0,0.0,0.0,0.0,0.0
33,150,10.039357053348532,2.9421352260287548,1.0,1.0,1.0,0.0,0.0,0.0
34,150,7.173761411657863,7.2058877113417825,0.0,1.0,0.0,0.0,0.0,1.0
35,150,8.460231700457548,10.445227900546586,1.0,0.0,0.0,0.0,0.0,0.0
36,150,10.918187795409873,2.982350378998306,1.0,1.0,0.0,0.0,1.0,1.0
37,150,5.637112400370014,8.222467463392425,0.0,0.0,1.0,0.0,0.0,0.0
38,150,6.508624070039409,7.266482673047558,0.0,0.0,0.0,1.0,1.0,0.0
39,150,0.7336219335107562,3.988184041128813,1.0,0.0,0.0,1.0,1.0,0.0
0,155,5.351601777600673,7.464352385174019,0.0,1.0,0.0,1.0,0.0,0.0
1,155,8.053449044642036,7.926447500204256,1.0,0.0,1.0,1.0,0.0,1.0
2,155,12.0,2.713009686487715,0.0,0.0,1.0,1.0,0.0,0.0
3,155,9.502657468393728,5.368769695115928,1.0,0.0,1.0,1.0,0.0,1.0
4,155,10.765735054742184,3.193488490507065,1.0,1.0,0.0,1.0,0.0,0.0
5,155,5.128290169677474,12.0,0.0,0.0,0.0,0.0,1.0,1.0
6,155,10.409844192164831,6.448557440994341,0.0,1.0,1.0,0.0,0.0,1.0
7,155,7.817218193948871,4.215482159161718,0.0,0.0,1.0,0.0,1.0,1.0
8,155,12.0,6.681965284809063,0.0,0.0,0.0,1.0,1.0,0.0
9,155,11.12845366369432,10.334598305374609,0.0,1.0,0.0,1.0,0.0,1.0
10,155,0.97479393388027,2.916798596527843,0.0,1.0,0.0,0.0,0.0,0.0
11,155,10.37045664951954,12.0,0.0,0.0,1.0,0.0,0.0,0.0
12,155,0.4029868766444562,8.093270262655052,0.0,0.0,0.0,1.0,1.0,0.0
13,155,8.061747039381837,8.96280182771361,0.0,0.0,0.0,1.0,1.0,0.0
14,155,4.192062500646768,2.313735663613909,1.0,0.0,0.0,0.0,1.0,1.0
15,155,12.0,3.796526917314477,1.0,1.0,1.0,1.0,1.0,0.0
16,155,3.110296349099923,0.9291115125194044,1.0,0.0,0.0,1.0,0.0,1.0
17,155,12.0,5.254019112727492,0.0,1.0,1.0,0.0,0.0,0.0
18,155,11.759589365078208,0.0,0.0,1.0,0.0,0.0,0.0,0.0
19,155,12.0,11.300498527877872,0.0,0.0,1.0,0.0,0.0,0.0
20,155,1.3510515755685226,12.0,0.0,1.0,1.0,0.0,1.0,1.0
21,155,5.091953418689873,12.0,0.0,1.0,1.0,1.0,0.0,0.0
22,155,3.181164012685473,3.936360888290131,0.0,1.0,0.0,1.0,1.0,0.0
23,155,2.0820399378151717,12.0,1.0,0.0,0.0,0.0,1.0,0.0
24,155,1.1558717509321643,3.4322829392371643,0.0,1.0,0.0,1.0,0.0,0.0
25,155,3.6394281599691385,5.944375918224402,1.0,1.0,0.0,1.0,1.0,1.0
26,155,1.2843880214040937,3.18431463385477,0.0,0.0,1.0,1.0,0.0,1.0
27,155,10.34279236632994,7.675876261280799,0.0,0.0,1.0,0.0,0.0,0.0
28,155,0.0,10.444295122385096,1.0,0.0,1.0,0.0,0.0,0.0
29,155,0.5094498239588797,3.2362747789562443,1.0,1.0,0.0,0.0,1.0,0.0
30,155,12.0,0.7625435664596161,1.0,0.0,0.0,1.0,0.0,0.0
31,155,2.6096719244988105,6.982030862077211,1.0,0.0,1.0,0.0,0.0,0.0
32,155,7.834672588242028,1.702946890988499,0.0,0.0,0.0,0.0,0.0,0.0
33,155,10.040047900148034,2.958337218485764,1.0,1.0,1.0,0.0,0.0,0.0
34,155,7.203618330376649,7.108910962900871,0.0,1.0,0.0,0.0,0.0,1.0
35,155,8.471210326018806,10.429309278944096,1.0,0.0,0.0,0.0,0.0,0.0
36,155,10.893704097386044,2.972502616914356,1.0,1.0,0.0,0.0,1.0,1.0
37,155,5.602267862959407,8.244236036549152,0.0,0.0,1.0,0.0,0.0,0.0
38,155,6.472936581621271,7.290656207783018,0.0,0.0,0.0,1.0,1.0,0.0
39,155,0.6447866768543947,4.069489062927102,1.0,0.0,0.0,1.0,1.0,0.0
0,160,5.302866307738784,7.504485209903271,0.0,1.0,0.0,1.0,0.0,0.0
1,160,7.957093862497052,7.894304857913939,1.0,0.0,1.0,1.0,0.0,1.0
2,160,12.0,2.6130860671890277,0.0,0.0,1.0,1.0,0.0,0.0
3,160,9.539905672103806,5.208744286185807,1.0,0.0,1.0,1.0,0.0,1.0
4,160,10.771659065488148,3.194859837484999,1.0,1.0,0.0,1.0,0.0,0.0
5,160,5.093530719371142,12.0,0.0,0.0,0.0,0.0,1.0,1.0
6,160,10.46339311937338,6.519037390582601,0.0,1.0,1.0,0.0,0.0,1.0
7,160,7.984109989920673,4.090226759567895,0.0,0.0,1.0,0.0,1.0,1.0
8,160,12.0,6.679099285537764,0.0,0.0,0.0,1.0,1.0,0.0
9,160,11.031819613058186,10.182824987538677,0.0,1.0,0.0,1.0,0.0,1.0
10,160,0.9581355832780828,2.8716471360880687,0.0,1.0,0.0,0.0,0.0,0.0
11,160,10.327071105077229,12.0,0.0,0.0,1.0,0.0,0.0,0.0
12,160,0.4081280960303087,8.092901428867199,0.0,0.0,0.0,1.0,1.0,0.0
13,160,8.27867062853397,9.103261516564388,0.0,0.0,0.0,1.0,1.0,0.0
14,160,4.178065109108947,2.283848895774754,1.0,0.0,0.0,0.0,1.0,1.0
15,160,12.0,3.814192039468912,1.0,1.0,1.0,1.0,1.0,0.0
16,160,3.245808128007168,0.9771981245400566,1.0,0.0,0.0,1.0,0.0,1.0
17,160,12.0,5.238002844975835,0.0,1.0,1.0,0.0,0.0,0.0
18,160,11.746898453988996,0.0,0.0,1.0,0.0,0.0,0.0,0.0
19,160,12.0,11.277781721541793,0.0,0.0,1.0,0.0,0.0,0.0
20,160,1.3637309412340062,12.0,0.0,1.0,1.0,0.0,1.0,1.0
21,160,5.048296033312758,12.0,0.0,1.0,1.0,1.0,0.0,0.0
22,160,3.180464321534605,3.9354073625875072,0.0,1.0,0.0,1.0,1.0,0.0
23,160,2.0776666023996584,12.0,1.0,0.0,0.0,0.0,1.0,0.0
24,160,1.2188779117701982,3.315388499468208,0.0,1.0,0.0,1.0,0.0,0.0
25,160,3.623071808695991,6.041055861654125,1.0,1.0,0.0,1.0,1.0,1.0
26,160,1.276281781534938,3.178633610938286,0.0,0.0,1.0,1.0,0.0,1.0
27,160,10.3070970583719,7.578032169670003,0.0,0.0,1.0,0.0,0.0,0.0
28,160,0.0,10.552078386725604,1.0,0.0,1.0,0.0,0.0,0.0
29,160,0.5577979589455442,3.2572349503197966,1.0,1.0,0.0,0.0,1.0,0.0
30,160,11.985335427315922,0.7625652074058359,1.0,0.0,0.0,1.0,0.0,0.0
31,160,2.499614513913587,6.958497881670369,1.0,0.0,1.0,0.0,0.0,0.0
32,160,7.846440841340866,1.687157432739926,0.0,0.0,0.0,0.0,0.0,0.0
33,160,10.039835381036792,2.953149114639125,1.0,1.0,1.0,0.0,0.0,0.0
34,160,7.234895637569413,7.002325751271214,0.0,1.0,0.0,0.0,0.0,1.0
35,160,8.48280007741066,10.413388413973731,1.0,0.0,0.0,0.0,0.0,0.0
36,160,10.85081128409186,2.9556721624513087,1.0,1.0,0.0,0.0,1.0,1.0
37,160,5.550252913688938,8.27605001089848,0.0,0.0,1.0,0.0,0.0,0.0
38,160,6.450514355304426,7.305642114177332,0.0,0.0,0.0,1.0,1.0,0.0
39,160,0.5686983944773567,4.142339041421961,1.0,0.0,0.0,1.0,1.0,0.0
0,165,5.267621604130782,7.534548791001633,0.0,1.0,0.0,1.0,0.0,0.0
1,165,7.86509720012029,7.86016391015557,1.0,0.0,1.0,1.0,0.0,1.0
2,165,12.0,2.488812349672281,0.0,0.0,1.0,1.0,0.0,0.0
3,165,9.569294836024016,5.078932831588447,1.0,0.0,1.0,1.0,0.0,1.0
4,165,10.772196695057232,3.1950048192166234,1.0,1.0,0.0,1.0,0.0,0.0
5,165,5.059335137390135,12.0,0.0,0.0,0.0,0.0,1.0,1.0
6,165,10.505126925574196,6.576627044408469,0.0,1.0,1.0,0.0,0.0,1.0
7,165,8.147258867152383,3.96442268898174,0.0,0.0,1.0,0.0,1.0,1.0
8,165,12.0,6.6783636583758526,0.0,0.0,0.0,1.0,1.0,0.0
9,165,10.941576866220736,10.035518366842563,0.0,1.0,0.0,1.0,0.0,1.0
10,165,0.9422538894075352,2.8300883666526526,0.0,1.0,0.0,0.0,0.0,0.0
11,165,10.276354507746907,12.0,0.0,0.0,1.0,0.0,0.0,0.0
12,165,0.4069610072062691,8.093000585954588,0.0,0.0,0.0,1.0,1.0,0.0
13,165,8.50690776597312,9.24997122866868,0.0,0.0,0.0,1.0,1.0,0.0
14,165,4.15730465312024,2.243714740618764,1.0,0.0,0.0,0.0,1.0,1.0
15,165,12.0,3.8290653355350734,1.0,1.0,1.0,1.0,1.0,0.0
16,165,3.373011612891645,1.0224130501467317,1.0,0.0,0.0,1.0,0.0,1.0
17,165,12.0,5.217415170662155,0.0,1.0,1.0,0.0,0.0,0.0
18,165,11.72954452968602,0.0,0.0,1.0,0.0,0.0,0.0,0.0
19,165,12.0,11.251567477737815,0.0,0.0,1.0,0.0,0.0,0.0
20,165,1.369925081234239,12.0,0.0,1.0,1.0,0.0,1.0,1.0
21,165,4.988583941418883,12.0,0.0,1.0,1.0,1.0,0.0,0.0
22,165,3.1805216969190573,3.935482241095323,0.0,1.0,0.0,1.0,1.0,0.0
23,165,2.070192023771548,12.0,1.0,0.0,0.0,0.0,1.0,0.0
24,165,1.2838759142698235,3.199166549537108,0.0,1.0,0.0,1.0,0.0,0.0
25,165,3.608749392041987,6.134950877290489,1.0,1.0,0.0,1.0,1.0,1.0
26,165,1.2619531959087336,3.1682449778873867,0.0,0.0,1.0,1.0,0.0,1.0
27,165,10.274062152448115,7.490510329022949,0.0,0.0,1.0,0.0,0.0,0.0
28,165,0.0,10.65997795334659,1.0,0.0,1.0,0.0,0.0,0.0
29,165,0.6036798481673463,3.278475698001824,1.0,1.0,0.0,0.0,1.0,0.0
30,165,11.97473009209906,0.7625712586129214,1.0,0.0,0.0,1.0,0.0,0.0
31,165,2.391969084563456,6.933505735247734,1.0,0.0,1.0,0.0,0.0,0.0
32,165,7.848537057068675,1.6843316046338288,0.0,0.0,0.0,0.0,0.0,0.0
33,165,10.040123080545577,2.958685946603347,1.0,1.0,1.0,0.0,0.0,0.0
34,165,7.268827379048316,6.888774875173032,0.0,1.0,0.0,0.0,0.0,1.0
35,165,8.498311634670586,10.39289656017366,1.0,0.0,0.0,0.0,0.0,0.0
36,165,10.800825526742257,2.9347847025021285,1.0,1.0,0.0,0.0,1.0,1.0
37,165,5.490279020517377,8.314049213731229,0.0,0.0,1.0,0.0,0.0,0.0
38,165,6.4403792870497725,7.312447304995445,0.0,0.0,0.0,1.0,1.0,0.0
39,165,0.4957214680179765,4.213139728872015,1.0,0.0,0.0,1.0,1.0,0.0
0,170,5.198643529804869,7.59351149423129,0.0,1.0,0.0,1.0,0.0,0.0
1,170,7.754978096695464,7.820252848208033,1.0,0.0,1.0,1.0,0.0,1.0
2,170,12.0,2.368543452114852,0.0,0.0,1.0,1.0,0.0,0.0
3,170,9.598790941680353,4.945663148688008,1.0,0.0,1.0,1.0,0.0,1.0
4,170,10.769445432004998,3.194342144313961,1.0,1.0,0.0,1.0,0.0,0.0
5,170,5.018943594018099,12.0,0.0,0.0,0.0,0.0,1.0,1.0
6,170,10.546735418106929,6.634065351060763,0.0,1.0,1.0,0.0,0.0,1.0
7,170,8.301755954597672,3.84613614377452,0.0,0.0,1.0,0.0,1.0,1.0
8,170,12.0,6.676091764908232,0.0,0.0,0.0,1.0,1.0,0.0
9,170,10.839413743048448,9.870425244131772,0.0,1.0,0.0,1.0,0.0,1.0
10,170,0.9247364871709722,2.7838169941449338,0.0,1.0,0.0,0.0,0.0,0.0
11,170,10.21642925181422,12.0,0.0,0.0,1.0,0.0,0.0,0.0
12,170,0.3990979658864929,8.093489308568751,0.0,0.0,0.0,1.0,1.0,0.0
13,170,8.736621019406286,9.396299044784843,0.0,0.0,0.0,1.0,1.0,0.0
14,170,4.136846803370333,2.204866569587673,1.0,0.0,0.0,0.0,1.0,1.0
15,170,12.0,3.840550940667493,1.0,1.0,1.0,1.0,1.0,0.0
16,170,3.4858553288466494,1.0605449006002816,1.0,0.0,0.0,1.0,0.0,1.0
17,170,12.0,5.196973039299247,0.0,1.0,1.0,0.0,0.0,0.0
18,170,11.71373485871429,0.0,0.0,1.0,0.0,0.0,0.0,0.0
19,170,12.0,11.224216879285263,0.0,0.0,1.0,0.0,0.0,0.0
20,170,1.3780030615312109,12.0,0.0,1.0,1.0,0.0,1.0,1.0
21,170,4.930738246894418,12.0,0.0,1.0,1.0,1.0,0.0,0.0
22,170,3.188759535259024,3.946167685387589,0.0,1.0,0.0,1.0,1.0,0.0
23,170,2.06585784518427,12.0,1.0,0.0,0.0,0.0,1.0,0.0
24,170,1.3484170996959055,3.084151898140198,0.0,1.0,0.0,1.0,0.0,0.0
25,170,3.592239239019844,6.233869140280353,1.0,1.0,0.0,1.0,1.0,1.0
26,170,1.2406359526711677,3.1528255389046835,0.0,0.0,1.0,1.0,0.0,1.0
27,170,10.234746576892048,7.377946564628999,0.0,0.0,1.0,0.0,0.0,0.0
28,170,0.0,10.756735630882329,1.0,0.0,1.0,0.0,0.0,0.0
29,170,0.6620852854176194,3.306491806571181,1.0,1.0,0.0,0.0,1.0,0.0
30,170,11.967531977478124,0.7623050229968192,1.0,0.0,0.0,1.0,0.0,0.0
31,170,2.273504854125548,6.905474112490017,1.0,0.0,1.0,0.0,0.0,0.0
32,170,7.84845260563701,1.6844482743262332,0.0,0.0,0.0,0.0,0.0,0.0
33,170,10.039105822881735,2.9393841575918658,1.0,1.0,1.0,0.0,0.0,0.0
34,170,7.305771491377976,6.760002138244317,0.0,1.0,0.0,0.0,0.0,1.0
35,170,8.508724598328309,10.379687188078671,1.0,0.0,0.0,0.0,0.0,0.0
36,170,10.749987323243024,2.9138069442846626,1.0,1.0,0.0,0.0,1.0,1.0
37,170,5.418484488450017,8.36299794887835,0.0,0.0,1.0,0.0,0.0,0.0
38,170,6.426072671932543,7.322120765279077,0.0,0.0,0.0,1.0,1.0,0.0
39,170,0.4275892480527851,4.279342737508085,1.0,0.0,0.0,1.0,1.0,0.0
0,175,5.140084463831775,7.645179495119138,0.0,1.0,0.0,1.0,0.0,0.0
1,175,7.710325152480021,7.949161828995508,1.0,0.0,1.0,1.0,0.0,1.0
2,175,12.0,2.2402131814148705,0.0,0.0,1.0,1.0,0.0,0.0
3,175,9.6307364761604,4.810023671750274,1.0,0.0,1.0,1.0,0.0,1.0
4,175,10.769549046448253,3.194365209393737,1.0,1.0,0.0,1.0,0.0,0.0
5,175,4.975938354913484,12.0,0.0,0.0,0.0,0.0,1.0,1.0
6,175,10.591229680923924,6.698366189379657,0.0,1.0,1.0,0.0,0.0,1.0
7,175,8.45267548763511,3.728015751616994,0.0,0.0,1.0,0.0,1.0,1.0
8,175,11.990082809126957,6.67804759738044,0.0,0.0,0.0,1.0,1.0,0.0
9,175,10.75064052807128,9.72991499114128,0.0,1.0,0.0,1.0,0.0,1.0
10,175,0.9037954782684656,2.730009491671084,0.0,1.0,0.0,0.0,0.0,0.0
11,175,10.170547710563298,12.0,0.0,0.0,1.0,0.0,0.0,0.0
12,175,0.3933774321663987,8.093767310490538,0.0,0.0,0.0,1.0,1.0,0.0
13,175,8.969438427546116,9.547830943739928,0.0,0.0,0.0,1.0,1.0,0.0
14,175,4.12675571296745,2.1860078390374187,1.0,0.0,0.0,0.0,1.0,1.0
15,175,12.0,3.849311312354323,1.0,1.0,1.0,1.0,1.0,0.0
16,175,3.5856395885766275,1.0938217496409757,1.0,0.0,0.0,1.0,0.0,1.0
17,175,12.0,5.1758722543376745,0.0,1.0,1.0,0.0,0.0,0.0
18,175,11.693327138121266,0.0,0.0,1.0,0.0,0.0,0.0,0.0
19,175,12.0,11.21099729548356,0.0,0.0,1.0,0.0,0.0,0.0
20,175,1.3835783028351407,12.0,0.0,1.0,1.0,0.0,1.0,1.0
21,175,4.868865958566093,12.0,0.0,1.0,1.0,1.0,0.0,0.0
22,175,3.192985111430572,3.951423376461937,0.0,1.0,0.0,1.0,1.0,0.0
23,175,2.061051017449789,12.0,1.0,0.0,0.0,0.0,1.0,0.0
24,175,1.4047780641761975,2.9779546112552207,0.0,1.0,0.0,1.0,0.0,0.0
25,175,3.579592524413137,6.311420587010209,1.0,1.0,0.0,1.0,1.0,1.0
26,175,1.2156590368507312,3.1346696400199985,0.0,0.0,1.0,1.0,0.0,1.0
27,175,10.20374946177442,7.290548753075699,0.0,0.0,1.0,0.0,0.0,0.0
28,175,0.0,10.869879988106716,1.0,0.0,1.0,0.0,0.0,0.0
29,175,0.7109999086115338,3.3294235971856474,1.0,1.0,0.0,0.0,1.0,0.0
30,175,11.96001279396666,0.7620023274019352,1.0,0.0,0.0,1.0,0.0,0.0
31,175,2.132008771917202,6.873910589974351,1.0,0.0,1.0,0.0,0.0,0.0
32,175,7.845045672428085,1.6890810189070573,0.0,0.0,0.0,0.0,0.0,0.0
33,175,10.039174078781269,2.940910597312532,1.0,1.0,1.0,0.0,0.0,0.0
34,175,7.345568215284031,6.616058863767294,0.0,1.0,0.0,0.0,0.0,1.0
35,175,8.525928406767703,10.356546800448251,1.0,0.0,0.0,0.0,0.0,0.0
36,175,10.713791367054084,2.8986694658991685,1.0,1.0,0.0,0.0,1.0,1.0
37,175,5.33654559409856,8.419296089749022,0.0,0.0,1.0,0.0,0.0,0.0
38,175,6.428799921472437,7.320317524906049,0.0,0.0,0.0,1.0,1.0,0.0
39,175,0.3452907853176781,4.35832010407096,1.0,0.0,0.0,1.0,1.0,0.0
0,180,5.073042871602966,7.7020593445071075,0.0,1.0,0.0,1.0,0.0,0.0
1,180,7.667452772389621,8.065697237339364,1.0,0.0,1.0,1.0,0.0,1.0
2,180,12.0,2.104357285255938,0.0,0.0,1.0,1.0,0.0,0.0
3,180,9.668103352135963,4.6645657346626965,1.0,0.0,1.0,1.0,0.0,1.0
4,180,10.755108168706116,3.1911869046064867,1.0,1.0,0.0,1.0,0.0,0.0
5,180,4.933766129411316,12.0,0.0,0.0,0.0,0.0,1.0,1.0
6,180,10.647448990387582,6.78107470067662,0.0,1.0,1.0,0.0,0.0,1.0
7,180,8.600355913657063,3.61350417923824,0.0,0.0,1.0,0.0,1.0,1.0
8,180,11.97864321511543,6.68042254703736,0.0,0.0,0.0,1.0,1.0,0.0
9,180,10.656777348355458,9.583896067329777,0.0,1.0,0.0,1.0,0.0,1.0
10,180,0.8796969358376681,2.6684478818795703,0.0,1.0,0.0,0.0,0.0,0.0
11,180,10.121701232429183,12.0,0.0,0.0,1.0,0.0,0.0,0.0
12,180,0.3908577737400918,8.093878150276803,0.0,0.0,0.0,1.0,1.0,0.0
13,180,9.2028906038329,9.68876000484948,0.0,0.0,0.0,1.0,1.0,0.0
14,180,4.127587092704191,2.1876825308350227,1.0,0.0,0.0,0.0,1.0,1.0
15,180,12.0,3.855606320935632,1.0,1.0,1.0,1.0,1.0,0.0
16,180,3.6625986083177935,1.118956506059363,1.0,0.0,0.0,1.0,0.0,1.0
17,180,12.0,5.152775400101364,0.0,1.0,1.0,0.0,0.0,0.0
18,180,11.67461263807711,0.0,0.0,1.0,0.0,0.0,0.0,0.0
19,180,12.0,11.206883565509637,0.0,0.0,1.0,0.0,0.0,0.0
20,180,1.3937408859080374,12.0,0.0,1.0,1.0,0.0,1.0,1.0
21,180,4.7922305207472125,12.0,0.0,1.0,1.0,1.0,0.0,0.0
22,180,3.179619974078544,3.934993351020768,0.0,1.0,0.0,1.0,1.0,0.0
23,180,2.0575499667427493,12.0,1.0,0.0,0.0,0.0,1.0,0.0
24,180,1.4646845980537675,2.865496965598024,0.0,1.0,0.0,1.0,0.0,0.0
25,180,3.5663718991573505,6.39334042407107,1.0,1.0,0.0,1.0,1.0,1.0
26,180,1.2057986436715789,3.127686745564996,0.0,0.0,1.0,1.0,0.0,1.0
27,180,10.171607751690212,7.194877155351266,0.0,0.0,1.0,0.0,0.0,0.0
28,180,0.0,10.977092968131371,1.0,0.0,1.0,0.0,0.0,0.0
29,180,0.7669472386772477,3.354983884910705,1.0,1.0,0.0,0.0,1.0,0.0
30,180,11.947463487375911,0.7615091668626988,1.0,0.0,0.0,1.0,0.0,0.0
31,180,2.0035849049041863,6.8458503050100825,1.0,0.0,1.0,0.0,0.0,0.0
32,180,7.841411832855045,1.694079331815862,0.0,0.0,0.0,0.0,0.0,0.0
33,180,10.039104453730832,2.924027281231413,1.0,1.0,1.0,0.0,0.0,0.0
34,180,7.386744249293368,6.464307667858714,0.0,1.0,0.0,0.0,0.0,1.0
35,180,8.537127444035422,10.34089673225344,1.0,0.0,0.0,0.0,0.0,0.0
36,180,10.698031257860093,2.892328246836191,1.0,1.0,0.0,0.0,1.0,1.0
37,180,5.239412258812773,8.489897506969237,0.0,0.0,1.0,0.0,0.0,0.0
38,180,6.436761333095339,7.3152027339785075,0.0,0.0,0.0,1.0,1.0,0.0
39,180,0.2741802630706174,4.428980355681021,1.0,0.0,0.0,1.0,1.0,0.0
0,185,4.992009746070983,7.770124812395653,0.0,1.0,0.0,1.0,0.0,0.0
1,185,7.62980149303295,8.165141953302907,1.0,0.0,1.0,1.0,0.0,1.0
2,185,12.0,1.969780072165446,0.0,0.0,1.0,1.0,0.0,0.0
3,185,9.700800012869925,4.545958205098595,1.0,0.0,1.0,1.0,0.0,1.0
4,185,10.733531470126971,3.186338097659554,1.0,1.0,0.0,1.0,0.0,0.0
5,185,4.896145463848324,12.0,0.0,0.0,0.0,0.0,1.0,1.0
6,185,10.69594725590579,6.847538868292268,0.0,1.0,1.0,0.0,0.0,1.0
7,185,8.755817255148338,3.4990479885262378,0.0,0.0,1.0,0.0,1.0,1.0
8,185,11.997503773122364,6.676037887655286,0.0,0.0,0.0,1.0,1.0,0.0
9,185,10.562360566547625,9.43951174953436,0.0,1.0,0.0,1.0,0.0,1.0
10,185,0.8581925664670355,2.618724515738023,0.0,1.0,0.0,0.0,0.0,0.0
11,185,10.07109054178362,12.0,0.0,0.0,1.0,0.0,0.0,0.0
12,185,0.4035046399061133,8.093147929402836,0.0,0.0,0.0,1.0,1.0,0.0
13,185,9.40867286496734,9.81642187758428,0.0,0.0,0.0,1.0,1.0,0.0
14,185,4.118545124249177,2.167698176245727,1.0,0.0,0.0,0.0,1.0,1.0
15,185,12.0,3.866076768221798,1.0,1.0,1.0,1.0,1.0,0.0
16,185,3.74699880368993,1.1450605845685673,1.0,0.0,0.0,1.0,0.0,1.0
17,185,12.0,5.122860196160684,0.0,1.0,1.0,0.0,0.0,0.0
18,185,11.659214369067158,0.0,0.0,1.0,0.0,0.0,0.0,0.0
19,185,12.0,11.201450890033705,0.0,0.0,1.0,0.0,0.0,0.0
20,185,1.401128350058156,12.0,0.0,1.0,1.0,0.0,1.0,1.0
21,185,4.721473173036795,12.0,0.0,1.0,1.0,1.0,0.0,0.0
22,185,3.167778332945172,3.920120470179864,0.0,1.0,0.0,1.0,1.0,0.0
23,185,2.0516407924740654,12.0,1.0,0.0,0.0,0.0,1.0,0.0
24,185,1.5336925315670489,2.7398383887804303,0.0,1.0,0.0,1.0,0.0,0.0
25,185,3.5552410910132357,6.463854807776391,1.0,1.0,0.0,1.0,1.0,1.0
26,185,1.1975684465886336,3.1222235731328567,0.0,0.0,1.0,1.0,0.0,1.0
27,185,10.13865353563248,7.091916684327968,0.0,0.0,1.0,0.0,0.0,0.0
28,185,0.0,11.06565113349698,1.0,0.0,1.0,0.0,0.0,0.0
29,185,0.8395385801275445,3.390620841557031,1.0,1.0,0.0,0.0,1.0,0.0
30,185,11.9245443595614,0.7605144685520443,1.0,0.0,0.0,1.0,0.0,0.0
31,185,1.8820231463104224,6.815502932461889,1.0,0.0,1.0,0.0,0.0,0.0
32,185,7.835363355988302,1.7027154535574345,0.0,0.0,0.0,0.0,0.0,0.0
33,185,10.037679688199743,2.88650642564534,1.0,1.0,1.0,0.0,0.0,0.0
34,185,7.43463825107324,6.294221056153924,0.0,1.0,0.0,0.0,0.0,1.0
35,185,8.559017513215514,10.310669817839784,1.0,0.0,0.0,0.0,0.0,0.0
36,185,10.692722666311385,2.890126652152564,1.0,1.0,0.0,0.0,1.0,1.0
37,185,5.143599076315509,8.557570151457929,0.0,0.0,1.0,0.0,0.0,0.0
38,185,6.440834094964295,7.3124943019765025,0.0,0.0,0.0,1.0,1.0,0.0
39,185,0.2180193119654852,4.484815139154957,1.0,0.0,0.0,1.0,1.0,0.0
0,190,4.899172514641603,7.84677431379969,0.0,1.0,0.0,1.0,0.0,0.0
1,190,7.585472139399057,8.282104676238419,1.0,0.0,1.0,1.0,0.0,1.0
2,190,12.0,1.855019370351082,0.0,0.0,1.0,1.0,0.0,0.0
3,190,9.738577125363715,4.4095126907365465,1.0,0.0,1.0,1.0,0.0,1.0
4,190,10.710709121705191,3.1815087989065964,1.0,1.0,0.0,1.0,0.0,0.0
5,190,4.849090724931148,12.0,0.0,0.0,0.0,0.0,1.0,1.0
6,190,10.74982985383675,6.918356987300632,0.0,1.0,1.0,0.0,0.0,1.0
7,190,8.916576343180134,3.3824865652628358,0.0,0.0,1.0,0.0,1.0,1.0
8,190,12.0,6.667788938936999,0.0,0.0,0.0,1.0,1.0,0.0
9,190,10.460507303336511,9.286706557106726,0.0,1.0,0.0,1.0,0.0,1.0
10,190,0.8367000796536331,2.5699237478422754,0.0,1.0,0.0,0.0,0.0,0.0
11,190,10.013950384200372,12.0,0.0,0.0,1.0,0.0,0.0,0.0
12,190,0.4047458090979687,8.093098337663635,0.0,0.0,0.0,1.0,1.0,0.0
13,190,9.622528347453052,9.944428879182563,0.0,0.0,0.0,1.0,1.0,0.0
14,190,4.113634418629007,2.1572566535071105,1.0,0.0,0.0,0.0,1.0,1.0
15,190,12.0,3.884903648332572,1.0,1.0,1.0,1.0,1.0,0.0
16,190,3.837504518600388,1.1726577668280995,1.0,0.0,0.0,1.0,0.0,1.0
17,190,12.0,5.096181875059145,0.0,1.0,1.0,0.0,0.0,0.0
18,190,11.644274740537028,0.0,0.0,1.0,0.0,0.0,0.0,0.0
19,190,12.0,11.195227422581077,0.0,0.0,1.0,0.0,0.0,0.0
20,190,1.406154367516505,12.0,0.0,1.0,1.0,0.0,1.0,1.0
21,190,4.657078670688681,12.0,0.0,1.0,1.0,1.0,0.0,0.0
22,190,3.17113701504778,3.924368403229238,0.0,1.0,0.0,1.0,1.0,0.0
23,190,2.0458120906378983,12.0,1.0,0.0,0.0,0.0,1.0,0.0
24,190,1.607365250886262,2.6107303218832336,0.0,1.0,0.0,1.0,0.0,0.0
25,190,3.544269771741324,6.5359601538671495,1.0,1.0,0.0,1.0,1.0,1.0
26,190,1.206176387998038,3.1282420635439805,0.0,0.0,1.0,1.0,0.0,1.0
27,190,10.102486508708916,6.978323330204333,0.0,0.0,1.0,0.0,0.0,0.0
28,190,0.0,11.165258352006656,1.0,0.0,1.0,0.0,0.0,0.0
29,190,0.9288363405387368,3.432647412309024,1.0,1.0,0.0,0.0,1.0,0.0
30,190,11.9017092925673,0.7596633500101827,1.0,0.0,0.0,1.0,0.0,0.0
31,190,1.7437543349603128,6.777688310531618,1.0,0.0,1.0,0.0,0.0,0.0
32,190,7.825381940554825,1.7167533512218671,0.0,0.0,0.0,0.0,0.0,0.0
33,190,10.03663645873912,2.8531071856388204,1.0,1.0,1.0,0.0,0.0,0.0
34,190,7.485907025251699,6.117560382566222,0.0,1.0,0.0,0.0,0.0,1.0
35,190,8.591465618950748,10.267600749633392,1.0,0.0,0.0,0.0,0.0,0.0
36,190,10.71429907658846,2.8991653677147102,1.0,1.0,0.0,0.0,1.0,1.0
37,190,5.05410809713515,8.6238286525635,0.0,0.0,1.0,0.0,0.0,0.0
38,190,6.440117328995159,7.312957046376205,0.0,0.0,0.0,1.0,1.0,0.0
39,190,0.1703697017153122,4.53172169642454,1.0,0.0,0.0,1.0,1.0,0.0
0,195,4.790279554910558,7.936382850206112,0.0,1.0,0.0,1.0,0.0,0.0
1,195,7.555265922706255,8.36634276175809,1.0,0.0,1.0,1.0,0.0,1.0
2,195,12.0,1.7506001612879372,0.0,0.0,1.0,1.0,0.0,0.0
3,195,9.777668778470586,4.275667264839541,1.0,0.0,1.0,1.0,0.0,1.0
4,195,10.706314245794845,3.1807433229480453,1.0,1.0,0.0,1.0,0.0,0.0
5,195,4.804662964750996,12.0,0.0,0.0,0.0,0.0,1.0,1.0
6,195,10.80962717349036,7.0000211044198135,0.0,1.0,1.0,0.0,0.0,1.0
7,195,9.070399305670588,3.2715223099367496,0.0,0.0,1.0,0.0,1.0,1.0
8,195,12.0,6.657813089565185,0.0,0.0,0.0,1.0,1.0,0.0
9,195,10.354549183968404,9.12835952115677,0.0,1.0,0.0,1.0,0.0,1.0
10,195,0.8193229234496717,2.5309430482373787,0.0,1.0,0.0,0.0,0.0,0.0
11,195,9.942544518317336,12.0,0.0,0.0,1.0,0.0,0.0,0.0
12,195,0.4123849099295424,8.092677662011972,0.0,0.0,0.0,1.0,1.0,0.0
13,195,9.829637623948836,10.062572686721117,0.0,0.0,0.0,1.0,1.0,0.0
14,195,4.116923438155351,2.164315778699099,1.0,0.0,0.0,0.0,1.0,1.0
15,195,12.0,3.9025470119850114,1.0,1.0,1.0,1.0,1.0,0.0
16,195,3.950195093555321,1.2110051775671828,1.0,0.0,0.0,1.0,0.0,1.0
17,195,12.0,5.07206409232764,0.0,1.0,1.0,0.0,0.0,0.0
18,195,11.63261846178111,0.0,0.0,1.0,0.0,0.0,0.0,0.0
19,195,12.0,11.185569484036137,0.0,0.0,1.0,0.0,0.0,0.0
20,195,1.4185652849450532,12.0,0.0,1.0,1.0,0.0,1.0,1.0
21,195,4.606724873222971,12.0,0.0,1.0,1.0,1.0,0.0,0.0
22,195,3.182504225843327,3.9380782420343774,0.0,1.0,0.0,1.0,1.0,0.0
23,195,2.0408350843160488,12.0,1.0,0.0,0.0,0.0,1.0,0.0
24,195,1.6709107315689666,2.499813556198038,0.0,1.0,0.0,1.0,0.0,0.0
25,195,3.533816468150881,6.607920426290253,1.0,1.0,0.0,1.0,1.0,1.0
26,195,1.2130598331345293,3.133101334543688,0.0,0.0,1.0,1.0,0.0,1.0
27,195,10.075884196124036,6.888391721955785,0.0,0.0,1.0,0.0,0.0,0.0
28,195,0.0,11.26131329776076,1.0,0.0,1.0,0.0,0.0,0.0
29,195,1.0310295887023642,3.4788421605837963,1.0,1.0,0.0,0.0,1.0,0.0
30,195,11.892499950290649,0.7591723528552594,1.0,0.0,0.0,1.0,0.0,0.0
31,195,1.586539095026304,6.730236507060283,1.0,0.0,1.0,0.0,0.0,0.0
32,195,7.812780993672932,1.7349118812645528,0.0,0.0,0.0,0.0,0.0,0.0
33,195,10.035712581468944,2.816304386352191,1.0,1.0,1.0,0.0,0.0,0.0
34,195,7.537084714784394,5.938714521017058,0.0,1.0,0.0,0.0,0.0,1.0
35,195,8.61584351169645,10.23457492488281,1.0,0.0,0.0,0.0,0.0,0.0
36,195,10.719482112089358,2.901472326848629,1.0,1.0,0.0,0.0,1.0,1.0
37,195,4.975434488393876,8.680800979036531,0.0,0.0,1.0,0.0,0.0,0.0
38,195,6.427820109698815,7.321067858519737,0.0,0.0,0.0,1.0,1.0,0.0
39,195,0.1499848236466994,4.551219075727701,1.0,0.0,0.0,1.0,1.0,0.0
0,200,4.679431314421394,8.027810724638966,0.0,1.0,0.0,1.0,0.0,0.0
1,200,7.520917554042282,8.457912208728908,1.0,0.0,1.0,1.0,0.0,1.0
2,200,12.0,1.6445915180466282,0.0,0.0,1.0,1.0,0.0,0.0
3,200,9.816745330207151,4.131913902902124,1.0,0.0,1.0,1.0,0.0,1.0
4,200,10.718430489155498,3.1827494320731806,1.0,1.0,0.0,1.0,0.0,0.0
5,200,4.753194201155158,12.0,0.0,0.0,0.0,0.0,1.0,1.0
6,200,10.8679176274136,7.08033211099754,0.0,1.0,1.0,0.0,0.0,1.0
7,200,9.229586391652164,3.158800262284689,0.0,0.0,1.0,0.0,1.0,1.0
8,200,12.0,6.646335907932044,0.0,0.0,0.0,1.0,1.0,0.0
9,200,10.256460856587692,8.979101629976899,0.0,1.0,0.0,1.0,0.0,1.0
10,200,0.7995219049311485,2.491093898289596,0.0,1.0,0.0,0.0,0.0,0.0
11,200,9.867857248215076,12.0,0.0,0.0,1.0,0.0,0.0,0.0
12,200,0.4010955913410639,8.093371369356747,0.0,0.0,0.0,1.0,1.0,0.0
13,200,10.008041546582149,10.164406132158405,0.0,0.0,0.0,1.0,1.0,0.0
14,200,4.116494880745673,2.1633976387943274,1.0,0.0,0.0,0.0,1.0,1.0
15,200,12.0,3.9305837546428375,1.0,1.0,1.0,1.0,1.0,0.0
16,200,4.06265775822507,1.2490613308014795,1.0,0.0,0.0,1.0,0.0,1.0
17,200,12.0,5.051431056684491,0.0,1.0,1.0,0.0,0.0,0.0
18,200,11.622516320670837,0.0,0.0,1.0,0.0,0.0,0.0,0.0
19,200,11.998461124494735,11.18682261580208,0.0,0.0,1.0,0.0,0.0,0.0
20,200,1.4320534427518266,12.0,0.0,1.0,1.0,0.0,1.0,1.0
21,200,4.551286682898276,12.0,0.0,1.0,1.0,1.0,0.0,0.0
22,200,3.203630475791527,3.963102367936693,0.0,1.0,0.0,1.0,1.0,0.0
23,200,2.031822031137574,12.0,1.0,0.0,0.0,0.0,1.0,0.0
24,200,1.7289725042317765,2.395790235163988,0.0,1.0,0.0,1.0,0.0,0.0
25,200,3.5245030219035667,6.680774076508234,1.0,1.0,0.0,1.0,1.0,1.0
26,200,1.2105370278680991,3.1313513318841086,0.0,0.0,1.0,1.0,0.0,1.0
27,200,10.04680991519955,6.789934519658173,0.0,0.0,1.0,0.0,0.0,0.0
28,200,0.0,11.355400849877665,1.0,0.0,1.0,0.0,0.0,0.0
29,200,1.1320157192354097,3.5191743434980247,1.0,1.0,0.0,0.0,1.0,0.0
30,200,11.871143611264506,0.7584439271592197,1.0,0.0,0.0,1.0,0.0,0.0
31,200,1.4023387114017842,6.671239333696362,1.0,0.0,1.0,0.0,0.0,0.0
32,200,7.778619222680546,1.7822708334364346,0.0,0.0,0.0,0.0,0.0,0.0
33,200,10.035006614628063,2.7977276665581705,1.0,1.0,1.0,0.0,0.0,0.0
34,200,7.589070441176846,5.761783896280594,0.0,1.0,0.0,0.0,0.0,1.0
35,200,8.650754272146912,10.18992096813806,1.0,0.0,0.0,0.0,0.0,0.0
36,200,10.710598654400703,2.8971277151974326,1.0,1.0,0.0,0.0,1.0,1.0
37,200,4.898837977471764,8.738015721377986,0.0,0.0,1.0,0.0,0.0,0.0
38,200,6.443569327619729,7.311188415645613,0.0,0.0,0.0,1.0,1.0,0.0
39,200,0.116430752278364,4.582885578730829,1.0,0.0,0.0,1.0,1.0,0.0
0,205,4.5737230727793285,8.109800917782536,0.0,1.0,0.0,1.0,0.0,0.0
1,205,7.488786113629177,8.540529638467008,1.0,0.0,1.0,1.0,0.0,1.0
2,205,12.0,1.5414592581206312,0.0,0.0,1.0,1.0,0.0,0.0
3,205,9.854710813935634,3.994390140837168,1.0,0.0,1.0,1.0,0.0,1.0
4,205,10.697844397953752,3.1796181040200846,1.0,1.0,0.0,1.0,0.0,0.0
5,205,4.708797471072525,12.0,0.0,0.0,0.0,0.0,1.0,1.0
6,205,10.919498430562465,7.151394981785465,0.0,1.0,1.0,0.0,0.0,1.0
7,205,9.379209095739824,3.0492842120192902,0.0,0.0,1.0,0.0,1.0,1.0
8,205,12.0,6.631471188132187,0.0,0.0,0.0,1.0,1.0,0.0
9,205,10.152534141173724,8.827939662604484,0.0,1.0,0.0,1.0,0.0,1.0
10,205,0.7796820362473517,2.449898927562505,0.0,1.0,0.0,0.0,0.0,0.0
11,205,9.815213388495126,12.0,0.0,0.0,1.0,0.0,0.0,0.0
12,205,0.3825147017671328,8.094809823736272,0.0,0.0,0.0,1.0,1.0,0.0
13,205,10.209730006665446,10.279690328090394,0.0,0.0,0.0,1.0,1.0,0.0
14,205,4.116731129794527,2.1639005276323102,1.0,0.0,0.0,0.0,1.0,1.0
15,205,12.0,3.947113112299003,1.0,1.0,1.0,1.0,1.0,0.0
16,205,4.148564031952623,1.280439786311334,1.0,0.0,0.0,1.0,0.0,1.0
17,205,12.0,5.024071165233766,0.0,1.0,1.0,0.0,0.0,0.0
18,205,11.61694147187078,0.0,0.0,1.0,0.0,0.0,0.0,0.0
19,205,11.994864994338604,11.189722890303026,0.0,0.0,1.0,0.0,0.0,0.0
20,205,1.4512440984433213,12.0,0.0,1.0,1.0,0.0,1.0,1.0
21,205,4.492707005161142,12.0,0.0,1.0,1.0,1.0,0.0,0.0
22,205,3.213786264607805,3.97518606820188,0.0,1.0,0.0,1.0,1.0,0.0
23,205,2.157632372643,12.0,1.0,0.0,0.0,0.0,1.0,0.0
24,205,1.7922120874808574,2.29055397905576,0.0,1.0,0.0,1.0,0.0,0.0
25,205,3.5173407292628447,6.730447990629365,1.0,1.0,0.0,1.0,1.0,1.0
26,205,1.2170486687767974,3.136148341694293,0.0,0.0,1.0,1.0,0.0,1.0
27,205,10.017655708970397,6.697548614543773,0.0,0.0,1.0,0.0,0.0,0.0
28,205,0.0,11.451213782018938,1.0,0.0,1.0,0.0,0.0,0.0
29,205,1.2354512254705825,3.5655227942509837,1.0,1.0,0.0,0.0,1.0,0.0
30,205,11.86247877453942,0.7583196918771109,1.0,0.0,0.0,1.0,0.0,0.0
31,205,1.2034508342062584,6.611448482784135,1.0,0.0,1.0,0.0,0.0,0.0
32,205,7.748848141319216,1.8230769181362116,0.0,0.0,0.0,0.0,0.0,0.0
33,205,10.03553465680909,2.811674672913944,1.0,1.0,1.0,0.0,0.0,0.0
34,205,7.642926383518313,5.582066991784982,0.0,1.0,0.0,0.0,0.0,1.0
35,205,8.67429192885447,10.160145355166714,1.0,0.0,0.0,0.0,0.0,0.0
36,205,10.698167586865212,2.891202299517888,1.0,1.0,0.0,0.0,1.0,1.0
37,205,4.819661037215361,8.797778070777815,0.0,0.0,1.0,0.0,0.0,0.0
38,205,6.462550030698819,7.299424598253976,0.0,0.0,0.0,1.0,1.0,0.0
39,205,0.0860404831409343,4.612385501483951,1.0,0.0,0.0,1.0,1.0,0.0
0,210,4.453171878912651,8.199588707787953,0.0,1.0,0.0,1.0,0.0,0.0
1,210,7.459570395877352,8.615171972331257,1.0,0.0,1.0,1.0,0.0,1.0
2,210,12.0,1.448630111495033,0.0,0.0,1.0,1.0,0.0,0.0
3,210,9.897871794003123,3.8498744930722655,1.0,0.0,1.0,1.0,0.0,1.0
4,210,10.6829756081887,3.176926741465944,1.0,1.0,0.0,1.0,0.0,0.0
5,210,4.66581552334531,12.0,0.0,0.0,0.0,0.0,1.0,1.0
6,210,10.984678544799308,7.238682955616913,0.0,1.0,1.0,0.0,0.0,1.0
7,210,9.53843240979288,2.9397532234748667,0.0,0.0,1.0,0.0,1.0,1.0
8,210,12.0,6.6161093593171785,0.0,0.0,0.0,1.0,1.0,0.0
9,210,10.050339976709116,8.682057771808234,0.0,1.0,0.0,1.0,0.0,1.0
10,210,0.7633935766301463,2.415497500459326,0.0,1.0,0.0,0.0,0.0,0.0
11,210,9.76349640687112,12.0,0.0,0.0,1.0,0.0,0.0,0.0
12,210,0.345958563104013,8.097215869541191,0.0,0.0,0.0,1.0,1.0,0.0
13,210,10.40492219548598,10.386163509600406,0.0,0.0,0.0,1.0,1.0,0.0
14,210,4.116232461964769,2.1628741166865195,1.0,0.0,0.0,0.0,1.0,1.0
15,210,12.0,3.9611785421758903,1.0,1.0,1.0,1.0,1.0,0.0
16,210,4.236655765571059,1.3142619177025452,1.0,0.0,0.0,1.0,0.0,1.0
17,210,12.0,4.997210153687273,0.0,1.0,1.0,0.0,0.0,0.0
18,210,11.611053864783903,0.0,0.0,1.0,0.0,0.0,0.0,0.0
19,210,11.994715942484362,11.189840078674964,0.0,0.0,1.0,0.0,0.0,0.0
20,210,1.4716141203104778,12.0,0.0,1.0,1.0,0.0,1.0,1.0
21,210,4.440750955568413,12.0,0.0,1.0,1.0,1.0,0.0,0.0
22,210,3.223740456994345,3.9871335121639984,0.0,1.0,0.0,1.0,1.0,0.0
23,210,2.273266554693268,12.0,1.0,0.0,0.0,0.0,1.0,0.0
24,210,1.8529754590816236,2.19266690274839,0.0,1.0,0.0,1.0,0.0,0.0
25,210,3.507761472474813,6.792357141254254,1.0,1.0,0.0,1.0,1.0,1.0
26,210,1.2259726145821546,3.142839746308233,0.0,0.0,1.0,1.0,0.0,1.0
27,210,9.982693192141314,6.592239540455287,0.0,0.0,1.0,0.0,0.0,0.0
28,210,0.0,11.563833857198714,1.0,0.0,1.0,0.0,0.0,0.0
29,210,1.3311113788655418,3.608522561254383,1.0,1.0,0.0,0.0,1.0,0.0
30,210,11.834801819987453,0.7570752057925592,1.0,0.0,0.0,1.0,0.0,0.0
31,210,1.007071129223132,6.545499966630326,1.0,0.0,1.0,0.0,0.0,0.0
32,210,7.79074011059592,1.854754663565048,0.0,0.0,0.0,0.0,0.0,0.0
33,210,10.035870533229016,2.819979202225038,1.0,1.0,1.0,0.0,0.0,0.0
34,210,7.704532507130225,5.386259116469814,0.0,1.0,0.0,0.0,0.0,1.0
35,210,8.71348225520202,10.111385479438349,1.0,0.0,0.0,0.0,0.0,0.0
36,210,10.689102288816496,2.886922062657627,1.0,1.0,0.0,0.0,1.0,1.0
37,210,4.74696985176919,8.851664740969328,0.0,0.0,1.0,0.0,0.0,0.0
38,210,6.476662441759524,7.290433862205654,0.0,0.0,0.0,1.0,1.0,0.0
39,210,0.0586265924471244,4.639088270148568,1.0,0.0,0.0,1.0,1.0,0.0
0,215,4.329831286237343,8.29442069118455,0.0,1.0,0.0,1.0,0.0,0.0
1,215,7.426623706154562,8.694476993186697,1.0,0.0,1.0,1.0,0.0,1.0
2,215,12.0,1.360414487875526,0.0,0.0,1.0,1.0,0.0,0.0
3,215,9.942230742006018,3.710840535224157,1.0,0.0,1.0,1.0,0.0,1.0
4,215,10.65757729763416,3.172920440731132,1.0,1.0,0.0,1.0,0.0,0.0
5,215,4.616259719278362,12.0,0.0,0.0,0.0,0.0,1.0,1.0
6,215,11.056854028160066,7.331960484174162,0.0,1.0,1.0,0.0,0.0,1.0
7,215,9.703880767316072,2.8219757587208605,0.0,0.0,1.0,0.0,1.0,1.0
8,215,12.0,6.600607168836298,0.0,0.0,0.0,1.0,1.0,0.0
9,215,9.946714210971146,8.5348411666772,0.0,1.0,0.0,1.0,0.0,1.0
10,215,0.7465002885979466,2.380581156368958,0.0,1.0,0.0,0.0,0.0,0.0
11,215,9.718354851762578,12.0,0.0,0.0,1.0,0.0,0.0,0.0
12,215,0.3127612090851952,8.100027394721472,0.0,0.0,0.0,1.0,1.0,0.0
13,215,10.597194423256722,10.489476783075556,0.0,0.0,0.0,1.0,1.0,0.0
14,215,4.11839304829103,2.1671889851150947,1.0,0.0,0.0,0.0,1.0,1.0
15,215,12.0,3.977500720056624,1.0,1.0,1.0,1.0,1.0,0.0
16,215,4.330927986777984,1.3482345739615875,1.0,0.0,0.0,1.0,0.0,1.0
17,215,12.0,4.9640720576058825,0.0,1.0,1.0,0.0,0.0,0.0
18,215,11.604256633294534,0.0,0.0,1.0,0.0,0.0,0.0,0.0
19,215,11.9914968641842,11.19246637392879,0.0,0.0,1.0,0.0,0.0,0.0
20,215,1.4926423255454366,12.0,0.0,1.0,1.0,0.0,1.0,1.0
21,215,4.394885306191434,12.0,0.0,1.0,1.0,1.0,0.0,0.0
22,215,3.212457638768192,3.973349625754152,0.0,1.0,0.0,1.0,1.0,0.0
23,215,2.3799964682601966,12.0,1.0,0.0,0.0,0.0,1.0,0.0
24,215,1.9117666882010504,2.103047419680001,0.0,1.0,0.0,1.0,0.0,0.0
25,215,3.495784379988212,6.870027616988428,1.0,1.0,0.0,1.0,1.0,1.0
26,215,1.2313044618273672,3.1465908116440184,0.0,0.0,1.0,1.0,0.0,1.0
27,215,9.94733179475574,6.4915000459948855,0.0,0.0,1.0,0.0,0.0,0.0
28,215,0.0,11.654410553659757,1.0,0.0,1.0,0.0,0.0,0.0
29,215,1.4419670941127685,3.658241564415028,1.0,1.0,0.0,0.0,1.0,0.0
30,215,11.798435859244211,0.755643805897534,1.0,0.0,0.0,1.0,0.0,0.0
31,215,0.8141896336569725,6.481383067064686,1.0,0.0,1.0,0.0,0.0,0.0
32,215,7.827211823946117,1.8823379791586523,0.0,0.0,0.0,0.0,0.0,0.0
33,215,10.035097939250512,2.806988689707266,1.0,1.0,1.0,0.0,0.0,0.0
34,215,7.891167714036513,5.44153738049267,0.0,1.0,0.0,0.0,0.0,1.0
35,215,8.745864595134059,10.072646660524832,1.0,0.0,0.0,0.0,0.0,0.0
36,215,10.679570236683736,2.882511751889239,1.0,1.0,0.0,0.0,1.0,1.0
37,215,4.683051822991751,8.900430312928048,0.0,0.0,1.0,0.0,0.0,0.0
38,215,6.495243751746671,7.278042501242912,0.0,0.0,0.0,1.0,1.0,0.0
39,215,0.0372757292525458,4.659207471729435,1.0,0.0,0.0,1.0,1.0,0.0
0,220,4.204349855686461,8.388495414490007,0.0,1.0,0.0,1.0,0.0,0.0
1,220,7.388432546348335,8.784860750604627,1.0,0.0,1.0,1.0,0.0,1.0
2,220,12.0,1.251206130916226,0.0,0.0,1.0,1.0,0.0,0.0
3,220,9.99016107711343,3.571349014430324,1.0,0.0,1.0,1.0,0.0,1.0
4,220,10.625126829313208,3.1679894913127384,1.0,1.0,0.0,1.0,0.0,0.0
5,220,4.559244376583052,12.0,0.0,0.0,0.0,0.0,1.0,1.0
6,220,11.124221937338367,7.41510325492982,0.0,1.0,1.0,0.0,0.0,1.0
7,220,9.868034672499876,2.696405204422495,0.0,0.0,1.0,0.0,1.0,1.0
8,220,12.0,6.585165566794209,0.0,0.0,0.0,1.0,1.0,0.0
9,220,9.85333626584766,8.398625873753828,0.0,1.0,0.0,1.0,0.0,1.0
10,220,0.7250928267310582,2.335625039113059,0.0,1.0,0.0,0.0,0.0,0.0
11,220,9.669706843925992,12.0,0.0,0.0,1.0,0.0,0.0,0.0
12,220,0.283003525131391,8.102724701831255,0.0,0.0,0.0,1.0,1.0,0.0
13,220,10.801218758309004,10.59885648667428,0.0,0.0,0.0,1.0,1.0,0.0
14,220,4.119695220512786,2.1699483207314763,1.0,0.0,0.0,0.0,1.0,1.0
15,220,12.0,3.9997613509899104,1.0,1.0,1.0,1.0,1.0,0.0
16,220,4.406893479136833,1.3747357357477294,1.0,0.0,0.0,1.0,0.0,1.0
17,220,12.0,4.933089296049863,0.0,1.0,1.0,0.0,0.0,0.0
18,220,11.600410528804373,0.0,0.0,1.0,0.0,0.0,0.0,0.0
19,220,12.0,11.182181124516664,0.0,0.0,1.0,0.0,0.0,0.0
20,220,1.5507977480478257,11.97524571078642,0.0,1.0,1.0,0.0,1.0,1.0
21,220,4.356829631877328,12.0,0.0,1.0,1.0,1.0,0.0,0.0
22,220,3.214271939567701,3.9755318212592017,0.0,1.0,0.0,1.0,1.0,0.0
23,220,2.4800756080642814,12.0,1.0,0.0,0.0,0.0,1.0,0.0
24,220,1.9745735957698327,2.0130764623240456,0.0,1.0,0.0,1.0,0.0,0.0
25,220,3.4820451805075114,6.960236709259124,1.0,1.0,0.0,1.0,1.0,1.0
26,220,1.228833279991432,3.1448073737319397,0.0,0.0,1.0,1.0,0.0,1.0
27,220,9.906220382259784,6.384447216142021,0.0,0.0,1.0,0.0,0.0,0.0
28,220,0.0,11.753926982676058,1.0,0.0,1.0,0.0,0.0,0.0
29,220,1.5432762933514368,3.701672666413143,1.0,1.0,0.0,0.0,1.0,0.0
30,220,11.775296802562435,0.7550782463903378,1.0,0.0,0.0,1.0,0.0,0.0
31,220,0.6300289284468208,6.420624269631141,1.0,0.0,1.0,0.0,0.0,0.0
32,220,7.866969835210104,1.9123194020905023,0.0,0.0,0.0,0.0,0.0,0.0
33,220,10.033293327313856,2.782686840697971,1.0,1.0,1.0,0.0,0.0,0.0
34,220,8.07774937280208,5.4943900801110495,0.0,1.0,0.0,0.0,0.0,1.0
35,220,8.762571893897707,10.053554486624996,1.0,0.0,0.0,0.0,0.0,0.0
36,220,10.695275677605052,2.889982457746491,1.0,1.0,0.0,0.0,1.0,1.0
37,220,4.609508748242233,8.955693747718826,0.0,0.0,1.0,0.0,0.0,0.0
38,220,6.493604288352949,7.279210949251791,0.0,0.0,0.0,1.0,1.0,0.0
39,220,0.0073685074367698,4.68840225196214,1.0,0.0,0.0,1.0,1.0,0.0
0,225,4.085028809961555,8.47819854122877,0.0,1.0,0.0,1.0,0.0,0.0
1,225,7.361957692179552,8.851575105871685,1.0,0.0,1.0,1.0,0.0,1.0
2,225,12.0,1.1871533584194545,0.0,0.0,1.0,1.0,0.0,0.0
3,225,10.031235318232673,3.4467441164161063,1.0,0.0,1.0,1.0,0.0,1.0
4,225,10.584945842257582,3.162339350978192,1.0,1.0,0.0,1.0,0.0,0.0
5,225,4.509405444668674,12.0,0.0,0.0,0.0,0.0,1.0,1.0
6,225,11.189444817019629,7.496550749743376,0.0,1.0,1.0,0.0,0.0,1.0
7,225,10.04284992475138,2.550184990568192,0.0,0.0,1.0,0.0,1.0,1.0
8,225,12.0,6.56448120300244,0.0,0.0,0.0,1.0,1.0,0.0
9,225,9.750384053476395,8.242993428079563,0.0,1.0,0.0,1.0,0.0,1.0
10,225,0.7096015462720815,2.3032593842287787,0.0,1.0,0.0,0.0,0.0,0.0
11,225,9.609811844678514,12.0,0.0,0.0,1.0,0.0,0.0,0.0
12,225,0.2674192767192693,8.104759161153435,0.0,0.0,0.0,1.0,1.0,0.0
13,225,11.014988716274235,10.714075895844498,0.0,0.0,0.0,1.0,1.0,0.0
14,225,4.1195196307962405,2.169553417631554,1.0,0.0,0.0,0.0,1.0,1.0
15,225,12.0,4.019643588326288,1.0,1.0,1.0,1.0,1.0,0.0
16,225,4.5057674049597445,1.406211518819437,1.0,0.0,0.0,1.0,0.0,1.0
17,225,12.0,4.89938693274352,0.0,1.0,1.0,0.0,0.0,0.0
18,225,11.596180543564236,0.0,0.0,1.0,0.0,0.0,0.0,0.0
19,225,12.0,11.16469726265228,0.0,0.0,1.0,0.0,0.0,0.0
20,225,1.598073855755281,11.955521329505723,0.0,1.0,1.0,0.0,1.0,1.0
21,225,4.319998347743225,12.0,0.0,1.0,1.0,1.0,0.0,0.0
22,225,3.221856668640341,3.984613673996466,0.0,1.0,0.0,1.0,1.0,0.0
23,225,2.587213520055557,12.0,1.0,0.0,0.0,0.0,1.0,0.0
24,225,2.0389397691261357,1.921677699272489,0.0,1.0,0.0,1.0,0.0,0.0
25,225,3.4653454637471324,7.06443569633985,1.0,1.0,0.0,1.0,1.0,1.0
26,225,1.2306851235167688,3.1460791138659387,0.0,0.0,1.0,1.0,0.0,1.0
27,225,9.868398717903746,6.282260474376773,0.0,0.0,1.0,0.0,0.0,0.0
28,225,0.0,11.853003048798566,1.0,0.0,1.0,0.0,0.0,0.0
29,225,1.6288570700220877,3.7362595857064873,1.0,1.0,0.0,0.0,1.0,0.0
30,225,11.747867501837773,0.7544107410744877,1.0,0.0,0.0,1.0,0.0,0.0
31,225,0.4436438726166692,6.356859483183521,1.0,0.0,1.0,0.0,0.0,0.0
32,225,7.904527031902861,1.9401683877768925,0.0,0.0,0.0,0.0,0.0,0.0
33,225,10.032137837345973,2.7684115759368937,1.0,1.0,1.0,0.0,0.0,0.0
34,225,8.24388865600265,5.545179919030425,0.0,1.0,0.0,0.0,0.0,1.0
35,225,8.77417385257877,10.040192400737094,1.0,0.0,0.0,0.0,0.0,0.0
36,225,10.720713879413296,2.901519604715266,1.0,1.0,0.0,0.0,1.0,1.0
37,225,4.543085987416635,9.006522368022427,0.0,0.0,1.0,0.0,0.0,0.0
38,225,6.512218327767745,7.265990534431373,0.0,0.0,0.0,1.0,1.0,0.0
39,225,0.0,4.724894910363671,1.0,0.0,0.0,1.0,1.0,0.0
0,230,3.97083182738095,8.569188265877484,0.0,1.0,0.0,1.0,0.0,0.0
1,230,7.339537183499469,8.905003816286527,1.0,0.0,1.0,1.0,0.0,1.0
2,230,12.0,1.1159116160870384,0.0,0.0,1.0,1.0,0.0,0.0
3,230,10.074114956746584,3.3141776620079337,1.0,0.0,1.0,1.0,0.0,1.0
4,230,10.537900401811314,3.155340606955879,1.0,1.0,0.0,1.0,0.0,0.0
5,230,4.468315990667058,12.0,0.0,0.0,0.0,0.0,1.0,1.0
6,230,11.25596182701838,7.577501029735315,0.0,1.0,1.0,0.0,0.0,1.0
7,230,10.217245966886953,2.4035762873566013,0.0,0.0,1.0,0.0,1.0,1.0
8,230,12.0,6.544075443586281,0.0,0.0,0.0,1.0,1.0,0.0
9,230,9.643870215135356,8.082620406748454,0.0,1.0,0.0,1.0,0.0,1.0
10,230,0.6902390682264653,2.264910655215831,0.0,1.0,0.0,0.0,0.0,0.0
11,230,9.537021477983483,12.0,0.0,0.0,1.0,0.0,0.0,0.0
12,230,0.2579000064623665,8.10582440963448,0.0,0.0,0.0,1.0,1.0,0.0
13,230,11.213538788745566,10.820985012987226,0.0,0.0,0.0,1.0,1.0,0.0
14,230,4.121929575618145,2.175006472330228,1.0,0.0,0.0,0.0,1.0,1.0
15,230,12.0,4.035452023000259,1.0,1.0,1.0,1.0,1.0,0.0
16,230,4.586244547938007,1.4305617388735772,1.0,0.0,0.0,1.0,0.0,1.0
17,230,12.0,4.866717473758208,0.0,1.0,1.0,0.0,0.0,0.0
18,230,11.5898209869327,0.0,0.0,1.0,0.0,0.0,0.0,0.0
19,230,12.0,11.143040712495644,0.0,0.0,1.0,0.0,0.0,0.0
20,230,1.6555139329567472,11.92906863667111,0.0,1.0,1.0,0.0,1.0,1.0
21,230,4.287695761711246,12.0,0.0,1.0,1.0,1.0,0.0,0.0
22,230,3.219619788971573,3.982116389694793,0.0,1.0,0.0,1.0,1.0,0.0
23,230,2.696945780133015,12.0,1.0,0.0,0.0,0.0,1.0,0.0
24,230,2.109959096276902,1.8260312741889453,0.0,1.0,0.0,1.0,0.0,0.0
25,230,3.44876630983366,7.181719819804998,1.0,1.0,0.0,1.0,1.0,1.0
26,230,1.2295838963808825,3.1453044926320235,0.0,0.0,1.0,1.0,0.0,1.0
27,230,9.832719437360048,6.179872446474697,0.0,0.0,1.0,0.0,0.0,0.0
28,230,0.0,11.941205260152428,1.0,0.0,1.0,0.0,0.0,0.0
29,230,1.732706289195582,3.7744756835306794,1.0,1.0,0.0,0.0,1.0,0.0
30,230,11.725168917130247,0.7539902859298498,1.0,0.0,0.0,1.0,0.0,0.0
31,230,0.2538890748658836,6.288573057615517,1.0,0.0,1.0,0.0,0.0,0.0
32,230,7.94039261570132,1.9655894713954407,0.0,0.0,0.0,0.0,0.0,0.0
33,230,10.032056851122336,2.767663184212134,1.0,1.0,1.0,0.0,0.0,0.0
34,230,8.417512279974645,5.59068000994384,0.0,1.0,0.0,0.0,0.0,1.0
35,230,8.79260698925929,10.01813203181296,1.0,0.0,0.0,0.0,0.0,0.0
36,230,10.756983881501684,2.9172081740513374,1.0,1.0,0.0,0.0,1.0,1.0
37,230,4.462221672480329,9.069386469973953,0.0,0.0,1.0,0.0,0.0,0.0
38,230,6.530767071902243,7.252833303431076,0.0,0.0,0.0,1.0,1.0,0.0
39,230,0.0,4.771597918203657,1.0,0.0,0.0,1.0,1.0,0.0
0,235,3.860382894706888,8.66090416081947,0.0,1.0,0.0,1.0,0.0,0.0
1,235,7.323173547674557,8.942516106491553,1.0,0.0,1.0,1.0,0.0,1.0
2,235,12.0,1.0242598317504548,0.0,0.0,1.0,1.0,0.0,0.0
3,235,10.120836382704644,3.164348669196986,1.0,0.0,1.0,1.0,0.0,1.0
4,235,10.482652934872034,3.147581367537185,1.0,1.0,0.0,1.0,0.0,0.0
5,235,4.425376551611359,12.0,0.0,0.0,0.0,0.0,1.0,1.0
6,235,11.30280921818862,7.635904235898238,0.0,1.0,1.0,0.0,0.0,1.0
7,235,10.395039268165476,2.254501757986006,0.0,0.0,1.0,0.0,1.0,1.0
8,235,12.0,6.526171940402931,0.0,0.0,0.0,1.0,1.0,0.0
9,235,9.541281792438983,7.930648575552707,0.0,1.0,0.0,1.0,0.0,1.0
10,235,0.6730563308571353,2.230083188233391,0.0,1.0,0.0,0.0,0.0,0.0
11,235,9.474003501806228,12.0,0.0,0.0,1.0,0.0,0.0,0.0
12,235,0.2372651423211015,8.108007302312167,0.0,0.0,0.0,1.0,1.0,0.0
13,235,11.405633300562428,10.924554979800206,0.0,0.0,0.0,1.0,1.0,0.0
14,235,4.125102421227275,2.1828104667795847,1.0,0.0,0.0,0.0,1.0,1.0
15,235,12.0,4.047293898811919,1.0,1.0,1.0,1.0,1.0,0.0
16,235,4.682591649936538,1.45860154284752,1.0,0.0,0.0,1.0,0.0,1.0
17,235,12.0,4.83622251844473,0.0,1.0,1.0,0.0,0.0,0.0
18,235,11.585159983844758,0.0,0.0,1.0,0.0,0.0,0.0,0.0
19,235,12.0,11.114614175343336,0.0,0.0,1.0,0.0,0.0,0.0
20,235,1.7179212886880828,11.900429286608992,0.0,1.0,1.0,0.0,1.0,1.0
21,235,4.2569712976350775,12.0,0.0,1.0,1.0,1.0,0.0,0.0
22,235,3.19686892579142,3.956381567920824,0.0,1.0,0.0,1.0,1.0,0.0
23,235,2.8163202345905014,12.0,1.0,0.0,0.0,0.0,1.0,0.0
24,235,2.1855261966434383,1.7219170454425603,0.0,1.0,0.0,1.0,0.0,0.0
25,235,3.426716047361876,7.315452582053392,1.0,1.0,0.0,1.0,1.0,1.0
26,235,1.2233428710743606,3.1410216900379133,0.0,0.0,1.0,1.0,0.0,1.0
27,235,9.798184955811273,6.086364563637768,0.0,0.0,1.0,0.0,0.0,0.0
28,235,0.0,12.0,1.0,0.0,1.0,0.0,0.0,0.0
29,235,1.834553837500853,3.8109326889652944,1.0,1.0,0.0,0.0,1.0,0.0
30,235,11.712615228195716,0.7536136746462682,1.0,0.0,0.0,1.0,0.0,0.0
31,235,0.0585217935449199,6.21816189513737,1.0,0.0,1.0,0.0,0.0,0.0
32,235,7.9760512793770575,1.9907048821428688,0.0,0.0,0.0,0.0,0.0,0.0
33,235,10.032210927243934,2.769334000528552,1.0,1.0,1.0,0.0,0.0,0.0
34,235,8.578929499407918,5.632878797998714,0.0,1.0,0.0,0.0,0.0,1.0
35,235,8.80096859968526,10.008325352494165,1.0,0.0,0.0,0.0,0.0,0.0
36,235,10.798828854371854,2.9370099466726742,1.0,1.0,0.0,0.0,1.0,1.0
37,235,4.369081271332745,9.141636496185974,0.0,0.0,1.0,0.0,0.0,0.0
38,235,6.558817030239634,7.233252176060151,0.0,0.0,0.0,1.0,1.0,0.0
39,235,0.0,4.824549310882927,1.0,0.0,0.0,1.0,1.0,0.0
0,240,3.7643711836536182,8.736977004125439,0.0,1.0,0.0,1.0,0.0,0.0
1,240,7.314826205733191,8.96218976480639,1.0,0.0,1.0,1.0,0.0,1.0
2,240,12.0,0.9406255374149798,0.0,0.0,1.0,1.0,0.0,0.0
3,240,10.161076538343009,3.0377334643401954,1.0,0.0,1.0,1.0,0.0,1.0
4,240,10.439151712091984,3.1425850579148773,1.0,1.0,0.0,1.0,0.0,0.0
5,240,4.38467571470218,12.0,0.0,0.0,0.0,0.0,1.0,1.0
6,240,11.36108854143184,7.706686958698565,0.0,1.0,1.0,0.0,0.0,1.0
7,240,10.559854670909314,2.117017947097729,0.0,0.0,1.0,0.0,1.0,1.0
8,240,12.0,6.51036695712608,0.0,0.0,0.0,1.0,1.0,0.0
9,240,9.43401611166052,7.780224392293734,0.0,1.0,0.0,1.0,0.0,1.0
10,240,0.6560982654822143,2.196753104667532,0.0,1.0,0.0,0.0,0.0,0.0
11,240,9.419799961709376,12.0,0.0,0.0,1.0,0.0,0.0,0.0
12,240,0.1956827294480266,8.111631373144954,0.0,0.0,0.0,1.0,1.0,0.0
13,240,11.59920276442249,11.027124780619433,0.0,0.0,0.0,1.0,1.0,0.0
14,240,4.132066069825461,2.1997310630743665,1.0,0.0,0.0,0.0,1.0,1.0
15,240,12.0,4.058949384932708,1.0,1.0,1.0,1.0,1.0,0.0
16,240,4.7819969847643184,1.489114846886063,1.0,0.0,0.0,1.0,0.0,1.0
17,240,12.0,5.029926307771228,0.0,1.0,1.0,0.0,0.0,0.0
18,240,11.579154049158646,0.0,0.0,1.0,0.0,0.0,0.0,0.0
19,240,12.0,11.09271128989747,0.0,0.0,1.0,0.0,0.0,0.0
20,240,1.7858499425001702,11.868136549378962,0.0,1.0,1.0,0.0,1.0,1.0
21,240,4.225916373004548,12.0,0.0,1.0,1.0,1.0,0.0,0.0
22,240,3.1739955841553797,3.931800888003415,0.0,1.0,0.0,1.0,1.0,0.0
23,240,2.921299195803947,12.0,1.0,0.0,0.0,0.0,1.0,0.0
24,240,2.2628588738508806,1.618379070895129,0.0,1.0,0.0,1.0,0.0,0.0
25,240,3.406758075034588,7.429700632096957,1.0,1.0,0.0,1.0,1.0,1.0
26,240,1.2056317696802947,3.128240966579074,0.0,0.0,1.0,1.0,0.0,1.0
27,240,9.752474118690929,5.965351450458566,0.0,0.0,1.0,0.0,0.0,0.0
28,240,0.0,12.0,1.0,0.0,1.0,0.0,0.0,0.0
29,240,1.9474276607750045,3.852714473920922,1.0,1.0,0.0,0.0,1.0,0.0
30,240,11.708926901298591,0.7533543541358847,1.0,0.0,0.0,1.0,0.0,0.0
31,240,0.0,6.147290061408923,1.0,0.0,1.0,0.0,0.0,0.0
32,240,8.004414109013931,2.011548948713763,0.0,0.0,0.0,0.0,0.0,0.0
33,240,10.0331191070956,2.778670479533361,1.0,1.0,1.0,0.0,0.0,0.0
34,240,8.751259213429062,5.680605135739179,0.0,1.0,0.0,0.0,0.0,1.0
35,240,8.823953614614114,9.980932984204532,1.0,0.0,0.0,0.0,0.0,0.0
36,240,10.83799775097901,2.9550097959374813,1.0,1.0,0.0,0.0,1.0,1.0
37,240,4.290101496724209,9.206842127232846,0.0,0.0,1.0,0.0,0.0,0.0
38,240,6.59548886749909,7.206014022745855,0.0,0.0,0.0,1.0,1.0,0.0
39,240,0.0,4.864104455417955,1.0,0.0,0.0,1.0,1.0,0.0
0,245,3.6665297893911015,8.814839727044607,0.0,1.0,0.0,1.0,0.0,0.0
1,245,7.298040822052552,9.003681094825934,1.0,0.0,1.0,1.0,0.0,1.0
2,245,12.0,0.8513188178243031,0.0,0.0,1.0,1.0,0.0,0.0
3,245,10.19895051068512,2.9135386787731186,1.0,0.0,1.0,1.0,0.0,1.0
4,245,10.420433559494976,3.140304548860133,1.0,1.0,0.0,1.0,0.0,0.0
5,245,4.35194027954433,12.0,0.0,0.0,0.0,0.0,1.0,1.0
6,245,11.421617214477145,7.783228052349746,0.0,1.0,1.0,0.0,0.0,1.0
7,245,10.721184797198989,1.9834614237815196,0.0,0.0,1.0,0.0,1.0,1.0
8,245,12.0,6.50102022095399,0.0,0.0,0.0,1.0,1.0,0.0
9,245,9.328898247862169,7.625573488524038,0.0,1.0,0.0,1.0,0.0,1.0
10,245,0.639621605903461,2.163994508207745,0.0,1.0,0.0,0.0,0.0,0.0
11,245,9.372244447542268,12.0,0.0,0.0,1.0,0.0,0.0,0.0
12,245,0.1527214887193417,8.114861627910926,0.0,0.0,0.0,1.0,1.0,0.0
13,245,11.777245395170487,11.125177665530186,0.0,0.0,0.0,1.0,1.0,0.0
14,245,4.132027429359502,2.1996413418747034,1.0,0.0,0.0,0.0,1.0,1.0
15,245,12.0,4.061948962073247,1.0,1.0,1.0,1.0,1.0,0.0
16,245,4.893439642553206,1.5209975290982956,1.0,0.0,0.0,1.0,0.0,1.0
17,245,12.0,5.23947612721153,0.0,1.0,1.0,0.0,0.0,0.0
18,245,11.5750063870549,0.0,0.0,1.0,0.0,0.0,0.0,0.0
19,245,11.999033538833794,11.093493492839062,0.0,0.0,1.0,0.0,0.0,0.0
20,245,1.8422361197577768,11.839459533516566,0.0,1.0,1.0,0.0,1.0,1.0
21,245,4.20056120593177,12.0,0.0,1.0,1.0,1.0,0.0,0.0
22,245,3.159219005307477,3.916624863642408,0.0,1.0,0.0,1.0,1.0,0.0
23,245,3.0439272998419744,12.0,1.0,0.0,0.0,0.0,1.0,0.0
24,245,2.329596792939223,1.524957777850287,0.0,1.0,0.0,1.0,0.0,0.0
25,245,3.3836635279636496,7.5532216327763155,1.0,1.0,0.0,1.0,1.0,1.0
26,245,1.1803911478673703,3.1109617122247784,0.0,0.0,1.0,1.0,0.0,1.0
27,245,9.705711135861192,5.829481983649103,0.0,0.0,1.0,0.0,0.0,0.0
28,245,0.0605363067382593,12.0,1.0,0.0,1.0,0.0,0.0,0.0
29,245,2.049282527617324,3.890507154259812,1.0,1.0,0.0,0.0,1.0,0.0
30,245,11.713774983691156,0.7536679713623325,1.0,0.0,0.0,1.0,0.0,0.0
31,245,0.0,6.084894237161695,1.0,0.0,1.0,0.0,0.0,0.0
32,245,8.039152431612075,2.036174199008125,0.0,0.0,0.0,0.0,0.0,0.0
33,245,10.03473621968585,2.799536094873286,1.0,1.0,1.0,0.0,0.0,0.0
34,245,8.921849248446334,5.723656969110626,0.0,1.0,0.0,0.0,0.0,1.0
35,245,8.847780214788296,9.953412631957208,1.0,0.0,0.0,0.0,0.0,0.0
36,245,10.859871812776376,2.965632099472322,1.0,1.0,0.0,0.0,1.0,1.0
37,245,4.232492465120676,9.254713653414411,0.0,0.0,1.0,0.0,0.0,0.0
38,245,6.640745429179562,7.172475456233661,0.0,0.0,0.0,1.0,1.0,0.0
39,245,0.0,4.896636641632423,1.0,0.0,0.0,1.0,1.0,0.0
0,250,3.5990917366452,8.732268608690136,0.0,1.0,0.0,1.0,0.0,0.0
1,250,7.2805754755859615,9.044985156993388,1.0,0.0,1.0,1.0,0.0,1.0
2,250,12.0,0.7432363857560882,0.0,0.0,1.0,1.0,0.0,0.0
3,250,10.23712376414885,2.782718557070893,1.0,0.0,1.0,1.0,0.0,1.0
4,250,10.39968253282894,3.1375534896571677,1.0,1.0,0.0,1.0,0.0,0.0
5,250,4.315784782206639,12.0,0.0,0.0,0.0,0.0,1.0,1.0
6,250,11.480992822891096,7.857200728634731,0.0,1.0,1.0,0.0,0.0,1.0
7,250,10.876089084878515,1.8458993626743436,0.0,0.0,1.0,0.0,1.0,1.0
8,250,12.0,6.492907138819213,0.0,0.0,0.0,1.0,1.0,0.0
9,250,9.234267966027256,7.484247897313328,0.0,1.0,0.0,1.0,0.0,1.0
10,250,0.615220484534236,2.122739380353079,0.0,1.0,0.0,0.0,0.0,0.0
11,250,9.331470016103086,12.0,0.0,0.0,1.0,0.0,0.0,0.0
12,250,0.1011510917504787,8.119104011910883,0.0,0.0,0.0,1.0,1.0,0.0
13,250,11.979749902237518,11.237146667688853,0.0,0.0,0.0,1.0,1.0,0.0
14,250,4.134521966917735,2.20498165382775,1.0,0.0,0.0,0.0,1.0,1.0
15,250,11.992534036424146,4.05945721311933,1.0,1.0,1.0,1.0,1.0,0.0
16,250,4.9926430019483545,1.5500882537787817,1.0,0.0,0.0,1.0,0.0,1.0
17,250,12.0,5.466973854873041,0.0,1.0,1.0,0.0,0.0,0.0
18,250,11.570430240651342,0.0,0.0,1.0,0.0,0.0,0.0,0.0
19,250,11.997864148675314,11.094470598298114,0.0,0.0,1.0,0.0,0.0,0.0
20,250,1.8942563639563497,11.81185476050427,0.0,1.0,1.0,0.0,1.0,1.0
21,250,4.184981315677973,12.0,0.0,1.0,1.0,1.0,0.0,0.0
22,250,3.1544344387743912,3.911848458942056,0.0,1.0,0.0,1.0,1.0,0.0
23,250,3.163604832845096,12.0,1.0,0.0,0.0,0.0,1.0,0.0
24,250,2.396274827554372,1.425970452769686,0.0,1.0,0.0,1.0,0.0,0.0
25,250,3.353736307740113,7.699694616714794,1.0,1.0,0.0,1.0,1.0,1.0
26,250,1.1598789667954152,3.0972778999440784,0.0,0.0,1.0,1.0,0.0,1.0
27,250,9.66250304467432,5.696630475548902,0.0,0.0,1.0,0.0,0.0,0.0
28,250,0.1442176273686314,12.0,1.0,0.0,1.0,0.0,0.0,0.0
29,250,2.126944999378732,3.91717770662314,1.0,1.0,0.0,0.0,1.0,0.0
30,250,11.704686218873576,0.7530348227060127,1.0,0.0,0.0,1.0,0.0,0.0
31,250,0.0,6.024712355175847,1.0,0.0,1.0,0.0,0.0,0.0
32,250,8.063909346286254,2.0537679430895714,0.0,0.0,0.0,0.0,0.0,0.0
33,250,10.036461165307372,2.8329488161534315,1.0,1.0,1.0,0.0,0.0,0.0
34,250,9.090583977743282,5.769903911477836,0.0,1.0,0.0,0.0,0.0,1.0
35,250,8.86289451130924,9.935484613075968,1.0,0.0,0.0,0.0,0.0,0.0
36,250,10.884472043273396,2.977275012059053,1.0,1.0,0.0,0.0,1.0,1.0
37,250,4.173577387633654,9.303339175727128,0.0,0.0,1.0,0.0,0.0,0.0
38,250,6.679178350114946,7.143588221094574,0.0,0.0,0.0,1.0,1.0,0.0
39,250,0.0,4.951996927275036,1.0,0.0,0.0,1.0,1.0,0.0
0,255,3.5259186052669853,8.641477990758704,0.0,1.0,0.0,1.0,0.0,0.0
1,255,7.249524882057385,9.117001981710985,1.0,0.0,1.0,1.0,0.0,1.0
2,255,12.0,0.6096564139020131,0.0,0.0,1.0,1.0,0.0,0.0
3,255,10.271388308131309,2.657873203159016,1.0,0.0,1.0,1.0,0.0,1.0
4,255,10.38784528506779,3.136017841901736,1.0,1.0,0.0,1.0,0.0,0.0
5,255,4.279449619419173,12.0,0.0,0.0,0.0,0.0,1.0,1.0
6,255,11.541736094603356,7.931263422398603,0.0,1.0,1.0,0.0,0.0,1.0
7,255,11.022229011838082,1.7126534180328377,0.0,0.0,1.0,0.0,1.0,1.0
8,255,12.0,6.483204512031778,0.0,0.0,0.0,1.0,1.0,0.0
9,255,9.158678642304896,7.36969279895234,0.0,1.0,0.0,1.0,0.0,1.0
10,255,0.5944455551337182,2.087030480837438,0.0,1.0,0.0,0.0,0.0,0.0
11,255,9.288064022689928,12.0,0.0,0.0,1.0,0.0,0.0,0.0
12,255,0.0304532502499899,8.126941906036343,0.0,0.0,0.0,1.0,1.0,0.0
13,255,12.0,11.35179945546321,0.0,0.0,0.0,1.0,1.0,0.0
14,255,4.132702629116158,2.2009153295982284,1.0,0.0,0.0,0.0,1.0,1.0
15,255,11.981335331697125,4.055415066479198,1.0,1.0,1.0,1.0,1.0,0.0
16,255,5.098304435996403,1.5798364491680643,1.0,0.0,0.0,1.0,0.0,1.0
17,255,12.0,5.683072537536065,0.0,1.0,1.0,0.0,0.0,0.0
18,255,11.564045595410033,0.0,0.0,1.0,0.0,0.0,0.0,0.0
19,255,11.991581092652735,11.099720173556184,0.0,0.0,1.0,0.0,0.0,0.0
20,255,1.944722314934214,11.786164793655823,0.0,1.0,1.0,0.0,1.0,1.0
21,255,4.160586985538786,12.0,0.0,1.0,1.0,1.0,0.0,0.0
22,255,3.1475163701237654,3.9052007994615,0.0,1.0,0.0,1.0,1.0,0.0
23,255,3.293000871587542,12.0,1.0,0.0,0.0,0.0,1.0,0.0
24,255,2.4685058466675325,1.3178459483309808,0.0,1.0,0.0,1.0,0.0,0.0
25,255,3.3147371427998698,7.872745404234609,1.0,1.0,0.0,1.0,1.0,1.0
26,255,1.1290606760008617,3.076611739537139,0.0,0.0,1.0,1.0,0.0,1.0
27,255,9.618767408938496,5.559088497105527,0.0,0.0,1.0,0.0,0.0,0.0
28,255,0.2303873871496418,12.0,1.0,0.0,1.0,0.0,0.0,0.0
29,255,2.2313716749343278,3.953454797662958,1.0,1.0,0.0,0.0,1.0,0.0
30,255,11.688538820896406,0.7518820828197158,1.0,0.0,0.0,1.0,0.0,0.0
31,255,0.0,5.961589310413808,1.0,0.0,1.0,0.0,0.0,0.0
32,255,8.099082440990891,2.0790290075288063,0.0,0.0,0.0,0.0,0.0,0.0
33,255,10.038102215537252,2.8606755745463777,1.0,1.0,1.0,0.0,0.0,0.0
34,255,9.252239337244808,5.816342834328868,0.0,1.0,0.0,0.0,0.0,1.0
35,255,8.87237533511677,9.924291783308336,1.0,0.0,0.0,0.0,0.0,0.0
36,255,10.907146019625037,2.987721906449828,1.0,1.0,0.0,0.0,1.0,1.0
37,255,4.107907377763146,9.358472671968444,0.0,0.0,1.0,0.0,0.0,0.0
38,255,6.721929448745749,7.112966789758772,0.0,0.0,0.0,1.0,1.0,0.0
39,255,0.0,5.008726792698316,1.0,0.0,0.0,1.0,1.0,0.0
0,260,3.4299537497297496,8.524945410835768,0.0,1.0,0.0,1.0,0.0,0.0
1,260,7.214563751772809,9.19423043037017,1.0,0.0,1.0,1.0,0.0,1.0
2,260,12.0,0.5005150524178412,0.0,0.0,1.0,1.0,0.0,0.0
3,260,10.301092922939,2.54250119095788,1.0,0.0,1.0,1.0,0.0,1.0
4,260,10.368644263067008,3.1334313088736283,1.0,1.0,0.0,1.0,0.0,0.0
5,260,4.238573225757034,12.0,0.0,0.0,0.0,0.0,1.0,1.0
6,260,11.6160421913811,8.020488338081192,0.0,1.0,1.0,0.0,0.0,1.0
7,260,11.174267473262676,1.574754029686916,0.0,0.0,1.0,0.0,1.0,1.0
8,260,12.0,6.474705326204698,0.0,0.0,0.0,1.0,1.0,0.0
9,260,9.09117038967417,7.272730945369472,0.0,1.0,0.0,1.0,0.0,1.0
10,260,0.5658320830252789,2.043094211198114,0.0,1.0,0.0,0.0,0.0,0.0
11,260,9.243771794755524,12.0,0.0,0.0,1.0,0.0,0.0,0.0
12,260,0.0,8.141265892640467,0.0,0.0,0.0,1.0,1.0,0.0
13,260,12.0,11.480020248175622,0.0,0.0,0.0,1.0,1.0,0.0
14,260,4.132222919059245,2.1998332903599223,1.0,0.0,0.0,0.0,1.0,1.0
15,260,11.974657838297604,4.052784749691848,1.0,1.0,1.0,1.0,1.0,0.0
16,260,5.188412860324108,1.6057993695758883,1.0,0.0,0.0,1.0,0.0,1.0
17,260,12.0,5.885333674503325,0.0,1.0,1.0,0.0,0.0,0.0
18,260,11.61892717755917,0.0,0.0,1.0,0.0,0.0,0.0,0.0
19,260,11.969406455373749,11.118245727286697,0.0,0.0,1.0,0.0,0.0,0.0
20,260,2.0072807127273347,11.752068423701132,0.0,1.0,1.0,0.0,1.0,1.0
21,260,4.133805182175856,12.0,0.0,1.0,1.0,1.0,0.0,0.0
22,260,3.139633559597117,3.898029704492895,0.0,1.0,0.0,1.0,1.0,0.0
23,260,3.4170325792749825,12.0,1.0,0.0,0.0,0.0,1.0,0.0
24,260,2.535842653565992,1.2126615881152232,0.0,1.0,0.0,1.0,0.0,0.0
25,260,3.280365341024067,8.030901566886365,1.0,1.0,0.0,1.0,1.0,1.0
26,260,1.094170117458021,3.053048016496,0.0,0.0,1.0,1.0,0.0,1.0
27,260,9.570459556379127,5.412744982435329,0.0,0.0,1.0,0.0,0.0,0.0
28,260,0.3184264802841949,12.0,1.0,0.0,1.0,0.0,0.0,0.0
29,260,2.333617593755721,3.9877690716424414,1.0,1.0,0.0,0.0,1.0,0.0
30,260,11.6650942803656,0.7506471343026817,1.0,0.0,0.0,1.0,0.0,0.0
31,260,0.0,5.892793809144768,1.0,0.0,1.0,0.0,0.0,0.0
32,260,8.12965728879051,2.1004628020388854,0.0,0.0,0.0,0.0,0.0,0.0
33,260,10.039924016658262,2.902639572246,1.0,1.0,1.0,0.0,0.0,0.0
34,260,9.405329607621058,5.859930268203949,0.0,1.0,0.0,0.0,0.0,1.0
35,260,8.88503771243557,9.908228362095292,1.0,0.0,0.0,0.0,0.0,0.0
36,260,10.906715254713982,2.9875132719701813,1.0,1.0,0.0,0.0,1.0,1.0
37,260,4.030390570020143,9.422643734298434,0.0,0.0,1.0,0.0,0.0,0.0
38,260,6.763533042719692,7.083029825258703,0.0,0.0,0.0,1.0,1.0,0.0
39,260,0.0,5.069279165921755,1.0,0.0,0.0,1.0,1.0,0.0
0,265,3.3188221322760603,8.391230995033192,0.0,1.0,0.0,1.0,0.0,0.0
1,265,7.2878212195536545,9.225109390126608,1.0,0.0,1.0,1.0,0.0,1.0
2,265,12.0,0.3935604327655079,0.0,0.0,1.0,1.0,0.0,0.0
3,265,10.32839848867114,2.4376072368257,1.0,0.0,1.0,1.0,0.0,1.0
4,265,10.34542137198452,3.130795316513037,1.0,1.0,0.0,1.0,0.0,0.0
5,265,4.193342053799298,12.0,0.0,0.0,0.0,0.0,1.0,1.0
6,265,11.690760090149125,8.11437559776107,0.0,1.0,1.0,0.0,0.0,1.0
7,265,11.32365266408958,1.4476663750240195,0.0,0.0,1.0,0.0,1.0,1.0
8,265,12.0,6.46898449234116,0.0,0.0,0.0,1.0,1.0,0.0
9,265,9.021606123143853,7.17079881547612,0.0,1.0,0.0,1.0,0.0,1.0
10,265,0.5293414027691142,1.987879041475032,0.0,1.0,0.0,0.0,0.0,0.0
11,265,9.199968070503555,12.0,0.0,0.0,1.0,0.0,0.0,0.0
12,265,0.0,8.159177357679539,0.0,0.0,0.0,1.0,1.0,0.0
13,265,12.0,11.617101314217525,0.0,0.0,0.0,1.0,1.0,0.0
14,265,4.127066718783653,2.189104000785133,1.0,0.0,0.0,0.0,1.0,1.0
15,265,11.96841027230537,4.050507083505738,1.0,1.0,1.0,1.0,1.0,0.0
16,265,5.254859408129254,1.6254786971742965,1.0,0.0,0.0,1.0,0.0,1.0
17,265,12.0,6.092510005457264,0.0,1.0,1.0,0.0,0.0,0.0
18,265,11.658161849287556,0.0,0.0,1.0,0.0,0.0,0.0,0.0
19,265,11.952098184305912,11.132807537971832,0.0,0.0,1.0,0.0,0.0,0.0
20,265,2.07449002813228,11.717071908595612,0.0,1.0,1.0,0.0,1.0,1.0
21,265,4.105289453167565,12.0,0.0,1.0,1.0,1.0,0.0,0.0
22,265,3.1293706525862683,3.888775259038095,0.0,1.0,0.0,1.0,1.0,0.0
23,265,3.5491786228086357,12.0,1.0,0.0,0.0,0.0,1.0,0.0
24,265,2.5989010008943008,1.113144165665409,0.0,1.0,0.0,1.0,0.0,0.0
25,265,3.245738125675388,8.185889799199577,1.0,1.0,0.0,1.0,1.0,1.0
26,265,1.050148801961919,3.0206531595509265,0.0,0.0,1.0,1.0,0.0,1.0
27,265,9.526203364569051,5.26760779656493,0.0,0.0,1.0,0.0,0.0,0.0
28,265,0.3778161598437186,12.0,1.0,0.0,1.0,0.0,0.0,0.0
29,265,2.4155287771286966,4.015279790494303,1.0,1.0,0.0,0.0,1.0,0.0
30,265,11.644279723421365,0.750093303598877,1.0,0.0,0.0,1.0,0.0,0.0
31,265,0.0,5.822822383748797,1.0,0.0,1.0,0.0,0.0,0.0
32,265,8.16981512616388,2.129821270072297,0.0,0.0,0.0,0.0,0.0,0.0
33,265,10.043430316291657,2.9650379214167577,1.0,1.0,1.0,0.0,0.0,0.0
34,265,9.57808859840155,5.9100209891974735,0.0,1.0,0.0,0.0,0.0,1.0
35,265,8.894579050092778,9.896793498489268,1.0,0.0,0.0,0.0,0.0,0.0
36,265,10.916447803510216,2.9920637078057437,1.0,1.0,0.0,0.0,1.0,1.0
37,265,3.960406771089686,9.483518218098956,0.0,0.0,1.0,0.0,0.0,0.0
38,265,6.8155204351195415,7.044641156230771,0.0,0.0,0.0,1.0,1.0,0.0
39,265,0.0,5.146083721596329,1.0,0.0,0.0,1.0,1.0,0.0
0,270,3.202622624773894,8.253885765456253,0.0,1.0,0.0,1.0,0.0,0.0
1,270,7.369982829034649,9.261057123640263,1.0,0.0,1.0,1.0,0.0,1.0
2,270,12.0,0.2678759295928914,0.0,0.0,1.0,1.0,0.0,0.0
3,270,10.356931846247578,2.3172328133063043,1.0,0.0,1.0,1.0,0.0,1.0
4,270,10.3174275114334,3.1272171448343333,1.0,1.0,0.0,1.0,0.0,0.0
5,270,4.148832956419687,12.0,0.0,0.0,0.0,0.0,1.0,1.0
6,270,11.775314585607632,8.220425327786991,0.0,1.0,1.0,0.0,0.0,1.0
7,270,11.473390486992477,1.3157440507693994,0.0,0.0,1.0,0.0,1.0,1.0
8,270,12.0,6.463847548336784,0.0,0.0,0.0,1.0,1.0,0.0
9,270,8.94664027440717,7.060017734583305,0.0,1.0,0.0,1.0,0.0,1.0
10,270,0.5811364601352118,1.9548913626194249,0.0,1.0,0.0,0.0,0.0,0.0
11,270,9.173152796004784,12.0,0.0,0.0,1.0,0.0,0.0,0.0
12,270,0.0,8.175466597678211,0.0,0.0,0.0,1.0,1.0,0.0
13,270,12.0,11.756190644565894,0.0,0.0,0.0,1.0,1.0,0.0
14,270,4.12937923062624,2.1943207801035545,1.0,0.0,0.0,0.0,1.0,1.0
15,270,11.985912791288817,4.056951671104127,1.0,1.0,1.0,1.0,1.0,0.0
16,270,5.327948349816028,1.6488821923114856,1.0,0.0,0.0,1.0,0.0,1.0
17,270,12.0,6.305627915931484,0.0,1.0,1.0,0.0,0.0,0.0
18,270,11.713204773623604,0.0,0.0,1.0,0.0,0.0,0.0,0.0
19,270,11.940916821640352,11.142300016271983,0.0,0.0,1.0,0.0,0.0,0.0
20,270,2.1275161927353183,11.688468421549253,0.0,1.0,1.0,0.0,1.0,1.0
21,270,4.066630509867267,12.0,0.0,1.0,1.0,1.0,0.0,0.0
22,270,3.12233630004375,3.882004189674552,0.0,1.0,0.0,1.0,1.0,0.0
23,270,3.669443520175262,12.0,1.0,0.0,0.0,0.0,1.0,0.0
24,270,2.483126644965357,1.0320045569215643,0.0,1.0,0.0,1.0,0.0,0.0
25,270,3.2140821217468725,8.335545870712014,1.0,1.0,0.0,1.0,1.0,1.0
26,270,0.9972508629961416,2.9819449365319253,0.0,0.0,1.0,1.0,0.0,1.0
27,270,9.478880826044628,5.125757536025976,0.0,0.0,1.0,0.0,0.0,0.0
28,270,0.4528045635138417,12.0,1.0,0.0,1.0,0.0,0.0,0.0
29,270,2.506739820775704,4.0438837723626,1.0,1.0,0.0,0.0,1.0,0.0
30,270,11.643233834403931,0.7500462514990704,1.0,0.0,0.0,1.0,0.0,0.0
31,270,0.0,5.748273023107506,1.0,0.0,1.0,0.0,0.0,0.0
32,270,8.197599997543067,2.1501565898987094,0.0,0.0,0.0,0.0,0.0,0.0
33,270,10.045876085097554,3.028458247834761,1.0,1.0,1.0,0.0,0.0,0.0
34,270,9.757282307452716,5.962706068259682,0.0,1.0,0.0,0.0,0.0,1.0
35,270,8.925950706366313,9.86099136550819,1.0,0.0,0.0,0.0,0.0,0.0
36,270,10.93431367311539,3.001304896322237,1.0,1.0,0.0,0.0,1.0,1.0
37,270,3.8907233064947033,9.543695694235778,0.0,0.0,1.0,0.0,0.0,0.0
38,270,6.859409952455434,7.010449219956195,0.0,0.0,0.0,1.0,1.0,0.0
39,270,0.0,5.219930763429203,1.0,0.0,0.0,1.0,1.0,0.0
0,275,3.102817468385349,8.14462146733852,0.0,1.0,0.0,1.0,0.0,0.0
1,275,7.434961668897346,9.289657435126012,1.0,0.0,1.0,1.0,0.0,1.0
2,275,12.0,0.1487700718088506,0.0,0.0,1.0,1.0,0.0,0.0
3,275,10.385127592275625,2.202299042124205,1.0,0.0,1.0,1.0,0.0,1.0
4,275,10.297921026958203,3.124640306009129,1.0,1.0,0.0,1.0,0.0,0.0
5,275,4.105364935578895,12.0,0.0,0.0,0.0,0.0,1.0,1.0
6,275,11.66501112244515,8.307589107953529,0.0,1.0,1.0,0.0,0.0,1.0
7,275,11.62808581787618,1.181315060203595,0.0,0.0,1.0,0.0,1.0,1.0
8,275,12.0,6.454374277817369,0.0,0.0,0.0,1.0,1.0,0.0
9,275,8.864569707441637,6.940586326329396,0.0,1.0,0.0,1.0,0.0,1.0
10,275,0.6089283267333169,1.9988938837904715,0.0,1.0,0.0,0.0,0.0,0.0
11,275,9.13799326760101,12.0,0.0,0.0,1.0,0.0,0.0,0.0
12,275,0.0,8.19012323594198,0.0,0.0,0.0,1.0,1.0,0.0
13,275,12.0,11.91048773157046,0.0,0.0,0.0,1.0,1.0,0.0
14,275,4.149269161145517,2.241737109324319,1.0,0.0,0.0,0.0,1.0,1.0
15,275,11.991327170672688,4.058897883861473,1.0,1.0,1.0,1.0,1.0,0.0
16,275,5.4146436903486,1.676438957121601,1.0,0.0,0.0,1.0,0.0,1.0
17,275,12.0,6.5075885862596765,0.0,1.0,1.0,0.0,0.0,0.0
18,275,11.757948771036537,0.0,0.0,1.0,0.0,0.0,0.0,0.0
19,275,11.9339181097614,11.148533535050955,0.0,0.0,1.0,0.0,0.0,0.0
20,275,2.1617000781184714,11.670233856364764,0.0,1.0,1.0,0.0,1.0,1.0
21,275,4.026545545986764,12.0,0.0,1.0,1.0,1.0,0.0,0.0
22,275,3.114923661611374,3.87449350069886,0.0,1.0,0.0,1.0,1.0,0.0
23,275,3.771213891751344,12.0,1.0,0.0,0.0,0.0,1.0,0.0
24,275,2.3517619488496706,0.9385992975931536,0.0,1.0,0.0,1.0,0.0,0.0
25,275,3.1862715987228403,8.459322331554088,1.0,1.0,0.0,1.0,1.0,1.0
26,275,0.958569055042464,2.9541938954183555,0.0,0.0,1.0,1.0,0.0,1.0
27,275,9.432414979336627,4.994410135499972,0.0,0.0,1.0,0.0,0.0,0.0
28,275,0.5412560489887689,12.0,1.0,0.0,1.0,0.0,0.0,0.0
29,275,2.6097297155900807,4.077327750984471,1.0,1.0,0.0,0.0,1.0,0.0
30,275,11.657255213347645,0.7509041263937712,1.0,0.0,0.0,1.0,0.0,0.0
31,275,0.0,5.665756986172004,1.0,0.0,1.0,0.0,0.0,0.0
32,275,8.237666132229016,2.1779579908301026,0.0,0.0,0.0,0.0,0.0,0.0
33,275,10.04724556210752,3.0810222564197844,1.0,1.0,1.0,0.0,0.0,0.0
34,275,9.957299394297907,6.024979122893414,0.0,1.0,0.0,0.0,0.0,1.0
35,275,8.954870170002582,9.82722822587229,1.0,0.0,0.0,0.0,0.0,0.0
36,275,10.96590815172782,3.0181083693575976,1.0,1.0,0.0,0.0,1.0,1.0
37,275,3.8039932028737855,9.618031082078677,0.0,0.0,1.0,0.0,0.0,0.0
38,275,6.896975683221023,6.980241238793616,0.0,0.0,0.0,1.0,1.0,0.0
39,275,0.0,5.2932234375353255,1.0,0.0,0.0,1.0,1.0,0.0
0,280,3.003114953209086,8.033578328574652,0.0,1.0,0.0,1.0,0.0,0.0
1,280,7.474265916049558,9.307408634977936,1.0,0.0,1.0,1.0,0.0,1.0
2,280,12.0,0.0313889007131985,0.0,0.0,1.0,1.0,0.0,0.0
3,280,10.4108146344603,2.100252586082471,1.0,0.0,1.0,1.0,0.0,1.0
4,280,10.271137686461984,3.1210351052230503,1.0,1.0,0.0,1.0,0.0,0.0
5,280,4.068044739679375,12.0,0.0,0.0,0.0,0.0,1.0,1.0
6,280,11.565918930016595,8.391306317987564,0.0,1.0,1.0,0.0,0.0,1.0
7,280,11.796514074166756,1.024292444888231,0.0,0.0,1.0,0.0,1.0,1.0
8,280,12.0,6.441598252571084,0.0,0.0,0.0,1.0,1.0,0.0
9,280,8.770695730277831,6.799274125702321,0.0,1.0,0.0,1.0,0.0,1.0
10,280,0.6502773499624278,2.062229348394096,0.0,1.0,0.0,0.0,0.0,0.0
11,280,9.106699393115194,12.0,0.0,0.0,1.0,0.0,0.0,0.0
12,280,0.0,8.204106427183119,0.0,0.0,0.0,1.0,1.0,0.0
13,280,12.0,12.0,0.0,0.0,0.0,1.0,1.0,0.0
14,280,4.163492738164863,2.276707047503077,1.0,0.0,0.0,0.0,1.0,1.0
15,280,12.0,4.062370678132474,1.0,1.0,1.0,1.0,1.0,0.0
16,280,5.513372904677845,1.7069120833554732,1.0,0.0,0.0,1.0,0.0,1.0
17,280,12.0,6.694259497654722,0.0,1.0,1.0,0.0,0.0,0.0
18,280,11.824699630806332,0.0,0.0,1.0,0.0,0.0,0.0,0.0
19,280,11.937105194075231,11.14592210343408,0.0,0.0,1.0,0.0,0.0,0.0
20,280,2.2064817274458326,11.64684443027634,0.0,1.0,1.0,0.0,1.0,1.0
21,280,3.978298400329322,12.0,0.0,1.0,1.0,1.0,0.0,0.0
22,280,3.1310303224921663,3.891235911639753,0.0,1.0,0.0,1.0,1.0,0.0
23,280,3.881544421087897,12.0,1.0,0.0,0.0,0.0,1.0,0.0
24,280,2.2094372809721343,0.8397011317949556,0.0,1.0,0.0,1.0,0.0,0.0
25,280,3.158871088534946,8.572805781796188,1.0,1.0,0.0,1.0,1.0,1.0
26,280,0.9160078132430516,2.924623950537153,0.0,0.0,1.0,1.0,0.0,1.0
27,280,9.382937210912472,4.849151378007451,0.0,0.0,1.0,0.0,0.0,0.0
28,280,0.6350616453792466,12.0,1.0,0.0,1.0,0.0,0.0,0.0
29,280,2.73243056228444,4.117485666230574,1.0,1.0,0.0,0.0,1.0,0.0
30,280,11.63404946188621,0.7489809794698865,1.0,0.0,0.0,1.0,0.0,0.0
31,280,0.0,5.582524965832755,1.0,0.0,1.0,0.0,0.0,0.0
32,280,8.263420818652357,2.196198247223328,0.0,0.0,0.0,0.0,0.0,0.0
33,280,10.04858308294639,3.133132322628799,1.0,1.0,1.0,0.0,0.0,0.0
34,280,10.152548040888826,6.085992320213309,0.0,1.0,0.0,0.0,0.0,1.0
35,280,8.990359624938923,9.785079099593746,1.0,0.0,0.0,0.0,0.0,0.0
36,280,11.020291537032334,3.0472742021461143,1.0,1.0,0.0,0.0,1.0,1.0
37,280,3.714751403581884,9.694266646104149,0.0,0.0,1.0,0.0,0.0,0.0
38,280,6.926895253129535,6.9558878867313165,0.0,0.0,0.0,1.0,1.0,0.0
39,280,0.0,5.355293981158784,1.0,0.0,0.0,1.0,1.0,0.0
0,285,2.895324936146825,7.912300055761806,0.0,1.0,0.0,1.0,0.0,0.0
1,285,7.502096139546802,9.320602454405964,1.0,0.0,1.0,1.0,0.0,1.0
2,285,12.0,0.0,0.0,0.0,1.0,1.0,0.0,0.0
3,285,10.434610502497469,2.0046870302741597,1.0,0.0,1.0,1.0,0.0,1.0
4,285,10.244850635813384,3.117365447066114,1.0,1.0,0.0,1.0,0.0,0.0
5,285,4.033707209092182,12.0,0.0,0.0,0.0,0.0,1.0,1.0
6,285,11.465305017673357,8.473242042702747,0.0,1.0,1.0,0.0,0.0,1.0
7,285,11.957555991248718,0.8744918937315639,0.0,0.0,1.0,0.0,1.0,1.0
8,285,12.0,6.432024048784236,0.0,0.0,0.0,1.0,1.0,0.0
9,285,8.675690935332643,6.655101271120169,0.0,1.0,0.0,1.0,0.0,1.0
10,285,0.695784929628773,2.135898229453423,0.0,1.0,0.0,0.0,0.0,0.0
11,285,9.070385442767028,12.0,0.0,0.0,1.0,0.0,0.0,0.0
12,285,0.0,8.218465028960905,0.0,0.0,0.0,1.0,1.0,0.0
13,285,12.0,12.0,0.0,0.0,0.0,1.0,1.0,0.0
14,285,4.175607182930981,2.306857796218088,1.0,0.0,0.0,0.0,1.0,1.0
15,285,11.999765657204607,4.062278115664116,1.0,1.0,1.0,1.0,1.0,0.0
16,285,5.626468571445955,1.7394475918452077,1.0,0.0,0.0,1.0,0.0,1.0
17,285,12.0,6.878871647060023,0.0,1.0,1.0,0.0,0.0,0.0
18,285,11.886076585173722,0.0,0.0,1.0,0.0,0.0,0.0,0.0
19,285,11.946046801617449,11.13823202627814,0.0,0.0,1.0,0.0,0.0,0.0
20,285,2.263513083090274,11.61823753532739,0.0,1.0,1.0,0.0,1.0,1.0
21,285,3.90176334417038,12.0,0.0,1.0,1.0,1.0,0.0,0.0
22,285,3.146313709477417,3.908337927107692,0.0,1.0,0.0,1.0,1.0,0.0
23,285,3.9746503492560463,12.0,1.0,0.0,0.0,0.0,1.0,0.0
24,285,2.063371699816525,0.7358533146608934,0.0,1.0,0.0,1.0,0.0,0.0
25,285,3.132168632647756,8.699576865537322,1.0,1.0,0.0,1.0,1.0,1.0
26,285,0.8925532349126301,2.909009875306699,0.0,0.0,1.0,1.0,0.0,1.0
27,285,9.33456035378291,4.710485775245537,0.0,0.0,1.0,0.0,0.0,0.0
28,285,0.7465690222224649,12.0,1.0,0.0,1.0,0.0,0.0,0.0
29,285,2.8606912728267826,4.161722006897092,1.0,1.0,0.0,0.0,1.0,0.0
30,285,11.603802476374783,0.7464686734698167,1.0,0.0,0.0,1.0,0.0,0.0
31,285,0.0,5.509720814564686,1.0,0.0,1.0,0.0,0.0,0.0
32,285,8.287682052887666,2.2141354130467827,0.0,0.0,0.0,0.0,0.0,0.0
33,285,10.109258318413518,3.132171829050556,1.0,1.0,1.0,0.0,0.0,0.0
34,285,10.3275017087514,6.140798807039133,0.0,1.0,0.0,0.0,0.0,1.0
35,285,9.020332367496136,9.747060350442018,1.0,0.0,0.0,0.0,0.0,0.0
36,285,11.068125060604793,3.072460419555251,1.0,1.0,0.0,0.0,1.0,1.0
37,285,3.6243602998997018,9.775747905862652,0.0,0.0,1.0,0.0,0.0,0.0
38,285,6.95767660771691,6.930531888833275,0.0,0.0,0.0,1.0,1.0,0.0
39,285,0.0,5.42642184131126,1.0,0.0,0.0,1.0,1.0,0.0
0,290,2.8021358514514496,7.801316332580527,0.0,1.0,0.0,1.0,0.0,0.0
1,290,7.522756966530091,9.330820526348344,1.0,0.0,1.0,1.0,0.0,1.0
2,290,12.0,0.0,0.0,0.0,1.0,1.0,0.0,0.0
3,290,10.457549971244491,1.9124314686614543,1.0,0.0,1.0,1.0,0.0,1.0
4,290,10.220533784927078,3.1140532738322357,1.0,1.0,0.0,1.0,0.0,0.0
5,290,3.802696698869444,11.970957490632683,0.0,0.0,0.0,0.0,1.0,1.0
6,290,11.359093878455338,8.556083762644192,0.0,1.0,1.0,0.0,0.0,1.0
7,290,12.0,0.7196994038862362,0.0,0.0,1.0,0.0,1.0,1.0
8,290,12.0,6.422044394283238,0.0,0.0,0.0,1.0,1.0,0.0
9,290,8.590068800174748,6.526846944076231,0.0,1.0,0.0,1.0,0.0,1.0
10,290,0.7470216790856351,2.227816246272516,0.0,1.0,0.0,0.0,0.0,0.0
11,290,9.057254368097704,12.0,0.0,0.0,1.0,0.0,0.0,0.0
12,290,0.0,8.231460324774853,0.0,0.0,0.0,1.0,1.0,0.0
13,290,12.0,12.0,0.0,0.0,0.0,1.0,1.0,0.0
14,290,4.189997848644077,2.3421582239760466,1.0,0.0,0.0,0.0,1.0,1.0
15,290,12.0,4.070692024085333,1.0,1.0,1.0,1.0,1.0,0.0
16,290,5.766113309922724,1.774823892130949,1.0,0.0,0.0,1.0,0.0,1.0
17,290,12.0,7.047028882700044,0.0,1.0,1.0,0.0,0.0,0.0
18,290,11.936691328245576,0.0,0.0,1.0,0.0,0.0,0.0,0.0
19,290,11.970042309881944,11.117067536591495,0.0,0.0,1.0,0.0,0.0,0.0
20,290,2.305191506549676,11.59549674935812,0.0,1.0,1.0,0.0,1.0,1.0
21,290,3.808242091265947,12.0,0.0,1.0,1.0,1.0,0.0,0.0
22,290,3.171149796410833,3.936034922477562,0.0,1.0,0.0,1.0,1.0,0.0
23,290,4.054924068843761,12.0,1.0,0.0,0.0,0.0,1.0,0.0
24,290,1.9098911978976232,0.6258954025173475,0.0,1.0,0.0,1.0,0.0,0.0
25,290,3.110043318681988,8.83143930821097,1.0,1.0,0.0,1.0,1.0,1.0
26,290,0.8644304347369882,2.890213151422244,0.0,0.0,1.0,1.0,0.0,1.0
27,290,9.280690817694394,4.5478694196192215,0.0,0.0,1.0,0.0,0.0,0.0
28,290,0.8667166129697206,12.0,1.0,0.0,1.0,0.0,0.0,0.0
29,290,2.9878492102741943,4.203259974041264,1.0,1.0,0.0,0.0,1.0,0.0
30,290,11.588228235983214,0.7456016311304816,1.0,0.0,0.0,1.0,0.0,0.0
31,290,0.0,5.441087408589065,1.0,0.0,1.0,0.0,0.0,0.0
32,290,8.316220292704342,2.2351787060445067,0.0,0.0,0.0,0.0,0.0,0.0
33,290,10.17167894680166,3.130731193622111,1.0,1.0,1.0,0.0,0.0,0.0
34,290,10.497487145464213,6.191161053864864,0.0,1.0,0.0,0.0,0.0,1.0
35,290,9.047518776153591,9.71246825735332,1.0,0.0,0.0,0.0,0.0,0.0
36,290,11.111370890358176,3.0938715366670064,1.0,1.0,0.0,0.0,1.0,1.0
37,290,3.547233323326528,9.847300140284313,0.0,0.0,1.0,0.0,0.0,0.0
38,290,6.973811476215572,6.917234336520174,0.0,0.0,0.0,1.0,1.0,0.0
39,290,0.0,5.503190805304873,1.0,0.0,0.0,1.0,1.0,0.0
0,295,2.718511711863305,7.6978988273879985,0.0,1.0,0.0,1.0,0.0,0.0
1,295,7.529937002111189,9.334427768187954,1.0,0.0,1.0,1.0,0.0,1.0
2,295,12.0,0.0,0.0,0.0,1.0,1.0,0.0,0.0
3,295,10.476241685627008,1.831080343698812,1.0,0.0,1.0,1.0,0.0,1.0
4,295,10.176917064999635,3.1072784634940245,1.0,1.0,0.0,1.0,0.0,0.0
5,295,3.563400770103976,11.936398233333,0.0,0.0,0.0,0.0,1.0,1.0
6,295,11.262403957732976,8.629571206163366,0.0,1.0,1.0,0.0,0.0,1.0
7,295,12.0,0.5665519791895602,0.0,0.0,1.0,0.0,1.0,1.0
8,295,12.0,6.412237264832193,0.0,0.0,0.0,1.0,1.0,0.0
9,295,8.506525587985111,6.407313772160271,0.0,1.0,0.0,1.0,0.0,1.0
10,295,0.8025983873505795,2.328468117904259,0.0,1.0,0.0,0.0,0.0,0.0
11,295,9.053863865391378,12.0,0.0,0.0,1.0,0.0,0.0,0.0
12,295,0.0,8.243768902290403,0.0,0.0,0.0,1.0,1.0,0.0
13,295,12.0,12.0,0.0,0.0,0.0,1.0,1.0,0.0
14,295,4.190374745096023,2.3431139503109013,1.0,0.0,0.0,0.0,1.0,1.0
15,295,12.0,4.07720761626624,1.0,1.0,1.0,1.0,1.0,0.0
16,295,5.904506840557727,1.807747579515048,1.0,0.0,0.0,1.0,0.0,1.0
17,295,12.0,7.214096897111555,0.0,1.0,1.0,0.0,0.0,0.0
18,295,11.99351643073225,0.0,0.0,1.0,0.0,0.0,0.0,0.0
19,295,12.0,11.08850178424006,0.0,0.0,1.0,0.0,0.0,0.0
20,295,2.3564540311589792,11.566320350130216,0.0,1.0,1.0,0.0,1.0,1.0
21,295,3.722601880458852,12.0,0.0,1.0,1.0,1.0,0.0,0.0
22,295,3.2049403066856046,3.9714582624798487,0.0,1.0,0.0,1.0,1.0,0.0
23,295,4.11323311964249,12.0,1.0,0.0,0.0,0.0,1.0,0.0
24,295,1.7338093937006809,0.4953689448405646,0.0,1.0,0.0,1.0,0.0,0.0
25,295,3.08598506866237,8.972851072522035,1.0,1.0,0.0,1.0,1.0,1.0
26,295,0.8342821283368572,2.8704696238004743,0.0,0.0,1.0,1.0,0.0,1.0
27,295,9.22554971502133,4.38281441554738,0.0,0.0,1.0,0.0,0.0,0.0
28,295,0.9716820589350688,12.0,1.0,0.0,1.0,0.0,0.0,0.0
29,295,3.103978729347393,4.239033648254915,1.0,1.0,0.0,0.0,1.0,0.0
30,295,11.5824447710054,0.7453020385835187,1.0,0.0,0.0,1.0,0.0,0.0
31,295,0.0,5.376872869459788,1.0,0.0,1.0,0.0,0.0,0.0
32,295,8.361437761175642,2.268666937267932,0.0,0.0,0.0,0.0,0.0,0.0
33,295,10.234550433183852,3.131730210419996,1.0,1.0,1.0,0.0,0.0,0.0
34,295,10.67511703655132,6.250011203243071,0.0,1.0,0.0,0.0,0.0,1.0
35,295,9.078691099309484,9.67227878773416,1.0,0.0,0.0,0.0,0.0,0.0
36,295,11.156290127231944,3.116867297525065,1.0,1.0,0.0,0.0,1.0,1.0
37,295,3.4654313782675445,9.92207176457949,0.0,0.0,1.0,0.0,0.0,0.0
38,295,7.001445215869236,6.894281521181736,0.0,0.0,0.0,1.0,1.0,0.0
39,295,0.0,5.571726106631798,1.0,0.0,0.0,1.0,1.0,0.0
