0,0,4.9459779046961385,7.017498871020965,0.0,0.0,1.0,1.0,0.0,1.0
1,0,11.04611951573746,8.010661263339603,0.0,1.0,0.0,1.0,1.0,0.0
2,0,1.9899635715335005,7.9453084318602,0.0,0.0,0.0,0.0,1.0,1.0
3,0,5.965848008566404,6.012949900350756,0.0,0.0,1.0,1.0,0.0,1.0
4,0,8.02370960876133,1.0304599527571972,0.0,0.0,0.0,1.0,1.0,1.0
5,0,6.964042047592917,5.973311653217483,0.0,1.0,0.0,1.0,1.0,0.0
6,0,3.977303581697333,0.0725710650229982,0.0,0.0,0.0,1.0,0.0,0.0
7,0,8.063517969790624,5.025619272430631,0.0,0.0,0.0,1.0,0.0,0.0
8,0,2.9957650890556,11.062104441004678,1.0,1.0,0.0,1.0,1.0,0.0
9,0,4.046608175867924,5.010777980583256,0.0,0.0,0.0,0.0,0.0,0.0
10,0,6.95838551044058,8.024723804971488,0.0,0.0,0.0,0.0,1.0,0.0
11,0,9.94081179261662,2.9960998730845487,1.0,0.0,1.0,1.0,0.0,1.0
12,0,1.986373411454405,5.939437766322851,0.0,1.0,0.0,1.0,0.0,1.0
13,0,8.993628266847828,4.0557553169767,1.0,1.0,1.0,0.0,0.0,0.0
14,0,7.996463790895975,7.920369498739531,0.0,0.0,0.0,0.0,1.0,0.0
15,0,5.997439409102873,3.041846577204641,0.0,0.0,0.0,1.0,0.0,1.0
16,0,2.994543256311744,4.04887901642951,1.0,1.0,0.0,0.0,1.0,0.0
17,0,11.021478280443354,10.944536361386447,1.0,1.0,0.0,0.0,0.0,0.0
18,0,9.941525220057796,10.030877506815113,1.0,0.0,0.0,1.0,0.0,0.0
19,0,2.9508437642863385,6.974588974541937,0.0,0.0,1.0,1.0,0.0,0.0
20,0,10.06094061152613,2.0082910994895067,0.0,1.0,1.0,1.0,0.0,0.0
21,0,0.0604676332746762,6.014184961984864,1.0,0.0,1.0,1.0,0.0,0.0
22,0,0.9392256951111568,4.986415135456703,1.0,1.0,1.0,0.0,0.0,0.0
23,0,10.940666606655697,11.019795383549877,0.0,1.0,0.0,0.0,1.0,0.0
24,0,10.968228930785736,7.033947049670631,0.0,0.0,0.0,0.0,1.0,0.0
25,0,4.052830633968691,6.972147592919904,1.0,1.0,1.0,0.0,0.0,0.0
26,0,5.026946933486381,6.978471742105197,1.0,0.0,1.0,1.0,0.0,0.0
27,0,11.949165641490929,8.970761543198439,1.0,0.0,1.0,0.0,1.0,0.0
28,0,8.983277793962431,7.026808317446001,0.0,0.0,1.0,0.0,1.0,0.0
29,0,3.952003868090194,3.9907436582780096,0.0,1.0,0.0,1.0,0.0,0.0
30,0,1.9825549458730491,10.047419418122493,1.0,0.0,1.0,0.0,0.0,1.0
31,0,6.972107908707788,9.989810616283393,0.0,0.0,1.0,1.0,0.0,1.0
32,0,0.9924553333963008,2.943035339579696,0.0,1.0,0.0,1.0,0.0,0.0
33,0,3.990598561562932,12.0,1.0,0.0,0.0,0.0,1.0,1.0
34,0,1.944234810548744,10.979115915995182,1.0,1.0,0.0,0.0,0.0,0.0
35,0,3.047588766300237,5.019783990407598,1.0,0.0,1.0,0.0,1.0,0.0
36,0,5.95650690295253,11.03836931649574,0.0,1.0,1.0,1.0,0.0,0.0
37,0,6.008069757694906,6.941477825991672,1.0,0.0,1.0,0.0,0.0,1.0
38,0,6.96744987290455,3.0503717759917373,1.0,1.0,0.0,1.0,0.0,0.0
39,0,5.027418708990923,3.0481391493449417,0.0,0.0,0.0,0.0,0.0,0.0
0,5,4.908326158628747,7.030427084347614,0.0,0.0,1.0,1.0,0.0,1.0
1,5,11.101271590518069,8.02477107476312,0.0,1.0,0.0,1.0,1.0,0.0
2,5,1.9809338171034845,7.900634998194176,0.0,0.0,0.0,0.0,1.0,1.0
3,5,5.955246910895257,6.016636218926456,0.0,0.0,1.0,1.0,0.0,1.0
4,5,8.056877013305066,1.0730864631097694,0.0,0.0,0.0,1.0,1.0,1.0
5,5,6.926619160565592,5.945971774057453,0.0,1.0,0.0,1.0,1.0,0.0
6,5,3.950580593036909,0.1568618725883366,0.0,0.0,0.0,1.0,0.0,0.0
7,5,8.128574367468866,5.051901861825932,0.0,0.0,0.0,1.0,0.0,0.0
8,5,2.989586169946696,11.138808849314438,1.0,1.0,0.0,1.0,1.0,0.0
9,5,4.103103829956346,5.023612447496449,0.0,0.0,0.0,0.0,0.0,0.0
10,5,6.917591783811499,8.050009472787828,0.0,0.0,0.0,0.0,1.0,0.0
11,5,9.869095571480152,2.990981606375124,1.0,0.0,1.0,1.0,0.0,1.0
12,5,1.9736681161237024,5.879258507961096,0.0,1.0,0.0,1.0,0.0,1.0
13,5,8.984404838663561,4.128528903851248,1.0,1.0,1.0,0.0,0.0,0.0
14,5,7.9954557302411615,7.872602250156725,0.0,0.0,0.0,0.0,1.0,0.0
15,5,5.993801895676762,3.096638222923172,0.0,0.0,0.0,1.0,0.0,1.0
16,5,2.98919644093713,4.107932033379902,1.0,1.0,0.0,0.0,1.0,0.0
17,5,11.027667145763646,10.92857569522918,1.0,1.0,0.0,0.0,0.0,0.0
18,5,9.895785793101613,10.054780094168429,1.0,0.0,0.0,1.0,0.0,0.0
19,5,2.9022461206096555,6.949810892425546,0.0,0.0,1.0,1.0,0.0,0.0
20,5,10.106375619124986,2.0146907961692926,0.0,1.0,1.0,1.0,0.0,0.0
21,5,0.1405652009435454,6.033756139275503,1.0,0.0,1.0,1.0,0.0,0.0
22,5,0.9012344451628004,4.978537493542674,1.0,1.0,1.0,0.0,0.0,0.0
23,5,10.878098030424995,11.040347937785103,0.0,1.0,0.0,0.0,1.0,0.0
24,5,10.936041095653088,7.068547272251546,0.0,0.0,0.0,0.0,1.0,0.0
25,5,4.092810543241934,6.9513959896331565,1.0,1.0,1.0,0.0,0.0,0.0
26,5,5.067680723458717,6.946685410710921,1.0,0.0,1.0,1.0,0.0,0.0
27,5,11.890175232119896,8.93673046752602,1.0,0.0,1.0,0.0,1.0,0.0
28,5,8.972245925735363,7.04363649727373,0.0,0.0,1.0,0.0,1.0,0.0
29,5,3.902030384055698,3.981197965198961,0.0,1.0,0.0,1.0,0.0,0.0
30,5,1.9655201355962792,10.090451267961274,1.0,0.0,1.0,0.0,0.0,1.0
31,5,6.948579086327423,9.980869026299528,0.0,0.0,1.0,1.0,0.0,1.0
32,5,0.9868795640028244,2.9006334642876,0.0,1.0,0.0,1.0,0.0,0.0
33,5,3.9836490967171887,12.0,1.0,0.0,0.0,0.0,1.0,1.0
34,5,1.8810876196750048,10.955252256617417,1.0,1.0,0.0,0.0,0.0,0.0
35,5,3.093447870677713,5.038589125464746,1.0,0.0,1.0,0.0,1.0,0.0
36,5,5.9133216034161205,11.076848401552622,0.0,1.0,1.0,1.0,0.0,0.0
37,5,6.016301392744218,6.883916126158876,1.0,0.0,1.0,0.0,0.0,1.0
38,5,6.93359057948423,3.1028685265821023,1.0,1.0,0.0,1.0,0.0,0.0
39,5,5.0513139009336525,3.09356037029558,0.0,0.0,0.0,0.0,0.0,0.0
0,10,4.871672136802751,7.042235161655454,0.0,0.0,1.0,1.0,0.0,1.0
1,10,11.177036104395052,8.044127719071312,0.0,1.0,0.0,1.0,1.0,0.0
2,10,1.9679469038259152,7.834775621392415,0.0,0.0,0.0,0.0,1.0,1.0
3,10,5.938494289836012,6.022837344454698,0.0,0.0,1.0,1.0,0.0,1.0
4,10,8.083181175894937,1.1059017306613192,0.0,0.0,0.0,1.0,1.0,1.0
5,10,6.8892889841203,5.918553734864732,0.0,1.0,0.0,1.0,1.0,0.0
6,10,3.924268321730223,0.239116557786112,0.0,0.0,0.0,1.0,0.0,0.0
7,10,8.197420846429342,5.081568419027659,0.0,0.0,0.0,1.0,0.0,0.0
8,10,2.9844635229762697,11.222707967280428,1.0,1.0,0.0,1.0,1.0,0.0
9,10,4.157940814441033,5.03755336734797,0.0,0.0,0.0,0.0,0.0,0.0
10,10,6.883686878192946,8.07073448058971,0.0,0.0,0.0,0.0,1.0,0.0
11,10,9.78830012910656,2.984661878645998,1.0,0.0,1.0,1.0,0.0,1.0
12,10,1.9625304377866255,5.8255568549728665,0.0,1.0,0.0,1.0,0.0,1.0
13,10,8.9766044658257,4.1920109789142215,1.0,1.0,1.0,0.0,0.0,0.0
14,10,7.994065560536026,7.820992217277694,0.0,0.0,0.0,0.0,1.0,0.0
15,10,5.99128747709978,3.1382811712176304,0.0,0.0,0.0,1.0,0.0,1.0
16,10,2.9843955555003374,4.174608227486173,1.0,1.0,0.0,0.0,1.0,0.0
17,10,11.031064382324388,10.919482536407443,1.0,1.0,0.0,0.0,0.0,0.0
18,10,9.868511171659426,10.068663478427547,1.0,0.0,0.0,1.0,0.0,0.0
19,10,2.8512883724704507,6.924364889971298,0.0,0.0,1.0,1.0,0.0,0.0
20,10,10.157996838702038,2.02282163717061,0.0,1.0,1.0,1.0,0.0,0.0
21,10,0.2364102566234963,6.057688231071723,1.0,0.0,1.0,1.0,0.0,0.0
22,10,0.8620761406938686,4.970696520623765,1.0,1.0,1.0,0.0,0.0,0.0
23,10,10.805756980923496,11.064070444235744,0.0,1.0,0.0,0.0,1.0,0.0
24,10,10.908823926186594,7.097164815572618,0.0,0.0,0.0,0.0,1.0,0.0
25,10,4.153428790756858,6.9212715471172,1.0,1.0,1.0,0.0,0.0,0.0
26,10,5.101524568221282,6.92071315685158,1.0,0.0,1.0,1.0,0.0,0.0
27,10,11.81679828169973,8.897092517991195,1.0,0.0,1.0,0.0,1.0,0.0
28,10,8.953130089776009,7.073703224129188,0.0,0.0,1.0,0.0,1.0,0.0
29,10,3.859443511754255,3.971335828031846,0.0,1.0,0.0,1.0,0.0,0.0
30,10,1.9446581185731229,10.082598662184235,1.0,0.0,1.0,0.0,0.0,1.0
31,10,6.943191284233008,9.97872496133151,0.0,0.0,1.0,1.0,0.0,1.0
32,10,0.9813750327730048,2.854654243910332,0.0,1.0,0.0,1.0,0.0,0.0
33,10,3.9768896468539694,12.0,1.0,0.0,0.0,0.0,1.0,1.0
34,10,1.8252070906088185,10.93442044630103,1.0,1.0,0.0,0.0,0.0,0.0
35,10,3.1331887984858566,5.055763128441988,1.0,0.0,1.0,0.0,1.0,0.0
36,10,5.864458016250404,11.12204043395808,0.0,1.0,1.0,1.0,0.0,0.0
37,10,6.0254836214049154,6.813716840286648,1.0,0.0,1.0,0.0,0.0,1.0
38,10,6.893930102082618,3.16813500361748,1.0,1.0,0.0,1.0,0.0,0.0
39,10,5.076693049794156,3.14399103937202,0.0,0.0,0.0,0.0,0.0,0.0
0,15,4.84442735128009,7.051361917661795,0.0,0.0,1.0,1.0,0.0,1.0
1,15,11.240501289018123,8.060373988666647,0.0,1.0,0.0,1.0,1.0,0.0
2,15,1.958024879875753,7.7783272167328015,0.0,0.0,0.0,0.0,1.0,1.0
3,15,5.93333319345357,6.024680744004439,0.0,0.0,1.0,1.0,0.0,1.0
4,15,8.116897007237075,1.1492194991604787,0.0,0.0,0.0,1.0,1.0,1.0
5,15,6.848704575155397,5.888478675778461,0.0,1.0,0.0,1.0,1.0,0.0
6,15,3.898682666832745,0.3303038305807698,0.0,0.0,0.0,1.0,0.0,0.0
7,15,8.268560078168871,5.113031604928419,0.0,0.0,0.0,1.0,0.0,0.0
8,15,2.9804308148135426,11.321643483587293,1.0,1.0,0.0,1.0,1.0,0.0
9,15,4.196274164253636,5.046748594666928,0.0,0.0,0.0,0.0,0.0,0.0
10,15,6.861749528896472,8.083777268435963,0.0,0.0,0.0,0.0,1.0,0.0
11,15,9.70261672986694,2.9782986351031244,1.0,0.0,1.0,1.0,0.0,1.0
12,15,1.949373673660998,5.759933184007131,0.0,1.0,0.0,1.0,0.0,1.0
13,15,8.967099091711148,4.270250706320815,1.0,1.0,1.0,0.0,0.0,0.0
14,15,7.992962469317805,7.773011920505122,0.0,0.0,0.0,0.0,1.0,0.0
15,15,5.989423506869701,3.1646733372378844,0.0,0.0,0.0,1.0,0.0,1.0
16,15,2.9782397058930035,4.257862577243996,1.0,1.0,0.0,0.0,1.0,0.0
17,15,11.034236744281216,10.910496067913371,1.0,1.0,0.0,0.0,0.0,0.0
18,15,9.847390063129888,10.079098959503977,1.0,0.0,0.0,1.0,0.0,0.0
19,15,2.7866569128603644,6.890689792288846,0.0,0.0,1.0,1.0,0.0,0.0
20,15,10.22382655020571,2.034534261118548,0.0,1.0,1.0,1.0,0.0,0.0
21,15,0.3225020070634334,6.081292953094558,1.0,0.0,1.0,1.0,0.0,0.0
22,15,0.8173420851777781,4.961782764892428,1.0,1.0,1.0,0.0,0.0,0.0
23,15,10.723735830519695,11.095297753066614,0.0,1.0,0.0,0.0,1.0,0.0
24,15,10.882273146135796,7.125238971356674,0.0,0.0,0.0,0.0,1.0,0.0
25,15,4.218072736604516,6.890302013187423,1.0,1.0,1.0,0.0,0.0,0.0
26,15,5.149344317939127,6.884002280858639,1.0,0.0,1.0,1.0,0.0,0.0
27,15,11.7492085959115,8.859549333336926,1.0,0.0,1.0,0.0,1.0,0.0
28,15,8.93945737167311,7.094255050745117,0.0,0.0,1.0,0.0,1.0,0.0
29,15,3.8330423521949024,3.965112405131361,0.0,1.0,0.0,1.0,0.0,0.0
30,15,1.9181445683989784,10.073110823622542,1.0,0.0,1.0,0.0,0.0,1.0
31,15,6.934648587238479,9.97536959929378,0.0,0.0,1.0,1.0,0.0,1.0
32,15,0.9766870803400972,2.8117381140333557,0.0,1.0,0.0,1.0,0.0,0.0
33,15,3.970524627550471,12.0,1.0,0.0,0.0,0.0,1.0,1.0
34,15,1.7593809358244905,10.909402873681668,1.0,1.0,0.0,0.0,0.0,0.0
35,15,3.1793636061699018,5.075618282981296,1.0,0.0,1.0,0.0,1.0,0.0
36,15,5.832770058487683,11.15150608989611,0.0,1.0,1.0,1.0,0.0,0.0
37,15,6.038178142585448,6.722598019838411,1.0,0.0,1.0,0.0,0.0,1.0
38,15,6.855541522648275,3.230445285037064,1.0,1.0,0.0,1.0,0.0,0.0
39,15,5.108121641186552,3.204180560644306,0.0,0.0,0.0,0.0,0.0,0.0
0,20,4.83853119917527,7.053298189034174,0.0,0.0,1.0,1.0,0.0,1.0
1,20,11.308857386282956,8.07935527960085,0.0,1.0,0.0,1.0,1.0,0.0
2,20,1.945143966351465,7.710518073076325,0.0,0.0,0.0,0.0,1.0,1.0
3,20,5.923178218474247,6.028740267146772,0.0,0.0,1.0,1.0,0.0,1.0
4,20,8.16192728025902,1.2037601156644484,0.0,0.0,0.0,1.0,1.0,1.0
5,20,6.80436546832486,5.853730818940819,0.0,1.0,0.0,1.0,1.0,0.0
6,20,3.877623270543306,0.4013826978452662,0.0,0.0,0.0,1.0,0.0,0.0
7,20,8.337366100469824,5.14261843783766,0.0,0.0,0.0,1.0,0.0,0.0
8,20,2.977617337823728,11.40126498372148,1.0,1.0,0.0,1.0,1.0,0.0
9,20,4.219830116147696,5.052062408292265,0.0,0.0,0.0,0.0,0.0,0.0
10,20,6.846416837174767,8.092926908159155,0.0,0.0,0.0,0.0,1.0,0.0
11,20,9.629369031318744,2.974046990940749,1.0,0.0,1.0,1.0,0.0,1.0
12,20,1.9369957309999248,5.694152996468,0.0,1.0,0.0,1.0,0.0,1.0
13,20,8.960226112937155,4.328512679686471,1.0,1.0,1.0,0.0,0.0,0.0
14,20,7.991620569107907,7.726026096683091,0.0,0.0,0.0,0.0,1.0,0.0
15,20,5.984717716325615,3.2247948479868094,0.0,0.0,0.0,1.0,0.0,1.0
16,20,2.975616212812022,4.333972909803353,1.0,1.0,0.0,0.0,1.0,0.0
17,20,11.03886917497063,10.896868406754995,1.0,1.0,0.0,0.0,0.0,0.0
18,20,9.818839944328111,10.09222842046276,1.0,0.0,0.0,1.0,0.0,0.0
19,20,2.7261932206106483,6.861087190231013,0.0,0.0,1.0,1.0,0.0,0.0
20,20,10.294039380520273,2.047627132572037,0.0,1.0,1.0,1.0,0.0,0.0
21,20,0.403932392460045,6.104650889892925,1.0,0.0,1.0,1.0,0.0,0.0
22,20,0.764090107750594,4.950110398223859,1.0,1.0,1.0,0.0,0.0,0.0
23,20,10.65914946551619,11.121332423909188,0.0,1.0,0.0,0.0,1.0,0.0
24,20,10.87190494690538,7.135800665853641,0.0,0.0,0.0,0.0,1.0,0.0
25,20,4.274105712658208,6.862070374979755,1.0,1.0,1.0,0.0,0.0,0.0
26,20,5.189688530788604,6.8523772590330925,1.0,0.0,1.0,1.0,0.0,0.0
27,20,11.693581321488846,8.830107795158373,1.0,0.0,1.0,0.0,1.0,0.0
28,20,8.920815416116968,7.121628016330089,0.0,0.0,1.0,0.0,1.0,0.0
29,20,3.783604360082827,3.9531688695071296,0.0,1.0,0.0,1.0,0.0,0.0
30,20,1.9000810769248768,10.0669889402077,1.0,0.0,1.0,0.0,0.0,1.0
31,20,6.931779736362245,9.974303432990604,0.0,0.0,1.0,1.0,0.0,1.0
32,20,0.9745440615700196,2.7932797574196933,0.0,1.0,0.0,1.0,0.0,0.0
33,20,3.96636480386436,12.0,1.0,0.0,0.0,0.0,1.0,1.0
34,20,1.6775019868507473,10.8807740924713,1.0,1.0,0.0,0.0,0.0,0.0
35,20,3.213057720495117,5.090948090585737,1.0,0.0,1.0,0.0,1.0,0.0
36,20,5.789301665848599,11.19369647960293,0.0,1.0,1.0,1.0,0.0,0.0
37,20,6.049754790462913,6.632084626965929,1.0,0.0,1.0,0.0,0.0,1.0
38,20,6.805027771930723,3.314484471677083,1.0,1.0,0.0,1.0,0.0,0.0
39,20,5.143596492198207,3.272769854796147,0.0,0.0,0.0,0.0,0.0,0.0
0,25,4.824423959449383,7.057875629274878,0.0,0.0,1.0,1.0,0.0,1.0
1,25,11.360029590601137,8.093416939087378,0.0,1.0,0.0,1.0,1.0,0.0
2,25,1.934693155966232,7.657018870835272,0.0,0.0,0.0,0.0,1.0,1.0
3,25,5.91931784250271,6.030278962782538,0.0,0.0,1.0,1.0,0.0,1.0
4,25,8.191406227537916,1.239535246851564,0.0,0.0,0.0,1.0,1.0,1.0
5,25,6.751367979251001,5.811582311254612,0.0,1.0,0.0,1.0,1.0,0.0
6,25,3.85121121471461,0.4880814293005041,0.0,0.0,0.0,1.0,0.0,0.0
7,25,8.40364126789299,5.171526444291655,0.0,0.0,0.0,1.0,0.0,0.0
8,25,2.974232127137576,11.47468371900142,1.0,1.0,0.0,1.0,1.0,0.0
9,25,4.236085174548168,5.056108007475783,0.0,0.0,0.0,0.0,0.0,0.0
10,25,6.83558160041379,8.100034875741805,0.0,0.0,0.0,0.0,1.0,0.0
11,25,9.540274635873663,2.968088634125894,1.0,0.0,1.0,1.0,0.0,1.0
12,25,1.9304737224345203,5.659203234519687,0.0,1.0,0.0,1.0,0.0,1.0
13,25,8.951695413254644,4.407108673306863,1.0,1.0,1.0,0.0,0.0,0.0
14,25,7.990604130659231,7.685761056369059,0.0,0.0,0.0,0.0,1.0,0.0
15,25,5.980676858893668,3.278588344516887,0.0,0.0,0.0,1.0,0.0,1.0
16,25,2.9740527928269507,4.39952281838015,1.0,1.0,0.0,0.0,1.0,0.0
17,25,11.054745286736278,10.850749423654372,1.0,1.0,0.0,0.0,0.0,0.0
18,25,9.816199581445062,10.093408192649724,1.0,0.0,0.0,1.0,0.0,0.0
19,25,2.6569409281461187,6.826060597122197,0.0,0.0,1.0,1.0,0.0,0.0
20,25,10.351206707558994,2.0583879250253294,0.0,1.0,1.0,1.0,0.0,0.0
21,25,0.4624808790513625,6.122915195600978,1.0,0.0,1.0,1.0,0.0,0.0
22,25,0.7127708366521709,4.9400588082207575,1.0,1.0,1.0,0.0,0.0,0.0
23,25,10.596645704277448,11.146581921182747,0.0,1.0,0.0,0.0,1.0,0.0
24,25,10.874045098651312,7.133760053189746,0.0,0.0,0.0,0.0,1.0,0.0
25,25,4.341770298314604,6.827971530093723,1.0,1.0,1.0,0.0,0.0,0.0
26,25,5.213473169658834,6.833630470149961,1.0,0.0,1.0,1.0,0.0,0.0
27,25,11.647804651676449,8.804385942172052,1.0,0.0,1.0,0.0,1.0,0.0
28,25,8.899353373202262,7.152375019116186,0.0,0.0,1.0,0.0,1.0,0.0
29,25,3.771096547668156,3.950220753277131,0.0,1.0,0.0,1.0,0.0,0.0
30,25,1.8668230831243469,10.054589143202444,1.0,0.0,1.0,0.0,0.0,1.0
31,25,6.934185944442335,9.97522663548948,0.0,0.0,1.0,1.0,0.0,1.0
32,25,0.9729246703147104,2.7738200072323904,0.0,1.0,0.0,1.0,0.0,0.0
33,25,3.963214253749391,12.0,1.0,0.0,0.0,0.0,1.0,1.0
34,25,1.5786318274685374,10.847894300523627,1.0,1.0,0.0,0.0,0.0,0.0
35,25,3.241689878689052,5.103095205206556,1.0,0.0,1.0,0.0,1.0,0.0
36,25,5.730980525753219,11.252057505500204,0.0,1.0,1.0,1.0,0.0,0.0
37,25,6.063437982875585,6.538665360624647,1.0,0.0,1.0,0.0,0.0,1.0
38,25,6.748045524813444,3.405313089098005,1.0,1.0,0.0,1.0,0.0,0.0
39,25,5.176555872809909,3.3383298316916394,0.0,0.0,0.0,0.0,0.0,0.0
0,30,4.807593931760607,7.063261035933996,0.0,0.0,1.0,1.0,0.0,1.0
1,30,11.38754742501349,8.100883647759066,0.0,1.0,0.0,1.0,1.0,0.0
2,30,1.9253141114150327,7.612115940824952,0.0,0.0,0.0,0.0,1.0,1.0
3,30,5.919862867779239,6.030062946852827,0.0,0.0,1.0,1.0,0.0,1.0
4,30,8.238610289242459,1.2954393806004028,0.0,0.0,0.0,1.0,1.0,1.0
5,30,6.717682609517976,5.784285516605103,0.0,1.0,0.0,1.0,1.0,0.0
6,30,3.824586774487201,0.5598656113340441,0.0,0.0,0.0,1.0,0.0,0.0
7,30,8.468339240510735,5.199628542816021,0.0,0.0,0.0,1.0,0.0,0.0
8,30,2.9716679570721984,11.558150119408884,1.0,1.0,0.0,1.0,1.0,0.0
9,30,4.278045213371,5.066661111727399,0.0,0.0,0.0,0.0,0.0,0.0
10,30,6.837245208971715,8.09890522363034,0.0,0.0,0.0,0.0,1.0,0.0
11,30,9.471347414908369,2.9633821540240013,1.0,0.0,1.0,1.0,0.0,1.0
12,30,1.9287604272465408,5.649470005420329,0.0,1.0,0.0,1.0,0.0,1.0
13,30,8.9410333234422,4.496335883230316,1.0,1.0,1.0,0.0,0.0,0.0
14,30,7.988267674707742,7.635780229678721,0.0,0.0,0.0,0.0,1.0,0.0
15,30,5.976894779011836,3.336937962745682,0.0,0.0,0.0,1.0,0.0,1.0
16,30,2.973315353819073,4.458248707397464,1.0,1.0,0.0,0.0,1.0,0.0
17,30,11.073960190506462,10.798665402152045,1.0,1.0,0.0,0.0,0.0,0.0
18,30,9.813564128504051,10.094577899725447,1.0,0.0,0.0,1.0,0.0,0.0
19,30,2.58909797565798,6.789442161308109,0.0,0.0,1.0,1.0,0.0,0.0
20,30,10.425537288243454,2.0721339793388056,0.0,1.0,1.0,1.0,0.0,0.0
21,30,0.5133598958032567,6.141034325412734,1.0,0.0,1.0,1.0,0.0,0.0
22,30,0.6534019688996142,4.92647417673874,1.0,1.0,1.0,0.0,0.0,0.0
23,30,10.544329280221575,11.168322054780871,0.0,1.0,0.0,0.0,1.0,0.0
24,30,10.868122603838865,7.139082175479951,0.0,0.0,0.0,0.0,1.0,0.0
25,30,4.396812501749559,6.801724263209851,1.0,1.0,1.0,0.0,0.0,0.0
26,30,5.249234596282115,6.806143483918916,1.0,0.0,1.0,1.0,0.0,0.0
27,30,11.5961989983144,8.774723170380199,1.0,0.0,1.0,0.0,1.0,0.0
28,30,8.883824801435393,7.174512025594511,0.0,0.0,1.0,0.0,1.0,0.0
29,30,3.765661010929318,3.949018924678195,0.0,1.0,0.0,1.0,0.0,0.0
30,30,1.8263190826510167,10.038007825437523,1.0,0.0,1.0,0.0,0.0,1.0
31,30,6.943691126103384,9.978789609388128,0.0,0.0,1.0,1.0,0.0,1.0
32,30,0.9733708144218132,2.77952846932033,0.0,1.0,0.0,1.0,0.0,0.0
33,30,3.9569666937265087,12.0,1.0,0.0,0.0,0.0,1.0,1.0
34,30,1.4982511573741817,10.821496088069145,1.0,1.0,0.0,0.0,0.0,0.0
35,30,3.2741039186754484,5.116171748815231,1.0,0.0,1.0,0.0,1.0,0.0
36,30,5.660968321895605,11.3190871395534,0.0,1.0,1.0,1.0,0.0,0.0
37,30,6.075396144052103,6.454134110945802,1.0,0.0,1.0,0.0,0.0,1.0
38,30,6.692117821912775,3.4899059666380663,1.0,1.0,0.0,1.0,0.0,0.0
39,30,5.216449569511267,3.41674704965257,0.0,0.0,0.0,0.0,0.0,0.0
0,35,4.799406688662214,7.0657019919466535,0.0,0.0,1.0,1.0,0.0,1.0
1,35,11.40653273497674,8.105161391682303,0.0,1.0,0.0,1.0,1.0,0.0
2,35,1.9123204477286864,7.553259705018884,0.0,0.0,0.0,0.0,1.0,1.0
3,35,5.895710632732832,6.039987503192961,0.0,0.0,1.0,1.0,0.0,1.0
4,35,8.297353726783868,1.3660583527283952,0.0,0.0,0.0,1.0,1.0,1.0
5,35,6.671438619624544,5.745055607751791,0.0,1.0,0.0,1.0,1.0,0.0
6,35,3.799840194797455,0.630397438026887,0.0,0.0,0.0,1.0,0.0,0.0
7,35,8.540552685128388,5.229018868452749,0.0,0.0,0.0,1.0,0.0,0.0
8,35,2.9667208788829966,11.64222140651068,1.0,1.0,0.0,1.0,1.0,0.0
9,35,4.316453632846887,5.076089260416286,0.0,0.0,0.0,0.0,0.0,0.0
10,35,6.833202239720883,8.10179919517469,0.0,0.0,0.0,0.0,1.0,0.0
11,35,9.39221064250246,2.9572344472615835,1.0,0.0,1.0,1.0,0.0,1.0
12,35,1.9291007888868767,5.65121177813871,0.0,1.0,0.0,1.0,0.0,1.0
13,35,8.933294466413985,4.5796182354329575,1.0,1.0,1.0,0.0,0.0,0.0
14,35,7.987000774160623,7.5874929209589475,0.0,0.0,0.0,0.0,1.0,0.0
15,35,5.9739656524763385,3.373252275005122,0.0,0.0,0.0,1.0,0.0,1.0
16,35,2.9722225429349405,4.497312857150768,1.0,1.0,0.0,0.0,1.0,0.0
17,35,11.092715164737497,10.74507858517706,1.0,1.0,0.0,0.0,0.0,0.0
18,35,9.806514371965982,10.097863522357152,1.0,0.0,0.0,1.0,0.0,0.0
19,35,2.526198489923161,6.754973166088582,0.0,0.0,1.0,1.0,0.0,0.0
20,35,10.516801287230564,2.093008617729144,0.0,1.0,1.0,1.0,0.0,0.0
21,35,0.5764904921978931,6.161848946707651,1.0,0.0,1.0,1.0,0.0,0.0
22,35,0.6129716951969062,4.91694990563762,1.0,1.0,1.0,0.0,0.0,0.0
23,35,10.481097113282836,11.193529790303003,0.0,1.0,0.0,0.0,1.0,0.0
24,35,10.868961068874809,7.13836686100656,0.0,0.0,0.0,0.0,1.0,0.0
25,35,4.4389962170632105,6.782269831727621,1.0,1.0,1.0,0.0,0.0,0.0
26,35,5.267681035489924,6.791463667744121,1.0,0.0,1.0,1.0,0.0,0.0
27,35,11.545663221271765,8.745479778295895,1.0,0.0,1.0,0.0,1.0,0.0
28,35,8.861177931873241,7.207485652399249,0.0,0.0,1.0,0.0,1.0,0.0
29,35,3.735984891695131,3.9428674843878055,0.0,1.0,0.0,1.0,0.0,0.0
30,35,1.774541001812583,10.017061710295428,1.0,0.0,1.0,0.0,0.0,1.0
31,35,6.929924371936199,9.97380479755526,0.0,0.0,1.0,1.0,0.0,1.0
32,35,0.9744983221223972,2.794375988925049,0.0,1.0,0.0,1.0,0.0,0.0
33,35,3.9543191665899946,12.0,1.0,0.0,0.0,0.0,1.0,1.0
34,35,1.4276722282362495,10.798466914708069,1.0,1.0,0.0,0.0,0.0,0.0
35,35,3.321441921872673,5.135314309265796,1.0,0.0,1.0,0.0,1.0,0.0
36,35,5.586958938901714,11.390925477928242,0.0,1.0,1.0,1.0,0.0,0.0
37,35,6.084668959565011,6.381053722752348,1.0,0.0,1.0,0.0,0.0,1.0
38,35,6.633743763487691,3.5812551051076467,1.0,1.0,0.0,1.0,0.0,0.0
39,35,5.260097228638003,3.5043821654210743,0.0,0.0,0.0,0.0,0.0,0.0
0,40,4.823407382174364,7.058674919109533,0.0,0.0,1.0,1.0,0.0,1.0
1,40,11.413850464156967,8.106638077714514,0.0,1.0,0.0,1.0,1.0,0.0
2,40,1.9003321406377016,7.489679752816784,0.0,0.0,0.0,0.0,1.0,1.0
3,40,5.876802162320248,6.047990018485108,0.0,0.0,1.0,1.0,0.0,1.0
4,40,8.36990476335776,1.453413212890484,0.0,0.0,0.0,1.0,1.0,1.0
5,40,6.63408371753279,5.715649638951989,0.0,1.0,0.0,1.0,1.0,0.0
6,40,3.776088512162594,0.7009741585224779,0.0,0.0,0.0,1.0,0.0,0.0
7,40,8.6048614292622,5.25731809838534,0.0,0.0,0.0,1.0,0.0,0.0
8,40,2.958351604960262,11.72882695881406,1.0,1.0,0.0,1.0,1.0,0.0
9,40,4.3642240260330425,5.088623379570091,0.0,0.0,0.0,0.0,0.0,0.0
10,40,6.815274198247325,8.114494053927647,0.0,0.0,0.0,0.0,1.0,0.0
11,40,9.299011247548826,2.950511912280145,1.0,0.0,1.0,1.0,0.0,1.0
12,40,1.9247388778422985,5.628148001601506,0.0,1.0,0.0,1.0,0.0,1.0
13,40,8.929004713645813,4.659527827856307,1.0,1.0,1.0,0.0,0.0,0.0
14,40,7.985974544437872,7.545796262180184,0.0,0.0,0.0,0.0,1.0,0.0
15,40,5.971435568118671,3.40936113248532,0.0,0.0,0.0,1.0,0.0,1.0
16,40,2.971286125633978,4.539650916951389,1.0,1.0,0.0,0.0,1.0,0.0
17,40,11.120898127476217,10.657907199890577,1.0,1.0,0.0,0.0,0.0,0.0
18,40,9.793608587350043,10.103823073219935,1.0,0.0,0.0,1.0,0.0,0.0
19,40,2.438286567949029,6.705975303106505,0.0,0.0,1.0,1.0,0.0,0.0
20,40,10.632008703234916,2.118490424859546,0.0,1.0,1.0,1.0,0.0,0.0
21,40,0.6393250895483457,6.181563584110341,1.0,0.0,1.0,1.0,0.0,0.0
22,40,0.5845895607309665,4.910461269398394,1.0,1.0,1.0,0.0,0.0,0.0
23,40,10.400835525926585,11.22643603297237,0.0,1.0,0.0,0.0,1.0,0.0
24,40,10.861828948962833,7.144542206513706,0.0,0.0,0.0,0.0,1.0,0.0
25,40,4.490808164649777,6.759790104471668,1.0,1.0,1.0,0.0,0.0,0.0
26,40,5.2781929651831625,6.80392499086024,1.0,0.0,1.0,1.0,0.0,0.0
27,40,11.48567991885532,8.707938273981318,1.0,0.0,1.0,0.0,1.0,0.0
28,40,8.838839381287666,7.239624611011084,0.0,0.0,1.0,0.0,1.0,0.0
29,40,3.714495540273916,3.9387217431295576,0.0,1.0,0.0,1.0,0.0,0.0
30,40,1.7051337195180671,9.989396079845,1.0,0.0,1.0,0.0,0.0,1.0
31,40,6.912828636528137,9.96717951915249,0.0,0.0,1.0,1.0,0.0,1.0
32,40,0.9758295975359916,2.8147129044392845,0.0,1.0,0.0,1.0,0.0,0.0
33,40,3.9492519264074906,12.0,1.0,0.0,0.0,0.0,1.0,1.0
34,40,1.355864340891274,10.776185893378305,1.0,1.0,0.0,0.0,0.0,0.0
35,40,3.3786766277684146,5.157745167012195,1.0,0.0,1.0,0.0,1.0,0.0
36,40,5.487643831388846,11.48775908891003,0.0,1.0,1.0,1.0,0.0,0.0
37,40,6.09556741689943,6.291545748553735,1.0,0.0,1.0,0.0,0.0,1.0
38,40,6.5734244764248135,3.674008219815995,1.0,1.0,0.0,1.0,0.0,0.0
39,40,5.310758714287838,3.599219331418222,0.0,0.0,0.0,0.0,0.0,0.0
0,45,4.855528014149171,7.049862593692367,0.0,0.0,1.0,1.0,0.0,1.0
1,45,11.431212206222416,8.110008642509417,0.0,1.0,0.0,1.0,1.0,0.0
2,45,1.8890668912517163,7.429554838476221,0.0,0.0,0.0,0.0,1.0,1.0
3,45,5.836253036986072,6.065034136355471,0.0,0.0,1.0,1.0,0.0,1.0
4,45,8.434916480354392,1.5282628553833464,0.0,0.0,0.0,1.0,1.0,1.0
5,45,6.616236056724516,5.701892042388923,0.0,1.0,0.0,1.0,1.0,0.0
6,45,3.744396995466346,0.8010125857192988,0.0,0.0,0.0,1.0,0.0,0.0
7,45,8.708886232941344,5.30082034371038,0.0,0.0,0.0,1.0,0.0,0.0
8,45,2.951118940645729,11.829975796726558,1.0,1.0,0.0,1.0,1.0,0.0
9,45,4.410610732455905,5.099392200403019,0.0,0.0,0.0,0.0,0.0,0.0
10,45,6.808322174116014,8.119793122480342,0.0,0.0,0.0,0.0,1.0,0.0
11,45,9.19538105137416,2.942053732786206,1.0,0.0,1.0,1.0,0.0,1.0
12,45,1.916929711858822,5.5877607280433885,0.0,1.0,0.0,1.0,0.0,1.0
13,45,8.924456393748427,4.740834542397028,1.0,1.0,1.0,0.0,0.0,0.0
14,45,7.985190049678295,7.4974970368528195,0.0,0.0,0.0,0.0,1.0,0.0
15,45,5.966191503852529,3.4530158131137982,0.0,0.0,0.0,1.0,0.0,1.0
16,45,2.9697853258367446,4.565108820488386,1.0,1.0,0.0,0.0,1.0,0.0
17,45,11.139795591475908,10.598556279291987,1.0,1.0,0.0,0.0,0.0,0.0
18,45,9.776639577281273,10.111738510847172,1.0,0.0,0.0,1.0,0.0,0.0
19,45,2.374100879900587,6.670607544994556,0.0,0.0,1.0,1.0,0.0,0.0
20,45,10.7441313963886,2.14284551294473,0.0,1.0,1.0,1.0,0.0,0.0
21,45,0.6914381150953934,6.198175873935083,1.0,0.0,1.0,1.0,0.0,0.0
22,45,0.5862708009122682,4.9108691775653295,1.0,1.0,1.0,0.0,0.0,0.0
23,45,10.330035854535636,11.254469981984045,0.0,1.0,0.0,0.0,1.0,0.0
24,45,10.860916127510972,7.145342609576376,0.0,0.0,0.0,0.0,1.0,0.0
25,45,4.569143484478711,6.726558101822569,1.0,1.0,1.0,0.0,0.0,0.0
26,45,5.274415630691385,6.799203281185437,1.0,0.0,1.0,1.0,0.0,0.0
27,45,11.418668025810582,8.66710745637135,1.0,0.0,1.0,0.0,1.0,0.0
28,45,8.797763657347183,7.2999706118957794,0.0,0.0,1.0,0.0,1.0,0.0
29,45,3.685426374507169,3.932970554644689,0.0,1.0,0.0,1.0,0.0,0.0
30,45,1.6289609030393468,9.959294369831014,1.0,0.0,1.0,0.0,0.0,1.0
31,45,6.890689965750656,9.958658918878632,0.0,0.0,1.0,1.0,0.0,1.0
32,45,0.9774620237897088,2.857537962502714,0.0,1.0,0.0,1.0,0.0,0.0
33,45,3.945744822106762,12.0,1.0,0.0,0.0,0.0,1.0,1.0
34,45,1.2965541293450271,10.75674125486226,1.0,1.0,0.0,0.0,0.0,0.0
35,45,3.415240519413317,5.171041566485351,1.0,0.0,1.0,0.0,1.0,0.0
36,45,5.3990333526769705,11.574912921074974,0.0,1.0,1.0,1.0,0.0,0.0
37,45,6.106085070644126,6.204320714421119,1.0,0.0,1.0,0.0,0.0,1.0
38,45,6.505885418270072,3.775183659181428,1.0,1.0,0.0,1.0,0.0,0.0
39,45,5.363046445384471,3.7027333037097456,0.0,0.0,0.0,0.0,0.0,0.0
0,50,4.903247429172039,7.036448896358486,0.0,0.0,1.0,1.0,0.0,1.0
1,50,11.417979666344651,8.107810946730867,0.0,1.0,0.0,1.0,1.0,0.0
2,50,1.876789667877152,7.362639259026135,0.0,0.0,0.0,0.0,1.0,1.0
3,50,5.798689668284749,6.080413082089878,0.0,0.0,1.0,1.0,0.0,1.0
4,50,8.509183222645154,1.610189493462985,0.0,0.0,0.0,1.0,1.0,1.0
5,50,6.601469699197237,5.690734680003633,0.0,1.0,0.0,1.0,1.0,0.0
6,50,3.712369239222343,0.894178773004238,0.0,0.0,0.0,1.0,0.0,0.0
7,50,8.834364349578252,5.351964029004635,0.0,0.0,0.0,1.0,0.0,0.0
8,50,2.943898227940813,11.928842798381892,1.0,1.0,0.0,1.0,1.0,0.0
9,50,4.481025658952711,5.114206003935879,0.0,0.0,0.0,0.0,0.0,0.0
10,50,6.786871536488903,8.135796450475475,0.0,0.0,0.0,0.0,1.0,0.0
11,50,9.082254383934371,2.9307189024819977,1.0,0.0,1.0,1.0,0.0,1.0
12,50,1.901522778415874,5.5176989154227405,0.0,1.0,0.0,1.0,0.0,1.0
13,50,8.91877767377521,4.833743492027461,1.0,1.0,1.0,0.0,0.0,0.0
14,50,7.983864057894137,7.454212029670173,0.0,0.0,0.0,0.0,1.0,0.0
15,50,5.960216881309757,3.4996724085656714,0.0,0.0,0.0,1.0,0.0,1.0
16,50,2.968641137060297,4.58064869997179,1.0,1.0,0.0,0.0,1.0,0.0
17,50,11.162595690595811,10.527041505657294,1.0,1.0,0.0,0.0,0.0,0.0
18,50,9.756126242845635,10.12103117893558,1.0,0.0,0.0,1.0,0.0,0.0
19,50,2.322970697699104,6.643201978172783,0.0,0.0,1.0,1.0,0.0,0.0
20,50,10.848701879580954,2.1642158690060445,0.0,1.0,1.0,1.0,0.0,0.0
21,50,0.7396705858366666,6.213992536445669,1.0,0.0,1.0,1.0,0.0,0.0
22,50,0.5841328209627833,4.910360329789707,1.0,1.0,1.0,0.0,0.0,0.0
23,50,10.256494655559012,11.285141493854862,0.0,1.0,0.0,0.0,1.0,0.0
24,50,10.87860619704941,7.1295644397880125,0.0,0.0,0.0,0.0,1.0,0.0
25,50,4.647713771994096,6.692463041020089,1.0,1.0,1.0,0.0,0.0,0.0
26,50,5.264121217638736,6.786184439820996,1.0,0.0,1.0,1.0,0.0,0.0
27,50,11.341439520365467,8.619623451927959,1.0,0.0,1.0,0.0,1.0,0.0
28,50,8.768260154678833,7.346127347171818,0.0,0.0,1.0,0.0,1.0,0.0
29,50,3.655835154190458,3.9276748532182335,0.0,1.0,0.0,1.0,0.0,0.0
30,50,1.5598472005553092,9.92970960598487,1.0,0.0,1.0,0.0,0.0,1.0
31,50,6.859362052337716,9.947291103568052,0.0,0.0,1.0,1.0,0.0,1.0
32,50,0.9790777623412464,2.9003752663874933,0.0,1.0,0.0,1.0,0.0,0.0
33,50,3.943362975707479,12.0,1.0,0.0,0.0,0.0,1.0,1.0
34,50,1.225518665504012,10.732382840747617,1.0,1.0,0.0,0.0,0.0,0.0
35,50,3.435922360457216,5.17798775541919,1.0,0.0,1.0,0.0,1.0,0.0
36,50,5.298075576122669,11.683753366936918,0.0,1.0,1.0,1.0,0.0,0.0
37,50,6.1157941425730975,6.121026086188079,1.0,0.0,1.0,0.0,0.0,1.0
38,50,6.444537134963141,3.8721596421239135,1.0,1.0,0.0,1.0,0.0,0.0
39,50,5.413946989442652,3.802776020157743,0.0,0.0,0.0,0.0,0.0,0.0
0,55,4.942253014302391,7.027316700367366,0.0,0.0,1.0,1.0,0.0,1.0
1,55,11.429952788300564,8.109889102892575,0.0,1.0,0.0,1.0,1.0,0.0
2,55,1.8618375988149387,7.291869794144532,0.0,0.0,0.0,0.0,1.0,1.0
3,55,5.771733916543493,6.091296165397658,0.0,0.0,1.0,1.0,0.0,1.0
4,55,8.585417247336833,1.6960823127436249,0.0,0.0,0.0,1.0,1.0,1.0
5,55,6.586106607885612,5.679158136494154,0.0,1.0,0.0,1.0,1.0,0.0
6,55,3.6842292512340182,0.9786848594333748,0.0,0.0,0.0,1.0,0.0,0.0
7,55,8.96851622244009,5.404385725400525,0.0,0.0,0.0,1.0,0.0,0.0
8,55,2.9383558055345493,12.0,1.0,1.0,0.0,1.0,1.0,0.0
9,55,4.545538220742353,5.128811228278803,0.0,0.0,0.0,0.0,0.0,0.0
10,55,6.754583299631091,8.159928253305601,0.0,0.0,0.0,0.0,1.0,0.0
11,55,8.9705575495025,2.918384740833456,1.0,0.0,1.0,1.0,0.0,1.0
12,55,1.890366779960298,5.460829892976904,0.0,1.0,0.0,1.0,0.0,1.0
13,55,8.910617485189729,4.9311105421485575,1.0,1.0,1.0,0.0,0.0,0.0
14,55,7.9820425307153,7.400344179580566,0.0,0.0,0.0,0.0,1.0,0.0
15,55,5.954117170735019,3.5533858807461924,0.0,0.0,0.0,1.0,0.0,1.0
16,55,2.968161910493918,4.585514198070883,1.0,1.0,0.0,0.0,1.0,0.0
17,55,11.186917786311511,10.445942663177895,1.0,1.0,0.0,0.0,0.0,0.0
18,55,9.731752586199486,10.132373291464395,1.0,0.0,0.0,1.0,0.0,0.0
19,55,2.2655352199488523,6.613133040947502,0.0,0.0,1.0,1.0,0.0,0.0
20,55,10.938962095615436,2.180974422566008,0.0,1.0,1.0,1.0,0.0,0.0
21,55,0.7964185640058542,6.2351606033675,1.0,0.0,1.0,1.0,0.0,0.0
22,55,0.5831053316830372,4.910118358173309,1.0,1.0,1.0,0.0,0.0,0.0
23,55,10.172480119411013,11.319979550596145,0.0,1.0,0.0,0.0,1.0,0.0
24,55,10.8838112081859,7.124795553062538,0.0,0.0,0.0,0.0,1.0,0.0
25,55,4.7340673917481695,6.656374104622767,1.0,1.0,1.0,0.0,0.0,0.0
26,55,5.246239503064698,6.76437070464366,1.0,0.0,1.0,1.0,0.0,0.0
27,55,11.275822911227324,8.58322138163172,1.0,0.0,1.0,0.0,1.0,0.0
28,55,8.746360589736184,7.383367567631343,0.0,0.0,1.0,0.0,1.0,0.0
29,55,3.629772554348032,3.922907381343515,0.0,1.0,0.0,1.0,0.0,0.0
30,55,1.4762379831396093,9.89286134475487,1.0,0.0,1.0,0.0,0.0,1.0
31,55,6.839321769005779,9.939653330437864,0.0,0.0,1.0,1.0,0.0,1.0
32,55,0.9809620330196572,2.949079256247026,0.0,1.0,0.0,1.0,0.0,0.0
33,55,3.940785282400577,12.0,1.0,0.0,0.0,0.0,1.0,1.0
34,55,1.1611942616255515,10.71100372788418,1.0,1.0,0.0,0.0,0.0,0.0
35,55,3.4471923415113714,5.181730168234184,1.0,0.0,1.0,0.0,1.0,0.0
36,55,5.201976921793306,11.792862482299352,0.0,1.0,1.0,1.0,0.0,0.0
37,55,6.128486637050672,6.018943243984715,1.0,0.0,1.0,0.0,0.0,1.0
38,55,6.39826933432517,3.9487969550266993,1.0,1.0,0.0,1.0,0.0,0.0
39,55,5.463112188999614,3.899665047991879,0.0,0.0,0.0,0.0,0.0,0.0
0,60,5.000865994243216,7.014302825414201,0.0,0.0,1.0,1.0,0.0,1.0
1,60,11.425569923108103,8.13348498951458,0.0,1.0,0.0,1.0,1.0,0.0
2,60,1.8463300774279503,7.21577265204927,0.0,0.0,0.0,0.0,1.0,1.0
3,60,5.752276715112292,6.09849616924359,0.0,0.0,1.0,1.0,0.0,1.0
4,60,8.653686997184908,1.7658402025594282,0.0,0.0,0.0,1.0,1.0,1.0
5,60,6.551373863155892,5.652049013484418,0.0,1.0,0.0,1.0,1.0,0.0
6,60,3.653028132185016,1.071985651177749,0.0,0.0,0.0,1.0,0.0,0.0
7,60,9.09941402831424,5.459421691760372,0.0,0.0,0.0,1.0,0.0,0.0
8,60,2.933376653572649,12.0,1.0,1.0,0.0,1.0,1.0,0.0
9,60,4.597696409073812,5.1397714476482905,0.0,0.0,0.0,0.0,0.0,0.0
10,60,6.6971197140675685,8.199308508075912,0.0,0.0,0.0,0.0,1.0,0.0
11,60,8.853878651694467,2.903241367741861,1.0,0.0,1.0,1.0,0.0,1.0
12,60,1.8749969078017428,5.381907141175983,0.0,1.0,0.0,1.0,0.0,1.0
13,60,8.90071267933644,5.022186982046436,1.0,1.0,1.0,0.0,0.0,0.0
14,60,7.980639370515527,7.34716378081618,0.0,0.0,0.0,0.0,1.0,0.0
15,60,5.948459098795402,3.600548620563604,0.0,0.0,0.0,1.0,0.0,1.0
16,60,2.9676162571696274,4.589308038737338,1.0,1.0,0.0,0.0,1.0,0.0
17,60,11.21096563358874,10.37171618357544,1.0,1.0,0.0,0.0,0.0,0.0
18,60,9.699286589682997,10.148114178807662,1.0,0.0,0.0,1.0,0.0,0.0
19,60,2.2093630289709814,6.584517266163194,0.0,0.0,1.0,1.0,0.0,0.0
20,60,11.036884281690746,2.2004958813590783,0.0,1.0,1.0,1.0,0.0,0.0
21,60,0.8926235987229671,6.269630578381743,1.0,0.0,1.0,1.0,0.0,0.0
22,60,0.584664564149102,4.910441150768148,1.0,1.0,1.0,0.0,0.0,0.0
23,60,10.072087252811034,11.36085577382226,0.0,1.0,0.0,0.0,1.0,0.0
24,60,10.896785137380776,7.113658015439711,0.0,0.0,0.0,0.0,1.0,0.0
25,60,4.813276183760856,6.625420354281425,1.0,1.0,1.0,0.0,0.0,0.0
26,60,5.234296810065829,6.749127145766409,1.0,0.0,1.0,1.0,0.0,0.0
27,60,11.2078764828592,8.547389099830024,1.0,0.0,1.0,0.0,1.0,0.0
28,60,8.725264718980034,7.419790231354932,0.0,0.0,1.0,0.0,1.0,0.0
29,60,3.6250984983381183,3.922183106951951,0.0,1.0,0.0,1.0,0.0,0.0
30,60,1.3860389706754366,9.85528511948766,1.0,0.0,1.0,0.0,0.0,1.0
31,60,6.828316700625336,9.935273809999048,0.0,0.0,1.0,1.0,0.0,1.0
32,60,0.9822782051566408,2.983069719009178,0.0,1.0,0.0,1.0,0.0,0.0
33,60,3.938105482882998,12.0,1.0,0.0,0.0,0.0,1.0,1.0
34,60,1.1830095080985543,10.645588388038476,1.0,1.0,0.0,0.0,0.0,0.0
35,60,3.437173956340281,5.1782109427601055,1.0,0.0,1.0,0.0,1.0,0.0
36,60,5.10430718601603,11.897829132891218,0.0,1.0,1.0,1.0,0.0,0.0
37,60,6.139353363735629,5.923900400740843,1.0,0.0,1.0,0.0,0.0,1.0
38,60,6.348659944123512,4.0301455574296,1.0,1.0,0.0,1.0,0.0,0.0
39,60,5.521599059609958,4.012535988747766,0.0,0.0,0.0,0.0,0.0,0.0
0,65,5.069004179988611,6.999911620817437,0.0,0.0,1.0,1.0,0.0,1.0
1,65,11.418886619083436,8.166260646470466,0.0,1.0,0.0,1.0,1.0,0.0
2,65,1.8269865605440463,7.120952725874037,0.0,0.0,0.0,0.0,1.0,1.0
3,65,5.736300363547162,6.104103541393246,0.0,0.0,1.0,1.0,0.0,1.0
4,65,8.73731739494555,1.8460936300971544,0.0,0.0,0.0,1.0,1.0,1.0
5,65,6.506344649377773,5.616010235909708,0.0,1.0,0.0,1.0,1.0,0.0
6,65,3.62208121464796,1.1614993882649076,0.0,0.0,0.0,1.0,0.0,0.0
7,65,9.206757442243736,5.5037807923798665,0.0,0.0,0.0,1.0,0.0,0.0
8,65,2.931368630453095,12.0,1.0,1.0,0.0,1.0,1.0,0.0
9,65,4.644534647529733,5.151117539972172,0.0,0.0,0.0,0.0,0.0,0.0
10,65,6.640427992919336,8.238639657991701,0.0,0.0,0.0,0.0,1.0,0.0
11,65,8.725144181504252,2.8883550490809804,1.0,0.0,1.0,1.0,0.0,1.0
12,65,1.8564579526682796,5.292099293438136,0.0,1.0,0.0,1.0,0.0,1.0
13,65,8.984521290210404,5.032662392297778,1.0,1.0,1.0,0.0,0.0,0.0
14,65,7.97855586105571,7.302345457819621,0.0,0.0,0.0,0.0,1.0,0.0
15,65,5.945581532100135,3.6233134081321534,0.0,0.0,0.0,1.0,0.0,1.0
16,65,2.9652294502375067,4.60956449565664,1.0,1.0,0.0,0.0,1.0,0.0
17,65,11.239766497144384,10.283658999727214,1.0,1.0,0.0,0.0,0.0,0.0
18,65,9.671644988527182,10.160593349838493,1.0,0.0,0.0,1.0,0.0,0.0
19,65,2.177127099093048,6.567842202242797,0.0,0.0,1.0,1.0,0.0,0.0
20,65,11.15883376889816,2.220169926217928,0.0,1.0,1.0,1.0,0.0,0.0
21,65,0.995656531970388,6.303944392639201,1.0,0.0,1.0,1.0,0.0,0.0
22,65,0.608415465478026,4.91532666880854,1.0,1.0,1.0,0.0,0.0,0.0
23,65,9.977234254105335,11.398374894935165,0.0,1.0,0.0,0.0,1.0,0.0
24,65,10.905777179980095,7.105661591368873,0.0,0.0,0.0,0.0,1.0,0.0
25,65,4.892884806352319,6.594673388318873,1.0,1.0,1.0,0.0,0.0,0.0
26,65,5.216315659413915,6.726295641521281,1.0,0.0,1.0,1.0,0.0,0.0
27,65,11.174087775351474,8.529314582742213,1.0,0.0,1.0,0.0,1.0,0.0
28,65,8.701708842226836,7.461652953450958,0.0,0.0,1.0,0.0,1.0,0.0
29,65,3.598128700212293,3.917876868006275,0.0,1.0,0.0,1.0,0.0,0.0
30,65,1.308510056790248,9.824535863357257,1.0,0.0,1.0,0.0,0.0,1.0
31,65,6.821961871435788,9.932712041648518,0.0,0.0,1.0,1.0,0.0,1.0
32,65,0.9836097774613772,3.02994021479723,0.0,1.0,0.0,1.0,0.0,0.0
33,65,3.933344706769513,12.0,1.0,0.0,0.0,0.0,1.0,1.0
34,65,1.2042076185240933,10.580141017548833,1.0,1.0,0.0,0.0,0.0,0.0
35,65,3.4297298802744005,5.175606437084414,1.0,0.0,1.0,0.0,1.0,0.0
36,65,5.00398826611867,12.0,0.0,1.0,1.0,1.0,0.0,0.0
37,65,6.149546315986201,5.846597645113564,1.0,0.0,1.0,0.0,0.0,1.0
38,65,6.305497994729745,4.105874090975151,1.0,1.0,0.0,1.0,0.0,0.0
39,65,5.579063944294146,4.123083336948589,0.0,0.0,0.0,0.0,0.0,0.0
0,70,5.138676734522774,6.985935907483674,0.0,0.0,1.0,1.0,0.0,1.0
1,70,11.407716541448014,8.224872031101278,0.0,1.0,0.0,1.0,1.0,0.0
2,70,1.8118374236011887,7.052918819770613,0.0,0.0,0.0,0.0,1.0,1.0
3,70,5.727088907174401,6.107147752741121,0.0,0.0,1.0,1.0,0.0,1.0
4,70,8.814237925708692,1.9194905417694037,0.0,0.0,0.0,1.0,1.0,1.0
5,70,6.466270708230158,5.58625208209832,0.0,1.0,0.0,1.0,1.0,0.0
6,70,3.597393211474358,1.2407973950643614,0.0,0.0,0.0,1.0,0.0,0.0
7,70,9.314150591097851,5.549718893778468,0.0,0.0,0.0,1.0,0.0,0.0
8,70,2.928231771935436,12.0,1.0,1.0,0.0,1.0,1.0,0.0
9,70,4.693363292071491,5.16293985925724,0.0,0.0,0.0,0.0,0.0,0.0
10,70,6.585077493792815,8.277255151873407,0.0,0.0,0.0,0.0,1.0,0.0
11,70,8.580845764746963,2.8696550172007456,1.0,0.0,1.0,1.0,0.0,1.0
12,70,1.8399037873457116,5.209125479816957,0.0,1.0,0.0,1.0,0.0,1.0
13,70,9.0765164364388,5.043492430461941,1.0,1.0,1.0,0.0,0.0,0.0
14,70,7.977884271749358,7.290890031897498,0.0,0.0,0.0,0.0,1.0,0.0
15,70,5.945993122486781,3.6197613515724503,0.0,0.0,0.0,1.0,0.0,1.0
16,70,2.9632479699242835,4.627108571863617,1.0,1.0,0.0,0.0,1.0,0.0
17,70,11.266240560217996,10.20533592248938,1.0,1.0,0.0,0.0,0.0,0.0
18,70,9.635727892601528,10.1767315182494,1.0,0.0,0.0,1.0,0.0,0.0
19,70,2.1578709506056613,6.558544505348256,0.0,0.0,1.0,1.0,0.0,0.0
20,70,11.295454656124368,2.240238928421283,0.0,1.0,1.0,1.0,0.0,0.0
21,70,1.1068698526853964,6.34192254627976,1.0,0.0,1.0,1.0,0.0,0.0
22,70,0.6403194980041604,4.921954966205218,1.0,1.0,1.0,0.0,0.0,0.0
23,70,9.876510161288229,11.435746114998448,0.0,1.0,0.0,0.0,1.0,0.0
24,70,10.898379733555114,7.11211103555391,0.0,0.0,0.0,0.0,1.0,0.0
25,70,4.981846078736662,6.561236080498061,1.0,1.0,1.0,0.0,0.0,0.0
26,70,5.208065256639515,6.716254522509595,1.0,0.0,1.0,1.0,0.0,0.0
27,70,11.127251085102127,8.503764514587784,1.0,0.0,1.0,0.0,1.0,0.0
28,70,8.687965143443815,7.487163091287032,0.0,0.0,1.0,0.0,1.0,0.0
29,70,3.589314431944316,3.916497975424114,0.0,1.0,0.0,1.0,0.0,0.0
30,70,1.2231217739116484,9.79006838263953,1.0,0.0,1.0,0.0,0.0,1.0
31,70,6.842174383611616,9.940010338954291,0.0,0.0,1.0,1.0,0.0,1.0
32,70,0.983477487587638,3.0841013604171645,0.0,1.0,0.0,1.0,0.0,0.0
33,70,3.930871862790117,12.0,1.0,0.0,0.0,0.0,1.0,1.0
34,70,1.225099418255969,10.518115785684936,1.0,1.0,0.0,0.0,0.0,0.0
35,70,3.406324480884746,5.167419406828891,1.0,0.0,1.0,0.0,1.0,0.0
36,70,4.906201876452347,12.0,0.0,1.0,1.0,1.0,0.0,0.0
37,70,6.15921612684887,5.784513937997933,1.0,0.0,1.0,0.0,0.0,1.0
38,70,6.26807529335054,4.177422394296075,1.0,1.0,0.0,1.0,0.0,0.0
39,70,5.628454479005741,4.223636104352912,0.0,0.0,0.0,0.0,0.0,0.0
0,75,5.202557619274124,6.971994558806641,0.0,0.0,1.0,1.0,0.0,1.0
1,75,11.393609830661251,8.296503192092246,0.0,1.0,0.0,1.0,1.0,0.0
2,75,1.800438651482553,7.003420433522767,0.0,0.0,0.0,0.0,1.0,1.0
3,75,5.729587513311046,6.106349943074502,0.0,0.0,1.0,1.0,0.0,1.0
4,75,8.879389043576182,1.9833361825857936,0.0,0.0,0.0,1.0,1.0,1.0
5,75,6.409226983449528,5.543876513468402,0.0,1.0,0.0,1.0,1.0,0.0
6,75,3.573588678271658,1.320569490061713,0.0,0.0,0.0,1.0,0.0,0.0
7,75,9.426741077912755,5.598058623336575,0.0,0.0,0.0,1.0,0.0,0.0
8,75,2.927320389379846,12.0,1.0,1.0,0.0,1.0,1.0,0.0
9,75,4.7631333113773335,5.178412307571175,0.0,0.0,0.0,0.0,0.0,0.0
10,75,6.527994132963935,8.318507377599158,0.0,0.0,0.0,0.0,1.0,0.0
11,75,8.437298209816598,2.854475348536688,1.0,0.0,1.0,1.0,0.0,1.0
12,75,1.756940425404705,5.224935859811922,0.0,1.0,0.0,1.0,0.0,1.0
13,75,9.166119219895672,5.052783521505928,1.0,1.0,1.0,0.0,0.0,0.0
14,75,7.976726562918098,7.2721315344537905,0.0,0.0,0.0,0.0,1.0,0.0
15,75,5.946815255146744,3.613278110987885,0.0,0.0,0.0,1.0,0.0,1.0
16,75,2.9632720622412068,4.626835803114034,1.0,1.0,0.0,0.0,1.0,0.0
17,75,11.290534370064623,10.138519594571568,1.0,1.0,0.0,0.0,0.0,0.0
18,75,9.583293949387668,10.19976236833944,1.0,0.0,0.0,1.0,0.0,0.0
19,75,2.136534887844033,6.548128347911204,0.0,0.0,1.0,1.0,0.0,0.0
20,75,11.42361102020492,2.257078754586985,0.0,1.0,1.0,1.0,0.0,0.0
21,75,1.2145000956308434,6.375708050119484,1.0,0.0,1.0,1.0,0.0,0.0
22,75,0.661949067557565,4.925827601845715,1.0,1.0,1.0,0.0,0.0,0.0
23,75,9.775663883326132,11.478479625905564,0.0,1.0,0.0,0.0,1.0,0.0
24,75,10.888290141596892,7.120640840662394,0.0,0.0,0.0,0.0,1.0,0.0
25,75,5.055958568591599,6.534115563747475,1.0,1.0,1.0,0.0,0.0,0.0
26,75,5.2231384297122245,6.7343910390417125,1.0,0.0,1.0,1.0,0.0,0.0
27,75,11.078630186252576,8.476173845039387,1.0,0.0,1.0,0.0,1.0,0.0
28,75,8.673384304097777,7.514277810777596,0.0,0.0,1.0,0.0,1.0,0.0
29,75,3.5818628755149544,3.9153188431114434,0.0,1.0,0.0,1.0,0.0,0.0
30,75,1.134292382014772,9.751566471813138,1.0,0.0,1.0,0.0,0.0,1.0
31,75,6.875723180801203,9.951033501820598,0.0,0.0,1.0,1.0,0.0,1.0
32,75,0.9862726221652812,3.152357249924235,0.0,1.0,0.0,1.0,0.0,0.0
33,75,3.9271524907522704,12.0,1.0,0.0,0.0,0.0,1.0,1.0
34,75,1.243080690112083,10.461227461105278,1.0,1.0,0.0,0.0,0.0,0.0
35,75,3.365886275238036,5.153127632546584,1.0,0.0,1.0,0.0,1.0,0.0
36,75,4.814891020591258,12.0,0.0,1.0,1.0,1.0,0.0,0.0
37,75,6.16986265265898,5.713617859759217,1.0,0.0,1.0,0.0,0.0,1.0
38,75,6.23049560033775,4.2475904126617525,1.0,1.0,0.0,1.0,0.0,0.0
39,75,5.675579217984728,4.318551658718571,0.0,0.0,0.0,0.0,0.0,0.0
0,80,5.277014343814536,6.955218444861565,0.0,0.0,1.0,1.0,0.0,1.0
1,80,11.37606520694384,8.387909855870507,0.0,1.0,0.0,1.0,1.0,0.0
2,80,1.786071406546326,6.937327067520304,0.0,0.0,0.0,0.0,1.0,1.0
3,80,5.74684891539374,6.10051822945665,0.0,0.0,1.0,1.0,0.0,1.0
4,80,8.958099101553485,2.0638582829266423,0.0,0.0,0.0,1.0,1.0,1.0
5,80,6.36201621861834,5.506903698404691,0.0,1.0,0.0,1.0,1.0,0.0
6,80,3.5465698928942486,1.4061741396229788,0.0,0.0,0.0,1.0,0.0,0.0
7,80,9.556027210795104,5.653975089468798,0.0,0.0,0.0,1.0,0.0,0.0
8,80,2.926096362826449,12.0,1.0,1.0,0.0,1.0,1.0,0.0
9,80,4.793714852756362,5.185474607792251,0.0,0.0,0.0,0.0,0.0,0.0
10,80,6.474497601350788,8.358291317711451,0.0,0.0,0.0,0.0,1.0,0.0
11,80,8.300546940785688,2.838220860043764,1.0,0.0,1.0,1.0,0.0,1.0
12,80,1.6521643799757184,5.241876225722622,0.0,1.0,0.0,1.0,0.0,1.0
13,80,9.255333958108691,5.062919156084334,1.0,1.0,1.0,0.0,0.0,0.0
14,80,7.976515638298428,7.268966520046352,0.0,0.0,0.0,0.0,1.0,0.0
15,80,5.949512608403278,3.5925147188387734,0.0,0.0,0.0,1.0,0.0,1.0
16,80,2.964440081208916,4.617058393664498,1.0,1.0,0.0,0.0,1.0,0.0
17,80,11.306801004158286,10.09368571264656,1.0,1.0,0.0,0.0,0.0,0.0
18,80,9.514646548715165,10.230088858657128,1.0,0.0,0.0,1.0,0.0,0.0
19,80,2.128463070943861,6.544293148819001,0.0,0.0,1.0,1.0,0.0,0.0
20,80,11.550403439309846,2.274581379705295,0.0,1.0,1.0,1.0,0.0,0.0
21,80,1.3215750961469983,6.409340615281245,1.0,0.0,1.0,1.0,0.0,0.0
22,80,0.6672810881851394,4.926922549066036,1.0,1.0,1.0,0.0,0.0,0.0
23,80,9.664071572499408,11.528509516989558,0.0,1.0,0.0,0.0,1.0,0.0
24,80,10.87800060688877,7.1294603687506495,0.0,0.0,0.0,0.0,1.0,0.0
25,80,5.121402707019247,6.508733014042633,1.0,1.0,1.0,0.0,0.0,0.0
26,80,5.264420776419621,6.784667381318096,1.0,0.0,1.0,1.0,0.0,0.0
27,80,11.04192853767687,8.455972697458327,1.0,0.0,1.0,0.0,1.0,0.0
28,80,8.652432153407998,7.55652360254187,0.0,0.0,1.0,0.0,1.0,0.0
29,80,3.599484946870262,3.91868341722178,0.0,1.0,0.0,1.0,0.0,0.0
30,80,1.0627815689988227,9.71865219229238,1.0,0.0,1.0,0.0,0.0,1.0
31,80,6.913626426859164,9.96219004755315,0.0,0.0,1.0,1.0,0.0,1.0
32,80,0.9886525410591456,3.2103676190976835,0.0,1.0,0.0,1.0,0.0,0.0
33,80,3.923969756579488,12.0,1.0,0.0,0.0,0.0,1.0,1.0
34,80,1.2561486621071152,10.42004721396375,1.0,1.0,0.0,0.0,0.0,0.0
35,80,3.32316699958451,5.137993521177916,1.0,0.0,1.0,0.0,1.0,0.0
36,80,4.7106688964775145,12.0,0.0,1.0,1.0,1.0,0.0,0.0
37,80,6.1838124227479945,5.619100761482123,1.0,0.0,1.0,0.0,0.0,1.0
38,80,6.194019054857468,4.316711983974324,1.0,1.0,0.0,1.0,0.0,0.0
39,80,5.715471242842979,4.397937278450863,0.0,0.0,0.0,0.0,0.0,0.0
0,85,5.350020506401856,6.936687951376071,0.0,0.0,1.0,1.0,0.0,1.0
1,85,11.364604260677844,8.456788435284,0.0,1.0,0.0,1.0,1.0,0.0
2,85,1.7765034212689526,6.886462854916464,0.0,0.0,0.0,0.0,1.0,1.0
3,85,5.7782053088119,6.089661040893531,0.0,0.0,1.0,1.0,0.0,1.0
4,85,9.04372467087675,2.1529743832076917,0.0,0.0,0.0,1.0,1.0,1.0
5,85,6.327443937258716,5.479947150381939,0.0,1.0,0.0,1.0,1.0,0.0
6,85,3.521410439656962,1.4881220063368863,0.0,0.0,0.0,1.0,0.0,0.0
7,85,9.686556857611825,5.711913350955984,0.0,0.0,0.0,1.0,0.0,0.0
8,85,2.9253314238744323,12.0,1.0,1.0,0.0,1.0,1.0,0.0
9,85,4.828016478351963,5.193619668679329,0.0,0.0,0.0,0.0,0.0,0.0
10,85,6.416777200555926,8.401496516750052,0.0,0.0,0.0,0.0,1.0,0.0
11,85,8.17536795753304,2.823858190427812,1.0,0.0,1.0,1.0,0.0,1.0
12,85,1.5338106283489077,5.260364968866125,0.0,1.0,0.0,1.0,0.0,1.0
13,85,9.347694210710747,5.073135268374103,1.0,1.0,1.0,0.0,0.0,0.0
14,85,7.977035374576291,7.2761054424535505,0.0,0.0,0.0,0.0,1.0,0.0
15,85,5.955258851247298,3.545619119660206,0.0,0.0,0.0,1.0,0.0,1.0
16,85,2.966806943927797,4.600269149584525,1.0,1.0,0.0,0.0,1.0,0.0
17,85,11.319736489483036,10.058318732469846,1.0,1.0,0.0,0.0,0.0,0.0
18,85,9.433724211651532,10.267732866208238,1.0,0.0,0.0,1.0,0.0,0.0
19,85,2.120761817307572,6.540768826755832,0.0,0.0,1.0,1.0,0.0,0.0
20,85,11.69129065907858,2.2973094264721143,0.0,1.0,1.0,1.0,0.0,0.0
21,85,1.439401502991898,6.4469072752693934,1.0,0.0,1.0,1.0,0.0,0.0
22,85,0.6652352018935999,4.926507370801732,1.0,1.0,1.0,0.0,0.0,0.0
23,85,9.561464204716906,11.574790251364616,0.0,1.0,0.0,0.0,1.0,0.0
24,85,10.851358646716188,7.153168596072288,0.0,0.0,0.0,0.0,1.0,0.0
25,85,5.1859653101103005,6.483745738461291,1.0,1.0,1.0,0.0,0.0,0.0
26,85,5.300185467559532,6.83284487523961,1.0,0.0,1.0,1.0,0.0,0.0
27,85,11.010448855897277,8.438316639837614,1.0,0.0,1.0,0.0,1.0,0.0
28,85,8.62497206744961,7.611360950000591,0.0,0.0,1.0,0.0,1.0,0.0
29,85,3.627668362625278,3.923533853365081,0.0,1.0,0.0,1.0,0.0,0.0
30,85,0.9700563122919,9.675244989430634,1.0,0.0,1.0,0.0,0.0,1.0
31,85,6.948128381076843,9.97238115175632,0.0,0.0,1.0,1.0,0.0,1.0
32,85,0.9889924404950644,3.264697352928963,0.0,1.0,0.0,1.0,0.0,0.0
33,85,3.922031744764473,12.0,1.0,0.0,0.0,0.0,1.0,1.0
34,85,1.266910538365858,10.38657711106494,1.0,1.0,0.0,0.0,0.0,0.0
35,85,3.2671302043416985,5.118231123822576,1.0,0.0,1.0,0.0,1.0,0.0
36,85,4.598325305256161,12.0,0.0,1.0,1.0,1.0,0.0,0.0
37,85,6.195888955633852,5.521007466537209,1.0,0.0,1.0,0.0,0.0,1.0
38,85,6.144913348071487,4.403298669039726,1.0,1.0,0.0,1.0,0.0,0.0
39,85,5.756868319188828,4.47931676276286,0.0,0.0,0.0,0.0,0.0,0.0
0,90,5.437577992637441,6.911782283872467,0.0,0.0,1.0,1.0,0.0,1.0
1,90,11.354845903856058,8.518303013781525,0.0,1.0,0.0,1.0,1.0,0.0
2,90,1.7656358882826348,6.831730965372249,0.0,0.0,0.0,0.0,1.0,1.0
3,90,5.794021317711042,6.084313469389209,0.0,0.0,1.0,1.0,0.0,1.0
4,90,9.140675141839566,2.259249500282917,0.0,0.0,0.0,1.0,1.0,1.0
5,90,6.28380016697666,5.445622475459405,0.0,1.0,0.0,1.0,1.0,0.0
6,90,3.492353207860001,1.5864519931939662,0.0,0.0,0.0,1.0,0.0,0.0
7,90,9.828671099218017,5.7759837065076285,0.0,0.0,0.0,1.0,0.0,0.0
8,90,2.9231624432365666,12.0,1.0,1.0,0.0,1.0,1.0,0.0
9,90,4.870319466299571,5.20338073423386,0.0,0.0,0.0,0.0,0.0,0.0
10,90,6.351682621272376,8.451633542495046,0.0,0.0,0.0,0.0,1.0,0.0
11,90,8.026094671312425,2.8012076297429207,1.0,0.0,1.0,1.0,0.0,1.0
12,90,1.4066157634382657,5.279721716255638,0.0,1.0,0.0,1.0,0.0,1.0
13,90,9.440123751891353,5.083685411819625,1.0,1.0,1.0,0.0,0.0,0.0
14,90,7.978734474948077,7.303364888690043,0.0,0.0,0.0,0.0,1.0,0.0
15,90,5.957955237642472,3.523973192064137,0.0,0.0,0.0,1.0,0.0,1.0
16,90,2.967432367247941,4.593839476011373,1.0,1.0,0.0,0.0,1.0,0.0
17,90,11.333902486181415,10.016240733775454,1.0,1.0,0.0,0.0,0.0,0.0
18,90,9.359981326006574,10.301104638292944,1.0,0.0,0.0,1.0,0.0,0.0
19,90,2.1194281412276847,6.5401227019175705,0.0,0.0,1.0,1.0,0.0,0.0
20,90,11.818773548321094,2.316632607702849,0.0,1.0,1.0,1.0,0.0,0.0
21,90,1.5492468008877216,6.485623109578849,1.0,0.0,1.0,1.0,0.0,0.0
22,90,0.6569769863121085,4.924955103721142,1.0,1.0,1.0,0.0,0.0,0.0
23,90,9.44000770561766,11.635390108521314,0.0,1.0,0.0,0.0,1.0,0.0
24,90,10.81861191073679,7.183692768540671,0.0,0.0,0.0,0.0,1.0,0.0
25,90,5.257340647476628,6.456946008694932,1.0,1.0,1.0,0.0,0.0,0.0
26,90,5.339618138627988,6.88477953644214,1.0,0.0,1.0,1.0,0.0,0.0
27,90,10.991632328837571,8.427829791366829,1.0,0.0,1.0,0.0,1.0,0.0
28,90,8.5987296282781,7.662921928839653,0.0,0.0,1.0,0.0,1.0,0.0
29,90,3.659541393970464,3.929278074029556,0.0,1.0,0.0,1.0,0.0,0.0
30,90,0.8624107853911488,9.62518102818845,1.0,0.0,1.0,0.0,0.0,1.0
31,90,6.9954799499899,9.987366331241152,0.0,0.0,1.0,1.0,0.0,1.0
32,90,0.9908891444566168,3.324893392735374,0.0,1.0,0.0,1.0,0.0,0.0
33,90,3.920608059481357,12.0,1.0,0.0,0.0,0.0,1.0,1.0
34,90,1.2842732969308337,10.335352494629298,1.0,1.0,0.0,0.0,0.0,0.0
35,90,3.2221576529554325,5.102175839740366,1.0,0.0,1.0,0.0,1.0,0.0
36,90,4.483120860829961,12.0,0.0,1.0,1.0,1.0,0.0,0.0
37,90,6.203309682084893,5.453074702098877,1.0,0.0,1.0,0.0,0.0,1.0
38,90,6.087058506228827,4.50776139733669,1.0,1.0,0.0,1.0,0.0,0.0
39,90,5.804645714491329,4.568486127468891,0.0,0.0,0.0,0.0,0.0,0.0
0,95,5.510793394005224,6.890187779042228,0.0,0.0,1.0,1.0,0.0,1.0
1,95,11.343222419345748,8.585610856528543,0.0,1.0,0.0,1.0,1.0,0.0
2,95,1.755532242604614,6.77950855199582,0.0,0.0,0.0,0.0,1.0,1.0
3,95,5.814585153016622,6.077206122210206,0.0,0.0,1.0,1.0,0.0,1.0
4,95,9.231031531427616,2.3560332513671787,0.0,0.0,0.0,1.0,1.0,1.0
5,95,6.245262819448585,5.416528033213656,0.0,1.0,0.0,1.0,1.0,0.0
6,95,3.453474442484313,1.7189535916633691,0.0,0.0,0.0,1.0,0.0,0.0
7,95,9.97296291753894,5.844863950340566,0.0,0.0,0.0,1.0,0.0,0.0
8,95,2.9220933510944183,12.0,1.0,1.0,0.0,1.0,1.0,0.0
9,95,4.916727413593195,5.213464775252825,0.0,0.0,0.0,0.0,0.0,0.0
10,95,6.286618429735093,8.50099303635732,0.0,0.0,0.0,0.0,1.0,0.0
11,95,7.863837639060809,2.783276357326446,1.0,0.0,1.0,1.0,0.0,1.0
12,95,1.2523581805311046,5.299833231843875,0.0,1.0,0.0,1.0,0.0,1.0
13,95,9.508278476734096,5.090148373600704,1.0,1.0,1.0,0.0,0.0,0.0
14,95,7.980983685709499,7.334980161818124,0.0,0.0,0.0,0.0,1.0,0.0
15,95,5.959019019879807,3.514125315052109,0.0,0.0,0.0,1.0,0.0,1.0
16,95,2.967148711347908,4.596283766239156,1.0,1.0,0.0,0.0,1.0,0.0
17,95,11.34786370286996,9.977643732694975,1.0,1.0,0.0,0.0,0.0,0.0
18,95,9.300154368585217,10.32756366901178,1.0,0.0,0.0,1.0,0.0,0.0
19,95,2.122825977646168,6.541721693569738,0.0,0.0,1.0,1.0,0.0,0.0
20,95,11.927471876699755,2.331393042368752,0.0,1.0,1.0,1.0,0.0,0.0
21,95,1.6819119314980624,6.531826963578196,1.0,0.0,1.0,1.0,0.0,0.0
22,95,0.6590085978292171,4.92533070211118,1.0,1.0,1.0,0.0,0.0,0.0
23,95,9.311274509544967,11.69511178914908,0.0,1.0,0.0,0.0,1.0,0.0
24,95,10.784424699078883,7.216654953831062,0.0,0.0,0.0,0.0,1.0,0.0
25,95,5.3359113996288245,6.426738488717326,1.0,1.0,1.0,0.0,0.0,0.0
26,95,5.3741818428876265,6.928887114671228,1.0,0.0,1.0,1.0,0.0,0.0
27,95,10.965873001016533,8.413856714819282,1.0,0.0,1.0,0.0,1.0,0.0
28,95,8.556977459109328,7.74463450981459,0.0,0.0,1.0,0.0,1.0,0.0
29,95,3.716587799107908,3.9381380013753486,0.0,1.0,0.0,1.0,0.0,0.0
30,95,0.7679647017890352,9.579775325367544,1.0,0.0,1.0,0.0,0.0,1.0
31,95,7.039108579277317,10.000029670574936,0.0,0.0,1.0,1.0,0.0,1.0
32,95,0.9929724145236816,3.398719357774339,0.0,1.0,0.0,1.0,0.0,0.0
33,95,3.9178877259631775,12.0,1.0,0.0,0.0,0.0,1.0,1.0
34,95,1.2947293373715476,10.302283019823108,1.0,1.0,0.0,0.0,0.0,0.0
35,95,3.1740814192635964,5.08388670589032,1.0,0.0,1.0,0.0,1.0,0.0
36,95,4.358029667719118,12.0,0.0,1.0,1.0,1.0,0.0,0.0
37,95,6.208788272641938,5.402734200993852,1.0,0.0,1.0,0.0,0.0,1.0
38,95,6.030365664760772,4.61246318037263,1.0,1.0,0.0,1.0,0.0,0.0
39,95,5.843797820526295,4.6382640943113405,0.0,0.0,0.0,0.0,0.0,0.0
0,100,5.604453944775617,6.862115446355814,0.0,0.0,1.0,1.0,0.0,1.0
1,100,11.331141458405002,8.655609497830303,0.0,1.0,0.0,1.0,1.0,0.0
2,100,1.74603284359655,6.732124041001394,0.0,0.0,0.0,0.0,1.0,1.0
3,100,5.822240381764216,6.074493242543794,0.0,0.0,1.0,1.0,0.0,1.0
4,100,9.304831140945486,2.433802793403657,0.0,0.0,0.0,1.0,1.0,1.0
5,100,6.200957922501088,5.383074938383187,0.0,1.0,0.0,1.0,1.0,0.0
6,100,3.42099179233357,1.8305553925051767,0.0,0.0,0.0,1.0,0.0,0.0
7,100,10.10500494619179,5.908629795537594,0.0,0.0,0.0,1.0,0.0,0.0
8,100,2.921780385693132,12.0,1.0,1.0,0.0,1.0,1.0,0.0
9,100,4.9716226564343255,5.2256620506627565,0.0,0.0,0.0,0.0,0.0,0.0
10,100,6.220058080659507,8.550383510326645,0.0,0.0,0.0,0.0,1.0,0.0
11,100,7.702280244489042,2.7583113343829493,1.0,0.0,1.0,1.0,0.0,1.0
12,100,1.12927820050559,5.323126984900928,0.0,1.0,0.0,1.0,0.0,1.0
13,100,9.595523267271222,5.1022261833112905,1.0,1.0,1.0,0.0,0.0,0.0
14,100,7.982671814632653,7.366582277612387,0.0,0.0,0.0,0.0,1.0,0.0
15,100,5.961426334814763,3.4915860248948154,0.0,0.0,0.0,1.0,0.0,1.0
16,100,2.96754621836624,4.592718510481001,1.0,1.0,0.0,0.0,1.0,0.0
17,100,11.366385982433323,9.9223972096723,1.0,1.0,0.0,0.0,0.0,0.0
18,100,9.219675193889124,10.363339753819178,1.0,0.0,0.0,1.0,0.0,0.0
19,100,2.123804942245984,6.542170671638717,0.0,0.0,1.0,1.0,0.0,0.0
20,100,12.0,2.3458054131039905,0.0,1.0,1.0,1.0,0.0,0.0
21,100,1.794940610174642,6.569446347102626,1.0,0.0,1.0,1.0,0.0,0.0
22,100,0.6540615551257999,4.924366949242538,1.0,1.0,1.0,0.0,0.0,0.0
23,100,9.148862688797498,11.760636872785476,0.0,1.0,0.0,0.0,1.0,0.0
24,100,10.82606711981358,7.260891062779121,0.0,0.0,0.0,0.0,1.0,0.0
25,100,5.428185632830266,6.389528530239702,1.0,1.0,1.0,0.0,0.0,0.0
26,100,5.409335936104962,6.972894753103388,1.0,0.0,1.0,1.0,0.0,0.0
27,100,10.932477896444832,8.395622956981612,1.0,0.0,1.0,0.0,1.0,0.0
28,100,8.505252989591414,7.846063087189122,0.0,0.0,1.0,0.0,1.0,0.0
29,100,3.766072514532991,3.947787977478872,0.0,1.0,0.0,1.0,0.0,0.0
30,100,0.6715262657851438,9.53445586693044,1.0,0.0,1.0,0.0,0.0,1.0
31,100,7.07426260044547,10.010917666090563,0.0,0.0,1.0,1.0,0.0,1.0
32,100,0.99427711323718,3.4793196277286853,0.0,1.0,0.0,1.0,0.0,0.0
33,100,3.91619337149046,12.0,1.0,0.0,0.0,0.0,1.0,1.0
34,100,1.2995790527477449,10.287723814864083,1.0,1.0,0.0,0.0,0.0,0.0
35,100,3.1510556808407038,5.075211471864752,1.0,0.0,1.0,0.0,1.0,0.0
36,100,4.230417615942788,12.0,0.0,1.0,1.0,1.0,0.0,0.0
37,100,6.213922522576084,5.353628894851948,1.0,0.0,1.0,0.0,0.0,1.0
38,100,5.97206227083777,4.719657651687106,1.0,1.0,0.0,1.0,0.0,0.0
39,100,5.88328068722913,4.707234797758588,0.0,0.0,0.0,0.0,0.0,0.0
0,105,5.689446352808742,6.834663924374692,0.0,0.0,1.0,1.0,0.0,1.0
1,105,11.321719739259704,8.709943300682658,0.0,1.0,0.0,1.0,1.0,0.0
2,105,1.7300268767618958,6.657583549257683,0.0,0.0,0.0,0.0,1.0,1.0
3,105,5.815099658743034,6.077046683790237,0.0,0.0,1.0,1.0,0.0,1.0
4,105,9.383319618787793,2.514766747319054,0.0,0.0,0.0,1.0,1.0,1.0
5,105,6.155797693049753,5.347977653496946,0.0,1.0,0.0,1.0,1.0,0.0
6,105,3.3843277460680383,1.948004635876086,0.0,0.0,0.0,1.0,0.0,0.0
7,105,10.23489810038511,5.968521558255543,0.0,0.0,0.0,1.0,0.0,0.0
8,105,2.922319606277431,12.0,1.0,1.0,0.0,1.0,1.0,0.0
9,105,5.033001507191708,5.238960237817111,0.0,0.0,0.0,0.0,0.0,0.0
10,105,6.174148387989262,8.58358563464217,0.0,0.0,0.0,0.0,1.0,0.0
11,105,7.549797930757572,2.733804396743195,1.0,0.0,1.0,1.0,0.0,1.0
12,105,0.997608157846624,5.343357264313206,0.0,1.0,0.0,1.0,0.0,1.0
13,105,9.684879646706635,5.116245090394115,1.0,1.0,1.0,0.0,0.0,0.0
14,105,7.985220023434016,7.402308722139945,0.0,0.0,0.0,0.0,1.0,0.0
15,105,5.964770809891222,3.461691774834085,0.0,0.0,0.0,1.0,0.0,1.0
16,105,2.967113823785982,4.59633575783886,1.0,1.0,0.0,0.0,1.0,0.0
17,105,11.387572436355208,9.859940952750389,1.0,1.0,0.0,0.0,0.0,0.0
18,105,9.130294425179596,10.40352431789439,1.0,0.0,0.0,1.0,0.0,0.0
19,105,2.1263180494201617,6.543370006878751,0.0,0.0,1.0,1.0,0.0,0.0
20,105,12.0,2.359064074748419,0.0,1.0,1.0,1.0,0.0,0.0
21,105,1.8970783597974152,6.6038209919007365,1.0,0.0,1.0,1.0,0.0,0.0
22,105,0.629250528469645,4.919791190237604,1.0,1.0,1.0,0.0,0.0,0.0
23,105,8.970063240245127,11.831871649773216,0.0,1.0,0.0,0.0,1.0,0.0
24,105,10.848949572375314,7.285577650622505,0.0,0.0,0.0,0.0,1.0,0.0
25,105,5.5153814569155335,6.352698071937925,1.0,1.0,1.0,0.0,0.0,0.0
26,105,5.456149925086575,7.031692008651262,1.0,0.0,1.0,1.0,0.0,0.0
27,105,10.901405454555285,8.380337064130813,1.0,0.0,1.0,0.0,1.0,0.0
28,105,8.400133412156162,7.789069558412111,0.0,0.0,1.0,0.0,1.0,0.0
29,105,3.822331480242093,3.9582988934361865,0.0,1.0,0.0,1.0,0.0,0.0
30,105,0.5527696929135616,9.477112154947903,1.0,0.0,1.0,0.0,0.0,1.0
31,105,7.103381296229332,10.01950180991684,0.0,0.0,1.0,1.0,0.0,1.0
32,105,0.9937231727068208,3.551353631062054,0.0,1.0,0.0,1.0,0.0,0.0
33,105,3.915719618928764,12.0,1.0,0.0,0.0,0.0,1.0,1.0
34,105,1.2981373369240707,10.292031393233348,1.0,1.0,0.0,0.0,0.0,0.0
35,105,3.1400059171176764,5.070903357878809,1.0,0.0,1.0,0.0,1.0,0.0
36,105,4.098807863111308,12.0,0.0,1.0,1.0,1.0,0.0,0.0
37,105,6.216894186676359,5.324406101160032,1.0,0.0,1.0,0.0,0.0,1.0
38,105,5.906061293101113,4.8434578034268885,1.0,1.0,0.0,1.0,0.0,0.0
39,105,5.912777571785737,4.75977565293146,0.0,0.0,0.0,0.0,0.0,0.0
0,110,5.774790517694694,6.810066090864986,0.0,0.0,1.0,1.0,0.0,1.0
1,110,11.307981006647346,8.78010894440644,0.0,1.0,0.0,1.0,1.0,0.0
2,110,1.7121523295486656,6.583135178301404,0.0,0.0,0.0,0.0,1.0,1.0
3,110,5.809049941828082,6.079178640285632,0.0,0.0,1.0,1.0,0.0,1.0
4,110,9.469107177778156,2.6048703086983576,0.0,0.0,0.0,1.0,1.0,1.0
5,110,6.112493330240472,5.314616345596571,0.0,1.0,0.0,1.0,1.0,0.0
6,110,3.343926794033051,2.070329263325982,0.0,0.0,0.0,1.0,0.0,0.0
7,110,10.363102830598743,6.0245045186119,0.0,0.0,0.0,1.0,0.0,0.0
8,110,2.9226641600076526,12.0,1.0,1.0,0.0,1.0,1.0,0.0
9,110,5.116316526916613,5.258264791245768,0.0,0.0,0.0,0.0,0.0,0.0
10,110,6.11532974566655,8.626890054581471,0.0,0.0,0.0,0.0,1.0,0.0
11,110,7.414099844560441,2.714321896129128,1.0,0.0,1.0,1.0,0.0,1.0
12,110,0.8531060515998599,5.365744711200856,0.0,1.0,0.0,1.0,0.0,1.0
13,110,9.756691514309567,5.128548280301485,1.0,1.0,1.0,0.0,0.0,0.0
14,110,7.986730363790301,7.432416111561532,0.0,0.0,0.0,0.0,1.0,0.0
15,110,5.966557620703711,3.4408800261723007,0.0,0.0,0.0,1.0,0.0,1.0
16,110,2.9674944482453878,4.592076587441713,1.0,1.0,0.0,0.0,1.0,0.0
17,110,11.412799877620596,9.789785297097756,1.0,1.0,0.0,0.0,0.0,0.0
18,110,9.03245578210453,10.447515487200896,1.0,0.0,0.0,1.0,0.0,0.0
19,110,2.1045891447298857,6.533390704723734,0.0,0.0,1.0,1.0,0.0,0.0
20,110,12.0,2.376198530694951,0.0,1.0,1.0,1.0,0.0,0.0
21,110,2.0199508243644995,6.644857492280419,1.0,0.0,1.0,1.0,0.0,0.0
22,110,0.595017798830018,4.9135712460279,1.0,1.0,1.0,0.0,0.0,0.0
23,110,8.774715045079422,11.904049861145456,0.0,1.0,0.0,0.0,1.0,0.0
24,110,10.875174111222908,7.315153439601943,0.0,0.0,0.0,0.0,1.0,0.0
25,110,5.605596177582548,6.313761630939262,1.0,1.0,1.0,0.0,0.0,0.0
26,110,5.501894158886781,7.084849881414902,1.0,0.0,1.0,1.0,0.0,0.0
27,110,10.880436955940109,8.369961903692655,1.0,0.0,1.0,0.0,1.0,0.0
28,110,8.290672128930824,7.7281205886315645,0.0,0.0,1.0,0.0,1.0,0.0
29,110,3.875421331201464,3.966696812094047,0.0,1.0,0.0,1.0,0.0,0.0
30,110,0.4350726761539703,9.417022160773962,1.0,0.0,1.0,0.0,0.0,1.0
31,110,7.130922170203277,10.02834367083698,0.0,0.0,1.0,1.0,0.0,1.0
32,110,0.9938917713420992,3.6084021443817824,0.0,1.0,0.0,1.0,0.0,0.0
33,110,3.9146111313463,12.0,1.0,0.0,0.0,0.0,1.0,1.0
34,110,1.2950814634611878,10.301922607283917,1.0,1.0,0.0,0.0,0.0,0.0
35,110,3.1195763287115548,5.063058872667351,1.0,0.0,1.0,0.0,1.0,0.0
36,110,3.9613691146942593,12.0,0.0,1.0,1.0,1.0,0.0,0.0
37,110,6.217149362665468,5.321599857132672,1.0,0.0,1.0,0.0,0.0,1.0
38,110,5.846348841179112,4.958203065403071,1.0,1.0,0.0,1.0,0.0,0.0
39,110,5.949615003462213,4.825343753322258,0.0,0.0,0.0,0.0,0.0,0.0
0,115,5.86258770425778,6.783683631925993,0.0,0.0,1.0,1.0,0.0,1.0
1,115,11.29472176538869,8.859387349622255,0.0,1.0,0.0,1.0,1.0,0.0
2,115,1.695977186057752,6.517090435154846,0.0,0.0,0.0,0.0,1.0,1.0
3,115,5.806005624413141,6.080185821024433,0.0,0.0,1.0,1.0,0.0,1.0
4,115,9.566748346574702,2.7070375360353864,0.0,0.0,0.0,1.0,1.0,1.0
5,115,6.054448366190188,5.268269019646923,0.0,1.0,0.0,1.0,1.0,0.0
6,115,3.29631434797441,2.2045664112135333,0.0,0.0,0.0,1.0,0.0,0.0
7,115,10.504942300915475,6.081955222814256,0.0,0.0,0.0,1.0,0.0,0.0
8,115,2.9239551726386868,12.0,1.0,1.0,0.0,1.0,1.0,0.0
9,115,5.196865555693831,5.2763130928216455,0.0,0.0,0.0,0.0,0.0,0.0
10,115,6.054015994924521,8.671603269031749,0.0,0.0,0.0,0.0,1.0,0.0
11,115,7.265247427471327,2.68877011553334,1.0,0.0,1.0,1.0,0.0,1.0
12,115,0.7036744541863448,5.385540035689144,0.0,1.0,0.0,1.0,0.0,1.0
13,115,9.809674246524176,5.136012611395729,1.0,1.0,1.0,0.0,0.0,0.0
14,115,7.987489519185535,7.458239733566076,0.0,0.0,0.0,0.0,1.0,0.0
15,115,5.967752251919368,3.4250514146449884,0.0,0.0,0.0,1.0,0.0,1.0
16,115,2.9672312171290134,4.595670972772731,1.0,1.0,0.0,0.0,1.0,0.0
17,115,11.441546748939937,9.708114848248902,1.0,1.0,0.0,0.0,0.0,0.0
18,115,8.93786354902782,10.491000441947936,1.0,0.0,0.0,1.0,0.0,0.0
19,115,2.072050856645577,6.518600113753308,0.0,0.0,1.0,1.0,0.0,0.0
20,115,12.0,2.388598113606116,0.0,1.0,1.0,1.0,0.0,0.0
21,115,2.145335485063693,6.68442641210256,1.0,0.0,1.0,1.0,0.0,0.0
22,115,0.5522116877716075,4.905780212091321,1.0,1.0,1.0,0.0,0.0,0.0
23,115,8.593142728014978,11.975977414533642,0.0,1.0,0.0,0.0,1.0,0.0
24,115,10.883808107027752,7.324734225057261,0.0,0.0,0.0,0.0,1.0,0.0
25,115,5.703237799292832,6.273387138844018,1.0,1.0,1.0,0.0,0.0,0.0
26,115,5.540599476713388,7.132081693627447,1.0,0.0,1.0,1.0,0.0,0.0
27,115,10.870473155272368,8.365136706926325,1.0,0.0,1.0,0.0,1.0,0.0
28,115,8.152448188371737,7.649538439235604,0.0,0.0,1.0,0.0,1.0,0.0
29,115,3.9352393633976366,3.976293354086686,0.0,1.0,0.0,1.0,0.0,0.0
30,115,0.37498774477873,9.536766240031325,1.0,0.0,1.0,0.0,0.0,1.0
31,115,7.147966744061421,10.033810453478033,0.0,0.0,1.0,1.0,0.0,1.0
32,115,0.99485678780327,3.662676931916343,0.0,1.0,0.0,1.0,0.0,0.0
33,115,3.914677847615072,12.0,1.0,0.0,0.0,0.0,1.0,1.0
34,115,1.2880548984130051,10.32404527581258,1.0,1.0,0.0,0.0,0.0,0.0
35,115,3.0955250439841837,5.054501216236525,1.0,0.0,1.0,0.0,1.0,0.0
36,115,3.847681560556122,12.0,0.0,1.0,1.0,1.0,0.0,0.0
37,115,6.2165075294161305,5.327527711151924,1.0,0.0,1.0,0.0,0.0,1.0
38,115,5.794563720797289,5.05812862627028,1.0,1.0,0.0,1.0,0.0,0.0
39,115,5.978908144463879,4.874306509993445,0.0,0.0,0.0,0.0,0.0,0.0
0,120,5.946729212741885,6.758462863824373,0.0,0.0,1.0,1.0,0.0,1.0
1,120,11.283740356212304,8.948999192005369,0.0,1.0,0.0,1.0,1.0,0.0
2,120,1.678862282408297,6.453119839510888,0.0,0.0,0.0,0.0,1.0,1.0
3,120,5.81289984165598,6.077916738757637,0.0,0.0,1.0,1.0,0.0,1.0
4,120,9.661947617893883,2.8048465987446622,0.0,0.0,0.0,1.0,1.0,1.0
5,120,5.987366117687403,5.215141406806072,0.0,1.0,0.0,1.0,1.0,0.0
6,120,3.2557874060136784,2.3230995604141613,0.0,0.0,0.0,1.0,0.0,0.0
7,120,10.627444988608747,6.132512980688091,0.0,0.0,0.0,1.0,0.0,0.0
8,120,2.9249198215372973,12.0,1.0,1.0,0.0,1.0,1.0,0.0
9,120,5.282940184789935,5.297239545064296,0.0,0.0,0.0,0.0,0.0,0.0
10,120,5.976054450519558,8.73093142336305,0.0,0.0,0.0,0.0,1.0,0.0
11,120,7.1074179603237,2.659617578909573,1.0,0.0,1.0,1.0,0.0,1.0
12,120,0.5302894435757888,5.405629648535099,0.0,1.0,0.0,1.0,0.0,1.0
13,120,9.855631193963095,5.143265689688254,1.0,1.0,1.0,0.0,0.0,0.0
14,120,7.98839165617208,7.496220090225974,0.0,0.0,0.0,0.0,1.0,0.0
15,120,5.968309097820106,3.419473787181865,0.0,0.0,0.0,1.0,0.0,1.0
16,120,2.9654816405931146,4.622470708660766,1.0,1.0,0.0,0.0,1.0,0.0
17,120,11.468547681134572,9.63288769205615,1.0,1.0,0.0,0.0,0.0,0.0
18,120,8.84086774983971,10.53386960902545,1.0,0.0,0.0,1.0,0.0,0.0
19,120,2.038701384434665,6.503168786593799,0.0,0.0,1.0,1.0,0.0,0.0
20,120,12.0,2.4040535462682757,0.0,1.0,1.0,1.0,0.0,0.0
21,120,2.2542352587666947,6.721230159287875,1.0,0.0,1.0,1.0,0.0,0.0
22,120,0.5001854222973687,4.894837948029445,1.0,1.0,1.0,0.0,0.0,0.0
23,120,8.411180315458653,12.0,0.0,1.0,0.0,0.0,1.0,0.0
24,120,10.886906713362302,7.3281928964734275,0.0,0.0,0.0,0.0,1.0,0.0
25,120,5.815689696955984,6.226548697136794,1.0,1.0,1.0,0.0,0.0,0.0
26,120,5.590034299456172,7.191101368357665,1.0,0.0,1.0,1.0,0.0,0.0
27,120,10.883687235029976,8.371872370747415,1.0,0.0,1.0,0.0,1.0,0.0
28,120,8.031487024090291,7.583645873088352,0.0,0.0,1.0,0.0,1.0,0.0
29,120,3.973285253605933,3.982365992679892,0.0,1.0,0.0,1.0,0.0,0.0
30,120,0.3183334015958516,9.655362036116822,1.0,0.0,1.0,0.0,0.0,1.0
31,120,7.15184582763223,10.03506774058862,0.0,0.0,1.0,1.0,0.0,1.0
32,120,0.995251890514972,3.709471301638764,0.0,1.0,0.0,1.0,0.0,0.0
33,120,3.9147547662829503,12.0,1.0,0.0,0.0,0.0,1.0,1.0
34,120,1.278496298276927,10.352744235746105,1.0,1.0,0.0,0.0,0.0,0.0
35,120,3.062339500167048,5.042046741071784,1.0,0.0,1.0,0.0,1.0,0.0
36,120,3.7355255085912153,12.0,0.0,1.0,1.0,1.0,0.0,0.0
37,120,6.214624677502516,5.342441858525413,1.0,0.0,1.0,0.0,0.0,1.0
38,120,5.738484486508385,5.163665199724698,1.0,1.0,0.0,1.0,0.0,0.0
39,120,6.00762196421861,4.927212309350264,0.0,0.0,0.0,0.0,0.0,0.0
0,125,6.041080472632973,6.730940314371939,0.0,0.0,1.0,1.0,0.0,1.0
1,125,11.274518646661122,9.059119909608128,0.0,1.0,0.0,1.0,1.0,0.0
2,125,1.6609489515548148,6.38649313470086,0.0,0.0,0.0,0.0,1.0,1.0
3,125,5.817540877428772,6.0765547315143085,0.0,0.0,1.0,1.0,0.0,1.0
4,125,9.752053098667178,2.8994366546985675,0.0,0.0,0.0,1.0,1.0,1.0
5,125,5.9247220444766775,5.166016962171131,0.0,1.0,0.0,1.0,1.0,0.0
6,125,3.2121677216613445,2.456829958565274,0.0,0.0,0.0,1.0,0.0,0.0
7,125,10.575614846254412,6.263513029069519,0.0,0.0,0.0,1.0,0.0,0.0
8,125,2.9257295693588885,12.0,1.0,1.0,0.0,1.0,1.0,0.0
9,125,5.35814696872974,5.314954547774873,0.0,0.0,0.0,0.0,0.0,0.0
10,125,5.90073434279524,8.790853492077456,0.0,0.0,0.0,0.0,1.0,0.0
11,125,6.962345561335031,2.638841340715676,1.0,0.0,1.0,1.0,0.0,1.0
12,125,0.358778526591007,5.427586468860945,0.0,1.0,0.0,1.0,0.0,1.0
13,125,9.903176448456398,5.15178426757668,1.0,1.0,1.0,0.0,0.0,0.0
14,125,7.988666950440211,7.54257527886531,0.0,0.0,0.0,0.0,1.0,0.0
15,125,5.970009427805077,3.405934512531058,0.0,0.0,0.0,1.0,0.0,1.0
16,125,2.964013428721362,4.648090677798737,1.0,1.0,0.0,0.0,1.0,0.0
17,125,11.499962044144096,9.544019205042718,1.0,1.0,0.0,0.0,0.0,0.0
18,125,8.738124429288703,10.580605859921706,1.0,0.0,0.0,1.0,0.0,0.0
19,125,2.000920564231725,6.486569558682261,0.0,0.0,1.0,1.0,0.0,0.0
20,125,12.0,2.422021492831297,0.0,1.0,1.0,1.0,0.0,0.0
21,125,2.367028304903782,6.757519012247311,1.0,0.0,1.0,1.0,0.0,0.0
22,125,0.4528022656257942,4.885661842831413,1.0,1.0,1.0,0.0,0.0,0.0
23,125,8.226027032130787,12.0,0.0,1.0,0.0,0.0,1.0,0.0
24,125,10.89129137083224,7.333132352411114,0.0,0.0,0.0,0.0,1.0,0.0
25,125,5.905880384426275,6.19100691388073,1.0,1.0,1.0,0.0,0.0,0.0
26,125,5.642949396313429,7.255497452929087,1.0,0.0,1.0,1.0,0.0,0.0
27,125,10.897362525308832,8.378938756395353,1.0,0.0,1.0,0.0,1.0,0.0
28,125,7.896106770050547,7.507159990572908,0.0,0.0,1.0,0.0,1.0,0.0
29,125,3.995117379266948,3.986069223211522,0.0,1.0,0.0,1.0,0.0,0.0
30,125,0.2547326028937415,9.795890294837555,1.0,0.0,1.0,0.0,0.0,1.0
31,125,7.155643223422974,10.036315105766178,0.0,0.0,1.0,1.0,0.0,1.0
32,125,0.99661028981435,3.7665363429972114,0.0,1.0,0.0,1.0,0.0,0.0
33,125,3.914614795545096,12.0,1.0,0.0,0.0,0.0,1.0,1.0
34,125,1.265127265591231,10.393886685411465,1.0,1.0,0.0,0.0,0.0,0.0
35,125,3.02573008161779,5.02882960316783,1.0,0.0,1.0,0.0,1.0,0.0
36,125,3.634173787950126,12.0,0.0,1.0,1.0,1.0,0.0,0.0
37,125,6.212309243334087,5.3612662292012265,1.0,0.0,1.0,0.0,0.0,1.0
38,125,5.67582170434504,5.282896864763112,1.0,1.0,0.0,1.0,0.0,0.0
39,125,6.039846753761817,4.989619549763704,0.0,0.0,0.0,0.0,0.0,0.0
0,130,6.136437672803634,6.703961889872051,0.0,0.0,1.0,1.0,0.0,1.0
1,130,11.267233762788422,9.15211744331951,0.0,1.0,0.0,1.0,1.0,0.0
2,130,1.6478239482534005,6.338564949958133,0.0,0.0,0.0,0.0,1.0,1.0
3,130,5.835605198238007,6.071246720147754,0.0,0.0,1.0,1.0,0.0,1.0
4,130,9.836860593722466,2.987905031771243,0.0,0.0,0.0,1.0,1.0,1.0
5,130,5.857729513897702,5.1155474716515,0.0,1.0,0.0,1.0,1.0,0.0
6,130,3.165479391670924,2.600670078832854,0.0,0.0,0.0,1.0,0.0,0.0
7,130,10.528499141521271,6.381743323163093,0.0,0.0,0.0,1.0,0.0,0.0
8,130,2.9264894896191804,12.0,1.0,1.0,0.0,1.0,1.0,0.0
9,130,5.43986349154026,5.336586088014203,0.0,0.0,0.0,0.0,0.0,0.0
10,130,5.83488649499269,8.842233247005243,0.0,0.0,0.0,0.0,1.0,0.0
11,130,6.802692813879221,2.6128288923973724,1.0,0.0,1.0,1.0,0.0,1.0
12,130,0.3327584697972579,5.247039608497802,0.0,1.0,0.0,1.0,0.0,1.0
13,130,9.930871294174796,5.156655653891067,1.0,1.0,1.0,0.0,0.0,0.0
14,130,7.988257407301368,7.57705693305617,0.0,0.0,0.0,0.0,1.0,0.0
15,130,5.974193310943066,3.3742203550686414,0.0,0.0,0.0,1.0,0.0,1.0
16,130,2.9637143437757847,4.654093413486294,1.0,1.0,0.0,0.0,1.0,0.0
17,130,11.534131096352615,9.446087151201464,1.0,1.0,0.0,0.0,0.0,0.0
18,130,8.635741002703746,10.62612067618602,1.0,0.0,0.0,1.0,0.0,0.0
19,130,1.981486799226555,6.478165307625406,0.0,0.0,1.0,1.0,0.0,0.0
20,130,12.0,2.4407556789328426,0.0,1.0,1.0,1.0,0.0,0.0
21,130,2.5125272820031297,6.801232771147353,1.0,0.0,1.0,1.0,0.0,0.0
22,130,0.4050938582770687,4.8757082680913495,1.0,1.0,1.0,0.0,0.0,0.0
23,130,8.033812037431256,12.0,0.0,1.0,0.0,0.0,1.0,0.0
24,130,10.904030350680888,7.347912680660963,0.0,0.0,0.0,0.0,1.0,0.0
25,130,6.001116093310434,6.152877862538573,1.0,1.0,1.0,0.0,0.0,0.0
26,130,5.681587331762561,7.3043604697911375,1.0,0.0,1.0,1.0,0.0,0.0
27,130,10.900693718498284,8.380723517536122,1.0,0.0,1.0,0.0,1.0,0.0
28,130,7.73221077419676,7.4164724502539645,0.0,0.0,1.0,0.0,1.0,0.0
29,130,4.007953531523977,3.9879298674948425,0.0,1.0,0.0,1.0,0.0,0.0
30,130,0.2016013983080535,9.919348080090048,1.0,0.0,1.0,0.0,0.0,1.0
31,130,7.1605184061150124,10.03804342990682,0.0,0.0,1.0,1.0,0.0,1.0
32,130,0.9978317569798676,3.819175868413335,0.0,1.0,0.0,1.0,0.0,0.0
33,130,3.912992831705416,12.0,1.0,0.0,0.0,0.0,1.0,1.0
34,130,1.2492698946213152,10.443224079109388,1.0,1.0,0.0,0.0,0.0,0.0
35,130,2.970156798884096,5.007214263377093,1.0,0.0,1.0,0.0,1.0,0.0
36,130,3.5298337882678754,12.0,0.0,1.0,1.0,1.0,0.0,0.0
37,130,6.208937070148643,5.387425603647803,1.0,0.0,1.0,0.0,0.0,1.0
38,130,5.60119268680824,5.414629173797984,1.0,1.0,0.0,1.0,0.0,0.0
39,130,6.071341763187945,5.04775140506253,0.0,0.0,0.0,0.0,0.0,0.0
0,135,6.227825130693262,6.680625010088936,0.0,0.0,1.0,1.0,0.0,1.0
1,135,11.259032851226111,9.247195325150765,0.0,1.0,0.0,1.0,1.0,0.0
2,135,1.6373528062470135,6.29845543120701,0.0,0.0,0.0,0.0,1.0,1.0
3,135,5.846137019149504,6.068046311888641,0.0,0.0,1.0,1.0,0.0,1.0
4,135,9.918980768439674,3.0706617708133046,0.0,0.0,0.0,1.0,1.0,1.0
5,135,5.789589067163802,5.062107954177784,0.0,1.0,0.0,1.0,1.0,0.0
6,135,3.1206161279387654,2.740464422956437,0.0,0.0,0.0,1.0,0.0,0.0
7,135,10.474215986090032,6.499369602777247,0.0,0.0,0.0,1.0,0.0,0.0
8,135,2.9269620305004174,12.0,1.0,1.0,0.0,1.0,1.0,0.0
9,135,5.508806604451195,5.354404145002016,0.0,0.0,0.0,0.0,0.0,0.0
10,135,5.794566446621136,8.874297437967913,0.0,0.0,0.0,0.0,1.0,0.0
11,135,6.643315119572398,2.584639312384084,1.0,0.0,1.0,1.0,0.0,1.0
12,135,0.3080866209583523,5.078292665635433,0.0,1.0,0.0,1.0,0.0,1.0
13,135,9.966714267943184,5.163227792364774,1.0,1.0,1.0,0.0,0.0,0.0
14,135,7.988779299188237,7.636424444155433,0.0,0.0,0.0,0.0,1.0,0.0
15,135,5.975568235926495,3.3646709326643784,0.0,0.0,0.0,1.0,0.0,1.0
16,135,2.9625941786495917,4.672936670787655,1.0,1.0,0.0,0.0,1.0,0.0
17,135,11.56507611446696,9.350538458190586,1.0,1.0,0.0,0.0,0.0,0.0
18,135,8.544947844584462,10.66727704069015,1.0,0.0,0.0,1.0,0.0,0.0
19,135,1.97084926511261,6.47355786313352,0.0,0.0,1.0,1.0,0.0,0.0
20,135,12.0,2.4555587916310477,0.0,1.0,1.0,1.0,0.0,0.0
21,135,2.650289006772201,6.840698127331804,1.0,0.0,1.0,1.0,0.0,0.0
22,135,0.3665952460898198,4.866559677932794,1.0,1.0,1.0,0.0,0.0,0.0
23,135,7.834778029385973,12.0,0.0,1.0,0.0,0.0,1.0,0.0
24,135,10.905343851200252,7.349447298817536,0.0,0.0,0.0,0.0,1.0,0.0
25,135,6.112536740390285,6.109459903581961,1.0,1.0,1.0,0.0,0.0,0.0
26,135,5.733156390453331,7.365950801109736,1.0,0.0,1.0,1.0,0.0,0.0
27,135,10.886003163746317,8.372974483928106,1.0,0.0,1.0,0.0,1.0,0.0
28,135,7.567041349584697,7.327917037170785,0.0,0.0,1.0,0.0,1.0,0.0
29,135,4.008040123020474,3.987943355402123,0.0,1.0,0.0,1.0,0.0,0.0
30,135,0.1587721310319139,10.021094412678153,1.0,0.0,1.0,0.0,0.0,1.0
31,135,7.185616677140304,10.047662909329098,0.0,0.0,1.0,1.0,0.0,1.0
32,135,0.9985172880364188,3.880021948562322,0.0,1.0,0.0,1.0,0.0,0.0
33,135,3.910977407630363,12.0,1.0,0.0,0.0,0.0,1.0,1.0
34,135,1.233735914565651,10.48968888657298,1.0,1.0,0.0,0.0,0.0,0.0
35,135,2.89102922213081,4.976326533516813,1.0,0.0,1.0,0.0,1.0,0.0
36,135,3.4302610267416123,12.0,0.0,1.0,1.0,1.0,0.0,0.0
37,135,6.203808008258612,5.423137338430758,1.0,0.0,1.0,0.0,0.0,1.0
38,135,5.520266880040953,5.556781523687141,1.0,1.0,0.0,1.0,0.0,0.0
39,135,6.102506933472574,5.105530763577543,0.0,0.0,0.0,0.0,0.0,0.0
0,140,6.294635208581916,6.662398593694799,0.0,0.0,1.0,1.0,0.0,1.0
1,140,11.249191041816694,9.35359345534702,0.0,1.0,0.0,1.0,1.0,0.0
2,140,1.623870480387827,6.251051708846941,0.0,0.0,0.0,0.0,1.0,1.0
3,140,5.8486221241418335,6.067207724604419,0.0,0.0,1.0,1.0,0.0,1.0
4,140,10.003278008011565,3.154731949367484,0.0,0.0,0.0,1.0,1.0,1.0
5,140,5.745712094575451,5.028009796978719,0.0,1.0,0.0,1.0,1.0,0.0
6,140,3.0739750489619007,2.878541822947648,0.0,0.0,0.0,1.0,0.0,0.0
7,140,10.418863037912049,6.614559831236117,0.0,0.0,0.0,1.0,0.0,0.0
8,140,2.9269487466196544,12.0,1.0,1.0,0.0,1.0,1.0,0.0
9,140,5.564260437184146,5.367715133345301,0.0,0.0,0.0,0.0,0.0,0.0
10,140,5.7775203110779,8.888458657877354,0.0,0.0,0.0,0.0,1.0,0.0
11,140,6.493837188419044,2.5601843331702376,1.0,0.0,1.0,1.0,0.0,1.0
12,140,0.2874637824147641,4.904700969575518,0.0,1.0,0.0,1.0,0.0,1.0
13,140,10.01292518128517,5.171826682105812,1.0,1.0,1.0,0.0,0.0,0.0
14,140,7.990071510271525,7.698691953536375,0.0,0.0,0.0,0.0,1.0,0.0
15,140,5.976954891107229,3.354751036010484,0.0,0.0,0.0,1.0,0.0,1.0
16,140,2.962156500703644,4.67917999011376,1.0,1.0,0.0,0.0,1.0,0.0
17,140,11.595490949815275,9.248375228751865,1.0,1.0,0.0,0.0,0.0,0.0
18,140,8.441239596572117,10.717117470327548,1.0,0.0,0.0,1.0,0.0,0.0
19,140,1.9456923518401448,6.462092179538637,0.0,0.0,1.0,1.0,0.0,0.0
20,140,12.0,2.46918297661232,0.0,1.0,1.0,1.0,0.0,0.0
21,140,2.783628979488653,6.87956424841247,1.0,0.0,1.0,1.0,0.0,0.0
22,140,0.3204538768646228,4.856597295597579,1.0,1.0,1.0,0.0,0.0,0.0
23,140,7.626460491931048,12.0,0.0,1.0,0.0,0.0,1.0,0.0
24,140,10.900535803484408,7.344037164432691,0.0,0.0,0.0,0.0,1.0,0.0
25,140,6.218461928374262,6.066491296803855,1.0,1.0,1.0,0.0,0.0,0.0
26,140,5.812265704460303,7.456118619274226,1.0,0.0,1.0,1.0,0.0,0.0
27,140,10.867463508366804,8.362625960950062,1.0,0.0,1.0,0.0,1.0,0.0
28,140,7.410656214918427,7.242543773491764,0.0,0.0,1.0,0.0,1.0,0.0
29,140,4.0080818975661145,3.987666222982244,0.0,1.0,0.0,1.0,0.0,0.0
30,140,0.1244055077666506,10.105328498016112,1.0,0.0,1.0,0.0,0.0,1.0
31,140,7.200933728432704,10.053540211122778,0.0,0.0,1.0,1.0,0.0,1.0
32,140,1.0006794462779915,3.940411016221093,0.0,1.0,0.0,1.0,0.0,0.0
33,140,3.9107025119124894,12.0,1.0,0.0,0.0,0.0,1.0,1.0
34,140,1.2144068796771388,10.547130632537868,1.0,1.0,0.0,0.0,0.0,0.0
35,140,2.794190726459626,4.940356994179426,1.0,0.0,1.0,0.0,1.0,0.0
36,140,3.333058867569744,12.0,0.0,1.0,1.0,1.0,0.0,0.0
37,140,6.197126102487572,5.462435311938776,1.0,0.0,1.0,0.0,0.0,1.0
38,140,5.444120428154741,5.695492946544879,1.0,1.0,0.0,1.0,0.0,0.0
39,140,6.126571897960717,5.149177550299843,0.0,0.0,0.0,0.0,0.0,0.0
0,145,6.360983506360191,6.643079941236119,0.0,0.0,1.0,1.0,0.0,1.0
1,145,11.239981258951463,9.456573332498394,0.0,1.0,0.0,1.0,1.0,0.0
2,145,1.6011701734768031,6.176454593291931,0.0,0.0,0.0,0.0,1.0,1.0
3,145,5.864977437982671,6.061757167515775,0.0,0.0,1.0,1.0,0.0,1.0
4,145,10.103338066302578,3.246801309401948,0.0,0.0,0.0,1.0,1.0,1.0
5,145,5.690494463074585,4.985117325756197,0.0,1.0,0.0,1.0,1.0,0.0
6,145,3.031577542745284,3.010218549778827,0.0,0.0,0.0,1.0,0.0,0.0
7,145,10.361802547170514,6.725914480060171,0.0,0.0,0.0,1.0,0.0,0.0
8,145,2.9274108404160706,12.0,1.0,1.0,0.0,1.0,1.0,0.0
9,145,5.624298464719758,5.38232230535195,0.0,0.0,0.0,0.0,0.0,0.0
10,145,5.760265572593497,8.903252558223425,0.0,0.0,0.0,0.0,1.0,0.0
11,145,6.352000093062899,2.5408794329856024,1.0,0.0,1.0,1.0,0.0,1.0
12,145,0.2653630413684247,4.723314981455621,0.0,1.0,0.0,1.0,0.0,1.0
13,145,10.054737319316809,5.17966855762252,1.0,1.0,1.0,0.0,0.0,0.0
14,145,7.991428191336429,7.7491791426039,0.0,0.0,0.0,0.0,1.0,0.0
15,145,5.975441118003488,3.365995971427451,0.0,0.0,0.0,1.0,0.0,1.0
16,145,2.9608052344070392,4.698668039989132,1.0,1.0,0.0,0.0,1.0,0.0
17,145,11.619582066341245,9.172517525028322,1.0,1.0,0.0,0.0,0.0,0.0
18,145,8.324449685711423,10.774192996397089,1.0,0.0,0.0,1.0,0.0,0.0
19,145,1.927153735853911,6.452787964208946,0.0,0.0,1.0,1.0,0.0,0.0
20,145,12.0,2.4837319535526814,0.0,1.0,1.0,1.0,0.0,0.0
21,145,2.9296660174080427,6.921214544642514,1.0,0.0,1.0,1.0,0.0,0.0
22,145,0.2672570606861154,4.84456523837614,1.0,1.0,1.0,0.0,0.0,0.0
23,145,7.434752074052171,12.0,0.0,1.0,0.0,0.0,1.0,0.0
24,145,10.911744420945166,7.35679745586194,0.0,0.0,0.0,0.0,1.0,0.0
25,145,6.327192857117568,6.021909229059508,1.0,1.0,1.0,0.0,0.0,0.0
26,145,5.904018994451836,7.558497612070987,1.0,0.0,1.0,1.0,0.0,0.0
27,145,10.84504670384495,8.350823944623574,1.0,0.0,1.0,0.0,1.0,0.0
28,145,7.269761575979564,7.160479594090758,0.0,0.0,1.0,0.0,1.0,0.0
29,145,4.011115832694136,3.9666040299674648,0.0,1.0,0.0,1.0,0.0,0.0
30,145,0.0949720160368834,10.175212247030505,1.0,0.0,1.0,0.0,0.0,1.0
31,145,7.219771634447824,10.060745690137436,0.0,0.0,1.0,1.0,0.0,1.0
32,145,1.0027188630354142,3.986392385619257,0.0,1.0,0.0,1.0,0.0,0.0
33,145,3.9097678652917502,12.0,1.0,0.0,0.0,0.0,1.0,1.0
34,145,1.189893588006946,10.625013370830922,1.0,1.0,0.0,0.0,0.0,0.0
35,145,2.7136796412090463,4.907094571794549,1.0,0.0,1.0,0.0,1.0,0.0
36,145,3.227212716944217,12.0,0.0,1.0,1.0,1.0,0.0,0.0
37,145,6.187728179452641,5.525058253741494,1.0,0.0,1.0,0.0,0.0,1.0
38,145,5.375481514757089,5.816427556550719,1.0,1.0,0.0,1.0,0.0,0.0
39,145,6.139966932548237,5.174722224048154,0.0,0.0,0.0,0.0,0.0,0.0
0,150,6.445305917194385,6.617270915535931,0.0,0.0,1.0,1.0,0.0,1.0
1,150,11.23132930762434,9.544421503101214,0.0,1.0,0.0,1.0,1.0,0.0
2,150,1.5786185101361545,6.103203001637393,0.0,0.0,0.0,0.0,1.0,1.0
3,150,5.891304284965176,6.052861909932838,0.0,0.0,1.0,1.0,0.0,1.0
4,150,10.210774082538462,3.3475990788154864,0.0,0.0,0.0,1.0,1.0,1.0
5,150,5.636431247667324,4.941686349775586,0.0,1.0,0.0,1.0,1.0,0.0
6,150,2.987689089811988,3.149932947977847,0.0,0.0,0.0,1.0,0.0,0.0
7,150,10.308502412885083,6.836411649764711,0.0,0.0,0.0,1.0,0.0,0.0
8,150,2.928757767324208,12.0,1.0,1.0,0.0,1.0,1.0,0.0
9,150,5.699354346403792,5.398617240904524,0.0,0.0,0.0,0.0,0.0,0.0
10,150,5.744975812717212,8.916242244905117,0.0,0.0,0.0,0.0,1.0,0.0
11,150,6.2380343517064905,2.5244216316276,1.0,0.0,1.0,1.0,0.0,1.0
12,150,0.2466593422699071,4.549530110515872,0.0,1.0,0.0,1.0,0.0,1.0
13,150,10.09241387895041,5.186876764976618,1.0,1.0,1.0,0.0,0.0,0.0
14,150,7.992740729559908,7.784671604374616,0.0,0.0,0.0,0.0,1.0,0.0
15,150,5.974338945261195,3.375261302551736,0.0,0.0,0.0,1.0,0.0,1.0
16,150,2.9589588601727645,4.72065091821482,1.0,1.0,0.0,0.0,1.0,0.0
17,150,11.640245314328558,9.102748967398997,1.0,1.0,0.0,0.0,0.0,0.0
18,150,8.203711521746706,10.83421953434054,1.0,0.0,0.0,1.0,0.0,0.0
19,150,1.925466161328172,6.451986850459924,0.0,0.0,1.0,1.0,0.0,0.0
20,150,12.0,2.49856137808189,0.0,1.0,1.0,1.0,0.0,0.0
21,150,3.0685665718124664,6.961394669913417,1.0,0.0,1.0,1.0,0.0,0.0
22,150,0.1990197850363383,4.829443705923178,1.0,1.0,1.0,0.0,0.0,0.0
23,150,7.221298271814595,12.0,0.0,1.0,0.0,0.0,1.0,0.0
24,150,10.930533876804503,7.3786855258946655,0.0,0.0,0.0,0.0,1.0,0.0
25,150,6.423915417033746,5.982261455350816,1.0,1.0,1.0,0.0,0.0,0.0
26,150,5.989337136670619,7.653586548845016,1.0,0.0,1.0,1.0,0.0,0.0
27,150,10.806241034059385,8.330187990009833,1.0,0.0,1.0,0.0,1.0,0.0
28,150,7.119836542096099,7.071135209584288,0.0,0.0,1.0,0.0,1.0,0.0
29,150,4.015514199413643,3.9395282611829896,0.0,1.0,0.0,1.0,0.0,0.0
30,150,0.061902794062087,10.25993526513412,1.0,0.0,1.0,0.0,0.0,1.0
31,150,7.226511167255067,10.042276751263843,0.0,0.0,1.0,1.0,0.0,1.0
32,150,1.0064346474741157,4.033578783557162,0.0,1.0,0.0,1.0,0.0,0.0
33,150,3.908002207852996,12.0,1.0,0.0,0.0,0.0,1.0,1.0
34,150,1.1694458955085774,10.691108035631762,1.0,1.0,0.0,0.0,0.0,0.0
35,150,2.6302680914264367,4.871636886781473,1.0,0.0,1.0,0.0,1.0,0.0
36,150,3.1264190532365927,12.0,0.0,1.0,1.0,1.0,0.0,0.0
37,150,6.1780715629607,5.593346964685729,1.0,0.0,1.0,0.0,0.0,1.0
38,150,5.313364337703671,5.929757298643959,1.0,1.0,0.0,1.0,0.0,0.0
39,150,6.154902666956602,5.205194378848583,0.0,0.0,0.0,0.0,0.0,0.0
0,155,6.515765005533773,6.593692267557515,0.0,0.0,1.0,1.0,0.0,1.0
1,155,11.220759251287822,9.650192670238692,0.0,1.0,0.0,1.0,1.0,0.0
2,155,1.5506248085132357,6.021181951246806,0.0,0.0,0.0,0.0,1.0,1.0
3,155,5.9083198719313605,6.047180133658511,0.0,0.0,1.0,1.0,0.0,1.0
4,155,10.312083453662591,3.4437344386034328,0.0,0.0,0.0,1.0,1.0,1.0
5,155,5.595761802571266,4.9099560510547855,0.0,1.0,0.0,1.0,1.0,0.0
6,155,2.9506839735677213,3.2714615197471204,0.0,0.0,0.0,1.0,0.0,0.0
7,155,10.259674337491886,6.946516526472385,0.0,0.0,0.0,1.0,0.0,0.0
8,155,2.928479065847395,12.0,1.0,1.0,0.0,1.0,1.0,0.0
9,155,5.76636292702883,5.411772831964986,0.0,0.0,0.0,0.0,0.0,0.0
10,155,5.723559290468054,8.935215132094473,0.0,0.0,0.0,0.0,1.0,0.0
11,155,6.106775978345237,2.503559361641834,1.0,0.0,1.0,1.0,0.0,1.0
12,155,0.2292888327173156,4.387235550638356,0.0,1.0,0.0,1.0,0.0,1.0
13,155,10.114499675174372,5.191312865399727,1.0,1.0,1.0,0.0,0.0,0.0
14,155,7.994336684887949,7.825515789919188,0.0,0.0,0.0,0.0,1.0,0.0
15,155,5.97077517391539,3.403051995798266,0.0,0.0,0.0,1.0,0.0,1.0
16,155,2.9577018993917163,4.736654189162387,1.0,1.0,0.0,0.0,1.0,0.0
17,155,11.654838393309866,9.054195639864783,1.0,1.0,0.0,0.0,0.0,0.0
18,155,8.081385452069854,10.895956579293264,1.0,0.0,0.0,1.0,0.0,0.0
19,155,1.9249602604653664,6.451750273581972,0.0,0.0,1.0,1.0,0.0,0.0
20,155,12.0,2.511941021253398,0.0,1.0,1.0,1.0,0.0,0.0
21,155,3.2157388233331794,7.003701903415911,1.0,0.0,1.0,1.0,0.0,0.0
22,155,0.1238427939608383,4.814162484373989,1.0,1.0,1.0,0.0,0.0,0.0
23,155,7.004974501036823,12.0,0.0,1.0,0.0,0.0,1.0,0.0
24,155,10.936001787638745,7.384811401226249,0.0,0.0,0.0,0.0,1.0,0.0
25,155,6.545708666240441,5.927914795061974,1.0,1.0,1.0,0.0,0.0,0.0
26,155,6.073218773030813,7.7474753796240785,1.0,0.0,1.0,1.0,0.0,0.0
27,155,10.766129757971347,8.308316100396961,1.0,0.0,1.0,0.0,1.0,0.0
28,155,6.989471198098154,6.989668219201489,0.0,0.0,1.0,0.0,1.0,0.0
29,155,4.019019731746821,3.9130071183508166,0.0,1.0,0.0,1.0,0.0,0.0
30,155,0.0280319191070976,10.353098932006391,1.0,0.0,1.0,0.0,0.0,1.0
31,155,7.237789471384429,10.010614496856745,0.0,0.0,1.0,1.0,0.0,1.0
32,155,1.008696335748594,4.06704391737848,0.0,1.0,0.0,1.0,0.0,0.0
33,155,3.905993993120004,12.0,1.0,0.0,0.0,0.0,1.0,1.0
34,155,1.1392378852700056,10.780137015561426,1.0,1.0,0.0,0.0,0.0,0.0
35,155,2.5482788623127464,4.837061893854114,1.0,0.0,1.0,0.0,1.0,0.0
36,155,3.0243796689351914,12.0,0.0,1.0,1.0,1.0,0.0,0.0
37,155,6.168766344985198,5.66303622041612,1.0,0.0,1.0,0.0,0.0,1.0
38,155,5.252591188562242,6.042955854034905,1.0,1.0,0.0,1.0,0.0,0.0
39,155,6.1745651953063225,5.248868517086247,0.0,0.0,0.0,0.0,0.0,0.0
0,160,6.569619787141745,6.575621737445575,0.0,0.0,1.0,1.0,0.0,1.0
1,160,11.20981017892186,9.77165769189977,0.0,1.0,0.0,1.0,1.0,0.0
2,160,1.5247969330819116,5.937687425409234,0.0,0.0,0.0,0.0,1.0,1.0
3,160,5.931167016415177,6.039608172455395,0.0,0.0,1.0,1.0,0.0,1.0
4,160,10.420709303513195,3.543973611464801,0.0,0.0,0.0,1.0,1.0,1.0
5,160,5.5584440665022345,4.879927172906586,0.0,1.0,0.0,1.0,1.0,0.0
6,160,2.9170104648446027,3.381695641317845,0.0,0.0,0.0,1.0,0.0,0.0
7,160,10.220622933927851,7.038652490616038,0.0,0.0,0.0,1.0,0.0,0.0
8,160,2.9283535345283283,12.0,1.0,1.0,0.0,1.0,1.0,0.0
9,160,5.867123832420044,5.431772865144253,0.0,0.0,0.0,0.0,0.0,0.0
10,160,5.710000558974389,8.948186156824796,0.0,0.0,0.0,0.0,1.0,0.0
11,160,5.988600648665583,2.4823261043666585,1.0,0.0,1.0,1.0,0.0,1.0
12,160,0.2116570511111025,4.246936734292294,0.0,1.0,0.0,1.0,0.0,1.0
13,160,10.120871847342627,5.192682760637801,1.0,1.0,1.0,0.0,0.0,0.0
14,160,7.996303773563283,7.876421442830765,0.0,0.0,0.0,0.0,1.0,0.0
15,160,5.96850134392862,3.420508605551501,0.0,0.0,0.0,1.0,0.0,1.0
16,160,2.927847984551438,4.733546182750864,1.0,1.0,0.0,0.0,1.0,0.0
17,160,11.67086267565581,9.005058091714272,1.0,1.0,0.0,0.0,0.0,0.0
18,160,7.958749960983213,10.958081251697235,1.0,0.0,0.0,1.0,0.0,0.0
19,160,1.9150243389362955,6.447303162554296,0.0,0.0,1.0,1.0,0.0,0.0
20,160,12.0,2.5276904487933787,0.0,1.0,1.0,1.0,0.0,0.0
21,160,3.358338937183692,7.044818605105502,1.0,0.0,1.0,1.0,0.0,0.0
22,160,0.0690262191738708,4.803830338020634,1.0,1.0,1.0,0.0,0.0,0.0
23,160,6.784147154384629,12.0,0.0,1.0,0.0,0.0,1.0,0.0
24,160,10.94948447961584,7.399832600919943,0.0,0.0,0.0,0.0,1.0,0.0
25,160,6.673315322666329,5.86842895431567,1.0,1.0,1.0,0.0,0.0,0.0
26,160,6.17858766504318,7.864962428992863,1.0,0.0,1.0,1.0,0.0,0.0
27,160,10.720627158679546,8.283895991901883,1.0,0.0,1.0,0.0,1.0,0.0
28,160,6.862549045084551,6.913509976499304,0.0,0.0,1.0,0.0,1.0,0.0
29,160,4.023325301579647,3.8815823525953896,0.0,1.0,0.0,1.0,0.0,0.0
30,160,0.0,10.44695760364004,1.0,0.0,1.0,0.0,0.0,1.0
31,160,7.255002084495457,9.960600640672402,0.0,0.0,1.0,1.0,0.0,1.0
32,160,1.0109624214591562,4.102492896692899,0.0,1.0,0.0,1.0,0.0,0.0
33,160,3.9025598494818263,12.0,1.0,0.0,0.0,0.0,1.0,1.0
34,160,1.114784969579773,10.84992762607172,1.0,1.0,0.0,0.0,0.0,0.0
35,160,2.579728050186586,4.760934748116933,1.0,0.0,1.0,0.0,1.0,0.0
36,160,2.90087828039742,12.0,0.0,1.0,1.0,1.0,0.0,0.0
37,160,6.159759386169814,5.729521987745001,1.0,0.0,1.0,0.0,0.0,1.0
38,160,5.194292528837947,6.157847908005276,1.0,1.0,0.0,1.0,0.0,0.0
39,160,6.1892754146341895,5.281668626016431,0.0,0.0,0.0,0.0,0.0,0.0
0,165,6.613348288476655,6.560353321946868,0.0,0.0,1.0,1.0,0.0,1.0
1,165,11.197026711002044,9.908758018800285,0.0,1.0,0.0,1.0,1.0,0.0
2,165,1.496176726639874,5.849875369312046,0.0,0.0,0.0,0.0,1.0,1.0
3,165,5.940171860794271,6.036446676717768,0.0,0.0,1.0,1.0,0.0,1.0
4,165,10.516523313905823,3.635252780212148,0.0,0.0,0.0,1.0,1.0,1.0
5,165,5.5038084530305404,4.8353123265327165,0.0,1.0,0.0,1.0,1.0,0.0
6,165,2.8872370333053814,3.474548604208385,0.0,0.0,0.0,1.0,0.0,0.0
7,165,10.188343145747746,7.115081837144373,0.0,0.0,0.0,1.0,0.0,0.0
8,165,2.92865390599925,12.0,1.0,1.0,0.0,1.0,1.0,0.0
9,165,5.964966863722671,5.452765060436555,0.0,0.0,0.0,0.0,0.0,0.0
10,165,5.7104282023593065,8.94778950673879,0.0,0.0,0.0,0.0,1.0,0.0
11,165,5.887025963867556,2.464629453533137,1.0,0.0,1.0,1.0,0.0,1.0
12,165,0.2005687494466025,4.1135837434143925,0.0,1.0,0.0,1.0,0.0,1.0
13,165,10.150064829032509,5.19918937665116,1.0,1.0,1.0,0.0,0.0,0.0
14,165,7.997923846455294,7.917062809661121,0.0,0.0,0.0,0.0,1.0,0.0
15,165,5.968980975553087,3.416620067206712,0.0,0.0,0.0,1.0,0.0,1.0
16,165,2.925665535331854,4.733313302486055,1.0,1.0,0.0,0.0,1.0,0.0
17,165,11.690618225449867,8.946926596445433,1.0,1.0,0.0,0.0,0.0,0.0
18,165,7.835871216458042,11.02209308494757,1.0,0.0,0.0,1.0,0.0,0.0
19,165,1.9007639178589812,6.441038377285438,0.0,0.0,1.0,1.0,0.0,0.0
20,165,12.0,2.539294592188228,0.0,1.0,1.0,1.0,0.0,0.0
21,165,3.50510211742256,7.086018212157562,1.0,0.0,1.0,1.0,0.0,0.0
22,165,0.0121897165623619,4.79477682408565,1.0,1.0,1.0,0.0,0.0,0.0
23,165,6.567656482455603,12.0,0.0,1.0,0.0,0.0,1.0,0.0
24,165,10.957949000589078,7.408958310682119,0.0,0.0,0.0,0.0,1.0,0.0
25,165,6.805376329649143,5.809799297269949,1.0,1.0,1.0,0.0,0.0,0.0
26,165,6.26781968190704,7.971430645822232,1.0,0.0,1.0,1.0,0.0,0.0
27,165,10.667845040095454,8.257192327915035,1.0,0.0,1.0,0.0,1.0,0.0
28,165,6.71489274675134,6.816098506354802,0.0,0.0,1.0,0.0,1.0,0.0
29,165,4.025407668964335,3.86350559947228,0.0,1.0,0.0,1.0,0.0,0.0
30,165,0.0,10.544123475534349,1.0,0.0,1.0,0.0,0.0,1.0
31,165,7.265963810955924,9.928947053496888,0.0,0.0,1.0,1.0,0.0,1.0
32,165,1.012663401730996,4.128458294915938,0.0,1.0,0.0,1.0,0.0,0.0
33,165,3.898088787128663,12.0,1.0,0.0,0.0,0.0,1.0,1.0
34,165,1.0902686124999932,10.93009657834147,1.0,1.0,0.0,0.0,0.0,0.0
35,165,2.610269937468887,4.687786843370697,1.0,0.0,1.0,0.0,1.0,0.0
36,165,2.768142591106903,12.0,0.0,1.0,1.0,1.0,0.0,0.0
37,165,6.148861264351297,5.821006638813598,1.0,0.0,1.0,0.0,0.0,1.0
38,165,5.132096865439834,6.272093793472543,1.0,1.0,0.0,1.0,0.0,0.0
39,165,6.205215694192904,5.315252678349244,0.0,0.0,0.0,0.0,0.0,0.0
0,170,6.647057710441101,6.548195228907146,0.0,0.0,1.0,1.0,0.0,1.0
1,170,11.18611759760764,10.05507596370276,0.0,1.0,0.0,1.0,1.0,0.0
2,170,1.463516901208879,5.736259155968381,0.0,0.0,0.0,0.0,1.0,1.0
3,170,5.957351464086695,6.029918979602562,0.0,0.0,1.0,1.0,0.0,1.0
4,170,10.607990845663313,3.716951669736994,0.0,0.0,0.0,1.0,1.0,1.0
5,170,5.43576365769168,4.780402400599433,0.0,1.0,0.0,1.0,1.0,0.0
6,170,2.8478704615847223,3.591005976995909,0.0,0.0,0.0,1.0,0.0,0.0
7,170,10.144463616781458,7.212989701592601,0.0,0.0,0.0,1.0,0.0,0.0
8,170,2.928694462318684,12.0,1.0,1.0,0.0,1.0,1.0,0.0
9,170,6.075452603848062,5.476387032787156,0.0,0.0,0.0,0.0,0.0,0.0
10,170,5.7014767414929,8.956278748467575,0.0,0.0,0.0,0.0,1.0,0.0
11,170,5.782178756843623,2.4449231112976397,1.0,0.0,1.0,1.0,0.0,1.0
12,170,0.1912152655579591,3.986751722863685,0.0,1.0,0.0,1.0,0.0,1.0
13,170,10.167601645514424,5.2027379183204046,1.0,1.0,1.0,0.0,0.0,0.0
14,170,7.999353112187995,7.94934021898711,0.0,0.0,0.0,0.0,1.0,0.0
15,170,5.970216893179238,3.404836361341406,0.0,0.0,0.0,1.0,0.0,1.0
16,170,2.916851240030533,4.732250860561638,1.0,1.0,0.0,0.0,1.0,0.0
17,170,11.713456014341054,8.876336589286183,1.0,1.0,0.0,0.0,0.0,0.0
18,170,7.7174331840431325,11.082513679613152,1.0,0.0,0.0,1.0,0.0,0.0
19,170,1.91037416759419,6.445520326847114,0.0,0.0,1.0,1.0,0.0,0.0
20,170,12.0,2.551635860026348,0.0,1.0,1.0,1.0,0.0,0.0
21,170,3.624964464141937,7.118848305667719,1.0,0.0,1.0,1.0,0.0,0.0
22,170,0.0,4.783123865957543,1.0,1.0,1.0,0.0,0.0,0.0
23,170,6.328513444863712,12.0,0.0,1.0,0.0,0.0,1.0,0.0
24,170,10.968179896894044,7.419768020321666,0.0,0.0,0.0,0.0,1.0,0.0
25,170,6.935277248067054,5.752465762740683,1.0,1.0,1.0,0.0,0.0,0.0
26,170,6.3740274593696284,8.09325813209663,1.0,0.0,1.0,1.0,0.0,0.0
27,170,10.60226187681394,8.22425844417071,1.0,0.0,1.0,0.0,1.0,0.0
28,170,6.574933568417898,6.724121617449326,0.0,0.0,1.0,0.0,1.0,0.0
29,170,4.024732995248906,3.870005733108828,0.0,1.0,0.0,1.0,0.0,0.0
30,170,0.0,10.657483829642478,1.0,0.0,1.0,0.0,0.0,1.0
31,170,7.282422158188655,9.880434547531978,0.0,0.0,1.0,1.0,0.0,1.0
32,170,1.0140028914588943,4.145895797568803,0.0,1.0,0.0,1.0,0.0,0.0
33,170,3.89607656430271,12.0,1.0,0.0,0.0,0.0,1.0,1.0
34,170,1.0694931698758732,10.997171456207026,1.0,1.0,0.0,0.0,0.0,0.0
35,170,2.6458430318773547,4.60107298537317,1.0,0.0,1.0,0.0,1.0,0.0
36,170,2.623156528588674,12.0,0.0,1.0,1.0,1.0,0.0,0.0
37,170,6.136745150795665,5.903939319159757,1.0,0.0,1.0,0.0,0.0,1.0
38,170,5.0787872992624585,6.3749352171692415,1.0,1.0,0.0,1.0,0.0,0.0
39,170,6.217378478791448,5.340233758564897,0.0,0.0,0.0,0.0,0.0,0.0
0,175,6.677642593778172,6.537962633866579,0.0,0.0,1.0,1.0,0.0,1.0
1,175,11.171236227047205,10.217356001076716,0.0,1.0,0.0,1.0,1.0,0.0
2,175,1.4293591670093075,5.612739521228412,0.0,0.0,0.0,0.0,1.0,1.0
3,175,5.978597851026606,6.021970247075079,0.0,0.0,1.0,1.0,0.0,1.0
4,175,10.701716851568715,3.7989933623342576,0.0,0.0,0.0,1.0,1.0,1.0
5,175,5.382302304254618,4.738161515627849,0.0,1.0,0.0,1.0,1.0,0.0
6,175,2.817754542612648,3.691758643554065,0.0,0.0,0.0,1.0,0.0,0.0
7,175,10.097402522150244,7.310390504477088,0.0,0.0,0.0,1.0,0.0,0.0
8,175,2.9598339273474883,12.0,1.0,1.0,0.0,1.0,1.0,0.0
9,175,6.167639978223521,5.496632010812876,0.0,0.0,0.0,0.0,0.0,0.0
10,175,5.718903997317677,8.939320349402491,0.0,0.0,0.0,0.0,1.0,0.0
11,175,5.665547977293562,2.420272292688583,1.0,0.0,1.0,1.0,0.0,1.0
12,175,0.1833897639911536,3.879554126537713,0.0,1.0,0.0,1.0,0.0,1.0
13,175,10.175513885091826,5.204546193637821,1.0,1.0,1.0,0.0,0.0,0.0
14,175,7.999374654228747,7.969633540515075,0.0,0.0,0.0,0.0,1.0,0.0
15,175,5.97234337959312,3.389162310906445,0.0,0.0,0.0,1.0,0.0,1.0
16,175,2.899714460409966,4.729964184625268,1.0,1.0,0.0,0.0,1.0,0.0
17,175,11.734753382229847,8.811134671277232,1.0,1.0,0.0,0.0,0.0,0.0
18,175,7.625950844791822,11.12813802571983,1.0,0.0,0.0,1.0,0.0,0.0
19,175,1.9245578648986308,6.452346357016597,0.0,0.0,1.0,1.0,0.0,0.0
20,175,12.0,2.563823344571569,0.0,1.0,1.0,1.0,0.0,0.0
21,175,3.739777021985669,7.151064238010673,1.0,0.0,1.0,1.0,0.0,0.0
22,175,0.0,4.774386679464923,1.0,1.0,1.0,0.0,0.0,0.0
23,175,6.085607394561215,12.0,0.0,1.0,0.0,0.0,1.0,0.0
24,175,10.978742538864669,7.431093769307743,0.0,0.0,0.0,0.0,1.0,0.0
25,175,7.071028813224852,5.693188038966581,1.0,1.0,1.0,0.0,0.0,0.0
26,175,6.486275925300605,8.21996980554472,1.0,0.0,1.0,1.0,0.0,0.0
27,175,10.536255971676743,8.191497215842391,1.0,0.0,1.0,0.0,1.0,0.0
28,175,6.447027681479803,6.63930837629844,0.0,0.0,1.0,0.0,1.0,0.0
29,175,4.023405883648197,3.8842985802601073,0.0,1.0,0.0,1.0,0.0,0.0
30,175,0.0,10.779735273169532,1.0,0.0,1.0,0.0,0.0,1.0
31,175,7.293875057233478,9.844992646824863,0.0,0.0,1.0,1.0,0.0,1.0
32,175,1.0429009256866646,4.143929537970067,0.0,1.0,0.0,1.0,0.0,0.0
33,175,3.894844580676684,12.0,1.0,0.0,0.0,0.0,1.0,1.0
34,175,1.0464114049232147,11.068235620459218,1.0,1.0,0.0,0.0,0.0,0.0
35,175,2.6772032103868657,4.528476850498831,1.0,0.0,1.0,0.0,1.0,0.0
36,175,2.470181054627889,12.0,0.0,1.0,1.0,1.0,0.0,0.0
37,175,6.126721770063179,5.9781156378451215,1.0,0.0,1.0,0.0,0.0,1.0
38,175,5.024016518295988,6.481182347941028,1.0,1.0,0.0,1.0,0.0,0.0
39,175,6.232619379111084,5.372420623331227,0.0,0.0,0.0,0.0,0.0,0.0
0,180,6.712064681915783,6.526976279256814,0.0,0.0,1.0,1.0,0.0,1.0
1,180,11.160517478620212,10.374714984699107,0.0,1.0,0.0,1.0,1.0,0.0
2,180,1.3947788409319914,5.479797892283473,0.0,0.0,0.0,0.0,1.0,1.0
3,180,6.00522904665706,6.011738209823079,0.0,0.0,1.0,1.0,0.0,1.0
4,180,10.80666812083951,3.889241788681505,0.0,0.0,0.0,1.0,1.0,1.0
5,180,5.3312284694266205,4.698083015473301,0.0,1.0,0.0,1.0,1.0,0.0
6,180,2.780291343014796,3.812977085541807,0.0,0.0,0.0,1.0,0.0,0.0
7,180,10.063973240321308,7.379755152688025,0.0,0.0,0.0,1.0,0.0,0.0
8,180,2.9696543119348564,11.999601236722128,1.0,1.0,0.0,1.0,1.0,0.0
9,180,6.260984472943013,5.516317810324775,0.0,0.0,0.0,0.0,0.0,0.0
10,180,5.7412364154451785,8.917411765687469,0.0,0.0,0.0,0.0,1.0,0.0
11,180,5.5368506463766405,2.39129914437362,1.0,0.0,1.0,1.0,0.0,1.0
12,180,0.1725870405364591,3.758434465798255,0.0,1.0,0.0,1.0,0.0,1.0
13,180,10.171345465550464,5.203503596916807,1.0,1.0,1.0,0.0,0.0,0.0
14,180,7.999090585907184,7.985687768950209,0.0,0.0,0.0,0.0,1.0,0.0
15,180,5.973754837032281,3.378357957255416,0.0,0.0,0.0,1.0,0.0,1.0
16,180,2.8795018577431364,4.726946887444087,1.0,1.0,0.0,0.0,1.0,0.0
17,180,11.75700308434569,8.74371010582046,1.0,1.0,0.0,0.0,0.0,0.0
18,180,7.513842245974655,11.18443549995872,1.0,0.0,0.0,1.0,0.0,0.0
19,180,1.940987219915824,6.460978623671457,0.0,0.0,1.0,1.0,0.0,0.0
20,180,12.0,2.5725995976061973,0.0,1.0,1.0,1.0,0.0,0.0
21,180,3.873200580317012,7.18869915928869,1.0,0.0,1.0,1.0,0.0,0.0
22,180,0.0,4.7664103945267104,1.0,1.0,1.0,0.0,0.0,0.0
23,180,5.860252713094524,12.0,0.0,1.0,0.0,0.0,1.0,0.0
24,180,10.987181255026936,7.440097558033529,0.0,0.0,0.0,0.0,1.0,0.0
25,180,7.195887216619088,5.639450793906366,1.0,1.0,1.0,0.0,0.0,0.0
26,180,6.594799816465569,8.344317971953199,1.0,0.0,1.0,1.0,0.0,0.0
27,180,10.452314141347111,8.150034315850094,1.0,0.0,1.0,0.0,1.0,0.0
28,180,6.3097104422639,6.550528399080593,0.0,0.0,1.0,0.0,1.0,0.0
29,180,4.0232295328186805,3.888025025564575,0.0,1.0,0.0,1.0,0.0,0.0
30,180,0.0,10.887250148481415,1.0,0.0,1.0,0.0,0.0,1.0
31,180,7.302773188355768,9.815688332614362,0.0,0.0,1.0,1.0,0.0,1.0
32,180,1.0873716532965836,4.13890208308688,0.0,1.0,0.0,1.0,0.0,0.0
33,180,3.894445548623095,12.0,1.0,0.0,0.0,0.0,1.0,1.0
34,180,1.0189276926101654,11.150613812643169,1.0,1.0,0.0,0.0,0.0,0.0
35,180,2.7015901091230683,4.472542781881592,1.0,0.0,1.0,0.0,1.0,0.0
36,180,2.309757894793999,12.0,0.0,1.0,1.0,1.0,0.0,0.0
37,180,6.113532853282817,6.078665164648265,1.0,0.0,1.0,0.0,0.0,1.0
38,180,4.961233083500849,6.59986195868222,1.0,1.0,0.0,1.0,0.0,0.0
39,180,6.25697839249128,5.421842968611936,0.0,0.0,0.0,0.0,0.0,0.0
0,185,6.722351039332456,6.523841102573002,0.0,0.0,1.0,1.0,0.0,1.0
1,185,11.150120829948095,10.521887227799697,0.0,1.0,0.0,1.0,1.0,0.0
2,185,1.3596869632155395,5.351661101480133,0.0,0.0,0.0,0.0,1.0,1.0
3,185,6.0403060860229045,5.999355493462705,0.0,0.0,1.0,1.0,0.0,1.0
4,185,10.90816948684488,3.976284903886096,0.0,0.0,0.0,1.0,1.0,1.0
5,185,5.2879124925769885,4.662482914946317,0.0,1.0,0.0,1.0,1.0,0.0
6,185,2.7389943191020607,3.934924112922879,0.0,0.0,0.0,1.0,0.0,0.0
7,185,10.036966139185695,7.438617065241099,0.0,0.0,0.0,1.0,0.0,0.0
8,185,2.973016004486817,11.9993894864228,1.0,1.0,0.0,1.0,1.0,0.0
9,185,6.346719974215212,5.534808102623299,0.0,0.0,0.0,0.0,0.0,0.0
10,185,5.762207227248912,8.896725681633242,0.0,0.0,0.0,0.0,1.0,0.0
11,185,5.40649806596368,2.36155991739234,1.0,0.0,1.0,1.0,0.0,1.0
12,185,0.159754849737608,3.6220921238713455,0.0,1.0,0.0,1.0,0.0,1.0
13,185,10.17886566774873,5.205405320541622,1.0,1.0,1.0,0.0,0.0,0.0
14,185,7.999101933604562,7.985421806574107,0.0,0.0,0.0,0.0,1.0,0.0
15,185,5.976936350672311,3.3529731509624225,0.0,0.0,0.0,1.0,0.0,1.0
16,185,2.8647505258964188,4.724673589877772,1.0,1.0,0.0,0.0,1.0,0.0
17,185,11.778371731589564,8.677723043628736,1.0,1.0,0.0,0.0,0.0,0.0
18,185,7.4043328439016545,11.241668566665236,1.0,0.0,0.0,1.0,0.0,0.0
19,185,1.9605441191768704,6.471618234944477,0.0,0.0,1.0,1.0,0.0,0.0
20,185,12.0,2.5781710354716023,0.0,1.0,1.0,1.0,0.0,0.0
21,185,4.0159444811866765,7.228814893006143,1.0,0.0,1.0,1.0,0.0,0.0
22,185,0.0,4.760372122346852,1.0,1.0,1.0,0.0,0.0,0.0
23,185,5.641748923829725,12.0,0.0,1.0,0.0,0.0,1.0,0.0
24,185,11.005318813271902,7.423720757338085,0.0,0.0,0.0,0.0,1.0,0.0
25,185,7.303683672609201,5.591980281641925,1.0,1.0,1.0,0.0,0.0,0.0
26,185,6.683714290478252,8.447808218491597,1.0,0.0,1.0,1.0,0.0,0.0
27,185,10.367963048178035,8.109287349537457,1.0,0.0,1.0,0.0,1.0,0.0
28,185,6.168954229618992,6.458623010858291,0.0,0.0,1.0,0.0,1.0,0.0
29,185,4.023347299651881,3.8847599306500182,0.0,1.0,0.0,1.0,0.0,0.0
30,185,0.0,10.967034148272912,1.0,0.0,1.0,0.0,0.0,1.0
31,185,7.304614044697421,9.809562839873596,0.0,0.0,1.0,1.0,0.0,1.0
32,185,1.1195532908547454,4.135017060177984,0.0,1.0,0.0,1.0,0.0,0.0
33,185,3.8939585346352072,12.0,1.0,0.0,0.0,0.0,1.0,1.0
34,185,0.9872865504645644,11.242415022852477,1.0,1.0,0.0,0.0,0.0,0.0
35,185,2.7420280980139897,4.38480053552648,1.0,0.0,1.0,0.0,1.0,0.0
36,185,2.14157388766566,12.0,0.0,1.0,1.0,1.0,0.0,0.0
37,185,6.099265005907996,6.178276180264361,1.0,0.0,1.0,0.0,0.0,1.0
38,185,4.891878163176398,6.736492070328172,1.0,1.0,0.0,1.0,0.0,0.0
39,185,6.278141304313197,5.464791908581434,0.0,0.0,0.0,0.0,0.0,0.0
0,190,6.720289077268089,6.52441542582532,0.0,0.0,1.0,1.0,0.0,1.0
1,190,11.138075167711024,10.669720068084615,0.0,1.0,0.0,1.0,1.0,0.0
2,190,1.3269618652059427,5.240075756583935,0.0,0.0,0.0,0.0,1.0,1.0
3,190,6.065130831424569,5.99090239347494,0.0,0.0,1.0,1.0,0.0,1.0
4,190,11.026953089478976,4.070757976056114,0.0,0.0,0.0,1.0,1.0,1.0
5,190,5.241207189617066,4.624676218004846,0.0,1.0,0.0,1.0,1.0,0.0
6,190,2.694237518386084,4.069440451037926,0.0,0.0,0.0,1.0,0.0,0.0
7,190,10.000960717265446,7.514131600178528,0.0,0.0,0.0,1.0,0.0,0.0
8,190,3.0018944313910545,11.99736016975374,1.0,1.0,0.0,1.0,1.0,0.0
9,190,6.436296929907333,5.55227703380861,0.0,0.0,0.0,0.0,0.0,0.0
10,190,5.777181706459027,8.882847764985065,0.0,0.0,0.0,0.0,1.0,0.0
11,190,5.282338000666319,2.333760719875808,1.0,0.0,1.0,1.0,0.0,1.0
12,190,0.1488361621472595,3.4993966089297017,0.0,1.0,0.0,1.0,0.0,1.0
13,190,10.193225914026623,5.208854684313131,1.0,1.0,1.0,0.0,0.0,0.0
14,190,7.998761649780008,7.994622189461098,0.0,0.0,0.0,0.0,1.0,0.0
15,190,5.979526069987753,3.333730093281423,0.0,0.0,0.0,1.0,0.0,1.0
16,190,2.85505923790992,4.723182875799076,1.0,1.0,0.0,0.0,1.0,0.0
17,190,11.797191611713137,8.616029327707809,1.0,1.0,0.0,0.0,0.0,0.0
18,190,7.293679021097272,11.303701062178362,1.0,0.0,0.0,1.0,0.0,0.0
19,190,1.9765427860777465,6.480200087148984,0.0,0.0,1.0,1.0,0.0,0.0
20,190,12.0,2.589766769938087,0.0,1.0,1.0,1.0,0.0,0.0
21,190,4.179233809506647,7.278956147458267,1.0,0.0,1.0,1.0,0.0,0.0
22,190,0.0,4.755203523925918,1.0,1.0,1.0,0.0,0.0,0.0
23,190,5.428740555281571,12.0,0.0,1.0,0.0,0.0,1.0,0.0
24,190,11.031495348315334,7.400803180448637,0.0,0.0,0.0,0.0,1.0,0.0
25,190,7.421889746499445,5.541509117842446,1.0,1.0,1.0,0.0,0.0,0.0
26,190,6.804954742775619,8.339527462137005,1.0,0.0,1.0,1.0,0.0,0.0
27,190,10.278039897979726,8.063936969472216,1.0,0.0,1.0,0.0,1.0,0.0
28,190,6.02616368871978,6.361469476512426,0.0,0.0,1.0,0.0,1.0,0.0
29,190,4.023151272827786,3.894124366549781,0.0,1.0,0.0,1.0,0.0,0.0
30,190,0.0,11.057741486935273,1.0,0.0,1.0,0.0,0.0,1.0
31,190,7.304277832047485,9.810752505639686,0.0,0.0,1.0,1.0,0.0,1.0
32,190,1.1615018245495832,4.128850640345399,0.0,1.0,0.0,1.0,0.0,0.0
33,190,3.892622394492239,12.0,1.0,0.0,0.0,0.0,1.0,1.0
34,190,0.9594519003840004,11.321662993314147,1.0,1.0,0.0,0.0,0.0,0.0
35,190,2.7792693265034094,4.301991599003426,1.0,0.0,1.0,0.0,1.0,0.0
36,190,1.9940521241877984,12.0,0.0,1.0,1.0,1.0,0.0,0.0
37,190,6.187651734845092,6.188580155194508,1.0,0.0,1.0,0.0,0.0,1.0
38,190,4.810427681927539,6.8913407768897805,1.0,1.0,0.0,1.0,0.0,0.0
39,190,6.290825317897689,5.490345597167815,0.0,0.0,0.0,0.0,0.0,0.0
0,195,6.71256694681993,6.5265257878966505,0.0,0.0,1.0,1.0,0.0,1.0
1,195,11.12234484163962,10.8410634489721,0.0,1.0,0.0,1.0,1.0,0.0
2,195,1.290615736470296,5.116332022005796,0.0,0.0,0.0,0.0,1.0,1.0
3,195,6.078344066853629,5.986081197996724,0.0,0.0,1.0,1.0,0.0,1.0
4,195,11.145019426414803,4.161293737802085,0.0,0.0,0.0,1.0,1.0,1.0
5,195,5.201349954251349,4.593301642784515,0.0,1.0,0.0,1.0,1.0,0.0
6,195,2.6538849870184897,4.189711378919076,0.0,0.0,0.0,1.0,0.0,0.0
7,195,9.964786219384518,7.590616583707812,0.0,0.0,0.0,1.0,0.0,0.0
8,195,3.041724076089803,11.994834014312293,1.0,1.0,0.0,1.0,1.0,0.0
9,195,6.54545590105574,5.571714136518975,0.0,0.0,0.0,0.0,0.0,0.0
10,195,5.7725777506486,8.887179664360222,0.0,0.0,0.0,0.0,1.0,0.0
11,195,5.164594218668828,2.311066723797268,1.0,0.0,1.0,1.0,0.0,1.0
12,195,0.1366271684531186,3.3893481188233987,0.0,1.0,0.0,1.0,0.0,1.0
13,195,10.221273263455185,5.214228209603798,1.0,1.0,1.0,0.0,0.0,0.0
14,195,7.997824618120572,8.007861710080281,0.0,0.0,0.0,0.0,1.0,0.0
15,195,5.982739068128254,3.309436953959497,0.0,0.0,0.0,1.0,0.0,1.0
16,195,2.8456872544213767,4.721596978650356,1.0,1.0,0.0,0.0,1.0,0.0
17,195,11.812281084040611,8.565239533893005,1.0,1.0,0.0,0.0,0.0,0.0
18,195,7.196404244066077,11.355564466580502,1.0,0.0,0.0,1.0,0.0,0.0
19,195,1.987996043310344,6.486690042774766,0.0,0.0,1.0,1.0,0.0,0.0
20,195,12.0,2.6050084505098976,0.0,1.0,1.0,1.0,0.0,0.0
21,195,4.341041721037436,7.324632660109723,1.0,0.0,1.0,1.0,0.0,0.0
22,195,0.0,4.74869178593505,1.0,1.0,1.0,0.0,0.0,0.0
23,195,5.229539318080168,12.0,0.0,1.0,0.0,0.0,1.0,0.0
24,195,11.0566726730256,7.3782690526770045,0.0,0.0,0.0,0.0,1.0,0.0
25,195,7.524168195604984,5.49875899373194,1.0,1.0,1.0,0.0,0.0,0.0
26,195,6.943608128565352,8.217004691024526,1.0,0.0,1.0,1.0,0.0,0.0
27,195,10.185821027085796,8.019825049567826,1.0,0.0,1.0,0.0,1.0,0.0
28,195,5.87692443170433,6.260291707841309,0.0,0.0,1.0,0.0,1.0,0.0
29,195,4.023253352843616,3.9039461733911778,0.0,1.0,0.0,1.0,0.0,0.0
30,195,0.0,11.172473732396956,1.0,0.0,1.0,0.0,0.0,1.0
31,195,7.309178127293366,9.793318980911623,0.0,0.0,1.0,1.0,0.0,1.0
32,195,1.194523917311512,4.125199182051765,0.0,1.0,0.0,1.0,0.0,0.0
33,195,3.890651174023756,12.0,1.0,0.0,0.0,0.0,1.0,1.0
34,195,0.9303075524334452,11.401225731320624,1.0,1.0,0.0,0.0,0.0,0.0
35,195,2.818073622950572,4.217160380107929,1.0,0.0,1.0,0.0,1.0,0.0
36,195,1.8261154269802449,12.0,0.0,1.0,1.0,1.0,0.0,0.0
37,195,6.282019362023818,6.200256048222259,1.0,0.0,1.0,0.0,0.0,1.0
38,195,4.737071019794672,7.034877748258434,1.0,1.0,0.0,1.0,0.0,0.0
39,195,6.307795154820396,5.5223025044617575,0.0,0.0,0.0,0.0,0.0,0.0
0,200,6.689706932235825,6.533199810327563,0.0,0.0,1.0,1.0,0.0,1.0
1,200,11.102554121700877,11.03555242922132,0.0,1.0,0.0,1.0,1.0,0.0
2,200,1.248347248361214,4.978473282666275,0.0,0.0,0.0,0.0,1.0,1.0
3,200,6.07529790393146,5.987209514525665,0.0,0.0,1.0,1.0,0.0,1.0
4,200,11.268677849659763,4.258265791787896,0.0,0.0,0.0,1.0,1.0,1.0
5,200,5.152137835176073,4.553711394540005,0.0,1.0,0.0,1.0,1.0,0.0
6,200,2.606122739807904,4.32129626092844,0.0,0.0,0.0,1.0,0.0,0.0
7,200,9.92561762538091,7.67264682278376,0.0,0.0,0.0,1.0,0.0,0.0
8,200,3.095682653896111,11.992476742985428,1.0,1.0,0.0,1.0,1.0,0.0
9,200,6.660099213819296,5.585594098233841,0.0,0.0,0.0,0.0,0.0,0.0
10,200,5.760439642805864,8.898902556332004,0.0,0.0,0.0,0.0,1.0,0.0
11,200,5.053704467173712,2.2877188547124483,1.0,0.0,1.0,1.0,0.0,1.0
12,200,0.1241757839278547,3.3040227549033463,0.0,1.0,0.0,1.0,0.0,1.0
13,200,10.272467957147786,5.224046150157129,1.0,1.0,1.0,0.0,0.0,0.0
14,200,7.995769152496419,8.044933550231432,0.0,0.0,0.0,0.0,1.0,0.0
15,200,5.988773639588395,3.272637289958246,0.0,0.0,0.0,1.0,0.0,1.0
16,200,2.8356860997453643,4.71988412753544,1.0,1.0,0.0,0.0,1.0,0.0
17,200,11.820696015786837,8.539858741548583,1.0,1.0,0.0,0.0,0.0,0.0
18,200,7.116419362743586,11.399093992042848,1.0,0.0,0.0,1.0,0.0,0.0
19,200,2.00978350132959,6.498694129885407,0.0,0.0,1.0,1.0,0.0,0.0
20,200,12.0,2.617447703756303,0.0,1.0,1.0,1.0,0.0,0.0
21,200,4.493720668600699,7.367444056597927,1.0,0.0,1.0,1.0,0.0,0.0
22,200,0.0,4.741361668416233,1.0,1.0,1.0,0.0,0.0,0.0
23,200,5.014372194834324,12.0,0.0,1.0,0.0,0.0,1.0,0.0
24,200,11.073927814189991,7.363370861146087,0.0,0.0,0.0,0.0,1.0,0.0
25,200,7.629270044071209,5.45619912798438,1.0,1.0,1.0,0.0,0.0,0.0
26,200,7.083603674859091,8.092678255914949,1.0,0.0,1.0,1.0,0.0,0.0
27,200,10.080927773905968,7.967245072245896,1.0,0.0,1.0,0.0,1.0,0.0
28,200,5.70965520260348,6.153299243251443,0.0,0.0,1.0,0.0,1.0,0.0
29,200,4.023703054832044,3.926424453513732,0.0,1.0,0.0,1.0,0.0,0.0
30,200,0.0,11.282601431776191,1.0,0.0,1.0,0.0,0.0,1.0
31,200,7.31600136019344,9.768199717592108,0.0,0.0,1.0,1.0,0.0,1.0
32,200,1.2215290197864932,4.121279068200049,0.0,1.0,0.0,1.0,0.0,0.0
33,200,3.888921523463418,12.0,1.0,0.0,0.0,0.0,1.0,1.0
34,200,0.9066517401259382,11.465591201700596,1.0,1.0,0.0,0.0,0.0,0.0
35,200,2.866243306029588,4.117227716866536,1.0,0.0,1.0,0.0,1.0,0.0
36,200,1.6733758713484614,12.0,0.0,1.0,1.0,1.0,0.0,0.0
37,200,6.3770326717624455,6.21356165029071,1.0,0.0,1.0,0.0,0.0,1.0
38,200,4.670909216538389,7.170747360245893,1.0,1.0,0.0,1.0,0.0,0.0
39,200,6.334427347956924,5.571937807151998,0.0,0.0,0.0,0.0,0.0,0.0
0,205,6.648688296930707,6.545345385135852,0.0,0.0,1.0,1.0,0.0,1.0
1,205,11.081983541399902,11.233157317281826,0.0,1.0,0.0,1.0,1.0,0.0
2,205,1.2114998283417358,4.852463948429127,0.0,0.0,0.0,0.0,1.0,1.0
3,205,6.0581075291281605,5.993719860456362,0.0,0.0,1.0,1.0,0.0,1.0
4,205,11.392236601897196,4.356108511368957,0.0,0.0,0.0,1.0,1.0,1.0
5,205,5.10651662029208,4.516260130533335,0.0,1.0,0.0,1.0,1.0,0.0
6,205,2.5588330782989783,4.468497351800106,0.0,0.0,0.0,1.0,0.0,0.0
7,205,9.888727546664052,7.74931969692963,0.0,0.0,0.0,1.0,0.0,0.0
8,205,3.157952347050908,11.989076431614318,1.0,1.0,0.0,1.0,1.0,0.0
9,205,6.790208314205668,5.597926932640054,0.0,0.0,0.0,0.0,0.0,0.0
10,205,5.7397500910336,8.918488636482271,0.0,0.0,0.0,0.0,1.0,0.0
11,205,4.966167761119277,2.268364806861512,1.0,0.0,1.0,1.0,0.0,1.0
12,205,0.1165654871602946,3.2500874088776843,0.0,1.0,0.0,1.0,0.0,1.0
13,205,10.32329061157356,5.233398658790892,1.0,1.0,1.0,0.0,0.0,0.0
14,205,8.038153103875514,8.047868483216922,0.0,0.0,0.0,0.0,1.0,0.0
15,205,5.995177448952772,3.234203088432766,0.0,0.0,0.0,1.0,0.0,1.0
16,205,2.8054852590233765,4.7142863319995305,1.0,1.0,0.0,0.0,1.0,0.0
17,205,11.82799810736612,8.518690678130255,1.0,1.0,0.0,0.0,0.0,0.0
18,205,7.164586696922399,11.487400782337785,1.0,0.0,0.0,1.0,0.0,0.0
19,205,2.02707789513346,6.508191670280608,0.0,0.0,1.0,1.0,0.0,0.0
20,205,12.0,2.627995037739246,0.0,1.0,1.0,1.0,0.0,0.0
21,205,4.645278802051027,7.406292705214772,1.0,0.0,1.0,1.0,0.0,0.0
22,205,0.0,4.729999263936132,1.0,1.0,1.0,0.0,0.0,0.0
23,205,4.821762413926913,12.0,0.0,1.0,0.0,0.0,1.0,0.0
24,205,11.097968314557338,7.343259740707612,0.0,0.0,0.0,0.0,1.0,0.0
25,205,7.736699926605837,5.416957143619933,1.0,1.0,1.0,0.0,0.0,0.0
26,205,7.231706357113998,7.963214449977262,1.0,0.0,1.0,1.0,0.0,0.0
27,205,9.952136575793173,7.903649475787396,1.0,0.0,1.0,0.0,1.0,0.0
28,205,5.559603449914516,6.0581068880445725,0.0,0.0,1.0,0.0,1.0,0.0
29,205,4.0236839242251605,3.965435058882747,0.0,1.0,0.0,1.0,0.0,0.0
30,205,0.0,11.383813180001551,1.0,0.0,1.0,0.0,0.0,1.0
31,205,7.326318014041048,9.726534292456847,0.0,0.0,1.0,1.0,0.0,1.0
32,205,1.2535492541039677,4.117506407713679,0.0,1.0,0.0,1.0,0.0,0.0
33,205,3.887226626881545,12.0,1.0,0.0,0.0,0.0,1.0,1.0
34,205,0.8786089157662617,11.544500827252351,1.0,1.0,0.0,0.0,0.0,0.0
35,205,2.9100861495365016,4.032790609630175,1.0,0.0,1.0,0.0,1.0,0.0
36,205,1.5232526277471443,12.0,0.0,1.0,1.0,1.0,0.0,0.0
37,205,6.463065632375863,6.226844547144663,1.0,0.0,1.0,0.0,0.0,1.0
38,205,4.614217410236705,7.29024037248444,1.0,1.0,0.0,1.0,0.0,0.0
39,205,6.361844285231683,5.625351139143801,0.0,0.0,0.0,0.0,0.0,0.0
0,210,6.628965995550226,6.551302145586635,0.0,0.0,1.0,1.0,0.0,1.0
1,210,11.06081161407435,11.419836533186338,0.0,1.0,0.0,1.0,1.0,0.0
2,210,1.1745564721558002,4.719424633142999,0.0,0.0,0.0,0.0,1.0,1.0
3,210,6.036488491616062,6.002087902699292,0.0,0.0,1.0,1.0,0.0,1.0
4,210,11.5087307343536,4.445862077405998,0.0,0.0,0.0,1.0,1.0,1.0
5,210,5.059143685121517,4.480096461314803,0.0,1.0,0.0,1.0,1.0,0.0
6,210,2.517460327241192,4.59450742764837,0.0,0.0,0.0,1.0,0.0,0.0
7,210,9.854732974619674,7.816039752025409,0.0,0.0,0.0,1.0,0.0,0.0
8,210,3.2178082206973837,11.986576335342644,1.0,1.0,0.0,1.0,1.0,0.0
9,210,6.921220959637902,5.60719811410578,0.0,0.0,0.0,0.0,0.0,0.0
10,210,5.711478994061898,8.890120180419883,0.0,0.0,0.0,0.0,1.0,0.0
11,210,4.887513543958884,2.247689901234036,1.0,0.0,1.0,1.0,0.0,1.0
12,210,0.1082103199364122,3.1897904206870304,0.0,1.0,0.0,1.0,0.0,1.0
13,210,10.3761477209998,5.240786331271349,1.0,1.0,1.0,0.0,0.0,0.0
14,210,8.079450908757861,8.051278347195446,0.0,0.0,0.0,0.0,1.0,0.0
15,210,6.00582672765974,3.175222615893719,0.0,0.0,0.0,1.0,0.0,1.0
16,210,2.767411144800178,4.707564023400718,1.0,1.0,0.0,0.0,1.0,0.0
17,210,11.837878465513931,8.49013453853625,1.0,1.0,0.0,0.0,0.0,0.0
18,210,7.215447929490339,11.582545397642503,1.0,0.0,0.0,1.0,0.0,0.0
19,210,2.0586212739649947,6.525001588055903,0.0,0.0,1.0,1.0,0.0,0.0
20,210,12.0,2.6418892944175143,0.0,1.0,1.0,1.0,0.0,0.0
21,210,4.807918120013165,7.4436657479806785,1.0,0.0,1.0,1.0,0.0,0.0
22,210,0.0,4.711800111638167,1.0,1.0,1.0,0.0,0.0,0.0
23,210,4.637082179205998,12.0,0.0,1.0,0.0,0.0,1.0,0.0
24,210,11.133144896217122,7.313661406262445,0.0,0.0,0.0,0.0,1.0,0.0
25,210,7.841931830992507,5.376722547240524,1.0,1.0,1.0,0.0,0.0,0.0
26,210,7.371618314559938,7.841777121448507,1.0,0.0,1.0,1.0,0.0,0.0
27,210,9.834841059218462,7.849019148665207,1.0,0.0,1.0,0.0,1.0,0.0
28,210,5.401483574212003,5.956658887331649,0.0,0.0,1.0,0.0,1.0,0.0
29,210,4.023692465092779,3.9600458831731937,0.0,1.0,0.0,1.0,0.0,0.0
30,210,0.0,11.47831519121923,1.0,0.0,1.0,0.0,0.0,1.0
31,210,7.332728899517867,9.698947106639656,0.0,0.0,1.0,1.0,0.0,1.0
32,210,1.26888138875513,4.115898723820871,0.0,1.0,0.0,1.0,0.0,0.0
33,210,3.8846829448211846,12.0,1.0,0.0,0.0,0.0,1.0,1.0
34,210,0.848560322283898,11.628088690974984,1.0,1.0,0.0,0.0,0.0,0.0
35,210,2.956364157039726,3.943987686578624,1.0,0.0,1.0,0.0,1.0,0.0
36,210,1.3661204041199797,12.0,0.0,1.0,1.0,1.0,0.0,0.0
37,210,6.534772557069313,6.237410884865101,1.0,0.0,1.0,0.0,0.0,1.0
38,210,4.556032129071845,7.408185011801791,1.0,1.0,0.0,1.0,0.0,0.0
39,210,6.3893785281832685,5.681244695350821,0.0,0.0,0.0,0.0,0.0,0.0
0,215,6.613752389672315,6.555727602426794,0.0,0.0,1.0,1.0,0.0,1.0
1,215,11.035687689166352,11.607976031417012,0.0,1.0,0.0,1.0,1.0,0.0
2,215,1.139756461874871,4.582807856757533,0.0,0.0,0.0,0.0,1.0,1.0
3,215,6.018741973842295,6.009139029826119,0.0,0.0,1.0,1.0,0.0,1.0
4,215,11.626290651619998,4.536394691990887,0.0,0.0,0.0,1.0,1.0,1.0
5,215,5.031412346775342,4.45797563137492,0.0,1.0,0.0,1.0,1.0,0.0
6,215,2.4747310059297987,4.71946644522726,0.0,0.0,0.0,1.0,0.0,0.0
7,215,9.809410124599005,7.9093328531204765,0.0,0.0,0.0,1.0,0.0,0.0
8,215,3.270002415869026,11.985072520140982,1.0,1.0,0.0,1.0,1.0,0.0
9,215,7.052735000392767,5.616528352633184,0.0,0.0,0.0,0.0,0.0,0.0
10,215,5.685226426733731,8.86435852497831,0.0,0.0,0.0,0.0,1.0,0.0
11,215,4.801498506425654,2.225478052744564,1.0,0.0,1.0,1.0,0.0,1.0
12,215,0.1008076592533614,3.137285118564503,0.0,1.0,0.0,1.0,0.0,1.0
13,215,10.423655962361837,5.246414122749407,1.0,1.0,1.0,0.0,0.0,0.0
14,215,8.107650177886017,8.054504908589617,0.0,0.0,0.0,0.0,1.0,0.0
15,215,6.0177041112587775,3.10207805821387,0.0,0.0,0.0,1.0,0.0,1.0
16,215,2.732535907142828,4.70153811675134,1.0,1.0,0.0,0.0,1.0,0.0
17,215,11.849851994936811,8.456639154956378,1.0,1.0,0.0,0.0,0.0,0.0
18,215,7.280134183060943,11.708471006230004,1.0,0.0,0.0,1.0,0.0,0.0
19,215,2.0890908249300586,6.541331134183368,0.0,0.0,1.0,1.0,0.0,0.0
20,215,12.0,2.655746185681345,0.0,1.0,1.0,1.0,0.0,0.0
21,215,4.955713769126325,7.474428240239751,1.0,0.0,1.0,1.0,0.0,0.0
22,215,0.0,4.689003483505388,1.0,1.0,1.0,0.0,0.0,0.0
23,215,4.4547058890410405,12.0,0.0,1.0,0.0,0.0,1.0,0.0
24,215,11.166513642067422,7.2855131610607,0.0,0.0,0.0,0.0,1.0,0.0
25,215,7.958014112512016,5.33279918677301,1.0,1.0,1.0,0.0,0.0,0.0
26,215,7.508429965108792,7.718324269170055,1.0,0.0,1.0,1.0,0.0,0.0
27,215,9.707120494486198,7.793952135214613,1.0,0.0,1.0,0.0,1.0,0.0
28,215,5.257093150229271,5.8651831378475885,0.0,0.0,1.0,0.0,1.0,0.0
29,215,4.022938500802609,3.988464680526437,0.0,1.0,0.0,1.0,0.0,0.0
30,215,0.0,11.567499482092776,1.0,0.0,1.0,0.0,0.0,1.0
31,215,7.337266965551327,9.677468533378583,0.0,0.0,1.0,1.0,0.0,1.0
32,215,1.2907093283623905,4.113481883486756,0.0,1.0,0.0,1.0,0.0,0.0
33,215,3.882430002530665,12.0,1.0,0.0,0.0,0.0,1.0,1.0
34,215,0.8227186842415646,11.712374597851172,1.0,1.0,0.0,0.0,0.0,0.0
35,215,3.0043526307313013,3.8560101569604894,1.0,0.0,1.0,0.0,1.0,0.0
36,215,1.2211149395968934,12.0,0.0,1.0,1.0,1.0,0.0,0.0
37,215,6.613705257520533,6.249328738218258,1.0,0.0,1.0,0.0,0.0,1.0
38,215,4.485424130209678,7.553917458243427,1.0,1.0,0.0,1.0,0.0,0.0
39,215,6.422639088929166,5.747197475866466,0.0,0.0,0.0,0.0,0.0,0.0
0,220,6.605082164999211,6.558454391115857,0.0,0.0,1.0,1.0,0.0,1.0
1,220,11.014421745798264,11.785979351478652,0.0,1.0,0.0,1.0,1.0,0.0
2,220,1.103594493616982,4.435451200667557,0.0,0.0,0.0,0.0,1.0,1.0
3,220,5.993125046109261,6.019561718851329,0.0,0.0,1.0,1.0,0.0,1.0
4,220,11.77775028368348,4.650325399076828,0.0,0.0,0.0,1.0,1.0,1.0
5,220,4.988327061697436,4.424557059535524,0.0,1.0,0.0,1.0,1.0,0.0
6,220,2.3540057543723423,4.678369574367396,0.0,0.0,0.0,1.0,0.0,0.0
7,220,9.759369270925488,8.009321384418314,0.0,0.0,0.0,1.0,0.0,0.0
8,220,3.325684933107715,11.983179129174628,1.0,1.0,0.0,1.0,1.0,0.0
9,220,7.172291525386053,5.62943488871283,0.0,0.0,0.0,0.0,0.0,0.0
10,220,5.658489741049178,8.83765819922476,0.0,0.0,0.0,0.0,1.0,0.0
11,220,4.716021695431239,2.204594386979524,1.0,0.0,1.0,1.0,0.0,1.0
12,220,0.0860693763884445,3.042867102937982,0.0,1.0,0.0,1.0,0.0,1.0
13,220,10.469494647464142,5.251695577178754,1.0,1.0,1.0,0.0,0.0,0.0
14,220,8.119486242122818,8.055805264221311,0.0,0.0,0.0,0.0,1.0,0.0
15,220,6.030810093096319,3.0213121411815798,0.0,0.0,0.0,1.0,0.0,1.0
16,220,2.7088497692107647,4.69797147298211,1.0,1.0,0.0,0.0,1.0,0.0
17,220,11.860216511029597,8.426661873548158,1.0,1.0,0.0,0.0,0.0,0.0
18,220,7.3329380007146066,11.810392656657902,1.0,0.0,0.0,1.0,0.0,0.0
19,220,2.1310486915832088,6.564435215613484,0.0,0.0,1.0,1.0,0.0,0.0
20,220,12.0,2.666871594582439,0.0,1.0,1.0,1.0,0.0,0.0
21,220,5.113480397710859,7.503364666089983,1.0,0.0,1.0,1.0,0.0,0.0
22,220,0.0,4.670272947333699,1.0,1.0,1.0,0.0,0.0,0.0
23,220,4.282903254552297,12.0,0.0,1.0,0.0,0.0,1.0,0.0
24,220,11.213250348172023,7.246374188974568,0.0,0.0,0.0,0.0,1.0,0.0
25,220,8.089623440805669,5.2801810391744,1.0,1.0,1.0,0.0,0.0,0.0
26,220,7.641877927193704,7.605267031931238,1.0,0.0,1.0,1.0,0.0,0.0
27,220,9.574782974510288,7.738189925076878,1.0,0.0,1.0,0.0,1.0,0.0
28,220,5.35965196393568,5.707079450487489,0.0,0.0,1.0,0.0,1.0,0.0
29,220,4.022899066819736,4.023734385988081,0.0,1.0,0.0,1.0,0.0,0.0
30,220,0.0,11.67578007260613,1.0,0.0,1.0,0.0,0.0,1.0
31,220,7.349062794871481,9.623388645955664,0.0,0.0,1.0,1.0,0.0,1.0
32,220,1.300772145301785,4.112762963506125,0.0,1.0,0.0,1.0,0.0,0.0
33,220,3.8803743088931935,12.0,1.0,0.0,0.0,0.0,1.0,1.0
34,220,0.7981413477458706,11.793019557204843,1.0,1.0,0.0,0.0,0.0,0.0
35,220,3.052653217776871,3.7700712468670177,1.0,0.0,1.0,0.0,1.0,0.0
36,220,1.085223748695901,12.0,0.0,1.0,1.0,1.0,0.0,0.0
37,220,6.687013774227242,6.26095338221938,1.0,0.0,1.0,0.0,0.0,1.0
38,220,4.417972989494028,7.688732573177889,1.0,1.0,0.0,1.0,0.0,0.0
39,220,6.45233054867056,5.8100140477479885,0.0,0.0,0.0,0.0,0.0,0.0
0,225,6.58977205225857,6.563069775302999,0.0,0.0,1.0,1.0,0.0,1.0
1,225,10.988422450237254,11.97589589839765,0.0,1.0,0.0,1.0,1.0,0.0
2,225,1.0711116459501655,4.306330494787775,0.0,0.0,0.0,0.0,1.0,1.0
3,225,5.96540492987986,6.029817548372223,0.0,0.0,1.0,1.0,0.0,1.0
4,225,11.931596819405206,4.759709798190767,0.0,0.0,0.0,1.0,1.0,1.0
5,225,4.94883077490015,4.39505221242772,0.0,1.0,0.0,1.0,1.0,0.0
6,225,2.2370022236143607,4.643412861962784,0.0,0.0,0.0,1.0,0.0,0.0
7,225,9.84941727543497,8.057400154894049,0.0,0.0,0.0,1.0,0.0,0.0
8,225,3.382728793482452,11.981828920786157,1.0,1.0,0.0,1.0,1.0,0.0
9,225,7.182236681726195,5.502766451106983,0.0,0.0,0.0,0.0,0.0,0.0
10,225,5.637185818458704,8.816702251705975,0.0,0.0,0.0,0.0,1.0,0.0
11,225,4.629146109218737,2.184540234972443,1.0,0.0,1.0,1.0,0.0,1.0
12,225,0.0748468378975525,2.9540177485482757,0.0,1.0,0.0,1.0,0.0,1.0
13,225,10.517682305808982,5.257499606897687,1.0,1.0,1.0,0.0,0.0,0.0
14,225,8.127848411331001,8.05669989937928,0.0,0.0,0.0,0.0,1.0,0.0
15,225,6.044830814374455,2.942518223328825,0.0,0.0,0.0,1.0,0.0,1.0
16,225,2.697482609017401,4.696410212186689,1.0,1.0,0.0,0.0,1.0,0.0
17,225,11.869968909682363,8.398872922302482,1.0,1.0,0.0,0.0,0.0,0.0
18,225,7.3939424021234785,11.922203675386166,1.0,0.0,0.0,1.0,0.0,0.0
19,225,2.179241484241829,6.591419158676644,0.0,0.0,1.0,1.0,0.0,0.0
20,225,12.0,2.6795208893056235,0.0,1.0,1.0,1.0,0.0,0.0
21,225,5.26140867216002,7.536228735888733,1.0,0.0,1.0,1.0,0.0,0.0
22,225,0.0,4.653693100128279,1.0,1.0,1.0,0.0,0.0,0.0
23,225,4.088965439759943,12.0,0.0,1.0,0.0,0.0,1.0,0.0
24,225,11.243810587925424,7.220835979830281,0.0,0.0,0.0,0.0,1.0,0.0
25,225,8.208440773055248,5.232351068207598,1.0,1.0,1.0,0.0,0.0,0.0
26,225,7.767055505883088,7.50371773568625,1.0,0.0,1.0,1.0,0.0,0.0
27,225,9.438856822770983,7.683931877659897,1.0,0.0,1.0,0.0,1.0,0.0
28,225,5.46352649938977,5.54006799001399,0.0,0.0,1.0,0.0,1.0,0.0
29,225,4.023087518728617,4.069056909736448,0.0,1.0,0.0,1.0,0.0,0.0
30,225,0.0,11.772141722141336,1.0,0.0,1.0,0.0,0.0,1.0
31,225,7.355439313181586,9.589795005250666,0.0,0.0,1.0,1.0,0.0,1.0
32,225,1.2888258116495876,4.113514692758837,0.0,1.0,0.0,1.0,0.0,0.0
33,225,3.880322615433739,12.0,1.0,0.0,0.0,0.0,1.0,1.0
34,225,0.7131597742632607,11.76673670611971,1.0,1.0,0.0,0.0,0.0,0.0
35,225,3.0974058788367125,3.6952695574225354,1.0,0.0,1.0,0.0,1.0,0.0
36,225,0.9336833533386474,12.0,0.0,1.0,1.0,1.0,0.0,0.0
37,225,6.779422646009136,6.276822889478653,1.0,0.0,1.0,0.0,0.0,1.0
38,225,4.352159028241832,7.830637219803604,1.0,1.0,0.0,1.0,0.0,0.0
39,225,6.477955205002248,5.862486904054056,0.0,0.0,0.0,0.0,0.0,0.0
0,230,6.572926845656756,6.568607811803705,0.0,0.0,1.0,1.0,0.0,1.0
1,230,10.961360202077016,12.0,0.0,1.0,0.0,1.0,1.0,0.0
2,230,1.0401109229831758,4.173654094503803,0.0,0.0,0.0,0.0,1.0,1.0
3,230,5.918146758485578,6.047656082022615,0.0,0.0,1.0,1.0,0.0,1.0
4,230,12.0,4.868829859338267,0.0,0.0,0.0,1.0,1.0,1.0
5,230,4.898497545485898,4.358143435873125,0.0,1.0,0.0,1.0,1.0,0.0
6,230,2.1252136221039515,4.612021712677239,0.0,0.0,0.0,1.0,0.0,0.0
7,230,9.9417312574207,8.104935783340755,0.0,0.0,0.0,1.0,0.0,0.0
8,230,3.4454968381683115,11.981683471958702,1.0,1.0,0.0,1.0,1.0,0.0
9,230,7.193623228587969,5.364392178823075,0.0,0.0,0.0,0.0,0.0,0.0
10,230,5.599385794342331,8.777091131896034,0.0,0.0,0.0,0.0,1.0,0.0
11,230,4.567213480191138,2.1719824835093293,1.0,0.0,1.0,1.0,0.0,1.0
12,230,0.0647416629571231,2.872328657657904,0.0,1.0,0.0,1.0,0.0,1.0
13,230,10.579317425710707,5.266242283215447,1.0,1.0,1.0,0.0,0.0,0.0
14,230,8.15185067207077,8.058009898024965,0.0,0.0,0.0,0.0,1.0,0.0
15,230,6.061929420032809,2.855752229621771,0.0,0.0,0.0,1.0,0.0,1.0
16,230,2.696417076229705,4.696239282729246,1.0,1.0,0.0,0.0,1.0,0.0
17,230,11.884701619812114,8.359729126901133,1.0,1.0,0.0,0.0,0.0,0.0
18,230,7.455490827742859,12.0,1.0,0.0,0.0,1.0,0.0,0.0
19,230,2.229774724486815,6.620766820736471,0.0,0.0,1.0,1.0,0.0,0.0
20,230,12.0,2.690727818047224,0.0,1.0,1.0,1.0,0.0,0.0
21,230,5.424966221721714,7.574575701428126,1.0,0.0,1.0,1.0,0.0,0.0
22,230,0.0,4.636266583319955,1.0,1.0,1.0,0.0,0.0,0.0
23,230,3.8863618855987982,12.0,0.0,1.0,0.0,0.0,1.0,0.0
24,230,11.2687586116256,7.198790535167605,0.0,0.0,0.0,0.0,1.0,0.0
25,230,8.32555272653513,5.188249982013648,1.0,1.0,1.0,0.0,0.0,0.0
26,230,7.910680496191405,7.393576969323042,1.0,0.0,1.0,1.0,0.0,0.0
27,230,9.299530153504834,7.625795536200584,1.0,0.0,1.0,0.0,1.0,0.0
28,230,5.578210026670328,5.349043087695649,0.0,0.0,1.0,0.0,1.0,0.0
29,230,4.023572407072039,4.117464029664279,0.0,1.0,0.0,1.0,0.0,0.0
30,230,0.0,11.867568305050968,1.0,0.0,1.0,0.0,0.0,1.0
31,230,7.364307311750822,9.54314550940448,0.0,0.0,1.0,1.0,0.0,1.0
32,230,1.2867883856551126,4.11361868885453,0.0,1.0,0.0,1.0,0.0,0.0
33,230,3.87930370204312,12.0,1.0,0.0,0.0,0.0,1.0,1.0
34,230,0.6320640120978714,11.73980980453827,1.0,1.0,0.0,0.0,0.0,0.0
35,230,3.1423548576298184,3.61892402307379,1.0,0.0,1.0,0.0,1.0,0.0
36,230,0.7754610899278548,12.0,0.0,1.0,1.0,1.0,0.0,0.0
37,230,6.8780837013077525,6.294058846746405,1.0,0.0,1.0,0.0,0.0,1.0
38,230,4.209727113733444,7.764966428887909,1.0,1.0,0.0,1.0,0.0,0.0
39,230,6.5002684557076975,5.9102037195795365,0.0,0.0,0.0,0.0,0.0,0.0
0,235,6.564321257692114,6.571189012419646,0.0,0.0,1.0,1.0,0.0,1.0
1,235,10.932167863767065,12.0,0.0,1.0,0.0,1.0,1.0,0.0
2,235,1.0078292051538191,4.037362861398179,0.0,0.0,0.0,0.0,1.0,1.0
3,235,5.868481094653043,6.066927938335756,0.0,0.0,1.0,1.0,0.0,1.0
4,235,12.0,4.979357426728337,0.0,0.0,0.0,1.0,1.0,1.0
5,235,4.854478343360541,4.3265220914594416,0.0,1.0,0.0,1.0,1.0,0.0
6,235,2.0404721897495253,4.585393951393057,0.0,0.0,0.0,1.0,0.0,0.0
7,235,10.04664137726149,8.161334587698537,0.0,0.0,0.0,1.0,0.0,0.0
8,235,3.4468287040791283,12.0,1.0,1.0,0.0,1.0,1.0,0.0
9,235,7.203726665887838,5.219119868035606,0.0,0.0,0.0,0.0,0.0,0.0
10,235,5.5666997758983205,8.742185677165674,0.0,0.0,0.0,0.0,1.0,0.0
11,235,4.505612457323192,2.159322495151466,1.0,0.0,1.0,1.0,0.0,1.0
12,235,0.0539874532872037,2.7736292741460007,0.0,1.0,0.0,1.0,0.0,1.0
13,235,10.617530795862733,5.271683749663433,1.0,1.0,1.0,0.0,0.0,0.0
14,235,8.180560565443814,8.060628923999468,0.0,0.0,0.0,0.0,1.0,0.0
15,235,6.075738220335529,2.787363135715259,0.0,0.0,0.0,1.0,0.0,1.0
16,235,2.6939103262018604,4.695818257335684,1.0,1.0,0.0,0.0,1.0,0.0
17,235,11.899607299647766,8.32316919855091,1.0,1.0,0.0,0.0,0.0,0.0
18,235,7.514388552134142,12.0,1.0,0.0,0.0,1.0,0.0,0.0
19,235,2.251797917341068,6.6329305986191205,0.0,0.0,1.0,1.0,0.0,0.0
20,235,12.0,2.7047549673072484,0.0,1.0,1.0,1.0,0.0,0.0
21,235,5.588070975319025,7.609612853253383,1.0,0.0,1.0,1.0,0.0,0.0
22,235,0.0,4.617561048265062,1.0,1.0,1.0,0.0,0.0,0.0
23,235,3.687856027971432,12.0,0.0,1.0,0.0,0.0,1.0,0.0
24,235,11.28268617909669,7.187543523416406,0.0,0.0,0.0,0.0,1.0,0.0
25,235,8.456286230626702,5.143215827520238,1.0,1.0,1.0,0.0,0.0,0.0
26,235,8.063019105844726,7.267971837105006,1.0,0.0,1.0,1.0,0.0,0.0
27,235,9.164197138711687,7.574255341351504,1.0,0.0,1.0,0.0,1.0,0.0
28,235,5.692887087346912,5.155829854485535,0.0,0.0,1.0,0.0,1.0,0.0
29,235,4.024247877082676,4.172663118828485,0.0,1.0,0.0,1.0,0.0,0.0
30,235,0.0,11.977599909801048,1.0,0.0,1.0,0.0,0.0,1.0
31,235,7.372492809847863,9.498474643166029,0.0,0.0,1.0,1.0,0.0,1.0
32,235,1.3091390471398667,4.113138764321185,0.0,1.0,0.0,1.0,0.0,0.0
33,235,3.8744474143109504,12.0,1.0,0.0,0.0,0.0,1.0,1.0
34,235,0.552656627966104,11.715019482187849,1.0,1.0,0.0,0.0,0.0,0.0
35,235,3.1962525836724667,3.5213272304863543,1.0,0.0,1.0,0.0,1.0,0.0
36,235,0.6225772853888433,12.0,0.0,1.0,1.0,1.0,0.0,0.0
37,235,6.979658665089795,6.30959033986833,1.0,0.0,1.0,0.0,0.0,1.0
38,235,4.061653260631973,7.695966213107448,1.0,1.0,0.0,1.0,0.0,0.0
39,235,6.521818532749091,5.954974423007178,0.0,0.0,0.0,0.0,0.0,0.0
0,240,6.556855711727126,6.573396279629964,0.0,0.0,1.0,1.0,0.0,1.0
1,240,10.90406551447772,12.0,0.0,1.0,0.0,1.0,1.0,0.0
2,240,0.9628798094003044,3.886397712170548,0.0,0.0,0.0,0.0,1.0,1.0
3,240,5.8183142575652935,6.087029806881295,0.0,0.0,1.0,1.0,0.0,1.0
4,240,12.0,5.084490497821322,0.0,0.0,0.0,1.0,1.0,1.0
5,240,4.790916430101967,4.281372345760492,0.0,1.0,0.0,1.0,1.0,0.0
6,240,1.962109888062212,4.559593095903142,0.0,0.0,0.0,1.0,0.0,0.0
7,240,10.149221271512756,8.215549559121731,0.0,0.0,0.0,1.0,0.0,0.0
8,240,3.448314061428049,12.0,1.0,1.0,0.0,1.0,1.0,0.0
9,240,7.214743559023031,5.082184418226543,0.0,0.0,0.0,0.0,0.0,0.0
10,240,5.532950526186967,8.705496259840036,0.0,0.0,0.0,0.0,1.0,0.0
11,240,4.442832724071864,2.1466065208380134,1.0,0.0,1.0,1.0,0.0,1.0
12,240,0.0447094399666928,2.6844353754763706,0.0,1.0,0.0,1.0,0.0,1.0
13,240,10.649138078455392,5.276957696294215,1.0,1.0,1.0,0.0,0.0,0.0
14,240,8.196954456296366,8.062104303038671,0.0,0.0,0.0,0.0,1.0,0.0
15,240,6.088577049240822,2.7219996334778065,0.0,0.0,0.0,1.0,0.0,1.0
16,240,2.695163790519364,4.696016558375027,1.0,1.0,0.0,0.0,1.0,0.0
17,240,11.920353304825296,8.27318732701835,1.0,1.0,0.0,0.0,0.0,0.0
18,240,7.571251581199944,12.0,1.0,0.0,0.0,1.0,0.0,0.0
19,240,2.277313294558601,6.64673793287069,0.0,0.0,1.0,1.0,0.0,0.0
20,240,12.0,2.7185206153639845,0.0,1.0,1.0,1.0,0.0,0.0
21,240,5.734111999357913,7.642355385237097,1.0,0.0,1.0,1.0,0.0,0.0
22,240,0.0,4.593424201282593,1.0,1.0,1.0,0.0,0.0,0.0
23,240,3.476761962562323,12.0,0.0,1.0,0.0,0.0,1.0,0.0
24,240,11.278605533426909,7.190947180181704,0.0,0.0,0.0,0.0,1.0,0.0
25,240,8.592002157469949,5.101696902840703,1.0,1.0,1.0,0.0,0.0,0.0
26,240,8.2171425529971,7.142090146029691,1.0,0.0,1.0,1.0,0.0,0.0
27,240,9.023626216764663,7.52228146460212,1.0,0.0,1.0,0.0,1.0,0.0
28,240,5.797025436517302,4.972740158086966,0.0,0.0,1.0,0.0,1.0,0.0
29,240,4.024775150462579,4.221065649877434,0.0,1.0,0.0,1.0,0.0,0.0
30,240,0.0,12.0,1.0,0.0,1.0,0.0,0.0,1.0
31,240,7.377703995299327,9.463246934965708,0.0,0.0,1.0,1.0,0.0,1.0
32,240,1.3230645563345156,4.112666943721929,0.0,1.0,0.0,1.0,0.0,0.0
33,240,3.8691937939171295,12.0,1.0,0.0,0.0,0.0,1.0,1.0
34,240,0.4811384531635296,11.692770098087584,1.0,1.0,0.0,0.0,0.0,0.0
35,240,3.2526498757687885,3.409118801001806,1.0,0.0,1.0,0.0,1.0,0.0
36,240,0.490272022586437,12.0,0.0,1.0,1.0,1.0,0.0,0.0
37,240,7.111533824728614,6.329838494541802,1.0,0.0,1.0,0.0,0.0,1.0
38,240,3.9179444013508857,7.629327996829687,1.0,1.0,0.0,1.0,0.0,0.0
39,240,6.544224060235869,5.9998809175483325,0.0,0.0,0.0,0.0,0.0,0.0
0,245,6.552288654705637,6.574654777075565,0.0,0.0,1.0,1.0,0.0,1.0
1,245,10.874711014558446,12.0,0.0,1.0,0.0,1.0,1.0,0.0
2,245,0.9198227711446127,3.7302934999288206,0.0,0.0,0.0,0.0,1.0,1.0
3,245,5.750971311416571,6.114501904143581,0.0,0.0,1.0,1.0,0.0,1.0
4,245,12.0,5.18981698067705,0.0,0.0,0.0,1.0,1.0,1.0
5,245,4.744639902900399,4.248480617078341,0.0,1.0,0.0,1.0,1.0,0.0
6,245,1.8768037920216736,4.532851295154945,0.0,0.0,0.0,1.0,0.0,0.0
7,245,10.26117909490758,8.275220875124067,0.0,0.0,0.0,1.0,0.0,0.0
8,245,3.4492155135992117,12.0,1.0,1.0,0.0,1.0,1.0,0.0
9,245,7.225776522654897,4.947248357942998,0.0,0.0,0.0,0.0,0.0,0.0
10,245,5.513474968933887,8.684306944724913,0.0,0.0,0.0,0.0,1.0,0.0
11,245,4.358302364889815,2.1269509756865506,1.0,0.0,1.0,1.0,0.0,1.0
12,245,0.0367822311427439,2.599973235121883,0.0,1.0,0.0,1.0,0.0,1.0
13,245,10.676188518453031,5.28137441028116,1.0,1.0,1.0,0.0,0.0,0.0
14,245,8.190420122205923,8.06141511176422,0.0,0.0,0.0,0.0,1.0,0.0
15,245,6.09940006622925,2.667215130740057,0.0,0.0,0.0,1.0,0.0,1.0
16,245,2.680799789134737,4.693683674270677,1.0,1.0,0.0,0.0,1.0,0.0
17,245,11.94950576636235,8.205124636011732,1.0,1.0,0.0,0.0,0.0,0.0
18,245,7.635366423286964,12.0,1.0,0.0,0.0,1.0,0.0,0.0
19,245,2.325230332575124,6.673356040662598,0.0,0.0,1.0,1.0,0.0,0.0
20,245,12.0,2.733861629198028,0.0,1.0,1.0,1.0,0.0,0.0
21,245,5.876166462349913,7.674899419846031,1.0,0.0,1.0,1.0,0.0,0.0
22,245,0.0,4.57234849516589,1.0,1.0,1.0,0.0,0.0,0.0
23,245,3.262996409955637,12.0,0.0,1.0,0.0,0.0,1.0,0.0
24,245,11.29090979076122,7.179867592996074,0.0,0.0,0.0,0.0,1.0,0.0
25,245,8.718368021863201,5.062272881807844,1.0,1.0,1.0,0.0,0.0,0.0
26,245,8.36670036004069,7.013717322318636,1.0,0.0,1.0,1.0,0.0,0.0
27,245,8.882546261735211,7.470746371953955,1.0,0.0,1.0,0.0,1.0,0.0
28,245,5.914611791376038,4.783494783975991,0.0,0.0,1.0,0.0,1.0,0.0
29,245,4.025803544223726,4.275711733515589,0.0,1.0,0.0,1.0,0.0,0.0
30,245,0.0,12.0,1.0,0.0,1.0,0.0,0.0,1.0
31,245,7.382128389422891,9.428497301814607,0.0,0.0,1.0,1.0,0.0,1.0
32,245,1.338529319712611,4.111995931134891,0.0,1.0,0.0,1.0,0.0,0.0
33,245,3.864926577389839,12.0,1.0,0.0,0.0,0.0,1.0,1.0
34,245,0.3986314679296137,11.665146128206656,1.0,1.0,0.0,0.0,0.0,0.0
35,245,3.305818859333017,3.296681206416529,1.0,0.0,1.0,0.0,1.0,0.0
36,245,0.3573747691239657,12.0,0.0,1.0,1.0,1.0,0.0,0.0
37,245,7.226452613618639,6.347798423986091,1.0,0.0,1.0,0.0,0.0,1.0
38,245,3.766412478349314,7.561234505589684,1.0,1.0,0.0,1.0,0.0,0.0
39,245,6.5740049984496,6.063537033218341,0.0,0.0,0.0,0.0,0.0,0.0
0,250,6.541764216841032,6.577667594416778,0.0,0.0,1.0,1.0,0.0,1.0
1,250,10.846675906034957,12.0,0.0,1.0,0.0,1.0,1.0,0.0
2,250,0.8674854382691283,3.557063799692924,0.0,0.0,0.0,0.0,1.0,1.0
3,250,5.692191679386906,6.137213802459905,0.0,0.0,1.0,1.0,0.0,1.0
4,250,12.0,5.2906824360549365,0.0,0.0,0.0,1.0,1.0,1.0
5,250,4.711213700060741,4.223092682746792,0.0,1.0,0.0,1.0,1.0,0.0
6,250,1.7828915871743476,4.50070086055089,0.0,0.0,0.0,1.0,0.0,0.0
7,250,10.372041963914324,8.332120859756827,0.0,0.0,0.0,1.0,0.0,0.0
8,250,3.451259870185695,12.0,1.0,1.0,0.0,1.0,1.0,0.0
9,250,7.236356390197333,4.834997390906588,0.0,0.0,0.0,0.0,0.0,0.0
10,250,5.498734562962501,8.668798912037325,0.0,0.0,0.0,0.0,1.0,0.0
11,250,4.256425221812521,2.100294749292884,1.0,0.0,1.0,1.0,0.0,1.0
12,250,0.0298145488632288,2.515389615181463,0.0,1.0,0.0,1.0,0.0,1.0
13,250,10.733960614281417,5.290207512660441,1.0,1.0,1.0,0.0,0.0,0.0
14,250,8.155575766555016,8.057658116937926,0.0,0.0,0.0,0.0,1.0,0.0
15,250,6.110009526444849,2.609213424587689,0.0,0.0,0.0,1.0,0.0,1.0
16,250,2.694241264773209,4.695839457034454,1.0,1.0,0.0,0.0,1.0,0.0
17,250,11.996479993205034,8.11286654494359,1.0,1.0,0.0,0.0,0.0,0.0
18,250,7.690990168197857,12.0,1.0,0.0,0.0,1.0,0.0,0.0
19,250,2.372430815781257,6.699960860187484,0.0,0.0,1.0,1.0,0.0,0.0
20,250,12.0,2.754199132148744,0.0,1.0,1.0,1.0,0.0,0.0
21,250,6.014453029932724,7.707996550294428,1.0,0.0,1.0,1.0,0.0,0.0
22,250,0.0,4.558323542769696,1.0,1.0,1.0,0.0,0.0,0.0
23,250,3.049975283512245,12.0,0.0,1.0,0.0,0.0,1.0,0.0
24,250,11.297477339110236,7.1735368073478485,0.0,0.0,0.0,0.0,1.0,0.0
25,250,8.868458545367401,5.01851529235372,1.0,1.0,1.0,0.0,0.0,0.0
26,250,8.516254802014965,6.883624030231174,1.0,0.0,1.0,1.0,0.0,0.0
27,250,8.748132694223644,7.421943737845878,1.0,0.0,1.0,0.0,1.0,0.0
28,250,6.029582954512655,4.6027959554793405,0.0,0.0,1.0,0.0,1.0,0.0
29,250,4.024819010297803,4.345512267208111,0.0,1.0,0.0,1.0,0.0,0.0
30,250,0.0,12.0,1.0,0.0,1.0,0.0,0.0,1.0
31,250,7.388678300288028,9.38599444716005,0.0,0.0,1.0,1.0,0.0,1.0
32,250,1.3489607457626185,4.111594181062534,0.0,1.0,0.0,1.0,0.0,0.0
33,250,3.858176148893559,12.0,1.0,0.0,0.0,0.0,1.0,1.0
34,250,0.2963739297307937,11.63356288692883,1.0,1.0,0.0,0.0,0.0,0.0
35,250,3.368109320343151,3.16645748621547,1.0,0.0,1.0,0.0,1.0,0.0
36,250,0.2252056321124717,12.0,0.0,1.0,1.0,1.0,0.0,0.0
37,250,7.332624405118044,6.367327607316911,1.0,0.0,1.0,0.0,0.0,1.0
38,250,3.618982026475769,7.494579961795287,1.0,1.0,0.0,1.0,0.0,0.0
39,250,6.602242265193875,6.120207275943731,0.0,0.0,0.0,0.0,0.0,0.0
0,255,6.543443161749966,6.57718827780737,0.0,0.0,1.0,1.0,0.0,1.0
1,255,10.817080182149583,12.0,0.0,1.0,0.0,1.0,1.0,0.0
2,255,0.8127094138001161,3.390032279212384,0.0,0.0,0.0,0.0,1.0,1.0
3,255,5.63079442889447,6.161705361415752,0.0,0.0,1.0,1.0,0.0,1.0
4,255,12.0,5.392771739366729,0.0,0.0,0.0,1.0,1.0,1.0
5,255,4.679281968865823,4.199543504218786,0.0,1.0,0.0,1.0,1.0,0.0
6,255,1.683884801789602,4.467148689257365,0.0,0.0,0.0,1.0,0.0,0.0
7,255,10.475935200752504,8.38529886155129,0.0,0.0,0.0,1.0,0.0,0.0
8,255,3.450718506906336,12.0,1.0,1.0,0.0,1.0,1.0,0.0
9,255,7.2495677132092835,4.715144040514242,0.0,0.0,0.0,0.0,0.0,0.0
10,255,5.48551077438034,8.65449065341346,0.0,0.0,0.0,0.0,1.0,0.0
11,255,4.147384064292748,2.0756433916614645,1.0,0.0,1.0,1.0,0.0,1.0
12,255,0.0243712354725967,2.4565284955783264,0.0,1.0,0.0,1.0,0.0,1.0
13,255,10.794552727711125,5.297977627116149,1.0,1.0,1.0,0.0,0.0,0.0
14,255,8.12397963761193,8.05542221622825,0.0,0.0,0.0,0.0,1.0,0.0
15,255,6.118558404933238,2.546122071188625,0.0,0.0,0.0,1.0,0.0,1.0
16,255,2.706985237144589,4.697995851184367,1.0,1.0,0.0,0.0,1.0,0.0
17,255,12.0,8.009970475917703,1.0,1.0,0.0,0.0,0.0,0.0
18,255,7.74636155279245,12.0,1.0,0.0,0.0,1.0,0.0,0.0
19,255,2.4181265777964844,6.726380448389166,0.0,0.0,1.0,1.0,0.0,0.0
20,255,12.0,2.7747259666919453,0.0,1.0,1.0,1.0,0.0,0.0
21,255,6.163661055340048,7.742635450831191,1.0,0.0,1.0,1.0,0.0,0.0
22,255,0.0,4.547347386002441,1.0,1.0,1.0,0.0,0.0,0.0
23,255,2.849665959457968,12.0,0.0,1.0,0.0,0.0,1.0,0.0
24,255,11.310350088137856,7.161455819823136,0.0,0.0,0.0,0.0,1.0,0.0
25,255,8.991745556460623,4.977105269469068,1.0,1.0,1.0,0.0,0.0,0.0
26,255,8.688115951278649,6.734887624499679,1.0,0.0,1.0,1.0,0.0,0.0
27,255,8.624647186505744,7.377015201950075,1.0,0.0,1.0,0.0,1.0,0.0
28,255,6.157839364441248,4.405564693501562,0.0,0.0,1.0,0.0,1.0,0.0
29,255,4.023653080458985,4.4031867286406765,0.0,1.0,0.0,1.0,0.0,0.0
30,255,0.0,12.0,1.0,0.0,1.0,0.0,0.0,1.0
31,255,7.394083617957376,9.345395626369218,0.0,0.0,1.0,1.0,0.0,1.0
32,255,1.3494760658924836,4.123827700009854,0.0,1.0,0.0,1.0,0.0,0.0
33,255,3.851282569384483,12.0,1.0,0.0,0.0,0.0,1.0,1.0
34,255,0.1944458122797629,11.59760951232006,1.0,1.0,0.0,0.0,0.0,0.0
35,255,3.4394594502850144,3.017176849325854,1.0,0.0,1.0,0.0,1.0,0.0
36,255,0.0905177566968189,12.0,0.0,1.0,1.0,1.0,0.0,0.0
37,255,7.451355121501312,6.389071520987833,1.0,0.0,1.0,0.0,0.0,1.0
38,255,3.474786712082678,7.426830029641302,1.0,1.0,0.0,1.0,0.0,0.0
39,255,6.629110376298343,6.175947953038745,0.0,0.0,0.0,0.0,0.0,0.0
0,260,6.547409965506016,6.576051364937404,0.0,0.0,1.0,1.0,0.0,1.0
1,260,10.785947589495876,12.0,0.0,1.0,0.0,1.0,1.0,0.0
2,260,0.7614143580226025,3.2214811712855043,0.0,0.0,0.0,0.0,1.0,1.0
3,260,5.576335285687194,6.18283794115941,0.0,0.0,1.0,1.0,0.0,1.0
4,260,12.0,5.4910470449093465,0.0,0.0,0.0,1.0,1.0,1.0
5,260,4.657141768175257,4.183320066404486,0.0,1.0,0.0,1.0,1.0,0.0
6,260,1.5842721232102743,4.43036886432699,0.0,0.0,0.0,1.0,0.0,0.0
7,260,10.578795124421172,8.441116964288536,0.0,0.0,0.0,1.0,0.0,0.0
8,260,3.4506493953792803,12.0,1.0,1.0,0.0,1.0,1.0,0.0
9,260,7.257738124888234,4.632358574723734,0.0,0.0,0.0,0.0,0.0,0.0
10,260,5.467929459542826,8.635146966117656,0.0,0.0,0.0,0.0,1.0,0.0
11,260,4.003877304845198,2.042666896100027,1.0,0.0,1.0,1.0,0.0,1.0
12,260,0.0167824053935053,2.382058857442617,0.0,1.0,0.0,1.0,0.0,1.0
13,260,10.871621577878258,5.308605164515611,1.0,1.0,1.0,0.0,0.0,0.0
14,260,8.076974346227628,8.052227214887266,0.0,0.0,0.0,0.0,1.0,0.0
15,260,6.125963615516826,2.4882258228818066,0.0,0.0,0.0,1.0,0.0,1.0
16,260,2.731447491326073,4.702299701763206,1.0,1.0,0.0,0.0,1.0,0.0
17,260,12.0,7.909632312940667,1.0,1.0,0.0,0.0,0.0,0.0
18,260,7.808926687743543,12.0,1.0,0.0,0.0,1.0,0.0,0.0
19,260,2.455033507159865,6.747326099034315,0.0,0.0,1.0,1.0,0.0,0.0
20,260,12.0,2.79790355183716,0.0,1.0,1.0,1.0,0.0,0.0
21,260,6.311154748910597,7.772508919981596,1.0,0.0,1.0,1.0,0.0,0.0
22,260,0.0,4.543224648623254,1.0,1.0,1.0,0.0,0.0,0.0
23,260,2.648949952281465,12.0,0.0,1.0,0.0,0.0,1.0,0.0
24,260,11.31354666949961,7.158543005148863,0.0,0.0,0.0,0.0,1.0,0.0
25,260,9.099684373252016,4.939063665186526,1.0,1.0,1.0,0.0,0.0,0.0
26,260,8.863848779996228,6.580974292033376,1.0,0.0,1.0,1.0,0.0,0.0
27,260,8.474381743086221,7.322090844131205,1.0,0.0,1.0,0.0,1.0,0.0
28,260,6.295957754427749,4.20432930652637,0.0,0.0,1.0,0.0,1.0,0.0
29,260,4.021000088794601,4.465469526880448,0.0,1.0,0.0,1.0,0.0,0.0
30,260,0.0,12.0,1.0,0.0,1.0,0.0,0.0,1.0
31,260,7.397530775808999,9.319763446277229,0.0,0.0,1.0,1.0,0.0,1.0
32,260,1.3499981094420694,4.134063229602551,0.0,1.0,0.0,1.0,0.0,0.0
33,260,3.843747948499719,12.0,1.0,0.0,0.0,0.0,1.0,1.0
34,260,0.0734267414595376,11.55602352563469,1.0,1.0,0.0,0.0,0.0,0.0
35,260,3.5061449493263974,2.8802137583866227,1.0,0.0,1.0,0.0,1.0,0.0
36,260,0.0,12.0,0.0,1.0,1.0,1.0,0.0,0.0
37,260,7.577862240650013,6.413806159915303,1.0,0.0,1.0,0.0,0.0,1.0
38,260,3.3118389688404384,7.349393823400505,1.0,1.0,0.0,1.0,0.0,0.0
39,260,6.595994883326514,6.192472544063777,0.0,0.0,0.0,0.0,0.0,0.0
0,265,6.575266877919968,6.569003698848992,0.0,0.0,1.0,1.0,0.0,1.0
1,265,10.755891667897467,12.0,0.0,1.0,0.0,1.0,1.0,0.0
2,265,0.7090357498583025,3.055405720478294,0.0,0.0,0.0,0.0,1.0,1.0
3,265,5.505246225355359,6.210957751220724,0.0,0.0,1.0,1.0,0.0,1.0
4,265,12.0,5.586749312010642,0.0,0.0,0.0,1.0,1.0,1.0
5,265,4.625457178918531,4.160285575545308,0.0,1.0,0.0,1.0,1.0,0.0
6,265,1.505382231703046,4.400012247633336,0.0,0.0,0.0,1.0,0.0,0.0
7,265,10.687207177081945,8.498376110746657,0.0,0.0,0.0,1.0,0.0,0.0
8,265,3.451584115019581,12.0,1.0,1.0,0.0,1.0,1.0,0.0
9,265,7.265722252155548,4.545488324546637,0.0,0.0,0.0,0.0,0.0,0.0
10,265,5.451466084216748,8.616527100574976,0.0,0.0,0.0,0.0,1.0,0.0
11,265,3.8462593375862073,2.0072188562197133,1.0,0.0,1.0,1.0,0.0,1.0
12,265,0.0085844692029485,2.297310403770799,0.0,1.0,0.0,1.0,0.0,1.0
13,265,10.934752983629211,5.318987413245775,1.0,1.0,1.0,0.0,0.0,0.0
14,265,8.024922191069681,8.049174557028469,0.0,0.0,0.0,0.0,1.0,0.0
15,265,6.130795384666546,2.45325051161989,0.0,0.0,0.0,1.0,0.0,1.0
16,265,2.765772076653,4.706843887958462,1.0,1.0,0.0,0.0,1.0,0.0
17,265,12.0,7.824586295318139,1.0,1.0,0.0,0.0,0.0,0.0
18,265,7.875235454707592,12.0,1.0,0.0,0.0,1.0,0.0,0.0
19,265,2.493984566076773,6.768503260642115,0.0,0.0,1.0,1.0,0.0,0.0
20,265,12.0,2.8158633192631948,0.0,1.0,1.0,1.0,0.0,0.0
21,265,6.4543410518722855,7.801555863538533,1.0,0.0,1.0,1.0,0.0,0.0
22,265,0.0,4.538526178335417,1.0,1.0,1.0,0.0,0.0,0.0
23,265,2.450592588066609,12.0,0.0,1.0,0.0,0.0,1.0,0.0
24,265,11.314532722499935,7.157656429986935,0.0,0.0,0.0,0.0,1.0,0.0
25,265,9.217599918503495,4.89785223249528,1.0,1.0,1.0,0.0,0.0,0.0
26,265,9.04793862263654,6.420931912203128,1.0,0.0,1.0,1.0,0.0,0.0
27,265,8.313504436782914,7.26269345350136,1.0,0.0,1.0,0.0,1.0,0.0
28,265,6.441134385507132,3.994886732234188,0.0,0.0,1.0,0.0,1.0,0.0
29,265,4.0205122624429706,4.53520055641078,0.0,1.0,0.0,1.0,0.0,0.0
30,265,0.0,12.0,1.0,0.0,1.0,0.0,0.0,1.0
31,265,7.40140370253466,9.292228956170888,0.0,0.0,1.0,1.0,0.0,1.0
32,265,1.3502557577318166,4.139249354218052,0.0,1.0,0.0,1.0,0.0,0.0
33,265,3.837026563940875,12.0,1.0,0.0,0.0,0.0,1.0,1.0
34,265,0.0,11.50930353241958,1.0,1.0,0.0,0.0,0.0,0.0
35,265,3.5712601115431672,2.737226122785827,1.0,0.0,1.0,0.0,1.0,0.0
36,265,0.0,12.0,0.0,1.0,1.0,1.0,0.0,0.0
37,265,7.696983062974754,6.436074935214931,1.0,0.0,1.0,0.0,0.0,1.0
38,265,3.1446189745634667,7.2705199813865535,1.0,1.0,0.0,1.0,0.0,0.0
39,265,6.589550941221033,6.195678957890562,0.0,0.0,0.0,0.0,0.0,0.0
0,270,6.608674949530071,6.560308032105733,0.0,0.0,1.0,1.0,0.0,1.0
1,270,10.725968428454426,12.0,0.0,1.0,0.0,1.0,1.0,0.0
2,270,0.6537093019050548,2.8839164634188426,0.0,0.0,0.0,0.0,1.0,1.0
3,270,5.441340222699171,6.236024956412385,0.0,0.0,1.0,1.0,0.0,1.0
4,270,12.0,5.695539287870001,0.0,0.0,0.0,1.0,1.0,1.0
5,270,4.612788526967509,4.151080075327597,0.0,1.0,0.0,1.0,1.0,0.0
6,270,1.4278345153891594,4.371337314913754,0.0,0.0,0.0,1.0,0.0,0.0
7,270,10.782331428449345,8.54939194609331,0.0,0.0,0.0,1.0,0.0,0.0
8,270,3.455111330987584,12.0,1.0,1.0,0.0,1.0,1.0,0.0
9,270,7.272357363407881,4.457116402101245,0.0,0.0,0.0,0.0,0.0,0.0
10,270,5.445510637316978,8.610198620201626,0.0,0.0,0.0,0.0,1.0,0.0
11,270,3.703566488032272,1.9758363268195327,1.0,0.0,1.0,1.0,0.0,1.0
12,270,0.0,2.1976330911622237,0.0,1.0,0.0,1.0,0.0,1.0
13,270,11.00577720500446,5.330952270261715,1.0,1.0,1.0,0.0,0.0,0.0
14,270,7.973426866006995,8.04748681598119,0.0,0.0,0.0,0.0,1.0,0.0
15,270,6.135506630965383,2.4209438456775385,0.0,0.0,0.0,1.0,0.0,1.0
16,270,2.797065821711459,4.710870009621482,1.0,1.0,0.0,0.0,1.0,0.0
17,270,12.0,7.737719213551268,1.0,1.0,0.0,0.0,0.0,0.0
18,270,7.93771561918018,12.0,1.0,0.0,0.0,1.0,0.0,0.0
19,270,2.5398515203055,6.7931594238001045,0.0,0.0,1.0,1.0,0.0,0.0
20,270,12.0,2.831935300510421,0.0,1.0,1.0,1.0,0.0,0.0
21,270,6.591149763678941,7.826769666679846,1.0,0.0,1.0,1.0,0.0,0.0
22,270,0.0,4.537173555552973,1.0,1.0,1.0,0.0,0.0,0.0
23,270,2.2632338813849806,12.0,0.0,1.0,0.0,0.0,1.0,0.0
24,270,11.304275028576654,7.166351061855868,0.0,0.0,0.0,0.0,1.0,0.0
25,270,9.334176772285586,4.85942586235808,1.0,1.0,1.0,0.0,0.0,0.0
26,270,9.225383101229816,6.270929442534003,1.0,0.0,1.0,1.0,0.0,0.0
27,270,8.156325462498536,7.200065943796287,1.0,0.0,1.0,0.0,1.0,0.0
28,270,6.576153115620325,3.789585997552682,0.0,0.0,1.0,0.0,1.0,0.0
29,270,4.018555587509363,4.592026506571144,0.0,1.0,0.0,1.0,0.0,0.0
30,270,0.0,12.0,1.0,0.0,1.0,0.0,0.0,1.0
31,270,7.4045292481262015,9.270207341634183,0.0,0.0,1.0,1.0,0.0,1.0
32,270,1.3520344614852216,4.164572327640551,0.0,1.0,0.0,1.0,0.0,0.0
33,270,3.830378160436666,12.0,1.0,0.0,0.0,0.0,1.0,1.0
34,270,0.0,11.4681682087163,1.0,1.0,0.0,0.0,0.0,0.0
35,270,3.6423932979708487,2.5784152133142406,1.0,0.0,1.0,0.0,1.0,0.0
36,270,0.0,12.0,0.0,1.0,1.0,1.0,0.0,0.0
37,270,7.847745852884439,6.46000570854251,1.0,0.0,1.0,0.0,0.0,1.0
38,270,2.9898828723762514,7.200904095240599,1.0,1.0,0.0,1.0,0.0,0.0
39,270,6.605595135394272,6.18761442075821,0.0,0.0,0.0,0.0,0.0,0.0
0,275,6.634584973505543,6.553627790297455,0.0,0.0,1.0,1.0,0.0,1.0
1,275,10.701226123465409,12.0,0.0,1.0,0.0,1.0,1.0,0.0
2,275,0.6122849962923862,2.733286513693604,0.0,0.0,0.0,0.0,1.0,1.0
3,275,5.384647661470892,6.257876992684415,0.0,0.0,1.0,1.0,0.0,1.0
4,275,12.0,5.7963309704320345,0.0,0.0,0.0,1.0,1.0,1.0
5,275,4.59712978043821,4.139597465499479,0.0,1.0,0.0,1.0,1.0,0.0
6,275,1.3617413516866774,4.347573126616783,0.0,0.0,0.0,1.0,0.0,0.0
7,275,10.899027216028808,8.617255835908894,0.0,0.0,0.0,1.0,0.0,0.0
8,275,3.45762932580081,12.0,1.0,1.0,0.0,1.0,1.0,0.0
9,275,7.281030666004548,4.372664907060892,0.0,0.0,0.0,0.0,0.0,0.0
10,275,5.4490484176243,8.61384507037628,0.0,0.0,0.0,0.0,1.0,0.0
11,275,3.542874566445117,1.9427567763933904,1.0,0.0,1.0,1.0,0.0,1.0
12,275,0.0,2.0998782356177434,0.0,1.0,0.0,1.0,0.0,1.0
13,275,11.059466612882694,5.340166915561986,1.0,1.0,1.0,0.0,0.0,0.0
14,275,7.936904450857561,8.047407185505916,0.0,0.0,0.0,0.0,1.0,0.0
15,275,6.138563792254224,2.392962957721264,0.0,0.0,0.0,1.0,0.0,1.0
16,275,2.837334574728789,4.716276456842313,1.0,1.0,0.0,0.0,1.0,0.0
17,275,12.0,7.633476176192084,1.0,1.0,0.0,0.0,0.0,0.0
18,275,7.996081034149878,12.0,1.0,0.0,0.0,1.0,0.0,0.0
19,275,2.576352164525721,6.813397416673649,0.0,0.0,1.0,1.0,0.0,0.0
20,275,12.0,2.846081503772265,0.0,1.0,1.0,1.0,0.0,0.0
21,275,6.74569954429479,7.855034120899471,1.0,0.0,1.0,1.0,0.0,0.0
22,275,0.0,4.534227281529152,1.0,1.0,1.0,0.0,0.0,0.0
23,275,2.070358224214291,12.0,0.0,1.0,0.0,0.0,1.0,0.0
24,275,11.276074405467678,7.190963345464748,0.0,0.0,0.0,0.0,1.0,0.0
25,275,9.478793938422507,4.814771443484433,1.0,1.0,1.0,0.0,0.0,0.0
26,275,9.4102920431517,6.12125662843349,1.0,0.0,1.0,1.0,0.0,0.0
27,275,7.992477501818058,7.13541727931644,1.0,0.0,1.0,0.0,1.0,0.0
28,275,6.695390606273131,3.6028353372370545,0.0,0.0,1.0,0.0,1.0,0.0
29,275,4.018700214905335,4.64274405222985,0.0,1.0,0.0,1.0,0.0,0.0
30,275,0.0,12.0,1.0,0.0,1.0,0.0,0.0,1.0
31,275,7.40578506741653,9.260370993464027,0.0,0.0,1.0,1.0,0.0,1.0
32,275,1.3773902310519792,4.162875675494343,0.0,1.0,0.0,1.0,0.0,0.0
33,275,3.821975520741784,12.0,1.0,0.0,0.0,0.0,1.0,1.0
34,275,0.0,11.42342160244872,1.0,1.0,0.0,0.0,0.0,0.0
35,275,3.714587025082361,2.398422528993424,1.0,0.0,1.0,0.0,1.0,0.0
36,275,0.0,12.0,0.0,1.0,1.0,1.0,0.0,0.0
37,275,8.001833242018288,6.486277680057041,1.0,0.0,1.0,0.0,0.0,1.0
38,275,2.8497707739932663,7.141195600180228,1.0,1.0,0.0,1.0,0.0,0.0
39,275,6.633189353405824,6.1729514414129785,0.0,0.0,0.0,0.0,0.0,0.0
0,280,6.669396049395012,6.54435567272145,0.0,0.0,1.0,1.0,0.0,1.0
1,280,10.676791433408429,12.0,0.0,1.0,0.0,1.0,1.0,0.0
2,280,0.5671957033257017,2.574143093915462,0.0,0.0,0.0,0.0,1.0,1.0
3,280,5.332685755444247,6.278167690053919,0.0,0.0,1.0,1.0,0.0,1.0
4,280,12.0,5.9032561677726,0.0,0.0,0.0,1.0,1.0,1.0
5,280,4.593832336795853,4.137173092725615,0.0,1.0,0.0,1.0,1.0,0.0
6,280,1.287838972587939,4.319541710223492,0.0,0.0,0.0,1.0,0.0,0.0
7,280,11.014174577952284,8.683937714002706,0.0,0.0,0.0,1.0,0.0,0.0
8,280,3.4587779260430023,12.0,1.0,1.0,0.0,1.0,1.0,0.0
9,280,7.289114965181251,4.287127074578702,0.0,0.0,0.0,0.0,0.0,0.0
10,280,5.450023539354427,8.614871021983472,0.0,0.0,0.0,0.0,1.0,0.0
11,280,3.3932885715436134,1.9118018724408568,1.0,0.0,1.0,1.0,0.0,1.0
12,280,0.0,2.0013628206827443,0.0,1.0,0.0,1.0,0.0,1.0
13,280,11.12011076203939,5.349981163765668,1.0,1.0,1.0,0.0,0.0,0.0
14,280,7.901913953209178,8.046737610279154,0.0,0.0,0.0,0.0,1.0,0.0
15,280,6.143253058324847,2.349364657744248,0.0,0.0,0.0,1.0,0.0,1.0
16,280,2.8910706150226253,4.7237156281185975,1.0,1.0,0.0,0.0,1.0,0.0
17,280,12.0,7.517983964271132,1.0,1.0,0.0,0.0,0.0,0.0
18,280,8.088932511631073,11.955177394182696,1.0,0.0,0.0,1.0,0.0,0.0
19,280,2.6004316177547286,6.8262907428826365,0.0,0.0,1.0,1.0,0.0,0.0
20,280,12.0,2.858744294290851,0.0,1.0,1.0,1.0,0.0,0.0
21,280,6.924696712307309,7.890599400078636,1.0,0.0,1.0,1.0,0.0,0.0
22,280,0.0,4.528221800803904,1.0,1.0,1.0,0.0,0.0,0.0
23,280,1.8888879430800616,12.0,0.0,1.0,0.0,0.0,1.0,0.0
24,280,11.2460854972369,7.214851398026957,0.0,0.0,0.0,0.0,1.0,0.0
25,280,9.62100025813642,4.768766158923989,1.0,1.0,1.0,0.0,0.0,0.0
26,280,9.606902478121484,5.965723240908025,1.0,0.0,1.0,1.0,0.0,0.0
27,280,7.821036910857891,7.069827864151716,1.0,0.0,1.0,0.0,1.0,0.0
28,280,6.808440526364318,3.433134417619827,0.0,0.0,1.0,0.0,1.0,0.0
29,280,4.018287256029407,4.694213747179276,0.0,1.0,0.0,1.0,0.0,0.0
30,280,0.0,12.0,1.0,0.0,1.0,0.0,0.0,1.0
31,280,7.407425679981578,9.249072054777512,0.0,0.0,1.0,1.0,0.0,1.0
32,280,1.392923081833202,4.161974662195679,0.0,1.0,0.0,1.0,0.0,0.0
33,280,3.815993883977215,12.0,1.0,0.0,0.0,0.0,1.0,1.0
34,280,0.0,11.377129113524555,1.0,1.0,0.0,0.0,0.0,0.0
35,280,3.7932396981566217,2.2068692770797504,1.0,0.0,1.0,0.0,1.0,0.0
36,280,0.0,12.0,0.0,1.0,1.0,1.0,0.0,0.0
37,280,8.152735810371484,6.508742287610332,1.0,0.0,1.0,0.0,0.0,1.0
38,280,2.6910242543130343,7.074954967278209,1.0,1.0,0.0,1.0,0.0,0.0
39,280,6.662279896408715,6.157610177614492,0.0,0.0,0.0,0.0,0.0,0.0
0,285,6.703373411510204,6.535556970769956,0.0,0.0,1.0,1.0,0.0,1.0
1,285,10.65365898313301,12.0,0.0,1.0,0.0,1.0,1.0,0.0
2,285,0.5250102621279967,2.41776814048255,0.0,0.0,0.0,0.0,1.0,1.0
3,285,5.289437042881124,6.295587263842556,0.0,0.0,1.0,1.0,0.0,1.0
4,285,12.0,6.004146757921589,0.0,0.0,0.0,1.0,1.0,1.0
5,285,4.582541394618251,4.128903705224162,0.0,1.0,0.0,1.0,1.0,0.0
6,285,1.2214634435408334,4.295408913088317,0.0,0.0,0.0,1.0,0.0,0.0
7,285,11.122118048292164,8.744148439028741,0.0,0.0,0.0,1.0,0.0,0.0
8,285,3.4596437218812346,12.0,1.0,1.0,0.0,1.0,1.0,0.0
9,285,7.297901546008645,4.203133538296199,0.0,0.0,0.0,0.0,0.0,0.0
10,285,5.448566134957932,8.6133457734787,0.0,0.0,0.0,0.0,1.0,0.0
11,285,3.220901851518477,1.8759520091870097,1.0,0.0,1.0,1.0,0.0,1.0
12,285,0.0,1.9282247329034656,0.0,1.0,0.0,1.0,0.0,1.0
13,285,11.190150857089671,5.361335950790038,1.0,1.0,1.0,0.0,0.0,0.0
14,285,7.875734960552799,8.046299732367663,0.0,0.0,0.0,0.0,1.0,0.0
15,285,6.146567088473827,2.313553129594863,0.0,0.0,0.0,1.0,0.0,1.0
16,285,2.931072229295014,4.729454254373548,1.0,1.0,0.0,0.0,1.0,0.0
17,285,12.0,7.412041116232856,1.0,1.0,0.0,0.0,0.0,0.0
18,285,8.195893571212093,11.909091460687405,1.0,0.0,0.0,1.0,0.0,0.0
19,285,2.6071135825221714,6.829792736794888,0.0,0.0,1.0,1.0,0.0,0.0
20,285,12.0,2.8664997834473565,0.0,1.0,1.0,1.0,0.0,0.0
21,285,7.111988288281488,7.922039350007121,1.0,0.0,1.0,1.0,0.0,0.0
22,285,0.0,4.520045928755979,1.0,1.0,1.0,0.0,0.0,0.0
23,285,1.6943633114622314,12.0,0.0,1.0,0.0,0.0,1.0,0.0
24,285,11.198756769215477,7.254552866213334,0.0,0.0,0.0,0.0,1.0,0.0
25,285,9.753993168379946,4.723889532575864,1.0,1.0,1.0,0.0,0.0,0.0
26,285,9.794814746886413,5.820231280527712,1.0,0.0,1.0,1.0,0.0,0.0
27,285,7.665720038913947,7.011898001416595,1.0,0.0,1.0,0.0,1.0,0.0
28,285,6.91273546405905,3.276505417376417,0.0,0.0,1.0,0.0,1.0,0.0
29,285,4.018004269654876,4.747747468993119,0.0,1.0,0.0,1.0,0.0,0.0
30,285,0.0,12.0,1.0,0.0,1.0,0.0,0.0,1.0
31,285,7.40741917962505,9.249123825450438,0.0,0.0,1.0,1.0,0.0,1.0
32,285,1.4218773948367025,4.160312031458745,0.0,1.0,0.0,1.0,0.0,0.0
33,285,3.8072084337821375,12.0,1.0,0.0,0.0,0.0,1.0,1.0
34,285,0.0,11.334006337230011,1.0,1.0,0.0,0.0,0.0,0.0
35,285,3.871583109767022,2.015727336017377,1.0,0.0,1.0,0.0,1.0,0.0
36,285,0.0,12.0,0.0,1.0,1.0,1.0,0.0,0.0
37,285,8.282854246161802,6.529185352323235,1.0,0.0,1.0,0.0,0.0,1.0
38,285,2.533151813885816,7.009275237193499,1.0,1.0,0.0,1.0,0.0,0.0
39,285,6.671276388003216,6.15304722229252,0.0,0.0,0.0,0.0,0.0,0.0
0,290,6.785731307009605,6.514941086678675,0.0,0.0,1.0,1.0,0.0,1.0
1,290,10.632424371416942,12.0,0.0,1.0,0.0,1.0,1.0,0.0
2,290,0.4787551202144172,2.259995341629562,0.0,0.0,0.0,0.0,1.0,1.0
3,290,5.26308830078051,6.306765588337155,0.0,0.0,1.0,1.0,0.0,1.0
4,290,12.0,6.108593846223927,0.0,0.0,0.0,1.0,1.0,1.0
5,290,4.575979660514165,4.124135765967901,0.0,1.0,0.0,1.0,1.0,0.0
6,290,1.1826084944600814,4.279961103701884,0.0,0.0,0.0,1.0,0.0,0.0
7,290,11.231628201146965,8.80519963936843,0.0,0.0,0.0,1.0,0.0,0.0
8,290,3.461288426653607,12.0,1.0,1.0,0.0,1.0,1.0,0.0
9,290,7.306072963507881,4.132286256102661,0.0,0.0,0.0,0.0,0.0,0.0
10,290,5.441691153788704,8.606322591010066,0.0,0.0,0.0,0.0,1.0,0.0
11,290,3.0575719412764366,1.8388338716280404,1.0,0.0,1.0,1.0,0.0,1.0
12,290,0.0,1.8849751591271784,0.0,1.0,0.0,1.0,0.0,1.0
13,290,11.279972517083037,5.374389080364438,1.0,1.0,1.0,0.0,0.0,0.0
14,290,7.857037654112083,8.04566697586355,0.0,0.0,0.0,0.0,1.0,0.0
15,290,6.150964951566408,2.278880812411877,0.0,0.0,0.0,1.0,0.0,1.0
16,290,2.967503153584089,4.734646660778152,1.0,1.0,0.0,0.0,1.0,0.0
17,290,12.0,7.314901112649421,1.0,1.0,0.0,0.0,0.0,0.0
18,290,8.28420662298957,11.871360921420967,1.0,0.0,0.0,1.0,0.0,0.0
19,290,2.607296589853394,6.829891701084051,0.0,0.0,1.0,1.0,0.0,0.0
20,290,12.0,2.847064576034521,0.0,1.0,1.0,1.0,0.0,0.0
21,290,7.320096319164874,7.956278843863892,1.0,0.0,1.0,1.0,0.0,0.0
22,290,0.0,4.517077780487833,1.0,1.0,1.0,0.0,0.0,0.0
23,290,1.528681486654476,12.0,0.0,1.0,0.0,0.0,1.0,0.0
24,290,11.156160369099624,7.290030652818208,0.0,0.0,0.0,0.0,1.0,0.0
25,290,9.907531980146052,4.672636677886529,1.0,1.0,1.0,0.0,0.0,0.0
26,290,9.983740624852905,5.689266362616275,1.0,0.0,1.0,1.0,0.0,0.0
27,290,7.513008341162792,6.950500043622691,1.0,0.0,1.0,0.0,1.0,0.0
28,290,7.023006471128581,3.102358507663193,0.0,0.0,1.0,0.0,1.0,0.0
29,290,4.017123104864793,4.8016426130362175,0.0,1.0,0.0,1.0,0.0,0.0
30,290,0.0,12.0,1.0,0.0,1.0,0.0,0.0,1.0
31,290,7.409932031309181,9.229162857006084,0.0,0.0,1.0,1.0,0.0,1.0
32,290,1.4729975673639382,4.156256958648658,0.0,1.0,0.0,1.0,0.0,0.0
33,290,3.7997645556912474,12.0,1.0,0.0,0.0,0.0,1.0,1.0
34,290,0.0,11.292556441792389,1.0,1.0,0.0,0.0,0.0,0.0
35,290,3.950939593154148,1.82872038857814,1.0,0.0,1.0,0.0,1.0,0.0
36,290,0.0,12.0,0.0,1.0,1.0,1.0,0.0,0.0
37,290,8.42593988748384,6.551584746119746,1.0,0.0,1.0,0.0,0.0,1.0
38,290,2.383697730750524,6.944301832829128,1.0,1.0,0.0,1.0,0.0,0.0
39,290,6.679822681170913,6.148648216383332,0.0,0.0,0.0,0.0,0.0,0.0
0,295,6.870924751448534,6.496314341200085,0.0,0.0,1.0,1.0,0.0,1.0
1,295,10.607781746133892,12.0,0.0,1.0,0.0,1.0,1.0,0.0
2,295,0.4289523447226647,2.0936339958281787,0.0,0.0,0.0,0.0,1.0,1.0
3,295,5.223267324035804,6.32395767184241,0.0,0.0,1.0,1.0,0.0,1.0
4,295,12.0,6.207080661028875,0.0,0.0,0.0,1.0,1.0,1.0
5,295,4.562883766857482,4.1149528222451845,0.0,1.0,0.0,1.0,1.0,0.0
6,295,1.16647470544676,4.2739989896454365,0.0,0.0,0.0,1.0,0.0,0.0
7,295,11.343010888057542,8.868546647362324,0.0,0.0,0.0,1.0,0.0,0.0
8,295,3.4619085303562964,12.0,1.0,1.0,0.0,1.0,1.0,0.0
9,295,7.313350329592959,4.048490010594409,0.0,0.0,0.0,0.0,0.0,0.0
10,295,5.440805331031931,8.605407826294577,0.0,0.0,0.0,0.0,1.0,0.0
11,295,2.8976781785974395,1.8036872269461568,1.0,0.0,1.0,1.0,0.0,1.0
12,295,0.0,1.8396573650947217,0.0,1.0,0.0,1.0,0.0,1.0
13,295,11.373870131697728,5.386800842849738,1.0,1.0,1.0,0.0,0.0,0.0
14,295,7.817451425486035,8.044345856792654,0.0,0.0,0.0,0.0,1.0,0.0
15,295,6.1560134094857455,2.241152581130643,0.0,0.0,0.0,1.0,0.0,1.0
16,295,3.0065806985376136,4.74078199187688,1.0,1.0,0.0,0.0,1.0,0.0
17,295,12.0,7.224374933038266,1.0,1.0,0.0,0.0,0.0,0.0
18,295,8.385113008874198,11.83071996002623,1.0,0.0,0.0,1.0,0.0,0.0
19,295,2.5915584367927185,6.821070715876406,0.0,0.0,1.0,1.0,0.0,0.0
20,295,12.0,2.845787124588319,0.0,1.0,1.0,1.0,0.0,0.0
21,295,7.540886804606456,7.993746367450482,1.0,0.0,1.0,1.0,0.0,0.0
22,295,0.0,4.505722077350842,1.0,1.0,1.0,0.0,0.0,0.0
23,295,1.3763169503495325,12.0,0.0,1.0,0.0,0.0,1.0,0.0
24,295,11.10219921235874,7.333867849810839,0.0,0.0,0.0,0.0,1.0,0.0
25,295,10.054719822534398,4.624562471699657,1.0,1.0,1.0,0.0,0.0,0.0
26,295,10.176340133046006,5.555218030483443,1.0,0.0,1.0,1.0,0.0,0.0
27,295,7.352483904325794,6.880840084113758,1.0,0.0,1.0,0.0,1.0,0.0
28,295,7.128232860699647,2.930332350989056,0.0,0.0,1.0,0.0,1.0,0.0
29,295,4.016237208344732,4.841426509819766,0.0,1.0,0.0,1.0,0.0,0.0
30,295,0.0,12.0,1.0,0.0,1.0,0.0,0.0,1.0
31,295,7.407767778786851,9.247678158995004,0.0,0.0,1.0,1.0,0.0,1.0
32,295,1.536329080582364,4.1509265067020005,0.0,1.0,0.0,1.0,0.0,0.0
33,295,3.792544417520473,12.0,1.0,0.0,0.0,0.0,1.0,1.0
34,295,0.0,11.25269742335482,1.0,1.0,0.0,0.0,0.0,0.0
35,295,4.018862149175765,1.6546510310803302,1.0,0.0,1.0,0.0,1.0,0.0
36,295,0.0,12.0,0.0,1.0,1.0,1.0,0.0,0.0
37,295,8.562704197762898,6.570381231935382,1.0,0.0,1.0,0.0,0.0,1.0
38,295,2.2394295443257324,6.88064833888072,1.0,1.0,0.0,1.0,0.0,0.0
39,295,6.6743113254934885,6.151230213602332,0.0,0.0,0.0,0.0,0.0,0.0
