0,0,10.067973886917333,12.0,0.0,1.0,1.0,0.0,0.0,0.0
1,0,10.026406264975812,3.0312053210973637,1.0,0.0,1.0,0.0,0.0,0.0
2,0,10.96913754417862,10.03303643747525,1.0,1.0,0.0,1.0,1.0,0.0
3,0,7.990884149491856,9.947121712290263,1.0,0.0,0.0,1.0,0.0,0.0
4,0,1.971779597057589,11.955994703579975,1.0,0.0,0.0,0.0,1.0,1.0
5,0,6.982545753992658,5.957123069128946,0.0,1.0,0.0,0.0,1.0,0.0
6,0,7.052606391490263,11.064171761535842,1.0,0.0,1.0,0.0,1.0,1.0
7,0,10.993244107241608,7.962740671257432,0.0,0.0,1.0,1.0,0.0,0.0
8,0,4.934483622050052,0.9976423399991556,1.0,0.0,0.0,1.0,1.0,1.0
9,0,0.928983481983426,5.998503589107426,0.0,0.0,1.0,0.0,0.0,1.0
10,0,2.996104439168888,1.0183988821539551,0.0,0.0,0.0,0.0,0.0,1.0
11,0,0.9705815780929588,8.025059784851841,0.0,1.0,0.0,1.0,0.0,0.0
12,0,6.037573922566962,2.9392733349405176,0.0,0.0,1.0,0.0,1.0,0.0
13,0,10.054778209583564,7.000366349379191,0.0,1.0,0.0,0.0,0.0,0.0
14,0,9.9422601436883,3.95816392274124,0.0,0.0,0.0,0.0,0.0,1.0
15,0,6.940499520289381,6.962793873484156,1.0,1.0,1.0,0.0,1.0,0.0
16,0,8.986860227455201,8.92665477055191,0.0,0.0,0.0,0.0,1.0,0.0
17,0,10.04097490321577,6.033675285818331,0.0,1.0,1.0,0.0,0.0,0.0
18,0,5.980857127378759,4.970291384008421,0.0,1.0,1.0,0.0,1.0,0.0
19,0,0.9992987370013504,4.929979403293051,0.0,0.0,1.0,0.0,0.0,1.0
20,0,7.057823904471871,1.9815073904093952,1.0,1.0,0.0,0.0,0.0,1.0
21,0,11.951360484288283,9.01210491621734,0.0,0.0,1.0,1.0,1.0,0.0
22,0,3.0640588512859344,10.992275384202566,0.0,1.0,1.0,0.0,0.0,1.0
23,0,4.07017631167658,11.002735431563984,1.0,0.0,0.0,0.0,1.0,1.0
24,0,0.0100642134454392,11.062469166176257,1.0,1.0,0.0,0.0,0.0,0.0
25,0,10.06586201625172,0.0152791627420613,1.0,0.0,0.0,0.0,0.0,0.0
26,0,7.048662745159617,0.9692639486646608,1.0,0.0,0.0,0.0,0.0,0.0
27,0,3.960385011026589,5.0293830699977775,0.0,1.0,0.0,0.0,1.0,0.0
28,0,12.0,2.045715184640293,0.0,0.0,0.0,1.0,0.0,1.0
29,0,11.99809512233765,3.949805844052074,1.0,1.0,1.0,0.0,0.0,0.0
30,0,4.994352247133135,5.957494605108484,1.0,1.0,0.0,1.0,0.0,0.0
31,0,9.992834211947455,10.958889755073727,0.0,0.0,0.0,0.0,0.0,1.0
32,0,10.939628374453244,5.990010601418086,0.0,0.0,0.0,0.0,0.0,0.0
33,0,1.9406849147262384,3.974563426735765,1.0,0.0,1.0,1.0,1.0,0.0
34,0,5.028314156820159,0.9337746886834702,0.0,1.0,0.0,0.0,0.0,1.0
35,0,10.951568238539164,2.9880394601350595,0.0,0.0,1.0,1.0,0.0,1.0
36,0,6.998694272790371,6.948247458552424,1.0,0.0,0.0,0.0,1.0,1.0
37,0,8.035982604048952,1.958164830565301,0.0,0.0,1.0,1.0,0.0,0.0
38,0,8.953171952503753,3.003026097367435,1.0,0.0,1.0,0.0,0.0,1.0
39,0,11.948615285191613,2.021788789968997,0.0,1.0,0.0,0.0,0.0,1.0
0,5,10.121695744857064,12.0,0.0,1.0,1.0,0.0,0.0,0.0
1,5,10.053405048002794,3.064404676933952,1.0,0.0,1.0,0.0,0.0,0.0
2,5,10.94008565872462,10.062118510827874,1.0,1.0,0.0,1.0,1.0,0.0
3,5,7.981385040924916,9.895884751179542,1.0,0.0,0.0,1.0,0.0,0.0
4,5,1.946528824578546,11.919196877360529,1.0,0.0,0.0,0.0,1.0,1.0
5,5,6.966261558864211,5.913126338165428,0.0,1.0,0.0,0.0,1.0,0.0
6,5,7.105015292009909,11.12353145607119,1.0,0.0,1.0,0.0,1.0,1.0
7,5,10.98421154798236,7.915224575961333,0.0,0.0,1.0,1.0,0.0,0.0
8,5,4.84418311491718,0.9912062750122757,1.0,0.0,0.0,1.0,1.0,1.0
9,5,0.856074655197756,5.998474902332379,0.0,0.0,1.0,0.0,0.0,1.0
10,5,2.9936610443079075,1.030784829667309,0.0,0.0,0.0,0.0,0.0,1.0
11,5,0.9466103202106124,8.045532531589146,0.0,1.0,0.0,1.0,0.0,0.0
12,5,6.06855176531608,2.889859108792546,0.0,0.0,1.0,0.0,1.0,0.0
13,5,10.102418106572404,7.000870821651596,0.0,1.0,0.0,0.0,0.0,0.0
14,5,9.89292625419898,3.923225695460394,0.0,0.0,0.0,0.0,0.0,1.0
15,5,6.87537835419974,6.9192744672222055,1.0,1.0,1.0,0.0,1.0,0.0
16,5,8.9682416264095,8.819650711141282,0.0,0.0,0.0,0.0,1.0,0.0
17,5,10.088508734639776,6.071950313503492,0.0,1.0,1.0,0.0,0.0,0.0
18,5,5.963080601045353,4.942723609665154,0.0,1.0,1.0,0.0,1.0,0.0
19,5,0.9976131856276615,4.871920677082973,0.0,0.0,1.0,0.0,0.0,1.0
20,5,7.114940595160787,1.9636834189703245,1.0,1.0,0.0,0.0,0.0,1.0
21,5,11.91901250169038,9.02037077332003,0.0,0.0,1.0,1.0,1.0,0.0
22,5,3.1195968504254066,10.98575233893692,0.0,1.0,1.0,0.0,0.0,1.0
23,5,4.143082405742359,11.003765453040826,1.0,0.0,0.0,0.0,1.0,1.0
24,5,0.0205856774246049,11.122741774249748,1.0,1.0,0.0,0.0,0.0,0.0
25,5,10.130139014484572,0.0288583947665038,1.0,0.0,0.0,0.0,0.0,0.0
26,5,7.107873887183796,0.929968198579864,1.0,0.0,0.0,0.0,0.0,0.0
27,5,3.93226867085292,5.050086126562152,0.0,1.0,0.0,0.0,1.0,0.0
28,5,12.0,2.065850215343094,0.0,0.0,0.0,1.0,0.0,1.0
29,5,11.99672334505294,3.887987052849174,1.0,1.0,1.0,0.0,0.0,0.0
30,5,4.991537751697847,5.9339903908302905,1.0,1.0,0.0,1.0,0.0,0.0
31,5,9.984246526745368,10.910045417193595,0.0,0.0,0.0,0.0,0.0,1.0
32,5,10.875858229353032,5.977273674758236,0.0,0.0,0.0,0.0,0.0,0.0
33,5,1.876151347407132,3.946209651904824,1.0,0.0,1.0,1.0,1.0,0.0
34,5,5.057310581367165,0.8647118779296298,0.0,1.0,0.0,0.0,0.0,1.0
35,5,10.889702116769158,2.973090220453489,0.0,0.0,1.0,1.0,0.0,1.0
36,5,6.996218302898229,6.90348989740515,1.0,0.0,0.0,0.0,1.0,1.0
37,5,8.0676964128071,1.920619916469417,0.0,0.0,1.0,1.0,0.0,0.0
38,5,8.895265531789425,3.005236252438335,1.0,0.0,1.0,0.0,0.0,1.0
39,5,11.87853367997579,2.050664915417765,0.0,1.0,0.0,0.0,0.0,1.0
0,10,10.172479370659763,12.0,0.0,1.0,1.0,0.0,0.0,0.0
1,10,10.071198939295028,3.086120851123637,1.0,0.0,1.0,0.0,0.0,0.0
2,10,10.915620116725204,10.086156394399636,1.0,1.0,0.0,1.0,1.0,0.0
3,10,7.9745516047139,9.860761648215544,1.0,0.0,0.0,1.0,0.0,0.0
4,10,1.9351940096058533,11.902135580573676,1.0,0.0,0.0,0.0,1.0,1.0
5,10,6.943593100460001,5.8526280047849975,0.0,1.0,0.0,0.0,1.0,0.0
6,10,7.171985669756007,11.19794426863046,1.0,0.0,1.0,0.0,1.0,1.0
7,10,10.978665893206443,7.883845628474773,0.0,0.0,1.0,1.0,0.0,0.0
8,10,4.768907025152137,0.9861356803458036,1.0,0.0,0.0,1.0,1.0,1.0
9,10,0.7883313360229092,5.997637663509302,0.0,0.0,1.0,0.0,0.0,1.0
10,10,2.9904676702807187,1.0477279362637806,0.0,0.0,0.0,0.0,0.0,1.0
11,10,0.9319756633463456,8.057637773608995,0.0,1.0,0.0,1.0,0.0,0.0
12,10,6.097055454771751,2.845669821044279,0.0,0.0,1.0,0.0,1.0,0.0
13,10,10.13124023707576,7.001336004211114,0.0,1.0,0.0,0.0,0.0,0.0
14,10,9.852002355714507,3.8958068405621553,0.0,0.0,0.0,0.0,0.0,1.0
15,10,6.798607943307019,6.868672394744218,1.0,1.0,1.0,0.0,1.0,0.0
16,10,8.94695620849937,8.705284528059156,0.0,0.0,0.0,0.0,1.0,0.0
17,10,10.148218327735073,6.120043444349924,0.0,1.0,1.0,0.0,0.0,0.0
18,10,5.953086121453635,4.927355204840098,0.0,1.0,1.0,0.0,1.0,0.0
19,10,0.9952462668828236,4.772578570241724,0.0,0.0,1.0,0.0,0.0,1.0
20,10,7.152488047660853,1.952129688059676,1.0,1.0,0.0,0.0,0.0,1.0
21,10,11.877371755681898,9.029581097950556,0.0,0.0,1.0,1.0,1.0,0.0
22,10,3.1834398005607705,10.978306436920583,0.0,1.0,1.0,0.0,0.0,1.0
23,10,4.213355220171339,11.004824368046329,1.0,0.0,0.0,0.0,1.0,1.0
24,10,0.0298629004204625,11.173052873449194,1.0,1.0,0.0,0.0,0.0,0.0
25,10,10.183403921464762,0.0417874578844298,1.0,0.0,0.0,0.0,0.0,0.0
26,10,7.161698773124352,0.8950210405953728,1.0,0.0,0.0,0.0,0.0,0.0
27,10,3.913370168866874,5.064075818650746,0.0,1.0,0.0,0.0,1.0,0.0
28,10,12.0,2.067225023675077,0.0,0.0,0.0,1.0,0.0,1.0
29,10,11.99331786210634,3.8097928432624,1.0,1.0,1.0,0.0,0.0,0.0
30,10,4.987610862246742,5.908720811993021,1.0,1.0,0.0,1.0,0.0,0.0
31,10,9.977044919755318,10.864965114793932,0.0,0.0,0.0,0.0,0.0,1.0
32,10,10.807158404408522,5.965890953006456,0.0,0.0,0.0,0.0,0.0,0.0
33,10,1.80880140979902,3.915549719714862,1.0,0.0,1.0,1.0,1.0,0.0
34,10,5.086668800773081,0.7947168089294261,0.0,1.0,0.0,0.0,0.0,1.0
35,10,10.809538178682669,2.9537915303865927,0.0,0.0,1.0,1.0,0.0,1.0
36,10,6.994274313843991,6.859749823181206,1.0,0.0,0.0,0.0,1.0,1.0
37,10,8.110483674661142,1.8691528249824416,0.0,0.0,1.0,1.0,0.0,0.0
38,10,8.819411114290421,3.007547016393669,1.0,0.0,1.0,0.0,0.0,1.0
39,10,11.795471140665924,2.084158368867008,0.0,1.0,0.0,0.0,0.0,1.0
0,15,10.237030724256496,12.0,0.0,1.0,1.0,0.0,0.0,0.0
1,15,10.088019262714676,3.1077300983130445,1.0,0.0,1.0,0.0,0.0,0.0
2,15,10.90410395650187,10.097552661450583,1.0,1.0,0.0,1.0,1.0,0.0
3,15,7.967440314476134,9.815043999602656,1.0,0.0,0.0,1.0,0.0,0.0
4,15,1.9221513255589864,11.882518032310967,1.0,0.0,0.0,0.0,1.0,1.0
5,15,6.92426564358216,5.801336139621916,0.0,1.0,0.0,0.0,1.0,0.0
6,15,7.224549360174822,11.257340516044088,1.0,0.0,1.0,0.0,1.0,1.0
7,15,10.977835185516044,7.878207045493503,0.0,0.0,1.0,1.0,0.0,0.0
8,15,4.698261430251455,0.980070505915228,1.0,0.0,0.0,1.0,1.0,1.0
9,15,0.7038585730741379,5.997106623665438,0.0,0.0,1.0,0.0,0.0,1.0
10,15,2.9905438391910573,1.0472821473122638,0.0,0.0,0.0,0.0,0.0,1.0
11,15,0.9064047602738392,8.07860037947121,0.0,1.0,0.0,1.0,0.0,0.0
12,15,6.120327206394113,2.810557389721507,0.0,0.0,1.0,0.0,1.0,0.0
13,15,10.181775460628907,7.002032106143763,0.0,1.0,0.0,0.0,0.0,0.0
14,15,9.820309995389222,3.874667240573746,0.0,0.0,0.0,0.0,0.0,1.0
15,15,6.715948342034076,6.814967156750038,1.0,1.0,1.0,0.0,1.0,0.0
16,15,8.928260505732679,8.600049945345873,0.0,0.0,0.0,0.0,1.0,0.0
17,15,10.206118227616214,6.165056483378669,0.0,1.0,1.0,0.0,0.0,0.0
18,15,5.937713381528835,4.904037873361983,0.0,1.0,1.0,0.0,1.0,0.0
19,15,0.9933852989464332,4.675650759043989,0.0,0.0,1.0,0.0,0.0,1.0
20,15,7.204357483844364,1.936258000119652,1.0,1.0,0.0,0.0,0.0,1.0
21,15,11.82982477100158,9.04064963967516,0.0,0.0,1.0,1.0,1.0,0.0
22,15,3.251011362545133,10.969753805320511,0.0,1.0,1.0,0.0,0.0,1.0
23,15,4.273671445810234,11.005892440965182,1.0,0.0,0.0,0.0,1.0,1.0
24,15,0.0380371210581749,11.210475951328831,1.0,1.0,0.0,0.0,0.0,0.0
25,15,10.229582603845325,0.0512827157399057,1.0,0.0,0.0,0.0,0.0,0.0
26,15,7.221721014726964,0.854351388667692,1.0,0.0,0.0,0.0,0.0,0.0
27,15,3.8941096976418414,5.079538491924303,0.0,1.0,0.0,0.0,1.0,0.0
28,15,12.0,2.0867647682895907,0.0,0.0,0.0,1.0,0.0,1.0
29,15,11.988877567696344,3.727617493205972,1.0,1.0,1.0,0.0,0.0,0.0
30,15,4.983194503325259,5.882063573474731,1.0,1.0,0.0,1.0,0.0,0.0
31,15,9.972673754606742,10.83865720221854,0.0,0.0,0.0,0.0,0.0,1.0
32,15,10.75682271810236,5.957173399751886,0.0,0.0,0.0,0.0,0.0,0.0
33,15,1.737020372210854,3.882414702691984,1.0,0.0,1.0,1.0,1.0,0.0
34,15,5.1094790415467495,0.7411685429406056,0.0,1.0,0.0,0.0,0.0,1.0
35,15,10.73390305555802,2.936064169204418,0.0,0.0,1.0,1.0,0.0,1.0
36,15,6.992269589036423,6.809892117791041,1.0,0.0,0.0,0.0,1.0,1.0
37,15,8.164555130054024,1.806171880543462,0.0,0.0,1.0,1.0,0.0,0.0
38,15,8.744023462364137,3.011379664307576,1.0,0.0,1.0,0.0,0.0,1.0
39,15,11.709181539080513,2.1188152588993314,0.0,1.0,0.0,0.0,0.0,1.0
0,20,10.3057484532801,12.0,0.0,1.0,1.0,0.0,0.0,0.0
1,20,10.106190169339182,3.131588313796791,1.0,0.0,1.0,0.0,0.0,0.0
2,20,10.89258066595091,10.108916069488442,1.0,1.0,0.0,1.0,1.0,0.0
3,20,7.963536572150379,9.78597668843372,1.0,0.0,0.0,1.0,0.0,0.0
4,20,1.912964532615213,11.868799538785712,1.0,0.0,0.0,0.0,1.0,1.0
5,20,6.90802478277616,5.756678991252088,0.0,1.0,0.0,0.0,1.0,0.0
6,20,7.28892023031689,11.327107914437226,1.0,0.0,1.0,0.0,1.0,1.0
7,20,10.977802242924898,7.8779433851659535,0.0,0.0,1.0,1.0,0.0,0.0
8,20,4.647294249855654,0.9755541599196969,1.0,0.0,0.0,1.0,1.0,1.0
9,20,0.6080728054762494,5.997469634179579,0.0,0.0,1.0,0.0,0.0,1.0
10,20,2.987151957138723,1.0729792163655023,0.0,0.0,0.0,0.0,0.0,1.0
11,20,0.889971849576913,8.092406648961392,0.0,1.0,0.0,1.0,0.0,0.0
12,20,6.151664182827974,2.762837660339024,0.0,0.0,1.0,0.0,1.0,0.0
13,20,10.23472891206058,7.00348781867767,0.0,1.0,0.0,0.0,0.0,0.0
14,20,9.761939203351869,3.83722371298911,0.0,0.0,0.0,0.0,0.0,1.0
15,20,6.6370559860488365,6.765582451652049,1.0,1.0,1.0,0.0,1.0,0.0
16,20,8.906770464713901,8.482752532045188,0.0,0.0,0.0,0.0,1.0,0.0
17,20,10.272263220246057,6.212108679061583,0.0,1.0,1.0,0.0,0.0,0.0
18,20,5.926961952507448,4.887346285444852,0.0,1.0,1.0,0.0,1.0,0.0
19,20,0.9885036473915711,4.574466735542373,0.0,0.0,1.0,0.0,0.0,1.0
20,20,7.249895688381152,1.9217981178401575,1.0,1.0,0.0,0.0,0.0,1.0
21,20,11.78396178604898,9.050976172214796,0.0,0.0,1.0,1.0,1.0,0.0
22,20,3.3020838834967265,10.963302348245506,0.0,1.0,1.0,0.0,0.0,1.0
23,20,4.339481375021999,11.007500304784584,1.0,0.0,0.0,0.0,1.0,1.0
24,20,0.0475118569208899,11.20815430389428,1.0,1.0,0.0,0.0,0.0,0.0
25,20,10.27726109947519,0.0626569436755416,1.0,0.0,0.0,0.0,0.0,0.0
26,20,7.294333103648336,0.8075902688626636,1.0,0.0,0.0,0.0,0.0,0.0
27,20,3.8620063945267225,5.103882945564337,0.0,1.0,0.0,0.0,1.0,0.0
28,20,12.0,2.0748489450316527,0.0,0.0,0.0,1.0,0.0,1.0
29,20,11.983609226746074,3.6405949908764814,1.0,1.0,1.0,0.0,0.0,0.0
30,20,4.978331253187058,5.85485759105363,1.0,1.0,0.0,1.0,0.0,0.0
31,20,9.966342702700963,10.804171691191334,0.0,0.0,0.0,0.0,0.0,1.0
32,20,10.735507864142418,5.953485296396764,0.0,0.0,0.0,0.0,0.0,0.0
33,20,1.61747578709964,3.82932475882004,1.0,0.0,1.0,1.0,1.0,0.0
34,20,5.128436552950746,0.6963661386748244,0.0,1.0,0.0,0.0,0.0,1.0
35,20,10.674740108339488,2.921543771657834,0.0,0.0,1.0,1.0,0.0,1.0
36,20,6.989860663879941,6.749154653602599,1.0,0.0,0.0,0.0,1.0,1.0
37,20,8.218936780448082,1.743167986266846,0.0,0.0,1.0,1.0,0.0,0.0
38,20,8.68041160633214,3.0146399825154058,1.0,0.0,1.0,0.0,0.0,1.0
39,20,11.647720146634809,2.145069204591153,0.0,1.0,0.0,0.0,0.0,1.0
0,25,10.380982194864714,12.0,0.0,1.0,1.0,0.0,0.0,0.0
1,25,10.133842839638074,3.168518463290224,1.0,0.0,1.0,0.0,0.0,0.0
2,25,10.876734989837855,10.124502284207802,1.0,1.0,0.0,1.0,1.0,0.0
3,25,7.9589799114736355,9.754101527612852,1.0,0.0,0.0,1.0,0.0,0.0
4,25,1.9092798296862676,11.863065387273265,1.0,0.0,0.0,0.0,1.0,1.0
5,25,6.893414065307009,5.718616244523565,0.0,1.0,0.0,0.0,1.0,0.0
6,25,7.360154693706369,11.40954022491782,1.0,0.0,1.0,0.0,1.0,1.0
7,25,10.97720573226655,7.873465501407877,0.0,0.0,1.0,1.0,0.0,0.0
8,25,4.603001803604368,0.9710748288323706,1.0,0.0,0.0,1.0,1.0,1.0
9,25,0.5164656593658928,5.9989199851099695,0.0,0.0,1.0,0.0,0.0,1.0
10,25,2.9865877626411765,1.0768300918697291,0.0,0.0,0.0,0.0,0.0,1.0
11,25,0.8888311210071964,8.09333768088851,0.0,1.0,0.0,1.0,0.0,0.0
12,25,6.1851773765058695,2.715812825582672,0.0,0.0,1.0,0.0,1.0,0.0
13,25,10.300037034058896,7.007724811317143,0.0,1.0,0.0,0.0,0.0,0.0
14,25,9.701799905955596,3.798365985028807,0.0,0.0,0.0,0.0,0.0,1.0
15,25,6.554312089322497,6.712948645950977,1.0,1.0,1.0,0.0,1.0,0.0
16,25,8.881118935934662,8.353551810360601,0.0,0.0,0.0,0.0,1.0,0.0
17,25,10.330250806619247,6.254407176210987,0.0,1.0,1.0,0.0,0.0,0.0
18,25,5.907030995031319,4.856528123956066,0.0,1.0,1.0,0.0,1.0,0.0
19,25,0.9852240995890768,4.490501529621662,0.0,0.0,1.0,0.0,0.0,1.0
20,25,7.29064755586988,1.9063528913587933,1.0,1.0,0.0,0.0,0.0,1.0
21,25,11.79515739268841,9.097740227287131,0.0,0.0,1.0,1.0,1.0,0.0
22,25,3.342991523560731,10.959632412696193,0.0,1.0,1.0,0.0,0.0,1.0
23,25,4.419531210656715,11.009377665365312,1.0,0.0,0.0,0.0,1.0,1.0
24,25,0.0815115925418931,11.198803751758373,1.0,1.0,0.0,0.0,0.0,0.0
25,25,10.294613643986878,0.0666254847327889,1.0,0.0,0.0,0.0,0.0,0.0
26,25,7.376763473940235,0.7535655871899386,1.0,0.0,0.0,0.0,0.0,0.0
27,25,3.830553710695757,5.127070652899996,0.0,1.0,0.0,0.0,1.0,0.0
28,25,12.0,2.050317738697423,0.0,0.0,0.0,1.0,0.0,1.0
29,25,11.976411342075826,3.5458432945830127,1.0,1.0,1.0,0.0,0.0,0.0
30,25,4.97681524317165,5.84750072144286,1.0,1.0,0.0,1.0,0.0,0.0
31,25,9.961750847293803,10.778612019119567,0.0,0.0,0.0,0.0,0.0,1.0
32,25,10.677091007565858,5.944505464751667,0.0,0.0,0.0,0.0,0.0,0.0
33,25,1.4950016626511764,3.777646311180992,1.0,0.0,1.0,1.0,1.0,0.0
34,25,5.14815539397737,0.6487071611234738,0.0,1.0,0.0,0.0,0.0,1.0
35,25,10.627684262287833,2.9099495348647664,0.0,0.0,1.0,1.0,0.0,1.0
36,25,6.986905030326413,6.683225588629479,1.0,0.0,0.0,0.0,1.0,1.0
37,25,8.273732590633868,1.679992539225328,0.0,0.0,1.0,1.0,0.0,0.0
38,25,8.623185422295178,3.01810909675416,1.0,0.0,1.0,0.0,0.0,1.0
39,25,11.584752420742266,2.1743034232139884,0.0,1.0,0.0,0.0,0.0,1.0
0,30,10.465444674510485,12.0,0.0,1.0,1.0,0.0,0.0,0.0
1,30,10.16707164180885,3.2101987923667084,1.0,0.0,1.0,0.0,0.0,0.0
2,30,10.863826741248912,10.137481342913212,1.0,1.0,0.0,1.0,1.0,0.0
3,30,7.955708843731413,9.729333444152076,1.0,0.0,0.0,1.0,0.0,0.0
4,30,1.9027545555869487,11.852819087816991,1.0,0.0,0.0,0.0,1.0,1.0
5,30,6.880824568276218,5.686965396288464,0.0,1.0,0.0,0.0,1.0,0.0
6,30,7.441714624242858,11.505169659660622,1.0,0.0,1.0,0.0,1.0,1.0
7,30,10.977763932589028,7.877176796354456,0.0,0.0,1.0,1.0,0.0,0.0
8,30,4.556947693030316,0.9657334324331048,1.0,0.0,0.0,1.0,1.0,1.0
9,30,0.4267235806628874,6.005375559212914,0.0,0.0,1.0,0.0,0.0,1.0
10,30,2.98774125575403,1.0692669021522725,0.0,0.0,0.0,0.0,0.0,1.0
11,30,0.8903612136130675,8.091981807652978,0.0,1.0,0.0,1.0,0.0,0.0
12,30,6.210892502857442,2.681578619558953,0.0,0.0,1.0,0.0,1.0,0.0
13,30,10.374537435597816,7.0128407521407015,0.0,1.0,0.0,0.0,0.0,0.0
14,30,9.6461945765499,3.763089116492967,0.0,0.0,0.0,0.0,0.0,1.0
15,30,6.461086967106615,6.6573948086959165,1.0,1.0,1.0,0.0,1.0,0.0
16,30,8.848275290291568,8.212694024029831,0.0,0.0,0.0,0.0,1.0,0.0
17,30,10.395922239798503,6.301931906182719,0.0,1.0,1.0,0.0,0.0,0.0
18,30,5.886936562796206,4.824837334741066,0.0,1.0,1.0,0.0,1.0,0.0
19,30,0.9830758873341956,4.420258885536601,0.0,0.0,1.0,0.0,0.0,1.0
20,30,7.3410677906567665,1.888503659934935,1.0,1.0,0.0,0.0,0.0,1.0
21,30,11.806354788602794,9.145357517190591,0.0,0.0,1.0,1.0,1.0,0.0
22,30,3.345068187087013,10.959463692927178,0.0,1.0,1.0,0.0,0.0,1.0
23,30,4.475996247402043,11.011051053885774,1.0,0.0,0.0,0.0,1.0,1.0
24,30,0.1179504672493577,11.189993722331504,1.0,1.0,0.0,0.0,0.0,0.0
25,30,10.31946825023043,0.072880273668282,1.0,0.0,0.0,0.0,0.0,0.0
26,30,7.459705778655271,0.7011343912909901,1.0,0.0,0.0,0.0,0.0,0.0
27,30,3.814951195056251,5.139130644658057,0.0,1.0,0.0,0.0,1.0,0.0
28,30,12.0,2.01886887480243,0.0,0.0,0.0,1.0,0.0,1.0
29,30,11.96796048235144,3.452147827877244,1.0,1.0,1.0,0.0,0.0,0.0
30,30,4.973577444270317,5.831102351178931,1.0,1.0,0.0,1.0,0.0,0.0
31,30,9.9581308213581,10.759534274410845,0.0,0.0,0.0,0.0,0.0,1.0
32,30,10.636650804713954,5.938025615963984,0.0,0.0,0.0,0.0,0.0,0.0
33,30,1.3497024090887293,3.712218839328308,1.0,0.0,1.0,1.0,1.0,0.0
34,30,5.161680147783263,0.6157491866629771,0.0,1.0,0.0,0.0,0.0,1.0
35,30,10.570980945123845,2.8952056482680635,0.0,0.0,1.0,1.0,0.0,1.0
36,30,6.984045555687188,6.639485137923774,1.0,0.0,0.0,0.0,1.0,1.0
37,30,8.347194008872833,1.598293107240922,0.0,0.0,1.0,1.0,0.0,0.0
38,30,8.557528667324027,3.022744881264238,1.0,0.0,1.0,0.0,0.0,1.0
39,30,11.495720136725591,2.2129208198519885,0.0,1.0,0.0,0.0,0.0,1.0
0,35,10.523109353317691,12.0,0.0,1.0,1.0,0.0,0.0,0.0
1,35,10.194461444384112,3.245240818585321,1.0,0.0,1.0,0.0,0.0,0.0
2,35,10.861656872186346,10.139649934512208,1.0,1.0,0.0,1.0,1.0,0.0
3,35,7.948341067569874,9.682216263346662,1.0,0.0,0.0,1.0,0.0,0.0
4,35,1.889944726714416,11.832282066028949,1.0,0.0,0.0,0.0,1.0,1.0
5,35,6.865143347617927,5.6426746742635965,0.0,1.0,0.0,0.0,1.0,0.0
6,35,7.514317062619582,11.59170234181136,1.0,0.0,1.0,0.0,1.0,1.0
7,35,10.978070930516784,7.87957628330646,0.0,0.0,1.0,1.0,0.0,0.0
8,35,4.502979049918351,0.9605523607650052,1.0,0.0,0.0,1.0,1.0,1.0
9,35,0.3294089600608828,6.014634297371149,0.0,0.0,1.0,0.0,0.0,1.0
10,35,2.991648659141557,1.0438124901680963,0.0,0.0,0.0,0.0,0.0,1.0
11,35,0.8929350788549111,8.089790082436402,0.0,1.0,0.0,1.0,0.0,0.0
12,35,6.2477124165662605,2.634975350507704,0.0,0.0,1.0,0.0,1.0,0.0
13,35,10.442299110004004,7.017473063923676,0.0,1.0,0.0,0.0,0.0,0.0
14,35,9.600164387871512,3.734799654044152,0.0,0.0,0.0,0.0,0.0,1.0
15,35,6.373291587334749,6.6045005511554855,1.0,1.0,1.0,0.0,1.0,0.0
16,35,8.822221132936058,8.07829573721568,0.0,0.0,0.0,0.0,1.0,0.0
17,35,10.46424693975452,6.349518028119793,0.0,1.0,1.0,0.0,0.0,0.0
18,35,5.870663820090572,4.799713087625049,0.0,1.0,1.0,0.0,1.0,0.0
19,35,0.980277533998715,4.349952780476036,0.0,0.0,1.0,0.0,0.0,1.0
20,35,7.389736868525389,1.8715313636294677,1.0,1.0,0.0,0.0,0.0,1.0
21,35,11.814526981824065,9.178925850427792,0.0,0.0,1.0,1.0,1.0,0.0
22,35,3.333764856021177,10.960293506450284,0.0,1.0,1.0,0.0,0.0,1.0
23,35,4.53389324494409,11.012156690151691,1.0,0.0,0.0,0.0,1.0,1.0
24,35,0.1453410754851256,11.1832866687016,1.0,1.0,0.0,0.0,0.0,0.0
25,35,10.361562882877642,0.0848555665656066,1.0,0.0,0.0,0.0,0.0,0.0
26,35,7.54952789609251,0.6435391700680198,1.0,0.0,0.0,0.0,0.0,0.0
27,35,3.8107041218193856,5.142329652222905,0.0,1.0,0.0,0.0,1.0,0.0
28,35,12.0,1.9888518662460228,0.0,0.0,0.0,1.0,0.0,1.0
29,35,11.960570292600408,3.37807764895682,1.0,1.0,1.0,0.0,0.0,0.0
30,35,4.968888582057145,5.809484869251924,1.0,1.0,0.0,1.0,0.0,0.0
31,35,9.957048828472434,10.753033644388116,0.0,0.0,0.0,0.0,0.0,1.0
32,35,10.58107214424128,5.930049293149158,0.0,0.0,0.0,0.0,0.0,0.0
33,35,1.211088876886246,3.6463218760729417,1.0,0.0,1.0,1.0,1.0,0.0
34,35,5.169182001442677,0.5985469688162447,0.0,1.0,0.0,0.0,0.0,1.0
35,35,10.506812167213468,2.8776044845338284,0.0,0.0,1.0,1.0,0.0,1.0
36,35,6.982982668278826,6.6134362935186335,1.0,0.0,0.0,0.0,1.0,1.0
37,35,8.402575781087736,1.5347954700700646,0.0,0.0,1.0,1.0,0.0,0.0
38,35,8.476058910043438,3.030496515856269,1.0,0.0,1.0,0.0,0.0,1.0
39,35,11.40170485216746,2.256058276601583,0.0,1.0,0.0,0.0,0.0,1.0
0,40,10.56363368140151,12.0,0.0,1.0,1.0,0.0,0.0,0.0
1,40,10.233487375830595,3.295548203556565,1.0,0.0,1.0,0.0,0.0,0.0
2,40,10.836373439293382,10.16502788707809,1.0,1.0,0.0,1.0,1.0,0.0
3,40,7.946734426096841,9.671899271283555,1.0,0.0,0.0,1.0,0.0,0.0
4,40,1.8756570361179945,11.80948245865108,1.0,0.0,0.0,0.0,1.0,1.0
5,40,6.850993608407868,5.602267061674258,0.0,1.0,0.0,0.0,1.0,0.0
6,40,7.592602250123828,11.68135976650979,1.0,0.0,1.0,0.0,1.0,1.0
7,40,10.979259305683897,7.8934184381773616,0.0,0.0,1.0,1.0,0.0,0.0
8,40,4.456213204461356,0.955631483735496,1.0,0.0,0.0,1.0,1.0,1.0
9,40,0.236853221668323,6.0220949274852895,0.0,0.0,1.0,0.0,0.0,1.0
10,40,2.9995677700807275,0.9971908937854436,0.0,0.0,0.0,0.0,0.0,1.0
11,40,0.8874850052960415,8.094278460515833,0.0,1.0,0.0,1.0,0.0,0.0
12,40,6.288420227248754,2.581818078781259,0.0,0.0,1.0,0.0,1.0,0.0
13,40,10.49351873001695,7.020632389787534,0.0,1.0,0.0,0.0,0.0,0.0
14,40,9.545157395158856,3.7001236388903775,0.0,0.0,0.0,0.0,0.0,1.0
15,40,6.282867536396742,6.5519333446325785,1.0,1.0,1.0,0.0,1.0,0.0
16,40,8.793522872705411,7.933664760015214,0.0,0.0,0.0,0.0,1.0,0.0
17,40,10.53317924635429,6.396239882495167,0.0,1.0,1.0,0.0,0.0,0.0
18,40,5.852542239695129,4.772965730528578,0.0,1.0,1.0,0.0,1.0,0.0
19,40,0.977555096483308,4.287555610117437,0.0,0.0,1.0,0.0,0.0,1.0
20,40,7.451862153640348,1.847929933191768,1.0,1.0,0.0,0.0,0.0,1.0
21,40,11.821305849388157,9.204789240974351,0.0,0.0,1.0,1.0,1.0,0.0
22,40,3.3353219390582547,10.960230117527146,0.0,1.0,1.0,0.0,0.0,1.0
23,40,4.604935488352173,11.01285097841485,1.0,0.0,0.0,0.0,1.0,1.0
24,40,0.1634033104447214,11.178916146217066,1.0,1.0,0.0,0.0,0.0,0.0
25,40,10.401775120142585,0.096237581410467,1.0,0.0,0.0,0.0,0.0,0.0
26,40,7.650912064876449,0.5774815837051088,1.0,0.0,0.0,0.0,0.0,0.0
27,40,3.7987898125642174,5.1513637585128205,0.0,1.0,0.0,0.0,1.0,0.0
28,40,12.0,1.9654009171548183,0.0,0.0,0.0,1.0,0.0,1.0
29,40,11.953922957300554,3.30380005400381,1.0,1.0,1.0,0.0,0.0,0.0
30,40,4.963863822325068,5.779534700906061,1.0,1.0,0.0,1.0,0.0,0.0
31,40,9.95564297692107,10.744458622138628,0.0,0.0,0.0,0.0,0.0,1.0
32,40,10.502870185092029,5.918757649463649,0.0,0.0,0.0,0.0,0.0,0.0
33,40,1.0737591762303664,3.575631807485609,1.0,0.0,1.0,1.0,1.0,0.0
34,40,5.174821923169449,0.5853726357714806,0.0,1.0,0.0,0.0,0.0,1.0
35,40,10.445321107554614,2.860144795578472,0.0,0.0,1.0,1.0,0.0,1.0
36,40,6.981836112499743,6.589934341907459,1.0,0.0,0.0,0.0,1.0,1.0
37,40,8.430039041738487,1.5038118712140305,0.0,0.0,1.0,1.0,0.0,0.0
38,40,8.425877385831614,3.0326202699332763,1.0,0.0,1.0,0.0,0.0,1.0
39,40,11.308471727372307,2.302238579003945,0.0,1.0,0.0,0.0,0.0,1.0
0,45,10.607005483975826,12.0,0.0,1.0,1.0,0.0,0.0,0.0
1,45,10.27859937618815,3.353491413798156,1.0,0.0,1.0,0.0,0.0,0.0
2,45,10.812178353256051,10.188636580652432,1.0,1.0,0.0,1.0,1.0,0.0
3,45,7.946059079687821,9.66731247150115,1.0,0.0,0.0,1.0,0.0,0.0
4,45,1.8634733976437177,11.791604357934416,1.0,0.0,0.0,0.0,1.0,1.0
5,45,6.831717894300947,5.54791967108782,0.0,1.0,0.0,0.0,1.0,0.0
6,45,7.666361969068309,11.769693867000012,1.0,0.0,1.0,0.0,1.0,1.0
7,45,10.980235352101936,7.904883221093121,0.0,0.0,1.0,1.0,0.0,0.0
8,45,4.4021624105114565,0.9499681973649616,1.0,0.0,0.0,1.0,1.0,1.0
9,45,0.1278785980063504,6.030013315039425,0.0,0.0,1.0,0.0,0.0,1.0
10,45,3.0128625048294837,0.9234282388398352,0.0,0.0,0.0,0.0,0.0,1.0
11,45,0.8784699941433789,8.101537938772267,0.0,1.0,0.0,1.0,0.0,0.0
12,45,6.327110492850726,2.530250331511139,0.0,0.0,1.0,0.0,1.0,0.0
13,45,10.552898138507588,7.024428637809046,0.0,1.0,0.0,0.0,0.0,0.0
14,45,9.513507484086931,3.74855214913106,0.0,0.0,0.0,0.0,0.0,1.0
15,45,6.224803043286645,6.5184269855682535,1.0,1.0,1.0,0.0,1.0,0.0
16,45,8.76038540328335,7.7674040165150435,0.0,0.0,0.0,0.0,1.0,0.0
17,45,10.59943114089234,6.439590420696804,0.0,1.0,1.0,0.0,0.0,0.0
18,45,5.832865733378033,4.744614430122884,0.0,1.0,1.0,0.0,1.0,0.0
19,45,0.9769632077109226,4.230978846272442,0.0,0.0,1.0,0.0,0.0,1.0
20,45,7.492504812228056,1.8317665924936264,1.0,1.0,0.0,0.0,0.0,1.0
21,45,11.82560127475106,9.220102366829398,0.0,0.0,1.0,1.0,1.0,0.0
22,45,3.331159381051305,10.960520184065148,0.0,1.0,1.0,0.0,0.0,1.0
23,45,4.684259286373244,11.014872520866584,1.0,0.0,0.0,0.0,1.0,1.0
24,45,0.2050082724676251,11.168915836950838,1.0,1.0,0.0,0.0,0.0,0.0
25,45,10.452571095107578,0.1111559771269419,1.0,0.0,0.0,0.0,0.0,0.0
26,45,7.7272056619403156,0.527754798395666,1.0,0.0,0.0,0.0,0.0,0.0
27,45,3.7772924508898265,5.168259071264852,0.0,1.0,0.0,0.0,1.0,0.0
28,45,12.0,1.946803274802103,0.0,0.0,0.0,1.0,0.0,1.0
29,45,11.94745821397081,3.234546062735078,1.0,1.0,1.0,0.0,0.0,0.0
30,45,4.957771833658738,5.745196151810583,1.0,1.0,0.0,1.0,0.0,0.0
31,45,9.95710668244904,10.75254098598448,0.0,0.0,0.0,0.0,0.0,1.0
32,45,10.457624211438384,5.913577235458089,0.0,0.0,0.0,0.0,0.0,0.0
33,45,0.9495177048146332,3.5122763781109696,1.0,0.0,1.0,1.0,1.0,0.0
34,45,5.180898837261505,0.5712225381153088,0.0,1.0,0.0,0.0,0.0,1.0
35,45,10.40502929248976,2.8479173246413616,0.0,0.0,1.0,1.0,0.0,1.0
36,45,6.981076744199386,6.576283335498094,1.0,0.0,0.0,0.0,1.0,1.0
37,45,8.48490527067492,1.4440885423491212,0.0,0.0,1.0,1.0,0.0,0.0
38,45,8.383971662525576,3.0338747048276167,1.0,0.0,1.0,0.0,0.0,1.0
39,45,11.201360412196063,2.360556532349113,0.0,1.0,0.0,0.0,0.0,1.0
0,50,10.654334607331146,12.0,0.0,1.0,1.0,0.0,0.0,0.0
1,50,10.327817827663324,3.4231796523977627,1.0,0.0,1.0,0.0,0.0,0.0
2,50,10.787872181416589,10.2130611339659,1.0,1.0,0.0,1.0,1.0,0.0
3,50,7.945644428406128,9.66394224688428,1.0,0.0,0.0,1.0,0.0,0.0
4,50,1.8505456356014789,11.772125073149985,1.0,0.0,0.0,0.0,1.0,1.0
5,50,6.813135500874203,5.496559980861187,0.0,1.0,0.0,0.0,1.0,0.0
6,50,7.744044867237074,11.862351108449266,1.0,0.0,1.0,0.0,1.0,1.0
7,50,10.981535456053155,7.928943374112254,0.0,0.0,1.0,1.0,0.0,0.0
8,50,4.35581452250997,0.9449165084675644,1.0,0.0,0.0,1.0,1.0,1.0
9,50,0.0035564047919899,6.038105635667455,0.0,0.0,1.0,0.0,0.0,1.0
10,50,3.029330749826229,0.8183812022302942,0.0,0.0,0.0,0.0,0.0,1.0
11,50,0.8920877084844523,8.090450467640492,0.0,1.0,0.0,1.0,0.0,0.0
12,50,6.381724141587768,2.4560783173004355,0.0,0.0,1.0,0.0,1.0,0.0
13,50,10.616913780390576,7.027958756451636,0.0,1.0,0.0,0.0,0.0,0.0
14,50,9.486748559931328,3.7908884032092303,0.0,0.0,0.0,0.0,0.0,1.0
15,50,6.165151579305956,6.482761527650984,1.0,1.0,1.0,0.0,1.0,0.0
16,50,8.724808121505184,7.613728144601223,0.0,0.0,0.0,0.0,1.0,0.0
17,50,10.640205328651854,6.466468808075155,0.0,1.0,1.0,0.0,0.0,0.0
18,50,5.82571054545584,4.734489314667454,0.0,1.0,1.0,0.0,1.0,0.0
19,50,0.9770940525052504,4.1678140599770925,0.0,0.0,1.0,0.0,0.0,1.0
20,50,7.559183331175631,1.8036933359781104,1.0,1.0,0.0,0.0,0.0,1.0
21,50,11.826750415229103,9.224246857397173,0.0,0.0,1.0,1.0,1.0,0.0
22,50,3.3217685977803515,10.961136175562263,0.0,1.0,1.0,0.0,0.0,1.0
23,50,4.782213378084744,11.01577194887133,1.0,0.0,0.0,0.0,1.0,1.0
24,50,0.2680950105373277,11.156160590987314,1.0,1.0,0.0,0.0,0.0,0.0
25,50,10.49915104675267,0.1242220230743237,1.0,0.0,0.0,0.0,0.0,0.0
26,50,7.780373173996231,0.4922087532782933,1.0,0.0,0.0,0.0,0.0,0.0
27,50,3.7599810194326033,5.181605064362636,0.0,1.0,0.0,0.0,1.0,0.0
28,50,12.0,1.9320218083131493,0.0,0.0,0.0,1.0,0.0,1.0
29,50,11.939234924721536,3.1462622788368586,1.0,1.0,1.0,0.0,0.0,0.0
30,50,4.952175257682366,5.71032858390376,1.0,1.0,0.0,1.0,0.0,0.0
31,50,9.956952352461432,10.751582724071916,0.0,0.0,0.0,0.0,0.0,1.0
32,50,10.395439727296608,5.906093447549868,0.0,0.0,0.0,0.0,0.0,0.0
33,50,0.8014805603637917,3.44231041844699,1.0,0.0,1.0,1.0,1.0,0.0
34,50,5.200826825037044,0.5214511431661522,0.0,1.0,0.0,0.0,0.0,1.0
35,50,10.37036148347948,2.8380163675053347,0.0,0.0,1.0,1.0,0.0,1.0
36,50,6.979944278133351,6.553187647687039,1.0,0.0,0.0,0.0,1.0,1.0
37,50,8.546086679246814,1.375811473109136,0.0,0.0,1.0,1.0,0.0,0.0
38,50,8.331701111808567,3.035507904943716,1.0,0.0,1.0,0.0,0.0,1.0
39,50,11.10230938597867,2.4158823886764,0.0,1.0,0.0,0.0,0.0,1.0
0,55,10.71083100114193,12.0,0.0,1.0,1.0,0.0,0.0,0.0
1,55,10.388481005867645,3.509516106291373,1.0,0.0,1.0,0.0,0.0,0.0
2,55,10.767423215893954,10.233602682233675,1.0,1.0,0.0,1.0,1.0,0.0
3,55,7.946446333869225,9.670858566023968,1.0,0.0,0.0,1.0,0.0,0.0
4,55,1.8284390064033704,11.7373528865527,1.0,0.0,0.0,0.0,1.0,1.0
5,55,6.7965023270045135,5.450191337354087,0.0,1.0,0.0,0.0,1.0,0.0
6,55,7.812809938942844,11.944625656895916,1.0,0.0,1.0,0.0,1.0,1.0
7,55,10.982940382690344,7.958407636065206,0.0,0.0,1.0,1.0,0.0,0.0
8,55,4.307325770496838,0.9405555918682394,1.0,0.0,0.0,1.0,1.0,1.0
9,55,0.0,6.046709438059065,0.0,0.0,1.0,0.0,0.0,1.0
10,55,3.04566162511284,0.7133399777255288,0.0,0.0,0.0,0.0,0.0,1.0
11,55,0.8895358626981562,8.092496591313118,0.0,1.0,0.0,1.0,0.0,0.0
12,55,6.4415101877792615,2.372492597345547,0.0,0.0,1.0,0.0,1.0,0.0
13,55,10.697291426324524,7.029998057596928,0.0,1.0,0.0,0.0,0.0,0.0
14,55,9.47225278191648,3.815286756272161,0.0,0.0,0.0,0.0,0.0,1.0
15,55,6.115800383690811,6.4528706752084295,1.0,1.0,1.0,0.0,1.0,0.0
16,55,8.685868250562825,7.435767630403893,0.0,0.0,0.0,0.0,1.0,0.0
17,55,10.674962107847955,6.489230581844665,0.0,1.0,1.0,0.0,0.0,0.0
18,55,5.837112890884352,4.750336605191916,0.0,1.0,1.0,0.0,1.0,0.0
19,55,0.977229805536826,4.121497329921046,0.0,0.0,1.0,0.0,0.0,1.0
20,55,7.642129870969686,1.7703551357780527,1.0,1.0,0.0,0.0,0.0,1.0
21,55,11.828851407947385,9.231516288375325,0.0,0.0,1.0,1.0,1.0,0.0
22,55,3.3099326574693606,10.96206254905474,0.0,1.0,1.0,0.0,0.0,1.0
23,55,4.847134736552366,11.016491392137809,1.0,0.0,0.0,0.0,1.0,1.0
24,55,0.3431689989950636,11.141736343798298,1.0,1.0,0.0,0.0,0.0,0.0
25,55,10.54414882835945,0.1358737329535857,1.0,0.0,0.0,0.0,0.0,0.0
26,55,7.848803166173954,0.4494969868115789,1.0,0.0,0.0,0.0,0.0,0.0
27,55,3.746647412182591,5.191351704419242,0.0,1.0,0.0,0.0,1.0,0.0
28,55,12.0,1.92152865022261,0.0,0.0,0.0,1.0,0.0,1.0
29,55,11.931410061231563,3.065603787194278,1.0,1.0,1.0,0.0,0.0,0.0
30,55,4.946892626780564,5.6777294107160445,1.0,1.0,0.0,1.0,0.0,0.0
31,55,9.955480862142174,10.742553224151614,0.0,0.0,0.0,0.0,0.0,1.0
32,55,10.3125788812771,5.8949866904010015,0.0,0.0,0.0,0.0,0.0,0.0
33,55,0.6595627139219851,3.376152640903779,1.0,0.0,1.0,1.0,1.0,0.0
34,55,5.210418638445367,0.4969523282616599,0.0,1.0,0.0,0.0,0.0,1.0
35,55,10.344125961958712,2.83067044109071,0.0,0.0,1.0,1.0,0.0,1.0
36,55,6.977883165014157,6.515622365376975,1.0,0.0,0.0,0.0,1.0,1.0
37,55,8.617053122368644,1.295815576547971,0.0,0.0,1.0,1.0,0.0,0.0
38,55,8.272513963389391,3.037877394998699,1.0,0.0,1.0,0.0,0.0,1.0
39,55,11.020833288231907,2.464612922900162,0.0,1.0,0.0,0.0,0.0,1.0
0,60,10.761179760889336,12.0,0.0,1.0,1.0,0.0,0.0,0.0
1,60,10.453107119488749,3.601625538583295,1.0,0.0,1.0,0.0,0.0,0.0
2,60,10.74152868446215,10.260078307082711,1.0,1.0,0.0,1.0,1.0,0.0
3,60,7.946042776138757,9.667700655813638,1.0,0.0,0.0,1.0,0.0,0.0
4,60,1.80209270506776,11.698160784218876,1.0,0.0,0.0,0.0,1.0,1.0
5,60,6.777367675402317,5.395569809827477,0.0,1.0,0.0,0.0,1.0,0.0
6,60,7.891373080250518,12.0,1.0,0.0,1.0,0.0,1.0,1.0
7,60,10.983825569930678,7.988947651108826,0.0,0.0,1.0,1.0,0.0,0.0
8,60,4.247337169110498,0.9350272754586912,1.0,0.0,0.0,1.0,1.0,1.0
9,60,0.0,6.053477842811009,0.0,0.0,1.0,0.0,0.0,1.0
10,60,3.062811902652801,0.6239657481866567,0.0,0.0,0.0,0.0,0.0,1.0
11,60,0.8779241871131448,8.101899400503372,0.0,1.0,0.0,1.0,0.0,0.0
12,60,6.498250911198219,2.294248901081435,0.0,0.0,1.0,0.0,1.0,0.0
13,60,10.770846163745755,7.033241511712138,0.0,1.0,0.0,0.0,0.0,0.0
14,60,9.46390515508378,3.829181530041563,0.0,0.0,0.0,0.0,0.0,1.0
15,60,6.049167195904962,6.413213375918013,1.0,1.0,1.0,0.0,1.0,0.0
16,60,8.651932442078971,7.267232522874583,0.0,0.0,0.0,0.0,1.0,0.0
17,60,10.717712055823588,6.518568486821321,0.0,1.0,1.0,0.0,0.0,0.0
18,60,5.857951783878743,4.781239831934229,0.0,1.0,1.0,0.0,1.0,0.0
19,60,0.9782588365253644,4.072931322533104,0.0,0.0,1.0,0.0,0.0,1.0
20,60,7.734220284538628,1.7334152134729306,1.0,1.0,0.0,0.0,0.0,1.0
21,60,11.829379027515342,9.233562269398666,0.0,0.0,1.0,1.0,1.0,0.0
22,60,3.309930691843207,10.962040313667872,0.0,1.0,1.0,0.0,0.0,1.0
23,60,4.924067398667821,11.015546311757962,1.0,0.0,0.0,0.0,1.0,1.0
24,60,0.4221822010154584,11.124042841892292,1.0,1.0,0.0,0.0,0.0,0.0
25,60,10.59296775426196,0.1497978772880458,1.0,0.0,0.0,0.0,0.0,0.0
26,60,7.90749223183694,0.4107919407611556,1.0,0.0,0.0,0.0,0.0,0.0
27,60,3.7354975711917295,5.199654598251161,0.0,1.0,0.0,0.0,1.0,0.0
28,60,12.0,1.9157638765853493,0.0,0.0,0.0,1.0,0.0,1.0
29,60,11.924124675983707,2.991920837426391,1.0,1.0,1.0,0.0,0.0,0.0
30,60,4.94111659446621,5.640342426382586,1.0,1.0,0.0,1.0,0.0,0.0
31,60,9.954523659228066,10.736174836401478,0.0,0.0,0.0,0.0,0.0,1.0
32,60,10.199423154324313,5.879876755165499,0.0,0.0,0.0,0.0,0.0,0.0
33,60,0.5374221463179925,3.3177112003058657,1.0,0.0,1.0,1.0,1.0,0.0
34,60,5.214822038854253,0.4851916899399701,0.0,1.0,0.0,0.0,0.0,1.0
35,60,10.318019346658517,2.8233243665739445,0.0,0.0,1.0,1.0,0.0,1.0
36,60,6.973835982017924,6.465010759936349,1.0,0.0,0.0,0.0,1.0,1.0
37,60,8.679941606884919,1.227908326073643,0.0,0.0,1.0,1.0,0.0,0.0
38,60,8.230711692495436,3.0398547147459567,1.0,0.0,1.0,0.0,0.0,1.0
39,60,10.944888479516363,2.5100053561247075,0.0,1.0,0.0,0.0,0.0,1.0
0,65,10.827668162712486,12.0,0.0,1.0,1.0,0.0,0.0,0.0
1,65,10.530297239030222,3.7152616005867207,1.0,0.0,1.0,0.0,0.0,0.0
2,65,10.706783331933254,10.294440635304513,1.0,1.0,0.0,1.0,1.0,0.0
3,65,7.945571301617202,9.66405015817994,1.0,0.0,0.0,1.0,0.0,0.0
4,65,1.7780191449244107,11.663697510814377,1.0,0.0,0.0,0.0,1.0,1.0
5,65,6.756633982918106,5.337075664951849,0.0,1.0,0.0,0.0,1.0,0.0
6,65,7.9742839025978975,12.0,1.0,0.0,1.0,0.0,1.0,1.0
7,65,10.984126248031703,7.999283008897813,0.0,0.0,1.0,1.0,0.0,0.0
8,65,4.1526997729008,0.9266068989471676,1.0,0.0,0.0,1.0,1.0,1.0
9,65,0.0,6.0617569561923546,0.0,0.0,1.0,0.0,0.0,1.0
10,65,3.075161720061017,0.5536193448313383,0.0,0.0,0.0,0.0,0.0,1.0
11,65,0.8817005163908219,8.098828223799002,0.0,1.0,0.0,1.0,0.0,0.0
12,65,6.553751550625735,2.218525016937716,0.0,0.0,1.0,0.0,1.0,0.0
13,65,10.819395873232724,7.035475782299609,0.0,1.0,0.0,0.0,0.0,0.0
14,65,9.450352661653246,3.8521357262433424,0.0,0.0,0.0,0.0,0.0,1.0
15,65,5.995643707734571,6.382688769348872,1.0,1.0,1.0,0.0,1.0,0.0
16,65,8.615592942690176,7.089307795453624,0.0,0.0,0.0,0.0,1.0,0.0
17,65,10.771039563173163,6.553852869163468,0.0,1.0,1.0,0.0,0.0,0.0
18,65,5.882648844094649,4.818242623394554,0.0,1.0,1.0,0.0,1.0,0.0
19,65,0.980895685896094,4.01347986056935,0.0,0.0,1.0,0.0,0.0,1.0
20,65,7.827773908351278,1.698172510561369,1.0,1.0,0.0,0.0,0.0,1.0
21,65,11.826980948897717,9.225010903766242,0.0,0.0,1.0,1.0,1.0,0.0
22,65,3.30980482124929,10.960722555251078,0.0,1.0,1.0,0.0,0.0,1.0
23,65,4.987481112116093,11.015745285819056,1.0,0.0,0.0,0.0,1.0,1.0
24,65,0.438824745372574,11.19578588104245,1.0,1.0,0.0,0.0,0.0,0.0
25,65,10.661903436070732,0.1710874938703435,1.0,0.0,0.0,0.0,0.0,0.0
26,65,7.970631237923602,0.3684919947353915,1.0,0.0,0.0,0.0,0.0,0.0
27,65,3.7232428373019646,5.182963104720305,0.0,1.0,0.0,0.0,1.0,0.0
28,65,12.0,1.912504681216108,0.0,0.0,0.0,1.0,0.0,1.0
29,65,11.91822459519031,2.9240859601232305,1.0,1.0,1.0,0.0,0.0,0.0
30,65,4.933425438401257,5.596666201697923,1.0,1.0,0.0,1.0,0.0,0.0
31,65,9.954274041641163,10.734534952463244,0.0,0.0,0.0,0.0,0.0,1.0
32,65,10.097963478485015,5.866069489143005,0.0,0.0,0.0,0.0,0.0,0.0
33,65,0.4404846836740923,3.2756992978977832,1.0,0.0,1.0,1.0,1.0,0.0
34,65,5.217457492510457,0.4770212272344125,0.0,1.0,0.0,0.0,0.0,1.0
35,65,10.280794381651486,2.8131887551711263,0.0,0.0,1.0,1.0,0.0,1.0
36,65,6.970245941018962,6.429857726678544,1.0,0.0,0.0,0.0,1.0,1.0
37,65,8.766949034327247,1.1316796340434585,0.0,0.0,1.0,1.0,0.0,0.0
38,65,8.200942758986162,3.042045925471258,1.0,0.0,1.0,0.0,0.0,1.0
39,65,10.872031549675834,2.552900288143917,0.0,1.0,0.0,0.0,0.0,1.0
0,70,10.903433598404057,12.0,0.0,1.0,1.0,0.0,0.0,0.0
1,70,10.602826327259274,3.819707366005855,1.0,0.0,1.0,0.0,0.0,0.0
2,70,10.672944962368446,10.328830647940933,1.0,1.0,0.0,1.0,1.0,0.0
3,70,7.950151828007194,9.701176627405095,1.0,0.0,0.0,1.0,0.0,0.0
4,70,1.7596863748617293,11.636206063687109,1.0,0.0,0.0,0.0,1.0,1.0
5,70,6.744684236689458,5.301846746742367,0.0,1.0,0.0,0.0,1.0,0.0
6,70,8.068853076102467,12.0,1.0,0.0,1.0,0.0,1.0,1.0
7,70,10.984482847531991,8.019758059094935,0.0,0.0,1.0,1.0,0.0,0.0
8,70,4.056707270236402,0.915007369322032,1.0,0.0,0.0,1.0,1.0,1.0
9,70,0.0,6.067145085755933,0.0,0.0,1.0,0.0,0.0,1.0
10,70,3.0933245135502907,0.4610936101315546,0.0,0.0,0.0,0.0,0.0,1.0
11,70,0.8826925709431804,8.097989477834723,0.0,1.0,0.0,1.0,0.0,0.0
12,70,6.604516163171135,2.1451527758805224,0.0,0.0,1.0,0.0,1.0,0.0
13,70,10.886971154512334,7.040361407276757,0.0,1.0,0.0,0.0,0.0,0.0
14,70,9.433399382426764,3.880548328179216,0.0,0.0,0.0,0.0,0.0,1.0
15,70,5.944503319874004,6.352615734541335,1.0,1.0,1.0,0.0,1.0,0.0
16,70,8.588607050406825,6.929594513506647,0.0,0.0,0.0,0.0,1.0,0.0
17,70,10.825622829175614,6.590959297236358,0.0,1.0,1.0,0.0,0.0,0.0
18,70,5.904422510110635,4.849108344403653,0.0,1.0,1.0,0.0,1.0,0.0
19,70,0.9848155469054884,3.956814848101547,0.0,0.0,1.0,0.0,0.0,1.0
20,70,7.940058093031617,1.6570842899070786,1.0,1.0,0.0,0.0,0.0,1.0
21,70,11.823944177073122,9.213494833652437,0.0,0.0,1.0,1.0,1.0,0.0
22,70,3.306524016275984,10.93159270036591,0.0,1.0,1.0,0.0,0.0,1.0
23,70,5.039224529562689,11.01605359161087,1.0,0.0,0.0,0.0,1.0,1.0
24,70,0.4557223764033591,11.27070711774095,1.0,1.0,0.0,0.0,0.0,0.0
25,70,10.74071408961969,0.1967574811617971,1.0,0.0,0.0,0.0,0.0,0.0
26,70,8.030144124171393,0.3297632055297583,1.0,0.0,0.0,0.0,0.0,0.0
27,70,3.717460781705606,5.174822548867812,0.0,1.0,0.0,0.0,1.0,0.0
28,70,12.0,1.908875376982994,0.0,0.0,0.0,1.0,0.0,1.0
29,70,11.910572396168623,2.8414745596654307,1.0,1.0,1.0,0.0,0.0,0.0
30,70,4.924403589517643,5.542321729124166,1.0,1.0,0.0,1.0,0.0,0.0
31,70,9.95385950721514,10.732315343158874,0.0,0.0,0.0,0.0,0.0,1.0
32,70,9.988305456483005,5.85224257573605,0.0,0.0,0.0,0.0,0.0,0.0
33,70,0.3110814408540416,3.2204656122375845,1.0,0.0,1.0,1.0,1.0,0.0
34,70,5.2183281358649,0.4741563078371158,0.0,1.0,0.0,0.0,0.0,1.0
35,70,10.252560662867843,2.8048548580716943,0.0,0.0,1.0,1.0,0.0,1.0
36,70,6.968700935550455,6.41142185249066,1.0,0.0,0.0,0.0,1.0,1.0
37,70,8.840045997371153,1.0506306697571688,0.0,0.0,1.0,1.0,0.0,0.0
38,70,8.176807879732655,3.0438517398141065,1.0,0.0,1.0,0.0,0.0,1.0
39,70,10.79298668932883,2.598030665067083,0.0,1.0,0.0,0.0,0.0,1.0
0,75,10.987513581484349,12.0,0.0,1.0,1.0,0.0,0.0,0.0
1,75,10.67163935718494,3.922147897050658,1.0,0.0,1.0,0.0,0.0,0.0
2,75,10.643999589130306,10.357118634092888,1.0,1.0,0.0,1.0,1.0,0.0
3,75,7.953131149574886,9.725034379842048,1.0,0.0,0.0,1.0,0.0,0.0
4,75,1.745358454845826,11.615669649653569,1.0,0.0,0.0,0.0,1.0,1.0
5,75,6.727640026498125,5.248242907060888,0.0,1.0,0.0,0.0,1.0,0.0
6,75,8.166707758327478,12.0,1.0,0.0,1.0,0.0,1.0,1.0
7,75,10.984787538471494,8.051401968775895,0.0,0.0,1.0,1.0,0.0,0.0
8,75,3.975133760949662,0.9053816457624462,1.0,0.0,0.0,1.0,1.0,1.0
9,75,0.0,6.071903344577433,0.0,0.0,1.0,0.0,0.0,1.0
10,75,3.1138537154197463,0.3624111389166635,0.0,0.0,0.0,0.0,0.0,1.0
11,75,0.8598238419339869,8.117781049966254,0.0,1.0,0.0,1.0,0.0,0.0
12,75,6.650799096561678,2.076126551509117,0.0,0.0,1.0,0.0,1.0,0.0
13,75,10.92900650120954,7.043799091893723,0.0,1.0,0.0,0.0,0.0,0.0
14,75,9.417858507493648,3.905993266339896,0.0,0.0,0.0,0.0,0.0,1.0
15,75,5.865295645610335,6.304604332111433,1.0,1.0,1.0,0.0,1.0,0.0
16,75,8.560503143179268,6.762617335720113,0.0,0.0,0.0,0.0,1.0,0.0
17,75,10.870002246519505,6.620089713469796,0.0,1.0,1.0,0.0,0.0,0.0
18,75,5.933305336805363,4.891283149608431,0.0,1.0,1.0,0.0,1.0,0.0
19,75,0.9891177940873432,3.893662377838524,0.0,0.0,1.0,0.0,0.0,1.0
20,75,8.03038132246321,1.6220875885309112,1.0,1.0,0.0,0.0,0.0,1.0
21,75,11.82045094602305,9.197537397329958,0.0,0.0,1.0,1.0,1.0,0.0
22,75,3.3030995269865397,10.907164461891991,0.0,1.0,1.0,0.0,0.0,1.0
23,75,5.093180880799112,11.016354872243523,1.0,0.0,0.0,0.0,1.0,1.0
24,75,0.4716036394587405,11.350851454708202,1.0,1.0,0.0,0.0,0.0,0.0
25,75,10.812061629887992,0.2208598455918768,1.0,0.0,0.0,0.0,0.0,0.0
26,75,8.088358080930815,0.2905112981492115,1.0,0.0,0.0,0.0,0.0,0.0
27,75,3.704895213897154,5.1576316554476005,0.0,1.0,0.0,0.0,1.0,0.0
28,75,12.0,1.9024756095741973,0.0,0.0,0.0,1.0,0.0,1.0
29,75,11.902363969744371,2.781575862996477,1.0,1.0,1.0,0.0,0.0,0.0
30,75,4.913888396210762,5.49022965563985,1.0,1.0,0.0,1.0,0.0,0.0
31,75,9.955473387567894,10.741983224138464,0.0,0.0,0.0,0.0,0.0,1.0
32,75,9.8585757915445,5.835069103988296,0.0,0.0,0.0,0.0,0.0,0.0
33,75,0.1925776107873958,3.165733930441526,1.0,0.0,1.0,1.0,1.0,0.0
34,75,5.221202265084751,0.4652447810988264,0.0,1.0,0.0,0.0,0.0,1.0
35,75,10.242900741773704,2.801818254469423,0.0,0.0,1.0,1.0,0.0,1.0
36,75,6.967802785922653,6.401563686110728,1.0,0.0,0.0,0.0,1.0,1.0
37,75,8.899014751091096,0.9849377148836188,0.0,0.0,1.0,1.0,0.0,0.0
38,75,8.142127571378921,3.0463810683833787,1.0,0.0,1.0,0.0,0.0,1.0
39,75,10.710452477198444,2.6449464980388733,0.0,1.0,0.0,0.0,0.0,1.0
0,80,11.07860019613785,12.0,0.0,1.0,1.0,0.0,0.0,0.0
1,80,10.74350182416885,4.03287820004326,1.0,0.0,1.0,0.0,0.0,0.0
2,80,10.609549015469415,10.391760021935136,1.0,1.0,0.0,1.0,1.0,0.0
3,80,7.955611045075275,9.744716028275285,1.0,0.0,0.0,1.0,0.0,0.0
4,80,1.7192998095538554,11.577426683975265,1.0,0.0,0.0,0.0,1.0,1.0
5,80,6.710609218675463,5.197883772575371,0.0,1.0,0.0,0.0,1.0,0.0
6,80,8.26740167326136,12.0,1.0,0.0,1.0,0.0,1.0,1.0
7,80,10.984781998525351,8.050051319660497,0.0,0.0,1.0,1.0,0.0,0.0
8,80,3.898033026843148,0.895361527514333,1.0,0.0,0.0,1.0,1.0,1.0
9,80,0.0,6.074075624182165,0.0,0.0,1.0,0.0,0.0,1.0
10,80,3.133010266620097,0.2603581952810183,0.0,0.0,0.0,0.0,0.0,1.0
11,80,0.8472522069603247,8.12848496140811,0.0,1.0,0.0,1.0,0.0,0.0
12,80,6.698737601888712,2.0032547767159663,0.0,0.0,1.0,0.0,1.0,0.0
13,80,10.952492947075958,7.045351399159849,0.0,1.0,0.0,0.0,0.0,0.0
14,80,9.395121646616046,3.942585626528975,0.0,0.0,0.0,0.0,0.0,1.0
15,80,5.788194703615567,6.257146431842153,1.0,1.0,1.0,0.0,1.0,0.0
16,80,8.535669924079698,6.60920604658287,0.0,0.0,0.0,0.0,1.0,0.0
17,80,10.925025220504072,6.6575285667302255,0.0,1.0,1.0,0.0,0.0,0.0
18,80,5.968282969380781,4.943218290475335,0.0,1.0,1.0,0.0,1.0,0.0
19,80,0.993469486092251,3.838305760357607,0.0,0.0,1.0,0.0,0.0,1.0
20,80,8.09710714514804,1.594229790206316,1.0,1.0,0.0,0.0,0.0,1.0
21,80,11.815247879257262,9.172391512713034,0.0,0.0,1.0,1.0,1.0,0.0
22,80,3.297173672624995,10.865057717599692,0.0,1.0,1.0,0.0,0.0,1.0
23,80,5.161778037534399,11.016097682484691,1.0,0.0,0.0,0.0,1.0,1.0
24,80,0.4869957137070801,11.429083317014747,1.0,1.0,0.0,0.0,0.0,0.0
25,80,10.875578722294293,0.2434528776843124,1.0,0.0,0.0,0.0,0.0,0.0
26,80,8.125218921946038,0.264691793019408,1.0,0.0,0.0,0.0,0.0,0.0
27,80,3.689891407790086,5.137357407456788,0.0,1.0,0.0,0.0,1.0,0.0
28,80,12.0,1.897315397947132,0.0,0.0,0.0,1.0,0.0,1.0
29,80,11.896887450385345,2.736053068058124,1.0,1.0,1.0,0.0,0.0,0.0
30,80,4.900142380841594,5.4277425857614965,1.0,1.0,0.0,1.0,0.0,0.0
31,80,9.95752643899173,10.753306201437317,0.0,0.0,0.0,0.0,0.0,1.0
32,80,9.736210983804783,5.820667872410963,0.0,0.0,0.0,0.0,0.0,0.0
33,80,0.0730702896661063,3.112364236906892,1.0,0.0,1.0,1.0,1.0,0.0
34,80,5.230606613800988,0.4361271870465972,0.0,1.0,0.0,0.0,0.0,1.0
35,80,10.217604319912434,2.793503624677809,0.0,0.0,1.0,1.0,0.0,1.0
36,80,6.966774809128079,6.384898780214607,1.0,0.0,0.0,0.0,1.0,1.0
37,80,8.94071052577003,0.9399421920501,0.0,0.0,1.0,1.0,0.0,0.0
38,80,8.1217219600249,3.0476623797421083,1.0,0.0,1.0,0.0,0.0,1.0
39,80,10.63586817390181,2.687036111341904,0.0,1.0,0.0,0.0,0.0,1.0
0,85,11.1744012320157,12.0,0.0,1.0,1.0,0.0,0.0,0.0
1,85,10.81166987015954,4.144490353073475,1.0,0.0,1.0,0.0,0.0,0.0
2,85,10.568594453561136,10.431530210592234,1.0,1.0,0.0,1.0,1.0,0.0
3,85,7.95797303536161,9.761527627386476,1.0,0.0,0.0,1.0,0.0,0.0
4,85,1.6841249573219603,11.527919790450156,1.0,0.0,0.0,0.0,1.0,1.0
5,85,6.698575002866869,5.162919870938588,0.0,1.0,0.0,0.0,1.0,0.0
6,85,8.355656807220432,12.0,1.0,0.0,1.0,0.0,1.0,1.0
7,85,10.984934892446825,8.059368436762517,0.0,0.0,1.0,1.0,0.0,0.0
8,85,3.797084265083429,0.8822055899669712,1.0,0.0,0.0,1.0,1.0,1.0
9,85,0.0,6.077174442849708,0.0,0.0,1.0,0.0,0.0,1.0
10,85,3.152947742951997,0.1474246668344868,0.0,0.0,0.0,0.0,0.0,1.0
11,85,0.8274978434240516,8.145472451430617,0.0,1.0,0.0,1.0,0.0,0.0
12,85,6.758533935479402,1.9125264704525569,0.0,0.0,1.0,0.0,1.0,0.0
13,85,10.97779673295094,7.04773617634714,0.0,1.0,0.0,0.0,0.0,0.0
14,85,9.364849897665207,3.9910085739217824,0.0,0.0,0.0,0.0,0.0,1.0
15,85,5.73581306736898,6.224090394680859,1.0,1.0,1.0,0.0,1.0,0.0
16,85,8.505214035519613,6.4388326590370815,0.0,0.0,0.0,0.0,1.0,0.0
17,85,10.995644995574352,6.70707311047348,0.0,1.0,1.0,0.0,0.0,0.0
18,85,6.02359764791489,5.021016503648899,0.0,1.0,1.0,0.0,1.0,0.0
19,85,0.9982219134273064,3.765536864669102,0.0,0.0,1.0,0.0,0.0,1.0
20,85,8.14757446136946,1.573116529632637,1.0,1.0,0.0,0.0,0.0,1.0
21,85,11.810011483898972,9.1461452847364,0.0,0.0,1.0,1.0,1.0,0.0
22,85,3.2905766030008428,10.820730440659348,0.0,1.0,1.0,0.0,0.0,1.0
23,85,5.220840349676629,11.016996207000078,1.0,0.0,0.0,0.0,1.0,1.0
24,85,0.4982233753087731,11.488732141463853,1.0,1.0,0.0,0.0,0.0,0.0
25,85,10.952948384024811,0.2730809714044905,1.0,0.0,0.0,0.0,0.0,0.0
26,85,8.164281079392767,0.2366470777174018,1.0,0.0,0.0,0.0,0.0,0.0
27,85,3.676691293447056,5.1193936113438,0.0,1.0,0.0,0.0,1.0,0.0
28,85,12.0,1.892255558523066,0.0,0.0,0.0,1.0,0.0,1.0
29,85,11.892095264739073,2.695438055026205,1.0,1.0,1.0,0.0,0.0,0.0
30,85,4.882845160712349,5.348189365099572,1.0,1.0,0.0,1.0,0.0,0.0
31,85,9.956308464848815,10.746584514290175,0.0,0.0,0.0,0.0,0.0,1.0
32,85,9.623185930576124,5.812521426162527,0.0,0.0,0.0,0.0,0.0,0.0
33,85,0.0,3.069346322528168,1.0,0.0,1.0,1.0,1.0,0.0
34,85,5.239895940642081,0.4065482336324932,0.0,1.0,0.0,0.0,0.0,1.0
35,85,10.190256534638095,2.785720109327309,0.0,0.0,1.0,1.0,0.0,1.0
36,85,6.966909290579077,6.392659955312147,1.0,0.0,0.0,0.0,1.0,1.0
37,85,8.977080332428693,0.8994321816845219,0.0,0.0,1.0,1.0,0.0,0.0
38,85,8.105559435258876,3.048685654260703,1.0,0.0,1.0,0.0,0.0,1.0
39,85,10.564128576907857,2.725212234498347,0.0,1.0,0.0,0.0,0.0,1.0
0,90,11.281261446636488,12.0,0.0,1.0,1.0,0.0,0.0,0.0
1,90,10.89142145019829,4.276201581967072,1.0,0.0,1.0,0.0,0.0,0.0
2,90,10.54835159121823,10.45179530401774,1.0,1.0,0.0,1.0,1.0,0.0
3,90,7.958531738736808,9.765350183878772,1.0,0.0,0.0,1.0,0.0,0.0
4,90,1.6484260891565783,11.47956408170626,1.0,0.0,0.0,0.0,1.0,1.0
5,90,6.688339906556279,5.132857854561561,0.0,1.0,0.0,0.0,1.0,0.0
6,90,8.435201699400237,12.0,1.0,0.0,1.0,0.0,1.0,1.0
7,90,10.984933814899223,8.059506802239408,0.0,0.0,1.0,1.0,0.0,0.0
8,90,3.707800412317437,0.8706852414859257,1.0,0.0,0.0,1.0,1.0,1.0
9,90,0.0,6.0822946540047225,0.0,0.0,1.0,0.0,0.0,1.0
10,90,3.1728135312879333,0.0377053251198329,0.0,0.0,0.0,0.0,0.0,1.0
11,90,0.8067051409644844,8.164054098246787,0.0,1.0,0.0,1.0,0.0,0.0
12,90,6.822515225507732,1.8183498289764537,0.0,0.0,1.0,0.0,1.0,0.0
13,90,10.982147816773203,7.048155473191523,0.0,1.0,0.0,0.0,0.0,0.0
14,90,9.327615489368789,4.050735034045706,0.0,0.0,0.0,0.0,0.0,1.0
15,90,5.679811325998626,6.188218966950621,1.0,1.0,1.0,0.0,1.0,0.0
16,90,8.480027322348164,6.278289889595294,0.0,0.0,0.0,0.0,1.0,0.0
17,90,11.076519535060427,6.765945230755081,0.0,1.0,1.0,0.0,0.0,0.0
18,90,6.090723614368714,5.113544508204919,0.0,1.0,1.0,0.0,1.0,0.0
19,90,1.0010932057428934,3.695141212379297,0.0,0.0,1.0,0.0,0.0,1.0
20,90,8.198706914902349,1.550550637215503,1.0,1.0,0.0,0.0,0.0,1.0
21,90,11.804573180094366,9.121965244681368,0.0,0.0,1.0,1.0,1.0,0.0
22,90,3.280567554743491,10.759005101315587,0.0,1.0,1.0,0.0,0.0,1.0
23,90,5.271973940199063,11.017864181279071,1.0,0.0,0.0,0.0,1.0,1.0
24,90,0.5120807357725063,11.558405616361194,1.0,1.0,0.0,0.0,0.0,0.0
25,90,11.037484039706325,0.3055198408333902,1.0,0.0,0.0,0.0,0.0,0.0
26,90,8.190138440845018,0.2183714902556525,1.0,0.0,0.0,0.0,0.0,0.0
27,90,3.6726901902360334,5.113810773741026,0.0,1.0,0.0,0.0,1.0,0.0
28,90,12.0,1.8839757756815612,0.0,0.0,0.0,1.0,0.0,1.0
29,90,11.88419675377046,2.640758320299265,1.0,1.0,1.0,0.0,0.0,0.0
30,90,4.861396684316543,5.246291738866916,1.0,1.0,0.0,1.0,0.0,0.0
31,90,9.957584535083976,10.75378455948272,0.0,0.0,0.0,0.0,0.0,1.0
32,90,9.51559074250013,5.805885555648168,0.0,0.0,0.0,0.0,0.0,0.0
33,90,0.0,3.021800065345293,1.0,0.0,1.0,1.0,1.0,0.0
34,90,5.249713979492262,0.3760746150604155,0.0,1.0,0.0,0.0,0.0,1.0
35,90,10.157166923689518,2.7759149068595663,0.0,0.0,1.0,1.0,0.0,1.0
36,90,6.96693185273091,6.39379651032773,1.0,0.0,0.0,0.0,1.0,1.0
37,90,8.997180717545769,0.8765917018386048,0.0,0.0,1.0,1.0,0.0,0.0
38,90,8.052306263879734,3.051607719623157,1.0,0.0,1.0,0.0,0.0,1.0
39,90,10.490564335089209,2.763852107687292,0.0,1.0,0.0,0.0,0.0,1.0
0,95,11.392492790034598,12.0,0.0,1.0,1.0,0.0,0.0,0.0
1,95,10.981014567089462,4.424839840132296,1.0,0.0,1.0,0.0,0.0,0.0
2,95,10.50796906274544,10.490747654268777,1.0,1.0,0.0,1.0,1.0,0.0
3,95,7.964351125817487,9.820089798989107,1.0,0.0,0.0,1.0,0.0,0.0
4,95,1.6332485337384852,11.459355429826292,1.0,0.0,0.0,0.0,1.0,1.0
5,95,6.682717580772663,5.11636047897272,0.0,1.0,0.0,0.0,1.0,0.0
6,95,8.506046349152266,12.0,1.0,0.0,1.0,0.0,1.0,1.0
7,95,10.984769814902553,8.074935249547607,0.0,0.0,1.0,1.0,0.0,0.0
8,95,3.598946065700133,0.8564911251438403,1.0,0.0,0.0,1.0,1.0,1.0
9,95,0.0,6.090558382147337,0.0,0.0,1.0,0.0,0.0,1.0
10,95,3.1909585984320405,0.0,0.0,0.0,0.0,0.0,0.0,1.0
11,95,0.792444857999572,8.177601306863513,0.0,1.0,0.0,1.0,0.0,0.0
12,95,6.895320075714117,1.710058036110649,0.0,0.0,1.0,0.0,1.0,0.0
13,95,10.987251299665552,7.048730108227447,0.0,1.0,0.0,0.0,0.0,0.0
14,95,9.28828319199802,4.1115135984582105,0.0,0.0,0.0,0.0,0.0,1.0
15,95,5.633772353811236,6.158799669129276,1.0,1.0,1.0,0.0,1.0,0.0
16,95,8.453912553975655,6.112801424968136,0.0,0.0,0.0,0.0,1.0,0.0
17,95,11.163965574996938,6.8302154614085735,0.0,1.0,1.0,0.0,0.0,0.0
18,95,6.169253176332202,5.225685639571791,0.0,1.0,1.0,0.0,1.0,0.0
19,95,1.0025519045165474,3.6244795489764585,0.0,0.0,1.0,0.0,0.0,1.0
20,95,8.251098684907056,1.5287305479045887,1.0,1.0,0.0,0.0,0.0,1.0
21,95,11.802127147439078,9.111343334001273,0.0,0.0,1.0,1.0,1.0,0.0
22,95,3.2674970884620795,10.6792560174064,0.0,1.0,1.0,0.0,0.0,1.0
23,95,5.341530181162577,11.019923191885884,1.0,0.0,0.0,0.0,1.0,1.0
24,95,0.5261294762470892,11.625016871033658,1.0,1.0,0.0,0.0,0.0,0.0
25,95,11.10344451497767,0.3316884537495951,1.0,0.0,0.0,0.0,0.0,0.0
26,95,8.229973985882015,0.1887530342371188,1.0,0.0,0.0,0.0,0.0,0.0
27,95,3.657451932305725,5.091941778641072,0.0,1.0,0.0,0.0,1.0,0.0
28,95,12.0,1.88095255131534,0.0,0.0,0.0,1.0,0.0,1.0
29,95,11.874733672009874,2.578839920370784,1.0,1.0,1.0,0.0,0.0,0.0
30,95,4.84235957335831,5.142630664651115,1.0,1.0,0.0,1.0,0.0,0.0
31,95,9.958752479650682,10.759693839671192,0.0,0.0,0.0,0.0,0.0,1.0
32,95,9.392643584120917,5.799365419032886,0.0,0.0,0.0,0.0,0.0,0.0
33,95,0.0,2.9665448044941347,1.0,0.0,1.0,1.0,1.0,0.0
34,95,5.2629773809713285,0.3335328252702251,0.0,1.0,0.0,0.0,0.0,1.0
35,95,10.149872844781012,2.7738676329312835,0.0,0.0,1.0,1.0,0.0,1.0
36,95,6.966845649921613,6.384266661029975,1.0,0.0,0.0,0.0,1.0,1.0
37,95,9.024283685105708,0.8454859480570714,0.0,0.0,1.0,1.0,0.0,0.0
38,95,7.989618283942265,3.0525413472490395,1.0,0.0,1.0,0.0,0.0,1.0
39,95,10.419635016065367,2.799361320042448,0.0,1.0,0.0,0.0,0.0,1.0
0,100,11.501524637671656,12.0,0.0,1.0,1.0,0.0,0.0,0.0
1,100,11.057197601951636,4.548476221265354,1.0,0.0,1.0,0.0,0.0,0.0
2,100,10.478149173374796,10.51957019857092,1.0,1.0,0.0,1.0,1.0,0.0
3,100,7.969044708171859,9.865508290575658,1.0,0.0,0.0,1.0,0.0,0.0
4,100,1.6206327554280449,11.44220350012012,1.0,0.0,0.0,0.0,1.0,1.0
5,100,6.674579412496501,5.093656768063574,0.0,1.0,0.0,0.0,1.0,0.0
6,100,8.57250444125841,12.0,1.0,0.0,1.0,0.0,1.0,1.0
7,100,10.98467106608877,8.101522460369184,0.0,0.0,1.0,1.0,0.0,0.0
8,100,3.4598056950242926,0.838004442391851,1.0,0.0,0.0,1.0,1.0,1.0
9,100,0.0,6.101165319071879,0.0,0.0,1.0,0.0,0.0,1.0
10,100,3.212461050646107,0.0,0.0,0.0,0.0,0.0,0.0,1.0
11,100,0.7833460089899456,8.186442019178681,0.0,1.0,0.0,1.0,0.0,0.0
12,100,6.970165147593815,1.5993295395939848,0.0,0.0,1.0,0.0,1.0,0.0
13,100,10.990786963657726,7.049176950765216,0.0,1.0,0.0,0.0,0.0,0.0
14,100,9.230565971142978,4.1997794583035,0.0,0.0,0.0,0.0,0.0,1.0
15,100,5.5831831074181135,6.125012103894359,1.0,1.0,1.0,0.0,1.0,0.0
16,100,8.430505911924257,5.948164576894089,0.0,0.0,0.0,0.0,1.0,0.0
17,100,11.247962574007769,6.892304996642713,0.0,1.0,1.0,0.0,0.0,0.0
18,100,6.251038315049195,5.341130693937214,0.0,1.0,1.0,0.0,1.0,0.0
19,100,1.004789002834499,3.5717427206136607,0.0,0.0,1.0,0.0,0.0,1.0
20,100,8.296174545256763,1.5103028428901188,1.0,1.0,0.0,0.0,0.0,1.0
21,100,11.803288647673616,9.11597259366838,0.0,0.0,1.0,1.0,1.0,0.0
22,100,3.2559303546130733,10.60167664323726,0.0,1.0,1.0,0.0,0.0,1.0
23,100,5.41093742733467,11.021716072267548,1.0,0.0,0.0,0.0,1.0,1.0
24,100,0.5407090937049289,11.68981997563729,1.0,1.0,0.0,0.0,0.0,0.0
25,100,11.143544699068569,0.3482103979516562,1.0,0.0,0.0,0.0,0.0,0.0
26,100,8.268315414025661,0.160887649474768,1.0,0.0,0.0,0.0,0.0,0.0
27,100,3.630514370928345,5.052279525946328,0.0,1.0,0.0,0.0,1.0,0.0
28,100,12.0,1.8764038645660583,0.0,0.0,0.0,1.0,0.0,1.0
29,100,11.858700594060732,2.4857375296873845,1.0,1.0,1.0,0.0,0.0,0.0
30,100,4.829240770978815,5.057490222491633,1.0,1.0,0.0,1.0,0.0,0.0
31,100,9.961227471387362,10.771880205919675,0.0,0.0,0.0,0.0,0.0,1.0
32,100,9.28260335649509,5.793170813941143,0.0,0.0,0.0,0.0,0.0,0.0
33,100,0.0,2.9087057310950764,1.0,0.0,1.0,1.0,1.0,0.0
34,100,5.272686048462445,0.3020117283250957,0.0,1.0,0.0,0.0,0.0,1.0
35,100,10.134708313063143,2.769470668265454,0.0,0.0,1.0,1.0,0.0,1.0
36,100,6.966411898471755,6.372827591503537,1.0,0.0,0.0,0.0,1.0,1.0
37,100,9.052486824767554,0.8132779390023017,0.0,0.0,1.0,1.0,0.0,0.0
38,100,7.93881078241506,3.053321046146091,1.0,0.0,1.0,0.0,0.0,1.0
39,100,10.35086645992671,2.833219803897626,0.0,1.0,0.0,0.0,0.0,1.0
0,105,11.615502478282426,12.0,0.0,1.0,1.0,0.0,0.0,0.0
1,105,11.151948740882236,4.704396458187064,1.0,0.0,1.0,0.0,0.0,0.0
2,105,10.448188357360689,10.54971140719062,1.0,1.0,0.0,1.0,1.0,0.0
3,105,7.976797409391376,9.937476718147195,1.0,0.0,0.0,1.0,0.0,0.0
4,105,1.6022396956208242,11.418071490843928,1.0,0.0,0.0,0.0,1.0,1.0
5,105,6.663234406549233,5.061302136448577,0.0,1.0,0.0,0.0,1.0,0.0
6,105,8.630505809739825,12.0,1.0,0.0,1.0,0.0,1.0,1.0
7,105,10.984678112761882,8.127727056561778,0.0,0.0,1.0,1.0,0.0,0.0
8,105,3.3293367488965058,0.8206120475042618,1.0,0.0,0.0,1.0,1.0,1.0
9,105,0.0,6.1130330041093455,0.0,0.0,1.0,0.0,0.0,1.0
10,105,3.231219691870681,0.0,0.0,0.0,0.0,0.0,0.0,1.0
11,105,0.7718557374180105,8.19766195010232,0.0,1.0,0.0,1.0,0.0,0.0
12,105,7.060524412216852,1.4725735535291804,0.0,0.0,1.0,0.0,1.0,0.0
13,105,10.977573761138387,7.047051874807154,0.0,1.0,0.0,0.0,0.0,0.0
14,105,9.32724090302518,4.263729859385879,0.0,0.0,0.0,0.0,0.0,1.0
15,105,5.548344504021352,6.102059729802529,1.0,1.0,1.0,0.0,1.0,0.0
16,105,8.40930386440961,5.779515651096461,0.0,0.0,0.0,0.0,1.0,0.0
17,105,11.332669726053837,6.95446683858019,0.0,1.0,1.0,0.0,0.0,0.0
18,105,6.323242492790648,5.439277849278617,0.0,1.0,1.0,0.0,1.0,0.0
19,105,1.006824976711533,3.523434582183357,0.0,0.0,1.0,0.0,0.0,1.0
20,105,8.314616201685588,1.5553626948029102,1.0,1.0,0.0,0.0,0.0,1.0
21,105,11.805614117160708,9.125018621762248,0.0,0.0,1.0,1.0,1.0,0.0
22,105,3.2442988438276115,10.5133782258188,0.0,1.0,1.0,0.0,0.0,1.0
23,105,5.485549017908247,11.024252441882856,1.0,0.0,0.0,0.0,1.0,1.0
24,105,0.5533176018799512,11.74360035905745,1.0,1.0,0.0,0.0,0.0,0.0
25,105,11.18137381444605,0.3638758252089824,1.0,0.0,0.0,0.0,0.0,0.0
26,105,8.316480453656885,0.126262309545921,1.0,0.0,0.0,0.0,0.0,0.0
27,105,3.605474541263842,5.014482722706226,0.0,1.0,0.0,0.0,1.0,0.0
28,105,12.0,1.8580664403142495,0.0,0.0,0.0,1.0,0.0,1.0
29,105,11.843311272185227,2.399614820418281,1.0,1.0,1.0,0.0,0.0,0.0
30,105,4.819650341408741,4.993386448766531,1.0,1.0,0.0,1.0,0.0,0.0
31,105,9.95951108610549,10.76350564151338,0.0,0.0,0.0,0.0,0.0,1.0
32,105,9.170015289459164,5.785433186574348,0.0,0.0,0.0,0.0,0.0,0.0
33,105,0.0,2.8503845924502365,1.0,0.0,1.0,1.0,1.0,0.0
34,105,5.282719898850961,0.2686422441911789,0.0,1.0,0.0,0.0,0.0,1.0
35,105,10.12596497203314,2.767020275704768,0.0,0.0,1.0,1.0,0.0,1.0
36,105,6.965705689323984,6.353727940341101,1.0,0.0,0.0,0.0,1.0,1.0
37,105,9.079523418338823,0.7843137010486307,0.0,0.0,1.0,1.0,0.0,0.0
38,105,7.864232137707014,3.0531593029548865,1.0,0.0,1.0,0.0,0.0,1.0
39,105,10.268017143214404,2.8753835977601203,0.0,1.0,0.0,0.0,0.0,1.0
0,110,11.709125758925149,12.0,0.0,1.0,1.0,0.0,0.0,0.0
1,110,11.2393410961987,4.852230998396334,1.0,0.0,1.0,0.0,0.0,0.0
2,110,10.431934398888895,10.5664459520182,1.0,1.0,0.0,1.0,1.0,0.0
3,110,7.986314758932994,10.026231654512618,1.0,0.0,0.0,1.0,0.0,0.0
4,110,1.5954007896596776,11.408916391381098,1.0,0.0,0.0,0.0,1.0,1.0
5,110,6.659400650516536,5.051033241193072,0.0,1.0,0.0,0.0,1.0,0.0
6,110,8.680321555216178,12.0,1.0,0.0,1.0,0.0,1.0,1.0
7,110,10.984845820435444,8.157182971023563,0.0,0.0,1.0,1.0,0.0,0.0
8,110,3.2063543343345,0.8029023495131625,1.0,0.0,0.0,1.0,1.0,1.0
9,110,0.0,6.120450082489121,0.0,0.0,1.0,0.0,0.0,1.0
10,110,3.250684264778381,0.0,0.0,0.0,0.0,0.0,0.0,1.0
11,110,0.7661495921374731,8.203007224492339,0.0,1.0,0.0,1.0,0.0,0.0
12,110,7.161722175665432,1.3281665757590484,0.0,0.0,1.0,0.0,1.0,0.0
13,110,10.968229434733288,7.0457995252271255,0.0,1.0,0.0,0.0,0.0,0.0
14,110,9.441785795195214,4.342337268999961,0.0,0.0,0.0,0.0,0.0,1.0
15,110,5.5294173358667695,6.089884499585413,1.0,1.0,1.0,0.0,1.0,0.0
16,110,8.393518515055671,5.6118577054435725,0.0,0.0,0.0,0.0,1.0,0.0
17,110,11.425911360540477,7.023799174346476,0.0,1.0,1.0,0.0,0.0,0.0
18,110,6.402699271556245,5.546832485490661,0.0,1.0,1.0,0.0,1.0,0.0
19,110,1.008347512254829,3.4852467279654893,0.0,0.0,1.0,0.0,0.0,1.0
20,110,8.338629976905189,1.6179545411790432,1.0,1.0,0.0,0.0,0.0,1.0
21,110,11.806113493464688,9.127135279274697,0.0,0.0,1.0,1.0,1.0,0.0
22,110,3.235036357742251,10.430717580348158,0.0,1.0,1.0,0.0,0.0,1.0
23,110,5.577124735150835,11.027195930893509,1.0,0.0,0.0,0.0,1.0,1.0
24,110,0.5654330924771773,11.794998607812287,1.0,1.0,0.0,0.0,0.0,0.0
25,110,11.23277544100402,0.3835539754130201,1.0,0.0,0.0,0.0,0.0,0.0
26,110,8.367700933174904,0.089923778577006,1.0,0.0,0.0,0.0,0.0,0.0
27,110,3.5763983349467257,4.970836550615164,0.0,1.0,0.0,0.0,1.0,0.0
28,110,12.0,1.8474109815222184,0.0,0.0,0.0,1.0,0.0,1.0
29,110,11.826499770349866,2.2964908074066366,1.0,1.0,1.0,0.0,0.0,0.0
30,110,4.810449570842162,4.930342115914649,1.0,1.0,0.0,1.0,0.0,0.0
31,110,9.958382148067352,10.75820169344988,0.0,0.0,0.0,0.0,0.0,1.0
32,110,9.06679975579288,5.780411881125331,0.0,0.0,0.0,0.0,0.0,0.0
33,110,0.0,2.790547994962627,1.0,0.0,1.0,1.0,1.0,0.0
34,110,5.287068795893223,0.25421990150025,0.0,1.0,0.0,0.0,0.0,1.0
35,110,10.117013466219776,2.764353163890654,0.0,0.0,1.0,1.0,0.0,1.0
36,110,6.964629072574611,6.323444680955779,1.0,0.0,0.0,0.0,1.0,1.0
37,110,9.126058391659123,0.7316823762155382,0.0,0.0,1.0,1.0,0.0,0.0
38,110,7.776276503699389,3.0536549025374518,1.0,0.0,1.0,0.0,0.0,1.0
39,110,10.204402586449165,2.909455555851852,0.0,1.0,0.0,0.0,0.0,1.0
0,115,11.813220742374536,12.0,0.0,1.0,1.0,0.0,0.0,0.0
1,115,11.324116487058255,5.002461291426799,1.0,0.0,1.0,0.0,0.0,0.0
2,115,10.395903025198924,10.601826530944232,1.0,1.0,0.0,1.0,1.0,0.0
3,115,7.999069868459146,10.122058085294608,1.0,0.0,0.0,1.0,0.0,0.0
4,115,1.6025639036108994,11.418490423897271,1.0,0.0,0.0,0.0,1.0,1.0
5,115,6.658308151842305,5.048177235257562,0.0,1.0,0.0,0.0,1.0,0.0
6,115,8.732231801876766,12.0,1.0,0.0,1.0,0.0,1.0,1.0
7,115,10.985324318207743,8.171913381095138,0.0,0.0,1.0,1.0,0.0,0.0
8,115,3.091045188970493,0.7860978375952428,1.0,0.0,0.0,1.0,1.0,1.0
9,115,0.0,6.122149909861917,0.0,0.0,1.0,0.0,0.0,1.0
10,115,3.2724336892639827,0.0,0.0,0.0,0.0,0.0,0.0,1.0
11,115,0.774271033203935,8.196049392932952,0.0,1.0,0.0,1.0,0.0,0.0
12,115,7.260437662463585,1.190666591781753,0.0,0.0,1.0,0.0,1.0,0.0
13,115,10.98898549481501,7.049252690129988,0.0,1.0,0.0,0.0,0.0,0.0
14,115,9.559472996635751,4.427031145369322,0.0,0.0,0.0,0.0,0.0,1.0
15,115,5.506377747152438,6.0756369563056944,1.0,1.0,1.0,0.0,1.0,0.0
16,115,8.38011925294204,5.471702918638711,0.0,0.0,0.0,0.0,1.0,0.0
17,115,11.533196164061057,7.104101428391481,0.0,1.0,1.0,0.0,0.0,0.0
18,115,6.484967992276908,5.65408727138161,0.0,1.0,1.0,0.0,1.0,0.0
19,115,1.0117218821834273,3.431811355358881,0.0,0.0,1.0,0.0,0.0,1.0
20,115,8.358931041007148,1.6717928192756957,1.0,1.0,0.0,0.0,0.0,1.0
21,115,11.806204803592353,9.127551535156275,0.0,0.0,1.0,1.0,1.0,0.0
22,115,3.227274960072821,10.355864408749008,0.0,1.0,1.0,0.0,0.0,1.0
23,115,5.666514192069597,11.029126726327595,1.0,0.0,0.0,0.0,1.0,1.0
24,115,0.5770420130874193,11.843714891401312,1.0,1.0,0.0,0.0,0.0,0.0
25,115,11.284116336211763,0.4025027222569268,1.0,0.0,0.0,0.0,0.0,0.0
26,115,8.428389950476037,0.0481028277513746,1.0,0.0,0.0,0.0,0.0,0.0
27,115,3.5536778953005594,4.934048743784127,0.0,1.0,0.0,0.0,1.0,0.0
28,115,12.0,1.834948746358849,0.0,0.0,0.0,1.0,0.0,1.0
29,115,11.812623066085528,2.2089823067364542,1.0,1.0,1.0,0.0,0.0,0.0
30,115,4.804483423471852,4.876355332160541,1.0,1.0,0.0,1.0,0.0,0.0
31,115,9.955796471104437,10.746283605373266,0.0,0.0,0.0,0.0,0.0,1.0
32,115,8.986080048486087,5.778999419697785,0.0,0.0,0.0,0.0,0.0,0.0
33,115,0.0,2.7269689132726143,1.0,0.0,1.0,1.0,1.0,0.0
34,115,5.2931972099520985,0.2339070054001154,0.0,1.0,0.0,0.0,0.0,1.0
35,115,10.109758134782302,2.7619833198165944,0.0,0.0,1.0,1.0,0.0,1.0
36,115,6.963929249474419,6.281171785921778,1.0,0.0,0.0,0.0,1.0,1.0
37,115,9.165517327009669,0.6845008323247961,0.0,0.0,1.0,1.0,0.0,0.0
38,115,7.702222582355392,3.0569814503509467,1.0,0.0,1.0,0.0,0.0,1.0
39,115,10.119381664901615,2.954110146053167,0.0,1.0,0.0,0.0,0.0,1.0
0,120,11.932326489335477,12.0,0.0,1.0,1.0,0.0,0.0,0.0
1,120,11.41733591166592,5.177120938159674,1.0,0.0,1.0,0.0,0.0,0.0
2,120,10.35371004951544,10.641764124312132,1.0,1.0,0.0,1.0,1.0,0.0
3,120,8.011133605873844,10.20084464377658,1.0,0.0,0.0,1.0,0.0,0.0
4,120,1.61762552236855,11.438846253627506,1.0,0.0,0.0,0.0,1.0,1.0
5,120,6.6579589834961785,5.047263007494632,0.0,1.0,0.0,0.0,1.0,0.0
6,120,8.771253731005705,12.0,1.0,0.0,1.0,0.0,1.0,1.0
7,120,10.985647409114986,8.186509265913203,0.0,0.0,1.0,1.0,0.0,0.0
8,120,2.9843790519340603,0.7725300421270727,1.0,0.0,0.0,1.0,1.0,1.0
9,120,0.0,6.125413069672393,0.0,0.0,1.0,0.0,0.0,1.0
10,120,3.295441657674777,0.0,0.0,0.0,0.0,0.0,0.0,1.0
11,120,0.7763947841126627,8.194126915220226,0.0,1.0,0.0,1.0,0.0,0.0
12,120,7.36819559946734,1.0489457172196717,0.0,0.0,1.0,0.0,1.0,0.0
13,120,10.995508898786362,7.050216784541687,0.0,1.0,0.0,0.0,0.0,0.0
14,120,9.677483844495772,4.5176325662910015,0.0,0.0,0.0,0.0,0.0,1.0
15,120,5.503403812563543,6.073829516548479,1.0,1.0,1.0,0.0,1.0,0.0
16,120,8.366951060131575,5.325272874181631,0.0,0.0,0.0,0.0,1.0,0.0
17,120,11.653120055811922,7.195084317774169,0.0,1.0,1.0,0.0,0.0,0.0
18,120,6.5776667470107615,5.769632722816255,0.0,1.0,1.0,0.0,1.0,0.0
19,120,1.0143453883112572,3.3867446018285525,0.0,0.0,1.0,0.0,0.0,1.0
20,120,8.376237389866214,1.7146129247725514,1.0,1.0,0.0,0.0,0.0,1.0
21,120,11.804803323778923,9.120533005350651,0.0,0.0,1.0,1.0,1.0,0.0
22,120,3.2204137467238207,10.278664591920409,0.0,1.0,1.0,0.0,0.0,1.0
23,120,5.779026699966282,11.034010280893911,1.0,0.0,0.0,0.0,1.0,1.0
24,120,0.5922261507371673,11.901619967867092,1.0,1.0,0.0,0.0,0.0,0.0
25,120,11.340673570888834,0.4247730025974769,1.0,0.0,0.0,0.0,0.0,0.0
26,120,8.50156385536708,0.0,1.0,0.0,0.0,0.0,0.0,0.0
27,120,3.537511737217645,4.908947165120071,0.0,1.0,0.0,0.0,1.0,0.0
28,120,12.0,1.8167548981071748,0.0,0.0,0.0,1.0,0.0,1.0
29,120,11.800618119094455,2.1232073360585257,1.0,1.0,1.0,0.0,0.0,0.0
30,120,4.793764256991542,4.786091431368055,1.0,1.0,0.0,1.0,0.0,0.0
31,120,9.950680188146777,10.71977928276379,0.0,0.0,0.0,0.0,0.0,1.0
32,120,8.917854936403545,5.776876051976492,0.0,0.0,0.0,0.0,0.0,0.0
33,120,0.0,2.6650752792490646,1.0,0.0,1.0,1.0,1.0,0.0
34,120,5.307557506706761,0.1873460799656819,0.0,1.0,0.0,0.0,0.0,1.0
35,120,10.118639440207655,2.765136701328448,0.0,0.0,1.0,1.0,0.0,1.0
36,120,6.963561400026516,6.243318368625404,1.0,0.0,0.0,0.0,1.0,1.0
37,120,9.208234282613263,0.6324571118128853,0.0,0.0,1.0,1.0,0.0,0.0
38,120,7.617459091095851,3.063389660197748,1.0,0.0,1.0,0.0,0.0,1.0
39,120,10.032257848580771,3.0017083646657765,0.0,1.0,0.0,0.0,0.0,1.0
0,125,12.0,12.0,0.0,1.0,1.0,0.0,0.0,0.0
1,125,11.50390275657868,5.351692215242162,1.0,0.0,1.0,0.0,0.0,0.0
2,125,10.310414765507266,10.68430533259473,1.0,1.0,0.0,1.0,1.0,0.0
3,125,8.02486660541836,10.303458402917546,1.0,0.0,0.0,1.0,0.0,0.0
4,125,1.5961450496028815,11.453511073320088,1.0,0.0,0.0,0.0,1.0,1.0
5,125,6.663038029609222,5.061317683286751,0.0,1.0,0.0,0.0,1.0,0.0
6,125,8.803125540741926,12.0,1.0,0.0,1.0,0.0,1.0,1.0
7,125,10.985719424363614,8.19299830077768,0.0,0.0,1.0,1.0,0.0,0.0
8,125,2.871519020590319,0.7596469496914912,1.0,0.0,0.0,1.0,1.0,1.0
9,125,0.0,6.128850484423202,0.0,0.0,1.0,0.0,0.0,1.0
10,125,3.326834402660592,0.0,0.0,0.0,0.0,0.0,0.0,1.0
11,125,0.7838321026937325,8.187550212202604,0.0,1.0,0.0,1.0,0.0,0.0
12,125,7.476727335686461,0.9027361755037466,0.0,0.0,1.0,0.0,1.0,0.0
13,125,11.016612629955617,7.053082817041975,0.0,1.0,0.0,0.0,0.0,0.0
14,125,9.804648437183886,4.615233186933439,0.0,0.0,0.0,0.0,0.0,1.0
15,125,5.500876543881889,6.072321828363385,1.0,1.0,1.0,0.0,1.0,0.0
16,125,8.357606697820597,5.20200117426262,0.0,0.0,0.0,0.0,1.0,0.0
17,125,11.78575531035874,7.290842571455551,0.0,1.0,1.0,0.0,0.0,0.0
18,125,6.661653336634687,5.869829312538421,0.0,1.0,1.0,0.0,1.0,0.0
19,125,1.0178319382925682,3.3328524889314477,0.0,0.0,1.0,0.0,0.0,1.0
20,125,8.39469174419009,1.7611562488397792,1.0,1.0,0.0,0.0,0.0,1.0
21,125,11.804290097933547,9.117865040477428,0.0,0.0,1.0,1.0,1.0,0.0
22,125,3.210383812492217,10.177243164362158,0.0,1.0,1.0,0.0,0.0,1.0
23,125,5.8792107729930745,11.036874249525871,1.0,0.0,0.0,0.0,1.0,1.0
24,125,0.6097617368622622,11.967371299291033,1.0,1.0,0.0,0.0,0.0,0.0
25,125,11.400961201003804,0.4491668039975491,1.0,0.0,0.0,0.0,0.0,0.0
26,125,8.54900426002008,0.0,1.0,0.0,0.0,0.0,0.0,0.0
27,125,3.52767816211335,4.893721870826582,0.0,1.0,0.0,0.0,1.0,0.0
28,125,12.0,1.796436432112424,0.0,0.0,0.0,1.0,0.0,1.0
29,125,11.792116999648334,2.045016838850158,1.0,1.0,1.0,0.0,0.0,0.0
30,125,4.78213045479552,4.662792524587494,1.0,1.0,0.0,1.0,0.0,0.0
31,125,9.946949225113263,10.702368355150202,0.0,0.0,0.0,0.0,0.0,1.0
32,125,8.860830421103232,5.774752092168397,0.0,0.0,0.0,0.0,0.0,0.0
33,125,0.0,2.601790182575782,1.0,0.0,1.0,1.0,1.0,0.0
34,125,5.322741096857438,0.1370722410185843,0.0,1.0,0.0,0.0,0.0,1.0
35,125,10.1542524461993,2.7779489384215497,0.0,0.0,1.0,1.0,0.0,1.0
36,125,6.963883086972072,6.221615867602644,1.0,0.0,0.0,0.0,1.0,1.0
37,125,9.247536909590304,0.5839875438291435,0.0,0.0,1.0,1.0,0.0,0.0
38,125,7.542561935328435,3.0704123758617903,1.0,0.0,1.0,0.0,0.0,1.0
39,125,9.940868960309006,3.050897510013386,0.0,1.0,0.0,0.0,0.0,1.0
0,130,12.0,12.0,0.0,1.0,1.0,0.0,0.0,0.0
1,130,11.584241105654428,5.513935391179856,1.0,0.0,1.0,0.0,0.0,0.0
2,130,10.267801391868067,10.727093120896583,1.0,1.0,0.0,1.0,1.0,0.0
3,130,8.039032450180958,10.398919948128666,1.0,0.0,0.0,1.0,0.0,0.0
4,130,1.574487730650198,11.46761498279212,1.0,0.0,0.0,0.0,1.0,1.0
5,130,6.66785830528327,5.074427742389875,0.0,1.0,0.0,0.0,1.0,0.0
6,130,8.828509952537695,12.0,1.0,0.0,1.0,0.0,1.0,1.0
7,130,10.985857403870488,8.199857976932666,0.0,0.0,1.0,1.0,0.0,0.0
8,130,2.7557804202716563,0.7455166798380064,1.0,0.0,0.0,1.0,1.0,1.0
9,130,0.0,6.129963169786102,0.0,0.0,1.0,0.0,0.0,1.0
10,130,3.354540614902858,0.0,0.0,0.0,0.0,0.0,0.0,1.0
11,130,0.7776863709801158,8.193299313684548,0.0,1.0,0.0,1.0,0.0,0.0
12,130,7.599968467888373,0.7367103597955457,0.0,0.0,1.0,0.0,1.0,0.0
13,130,11.024556879181205,7.054264713511967,0.0,1.0,0.0,0.0,0.0,0.0
14,130,9.92425570175466,4.709257011424916,0.0,0.0,0.0,0.0,0.0,1.0
15,130,5.515138023460048,6.081057333930451,1.0,1.0,1.0,0.0,1.0,0.0
16,130,8.349519737550295,5.097451765464449,0.0,0.0,0.0,0.0,1.0,0.0
17,130,11.918664100622582,7.387265700130827,0.0,1.0,1.0,0.0,0.0,0.0
18,130,6.74977767294369,5.970913469563873,0.0,1.0,1.0,0.0,1.0,0.0
19,130,1.0205988928420304,3.276701313747369,0.0,0.0,1.0,0.0,0.0,1.0
20,130,8.421364729202791,1.8288875625605567,1.0,1.0,0.0,0.0,0.0,1.0
21,130,11.800296520060686,9.096196821597005,0.0,0.0,1.0,1.0,1.0,0.0
22,130,3.201828053595332,10.098758118574384,0.0,1.0,1.0,0.0,0.0,1.0
23,130,5.962593151471905,11.039948081501954,1.0,0.0,0.0,0.0,1.0,1.0
24,130,0.6245181325836161,12.0,1.0,1.0,0.0,0.0,0.0,0.0
25,130,11.45411797343776,0.4718623907888561,1.0,0.0,0.0,0.0,0.0,0.0
26,130,8.600146361659291,0.0,1.0,0.0,0.0,0.0,0.0,0.0
27,130,3.509352862178566,4.864443516233215,0.0,1.0,0.0,0.0,1.0,0.0
28,130,12.0,1.7655487093448303,0.0,0.0,0.0,1.0,0.0,1.0
29,130,11.783758650240394,1.9805828416325848,1.0,1.0,1.0,0.0,0.0,0.0
30,130,4.772187642632845,4.554102707628493,1.0,1.0,0.0,1.0,0.0,0.0
31,130,9.942114186077973,10.680102257492855,0.0,0.0,0.0,0.0,0.0,1.0
32,130,8.795254161598463,5.771794043493733,0.0,0.0,0.0,0.0,0.0,0.0
33,130,0.0,2.532453478827262,1.0,0.0,1.0,1.0,1.0,0.0
34,130,5.336911642007754,0.0902292424209951,0.0,1.0,0.0,0.0,0.0,1.0
35,130,10.18256764435639,2.7882628204372084,0.0,0.0,1.0,1.0,0.0,1.0
36,130,6.964595555217126,6.198817684636785,1.0,0.0,0.0,0.0,1.0,1.0
37,130,9.271679953027832,0.5541183702887144,0.0,0.0,1.0,1.0,0.0,0.0
38,130,7.474947005044962,3.0767313678861883,1.0,0.0,1.0,0.0,0.0,1.0
39,130,9.83304122199606,3.108535358156099,0.0,1.0,0.0,0.0,0.0,1.0
0,135,12.0,12.0,0.0,1.0,1.0,0.0,0.0,0.0
1,135,11.674496902594615,5.695380341309503,1.0,0.0,1.0,0.0,0.0,0.0
2,135,10.227467348007716,10.767767492427128,1.0,1.0,0.0,1.0,1.0,0.0
3,135,8.056038038337046,10.506923492734847,1.0,0.0,0.0,1.0,0.0,0.0
4,135,1.543927762249752,11.488193489134682,1.0,0.0,0.0,0.0,1.0,1.0
5,135,6.669057328176744,5.077530088077488,0.0,1.0,0.0,0.0,1.0,0.0
6,135,8.844315259302387,12.0,1.0,0.0,1.0,0.0,1.0,1.0
7,135,10.985973933532888,8.203942649719616,0.0,0.0,1.0,1.0,0.0,0.0
8,135,2.615089846902717,0.7304996125832461,1.0,0.0,0.0,1.0,1.0,1.0
9,135,0.0,6.131616859898046,0.0,0.0,1.0,0.0,0.0,1.0
10,135,3.382502223470462,0.0,0.0,0.0,0.0,0.0,0.0,1.0
11,135,0.7725850022194953,8.198174193057529,0.0,1.0,0.0,1.0,0.0,0.0
12,135,7.720823623156447,0.5777352525646343,0.0,0.0,1.0,0.0,1.0,0.0
13,135,11.034123591966765,7.055731439194759,0.0,1.0,0.0,0.0,0.0,0.0
14,135,10.0359069520851,4.794518063674796,0.0,0.0,0.0,0.0,0.0,1.0
15,135,5.525932860783806,6.087470477065222,1.0,1.0,1.0,0.0,1.0,0.0
16,135,8.341906193927892,4.987671393894681,0.0,0.0,0.0,0.0,1.0,0.0
17,135,12.0,7.493855589375281,0.0,1.0,1.0,0.0,0.0,0.0
18,135,6.852330672591509,6.088070388491913,0.0,1.0,1.0,0.0,1.0,0.0
19,135,1.0222684839152378,3.227392824558507,0.0,0.0,1.0,0.0,0.0,1.0
20,135,8.452135875776714,1.9075628719757596,1.0,1.0,0.0,0.0,0.0,1.0
21,135,11.797592895775017,9.075810432615524,0.0,0.0,1.0,1.0,1.0,0.0
22,135,3.191715046732923,10.02327716241574,0.0,1.0,1.0,0.0,0.0,1.0
23,135,6.058622555295762,11.04351526345023,1.0,0.0,0.0,0.0,1.0,1.0
24,135,0.6338945283202092,12.0,1.0,1.0,0.0,0.0,0.0,0.0
25,135,11.507334087707584,0.4955998462283092,1.0,0.0,0.0,0.0,0.0,0.0
26,135,8.660044908338767,0.0,1.0,0.0,0.0,0.0,0.0,0.0
27,135,3.538540770468153,4.846050018746226,0.0,1.0,0.0,0.0,1.0,0.0
28,135,12.0,1.7390328378139537,0.0,0.0,0.0,1.0,0.0,1.0
29,135,11.777821889206056,1.939140426055522,1.0,1.0,1.0,0.0,0.0,0.0
30,135,4.764507006506121,4.4437415834614455,1.0,1.0,0.0,1.0,0.0,0.0
31,135,9.937921792790254,10.66296498408819,0.0,0.0,0.0,0.0,0.0,1.0
32,135,8.733789913040823,5.769534559393709,0.0,0.0,0.0,0.0,0.0,0.0
33,135,0.0,2.4653963596954256,1.0,0.0,1.0,1.0,1.0,0.0
34,135,5.3492910411198125,0.0502895911766733,0.0,1.0,0.0,0.0,0.0,1.0
35,135,10.199054217545513,2.794163158329407,0.0,0.0,1.0,1.0,0.0,1.0
36,135,6.96678045558361,6.148038540198889,1.0,0.0,0.0,0.0,1.0,1.0
37,135,9.275635564709551,0.5492045821879207,0.0,0.0,1.0,1.0,0.0,0.0
38,135,7.415295381175357,3.081084016718576,1.0,0.0,1.0,0.0,0.0,1.0
39,135,9.727580990860623,3.164905276404264,0.0,1.0,0.0,0.0,0.0,1.0
0,140,12.0,12.0,0.0,1.0,1.0,0.0,0.0,0.0
1,140,11.766003086400348,5.886815262210487,1.0,0.0,1.0,0.0,0.0,0.0
2,140,10.21131853553172,10.784122679623009,1.0,1.0,0.0,1.0,1.0,0.0
3,140,8.078489258816132,10.644220526799396,1.0,0.0,0.0,1.0,0.0,0.0
4,140,1.501809004480027,11.518557111863997,1.0,0.0,0.0,0.0,1.0,1.0
5,140,6.66941848943495,5.078563869474706,0.0,1.0,0.0,0.0,1.0,0.0
6,140,8.863265576015516,12.0,1.0,0.0,1.0,0.0,1.0,1.0
7,140,10.985720310375578,8.195609271214519,0.0,0.0,1.0,1.0,0.0,0.0
8,140,2.471497240092819,0.7138168732368663,1.0,0.0,0.0,1.0,1.0,1.0
9,140,0.0,6.134160489102111,0.0,0.0,1.0,0.0,0.0,1.0
10,140,3.4088509478019047,0.0,0.0,0.0,0.0,0.0,0.0,1.0
11,140,0.7715900462284361,8.199100849982628,0.0,1.0,0.0,1.0,0.0,0.0
12,140,7.839298610766952,0.4207465827213162,0.0,0.0,1.0,0.0,1.0,0.0
13,140,11.050580165110912,7.058285684719101,0.0,1.0,0.0,0.0,0.0,0.0
14,140,10.146225476502453,4.876726648646021,0.0,0.0,0.0,0.0,0.0,1.0
15,140,5.522558512498199,6.085425442262393,1.0,1.0,1.0,0.0,1.0,0.0
16,140,8.334791151560566,4.850741012317847,0.0,0.0,0.0,0.0,1.0,0.0
17,140,12.0,7.591731112537471,0.0,1.0,1.0,0.0,0.0,0.0
18,140,6.952668554667303,6.204849543373499,0.0,1.0,1.0,0.0,1.0,0.0
19,140,1.0780745751913985,3.2296466943883857,0.0,0.0,1.0,0.0,0.0,1.0
20,140,8.480981296064371,1.9805764306515627,1.0,1.0,0.0,0.0,0.0,1.0
21,140,11.795297227973167,9.060831481325549,0.0,0.0,1.0,1.0,1.0,0.0
22,140,3.183378563724343,9.94894252974258,0.0,1.0,1.0,0.0,0.0,1.0
23,140,6.1621023663961285,11.046831943224367,1.0,0.0,0.0,0.0,1.0,1.0
24,140,0.6376631529459896,12.0,1.0,1.0,0.0,0.0,0.0,0.0
25,140,11.555837240292853,0.51694695633281,1.0,0.0,0.0,0.0,0.0,0.0
26,140,8.715455067708792,0.0,1.0,0.0,0.0,0.0,0.0,0.0
27,140,3.570469788069147,4.825772779847988,0.0,1.0,0.0,0.0,1.0,0.0
28,140,12.0,1.7229561395109982,0.0,0.0,0.0,1.0,0.0,1.0
29,140,11.769007789944975,1.8830206735866544,1.0,1.0,1.0,0.0,0.0,0.0
30,140,4.757081410409659,4.337046815384459,1.0,1.0,0.0,1.0,0.0,0.0
31,140,9.928018794229676,10.628521797593644,0.0,0.0,0.0,0.0,0.0,1.0
32,140,8.663355943002124,5.7677148376303,0.0,0.0,0.0,0.0,0.0,0.0
33,140,0.0,2.400999069775791,1.0,0.0,1.0,1.0,1.0,0.0
34,140,5.372420664189336,0.0,0.0,1.0,0.0,0.0,0.0,1.0
35,140,10.207799267306118,2.7973538277108663,0.0,0.0,1.0,1.0,0.0,1.0
36,140,6.967401138245123,6.111348144414259,1.0,0.0,0.0,0.0,1.0,1.0
37,140,9.275298529257446,0.549625179656455,0.0,0.0,1.0,1.0,0.0,0.0
38,140,7.363168866880334,3.085119614028532,1.0,0.0,1.0,0.0,0.0,1.0
39,140,9.608051366094791,3.2262985818728818,0.0,1.0,0.0,0.0,0.0,1.0
0,145,12.0,12.0,0.0,1.0,1.0,0.0,0.0,0.0
1,145,11.860147204479013,6.075721844009114,1.0,0.0,1.0,0.0,0.0,0.0
2,145,10.193751770929907,10.801639020755712,1.0,1.0,0.0,1.0,1.0,0.0
3,145,8.099010146634676,10.805932735751972,1.0,0.0,0.0,1.0,0.0,0.0
4,145,1.4701599428359553,11.541765633427408,1.0,0.0,0.0,0.0,1.0,1.0
5,145,6.666470643764104,5.070456716765414,0.0,1.0,0.0,0.0,1.0,0.0
6,145,8.879949201178746,12.0,1.0,0.0,1.0,0.0,1.0,1.0
7,145,10.985475720436048,8.178621665665654,0.0,0.0,1.0,1.0,0.0,0.0
8,145,2.3256236858873507,0.697968099133715,1.0,0.0,0.0,1.0,1.0,1.0
9,145,0.0,6.140296486228422,0.0,0.0,1.0,0.0,0.0,1.0
10,145,3.432835268118609,0.0,0.0,0.0,0.0,0.0,0.0,1.0
11,145,0.7791299854430499,8.192236370527032,0.0,1.0,0.0,1.0,0.0,0.0
12,145,7.958358289793268,0.2584533835407697,0.0,0.0,1.0,0.0,1.0,0.0
13,145,11.072677713888302,7.061987208933103,0.0,1.0,0.0,0.0,0.0,0.0
14,145,10.25450572294973,4.956188343470789,0.0,0.0,0.0,0.0,0.0,1.0
15,145,5.512015217362554,6.078785513211379,1.0,1.0,1.0,0.0,1.0,0.0
16,145,8.326147032576104,4.688018093584535,0.0,0.0,0.0,0.0,1.0,0.0
17,145,12.0,7.691513253064828,0.0,1.0,1.0,0.0,0.0,0.0
18,145,7.042489741033095,6.311774417333499,0.0,1.0,1.0,0.0,1.0,0.0
19,145,1.114241740598802,3.2313067924084,0.0,0.0,1.0,0.0,0.0,1.0
20,145,8.505733411626547,2.0454250278030224,1.0,1.0,0.0,0.0,0.0,1.0
21,145,11.795715555923158,9.063371944799616,0.0,0.0,1.0,1.0,1.0,0.0
22,145,3.1719321197293504,9.84219043928631,0.0,1.0,1.0,0.0,0.0,1.0
23,145,6.267668971091671,11.049202114668397,1.0,0.0,0.0,0.0,1.0,1.0
24,145,0.6434174058306027,12.0,1.0,1.0,0.0,0.0,0.0,0.0
25,145,11.62479268443836,0.5497969590199371,1.0,0.0,0.0,0.0,0.0,0.0
26,145,8.781593876065182,0.0,1.0,0.0,0.0,0.0,0.0,0.0
27,145,3.595600187891492,4.809573457872824,0.0,1.0,0.0,0.0,1.0,0.0
28,145,12.0,1.7138978972098238,0.0,0.0,0.0,1.0,0.0,1.0
29,145,11.76214975655718,1.8372713870226995,1.0,1.0,1.0,0.0,0.0,0.0
30,145,4.751797932689695,4.247065745575759,1.0,1.0,0.0,1.0,0.0,0.0
31,145,9.906097226699003,10.556989507490252,0.0,0.0,0.0,0.0,0.0,1.0
32,145,8.594049855066972,5.765952992039839,0.0,0.0,0.0,0.0,0.0,0.0
33,145,0.0,2.331300325793294,1.0,0.0,1.0,1.0,1.0,0.0
34,145,5.393187530238578,0.0,0.0,1.0,0.0,0.0,0.0,1.0
35,145,10.214467682062212,2.799671149470049,0.0,0.0,1.0,1.0,0.0,1.0
36,145,6.96858638293545,6.075175269111504,1.0,0.0,0.0,0.0,1.0,1.0
37,145,9.275376286548376,0.5495280900768648,0.0,0.0,1.0,1.0,0.0,0.0
38,145,7.305355529680264,3.0899889164295997,1.0,0.0,1.0,0.0,0.0,1.0
39,145,9.476602538574388,3.293521793523722,0.0,1.0,0.0,0.0,0.0,1.0
0,150,12.0,12.0,0.0,1.0,1.0,0.0,0.0,0.0
1,150,11.948824133577672,6.256322099283308,1.0,0.0,1.0,0.0,0.0,0.0
2,150,10.159316347093148,10.836673388621143,1.0,1.0,0.0,1.0,1.0,0.0
3,150,8.120478995504158,10.99533597274519,1.0,0.0,0.0,1.0,0.0,0.0
4,150,1.4270769689952925,11.574013026045444,1.0,0.0,0.0,0.0,1.0,1.0
5,150,6.661811792935717,5.057476510739972,0.0,1.0,0.0,0.0,1.0,0.0
6,150,8.886441595567375,12.0,1.0,0.0,1.0,0.0,1.0,1.0
7,150,10.983494582739317,8.12974736409321,0.0,0.0,1.0,1.0,0.0,0.0
8,150,2.166354597740878,0.6802681336912586,1.0,0.0,0.0,1.0,1.0,1.0
9,150,0.0,6.146144032242978,0.0,0.0,1.0,0.0,0.0,1.0
10,150,3.4565003513094514,0.0,0.0,0.0,0.0,0.0,0.0,1.0
11,150,0.7906596767917077,8.181326268707092,0.0,1.0,0.0,1.0,0.0,0.0
12,150,8.079604644851752,0.0935069782102229,0.0,0.0,1.0,0.0,1.0,0.0
13,150,11.067364779519565,7.061159190848951,0.0,1.0,0.0,0.0,0.0,0.0
14,150,10.366775213798183,5.033383741983602,0.0,0.0,0.0,0.0,0.0,1.0
15,150,5.5057477244690265,6.074829083219055,1.0,1.0,1.0,0.0,1.0,0.0
16,150,8.313295565549984,4.53267135242799,0.0,0.0,0.0,0.0,1.0,0.0
17,150,11.891935542594466,7.841470049594007,0.0,1.0,1.0,0.0,0.0,0.0
18,150,7.122248023581201,6.3986571212187,0.0,1.0,1.0,0.0,1.0,0.0
19,150,1.1497965351069137,3.2329770955628074,0.0,0.0,1.0,0.0,0.0,1.0
20,150,8.530433636385734,2.1095940131870963,1.0,1.0,0.0,0.0,0.0,1.0
21,150,11.793832704763355,9.054228636010713,0.0,0.0,1.0,1.0,1.0,0.0
22,150,3.16245509343332,9.739129384955096,0.0,1.0,1.0,0.0,0.0,1.0
23,150,6.357022306192559,11.049681635969185,1.0,0.0,0.0,0.0,1.0,1.0
24,150,0.6484151848036713,12.0,1.0,1.0,0.0,0.0,0.0,0.0
25,150,11.691615808663524,0.5821298537064742,1.0,0.0,0.0,0.0,0.0,0.0
26,150,8.84003258457545,0.0,1.0,0.0,0.0,0.0,0.0,0.0
27,150,3.634331384710293,4.78555715146683,0.0,1.0,0.0,0.0,1.0,0.0
28,150,12.0,1.6992342701810972,0.0,0.0,0.0,1.0,0.0,1.0
29,150,11.75432810671126,1.7872918358070895,1.0,1.0,1.0,0.0,0.0,0.0
30,150,4.74406167349521,4.144359384045265,1.0,1.0,0.0,1.0,0.0,0.0
31,150,9.885211988795714,10.492810360157025,0.0,0.0,0.0,0.0,0.0,1.0
32,150,8.530817115672157,5.763721909479597,0.0,0.0,0.0,0.0,0.0,0.0
33,150,0.0,2.2623840522995438,1.0,0.0,1.0,1.0,1.0,0.0
34,150,5.411785136024611,0.0,0.0,1.0,0.0,0.0,0.0,1.0
35,150,10.2307455870131,2.8051559008152784,0.0,0.0,1.0,1.0,0.0,1.0
36,150,6.969911823568232,6.031718160741069,1.0,0.0,0.0,0.0,1.0,1.0
37,150,9.266761993947188,0.5598862806660317,0.0,0.0,1.0,1.0,0.0,0.0
38,150,7.267638628086463,3.0938925218231232,1.0,0.0,1.0,0.0,0.0,1.0
39,150,9.328149976750492,3.368528872646523,0.0,1.0,0.0,0.0,0.0,1.0
0,155,12.0,12.0,0.0,1.0,1.0,0.0,0.0,0.0
1,155,12.0,6.447057756263051,1.0,0.0,1.0,0.0,0.0,0.0
2,155,10.135199231034546,10.860498089953069,1.0,1.0,0.0,1.0,1.0,0.0
3,155,8.139873907160077,11.186520025673946,1.0,0.0,0.0,1.0,0.0,0.0
4,155,1.39818776410076,11.597127251843164,1.0,0.0,0.0,0.0,1.0,1.0
5,155,6.654472871601414,5.037111010361378,0.0,1.0,0.0,0.0,1.0,0.0
6,155,8.8889497407091,12.0,1.0,0.0,1.0,0.0,1.0,1.0
7,155,10.982314026749794,8.075697852043799,0.0,0.0,1.0,1.0,0.0,0.0
8,155,2.0174500695232744,0.6640507356045282,1.0,0.0,0.0,1.0,1.0,1.0
9,155,0.0,6.15297015263759,0.0,0.0,1.0,0.0,0.0,1.0
10,155,3.47463935865969,0.0,0.0,0.0,0.0,0.0,0.0,1.0
11,155,0.7970717127633581,8.174940976866989,0.0,1.0,0.0,1.0,0.0,0.0
12,155,8.192367897459306,0.0,0.0,0.0,1.0,0.0,1.0,0.0
13,155,11.068599678408074,7.05475063990846,0.0,1.0,0.0,0.0,0.0,0.0
14,155,10.472084276847198,5.105711915151341,0.0,0.0,0.0,0.0,0.0,1.0
15,155,5.4848072461732205,6.061257354643057,1.0,1.0,1.0,0.0,1.0,0.0
16,155,8.301091177112445,4.3933681060692535,0.0,0.0,0.0,0.0,1.0,0.0
17,155,11.775671529349102,8.005909416664961,0.0,1.0,1.0,0.0,0.0,0.0
18,155,7.21652827563728,6.505282968448824,0.0,1.0,1.0,0.0,1.0,0.0
19,155,1.1855683021754122,3.233946726778155,0.0,0.0,1.0,0.0,0.0,1.0
20,155,8.555054756916402,2.176258984824728,1.0,1.0,0.0,0.0,0.0,1.0
21,155,11.795104202239324,9.061135200399711,0.0,0.0,1.0,1.0,1.0,0.0
22,155,3.15433296110426,9.650304701759664,0.0,1.0,1.0,0.0,0.0,1.0
23,155,6.361109125160334,10.958382101869931,1.0,0.0,0.0,0.0,1.0,1.0
24,155,0.6492848493588705,12.0,1.0,1.0,0.0,0.0,0.0,0.0
25,155,11.740356587078434,0.6055232455763797,1.0,0.0,0.0,0.0,0.0,0.0
26,155,8.910538985060535,0.0,1.0,0.0,0.0,0.0,0.0,0.0
27,155,3.691824656653254,4.750975070844167,0.0,1.0,0.0,0.0,1.0,0.0
28,155,12.0,1.693668478720748,0.0,0.0,0.0,1.0,0.0,1.0
29,155,11.746294490042144,1.7346794975988364,1.0,1.0,1.0,0.0,0.0,0.0
30,155,4.7370215430603855,4.042686506786231,1.0,1.0,0.0,1.0,0.0,0.0
31,155,9.866469209827004,10.433313889961475,0.0,0.0,0.0,0.0,0.0,1.0
32,155,8.476057013720686,5.760899055086922,0.0,0.0,0.0,0.0,0.0,0.0
33,155,0.0,2.1928478351328637,1.0,0.0,1.0,1.0,1.0,0.0
34,155,5.432856688671717,0.0,0.0,1.0,0.0,0.0,0.0,1.0
35,155,10.23995360979596,2.8079033149372123,0.0,0.0,1.0,1.0,0.0,1.0
36,155,6.971010737190339,6.001043737294218,1.0,0.0,0.0,0.0,1.0,1.0
37,155,9.254720444033657,0.5747922786422511,0.0,0.0,1.0,1.0,0.0,0.0
38,155,7.231433434132279,3.097599989761556,1.0,0.0,1.0,0.0,0.0,1.0
39,155,9.200406142233655,3.4362069871503405,0.0,1.0,0.0,0.0,0.0,1.0
0,160,12.0,12.0,0.0,1.0,1.0,0.0,0.0,0.0
1,160,12.0,6.627185393212018,1.0,0.0,1.0,0.0,0.0,0.0
2,160,10.129734642504324,10.866157270131891,1.0,1.0,0.0,1.0,1.0,0.0
3,160,8.160007787631937,11.385348230423496,1.0,0.0,0.0,1.0,0.0,0.0
4,160,1.3751495918476444,11.614530115923824,1.0,0.0,0.0,0.0,1.0,1.0
5,160,6.646516389156565,5.014987546301016,0.0,1.0,0.0,0.0,1.0,0.0
6,160,8.885871921904164,11.99695989573519,1.0,0.0,1.0,0.0,1.0,1.0
7,160,10.981644508927076,8.02018397592553,0.0,0.0,1.0,1.0,0.0,0.0
8,160,1.8684107998078323,0.6544389106576076,1.0,0.0,0.0,1.0,1.0,1.0
9,160,0.0,6.078893701960222,0.0,0.0,1.0,0.0,0.0,1.0
10,160,3.4932492069319303,0.0,0.0,0.0,0.0,0.0,0.0,1.0
11,160,0.8096414361016449,8.162958455478297,0.0,1.0,0.0,1.0,0.0,0.0
12,160,8.304354616000548,0.0,0.0,0.0,1.0,0.0,1.0,0.0
13,160,11.070092600020072,7.047351878830582,0.0,1.0,0.0,0.0,0.0,0.0
14,160,10.39638874988886,5.218477492592715,0.0,0.0,0.0,0.0,0.0,1.0
15,160,5.454171220449258,6.0413723221944124,1.0,1.0,1.0,0.0,1.0,0.0
16,160,8.292862913083777,4.259038970017508,0.0,0.0,0.0,0.0,1.0,0.0
17,160,11.666112359999255,8.157287731071952,0.0,1.0,1.0,0.0,0.0,0.0
18,160,7.320110089385967,6.619798755462577,0.0,1.0,1.0,0.0,1.0,0.0
19,160,1.2187800829052655,3.2346254248059543,0.0,0.0,1.0,0.0,0.0,1.0
20,160,8.580125043396812,2.2505503179506308,1.0,1.0,0.0,0.0,0.0,1.0
21,160,11.795370410995018,9.062560349874234,0.0,0.0,1.0,1.0,1.0,0.0
22,160,3.1494296546964184,9.568595139751835,0.0,1.0,1.0,0.0,0.0,1.0
23,160,6.368844112631363,10.867428048056368,1.0,0.0,0.0,0.0,1.0,1.0
24,160,0.6503306614461866,12.0,1.0,1.0,0.0,0.0,0.0,0.0
25,160,11.78993901275122,0.6304754978176969,1.0,0.0,0.0,0.0,0.0,0.0
26,160,8.977863388538463,0.0,1.0,0.0,0.0,0.0,0.0,0.0
27,160,3.747503748550388,4.715277967460241,0.0,1.0,0.0,0.0,1.0,0.0
28,160,12.0,1.6777482594282287,0.0,0.0,0.0,1.0,0.0,1.0
29,160,11.734400890926164,1.6675022849918246,1.0,1.0,1.0,0.0,0.0,0.0
30,160,4.729342046974157,3.930554205324424,1.0,1.0,0.0,1.0,0.0,0.0
31,160,9.857429198478052,10.40158279663501,0.0,0.0,0.0,0.0,0.0,1.0
32,160,8.405175805183468,5.75783359397899,0.0,0.0,0.0,0.0,0.0,0.0
33,160,0.0,2.1348844444298214,1.0,0.0,1.0,1.0,1.0,0.0
34,160,5.462424038377668,0.0,0.0,1.0,0.0,0.0,0.0,1.0
35,160,10.248118411126269,2.8105311069708,0.0,0.0,1.0,1.0,0.0,1.0
36,160,6.972837103225175,5.969325628284159,1.0,0.0,0.0,0.0,1.0,1.0
37,160,9.24609335462902,0.5850162135482703,0.0,0.0,1.0,1.0,0.0,0.0
38,160,7.209768849455268,3.0993989554568087,1.0,0.0,1.0,0.0,0.0,1.0
39,160,9.049392217305895,3.51533082708863,0.0,1.0,0.0,0.0,0.0,1.0
0,165,12.0,12.0,0.0,1.0,1.0,0.0,0.0,0.0
1,165,12.0,6.815858147804042,1.0,0.0,1.0,0.0,0.0,0.0
2,165,10.13000317975536,10.86586943102506,1.0,1.0,0.0,1.0,1.0,0.0
3,165,8.180171948786686,11.593818754273984,1.0,0.0,0.0,1.0,0.0,0.0
4,165,1.3463071085661786,11.635620552462427,1.0,0.0,0.0,0.0,1.0,1.0
5,165,6.640032957524718,4.997612083937001,0.0,1.0,0.0,0.0,1.0,0.0
6,165,8.868928846757592,11.979502129292566,1.0,0.0,1.0,0.0,1.0,1.0
7,165,10.979324577324627,7.960715407232161,0.0,0.0,1.0,1.0,0.0,0.0
8,165,1.728284239123266,0.6427029808538626,1.0,0.0,0.0,1.0,1.0,1.0
9,165,0.0,6.007549267368916,0.0,0.0,1.0,0.0,0.0,1.0
10,165,3.514337657133659,0.0,0.0,0.0,0.0,0.0,0.0,1.0
11,165,0.8048494149791032,8.167625674666667,0.0,1.0,0.0,1.0,0.0,0.0
12,165,8.409463734981,0.0,0.0,0.0,1.0,0.0,1.0,0.0
13,165,11.070687408917864,7.044370477851146,0.0,1.0,0.0,0.0,0.0,0.0
14,165,10.322388017152358,5.329427067050276,0.0,0.0,0.0,0.0,0.0,1.0
15,165,5.426079444264494,6.022373285234825,1.0,1.0,1.0,0.0,1.0,0.0
16,165,8.281040145018366,4.120126651623575,0.0,0.0,0.0,0.0,1.0,0.0
17,165,11.557565843036272,8.301914433936501,0.0,1.0,1.0,0.0,0.0,0.0
18,165,7.418468088726655,6.732026035088922,0.0,1.0,1.0,0.0,1.0,0.0
19,165,1.272384737491007,3.2353602499102627,0.0,0.0,1.0,0.0,0.0,1.0
20,165,8.598439226303654,2.301031287926488,1.0,1.0,0.0,0.0,0.0,1.0
21,165,11.803925408190118,9.10457386849887,0.0,0.0,1.0,1.0,1.0,0.0
22,165,3.143258109027659,9.466816126597278,0.0,1.0,1.0,0.0,0.0,1.0
23,165,6.375348069083887,10.793327899916513,1.0,0.0,0.0,0.0,1.0,1.0
24,165,0.650435290871346,12.0,1.0,1.0,0.0,0.0,0.0,0.0
25,165,11.84649856451808,0.6592770381554829,1.0,0.0,0.0,0.0,0.0,0.0
26,165,9.05029511083982,0.0,1.0,0.0,0.0,0.0,0.0,0.0
27,165,3.7834572660918577,4.693664333733143,0.0,1.0,0.0,0.0,1.0,0.0
28,165,12.0,1.6670460287798294,0.0,0.0,0.0,1.0,0.0,1.0
29,165,11.726654303865386,1.6235499625444392,1.0,1.0,1.0,0.0,0.0,0.0
30,165,4.721029853252879,3.843254145052199,1.0,1.0,0.0,1.0,0.0,0.0
31,165,9.849626198717774,10.373827267839356,0.0,0.0,0.0,0.0,0.0,1.0
32,165,8.325130503437789,5.754700772066971,0.0,0.0,0.0,0.0,0.0,0.0
33,165,0.0,2.076258405791344,1.0,0.0,1.0,1.0,1.0,0.0
34,165,5.489050794787022,0.0,0.0,1.0,0.0,0.0,0.0,1.0
35,165,10.253329904256349,2.811987775382425,0.0,0.0,1.0,1.0,0.0,1.0
36,165,6.97702978455149,5.914280383758294,1.0,0.0,0.0,0.0,1.0,1.0
37,165,9.243115160898672,0.5886626395768269,0.0,0.0,1.0,1.0,0.0,0.0
38,165,7.178880299226005,3.1025554980706684,1.0,0.0,1.0,0.0,0.0,1.0
39,165,8.897584315858387,3.5896840088317465,0.0,1.0,0.0,0.0,0.0,1.0
0,170,12.0,12.0,0.0,1.0,1.0,0.0,0.0,0.0
1,170,12.0,6.989583577490754,1.0,0.0,1.0,0.0,0.0,0.0
2,170,10.12522810528815,10.87103764047351,1.0,1.0,0.0,1.0,1.0,0.0
3,170,8.198552595929666,11.793312604875096,1.0,0.0,0.0,1.0,0.0,0.0
4,170,1.3157065790179892,11.658383332866306,1.0,0.0,0.0,0.0,1.0,1.0
5,170,6.634598048185399,4.9830898265994765,0.0,1.0,0.0,0.0,1.0,0.0
6,170,8.8715528276909,11.982201339575337,1.0,0.0,1.0,0.0,1.0,1.0
7,170,10.977942393045367,7.911808661926404,0.0,0.0,1.0,1.0,0.0,0.0
8,170,1.5882461373000398,0.6329731521576429,1.0,0.0,0.0,1.0,1.0,1.0
9,170,0.0,5.948173385776257,0.0,0.0,1.0,0.0,0.0,1.0
10,170,3.538715561326649,0.0,0.0,0.0,0.0,0.0,0.0,1.0
11,170,0.8004352757012354,8.171675213667692,0.0,1.0,0.0,1.0,0.0,0.0
12,170,8.519663859714457,0.0,0.0,0.0,1.0,0.0,1.0,0.0
13,170,11.074822364847988,7.02540519160592,0.0,1.0,0.0,0.0,0.0,0.0
14,170,10.251832203500298,5.437580995965017,0.0,0.0,0.0,0.0,0.0,1.0
15,170,5.406089471765704,6.009110362749863,1.0,1.0,1.0,0.0,1.0,0.0
16,170,8.270146585480543,3.976896372746018,0.0,0.0,0.0,0.0,1.0,0.0
17,170,11.443102277228778,8.448105917026757,0.0,1.0,1.0,0.0,0.0,0.0
18,170,7.498781769144337,6.824386471875617,0.0,1.0,1.0,0.0,1.0,0.0
19,170,1.3226135728496076,3.2361289192523146,0.0,0.0,1.0,0.0,0.0,1.0
20,170,8.617729588640486,2.358312030972341,1.0,1.0,0.0,0.0,0.0,1.0
21,170,11.806389440010442,9.116323868794186,0.0,0.0,1.0,1.0,1.0,0.0
22,170,3.13811009305597,9.36700027971698,0.0,1.0,1.0,0.0,0.0,1.0
23,170,6.379310189042486,10.724930478977395,1.0,0.0,0.0,0.0,1.0,1.0
24,170,0.6536287402999571,12.0,1.0,1.0,0.0,0.0,0.0,0.0
25,170,11.900574311347516,0.687348170434578,1.0,0.0,0.0,0.0,0.0,0.0
26,170,9.128627574212762,0.0,1.0,0.0,0.0,0.0,0.0,0.0
27,170,3.806960057403917,4.732439849561263,0.0,1.0,0.0,0.0,1.0,0.0
28,170,11.997546039858618,1.668424335680864,0.0,0.0,0.0,1.0,0.0,1.0
29,170,11.71701954496636,1.5766511230533249,1.0,1.0,1.0,0.0,0.0,0.0
30,170,4.711421236890458,3.763134830546897,1.0,1.0,0.0,1.0,0.0,0.0
31,170,9.83956861575667,10.336058573794473,0.0,0.0,0.0,0.0,0.0,1.0
32,170,8.23264977527196,5.749832022403002,0.0,0.0,0.0,0.0,0.0,0.0
33,170,0.0,2.01344857937573,1.0,0.0,1.0,1.0,1.0,0.0
34,170,5.521196047773793,0.0,0.0,1.0,0.0,0.0,0.0,1.0
35,170,10.230583684854508,2.805268146765838,0.0,0.0,1.0,1.0,0.0,1.0
36,170,6.98209142395049,5.857356253746014,1.0,0.0,0.0,0.0,1.0,1.0
37,170,9.22894217713715,0.606391847757972,0.0,0.0,1.0,1.0,0.0,0.0
38,170,7.169875349231758,3.1033856772403148,1.0,0.0,1.0,0.0,0.0,1.0
39,170,8.741894027128321,3.66020741165332,0.0,1.0,0.0,0.0,0.0,1.0
0,175,12.0,12.0,0.0,1.0,1.0,0.0,0.0,0.0
1,175,12.0,7.1687770024409785,1.0,0.0,1.0,0.0,0.0,0.0
2,175,10.121239311780672,10.875142167291408,1.0,1.0,0.0,1.0,1.0,0.0
3,175,8.21030286800978,12.0,1.0,0.0,0.0,1.0,0.0,0.0
4,175,1.2840106840160987,11.681260377715777,1.0,0.0,0.0,0.0,1.0,1.0
5,175,6.631895334878627,4.975191001364425,0.0,1.0,0.0,0.0,1.0,0.0
6,175,8.875966732831127,11.986822893053144,1.0,0.0,1.0,0.0,1.0,1.0
7,175,10.974414062127796,7.827502212518209,0.0,0.0,1.0,1.0,0.0,0.0
8,175,1.46572355607595,0.6231501868974152,1.0,0.0,0.0,1.0,1.0,1.0
9,175,0.0,5.894557609690474,0.0,0.0,1.0,0.0,0.0,1.0
10,175,3.5656979892277425,0.0,0.0,0.0,0.0,0.0,0.0,1.0
11,175,0.7850407780612354,8.185882699130508,0.0,1.0,0.0,1.0,0.0,0.0
12,175,8.626718933520902,0.0,0.0,0.0,1.0,0.0,1.0,0.0
13,175,11.079889648406784,7.001942617403704,0.0,1.0,0.0,0.0,0.0,0.0
14,175,10.19161687345114,5.525916133614235,0.0,0.0,0.0,0.0,0.0,1.0
15,175,5.391791635421197,5.999610738776477,1.0,1.0,1.0,0.0,1.0,0.0
16,175,8.267862982797805,3.829016432783163,0.0,0.0,0.0,0.0,1.0,0.0
17,175,11.340303905313604,8.567894848788345,0.0,1.0,1.0,0.0,0.0,0.0
18,175,7.582882049635714,6.919022969247683,0.0,1.0,1.0,0.0,1.0,0.0
19,175,1.3723911037268013,3.2356210349257304,0.0,0.0,1.0,0.0,0.0,1.0
20,175,8.637806477923874,2.4165344121739767,1.0,1.0,0.0,0.0,0.0,1.0
21,175,11.806019916106852,9.114492631003206,0.0,0.0,1.0,1.0,1.0,0.0
22,175,3.133705806719893,9.264569101690077,0.0,1.0,1.0,0.0,0.0,1.0
23,175,6.383142450790252,10.65434240372427,1.0,0.0,0.0,0.0,1.0,1.0
24,175,0.6544089317412461,12.0,1.0,1.0,0.0,0.0,0.0,0.0
25,175,11.960169216900493,0.7182363288754152,1.0,0.0,0.0,0.0,0.0,0.0
26,175,9.218917969744847,0.0,1.0,0.0,0.0,0.0,0.0,0.0
27,175,3.820569418954028,4.754205020198117,0.0,1.0,0.0,0.0,1.0,0.0
28,175,12.0,1.6603794882637284,0.0,0.0,0.0,1.0,0.0,1.0
29,175,11.705218021345976,1.521003372559797,1.0,1.0,1.0,0.0,0.0,0.0
30,175,4.6998454970195525,3.671109312448032,1.0,1.0,0.0,1.0,0.0,0.0
31,175,9.826316930953386,10.287516663374529,0.0,0.0,0.0,0.0,0.0,1.0
32,175,8.163238446376418,5.746589493068111,0.0,0.0,0.0,0.0,0.0,0.0
33,175,0.0,1.9471835334174616,1.0,0.0,1.0,1.0,1.0,0.0
34,175,5.566618714788536,0.0,0.0,1.0,0.0,0.0,0.0,1.0
35,175,10.21494731901001,2.8006456636301595,0.0,0.0,1.0,1.0,0.0,1.0
36,175,6.988438699376837,5.7900641249406375,1.0,0.0,0.0,0.0,1.0,1.0
37,175,9.21563507560351,0.6216793761682305,0.0,0.0,1.0,1.0,0.0,0.0
38,175,7.136178318922049,3.1059273508188467,1.0,0.0,1.0,0.0,0.0,1.0
39,175,8.573706168626039,3.741018812742095,0.0,1.0,0.0,0.0,0.0,1.0
0,180,12.0,12.0,0.0,1.0,1.0,0.0,0.0,0.0
1,180,12.0,7.35084944203309,1.0,0.0,1.0,0.0,0.0,0.0
2,180,10.104146163818768,10.89159851050875,1.0,1.0,0.0,1.0,1.0,0.0
3,180,8.217814016817677,12.0,1.0,0.0,0.0,1.0,0.0,0.0
4,180,1.261381155266338,11.69650263655635,1.0,0.0,0.0,0.0,1.0,1.0
5,180,6.62576513147471,4.958677466285677,0.0,1.0,0.0,0.0,1.0,0.0
6,180,8.867140838724408,11.97738165426287,1.0,0.0,1.0,0.0,1.0,1.0
7,180,10.96975327784228,7.737955539834731,0.0,0.0,1.0,1.0,0.0,0.0
8,180,1.3193587741009571,0.6128456699839004,1.0,0.0,0.0,1.0,1.0,1.0
9,180,0.0,5.8530885799315175,0.0,0.0,1.0,0.0,0.0,1.0
10,180,3.588958687803867,0.0,0.0,0.0,0.0,0.0,0.0,1.0
11,180,0.7445998852203278,8.22144049023417,0.0,1.0,0.0,1.0,0.0,0.0
12,180,8.731871229116837,0.0,0.0,0.0,1.0,0.0,1.0,0.0
13,180,11.08752135104612,6.9645216915866826,0.0,1.0,0.0,0.0,0.0,0.0
14,180,10.113489109014075,5.644363775031864,0.0,0.0,0.0,0.0,0.0,1.0
15,180,5.360168043238705,5.979170419005745,1.0,1.0,1.0,0.0,1.0,0.0
16,180,8.268247818420276,3.659012059370055,0.0,0.0,0.0,0.0,1.0,0.0
17,180,11.239551955482224,8.686020189330545,0.0,1.0,1.0,0.0,0.0,0.0
18,180,7.663305580941009,7.014536340692669,0.0,1.0,1.0,0.0,1.0,0.0
19,180,1.4399098475485517,3.2349699316233056,0.0,0.0,1.0,0.0,0.0,1.0
20,180,8.653122809707815,2.4619721542139943,1.0,1.0,0.0,0.0,0.0,1.0
21,180,11.80789549533466,9.122849324271751,0.0,0.0,1.0,1.0,1.0,0.0
22,180,3.130064601711232,9.151276763007957,0.0,1.0,1.0,0.0,0.0,1.0
23,180,6.384870208836375,10.569807961498467,1.0,0.0,0.0,0.0,1.0,1.0
24,180,0.6542134215827949,11.998834038984816,1.0,1.0,0.0,0.0,0.0,0.0
25,180,12.0,0.7583505921387268,1.0,0.0,0.0,0.0,0.0,0.0
26,180,9.290313282890285,0.0,1.0,0.0,0.0,0.0,0.0,0.0
27,180,3.819212252472987,4.752071599129084,0.0,1.0,0.0,0.0,1.0,0.0
28,180,12.0,1.64521050433207,0.0,0.0,0.0,1.0,0.0,1.0
29,180,11.690536657866875,1.4553902305852549,1.0,1.0,1.0,0.0,0.0,0.0
30,180,4.688735569081815,3.5833619766539395,1.0,1.0,0.0,1.0,0.0,0.0
31,180,9.817541452595794,10.251818555207404,0.0,0.0,0.0,0.0,0.0,1.0
32,180,8.087315048444356,5.745329077108135,0.0,0.0,0.0,0.0,0.0,0.0
33,180,0.0,1.878842800355332,1.0,0.0,1.0,1.0,1.0,0.0
34,180,5.613270719460584,0.0,0.0,1.0,0.0,0.0,0.0,1.0
35,180,10.189012671866966,2.7925936614955877,0.0,0.0,1.0,1.0,0.0,1.0
36,180,6.995250271108158,5.7281418055977245,1.0,0.0,0.0,0.0,1.0,1.0
37,180,9.195955890949982,0.6463830082805156,0.0,0.0,1.0,1.0,0.0,0.0
38,180,7.1024201781060885,3.107601854000261,1.0,0.0,1.0,0.0,0.0,1.0
39,180,8.406816035121366,3.821797987391949,0.0,1.0,0.0,0.0,0.0,1.0
0,185,12.0,12.0,0.0,1.0,1.0,0.0,0.0,0.0
1,185,12.0,7.542266803249807,1.0,0.0,1.0,0.0,0.0,0.0
2,185,10.088932070983487,10.906475163409,1.0,1.0,0.0,1.0,1.0,0.0
3,185,8.228815139849017,12.0,1.0,0.0,0.0,1.0,0.0,0.0
4,185,1.2338007939325328,11.714707993057983,1.0,0.0,0.0,0.0,1.0,1.0
5,185,6.623231697073985,4.951470027806898,0.0,1.0,0.0,0.0,1.0,0.0
6,185,8.870830584369441,11.981288191784149,1.0,0.0,1.0,0.0,1.0,1.0
7,185,10.958519052653052,7.620120854531215,0.0,0.0,1.0,1.0,0.0,0.0
8,185,1.1626418737129725,0.6079277674387811,1.0,0.0,0.0,1.0,1.0,1.0
9,185,0.0,5.7956445797258445,0.0,0.0,1.0,0.0,0.0,1.0
10,185,3.612553850882678,0.0,0.0,0.0,0.0,0.0,0.0,1.0
11,185,0.6845019043958583,8.275193556427036,0.0,1.0,0.0,1.0,0.0,0.0
12,185,8.843380170909159,0.0,0.0,0.0,1.0,0.0,1.0,0.0
13,185,11.093956656541064,6.925549081607755,0.0,1.0,0.0,0.0,0.0,0.0
14,185,10.034857684240826,5.764333202171523,0.0,0.0,0.0,0.0,0.0,1.0
15,185,5.327901728933756,5.958609757893815,1.0,1.0,1.0,0.0,1.0,0.0
16,185,8.263821787790336,3.5191882259298035,0.0,0.0,0.0,0.0,1.0,0.0
17,185,11.139756634891793,8.79597021619755,0.0,1.0,1.0,0.0,0.0,0.0
18,185,7.74349070298788,7.111826476039475,0.0,1.0,1.0,0.0,1.0,0.0
19,185,1.4951859971534844,3.232813060345527,0.0,0.0,1.0,0.0,0.0,1.0
20,185,8.666714086112336,2.5089652431906035,1.0,1.0,0.0,0.0,0.0,1.0
21,185,11.809162381366844,9.127935561308108,0.0,0.0,1.0,1.0,1.0,0.0
22,185,3.1258049501184275,9.047709689466108,0.0,1.0,1.0,0.0,0.0,1.0
23,185,6.386445776361189,10.5105037975191,1.0,0.0,0.0,0.0,1.0,1.0
24,185,0.6529893683147093,11.991797361904474,1.0,1.0,0.0,0.0,0.0,0.0
25,185,12.0,0.7993832667764376,1.0,0.0,0.0,0.0,0.0,0.0
26,185,9.34540656654449,0.0,1.0,0.0,0.0,0.0,0.0,0.0
27,185,3.8126085537447594,4.741482903981579,0.0,1.0,0.0,0.0,1.0,0.0
28,185,12.0,1.630322454758226,0.0,0.0,0.0,1.0,0.0,1.0
29,185,11.678403979748357,1.3906410568147725,1.0,1.0,1.0,0.0,0.0,0.0
30,185,4.677359421269724,3.4989624479251105,1.0,1.0,0.0,1.0,0.0,0.0
31,185,9.804474206072962,10.198625012641855,0.0,0.0,0.0,0.0,0.0,1.0
32,185,7.995779284204066,5.743354333037629,0.0,0.0,0.0,0.0,0.0,0.0
33,185,0.0,1.81259595688468,1.0,0.0,1.0,1.0,1.0,0.0
34,185,5.650436267690552,0.0,0.0,1.0,0.0,0.0,0.0,1.0
35,185,10.157065550461017,2.7824118159982003,0.0,0.0,1.0,1.0,0.0,1.0
36,185,6.999640045714808,5.686789968042073,1.0,0.0,0.0,0.0,1.0,1.0
37,185,9.1828931944439,0.6625364540299281,0.0,0.0,1.0,1.0,0.0,0.0
38,185,7.080583540462751,3.108149548048752,1.0,0.0,1.0,0.0,0.0,1.0
39,185,8.236837108566855,3.90115860873158,0.0,1.0,0.0,0.0,0.0,1.0
0,190,12.0,12.0,0.0,1.0,1.0,0.0,0.0,0.0
1,190,12.0,7.744209450686814,1.0,0.0,1.0,0.0,0.0,0.0
2,190,10.069826277630074,10.924591112217303,1.0,1.0,0.0,1.0,1.0,0.0
3,190,8.241671278542306,12.0,1.0,0.0,0.0,1.0,0.0,0.0
4,190,1.2031116550437062,11.734987341893556,1.0,0.0,0.0,0.0,1.0,1.0
5,190,6.615212295717067,4.92780632201888,0.0,1.0,0.0,0.0,1.0,0.0
6,190,8.860286824061571,11.96949315753516,1.0,0.0,1.0,0.0,1.0,1.0
7,190,10.940291592566512,7.444724920631483,0.0,0.0,1.0,1.0,0.0,0.0
8,190,0.9966420309946136,0.5995996330850139,1.0,0.0,0.0,1.0,1.0,1.0
9,190,0.0,5.737224375980565,0.0,0.0,1.0,0.0,0.0,1.0
10,190,3.63899249264314,0.0,0.0,0.0,0.0,0.0,0.0,1.0
11,190,0.6201831077068498,8.3281580451513,0.0,1.0,0.0,1.0,0.0,0.0
12,190,8.943798196176212,0.0,0.0,0.0,1.0,0.0,1.0,0.0
13,190,11.098447751876227,6.898291547789621,0.0,1.0,0.0,0.0,0.0,0.0
14,190,9.966088454266426,5.876322694773519,0.0,0.0,0.0,0.0,0.0,1.0
15,190,5.293428593259792,5.936528235408582,1.0,1.0,1.0,0.0,1.0,0.0
16,190,8.25613845586441,3.3857146370768074,0.0,0.0,0.0,0.0,1.0,0.0
17,190,11.029535258284923,8.909139606551514,0.0,1.0,1.0,0.0,0.0,0.0
18,190,7.815387413141175,7.191498817676586,0.0,1.0,1.0,0.0,1.0,0.0
19,190,1.5500418771888862,3.2306796082896674,0.0,0.0,1.0,0.0,0.0,1.0
20,190,8.674295041466006,2.53636867062105,1.0,1.0,0.0,0.0,0.0,1.0
21,190,11.813051041459769,9.145094989811486,0.0,0.0,1.0,1.0,1.0,0.0
22,190,3.122981258181836,8.94606398563139,0.0,1.0,1.0,0.0,0.0,1.0
23,190,6.38682198655233,10.461120278256416,1.0,0.0,0.0,0.0,1.0,1.0
24,190,0.651433504672205,11.983098414624816,1.0,1.0,0.0,0.0,0.0,0.0
25,190,12.0,0.8355322933256308,1.0,0.0,0.0,0.0,0.0,0.0
26,190,9.412742084595749,0.0,1.0,0.0,0.0,0.0,0.0,0.0
27,190,3.81457321373339,4.744447285220396,0.0,1.0,0.0,0.0,1.0,0.0
28,190,12.0,1.6085502825404228,0.0,0.0,0.0,1.0,0.0,1.0
29,190,11.665348374345925,1.321629884559658,1.0,1.0,1.0,0.0,0.0,0.0
30,190,4.668394643902925,3.4281563024449784,1.0,1.0,0.0,1.0,0.0,0.0
31,190,9.794638717922496,10.152542172341391,0.0,0.0,0.0,0.0,0.0,1.0
32,190,7.909384556805329,5.742365162846044,0.0,0.0,0.0,0.0,0.0,0.0
33,190,0.0,1.7418934949972569,1.0,0.0,1.0,1.0,1.0,0.0
34,190,5.688886140145361,0.0,0.0,1.0,0.0,0.0,0.0,1.0
35,190,10.118679049204438,2.77043479269536,0.0,0.0,1.0,1.0,0.0,1.0
36,190,7.006998026268802,5.630623473208218,1.0,0.0,0.0,0.0,1.0,1.0
37,190,9.184966327625103,0.660034990961171,0.0,0.0,1.0,1.0,0.0,0.0
38,190,7.060065104921391,3.108195586551703,1.0,0.0,1.0,0.0,0.0,1.0
39,190,8.05364662641217,3.9892241541351656,0.0,1.0,0.0,0.0,0.0,1.0
0,195,12.0,12.0,0.0,1.0,1.0,0.0,0.0,0.0
1,195,12.0,7.952441895726436,1.0,0.0,1.0,0.0,0.0,0.0
2,195,10.059765353668444,10.933835183349595,1.0,1.0,0.0,1.0,1.0,0.0
3,195,8.252075706586718,12.0,1.0,0.0,0.0,1.0,0.0,0.0
4,195,1.1679265754896515,11.758945326925392,1.0,0.0,0.0,0.0,1.0,1.0
5,195,6.602189867513255,4.889280177683449,0.0,1.0,0.0,0.0,1.0,0.0
6,195,8.847194611648819,11.955347981206558,1.0,0.0,1.0,0.0,1.0,1.0
7,195,10.917140217895382,7.260956642410383,0.0,0.0,1.0,1.0,0.0,0.0
8,195,0.8324711555608036,0.5905069067743739,1.0,0.0,0.0,1.0,1.0,1.0
9,195,0.0,5.663017478277328,0.0,0.0,1.0,0.0,0.0,1.0
10,195,3.666517177476549,0.0,0.0,0.0,0.0,0.0,0.0,1.0
11,195,0.5623738971404775,8.37507842963013,0.0,1.0,0.0,1.0,0.0,0.0
12,195,9.043291496302224,0.0,0.0,0.0,1.0,0.0,1.0,0.0
13,195,11.10229102517619,6.876293677895347,0.0,1.0,0.0,0.0,0.0,0.0
14,195,9.888585309437484,5.995546879897836,0.0,0.0,0.0,0.0,0.0,1.0
15,195,5.261753452112468,5.917445616199879,1.0,1.0,1.0,0.0,1.0,0.0
16,195,8.248996685795827,3.254566859133539,0.0,0.0,0.0,0.0,1.0,0.0
17,195,10.913127285766832,9.026722572373844,0.0,1.0,1.0,0.0,0.0,0.0
18,195,7.896493145967042,7.281824111736964,0.0,1.0,1.0,0.0,1.0,0.0
19,195,1.6038967970821691,3.2260511932240163,0.0,0.0,1.0,0.0,0.0,1.0
20,195,8.705147053071657,2.528299876965695,1.0,1.0,0.0,0.0,0.0,1.0
21,195,11.815555471973695,9.157098001086446,0.0,0.0,1.0,1.0,1.0,0.0
22,195,3.1227404364682654,8.850959638080276,0.0,1.0,1.0,0.0,0.0,1.0
23,195,6.387719333688174,10.397143981634636,1.0,0.0,0.0,0.0,1.0,1.0
24,195,0.6547251634291492,12.0,1.0,1.0,0.0,0.0,0.0,0.0
25,195,12.0,0.8738232095092647,1.0,0.0,0.0,0.0,0.0,0.0
26,195,9.46093356075732,0.0,1.0,0.0,0.0,0.0,0.0,0.0
27,195,3.8131335661084544,4.742175434389721,0.0,1.0,0.0,0.0,1.0,0.0
28,195,12.0,1.5910111507691032,0.0,0.0,0.0,1.0,0.0,1.0
29,195,11.650570119132464,1.2457616851761992,1.0,1.0,1.0,0.0,0.0,0.0
30,195,4.657230409764371,3.348430865328288,1.0,1.0,0.0,1.0,0.0,0.0
31,195,9.788582103640248,10.12300728042962,0.0,0.0,0.0,0.0,0.0,1.0
32,195,7.809425526237871,5.744045234889367,0.0,0.0,0.0,0.0,0.0,0.0
33,195,0.0,1.6741691524461846,1.0,0.0,1.0,1.0,1.0,0.0
34,195,5.730646684266761,0.0,0.0,1.0,0.0,0.0,0.0,1.0
35,195,10.103570672217897,2.8195719243739745,0.0,0.0,1.0,1.0,0.0,1.0
36,195,7.014790414399608,5.571538778082132,1.0,0.0,0.0,0.0,1.0,1.0
37,195,9.182143716011508,0.6633351782140087,0.0,0.0,1.0,1.0,0.0,0.0
38,195,7.032471669733343,3.108224679445428,1.0,0.0,1.0,0.0,0.0,1.0
39,195,7.890558750523784,4.066206702472571,0.0,1.0,0.0,0.0,0.0,1.0
0,200,12.0,12.0,0.0,1.0,1.0,0.0,0.0,0.0
1,200,12.0,8.165824297119766,1.0,0.0,1.0,0.0,0.0,0.0
2,200,10.039928551797134,10.952468433238028,1.0,1.0,0.0,1.0,1.0,0.0
3,200,8.25864065223781,12.0,1.0,0.0,0.0,1.0,0.0,0.0
4,200,1.1329066558058358,11.78171908165495,1.0,0.0,0.0,0.0,1.0,1.0
5,200,6.593444231807984,4.865406418118975,0.0,1.0,0.0,0.0,1.0,0.0
6,200,8.822304283053878,11.928323723806734,1.0,0.0,1.0,0.0,1.0,1.0
7,200,10.898238706569964,7.104060118183188,0.0,0.0,1.0,1.0,0.0,0.0
8,200,0.6557051141614916,0.5845012925105988,1.0,0.0,0.0,1.0,1.0,1.0
9,200,0.0,5.597600819976429,0.0,0.0,1.0,0.0,0.0,1.0
10,200,3.693381726816691,0.0,0.0,0.0,0.0,0.0,0.0,1.0
11,200,0.4970522514612799,8.428301657615622,0.0,1.0,0.0,1.0,0.0,0.0
12,200,9.145318083654342,0.0,0.0,0.0,1.0,0.0,1.0,0.0
13,200,11.144907066535138,6.884148628675267,0.0,1.0,0.0,0.0,0.0,0.0
14,200,9.800702775975177,6.126560165132768,0.0,0.0,0.0,0.0,0.0,1.0
15,200,5.214496964453421,5.88959830559577,1.0,1.0,1.0,0.0,1.0,0.0
16,200,8.243650073282632,3.138547837406896,0.0,0.0,0.0,0.0,1.0,0.0
17,200,10.78048705107558,9.161189206471697,0.0,1.0,1.0,0.0,0.0,0.0
18,200,7.973041953894567,7.36700036229567,0.0,1.0,1.0,0.0,1.0,0.0
19,200,1.657305088079999,3.2210638429716583,0.0,0.0,1.0,0.0,0.0,1.0
20,200,8.70982808565783,2.5270955068134207,1.0,1.0,0.0,0.0,0.0,1.0
21,200,11.817737476920334,9.167603127993432,0.0,0.0,1.0,1.0,1.0,0.0
22,200,3.227152263774926,8.852218096352704,0.0,1.0,1.0,0.0,0.0,1.0
23,200,6.387730580022097,10.349716650362312,1.0,0.0,0.0,0.0,1.0,1.0
24,200,0.657479464641882,12.0,1.0,1.0,0.0,0.0,0.0,0.0
25,200,12.0,0.9140565102524524,1.0,0.0,0.0,0.0,0.0,0.0
26,200,9.51610927554217,0.0,1.0,0.0,0.0,0.0,0.0,0.0
27,200,3.8221779166898338,4.756711768016359,0.0,1.0,0.0,0.0,1.0,0.0
28,200,12.0,1.5660240189761447,0.0,0.0,0.0,1.0,0.0,1.0
29,200,11.636352770346988,1.1729803016136455,1.0,1.0,1.0,0.0,0.0,0.0
30,200,4.557363773835847,3.362272343272505,1.0,1.0,0.0,1.0,0.0,0.0
31,200,9.786146886021347,10.11153618234783,0.0,0.0,0.0,0.0,0.0,1.0
32,200,7.709430411734179,5.7470520157769,0.0,0.0,0.0,0.0,0.0,0.0
33,200,0.0,1.6197135296333314,1.0,0.0,1.0,1.0,1.0,0.0
34,200,5.780369628254984,0.0,0.0,1.0,0.0,0.0,0.0,1.0
35,200,10.099317479699176,2.832942415358452,0.0,0.0,1.0,1.0,0.0,1.0
36,200,7.019206177808891,5.531744447466824,1.0,0.0,0.0,0.0,1.0,1.0
37,200,9.18189240066561,0.6636425938163524,0.0,0.0,1.0,1.0,0.0,0.0
38,200,7.0058599062949565,3.107985280286264,1.0,0.0,1.0,0.0,0.0,1.0
39,200,7.717608934672555,4.144973443175891,0.0,1.0,0.0,0.0,0.0,1.0
0,205,12.0,12.0,0.0,1.0,1.0,0.0,0.0,0.0
1,205,12.0,8.386426528569345,1.0,0.0,1.0,0.0,0.0,0.0
2,205,10.01191655967697,10.979364690309769,1.0,1.0,0.0,1.0,1.0,0.0
3,205,8.27015283208277,12.0,1.0,0.0,0.0,1.0,0.0,0.0
4,205,1.1119773236335095,11.750692071840708,1.0,0.0,0.0,0.0,1.0,1.0
5,205,6.576377395219632,4.8193440584074505,0.0,1.0,0.0,0.0,1.0,0.0
6,205,8.783675084650246,11.884614659634863,1.0,0.0,1.0,0.0,1.0,1.0
7,205,10.874508452429165,6.92862396175363,0.0,0.0,1.0,1.0,0.0,0.0
8,205,0.4796172413047011,0.5761759865802459,1.0,0.0,0.0,1.0,1.0,1.0
9,205,0.0,5.538429568016214,0.0,0.0,1.0,0.0,0.0,1.0
10,205,3.715098619165078,0.0,0.0,0.0,0.0,0.0,0.0,1.0
11,205,0.4473913513430995,8.46784630271437,0.0,1.0,0.0,1.0,0.0,0.0
12,205,9.244312246292518,0.0,0.0,0.0,1.0,0.0,1.0,0.0
13,205,11.193933871464989,6.892872011730924,0.0,1.0,0.0,0.0,0.0,0.0
14,205,9.692835845644522,6.2872949709378005,0.0,0.0,0.0,0.0,0.0,1.0
15,205,5.184396377599463,5.871624132355676,1.0,1.0,1.0,0.0,1.0,0.0
16,205,8.24003443651928,3.035363909350916,0.0,0.0,0.0,0.0,1.0,0.0
17,205,10.658624567062867,9.279628148771984,0.0,1.0,1.0,0.0,0.0,0.0
18,205,8.056888010245585,7.464252186137785,0.0,1.0,1.0,0.0,1.0,0.0
19,205,1.725296513205357,3.2162752294629624,0.0,0.0,1.0,0.0,0.0,1.0
20,205,8.73007768522186,2.5223624574905674,1.0,1.0,0.0,0.0,0.0,1.0
21,205,11.825278866796168,9.205276480926852,0.0,0.0,1.0,1.0,1.0,0.0
22,205,3.325408549797896,8.855852214881578,0.0,1.0,1.0,0.0,0.0,1.0
23,205,6.388537351215187,10.295910903188242,1.0,0.0,0.0,0.0,1.0,1.0
24,205,0.6589881526391568,12.0,1.0,1.0,0.0,0.0,0.0,0.0
25,205,12.0,0.9508647636103412,1.0,0.0,0.0,0.0,0.0,0.0
26,205,9.557731787989786,0.0,1.0,0.0,0.0,0.0,0.0,0.0
27,205,3.829645710484199,4.7694206897313896,0.0,1.0,0.0,0.0,1.0,0.0
28,205,12.0,1.5443429663484427,0.0,0.0,0.0,1.0,0.0,1.0
29,205,11.614907448893032,1.072738780355615,1.0,1.0,1.0,0.0,0.0,0.0
30,205,4.464926751010832,3.372622193985591,1.0,1.0,0.0,1.0,0.0,0.0
31,205,9.784301822920996,10.103578429253838,0.0,0.0,0.0,0.0,0.0,1.0
32,205,7.624634290683341,5.747308072044355,0.0,0.0,0.0,0.0,0.0,0.0
33,205,0.0,1.5624012855712397,1.0,0.0,1.0,1.0,1.0,0.0
34,205,5.833669421299449,0.0,0.0,1.0,0.0,0.0,0.0,1.0
35,205,10.095287373278476,2.845704798344052,0.0,0.0,1.0,1.0,0.0,1.0
36,205,7.025448652262043,5.469123156496194,1.0,0.0,0.0,0.0,1.0,1.0
37,205,9.187708347353384,0.6565614768535672,0.0,0.0,1.0,1.0,0.0,0.0
38,205,6.952928367964842,3.1078815037684984,1.0,0.0,1.0,0.0,0.0,1.0
39,205,7.548104150818983,4.231045731237409,0.0,1.0,0.0,0.0,0.0,1.0
0,210,12.0,12.0,0.0,1.0,1.0,0.0,0.0,0.0
1,210,12.0,8.629968833315747,1.0,0.0,1.0,0.0,0.0,0.0
2,210,9.988416832533591,11.001675807523045,1.0,1.0,0.0,1.0,1.0,0.0
3,210,8.28232758755616,12.0,1.0,0.0,0.0,1.0,0.0,0.0
4,210,1.0838384274208113,11.707887051418547,1.0,0.0,0.0,0.0,1.0,1.0
5,210,6.557422203953857,4.767883801504318,0.0,1.0,0.0,0.0,1.0,0.0
6,210,8.737542248950113,11.8301635047817,1.0,0.0,1.0,0.0,1.0,1.0
7,210,10.856239272028631,6.755416458137393,0.0,0.0,1.0,1.0,0.0,0.0
8,210,0.3138548733119336,0.5652930692759228,1.0,0.0,0.0,1.0,1.0,1.0
9,210,0.0,5.4915042515890375,0.0,0.0,1.0,0.0,0.0,1.0
10,210,3.7347236679547575,0.0,0.0,0.0,0.0,0.0,0.0,1.0
11,210,0.3812133044217394,8.517654556119341,0.0,1.0,0.0,1.0,0.0,0.0
12,210,9.337583507829772,0.0,0.0,0.0,1.0,0.0,1.0,0.0
13,210,11.220336395556078,6.897305635881446,0.0,1.0,0.0,0.0,0.0,0.0
14,210,9.574008515036736,6.4520725806107535,0.0,0.0,0.0,0.0,0.0,1.0
15,210,5.13966070595422,5.846163541976662,1.0,1.0,1.0,0.0,1.0,0.0
16,210,8.236673444997791,2.950174186702204,0.0,0.0,0.0,0.0,1.0,0.0
17,210,10.548515821104305,9.387465678368402,0.0,1.0,1.0,0.0,0.0,0.0
18,210,8.141487868398228,7.565755683579312,0.0,1.0,1.0,0.0,1.0,0.0
19,210,1.785333286126437,3.2115408887469035,0.0,0.0,1.0,0.0,0.0,1.0
20,210,8.756710297695705,2.5165192813551016,1.0,1.0,0.0,0.0,0.0,1.0
21,210,11.874076625220193,9.195880483418613,0.0,0.0,1.0,1.0,1.0,0.0
22,210,3.4094854080131856,8.859392172828064,0.0,1.0,1.0,0.0,0.0,1.0
23,210,6.388544767782035,10.244264580854107,1.0,0.0,0.0,0.0,1.0,1.0
24,210,0.6636106664287919,12.0,1.0,1.0,0.0,0.0,0.0,0.0
25,210,12.0,0.981088233955644,1.0,0.0,0.0,0.0,0.0,0.0
26,210,9.591529998524058,0.0,1.0,0.0,0.0,0.0,0.0,0.0
27,210,3.8416404817233616,4.788551571623591,0.0,1.0,0.0,0.0,1.0,0.0
28,210,12.0,1.5317744719169717,0.0,0.0,0.0,1.0,0.0,1.0
29,210,11.59313216875495,0.9726817295272332,1.0,1.0,1.0,0.0,0.0,0.0
30,210,4.37575673545785,3.379595608543429,1.0,1.0,0.0,1.0,0.0,0.0
31,210,9.787597078855992,10.119156550124693,0.0,0.0,0.0,0.0,0.0,1.0
32,210,7.521673201026256,5.7482199833525405,0.0,0.0,0.0,0.0,0.0,0.0
33,210,0.0,1.5015226898447995,1.0,0.0,1.0,1.0,1.0,0.0
34,210,5.889070060214721,0.0,0.0,1.0,0.0,0.0,0.0,1.0
35,210,10.098910876228564,2.8339167169219714,0.0,0.0,1.0,1.0,0.0,1.0
36,210,7.032264881987231,5.398386758991311,1.0,0.0,0.0,0.0,1.0,1.0
37,210,9.200613065794254,0.6412604702053994,0.0,0.0,1.0,1.0,0.0,0.0
38,210,6.904714975588601,3.106350371675167,1.0,0.0,1.0,0.0,0.0,1.0
39,210,7.387195220827444,4.316081199554747,0.0,1.0,0.0,0.0,0.0,1.0
0,215,12.0,12.0,0.0,1.0,1.0,0.0,0.0,0.0
1,215,12.0,8.884548466629546,1.0,0.0,1.0,0.0,0.0,0.0
2,215,9.9509009607117,11.038247199962695,1.0,1.0,0.0,1.0,1.0,0.0
3,215,8.29464993739865,12.0,1.0,0.0,0.0,1.0,0.0,0.0
4,215,1.0648433435958775,11.679995491884188,1.0,0.0,0.0,0.0,1.0,1.0
5,215,6.539295403964436,4.718195870738233,0.0,1.0,0.0,0.0,1.0,0.0
6,215,8.707388187274754,11.79273462014474,1.0,0.0,1.0,0.0,1.0,1.0
7,215,10.833210302793171,6.604870424050837,0.0,0.0,1.0,1.0,0.0,0.0
8,215,0.1491036293140673,0.5613236356235879,1.0,0.0,0.0,1.0,1.0,1.0
9,215,0.0,5.450054137109763,0.0,0.0,1.0,0.0,0.0,1.0
10,215,3.752159772336048,0.0,0.0,0.0,0.0,0.0,0.0,1.0
11,215,0.3181361642752761,8.564878340533731,0.0,1.0,0.0,1.0,0.0,0.0
12,215,9.431473357961988,0.0,0.0,0.0,1.0,0.0,1.0,0.0
13,215,11.23803760184132,6.900521865625708,0.0,1.0,0.0,0.0,0.0,0.0
14,215,9.460640061245998,6.615309252141232,0.0,0.0,0.0,0.0,0.0,1.0
15,215,5.103971219356033,5.826097442989241,1.0,1.0,1.0,0.0,1.0,0.0
16,215,8.229930052896828,2.8519196210185567,0.0,0.0,0.0,0.0,1.0,0.0
17,215,10.43200719730696,9.500687627840382,0.0,1.0,1.0,0.0,0.0,0.0
18,215,8.234864049893092,7.677749221895862,0.0,1.0,1.0,0.0,1.0,0.0
19,215,1.8395127981989672,3.2068261719665405,0.0,0.0,1.0,0.0,0.0,1.0
20,215,8.80473698072428,2.5070203385760284,1.0,1.0,0.0,0.0,0.0,1.0
21,215,11.917543717095716,9.187896139132894,0.0,0.0,1.0,1.0,1.0,0.0
22,215,3.4921164588562728,8.863068386429337,0.0,1.0,1.0,0.0,0.0,1.0
23,215,6.387795302191195,10.159157045180478,1.0,0.0,0.0,0.0,1.0,1.0
24,215,0.6655627286289482,12.0,1.0,1.0,0.0,0.0,0.0,0.0
25,215,12.0,1.016739664782039,1.0,0.0,0.0,0.0,0.0,0.0
26,215,9.617622767563638,0.0,1.0,0.0,0.0,0.0,0.0,0.0
27,215,3.844829886663628,4.793610547750821,0.0,1.0,0.0,0.0,1.0,0.0
28,215,12.0,1.5215613215202624,0.0,0.0,0.0,1.0,0.0,1.0
29,215,11.575818952114432,0.887476070172861,1.0,1.0,1.0,0.0,0.0,0.0
30,215,4.289959925004191,3.3884346503928007,1.0,1.0,0.0,1.0,0.0,0.0
31,215,9.789212670402026,10.127551909693151,0.0,0.0,0.0,0.0,0.0,1.0
32,215,7.436834995501405,5.747367743529295,0.0,0.0,0.0,0.0,0.0,0.0
33,215,0.0,1.4487257801690003,1.0,0.0,1.0,1.0,1.0,0.0
34,215,5.939760584324195,0.0,0.0,1.0,0.0,0.0,0.0,1.0
35,215,10.103939344930575,2.818138532754544,0.0,0.0,1.0,1.0,0.0,1.0
36,215,7.038434459422775,5.32031103529408,1.0,0.0,0.0,0.0,1.0,1.0
37,215,9.221360826550336,0.6161884769119037,0.0,0.0,1.0,1.0,0.0,0.0
38,215,6.851853557084066,3.1061440644778746,1.0,0.0,1.0,0.0,0.0,1.0
39,215,7.237969171645319,4.389381326513937,0.0,1.0,0.0,0.0,0.0,1.0
0,220,12.0,12.0,0.0,1.0,1.0,0.0,0.0,0.0
1,220,12.0,9.159164758844335,1.0,0.0,1.0,0.0,0.0,0.0
2,220,9.91365090456256,11.077432964923323,1.0,1.0,0.0,1.0,1.0,0.0
3,220,8.307131060598051,12.0,1.0,0.0,0.0,1.0,0.0,0.0
4,220,1.0430077619495943,11.648778696094094,1.0,0.0,0.0,0.0,1.0,1.0
5,220,6.525956023635293,4.683330105115434,0.0,1.0,0.0,0.0,1.0,0.0
6,220,8.689388548179828,11.771176355309494,1.0,0.0,1.0,0.0,1.0,1.0
7,220,10.814600489511337,6.470023635315807,0.0,0.0,1.0,1.0,0.0,0.0
8,220,0.0,0.557100175742717,1.0,0.0,0.0,1.0,1.0,1.0
9,220,0.0,5.409922014372456,0.0,0.0,1.0,0.0,0.0,1.0
10,220,3.770279066124675,0.0,0.0,0.0,0.0,0.0,0.0,1.0
11,220,0.2515104803996789,8.613698385693418,0.0,1.0,0.0,1.0,0.0,0.0
12,220,9.530361733062014,0.0,0.0,0.0,1.0,0.0,1.0,0.0
13,220,11.232984525128511,6.899550674026216,0.0,1.0,0.0,0.0,0.0,0.0
14,220,9.352897784781486,6.763475367457849,0.0,0.0,0.0,0.0,0.0,1.0
15,220,5.082582118312172,5.813963789505574,1.0,1.0,1.0,0.0,1.0,0.0
16,220,8.221337776273892,2.7360751418748683,0.0,0.0,0.0,0.0,1.0,0.0
17,220,10.31590411466123,9.620842038762586,0.0,1.0,1.0,0.0,0.0,0.0
18,220,8.335333279373142,7.805574862264804,0.0,1.0,1.0,0.0,1.0,0.0
19,220,1.8971490239036048,3.202227794061244,0.0,0.0,1.0,0.0,0.0,1.0
20,220,8.853396071287436,2.49666137876888,1.0,1.0,0.0,0.0,0.0,1.0
21,220,11.98247488887643,9.176119796810816,0.0,0.0,1.0,1.0,1.0,0.0
22,220,3.5968891618209504,8.86872303994959,0.0,1.0,1.0,0.0,0.0,1.0
23,220,6.387698778374223,10.06896109195966,1.0,0.0,0.0,0.0,1.0,1.0
24,220,0.6650130143335614,11.9976305043898,1.0,1.0,0.0,0.0,0.0,0.0
25,220,12.0,1.0510419718044024,1.0,0.0,0.0,0.0,0.0,0.0
26,220,9.6582390372692,0.0,1.0,0.0,0.0,0.0,0.0,0.0
27,220,3.844267904262861,4.792706906508828,0.0,1.0,0.0,0.0,1.0,0.0
28,220,12.0,1.5184047779036145,0.0,0.0,0.0,1.0,0.0,1.0
29,220,11.555599573471572,0.7905423301495011,1.0,1.0,1.0,0.0,0.0,0.0
30,220,4.22140649243531,3.395962262272476,1.0,1.0,0.0,1.0,0.0,0.0
31,220,9.79162012405494,10.13858454434384,0.0,0.0,0.0,0.0,0.0,1.0
32,220,7.352699501501361,5.74548738824448,0.0,0.0,0.0,0.0,0.0,0.0
33,220,0.0,1.4095807120155373,1.0,0.0,1.0,1.0,1.0,0.0
34,220,5.985237903637725,0.0,0.0,1.0,0.0,0.0,0.0,1.0
35,220,10.103284954778296,2.8201154629632845,0.0,0.0,1.0,1.0,0.0,1.0
36,220,7.045826665487336,5.235491645476761,1.0,0.0,0.0,0.0,1.0,1.0
37,220,9.243210432061543,0.5911709251264441,0.0,0.0,1.0,1.0,0.0,0.0
38,220,6.818626020406167,3.1067235462766187,1.0,0.0,1.0,0.0,0.0,1.0
39,220,7.0855639894611295,4.468333288455095,0.0,1.0,0.0,0.0,0.0,1.0
0,225,12.0,12.0,0.0,1.0,1.0,0.0,0.0,0.0
1,225,12.0,9.441338129874916,1.0,0.0,1.0,0.0,0.0,0.0
2,225,9.876213185398475,11.117921302322486,1.0,1.0,0.0,1.0,1.0,0.0
3,225,8.319744696168616,12.0,1.0,0.0,0.0,1.0,0.0,0.0
4,225,1.0221988286367722,11.619562431180196,1.0,0.0,0.0,0.0,1.0,1.0
5,225,6.511853734622232,4.647463465352351,0.0,1.0,0.0,0.0,1.0,0.0
6,225,8.661810819084062,11.739022860952568,1.0,0.0,1.0,0.0,1.0,1.0
7,225,10.787127016204506,6.311875822625323,0.0,0.0,1.0,1.0,0.0,0.0
8,225,0.0,0.5551121689095662,1.0,0.0,0.0,1.0,1.0,1.0
9,225,0.0,5.363513183590244,0.0,0.0,1.0,0.0,0.0,1.0
10,225,3.791195022020913,0.0,0.0,0.0,0.0,0.0,0.0,1.0
11,225,0.1759548801888062,8.671545849275882,0.0,1.0,0.0,1.0,0.0,0.0
12,225,9.686424105708086,0.1058728182466456,0.0,0.0,1.0,0.0,1.0,0.0
13,225,11.22534314502594,6.898210512179688,0.0,1.0,0.0,0.0,0.0,0.0
14,225,9.248967898627148,6.910604463066835,0.0,0.0,0.0,0.0,0.0,1.0
15,225,5.062314065494227,5.802109592481933,1.0,1.0,1.0,0.0,1.0,0.0
16,225,8.211077517681902,2.6083099711308853,0.0,0.0,0.0,0.0,1.0,0.0
17,225,10.211262986665645,9.73313356890045,0.0,1.0,1.0,0.0,0.0,0.0
18,225,8.435333364688445,7.932358710222454,0.0,1.0,1.0,0.0,1.0,0.0
19,225,1.9569810872229971,3.1966659949628573,0.0,0.0,1.0,0.0,0.0,1.0
20,225,8.910478505348378,2.4844140227830307,1.0,1.0,0.0,0.0,0.0,1.0
21,225,12.0,9.165750410785048,0.0,0.0,1.0,1.0,1.0,0.0
22,225,3.703301457574948,8.875491608004982,0.0,1.0,1.0,0.0,0.0,1.0
23,225,6.386477814132918,9.988691793458978,1.0,0.0,0.0,0.0,1.0,1.0
24,225,0.659636785024907,11.973716376212524,1.0,1.0,0.0,0.0,0.0,0.0
25,225,12.0,1.0700074279347032,1.0,0.0,0.0,0.0,0.0,0.0
26,225,9.69495173401322,0.0,1.0,0.0,0.0,0.0,0.0,0.0
27,225,3.843074386021817,4.790815603086886,0.0,1.0,0.0,0.0,1.0,0.0
28,225,12.0,1.5052742358229887,0.0,0.0,0.0,1.0,0.0,1.0
29,225,11.540323606711455,0.7078121227871722,1.0,1.0,1.0,0.0,0.0,0.0
30,225,4.161551175611103,3.401840589936038,1.0,1.0,0.0,1.0,0.0,0.0
31,225,9.792935946138432,10.145840877255775,0.0,0.0,0.0,0.0,0.0,1.0
32,225,7.285485502560916,5.742928372956051,0.0,0.0,0.0,0.0,0.0,0.0
33,225,0.0,1.3736777075036637,1.0,0.0,1.0,1.0,1.0,0.0
34,225,6.02999176369036,0.0,0.0,1.0,0.0,0.0,0.0,1.0
35,225,10.109284229191202,2.801709333310196,0.0,0.0,1.0,1.0,0.0,1.0
36,225,7.054536760607313,5.140521507268387,1.0,0.0,0.0,0.0,1.0,1.0
37,225,9.267019600991116,0.5643653121271196,0.0,0.0,1.0,1.0,0.0,0.0
38,225,6.771688671497478,3.107094234701385,1.0,0.0,1.0,0.0,0.0,1.0
39,225,6.937031435292551,4.547482600885582,0.0,1.0,0.0,0.0,0.0,1.0
0,230,12.0,12.0,0.0,1.0,1.0,0.0,0.0,0.0
1,230,12.0,9.720679865838871,1.0,0.0,1.0,0.0,0.0,0.0
2,230,9.829740182466823,11.16669266524788,1.0,1.0,0.0,1.0,1.0,0.0
3,230,8.339360654798583,12.0,1.0,0.0,0.0,1.0,0.0,0.0
4,230,1.0055916126151496,11.596223264603395,1.0,0.0,0.0,0.0,1.0,1.0
5,230,6.495987034472726,4.605712180605658,0.0,1.0,0.0,0.0,1.0,0.0
6,230,8.654635151715024,11.729994674653376,1.0,0.0,1.0,0.0,1.0,1.0
7,230,10.759967173785238,6.162188878713421,0.0,0.0,1.0,1.0,0.0,0.0
8,230,0.0,0.551889021744704,1.0,0.0,0.0,1.0,1.0,1.0
9,230,0.0,5.320802231255286,0.0,0.0,1.0,0.0,0.0,1.0
10,230,3.812386982851568,0.0,0.0,0.0,0.0,0.0,0.0,1.0
11,230,0.093093106264498,8.737955094375627,0.0,1.0,0.0,1.0,0.0,0.0
12,230,9.85328695046354,0.223614549960724,0.0,0.0,1.0,0.0,1.0,0.0
13,230,11.220868563336229,6.897468311650751,0.0,1.0,0.0,0.0,0.0,0.0
14,230,9.142067823862549,7.055046499546283,0.0,0.0,0.0,0.0,0.0,1.0
15,230,5.03343116734546,5.785314391562584,1.0,1.0,1.0,0.0,1.0,0.0
16,230,8.202606220592255,2.4799597191638605,0.0,0.0,0.0,0.0,1.0,0.0
17,230,10.097013114610512,9.85279368866282,0.0,1.0,1.0,0.0,0.0,0.0
18,230,8.53386431977843,8.065910135773887,0.0,1.0,1.0,0.0,1.0,0.0
19,230,2.019792629878853,3.1903539465022583,0.0,0.0,1.0,0.0,0.0,1.0
20,230,8.977119708541462,2.471711316798901,1.0,1.0,0.0,0.0,0.0,1.0
21,230,12.0,9.15802025198853,0.0,0.0,1.0,1.0,1.0,0.0
22,230,3.8061126343952174,8.882246101631802,0.0,1.0,1.0,0.0,0.0,1.0
23,230,6.38433316544249,9.886271998687072,1.0,0.0,0.0,0.0,1.0,1.0
24,230,0.656503882286871,11.959468624217555,1.0,1.0,0.0,0.0,0.0,0.0
25,230,12.0,1.081230480860228,1.0,0.0,0.0,0.0,0.0,0.0
26,230,9.750576714174986,0.0,1.0,0.0,0.0,0.0,0.0,0.0
27,230,3.834725180627333,4.77718018295753,0.0,1.0,0.0,0.0,1.0,0.0
28,230,12.0,1.5021629781491324,0.0,0.0,0.0,1.0,0.0,1.0
29,230,11.526545248202924,0.6303679067070653,1.0,1.0,1.0,0.0,0.0,0.0
30,230,4.107627536834004,3.4074228183957858,1.0,1.0,0.0,1.0,0.0,0.0
31,230,9.793911872855285,10.150934723725314,0.0,0.0,0.0,0.0,0.0,1.0
32,230,7.22778374620433,5.740895119949482,0.0,0.0,0.0,0.0,0.0,0.0
33,230,0.0,1.3338632213011312,1.0,0.0,1.0,1.0,1.0,0.0
34,230,6.083939692249421,0.0,0.0,1.0,0.0,0.0,0.0,1.0
35,230,10.11744230559092,2.7749390392095656,0.0,0.0,1.0,1.0,0.0,1.0
36,230,7.066438641808841,5.030447111336255,1.0,0.0,0.0,0.0,1.0,1.0
37,230,9.30073387784676,0.5245299892285595,0.0,0.0,1.0,1.0,0.0,0.0
38,230,6.727852825518426,3.108065469686996,1.0,0.0,1.0,0.0,0.0,1.0
39,230,6.787724325363933,4.626359221416922,0.0,1.0,0.0,0.0,0.0,1.0
0,235,12.0,12.0,0.0,1.0,1.0,0.0,0.0,0.0
1,235,12.0,10.002857815755,1.0,0.0,1.0,0.0,0.0,0.0
2,235,9.780698731535216,11.219297969253043,1.0,1.0,0.0,1.0,1.0,0.0
3,235,8.360924365766216,12.0,1.0,0.0,0.0,1.0,0.0,0.0
4,235,0.9923733444911742,11.577601134979432,1.0,0.0,0.0,0.0,1.0,1.0
5,235,6.474466721889924,4.549352318898788,0.0,1.0,0.0,0.0,1.0,0.0
6,235,8.645215729424732,11.718657396505613,1.0,0.0,1.0,0.0,1.0,1.0
7,235,10.73267374887039,6.015495779937476,0.0,0.0,1.0,1.0,0.0,0.0
8,235,0.0,0.5516432881136091,1.0,0.0,0.0,1.0,1.0,1.0
9,235,0.0,5.29400440425247,0.0,0.0,1.0,0.0,0.0,1.0
10,235,3.881940096724692,0.0156521478865043,0.0,0.0,0.0,0.0,0.0,1.0
11,235,0.0282350989259338,8.793127904393254,0.0,1.0,0.0,1.0,0.0,0.0
12,235,10.017222368483951,0.3418217996875085,0.0,0.0,1.0,0.0,1.0,0.0
13,235,11.212836917149804,6.896132605035287,0.0,1.0,0.0,0.0,0.0,0.0
14,235,9.046297620160884,7.190313310505297,0.0,0.0,0.0,0.0,0.0,1.0
15,235,4.994858527070572,5.763925019158404,1.0,1.0,1.0,0.0,1.0,0.0
16,235,8.191278307756185,2.3355147305911705,0.0,0.0,0.0,0.0,1.0,0.0
17,235,9.98841454363226,9.969449041568708,0.0,1.0,1.0,0.0,0.0,0.0
18,235,8.630993463949606,8.19489158937393,0.0,1.0,1.0,0.0,1.0,0.0
19,235,2.0565842764580107,3.1882657419747225,0.0,0.0,1.0,0.0,0.0,1.0
20,235,9.061512849042249,2.456621080199284,1.0,1.0,0.0,0.0,0.0,1.0
21,235,12.0,9.151283047913138,0.0,0.0,1.0,1.0,1.0,0.0
22,235,3.9095706777042687,8.89039496762565,0.0,1.0,1.0,0.0,0.0,1.0
23,235,6.380234506132564,9.765012966000535,1.0,0.0,0.0,0.0,1.0,1.0
24,235,0.6364474623015518,11.963961355626388,1.0,1.0,0.0,0.0,0.0,0.0
25,235,12.0,1.0919416038780865,1.0,0.0,0.0,0.0,0.0,0.0
26,235,9.81920671859842,0.0,1.0,0.0,0.0,0.0,0.0,0.0
27,235,3.829150124192171,4.768195834193985,0.0,1.0,0.0,0.0,1.0,0.0
28,235,11.997140827154691,1.504200308374949,0.0,0.0,0.0,1.0,0.0,1.0
29,235,11.514992566004738,0.567401717577161,1.0,1.0,1.0,0.0,0.0,0.0
30,235,4.037693885463039,3.4137056061255944,1.0,1.0,0.0,1.0,0.0,0.0
31,235,9.795322534128294,10.159390241594355,0.0,0.0,0.0,0.0,0.0,1.0
32,235,7.169508563930426,5.73952798135561,0.0,0.0,0.0,0.0,0.0,0.0
33,235,0.0,1.2966734483006668,1.0,0.0,1.0,1.0,1.0,0.0
34,235,6.141689500890903,0.0,0.0,1.0,0.0,0.0,0.0,1.0
35,235,10.128020659738526,2.743029316674897,0.0,0.0,1.0,1.0,0.0,1.0
36,235,7.077245520920024,4.94939475971156,1.0,0.0,0.0,0.0,1.0,1.0
37,235,9.321576318178932,0.5000202440459964,0.0,0.0,1.0,1.0,0.0,0.0
38,235,6.681754797114179,3.1085867219786545,1.0,0.0,1.0,0.0,0.0,1.0
39,235,6.64028182562069,4.701631971934341,0.0,1.0,0.0,0.0,0.0,1.0
0,240,12.0,12.0,0.0,1.0,1.0,0.0,0.0,0.0
1,240,12.0,10.287494384056831,1.0,0.0,1.0,0.0,0.0,0.0
2,240,9.72448309533279,11.279808619016872,1.0,1.0,0.0,1.0,1.0,0.0
3,240,8.384158096725082,12.0,1.0,0.0,0.0,1.0,0.0,0.0
4,240,0.9769773392832022,11.554668650056533,1.0,0.0,0.0,0.0,1.0,1.0
5,240,6.44401258436421,4.471889436771328,0.0,1.0,0.0,0.0,1.0,0.0
6,240,8.63256548909706,11.704451553309866,1.0,0.0,1.0,0.0,1.0,1.0
7,240,10.703202556574205,5.888288233907837,0.0,0.0,1.0,1.0,0.0,0.0
8,240,0.0,0.5515882207135113,1.0,0.0,0.0,1.0,1.0,1.0
9,240,0.0,5.244940265393188,0.0,0.0,1.0,0.0,0.0,1.0
10,240,3.947148892730618,0.0311577603252564,0.0,0.0,0.0,0.0,0.0,1.0
11,240,0.0,8.842299502869544,0.0,1.0,0.0,1.0,0.0,0.0
12,240,10.164008362571725,0.4498853401192645,0.0,0.0,1.0,0.0,1.0,0.0
13,240,11.196450069782845,6.893299512811255,0.0,1.0,0.0,0.0,0.0,0.0
14,240,8.936232680104975,7.336933914163174,0.0,0.0,0.0,0.0,0.0,1.0
15,240,4.957579013407678,5.7429421254703445,1.0,1.0,1.0,0.0,1.0,0.0
16,240,8.175855535008099,2.1875634024663317,0.0,0.0,0.0,0.0,1.0,0.0
17,240,9.850809662473734,10.1109528693302,0.0,1.0,1.0,0.0,0.0,0.0
18,240,8.727592514689698,8.318051805914685,0.0,1.0,1.0,0.0,1.0,0.0
19,240,2.088843770642019,3.1869604552660933,0.0,0.0,1.0,0.0,0.0,1.0
20,240,9.173175673383763,2.4368604381528285,1.0,1.0,0.0,0.0,0.0,1.0
21,240,12.0,9.1467466941336,0.0,0.0,1.0,1.0,1.0,0.0
22,240,4.00179338506658,8.897182831781977,0.0,1.0,1.0,0.0,0.0,1.0
23,240,6.376530157357558,9.637549135740905,1.0,0.0,0.0,0.0,1.0,1.0
24,240,0.6335000001888185,11.96463294788998,1.0,1.0,0.0,0.0,0.0,0.0
25,240,12.0,1.1076668839951769,1.0,0.0,0.0,0.0,0.0,0.0
26,240,9.895699703520338,0.0,1.0,0.0,0.0,0.0,0.0,0.0
27,240,3.829049174639652,4.768030935198693,0.0,1.0,0.0,0.0,1.0,0.0
28,240,11.976839987597156,1.5189512385075303,0.0,0.0,0.0,1.0,0.0,1.0
29,240,11.498149721591815,0.4909634465437322,1.0,1.0,1.0,0.0,0.0,0.0
30,240,3.9597068417964114,3.41991873616966,1.0,1.0,0.0,1.0,0.0,0.0
31,240,9.792715046462131,10.143094064467103,0.0,0.0,0.0,0.0,0.0,1.0
32,240,7.130015541378047,5.738758810317581,0.0,0.0,0.0,0.0,0.0,0.0
33,240,0.0355866412926847,1.2019946656305274,1.0,0.0,1.0,1.0,1.0,0.0
34,240,6.201945857334683,0.0,0.0,1.0,0.0,0.0,0.0,1.0
35,240,10.13523995516768,2.722133457033357,0.0,0.0,1.0,1.0,0.0,1.0
36,240,7.086872807859346,4.867453045201968,1.0,0.0,0.0,0.0,1.0,1.0
37,240,9.32569997805659,0.4949334800877858,0.0,0.0,1.0,1.0,0.0,0.0
38,240,6.643115466813379,3.1093018278201723,1.0,0.0,1.0,0.0,0.0,1.0
39,240,6.502671215761877,4.777008148001706,0.0,1.0,0.0,0.0,0.0,1.0
0,245,12.0,12.0,0.0,1.0,1.0,0.0,0.0,0.0
1,245,12.0,10.562024375731934,1.0,0.0,1.0,0.0,0.0,0.0
2,245,9.667397146366133,11.344236776140722,1.0,1.0,0.0,1.0,1.0,0.0
3,245,8.403709639253591,12.0,1.0,0.0,0.0,1.0,0.0,0.0
4,245,0.959390659016548,11.52802594241762,1.0,0.0,0.0,0.0,1.0,1.0
5,245,6.420982459775867,4.411307875690833,0.0,1.0,0.0,0.0,1.0,0.0
6,245,8.605400405187787,11.728666790908468,1.0,0.0,1.0,0.0,1.0,1.0
7,245,10.677122954140408,5.785803711628808,0.0,0.0,1.0,1.0,0.0,0.0
8,245,0.0,0.5513555464325335,1.0,0.0,0.0,1.0,1.0,1.0
9,245,0.0,5.2322912240745785,0.0,0.0,1.0,0.0,0.0,1.0
10,245,3.987966920112615,0.0413912025127473,0.0,0.0,0.0,0.0,0.0,1.0
11,245,0.0,8.905486550360875,0.0,1.0,0.0,1.0,0.0,0.0
12,245,10.3163178615818,0.5608202110434422,0.0,0.0,1.0,0.0,1.0,0.0
13,245,11.171716949898348,6.889242001451672,0.0,1.0,0.0,0.0,0.0,0.0
14,245,8.828727310731264,7.48532900043651,0.0,0.0,0.0,0.0,0.0,1.0
15,245,4.92408734047199,5.72410428451256,1.0,1.0,1.0,0.0,1.0,0.0
16,245,8.162285507819766,2.0370395217174564,0.0,0.0,0.0,0.0,1.0,0.0
17,245,9.710468413843294,10.253399119064008,0.0,1.0,1.0,0.0,0.0,0.0
18,245,8.825287142998919,8.449681197502194,0.0,1.0,1.0,0.0,1.0,0.0
19,245,2.11984353059151,3.186317278701857,0.0,0.0,1.0,0.0,0.0,1.0
20,245,9.274990653216529,2.4163960452870863,1.0,1.0,0.0,0.0,0.0,1.0
21,245,12.0,9.14450846905629,0.0,0.0,1.0,1.0,1.0,0.0
22,245,4.096807866514367,8.902317619458179,0.0,1.0,1.0,0.0,0.0,1.0
23,245,6.373619943907727,9.518783284676845,1.0,0.0,0.0,0.0,1.0,1.0
24,245,0.6325042433795192,11.96489175978678,1.0,1.0,0.0,0.0,0.0,0.0
25,245,12.0,1.1192994137230774,1.0,0.0,0.0,0.0,0.0,0.0
26,245,9.861221076869276,0.0,1.0,0.0,0.0,0.0,0.0,0.0
27,245,3.836080361792982,4.779503594546046,0.0,1.0,0.0,0.0,1.0,0.0
28,245,11.96225762801407,1.5296599802004354,0.0,0.0,0.0,1.0,0.0,1.0
29,245,11.475810539732484,0.4033620374175959,1.0,1.0,1.0,0.0,0.0,0.0
30,245,3.878145821609925,3.4279240838444447,1.0,1.0,0.0,1.0,0.0,0.0
31,245,9.790773945505888,10.130103093058883,0.0,0.0,0.0,0.0,0.0,1.0
32,245,7.107965922868141,5.738332782670423,0.0,0.0,0.0,0.0,0.0,0.0
33,245,0.0668667624765809,1.119768194357172,1.0,0.0,1.0,1.0,1.0,0.0
34,245,6.256529740255897,0.0,0.0,1.0,0.0,0.0,0.0,1.0
35,245,10.142288840692451,2.700771070377986,0.0,0.0,1.0,1.0,0.0,1.0
36,245,7.096174316115612,4.797303436157768,1.0,0.0,0.0,0.0,1.0,1.0
37,245,9.334997396172964,0.4840395006300628,0.0,0.0,1.0,1.0,0.0,0.0
38,245,6.603617149626703,3.110263283072142,1.0,0.0,1.0,0.0,0.0,1.0
39,245,6.368122102193562,4.851971983478651,0.0,1.0,0.0,0.0,0.0,1.0
0,250,12.0,12.0,0.0,1.0,1.0,0.0,0.0,0.0
1,250,12.0,10.821559053073704,1.0,0.0,1.0,0.0,0.0,0.0
2,250,9.621223380414662,11.39695770681102,1.0,1.0,0.0,1.0,1.0,0.0
3,250,8.434761362412146,12.0,1.0,0.0,0.0,1.0,0.0,0.0
4,250,0.9356251291673596,11.49018270259648,1.0,0.0,0.0,0.0,1.0,1.0
5,250,6.398787045447032,4.355095729546485,0.0,1.0,0.0,0.0,1.0,0.0
6,250,8.581372682094836,11.7501035159004,1.0,0.0,1.0,0.0,1.0,1.0
7,250,10.648211586564036,5.6829374619867785,0.0,0.0,1.0,1.0,0.0,0.0
8,250,0.0,0.5488845264131385,1.0,0.0,0.0,1.0,1.0,1.0
9,250,0.0,5.229346601789652,0.0,0.0,1.0,0.0,0.0,1.0
10,250,4.022863804957559,0.0492395229498655,0.0,0.0,0.0,0.0,0.0,1.0
11,250,0.0,8.972821907294524,0.0,1.0,0.0,1.0,0.0,0.0
12,250,10.439832290238902,0.3883738357993597,0.0,0.0,1.0,0.0,1.0,0.0
13,250,11.15126058937878,6.885289898563219,0.0,1.0,0.0,0.0,0.0,0.0
14,250,8.723741956908125,7.626537725002255,0.0,0.0,0.0,0.0,0.0,1.0
15,250,4.901227791019999,5.710871964720866,1.0,1.0,1.0,0.0,1.0,0.0
16,250,8.14882376261268,1.8859065042705176,0.0,0.0,0.0,0.0,1.0,0.0
17,250,9.555126264680675,10.408929623391902,0.0,1.0,1.0,0.0,0.0,0.0
18,250,8.926749082936373,8.58625937488189,0.0,1.0,1.0,0.0,1.0,0.0
19,250,2.125251933978262,3.186251858680796,0.0,0.0,1.0,0.0,0.0,1.0
20,250,9.371955746547206,2.3957576712180297,1.0,1.0,0.0,0.0,0.0,1.0
21,250,12.0,9.141731163373269,0.0,0.0,1.0,1.0,1.0,0.0
22,250,4.19032736801068,8.907933494609969,0.0,1.0,1.0,0.0,0.0,1.0
23,250,6.366800315012795,9.382084142412005,1.0,0.0,0.0,0.0,1.0,1.0
24,250,0.607454180882955,11.970957882312044,1.0,1.0,0.0,0.0,0.0,0.0
25,250,12.0,1.128515790494329,1.0,0.0,0.0,0.0,0.0,0.0
26,250,9.811309426824431,0.0,1.0,0.0,0.0,0.0,0.0,0.0
27,250,3.8401393683947433,4.786466200781841,0.0,1.0,0.0,0.0,1.0,0.0
28,250,11.949463516852717,1.538529000654676,0.0,0.0,0.0,1.0,0.0,1.0
29,250,11.459286001867603,0.3356282159319748,1.0,1.0,1.0,0.0,0.0,0.0
30,250,3.774638720362253,3.4340122775081774,1.0,1.0,0.0,1.0,0.0,0.0
31,250,9.790582370523254,10.12866246843522,0.0,0.0,0.0,0.0,0.0,1.0
32,250,7.09782643407687,5.738220414931603,0.0,0.0,0.0,0.0,0.0,0.0
33,250,0.0916696686159768,1.0546000315241275,1.0,0.0,1.0,1.0,1.0,0.0
34,250,6.317375322341412,0.0,0.0,1.0,0.0,0.0,0.0,1.0
35,250,10.151669183057685,2.672756390972626,0.0,0.0,1.0,1.0,0.0,1.0
36,250,7.110337374483171,4.7076846534541374,1.0,0.0,0.0,0.0,1.0,1.0
37,250,9.349697645970508,0.4664266600649346,0.0,0.0,1.0,1.0,0.0,0.0
38,250,6.554203051780476,3.111728538454817,1.0,0.0,1.0,0.0,0.0,1.0
39,250,6.239239249144035,4.927991188626643,0.0,1.0,0.0,0.0,0.0,1.0
0,255,12.0,12.0,0.0,1.0,1.0,0.0,0.0,0.0
1,255,12.0,11.075623007102196,1.0,0.0,1.0,0.0,0.0,0.0
2,255,9.579990183080442,11.444238080432935,1.0,1.0,0.0,1.0,1.0,0.0
3,255,8.46567336365477,12.0,1.0,0.0,0.0,1.0,0.0,0.0
4,255,0.9013231023893402,11.433613453843233,1.0,0.0,0.0,0.0,1.0,1.0
5,255,6.38192495939017,4.312050833624122,0.0,1.0,0.0,0.0,1.0,0.0
6,255,8.54537373337468,11.782712854137523,1.0,0.0,1.0,0.0,1.0,1.0
7,255,10.6193266014436,5.577782354808473,0.0,0.0,1.0,1.0,0.0,0.0
8,255,0.0,0.5469454112432198,1.0,0.0,0.0,1.0,1.0,1.0
9,255,0.0,5.225854845042743,0.0,0.0,1.0,0.0,0.0,1.0
10,255,4.062350354578192,0.0578418609570887,0.0,0.0,0.0,0.0,0.0,1.0
11,255,0.0,9.055194960987151,0.0,1.0,0.0,1.0,0.0,0.0
12,255,10.55986324686235,0.2252090643346211,0.0,0.0,1.0,0.0,1.0,0.0
13,255,11.13909941806138,6.88294302777888,0.0,1.0,0.0,0.0,0.0,0.0
14,255,8.616611411705406,7.771742421620007,0.0,0.0,0.0,0.0,0.0,1.0
15,255,4.886780734556904,5.70275110268426,1.0,1.0,1.0,0.0,1.0,0.0
16,255,8.132255681643576,1.7256223481464674,0.0,0.0,0.0,0.0,1.0,0.0
17,255,9.3848894228404,10.573028771568188,0.0,1.0,1.0,0.0,0.0,0.0
18,255,9.03244897214462,8.727049960723066,0.0,1.0,1.0,0.0,1.0,0.0
19,255,2.124785015350027,3.186257139101543,0.0,0.0,1.0,0.0,0.0,1.0
20,255,9.45675820492846,2.378774168528757,1.0,1.0,0.0,0.0,0.0,1.0
21,255,12.0,9.141312477058325,0.0,0.0,1.0,1.0,1.0,0.0
22,255,4.296266252728429,8.916267455204737,0.0,1.0,1.0,0.0,0.0,1.0
23,255,6.358377644199139,9.238543848221452,1.0,0.0,0.0,0.0,1.0,1.0
24,255,0.5977780961237494,11.973545711719552,1.0,1.0,0.0,0.0,0.0,0.0
25,255,12.0,1.1320421727378658,1.0,0.0,0.0,0.0,0.0,0.0
26,255,9.761559068741512,0.0,1.0,0.0,0.0,0.0,0.0,0.0
27,255,3.844165988511468,4.79303725997883,0.0,1.0,0.0,0.0,1.0,0.0
28,255,11.941859250034348,1.5434981479765235,0.0,0.0,0.0,1.0,0.0,1.0
29,255,11.441574353269647,0.2618283054685018,1.0,1.0,1.0,0.0,0.0,0.0
30,255,3.670579343250931,3.4402379104059637,1.0,1.0,0.0,1.0,0.0,0.0
31,255,9.794702156354752,10.16003432168014,0.0,0.0,0.0,0.0,0.0,1.0
32,255,7.076555101349002,5.738007544539848,0.0,0.0,0.0,0.0,0.0,0.0
33,255,0.1206331779890509,0.9704078080606078,1.0,0.0,1.0,1.0,1.0,0.0
34,255,6.375001324777739,0.0,0.0,1.0,0.0,0.0,0.0,1.0
35,255,10.157733496322267,2.653394392839199,0.0,0.0,1.0,1.0,0.0,1.0
36,255,7.1205124608250445,4.648335682016223,1.0,0.0,0.0,0.0,1.0,1.0
37,255,9.342023086479196,0.4753163929620234,0.0,0.0,1.0,1.0,0.0,0.0
38,255,6.494318966512236,3.1141899201525534,1.0,0.0,1.0,0.0,0.0,1.0
39,255,6.115142353063287,4.998432940624503,0.0,1.0,0.0,0.0,0.0,1.0
0,260,12.0,12.0,0.0,1.0,1.0,0.0,0.0,0.0
1,260,12.0,11.32524796000843,1.0,0.0,1.0,0.0,0.0,0.0
2,260,9.542348030012116,11.486220696005788,1.0,1.0,0.0,1.0,1.0,0.0
3,260,8.493284943748572,12.0,1.0,0.0,0.0,1.0,0.0,0.0
4,260,0.9662902293583376,11.39595632028314,1.0,0.0,0.0,0.0,1.0,1.0
5,260,6.362561101922676,4.26453426832133,0.0,1.0,0.0,0.0,1.0,0.0
6,260,8.49340419123993,11.826822704742003,1.0,0.0,1.0,0.0,1.0,1.0
7,260,10.589615330524644,5.477753459245409,0.0,0.0,1.0,1.0,0.0,0.0
8,260,0.0,0.5447984598237313,1.0,0.0,0.0,1.0,1.0,1.0
9,260,0.0,5.214419343454402,0.0,0.0,1.0,0.0,0.0,1.0
10,260,4.105759613429876,0.0663592675197271,0.0,0.0,0.0,0.0,0.0,1.0
11,260,0.0,9.136710418977728,0.0,1.0,0.0,1.0,0.0,0.0
12,260,10.674542041235767,0.0680458751953376,0.0,0.0,1.0,0.0,1.0,0.0
13,260,11.115431838737864,6.8787994300996536,0.0,1.0,0.0,0.0,0.0,0.0
14,260,8.513636408540203,7.918039894622342,0.0,0.0,0.0,0.0,0.0,1.0
15,260,4.857147843323404,5.687048486614664,1.0,1.0,1.0,0.0,1.0,0.0
16,260,8.113235492282255,1.5680685801385923,0.0,0.0,0.0,0.0,1.0,0.0
17,260,9.21801744305577,10.740542139471806,0.0,1.0,1.0,0.0,0.0,0.0
18,260,9.12944198966023,8.864533117792853,0.0,1.0,1.0,0.0,1.0,0.0
19,260,2.1366946763210097,3.1863313059318457,0.0,0.0,1.0,0.0,0.0,1.0
20,260,9.536580117436424,2.361860013209154,1.0,1.0,0.0,0.0,0.0,1.0
21,260,11.991148051013448,9.142317430103107,0.0,0.0,1.0,1.0,1.0,0.0
22,260,4.40165659683991,8.922163076674403,0.0,1.0,1.0,0.0,0.0,1.0
23,260,6.352543724995974,9.122453679269876,1.0,0.0,0.0,0.0,1.0,1.0
24,260,0.5911389074987266,11.975343354845036,1.0,1.0,0.0,0.0,0.0,0.0
25,260,12.0,1.140339241750805,1.0,0.0,0.0,0.0,0.0,0.0
26,260,9.701349363552438,0.0,1.0,0.0,0.0,0.0,0.0,0.0
27,260,3.838121995198501,4.783333075738981,0.0,1.0,0.0,0.0,1.0,0.0
28,260,11.940658609264002,1.5442861012773612,0.0,0.0,0.0,1.0,0.0,1.0
29,260,11.429217882917577,0.2061884568542935,1.0,1.0,1.0,0.0,0.0,0.0
30,260,3.5660096443680978,3.448039116048633,1.0,1.0,0.0,1.0,0.0,0.0
31,260,9.797924833274386,10.188180704571153,0.0,0.0,0.0,0.0,0.0,1.0
32,260,7.069585976318533,5.737782007527219,0.0,0.0,0.0,0.0,0.0,0.0
33,260,0.1450483750339128,0.895116642373272,1.0,0.0,1.0,1.0,1.0,0.0
34,260,6.442490241416983,0.0,0.0,1.0,0.0,0.0,0.0,1.0
35,260,10.167875274637693,2.623536190173271,0.0,0.0,1.0,1.0,0.0,1.0
36,260,7.127912939829898,4.608196160942459,1.0,0.0,0.0,0.0,1.0,1.0
37,260,9.325071160122173,0.4955895130469011,0.0,0.0,1.0,1.0,0.0,0.0
38,260,6.452214051662372,3.116222235062439,1.0,0.0,1.0,0.0,0.0,1.0
39,260,5.977354551055358,5.082131954529372,0.0,1.0,0.0,0.0,0.0,1.0
0,265,12.0,12.0,0.0,1.0,1.0,0.0,0.0,0.0
1,265,12.0,11.570134990805288,1.0,0.0,1.0,0.0,0.0,0.0
2,265,9.519037690963613,11.511464624892207,1.0,1.0,0.0,1.0,1.0,0.0
3,265,8.523354821684986,12.0,1.0,0.0,0.0,1.0,0.0,0.0
4,265,1.0492263867347174,11.345961476791276,1.0,0.0,0.0,0.0,1.0,1.0
5,265,6.340384662497533,4.20968417324755,0.0,1.0,0.0,0.0,1.0,0.0
6,265,8.450436106336458,11.86394436992128,1.0,0.0,1.0,0.0,1.0,1.0
7,265,10.560380729341173,5.381656910470454,0.0,0.0,1.0,1.0,0.0,0.0
8,265,0.0,0.5448027905968422,1.0,0.0,0.0,1.0,1.0,1.0
9,265,0.0004169231827924,5.218193178659909,0.0,0.0,1.0,0.0,0.0,1.0
10,265,4.152621532886914,0.0749843205429112,0.0,0.0,0.0,0.0,0.0,1.0
11,265,0.0,9.204657377985704,0.0,1.0,0.0,1.0,0.0,0.0
12,265,10.516215800431477,0.0,0.0,0.0,1.0,0.0,1.0,0.0
13,265,11.090399237253209,6.875145417090175,0.0,1.0,0.0,0.0,0.0,0.0
14,265,8.421561908210922,8.051399494300417,0.0,0.0,0.0,0.0,0.0,1.0
15,265,4.841309794657795,5.678995766721714,1.0,1.0,1.0,0.0,1.0,0.0
16,265,8.093920042960962,1.4120863471061398,0.0,0.0,0.0,0.0,1.0,0.0
17,265,9.038641184138566,10.925902422936083,0.0,1.0,1.0,0.0,0.0,0.0
18,265,9.24235303046816,9.02295283141144,0.0,1.0,1.0,0.0,1.0,0.0
19,265,2.148954889475115,3.186516436964011,0.0,0.0,1.0,0.0,0.0,1.0
20,265,9.619474823694976,2.3428402459189144,1.0,1.0,0.0,0.0,0.0,1.0
21,265,12.0,9.141227568884968,0.0,0.0,1.0,1.0,1.0,0.0
22,265,4.395560252521472,9.004354525747727,0.0,1.0,1.0,0.0,0.0,1.0
23,265,6.3451102669692965,8.998473317846734,1.0,0.0,0.0,0.0,1.0,1.0
24,265,0.58525856387391,11.9768610569959,1.0,1.0,0.0,0.0,0.0,0.0
25,265,12.0,1.1550418518783914,1.0,0.0,0.0,0.0,0.0,0.0
26,265,9.64525324235177,0.0,1.0,0.0,0.0,0.0,0.0,0.0
27,265,3.8169319174528975,4.750044771146848,0.0,1.0,0.0,0.0,1.0,0.0
28,265,11.947511302341358,1.539789288936929,0.0,0.0,0.0,1.0,0.0,1.0
29,265,11.418059123641044,0.1576690994461696,1.0,1.0,1.0,0.0,0.0,0.0
30,265,3.46350738846982,3.4525676190534096,1.0,1.0,0.0,1.0,0.0,0.0
31,265,9.80212304882384,10.222591943313851,0.0,0.0,0.0,0.0,0.0,1.0
32,265,7.07261167077511,5.737899477342257,0.0,0.0,0.0,0.0,0.0,0.0
33,265,0.1701696649123261,0.817480977962567,1.0,0.0,1.0,1.0,1.0,0.0
34,265,6.504726431016557,0.0,0.0,1.0,0.0,0.0,0.0,1.0
35,265,10.181799635240845,2.5831470579292057,0.0,0.0,1.0,1.0,0.0,1.0
36,265,7.137092720261221,4.56307121374916,1.0,0.0,0.0,0.0,1.0,1.0
37,265,9.290502645708964,0.5344789449919826,0.0,0.0,1.0,1.0,0.0,0.0
38,265,6.424320937093142,3.1171747299349417,1.0,0.0,1.0,0.0,0.0,1.0
39,265,5.860700190879854,5.154049372450559,0.0,1.0,0.0,0.0,0.0,1.0
0,270,12.0,12.0,0.0,1.0,1.0,0.0,0.0,0.0
1,270,12.0,11.811266659490986,1.0,0.0,1.0,0.0,0.0,0.0
2,270,9.48624595142117,11.47999631877965,1.0,1.0,0.0,1.0,1.0,0.0
3,270,8.550918471819207,12.0,1.0,0.0,0.0,1.0,0.0,0.0
4,270,1.1214494305701876,11.305382563117998,1.0,0.0,0.0,0.0,1.0,1.0
5,270,6.321391827293327,4.163207484062665,0.0,1.0,0.0,0.0,1.0,0.0
6,270,8.413062949528674,11.895907594981452,1.0,0.0,1.0,0.0,1.0,1.0
7,270,10.532986806585107,5.282496638956568,0.0,0.0,1.0,1.0,0.0,0.0
8,270,0.0,0.5463518475628478,1.0,0.0,0.0,1.0,1.0,1.0
9,270,0.0016579117030163,5.228961440528042,0.0,0.0,1.0,0.0,0.0,1.0
10,270,4.190941131548303,0.0828204827263956,0.0,0.0,0.0,0.0,0.0,1.0
11,270,0.0,9.271249524159142,0.0,1.0,0.0,1.0,0.0,0.0
12,270,10.367495615256624,0.0,0.0,0.0,1.0,0.0,1.0,0.0
13,270,11.067057750903176,6.871544773058456,0.0,1.0,0.0,0.0,0.0,0.0
14,270,8.342706011583303,8.164286224781392,0.0,0.0,0.0,0.0,0.0,1.0
15,270,4.814940883922352,5.665835023828665,1.0,1.0,1.0,0.0,1.0,0.0
16,270,8.070822193610345,1.2453984956316897,0.0,0.0,0.0,0.0,1.0,0.0
17,270,8.867294466333261,11.1055730227685,0.0,1.0,1.0,0.0,0.0,0.0
18,270,9.35175463662177,9.167670609094124,0.0,1.0,1.0,0.0,1.0,0.0
19,270,2.1558997103533257,3.186657879431949,0.0,0.0,1.0,0.0,0.0,1.0
20,270,9.691199577811568,2.3243277703085004,1.0,1.0,0.0,0.0,0.0,1.0
21,270,12.0,9.138037889481438,0.0,0.0,1.0,1.0,1.0,0.0
22,270,4.387833130472904,9.114025431689226,0.0,1.0,1.0,0.0,0.0,1.0
23,270,6.340975240237554,8.869391399679776,1.0,0.0,0.0,0.0,1.0,1.0
24,270,0.5995291718878374,11.97291457073802,1.0,1.0,0.0,0.0,0.0,0.0
25,270,12.0,1.1707939849014153,1.0,0.0,0.0,0.0,0.0,0.0
26,270,9.5846190628292,0.0,1.0,0.0,0.0,0.0,0.0,0.0
27,270,3.810952078601326,4.741158218394004,0.0,1.0,0.0,0.0,1.0,0.0
28,270,11.963433319395577,1.5292030988950245,0.0,0.0,0.0,1.0,0.0,1.0
29,270,11.40665068810701,0.1104011898596122,1.0,1.0,1.0,0.0,0.0,0.0
30,270,3.347604023179607,3.4555127965105985,1.0,1.0,0.0,1.0,0.0,0.0
31,270,9.805942096260504,10.26222503340003,0.0,0.0,0.0,0.0,0.0,1.0
32,270,7.06725029576315,5.73767643635096,0.0,0.0,0.0,0.0,0.0,0.0
33,270,0.1924846934499091,0.7552192895511617,1.0,0.0,1.0,1.0,1.0,0.0
34,270,6.567148272776095,0.0,0.0,1.0,0.0,0.0,0.0,1.0
35,270,10.206603572346271,2.515242973402513,0.0,0.0,1.0,1.0,0.0,1.0
36,270,7.145830713159016,4.520789447289054,1.0,0.0,0.0,0.0,1.0,1.0
37,270,9.250607357119192,0.5800556582479194,0.0,0.0,1.0,1.0,0.0,0.0
38,270,6.415855109652914,3.1173590532480606,1.0,0.0,1.0,0.0,0.0,1.0
39,270,5.737231087537593,5.227270352097831,0.0,1.0,0.0,0.0,0.0,1.0
0,275,12.0,12.0,0.0,1.0,1.0,0.0,0.0,0.0
1,275,12.0,12.0,1.0,0.0,1.0,0.0,0.0,0.0
2,275,9.453280289483349,11.448739714418652,1.0,1.0,0.0,1.0,1.0,0.0
3,275,8.576241441299047,12.0,1.0,0.0,0.0,1.0,0.0,0.0
4,275,1.1901923305006894,11.265675731614612,1.0,0.0,0.0,0.0,1.0,1.0
5,275,6.296991269540196,4.10558488241773,0.0,1.0,0.0,0.0,1.0,0.0
6,275,8.378937809689175,11.924063209607787,1.0,0.0,1.0,0.0,1.0,1.0
7,275,10.500185117546598,5.1646191676551405,0.0,0.0,1.0,1.0,0.0,0.0
8,275,0.0,0.5441684039752201,1.0,0.0,0.0,1.0,1.0,1.0
9,275,0.0012655168410711,5.224870837559301,0.0,0.0,1.0,0.0,0.0,1.0
10,275,4.217277392826884,0.0871519583009094,0.0,0.0,0.0,0.0,0.0,1.0
11,275,0.0,9.334958725000012,0.0,1.0,0.0,1.0,0.0,0.0
12,275,10.206495424399856,0.0,0.0,0.0,1.0,0.0,1.0,0.0
13,275,11.063260969529596,6.871148051184987,0.0,1.0,0.0,0.0,0.0,0.0
14,275,8.265915865981249,8.26992156037347,0.0,0.0,0.0,0.0,0.0,1.0
15,275,4.793636172683205,5.655168085283695,1.0,1.0,1.0,0.0,1.0,0.0
16,275,8.047909046572537,1.0678731570200315,0.0,0.0,0.0,0.0,1.0,0.0
17,275,8.678075111584581,11.302437527014296,0.0,1.0,1.0,0.0,0.0,0.0
18,275,9.45734549194618,9.308028927258796,0.0,1.0,1.0,0.0,1.0,0.0
19,275,2.1546685025382213,3.186617498605248,0.0,0.0,1.0,0.0,0.0,1.0
20,275,9.770095242690472,2.302334925628478,1.0,1.0,0.0,0.0,0.0,1.0
21,275,12.0,9.136172501881356,0.0,0.0,1.0,1.0,1.0,0.0
22,275,4.379434035510075,9.248935453458584,0.0,1.0,1.0,0.0,0.0,1.0
23,275,6.337230313367504,8.774017648603403,1.0,0.0,0.0,0.0,1.0,1.0
24,275,0.6050894620479094,11.971369597426431,1.0,1.0,0.0,0.0,0.0,0.0
25,275,12.0,1.1837493056217137,1.0,0.0,0.0,0.0,0.0,0.0
26,275,9.525773082638212,0.0,1.0,0.0,0.0,0.0,0.0,0.0
27,275,3.798932023135822,4.7226276521557935,0.0,1.0,0.0,0.0,1.0,0.0
28,275,11.974183310292853,1.521988430412383,0.0,0.0,0.0,1.0,0.0,1.0
29,275,11.394198540549391,0.0564232806020569,1.0,1.0,1.0,0.0,0.0,0.0
30,275,3.241676471944757,3.4571145596651887,1.0,1.0,0.0,1.0,0.0,0.0
31,275,9.8086888122312,10.289618727692371,0.0,0.0,0.0,0.0,0.0,1.0
32,275,7.082936570246263,5.737758613083831,0.0,0.0,0.0,0.0,0.0,0.0
33,275,0.2198144627425625,0.6765431107963296,1.0,0.0,1.0,1.0,1.0,0.0
34,275,6.634744999101555,0.0,0.0,1.0,0.0,0.0,0.0,1.0
35,275,10.232716718876532,2.443287995663833,0.0,0.0,1.0,1.0,0.0,1.0
36,275,7.1540438886427085,4.4812108542193485,1.0,0.0,0.0,0.0,1.0,1.0
37,275,9.214709010450298,0.6226667785827653,0.0,0.0,1.0,1.0,0.0,0.0
38,275,6.402572091523327,3.1177224084024617,1.0,0.0,1.0,0.0,0.0,1.0
39,275,5.619882991101095,5.298861862476231,0.0,1.0,0.0,0.0,0.0,1.0
0,280,12.0,12.0,0.0,1.0,1.0,0.0,0.0,0.0
1,280,12.0,12.0,1.0,0.0,1.0,0.0,0.0,0.0
2,280,9.435387238518754,11.430645598761831,1.0,1.0,0.0,1.0,1.0,0.0
3,280,8.591884157795317,12.0,1.0,0.0,0.0,1.0,0.0,0.0
4,280,1.2711582930555347,11.21905344552808,1.0,0.0,0.0,0.0,1.0,1.0
5,280,6.269739544621107,4.040582394528422,0.0,1.0,0.0,0.0,1.0,0.0
6,280,8.333685384987415,11.962562397952023,1.0,0.0,1.0,0.0,1.0,1.0
7,280,10.475976437878614,5.072024024858653,0.0,0.0,1.0,1.0,0.0,0.0
8,280,0.0,0.5408102041196392,1.0,0.0,0.0,1.0,1.0,1.0
9,280,0.0,5.225175780322417,0.0,0.0,1.0,0.0,0.0,1.0
10,280,4.241076098450529,0.0913104588022048,0.0,0.0,0.0,0.0,0.0,1.0
11,280,0.0,9.396099768469716,0.0,1.0,0.0,1.0,0.0,0.0
12,280,10.032295985235434,0.0,0.0,0.0,1.0,0.0,1.0,0.0
13,280,11.030093859588234,6.868027829484413,0.0,1.0,0.0,0.0,0.0,0.0
14,280,8.192295914996913,8.374353344077386,0.0,0.0,0.0,0.0,0.0,1.0
15,280,4.787512066908211,5.652081731478259,1.0,1.0,1.0,0.0,1.0,0.0
16,280,8.020181140680986,0.8783849856158812,0.0,0.0,0.0,0.0,1.0,0.0
17,280,8.475988308186409,11.507188679664184,0.0,1.0,1.0,0.0,0.0,0.0
18,280,9.575192997519403,9.460315318880342,0.0,1.0,1.0,0.0,1.0,0.0
19,280,2.143418065372217,3.186348176200238,0.0,0.0,1.0,0.0,0.0,1.0
20,280,9.84295962009511,2.285823308082279,1.0,1.0,0.0,0.0,0.0,1.0
21,280,12.0,9.13136854074973,0.0,0.0,1.0,1.0,1.0,0.0
22,280,4.369262160343523,9.413390041652908,0.0,1.0,1.0,0.0,0.0,1.0
23,280,6.333875845198423,8.675091230988118,1.0,0.0,0.0,0.0,1.0,1.0
24,280,0.605758980479025,11.971194942613865,1.0,1.0,0.0,0.0,0.0,0.0
25,280,12.0,1.1966514433130595,1.0,0.0,0.0,0.0,0.0,0.0
26,280,9.465727855277969,0.0,1.0,0.0,0.0,0.0,0.0,0.0
27,280,3.790093262918973,4.708703188477071,0.0,1.0,0.0,0.0,1.0,0.0
28,280,11.975747317555143,1.520958519025464,0.0,0.0,0.0,1.0,0.0,1.0
29,280,11.379390640337784,0.0,1.0,1.0,1.0,0.0,0.0,0.0
30,280,3.133736013669193,3.459509761528325,1.0,1.0,0.0,1.0,0.0,0.0
31,280,9.812920010043229,10.337472648965784,0.0,0.0,0.0,0.0,0.0,1.0
32,280,7.09205640943112,5.737945817210098,0.0,0.0,0.0,0.0,0.0,0.0
33,280,0.2448141661618534,0.6085840027197562,1.0,0.0,1.0,1.0,1.0,0.0
34,280,6.694695323394824,0.0,0.0,1.0,0.0,0.0,0.0,1.0
35,280,10.2651787006849,2.364707042366633,0.0,0.0,1.0,1.0,0.0,1.0
36,280,7.164884952746601,4.429762930899574,1.0,0.0,0.0,0.0,1.0,1.0
37,280,9.200570728291147,0.6390468616719922,0.0,0.0,1.0,1.0,0.0,0.0
38,280,6.389885422892199,3.1183513413732333,1.0,0.0,1.0,0.0,0.0,1.0
39,280,5.493530739434122,5.379261089027932,0.0,1.0,0.0,0.0,0.0,1.0
0,285,12.0,12.0,0.0,1.0,1.0,0.0,0.0,0.0
1,285,12.0,12.0,1.0,0.0,1.0,0.0,0.0,0.0
2,285,9.423317615856591,11.418243040714591,1.0,1.0,0.0,1.0,1.0,0.0
3,285,8.607353304570692,12.0,1.0,0.0,0.0,1.0,0.0,0.0
4,285,1.3538880907966029,11.168639127401269,1.0,0.0,0.0,0.0,1.0,1.0
5,285,6.2424605566174005,3.978720924489956,0.0,1.0,0.0,0.0,1.0,0.0
6,285,8.268861226342082,12.0,1.0,0.0,1.0,0.0,1.0,1.0
7,285,10.449124640224966,4.971726606711057,0.0,0.0,1.0,1.0,0.0,0.0
8,285,0.0,0.5403572836729937,1.0,0.0,0.0,1.0,1.0,1.0
9,285,0.0,5.225983454623636,0.0,0.0,1.0,0.0,0.0,1.0
10,285,4.278077522486724,0.0976914992491551,0.0,0.0,0.0,0.0,0.0,1.0
11,285,0.0,9.451287431556002,0.0,1.0,0.0,1.0,0.0,0.0
12,285,9.859779418457826,0.0,0.0,0.0,1.0,0.0,1.0,0.0
13,285,11.01111913566078,6.866247945512113,0.0,1.0,0.0,0.0,0.0,0.0
14,285,8.117393845931119,8.474582972690483,0.0,0.0,0.0,0.0,0.0,1.0
15,285,4.771778366857518,5.643786368700273,1.0,1.0,1.0,0.0,1.0,0.0
16,285,7.987541896175426,0.6890424645829605,0.0,0.0,0.0,0.0,1.0,0.0
17,285,8.271624660815082,11.713708991760688,0.0,1.0,1.0,0.0,0.0,0.0
18,285,9.696429888413844,9.620311539650082,0.0,1.0,1.0,0.0,1.0,0.0
19,285,2.1056457513253246,3.185931637692573,0.0,0.0,1.0,0.0,0.0,1.0
20,285,9.912774043829478,2.270301332363016,1.0,1.0,0.0,0.0,0.0,1.0
21,285,12.0,9.129145500896794,0.0,0.0,1.0,1.0,1.0,0.0
22,285,4.366452824823886,9.549893905974466,0.0,1.0,1.0,0.0,0.0,1.0
23,285,6.329930492333442,8.561290438925077,1.0,0.0,0.0,0.0,1.0,1.0
24,285,0.5958542833062678,11.973573392136998,1.0,1.0,0.0,0.0,0.0,0.0
25,285,11.983496861103765,1.185303187575533,1.0,0.0,0.0,0.0,0.0,0.0
26,285,9.400526069500582,0.0,1.0,0.0,0.0,0.0,0.0,0.0
27,285,3.7760549751179777,4.687096393191903,0.0,1.0,0.0,0.0,1.0,0.0
28,285,11.97994923552526,1.5181767941915678,0.0,0.0,0.0,1.0,0.0,1.0
29,285,11.363682255843765,0.0,1.0,1.0,1.0,0.0,0.0,0.0
30,285,3.052238200647093,3.4598574002321283,1.0,1.0,0.0,1.0,0.0,0.0
31,285,9.816844814694155,10.388960025637028,0.0,0.0,0.0,0.0,0.0,1.0
32,285,7.111139257109555,5.7377611172888825,0.0,0.0,0.0,0.0,0.0,0.0
33,285,0.2799589213117272,0.5163778987125973,1.0,0.0,1.0,1.0,1.0,0.0
34,285,6.7481402588739465,0.0,0.0,1.0,0.0,0.0,0.0,1.0
35,285,10.29760132203386,2.2875091980758278,0.0,0.0,1.0,1.0,0.0,1.0
36,285,7.172815915552719,4.388239411178922,1.0,0.0,0.0,0.0,1.0,1.0
37,285,9.18876030456336,0.6523052464442466,0.0,0.0,1.0,1.0,0.0,0.0
38,285,6.3732156771126895,3.118884186743073,1.0,0.0,1.0,0.0,0.0,1.0
39,285,5.378989856790994,5.452908739507927,0.0,1.0,0.0,0.0,0.0,1.0
0,290,12.0,12.0,0.0,1.0,1.0,0.0,0.0,0.0
1,290,12.0,12.0,1.0,0.0,1.0,0.0,0.0,0.0
2,290,9.405326635158788,11.400653426608184,1.0,1.0,0.0,1.0,1.0,0.0
3,290,8.616745322132351,12.0,1.0,0.0,0.0,1.0,0.0,0.0
4,290,1.438784697857421,11.1159727527597,1.0,0.0,0.0,0.0,1.0,1.0
5,290,6.2160458579506965,3.915767103680819,0.0,1.0,0.0,0.0,1.0,0.0
6,290,8.189166042723174,12.0,1.0,0.0,1.0,0.0,1.0,1.0
7,290,10.422327089116212,4.86041774438911,0.0,0.0,1.0,1.0,0.0,0.0
8,290,0.0,0.5396162279890978,1.0,0.0,0.0,1.0,1.0,1.0
9,290,0.0089920211295861,5.2252484206312895,0.0,0.0,1.0,0.0,0.0,1.0
10,290,4.295329820293102,0.1008447732067223,0.0,0.0,0.0,0.0,0.0,1.0
11,290,0.0,9.516487111514651,0.0,1.0,0.0,1.0,0.0,0.0
12,290,9.688141289293062,0.0,0.0,0.0,1.0,0.0,1.0,0.0
13,290,10.980402245307989,6.863961588587599,0.0,1.0,0.0,0.0,0.0,0.0
14,290,8.029169624188002,8.59000498998971,0.0,0.0,0.0,0.0,0.0,1.0
15,290,4.739018704207795,5.625519470686494,1.0,1.0,1.0,0.0,1.0,0.0
16,290,7.799046555458989,0.7190044883157163,0.0,0.0,0.0,0.0,1.0,0.0
17,290,8.089891787297846,11.897548830057604,0.0,1.0,1.0,0.0,0.0,0.0
18,290,9.80783044341064,9.766268658212525,0.0,1.0,1.0,0.0,1.0,0.0
19,290,2.072541139265959,3.18566350901929,0.0,0.0,1.0,0.0,0.0,1.0
20,290,9.994749096139415,2.251742323391693,1.0,1.0,0.0,0.0,0.0,1.0
21,290,12.0,9.12875778577653,0.0,0.0,1.0,1.0,1.0,0.0
22,290,4.363306651154308,9.694548837196596,0.0,1.0,1.0,0.0,0.0,1.0
23,290,6.328700803118583,8.453690286933673,1.0,0.0,0.0,0.0,1.0,1.0
24,290,0.5839432390804974,11.976256442405385,1.0,1.0,0.0,0.0,0.0,0.0
25,290,11.97527565578917,1.1795435329405284,1.0,0.0,0.0,0.0,0.0,0.0
26,290,9.339189102749913,0.0,1.0,0.0,0.0,0.0,0.0,0.0
27,290,3.762517303532195,4.666841442437827,0.0,1.0,0.0,0.0,1.0,0.0
28,290,11.982832136155336,1.516305872938097,0.0,0.0,0.0,1.0,0.0,1.0
29,290,11.344246489575848,0.0,1.0,1.0,1.0,0.0,0.0,0.0
30,290,2.9754762907609136,3.4624612908250194,1.0,1.0,0.0,1.0,0.0,0.0
31,290,9.821087544277836,10.446278415501846,0.0,0.0,0.0,0.0,0.0,1.0
32,290,7.111029448954417,5.719478606022492,0.0,0.0,0.0,0.0,0.0,0.0
33,290,0.3146179746744291,0.4290981390750087,1.0,0.0,1.0,1.0,1.0,0.0
34,290,6.795790185949921,0.0,0.0,1.0,0.0,0.0,0.0,1.0
35,290,10.33091797361749,2.211033036944147,0.0,0.0,1.0,1.0,0.0,1.0
36,290,7.182952920344285,4.336163501208334,1.0,0.0,0.0,0.0,1.0,1.0
37,290,9.179451360848413,0.6624980639666442,0.0,0.0,1.0,1.0,0.0,0.0
38,290,6.33747460381382,3.1200726661934426,1.0,0.0,1.0,0.0,0.0,1.0
39,290,5.284177590499767,5.51399533298762,0.0,1.0,0.0,0.0,0.0,1.0
0,295,12.0,12.0,0.0,1.0,1.0,0.0,0.0,0.0
1,295,12.0,12.0,1.0,0.0,1.0,0.0,0.0,0.0
2,295,9.377716188733975,11.373955923370092,1.0,1.0,0.0,1.0,1.0,0.0
3,295,8.861697828310804,11.987356740388073,1.0,0.0,0.0,1.0,0.0,0.0
4,295,1.5091924619031798,11.07385960022268,1.0,0.0,0.0,0.0,1.0,1.0
5,295,6.189619996594186,3.852031739480588,0.0,1.0,0.0,0.0,1.0,0.0
6,295,8.115193925424395,12.0,1.0,0.0,1.0,0.0,1.0,1.0
7,295,10.388211574652836,4.7373837415816284,0.0,0.0,1.0,1.0,0.0,0.0
8,295,0.0,0.535626055283659,1.0,0.0,0.0,1.0,1.0,1.0
9,295,0.0078656322795017,5.225349155011134,0.0,0.0,1.0,0.0,0.0,1.0
10,295,4.3149083283939405,0.104322692548467,0.0,0.0,0.0,0.0,0.0,1.0
11,295,0.0,9.600651148949655,0.0,1.0,0.0,1.0,0.0,0.0
12,295,9.515476714271642,0.0,0.0,0.0,1.0,0.0,1.0,0.0
13,295,10.955500228560387,6.862107686685045,0.0,1.0,0.0,0.0,0.0,0.0
14,295,7.951433176376557,8.689481299168259,0.0,0.0,0.0,0.0,0.0,1.0
15,295,4.703827332315722,5.605451451273276,1.0,1.0,1.0,0.0,1.0,0.0
16,295,7.603922197452664,0.7528561174753409,0.0,0.0,0.0,0.0,1.0,0.0
17,295,7.893198659354661,12.0,0.0,1.0,1.0,0.0,0.0,0.0
18,295,9.925000098158527,9.920669420157074,0.0,1.0,1.0,0.0,1.0,0.0
19,295,2.0413957391568576,3.185985155814647,0.0,0.0,1.0,0.0,0.0,1.0
20,295,10.04656067084552,2.238844913003255,1.0,1.0,0.0,0.0,0.0,1.0
21,295,11.99893162816896,9.12893716402614,0.0,0.0,1.0,1.0,1.0,0.0
22,295,4.365100070201383,9.838433308355754,0.0,1.0,1.0,0.0,0.0,1.0
23,295,6.328398736888222,8.32464209680533,1.0,0.0,0.0,0.0,1.0,1.0
24,295,0.58633117645363,11.986883000354553,1.0,1.0,0.0,0.0,0.0,0.0
25,295,11.954309136778416,1.164618362251807,1.0,0.0,0.0,0.0,0.0,0.0
26,295,9.28331637750235,0.0,1.0,0.0,0.0,0.0,0.0,0.0
27,295,3.754366423586022,4.654604668792647,0.0,1.0,0.0,0.0,1.0,0.0
28,295,11.96197369835101,1.5303344471801763,0.0,0.0,0.0,1.0,0.0,1.0
29,295,11.322911706822154,0.0,1.0,1.0,1.0,0.0,0.0,0.0
30,295,2.886928922628946,3.464421777809872,1.0,1.0,0.0,1.0,0.0,0.0
31,295,9.825914200312102,10.5224002964989,0.0,0.0,0.0,0.0,0.0,1.0
32,295,7.110940189828157,5.688031605963489,0.0,0.0,0.0,0.0,0.0,0.0
33,295,0.3612390753609743,0.3240189879502755,1.0,0.0,1.0,1.0,1.0,0.0
34,295,6.835993851463277,0.0,0.0,1.0,0.0,0.0,0.0,1.0
35,295,10.36292374900468,2.1394894839080303,0.0,0.0,1.0,1.0,0.0,1.0
36,295,7.190840367609845,4.298069949704823,1.0,0.0,0.0,0.0,1.0,1.0
37,295,9.171711920523466,0.6709814089988176,0.0,0.0,1.0,1.0,0.0,0.0
38,295,6.321742388237616,3.120407437938644,1.0,0.0,1.0,0.0,0.0,1.0
39,295,5.19253196156526,5.571295256675278,0.0,1.0,0.0,0.0,0.0,1.0
