0,0,3.051990334268892,8.018321403951456,0.0,0.0,0.0,0.0,0.0,0.0
1,0,7.041803021604271,6.053443483545342,0.0,0.0,1.0,1.0,1.0,1.0
2,0,0.951012397234094,9.949606892360372,0.0,0.0,0.0,0.0,0.0,0.0
3,0,7.005284562604564,3.0504569943784725,1.0,1.0,0.0,0.0,1.0,1.0
4,0,9.94866272130466,5.027979889781731,0.0,0.0,0.0,1.0,0.0,1.0
5,0,8.0521316403315,4.035840064549045,0.0,0.0,0.0,0.0,0.0,1.0
6,0,2.9418571896047765,6.944184963150624,1.0,0.0,1.0,0.0,0.0,0.0
7,0,6.944977139120399,9.057371810487512,1.0,1.0,0.0,0.0,1.0,1.0
8,0,2.976208468848114,11.054887901508067,0.0,1.0,1.0,1.0,1.0,0.0
9,0,0.0,0.0,0.0,1.0,1.0,0.0,0.0,1.0
10,0,5.069521691636324,9.956292024716811,0.0,0.0,1.0,1.0,0.0,1.0
11,0,5.958795560574251,0.0,0.0,1.0,1.0,0.0,1.0,1.0
12,0,4.949017888193631,4.032644393017106,0.0,0.0,0.0,1.0,1.0,0.0
13,0,0.9997290419890966,0.0,1.0,1.0,0.0,0.0,0.0,0.0
14,0,6.016488396035646,10.954351802231658,0.0,0.0,1.0,0.0,0.0,0.0
15,0,7.970183602838509,0.0578599467732593,0.0,0.0,1.0,0.0,1.0,0.0
16,0,1.936912621039241,2.0018952607054814,1.0,1.0,0.0,1.0,0.0,1.0
17,0,9.04473299273343,8.051448902901658,1.0,0.0,0.0,0.0,1.0,0.0
18,0,4.043281357360458,0.9765512669521218,1.0,1.0,0.0,0.0,1.0,0.0
19,0,10.957517393174024,4.007344019818028,0.0,0.0,0.0,0.0,1.0,0.0
20,0,8.046757700060637,1.97364237806206,0.0,0.0,1.0,0.0,1.0,1.0
21,0,11.976883575739793,4.945153748055517,1.0,0.0,1.0,0.0,0.0,1.0
22,0,9.967568530145853,4.980009974114089,1.0,0.0,1.0,1.0,0.0,0.0
23,0,5.032894016031767,5.967801595953717,0.0,1.0,0.0,0.0,1.0,1.0
24,0,0.0,0.0,0.0,1.0,0.0,0.0,1.0,1.0
25,0,0.0,10.023165791770095,1.0,1.0,1.0,0.0,0.0,0.0
26,0,9.032010027751928,11.948476189666035,1.0,1.0,0.0,0.0,0.0,0.0
27,0,2.961019544851389,0.0,1.0,1.0,0.0,0.0,0.0,0.0
28,0,5.034091321809462,6.953274160713252,0.0,0.0,1.0,0.0,1.0,1.0
29,0,10.056139888681292,6.015929918422205,0.0,1.0,0.0,1.0,0.0,1.0
30,0,5.008187903835389,11.985995890395683,0.0,1.0,0.0,0.0,0.0,0.0
31,0,3.002970516450353,8.941265233479909,1.0,0.0,0.0,1.0,0.0,0.0
32,0,4.973517917554997,0.0385287258622233,1.0,0.0,1.0,1.0,0.0,1.0
33,0,12.0,2.041743187917183,0.0,0.0,0.0,1.0,0.0,0.0
34,0,10.961124569638208,3.038282469378879,0.0,0.0,0.0,1.0,1.0,1.0
35,0,9.97865253116846,12.0,0.0,1.0,1.0,1.0,0.0,0.0
36,0,11.98457004996536,0.070995558641839,1.0,0.0,0.0,1.0,1.0,0.0
37,0,9.998991789103645,0.0423191198437423,1.0,0.0,1.0,0.0,1.0,1.0
38,0,11.93960646456688,8.981418794708892,1.0,0.0,1.0,0.0,0.0,1.0
39,0,8.949492373376003,10.996817154182704,0.0,0.0,0.0,0.0,1.0,0.0
0,5,3.1085813358536587,8.037818767072938,0.0,0.0,0.0,0.0,0.0,0.0
1,5,7.000994594826065,6.084975872496498,0.0,0.0,1.0,1.0,1.0,1.0
2,5,0.9150734762225778,9.910571618537803,0.0,0.0,0.0,0.0,0.0,0.0
3,5,7.010649548195262,3.093074987096007,1.0,1.0,0.0,0.0,1.0,1.0
4,5,9.913924697449106,5.046974606524926,0.0,0.0,0.0,1.0,0.0,1.0
5,5,8.103496037073961,4.069826574838822,0.0,0.0,0.0,0.0,0.0,1.0
6,5,2.8813461790528163,6.885510312443845,1.0,0.0,1.0,0.0,0.0,0.0
7,5,6.890712782537328,9.114148816370774,1.0,1.0,0.0,0.0,1.0,1.0
8,5,2.9474784913451053,11.122238832243012,0.0,1.0,1.0,1.0,1.0,0.0
9,5,0.0,0.0,0.0,1.0,1.0,0.0,0.0,1.0
10,5,5.135385818225495,9.9171100472927,0.0,0.0,1.0,1.0,0.0,1.0
11,5,5.924950510074212,0.0,0.0,1.0,1.0,0.0,1.0,1.0
12,5,4.907047602065396,4.060277041672777,0.0,0.0,0.0,1.0,1.0,0.0
13,5,0.9989168346923754,0.0,1.0,1.0,0.0,0.0,0.0,0.0
14,5,6.039490764583236,10.887673822101789,0.0,0.0,1.0,0.0,0.0,0.0
15,5,7.938475712693402,0.1248012952100421,0.0,0.0,1.0,0.0,1.0,0.0
16,5,1.8593266405465136,2.004467604953812,1.0,1.0,0.0,1.0,0.0,1.0
17,5,9.079269531530723,8.089846083613352,1.0,0.0,0.0,0.0,1.0,0.0
18,5,4.089816535018377,0.952975181058168,1.0,1.0,0.0,0.0,1.0,0.0
19,5,10.911995328815218,4.014578889180173,0.0,0.0,0.0,0.0,1.0,0.0
20,5,8.09834402208006,1.9456202336424595,0.0,0.0,1.0,0.0,1.0,1.0
21,5,11.956577374537712,4.895239544078892,1.0,0.0,1.0,0.0,0.0,1.0
22,5,9.944784652186314,4.966073688176011,1.0,0.0,1.0,1.0,0.0,0.0
23,5,5.04968912812409,5.951395952352658,0.0,1.0,0.0,0.0,1.0,1.0
24,5,0.0,0.0,0.0,1.0,0.0,0.0,1.0,1.0
25,5,0.0,10.041379528901988,1.0,1.0,1.0,0.0,0.0,0.0
26,5,9.060073823846906,11.905558868647152,1.0,1.0,0.0,0.0,0.0,0.0
27,5,2.9310697183616723,0.0,1.0,1.0,0.0,0.0,0.0,0.0
28,5,5.060316248382218,6.916270326915811,0.0,0.0,1.0,0.0,1.0,1.0
29,5,10.11805108247284,6.033357843536475,0.0,1.0,0.0,1.0,0.0,1.0
30,5,5.011401579029319,11.980446302742232,0.0,1.0,0.0,0.0,0.0,0.0
31,5,3.0070722425383742,8.866155096782052,1.0,0.0,0.0,1.0,0.0,0.0
32,5,4.9463786215671455,0.0792375763102685,1.0,0.0,1.0,1.0,0.0,1.0
33,5,12.0,2.0876051664451416,0.0,0.0,0.0,1.0,0.0,0.0
34,5,10.919623488125708,3.080487195535073,0.0,0.0,0.0,1.0,1.0,1.0
35,5,9.95368605075665,12.0,0.0,1.0,1.0,1.0,0.0,0.0
36,5,11.973675089148148,0.1220564529694656,1.0,0.0,0.0,1.0,1.0,0.0
37,5,9.998410796787772,0.115950967464584,1.0,0.0,1.0,0.0,1.0,1.0
38,5,11.90721141566682,8.970983658661059,1.0,0.0,1.0,0.0,0.0,1.0
39,5,8.900205809753523,10.993585747600877,0.0,0.0,0.0,0.0,1.0,0.0
0,10,3.167786771860031,8.057819460269007,0.0,0.0,0.0,0.0,0.0,0.0
1,10,6.960388003065268,6.117467018107936,0.0,0.0,1.0,1.0,1.0,1.0
2,10,0.8644092345676102,9.858410041498,0.0,0.0,0.0,0.0,0.0,0.0
3,10,7.012999254434136,3.1092269511209505,1.0,1.0,0.0,0.0,1.0,1.0
4,10,9.858755222092515,5.078391243748933,0.0,0.0,0.0,1.0,0.0,1.0
5,10,8.153112135923525,4.102806393177941,0.0,0.0,0.0,0.0,0.0,1.0
6,10,2.9362598250834435,6.825356903470736,1.0,0.0,1.0,0.0,0.0,0.0
7,10,6.825897930913298,9.178380960570898,1.0,1.0,0.0,0.0,1.0,1.0
8,10,2.9257170799197008,11.173026248270617,0.0,1.0,1.0,1.0,1.0,0.0
9,10,0.0,0.0,0.0,1.0,1.0,0.0,0.0,1.0
10,10,5.202127602149368,9.87792001462562,0.0,0.0,1.0,1.0,0.0,1.0
11,10,5.887513017005798,0.0,0.0,1.0,1.0,0.0,1.0,1.0
12,10,4.863680199263086,4.088717129020393,0.0,0.0,0.0,1.0,1.0,0.0
13,10,0.9979940317102816,0.0,1.0,1.0,0.0,0.0,0.0,0.0
14,10,6.05868108552167,10.832455019488648,0.0,0.0,1.0,0.0,0.0,0.0
15,10,7.918523420678331,0.1672749116336384,0.0,0.0,1.0,0.0,1.0,0.0
16,10,1.8041640142214508,2.0057881970132363,1.0,1.0,0.0,1.0,0.0,1.0
17,10,9.10693614088226,8.120492040074817,1.0,0.0,0.0,0.0,1.0,0.0
18,10,4.133723104803956,0.93171786022188,1.0,1.0,0.0,0.0,1.0,0.0
19,10,10.860085426275411,4.023682200189131,0.0,0.0,0.0,0.0,1.0,0.0
20,10,8.151459140361434,1.918286307005286,0.0,0.0,1.0,0.0,1.0,1.0
21,10,11.939019660191594,4.848127528626772,1.0,0.0,1.0,0.0,0.0,1.0
22,10,9.930077568329606,4.957098825573309,1.0,0.0,1.0,1.0,0.0,0.0
23,10,5.068650409950145,5.932989979161933,0.0,1.0,0.0,0.0,1.0,1.0
24,10,0.0,0.0,0.0,1.0,0.0,0.0,1.0,1.0
25,10,0.0,10.06015801916604,1.0,1.0,1.0,0.0,0.0,0.0
26,10,9.07676720940586,11.879681170746148,1.0,1.0,0.0,0.0,0.0,0.0
27,10,2.896112524623264,0.0,1.0,1.0,0.0,0.0,0.0,0.0
28,10,5.081199462760388,6.8868770122664085,0.0,0.0,1.0,0.0,1.0,1.0
29,10,10.096980662194836,6.115816453460231,0.0,1.0,0.0,1.0,0.0,1.0
30,10,5.019451611735714,11.967211816344635,0.0,1.0,0.0,0.0,0.0,0.0
31,10,3.009991690692624,8.78095316844943,1.0,0.0,0.0,1.0,0.0,0.0
32,10,4.909990940528965,0.1372445422055919,1.0,0.0,1.0,1.0,0.0,1.0
33,10,12.0,2.12067299876546,0.0,0.0,0.0,1.0,0.0,0.0
34,10,10.886498192203527,3.114977785081364,0.0,0.0,0.0,1.0,1.0,1.0
35,10,9.926638862443664,12.0,0.0,1.0,1.0,1.0,0.0,0.0
36,10,11.966557173964864,0.1584883526954697,1.0,0.0,0.0,1.0,1.0,0.0
37,10,9.997376631059778,0.1797036071189597,1.0,0.0,1.0,0.0,1.0,1.0
38,10,11.874910364288803,8.960190734229142,1.0,0.0,1.0,0.0,0.0,1.0
39,10,8.853996632651286,10.992844891926438,0.0,0.0,0.0,0.0,1.0,0.0
0,15,3.219812165642291,8.074148152033544,0.0,0.0,0.0,0.0,0.0,0.0
1,15,6.9101963550366,6.156518876803249,0.0,0.0,1.0,1.0,1.0,1.0
2,15,0.793053371439672,9.784609210473002,0.0,0.0,0.0,0.0,0.0,0.0
3,15,7.016234659468753,3.1314663954350017,1.0,1.0,0.0,0.0,1.0,1.0
4,15,9.804204883100288,5.108632683165132,0.0,0.0,0.0,1.0,0.0,1.0
5,15,8.192833666723878,4.130195293790193,0.0,0.0,0.0,0.0,0.0,1.0
6,15,2.9879836116399456,6.766689337472299,1.0,0.0,1.0,0.0,0.0,0.0
7,15,6.75006220647406,9.253605368530584,1.0,1.0,0.0,0.0,1.0,1.0
8,15,2.907623827451136,11.2155620057497,0.0,1.0,1.0,1.0,1.0,0.0
9,15,0.0,0.0,0.0,1.0,1.0,0.0,0.0,1.0
10,15,5.285420102565053,9.831958257127278,0.0,0.0,1.0,1.0,0.0,1.0
11,15,5.862249590272913,0.0,0.0,1.0,1.0,0.0,1.0,1.0
12,15,4.817190541069055,4.119842415576266,0.0,0.0,0.0,1.0,1.0,0.0
13,15,0.996822379446884,0.0,1.0,1.0,0.0,0.0,0.0,0.0
14,15,6.075885235277175,10.78299032413391,0.0,0.0,1.0,0.0,0.0,0.0
15,15,7.905598711302258,0.194116122833743,0.0,0.0,1.0,0.0,1.0,0.0
16,15,1.7593782647024376,2.0069096639290263,1.0,1.0,0.0,1.0,0.0,1.0
17,15,9.13372272485511,8.148974250574508,1.0,0.0,0.0,0.0,1.0,0.0
18,15,4.170920194581901,0.914303875472338,1.0,1.0,0.0,0.0,1.0,0.0
19,15,10.809987429813782,4.031546332011091,0.0,0.0,0.0,0.0,1.0,0.0
20,15,8.197575092922012,1.8944270822592264,0.0,0.0,1.0,0.0,1.0,1.0
21,15,11.92169034943871,4.800366710873219,1.0,0.0,1.0,0.0,0.0,1.0
22,15,9.928194457293063,4.95593755699575,1.0,0.0,1.0,1.0,0.0,0.0
23,15,5.095388762513556,5.90823697350308,0.0,1.0,0.0,0.0,1.0,1.0
24,15,0.0,0.0,0.0,1.0,0.0,0.0,1.0,1.0
25,15,0.0,10.096966714750195,1.0,1.0,1.0,0.0,0.0,0.0
26,15,9.079861379436196,11.874581316774394,1.0,1.0,0.0,0.0,0.0,0.0
27,15,2.85967331316408,0.0,1.0,1.0,0.0,0.0,0.0,0.0
28,15,5.1104936729084445,6.844073908373661,0.0,0.0,1.0,0.0,1.0,1.0
29,15,10.074277062829776,6.200574015534489,0.0,1.0,0.0,1.0,0.0,1.0
30,15,5.023818653823802,11.959727714160646,0.0,1.0,0.0,0.0,0.0,0.0
31,15,3.011096399295169,8.699249366090067,1.0,0.0,0.0,1.0,0.0,0.0
32,15,4.873727577231175,0.1949740900520165,1.0,0.0,1.0,1.0,0.0,1.0
33,15,12.0,2.150428890412947,0.0,0.0,0.0,1.0,0.0,0.0
34,15,10.86093188674536,3.141383953607815,0.0,0.0,0.0,1.0,1.0,1.0
35,15,9.90894255906034,12.0,0.0,1.0,1.0,1.0,0.0,0.0
36,15,11.958727535647665,0.1921360191670356,1.0,0.0,0.0,1.0,1.0,0.0
37,15,9.996714531633634,0.2224366352542983,1.0,0.0,1.0,0.0,1.0,1.0
38,15,11.83519150520531,8.947336637760246,1.0,0.0,1.0,0.0,0.0,1.0
39,15,8.810483636956327,10.991155641705555,0.0,0.0,0.0,0.0,1.0,0.0
0,20,3.236398612049769,8.079454976356567,0.0,0.0,0.0,0.0,0.0,0.0
1,20,6.873264155882686,6.185043258576814,0.0,0.0,1.0,1.0,1.0,1.0
2,20,0.7137653947127128,9.69771652911199,0.0,0.0,0.0,0.0,0.0,0.0
3,20,7.017185609796719,3.1381009561268765,1.0,1.0,0.0,0.0,1.0,1.0
4,20,9.748313587320816,5.138974730848768,0.0,0.0,0.0,1.0,0.0,1.0
5,20,8.238868105887022,4.161931363992695,0.0,0.0,0.0,0.0,0.0,1.0
6,20,3.0262591587284717,6.7248717420743445,1.0,0.0,1.0,0.0,0.0,0.0
7,20,6.667848840945491,9.337412422053028,1.0,1.0,0.0,0.0,1.0,1.0
8,20,2.8849123764854534,11.270859095724084,0.0,1.0,1.0,1.0,1.0,0.0
9,20,0.0,0.0,0.0,1.0,1.0,0.0,0.0,1.0
10,20,5.389224152513733,9.772665695725916,0.0,0.0,1.0,1.0,0.0,1.0
11,20,5.836914666440967,0.0,0.0,1.0,1.0,0.0,1.0,1.0
12,20,4.758462059193272,4.159521234946685,0.0,0.0,0.0,1.0,1.0,0.0
13,20,0.996182321358236,0.0,1.0,1.0,0.0,0.0,0.0,0.0
14,20,6.098875713854226,10.72176401328224,0.0,0.0,1.0,0.0,0.0,0.0
15,20,7.885890075262404,0.2329010704081289,0.0,0.0,1.0,0.0,1.0,0.0
16,20,1.7352509487418315,2.007583191878811,1.0,1.0,0.0,1.0,0.0,1.0
17,20,9.156386924007109,8.173932582206657,1.0,0.0,0.0,0.0,1.0,0.0
18,20,4.187657440004786,0.9064232710850816,1.0,1.0,0.0,0.0,1.0,0.0
19,20,10.761987007892252,4.037372727196798,0.0,0.0,0.0,0.0,1.0,0.0
20,20,8.241123330706314,1.873391476560888,0.0,0.0,1.0,0.0,1.0,1.0
21,20,11.899154453552509,4.730163778036275,1.0,0.0,1.0,0.0,0.0,1.0
22,20,9.935608103540403,4.960483162183119,1.0,0.0,1.0,1.0,0.0,0.0
23,20,5.110056959165716,5.895072991401269,0.0,1.0,0.0,0.0,1.0,1.0
24,20,0.0,0.0,0.0,1.0,0.0,0.0,1.0,1.0
25,20,0.0,10.132214554946463,1.0,1.0,1.0,0.0,0.0,0.0
26,20,9.08161318969953,11.871618209547872,1.0,1.0,0.0,0.0,0.0,0.0
27,20,2.809867504651573,0.0,1.0,1.0,0.0,0.0,0.0,0.0
28,20,5.146641281422697,6.790051655032884,0.0,0.0,1.0,0.0,1.0,1.0
29,20,10.057089777437245,6.268999735127872,0.0,1.0,0.0,1.0,0.0,1.0
30,20,5.033860465679551,11.942853471540928,0.0,1.0,0.0,0.0,0.0,0.0
31,20,3.011587900985352,8.622044065750195,1.0,0.0,0.0,1.0,0.0,0.0
32,20,4.84489002867343,0.2401088765991054,1.0,0.0,1.0,1.0,0.0,1.0
33,20,12.0,2.186219049865714,0.0,0.0,0.0,1.0,0.0,0.0
34,20,10.827232017767548,3.1750900188167885,0.0,0.0,0.0,1.0,1.0,1.0
35,20,9.88455408845554,12.0,0.0,1.0,1.0,1.0,0.0,0.0
36,20,11.951968908026856,0.2242673814453905,1.0,0.0,0.0,1.0,1.0,0.0
37,20,9.996999489537629,0.2401190991659856,1.0,0.0,1.0,0.0,1.0,1.0
38,20,11.80528264476658,8.938234801877535,1.0,0.0,1.0,0.0,0.0,1.0
39,20,8.766755956469641,10.989970525547015,0.0,0.0,0.0,0.0,1.0,0.0
0,25,3.260602899235777,8.087192890882408,0.0,0.0,0.0,0.0,0.0,0.0
1,25,6.842650391485394,6.209078669463109,0.0,0.0,1.0,1.0,1.0,1.0
2,25,0.6353131125795969,9.610059128781618,0.0,0.0,0.0,0.0,0.0,0.0
3,25,7.019875838091335,3.157287244847773,1.0,1.0,0.0,0.0,1.0,1.0
4,25,9.719563567295385,5.154973825829787,0.0,0.0,0.0,1.0,0.0,1.0
5,25,8.282867121215837,4.190496301688809,0.0,0.0,0.0,0.0,0.0,1.0
6,25,3.072875548525512,6.675713837428163,1.0,0.0,1.0,0.0,0.0,0.0
7,25,6.578795478252437,9.430060976863915,1.0,1.0,0.0,0.0,1.0,1.0
8,25,2.867620544476289,11.31385791909694,0.0,1.0,1.0,1.0,1.0,0.0
9,25,0.0,0.0,0.0,1.0,1.0,0.0,0.0,1.0
10,25,5.509805249008283,9.701809785166596,0.0,0.0,1.0,1.0,0.0,1.0
11,25,5.81277439070725,0.0,0.0,1.0,1.0,0.0,1.0,1.0
12,25,4.681527602353256,4.207838286097544,0.0,0.0,0.0,1.0,1.0,0.0
13,25,0.9965466999843928,0.0,1.0,1.0,0.0,0.0,0.0,0.0
14,25,6.129094926485197,10.642221167373974,0.0,0.0,1.0,0.0,0.0,0.0
15,25,7.8669927378132,0.2640962556523514,0.0,0.0,1.0,0.0,1.0,0.0
16,25,1.6874062635623512,2.00863172597386,1.0,1.0,0.0,1.0,0.0,1.0
17,25,9.174820939260664,8.194781071323147,1.0,0.0,0.0,0.0,1.0,0.0
18,25,4.208080587819013,0.8968678604432964,1.0,1.0,0.0,0.0,1.0,0.0
19,25,10.716017182855952,4.041796667123703,0.0,0.0,0.0,0.0,1.0,0.0
20,25,8.301716075297811,1.8436330687701128,0.0,0.0,1.0,0.0,1.0,1.0
21,25,11.883507535946467,4.675929882398409,1.0,0.0,1.0,0.0,0.0,1.0
22,25,9.948642859504735,4.968605207404628,1.0,0.0,1.0,1.0,0.0,0.0
23,25,5.130758780435289,5.87688314119336,0.0,1.0,0.0,0.0,1.0,1.0
24,25,0.0,0.0,0.0,1.0,0.0,0.0,1.0,1.0
25,25,0.0,10.161881870839276,1.0,1.0,1.0,0.0,0.0,0.0
26,25,9.091125690623269,11.856200861571878,1.0,1.0,0.0,0.0,0.0,0.0
27,25,2.737516579494414,0.0,1.0,1.0,0.0,0.0,0.0,0.0
28,25,5.174698390647172,6.747435405068057,0.0,0.0,1.0,0.0,1.0,1.0
29,25,10.042162090978394,6.329386435684428,0.0,1.0,0.0,1.0,0.0,1.0
30,25,5.041637395163186,11.930186681203953,0.0,1.0,0.0,0.0,0.0,0.0
31,25,3.010986231032959,8.55665491626924,1.0,0.0,0.0,1.0,0.0,0.0
32,25,4.810884449106406,0.293975021851741,1.0,0.0,1.0,1.0,0.0,1.0
33,25,12.0,2.2284328089113377,0.0,0.0,0.0,1.0,0.0,0.0
34,25,10.801802014613411,3.200709574531881,0.0,0.0,0.0,1.0,1.0,1.0
35,25,9.839037664711372,12.0,0.0,1.0,1.0,1.0,0.0,0.0
36,25,11.946418586003531,0.2504191896399762,1.0,0.0,0.0,1.0,1.0,0.0
37,25,9.997155225435227,0.2521498182643648,1.0,0.0,1.0,0.0,1.0,1.0
38,25,11.764985553860107,8.925466247808387,1.0,0.0,1.0,0.0,0.0,1.0
39,25,8.698888491770239,10.988103182582067,0.0,0.0,0.0,0.0,1.0,0.0
0,30,3.280210581505276,8.093919837972038,0.0,0.0,0.0,0.0,0.0,0.0
1,30,6.837530381359573,6.212911400393007,0.0,0.0,1.0,1.0,1.0,1.0
2,30,0.5548179866287763,9.523831705620651,0.0,0.0,0.0,0.0,0.0,0.0
3,30,7.023194814335309,3.1783772357959656,1.0,1.0,0.0,0.0,1.0,1.0
4,30,9.677480488970271,5.178424532567132,0.0,0.0,0.0,1.0,0.0,1.0
5,30,8.348575087193439,4.231296741258972,0.0,0.0,0.0,0.0,0.0,1.0
6,30,3.115278811380505,6.627318871809727,1.0,0.0,1.0,0.0,0.0,0.0
7,30,6.500649294501842,9.514003002781031,1.0,1.0,0.0,0.0,1.0,1.0
8,30,2.851894387127279,11.352050523616388,0.0,1.0,1.0,1.0,1.0,0.0
9,30,0.0,0.0,0.0,1.0,1.0,0.0,0.0,1.0
10,30,5.624931609807279,9.632367017811896,0.0,0.0,1.0,1.0,0.0,1.0
11,30,5.784826851369702,0.0,0.0,1.0,1.0,0.0,1.0,1.0
12,30,4.606869171478609,4.254883672011805,0.0,0.0,0.0,1.0,1.0,0.0
13,30,0.997096545172928,0.0,1.0,1.0,0.0,0.0,0.0,0.0
14,30,6.15402229393113,10.578762860961572,0.0,0.0,1.0,0.0,0.0,0.0
15,30,7.851552340266495,0.2896848514713576,0.0,0.0,1.0,0.0,1.0,0.0
16,30,1.617470049896133,2.008934749218381,1.0,1.0,0.0,1.0,0.0,1.0
17,30,9.182069984734763,8.20340526636812,1.0,0.0,0.0,0.0,1.0,0.0
18,30,4.236876207078954,0.8828976878931901,1.0,1.0,0.0,0.0,1.0,0.0
19,30,10.67377359294158,4.045112124699819,0.0,0.0,0.0,0.0,1.0,0.0
20,30,8.348509734479821,1.8207023712071195,0.0,0.0,1.0,0.0,1.0,1.0
21,30,11.8716019510655,4.633949132209176,1.0,0.0,1.0,0.0,0.0,1.0
22,30,9.962470194128043,4.977413619107876,1.0,0.0,1.0,1.0,0.0,0.0
23,30,5.160364720157929,5.850732500825164,0.0,1.0,0.0,0.0,1.0,1.0
24,30,0.0,0.0,0.0,1.0,0.0,0.0,1.0,1.0
25,30,0.0383903756259047,10.245088001064698,1.0,1.0,1.0,0.0,0.0,0.0
26,30,9.085642685440083,11.864986902072078,1.0,1.0,0.0,0.0,0.0,0.0
27,30,2.653449704017046,0.0,1.0,1.0,0.0,0.0,0.0,0.0
28,30,5.203089262677594,6.705143278121192,0.0,0.0,1.0,0.0,1.0,1.0
29,30,10.022117729756571,6.40511104246375,0.0,1.0,0.0,1.0,0.0,1.0
30,30,5.035636514850256,11.938899160353968,0.0,1.0,0.0,0.0,0.0,0.0
31,30,2.9696420725979817,8.558108423812206,1.0,0.0,0.0,1.0,0.0,0.0
32,30,4.769133238633014,0.3562067110473617,1.0,0.0,1.0,1.0,0.0,1.0
33,30,12.0,2.2824532576339327,0.0,0.0,0.0,1.0,0.0,0.0
34,30,10.779332831342016,3.2249258017421143,0.0,0.0,0.0,1.0,1.0,1.0
35,30,9.798619560222413,12.0,0.0,1.0,1.0,1.0,0.0,0.0
36,30,11.943787600182596,0.2608387919166702,1.0,0.0,0.0,1.0,1.0,0.0
37,30,9.998033010113812,0.280392666084917,1.0,0.0,1.0,0.0,1.0,1.0
38,30,11.74045594764766,8.918230583818382,1.0,0.0,1.0,0.0,0.0,1.0
39,30,8.626126526789662,10.986212728641082,0.0,0.0,0.0,0.0,1.0,0.0
0,35,3.299355222110384,8.100329248122389,0.0,0.0,0.0,0.0,0.0,0.0
1,35,6.852464741456656,6.202140473683047,0.0,0.0,1.0,1.0,1.0,1.0
2,35,0.4882836370893629,9.453726621431448,0.0,0.0,0.0,0.0,0.0,0.0
3,35,7.0262950869705385,3.199336333122867,1.0,1.0,0.0,0.0,1.0,1.0
4,35,9.622150946480838,5.208374716502334,0.0,0.0,0.0,1.0,0.0,1.0
5,35,8.38271736540955,4.252282268057415,0.0,0.0,0.0,0.0,0.0,1.0
6,35,3.1488595511068094,6.587334888682984,1.0,0.0,1.0,0.0,0.0,0.0
7,35,6.418294973954679,9.602156388986518,1.0,1.0,0.0,0.0,1.0,1.0
8,35,2.83617762230842,11.3916123406718,0.0,1.0,1.0,1.0,1.0,0.0
9,35,0.0,0.0,0.0,1.0,1.0,0.0,0.0,1.0
10,35,5.74614173118122,9.563173652153754,0.0,0.0,1.0,1.0,0.0,1.0
11,35,5.764036667032643,0.0,0.0,1.0,1.0,0.0,1.0,1.0
12,35,4.531457749206528,4.302567351621764,0.0,0.0,0.0,1.0,1.0,0.0
13,35,0.997561459101386,0.0,1.0,1.0,0.0,0.0,0.0,0.0
14,35,6.183907905963868,10.505262944016271,0.0,0.0,1.0,0.0,0.0,0.0
15,35,7.84131504759589,0.3063789033277144,0.0,0.0,1.0,0.0,1.0,0.0
16,35,1.517366947655606,2.010240844501859,1.0,1.0,0.0,1.0,0.0,1.0
17,35,9.196278109121453,8.21971037181134,1.0,0.0,0.0,0.0,1.0,0.0
18,35,4.281564655179381,0.8630603477740658,1.0,1.0,0.0,0.0,1.0,0.0
19,35,10.642947526680375,4.047166922723188,0.0,0.0,0.0,0.0,1.0,0.0
20,35,8.400384462398684,1.7973893077557,0.0,0.0,1.0,0.0,1.0,1.0
21,35,11.859564411454183,4.589847915877874,1.0,0.0,1.0,0.0,0.0,1.0
22,35,9.955482458121477,4.972773690274735,1.0,0.0,1.0,1.0,0.0,0.0
23,35,5.193424836216445,5.820075051768319,0.0,1.0,0.0,0.0,1.0,1.0
24,35,0.0,0.0,0.0,1.0,0.0,0.0,1.0,1.0
25,35,0.0733451689827684,10.317084527115394,1.0,1.0,1.0,0.0,0.0,0.0
26,35,9.077890761547724,11.879112595884049,1.0,1.0,0.0,0.0,0.0,0.0
27,35,2.57246232866418,0.0,1.0,1.0,0.0,0.0,0.0,0.0
28,35,5.244665690922583,6.642662704149755,0.0,0.0,1.0,0.0,1.0,1.0
29,35,10.000435330735211,6.47270596632829,0.0,1.0,0.0,1.0,0.0,1.0
30,35,5.027229179767064,11.95175246963472,0.0,1.0,0.0,0.0,0.0,0.0
31,35,2.9165237859670925,8.560145919205226,1.0,0.0,0.0,1.0,0.0,0.0
32,35,4.731196801069108,0.4133405429840401,1.0,0.0,1.0,1.0,0.0,1.0
33,35,12.0,2.325149656650636,0.0,0.0,0.0,1.0,0.0,0.0
34,35,10.758273308155683,3.246713344722008,0.0,0.0,0.0,1.0,1.0,1.0
35,35,9.750566507236192,12.0,0.0,1.0,1.0,1.0,0.0,0.0
36,35,11.942766059933511,0.2648044923763155,1.0,0.0,0.0,1.0,1.0,0.0
37,35,9.99829005057024,0.3035373618891984,1.0,0.0,1.0,0.0,1.0,1.0
38,35,11.725109733289369,8.913407322480516,1.0,0.0,1.0,0.0,0.0,1.0
39,35,8.527131627318182,10.982757555183502,0.0,0.0,0.0,0.0,1.0,0.0
0,40,3.315462657135886,8.106168193283303,0.0,0.0,0.0,0.0,0.0,0.0
1,40,6.8674623446563015,6.1911569546360905,0.0,0.0,1.0,1.0,1.0,1.0
2,40,0.4206840177735448,9.381223801429863,0.0,0.0,0.0,0.0,0.0,0.0
3,40,7.029142748294637,3.219060981862341,1.0,1.0,0.0,0.0,1.0,1.0
4,40,9.571941258950474,5.234774428368445,0.0,0.0,0.0,1.0,0.0,1.0
5,40,8.405580972925303,4.266477679885037,0.0,0.0,0.0,0.0,0.0,1.0
6,40,3.196151417391483,6.529728080475449,1.0,0.0,1.0,0.0,0.0,0.0
7,40,6.335849833149823,9.689817090912255,1.0,1.0,0.0,0.0,1.0,1.0
8,40,2.8237207559516624,11.425047236620268,0.0,1.0,1.0,1.0,1.0,0.0
9,40,0.0,0.0,0.0,1.0,1.0,0.0,0.0,1.0
10,40,5.850340476194938,9.504217842713196,0.0,0.0,1.0,1.0,0.0,1.0
11,40,5.747782559605261,0.0,0.0,1.0,1.0,0.0,1.0,1.0
12,40,4.469738734002775,4.341002792263592,0.0,0.0,0.0,1.0,1.0,0.0
13,40,0.9975738798921616,0.0,1.0,1.0,0.0,0.0,0.0,0.0
14,40,6.210804755060165,10.437978111936854,0.0,0.0,1.0,0.0,0.0,0.0
15,40,7.835759489657975,0.3147153106567248,0.0,0.0,1.0,0.0,1.0,0.0
16,40,1.4116239883366095,2.011591417454403,1.0,1.0,0.0,1.0,0.0,1.0
17,40,9.210348831583795,8.236043695398244,1.0,0.0,0.0,0.0,1.0,0.0
18,40,4.376053275803989,0.8205957072408442,1.0,1.0,0.0,0.0,1.0,0.0
19,40,10.588104901450352,4.050526096366712,0.0,0.0,0.0,0.0,1.0,0.0
20,40,8.46055971286669,1.7684421961274333,0.0,0.0,1.0,0.0,1.0,1.0
21,40,11.846541285927763,4.543652664942864,1.0,0.0,1.0,0.0,0.0,1.0
22,40,9.930727587436223,4.955263864183685,1.0,0.0,1.0,1.0,0.0,0.0
23,40,5.220552331681071,5.7937319647320304,0.0,1.0,0.0,0.0,1.0,1.0
24,40,0.0,0.0,0.0,1.0,0.0,0.0,1.0,1.0
25,40,0.106670434804403,10.38604296738507,1.0,1.0,1.0,0.0,0.0,0.0
26,40,9.077204720289204,11.880346847530989,1.0,1.0,0.0,0.0,0.0,0.0
27,40,2.4941382642669203,0.0,1.0,1.0,0.0,0.0,0.0,0.0
28,40,5.269860228868314,6.603015725316266,0.0,0.0,1.0,0.0,1.0,1.0
29,40,9.97917609596657,6.5419331449846005,0.0,1.0,0.0,1.0,0.0,1.0
30,40,5.029818647612872,11.947674170868114,0.0,1.0,0.0,0.0,0.0,0.0
31,40,2.846520377613029,8.56142309046191,1.0,0.0,0.0,1.0,0.0,0.0
32,40,4.695201879604857,0.4674356887191874,1.0,0.0,1.0,1.0,0.0,1.0
33,40,12.0,2.3748289332648644,0.0,0.0,0.0,1.0,0.0,0.0
34,40,10.73816237427732,3.2675692080734717,0.0,0.0,0.0,1.0,1.0,1.0
35,40,9.69898315958744,12.0,0.0,1.0,1.0,1.0,0.0,0.0
36,40,11.94526896987522,0.2560240112071557,1.0,0.0,0.0,1.0,1.0,0.0
37,40,9.99850347886321,0.3248158816926587,1.0,0.0,1.0,0.0,1.0,1.0
38,40,11.70270703682482,8.906660805987304,1.0,0.0,1.0,0.0,0.0,1.0
39,40,8.427870958027114,10.97974225707014,0.0,0.0,0.0,0.0,1.0,0.0
0,45,3.334612700261182,8.113568199298024,0.0,0.0,0.0,0.0,0.0,0.0
1,45,6.878460325437497,6.182667643277348,0.0,0.0,1.0,1.0,1.0,1.0
2,45,0.3538274226692177,9.307845226596733,0.0,0.0,0.0,0.0,0.0,0.0
3,45,7.031876440025986,3.237086066901248,1.0,1.0,0.0,0.0,1.0,1.0
4,45,9.516541805898411,5.265418555117634,0.0,0.0,0.0,1.0,0.0,1.0
5,45,8.422591997587507,4.276982591254439,0.0,0.0,0.0,0.0,0.0,1.0
6,45,3.2365586232632224,6.478284085246111,1.0,0.0,1.0,0.0,0.0,0.0
7,45,6.248935876942124,9.78048849505694,1.0,1.0,0.0,0.0,1.0,1.0
8,45,2.812922988967168,11.454190482850075,0.0,1.0,1.0,1.0,1.0,0.0
9,45,0.0,0.0,0.0,1.0,1.0,0.0,0.0,1.0
10,45,5.9564373349106345,9.445590245846764,0.0,0.0,1.0,1.0,0.0,1.0
11,45,5.727535336586345,0.0,0.0,1.0,1.0,0.0,1.0,1.0
12,45,4.411180758180354,4.376491636295969,0.0,0.0,0.0,1.0,1.0,0.0
13,45,0.9976368250734092,0.0,1.0,1.0,0.0,0.0,0.0,0.0
14,45,6.240725875217366,10.363053520074622,0.0,0.0,1.0,0.0,0.0,0.0
15,45,7.818179001997276,0.3406524035108584,0.0,0.0,1.0,0.0,1.0,0.0
16,45,1.2919107625379318,2.0123109547775004,1.0,1.0,0.0,1.0,0.0,1.0
17,45,9.222504502894331,8.250290040351828,1.0,0.0,0.0,0.0,1.0,0.0
18,45,4.457793748212946,0.7858918330933637,1.0,1.0,0.0,0.0,1.0,0.0
19,45,10.528393437888406,4.055374166144555,0.0,0.0,0.0,0.0,1.0,0.0
20,45,8.51335472612824,1.741787994946292,0.0,0.0,1.0,0.0,1.0,1.0
21,45,11.889279704410676,4.531687122378657,1.0,0.0,1.0,0.0,0.0,1.0
22,45,9.905914855658052,4.938341142901496,1.0,0.0,1.0,1.0,0.0,0.0
23,45,5.262572483206228,5.751195206129302,0.0,1.0,0.0,0.0,1.0,1.0
24,45,0.0,0.0,0.0,1.0,0.0,0.0,1.0,1.0
25,45,0.1433124461153462,10.455357554917864,1.0,1.0,1.0,0.0,0.0,0.0
26,45,9.089865766110108,11.857988460657362,1.0,1.0,0.0,0.0,0.0,0.0
27,45,2.416515704962168,0.0,1.0,1.0,0.0,0.0,0.0,0.0
28,45,5.299026421444049,6.559383385883114,0.0,0.0,1.0,0.0,1.0,1.0
29,45,9.955768820300465,6.613079837784644,0.0,1.0,0.0,1.0,0.0,1.0
30,45,5.045257539192528,11.92439466949481,0.0,1.0,0.0,0.0,0.0,0.0
31,45,2.7798439886167943,8.561581802704032,1.0,0.0,0.0,1.0,0.0,0.0
32,45,4.66545068934787,0.5109037777134349,1.0,0.0,1.0,1.0,0.0,1.0
33,45,12.0,2.407544143554253,0.0,0.0,0.0,1.0,0.0,0.0
34,45,10.709401476992792,3.296900725513991,0.0,0.0,0.0,1.0,1.0,1.0
35,45,9.626127959701709,12.0,0.0,1.0,1.0,1.0,0.0,0.0
36,45,11.9402577597696,0.2717044389833234,1.0,0.0,0.0,1.0,1.0,0.0
37,45,9.99850232837042,0.3196047287503319,1.0,0.0,1.0,0.0,1.0,1.0
38,45,11.68662866207736,8.90130712437451,1.0,0.0,1.0,0.0,0.0,1.0
39,45,8.311550196628154,10.978852890066356,0.0,0.0,0.0,0.0,1.0,0.0
0,50,3.325771980533096,8.110156904281043,0.0,0.0,0.0,0.0,0.0,0.0
1,50,6.893901556577057,6.170405868221223,0.0,0.0,1.0,1.0,1.0,1.0
2,50,0.2771478071659349,9.224280083689958,0.0,0.0,0.0,0.0,0.0,0.0
3,50,7.036002627015821,3.2703818024370426,1.0,1.0,0.0,0.0,1.0,1.0
4,50,9.464093899379542,5.293277638097886,0.0,0.0,0.0,1.0,0.0,1.0
5,50,8.42890426683591,4.2808822342503685,0.0,0.0,0.0,0.0,0.0,1.0
6,50,3.274759477941967,6.430156242859725,1.0,0.0,1.0,0.0,0.0,0.0
7,50,6.163754088046606,9.873843140872951,1.0,1.0,0.0,0.0,1.0,1.0
8,50,2.8046931608904733,11.476092850779228,0.0,1.0,1.0,1.0,1.0,0.0
9,50,0.0026853712081826,0.0001161965962833,0.0,1.0,1.0,0.0,0.0,1.0
10,50,6.03709022883319,9.401931273129325,0.0,0.0,1.0,1.0,0.0,1.0
11,50,5.709964094708237,0.0,0.0,1.0,1.0,0.0,1.0,1.0
12,50,4.323234201008618,4.431010695350298,0.0,0.0,0.0,1.0,1.0,0.0
13,50,0.997286002295952,0.0,1.0,1.0,0.0,0.0,0.0,0.0
14,50,6.266899971244413,10.294867360307782,0.0,0.0,1.0,0.0,0.0,0.0
15,50,7.792958338166459,0.3787874466736524,0.0,0.0,1.0,0.0,1.0,0.0
16,50,1.1864516611833262,2.013779965430276,1.0,1.0,0.0,1.0,0.0,1.0
17,50,9.219277590815237,8.24637747288169,1.0,0.0,0.0,0.0,1.0,0.0
18,50,4.551651419091659,0.7492795175229322,1.0,1.0,0.0,0.0,1.0,0.0
19,50,10.452057992648616,4.059664726248817,0.0,0.0,0.0,0.0,1.0,0.0
20,50,8.564730888931317,1.7163727272378235,0.0,0.0,1.0,0.0,1.0,1.0
21,50,11.904119213249189,4.527562437906387,1.0,0.0,1.0,0.0,0.0,1.0
22,50,9.86951231716526,4.913442186405832,1.0,0.0,1.0,1.0,0.0,0.0
23,50,5.312848360612764,5.699225250868038,0.0,1.0,0.0,0.0,1.0,1.0
24,50,0.0089646512267751,0.0,0.0,1.0,0.0,0.0,1.0,1.0
25,50,0.1882611872001265,10.540608972978797,1.0,1.0,1.0,0.0,0.0,0.0
26,50,9.099929722447762,11.84081322375172,1.0,1.0,0.0,0.0,0.0,0.0
27,50,2.34964357228636,0.0,1.0,1.0,0.0,0.0,0.0,0.0
28,50,5.335844658862369,6.503018912983756,0.0,0.0,1.0,0.0,1.0,1.0
29,50,9.93041436599692,6.687232027283443,0.0,1.0,0.0,1.0,0.0,1.0
30,50,5.060645669727983,11.901310772054275,0.0,1.0,0.0,0.0,0.0,0.0
31,50,2.698649334357445,8.557103447816294,1.0,0.0,0.0,1.0,0.0,0.0
32,50,4.638330359886767,0.5533164932304555,1.0,0.0,1.0,1.0,0.0,1.0
33,50,12.0,2.453036574762116,0.0,0.0,0.0,1.0,0.0,0.0
34,50,10.667812096136965,3.3359060793602584,0.0,0.0,0.0,1.0,1.0,1.0
35,50,9.558000332578091,12.0,0.0,1.0,1.0,1.0,0.0,0.0
36,50,11.92564036574155,0.317170691800418,1.0,0.0,0.0,1.0,1.0,0.0
37,50,9.99805008714297,0.2957546397919945,1.0,0.0,1.0,0.0,1.0,1.0
38,50,11.659022094025469,8.892319884252657,1.0,0.0,1.0,0.0,0.0,1.0
39,50,8.208768886743847,10.977298415498757,0.0,0.0,0.0,0.0,1.0,0.0
0,55,3.332430306571633,8.1126466150487,0.0,0.0,0.0,0.0,0.0,0.0
1,55,6.911788404097425,6.15707618728004,0.0,0.0,1.0,1.0,1.0,1.0
2,55,0.1859195600757281,9.120824968527437,0.0,0.0,0.0,0.0,0.0,0.0
3,55,7.041613451383546,3.311813208192925,1.0,1.0,0.0,0.0,1.0,1.0
4,55,9.434858345869898,5.309014360955881,0.0,0.0,0.0,1.0,0.0,1.0
5,55,8.411817820848233,4.269380988345175,0.0,0.0,0.0,0.0,0.0,1.0
6,55,3.3010434073062846,6.396933096091118,1.0,0.0,1.0,0.0,0.0,0.0
7,55,6.083944004744796,9.957672013534934,1.0,1.0,0.0,0.0,1.0,1.0
8,55,2.7952033534320866,11.49955225561087,0.0,1.0,1.0,1.0,1.0,0.0
9,55,0.0014653600576956,5.583944239722891e-05,0.0,1.0,1.0,0.0,0.0,1.0
10,55,6.099063939221724,9.368002232392566,0.0,0.0,1.0,1.0,0.0,1.0
11,55,5.693676943493958,0.0,0.0,1.0,1.0,0.0,1.0,1.0
12,55,4.22544670310393,4.491329122533731,0.0,0.0,0.0,1.0,1.0,0.0
13,55,0.9958367197475224,0.0,1.0,1.0,0.0,0.0,0.0,0.0
14,55,6.292957653606044,10.228989587000289,0.0,0.0,1.0,0.0,0.0,0.0
15,55,7.76961509913726,0.4142244699291837,0.0,0.0,1.0,0.0,1.0,0.0
16,55,1.0958436929950557,2.0161257892203395,1.0,1.0,0.0,1.0,0.0,1.0
17,55,9.227058593558146,8.255567692012303,1.0,0.0,0.0,0.0,1.0,0.0
18,55,4.6359793101110345,0.7165382464059445,1.0,1.0,0.0,0.0,1.0,0.0
19,55,10.35574309181869,4.065035088687353,0.0,0.0,0.0,0.0,1.0,0.0
20,55,8.614946821677792,1.6905071602113226,0.0,0.0,1.0,0.0,1.0,1.0
21,55,11.9025942880134,4.527944634388532,1.0,0.0,1.0,0.0,0.0,1.0
22,55,9.837350517920797,4.891301959079499,1.0,0.0,1.0,1.0,0.0,0.0
23,55,5.372627768246423,5.63500876340865,0.0,1.0,0.0,0.0,1.0,1.0
24,55,0.0174161316753579,0.0,0.0,1.0,0.0,0.0,1.0,1.0
25,55,0.235354395744109,10.627724716134397,1.0,1.0,1.0,0.0,0.0,0.0
26,55,9.111456071984968,11.820585909352264,1.0,1.0,0.0,0.0,0.0,0.0
27,55,2.2685693679630274,0.0,1.0,1.0,0.0,0.0,0.0,0.0
28,55,5.364488587121952,6.460791693683202,0.0,0.0,1.0,0.0,1.0,1.0
29,55,9.90566814747947,6.761529603186777,0.0,1.0,0.0,1.0,0.0,1.0
30,55,5.086099363347562,11.86507117124403,0.0,1.0,0.0,0.0,0.0,0.0
31,55,2.605908210114233,8.551441306361395,1.0,0.0,0.0,1.0,0.0,0.0
32,55,4.598566357835678,0.6101371435934033,1.0,0.0,1.0,1.0,0.0,1.0
33,55,12.0,2.5044745701778246,0.0,0.0,0.0,1.0,0.0,0.0
34,55,10.60846150589692,3.390231636962779,0.0,0.0,0.0,1.0,1.0,1.0
35,55,9.46287432091238,12.0,0.0,1.0,1.0,1.0,0.0,0.0
36,55,11.91502603655112,0.3505963153011761,1.0,0.0,0.0,1.0,1.0,0.0
37,55,9.997601669393854,0.2733744318553497,1.0,0.0,1.0,0.0,1.0,1.0
38,55,11.639991940239534,8.885541111355298,1.0,0.0,1.0,0.0,0.0,1.0
39,55,8.095552521130118,10.977725903735848,0.0,0.0,0.0,0.0,1.0,0.0
0,60,3.335428986631241,8.11385490761476,0.0,0.0,0.0,0.0,0.0,0.0
1,60,6.923936492512553,6.148326448798145,0.0,0.0,1.0,1.0,1.0,1.0
2,60,0.2916722587248339,9.021964754871712,0.0,0.0,0.0,0.0,0.0,0.0
3,60,7.04720259481658,3.364102704607834,1.0,1.0,0.0,0.0,1.0,1.0
4,60,9.405669309339112,5.325164686046978,0.0,0.0,0.0,1.0,0.0,1.0
5,60,8.40096276991712,4.261724044134627,0.0,0.0,0.0,0.0,0.0,1.0
6,60,3.334195703147127,6.356623900378839,1.0,0.0,1.0,0.0,0.0,0.0
7,60,6.007814423564216,10.038422548697802,1.0,1.0,0.0,0.0,1.0,1.0
8,60,2.7761587090395468,11.544011910412204,0.0,1.0,1.0,1.0,1.0,0.0
9,60,0.0049386387699193,0.0003123396005294,0.0,1.0,1.0,0.0,0.0,1.0
10,60,6.143966941472122,9.342048386704292,0.0,0.0,1.0,1.0,0.0,1.0
11,60,5.676292532319781,0.0,0.0,1.0,1.0,0.0,1.0,1.0
12,60,4.117819650917104,4.557036953528633,0.0,0.0,0.0,1.0,1.0,0.0
13,60,0.9948359213889704,0.0,1.0,1.0,0.0,0.0,0.0,0.0
14,60,6.314263214567071,10.179986821536902,0.0,0.0,1.0,0.0,0.0,0.0
15,60,7.757031352371106,0.4316091647678137,0.0,0.0,1.0,0.0,1.0,0.0
16,60,1.0176454961371368,2.018041501644638,1.0,1.0,0.0,1.0,0.0,1.0
17,60,9.24308821637004,8.274263780668525,1.0,0.0,0.0,0.0,1.0,0.0
18,60,4.709476977220238,0.6884337552261705,1.0,1.0,0.0,0.0,1.0,0.0
19,60,10.247696646278143,4.0705431162293815,0.0,0.0,0.0,0.0,1.0,0.0
20,60,8.67293991662766,1.6596543834590125,0.0,0.0,1.0,0.0,1.0,1.0
21,60,11.899866562850203,4.528632399355779,1.0,0.0,1.0,0.0,0.0,1.0
22,60,9.797535110811992,4.864363116806462,1.0,0.0,1.0,1.0,0.0,0.0
23,60,5.408042035534095,5.598218781691209,0.0,1.0,0.0,0.0,1.0,1.0
24,60,0.0286111362947329,0.0,0.0,1.0,0.0,0.0,1.0,1.0
25,60,0.2781779223517125,10.712641512020223,1.0,1.0,1.0,0.0,0.0,0.0
26,60,9.116985593289783,11.811383143230016,1.0,1.0,0.0,0.0,0.0,0.0
27,60,2.186716462546168,0.0,1.0,1.0,0.0,0.0,0.0,0.0
28,60,5.389724984409506,6.424423551347828,0.0,0.0,1.0,0.0,1.0,1.0
29,60,9.881425627728948,6.827980658264382,0.0,1.0,0.0,1.0,0.0,1.0
30,60,5.124161942606398,11.8109974313717,0.0,1.0,0.0,0.0,0.0,0.0
31,60,2.528087697937276,8.547777864293911,1.0,0.0,0.0,1.0,0.0,0.0
32,60,4.5631574851885,0.6625166651604615,1.0,0.0,1.0,1.0,0.0,1.0
33,60,12.0,2.548430863053045,0.0,0.0,0.0,1.0,0.0,0.0
34,60,10.541963375701943,3.4536591759262887,0.0,0.0,0.0,1.0,1.0,1.0
35,60,9.363768402392363,12.0,0.0,1.0,1.0,1.0,0.0,0.0
36,60,11.904331760348512,0.3833306353752744,1.0,0.0,0.0,1.0,1.0,0.0
37,60,9.997493376472187,0.2624886283929637,1.0,0.0,1.0,0.0,1.0,1.0
38,60,11.607479369263892,8.875426738317254,1.0,0.0,1.0,0.0,0.0,1.0
39,60,7.999065934364389,10.97787949289306,0.0,0.0,0.0,0.0,1.0,0.0
0,65,3.3565466459567093,8.122077012565427,0.0,0.0,0.0,0.0,0.0,0.0
1,65,6.9233845999157335,6.148734157121496,0.0,0.0,1.0,1.0,1.0,1.0
2,65,0.3962265886879956,8.92072990203807,0.0,0.0,0.0,0.0,0.0,0.0
3,65,7.050670797783798,3.403186193609268,1.0,1.0,0.0,0.0,1.0,1.0
4,65,9.365173705034062,5.347120134509338,0.0,0.0,0.0,1.0,0.0,1.0
5,65,8.394125534131668,4.257064884775548,0.0,0.0,0.0,0.0,0.0,1.0
6,65,3.3765063238356623,6.303360598754228,1.0,0.0,1.0,0.0,0.0,0.0
7,65,5.930407054443244,10.12083052590719,1.0,1.0,0.0,0.0,1.0,1.0
8,65,2.7672169062749123,11.56537456252793,0.0,1.0,1.0,1.0,1.0,0.0
9,65,0.0,0.0,0.0,1.0,1.0,0.0,0.0,1.0
10,65,6.188837244053531,9.316091348154066,0.0,0.0,1.0,1.0,0.0,1.0
11,65,5.673015378124213,0.0,0.0,1.0,1.0,0.0,1.0,1.0
12,65,4.011662205427267,4.621816615149669,0.0,0.0,0.0,1.0,1.0,0.0
13,65,0.9929728192838736,0.0,1.0,1.0,0.0,0.0,0.0,0.0
14,65,6.332225151634817,10.140785799668803,0.0,0.0,1.0,0.0,0.0,0.0
15,65,7.747794526016936,0.4445745798362825,0.0,0.0,1.0,0.0,1.0,0.0
16,65,0.940056974210637,2.0192098945253742,1.0,1.0,0.0,1.0,0.0,1.0
17,65,9.251342774465147,8.283954500836938,1.0,0.0,0.0,0.0,1.0,0.0
18,65,4.775091561564409,0.6630274156946315,1.0,1.0,0.0,0.0,1.0,0.0
19,65,10.144732999217856,4.074321809676132,0.0,0.0,0.0,0.0,1.0,0.0
20,65,8.737661836395471,1.6289629465125737,0.0,0.0,1.0,0.0,1.0,1.0
21,65,11.875117215334784,4.534265324945466,1.0,0.0,1.0,0.0,0.0,1.0
22,65,9.779545771784033,4.852158517921894,1.0,0.0,1.0,1.0,0.0,0.0
23,65,5.455988929504808,5.550046522050351,0.0,1.0,0.0,0.0,1.0,1.0
24,65,0.0453924871612318,0.0,0.0,1.0,0.0,0.0,1.0,1.0
25,65,0.3250244647862479,10.801535460345454,1.0,1.0,1.0,0.0,0.0,0.0
26,65,9.13305485488556,11.7836720204934,1.0,1.0,0.0,0.0,0.0,0.0
27,65,2.099287505597073,0.0,1.0,1.0,0.0,0.0,0.0,0.0
28,65,5.406317196585937,6.400629605869398,0.0,0.0,1.0,0.0,1.0,1.0
29,65,9.860362174767072,6.885103885829897,0.0,1.0,0.0,1.0,0.0,1.0
30,65,5.1555917126311215,11.76562295298298,0.0,1.0,0.0,0.0,0.0,0.0
31,65,2.439166623352512,8.54112436765222,1.0,0.0,0.0,1.0,0.0,0.0
32,65,4.537211042490006,0.7019759100907772,1.0,0.0,1.0,1.0,0.0,1.0
33,65,12.0,2.605965916916523,0.0,0.0,0.0,1.0,0.0,0.0
34,65,10.49271173072527,3.4999738514909486,0.0,0.0,0.0,1.0,1.0,1.0
35,65,9.26340593046433,12.0,0.0,1.0,1.0,1.0,0.0,0.0
36,65,11.896370968564758,0.4086156523781091,1.0,0.0,0.0,1.0,1.0,0.0
37,65,9.99765349674715,0.2535588657169466,1.0,0.0,1.0,0.0,1.0,1.0
38,65,11.591018357230206,8.870026784549896,1.0,0.0,1.0,0.0,0.0,1.0
39,65,7.8947148422534354,10.97719123662365,0.0,0.0,0.0,0.0,1.0,0.0
0,70,3.3702635720674934,8.127704736845612,0.0,0.0,0.0,0.0,0.0,0.0
1,70,6.905223590161207,6.161996119613034,0.0,0.0,1.0,1.0,1.0,1.0
2,70,0.5069609820910516,8.81469196094523,0.0,0.0,0.0,0.0,0.0,0.0
3,70,7.051711342138677,3.4112192584859766,1.0,1.0,0.0,0.0,1.0,1.0
4,70,9.325352365432924,5.369980512824648,0.0,0.0,0.0,1.0,0.0,1.0
5,70,8.394978237805839,4.257649222062459,0.0,0.0,0.0,0.0,0.0,1.0
6,70,3.4174328911908463,6.249474588298806,1.0,0.0,1.0,0.0,0.0,0.0
7,70,5.85490103716951,10.199083789324265,1.0,1.0,0.0,0.0,1.0,1.0
8,70,2.761035145337999,11.580916245053787,0.0,1.0,1.0,1.0,1.0,0.0
9,70,0.0,0.0,0.0,1.0,1.0,0.0,0.0,1.0
10,70,6.249869351598484,9.280975997454942,0.0,0.0,1.0,1.0,0.0,1.0
11,70,5.666465034727111,0.0,0.0,1.0,1.0,0.0,1.0,1.0
12,70,3.914795989479517,4.685001188164989,0.0,0.0,0.0,1.0,1.0,0.0
13,70,1.04405087097469,0.0,1.0,1.0,0.0,0.0,0.0,0.0
14,70,6.3551427628707815,10.093495565351974,0.0,0.0,1.0,0.0,0.0,0.0
15,70,7.746378396140649,0.4463897121712393,0.0,0.0,1.0,0.0,1.0,0.0
16,70,0.8714981984526643,2.020604558380135,1.0,1.0,0.0,1.0,0.0,1.0
17,70,9.242215703581016,8.273644252545381,1.0,0.0,0.0,0.0,1.0,0.0
18,70,4.832122375999997,0.6410499801038678,1.0,1.0,0.0,0.0,1.0,0.0
19,70,10.148686434265484,4.194932274361619,0.0,0.0,0.0,0.0,1.0,0.0
20,70,8.773440906958442,1.6118701566920388,0.0,0.0,1.0,0.0,1.0,1.0
21,70,11.839233268583689,4.542284908494801,1.0,0.0,1.0,0.0,0.0,1.0
22,70,9.746010544949453,4.829469323974119,1.0,0.0,1.0,1.0,0.0,0.0
23,70,5.482875210417241,5.522785485914229,0.0,1.0,0.0,0.0,1.0,1.0
24,70,0.0668966711692394,0.0,0.0,1.0,0.0,0.0,1.0,1.0
25,70,0.3632666317167051,10.878237312737648,1.0,1.0,1.0,0.0,0.0,0.0
26,70,9.139572532820834,11.772843605773325,1.0,1.0,0.0,0.0,0.0,0.0
27,70,2.0233012298986486,0.0,1.0,1.0,0.0,0.0,0.0,0.0
28,70,5.432254251937795,6.364893974322216,0.0,0.0,1.0,0.0,1.0,1.0
29,70,9.842558347104267,6.935683686541908,0.0,1.0,0.0,1.0,0.0,1.0
30,70,5.184889022401948,11.721199270665403,0.0,1.0,0.0,0.0,0.0,0.0
31,70,2.348064860031512,8.534948462049625,1.0,0.0,0.0,1.0,0.0,0.0
32,70,4.518844089629985,0.7294758615164189,1.0,0.0,1.0,1.0,0.0,1.0
33,70,12.0,2.6527757387877644,0.0,0.0,0.0,1.0,0.0,0.0
34,70,10.428004920905131,3.5605276502801906,0.0,0.0,0.0,1.0,1.0,1.0
35,70,9.145052460785196,12.0,0.0,1.0,1.0,1.0,0.0,0.0
36,70,11.883691062689577,0.4470163681639999,1.0,0.0,0.0,1.0,1.0,0.0
37,70,9.997713567473328,0.2402182304877737,1.0,0.0,1.0,0.0,1.0,1.0
38,70,11.575545609209922,8.86529365019444,1.0,0.0,1.0,0.0,0.0,1.0
39,70,7.780276221546621,10.97774535522438,0.0,0.0,0.0,0.0,1.0,0.0
0,75,3.373415132004887,8.129224563082456,0.0,0.0,0.0,0.0,0.0,0.0
1,75,6.874448141034951,6.183153698587,0.0,0.0,1.0,1.0,1.0,1.0
2,75,0.6119731493901969,8.715461814274194,0.0,0.0,0.0,0.0,0.0,0.0
3,75,7.052947053336883,3.4209892328136617,1.0,1.0,0.0,0.0,1.0,1.0
4,75,9.291402083668537,5.389087876817827,0.0,0.0,0.0,1.0,0.0,1.0
5,75,8.398578765806786,4.26003943993942,0.0,0.0,0.0,0.0,0.0,1.0
6,75,3.442823582199867,6.214871210843253,1.0,0.0,1.0,0.0,0.0,0.0
7,75,5.782053980435314,10.27236922850176,1.0,1.0,0.0,0.0,1.0,1.0
8,75,2.7530655461469142,11.602527144563371,0.0,1.0,1.0,1.0,1.0,0.0
9,75,0.0,0.0,0.0,1.0,1.0,0.0,0.0,1.0
10,75,6.323753328670737,9.239765172911255,0.0,0.0,1.0,1.0,0.0,1.0
11,75,5.6391907350971495,0.0,0.0,1.0,1.0,0.0,1.0,1.0
12,75,3.830133874729332,4.740118434473161,0.0,0.0,0.0,1.0,1.0,0.0
13,75,1.1051302766174629,0.0,1.0,1.0,0.0,0.0,0.0,0.0
14,75,6.372135905113808,10.057732004407995,0.0,0.0,1.0,0.0,0.0,0.0
15,75,7.740851808408842,0.4535539547516105,0.0,0.0,1.0,0.0,1.0,0.0
16,75,0.7902461439656027,2.0208372593865493,1.0,1.0,0.0,1.0,0.0,1.0
17,75,9.232661148026192,8.262850447412351,1.0,0.0,0.0,0.0,1.0,0.0
18,75,4.909486244175808,0.6113218084734816,1.0,1.0,0.0,0.0,1.0,0.0
19,75,10.15146965006258,4.330648481234171,0.0,0.0,0.0,0.0,1.0,0.0
20,75,8.806556903415013,1.5959043264271235,0.0,0.0,1.0,0.0,1.0,1.0
21,75,11.804146900105804,4.550860473293098,1.0,0.0,1.0,0.0,0.0,1.0
22,75,9.712185617397818,4.806913633175242,1.0,0.0,1.0,1.0,0.0,0.0
23,75,5.5164561910375705,5.489319476069476,0.0,1.0,0.0,0.0,1.0,1.0
24,75,0.0856457350418755,0.0,0.0,1.0,0.0,0.0,1.0,1.0
25,75,0.4046870379865268,10.96189269659655,1.0,1.0,1.0,0.0,0.0,0.0
26,75,9.14936822825269,11.75743430225748,1.0,1.0,0.0,0.0,0.0,0.0
27,75,1.9450439570718931,0.0,1.0,1.0,0.0,0.0,0.0,0.0
28,75,5.455640688905338,6.332886069697043,0.0,0.0,1.0,0.0,1.0,1.0
29,75,9.826692316720848,6.982883684037822,0.0,1.0,0.0,1.0,0.0,1.0
30,75,5.205682368199989,11.689444449105444,0.0,1.0,0.0,0.0,0.0,0.0
31,75,2.2413457261138072,8.528005509232365,1.0,0.0,0.0,1.0,0.0,0.0
32,75,4.495787284640669,0.7635425614741492,1.0,0.0,1.0,1.0,0.0,1.0
33,75,12.0,2.702436370485868,0.0,0.0,0.0,1.0,0.0,0.0
34,75,10.349624686819148,3.636280885946419,0.0,0.0,0.0,1.0,1.0,1.0
35,75,9.041893868524554,12.0,0.0,1.0,1.0,1.0,0.0,0.0
36,75,11.87105350738239,0.4852804875324774,1.0,0.0,0.0,1.0,1.0,0.0
37,75,9.997508130287375,0.2134860625245034,1.0,0.0,1.0,0.0,1.0,1.0
38,75,11.569109561630848,8.863015302560907,1.0,0.0,1.0,0.0,0.0,1.0
39,75,7.666547679960679,10.978877372720818,0.0,0.0,0.0,0.0,1.0,0.0
0,80,3.3741772804661028,8.12959824266152,0.0,0.0,0.0,0.0,0.0,0.0
1,80,6.84793927733102,6.201514162787059,0.0,0.0,1.0,1.0,1.0,1.0
2,80,0.7198161628379763,8.612569099065436,0.0,0.0,0.0,0.0,0.0,0.0
3,80,7.0552105180538645,3.439884337141467,1.0,1.0,0.0,0.0,1.0,1.0
4,80,9.255969698414871,5.409803883352745,0.0,0.0,0.0,1.0,0.0,1.0
5,80,8.407354313583493,4.26566716941938,0.0,0.0,0.0,0.0,0.0,1.0
6,80,3.471607135499821,6.1753062436604464,1.0,0.0,1.0,0.0,0.0,0.0
7,80,5.71295837800267,10.341552157974531,1.0,1.0,0.0,0.0,1.0,1.0
8,80,2.745813358409184,11.622638681079978,0.0,1.0,1.0,1.0,1.0,0.0
9,80,0.0,0.0,0.0,1.0,1.0,0.0,0.0,1.0
10,80,6.367043077773438,9.21573851187641,0.0,0.0,1.0,1.0,0.0,1.0
11,80,5.600431367567153,0.0,0.0,1.0,1.0,0.0,1.0,1.0
12,80,3.764351502413648,4.785723307043257,0.0,0.0,0.0,1.0,1.0,0.0
13,80,1.1593683786955675,0.0,1.0,1.0,0.0,0.0,0.0,0.0
14,80,6.380589953159539,10.03959539089425,0.0,0.0,1.0,0.0,0.0,0.0
15,80,7.724990151924632,0.4749173066395723,0.0,0.0,1.0,0.0,1.0,0.0
16,80,0.7137170162938018,2.0191745190779264,1.0,1.0,0.0,1.0,0.0,1.0
17,80,9.230053713954794,8.259937733642738,1.0,0.0,0.0,0.0,1.0,0.0
18,80,4.937943875164993,0.6815268179729062,1.0,1.0,0.0,0.0,1.0,0.0
19,80,10.151985291622706,4.467962058193839,0.0,0.0,0.0,0.0,1.0,0.0
20,80,8.829115138466689,1.5850123308127633,0.0,0.0,1.0,0.0,1.0,1.0
21,80,11.764051825034755,4.560738805823269,1.0,0.0,1.0,0.0,0.0,1.0
22,80,9.688963419514682,4.792002184213658,1.0,0.0,1.0,1.0,0.0,0.0
23,80,5.545661099116003,5.460424861469484,0.0,1.0,0.0,0.0,1.0,1.0
24,80,0.1043026895477964,0.0,0.0,1.0,0.0,0.0,1.0,1.0
25,80,0.4493844307230276,11.052009376105406,1.0,1.0,1.0,0.0,0.0,0.0
26,80,9.154709299672597,11.749270256630272,1.0,1.0,0.0,0.0,0.0,0.0
27,80,1.851620289232966,0.0,1.0,1.0,0.0,0.0,0.0,0.0
28,80,5.472309974132007,6.310654755587845,0.0,0.0,1.0,0.0,1.0,1.0
29,80,9.813586594833184,7.020200966146533,0.0,1.0,0.0,1.0,0.0,1.0
30,80,5.231306633652951,11.651522090505589,0.0,1.0,0.0,0.0,0.0,0.0
31,80,2.165853915603149,8.524471062535179,1.0,0.0,0.0,1.0,0.0,0.0
32,80,4.486371890417729,0.7779663544132098,1.0,0.0,1.0,1.0,0.0,1.0
33,80,12.0,2.750538994999099,0.0,0.0,0.0,1.0,0.0,0.0
34,80,10.278642545410824,3.706163405062108,0.0,0.0,0.0,1.0,1.0,1.0
35,80,8.925218950146679,12.0,0.0,1.0,1.0,1.0,0.0,0.0
36,80,11.854056810397957,0.5346499656292014,1.0,0.0,0.0,1.0,1.0,0.0
37,80,9.99736085818591,0.1940671288934698,1.0,0.0,1.0,0.0,1.0,1.0
38,80,11.54535017741543,8.854913567992476,1.0,0.0,1.0,0.0,0.0,1.0
39,80,7.537157739499816,10.98378577489386,0.0,0.0,0.0,0.0,1.0,0.0
0,85,3.3781590064665856,8.131598061970092,0.0,0.0,0.0,0.0,0.0,0.0
1,85,6.794244843579097,6.238853221677665,0.0,0.0,1.0,1.0,1.0,1.0
2,85,0.8330721540533655,8.504206470038248,0.0,0.0,0.0,0.0,0.0,0.0
3,85,7.059858467894212,3.473507347834823,1.0,1.0,0.0,0.0,1.0,1.0
4,85,9.206089582478551,5.43975745777258,0.0,0.0,0.0,1.0,0.0,1.0
5,85,8.418336081992312,4.272651227456351,0.0,0.0,0.0,0.0,0.0,1.0
6,85,3.507337675277533,6.125487266025869,1.0,0.0,1.0,0.0,0.0,0.0
7,85,5.649992132211038,10.40922925863964,1.0,1.0,0.0,0.0,1.0,1.0
8,85,2.7377566579565715,11.64584142490174,0.0,1.0,1.0,1.0,1.0,0.0
9,85,0.0006836752712482,0.0,0.0,1.0,1.0,0.0,0.0,1.0
10,85,6.399343308770555,9.197163199997656,0.0,0.0,1.0,1.0,0.0,1.0
11,85,5.558482479399904,0.0,0.0,1.0,1.0,0.0,1.0,1.0
12,85,3.6935243127834383,4.834494545997496,0.0,0.0,0.0,1.0,1.0,0.0
13,85,1.201967666879351,0.0,1.0,1.0,0.0,0.0,0.0,0.0
14,85,6.3986420857732265,10.00098741148606,0.0,0.0,1.0,0.0,0.0,0.0
15,85,7.714875576396364,0.4884936784107752,0.0,0.0,1.0,0.0,1.0,0.0
16,85,0.6469897144950608,2.0161580852277567,1.0,1.0,0.0,1.0,0.0,1.0
17,85,9.23338520972047,8.263538429962251,1.0,0.0,0.0,0.0,1.0,0.0
18,85,4.965141023299175,0.7485317085733746,1.0,1.0,0.0,0.0,1.0,0.0
19,85,10.151513441040304,4.616180679018603,0.0,0.0,0.0,0.0,1.0,0.0
20,85,8.851524123114764,1.5743235316092998,0.0,0.0,1.0,0.0,1.0,1.0
21,85,11.72969314007986,4.570828141125793,1.0,0.0,1.0,0.0,0.0,1.0
22,85,9.682320080091518,4.787617807391968,1.0,0.0,1.0,1.0,0.0,0.0
23,85,5.573536285660589,5.435134902896167,0.0,1.0,0.0,0.0,1.0,1.0
24,85,0.1252483087020727,0.0,0.0,1.0,0.0,0.0,1.0,1.0
25,85,0.4976037962345846,11.144989602306037,1.0,1.0,1.0,0.0,0.0,0.0
26,85,9.14662482766871,11.761692800285532,1.0,1.0,0.0,0.0,0.0,0.0
27,85,1.7377206511757806,0.0,1.0,1.0,0.0,0.0,0.0,0.0
28,85,5.4788948644937685,6.301792199016794,0.0,0.0,1.0,0.0,1.0,1.0
29,85,9.80746699428015,7.039251417787894,0.0,1.0,0.0,1.0,0.0,1.0
30,85,5.246249237257011,11.629104804176125,0.0,1.0,0.0,0.0,0.0,0.0
31,85,2.1185950034993186,8.522508955728684,1.0,0.0,0.0,1.0,0.0,0.0
32,85,4.483065432265561,0.7829182464792338,1.0,0.0,1.0,1.0,0.0,1.0
33,85,12.0,2.7900802086284084,0.0,0.0,0.0,1.0,0.0,0.0
34,85,10.204722939490942,3.77727462564284,0.0,0.0,0.0,1.0,1.0,1.0
35,85,8.814145177403496,12.0,0.0,1.0,1.0,1.0,0.0,0.0
36,85,11.834811538393025,0.589203955252408,1.0,0.0,0.0,1.0,1.0,0.0
37,85,9.997389694395189,0.1635868552778842,1.0,0.0,1.0,0.0,1.0,1.0
38,85,11.497072255512654,8.838544361789106,1.0,0.0,1.0,0.0,0.0,1.0
39,85,7.392753856326309,10.988414010583355,0.0,0.0,0.0,0.0,1.0,0.0
0,90,3.408651527506452,8.147087501221035,0.0,0.0,0.0,0.0,0.0,0.0
1,90,6.746101848472232,6.272819262737194,0.0,0.0,1.0,1.0,1.0,1.0
2,90,0.943555056671444,8.396137153444103,0.0,0.0,0.0,0.0,0.0,0.0
3,90,7.064244226875386,3.50820624312424,1.0,1.0,0.0,0.0,1.0,1.0
4,90,9.145545025433758,5.475683146595998,0.0,0.0,0.0,1.0,0.0,1.0
5,90,8.417083819791317,4.271878105856446,0.0,0.0,0.0,0.0,0.0,1.0
6,90,3.5533922850735604,6.065008317252869,1.0,0.0,1.0,0.0,0.0,0.0
7,90,5.568630266426837,10.498566124573273,1.0,1.0,0.0,0.0,1.0,1.0
8,90,2.730033062160099,11.667529979403971,0.0,1.0,1.0,1.0,1.0,0.0
9,90,0.0022902269769336,0.0,0.0,1.0,1.0,0.0,0.0,1.0
10,90,6.424638839748015,9.182444835693788,0.0,0.0,1.0,1.0,0.0,1.0
11,90,5.51354232293535,0.0,0.0,1.0,1.0,0.0,1.0,1.0
12,90,3.6238748458198766,4.881486914207207,0.0,0.0,0.0,1.0,1.0,0.0
13,90,1.2367504433503578,0.0,1.0,1.0,0.0,0.0,0.0,0.0
14,90,6.410072848510109,9.977085852016724,0.0,0.0,1.0,0.0,0.0,0.0
15,90,7.705756576114652,0.501228819284876,0.0,0.0,1.0,0.0,1.0,0.0
16,90,0.6005249061543183,2.0142961507717247,1.0,1.0,0.0,1.0,0.0,1.0
17,90,9.22887775381713,8.258833305290242,1.0,0.0,0.0,0.0,1.0,0.0
18,90,4.989162802332833,0.8100900181275009,1.0,1.0,0.0,0.0,1.0,0.0
19,90,10.150920310660752,4.767489159560704,0.0,0.0,0.0,0.0,1.0,0.0
20,90,8.881093788889679,1.560196346811141,0.0,0.0,1.0,0.0,1.0,1.0
21,90,11.691066989609396,4.584139534377884,1.0,0.0,1.0,0.0,0.0,1.0
22,90,9.668499260876258,4.778600472880607,1.0,0.0,1.0,1.0,0.0,0.0
23,90,5.587584802044564,5.422426306020453,0.0,1.0,0.0,0.0,1.0,1.0
24,90,0.1497671100807835,0.0,0.0,1.0,0.0,0.0,1.0,1.0
25,90,0.5482073074217382,11.244030212140313,1.0,1.0,1.0,0.0,0.0,0.0
26,90,9.130950264435173,11.786448226483328,1.0,1.0,0.0,0.0,0.0,0.0
27,90,1.6319461785195388,0.0,1.0,1.0,0.0,0.0,0.0,0.0
28,90,5.484013383048444,6.294649007795513,0.0,0.0,1.0,0.0,1.0,1.0
29,90,9.798216933074697,7.068223273760943,0.0,1.0,0.0,1.0,0.0,1.0
30,90,5.268229921757486,11.596185648009955,0.0,1.0,0.0,0.0,0.0,0.0
31,90,2.0794161099615893,8.521834195444276,1.0,0.0,0.0,1.0,0.0,0.0
32,90,4.478712936237514,0.7895817222661111,1.0,0.0,1.0,1.0,0.0,1.0
33,90,12.0,2.826024454857266,0.0,0.0,0.0,1.0,0.0,0.0
34,90,10.142570120973636,3.8353158049918665,0.0,0.0,0.0,1.0,1.0,1.0
35,90,8.710597685911525,12.0,0.0,1.0,1.0,1.0,0.0,0.0
36,90,11.817715924812596,0.6385602086149585,1.0,0.0,0.0,1.0,1.0,0.0
37,90,9.997906516450128,0.1290060525392619,1.0,0.0,1.0,0.0,1.0,1.0
38,90,11.443554450109264,8.819627016089463,1.0,0.0,1.0,0.0,0.0,1.0
39,90,7.226285763505922,10.997334343726056,0.0,0.0,0.0,0.0,1.0,0.0
0,95,3.417288336746172,8.151282239698203,0.0,0.0,0.0,0.0,0.0,0.0
1,95,6.70771634760498,6.298815368341287,0.0,0.0,1.0,1.0,1.0,1.0
2,95,1.0582462347319666,8.27521273549184,0.0,0.0,0.0,0.0,0.0,0.0
3,95,7.070823527970159,3.557724580943383,1.0,1.0,0.0,0.0,1.0,1.0
4,95,9.101686296393945,5.501981056721955,0.0,0.0,0.0,1.0,0.0,1.0
5,95,8.396905262558077,4.259853525987523,0.0,0.0,0.0,0.0,0.0,1.0
6,95,3.589725135493725,6.018658420530458,1.0,0.0,1.0,0.0,0.0,0.0
7,95,5.483208455984522,10.59526013317183,1.0,1.0,0.0,0.0,1.0,1.0
8,95,2.72517273810823,11.681422092557376,0.0,1.0,1.0,1.0,1.0,0.0
9,95,0.0042583292017445,0.0,0.0,1.0,1.0,0.0,0.0,1.0
10,95,6.456591878821455,9.163272453380609,0.0,0.0,1.0,1.0,0.0,1.0
11,95,5.468896496890083,0.0,0.0,1.0,1.0,0.0,1.0,1.0
12,95,3.558886184267614,4.924060737594959,0.0,0.0,0.0,1.0,1.0,0.0
13,95,1.2681650858500957,0.0,1.0,1.0,0.0,0.0,0.0,0.0
14,95,6.420519382439378,9.955065894891566,0.0,0.0,1.0,0.0,0.0,0.0
15,95,7.735795210815093,0.5222733898899216,0.0,0.0,1.0,0.0,1.0,0.0
16,95,0.5668240968905641,2.0124601222111003,1.0,1.0,0.0,1.0,0.0,1.0
17,95,9.230377808166647,8.26039010480755,1.0,0.0,0.0,0.0,1.0,0.0
18,95,5.01755391256091,0.8846456088072282,1.0,1.0,0.0,0.0,1.0,0.0
19,95,10.152358204011382,4.909910679019652,0.0,0.0,0.0,0.0,1.0,0.0
20,95,8.927664075377114,1.53839108341882,0.0,0.0,1.0,0.0,1.0,1.0
21,95,11.641587562160923,4.599991308321325,1.0,0.0,1.0,0.0,0.0,1.0
22,95,9.663108484842605,4.774911030362309,1.0,0.0,1.0,1.0,0.0,0.0
23,95,5.582090223288044,5.427433100521859,0.0,1.0,0.0,0.0,1.0,1.0
24,95,0.1723459588450211,0.0,0.0,1.0,0.0,0.0,1.0,1.0
25,95,0.6017364263267365,11.352160034270762,1.0,1.0,1.0,0.0,0.0,0.0
26,95,9.11322715927307,11.814275886491052,1.0,1.0,0.0,0.0,0.0,0.0
27,95,1.5308586749874888,0.0,1.0,1.0,0.0,0.0,0.0,0.0
28,95,5.482644753946686,6.296603507513886,0.0,0.0,1.0,0.0,1.0,1.0
29,95,9.79576634154691,7.075994858146388,0.0,1.0,0.0,1.0,0.0,1.0
30,95,5.29415183392249,11.558217030473475,0.0,1.0,0.0,0.0,0.0,0.0
31,95,2.0198679104427555,8.520612733837199,1.0,0.0,0.0,1.0,0.0,0.0
32,95,4.474888136538275,0.7952235741198134,1.0,0.0,1.0,1.0,0.0,1.0
33,95,12.0,2.854633296330384,0.0,0.0,0.0,1.0,0.0,0.0
34,95,10.094320117509668,3.881102965798864,0.0,0.0,0.0,1.0,1.0,1.0
35,95,8.59890269650919,12.0,0.0,1.0,1.0,1.0,0.0,0.0
36,95,11.797848746269333,0.6942632703297092,1.0,0.0,0.0,1.0,1.0,0.0
37,95,9.998308666532022,0.1146123481716058,1.0,0.0,1.0,0.0,1.0,1.0
38,95,11.372694335896648,8.794797735161392,1.0,0.0,1.0,0.0,0.0,1.0
39,95,7.057904843558792,11.004562823730817,0.0,0.0,0.0,0.0,1.0,0.0
0,100,3.440924355983604,8.16267338460118,0.0,0.0,0.0,0.0,0.0,0.0
1,100,6.678017107909694,6.318905271253528,0.0,0.0,1.0,1.0,1.0,1.0
2,100,1.1701898313371188,8.155912471110003,0.0,0.0,0.0,0.0,0.0,0.0
3,100,7.078803472596362,3.6161489781497353,1.0,1.0,0.0,0.0,1.0,1.0
4,100,9.069858245502935,5.519700531635397,0.0,0.0,0.0,1.0,0.0,1.0
5,100,8.372710036945945,4.246204280761666,0.0,0.0,0.0,0.0,0.0,1.0
6,100,3.628969218692442,5.967479454972393,1.0,0.0,1.0,0.0,0.0,0.0
7,100,5.402127356918816,10.68278158350659,1.0,1.0,0.0,0.0,1.0,1.0
8,100,2.714401084534696,11.7119186401649,0.0,1.0,1.0,1.0,1.0,0.0
9,100,0.0088106936791657,0.0,0.0,1.0,1.0,0.0,0.0,1.0
10,100,6.473945374244502,9.15268589057886,0.0,0.0,1.0,1.0,0.0,1.0
11,100,5.4405301502497565,0.0,0.0,1.0,1.0,0.0,1.0,1.0
12,100,3.480049472472305,4.978964110159035,0.0,0.0,0.0,1.0,1.0,0.0
13,100,1.2848592916538943,0.0,1.0,1.0,0.0,0.0,0.0,0.0
14,100,6.43214711762659,9.931779269281195,0.0,0.0,1.0,0.0,0.0,0.0
15,100,7.757656838834047,0.5368075892407966,0.0,0.0,1.0,0.0,1.0,0.0
16,100,0.542654482973736,2.010796582895756,1.0,1.0,0.0,1.0,0.0,1.0
17,100,9.223760682248576,8.25339534114449,1.0,0.0,0.0,0.0,1.0,0.0
18,100,5.0525071823440895,0.9764367296702864,1.0,1.0,0.0,0.0,1.0,0.0
19,100,10.153317788270035,5.047611747731414,0.0,0.0,0.0,0.0,1.0,0.0
20,100,8.968925408971897,1.5176713735292429,0.0,0.0,1.0,0.0,1.0,1.0
21,100,11.587831025630264,4.616988370739343,1.0,0.0,1.0,0.0,0.0,1.0
22,100,9.651089956307356,4.766209888320191,1.0,0.0,1.0,1.0,0.0,0.0
23,100,5.584293189244507,5.425512577431984,0.0,1.0,0.0,0.0,1.0,1.0
24,100,0.1969970926354596,0.0,0.0,1.0,0.0,0.0,1.0,1.0
25,100,0.6633309508741461,11.47103214489642,1.0,1.0,1.0,0.0,0.0,0.0
26,100,9.10681686973254,11.824512859028342,1.0,1.0,0.0,0.0,0.0,0.0
27,100,1.442376307146708,0.0,1.0,1.0,0.0,0.0,0.0,0.0
28,100,5.474659567235319,6.307607250003723,0.0,0.0,1.0,0.0,1.0,1.0
29,100,9.785396042436147,7.108340609404265,0.0,1.0,0.0,1.0,0.0,1.0
30,100,5.330010418004317,11.581929076811829,0.0,1.0,0.0,0.0,0.0,0.0
31,100,1.9668942983847864,8.518514252147321,1.0,0.0,0.0,1.0,0.0,0.0
32,100,4.471969397820735,0.799486938345394,1.0,0.0,1.0,1.0,0.0,1.0
33,100,12.0,2.866953876134552,0.0,0.0,0.0,1.0,0.0,0.0
34,100,10.02763324600928,3.9503797786096335,0.0,0.0,0.0,1.0,1.0,1.0
35,100,8.483240147739432,12.0,0.0,1.0,1.0,1.0,0.0,0.0
36,100,11.785587247737586,0.7271978194395425,1.0,0.0,0.0,1.0,1.0,0.0
37,100,9.999079043433603,0.0987884669603939,1.0,0.0,1.0,0.0,1.0,1.0
38,100,11.318702547482394,8.776132356878149,1.0,0.0,1.0,0.0,0.0,1.0
39,100,6.89628630924648,11.009492519402995,0.0,0.0,0.0,0.0,1.0,0.0
0,105,3.4785975766957358,8.18128241443656,0.0,0.0,0.0,0.0,0.0,0.0
1,105,6.629595366703592,6.35038567645312,0.0,0.0,1.0,1.0,1.0,1.0
2,105,1.2784745100188832,8.046409039518181,0.0,0.0,0.0,0.0,0.0,0.0
3,105,7.087984904830551,3.6792387238514697,1.0,1.0,0.0,0.0,1.0,1.0
4,105,9.078179246812278,5.535015268012322,0.0,0.0,0.0,1.0,0.0,1.0
5,105,8.356325168804373,4.237214543261924,0.0,0.0,0.0,0.0,0.0,1.0
6,105,3.658766686562708,5.928470135448636,1.0,0.0,1.0,0.0,0.0,0.0
7,105,5.3261864508010826,10.76468371156314,1.0,1.0,0.0,0.0,1.0,1.0
8,105,2.6987678023789647,11.754023943886828,0.0,1.0,1.0,1.0,1.0,0.0
9,105,0.0124878180785152,0.0,0.0,1.0,1.0,0.0,0.0,1.0
10,105,6.4991232948843285,9.138473592856752,0.0,0.0,1.0,1.0,0.0,1.0
11,105,5.401091218499766,0.0,0.0,1.0,1.0,0.0,1.0,1.0
12,105,3.388677693859422,5.038464476784922,0.0,0.0,0.0,1.0,1.0,0.0
13,105,1.3234362291555954,0.0,1.0,1.0,0.0,0.0,0.0,0.0
14,105,6.448426635001766,9.897412755750238,0.0,0.0,1.0,0.0,0.0,0.0
15,105,7.803149069375575,0.5662679761168857,0.0,0.0,1.0,0.0,1.0,0.0
16,105,0.5162002806349073,2.010200504967229,1.0,1.0,0.0,1.0,0.0,1.0
17,105,9.194604701702948,8.22154794015653,1.0,0.0,0.0,0.0,1.0,0.0
18,105,5.08920851751789,1.0653777129927875,1.0,1.0,0.0,0.0,1.0,0.0
19,105,10.157125444364617,5.191909588488933,0.0,0.0,0.0,0.0,1.0,0.0
20,105,9.021980348601886,1.49256012824552,0.0,0.0,1.0,0.0,1.0,1.0
21,105,11.514054193068043,4.640491250241494,1.0,0.0,1.0,0.0,0.0,1.0
22,105,9.642565853795787,4.759944522390459,1.0,0.0,1.0,1.0,0.0,0.0
23,105,5.570689101424668,5.437201412586664,0.0,1.0,0.0,0.0,1.0,1.0
24,105,0.2171175498521222,0.0,0.0,1.0,0.0,0.0,1.0,1.0
25,105,0.7298795294606341,11.594670200004089,1.0,1.0,1.0,0.0,0.0,0.0
26,105,9.084156701745991,11.859793326937275,1.0,1.0,0.0,0.0,0.0,0.0
27,105,1.3329166882294938,0.0,1.0,1.0,0.0,0.0,0.0,0.0
28,105,5.479570586594128,6.300998468450773,0.0,0.0,1.0,0.0,1.0,1.0
29,105,9.773528680947198,7.14653976347115,0.0,1.0,0.0,1.0,0.0,1.0
30,105,5.362820514177753,11.602752926771876,0.0,1.0,0.0,0.0,0.0,0.0
31,105,1.9250790810678609,8.516013540272453,1.0,0.0,0.0,1.0,0.0,0.0
32,105,4.47635195847416,0.7931193229502999,1.0,0.0,1.0,1.0,0.0,1.0
33,105,12.0,2.8730934958971197,0.0,0.0,0.0,1.0,0.0,0.0
34,105,9.97866905463242,4.001375623042224,0.0,0.0,0.0,1.0,1.0,1.0
35,105,8.370661201984317,12.0,0.0,1.0,1.0,1.0,0.0,0.0
36,105,11.771565672649038,0.7653720959806843,1.0,0.0,0.0,1.0,1.0,0.0
37,105,10.000360024767945,0.0787764300590478,1.0,0.0,1.0,0.0,1.0,1.0
38,105,11.257143878800289,8.751655325210553,1.0,0.0,1.0,0.0,0.0,1.0
39,105,6.724643696564511,11.014168461990003,0.0,0.0,0.0,0.0,1.0,0.0
0,110,3.527754839410025,8.205282121348347,0.0,0.0,0.0,0.0,0.0,0.0
1,110,6.563851429306959,6.394878317719873,0.0,0.0,1.0,1.0,1.0,1.0
2,110,1.3920373652812543,7.925959212424181,0.0,0.0,0.0,0.0,0.0,0.0
3,110,7.100381311945923,3.7534246974123793,1.0,1.0,0.0,0.0,1.0,1.0
4,110,9.083837642462814,5.54540499525455,0.0,0.0,0.0,1.0,0.0,1.0
5,110,8.356764841864875,4.237462121759752,0.0,0.0,0.0,0.0,0.0,1.0
6,110,3.699435338923812,5.873877308379834,1.0,0.0,1.0,0.0,0.0,0.0
7,110,5.253886334887086,10.845348250882036,1.0,1.0,0.0,0.0,1.0,1.0
8,110,2.6804953310320188,11.802014821412444,0.0,1.0,1.0,1.0,1.0,0.0
9,110,0.0146516826209235,0.0,0.0,1.0,1.0,0.0,0.0,1.0
10,110,6.540841155453366,9.116517759961871,0.0,0.0,1.0,1.0,0.0,1.0
11,110,5.444651759164729,0.0,0.0,1.0,1.0,0.0,1.0,1.0
12,110,3.282596225588439,5.1026204845894645,0.0,0.0,0.0,1.0,1.0,0.0
13,110,1.3384337622975386,0.0,1.0,1.0,0.0,0.0,0.0,0.0
14,110,6.460491904365271,9.871128365690163,0.0,0.0,1.0,0.0,0.0,0.0
15,110,7.851454055804872,0.5983696851943366,0.0,0.0,1.0,0.0,1.0,0.0
16,110,0.4652812257230141,2.0078441943579253,1.0,1.0,0.0,1.0,0.0,1.0
17,110,9.17177514957246,8.196843654727493,1.0,0.0,0.0,0.0,1.0,0.0
18,110,5.1306140759741385,1.1648983021798127,1.0,1.0,0.0,0.0,1.0,0.0
19,110,10.159850924515192,5.370617051946015,0.0,0.0,0.0,0.0,1.0,0.0
20,110,9.058412641413245,1.4760254743112586,0.0,0.0,1.0,0.0,1.0,1.0
21,110,11.420682410583204,4.6679430204263,1.0,0.0,1.0,0.0,0.0,1.0
22,110,9.628022769250007,4.749505345941694,1.0,0.0,1.0,1.0,0.0,0.0
23,110,5.556602879793787,5.449341895847872,0.0,1.0,0.0,0.0,1.0,1.0
24,110,0.2314296009923533,0.0,0.0,1.0,0.0,0.0,1.0,1.0
25,110,0.8060143097032824,11.729356484556888,1.0,1.0,1.0,0.0,0.0,0.0
26,110,9.074459358347234,11.875597743182244,1.0,1.0,0.0,0.0,0.0,0.0
27,110,1.224500710789536,0.0,1.0,1.0,0.0,0.0,0.0,0.0
28,110,5.483425720530952,6.295911280224383,0.0,0.0,1.0,0.0,1.0,1.0
29,110,9.75815595391075,7.19644140596655,0.0,1.0,0.0,1.0,0.0,1.0
30,110,5.399300004630553,11.626478254641276,0.0,1.0,0.0,0.0,0.0,0.0
31,110,1.8882050482731256,8.512943760934018,1.0,0.0,0.0,1.0,0.0,0.0
32,110,4.469363596246594,0.8035487610299646,1.0,0.0,1.0,1.0,0.0,1.0
33,110,12.0,2.8765788799192045,0.0,0.0,0.0,1.0,0.0,0.0
34,110,9.919605136237577,4.064372283625234,0.0,0.0,0.0,1.0,1.0,1.0
35,110,8.232759746941285,12.0,0.0,1.0,1.0,1.0,0.0,0.0
36,110,11.756350966747998,0.8086212022439438,1.0,0.0,0.0,1.0,1.0,0.0
37,110,10.002424997262906,0.0544248226278238,1.0,0.0,1.0,0.0,1.0,1.0
38,110,11.206936981572008,8.731490749222022,1.0,0.0,1.0,0.0,0.0,1.0
39,110,6.563706875935103,11.015241594082156,0.0,0.0,0.0,0.0,1.0,0.0
0,115,3.595069453300229,8.237169424591027,0.0,0.0,0.0,0.0,0.0,0.0
1,115,6.485498353446779,6.450768465454291,0.0,0.0,1.0,1.0,1.0,1.0
2,115,1.519433209446127,7.792105128713493,0.0,0.0,0.0,0.0,0.0,0.0
3,115,7.110885499944807,3.821729630692336,1.0,1.0,0.0,0.0,1.0,1.0
4,115,9.09047989045559,5.557582037760676,0.0,0.0,0.0,1.0,0.0,1.0
5,115,8.342604936788398,4.2292184944647975,0.0,0.0,0.0,0.0,0.0,1.0
6,115,3.7395171544704384,5.81723458607055,1.0,0.0,1.0,0.0,0.0,0.0
7,115,5.192346240151529,10.912197492856738,1.0,1.0,0.0,0.0,1.0,1.0
8,115,2.669601267882089,11.83009896468552,0.0,1.0,1.0,1.0,1.0,0.0
9,115,0.015033201472955,0.0,0.0,1.0,1.0,0.0,0.0,1.0
10,115,6.591592361353295,9.09019058343242,0.0,0.0,1.0,1.0,0.0,1.0
11,115,5.490105344275279,0.0,0.0,1.0,1.0,0.0,1.0,1.0
12,115,3.1746363195504195,5.164625133240056,0.0,0.0,0.0,1.0,1.0,0.0
13,115,1.357805804898753,0.0,1.0,1.0,0.0,0.0,0.0,0.0
14,115,6.479323554392058,9.832414638954468,0.0,0.0,1.0,0.0,0.0,0.0
15,115,7.899076172077619,0.6302855521987163,0.0,0.0,1.0,0.0,1.0,0.0
16,115,0.3976256235567646,2.005733989505913,1.0,1.0,0.0,1.0,0.0,1.0
17,115,9.152294721592709,8.177221976768903,1.0,0.0,0.0,0.0,1.0,0.0
18,115,5.191409990159203,1.2932144892785995,1.0,1.0,0.0,0.0,1.0,0.0
19,115,10.161567373018734,5.562309718730656,0.0,0.0,0.0,0.0,1.0,0.0
20,115,9.119048623984543,1.4477158206025873,0.0,0.0,1.0,0.0,1.0,1.0
21,115,11.34672752259399,4.691605452534449,1.0,0.0,1.0,0.0,0.0,1.0
22,115,9.620173362866971,4.743903041739944,1.0,0.0,1.0,1.0,0.0,0.0
23,115,5.536907259494079,5.466582770373707,0.0,1.0,0.0,0.0,1.0,1.0
24,115,0.2458110468322372,0.0,0.0,1.0,0.0,0.0,1.0,1.0
25,115,0.8868804423808951,11.88099659371237,1.0,1.0,1.0,0.0,0.0,0.0
26,115,9.06792990780758,11.88546943633037,1.0,1.0,0.0,0.0,0.0,0.0
27,115,1.1221492918713027,0.0,1.0,1.0,0.0,0.0,0.0,0.0
28,115,5.485179998292994,6.293635976991313,0.0,0.0,1.0,0.0,1.0,1.0
29,115,9.743604600151448,7.244327095169029,0.0,1.0,0.0,1.0,0.0,1.0
30,115,5.420261015202021,11.639908333267368,0.0,1.0,0.0,0.0,0.0,0.0
31,115,1.877460711767424,8.512036609146861,1.0,0.0,0.0,1.0,0.0,0.0
32,115,4.453757149383618,0.8267410696338126,1.0,0.0,1.0,1.0,0.0,1.0
33,115,12.0,2.884581006466531,0.0,0.0,0.0,1.0,0.0,0.0
34,115,9.860376172807328,4.1261110447311005,0.0,0.0,0.0,1.0,1.0,1.0
35,115,8.094582763247683,12.0,0.0,1.0,1.0,1.0,0.0,0.0
36,115,11.730489928750634,0.7995290988872218,1.0,0.0,0.0,1.0,1.0,0.0
37,115,10.005178013250127,0.023373262823252,1.0,0.0,1.0,0.0,1.0,1.0
38,115,11.17441073659232,8.719086864638538,1.0,0.0,1.0,0.0,0.0,1.0
39,115,6.416574929818529,11.015856248861494,0.0,0.0,0.0,0.0,1.0,0.0
0,120,3.672960405524443,8.27407547324999,0.0,0.0,0.0,0.0,0.0,0.0
1,120,6.419798156585048,6.497695236557924,0.0,0.0,1.0,1.0,1.0,1.0
2,120,1.6513336713495343,7.649080713637803,0.0,0.0,0.0,0.0,0.0,0.0
3,120,7.122088397427877,3.891181389981176,1.0,1.0,0.0,0.0,1.0,1.0
4,120,9.09714791320451,5.570179891012226,0.0,0.0,0.0,1.0,0.0,1.0
5,120,8.313162234246828,4.211978619087858,0.0,0.0,0.0,0.0,0.0,1.0
6,120,3.7651626122755375,5.780501080970981,1.0,0.0,1.0,0.0,0.0,0.0
7,120,5.133729686732136,10.977379414028206,1.0,1.0,0.0,0.0,1.0,1.0
8,120,2.658969044336585,11.854444590969822,0.0,1.0,1.0,1.0,1.0,0.0
9,120,0.014962370282706,0.0006440042186627,0.0,1.0,1.0,0.0,0.0,1.0
10,120,6.657003699555816,9.055671765937571,0.0,0.0,1.0,1.0,0.0,1.0
11,120,5.534530105748416,0.0,0.0,1.0,1.0,0.0,1.0,1.0
12,120,3.073169328745922,5.22555725877467,0.0,0.0,0.0,1.0,1.0,0.0
13,120,1.3584409421806565,0.0102598410699378,1.0,1.0,0.0,0.0,0.0,0.0
14,120,6.507110892276575,9.773722945664815,0.0,0.0,1.0,0.0,0.0,0.0
15,120,7.943477396081966,0.6605311266616168,0.0,0.0,1.0,0.0,1.0,0.0
16,120,0.3352576144366711,2.003687700636042,1.0,1.0,0.0,1.0,0.0,1.0
17,120,9.119253505199335,8.143729066999354,1.0,0.0,0.0,0.0,1.0,0.0
18,120,5.252392262607122,1.422328762224725,1.0,1.0,0.0,0.0,1.0,0.0
19,120,10.163158756310988,5.755127139400455,0.0,0.0,0.0,0.0,1.0,0.0
20,120,9.207442812897453,1.406792850256697,0.0,0.0,1.0,0.0,1.0,1.0
21,120,11.260784190836208,4.718255109258716,1.0,0.0,1.0,0.0,0.0,1.0
22,120,9.609415720966638,4.736766965094721,1.0,0.0,1.0,1.0,0.0,0.0
23,120,5.504953642967209,5.494692589732161,0.0,1.0,0.0,0.0,1.0,1.0
24,120,0.2610559901200999,0.0,0.0,1.0,0.0,0.0,1.0,1.0
25,120,0.9818345826993364,12.0,1.0,1.0,1.0,0.0,0.0,0.0
26,120,9.057466719826296,11.901987319979233,1.0,1.0,0.0,0.0,0.0,0.0
27,120,1.02939008048254,0.0,1.0,1.0,0.0,0.0,0.0,0.0
28,120,5.492665120143124,6.283741831784212,0.0,0.0,1.0,0.0,1.0,1.0
29,120,9.72963355880915,7.293440699127658,0.0,1.0,0.0,1.0,0.0,1.0
30,120,5.429141667276264,11.645645966926624,0.0,1.0,0.0,0.0,0.0,0.0
31,120,1.890093299177582,8.513085227138415,1.0,0.0,0.0,1.0,0.0,0.0
32,120,4.438005246263125,0.8525931500613816,1.0,0.0,1.0,1.0,0.0,1.0
33,120,11.99677445650271,2.8788952188904338,0.0,0.0,0.0,1.0,0.0,0.0
34,120,9.815716415258626,4.172942295626752,0.0,0.0,0.0,1.0,1.0,1.0
35,120,7.94923921239002,12.0,0.0,1.0,1.0,1.0,0.0,0.0
36,120,11.708592064436012,0.7929820001207181,1.0,0.0,0.0,1.0,1.0,0.0
37,120,10.00953714293012,0.0,1.0,0.0,1.0,0.0,1.0,1.0
38,120,11.144529856314035,8.707930589081087,1.0,0.0,1.0,0.0,0.0,1.0
39,120,6.274573178546623,11.014695298749826,0.0,0.0,0.0,0.0,1.0,0.0
0,125,3.740951090541444,8.308183047429885,0.0,0.0,0.0,0.0,0.0,0.0
1,125,6.363361840046249,6.537836553646244,0.0,0.0,1.0,1.0,1.0,1.0
2,125,1.7675204469167751,7.522816173353997,0.0,0.0,0.0,0.0,0.0,0.0
3,125,7.134958142824377,3.967090501519881,1.0,1.0,0.0,0.0,1.0,1.0
4,125,9.104831225022023,5.585098781365868,0.0,0.0,0.0,1.0,0.0,1.0
5,125,8.288756265169528,4.197770839178605,0.0,0.0,0.0,0.0,0.0,1.0
6,125,3.807905971972093,5.71752388786695,1.0,0.0,1.0,0.0,0.0,0.0
7,125,5.073427001868909,11.043150073321458,1.0,1.0,0.0,0.0,1.0,1.0
8,125,2.657905389293009,11.856806838236,0.0,1.0,1.0,1.0,1.0,0.0
9,125,0.0128153005941982,0.0207740486275738,0.0,1.0,1.0,0.0,0.0,1.0
10,125,6.713000443477603,9.027124281924772,0.0,0.0,1.0,1.0,0.0,1.0
11,125,5.578053432328514,0.0,0.0,1.0,1.0,0.0,1.0,1.0
12,125,2.9497013625308357,5.297737756739596,0.0,0.0,0.0,1.0,1.0,0.0
13,125,1.3559642427046756,0.0,1.0,1.0,0.0,0.0,0.0,0.0
14,125,6.540494323148644,9.702443314259696,0.0,0.0,1.0,0.0,0.0,0.0
15,125,7.980465766681968,0.6857638424823257,0.0,0.0,1.0,0.0,1.0,0.0
16,125,0.2935763385386393,2.0025265422183853,1.0,1.0,0.0,1.0,0.0,1.0
17,125,9.081889008938186,8.10510759818445,1.0,0.0,0.0,0.0,1.0,0.0
18,125,5.307917449246622,1.539347797110692,1.0,1.0,0.0,0.0,1.0,0.0
19,125,10.164198805616673,5.951362748015078,0.0,0.0,0.0,0.0,1.0,0.0
20,125,9.290915069333426,1.3684984940161038,0.0,0.0,1.0,0.0,1.0,1.0
21,125,11.175044138193952,4.746777492722574,1.0,0.0,1.0,0.0,0.0,1.0
22,125,9.593635193394377,4.7263298733234445,1.0,0.0,1.0,1.0,0.0,0.0
23,125,5.477497262708268,5.518767965548909,0.0,1.0,0.0,0.0,1.0,1.0
24,125,0.0976682414506931,0.0,0.0,1.0,0.0,0.0,1.0,1.0
25,125,1.0728747071973304,12.0,1.0,1.0,1.0,0.0,0.0,0.0
26,125,9.044436760920252,11.92310525889265,1.0,1.0,0.0,0.0,0.0,0.0
27,125,0.9283818416401588,0.0,1.0,1.0,0.0,0.0,0.0,0.0
28,125,5.505434420604229,6.266639774677274,0.0,0.0,1.0,0.0,1.0,1.0
29,125,9.714441191879208,7.344035820965413,0.0,1.0,0.0,1.0,0.0,1.0
30,125,5.4290488533805314,11.645583581996709,0.0,1.0,0.0,0.0,0.0,0.0
31,125,1.8902524074312053,8.513096919406072,1.0,0.0,0.0,1.0,0.0,0.0
32,125,4.414543683836128,0.8890153966633895,1.0,0.0,1.0,1.0,0.0,1.0
33,125,11.989844079703508,2.866637493452881,0.0,0.0,0.0,1.0,0.0,0.0
34,125,9.768101684689228,4.217999426058352,0.0,0.0,0.0,1.0,1.0,1.0
35,125,7.795350065680997,12.0,0.0,1.0,1.0,1.0,0.0,0.0
36,125,11.679854527381767,0.7845522386342328,1.0,0.0,0.0,1.0,1.0,0.0
37,125,10.01589800450924,0.0,1.0,0.0,1.0,0.0,1.0,1.0
38,125,11.133468534515998,8.703769635817714,1.0,0.0,1.0,0.0,0.0,1.0
39,125,6.125432801122328,11.016115693384911,0.0,0.0,0.0,0.0,1.0,0.0
0,130,3.813471782751177,8.343059431635115,0.0,0.0,0.0,0.0,0.0,0.0
1,130,6.304358895592485,6.580013681010173,0.0,0.0,1.0,1.0,1.0,1.0
2,130,1.879794629638456,7.39305678146202,0.0,0.0,0.0,0.0,0.0,0.0
3,130,7.14920657317901,4.060624312517711,1.0,1.0,0.0,0.0,1.0,1.0
4,130,9.111259326827485,5.597388903677809,0.0,0.0,0.0,1.0,0.0,1.0
5,130,8.269272345099154,4.1867154809461,0.0,0.0,0.0,0.0,0.0,1.0
6,130,3.8497719643343022,5.659675049726848,1.0,0.0,1.0,0.0,0.0,0.0
7,130,5.007252375858231,10.980802975190516,1.0,1.0,0.0,0.0,1.0,1.0
8,130,2.657210711907784,11.858304020562342,0.0,1.0,1.0,1.0,1.0,0.0
9,130,0.0102569031391663,0.0435395507676759,0.0,1.0,1.0,0.0,0.0,1.0
10,130,6.775674339816952,8.994960987346547,0.0,0.0,1.0,1.0,0.0,1.0
11,130,5.614867681532667,0.0,0.0,1.0,1.0,0.0,1.0,1.0
12,130,2.8075733701916112,5.37568528847478,0.0,0.0,0.0,1.0,1.0,0.0
13,130,1.3521687211314872,0.0,1.0,1.0,0.0,0.0,0.0,0.0
14,130,6.577719410751266,9.623754044092832,0.0,0.0,1.0,0.0,0.0,0.0
15,130,8.019687782572976,0.7137509500625063,0.0,0.0,1.0,0.0,1.0,0.0
16,130,0.2574752981910087,2.0021593635971,1.0,1.0,0.0,1.0,0.0,1.0
17,130,9.026200067471708,8.158692871192741,1.0,0.0,0.0,0.0,1.0,0.0
18,130,5.3788192934370445,1.6749931110614682,1.0,1.0,0.0,0.0,1.0,0.0
19,130,10.166580466138068,6.168473585766956,0.0,0.0,0.0,0.0,1.0,0.0
20,130,9.388029186781385,1.3260124342351656,0.0,0.0,1.0,0.0,1.0,1.0
21,130,11.086925263680785,4.778530699200511,1.0,0.0,1.0,0.0,0.0,1.0
22,130,9.583752975236584,4.719823077530388,1.0,0.0,1.0,1.0,0.0,0.0
23,130,5.43478984259037,5.55391641182058,0.0,1.0,0.0,0.0,1.0,1.0
24,130,0.0,0.0,0.0,1.0,0.0,0.0,1.0,1.0
25,130,1.1661506717849606,12.0,1.0,1.0,1.0,0.0,0.0,0.0
26,130,9.0323017219837,11.943119140050198,1.0,1.0,0.0,0.0,0.0,0.0
27,130,0.8361810491551022,0.0,1.0,1.0,0.0,0.0,0.0,0.0
28,130,5.519921932813609,6.247628507699592,0.0,0.0,1.0,0.0,1.0,1.0
29,130,9.695681142138891,7.405670493744518,0.0,1.0,0.0,1.0,0.0,1.0
30,130,5.428264145195678,11.6450752596572,0.0,1.0,0.0,0.0,0.0,0.0
31,130,1.8931802895862928,8.513348826544096,1.0,0.0,0.0,1.0,0.0,0.0
32,130,4.389060584485892,0.930138075114206,1.0,0.0,1.0,1.0,0.0,1.0
33,130,11.990824727403796,2.8685000874675906,0.0,0.0,0.0,1.0,0.0,0.0
34,130,9.695571287449235,4.285068733233041,0.0,0.0,0.0,1.0,1.0,1.0
35,130,7.641212856822296,12.0,0.0,1.0,1.0,1.0,0.0,0.0
36,130,11.67388216398763,0.7828622877701537,1.0,0.0,0.0,1.0,1.0,0.0
37,130,10.02345208418908,0.0,1.0,0.0,1.0,0.0,1.0,1.0
38,130,11.102749335124386,8.690531804847572,1.0,0.0,1.0,0.0,0.0,1.0
39,130,5.979988876532294,11.02205689106193,0.0,0.0,0.0,0.0,1.0,0.0
0,135,3.877233817226766,8.375463833330421,0.0,0.0,0.0,0.0,0.0,0.0
1,135,6.24447186124978,6.620819399179096,0.0,0.0,1.0,1.0,1.0,1.0
2,135,1.996376695349734,7.252837898295969,0.0,0.0,0.0,0.0,0.0,0.0
3,135,7.162504316544462,4.170113908257924,1.0,1.0,0.0,0.0,1.0,1.0
4,135,9.116913449500744,5.6082133113994725,0.0,0.0,0.0,1.0,0.0,1.0
5,135,8.239687347689541,4.169441753794953,0.0,0.0,0.0,0.0,0.0,1.0
6,135,3.891228655972077,5.6047644777440215,1.0,0.0,1.0,0.0,0.0,0.0
7,135,4.943276886153658,10.921641913938046,1.0,1.0,0.0,0.0,1.0,1.0
8,135,2.6454731670355605,11.881985312822538,0.0,1.0,1.0,1.0,1.0,0.0
9,135,0.010386874628024,0.0422105502485478,0.0,1.0,1.0,0.0,0.0,1.0
10,135,6.816064889249877,8.972916073539901,0.0,0.0,1.0,1.0,0.0,1.0
11,135,5.646020011255138,0.0,0.0,1.0,1.0,0.0,1.0,1.0
12,135,2.681845521214786,5.446073739012941,0.0,0.0,0.0,1.0,1.0,0.0
13,135,1.3483548826198457,0.0,1.0,1.0,0.0,0.0,0.0,0.0
14,135,6.616074410778842,9.549174147830874,0.0,0.0,1.0,0.0,0.0,0.0
15,135,8.053033168600296,0.7379121427557852,0.0,0.0,1.0,0.0,1.0,0.0
16,135,0.1963183409668489,1.999858360176904,1.0,1.0,0.0,1.0,0.0,1.0
17,135,8.957396047328288,8.226041360366848,1.0,0.0,0.0,0.0,1.0,0.0
18,135,5.44109353106667,1.799473844949354,1.0,1.0,0.0,0.0,1.0,0.0
19,135,10.176815531867431,6.405724887026025,0.0,0.0,0.0,0.0,1.0,0.0
20,135,9.491001990349009,1.2801040297613857,0.0,0.0,1.0,0.0,1.0,1.0
21,135,10.988909809043092,4.8134773998126485,1.0,0.0,1.0,0.0,0.0,1.0
22,135,9.569238517751652,4.710218051826738,1.0,0.0,1.0,1.0,0.0,0.0
23,135,5.38852602820787,5.590618191196806,0.0,1.0,0.0,0.0,1.0,1.0
24,135,0.0,0.0,0.0,1.0,0.0,0.0,1.0,1.0
25,135,1.2500890809071767,12.0,1.0,1.0,1.0,0.0,0.0,0.0
26,135,9.013924562029676,11.972821557821025,1.0,1.0,0.0,0.0,0.0,0.0
27,135,0.7314447333097697,0.0,1.0,1.0,0.0,0.0,0.0,0.0
28,135,5.527749122432428,6.236896163231045,0.0,0.0,1.0,0.0,1.0,1.0
29,135,9.67809424578654,7.459469846226333,0.0,1.0,0.0,1.0,0.0,1.0
30,135,5.452369224879467,11.660284385698644,0.0,1.0,0.0,0.0,0.0,0.0
31,135,1.9016742027749756,8.513989589879884,1.0,0.0,0.0,1.0,0.0,0.0
32,135,4.358538854939294,0.9794803165699202,1.0,0.0,1.0,1.0,0.0,1.0
33,135,11.981873711277023,2.853444236364441,0.0,0.0,0.0,1.0,0.0,0.0
34,135,9.6067891425733,4.370070450259766,0.0,0.0,0.0,1.0,1.0,1.0
35,135,7.490730995867564,12.0,0.0,1.0,1.0,1.0,0.0,0.0
36,135,11.644383571436896,0.7749291767496053,1.0,0.0,0.0,1.0,1.0,0.0
37,135,10.031683408124584,0.0,1.0,0.0,1.0,0.0,1.0,1.0
38,135,11.055376336037224,8.669219630379922,1.0,0.0,1.0,0.0,0.0,1.0
39,135,5.856938202497528,11.026165803869471,0.0,0.0,0.0,0.0,1.0,0.0
0,140,3.9344387663758926,8.403840696209068,0.0,0.0,0.0,0.0,0.0,0.0
1,140,6.211523997263595,6.644247918761209,0.0,0.0,1.0,1.0,1.0,1.0
2,140,2.107345719105943,7.12869130507713,0.0,0.0,0.0,0.0,0.0,0.0
3,140,7.177611560641474,4.307072824087775,1.0,1.0,0.0,0.0,1.0,1.0
4,140,9.111235062029198,5.597717474701105,0.0,0.0,0.0,1.0,0.0,1.0
5,140,8.172730573973697,4.128653626704385,0.0,0.0,0.0,0.0,0.0,1.0
6,140,3.9255687997070616,5.560840599599021,1.0,0.0,1.0,0.0,0.0,0.0
7,140,4.892077603585533,10.871976188729649,1.0,1.0,0.0,0.0,1.0,1.0
8,140,2.621232389755519,11.93206101570475,0.0,1.0,1.0,1.0,1.0,0.0
9,140,0.0087598033530654,0.0564590828855701,0.0,1.0,1.0,0.0,0.0,1.0
10,140,6.874073795993822,8.944426772765196,0.0,0.0,1.0,1.0,0.0,1.0
11,140,5.6764358128417856,0.0,0.0,1.0,1.0,0.0,1.0,1.0
12,140,2.5488326763534084,5.522112373679313,0.0,0.0,0.0,1.0,1.0,0.0
13,140,1.3455769831255406,0.0,1.0,1.0,0.0,0.0,0.0,0.0
14,140,6.653422547492096,9.47856056177155,0.0,0.0,1.0,0.0,0.0,0.0
15,140,8.060674983155522,0.7431264315504352,0.0,0.0,1.0,0.0,1.0,0.0
16,140,0.1436612128084501,1.9966471948688531,1.0,1.0,0.0,1.0,0.0,1.0
17,140,8.887667075842016,8.289681962902693,1.0,0.0,0.0,0.0,1.0,0.0
18,140,5.498013816683842,1.9133900280310647,1.0,1.0,0.0,0.0,1.0,0.0
19,140,10.180888748164614,6.63411694133334,0.0,0.0,0.0,0.0,1.0,0.0
20,140,9.615757361019371,1.2269765830497072,0.0,0.0,1.0,0.0,1.0,1.0
21,140,10.898952101154956,4.846758263902838,1.0,0.0,1.0,0.0,0.0,1.0
22,140,9.548548419326446,4.697318338326262,1.0,0.0,1.0,1.0,0.0,0.0
23,140,5.33529242767544,5.525412526742777,0.0,1.0,0.0,0.0,1.0,1.0
24,140,0.0,0.0,0.0,1.0,0.0,0.0,1.0,1.0
25,140,1.334582645136958,12.0,1.0,1.0,1.0,0.0,0.0,0.0
26,140,9.000367449374915,11.996515427771664,1.0,1.0,0.0,0.0,0.0,0.0
27,140,0.625452365222033,0.0,1.0,1.0,0.0,0.0,0.0,0.0
28,140,5.541324016154318,6.218333387658044,0.0,0.0,1.0,0.0,1.0,1.0
29,140,9.66546791925181,7.498892110821055,0.0,1.0,0.0,1.0,0.0,1.0
30,140,5.492318681957735,11.685565370314858,0.0,1.0,0.0,0.0,0.0,0.0
31,140,1.9118421716558025,8.51507095156876,1.0,0.0,0.0,1.0,0.0,0.0
32,140,4.326393465003418,1.0272132489546744,1.0,0.0,1.0,1.0,0.0,1.0
33,140,11.97284749226763,2.8393210529600537,0.0,0.0,0.0,1.0,0.0,0.0
34,140,9.510323284215366,4.460582912782437,0.0,0.0,0.0,1.0,1.0,1.0
35,140,7.336789952952354,12.0,0.0,1.0,1.0,1.0,0.0,0.0
36,140,11.617661000498162,0.7681557973338551,1.0,0.0,0.0,1.0,1.0,0.0
37,140,10.040796759639496,0.0,1.0,0.0,1.0,0.0,1.0,1.0
38,140,11.001032318744633,8.647330194943223,1.0,0.0,1.0,0.0,0.0,1.0
39,140,5.717793839132911,11.031951865100831,0.0,0.0,0.0,0.0,1.0,0.0
0,145,3.999029424428277,8.43490771968347,0.0,0.0,0.0,0.0,0.0,0.0
1,145,6.183572689572057,6.662902206996222,0.0,0.0,1.0,1.0,1.0,1.0
2,145,2.218390450892437,7.009013159821609,0.0,0.0,0.0,0.0,0.0,0.0
3,145,7.188795970490031,4.438180289227962,1.0,1.0,0.0,0.0,1.0,1.0
4,145,9.107002252849554,5.590293367681968,0.0,0.0,0.0,1.0,0.0,1.0
5,145,8.077959644536852,4.076445016040064,0.0,0.0,0.0,0.0,0.0,1.0
6,145,3.952274808565887,5.528721184315076,1.0,0.0,1.0,0.0,0.0,0.0
7,145,4.836298163443057,10.816472819172526,1.0,1.0,0.0,0.0,1.0,1.0
8,145,2.604389986711052,11.968947915647908,0.0,1.0,1.0,1.0,1.0,0.0
9,145,0.0066123065387541,0.0716022863937347,0.0,1.0,1.0,0.0,0.0,1.0
10,145,6.941762661280152,8.910119119830673,0.0,0.0,1.0,1.0,0.0,1.0
11,145,5.710371903854438,0.0,0.0,1.0,1.0,0.0,1.0,1.0
12,145,2.4114229959824094,5.607256075725875,0.0,0.0,0.0,1.0,1.0,0.0
13,145,1.3451966726340436,0.0,1.0,1.0,0.0,0.0,0.0,0.0
14,145,6.6762641121087,9.433133601650535,0.0,0.0,1.0,0.0,0.0,0.0
15,145,8.083606389654554,0.7578423262166326,0.0,0.0,1.0,0.0,1.0,0.0
16,145,0.0970265034794435,1.993337202297213,1.0,1.0,0.0,1.0,0.0,1.0
17,145,8.804089949848722,8.36703608797662,1.0,0.0,0.0,0.0,1.0,0.0
18,145,5.555807358523346,2.0340937729218758,1.0,1.0,0.0,0.0,1.0,0.0
19,145,10.188353344441376,6.848291922230294,0.0,0.0,0.0,0.0,1.0,0.0
20,145,9.74586469952708,1.1741346481477957,0.0,0.0,1.0,0.0,1.0,1.0
21,145,10.793594508853513,4.885607334707717,1.0,0.0,1.0,0.0,0.0,1.0
22,145,9.53887577824692,4.691068229744437,1.0,0.0,1.0,1.0,0.0,0.0
23,145,5.27318390970035,5.452052591452476,0.0,1.0,0.0,0.0,1.0,1.0
24,145,0.0,0.0,0.0,1.0,0.0,0.0,1.0,1.0
25,145,1.4287997579867082,12.0,1.0,1.0,1.0,0.0,0.0,0.0
26,145,8.977934988549086,12.0,1.0,1.0,0.0,0.0,0.0,0.0
27,145,0.530722267291386,0.0,1.0,1.0,0.0,0.0,0.0,0.0
28,145,5.543973540727863,6.214623206156907,0.0,0.0,1.0,0.0,1.0,1.0
29,145,9.643568785803565,7.567310232738221,0.0,1.0,0.0,1.0,0.0,1.0
30,145,5.527504921568146,11.70785163340337,0.0,1.0,0.0,0.0,0.0,0.0
31,145,1.923622007161396,8.516086609094888,1.0,0.0,0.0,1.0,0.0,0.0
32,145,4.291870687722149,1.0760776916093118,1.0,0.0,1.0,1.0,0.0,1.0
33,145,11.968679190475092,2.832827870491628,0.0,0.0,0.0,1.0,0.0,0.0
34,145,9.413838169759506,4.546537743269593,0.0,0.0,0.0,1.0,1.0,1.0
35,145,7.180983779116426,12.0,0.0,1.0,1.0,1.0,0.0,0.0
36,145,11.572300093052414,0.7565822663101911,1.0,0.0,0.0,1.0,1.0,0.0
37,145,10.052270094503664,0.0,1.0,0.0,1.0,0.0,1.0,1.0
38,145,10.954111579276905,8.62680556592375,1.0,0.0,1.0,0.0,0.0,1.0
39,145,5.585050925909352,11.041568361747323,0.0,0.0,0.0,0.0,1.0,0.0
0,150,4.082201587358665,8.47243305819847,0.0,0.0,0.0,0.0,0.0,0.0
1,150,6.17081839983593,6.671435511347443,0.0,0.0,1.0,1.0,1.0,1.0
2,150,2.334466033753037,6.876088057960164,0.0,0.0,0.0,0.0,0.0,0.0
3,150,7.202417530645306,4.5879748134145695,1.0,1.0,0.0,0.0,1.0,1.0
4,150,9.092590852125907,5.564607517056817,0.0,0.0,0.0,1.0,0.0,1.0
5,150,7.977425253101471,4.020334404561192,0.0,0.0,0.0,0.0,0.0,1.0
6,150,3.984195497488512,5.4885384551520895,1.0,0.0,1.0,0.0,0.0,0.0
7,150,4.783342446276214,10.76571463070172,1.0,1.0,0.0,0.0,1.0,1.0
8,150,2.586641222443902,12.0,0.0,1.0,1.0,1.0,1.0,0.0
9,150,0.0097198444806045,0.0512516063896695,0.0,1.0,1.0,0.0,0.0,1.0
10,150,7.011178577905789,8.876976735171194,0.0,0.0,1.0,1.0,0.0,1.0
11,150,5.735784680970869,0.0,0.0,1.0,1.0,0.0,1.0,1.0
12,150,2.271821297536216,5.694710951196488,0.0,0.0,0.0,1.0,1.0,0.0
13,150,1.34571232310933,0.0050246748514072,1.0,1.0,0.0,0.0,0.0,0.0
14,150,6.696368996714349,9.387599759996638,0.0,0.0,1.0,0.0,0.0,0.0
15,150,8.101949181851825,0.7692978392075152,0.0,0.0,1.0,0.0,1.0,0.0
16,150,0.0380921366162398,1.9889171411862068,1.0,1.0,0.0,1.0,0.0,1.0
17,150,8.71770986843291,8.44537989247057,1.0,0.0,0.0,0.0,1.0,0.0
18,150,5.608715708643136,2.145608700051108,1.0,1.0,0.0,0.0,1.0,0.0
19,150,10.190579496501048,7.065818878615321,0.0,0.0,0.0,0.0,1.0,0.0
20,150,9.861337647415436,1.1266018314466075,0.0,0.0,1.0,0.0,1.0,1.0
21,150,10.667435668760469,4.930330492299536,1.0,0.0,1.0,0.0,0.0,1.0
22,150,9.530106043271967,4.685367641461276,1.0,0.0,1.0,1.0,0.0,0.0
23,150,5.211399132902785,5.3811074564298025,0.0,1.0,0.0,0.0,1.0,1.0
24,150,0.0,0.0,0.0,1.0,0.0,0.0,1.0,1.0
25,150,1.5259280722144783,12.0,1.0,1.0,1.0,0.0,0.0,0.0
26,150,8.948585778981148,12.0,1.0,1.0,0.0,0.0,0.0,0.0
27,150,0.4423781694632424,0.0,1.0,1.0,0.0,0.0,0.0,0.0
28,150,5.535576283262304,6.226643118314211,0.0,0.0,1.0,0.0,1.0,1.0
29,150,9.614859547487088,7.648602087649222,0.0,1.0,0.0,1.0,0.0,1.0
30,150,5.540033527094195,11.715737008888528,0.0,1.0,0.0,0.0,0.0,0.0
31,150,1.9303653169869897,8.516779667999696,1.0,0.0,0.0,1.0,0.0,0.0
32,150,4.260877486373961,1.1203422941165688,1.0,0.0,1.0,1.0,0.0,1.0
33,150,11.954358889639424,2.8113525421754355,0.0,0.0,0.0,1.0,0.0,0.0
34,150,9.324778954771894,4.628571059459321,0.0,0.0,0.0,1.0,1.0,1.0
35,150,7.033150030099513,12.0,0.0,1.0,1.0,1.0,0.0,0.0
36,150,11.52537696217638,0.744609888432308,1.0,0.0,0.0,1.0,1.0,0.0
37,150,10.0674751827061,0.0,1.0,0.0,1.0,0.0,1.0,1.0
38,150,10.900983358385856,8.60538957942914,1.0,0.0,1.0,0.0,0.0,1.0
39,150,5.480782451488296,11.048444945549276,0.0,0.0,0.0,0.0,1.0,0.0
0,155,4.182415081229328,8.519236378413828,0.0,0.0,0.0,0.0,0.0,0.0
1,155,6.159199737429185,6.678950143516796,0.0,0.0,1.0,1.0,1.0,1.0
2,155,2.4581083835529096,6.736980056609846,0.0,0.0,0.0,0.0,0.0,0.0
3,155,7.215527015211549,4.734308801975398,1.0,1.0,0.0,0.0,1.0,1.0
4,155,9.083416102653764,5.548265127226549,0.0,0.0,0.0,1.0,0.0,1.0
5,155,7.886148417292284,3.97048101219112,0.0,0.0,0.0,0.0,0.0,1.0
6,155,4.015273951704452,5.449344956497088,1.0,0.0,1.0,0.0,0.0,0.0
7,155,4.751323198674118,10.73490267924717,1.0,1.0,0.0,0.0,1.0,1.0
8,155,2.571669206833388,12.0,0.0,1.0,1.0,1.0,1.0,0.0
9,155,0.0183315501809042,0.0007431434623089,0.0,1.0,1.0,0.0,0.0,1.0
10,155,7.077500683069768,8.844737093741001,0.0,0.0,1.0,1.0,0.0,1.0
11,155,5.7629543560119005,0.0,0.0,1.0,1.0,0.0,1.0,1.0
12,155,2.138752894831545,5.783381875894405,0.0,0.0,0.0,1.0,1.0,0.0
13,155,1.3458061338659313,0.0061987608077761,1.0,1.0,0.0,0.0,0.0,0.0
14,155,6.718856717046895,9.331676831055988,0.0,0.0,1.0,0.0,0.0,0.0
15,155,8.112484940258083,0.7756184193850207,0.0,0.0,1.0,0.0,1.0,0.0
16,155,0.0,1.9812295160847544,1.0,1.0,0.0,1.0,0.0,1.0
17,155,8.63574691259745,8.518766361715175,1.0,0.0,0.0,0.0,1.0,0.0
18,155,5.6560113686965945,2.2423993319776394,1.0,1.0,0.0,0.0,1.0,0.0
19,155,10.193999818265784,7.283737652176935,0.0,0.0,0.0,0.0,1.0,0.0
20,155,9.976746792808418,1.083156049091422,0.0,0.0,1.0,0.0,1.0,1.0
21,155,10.55641517274691,4.9720508393709535,1.0,0.0,1.0,0.0,0.0,1.0
22,155,9.524888139177923,4.68207733189614,1.0,0.0,1.0,1.0,0.0,0.0
23,155,5.140796275927781,5.300653632798458,0.0,1.0,0.0,0.0,1.0,1.0
24,155,0.0,0.0,0.0,1.0,0.0,0.0,1.0,1.0
25,155,1.628657457911986,12.0,1.0,1.0,1.0,0.0,0.0,0.0
26,155,8.913774227830451,12.0,1.0,1.0,0.0,0.0,0.0,0.0
27,155,0.3647493117012186,0.0,1.0,1.0,0.0,0.0,0.0,0.0
28,155,5.532494603301179,6.231178006676299,0.0,0.0,1.0,0.0,1.0,1.0
29,155,9.592663358497118,7.710148959221666,0.0,1.0,0.0,1.0,0.0,1.0
30,155,5.559877600261076,11.72822554860424,0.0,1.0,0.0,0.0,0.0,0.0
31,155,1.941965421007572,8.518121804164274,1.0,0.0,0.0,1.0,0.0,0.0
32,155,4.227797110361322,1.168985437475675,1.0,0.0,1.0,1.0,0.0,1.0
33,155,11.9362610842384,2.784339339061761,0.0,0.0,0.0,1.0,0.0,0.0
34,155,9.24858253204736,4.700573215086272,0.0,0.0,0.0,1.0,1.0,1.0
35,155,6.873460155905024,12.0,0.0,1.0,1.0,1.0,0.0,0.0
36,155,11.483181609868923,0.7343791279462738,1.0,0.0,0.0,1.0,1.0,0.0
37,155,10.078653191534055,0.0,1.0,0.0,1.0,0.0,1.0,1.0
38,155,10.88026541480426,8.596570533885613,1.0,0.0,1.0,0.0,0.0,1.0
39,155,5.391442335199911,11.052872528649718,0.0,0.0,0.0,0.0,1.0,0.0
0,160,4.272637733494909,8.562706150785386,0.0,0.0,0.0,0.0,0.0,0.0
1,160,6.155882076091024,6.68107623884699,0.0,0.0,1.0,1.0,1.0,1.0
2,160,2.5693286906442427,6.610369887789421,0.0,0.0,0.0,0.0,0.0,0.0
3,160,7.230157784771512,4.904294066228226,1.0,1.0,0.0,0.0,1.0,1.0
4,160,9.069720218912808,5.52244285053676,0.0,0.0,0.0,1.0,0.0,1.0
5,160,7.781383375937752,3.9124286296234096,0.0,0.0,0.0,0.0,0.0,1.0
6,160,4.045996634421267,5.4098851330827245,1.0,0.0,1.0,0.0,0.0,0.0
7,160,4.710506856182147,10.697619004896096,1.0,1.0,0.0,0.0,1.0,1.0
8,160,2.566125827127556,12.0,0.0,1.0,1.0,1.0,1.0,0.0
9,160,0.0282834662681155,0.0,0.0,1.0,1.0,0.0,0.0,1.0
10,160,7.12933520689238,8.820646926501578,0.0,0.0,1.0,1.0,0.0,1.0
11,160,5.774606510861788,0.0,0.0,1.0,1.0,0.0,1.0,1.0
12,160,1.9806155654671895,5.890010968455685,0.0,0.0,0.0,1.0,1.0,0.0
13,160,1.3444397104212922,0.0,1.0,1.0,0.0,0.0,0.0,0.0
14,160,6.745407090393212,9.270041052847082,0.0,0.0,1.0,0.0,0.0,0.0
15,160,8.093647153014233,0.7649829223732365,0.0,0.0,1.0,0.0,1.0,0.0
16,160,0.0,1.9759086510999024,1.0,1.0,0.0,1.0,0.0,1.0
17,160,8.551770274481296,8.59472274820323,1.0,0.0,0.0,0.0,1.0,0.0
18,160,5.695877933608935,2.3297448059401744,1.0,1.0,0.0,0.0,1.0,0.0
19,160,10.20336284838844,7.51345528967461,0.0,0.0,0.0,0.0,1.0,0.0
20,160,10.094641710555011,1.0394176329826816,0.0,0.0,1.0,0.0,1.0,1.0
21,160,10.445281572217468,5.017629549575407,1.0,0.0,1.0,0.0,0.0,1.0
22,160,9.513069220109426,4.67446179111102,1.0,0.0,1.0,1.0,0.0,0.0
23,160,5.071022977768879,5.218627839780598,0.0,1.0,0.0,0.0,1.0,1.0
24,160,0.0,0.0,0.0,1.0,0.0,0.0,1.0,1.0
25,160,1.435390115750721,12.0,1.0,1.0,1.0,0.0,0.0,0.0
26,160,8.87637296421042,12.0,1.0,1.0,0.0,0.0,0.0,0.0
27,160,0.2765410724136879,0.0,1.0,1.0,0.0,0.0,0.0,0.0
28,160,5.54542796613305,6.212739505142825,0.0,0.0,1.0,0.0,1.0,1.0
29,160,9.57407601564121,7.764217845597773,0.0,1.0,0.0,1.0,0.0,1.0
30,160,5.560324500187577,11.72849874440803,0.0,1.0,0.0,0.0,0.0,0.0
31,160,1.938986222152204,8.517748922277203,1.0,0.0,0.0,1.0,0.0,0.0
32,160,4.185762629080363,1.2262679421129428,1.0,0.0,1.0,1.0,0.0,1.0
33,160,11.923185369466776,2.764938141457049,0.0,0.0,0.0,1.0,0.0,0.0
34,160,9.179985069679338,4.763324434223816,0.0,0.0,0.0,1.0,1.0,1.0
35,160,6.705985140343695,12.0,0.0,1.0,1.0,1.0,0.0,0.0
36,160,11.431920783017182,0.7213374740198877,1.0,0.0,0.0,1.0,1.0,0.0
37,160,10.085469233524025,0.0,1.0,0.0,1.0,0.0,1.0,1.0
38,160,10.896807538504016,8.554876093479935,1.0,0.0,1.0,0.0,0.0,1.0
39,160,5.29678452368864,11.05857133596823,0.0,0.0,0.0,0.0,1.0,0.0
0,165,4.367604034681257,8.607334490927352,0.0,0.0,0.0,0.0,0.0,0.0
1,165,6.152684260596559,6.683187212813407,0.0,0.0,1.0,1.0,1.0,1.0
2,165,2.6749396068605624,6.49551298692521,0.0,0.0,0.0,0.0,0.0,0.0
3,165,7.238961197661752,5.060138041662842,1.0,1.0,0.0,0.0,1.0,1.0
4,165,9.051892386983646,5.486602807414208,0.0,0.0,0.0,1.0,0.0,1.0
5,165,7.673330887533106,3.854949470783852,0.0,0.0,0.0,0.0,0.0,1.0
6,165,4.08561737159855,5.361024244376587,1.0,0.0,1.0,0.0,0.0,0.0
7,165,4.682076445667361,10.671518400965867,1.0,1.0,0.0,0.0,1.0,1.0
8,165,2.552877165114375,12.0,0.0,1.0,1.0,1.0,1.0,0.0
9,165,0.0332411743289806,0.0,0.0,1.0,1.0,0.0,0.0,1.0
10,165,7.172876171884965,8.799340881450748,0.0,0.0,1.0,1.0,0.0,1.0
11,165,5.7831761953118015,0.0,0.0,1.0,1.0,0.0,1.0,1.0
12,165,1.8311936761899976,5.994159671953113,0.0,0.0,0.0,1.0,1.0,0.0
13,165,1.344467650795632,0.0003445646074844,1.0,1.0,0.0,0.0,0.0,0.0
14,165,6.773113580824359,9.21141985213683,0.0,0.0,1.0,0.0,0.0,0.0
15,165,8.075547710956595,0.754635858656863,0.0,0.0,1.0,0.0,1.0,0.0
16,165,0.0,1.9680269943154545,1.0,1.0,0.0,1.0,0.0,1.0
17,165,8.471022023854452,8.672952609607856,1.0,0.0,0.0,0.0,1.0,0.0
18,165,5.740083498476466,2.423707876411353,1.0,1.0,0.0,0.0,1.0,0.0
19,165,10.208050097037775,7.779053813868695,0.0,0.0,0.0,0.0,1.0,0.0
20,165,10.239849046720211,0.9807747378311809,0.0,0.0,1.0,0.0,1.0,1.0
21,165,10.33906292472726,5.06245156499718,1.0,0.0,1.0,0.0,0.0,1.0
22,165,9.50539685062476,4.669167495262849,1.0,0.0,1.0,1.0,0.0,0.0
23,165,5.008625062736581,5.144262246892926,0.0,1.0,0.0,0.0,1.0,1.0
24,165,0.0058907316611326,0.0,0.0,1.0,0.0,0.0,1.0,1.0
25,165,1.25733253227061,12.0,1.0,1.0,1.0,0.0,0.0,0.0
26,165,8.840310014950113,12.0,1.0,1.0,0.0,0.0,0.0,0.0
27,165,0.1841696698173958,0.0,1.0,1.0,0.0,0.0,0.0,0.0
28,165,5.56700996961364,6.180978912647112,0.0,0.0,1.0,0.0,1.0,1.0
29,165,9.551088169100485,7.832718090208088,0.0,1.0,0.0,1.0,0.0,1.0
30,165,5.555839669715468,11.725708189188152,0.0,1.0,0.0,0.0,0.0,0.0
31,165,1.9507375120420396,8.519454873787154,1.0,0.0,0.0,1.0,0.0,0.0
32,165,4.1505153607537695,1.2766207388314317,1.0,0.0,1.0,1.0,0.0,1.0
33,165,11.909288939078229,2.7448513471484017,0.0,0.0,0.0,1.0,0.0,0.0
34,165,9.098511876922926,4.835566620804364,0.0,0.0,0.0,1.0,1.0,1.0
35,165,6.518350896332572,12.0,0.0,1.0,1.0,1.0,0.0,0.0
36,165,11.384010115115986,0.7080946603918841,1.0,0.0,0.0,1.0,1.0,0.0
37,165,10.093871362887668,0.0,1.0,0.0,1.0,0.0,1.0,1.0
38,165,10.92589292656579,8.486948714943091,1.0,0.0,1.0,0.0,0.0,1.0
39,165,5.1957968232651215,11.066618291090084,0.0,0.0,0.0,0.0,1.0,0.0
0,170,4.46708934761949,8.656557675194945,0.0,0.0,0.0,0.0,0.0,0.0
1,170,6.148418027513021,6.685891360420275,0.0,0.0,1.0,1.0,1.0,1.0
2,170,2.779678647827173,6.377707794687973,0.0,0.0,0.0,0.0,0.0,0.0
3,170,7.246175076856233,5.234644268266157,1.0,1.0,0.0,0.0,1.0,1.0
4,170,9.0252196535848,5.434046971348037,0.0,0.0,0.0,1.0,0.0,1.0
5,170,7.552978253449689,3.791829516079337,0.0,0.0,0.0,0.0,0.0,1.0
6,170,4.118361918357866,5.322013226764297,1.0,0.0,1.0,0.0,0.0,0.0
7,170,4.659403993697243,10.65088846478644,1.0,1.0,0.0,0.0,1.0,1.0
8,170,2.5412026338902174,12.0,0.0,1.0,1.0,1.0,1.0,0.0
9,170,0.0395976415694051,0.0,0.0,1.0,1.0,0.0,0.0,1.0
10,170,7.20752462132285,8.781542008111057,0.0,0.0,1.0,1.0,0.0,1.0
11,170,5.792859877898275,0.0,0.0,1.0,1.0,0.0,1.0,1.0
12,170,1.712077426124393,5.827706087323151,0.0,0.0,0.0,1.0,1.0,0.0
13,170,1.344042816179711,0.0,1.0,1.0,0.0,0.0,0.0,0.0
14,170,6.799550510121767,9.153266294536207,0.0,0.0,1.0,0.0,0.0,0.0
15,170,8.052961444561694,0.7413982435782471,0.0,0.0,1.0,0.0,1.0,0.0
16,170,0.0097026114969694,1.8565745930845277,1.0,1.0,0.0,1.0,0.0,1.0
17,170,8.390167629738135,8.752213917682804,1.0,0.0,0.0,0.0,1.0,0.0
18,170,5.7774910020537575,2.5062061163803246,1.0,1.0,0.0,0.0,1.0,0.0
19,170,9.929421377371831,7.786360175362931,0.0,0.0,0.0,0.0,1.0,0.0
20,170,10.375292891251036,0.925832881807495,0.0,0.0,1.0,0.0,1.0,1.0
21,170,10.24700821913076,5.10196068332888,1.0,0.0,1.0,0.0,0.0,1.0
22,170,9.499521992235293,4.665124151848798,1.0,0.0,1.0,1.0,0.0,0.0
23,170,4.942480306088566,5.059526236982193,0.0,1.0,0.0,0.0,1.0,1.0
24,170,0.0110608387128906,0.0,0.0,1.0,0.0,0.0,1.0,1.0
25,170,1.086846261022039,12.0,1.0,1.0,1.0,0.0,0.0,0.0
26,170,8.814689159226315,12.0,1.0,1.0,0.0,0.0,0.0,0.0
27,170,0.1211797782903662,0.0,1.0,1.0,0.0,0.0,0.0,0.0
28,170,5.606037250375113,6.125142441489013,0.0,0.0,1.0,0.0,1.0,1.0
29,170,9.52654263919712,7.902225123704366,0.0,1.0,0.0,1.0,0.0,1.0
30,170,5.560280730684883,11.728489412071138,0.0,1.0,0.0,0.0,0.0,0.0
31,170,1.9626529539284396,8.521302821459015,1.0,0.0,0.0,1.0,0.0,0.0
32,170,4.117285858639968,1.3261730649161385,1.0,0.0,1.0,1.0,0.0,1.0
33,170,11.903818275921756,2.737055859585577,0.0,0.0,0.0,1.0,0.0,0.0
34,170,9.034824429822354,4.891602901822266,0.0,0.0,0.0,1.0,1.0,1.0
35,170,6.327146145498802,12.0,0.0,1.0,1.0,1.0,0.0,0.0
36,170,11.31377901214353,0.6918136618168347,1.0,0.0,0.0,1.0,1.0,0.0
37,170,10.103700092939697,0.0,1.0,0.0,1.0,0.0,1.0,1.0
38,170,10.95295340787826,8.425345429254493,1.0,0.0,1.0,0.0,0.0,1.0
39,170,5.095080321811659,11.074010248304871,0.0,0.0,0.0,0.0,1.0,0.0
0,175,4.574341329505696,8.708864916350038,0.0,0.0,0.0,0.0,0.0,0.0
1,175,6.1557781029968375,6.681140571367153,0.0,0.0,1.0,1.0,1.0,1.0
2,175,2.881800510790515,6.260694576358762,0.0,0.0,0.0,0.0,0.0,0.0
3,175,7.253228267247946,5.419820763702334,1.0,1.0,0.0,0.0,1.0,1.0
4,175,8.998561454662715,5.380137248839442,0.0,0.0,0.0,1.0,0.0,1.0
5,175,7.411874924558626,3.714688211346981,0.0,0.0,0.0,0.0,0.0,1.0
6,175,4.159326495891457,5.2729393259195705,1.0,0.0,1.0,0.0,0.0,0.0
7,175,4.634935799324,10.628623172697242,1.0,1.0,0.0,0.0,1.0,1.0
8,175,2.5325808127360507,12.0,0.0,1.0,1.0,1.0,1.0,0.0
9,175,0.0470804863778829,0.0,0.0,1.0,1.0,0.0,0.0,1.0
10,175,7.24728994708216,8.76076327503881,0.0,0.0,1.0,1.0,0.0,1.0
11,175,5.81021201262064,0.0,0.0,1.0,1.0,0.0,1.0,1.0
12,175,1.6044249228767846,5.681116072799668,0.0,0.0,0.0,1.0,1.0,0.0
13,175,1.3428009083147925,0.0,1.0,1.0,0.0,0.0,0.0,0.0
14,175,6.823546659642656,9.101812201036672,0.0,0.0,1.0,0.0,0.0,0.0
15,175,8.041847948807506,0.7350631861630821,0.0,0.0,1.0,0.0,1.0,0.0
16,175,0.0231693013870987,1.7473398912532816,1.0,1.0,0.0,1.0,0.0,1.0
17,175,8.333717760298967,8.810166787943379,1.0,0.0,0.0,0.0,1.0,0.0
18,175,5.812854257389246,2.585449144422323,1.0,1.0,0.0,0.0,1.0,0.0
19,175,9.66789994669885,7.796248586876423,0.0,0.0,0.0,0.0,1.0,0.0
20,175,10.32124279205934,0.7893113978036481,0.0,0.0,1.0,0.0,1.0,1.0
21,175,10.14844019425148,5.145627643030744,1.0,0.0,1.0,0.0,0.0,1.0
22,175,9.515851882326434,4.67666213850342,1.0,0.0,1.0,1.0,0.0,0.0
23,175,4.8637331158623525,4.955978803636036,0.0,1.0,0.0,0.0,1.0,1.0
24,175,0.0179306530294828,0.0,0.0,1.0,0.0,0.0,1.0,1.0
25,175,0.9036109472782718,12.0,1.0,1.0,1.0,0.0,0.0,0.0
26,175,8.786015236679706,12.0,1.0,1.0,0.0,0.0,0.0,0.0
27,175,0.0687053398743518,0.0,1.0,1.0,0.0,0.0,0.0,0.0
28,175,5.644715757030488,6.070181318315469,0.0,0.0,1.0,0.0,1.0,1.0
29,175,9.509561772594305,7.954196251260384,0.0,1.0,0.0,1.0,0.0,1.0
30,175,5.568544936362221,11.733896426130295,0.0,1.0,0.0,0.0,0.0,0.0
31,175,1.9579294957915148,8.52068223491152,1.0,0.0,0.0,1.0,0.0,0.0
32,175,4.081172370808929,1.3808770840551374,1.0,0.0,1.0,1.0,0.0,1.0
33,175,11.912646211878716,2.7491733956046995,0.0,0.0,0.0,1.0,0.0,0.0
34,175,8.958810644494683,4.956247260851889,0.0,0.0,0.0,1.0,1.0,1.0
35,175,6.12608041546588,12.0,0.0,1.0,1.0,1.0,0.0,0.0
36,175,11.258880331000862,0.6792798042584377,1.0,0.0,0.0,1.0,1.0,0.0
37,175,10.114872606768914,0.0,1.0,0.0,1.0,0.0,1.0,1.0
38,175,10.985398296004348,8.354009428035063,1.0,0.0,1.0,0.0,0.0,1.0
39,175,4.9949277414833695,11.081295545905812,0.0,0.0,0.0,0.0,1.0,0.0
0,180,4.698085657198548,8.771711400151732,0.0,0.0,0.0,0.0,0.0,0.0
1,180,6.156206855320568,6.680884977216734,0.0,0.0,1.0,1.0,1.0,1.0
2,180,2.982636844030637,6.14427267766233,0.0,0.0,0.0,0.0,0.0,0.0
3,180,7.264471587945917,5.61179832412992,1.0,1.0,0.0,0.0,1.0,1.0
4,180,8.97301912205252,5.3312791338362056,0.0,0.0,0.0,1.0,0.0,1.0
5,180,7.270972072436024,3.643189259167801,0.0,0.0,0.0,0.0,0.0,1.0
6,180,4.198543020282484,5.226438386497554,1.0,0.0,1.0,0.0,0.0,0.0
7,180,4.62637120990551,10.620920444633969,1.0,1.0,0.0,0.0,1.0,1.0
8,180,2.5254363889243,12.0,0.0,1.0,1.0,1.0,1.0,0.0
9,180,0.0554064776165439,0.0,0.0,1.0,1.0,0.0,0.0,1.0
10,180,7.306953590858013,8.729160389187548,0.0,0.0,1.0,1.0,0.0,1.0
11,180,5.832820411349334,0.0,0.0,1.0,1.0,0.0,1.0,1.0
12,180,1.487835276156754,5.523758719614779,0.0,0.0,0.0,1.0,1.0,0.0
13,180,1.3425107070097115,0.0,1.0,1.0,0.0,0.0,0.0,0.0
14,180,6.847328065318884,9.052275324422803,0.0,0.0,1.0,0.0,0.0,0.0
15,180,8.033722447482747,0.7487495345429126,0.0,0.0,1.0,0.0,1.0,0.0
16,180,0.0352537841161527,1.6396667392164712,1.0,1.0,0.0,1.0,0.0,1.0
17,180,8.283932255854806,8.86111649617836,1.0,0.0,0.0,0.0,1.0,0.0
18,180,5.844892146122887,2.659106308795987,1.0,1.0,0.0,0.0,1.0,0.0
19,180,9.38025099871979,7.81196076955831,0.0,0.0,0.0,0.0,1.0,0.0
20,180,10.266294927504704,0.6540793486066178,0.0,0.0,1.0,0.0,1.0,1.0
21,180,10.040357443687093,5.190407440410723,1.0,0.0,1.0,0.0,0.0,1.0
22,180,9.54602275457462,4.698305133586511,1.0,0.0,1.0,1.0,0.0,0.0
23,180,4.78108352229536,4.8469117810572975,0.0,1.0,0.0,0.0,1.0,1.0
24,180,0.0255947085614512,0.0,0.0,1.0,0.0,0.0,1.0,1.0
25,180,0.7878173002679434,11.806628265886252,1.0,1.0,1.0,0.0,0.0,0.0
26,180,8.764213179719317,12.0,1.0,1.0,0.0,0.0,0.0,0.0
27,180,0.0233513712169634,0.0,1.0,1.0,0.0,0.0,0.0,0.0
28,180,5.686065852584105,6.012551261743471,0.0,0.0,1.0,0.0,1.0,1.0
29,180,9.493650270252322,8.005947903713233,0.0,1.0,0.0,1.0,0.0,1.0
30,180,5.579332784451247,11.740550807034255,0.0,1.0,0.0,0.0,0.0,0.0
31,180,1.965005224234704,8.521674287148233,1.0,0.0,0.0,1.0,0.0,0.0
32,180,4.046412605547999,1.429257833335431,1.0,0.0,1.0,1.0,0.0,1.0
33,180,11.913421184442583,2.750220842524912,0.0,0.0,0.0,1.0,0.0,0.0
34,180,8.873528357583162,5.032322417471397,0.0,0.0,0.0,1.0,1.0,1.0
35,180,5.928237536379815,12.0,0.0,1.0,1.0,1.0,0.0,0.0
36,180,11.204433833510963,0.6648854126916341,1.0,0.0,0.0,1.0,1.0,0.0
37,180,10.127165241780792,0.0,1.0,0.0,1.0,0.0,1.0,1.0
38,180,11.021785106157107,8.272549748886954,1.0,0.0,1.0,0.0,0.0,1.0
39,180,4.886164238526087,11.0874039695708,0.0,0.0,0.0,0.0,1.0,0.0
0,185,4.820913296542901,8.834299173402037,0.0,0.0,0.0,0.0,0.0,0.0
1,185,6.164497791472177,6.676029224486993,0.0,0.0,1.0,1.0,1.0,1.0
2,185,3.070188413373604,6.037610040437744,0.0,0.0,0.0,0.0,0.0,0.0
3,185,7.274788310483651,5.79958048996963,1.0,1.0,0.0,0.0,1.0,1.0
4,185,8.95069334949804,5.288548462597843,0.0,0.0,0.0,1.0,0.0,1.0
5,185,7.138499731182707,3.572590191881007,0.0,0.0,0.0,0.0,0.0,1.0
6,185,4.2185200172648765,5.203072899074464,1.0,0.0,1.0,0.0,0.0,0.0
7,185,4.62898155444994,10.62335260619677,1.0,1.0,0.0,0.0,1.0,1.0
8,185,2.5256000680653083,11.999616367191658,0.0,1.0,1.0,1.0,1.0,0.0
9,185,0.0684529129677688,0.0,0.0,1.0,1.0,0.0,0.0,1.0
10,185,7.362114461529941,8.70013123916385,0.0,0.0,1.0,1.0,0.0,1.0
11,185,5.862549449766221,0.0,0.0,1.0,1.0,0.0,1.0,1.0
12,185,1.3544698874693477,5.345193806052442,0.0,0.0,0.0,1.0,1.0,0.0
13,185,1.3433206459218696,0.0100428281244746,1.0,1.0,0.0,0.0,0.0,0.0
14,185,6.874824858255863,8.993720500277412,0.0,0.0,1.0,0.0,0.0,0.0
15,185,8.046408335389911,0.7275707492120626,0.0,0.0,1.0,0.0,1.0,0.0
16,185,0.0446584056945392,1.5317569287243735,1.0,1.0,0.0,1.0,0.0,1.0
17,185,8.234036651308449,8.914825789783213,1.0,0.0,0.0,0.0,1.0,0.0
18,185,5.878935746063883,2.736333575444129,1.0,1.0,0.0,0.0,1.0,0.0
19,185,9.0812590609754,7.829870447711479,0.0,0.0,0.0,0.0,1.0,0.0
20,185,10.212486528171766,0.5131530323715696,0.0,0.0,1.0,0.0,1.0,1.0
21,185,9.913154525811994,5.24315198429212,1.0,0.0,1.0,0.0,0.0,1.0
22,185,9.60013842056551,4.738048905393251,1.0,0.0,1.0,1.0,0.0,0.0
23,185,4.698860243244169,4.738465640624664,0.0,1.0,0.0,0.0,1.0,1.0
24,185,0.0344681845690907,0.0,0.0,1.0,0.0,0.0,1.0,1.0
25,185,0.6703911041921355,11.61195424721792,1.0,1.0,1.0,0.0,0.0,0.0
26,185,8.730090216289662,12.0,1.0,1.0,0.0,0.0,0.0,0.0
27,185,0.0,0.0,1.0,1.0,0.0,0.0,0.0,0.0
28,185,5.725701804073927,5.954874954588159,0.0,0.0,1.0,0.0,1.0,1.0
29,185,9.481296422509592,8.051935805836171,0.0,1.0,0.0,1.0,0.0,1.0
30,185,5.58617192254876,11.74482285756887,0.0,1.0,0.0,0.0,0.0,0.0
31,185,1.9798763394800964,8.5234543603891,1.0,0.0,0.0,1.0,0.0,0.0
32,185,3.9950168286353303,1.5024353866984392,1.0,0.0,1.0,1.0,0.0,1.0
33,185,11.918251376201988,2.7569411126611354,0.0,0.0,0.0,1.0,0.0,0.0
34,185,8.803660129513675,5.093565267839439,0.0,0.0,0.0,1.0,1.0,1.0
35,185,5.728791773903716,12.0,0.0,1.0,1.0,1.0,0.0,0.0
36,185,11.14060684186268,0.6488874673606677,1.0,0.0,0.0,1.0,1.0,0.0
37,185,10.139340969097749,0.0,1.0,0.0,1.0,0.0,1.0,1.0
38,185,11.05347686036296,8.202230932351702,1.0,0.0,1.0,0.0,0.0,1.0
39,185,4.745518594004824,11.099570582188829,0.0,0.0,0.0,0.0,1.0,0.0
0,190,4.940429622500261,8.897606515323169,0.0,0.0,0.0,0.0,0.0,0.0
1,190,6.170822578144528,6.672151463401884,0.0,0.0,1.0,1.0,1.0,1.0
2,190,3.1659747864549894,5.92170889452119,0.0,0.0,0.0,0.0,0.0,0.0
3,190,7.279929266346357,5.990270335104239,1.0,1.0,0.0,0.0,1.0,1.0
4,190,8.935911814807755,5.260300601102446,0.0,0.0,0.0,1.0,0.0,1.0
5,190,7.023007039155232,3.5110817808611885,0.0,0.0,0.0,0.0,0.0,1.0
6,190,4.227785213888547,5.19243922968286,1.0,0.0,1.0,0.0,0.0,0.0
7,190,4.633082469933224,10.627194450904923,1.0,1.0,0.0,0.0,1.0,1.0
8,190,2.525452673141025,11.99994367564675,0.0,1.0,1.0,1.0,1.0,0.0
9,190,0.0876990220456662,0.0,0.0,1.0,1.0,0.0,0.0,1.0
10,190,7.421961997052934,8.66909606968509,0.0,0.0,1.0,1.0,0.0,1.0
11,190,5.899205324104795,0.0,0.0,1.0,1.0,0.0,1.0,1.0
12,190,1.229282328432466,5.183056939230247,0.0,0.0,0.0,1.0,1.0,0.0
13,190,1.345780735546697,0.0378391936776337,1.0,1.0,0.0,0.0,0.0,0.0
14,190,6.898029065310881,8.940818484996283,0.0,0.0,1.0,0.0,0.0,0.0
15,190,8.056767805260082,0.7094017915432628,0.0,0.0,1.0,0.0,1.0,0.0
16,190,0.0581246680052335,1.4148879578323963,1.0,1.0,0.0,1.0,0.0,1.0
17,190,8.171319045158041,8.9860187726425,1.0,0.0,0.0,0.0,1.0,0.0
18,190,5.9095518106993685,2.8053778114934147,1.0,1.0,0.0,0.0,1.0,0.0
19,190,8.776211258702986,7.84828337593182,0.0,0.0,0.0,0.0,1.0,0.0
20,190,10.165844946806532,0.3897008973059007,0.0,0.0,1.0,0.0,1.0,1.0
21,190,9.76793902749456,5.301081289173786,1.0,0.0,1.0,0.0,0.0,1.0
22,190,9.66254974652557,4.78212719851045,1.0,0.0,1.0,1.0,0.0,0.0
23,190,4.621023304155917,4.630038624540238,0.0,1.0,0.0,0.0,1.0,1.0
24,190,0.0413793111893751,0.0,0.0,1.0,0.0,0.0,1.0,1.0
25,190,0.5461086633509276,11.409297222226598,1.0,1.0,1.0,0.0,0.0,0.0
26,190,8.698298475465313,12.0,1.0,1.0,0.0,0.0,0.0,0.0
27,190,0.0,0.0,1.0,1.0,0.0,0.0,0.0,0.0
28,190,5.767184567396868,5.891517445078816,0.0,0.0,1.0,0.0,1.0,1.0
29,190,9.471326952038895,8.088054270965301,0.0,1.0,0.0,1.0,0.0,1.0
30,190,5.575401962604156,11.73802859501545,0.0,1.0,0.0,0.0,0.0,0.0
31,190,1.9787041599441773,8.523327743942708,1.0,0.0,0.0,1.0,0.0,0.0
32,190,3.933368110248472,1.5860018538456837,1.0,0.0,1.0,1.0,0.0,1.0
33,190,11.927027358245097,2.770045110770118,0.0,0.0,0.0,1.0,0.0,0.0
34,190,8.734322667154414,5.158686099933284,0.0,0.0,0.0,1.0,1.0,1.0
35,190,5.517122595972255,12.0,0.0,1.0,1.0,1.0,0.0,0.0
36,190,11.086143344637437,0.6348103824637122,1.0,0.0,0.0,1.0,1.0,0.0
37,190,10.151575915034334,0.0,1.0,0.0,1.0,0.0,1.0,1.0
38,190,11.08173782782544,8.136044908476242,1.0,0.0,1.0,0.0,0.0,1.0
39,190,4.626726457603577,11.108679061346733,0.0,0.0,0.0,0.0,1.0,0.0
0,195,5.067209860890188,8.961868287885634,0.0,0.0,0.0,0.0,0.0,0.0
1,195,6.182575574738272,6.664723972596282,0.0,0.0,1.0,1.0,1.0,1.0
2,195,3.269590092704525,5.795683214672016,0.0,0.0,0.0,0.0,0.0,0.0
3,195,7.289283675652525,6.175629099286895,1.0,1.0,0.0,0.0,1.0,1.0
4,195,8.929195307584513,5.246814241194762,0.0,0.0,0.0,1.0,0.0,1.0
5,195,6.90717517466899,3.4488781991785538,0.0,0.0,0.0,0.0,0.0,1.0
6,195,4.229040870543853,5.190914810412301,1.0,0.0,1.0,0.0,0.0,0.0
7,195,4.648261596841915,10.641082307539056,1.0,1.0,0.0,0.0,1.0,1.0
8,195,2.5327475146454663,11.984016867605986,0.0,1.0,1.0,1.0,1.0,0.0
9,195,0.103874871751849,0.0,0.0,1.0,1.0,0.0,0.0,1.0
10,195,7.491701403277439,8.632154456711735,0.0,0.0,1.0,1.0,0.0,1.0
11,195,5.9286036888991305,0.0,0.0,1.0,1.0,0.0,1.0,1.0
12,195,1.0967788891094763,5.007215829362022,0.0,0.0,0.0,1.0,1.0,0.0
13,195,1.3498899815419885,0.0777088753733333,1.0,1.0,0.0,0.0,0.0,0.0
14,195,6.92649894970516,8.880043026938697,0.0,0.0,1.0,0.0,0.0,0.0
15,195,8.081739100407871,0.6666791319738081,0.0,0.0,1.0,0.0,1.0,0.0
16,195,0.0709343697240247,1.3042975558850196,1.0,1.0,0.0,1.0,0.0,1.0
17,195,8.122851921830675,9.038475153933408,1.0,0.0,0.0,0.0,1.0,0.0
18,195,5.937219594116598,2.872011034171624,1.0,1.0,0.0,0.0,1.0,0.0
19,195,8.465928633691204,7.85647555270154,0.0,0.0,0.0,0.0,1.0,0.0
20,195,10.11879780652266,0.2633849103216144,0.0,0.0,1.0,0.0,1.0,1.0
21,195,9.608519907114207,5.360482256387111,1.0,0.0,1.0,0.0,0.0,1.0
22,195,9.729586953565429,4.830372184909056,1.0,0.0,1.0,1.0,0.0,0.0
23,195,4.557241647983038,4.540272949709278,0.0,1.0,0.0,0.0,1.0,1.0
24,195,0.046308264830684,0.0,0.0,1.0,0.0,0.0,1.0,1.0
25,195,0.4129803564831236,11.198436914186022,1.0,1.0,1.0,0.0,0.0,0.0
26,195,8.676320851930154,12.0,1.0,1.0,0.0,0.0,0.0,0.0
27,195,0.0,0.0,1.0,1.0,0.0,0.0,0.0,0.0
28,195,5.803229952589128,5.835143387926532,0.0,0.0,1.0,0.0,1.0,1.0
29,195,9.465976048636584,8.106235736388827,0.0,1.0,0.0,1.0,0.0,1.0
30,195,5.57344095815936,11.73675848221147,0.0,1.0,0.0,0.0,0.0,0.0
31,195,1.9627436153524656,8.521891402843732,1.0,0.0,0.0,1.0,0.0,0.0
32,195,3.8505556604808295,1.697973453697527,1.0,0.0,1.0,1.0,0.0,1.0
33,195,11.944330428500978,2.7953101053345937,0.0,0.0,0.0,1.0,0.0,0.0
34,195,8.677859633514636,5.212844560828259,0.0,0.0,0.0,1.0,1.0,1.0
35,195,5.315874472299982,12.0,0.0,1.0,1.0,1.0,0.0,0.0
36,195,11.04341208986598,0.623151451849722,1.0,0.0,0.0,1.0,1.0,0.0
37,195,10.159286459833575,0.0,1.0,0.0,1.0,0.0,1.0,1.0
38,195,11.112713192028112,8.062832593062272,1.0,0.0,1.0,0.0,0.0,1.0
39,195,4.496476487989264,11.120079396328128,0.0,0.0,0.0,0.0,1.0,0.0
0,200,5.185747363143451,9.02435357878405,0.0,0.0,0.0,0.0,0.0,0.0
1,200,6.1935558709616005,6.657596397928958,0.0,0.0,1.0,1.0,1.0,1.0
2,200,3.36240533332264,5.679709839480946,0.0,0.0,0.0,0.0,0.0,0.0
3,200,7.300421606659086,6.3394097747056986,1.0,1.0,0.0,0.0,1.0,1.0
4,200,8.91593888958264,5.219579875959191,0.0,0.0,0.0,1.0,0.0,1.0
5,200,6.793194075532727,3.3893806420935086,0.0,0.0,0.0,0.0,0.0,1.0
6,200,4.22563940034501,5.194942977393947,1.0,0.0,1.0,0.0,0.0,0.0
7,200,4.664789803110229,10.656402599562014,1.0,1.0,0.0,0.0,1.0,1.0
8,200,2.5357625004662534,11.97741407149218,0.0,1.0,1.0,1.0,1.0,0.0
9,200,0.1201783334862487,0.0,0.0,1.0,1.0,0.0,0.0,1.0
10,200,7.573461489906745,8.587375751914914,0.0,0.0,1.0,1.0,0.0,1.0
11,200,5.955800929453587,0.0,0.0,1.0,1.0,0.0,1.0,1.0
12,200,0.960914795923169,4.830873365422147,0.0,0.0,0.0,1.0,1.0,0.0
13,200,1.3535897996111483,0.115116050767342,1.0,1.0,0.0,0.0,0.0,0.0
14,200,6.9536826587855005,8.82434097867157,0.0,0.0,1.0,0.0,0.0,0.0
15,200,8.112818040254693,0.6157095899930325,0.0,0.0,1.0,0.0,1.0,0.0
16,200,0.0765760151461598,1.1981079331471165,1.0,1.0,0.0,1.0,0.0,1.0
17,200,8.081382407139463,9.082408982788088,1.0,0.0,0.0,0.0,1.0,0.0
18,200,5.973370876550791,2.964311595930651,1.0,1.0,0.0,0.0,1.0,0.0
19,200,8.144039432181343,7.867821632395888,0.0,0.0,0.0,0.0,1.0,0.0
20,200,10.076599403929428,0.1533140719342807,0.0,0.0,1.0,0.0,1.0,1.0
21,200,9.45106529799634,5.417887072944473,1.0,0.0,1.0,0.0,0.0,1.0
22,200,9.797453140121414,4.879054716144617,1.0,0.0,1.0,1.0,0.0,0.0
23,200,4.501218316565586,4.458895642888032,0.0,1.0,0.0,0.0,1.0,1.0
24,200,0.0489615460866045,0.0,0.0,1.0,0.0,0.0,1.0,1.0
25,200,0.2968854274092359,10.99840724209898,1.0,1.0,1.0,0.0,0.0,0.0
26,200,8.663686893963838,12.0,1.0,1.0,0.0,0.0,0.0,0.0
27,200,0.0,0.0,1.0,1.0,0.0,0.0,0.0,0.0
28,200,5.839417513601547,5.773650824829819,0.0,0.0,1.0,0.0,1.0,1.0
29,200,9.457982333441455,8.132380448487625,0.0,1.0,0.0,1.0,0.0,1.0
30,200,5.574134656903556,11.737226101635416,0.0,1.0,0.0,0.0,0.0,0.0
31,200,1.9348433307558028,8.519133718098029,1.0,0.0,0.0,1.0,0.0,0.0
32,200,3.762979059085881,1.8071699488992337,1.0,0.0,1.0,1.0,0.0,1.0
33,200,11.965008659120825,2.824695067768251,0.0,0.0,0.0,1.0,0.0,0.0
34,200,8.606989851307423,5.28184153946854,0.0,0.0,0.0,1.0,1.0,1.0
35,200,5.135473633246507,12.0,0.0,1.0,1.0,1.0,0.0,0.0
36,200,10.990413483948648,0.609961876176528,1.0,0.0,0.0,1.0,1.0,0.0
37,200,10.16533870065405,0.0,1.0,0.0,1.0,0.0,1.0,1.0
38,200,11.13530859008222,8.00844635963379,1.0,0.0,1.0,0.0,0.0,1.0
39,200,4.345986025358964,11.1353691467681,0.0,0.0,0.0,0.0,1.0,0.0
0,205,5.303729710510244,9.089961604061576,0.0,0.0,0.0,0.0,0.0,0.0
1,205,6.218712558968695,6.642007314970077,0.0,0.0,1.0,1.0,1.0,1.0
2,205,3.4604658771920978,5.555576516068016,0.0,0.0,0.0,0.0,0.0,0.0
3,205,7.30947700826428,6.508321085903182,1.0,1.0,0.0,0.0,1.0,1.0
4,205,8.89984257743901,5.18398267148902,0.0,0.0,0.0,1.0,0.0,1.0
5,205,6.682555088176036,3.328108125049534,0.0,0.0,0.0,0.0,0.0,1.0
6,205,4.2218973590965625,5.1917969423794,1.0,0.0,1.0,0.0,0.0,0.0
7,205,4.674849150124203,10.665179141757646,1.0,1.0,0.0,0.0,1.0,1.0
8,205,2.539564265923841,11.969232217468535,0.0,1.0,1.0,1.0,1.0,0.0
9,205,0.1394931462767417,0.0,0.0,1.0,1.0,0.0,0.0,1.0
10,205,7.537381290298072,8.517952681794146,0.0,0.0,1.0,1.0,0.0,1.0
11,205,5.976741187137165,0.0,0.0,1.0,1.0,0.0,1.0,1.0
12,205,0.8203839823437,4.638749967381209,0.0,0.0,0.0,1.0,1.0,0.0
13,205,1.3595365532824402,0.1734806702884562,1.0,1.0,0.0,0.0,0.0,0.0
14,205,6.970751881297505,8.78908410646987,0.0,0.0,1.0,0.0,0.0,0.0
15,205,8.155665127918677,0.5461428337919352,0.0,0.0,1.0,0.0,1.0,0.0
16,205,0.0870646727584159,1.0880133571726842,1.0,1.0,0.0,1.0,0.0,1.0
17,205,8.037055554638622,9.128372092426668,1.0,0.0,0.0,0.0,1.0,0.0
18,205,6.0160660839684645,3.0645101424945183,1.0,1.0,0.0,0.0,1.0,0.0
19,205,7.8522817014580975,7.876340404772768,0.0,0.0,0.0,0.0,1.0,0.0
20,205,10.03956345810187,0.0572246511482243,0.0,0.0,1.0,0.0,1.0,1.0
21,205,9.282418184168158,5.477764474587375,1.0,0.0,1.0,0.0,0.0,1.0
22,205,9.854873965135711,4.922652574310295,1.0,0.0,1.0,1.0,0.0,0.0
23,205,4.455551438043875,4.39230920443546,0.0,1.0,0.0,0.0,1.0,1.0
24,205,0.0489513905349713,0.0,0.0,1.0,0.0,0.0,1.0,1.0
25,205,0.1851407595117125,10.8005702496243,1.0,1.0,1.0,0.0,0.0,0.0
26,205,8.65807338743988,12.0,1.0,1.0,0.0,0.0,0.0,0.0
27,205,0.0,0.0,1.0,1.0,0.0,0.0,0.0,0.0
28,205,5.872159882785635,5.720121930017698,0.0,0.0,1.0,0.0,1.0,1.0
29,205,9.450551655088669,8.15670032971604,0.0,1.0,0.0,1.0,0.0,1.0
30,205,5.567940013448215,11.733106522357634,0.0,1.0,0.0,0.0,0.0,0.0
31,205,1.895375393285876,8.515142817762499,1.0,0.0,0.0,1.0,0.0,0.0
32,205,3.684921979341016,1.9042462513617988,1.0,0.0,1.0,1.0,0.0,1.0
33,205,11.984430454325452,2.8529924217503133,0.0,0.0,0.0,1.0,0.0,0.0
34,205,8.52934626635308,5.357903945993147,0.0,0.0,0.0,1.0,1.0,1.0
35,205,4.962526557241773,12.0,0.0,1.0,1.0,1.0,0.0,0.0
36,205,10.96181738372266,0.6027836308008612,1.0,0.0,0.0,1.0,1.0,0.0
37,205,10.168389115612934,0.0,1.0,0.0,1.0,0.0,1.0,1.0
38,205,11.153381266585871,7.9632459431208,1.0,0.0,1.0,0.0,0.0,1.0
39,205,4.2061326342742005,11.151946725706326,0.0,0.0,0.0,0.0,1.0,0.0
0,210,5.431662016585707,9.165598108059278,0.0,0.0,0.0,0.0,0.0,0.0
1,210,6.24250364883784,6.627279815261021,0.0,0.0,1.0,1.0,1.0,1.0
2,210,3.5665505213621502,5.4263655122719925,0.0,0.0,0.0,0.0,0.0,0.0
3,210,7.321553514050805,6.695623870086968,1.0,1.0,0.0,0.0,1.0,1.0
4,210,8.880847216559465,5.138794074010459,0.0,0.0,0.0,1.0,0.0,1.0
5,210,6.565402516400661,3.264498935710629,0.0,0.0,0.0,0.0,0.0,1.0
6,210,4.219296672411245,5.189560800773919,1.0,0.0,1.0,0.0,0.0,0.0
7,210,4.669456863787537,10.660458340228276,1.0,1.0,0.0,0.0,1.0,1.0
8,210,2.529225611800401,11.99187166172595,0.0,1.0,1.0,1.0,1.0,0.0
9,210,0.1570671537092247,0.0,0.0,1.0,1.0,0.0,0.0,1.0
10,210,7.506467216169368,8.45481509097842,0.0,0.0,1.0,1.0,0.0,1.0
11,210,6.001559022933341,0.0,0.0,1.0,1.0,0.0,1.0,1.0
12,210,0.6757743726197468,4.449531090125932,0.0,0.0,0.0,1.0,1.0,0.0
13,210,1.3665144348847602,0.2409604064378514,1.0,1.0,0.0,0.0,0.0,0.0
14,210,6.980338202697297,8.77010358387504,0.0,0.0,1.0,0.0,0.0,0.0
15,210,8.200289352256332,0.4762826626618084,0.0,0.0,1.0,0.0,1.0,0.0
16,210,0.0961974220402086,0.9923752392884224,1.0,1.0,0.0,1.0,0.0,1.0
17,210,7.976507607179637,9.187827856155431,1.0,0.0,0.0,0.0,1.0,0.0
18,210,6.047880635155971,3.1388715108331438,1.0,1.0,0.0,0.0,1.0,0.0
19,210,7.567875539537281,7.879019634796863,0.0,0.0,0.0,0.0,1.0,0.0
20,210,9.995185634560054,0.0,0.0,0.0,1.0,0.0,1.0,1.0
21,210,9.137648245150372,5.527315282608634,1.0,0.0,1.0,0.0,0.0,1.0
22,210,9.91690670326854,4.96875529552896,1.0,0.0,1.0,1.0,0.0,0.0
23,210,4.411804854540942,4.325853095648687,0.0,1.0,0.0,0.0,1.0,1.0
24,210,0.0481696732960209,0.0,0.0,1.0,0.0,0.0,1.0,1.0
25,210,0.0648187403608475,10.595165710865285,1.0,1.0,1.0,0.0,0.0,0.0
26,210,8.642927521773698,12.0,1.0,1.0,0.0,0.0,0.0,0.0
27,210,0.0,0.0,1.0,1.0,0.0,0.0,0.0,0.0
28,210,5.915223440043648,5.6494132253977565,0.0,0.0,1.0,0.0,1.0,1.0
29,210,9.45203994091233,8.1512987453084,0.0,1.0,0.0,1.0,0.0,1.0
30,210,5.564729140216635,11.730911443578217,0.0,1.0,0.0,0.0,0.0,0.0
31,210,1.843623311857804,8.509121995202653,1.0,0.0,0.0,1.0,0.0,0.0
32,210,3.615313893828319,1.9927564691986936,1.0,0.0,1.0,1.0,0.0,1.0
33,210,11.991701591677542,2.8637546926396857,0.0,0.0,0.0,1.0,0.0,0.0
34,210,8.448460882208646,5.437870359600762,0.0,0.0,0.0,1.0,1.0,1.0
35,210,4.792312271141644,12.0,0.0,1.0,1.0,1.0,0.0,0.0
36,210,10.91640677701418,0.5915500847481713,1.0,0.0,0.0,1.0,1.0,0.0
37,210,10.17248405728515,0.0,1.0,0.0,1.0,0.0,1.0,1.0
38,210,11.165867353887071,7.933649287358772,1.0,0.0,1.0,0.0,0.0,1.0
39,210,4.077112974328987,11.170314218700716,0.0,0.0,0.0,0.0,1.0,0.0
0,215,5.574916095864494,9.248399333202254,0.0,0.0,0.0,0.0,0.0,0.0
1,215,6.270654815942245,6.610000627415231,0.0,0.0,1.0,1.0,1.0,1.0
2,215,3.677506520826735,5.287585185392064,0.0,0.0,0.0,0.0,0.0,0.0
3,215,7.330877089227903,6.88810168971305,1.0,1.0,0.0,0.0,1.0,1.0
4,215,8.86635575216101,5.104616271232731,0.0,0.0,0.0,1.0,0.0,1.0
5,215,6.446068658960008,3.1989087402814254,0.0,0.0,0.0,0.0,0.0,1.0
6,215,4.220549344691415,5.190590764675804,1.0,0.0,1.0,0.0,0.0,0.0
7,215,4.668897304619818,10.659944510504484,1.0,1.0,0.0,0.0,1.0,1.0
8,215,2.521687987407625,12.0,0.0,1.0,1.0,1.0,1.0,0.0
9,215,0.1794364657088068,0.0,0.0,1.0,1.0,0.0,0.0,1.0
10,215,7.482369128989651,8.405287567059387,0.0,0.0,1.0,1.0,0.0,1.0
11,215,6.028862011808341,0.0,0.0,1.0,1.0,0.0,1.0,1.0
12,215,0.5332463261151694,4.263264428455013,0.0,0.0,0.0,1.0,1.0,0.0
13,215,1.371289582049688,0.290773680242826,1.0,1.0,0.0,0.0,0.0,0.0
14,215,6.982736996461529,8.765363646024523,0.0,0.0,1.0,0.0,0.0,0.0
15,215,8.23751249804447,0.4184547162515616,0.0,0.0,1.0,0.0,1.0,0.0
16,215,0.1076079047371171,0.8784348212233805,1.0,1.0,0.0,1.0,0.0,1.0
17,215,7.902392192493622,9.259700525842456,1.0,0.0,0.0,0.0,1.0,0.0
18,215,6.080978042241141,3.211802863601883,1.0,1.0,0.0,0.0,1.0,0.0
19,215,7.27083670375774,7.88248787771172,0.0,0.0,0.0,0.0,1.0,0.0
20,215,9.94893931104613,0.0,0.0,0.0,1.0,0.0,1.0,1.0
21,215,9.003987645504163,5.5699601560175385,1.0,0.0,1.0,0.0,0.0,1.0
22,215,9.98916121160902,5.020224195717576,1.0,0.0,1.0,1.0,0.0,0.0
23,215,4.367721654187869,4.26381045568481,0.0,1.0,0.0,0.0,1.0,1.0
24,215,0.0476483006665399,0.0,0.0,1.0,0.0,0.0,1.0,1.0
25,215,0.0,10.391893896751268,1.0,1.0,1.0,0.0,0.0,0.0
26,215,8.63336167526248,12.0,1.0,1.0,0.0,0.0,0.0,0.0
27,215,0.0,0.0,1.0,1.0,0.0,0.0,0.0,0.0
28,215,5.944190593981157,5.603538400058289,0.0,0.0,1.0,0.0,1.0,1.0
29,215,9.456427892748206,8.135609309483227,0.0,1.0,0.0,1.0,0.0,1.0
30,215,5.546388761885931,11.718554268530983,0.0,1.0,0.0,0.0,0.0,0.0
31,215,1.8498388862809776,8.453412831489882,1.0,0.0,0.0,1.0,0.0,0.0
32,215,3.5441072472205617,2.0829465022846314,1.0,0.0,1.0,1.0,0.0,1.0
33,215,12.0,2.8879115680980094,0.0,0.0,0.0,1.0,0.0,0.0
34,215,8.380990772810266,5.507952402122029,0.0,0.0,0.0,1.0,1.0,1.0
35,215,4.629376469600432,12.0,0.0,1.0,1.0,1.0,0.0,0.0
36,215,10.86293667441578,0.58008690739577,1.0,0.0,0.0,1.0,1.0,0.0
37,215,10.176347029915355,0.0,1.0,0.0,1.0,0.0,1.0,1.0
38,215,11.188848418719964,7.878945373423782,1.0,0.0,1.0,0.0,0.0,1.0
39,215,4.097176047093098,11.3000387800467,0.0,0.0,0.0,0.0,1.0,0.0
0,220,5.728615019537092,9.341705250746571,0.0,0.0,0.0,0.0,0.0,0.0
1,220,6.309724904817738,6.586236663046191,0.0,0.0,1.0,1.0,1.0,1.0
2,220,3.7737619147515513,5.159164586187618,0.0,0.0,0.0,0.0,0.0,0.0
3,220,7.341459242353458,7.075374511243766,1.0,1.0,0.0,0.0,1.0,1.0
4,220,8.84887948392659,5.065918880108363,0.0,0.0,0.0,1.0,0.0,1.0
5,220,6.316952044304927,3.1308851743560067,0.0,0.0,0.0,0.0,0.0,1.0
6,220,4.222013132010544,5.191790130354807,1.0,0.0,1.0,0.0,0.0,0.0
7,220,4.661390680519243,10.653373947025772,1.0,1.0,0.0,0.0,1.0,1.0
8,220,2.5150470847686277,12.0,0.0,1.0,1.0,1.0,1.0,0.0
9,220,0.2066005610591084,0.0,0.0,1.0,1.0,0.0,0.0,1.0
10,220,7.456581546425498,8.356119072993463,0.0,0.0,1.0,1.0,0.0,1.0
11,220,6.062301049742142,0.0,0.0,1.0,1.0,0.0,1.0,1.0
12,220,0.3960519521266271,4.08647145574495,0.0,0.0,0.0,1.0,1.0,0.0
13,220,1.3757124554538904,0.3293329777082424,1.0,1.0,0.0,0.0,0.0,0.0
14,220,6.997516358775524,8.736176854784395,0.0,0.0,1.0,0.0,0.0,0.0
15,220,8.27686192361651,0.3559983373120237,0.0,0.0,1.0,0.0,1.0,0.0
16,220,0.1187113784799036,0.7789895044729348,1.0,1.0,0.0,1.0,0.0,1.0
17,220,7.839636839495555,9.32139138995671,1.0,0.0,0.0,0.0,1.0,0.0
18,220,6.110979160071659,3.2773302771710164,1.0,1.0,0.0,0.0,1.0,0.0
19,220,6.9925802540801545,7.883497773320228,0.0,0.0,0.0,0.0,1.0,0.0
20,220,9.891710808310032,0.0,0.0,0.0,1.0,0.0,1.0,1.0
21,220,8.888854441464632,5.603119315480066,1.0,0.0,1.0,0.0,0.0,1.0
22,220,10.073137403130112,5.078125781516446,1.0,0.0,1.0,1.0,0.0,0.0
23,220,4.3163975005897255,4.19372271059482,0.0,1.0,0.0,0.0,1.0,1.0
24,220,0.0460916814962857,0.0,0.0,1.0,0.0,0.0,1.0,1.0
25,220,0.0,10.189882113888848,1.0,1.0,1.0,0.0,0.0,0.0
26,220,8.624480819898487,12.0,1.0,1.0,0.0,0.0,0.0,0.0
27,220,0.0,0.0,1.0,1.0,0.0,0.0,0.0,0.0
28,220,5.961101996337918,5.575514943463089,0.0,0.0,1.0,0.0,1.0,1.0
29,220,9.45873323953962,8.12590456087781,0.0,1.0,0.0,1.0,0.0,1.0
30,220,5.521765524369279,11.701651428487486,0.0,1.0,0.0,0.0,0.0,0.0
31,220,1.8568183211897695,8.403564377015629,1.0,0.0,0.0,1.0,0.0,0.0
32,220,3.472346939567661,2.172711946121252,1.0,0.0,1.0,1.0,0.0,1.0
33,220,12.0,2.9087596914612885,0.0,0.0,0.0,1.0,0.0,0.0
34,220,8.314436481535594,5.577507749827286,0.0,0.0,0.0,1.0,1.0,1.0
35,220,4.44558597192298,12.0,0.0,1.0,1.0,1.0,0.0,0.0
36,220,10.808342130230708,0.567473426026524,1.0,0.0,0.0,1.0,1.0,0.0
37,220,10.18319946270399,0.0,1.0,0.0,1.0,0.0,1.0,1.0
38,220,11.212941414893388,7.82760074961968,1.0,0.0,1.0,0.0,0.0,1.0
39,220,4.114712353763397,11.432927264672118,0.0,0.0,0.0,0.0,1.0,0.0
0,225,5.869496678008603,9.428044290436343,0.0,0.0,0.0,0.0,0.0,0.0
1,225,6.357690180275605,6.55868491143433,0.0,0.0,1.0,1.0,1.0,1.0
2,225,3.862879076125059,5.039138042222293,0.0,0.0,0.0,0.0,0.0,0.0
3,225,7.353119073647426,7.268857412413239,1.0,1.0,0.0,0.0,1.0,1.0
4,225,8.82607522131859,5.016723265501259,0.0,0.0,0.0,1.0,0.0,1.0
5,225,6.19273531514242,3.066533444823775,0.0,0.0,0.0,0.0,0.0,1.0
6,225,4.228900123806765,5.197678453981287,1.0,0.0,1.0,0.0,0.0,0.0
7,225,4.670043851828185,10.660561449982996,1.0,1.0,0.0,0.0,1.0,1.0
8,225,2.505184231177722,12.0,0.0,1.0,1.0,1.0,1.0,0.0
9,225,0.2434151212121632,0.0,0.0,1.0,1.0,0.0,0.0,1.0
10,225,7.429056178359481,8.304890411886014,0.0,0.0,1.0,1.0,0.0,1.0
11,225,6.11088214623577,0.0,0.0,1.0,1.0,0.0,1.0,1.0
12,225,0.2620357773417683,3.919720409695452,0.0,0.0,0.0,1.0,1.0,0.0
13,225,1.3794637228906468,0.3603096994097661,1.0,1.0,0.0,0.0,0.0,0.0
14,225,7.017223534961363,8.699491564607317,0.0,0.0,1.0,0.0,0.0,0.0
15,225,8.32491216822126,0.2815459245793813,0.0,0.0,1.0,0.0,1.0,0.0
16,225,0.1340017869523892,0.6684998794211847,1.0,1.0,0.0,1.0,0.0,1.0
17,225,7.791947651189916,9.370053443565633,1.0,0.0,0.0,0.0,1.0,0.0
18,225,6.141586439506569,3.349895533152696,1.0,1.0,0.0,0.0,1.0,0.0
19,225,6.723774481386508,7.882399050133496,0.0,0.0,0.0,0.0,1.0,0.0
20,225,9.831657535449796,0.0,0.0,0.0,1.0,0.0,1.0,1.0
21,225,8.792088151742913,5.629100361050432,1.0,0.0,1.0,0.0,0.0,1.0
22,225,10.171885687376818,5.146623340299842,1.0,0.0,1.0,1.0,0.0,0.0
23,225,4.246648866186801,4.103149210975049,0.0,1.0,0.0,0.0,1.0,1.0
24,225,0.0445974145241583,0.0,0.0,1.0,0.0,0.0,1.0,1.0
25,225,0.0,9.99232191986586,1.0,1.0,1.0,0.0,0.0,0.0
26,225,8.634065322347062,11.986443541827224,1.0,1.0,0.0,0.0,0.0,0.0
27,225,0.0,0.0,1.0,1.0,0.0,0.0,0.0,0.0
28,225,5.981421591310473,5.541892852445553,0.0,0.0,1.0,0.0,1.0,1.0
29,225,9.462186410457,8.109814206194272,0.0,1.0,0.0,1.0,0.0,1.0
30,225,5.49236688295175,11.681112654110104,0.0,1.0,0.0,0.0,0.0,0.0
31,225,1.864836168874019,8.358528538039934,1.0,0.0,0.0,1.0,0.0,0.0
32,225,3.400791546606752,2.263703756586428,1.0,0.0,1.0,1.0,0.0,1.0
33,225,12.0,2.9395048703755453,0.0,0.0,0.0,1.0,0.0,0.0
34,225,8.230266649822209,5.661888886822983,0.0,0.0,0.0,1.0,1.0,1.0
35,225,4.262701761940285,12.0,0.0,1.0,1.0,1.0,0.0,0.0
36,225,10.745870309331616,0.5523591623013322,1.0,0.0,0.0,1.0,1.0,0.0
37,225,10.188644718901774,0.0,1.0,0.0,1.0,0.0,1.0,1.0
38,225,11.228990493191397,7.79450004663936,1.0,0.0,1.0,0.0,0.0,1.0
39,225,4.132024307726841,11.552826753506858,0.0,0.0,0.0,0.0,1.0,0.0
0,230,5.985100435693907,9.500133301358268,0.0,0.0,0.0,0.0,0.0,0.0
1,230,6.401148314505785,6.532791045347032,0.0,0.0,1.0,1.0,1.0,1.0
2,230,3.938156649234569,4.935042379812734,0.0,0.0,0.0,0.0,0.0,0.0
3,230,7.364013851470363,7.446210247312671,1.0,1.0,0.0,0.0,1.0,1.0
4,230,8.802149226554167,4.966447305369757,0.0,0.0,0.0,1.0,0.0,1.0
5,230,6.066019867531147,2.999482284171925,0.0,0.0,0.0,0.0,0.0,1.0
6,230,4.244991150542726,5.210760145250498,1.0,0.0,1.0,0.0,0.0,0.0
7,230,4.69043412848532,10.677731206723516,1.0,1.0,0.0,0.0,1.0,1.0
8,230,2.505014648828656,12.0,0.0,1.0,1.0,1.0,1.0,0.0
9,230,0.2839147822814797,0.0,0.0,1.0,1.0,0.0,0.0,1.0
10,230,7.3962368260603135,8.244837332189496,0.0,0.0,1.0,1.0,0.0,1.0
11,230,6.166090381215028,0.0,0.0,1.0,1.0,0.0,1.0,1.0
12,230,0.1418773534847533,3.771054180755209,0.0,0.0,0.0,1.0,1.0,0.0
13,230,1.3873476673946017,0.4123563950699648,1.0,1.0,0.0,0.0,0.0,0.0
14,230,7.034434746360956,8.668479461760738,0.0,0.0,1.0,0.0,0.0,0.0
15,230,8.373415810796255,0.2061014541063284,0.0,0.0,1.0,0.0,1.0,0.0
16,230,0.1487656648499471,0.5634530910320144,1.0,1.0,0.0,1.0,0.0,1.0
17,230,7.744974526559775,9.415200256163317,1.0,0.0,0.0,0.0,1.0,0.0
18,230,6.178041639394479,3.4366247646978656,1.0,1.0,0.0,0.0,1.0,0.0
19,230,6.450979710066538,7.874705394359093,0.0,0.0,0.0,0.0,1.0,0.0
20,230,9.772865121836034,0.0,0.0,0.0,1.0,0.0,1.0,1.0
21,230,8.700176541746233,5.654088155073002,1.0,0.0,1.0,0.0,0.0,1.0
22,230,10.27681844591746,5.221936825158929,1.0,0.0,1.0,1.0,0.0,0.0
23,230,4.170198580952579,3.997400955507783,0.0,1.0,0.0,0.0,1.0,1.0
24,230,0.0754845132331082,0.0,0.0,1.0,0.0,0.0,1.0,1.0
25,230,0.0,9.793850693846386,1.0,1.0,1.0,0.0,0.0,0.0
26,230,8.646305396748538,11.968640937996286,1.0,1.0,0.0,0.0,0.0,0.0
27,230,0.0,0.0,1.0,1.0,0.0,0.0,0.0,0.0
28,230,6.003335688393492,5.505061703228294,0.0,0.0,1.0,0.0,1.0,1.0
29,230,9.466679154522115,8.08930572742596,0.0,1.0,0.0,1.0,0.0,1.0
30,230,5.455673691978876,11.655900493278168,0.0,1.0,0.0,0.0,0.0,0.0
31,230,1.8742196317626416,8.306577502864968,1.0,0.0,0.0,1.0,0.0,0.0
32,230,3.323244842636212,2.364926999529173,1.0,0.0,1.0,1.0,0.0,1.0
33,230,12.0,2.961488768790965,0.0,0.0,0.0,1.0,0.0,0.0
34,230,8.151735937540371,5.73984820313806,0.0,0.0,0.0,1.0,1.0,1.0
35,230,4.071248365829764,12.0,0.0,1.0,1.0,1.0,0.0,0.0
36,230,10.658637360228893,0.5341912573052904,1.0,0.0,0.0,1.0,1.0,0.0
37,230,10.197977682146137,0.0,1.0,0.0,1.0,0.0,1.0,1.0
38,230,11.242456888533033,7.7615853930068,1.0,0.0,1.0,0.0,0.0,1.0
39,230,4.149313458224393,11.676521383725923,0.0,0.0,0.0,0.0,1.0,0.0
0,235,6.095330361000901,9.567070132200422,0.0,0.0,0.0,0.0,0.0,0.0
1,235,6.443972498284536,6.507189527029764,0.0,0.0,1.0,1.0,1.0,1.0
2,235,4.018783161758158,4.816786843464561,0.0,0.0,0.0,0.0,0.0,0.0
3,235,7.372091513157712,7.6113565178774785,1.0,1.0,0.0,0.0,1.0,1.0
4,235,8.783580577248376,4.9265915640479205,0.0,0.0,0.0,1.0,0.0,1.0
5,235,5.917264954067408,2.919666257446522,0.0,0.0,0.0,0.0,0.0,1.0
6,235,4.258603181733804,5.221836941522555,1.0,0.0,1.0,0.0,0.0,0.0
7,235,4.719906033362947,10.70267809709374,1.0,1.0,0.0,0.0,1.0,1.0
8,235,2.502524755217579,12.0,0.0,1.0,1.0,1.0,1.0,0.0
9,235,0.3197854409886862,0.0,0.0,1.0,1.0,0.0,0.0,1.0
10,235,7.364816968649235,8.1861516668002,0.0,0.0,1.0,1.0,0.0,1.0
11,235,6.215931015944157,0.0,0.0,1.0,1.0,0.0,1.0,1.0
12,235,0.0285449878774864,3.630872045015908,0.0,0.0,0.0,1.0,1.0,0.0
13,235,1.3943756787268566,0.4586337687347714,1.0,1.0,0.0,0.0,0.0,0.0
14,235,7.055956928121074,8.626680600797009,0.0,0.0,1.0,0.0,0.0,0.0
15,235,8.431235764004528,0.1197251335847073,0.0,0.0,1.0,0.0,1.0,0.0
16,235,0.1658097129056472,0.4597868547209276,1.0,1.0,0.0,1.0,0.0,1.0
17,235,7.717593027880848,9.44069538244775,1.0,0.0,0.0,0.0,1.0,0.0
18,235,6.215016354814403,3.531575282236593,1.0,1.0,0.0,0.0,1.0,0.0
19,235,6.159838134507954,7.869767012478343,0.0,0.0,0.0,0.0,1.0,0.0
20,235,9.718961746125924,0.0,0.0,0.0,1.0,0.0,1.0,1.0
21,235,8.616464932462774,5.679100126332711,1.0,0.0,1.0,0.0,0.0,1.0
22,235,10.381380635581271,5.298302403796617,1.0,0.0,1.0,1.0,0.0,0.0
23,235,4.097506665138547,3.898214257431981,0.0,1.0,0.0,0.0,1.0,1.0
24,235,0.1048708354214399,0.0,0.0,1.0,0.0,0.0,1.0,1.0
25,235,0.0,9.586404351201196,1.0,1.0,1.0,0.0,0.0,0.0
26,235,8.672839286752396,11.930607435654796,1.0,1.0,0.0,0.0,0.0,0.0
27,235,0.0,0.0,1.0,1.0,0.0,0.0,0.0,0.0
28,235,6.020244369174848,5.476417614559123,0.0,0.0,1.0,0.0,1.0,1.0
29,235,9.471307020269618,8.067749563838497,0.0,1.0,0.0,1.0,0.0,1.0
30,235,5.409104667658181,11.624279009813378,0.0,1.0,0.0,0.0,0.0,0.0
31,235,1.879354133573911,8.275764156151723,1.0,0.0,0.0,1.0,0.0,0.0
32,235,3.245116169831081,2.4658051895291786,1.0,0.0,1.0,1.0,0.0,1.0
33,235,12.0,2.9814223037345795,0.0,0.0,0.0,1.0,0.0,0.0
34,235,8.081718310663511,5.810601801632874,0.0,0.0,0.0,1.0,1.0,1.0
35,235,3.8924923265605824,12.0,0.0,1.0,1.0,1.0,0.0,0.0
36,235,10.574776301835255,0.514750921695041,1.0,0.0,0.0,1.0,1.0,0.0
37,235,10.208615748613315,0.0,1.0,0.0,1.0,0.0,1.0,1.0
38,235,11.247467658501234,7.750038429255934,1.0,0.0,1.0,0.0,0.0,1.0
39,235,4.167499500340135,11.804020791303614,0.0,0.0,0.0,0.0,1.0,0.0
0,240,6.1952724008164815,9.628311119290933,0.0,0.0,0.0,0.0,0.0,0.0
1,240,6.4845504012790025,6.481402181138978,0.0,0.0,1.0,1.0,1.0,1.0
2,240,4.085192112415975,4.71876176616347,0.0,0.0,0.0,0.0,0.0,0.0
3,240,7.381057557196776,7.782133437355598,1.0,1.0,0.0,0.0,1.0,1.0
4,240,8.765598072505904,4.885766029285876,0.0,0.0,0.0,1.0,0.0,1.0
5,240,5.742411114723937,2.823981043413288,0.0,0.0,0.0,0.0,0.0,1.0
6,240,4.27324553014363,5.233814002241739,1.0,0.0,1.0,0.0,0.0,0.0
7,240,4.763863069184422,10.739177418175204,1.0,1.0,0.0,0.0,1.0,1.0
8,240,2.497501639796347,12.0,0.0,1.0,1.0,1.0,1.0,0.0
9,240,0.3604337543060206,0.0,0.0,1.0,1.0,0.0,0.0,1.0
10,240,7.328965884453726,8.117092964408922,0.0,0.0,1.0,1.0,0.0,1.0
11,240,6.265640615889886,0.0,0.0,1.0,1.0,0.0,1.0,1.0
12,240,0.0,3.485914347863314,0.0,0.0,0.0,1.0,1.0,0.0
13,240,1.4023670439992546,0.5076077429977123,1.0,1.0,0.0,0.0,0.0,0.0
14,240,7.072384890981501,8.595046668965315,0.0,0.0,1.0,0.0,0.0,0.0
15,240,8.489185589284027,0.0315691953620949,0.0,0.0,1.0,0.0,1.0,0.0
16,240,0.1780077460354215,0.3795487654450817,1.0,1.0,0.0,1.0,0.0,1.0
17,240,7.675449408433181,9.479166585458746,1.0,0.0,0.0,0.0,1.0,0.0
18,240,6.253620079261552,3.633803896883305,1.0,1.0,0.0,0.0,1.0,0.0
19,240,5.878952702165228,7.859900335042832,0.0,0.0,0.0,0.0,1.0,0.0
20,240,9.66976136307367,0.0,0.0,0.0,1.0,0.0,1.0,1.0
21,240,8.532529870274951,5.704114710947881,1.0,0.0,1.0,0.0,0.0,1.0
22,240,10.467367552207948,5.35763715458201,1.0,0.0,1.0,1.0,0.0,0.0
23,240,4.009873182510887,3.956761784680279,0.0,1.0,0.0,0.0,1.0,1.0
24,240,0.1085124088677522,0.0,0.0,1.0,0.0,0.0,1.0,1.0
25,240,0.0,9.390803404535111,1.0,1.0,1.0,0.0,0.0,0.0
26,240,8.696787615745414,11.895372558637373,1.0,1.0,0.0,0.0,0.0,0.0
27,240,0.0,0.0,1.0,1.0,0.0,0.0,0.0,0.0
28,240,6.042341872427907,5.437000772473936,0.0,0.0,1.0,0.0,1.0,1.0
29,240,9.47568689161334,8.047896017481369,0.0,1.0,0.0,1.0,0.0,1.0
30,240,5.358690604456989,11.5879720047671,0.0,1.0,0.0,0.0,0.0,0.0
31,240,1.8870061876219864,8.23069000849413,1.0,0.0,0.0,1.0,0.0,0.0
32,240,3.162693496786837,2.5739263217919275,1.0,0.0,1.0,1.0,0.0,1.0
33,240,12.0,2.997637859033893,0.0,0.0,0.0,1.0,0.0,0.0
34,240,8.011667908475877,5.879719178589325,0.0,0.0,0.0,1.0,1.0,1.0
35,240,3.700831888254673,12.0,0.0,1.0,1.0,1.0,0.0,0.0
36,240,10.498382127917496,0.4972382819046918,1.0,0.0,0.0,1.0,1.0,0.0
37,240,10.220653902912462,0.0,1.0,0.0,1.0,0.0,1.0,1.0
38,240,11.262270979929394,7.71404660840442,1.0,0.0,1.0,0.0,0.0,1.0
39,240,4.189830381007886,11.923005016240818,0.0,0.0,0.0,0.0,1.0,0.0
0,245,6.324668273066265,9.70818527227223,0.0,0.0,0.0,0.0,0.0,0.0
1,245,6.529073477028068,6.451289397465811,0.0,0.0,1.0,1.0,1.0,1.0
2,245,4.151398712356366,4.622196047413155,0.0,0.0,0.0,0.0,0.0,0.0
3,245,7.387931640117237,7.96973264548223,1.0,1.0,0.0,0.0,1.0,1.0
4,245,8.744225314580406,4.838284929621342,0.0,0.0,0.0,1.0,0.0,1.0
5,245,5.56911565671254,2.730432826251135,0.0,0.0,0.0,0.0,0.0,1.0
6,245,4.286545572940804,5.244741792793041,1.0,0.0,1.0,0.0,0.0,0.0
7,245,4.798151422093325,10.7681727930197,1.0,1.0,0.0,0.0,1.0,1.0
8,245,2.49854632070863,11.99768515087436,0.0,1.0,1.0,1.0,1.0,0.0
9,245,0.3970646182741099,0.0,0.0,1.0,1.0,0.0,0.0,1.0
10,245,7.2923937079628285,8.045488592615785,0.0,0.0,1.0,1.0,0.0,1.0
11,245,6.313115335147566,0.0,0.0,1.0,1.0,0.0,1.0,1.0
12,245,0.0,3.348532900912979,0.0,0.0,0.0,1.0,1.0,0.0
13,245,1.408668850539912,0.5386643658760628,1.0,1.0,0.0,0.0,0.0,0.0
14,245,7.074028122346672,8.591819233014547,0.0,0.0,1.0,0.0,0.0,0.0
15,245,8.551727177064532,0.0,0.0,0.0,1.0,0.0,1.0,0.0
16,245,0.1829090353823898,0.3378739337711946,1.0,1.0,0.0,1.0,0.0,1.0
17,245,7.637022677029698,9.514595271276264,1.0,0.0,0.0,0.0,1.0,0.0
18,245,6.286538964437984,3.719454264902587,1.0,1.0,0.0,0.0,1.0,0.0
19,245,5.623522565312685,7.854254785021133,0.0,0.0,0.0,0.0,1.0,0.0
20,245,9.627906910456089,0.0,0.0,0.0,1.0,0.0,1.0,1.0
21,245,8.428964233512442,5.7322047132784055,1.0,0.0,1.0,0.0,0.0,1.0
22,245,10.553369732345969,5.412757659550435,1.0,0.0,1.0,1.0,0.0,0.0
23,245,3.914987927544076,4.021315325761869,0.0,1.0,0.0,0.0,1.0,1.0
24,245,0.0985574575443848,0.0002951015064307,0.0,1.0,0.0,0.0,1.0,1.0
25,245,0.0,9.180484548400342,1.0,1.0,1.0,0.0,0.0,0.0
26,245,8.7130383870621,11.870593358181983,1.0,1.0,0.0,0.0,0.0,0.0
27,245,0.0,0.0,1.0,1.0,0.0,0.0,0.0,0.0
28,245,6.059007286763041,5.409359736782576,0.0,0.0,1.0,0.0,1.0,1.0
29,245,9.475188464455004,8.05026583620546,0.0,1.0,0.0,1.0,0.0,1.0
30,245,5.304359004218456,11.54800230680525,0.0,1.0,0.0,0.0,0.0,0.0
31,245,1.8944867556545493,8.189779581371896,1.0,0.0,0.0,1.0,0.0,0.0
32,245,3.0761524111174574,2.6816652308625795,1.0,0.0,1.0,1.0,0.0,1.0
33,245,12.0,3.00832092110707,0.0,0.0,0.0,1.0,0.0,0.0
34,245,7.944147011506986,5.944913257467443,0.0,0.0,0.0,1.0,1.0,1.0
35,245,3.5090581729612773,12.0,0.0,1.0,1.0,1.0,0.0,0.0
36,245,10.42412742552052,0.4807731317144348,1.0,0.0,0.0,1.0,1.0,0.0
37,245,10.233310108515813,0.0,1.0,0.0,1.0,0.0,1.0,1.0
38,245,11.283862969338603,7.656260184988103,1.0,0.0,1.0,0.0,0.0,1.0
39,245,4.210394405094189,12.0,0.0,0.0,0.0,0.0,1.0,0.0
0,250,6.436738518267894,9.77867231985326,0.0,0.0,0.0,0.0,0.0,0.0
1,250,6.561081524461511,6.429678268709822,0.0,0.0,1.0,1.0,1.0,1.0
2,250,4.2161454064556665,4.531717799808079,0.0,0.0,0.0,0.0,0.0,0.0
3,250,7.4023673399254974,8.157077461897929,1.0,1.0,0.0,0.0,1.0,1.0
4,250,8.71535315190554,4.778886496795731,0.0,0.0,0.0,1.0,0.0,1.0
5,250,5.388163949938265,2.6335118567442306,0.0,0.0,0.0,0.0,0.0,1.0
6,250,4.318940678482319,5.27191681439131,1.0,0.0,1.0,0.0,0.0,0.0
7,250,4.831903796235179,10.797981874717374,1.0,1.0,0.0,0.0,1.0,1.0
8,250,2.502397364398868,11.989058920869866,0.0,1.0,1.0,1.0,1.0,0.0
9,250,0.4280204230576342,0.0,0.0,1.0,1.0,0.0,0.0,1.0
10,250,7.260357792325466,7.9814972434174525,0.0,0.0,1.0,1.0,0.0,1.0
11,250,6.36880167623885,0.0,0.0,1.0,1.0,0.0,1.0,1.0
12,250,0.0,3.2219092560328626,0.0,0.0,0.0,1.0,1.0,0.0
13,250,1.4155403148196488,0.573426750014304,1.0,1.0,0.0,0.0,0.0,0.0
14,250,7.075117324994713,8.589768766352522,0.0,0.0,1.0,0.0,0.0,0.0
15,250,8.60614437441361,0.0,0.0,0.0,1.0,0.0,1.0,0.0
16,250,0.1875681176296472,0.3024746250852627,1.0,1.0,0.0,1.0,0.0,1.0
17,250,7.599038229902777,9.549680346165593,1.0,0.0,0.0,0.0,1.0,0.0
18,250,6.314869931387444,3.798239095922944,1.0,1.0,0.0,0.0,1.0,0.0
19,250,5.377878977593088,7.855466446421648,0.0,0.0,0.0,0.0,1.0,0.0
20,250,9.593056098522505,0.0,0.0,0.0,1.0,0.0,1.0,1.0
21,250,8.311131661918878,5.765216444181228,1.0,0.0,1.0,0.0,0.0,1.0
22,250,10.622926671851364,5.459100323353009,1.0,0.0,1.0,1.0,0.0,0.0
23,250,3.8220032133400896,4.084913473847412,0.0,1.0,0.0,0.0,1.0,1.0
24,250,0.0647870796051477,0.0011957408198012,0.0,1.0,0.0,0.0,1.0,1.0
25,250,0.0,8.969349669122671,1.0,1.0,1.0,0.0,0.0,0.0
26,250,8.736177419005806,11.83399291553256,1.0,1.0,0.0,0.0,0.0,0.0
27,250,0.0,0.0,1.0,1.0,0.0,0.0,0.0,0.0
28,250,6.083647770888972,5.367890184827306,0.0,0.0,1.0,0.0,1.0,1.0
29,250,9.471726312177084,8.067143711214781,0.0,1.0,0.0,1.0,0.0,1.0
30,250,5.249295372028528,11.50774947571608,0.0,1.0,0.0,0.0,0.0,0.0
31,250,1.904865735925616,8.131701074561114,1.0,0.0,0.0,1.0,0.0,0.0
32,250,3.002758238073576,2.7751470871030324,1.0,0.0,1.0,1.0,0.0,1.0
33,250,12.0,3.0179791004550465,0.0,0.0,0.0,1.0,0.0,0.0
34,250,7.910130321434137,5.978911960000684,0.0,0.0,0.0,1.0,1.0,1.0
35,250,3.3236089625786485,12.0,0.0,1.0,1.0,1.0,0.0,0.0
36,250,10.3191612352877,0.4612810244568214,1.0,0.0,0.0,1.0,1.0,0.0
37,250,10.247304475815175,0.0,1.0,0.0,1.0,0.0,1.0,1.0
38,250,11.301194408428907,7.609390864491484,1.0,0.0,1.0,0.0,0.0,1.0
39,250,4.231646113609476,12.0,0.0,0.0,0.0,0.0,1.0,0.0
0,255,6.558850638737798,9.856644136958586,0.0,0.0,0.0,0.0,0.0,0.0
1,255,6.595117521339028,6.405902435329635,0.0,0.0,1.0,1.0,1.0,1.0
2,255,4.272858114053474,4.447058609714682,0.0,0.0,0.0,0.0,0.0,0.0
3,255,7.41297083056569,8.321098488147953,1.0,1.0,0.0,0.0,1.0,1.0
4,255,8.67674452208159,4.694872874096476,0.0,0.0,0.0,1.0,0.0,1.0
5,255,5.223043532723942,2.54652861099672,0.0,0.0,0.0,0.0,0.0,1.0
6,255,4.335632230560635,5.286842944635068,1.0,0.0,1.0,0.0,0.0,0.0
7,255,4.867270169709829,10.828232013810528,1.0,1.0,0.0,0.0,1.0,1.0
8,255,2.5001070659170943,11.994004813005295,0.0,1.0,1.0,1.0,1.0,0.0
9,255,0.4653492014605287,0.0,0.0,1.0,1.0,0.0,0.0,1.0
10,255,7.23640018540219,7.932531890590248,0.0,0.0,1.0,1.0,0.0,1.0
11,255,6.432621115437483,0.0,0.0,1.0,1.0,0.0,1.0,1.0
12,255,0.0,3.1033545471755803,0.0,0.0,0.0,1.0,1.0,0.0
13,255,1.4198219176377582,0.5938856703311441,1.0,1.0,0.0,0.0,0.0,0.0
14,255,7.089429180630711,8.563673196750344,0.0,0.0,1.0,0.0,0.0,0.0
15,255,8.673130223028027,0.0,0.0,0.0,1.0,0.0,1.0,0.0
16,255,0.1925841847519998,0.2613825604439606,1.0,1.0,0.0,1.0,0.0,1.0
17,255,7.566074043968106,9.580389659610644,1.0,0.0,0.0,0.0,1.0,0.0
18,255,6.347024002198344,3.890911493267613,1.0,1.0,0.0,0.0,1.0,0.0
19,255,5.123844573646413,7.855549550050583,0.0,0.0,0.0,0.0,1.0,0.0
20,255,9.553484015101986,0.0,0.0,0.0,1.0,0.0,1.0,1.0
21,255,8.229733550369595,5.786490710484559,1.0,0.0,1.0,0.0,0.0,1.0
22,255,10.697287502938757,5.511504659158065,1.0,0.0,1.0,1.0,0.0,0.0
23,255,3.735928449634848,4.141015414950137,0.0,1.0,0.0,0.0,1.0,1.0
24,255,0.0431117101815851,0.0020788067126317,0.0,1.0,0.0,0.0,1.0,1.0
25,255,0.0,8.775354626041494,1.0,1.0,1.0,0.0,0.0,0.0
26,255,8.771230185348633,11.77867778854494,1.0,1.0,0.0,0.0,0.0,0.0
27,255,0.0,0.0,1.0,1.0,0.0,0.0,0.0,0.0
28,255,6.111475674447037,5.324521839184106,0.0,0.0,1.0,0.0,1.0,1.0
29,255,9.466080510063549,8.093490339974593,0.0,1.0,0.0,1.0,0.0,1.0
30,255,5.176056975513944,11.45650415583905,0.0,1.0,0.0,0.0,0.0,0.0
31,255,1.9197618476101008,8.055303152872792,1.0,0.0,0.0,1.0,0.0,0.0
32,255,2.9288552828089744,2.870959227377024,1.0,0.0,1.0,1.0,0.0,1.0
33,255,12.0,3.025048907165365,0.0,0.0,0.0,1.0,0.0,0.0
34,255,7.879271286204741,6.009825299610247,0.0,0.0,0.0,1.0,1.0,1.0
35,255,3.148107937482184,12.0,0.0,1.0,1.0,1.0,0.0,0.0
36,255,10.238870244612414,0.4442083508912665,1.0,0.0,0.0,1.0,1.0,0.0
37,255,10.264208172745924,0.0,1.0,0.0,1.0,0.0,1.0,1.0
38,255,11.318448261600723,7.557988838928767,1.0,0.0,1.0,0.0,0.0,1.0
39,255,4.249743875574439,12.0,0.0,0.0,0.0,0.0,1.0,0.0
0,260,6.693543499016412,9.94215439923386,0.0,0.0,0.0,0.0,0.0,0.0
1,260,6.6287812353821565,6.381481104318367,0.0,0.0,1.0,1.0,1.0,1.0
2,260,4.333393260232092,4.35733014542721,0.0,0.0,0.0,0.0,0.0,0.0
3,260,7.422216457819913,8.469769603530377,1.0,1.0,0.0,0.0,1.0,1.0
4,260,8.633595725016093,4.602529262791418,0.0,0.0,0.0,1.0,0.0,1.0
5,260,5.036102632383716,2.4523582950058875,0.0,0.0,0.0,0.0,0.0,1.0
6,260,4.333826753276108,5.285153117215095,1.0,0.0,1.0,0.0,0.0,0.0
7,260,4.889626621330384,10.80119068879299,1.0,1.0,0.0,0.0,1.0,1.0
8,260,2.491588892732525,12.0,0.0,1.0,1.0,1.0,1.0,0.0
9,260,0.5078031567035669,0.0,0.0,1.0,1.0,0.0,0.0,1.0
10,260,7.215982579348545,7.891050218698733,0.0,0.0,1.0,1.0,0.0,1.0
11,260,6.50154437800918,0.0,0.0,1.0,1.0,0.0,1.0,1.0
12,260,0.0,2.9838741572677514,0.0,0.0,0.0,1.0,1.0,0.0
13,260,1.425194882438031,0.6250624758752671,1.0,1.0,0.0,0.0,0.0,0.0
14,260,7.096814910415011,8.550964632201316,0.0,0.0,1.0,0.0,0.0,0.0
15,260,8.76468227658811,0.0,0.0,0.0,1.0,0.0,1.0,0.0
16,260,0.1981864460715828,0.2151544845682237,1.0,1.0,0.0,1.0,0.0,1.0
17,260,7.536031415415851,9.608830866719137,1.0,0.0,0.0,0.0,1.0,0.0
18,260,6.382721708515211,3.9880613922844943,1.0,1.0,0.0,0.0,1.0,0.0
19,260,4.867527219246702,7.844897838424143,0.0,0.0,0.0,0.0,1.0,0.0
20,260,9.500868151926714,0.0,0.0,0.0,1.0,0.0,1.0,1.0
21,260,8.145111073418468,5.811365656489105,1.0,0.0,1.0,0.0,0.0,1.0
22,260,10.781291188414874,5.568724188233516,1.0,0.0,1.0,1.0,0.0,0.0
23,260,3.645275733649742,4.194311334278408,0.0,1.0,0.0,0.0,1.0,1.0
24,260,0.0,0.0050481815560714,0.0,1.0,0.0,0.0,1.0,1.0
25,260,0.0,8.59461273686464,1.0,1.0,1.0,0.0,0.0,0.0
26,260,8.802993753902168,11.729339265345436,1.0,1.0,0.0,0.0,0.0,0.0
27,260,0.0,0.0,1.0,1.0,0.0,0.0,0.0,0.0
28,260,6.133396458676692,5.290987189087892,0.0,0.0,1.0,0.0,1.0,1.0
29,260,9.465856636836165,8.094590450922167,0.0,1.0,0.0,1.0,0.0,1.0
30,260,5.100020462634313,11.40364921262286,0.0,1.0,0.0,0.0,0.0,0.0
31,260,1.93658114949446,7.974386813722062,1.0,0.0,0.0,1.0,0.0,0.0
32,260,2.8690231262019923,2.946690579878421,1.0,0.0,1.0,1.0,0.0,1.0
33,260,12.0,3.02594101692376,0.0,0.0,0.0,1.0,0.0,0.0
34,260,7.869617426232728,6.019952514593396,0.0,0.0,0.0,1.0,1.0,1.0
35,260,2.975893709445781,12.0,0.0,1.0,1.0,1.0,0.0,0.0
36,260,10.168083015243958,0.4297350540152826,1.0,0.0,0.0,1.0,1.0,0.0
37,260,10.27685182448931,0.0,1.0,0.0,1.0,0.0,1.0,1.0
38,260,11.33931244421818,7.49368236210359,1.0,0.0,1.0,0.0,0.0,1.0
39,260,4.267946466972551,12.0,0.0,0.0,0.0,0.0,1.0,0.0
0,265,6.83598555768579,10.030587289205902,0.0,0.0,0.0,0.0,0.0,0.0
1,265,6.646465886898448,6.368947337990476,0.0,0.0,1.0,1.0,1.0,1.0
2,265,4.389095551907713,4.279468697492832,0.0,0.0,0.0,0.0,0.0,0.0
3,265,7.432037095602674,8.649445184493985,1.0,1.0,0.0,0.0,1.0,1.0
4,265,8.579991683440443,4.491130589463967,0.0,0.0,0.0,1.0,0.0,1.0
5,265,4.854174325670064,2.3634101932965854,0.0,0.0,0.0,0.0,0.0,1.0
6,265,4.341302464044145,5.292257342980887,1.0,0.0,1.0,0.0,0.0,0.0
7,265,4.909758789379376,10.776312961608223,1.0,1.0,0.0,0.0,1.0,1.0
8,265,2.4884772355353952,12.0,0.0,1.0,1.0,1.0,1.0,0.0
9,265,0.5478843780842366,0.0,0.0,1.0,1.0,0.0,0.0,1.0
10,265,7.205857231646723,7.870642290468512,0.0,0.0,1.0,1.0,0.0,1.0
11,265,6.572599666186025,0.0,0.0,1.0,1.0,0.0,1.0,1.0
12,265,0.0,2.851269409663981,0.0,0.0,0.0,1.0,1.0,0.0
13,265,1.433391734884152,0.6670064990834859,1.0,1.0,0.0,0.0,0.0,0.0
14,265,7.105414204152908,8.535688687884345,0.0,0.0,1.0,0.0,0.0,0.0
15,265,8.853554013095872,0.0,0.0,0.0,1.0,0.0,1.0,0.0
16,265,0.2022098564740094,0.1803753044866782,1.0,1.0,0.0,1.0,0.0,1.0
17,265,7.516920562874823,9.626957668727313,1.0,0.0,0.0,0.0,1.0,0.0
18,265,6.414908756221769,4.078074487966217,1.0,1.0,0.0,0.0,1.0,0.0
19,265,4.601441152851044,7.827885503224944,0.0,0.0,0.0,0.0,1.0,0.0
20,265,9.444578253644044,0.0,0.0,0.0,1.0,0.0,1.0,1.0
21,265,8.06128372809022,5.836259413834492,1.0,0.0,1.0,0.0,0.0,1.0
22,265,10.857191589967073,5.622492678477003,1.0,0.0,1.0,1.0,0.0,0.0
23,265,3.5487173584706357,4.253904812135596,0.0,1.0,0.0,0.0,1.0,1.0
24,265,0.0,0.0092240124323005,0.0,1.0,0.0,0.0,1.0,1.0
25,265,0.0,8.431149300051917,1.0,1.0,1.0,0.0,0.0,0.0
26,265,8.83281895889635,11.682545288887283,1.0,1.0,0.0,0.0,0.0,0.0
27,265,0.0,0.0,1.0,1.0,0.0,0.0,0.0,0.0
28,265,6.158061176709117,5.255211793839583,0.0,0.0,1.0,0.0,1.0,1.0
29,265,9.463152408796873,8.106478956650596,0.0,1.0,0.0,1.0,0.0,1.0
30,265,5.027467685224199,11.352355515815471,0.0,1.0,0.0,0.0,0.0,0.0
31,265,1.952566719432068,7.904573758803018,1.0,0.0,0.0,1.0,0.0,0.0
32,265,2.814791022869779,3.024829306688944,1.0,0.0,1.0,1.0,0.0,1.0
33,265,12.0,3.027182371917875,0.0,0.0,0.0,1.0,0.0,0.0
34,265,7.866994804666312,6.022683009588828,0.0,0.0,0.0,1.0,1.0,1.0
35,265,2.820729901562125,12.0,0.0,1.0,1.0,1.0,0.0,0.0
36,265,10.094662044016856,0.4166474270665189,1.0,0.0,0.0,1.0,1.0,0.0
37,265,10.29414113938174,0.0,1.0,0.0,1.0,0.0,1.0,1.0
38,265,11.366355057550924,7.402702815298381,1.0,0.0,1.0,0.0,0.0,1.0
39,265,4.286015563804956,12.0,0.0,0.0,0.0,0.0,1.0,0.0
0,270,6.994066119468147,10.12951075550788,0.0,0.0,0.0,0.0,0.0,0.0
1,270,6.670108479925236,6.3518389517876415,0.0,0.0,1.0,1.0,1.0,1.0
2,270,4.4477794248988,4.194736803486434,0.0,0.0,0.0,0.0,0.0,0.0
3,270,7.43923649115669,8.840122156148015,1.0,1.0,0.0,0.0,1.0,1.0
4,270,8.526578663520942,4.3759768030920165,0.0,0.0,0.0,1.0,0.0,1.0
5,270,4.69568670194355,2.2818366440928166,0.0,0.0,0.0,0.0,0.0,1.0
6,270,4.354901559002815,5.304695367046595,1.0,0.0,1.0,0.0,0.0,0.0
7,270,4.939146886964844,10.74224106507334,1.0,1.0,0.0,0.0,1.0,1.0
8,270,2.4881270322790927,12.0,0.0,1.0,1.0,1.0,1.0,0.0
9,270,0.6025840023684459,0.0,0.0,1.0,1.0,0.0,0.0,1.0
10,270,7.191545993286082,7.841557018524795,0.0,0.0,1.0,1.0,0.0,1.0
11,270,6.628703017024611,0.0,0.0,1.0,1.0,0.0,1.0,1.0
12,270,0.0,2.7373394704728957,0.0,0.0,0.0,1.0,1.0,0.0
13,270,1.4415136099780093,0.7097428795198042,1.0,1.0,0.0,0.0,0.0,0.0
14,270,7.118483673436295,8.511816486786747,0.0,0.0,1.0,0.0,0.0,0.0
15,270,8.956443410601631,0.0,0.0,0.0,1.0,0.0,1.0,0.0
16,270,0.206477571630524,0.1425719808547572,1.0,1.0,0.0,1.0,0.0,1.0
17,270,7.483762999616927,9.658523565590832,1.0,0.0,0.0,0.0,1.0,0.0
18,270,6.450207252842491,4.170440052889843,1.0,1.0,0.0,0.0,1.0,0.0
19,270,4.361071055603255,7.822817938187347,0.0,0.0,0.0,0.0,1.0,0.0
20,270,9.40014152129131,0.0,0.0,0.0,1.0,0.0,1.0,1.0
21,270,7.963696195428222,5.865633373409014,1.0,0.0,1.0,0.0,0.0,1.0
22,270,10.9301196738669,5.67427761778733,1.0,0.0,1.0,1.0,0.0,0.0
23,270,3.44592545859365,4.318932716771061,0.0,1.0,0.0,0.0,1.0,1.0
24,270,0.0,0.0140246995520109,0.0,1.0,0.0,0.0,1.0,1.0
25,270,0.0,8.266081981671178,1.0,1.0,1.0,0.0,0.0,0.0
26,270,8.853861667409321,11.649679457953935,1.0,1.0,0.0,0.0,0.0,0.0
27,270,0.0,0.0,1.0,1.0,0.0,0.0,0.0,0.0
28,270,6.174928690775324,5.229887754172324,0.0,0.0,1.0,0.0,1.0,1.0
29,270,9.459651468437723,8.122814321074197,0.0,1.0,0.0,1.0,0.0,1.0
30,270,4.939423310651531,11.2901920346691,0.0,1.0,0.0,0.0,0.0,0.0
31,270,1.9679631545062648,7.835487403389648,1.0,0.0,0.0,1.0,0.0,0.0
32,270,2.763840456282608,3.0973770771716183,1.0,0.0,1.0,1.0,0.0,1.0
33,270,11.994772736624974,3.020601081541731,0.0,0.0,0.0,1.0,0.0,0.0
34,270,7.849123774333695,6.0402745263534685,0.0,0.0,0.0,1.0,1.0,1.0
35,270,2.6949328677524598,12.0,0.0,1.0,1.0,1.0,0.0,0.0
36,270,10.03333576690446,0.4058430061056677,1.0,0.0,0.0,1.0,1.0,0.0
37,270,10.313366280677634,0.0,1.0,0.0,1.0,0.0,1.0,1.0
38,270,11.39572714751564,7.298475240338117,1.0,0.0,1.0,0.0,0.0,1.0
39,270,4.3003539441254,12.0,0.0,0.0,0.0,0.0,1.0,0.0
0,275,7.149323032605927,10.2215655209331,0.0,0.0,0.0,0.0,0.0,0.0
1,275,6.700435858789473,6.329593338574993,0.0,0.0,1.0,1.0,1.0,1.0
2,275,4.501229338801616,4.124271077343175,0.0,0.0,0.0,0.0,0.0,0.0
3,275,7.447321652682069,9.016408507530937,1.0,1.0,0.0,0.0,1.0,1.0
4,275,8.46668742375665,4.24969710258969,0.0,0.0,0.0,1.0,0.0,1.0
5,275,4.5554264229491706,2.2077589440276526,0.0,0.0,0.0,0.0,0.0,1.0
6,275,4.371441313350198,5.319182299809083,1.0,0.0,1.0,0.0,0.0,0.0
7,275,4.953346392624037,10.725589343538164,1.0,1.0,0.0,0.0,1.0,1.0
8,275,2.487025590676732,12.0,0.0,1.0,1.0,1.0,1.0,0.0
9,275,0.6598063312152962,0.0,0.0,1.0,1.0,0.0,0.0,1.0
10,275,7.178813477727819,7.815623947117658,0.0,0.0,1.0,1.0,0.0,1.0
11,275,6.676291097201104,0.0,0.0,1.0,1.0,0.0,1.0,1.0
12,275,0.0,2.622216986614057,0.0,0.0,0.0,1.0,1.0,0.0
13,275,1.450577545533287,0.7556220746595247,1.0,1.0,0.0,0.0,0.0,0.0
14,275,7.131090038779117,8.488730201974896,0.0,0.0,1.0,0.0,0.0,0.0
15,275,9.06567122270274,0.0,0.0,0.0,1.0,0.0,1.0,0.0
16,275,0.2103179976696902,0.1040112082760685,1.0,1.0,0.0,1.0,0.0,1.0
17,275,7.46008010571059,9.68069267143006,1.0,0.0,0.0,0.0,1.0,0.0
18,275,6.48226532101936,4.261490601632807,1.0,1.0,0.0,0.0,1.0,0.0
19,275,4.120660360132479,7.81118598979515,0.0,0.0,0.0,0.0,1.0,0.0
20,275,9.349995736201166,0.0,0.0,0.0,1.0,0.0,1.0,1.0
21,275,7.862238751402014,5.897315201397678,1.0,0.0,1.0,0.0,0.0,1.0
22,275,10.997510209584236,5.723696301586768,1.0,0.0,1.0,1.0,0.0,0.0
23,275,3.347484643491021,4.382131938030447,0.0,1.0,0.0,0.0,1.0,1.0
24,275,0.0,0.0195989330905236,0.0,1.0,0.0,0.0,1.0,1.0
25,275,0.0,8.11652439126474,1.0,1.0,1.0,0.0,0.0,0.0
26,275,8.874462872352366,11.618888865650389,1.0,1.0,0.0,0.0,0.0,0.0
27,275,0.0,0.0,1.0,1.0,0.0,0.0,0.0,0.0
28,275,6.1946353065592525,5.199972560966365,0.0,0.0,1.0,0.0,1.0,1.0
29,275,9.458871672428486,8.12677992801506,0.0,1.0,0.0,1.0,0.0,1.0
30,275,4.860082795441773,11.232745053977265,0.0,1.0,0.0,0.0,0.0,0.0
31,275,1.985631114934452,7.750768766638742,1.0,0.0,0.0,1.0,0.0,0.0
32,275,2.711590478544504,3.1720620435466,1.0,0.0,1.0,1.0,0.0,1.0
33,275,11.995744525651723,3.021850350253211,0.0,0.0,0.0,1.0,0.0,0.0
34,275,7.814130210700206,6.074095887639139,0.0,0.0,0.0,1.0,1.0,1.0
35,275,2.5735089748406867,12.0,0.0,1.0,1.0,1.0,0.0,0.0
36,275,9.995448112391804,0.3991509041350592,1.0,0.0,0.0,1.0,1.0,0.0
37,275,10.340374024775278,0.0,1.0,0.0,1.0,0.0,1.0,1.0
38,275,11.418418581223683,7.226981359384696,1.0,0.0,1.0,0.0,0.0,1.0
39,275,4.317339774477589,12.0,0.0,0.0,0.0,0.0,1.0,0.0
0,280,7.297374813979664,10.30722507146619,0.0,0.0,0.0,0.0,0.0,0.0
1,280,6.72375078034275,6.313008485427025,0.0,0.0,1.0,1.0,1.0,1.0
2,280,4.552216871391081,4.056177445842161,0.0,0.0,0.0,0.0,0.0,0.0
3,280,7.45660419595331,9.20999233296758,1.0,1.0,0.0,0.0,1.0,1.0
4,280,8.396409205987934,4.108367969087898,0.0,0.0,0.0,1.0,0.0,1.0
5,280,4.402572383356838,2.129469177340159,0.0,0.0,0.0,0.0,0.0,1.0
6,280,4.401706006426812,5.345308906373612,1.0,0.0,1.0,0.0,0.0,0.0
7,280,4.973679860965909,10.702033778991485,1.0,1.0,0.0,0.0,1.0,1.0
8,280,2.497843895132053,11.97955231690955,0.0,1.0,1.0,1.0,1.0,0.0
9,280,0.7200275449634733,0.0,0.0,1.0,1.0,0.0,0.0,1.0
10,280,7.172267703894329,7.8015884928432655,0.0,0.0,1.0,1.0,0.0,1.0
11,280,6.720019423835502,0.0,0.0,1.0,1.0,0.0,1.0,1.0
12,280,0.0,2.520047673551641,0.0,0.0,0.0,1.0,1.0,0.0
13,280,1.4581833638901889,0.7958926013848181,1.0,1.0,0.0,0.0,0.0,0.0
14,280,7.142877463520997,8.466825178911611,0.0,0.0,1.0,0.0,0.0,0.0
15,280,9.179243661571649,0.0,0.0,0.0,1.0,0.0,1.0,0.0
16,280,0.2127876528985837,0.0795552419904933,1.0,1.0,0.0,1.0,0.0,1.0
17,280,7.414090834709804,9.724497478493882,1.0,0.0,0.0,0.0,1.0,0.0
18,280,6.517119830491028,4.3655798795738745,1.0,1.0,0.0,0.0,1.0,0.0
19,280,3.8791355720335057,7.800238681430536,0.0,0.0,0.0,0.0,1.0,0.0
20,280,9.303286194758227,0.0,0.0,0.0,1.0,0.0,1.0,1.0
21,280,7.744837900288353,5.93615079592966,1.0,0.0,1.0,0.0,0.0,1.0
22,280,11.08585421635412,5.790567421610337,1.0,0.0,1.0,1.0,0.0,0.0
23,280,3.22934762823079,4.456486140676583,0.0,1.0,0.0,0.0,1.0,1.0
24,280,0.0,0.0237450616104853,0.0,1.0,0.0,0.0,1.0,1.0
25,280,0.0,7.954027646191751,1.0,1.0,1.0,0.0,0.0,0.0
26,280,8.902723298749981,11.577183684401705,1.0,1.0,0.0,0.0,0.0,0.0
27,280,0.0,0.1392341716074183,1.0,1.0,0.0,0.0,0.0,0.0
28,280,6.217544569754618,5.16702981541669,0.0,0.0,1.0,0.0,1.0,1.0
29,280,9.454129251421929,8.151684644328041,0.0,1.0,0.0,1.0,0.0,1.0
30,280,4.787884664400886,11.184195650067451,0.0,1.0,0.0,0.0,0.0,0.0
31,280,2.003018650002316,7.654630776198871,1.0,0.0,0.0,1.0,0.0,0.0
32,280,2.6528831991071096,3.25557513864238,1.0,0.0,1.0,1.0,0.0,1.0
33,280,11.998621995206186,3.0255056749636835,0.0,0.0,0.0,1.0,0.0,0.0
34,280,7.775307664070855,6.112131600664126,0.0,0.0,0.0,1.0,1.0,1.0
35,280,2.445853805403518,12.0,0.0,1.0,1.0,1.0,0.0,0.0
36,280,9.942183255362222,0.388718274059122,1.0,0.0,0.0,1.0,1.0,0.0
37,280,10.367878897037915,0.0,1.0,0.0,1.0,0.0,1.0,1.0
38,280,11.4393934722814,7.15923912325671,1.0,0.0,1.0,0.0,0.0,1.0
39,280,4.330116013255073,12.0,0.0,0.0,0.0,0.0,1.0,0.0
0,285,7.452270061358972,10.39987299178464,0.0,0.0,0.0,0.0,0.0,0.0
1,285,6.73917021290454,6.301766022958439,0.0,0.0,1.0,1.0,1.0,1.0
2,285,4.591688211759278,4.001430958779459,0.0,0.0,0.0,0.0,0.0,0.0
3,285,7.2417742403067,9.223238818038672,1.0,1.0,0.0,0.0,1.0,1.0
4,285,8.335705788806239,3.9938491836174377,0.0,0.0,0.0,1.0,0.0,1.0
5,285,4.247209606697404,2.050614074908834,0.0,0.0,0.0,0.0,0.0,1.0
6,285,4.43651231192955,5.3748427216755,1.0,0.0,1.0,0.0,0.0,0.0
7,285,4.989524219330172,10.684158139685357,1.0,1.0,0.0,0.0,1.0,1.0
8,285,2.514766240481601,11.946744367641353,0.0,1.0,1.0,1.0,1.0,0.0
9,285,0.7760185130632533,0.0,0.0,1.0,1.0,0.0,0.0,1.0
10,285,7.166288729154407,7.788229328983938,0.0,0.0,1.0,1.0,0.0,1.0
11,285,6.765404299929955,0.0,0.0,1.0,1.0,0.0,1.0,1.0
12,285,0.0,2.41482587583571,0.0,0.0,0.0,1.0,1.0,0.0
13,285,1.462436309888956,0.8196361413769465,1.0,1.0,0.0,0.0,0.0,0.0
14,285,7.15174612721553,8.450432938644692,0.0,0.0,1.0,0.0,0.0,0.0
15,285,9.29549875225423,0.0,0.0,0.0,1.0,0.0,1.0,0.0
16,285,0.21577033759126,0.0451558569950626,1.0,1.0,0.0,1.0,0.0,1.0
17,285,7.368394338672854,9.77172166848074,1.0,0.0,0.0,0.0,1.0,0.0
18,285,6.550370668724418,4.475466277492589,1.0,1.0,0.0,0.0,1.0,0.0
19,285,3.6352579074799496,7.788843588574028,0.0,0.0,0.0,0.0,1.0,0.0
20,285,9.263164845720558,0.0,0.0,0.0,1.0,0.0,1.0,1.0
21,285,7.616203294579226,5.9766975865702445,1.0,0.0,1.0,0.0,0.0,1.0
22,285,11.16927636122183,5.849212150274743,1.0,0.0,1.0,1.0,0.0,0.0
23,285,3.10651262769959,4.535951318168743,0.0,1.0,0.0,0.0,1.0,1.0
24,285,0.0,0.0250384869691339,0.0,1.0,0.0,0.0,1.0,1.0
25,285,0.0,7.768835678780501,1.0,1.0,1.0,0.0,0.0,0.0
26,285,8.923860539911486,11.545372370650016,1.0,1.0,0.0,0.0,0.0,0.0
27,285,0.0,0.2947682043693984,1.0,1.0,0.0,0.0,0.0,0.0
28,285,6.245564526234792,5.12716758225081,0.0,0.0,1.0,0.0,1.0,1.0
29,285,9.449932289101245,8.17673903411363,0.0,1.0,0.0,1.0,0.0,1.0
30,285,4.704808320234777,11.126105320437302,0.0,1.0,0.0,0.0,0.0,0.0
31,285,2.0196134192329764,7.562902919501128,1.0,0.0,0.0,1.0,0.0,0.0
32,285,2.601112365629265,3.32346966253433,1.0,0.0,1.0,1.0,0.0,1.0
33,285,12.0,3.032231863022356,0.0,0.0,0.0,1.0,0.0,0.0
34,285,7.736355949434944,6.150353563116503,0.0,0.0,0.0,1.0,1.0,1.0
35,285,2.333081511977135,12.0,0.0,1.0,1.0,1.0,0.0,0.0
36,285,9.88848569445689,0.3795576739760421,1.0,0.0,0.0,1.0,1.0,0.0
37,285,10.396000509862048,0.0,1.0,0.0,1.0,0.0,1.0,1.0
38,285,11.458353603679406,7.091017238910602,1.0,0.0,1.0,0.0,0.0,1.0
39,285,4.341935261566993,12.0,0.0,0.0,0.0,0.0,1.0,0.0
0,290,7.615623378129755,10.502276281288356,0.0,0.0,0.0,0.0,0.0,0.0
1,290,6.752162902500964,6.291967363027513,0.0,0.0,1.0,1.0,1.0,1.0
2,290,4.629902076974157,3.9449777180365495,0.0,0.0,0.0,0.0,0.0,0.0
3,290,7.03920481333521,9.236737296382506,1.0,1.0,0.0,0.0,1.0,1.0
4,290,8.269461005264192,3.871903170814399,0.0,0.0,0.0,1.0,0.0,1.0
5,290,4.093064986495406,1.9670512649968983,0.0,0.0,0.0,0.0,0.0,1.0
6,290,4.462385810563104,5.396640009482219,1.0,0.0,1.0,0.0,0.0,0.0
7,290,5.000871146024265,10.67139888774472,1.0,1.0,0.0,0.0,1.0,1.0
8,290,2.5160294128894054,11.944355634118448,0.0,1.0,1.0,1.0,1.0,0.0
9,290,0.8356201836887268,0.0,0.0,1.0,1.0,0.0,0.0,1.0
10,290,7.151514531282326,7.755900298978315,0.0,0.0,1.0,1.0,0.0,1.0
11,290,6.685697515613408,0.0,0.0,1.0,1.0,0.0,1.0,1.0
12,290,0.0,2.31048374529705,0.0,0.0,0.0,1.0,1.0,0.0
13,290,1.4656298498974971,0.8383274787764495,1.0,1.0,0.0,0.0,0.0,0.0
14,290,7.157974637838031,8.438844640831228,0.0,0.0,1.0,0.0,0.0,0.0
15,290,9.416622646580375,0.0,0.0,0.0,1.0,0.0,1.0,0.0
16,290,0.2194436319071983,0.0039139881894726,1.0,1.0,0.0,1.0,0.0,1.0
17,290,7.322055897765351,9.8187908945464,1.0,0.0,0.0,0.0,1.0,0.0
18,290,6.578540984413918,4.571073394583964,1.0,1.0,0.0,0.0,1.0,0.0
19,290,3.402292248362069,7.777778233613545,0.0,0.0,0.0,0.0,1.0,0.0
20,290,9.218231966424266,0.0,0.0,0.0,1.0,0.0,1.0,1.0
21,290,7.489630845499714,6.021438090216591,1.0,0.0,1.0,0.0,0.0,1.0
22,290,11.255412371042269,5.910585345492417,1.0,0.0,1.0,1.0,0.0,0.0
23,290,2.979665952136485,4.622678650093781,0.0,1.0,0.0,0.0,1.0,1.0
24,290,0.0,0.0271592559673579,0.0,1.0,0.0,0.0,1.0,1.0
25,290,0.0,7.583618690172107,1.0,1.0,1.0,0.0,0.0,0.0
26,290,8.942690169116176,11.517436926544711,1.0,1.0,0.0,0.0,0.0,0.0
27,290,0.0,0.4906559330046705,1.0,1.0,0.0,0.0,0.0,0.0
28,290,6.278746966259988,5.0776020916767015,0.0,0.0,1.0,0.0,1.0,1.0
29,290,9.44536802492802,8.20117822422901,0.0,1.0,0.0,1.0,0.0,1.0
30,290,4.618106640543804,11.063738444575424,0.0,1.0,0.0,0.0,0.0,0.0
31,290,2.03544674907054,7.460961886598326,1.0,0.0,0.0,1.0,0.0,0.0
32,290,2.5451190240820285,3.3993732173983715,1.0,0.0,1.0,1.0,0.0,1.0
33,290,12.0,3.043216679358902,0.0,0.0,0.0,1.0,0.0,0.0
34,290,7.695336523430316,6.1896545390245485,0.0,0.0,0.0,1.0,1.0,1.0
35,290,2.23829753719248,11.883503429654402,0.0,1.0,1.0,1.0,0.0,0.0
36,290,9.843723524200158,0.3736684404021385,1.0,0.0,0.0,1.0,1.0,0.0
37,290,10.420890419554793,0.0,1.0,0.0,1.0,0.0,1.0,1.0
38,290,11.475625339309394,7.036032066682812,1.0,0.0,1.0,0.0,0.0,1.0
39,290,4.356011838062448,12.0,0.0,0.0,0.0,0.0,1.0,0.0
0,295,7.77567467619249,10.603979278838024,0.0,0.0,0.0,0.0,0.0,0.0
1,295,6.775094565232527,6.274596170909199,0.0,0.0,1.0,1.0,1.0,1.0
2,295,4.667175345373965,3.8919805929286353,0.0,0.0,0.0,0.0,0.0,0.0
3,295,6.8403642291851305,9.253256953752786,1.0,1.0,0.0,0.0,1.0,1.0
4,295,8.20158012177998,3.7453068056233736,0.0,0.0,0.0,1.0,0.0,1.0
5,295,3.920415693231359,1.8732273091899865,0.0,0.0,0.0,0.0,0.0,1.0
6,295,4.494161729711687,5.423680505734139,1.0,0.0,1.0,0.0,0.0,0.0
7,295,5.00287153061145,10.669064679771502,1.0,1.0,0.0,0.0,1.0,1.0
8,295,2.5245568693753637,11.929453121287825,0.0,1.0,1.0,1.0,1.0,0.0
9,295,0.8927692583422387,0.0,0.0,1.0,1.0,0.0,0.0,1.0
10,295,7.138627991340127,7.728741663551767,0.0,0.0,1.0,1.0,0.0,1.0
11,295,6.611448313841208,0.0,0.0,1.0,1.0,0.0,1.0,1.0
12,295,0.0,2.212364672612809,0.0,0.0,0.0,1.0,1.0,0.0
13,295,1.4685441470796106,0.8577398245067518,1.0,1.0,0.0,0.0,0.0,0.0
14,295,7.176478048136596,8.402520155247048,0.0,0.0,1.0,0.0,0.0,0.0
15,295,9.534005046405746,0.0,0.0,0.0,1.0,0.0,1.0,0.0
16,295,0.2245299797278366,0.0,1.0,1.0,0.0,1.0,0.0,1.0
17,295,7.270327107942526,9.87127953750258,1.0,0.0,0.0,0.0,1.0,0.0
18,295,6.611015123264174,4.67696877329043,1.0,1.0,0.0,0.0,1.0,0.0
19,295,3.1543426398170498,7.766441160546884,0.0,0.0,0.0,0.0,1.0,0.0
20,295,9.292533075522506,0.0,0.0,0.0,1.0,0.0,1.0,1.0
21,295,7.345700845773466,6.074791655831724,1.0,0.0,1.0,0.0,0.0,1.0
22,295,11.346911632596475,5.977848727302498,1.0,0.0,1.0,1.0,0.0,0.0
23,295,2.8445159836739715,4.713204906841467,0.0,1.0,0.0,0.0,1.0,1.0
24,295,0.0,0.0296100721544612,0.0,1.0,0.0,0.0,1.0,1.0
25,295,0.0,7.38928862909509,1.0,1.0,1.0,0.0,0.0,0.0
26,295,8.9664753029499,11.482325240775612,1.0,1.0,0.0,0.0,0.0,0.0
27,295,0.0,0.6831470026012931,1.0,1.0,0.0,0.0,0.0,0.0
28,295,6.315731775213941,5.102260478170482,0.0,0.0,1.0,0.0,1.0,1.0
29,295,9.443166464484689,8.215000491555367,0.0,1.0,0.0,1.0,0.0,1.0
30,295,4.526393339054219,10.994822957655568,0.0,1.0,0.0,0.0,0.0,0.0
31,295,2.0526351544424477,7.356973811393115,1.0,0.0,0.0,1.0,0.0,0.0
32,295,2.4913369021006377,3.4756504198831006,1.0,0.0,1.0,1.0,0.0,1.0
33,295,12.0,3.0568449280012726,0.0,0.0,0.0,1.0,0.0,0.0
34,295,7.642019857335891,6.241495196413069,0.0,0.0,0.0,1.0,1.0,1.0
35,295,2.1334951886289164,11.756488407839452,0.0,1.0,1.0,1.0,0.0,0.0
36,295,9.814781459361512,0.3698677095604481,1.0,0.0,0.0,1.0,1.0,0.0
37,295,10.438336394263937,0.0,1.0,0.0,1.0,0.0,1.0,1.0
38,295,11.49759411201113,6.965293325629461,1.0,0.0,1.0,0.0,0.0,1.0
39,295,4.369281938483308,12.0,0.0,0.0,0.0,0.0,1.0,0.0
