id,role,save_period,publish_rate,data_size,require_cycle,base_x,base_y
0,0,30,0.91,0.000223,0.004811454,,
1,0,30,1.69,7.1e-05,0.004808689,,
2,0,30,4.14,0.000118,0.004753326,,
