id,role,save_period,publish_rate,data_size,require_cycle,base_x,base_y
0,0,30,5.38,0.000112,0.001987997,,
1,0,30,3.46,0.000139,0.001532759,,
2,0,30,6.02,8.4e-05,0.003890728,,
