id,role,save_period,publish_rate,data_size,require_cycle,base_x,base_y
0,0,30,4.46,0.000159,0.001594668,,
1,0,30,6.56,0.000168,0.002697292,,
2,0,30,4.03,0.000133,0.002420535,,
