id,role,save_period,publish_rate,data_size,require_cycle,base_x,base_y
0,0,30,7.53,9.4e-05,0.001694223,,
1,0,30,9.47,0.000107,0.001983389,,
2,0,30,5.44,0.000145,0.002144077,,
