id,role,save_period,publish_rate,data_size,require_cycle,base_x,base_y
0,0,30,4.78,0.000184,0.002951108,,
1,0,30,4.48,6.5e-05,0.00345198,,
2,0,30,9.99,0.000184,0.000500985,,
