id,role,save_period,publish_rate,data_size,require_cycle,base_x,base_y
0,0,30,9.0,0.000216,0.004704506,,
1,0,30,4.49,0.000172,0.003656629,,
2,0,30,1.07,7.9e-05,0.000550893,,
