id,role,save_period,publish_rate,data_size,require_cycle,base_x,base_y
0,0,30,4.15,0.000127,0.004749196,,
1,0,30,3.45,0.000219,0.002810686,,
2,0,30,2.04,0.000146,0.004112557,,
