id,role,save_period,publish_rate,data_size,require_cycle,base_x,base_y
0,0,30,4.76,0.000154,0.000543829,,
1,0,30,1.77,0.000169,0.004727652,,
2,0,30,2.32,4.6e-05,0.004590406,,
