id,role,save_period,publish_rate,data_size,require_cycle,base_x,base_y
0,0,30,8.6,0.000231,0.002564611,,
1,0,30,3.61,6.8e-05,0.003659409,,
2,0,30,5.11,0.000109,0.000587223,,
