id,role,save_period,publish_rate,data_size,require_cycle,base_x,base_y
0,0,30,7.75,0.000154,0.00367356,,
1,0,30,3.67,0.000181,0.004442654,,
2,0,30,6.69,0.000118,0.003948006,,
