id,role,save_period,publish_rate,data_size,require_cycle,base_x,base_y
0,0,30,4.97,0.000115,0.002506741,,
1,0,30,2.12,0.00014,0.004941257,,
2,0,30,4.98,0.000228,0.001622064,,
