id,role,save_period,publish_rate,data_size,require_cycle,base_x,base_y
0,0,30,3.84,0.000189,0.004979403,,
1,0,30,6.97,0.000139,0.003732895,,
2,0,30,7.85,3.1e-05,0.003599354,,
