id,role,save_period,publish_rate,data_size,require_cycle,base_x,base_y
0,0,30,8.56,0.000101,0.000708827,,
1,0,30,9.48,0.000136,0.00128719,,
2,0,30,8.38,6.5e-05,0.004162428,,
