id,role,save_period,publish_rate,data_size,require_cycle,base_x,base_y
0,0,30,8.83,0.000113,0.003548233,,
1,0,30,2.98,0.000172,0.003405732,,
2,0,30,6.54,0.000112,0.003734072,,
