id,role,save_period,publish_rate,data_size,require_cycle,base_x,base_y
0,0,30,0.74,0.000148,0.004331262,,
1,0,30,3.33,0.000159,0.004062814,,
2,0,30,9.82,0.000194,0.003265384,,
