id,role,save_period,publish_rate,data_size,require_cycle,base_x,base_y
0,0,30,3.87,0.000119,0.004874186,,
1,0,30,8.17,0.000237,0.002209824,,
2,0,30,9.26,4.9e-05,0.002045917,,
