id,role,save_period,publish_rate,data_size,require_cycle,base_x,base_y
0,0,30,0.22,0.000138,0.002080674,,
1,0,30,4.77,0.000186,0.003012718,,
2,0,30,9.11,0.000247,0.002818835,,
