id,role,save_period,publish_rate,data_size,require_cycle,base_x,base_y
0,0,30,4.89,0.000139,0.004300404,,
1,0,30,6.64,9.5e-05,0.003142064,,
2,0,30,8.89,0.000236,0.004167687,,
