id,role,save_period,publish_rate,data_size,require_cycle,base_x,base_y
0,0,30,5.93,0.000164,0.004345137,,
1,0,30,3.79,5.5e-05,0.004077976,,
2,0,30,8.82,0.000168,0.002369561,,
