id,role,save_period,publish_rate,data_size,require_cycle,base_x,base_y
0,0,30,6.48,5.5e-05,0.004596753,,
1,0,30,0.93,0.000115,0.002501968,,
2,0,30,8.95,0.000179,0.003384899,,
