id,role,save_period,publish_rate,data_size,require_cycle,base_x,base_y
0,0,30,1.63,0.000226,0.003613369,,
1,0,30,1.33,8.3e-05,0.00442091,,
2,0,30,7.47,0.000218,0.001141166,,
