id,role,save_period,publish_rate,data_size,require_cycle,base_x,base_y
0,0,30,4.78,0.000104,0.003375577,,
1,0,30,8.1,0.000171,0.00063499,,
2,0,30,0.66,0.0001,0.00327254,,
