id,role,save_period,publish_rate,data_size,require_cycle,base_x,base_y
0,0,30,5.03,0.000228,0.004109658,,
1,0,30,7.34,0.000242,0.002852562,,
2,0,30,9.44,0.00016,0.001087195,,
