id,role,save_period,publish_rate,data_size,require_cycle,base_x,base_y
0,0,30,5.97,0.000179,0.001572007,,
1,0,30,4.49,0.000166,0.001462388,,
2,0,30,1.37,0.000154,0.003118128,,
