id,role,save_period,publish_rate,data_size,require_cycle,base_x,base_y
0,0,30,6.31,9.4e-05,0.004141172,,
1,0,30,7.17,0.000109,0.001791829,,
2,0,30,5.43,0.000106,0.000805273,,
