id,role,save_period,publish_rate,data_size,require_cycle,base_x,base_y
0,0,30,9.46,7.5e-05,0.00257263,,
1,0,30,8.72,0.000199,0.004309426,,
2,0,30,0.98,0.000165,0.003211614,,
