id,role,save_period,publish_rate,data_size,require_cycle,base_x,base_y
0,0,30,4.71,0.000144,0.00363354,,
1,0,30,7.63,0.000202,0.00063455,,
2,0,30,7.84,0.000248,0.002585405,,
