id,role,save_period,publish_rate,data_size,require_cycle,base_x,base_y
0,0,30,9.11,0.000124,0.001319858,,
1,0,30,1.7,0.000115,0.000677922,,
2,0,30,3.1,0.000219,0.001238645,,
