id,role,save_period,publish_rate,data_size,require_cycle,base_x,base_y
0,0,30,1.09,0.000167,0.001268783,,
1,0,30,5.94,0.000201,0.000541423,,
2,0,30,5.66,0.000189,0.00398049,,
