id,role,save_period,publish_rate,data_size,require_cycle,base_x,base_y
0,0,30,7.77,0.000163,0.00136809,,
1,0,30,7.75,7.1e-05,0.002771468,,
2,0,30,5.76,0.000236,0.001523257,,
