id,role,save_period,publish_rate,data_size,require_cycle,base_x,base_y
0,0,30,0.13,0.000126,0.001127624,,
1,0,30,1.83,0.000223,0.002485285,,
2,0,30,6.68,0.000129,0.002149719,,
