id,role,save_period,publish_rate,data_size,require_cycle,base_x,base_y
0,0,30,4.88,0.000191,0.003909914,,
1,0,30,8.44,0.00015,0.002915945,,
2,0,30,4.05,0.000167,0.001481471,,
