id,role,save_period,publish_rate,data_size,require_cycle,base_x,base_y
0,0,30,1.79,0.000141,0.003192115,,
1,0,30,0.68,0.000208,0.001752935,,
2,0,30,5.13,0.000222,0.00164478,,
