id,role,save_period,publish_rate,data_size,require_cycle,base_x,base_y
0,0,30,5.79,0.000215,0.001864637,,
1,0,30,0.14,0.00015,0.002337223,,
2,0,30,6.13,0.000134,0.004997165,,
