id,role,save_period,publish_rate,data_size,require_cycle,base_x,base_y
0,0,30,4.21,0.000212,0.002874565,,
1,0,30,3.92,0.000195,0.002265686,,
2,0,30,8.9,0.000152,0.003049183,,
