0,0,9.016233214699222,6.948433720764987,1.0,1.0,1.0,0.0,1.0,0.0
1,0,9.061336835684594,6.051313945269719,1.0,0.0,0.0,0.0,0.0,0.0
2,0,2.9964803435873537,3.9606446841946177,0.0,0.0,1.0,0.0,0.0,0.0
3,0,4.953805951566794,5.013071804136905,0.0,1.0,1.0,0.0,0.0,0.0
4,0,8.989481267613062,5.946571575082203,1.0,0.0,1.0,0.0,0.0,1.0
5,0,9.966859337856986,12.0,0.0,1.0,0.0,1.0,1.0,1.0
6,0,5.9546413329242736,2.0550571344929844,0.0,0.0,0.0,0.0,0.0,1.0
7,0,3.956665717805232,1.9501728177887228,0.0,1.0,0.0,0.0,1.0,0.0
8,0,11.072873373625916,0.9857173453997202,1.0,0.0,0.0,0.0,0.0,0.0
9,0,0.0,10.986329478322496,1.0,0.0,0.0,0.0,0.0,1.0
10,0,6.963833602077606,9.029775479922534,0.0,0.0,0.0,1.0,0.0,0.0
11,0,6.040784263051742,8.940643839120051,0.0,0.0,1.0,0.0,1.0,0.0
12,0,0.0650192847603203,0.0105001642022698,1.0,1.0,0.0,0.0,1.0,1.0
13,0,8.948328631229117,3.978535925276824,1.0,0.0,1.0,1.0,0.0,1.0
14,0,6.927128953621231,11.999697045984414,0.0,1.0,1.0,1.0,1.0,0.0
15,0,5.946007505334942,2.9923428044607485,0.0,0.0,0.0,0.0,0.0,1.0
16,0,11.998944895383016,1.949571255632141,0.0,1.0,1.0,0.0,0.0,0.0
17,0,8.026935481493314,0.968083587604896,0.0,0.0,1.0,1.0,1.0,1.0
18,0,6.006125899892488,7.044000869002457,0.0,1.0,0.0,0.0,1.0,0.0
19,0,2.004821966303319,7.036319589241708,0.0,0.0,0.0,0.0,0.0,0.0
20,0,9.043102477612136,11.03215627734028,1.0,0.0,1.0,1.0,0.0,1.0
21,0,4.947452095288649,8.036262467869651,1.0,0.0,1.0,0.0,0.0,0.0
22,0,11.956957756753704,0.0340804191115771,0.0,1.0,0.0,0.0,1.0,0.0
23,0,7.941449080659693,0.006900109371774,0.0,0.0,0.0,0.0,1.0,1.0
24,0,1.025694724000987,0.943291968607732,0.0,0.0,0.0,0.0,0.0,1.0
25,0,6.963331880463358,9.959701770225648,0.0,1.0,0.0,0.0,0.0,1.0
26,0,0.9419871788235552,0.0,0.0,0.0,0.0,0.0,1.0,0.0
27,0,0.0,7.973579338569739,1.0,1.0,0.0,1.0,0.0,0.0
28,0,2.9365105048433997,3.966531288740365,0.0,1.0,1.0,0.0,0.0,0.0
29,0,9.9765950324406,8.98302280047027,1.0,0.0,0.0,0.0,0.0,0.0
30,0,5.942474297171531,7.001207940806127,1.0,1.0,0.0,0.0,1.0,0.0
31,0,5.980782876949596,1.0517874119696478,1.0,1.0,0.0,1.0,1.0,1.0
32,0,12.0,8.01361738475138,1.0,0.0,1.0,0.0,1.0,1.0
33,0,3.967404460707768,10.945668433036328,0.0,1.0,0.0,0.0,1.0,1.0
34,0,0.0,7.046336706957928,0.0,0.0,0.0,0.0,0.0,0.0
35,0,1.01423466044662,0.0,0.0,1.0,1.0,0.0,0.0,0.0
36,0,8.946086863016003,11.972733991088711,0.0,0.0,0.0,1.0,1.0,1.0
37,0,8.017419060879739,8.94333411992278,0.0,0.0,1.0,1.0,0.0,1.0
38,0,3.0328237015338537,8.01487758601466,1.0,0.0,1.0,0.0,1.0,0.0
39,0,4.051752390608403,4.96674380447783,1.0,1.0,1.0,1.0,1.0,0.0
0,5,9.03607927215856,6.884538653255833,1.0,1.0,1.0,0.0,1.0,0.0
1,5,9.115242867128847,6.095005692335178,1.0,0.0,0.0,0.0,0.0,0.0
2,5,2.992364756560505,3.9151144012544954,0.0,0.0,1.0,0.0,0.0,0.0
3,5,4.90298716227216,5.028567476490432,0.0,1.0,1.0,0.0,0.0,0.0
4,5,8.983475677666851,5.913781893060955,1.0,0.0,1.0,0.0,0.0,1.0
5,5,9.937531404071867,12.0,0.0,1.0,0.0,1.0,1.0,1.0
6,5,5.920897397291797,2.096045027434016,0.0,0.0,0.0,0.0,0.0,1.0
7,5,3.8936068273699047,1.8830553503343768,0.0,1.0,0.0,0.0,1.0,0.0
8,5,11.082081693301175,1.036942646775079,1.0,0.0,0.0,0.0,0.0,0.0
9,5,0.0,10.969759090940205,1.0,0.0,0.0,0.0,0.0,1.0
10,5,6.9290470669812185,9.058693687764604,0.0,0.0,0.0,1.0,0.0,0.0
11,5,6.082018507573354,8.881157172044748,0.0,0.0,1.0,0.0,1.0,0.0
12,5,0.115814796878527,0.0176114393303949,1.0,1.0,0.0,0.0,1.0,1.0
13,5,8.910502728441736,3.962078714633857,1.0,0.0,1.0,1.0,0.0,1.0
14,5,6.8445319548334975,11.998260486793678,0.0,1.0,1.0,1.0,1.0,0.0
15,5,5.8873746017185935,2.984515727938087,0.0,0.0,0.0,0.0,0.0,1.0
16,5,11.997720871735105,1.9109837144291195,0.0,1.0,1.0,0.0,0.0,0.0
17,5,8.063112389236386,0.9253971261183652,0.0,0.0,1.0,1.0,1.0,1.0
18,5,6.015571505569487,7.103659812475586,0.0,1.0,0.0,0.0,1.0,0.0
19,5,2.0105642417627445,7.078147165265665,0.0,0.0,0.0,0.0,0.0,0.0
20,5,9.083384675329782,11.061731696946316,1.0,0.0,1.0,1.0,0.0,1.0
21,5,4.898887841872286,8.068362484496742,1.0,0.0,1.0,0.0,0.0,0.0
22,5,11.89957721911616,0.0824676295795484,0.0,1.0,0.0,0.0,1.0,0.0
23,5,7.894817348393069,0.0141788371913002,0.0,0.0,0.0,0.0,1.0,1.0
24,5,1.0480711244954668,0.8930659520515093,0.0,0.0,0.0,0.0,0.0,1.0
25,5,6.933755400271451,9.925101828042896,0.0,1.0,0.0,0.0,0.0,1.0
26,5,0.9007173967713185,0.0,0.0,0.0,0.0,0.0,1.0,0.0
27,5,0.0,7.944197178154673,1.0,1.0,0.0,1.0,0.0,0.0
28,5,2.8798327328663618,3.9361279635366775,0.0,1.0,1.0,0.0,0.0,0.0
29,5,9.96001728005146,8.970624212987863,1.0,0.0,0.0,0.0,0.0,0.0
30,5,5.890361140354246,7.0029292077629535,1.0,1.0,0.0,0.0,1.0,0.0
31,5,5.96124761191304,1.1082013111251536,1.0,1.0,0.0,1.0,1.0,1.0
32,5,12.0,8.027013058566224,1.0,0.0,1.0,0.0,1.0,1.0
33,5,3.9354734746059528,10.892172856337442,0.0,1.0,0.0,0.0,1.0,1.0
34,5,0.0,7.0867537404040055,0.0,0.0,0.0,0.0,0.0,0.0
35,5,1.0297256828029404,0.0,0.0,1.0,1.0,0.0,0.0,0.0
36,5,8.885915214651074,11.943404151949652,0.0,0.0,0.0,1.0,1.0,1.0
37,5,8.032819292570775,8.892750296442609,0.0,0.0,1.0,1.0,0.0,1.0
38,5,3.0486311545134765,8.021897012789903,1.0,0.0,1.0,0.0,1.0,0.0
39,5,4.107919216284955,4.931963490407559,1.0,1.0,1.0,1.0,1.0,0.0
0,10,9.050913047373893,6.839073328612245,1.0,1.0,1.0,0.0,1.0,0.0
1,10,9.174671855531884,6.144265912800445,1.0,0.0,0.0,0.0,0.0,0.0
2,10,2.9884342509973445,3.86904813112552,0.0,0.0,1.0,0.0,0.0,0.0
3,10,4.843273984377505,5.044235366474432,0.0,1.0,1.0,0.0,0.0,0.0
4,10,8.97882185919497,5.887266935533601,1.0,0.0,1.0,0.0,0.0,1.0
5,10,9.904287057439264,12.0,0.0,1.0,0.0,1.0,1.0,1.0
6,10,5.876773733967547,2.1513975613921708,0.0,0.0,0.0,0.0,0.0,1.0
7,10,3.831935103341552,1.8211676052428056,0.0,1.0,0.0,0.0,1.0,0.0
8,10,11.087645939763563,1.065795679836948,1.0,0.0,0.0,0.0,0.0,0.0
9,10,0.0,10.959225860490776,1.0,0.0,0.0,0.0,0.0,1.0
10,10,6.87624630619771,9.101378003666955,0.0,0.0,0.0,1.0,0.0,0.0
11,10,6.128492790752111,8.813779664693875,0.0,0.0,1.0,0.0,1.0,0.0
12,10,0.170585130916645,0.0253055116045508,1.0,1.0,0.0,0.0,1.0,1.0
13,10,8.87225908558345,3.9446083964847434,1.0,0.0,1.0,1.0,0.0,1.0
14,10,6.750496044777461,11.99459353523145,0.0,1.0,1.0,1.0,1.0,0.0
15,10,5.8267060491416505,2.9754182894760604,0.0,0.0,0.0,0.0,0.0,1.0
16,10,11.997267761530049,1.888001943911047,0.0,1.0,1.0,0.0,0.0,0.0
17,10,8.10685597918554,0.8757912166740965,0.0,0.0,1.0,1.0,1.0,1.0
18,10,6.026150565302147,7.178325162828375,0.0,1.0,0.0,0.0,1.0,0.0
19,10,2.0166583760927947,7.124735934210516,0.0,0.0,0.0,0.0,0.0,0.0
20,10,9.116875396666854,11.086139396769214,1.0,0.0,1.0,1.0,0.0,1.0
21,10,4.839955559051988,8.106580968616123,1.0,0.0,1.0,0.0,0.0,0.0
22,10,11.824980514176968,0.1438205138679558,0.0,1.0,0.0,0.0,1.0,0.0
23,10,7.82400386283277,0.0257770274009811,0.0,0.0,0.0,0.0,1.0,1.0
24,10,1.076411470567898,0.8345110972814632,0.0,0.0,0.0,0.0,0.0,1.0
25,10,6.914425150422401,9.9018409268192,0.0,1.0,0.0,0.0,0.0,1.0
26,10,0.8416318755825426,0.0,0.0,0.0,0.0,0.0,1.0,0.0
27,10,0.0,7.919948652430507,1.0,1.0,0.0,1.0,0.0,0.0
28,10,2.819787859830019,3.902226639827734,0.0,1.0,1.0,0.0,0.0,0.0
29,10,9.943997152801163,8.958262237832235,1.0,0.0,0.0,0.0,0.0,0.0
30,10,5.808425349638968,7.00348811134547,1.0,1.0,0.0,0.0,1.0,0.0
31,10,5.950838628292028,1.1419714392439022,1.0,1.0,0.0,1.0,1.0,1.0
32,10,12.0,8.046120055761586,1.0,0.0,1.0,0.0,1.0,1.0
33,10,3.883512002941287,10.809088121275,0.0,1.0,0.0,0.0,1.0,1.0
34,10,0.0,7.127051638575657,0.0,0.0,0.0,0.0,0.0,0.0
35,10,1.0508057215984272,0.0,0.0,1.0,1.0,0.0,0.0,0.0
36,10,8.834892467093526,11.917315271187071,0.0,0.0,0.0,1.0,1.0,1.0
37,10,8.04736510306261,8.846199669145317,0.0,0.0,1.0,1.0,0.0,1.0
38,10,3.0545492225160222,8.024566774101018,1.0,0.0,1.0,0.0,1.0,0.0
39,10,4.153836450588788,4.904403494812486,1.0,1.0,1.0,1.0,1.0,0.0
0,15,9.071678620659863,6.779117809075116,1.0,1.0,1.0,0.0,1.0,0.0
1,15,9.225979304942538,6.188691478789132,1.0,0.0,0.0,0.0,0.0,0.0
2,15,2.9820586154380067,3.80229560439966,0.0,0.0,1.0,0.0,0.0,0.0
3,15,4.773387605558508,5.061330520760871,0.0,1.0,1.0,0.0,0.0,0.0
4,15,8.968178788957811,5.828006998944509,1.0,0.0,1.0,0.0,0.0,1.0
5,15,9.860210153381216,12.0,0.0,1.0,0.0,1.0,1.0,1.0
6,15,5.828578938244037,2.214529224183196,0.0,0.0,0.0,0.0,0.0,1.0
7,15,3.780313622801588,1.7720257074401753,0.0,1.0,0.0,0.0,1.0,0.0
8,15,11.090413746653606,1.083982254078455,1.0,0.0,0.0,0.0,0.0,0.0
9,15,0.0,10.95020365663497,1.0,0.0,0.0,0.0,0.0,1.0
10,15,6.848335767406362,9.124168893807257,0.0,0.0,0.0,1.0,0.0,0.0
11,15,6.17322585950842,8.749174999961266,0.0,0.0,1.0,0.0,1.0,0.0
12,15,0.238849138140665,0.0360246267867617,1.0,1.0,0.0,0.0,1.0,1.0
13,15,8.833024939613837,3.927110640883477,1.0,0.0,1.0,1.0,0.0,1.0
14,15,6.6675658073056185,11.99261565818888,0.0,1.0,1.0,1.0,1.0,0.0
15,15,5.765725329770923,2.9683548036245893,0.0,0.0,0.0,0.0,0.0,1.0
16,15,11.99696678881086,1.8786647512058223,0.0,1.0,1.0,0.0,0.0,0.0
17,15,8.156475815601157,0.8206021390467684,0.0,0.0,1.0,1.0,1.0,1.0
18,15,6.03315490014356,7.2334494567398355,0.0,1.0,0.0,0.0,1.0,0.0
19,15,2.0253072772273715,7.19249894770449,0.0,0.0,0.0,0.0,0.0,0.0
20,15,9.142278177162408,11.106094183158229,1.0,0.0,1.0,1.0,0.0,1.0
21,15,4.78152792240427,8.142613126498937,1.0,0.0,1.0,0.0,0.0,0.0
22,15,11.747962948543906,0.2045654767287066,0.0,1.0,0.0,0.0,1.0,0.0
23,15,7.750031076285444,0.0383549779759296,0.0,0.0,0.0,0.0,1.0,1.0
24,15,1.1115323123310392,0.7601186484342152,0.0,0.0,0.0,0.0,0.0,1.0
25,15,6.905839112512791,9.891365902752748,0.0,1.0,0.0,0.0,0.0,1.0
26,15,0.7532947141412192,0.0,0.0,0.0,0.0,0.0,1.0,0.0
27,15,0.0,7.899825464898609,1.0,1.0,0.0,1.0,0.0,0.0
28,15,2.763004259482316,3.871139026939327,0.0,1.0,1.0,0.0,0.0,0.0
29,15,9.920019422995862,8.940662584925407,1.0,0.0,0.0,0.0,0.0,0.0
30,15,5.725762340193672,7.002945142839236,1.0,1.0,0.0,0.0,1.0,0.0
31,15,5.944701602428736,1.161989785829369,1.0,1.0,0.0,1.0,1.0,1.0
32,15,12.0,8.072455476483231,1.0,0.0,1.0,0.0,1.0,1.0
33,15,3.837785269875133,10.735472742805268,0.0,1.0,0.0,0.0,1.0,1.0
34,15,0.0,7.144439060140615,0.0,0.0,0.0,0.0,0.0,0.0
35,15,1.0762079638062907,0.0,0.0,1.0,1.0,0.0,0.0,0.0
36,15,8.778349304372606,11.889031758375904,0.0,0.0,0.0,1.0,1.0,1.0
37,15,8.053620615202696,8.825183255546712,0.0,0.0,1.0,1.0,0.0,1.0
38,15,3.069077312437288,8.030784127102699,1.0,0.0,1.0,0.0,1.0,0.0
39,15,4.195163013862159,4.879201952759843,1.0,1.0,1.0,1.0,1.0,0.0
0,20,9.083413119321149,6.743048910252292,1.0,1.0,1.0,0.0,1.0,0.0
1,20,9.279598715915624,6.236188474515336,1.0,0.0,0.0,0.0,0.0,0.0
2,20,2.97691358308677,3.7441017694830014,0.0,0.0,1.0,0.0,0.0,0.0
3,20,4.722745975663285,5.076165367647023,0.0,1.0,1.0,0.0,0.0,0.0
4,20,8.960491321369243,5.777266770505033,1.0,0.0,1.0,0.0,0.0,1.0
5,20,9.813342581076544,12.0,0.0,1.0,0.0,1.0,1.0,1.0
6,20,5.789605323058118,2.263990087964708,0.0,0.0,0.0,0.0,0.0,1.0
7,20,3.726717103971294,1.7227786541744068,0.0,1.0,0.0,0.0,1.0,0.0
8,20,11.091999488708677,1.0954649018325242,1.0,0.0,0.0,0.0,0.0,0.0
9,20,0.0,10.938434821361618,1.0,0.0,0.0,0.0,0.0,1.0
10,20,6.796705499244749,9.16626907633816,0.0,0.0,0.0,1.0,0.0,0.0
11,20,6.224325569501587,8.674986263723135,0.0,0.0,1.0,0.0,1.0,0.0
12,20,0.3141443660580795,0.0498437399278544,1.0,1.0,0.0,0.0,1.0,1.0
13,20,8.80259699032212,3.9127024741441816,1.0,0.0,1.0,1.0,0.0,1.0
14,20,6.607004552734307,11.990838166681414,0.0,1.0,1.0,1.0,1.0,0.0
15,20,5.682987430700322,2.9577106173049748,0.0,0.0,0.0,0.0,0.0,1.0
16,20,11.997911783440872,1.8955515237868008,0.0,1.0,1.0,0.0,0.0,0.0
17,20,8.195160940589252,0.774533295311784,0.0,0.0,1.0,1.0,1.0,1.0
18,20,6.041019807367928,7.301564181821952,0.0,1.0,0.0,0.0,1.0,0.0
19,20,2.033005221686314,7.256704666096197,0.0,0.0,0.0,0.0,0.0,0.0
20,20,9.164268459071677,11.122223280444524,1.0,0.0,1.0,1.0,0.0,1.0
21,20,4.809764906532885,8.189251062580684,1.0,0.0,1.0,0.0,0.0,0.0
22,20,11.654376966717813,0.2777530027720233,0.0,1.0,0.0,0.0,1.0,0.0
23,20,7.674075911035522,0.0537583579402505,0.0,0.0,0.0,0.0,1.0,1.0
24,20,1.148608725250988,0.6817988712738531,0.0,0.0,0.0,0.0,0.0,1.0
25,20,6.8787078478850585,9.859263629230307,0.0,1.0,0.0,0.0,0.0,1.0
26,20,0.6643498815327076,0.0,0.0,0.0,0.0,0.0,1.0,0.0
27,20,0.0,7.871031032807839,1.0,1.0,0.0,1.0,0.0,0.0
28,20,2.690412607575203,3.8272691585154086,0.0,1.0,1.0,0.0,0.0,0.0
29,20,9.889251899355704,8.917916367913897,1.0,0.0,0.0,0.0,0.0,0.0
30,20,5.623814950618453,7.000792776840928,1.0,1.0,0.0,0.0,1.0,0.0
31,20,5.94093310310829,1.1737817562667558,1.0,1.0,0.0,1.0,1.0,1.0
32,20,12.0,8.105981249690242,1.0,0.0,1.0,0.0,1.0,1.0
33,20,3.785568490925537,10.647512053299918,0.0,1.0,0.0,0.0,1.0,1.0
34,20,0.0,7.151052567706519,0.0,0.0,0.0,0.0,0.0,0.0
35,20,1.1041358458722388,0.0,0.0,1.0,1.0,0.0,0.0,0.0
36,20,8.704458745105663,11.851681897405037,0.0,0.0,0.0,1.0,1.0,1.0
37,20,8.054917026072577,8.820891464090113,0.0,0.0,1.0,1.0,0.0,1.0
38,20,3.089909709574828,8.038587931828737,1.0,0.0,1.0,0.0,1.0,0.0
39,20,4.236730915378015,4.8547292224808976,1.0,1.0,1.0,1.0,1.0,0.0
0,25,9.102289881542536,6.685163047134265,1.0,1.0,1.0,0.0,1.0,0.0
1,25,9.332831794517192,6.283300021118142,1.0,0.0,0.0,0.0,0.0,0.0
2,25,2.9741940027111173,3.711965745319169,0.0,0.0,1.0,0.0,0.0,0.0
3,25,4.655620842869851,5.094799093104504,0.0,1.0,1.0,0.0,0.0,0.0
4,25,8.952960018645754,5.730114042536078,1.0,0.0,1.0,0.0,0.0,1.0
5,25,9.75915443460072,12.0,0.0,1.0,0.0,1.0,1.0,1.0
6,25,5.741702090046972,2.3269010182148007,0.0,0.0,0.0,0.0,0.0,1.0
7,25,3.6740900669215306,1.674636723132085,0.0,1.0,0.0,0.0,1.0,0.0
8,25,11.096567215955869,1.1306356134872253,1.0,0.0,0.0,0.0,0.0,0.0
9,25,0.0111183381076544,10.89452913955287,1.0,0.0,0.0,0.0,0.0,1.0
10,25,6.753327045232083,9.20043111096732,0.0,0.0,0.0,1.0,0.0,0.0
11,25,6.276268623994817,8.60034597465653,0.0,0.0,1.0,0.0,1.0,0.0
12,25,0.3915636826460264,0.0629911221296608,1.0,1.0,0.0,0.0,1.0,1.0
13,25,8.752629132629481,3.888482493996301,1.0,0.0,1.0,1.0,0.0,1.0
14,25,6.534657807053252,11.989517302046398,0.0,1.0,1.0,1.0,1.0,0.0
15,25,5.602296764928221,2.9460227618204056,0.0,0.0,0.0,0.0,0.0,1.0
16,25,11.999299954111688,1.9129906324022763,0.0,1.0,1.0,0.0,0.0,0.0
17,25,8.231177368412492,0.7346142297354182,0.0,0.0,1.0,1.0,1.0,1.0
18,25,6.047099989809048,7.359632865921859,0.0,1.0,0.0,0.0,1.0,0.0
19,25,2.042752658668402,7.342338932738194,0.0,0.0,0.0,0.0,0.0,0.0
20,25,9.185691697269377,11.137915554765096,1.0,0.0,1.0,1.0,0.0,1.0
21,25,4.839614130499842,8.235181707217956,1.0,0.0,1.0,0.0,0.0,0.0
22,25,11.5522975548675,0.3644400579656024,0.0,1.0,0.0,0.0,1.0,0.0
23,25,7.5889947679037695,0.0708324275311571,0.0,0.0,0.0,0.0,1.0,1.0
24,25,1.1988122956363616,0.5827961458165043,0.0,0.0,0.0,0.0,0.0,1.0
25,25,6.849308161013433,9.823006237597644,0.0,1.0,0.0,0.0,0.0,1.0
26,25,0.5707350063906557,0.0,0.0,0.0,0.0,0.0,1.0,0.0
27,25,0.0,7.841955430241289,1.0,1.0,0.0,1.0,0.0,0.0
28,25,2.620728504476065,3.786907348330079,0.0,1.0,1.0,0.0,0.0,0.0
29,25,9.857518288657335,8.893763846681976,1.0,0.0,0.0,0.0,0.0,0.0
30,25,5.500777989074227,6.993883909480418,1.0,1.0,0.0,0.0,1.0,0.0
31,25,5.939690800739129,1.1781977921045197,1.0,1.0,0.0,1.0,1.0,1.0
32,25,12.0,8.140032700602937,1.0,0.0,1.0,0.0,1.0,1.0
33,25,3.729590190915164,10.550944573621656,0.0,1.0,0.0,0.0,1.0,1.0
34,25,0.0,7.183088717698949,0.0,0.0,0.0,0.0,0.0,0.0
35,25,1.124304504916657,0.0,0.0,1.0,1.0,0.0,0.0,0.0
36,25,8.634783717698962,11.81773035855781,0.0,0.0,0.0,1.0,1.0,1.0
37,25,8.056125249199,8.817179143912258,0.0,0.0,1.0,1.0,0.0,1.0
38,25,3.132242994060248,8.05486264995359,1.0,0.0,1.0,0.0,1.0,0.0
39,25,4.27206216103234,4.833223486443139,1.0,1.0,1.0,1.0,1.0,0.0
0,30,9.12332830509532,6.620445585269692,1.0,1.0,1.0,0.0,1.0,0.0
1,30,9.378005306546346,6.324376437184199,1.0,0.0,0.0,0.0,0.0,0.0
2,30,2.9711172250487685,3.6780434272431415,0.0,0.0,1.0,0.0,0.0,0.0
3,30,4.585082922299891,5.113870186534282,0.0,1.0,1.0,0.0,0.0,0.0
4,30,8.946016023635714,5.6814842902796885,1.0,0.0,1.0,0.0,0.0,1.0
5,30,9.70422885246558,12.0,0.0,1.0,0.0,1.0,1.0,1.0
6,30,5.697939052474716,2.383329665633257,0.0,0.0,0.0,0.0,0.0,1.0
7,30,3.6284431014388168,1.6357226672381993,0.0,1.0,0.0,0.0,1.0,0.0
8,30,11.102420831802384,1.1784435383233856,1.0,0.0,0.0,0.0,0.0,0.0
9,30,0.0216567618049767,10.852657084928344,1.0,0.0,0.0,0.0,0.0,1.0
10,30,6.692466809406126,9.247737766510962,0.0,0.0,0.0,1.0,0.0,0.0
11,30,6.319522154256133,8.538154350924785,0.0,0.0,1.0,0.0,1.0,0.0
12,30,0.4653135885663884,0.0752655325534309,1.0,1.0,0.0,0.0,1.0,1.0
13,30,8.699705643513798,3.862087145649034,1.0,0.0,1.0,1.0,0.0,1.0
14,30,6.448209432277839,11.988729238551135,0.0,1.0,1.0,1.0,1.0,0.0
15,30,5.523109966558969,2.933171531399782,0.0,0.0,0.0,0.0,0.0,1.0
16,30,12.0,1.9514682031682808,0.0,1.0,1.0,0.0,0.0,0.0
17,30,8.271639912777337,0.6885636008252776,0.0,0.0,1.0,1.0,1.0,1.0
18,30,6.011081542623027,7.363981317758958,0.0,1.0,0.0,0.0,1.0,0.0
19,30,2.051091220055496,7.415268882978499,0.0,0.0,0.0,0.0,0.0,0.0
20,30,9.228012590605134,11.169009444894234,1.0,0.0,1.0,1.0,0.0,1.0
21,30,4.87140934524513,8.285885749750587,1.0,0.0,1.0,0.0,0.0,0.0
22,30,11.425659469598214,0.4701159484813663,0.0,1.0,0.0,0.0,1.0,0.0
23,30,7.483837098326821,0.0904811437544877,0.0,0.0,0.0,0.0,1.0,1.0
24,30,1.2480978125049331,0.4855377774248075,0.0,0.0,0.0,0.0,0.0,1.0
25,30,6.816210742107492,9.781751231653445,0.0,1.0,0.0,0.0,0.0,1.0
26,30,0.4692093746223947,0.0,0.0,0.0,0.0,0.0,1.0,0.0
27,30,0.0,7.800682647694083,1.0,1.0,0.0,1.0,0.0,0.0
28,30,2.554423343311876,3.746896639454019,0.0,1.0,1.0,0.0,0.0,0.0
29,30,9.81415306030138,8.861297766034902,1.0,0.0,0.0,0.0,0.0,0.0
30,30,5.3726425662705,6.990298623086224,1.0,1.0,0.0,0.0,1.0,0.0
31,30,5.937534405689427,1.1855859294910105,1.0,1.0,0.0,1.0,1.0,1.0
32,30,12.0,8.172591157392544,1.0,0.0,1.0,0.0,1.0,1.0
33,30,3.671410957355527,10.45386004194716,0.0,1.0,0.0,0.0,1.0,1.0
34,30,0.0,7.215683481577197,0.0,0.0,0.0,0.0,0.0,0.0
35,30,1.1458241416265371,0.0,0.0,1.0,1.0,0.0,0.0,0.0
36,30,8.55598148696062,11.779395349973534,0.0,0.0,0.0,1.0,1.0,1.0
37,30,8.053030649510143,8.827088716178201,0.0,0.0,1.0,1.0,0.0,1.0
38,30,3.197004916783811,8.079672904619285,1.0,0.0,1.0,0.0,1.0,0.0
39,30,4.312790632286493,4.808796479639885,1.0,1.0,1.0,1.0,1.0,0.0
0,35,9.14443803339128,6.556779204072158,1.0,1.0,1.0,0.0,1.0,0.0
1,35,9.421567514455232,6.364936753148586,1.0,0.0,0.0,0.0,0.0,0.0
2,35,2.968562707226277,3.6448545579809615,0.0,0.0,1.0,0.0,0.0,0.0
3,35,4.496208260398895,5.138279393793031,0.0,1.0,1.0,0.0,0.0,0.0
4,35,8.941740440930955,5.64761450788078,1.0,0.0,1.0,0.0,0.0,1.0
5,35,9.638928145161644,12.0,0.0,1.0,0.0,1.0,1.0,1.0
6,35,5.657744428692958,2.433659958145942,0.0,0.0,0.0,0.0,0.0,1.0
7,35,3.593761936658161,1.606906574707131,0.0,1.0,0.0,0.0,1.0,0.0
8,35,11.10592938056246,1.2093880267073625,1.0,0.0,0.0,0.0,0.0,0.0
9,35,0.03235452578063,10.812250353077948,1.0,0.0,0.0,0.0,0.0,1.0
10,35,6.627685866222546,9.298064962881837,0.0,0.0,0.0,1.0,0.0,0.0
11,35,6.35184894172118,8.492969011254822,0.0,0.0,1.0,0.0,1.0,0.0
12,35,0.5311856130282431,0.0866677677622589,1.0,1.0,0.0,0.0,1.0,1.0
13,35,8.637525022386237,3.8326034845999706,1.0,0.0,1.0,1.0,0.0,1.0
14,35,6.37639784420204,11.988355455992108,0.0,1.0,1.0,1.0,1.0,0.0
15,35,5.443197722999313,2.9194442962710543,0.0,0.0,0.0,0.0,0.0,1.0
16,35,12.0,2.0094642342945432,0.0,1.0,1.0,0.0,0.0,0.0
17,35,8.312466168118762,0.6432289563140743,0.0,0.0,1.0,1.0,1.0,1.0
18,35,5.966305870892281,7.369006057407242,0.0,1.0,0.0,0.0,1.0,0.0
19,35,2.058886033779535,7.490820524381856,0.0,0.0,0.0,0.0,0.0,0.0
20,35,9.288507896305193,11.214105079574004,1.0,0.0,1.0,1.0,0.0,1.0
21,35,4.900888051428521,8.332139924212717,1.0,0.0,1.0,0.0,0.0,0.0
22,35,11.297917406066512,0.5810767342760197,0.0,1.0,0.0,0.0,1.0,0.0
23,35,7.354658703085914,0.1158524182494663,0.0,0.0,0.0,0.0,1.0,1.0
24,35,1.301626823016626,0.3784648366009868,0.0,0.0,0.0,0.0,0.0,1.0
25,35,6.770859360943927,9.724796590741986,0.0,1.0,0.0,0.0,0.0,1.0
26,35,0.361811355076587,0.0,0.0,0.0,0.0,0.0,1.0,0.0
27,35,0.0,7.7605601422869235,1.0,1.0,0.0,1.0,0.0,0.0
28,35,2.468237918130629,3.695122968926035,0.0,1.0,1.0,0.0,0.0,0.0
29,35,9.780053284468806,8.834590098910988,1.0,0.0,0.0,0.0,0.0,0.0
30,35,5.235423615586647,6.986295668149615,1.0,1.0,0.0,0.0,1.0,0.0
31,35,5.928596903499783,1.2177253128743448,1.0,1.0,0.0,1.0,1.0,1.0
32,35,12.0,8.204659534748197,1.0,0.0,1.0,0.0,1.0,1.0
33,35,3.621366185916349,10.373763959668238,0.0,1.0,0.0,0.0,1.0,1.0
34,35,0.0,7.250123337818806,0.0,0.0,0.0,0.0,0.0,0.0
35,35,1.1638788270544884,0.0,0.0,1.0,1.0,0.0,0.0,0.0
36,35,8.478065122935405,11.737977750324552,0.0,0.0,0.0,1.0,1.0,1.0
37,35,8.050225756413171,8.836224324355218,0.0,0.0,1.0,1.0,0.0,1.0
38,35,3.2637793582336343,8.103548449244945,1.0,0.0,1.0,0.0,1.0,0.0
39,35,4.360343873721083,4.77808983277561,1.0,1.0,1.0,1.0,1.0,0.0
0,40,9.157328730297502,6.514809558113063,1.0,1.0,1.0,0.0,1.0,0.0
1,40,9.47284795390184,6.412106679450794,1.0,0.0,0.0,0.0,0.0,0.0
2,40,2.964331535150329,3.5926560240944534,0.0,0.0,1.0,0.0,0.0,0.0
3,40,4.40232831113928,5.166311053634972,0.0,1.0,1.0,0.0,0.0,0.0
4,40,8.936856200626512,5.613106809858346,1.0,0.0,1.0,0.0,0.0,1.0
5,40,9.569114158704076,12.0,0.0,1.0,0.0,1.0,1.0,1.0
6,40,5.615661541549863,2.48422131608273,0.0,0.0,0.0,0.0,0.0,1.0
7,40,3.550277880546618,1.573503753802172,0.0,1.0,0.0,0.0,1.0,0.0
8,40,11.110643420759596,1.24590064669902,1.0,0.0,0.0,0.0,0.0,0.0
9,40,0.0468273129011891,10.757520858729988,1.0,0.0,0.0,0.0,0.0,1.0
10,40,6.552314688112055,9.356782479538644,0.0,0.0,0.0,1.0,0.0,0.0
11,40,6.382441988826407,8.4511693381646,0.0,0.0,1.0,0.0,1.0,0.0
12,40,0.6133042915472016,0.1022742437695458,1.0,1.0,0.0,0.0,1.0,1.0
13,40,8.574468034760372,3.8019068858883474,1.0,0.0,1.0,1.0,0.0,1.0
14,40,6.3036652010427385,11.9894038338677,0.0,1.0,1.0,1.0,1.0,0.0
15,40,5.38339405436792,2.9099949149927937,0.0,0.0,0.0,0.0,0.0,1.0
16,40,12.0,2.074525825655746,0.0,1.0,1.0,0.0,0.0,0.0
17,40,8.359798356209401,0.5923867379084939,0.0,0.0,1.0,1.0,1.0,1.0
18,40,5.901352965012288,7.376519690815206,0.0,1.0,0.0,0.0,1.0,0.0
19,40,2.066159115965872,7.553822737142829,0.0,0.0,0.0,0.0,0.0,0.0
20,40,9.337965691314691,11.250925564065788,1.0,0.0,1.0,1.0,0.0,1.0
21,40,4.911979930751101,8.349375083476819,1.0,0.0,1.0,0.0,0.0,0.0
22,40,11.163276214548327,0.691696786295729,0.0,1.0,0.0,0.0,1.0,0.0
23,40,7.201378185864726,0.1481869996644361,0.0,0.0,0.0,0.0,1.0,1.0
24,40,1.3501928295765817,0.2726120482240701,0.0,0.0,0.0,0.0,0.0,1.0
25,40,6.728550814831895,9.673294721015017,0.0,1.0,0.0,0.0,0.0,1.0
26,40,0.2767275720362532,0.0,0.0,0.0,0.0,0.0,1.0,0.0
27,40,0.0,7.724841593723984,1.0,1.0,0.0,1.0,0.0,0.0
28,40,2.3885521318666045,3.64865337318526,0.0,1.0,1.0,0.0,0.0,0.0
29,40,9.75689663064642,8.817586164364837,1.0,0.0,0.0,0.0,0.0,0.0
30,40,5.087935569805997,6.982834131615249,1.0,1.0,0.0,0.0,1.0,0.0
31,40,5.9169772487219845,1.2573621683810363,1.0,1.0,0.0,1.0,1.0,1.0
32,40,12.0,8.235270892509735,1.0,0.0,1.0,0.0,1.0,1.0
33,40,3.5594456473566622,10.280340617752955,0.0,1.0,0.0,0.0,1.0,1.0
34,40,0.0,7.287684374911055,0.0,0.0,0.0,0.0,0.0,0.0
35,40,1.1818220640211807,0.0,0.0,1.0,1.0,0.0,0.0,0.0
36,40,8.396009340753281,11.69480102801208,0.0,0.0,0.0,1.0,1.0,1.0
37,40,8.048385002429145,8.842692682743062,0.0,0.0,1.0,1.0,0.0,1.0
38,40,3.3364375030338924,8.135116731321665,1.0,0.0,1.0,0.0,1.0,0.0
39,40,4.40342003472927,4.7515393943631965,1.0,1.0,1.0,1.0,1.0,0.0
0,45,9.16848653755749,6.476131359419852,1.0,1.0,1.0,0.0,1.0,0.0
1,45,9.526024886415092,6.462098689345458,1.0,0.0,0.0,0.0,0.0,0.0
2,45,2.9603102783493966,3.544719465399826,0.0,0.0,1.0,0.0,0.0,0.0
3,45,4.30707602835708,5.195902173511092,0.0,1.0,1.0,0.0,0.0,0.0
4,45,8.931774263041438,5.574931329617352,1.0,0.0,1.0,0.0,0.0,1.0
5,45,9.505841463775347,12.0,0.0,1.0,0.0,1.0,1.0,1.0
6,45,5.567298433567361,2.5413724497399985,0.0,0.0,0.0,0.0,0.0,1.0
7,45,3.5424309600681494,1.5671604594796391,0.0,1.0,0.0,0.0,1.0,0.0
8,45,11.112855866957483,1.263555566084753,1.0,0.0,0.0,0.0,0.0,0.0
9,45,0.059946227997408,10.713118528827575,1.0,0.0,0.0,0.0,0.0,1.0
10,45,6.492573565677319,9.405485265557218,0.0,0.0,0.0,1.0,0.0,0.0
11,45,6.40269981664557,8.423087552768665,0.0,0.0,1.0,0.0,1.0,0.0
12,45,0.7070344634730457,0.1216347584764445,1.0,1.0,0.0,0.0,1.0,1.0
13,45,8.522536994053024,3.7733105535864335,1.0,0.0,1.0,1.0,0.0,1.0
14,45,6.260456961559534,11.992331151985212,0.0,1.0,1.0,1.0,1.0,0.0
15,45,5.324786308528068,2.901987481580285,0.0,0.0,0.0,0.0,0.0,1.0
16,45,12.0,2.173836885376353,0.0,1.0,1.0,0.0,0.0,0.0
17,45,8.404966187820976,0.5472368653559887,0.0,0.0,1.0,1.0,1.0,1.0
18,45,5.824484411809283,7.385915783798905,0.0,1.0,0.0,0.0,1.0,0.0
19,45,2.0726984567445523,7.615109788270222,0.0,0.0,0.0,0.0,0.0,0.0
20,45,9.373550187110196,11.279307145235634,1.0,0.0,1.0,1.0,0.0,1.0
21,45,4.925384008048641,8.368788831062508,1.0,0.0,1.0,0.0,0.0,0.0
22,45,11.054852421681998,0.7832111555855548,0.0,1.0,0.0,0.0,1.0,0.0
23,45,7.033529469647177,0.1798243788570608,0.0,0.0,0.0,0.0,1.0,1.0
24,45,1.3971744500022791,0.1683191389700999,0.0,0.0,0.0,0.0,0.0,1.0
25,45,6.670373917140822,9.602432055661094,0.0,1.0,0.0,0.0,0.0,1.0
26,45,0.1834797549762833,0.0,0.0,0.0,0.0,0.0,1.0,0.0
27,45,0.0,7.694577738539699,1.0,1.0,0.0,1.0,0.0,0.0
28,45,2.3078179579361704,3.601157036130931,0.0,1.0,1.0,0.0,0.0,0.0
29,45,9.723378403497469,8.794648067668156,1.0,0.0,0.0,0.0,0.0,0.0
30,45,4.94945571913312,6.976090910658688,1.0,1.0,0.0,0.0,1.0,0.0
31,45,5.905261103592587,1.2958426404429126,1.0,1.0,0.0,1.0,1.0,1.0
32,45,12.0,8.27035921152554,1.0,0.0,1.0,0.0,1.0,1.0
33,45,3.4856011649438283,10.176275958580929,0.0,1.0,0.0,0.0,1.0,1.0
34,45,0.0,7.337608958118651,0.0,0.0,0.0,0.0,0.0,0.0
35,45,1.1938637607272713,0.0,0.0,1.0,1.0,0.0,0.0,0.0
36,45,8.34874337477125,11.669177525845695,0.0,0.0,0.0,1.0,1.0,1.0
37,45,8.04983405564627,8.837626862888227,0.0,0.0,1.0,1.0,0.0,1.0
38,45,3.404745444964098,8.162567056553145,1.0,0.0,1.0,0.0,1.0,0.0
39,45,4.424605087993789,4.739649870692261,1.0,1.0,1.0,1.0,1.0,0.0
0,50,9.18230452587546,6.425012040714002,1.0,1.0,1.0,0.0,1.0,0.0
1,50,9.57822678069532,6.509685954951526,1.0,0.0,0.0,0.0,0.0,0.0
2,50,2.9579105976599105,3.51632418833469,0.0,0.0,1.0,0.0,0.0,0.0
3,50,4.228726384873184,5.218514720593898,0.0,1.0,1.0,0.0,0.0,0.0
4,50,8.923024043542739,5.520074039304822,1.0,0.0,1.0,0.0,0.0,1.0
5,50,9.45004981639604,12.0,0.0,1.0,0.0,1.0,1.0,1.0
6,50,5.522487266440298,2.5928552033912915,0.0,0.0,0.0,0.0,0.0,1.0
7,50,3.5436263093566414,1.5681722455400486,0.0,1.0,0.0,0.0,1.0,0.0
8,50,11.11665729466684,1.3022679173047156,1.0,0.0,0.0,0.0,0.0,0.0
9,50,0.0705851501106816,10.677428522544448,1.0,0.0,0.0,0.0,0.0,1.0
10,50,6.422953019424731,9.46419516633324,0.0,0.0,0.0,1.0,0.0,0.0
11,50,6.410092953312768,8.413104953745162,0.0,0.0,1.0,0.0,1.0,0.0
12,50,0.7912764512672649,0.1398744304706825,1.0,1.0,0.0,0.0,1.0,1.0
13,50,8.453224511935629,3.733525559359084,1.0,0.0,1.0,1.0,0.0,1.0
14,50,6.212439790208078,11.995233350954525,0.0,1.0,1.0,1.0,1.0,0.0
15,50,5.270607706824753,2.8955767130741044,0.0,0.0,0.0,0.0,0.0,1.0
16,50,12.0,2.2506712387801,0.0,1.0,1.0,0.0,0.0,0.0
17,50,8.465753499796891,0.4885295390912976,0.0,0.0,1.0,1.0,1.0,1.0
18,50,5.741528556226877,7.393812086044176,0.0,1.0,0.0,0.0,1.0,0.0
19,50,2.077322703085998,7.678902448598036,0.0,0.0,0.0,0.0,0.0,0.0
20,50,9.396530148154657,11.297873785647962,1.0,0.0,1.0,1.0,0.0,1.0
21,50,4.937663168663049,8.386976205337138,1.0,0.0,1.0,0.0,0.0,0.0
22,50,10.942044664875995,0.8803773360476939,0.0,1.0,0.0,0.0,1.0,0.0
23,50,6.871032466423876,0.2120048147715831,0.0,0.0,0.0,0.0,1.0,1.0
24,50,1.4540488630987956,0.0490501476686646,0.0,0.0,0.0,0.0,0.0,1.0
25,50,6.6160335442262825,9.533579969850024,0.0,1.0,0.0,0.0,0.0,1.0
26,50,0.0816551143565355,0.0,0.0,0.0,0.0,0.0,1.0,0.0
27,50,0.0,7.652477121896252,1.0,1.0,0.0,1.0,0.0,0.0
28,50,2.219254806925997,3.5470358398963238,0.0,1.0,1.0,0.0,0.0,0.0
29,50,9.687424613693548,8.770499604563412,1.0,0.0,0.0,0.0,0.0,0.0
30,50,4.805834777259912,6.966494406333256,1.0,1.0,0.0,0.0,1.0,0.0
31,50,5.889802212576953,1.3433827263474265,1.0,1.0,0.0,1.0,1.0,1.0
32,50,12.0,8.31026839345027,1.0,0.0,1.0,0.0,1.0,1.0
33,50,3.40778158771061,10.062689026541449,0.0,1.0,0.0,0.0,1.0,1.0
34,50,0.0,7.366029331491584,0.0,0.0,0.0,0.0,0.0,0.0
35,50,1.2016639689219697,0.0,0.0,1.0,1.0,0.0,0.0,0.0
36,50,8.292185900315861,11.638333302719904,0.0,0.0,0.0,1.0,1.0,1.0
37,50,8.051445470186659,8.832576046711672,0.0,0.0,1.0,1.0,0.0,1.0
38,50,3.4816905835269414,8.19183646314405,1.0,0.0,1.0,0.0,1.0,0.0
39,50,4.435714314652111,4.733383984865698,1.0,1.0,1.0,1.0,1.0,0.0
0,55,9.192278858246093,6.388915478281507,1.0,1.0,1.0,0.0,1.0,0.0
1,55,9.62608555279702,6.553579212859868,1.0,0.0,0.0,0.0,0.0,0.0
2,55,2.953795180610781,3.463143301571197,0.0,0.0,1.0,0.0,0.0,0.0
3,55,4.136553290586509,5.246280743558051,0.0,1.0,1.0,0.0,0.0,0.0
4,55,8.913837183248702,5.462137078489561,1.0,0.0,1.0,0.0,0.0,1.0
5,55,9.394948532843914,12.0,0.0,1.0,0.0,1.0,1.0,1.0
6,55,5.472973612622219,2.650256635395785,0.0,0.0,0.0,0.0,0.0,1.0
7,55,3.5365955888022453,1.5621762923283846,0.0,1.0,0.0,0.0,1.0,0.0
8,55,11.119904477537974,1.3369304441416312,1.0,0.0,0.0,0.0,0.0,0.0
9,55,0.0782730060677038,10.651543502886993,1.0,0.0,0.0,0.0,0.0,1.0
10,55,6.3654869655518365,9.510811182914402,0.0,0.0,0.0,1.0,0.0,0.0
11,55,6.41476983160611,8.406553359628072,0.0,0.0,1.0,0.0,1.0,0.0
12,55,0.8642726210081629,0.154390017713342,1.0,1.0,0.0,0.0,1.0,1.0
13,55,8.40543568554005,3.705887905641077,1.0,0.0,1.0,1.0,0.0,1.0
14,55,6.177359768526691,11.996841826300155,0.0,1.0,1.0,1.0,1.0,0.0
15,55,5.215587689644853,2.88938315299731,0.0,0.0,0.0,0.0,0.0,1.0
16,55,12.0,2.327577927418793,0.0,1.0,1.0,0.0,0.0,0.0
17,55,8.52261536445104,0.4341976278894676,0.0,0.0,1.0,1.0,1.0,1.0
18,55,5.659336587377201,7.400481398307386,0.0,1.0,0.0,0.0,1.0,0.0
19,55,2.081865314457008,7.760526162091705,0.0,0.0,0.0,0.0,0.0,0.0
20,55,9.405981753528248,11.30518764004702,1.0,0.0,1.0,1.0,0.0,1.0
21,55,4.954023879035787,8.411980261730495,1.0,0.0,1.0,0.0,0.0,0.0
22,55,10.833081285371565,0.9730095708956548,0.0,1.0,0.0,0.0,1.0,0.0
23,55,6.735528473313506,0.2376287562012878,0.0,0.0,0.0,0.0,1.0,1.0
24,55,1.5065120212713834,0.0,0.0,0.0,0.0,0.0,0.0,1.0
25,55,6.568458195639829,9.473179373102806,0.0,1.0,0.0,0.0,0.0,1.0
26,55,0.0,0.0,0.0,0.0,0.0,0.0,1.0,0.0
27,55,0.0,7.608562195717698,1.0,1.0,0.0,1.0,0.0,0.0
28,55,2.119819817409237,3.488734810156451,0.0,1.0,1.0,0.0,0.0,0.0
29,55,9.649174836426068,8.744770797024955,1.0,0.0,0.0,0.0,0.0,0.0
30,55,4.675354450979946,6.9553089738696094,1.0,1.0,0.0,0.0,1.0,0.0
31,55,5.874519261349762,1.3877875663296304,1.0,1.0,0.0,1.0,1.0,1.0
32,55,12.0,8.353937860427703,1.0,0.0,1.0,0.0,1.0,1.0
33,55,3.3073240174224723,9.916693945836826,0.0,1.0,0.0,0.0,1.0,1.0
34,55,0.0,7.373927565412203,0.0,0.0,0.0,0.0,0.0,0.0
35,55,1.209642049386184,0.0,0.0,1.0,1.0,0.0,0.0,0.0
36,55,8.248345318962391,11.613007383033,0.0,0.0,0.0,1.0,1.0,1.0
37,55,8.04561077213999,8.85205203525771,0.0,0.0,1.0,1.0,0.0,1.0
38,55,3.565440732657963,8.226547877627484,1.0,0.0,1.0,0.0,1.0,0.0
39,55,4.455120236541365,4.722630830456035,1.0,1.0,1.0,1.0,1.0,0.0
0,60,9.19419772252191,6.381734156203422,1.0,1.0,1.0,0.0,1.0,0.0
1,60,9.67992053547088,6.6015933760812695,1.0,0.0,0.0,0.0,0.0,0.0
2,60,2.948958281530743,3.3996247366251664,0.0,0.0,1.0,0.0,0.0,0.0
3,60,4.030503581423516,5.277607076988706,0.0,1.0,1.0,0.0,0.0,0.0
4,60,8.908653408331318,5.429176035713604,1.0,0.0,1.0,0.0,0.0,1.0
5,60,9.323460742408267,12.0,0.0,1.0,0.0,1.0,1.0,1.0
6,60,5.423310051748098,2.7070844697025374,0.0,0.0,0.0,0.0,0.0,1.0
7,60,3.516756602978712,1.5452536529167975,0.0,1.0,0.0,0.0,1.0,0.0
8,60,11.124493296280695,1.381622495496771,1.0,0.0,0.0,0.0,0.0,0.0
9,60,0.0846164645198162,10.63030219367884,1.0,0.0,0.0,0.0,0.0,1.0
10,60,6.298156289855424,9.567493575795984,0.0,0.0,0.0,1.0,0.0,0.0
11,60,6.423173098318479,8.394781829270547,0.0,0.0,1.0,0.0,1.0,0.0
12,60,0.9139375098373176,0.163216387820141,1.0,1.0,0.0,0.0,1.0,1.0
13,60,8.370365837051043,3.6854483756276784,1.0,0.0,1.0,1.0,0.0,1.0
14,60,6.128111897809276,11.99841441891912,0.0,1.0,1.0,1.0,1.0,0.0
15,60,5.15967752023015,2.8831349553861108,0.0,0.0,0.0,0.0,0.0,1.0
16,60,12.0,2.404648125463769,0.0,1.0,1.0,0.0,0.0,0.0
17,60,8.580994940075493,0.3770396718858241,0.0,0.0,1.0,1.0,1.0,1.0
18,60,5.57241171318004,7.407054417852125,0.0,1.0,0.0,0.0,1.0,0.0
19,60,2.086491582936288,7.868367281272349,0.0,0.0,0.0,0.0,0.0,0.0
20,60,9.421526579702272,11.317064724146917,1.0,0.0,1.0,1.0,0.0,1.0
21,60,4.964430851495916,8.427522718302285,1.0,0.0,1.0,0.0,0.0,0.0
22,60,10.725470223452508,1.0604771354524918,0.0,1.0,0.0,0.0,1.0,0.0
23,60,6.617029460833968,0.2603850592828809,0.0,0.0,0.0,0.0,1.0,1.0
24,60,1.5581786178167696,0.0,0.0,0.0,0.0,0.0,0.0,1.0
25,60,6.507479269555398,9.395559361827242,0.0,1.0,0.0,0.0,0.0,1.0
26,60,0.0,0.0,0.0,0.0,0.0,0.0,1.0,0.0
27,60,0.0,7.573694558039996,1.0,1.0,0.0,1.0,0.0,0.0
28,60,2.0201989346597684,3.429180534909707,0.0,1.0,1.0,0.0,0.0,0.0
29,60,9.605508652024334,8.715766942981823,1.0,0.0,0.0,0.0,0.0,0.0
30,60,4.5404492017837415,6.947296032727144,1.0,1.0,0.0,0.0,1.0,0.0
31,60,5.856345761532077,1.4381287132101406,1.0,1.0,0.0,1.0,1.0,1.0
32,60,12.0,8.400698384318918,1.0,0.0,1.0,0.0,1.0,1.0
33,60,3.166645066813448,10.014228327257046,0.0,1.0,0.0,0.0,1.0,1.0
34,60,0.0,7.381028962631026,0.0,0.0,0.0,0.0,0.0,0.0
35,60,1.215279754368357,0.0,0.0,1.0,1.0,0.0,0.0,0.0
36,60,8.211699797019811,11.592650597194377,0.0,0.0,0.0,1.0,1.0,1.0
37,60,8.037418614207237,8.878752225981872,0.0,0.0,1.0,1.0,0.0,1.0
38,60,3.630337459891721,8.253769702188116,1.0,0.0,1.0,0.0,1.0,0.0
39,60,4.499518257135653,4.698158086693317,1.0,1.0,1.0,1.0,1.0,0.0
0,65,9.193902796223078,6.382902513326191,1.0,1.0,1.0,0.0,1.0,0.0
1,65,9.722004695397954,6.638325323074427,1.0,0.0,0.0,0.0,0.0,0.0
2,65,2.941229703003204,3.3271034785307423,0.0,0.0,1.0,0.0,0.0,0.0
3,65,3.93413488124523,5.30893358148169,0.0,1.0,1.0,0.0,0.0,0.0
4,65,8.899206651135634,5.372641364963888,1.0,0.0,1.0,0.0,0.0,1.0
5,65,9.251125070628202,12.0,0.0,1.0,0.0,1.0,1.0,1.0
6,65,5.36837227509738,2.7711991189024903,0.0,0.0,0.0,0.0,0.0,1.0
7,65,3.494606792134304,1.5258067817494756,0.0,1.0,0.0,0.0,1.0,0.0
8,65,11.128752925565632,1.4283647546317255,1.0,0.0,0.0,0.0,0.0,0.0
9,65,0.0902773416849521,10.609963494608532,1.0,0.0,0.0,0.0,0.0,1.0
10,65,6.259704204487992,9.600657783997288,0.0,0.0,0.0,1.0,0.0,0.0
11,65,6.44023179404306,8.371594535082325,0.0,0.0,1.0,0.0,1.0,0.0
12,65,0.9880027656743082,0.1773631783216491,1.0,1.0,0.0,0.0,1.0,1.0
13,65,8.334919215005225,3.664424269659621,1.0,0.0,1.0,1.0,0.0,1.0
14,65,6.085804942886547,12.0,0.0,1.0,1.0,1.0,1.0,0.0
15,65,5.105721950873071,2.876451510618052,0.0,0.0,0.0,0.0,0.0,1.0
16,65,12.0,2.487022689291194,0.0,1.0,1.0,0.0,0.0,0.0
17,65,8.634751063952901,0.3238295219601614,0.0,0.0,1.0,1.0,1.0,1.0
18,65,5.473716555737863,7.412244812667763,0.0,1.0,0.0,0.0,1.0,0.0
19,65,2.089334953513193,7.961256466477946,0.0,0.0,0.0,0.0,0.0,0.0
20,65,9.43171675210451,11.324895767488936,1.0,0.0,1.0,1.0,0.0,1.0
21,65,4.982187313172584,8.454152089979642,1.0,0.0,1.0,0.0,0.0,0.0
22,65,10.644555158889672,1.1295975238739624,0.0,1.0,0.0,0.0,1.0,0.0
23,65,6.4810303431541305,0.2881890893190399,0.0,0.0,0.0,0.0,1.0,1.0
24,65,1.5988959273644603,0.0,0.0,0.0,0.0,0.0,0.0,1.0
25,65,6.4315100424783855,9.298767716962532,0.0,1.0,0.0,0.0,0.0,1.0
26,65,0.0,0.0,0.0,0.0,0.0,0.0,1.0,0.0
27,65,0.0,7.541494547108906,1.0,1.0,0.0,1.0,0.0,0.0
28,65,1.9211428860417863,3.366982642254678,0.0,1.0,1.0,0.0,0.0,0.0
29,65,9.561337022196357,8.685921058711447,1.0,0.0,0.0,0.0,0.0,0.0
30,65,4.40179354758715,6.939164742256825,1.0,1.0,0.0,0.0,1.0,0.0
31,65,5.836099999960446,1.4908266236772778,1.0,1.0,0.0,1.0,1.0,1.0
32,65,12.0,8.444538634212753,1.0,0.0,1.0,0.0,1.0,1.0
33,65,3.0343443665403043,10.10843756966198,0.0,1.0,0.0,0.0,1.0,1.0
34,65,0.0009324441801243,7.371176299033578,0.0,0.0,0.0,0.0,0.0,0.0
35,65,1.2089193498294044,0.0135377957246386,0.0,1.0,1.0,0.0,0.0,0.0
36,65,8.159604361257948,11.562251748461785,0.0,0.0,0.0,1.0,1.0,1.0
37,65,8.027253504907929,8.913776258883678,0.0,0.0,1.0,1.0,0.0,1.0
38,65,3.5988530873402165,8.32760818467304,1.0,0.0,1.0,0.0,1.0,0.0
39,65,4.545449534307993,4.672745004805619,1.0,1.0,1.0,1.0,1.0,0.0
0,70,9.200817668736429,6.3543073080800925,1.0,1.0,1.0,0.0,1.0,0.0
1,70,9.781212420304827,6.69247001711256,1.0,0.0,0.0,0.0,0.0,0.0
2,70,2.934090841417433,3.255106007576904,0.0,0.0,1.0,0.0,0.0,0.0
3,70,3.8215905756321455,5.347491680515809,0.0,1.0,1.0,0.0,0.0,0.0
4,70,8.89033812560928,5.315259121284981,1.0,0.0,1.0,0.0,0.0,1.0
5,70,9.173907824574115,12.0,0.0,1.0,0.0,1.0,1.0,1.0
6,70,5.318059840900028,2.831068473189493,0.0,0.0,0.0,0.0,0.0,1.0
7,70,3.477302682410542,1.510310075435072,0.0,1.0,0.0,0.0,1.0,0.0
8,70,11.13506461469307,1.4842400110855882,1.0,0.0,0.0,0.0,0.0,0.0
9,70,0.0989770396117531,10.57933406070972,1.0,0.0,0.0,0.0,0.0,1.0
10,70,6.226600256191959,9.62883201058168,0.0,0.0,0.0,1.0,0.0,0.0
11,70,6.44951799608917,8.358435861665704,0.0,0.0,1.0,0.0,1.0,0.0
12,70,1.063354092525638,0.1915316442542419,1.0,1.0,0.0,0.0,1.0,1.0
13,70,8.296379027370614,3.6401059106293463,1.0,0.0,1.0,1.0,0.0,1.0
14,70,6.063627001753416,12.0,0.0,1.0,1.0,1.0,1.0,0.0
15,70,5.051532047068441,2.869244391770665,0.0,0.0,0.0,0.0,0.0,1.0
16,70,12.0,2.575959587850965,0.0,1.0,1.0,0.0,0.0,0.0
17,70,8.685628976323244,0.2739870301452338,0.0,0.0,1.0,1.0,1.0,1.0
18,70,5.375503533188898,7.419296964923808,0.0,1.0,0.0,0.0,1.0,0.0
19,70,2.092069428876478,8.0448006291978,0.0,0.0,0.0,0.0,0.0,0.0
20,70,9.449859602878664,11.338622909277676,1.0,0.0,1.0,1.0,0.0,1.0
21,70,5.000328209046145,8.48090825860473,1.0,0.0,1.0,0.0,0.0,0.0
22,70,10.575481570442047,1.1909935661540445,0.0,1.0,0.0,0.0,1.0,0.0
23,70,6.316515553611427,0.3217946563462777,0.0,0.0,0.0,0.0,1.0,1.0
24,70,1.6426320935067262,0.0,0.0,0.0,0.0,0.0,0.0,1.0
25,70,6.358432616130857,9.20076963252974,0.0,1.0,0.0,0.0,0.0,1.0
26,70,0.0,0.0,0.0,0.0,0.0,0.0,1.0,0.0
27,70,0.0,7.509340430496,1.0,1.0,0.0,1.0,0.0,0.0
28,70,1.8397947103109853,3.316329174552892,0.0,1.0,1.0,0.0,0.0,0.0
29,70,9.519867117854622,8.658691667804444,1.0,0.0,0.0,0.0,0.0,0.0
30,70,4.247210077784435,6.929194073578249,1.0,1.0,0.0,0.0,1.0,0.0
31,70,5.807574212642388,1.5743560265067529,1.0,1.0,0.0,1.0,1.0,1.0
32,70,12.0,8.490218508613555,1.0,0.0,1.0,0.0,1.0,1.0
33,70,2.9043302375319344,10.201956191344284,0.0,1.0,0.0,0.0,1.0,1.0
34,70,0.0025391406588651,7.352445104586708,0.0,0.0,0.0,0.0,0.0,0.0
35,70,1.1955378682837925,0.0411454567088205,0.0,1.0,1.0,0.0,0.0,0.0
36,70,8.097166677108177,11.526038139762402,0.0,0.0,0.0,1.0,1.0,1.0
37,70,8.024962421754713,8.921376119209558,0.0,0.0,1.0,1.0,0.0,1.0
38,70,3.55907400798194,8.414714080332182,1.0,0.0,1.0,0.0,1.0,0.0
39,70,4.572394851051717,4.658349525077055,1.0,1.0,1.0,1.0,1.0,0.0
0,75,9.206969510468342,6.325492071512115,1.0,1.0,1.0,0.0,1.0,0.0
1,75,9.84114037396394,6.745514827606264,1.0,0.0,0.0,0.0,0.0,0.0
2,75,2.927434587908841,3.1830212732330576,0.0,0.0,1.0,0.0,0.0,0.0
3,75,3.693217396252041,5.389411360152331,0.0,1.0,1.0,0.0,0.0,0.0
4,75,8.88183309264271,5.263090574346581,1.0,0.0,1.0,0.0,0.0,1.0
5,75,9.108219288030842,12.0,0.0,1.0,0.0,1.0,1.0,1.0
6,75,5.268615794685475,2.889003010149901,0.0,0.0,0.0,0.0,0.0,1.0
7,75,3.4638716102350817,1.4988595815455457,0.0,1.0,0.0,0.0,1.0,0.0
8,75,11.14111175705145,1.5322101791495455,1.0,0.0,0.0,0.0,0.0,0.0
9,75,0.109196446251059,10.542649852578522,1.0,0.0,0.0,0.0,0.0,1.0
10,75,6.20258371514764,9.650061158356683,0.0,0.0,0.0,1.0,0.0,0.0
11,75,6.450909722220657,8.356426700352753,0.0,0.0,1.0,0.0,1.0,0.0
12,75,1.1477446299759182,0.2103066260297483,1.0,1.0,0.0,0.0,1.0,1.0
13,75,8.256051249111568,3.6144924587985856,1.0,0.0,1.0,1.0,0.0,1.0
14,75,6.030018630044921,12.0,0.0,1.0,1.0,1.0,1.0,0.0
15,75,4.982696040000758,2.8612756680255464,0.0,0.0,0.0,0.0,0.0,1.0
16,75,12.0,2.653152245792055,0.0,1.0,1.0,0.0,0.0,0.0
17,75,8.705816942249392,0.2532060834703966,0.0,0.0,1.0,1.0,1.0,1.0
18,75,5.254091709088039,7.427822534085887,0.0,1.0,0.0,0.0,1.0,0.0
19,75,2.0965612059954832,8.14195323362438,0.0,0.0,0.0,0.0,0.0,0.0
20,75,9.461752934759078,11.348135026707531,1.0,0.0,1.0,1.0,0.0,1.0
21,75,5.023341666147528,8.515198313705916,1.0,0.0,1.0,0.0,0.0,0.0
22,75,10.508865210382908,1.2516456542956724,0.0,1.0,0.0,0.0,1.0,0.0
23,75,6.154243325955949,0.3554689662296693,0.0,0.0,0.0,0.0,1.0,1.0
24,75,1.6924651195030374,0.0,0.0,0.0,0.0,0.0,0.0,1.0
25,75,6.275105944064956,9.093585292877794,0.0,1.0,0.0,0.0,0.0,1.0
26,75,0.0,0.0,0.0,0.0,0.0,0.0,1.0,0.0
27,75,0.0,7.477223191238338,1.0,1.0,0.0,1.0,0.0,0.0
28,75,1.7770855860324954,3.278714689745724,0.0,1.0,1.0,0.0,0.0,0.0
29,75,9.47697885889867,8.631045886038935,1.0,0.0,0.0,0.0,0.0,0.0
30,75,4.110464512418573,6.924101446133827,1.0,1.0,0.0,0.0,1.0,0.0
31,75,5.7729574790408265,1.6688016089880178,1.0,1.0,0.0,1.0,1.0,1.0
32,75,12.0,8.540853421225563,1.0,0.0,1.0,0.0,1.0,1.0
33,75,2.7626948095317885,10.306604523756832,0.0,1.0,0.0,0.0,1.0,1.0
34,75,0.0020105491045407,7.360313307334866,0.0,0.0,0.0,0.0,0.0,0.0
35,75,1.1805494855463818,0.0719208264800761,0.0,1.0,1.0,0.0,0.0,0.0
36,75,8.027983362559834,11.487608185443705,0.0,0.0,0.0,1.0,1.0,1.0
37,75,8.021552182633066,8.933700772563249,0.0,0.0,1.0,1.0,0.0,1.0
38,75,3.5151045039615383,8.50535821117031,1.0,0.0,1.0,0.0,1.0,0.0
39,75,4.594702207240683,4.646020899103116,1.0,1.0,1.0,1.0,1.0,0.0
0,80,9.211184102160807,6.306410988816722,1.0,1.0,1.0,0.0,1.0,0.0
1,80,9.925376075133142,6.8193399005925,1.0,0.0,0.0,0.0,0.0,0.0
2,80,2.916221191128695,3.094915747078301,0.0,0.0,1.0,0.0,0.0,0.0
3,80,3.5727941045186595,5.430215773771859,0.0,1.0,1.0,0.0,0.0,0.0
4,80,8.875190760946634,5.216913081921391,1.0,0.0,1.0,0.0,0.0,1.0
5,80,9.039469148314147,12.0,0.0,1.0,0.0,1.0,1.0,1.0
6,80,5.224021478773333,2.942410694060333,0.0,0.0,0.0,0.0,0.0,1.0
7,80,3.452224764053508,1.4890732451498854,0.0,1.0,0.0,0.0,1.0,0.0
8,80,11.147391691700273,1.577984367104963,1.0,0.0,0.0,0.0,0.0,0.0
9,80,0.1168640223488023,10.513509927252034,1.0,0.0,0.0,0.0,0.0,1.0
10,80,6.175915570604425,9.674060206201233,0.0,0.0,0.0,1.0,0.0,0.0
11,80,6.457811190743945,8.346510041947566,0.0,0.0,1.0,0.0,1.0,0.0
12,80,1.2596022173116266,0.2372638039527324,1.0,1.0,0.0,0.0,1.0,1.0
13,80,8.230923669662518,3.5982452630583075,1.0,0.0,1.0,1.0,0.0,1.0
14,80,5.991830266415358,12.0,0.0,1.0,1.0,1.0,1.0,0.0
15,80,4.912186540486647,2.8539573691892373,0.0,0.0,0.0,0.0,0.0,1.0
16,80,12.0,2.716764181312795,0.0,1.0,1.0,0.0,0.0,0.0
17,80,8.716429139077594,0.2425608853476037,0.0,0.0,1.0,1.0,1.0,1.0
18,80,5.103823193375394,7.433087615186074,0.0,1.0,0.0,0.0,1.0,0.0
19,80,2.10450466734998,8.249484214484983,0.0,0.0,0.0,0.0,0.0,0.0
20,80,9.455384403334506,11.343428932483176,1.0,0.0,1.0,1.0,0.0,1.0
21,80,5.04025909404811,8.54055511829411,1.0,0.0,1.0,0.0,0.0,0.0
22,80,10.445357296938798,1.3091072460867204,0.0,1.0,0.0,0.0,1.0,0.0
23,80,5.997122195766946,0.3862187071247355,0.0,0.0,0.0,0.0,1.0,1.0
24,80,1.742839192128444,0.0,0.0,0.0,0.0,0.0,0.0,1.0
25,80,6.192409046127983,8.982473506270495,0.0,1.0,0.0,0.0,0.0,1.0
26,80,0.0,0.0,0.0,0.0,0.0,0.0,1.0,0.0
27,80,0.0,7.455080903401132,1.0,1.0,0.0,1.0,0.0,0.0
28,80,1.7226026864722097,3.247417947913459,0.0,1.0,1.0,0.0,0.0,0.0
29,80,9.43987080540752,8.607191482752008,1.0,0.0,0.0,0.0,0.0,0.0
30,80,3.96724292188238,6.915416097229405,1.0,1.0,0.0,0.0,1.0,0.0
31,80,5.7335186546093535,1.7730951537288762,1.0,1.0,0.0,1.0,1.0,1.0
32,80,12.0,8.59515954534753,1.0,0.0,1.0,0.0,1.0,1.0
33,80,2.6172589609408417,10.414470249659573,0.0,1.0,0.0,0.0,1.0,1.0
34,80,0.0005903322305792,7.374796078206428,0.0,0.0,0.0,0.0,0.0,0.0
35,80,1.170693714979424,0.0919080552381847,0.0,1.0,1.0,0.0,0.0,0.0
36,80,7.954239646022295,11.445293613795844,0.0,0.0,0.0,1.0,1.0,1.0
37,80,8.017272292952965,8.948151115712484,0.0,0.0,1.0,1.0,0.0,1.0
38,80,3.470471079368441,8.60785590199398,1.0,0.0,1.0,0.0,1.0,0.0
39,80,4.598237311041102,4.6441900649911085,1.0,1.0,1.0,1.0,1.0,0.0
0,85,9.214800927903568,6.289084611378196,1.0,1.0,1.0,0.0,1.0,0.0
1,85,9.999898517645176,6.881687075136359,1.0,0.0,0.0,0.0,0.0,0.0
2,85,2.8981036087965824,2.9879909728672587,0.0,0.0,1.0,0.0,0.0,0.0
3,85,3.4343643627820954,5.482515403822687,0.0,1.0,1.0,0.0,0.0,0.0
4,85,8.870571255091718,5.188185343677581,1.0,0.0,1.0,0.0,0.0,1.0
5,85,8.967193788782469,12.0,0.0,1.0,0.0,1.0,1.0,1.0
6,85,5.179906802643989,2.994861573013481,0.0,0.0,0.0,0.0,0.0,1.0
7,85,3.439035136847938,1.478633237150932,0.0,1.0,0.0,0.0,1.0,0.0
8,85,11.154676484611112,1.634257481003092,1.0,0.0,0.0,0.0,0.0,0.0
9,85,0.1218345119578175,10.496314381202517,1.0,0.0,0.0,0.0,0.0,1.0
10,85,6.14931200940139,9.697826406653412,0.0,0.0,0.0,1.0,0.0,0.0
11,85,6.466091376078576,8.334559620604484,0.0,0.0,1.0,0.0,1.0,0.0
12,85,1.3453842650776398,0.2559847038598764,1.0,1.0,0.0,0.0,1.0,1.0
13,85,8.203709356949693,3.5808724202867954,1.0,0.0,1.0,1.0,0.0,1.0
14,85,5.952561483194796,12.0,0.0,1.0,1.0,1.0,1.0,0.0
15,85,4.853653370942727,2.847801684398744,0.0,0.0,0.0,0.0,0.0,1.0
16,85,12.0,2.773434976580185,0.0,1.0,1.0,0.0,0.0,0.0
17,85,8.729997477109873,0.2297020705504918,0.0,0.0,1.0,1.0,1.0,1.0
18,85,4.969206142177126,7.43571494094528,0.0,1.0,0.0,0.0,1.0,0.0
19,85,2.1130289793151804,8.364873827902017,0.0,0.0,0.0,0.0,0.0,0.0
20,85,9.45159619655803,11.340678312466864,1.0,0.0,1.0,1.0,0.0,1.0
21,85,5.06772309518285,8.522702636551923,1.0,0.0,1.0,0.0,0.0,0.0
22,85,10.392104661632333,1.3564831627827372,0.0,1.0,0.0,0.0,1.0,0.0
23,85,5.8495466508551335,0.4184095746711763,0.0,0.0,0.0,0.0,1.0,1.0
24,85,1.7873028955426489,0.0,0.0,0.0,0.0,0.0,0.0,1.0
25,85,6.124387748606596,8.893651028211526,0.0,1.0,0.0,0.0,0.0,1.0
26,85,0.0,0.0,0.0,0.0,0.0,0.0,1.0,0.0
27,85,0.0,7.425257772477818,1.0,1.0,0.0,1.0,0.0,0.0
28,85,1.682858886690414,3.2254154186058144,0.0,1.0,1.0,0.0,0.0,0.0
29,85,9.402467608412156,8.58280045483226,1.0,0.0,0.0,0.0,0.0,0.0
30,85,3.8504320404845775,6.906994150221768,1.0,1.0,0.0,0.0,1.0,0.0
31,85,5.687499712866202,1.8986484587821248,1.0,1.0,0.0,1.0,1.0,1.0
32,85,12.0,8.65454631106427,1.0,0.0,1.0,0.0,1.0,1.0
33,85,2.477904899554859,10.518744812819747,0.0,1.0,0.0,0.0,1.0,1.0
34,85,0.0009810562290691,7.37135176275889,0.0,0.0,0.0,0.0,0.0,0.0
35,85,1.1614911151565113,0.1108242348415937,0.0,1.0,1.0,0.0,0.0,0.0
36,85,7.869190149404556,11.39611343542544,0.0,0.0,0.0,1.0,1.0,1.0
37,85,8.014680351628341,8.956810828481094,0.0,0.0,1.0,1.0,0.0,1.0
38,85,3.4313865061576023,8.692919043593992,1.0,0.0,1.0,0.0,1.0,0.0
39,85,4.606044665121281,4.659003075485394,1.0,1.0,1.0,1.0,1.0,0.0
0,90,9.220538621042596,6.260949943870082,1.0,1.0,1.0,0.0,1.0,0.0
1,90,10.076775262574648,6.947388510127281,1.0,0.0,0.0,0.0,0.0,0.0
2,90,2.877742965518687,2.863982185523661,0.0,0.0,1.0,0.0,0.0,0.0
3,90,3.290473847484485,5.53406261245157,0.0,1.0,1.0,0.0,0.0,0.0
4,90,8.865258970751398,5.154720049942935,1.0,0.0,1.0,0.0,0.0,1.0
5,90,8.890500378201667,12.0,0.0,1.0,0.0,1.0,1.0,1.0
6,90,5.1372410242555855,3.04612964745871,0.0,0.0,0.0,0.0,0.0,1.0
7,90,3.4458871402844764,1.4839359280099105,0.0,1.0,0.0,0.0,1.0,0.0
8,90,11.160155165848476,1.676937296440433,1.0,0.0,0.0,0.0,0.0,0.0
9,90,0.1255110644864399,10.483758736706156,1.0,0.0,0.0,0.0,0.0,1.0
10,90,6.1415848365266,9.704921711941608,0.0,0.0,0.0,1.0,0.0,0.0
11,90,6.466909307002657,8.333449485144964,0.0,0.0,1.0,0.0,1.0,0.0
12,90,1.4448661087701626,0.2750984647279698,1.0,1.0,0.0,0.0,1.0,1.0
13,90,8.160456333044392,3.552929789663252,1.0,0.0,1.0,1.0,0.0,1.0
14,90,5.907948732939542,12.0,0.0,1.0,1.0,1.0,1.0,0.0
15,90,4.798529121873604,2.8429587531499125,0.0,0.0,0.0,0.0,0.0,1.0
16,90,12.0,2.856372142504854,0.0,1.0,1.0,0.0,0.0,0.0
17,90,8.730412058576746,0.229329941956215,0.0,0.0,1.0,1.0,1.0,1.0
18,90,4.831751573728353,7.4380804009847745,0.0,1.0,0.0,0.0,1.0,0.0
19,90,2.123532597331183,8.478526833972618,0.0,0.0,0.0,0.0,0.0,0.0
20,90,9.457545377348664,11.344817991978196,1.0,0.0,1.0,1.0,0.0,1.0
21,90,5.090927181529199,8.507179846813765,1.0,0.0,1.0,0.0,0.0,0.0
22,90,10.322089446721243,1.4191581848942192,0.0,1.0,0.0,0.0,1.0,0.0
23,90,5.695146643972746,0.4516876072084131,0.0,0.0,0.0,0.0,1.0,1.0
24,90,1.8278103406903503,0.0,0.0,0.0,0.0,0.0,0.0,1.0
25,90,6.061911420714933,8.817397275939792,0.0,1.0,0.0,0.0,0.0,1.0
26,90,0.0,0.0,0.0,0.0,0.0,0.0,1.0,0.0
27,90,0.0,7.39801361732054,1.0,1.0,0.0,1.0,0.0,0.0
28,90,1.6127774423261223,3.184793576940479,0.0,1.0,1.0,0.0,0.0,0.0
29,90,9.36190381842208,8.554786349653414,1.0,0.0,0.0,0.0,0.0,0.0
30,90,3.7248095569147512,6.894529886237335,1.0,1.0,0.0,0.0,1.0,0.0
31,90,5.640604040734183,2.0233400425772667,1.0,1.0,0.0,1.0,1.0,1.0
32,90,12.0,8.708270540903085,1.0,0.0,1.0,0.0,1.0,1.0
33,90,2.336071165230262,10.620084774921237,0.0,1.0,0.0,0.0,1.0,1.0
34,90,0.0024770412395324,7.35938994283782,0.0,0.0,0.0,0.0,0.0,0.0
35,90,1.1541577945785153,0.126133834178949,0.0,1.0,1.0,0.0,0.0,0.0
36,90,7.811855428291237,11.363107243497993,0.0,0.0,0.0,1.0,1.0,1.0
37,90,8.016553638457621,8.950984338481268,0.0,0.0,1.0,1.0,0.0,1.0
38,90,3.382031463617408,8.800272561644974,1.0,0.0,1.0,0.0,1.0,0.0
39,90,4.612566773216864,4.672409644311033,1.0,1.0,1.0,1.0,1.0,0.0
0,95,9.23061714340204,6.210081365300128,1.0,1.0,1.0,0.0,1.0,0.0
1,95,10.141664240847009,7.002284474113379,1.0,0.0,0.0,0.0,0.0,0.0
2,95,2.8593239148584453,2.7589094529706006,0.0,0.0,1.0,0.0,0.0,0.0
3,95,3.1262695013308752,5.593348844066309,0.0,1.0,1.0,0.0,0.0,0.0
4,95,8.858347202338209,5.117497484691374,1.0,0.0,1.0,0.0,0.0,1.0
5,95,8.804490611571172,12.0,0.0,1.0,0.0,1.0,1.0,1.0
6,95,5.092796644263581,3.0965315981604604,0.0,0.0,0.0,0.0,0.0,1.0
7,95,3.4776033281089047,1.5086850492906807,0.0,1.0,0.0,0.0,1.0,0.0
8,95,11.16475145201907,1.722739352467674,1.0,0.0,0.0,0.0,0.0,0.0
9,95,0.1243503765017442,10.48773484940152,1.0,0.0,0.0,0.0,0.0,1.0
10,95,6.143472681163792,9.703102217433743,0.0,0.0,0.0,1.0,0.0,0.0
11,95,6.477243030748023,8.320064930463387,0.0,0.0,1.0,0.0,1.0,0.0
12,95,1.5497544779974202,0.2958161472358416,1.0,1.0,0.0,0.0,1.0,1.0
13,95,8.124264431085962,3.5300167317563824,1.0,0.0,1.0,1.0,0.0,1.0
14,95,5.877011573024094,12.0,0.0,1.0,1.0,1.0,1.0,0.0
15,95,4.74788176192304,2.838034580422751,0.0,0.0,0.0,0.0,0.0,1.0
16,95,11.908208858569674,2.859331421831836,0.0,1.0,1.0,0.0,0.0,0.0
17,95,8.72523296274925,0.2340326854674324,0.0,0.0,1.0,1.0,1.0,1.0
18,95,4.70771728187073,7.441355034998336,0.0,1.0,0.0,0.0,1.0,0.0
19,95,2.133781800543861,8.579761419140684,0.0,0.0,0.0,0.0,0.0,0.0
20,95,9.457155637019092,11.344541155027056,1.0,0.0,1.0,1.0,0.0,1.0
21,95,5.112660338883782,8.492030362977479,1.0,0.0,1.0,0.0,0.0,0.0
22,95,10.247270003044338,1.4877164293472114,0.0,1.0,0.0,0.0,1.0,0.0
23,95,5.543734607488255,0.4844331703802417,0.0,0.0,0.0,0.0,1.0,1.0
24,95,1.8609618611994585,0.0,0.0,0.0,0.0,0.0,0.0,1.0
25,95,5.995047083773657,8.736986350170366,0.0,1.0,0.0,0.0,0.0,1.0
26,95,0.0,0.0,0.0,0.0,0.0,0.0,1.0,0.0
27,95,0.0,7.363891439964426,1.0,1.0,0.0,1.0,0.0,0.0
28,95,1.5298090019780768,3.1360836408817545,0.0,1.0,1.0,0.0,0.0,0.0
29,95,9.321672308230044,8.526537347571116,1.0,0.0,0.0,0.0,0.0,0.0
30,95,3.585618457973146,6.878069752871288,1.0,1.0,0.0,0.0,1.0,0.0
31,95,5.594129240509084,2.1456728878061715,1.0,1.0,0.0,1.0,1.0,1.0
32,95,12.0,8.760374522574839,1.0,0.0,1.0,0.0,1.0,1.0
33,95,2.198027777806141,10.71568624002746,0.0,1.0,0.0,0.0,1.0,1.0
34,95,0.0016854106954949,7.366617193055523,0.0,0.0,0.0,0.0,0.0,0.0
35,95,1.1425485065342658,0.1497736606750659,0.0,1.0,1.0,0.0,0.0,0.0
36,95,7.772359737272183,11.341528075924854,0.0,0.0,0.0,1.0,1.0,1.0
37,95,8.018572110862639,8.945429032943036,0.0,0.0,1.0,1.0,0.0,1.0
38,95,3.345646132653686,8.878971000368885,1.0,0.0,1.0,0.0,1.0,0.0
39,95,4.614570433054487,4.676702104918337,1.0,1.0,1.0,1.0,1.0,0.0
0,100,9.241964718594016,6.152006914549766,1.0,1.0,1.0,0.0,1.0,0.0
1,100,10.222092354888774,7.07210745306204,1.0,0.0,0.0,0.0,0.0,0.0
2,100,2.840646178704725,2.650192362491683,0.0,0.0,1.0,0.0,0.0,0.0
3,100,2.9685942010201187,5.652616499153655,0.0,1.0,1.0,0.0,0.0,0.0
4,100,8.852328783596798,5.086080064738077,1.0,0.0,1.0,0.0,0.0,1.0
5,100,8.725336152759844,12.0,0.0,1.0,0.0,1.0,1.0,1.0
6,100,5.048420895261699,3.143858473521149,0.0,0.0,0.0,0.0,0.0,1.0
7,100,3.5008411741986585,1.527332605692106,0.0,1.0,0.0,0.0,1.0,0.0
8,100,11.168784571319192,1.7685456808742857,1.0,0.0,0.0,0.0,0.0,0.0
9,100,0.1190200095757544,10.50620275823329,1.0,0.0,0.0,0.0,0.0,1.0
10,100,6.13923197807348,9.707213773811354,0.0,0.0,0.0,1.0,0.0,0.0
11,100,6.498356563401743,8.293118367850745,0.0,0.0,1.0,0.0,1.0,0.0
12,100,1.662037349176116,0.3199068308402747,1.0,1.0,0.0,0.0,1.0,1.0
13,100,8.084870446535723,3.507004884409523,1.0,0.0,1.0,1.0,0.0,1.0
14,100,5.846807635606329,12.0,0.0,1.0,1.0,1.0,1.0,0.0
15,100,4.6794595520031645,2.830548843124943,0.0,0.0,0.0,0.0,0.0,1.0
16,100,11.829164219386309,2.8612348691922858,0.0,1.0,1.0,0.0,0.0,0.0
17,100,8.71891196602248,0.239993443452566,0.0,0.0,1.0,1.0,1.0,1.0
18,100,4.581538589909664,7.440474945172316,0.0,1.0,0.0,0.0,1.0,0.0
19,100,2.141892260892997,8.658673884982894,0.0,0.0,0.0,0.0,0.0,0.0
20,100,9.450304047456695,11.339628559239104,1.0,0.0,1.0,1.0,0.0,1.0
21,100,5.141688514243116,8.471293059758606,1.0,0.0,1.0,0.0,0.0,0.0
22,100,10.176216444429654,1.5503333900477645,0.0,1.0,0.0,0.0,1.0,0.0
23,100,5.576628832177449,0.6320818992684627,0.0,0.0,0.0,0.0,1.0,1.0
24,100,1.8803216741689863,0.0,0.0,0.0,0.0,0.0,0.0,1.0
25,100,5.923078556803984,8.646310968028377,0.0,1.0,0.0,0.0,0.0,1.0
26,100,0.0,0.0,0.0,0.0,0.0,0.0,1.0,0.0
27,100,0.0,7.322824347113398,1.0,1.0,0.0,1.0,0.0,0.0
28,100,1.4408239273211174,3.0824484809915598,0.0,1.0,1.0,0.0,0.0,0.0
29,100,9.271512472977108,8.492551091738486,1.0,0.0,0.0,0.0,0.0,0.0
30,100,3.416124617467446,6.8580629976785445,1.0,1.0,0.0,0.0,1.0,0.0
31,100,5.543449871331468,2.273468979385532,1.0,1.0,0.0,1.0,1.0,1.0
32,100,12.0,8.809600766381132,1.0,0.0,1.0,0.0,1.0,1.0
33,100,2.055754477477916,10.81503764854423,0.0,1.0,0.0,0.0,1.0,1.0
34,100,0.0,7.393357393074732,0.0,0.0,0.0,0.0,0.0,0.0
35,100,1.1342645164528806,0.1681929164012499,0.0,1.0,1.0,0.0,0.0,0.0
36,100,7.746328614014322,11.326605185208596,0.0,0.0,0.0,1.0,1.0,1.0
37,100,8.016415706832131,8.95111164609936,0.0,0.0,1.0,1.0,0.0,1.0
38,100,3.312662244431155,8.947097818261764,1.0,0.0,1.0,0.0,1.0,0.0
39,100,4.610824795918754,4.66820364042124,1.0,1.0,1.0,1.0,1.0,0.0
0,105,9.251154972536009,6.110975698342135,1.0,1.0,1.0,0.0,1.0,0.0
1,105,10.312077013257634,7.154583990136025,1.0,0.0,0.0,0.0,0.0,0.0
2,105,2.8227117137497286,2.546615314490278,0.0,0.0,1.0,0.0,0.0,0.0
3,105,2.8247146108990706,5.707743132979036,0.0,1.0,1.0,0.0,0.0,0.0
4,105,8.847022836390146,5.061719939329473,1.0,0.0,1.0,0.0,0.0,1.0
5,105,8.64665249735327,12.0,0.0,1.0,0.0,1.0,1.0,1.0
6,105,5.007741640582906,3.187566947037741,0.0,0.0,0.0,0.0,0.0,1.0
7,105,3.5120074195355637,1.535902894056841,0.0,1.0,0.0,0.0,1.0,0.0
8,105,11.17241659881295,1.8056561896416257,1.0,0.0,0.0,0.0,0.0,0.0
9,105,0.1058280184528126,10.548623083594862,1.0,0.0,0.0,0.0,0.0,1.0
10,105,6.126014028491969,9.719854162498793,0.0,0.0,0.0,1.0,0.0,0.0
11,105,6.528772463119794,8.251474295084327,0.0,0.0,1.0,0.0,1.0,0.0
12,105,1.7730248453688615,0.3443550125176609,1.0,1.0,0.0,0.0,1.0,1.0
13,105,8.032089821087235,3.4781139286983165,1.0,0.0,1.0,1.0,0.0,1.0
14,105,5.814312562389302,12.0,0.0,1.0,1.0,1.0,1.0,0.0
15,105,4.600641529242604,2.82228203397574,0.0,0.0,0.0,0.0,0.0,1.0
16,105,11.76543684150318,2.863327726639914,0.0,1.0,1.0,0.0,0.0,0.0
17,105,8.706722880423515,0.251749258838382,0.0,0.0,1.0,1.0,1.0,1.0
18,105,4.451729093096617,7.438207571401687,0.0,1.0,0.0,0.0,1.0,0.0
19,105,2.150437971807009,8.71915050247404,0.0,0.0,0.0,0.0,0.0,0.0
20,105,9.43757212089228,11.329855833842194,1.0,0.0,1.0,1.0,0.0,1.0
21,105,5.172296423964591,8.450544347551746,1.0,0.0,1.0,0.0,0.0,0.0
22,105,10.086824887333126,1.6227626254573022,0.0,1.0,0.0,0.0,1.0,0.0
23,105,5.611739835639006,0.7828209336113873,0.0,0.0,0.0,0.0,1.0,1.0
24,105,1.8924160968835375,0.0,0.0,0.0,0.0,0.0,0.0,1.0
25,105,5.857994051416551,8.563423431937572,0.0,1.0,0.0,0.0,0.0,1.0
26,105,0.0,0.0,0.0,0.0,0.0,0.0,1.0,0.0
27,105,0.0,7.274067494299976,1.0,1.0,0.0,1.0,0.0,0.0
28,105,1.3560208413124824,3.0295511598018865,0.0,1.0,1.0,0.0,0.0,0.0
29,105,9.201815080335969,8.44606598726094,1.0,0.0,0.0,0.0,0.0,0.0
30,105,3.241045410105475,6.833022974885341,1.0,1.0,0.0,0.0,1.0,0.0
31,105,5.495039855448398,2.397755883480881,1.0,1.0,0.0,1.0,1.0,1.0
32,105,12.0,8.858695627516441,1.0,0.0,1.0,0.0,1.0,1.0
33,105,1.9060610355883885,10.922413612405157,0.0,1.0,0.0,0.0,1.0,1.0
34,105,0.0,7.424920616571586,0.0,0.0,0.0,0.0,0.0,0.0
35,105,1.1277803447852537,0.1820828352379665,0.0,1.0,1.0,0.0,0.0,0.0
36,105,7.717179658625607,11.310680283094422,0.0,0.0,0.0,1.0,1.0,1.0
37,105,8.009554892342774,8.968853722635531,0.0,0.0,1.0,1.0,0.0,1.0
38,105,3.286670756858148,9.001853243607865,1.0,0.0,1.0,0.0,1.0,0.0
39,105,4.596068463970775,4.636294378698416,1.0,1.0,1.0,1.0,1.0,0.0
0,110,9.258916409842929,6.078759170483635,1.0,1.0,1.0,0.0,1.0,0.0
1,110,10.397026648693451,7.233153415981381,1.0,0.0,0.0,0.0,0.0,0.0
2,110,2.805780702736769,2.446766690378144,0.0,0.0,1.0,0.0,0.0,0.0
3,110,2.690070333205812,5.762628810420049,0.0,1.0,1.0,0.0,0.0,0.0
4,110,8.841724879838576,5.037350444301434,1.0,0.0,1.0,0.0,0.0,1.0
5,110,8.562938954755417,12.0,0.0,1.0,0.0,1.0,1.0,1.0
6,110,4.95005148260621,3.250622332087945,0.0,0.0,0.0,0.0,0.0,1.0
7,110,3.529863050701532,1.5491836210037058,0.0,1.0,0.0,0.0,1.0,0.0
8,110,11.176220487062889,1.8524511605080811,1.0,0.0,0.0,0.0,0.0,0.0
9,110,0.0912001587501172,10.592787981569668,1.0,0.0,0.0,0.0,0.0,1.0
10,110,6.108434389915709,9.735930425445662,0.0,0.0,0.0,1.0,0.0,0.0
11,110,6.547724289758674,8.224465077472727,0.0,0.0,1.0,0.0,1.0,0.0
12,110,1.878706830052802,0.3666744118857714,1.0,1.0,0.0,0.0,1.0,1.0
13,110,7.991507168437747,3.4558176548174977,1.0,0.0,1.0,1.0,0.0,1.0
14,110,5.770177831685358,12.0,0.0,1.0,1.0,1.0,1.0,0.0
15,110,4.533919067112446,2.813989726283336,0.0,0.0,0.0,0.0,0.0,1.0
16,110,11.705538508971994,2.863916825801849,0.0,1.0,1.0,0.0,0.0,0.0
17,110,8.682745113475434,0.2743772480563076,0.0,0.0,1.0,1.0,1.0,1.0
18,110,4.3306350869504735,7.432134107428515,0.0,1.0,0.0,0.0,1.0,0.0
19,110,2.158168988918958,8.78405020401346,0.0,0.0,0.0,0.0,0.0,0.0
20,110,9.41889587005255,11.315607729850589,1.0,0.0,1.0,1.0,0.0,1.0
21,110,5.189026477604946,8.43925212602742,1.0,0.0,1.0,0.0,0.0,0.0
22,110,10.002025777486212,1.6901371110671113,0.0,1.0,0.0,0.0,1.0,0.0
23,110,5.661933183863965,0.9670295525764494,0.0,0.0,0.0,0.0,1.0,1.0
24,110,1.896431465574638,0.0,0.0,0.0,0.0,0.0,0.0,1.0
25,110,5.7956680411358015,8.483022339192285,0.0,1.0,0.0,0.0,0.0,1.0
26,110,0.0,0.0,0.0,0.0,0.0,0.0,1.0,0.0
27,110,0.0,7.209780092357239,1.0,1.0,0.0,1.0,0.0,0.0
28,110,1.2575250978953385,2.969281044610243,0.0,1.0,1.0,0.0,0.0,0.0
29,110,9.135028573430432,8.403803687058073,1.0,0.0,0.0,0.0,0.0,0.0
30,110,3.0585929598777684,6.808449132032663,1.0,1.0,0.0,0.0,1.0,0.0
31,110,5.449213827100059,2.533160535988328,1.0,1.0,0.0,1.0,1.0,1.0
32,110,12.0,8.919589296850827,1.0,0.0,1.0,0.0,1.0,1.0
33,110,1.7560894467999266,11.023943716083792,0.0,1.0,0.0,0.0,1.0,1.0
34,110,0.0,7.457188508026816,0.0,0.0,0.0,0.0,0.0,0.0
35,110,1.1232206102257098,0.1919685971865818,0.0,1.0,1.0,0.0,0.0,0.0
36,110,7.688067451867027,11.295147502848266,0.0,0.0,0.0,1.0,1.0,1.0
37,110,7.997891235900043,9.000491575608143,0.0,0.0,1.0,1.0,0.0,1.0
38,110,3.2641232235788844,9.0497055192168,1.0,0.0,1.0,0.0,1.0,0.0
39,110,4.583812908921065,4.608970647938909,1.0,1.0,1.0,1.0,1.0,0.0
0,115,9.26267034388686,6.0632998585551,1.0,1.0,1.0,0.0,1.0,0.0
1,115,10.478812384875424,7.313870932864953,1.0,0.0,0.0,0.0,0.0,0.0
2,115,2.7850227058283856,2.316988003837278,0.0,0.0,1.0,0.0,0.0,0.0
3,115,2.558736695363736,5.816166584769316,0.0,1.0,1.0,0.0,0.0,0.0
4,115,8.837090208596903,5.017997911749196,1.0,0.0,1.0,0.0,0.0,1.0
5,115,8.48443961635244,12.0,0.0,1.0,0.0,1.0,1.0,1.0
6,115,4.88727126678804,3.317392299807439,0.0,0.0,0.0,0.0,0.0,1.0
7,115,3.5511788227109244,1.5644316061556969,0.0,1.0,0.0,0.0,1.0,0.0
8,115,11.180136323518646,1.8932619496720555,1.0,0.0,0.0,0.0,0.0,0.0
9,115,0.0746239323043178,10.643479651356737,1.0,0.0,0.0,0.0,0.0,1.0
10,115,6.093475341808619,9.74936795323423,0.0,0.0,0.0,1.0,0.0,0.0
11,115,6.56923071535772,8.1954268679105,0.0,0.0,1.0,0.0,1.0,0.0
12,115,1.9796286269886136,0.3901938951753957,1.0,1.0,0.0,0.0,1.0,1.0
13,115,7.956944416835485,3.4359801976809736,1.0,0.0,1.0,1.0,0.0,1.0
14,115,5.710745819910256,12.0,0.0,1.0,1.0,1.0,1.0,0.0
15,115,4.474932259561676,2.806358178564336,0.0,0.0,0.0,0.0,0.0,1.0
16,115,11.622890769976198,2.862064099497466,0.0,1.0,1.0,0.0,0.0,0.0
17,115,8.65277746098071,0.3017903683321291,0.0,0.0,1.0,1.0,1.0,1.0
18,115,4.209921160219141,7.427585119308042,0.0,1.0,0.0,0.0,1.0,0.0
19,115,2.1653363334995404,8.841149289200644,0.0,0.0,0.0,0.0,0.0,0.0
20,115,9.404017101957884,11.304243223969449,1.0,0.0,1.0,1.0,0.0,1.0
21,115,5.208574277421703,8.426236142401935,1.0,0.0,1.0,0.0,0.0,0.0
22,115,9.931973333674552,1.601274442449808,0.0,1.0,0.0,0.0,1.0,0.0
23,115,5.708676281742296,1.1471262969248464,0.0,0.0,0.0,0.0,1.0,1.0
24,115,1.9026596865897636,0.0,0.0,0.0,0.0,0.0,0.0,1.0
25,115,5.736413208245422,8.408653030081883,0.0,1.0,0.0,0.0,0.0,1.0
26,115,0.0,0.0,0.0,0.0,0.0,0.0,1.0,0.0
27,115,0.0,7.144365063153265,1.0,1.0,0.0,1.0,0.0,0.0
28,115,1.1398836643861718,2.896184812932785,0.0,1.0,1.0,0.0,0.0,0.0
29,115,9.07388186615762,8.363366461126473,1.0,0.0,0.0,0.0,0.0,0.0
30,115,2.894699005117848,6.787791711161908,1.0,1.0,0.0,0.0,1.0,0.0
31,115,5.404595706818889,2.66686030043662,1.0,1.0,0.0,1.0,1.0,1.0
32,115,12.0,8.9766749250073,1.0,0.0,1.0,0.0,1.0,1.0
33,115,1.5918632828593469,11.134811488460674,0.0,1.0,0.0,0.0,1.0,1.0
34,115,0.0,7.495668768215457,0.0,0.0,0.0,0.0,0.0,0.0
35,115,1.121314725558676,0.1963540655999189,0.0,1.0,1.0,0.0,0.0,0.0
36,115,7.651946145972112,11.276187357654216,0.0,0.0,0.0,1.0,1.0,1.0
37,115,7.984115538952348,9.03558638742434,0.0,0.0,1.0,1.0,0.0,1.0
38,115,3.241712783492501,9.095047014122532,1.0,0.0,1.0,0.0,1.0,0.0
39,115,4.5718428190951945,4.581561389859667,1.0,1.0,1.0,1.0,1.0,0.0
0,120,9.264891733610902,6.053925315124634,1.0,1.0,1.0,0.0,1.0,0.0
1,120,10.575348743160298,7.408001418785435,1.0,0.0,0.0,0.0,0.0,0.0
2,120,2.758545560064753,2.16989409109554,0.0,0.0,1.0,0.0,0.0,0.0
3,120,2.4353794825604345,5.864818563594481,0.0,1.0,1.0,0.0,0.0,0.0
4,120,8.836670150410411,5.016401813782339,1.0,0.0,1.0,0.0,0.0,1.0
5,120,8.408706438977784,12.0,0.0,1.0,0.0,1.0,1.0,1.0
6,120,4.830933051346858,3.378141943426517,0.0,0.0,0.0,0.0,0.0,1.0
7,120,3.5595629117140306,1.570253873653216,0.0,1.0,0.0,0.0,1.0,0.0
8,120,11.184212244581405,1.9334088289436395,1.0,0.0,0.0,0.0,0.0,0.0
9,120,0.0554569306777402,10.698238722375873,1.0,0.0,0.0,0.0,0.0,1.0
10,120,6.091510381113764,9.751140731271729,0.0,0.0,0.0,1.0,0.0,0.0
11,120,6.5798617186070185,8.18044527994336,0.0,0.0,1.0,0.0,1.0,0.0
12,120,2.06381937701049,0.4080995453586946,1.0,1.0,0.0,0.0,1.0,1.0
13,120,7.954896319815406,3.434798314372697,1.0,0.0,1.0,1.0,0.0,1.0
14,120,5.660405067838496,12.0,0.0,1.0,1.0,1.0,1.0,0.0
15,120,4.421425686775176,2.799053440138024,0.0,0.0,0.0,0.0,0.0,1.0
16,120,11.550083102516828,2.862618327686377,0.0,1.0,1.0,0.0,0.0,0.0
17,120,8.634618992370807,0.3192226838989481,0.0,0.0,1.0,1.0,1.0,1.0
18,120,4.07536883446192,7.421327555528846,0.0,1.0,0.0,0.0,1.0,0.0
19,120,2.17202122305888,8.889505480926259,0.0,0.0,0.0,0.0,0.0,0.0
20,120,9.389966988156868,11.29333759483302,1.0,0.0,1.0,1.0,0.0,1.0
21,120,5.230076139494201,8.411406014125092,1.0,0.0,1.0,0.0,0.0,0.0
22,120,9.866830343646132,1.522649209004854,0.0,1.0,0.0,0.0,1.0,0.0
23,120,5.760505121283072,1.350657416187688,0.0,0.0,0.0,0.0,1.0,1.0
24,120,1.9094738519532664,0.0,0.0,0.0,0.0,0.0,0.0,1.0
25,120,5.672472469743978,8.325425483683945,0.0,1.0,0.0,0.0,0.0,1.0
26,120,0.0,0.0,0.0,0.0,0.0,0.0,1.0,0.0
27,120,0.0,7.081800694685617,1.0,1.0,0.0,1.0,0.0,0.0
28,120,1.0170293327070214,2.8169206853181668,0.0,1.0,1.0,0.0,0.0,0.0
29,120,8.99274055589333,8.30817971223544,1.0,0.0,0.0,0.0,0.0,0.0
30,120,2.748086003894669,6.768903422968808,1.0,1.0,0.0,0.0,1.0,0.0
31,120,5.361326438989937,2.794066692937894,1.0,1.0,0.0,1.0,1.0,1.0
32,120,12.0,9.029465491638229,1.0,0.0,1.0,0.0,1.0,1.0
33,120,1.4310838129338754,11.251586980955537,0.0,1.0,0.0,0.0,1.0,1.0
34,120,0.0,7.536272355266097,0.0,0.0,0.0,0.0,0.0,0.0
35,120,1.122440979558288,0.1936147364177873,0.0,1.0,1.0,0.0,0.0,0.0
36,120,7.63997906939743,11.27054601021922,0.0,0.0,0.0,1.0,1.0,1.0
37,120,7.975923398952484,9.056843671925144,0.0,0.0,1.0,1.0,0.0,1.0
38,120,3.216413303650106,9.145422206143827,1.0,0.0,1.0,0.0,1.0,0.0
39,120,4.560586649946337,4.555929016028671,1.0,1.0,1.0,1.0,1.0,0.0
0,125,9.264195654038874,6.056680297973268,1.0,1.0,1.0,0.0,1.0,0.0
1,125,10.674291565653316,7.506674641239171,1.0,0.0,0.0,0.0,0.0,0.0
2,125,2.738860801724898,2.064994118911816,0.0,0.0,1.0,0.0,0.0,0.0
3,125,2.3292034165383275,5.907221770738864,0.0,1.0,1.0,0.0,0.0,0.0
4,125,8.838667583219172,5.0240604340459525,1.0,0.0,1.0,0.0,0.0,1.0
5,125,8.462119588667326,12.0,0.0,1.0,0.0,1.0,1.0,1.0
6,125,4.785007820180395,3.4263830720279933,0.0,0.0,0.0,0.0,0.0,1.0
7,125,3.563060151185113,1.5726829167036185,0.0,1.0,0.0,0.0,1.0,0.0
8,125,11.1889339513779,1.982682900592169,1.0,0.0,0.0,0.0,0.0,0.0
9,125,0.0423743540595743,10.73937021162122,1.0,0.0,0.0,0.0,0.0,1.0
10,125,6.097232079961769,9.746024644588305,0.0,0.0,0.0,1.0,0.0,0.0
11,125,6.591412793599035,8.163823096484935,0.0,0.0,1.0,0.0,1.0,0.0
12,125,2.1255563039052507,0.4208464242516687,1.0,1.0,0.0,0.0,1.0,1.0
13,125,7.972573929563559,3.4452045576860697,1.0,0.0,1.0,1.0,0.0,1.0
14,125,5.613218041248625,12.0,0.0,1.0,1.0,1.0,1.0,0.0
15,125,4.379813485814842,2.791582797403053,0.0,0.0,0.0,0.0,0.0,1.0
16,125,11.50127975639896,2.863098793034938,0.0,1.0,1.0,0.0,0.0,0.0
17,125,8.623175723482378,0.3302376361806012,0.0,0.0,1.0,1.0,1.0,1.0
18,125,3.935832956724227,7.411919713336619,0.0,1.0,0.0,0.0,1.0,0.0
19,125,2.178184335800887,8.932768318685282,0.0,0.0,0.0,0.0,0.0,0.0
20,125,9.374159997075234,11.281085081314131,1.0,0.0,1.0,1.0,0.0,1.0
21,125,5.239083272395395,8.405032658341863,1.0,0.0,1.0,0.0,0.0,0.0
22,125,9.80858486381026,1.451323494125434,0.0,1.0,0.0,0.0,1.0,0.0
23,125,5.8067170519898905,1.5441834608714369,0.0,0.0,0.0,0.0,1.0,1.0
24,125,1.9195449776551592,0.0,0.0,0.0,0.0,0.0,0.0,1.0
25,125,5.607341553501485,8.240781780636564,0.0,1.0,0.0,0.0,0.0,1.0
26,125,0.0,0.0,0.0,0.0,0.0,0.0,1.0,0.0
27,125,0.0,7.013144612932697,1.0,1.0,0.0,1.0,0.0,0.0
28,125,0.8960253643085628,2.736288217188035,0.0,1.0,1.0,0.0,0.0,0.0
29,125,8.910545449107747,8.250232012763162,1.0,0.0,0.0,0.0,0.0,0.0
30,125,2.596926643532377,6.74631778059072,1.0,1.0,0.0,0.0,1.0,0.0
31,125,5.321261259026425,2.9138069611981896,1.0,1.0,0.0,1.0,1.0,1.0
32,125,12.0,9.070952734913208,1.0,0.0,1.0,0.0,1.0,1.0
33,125,1.2570115420238992,11.377865906471952,0.0,1.0,0.0,0.0,1.0,1.0
34,125,0.0,7.593376519673837,0.0,0.0,0.0,0.0,0.0,0.0
35,125,1.1235817507004258,0.1908270033160033,0.0,1.0,1.0,0.0,0.0,0.0
36,125,7.62299236393816,11.262902122763393,0.0,0.0,0.0,1.0,1.0,1.0
37,125,7.980650585350626,9.04477847501806,0.0,0.0,1.0,1.0,0.0,1.0
38,125,3.189718709222001,9.203326432917352,1.0,0.0,1.0,0.0,1.0,0.0
39,125,4.542039065721053,4.517171141864817,1.0,1.0,1.0,1.0,1.0,0.0
0,130,9.262785258116716,6.062351618179319,1.0,1.0,1.0,0.0,1.0,0.0
1,130,10.76194964062003,7.596003853671253,1.0,0.0,0.0,0.0,0.0,0.0
2,130,2.718297258482509,1.9478706577025,0.0,0.0,1.0,0.0,0.0,0.0
3,130,2.243267046242067,5.943779724548604,0.0,1.0,1.0,0.0,0.0,0.0
4,130,8.83683387465949,5.017254926027788,1.0,0.0,1.0,0.0,0.0,1.0
5,130,8.511156194083153,12.0,0.0,1.0,0.0,1.0,1.0,1.0
6,130,4.7274116989437145,3.485613146720539,0.0,0.0,0.0,0.0,0.0,1.0
7,130,3.570793891512104,1.5778989921763928,0.0,1.0,0.0,0.0,1.0,0.0
8,130,11.1928205286434,2.022835951328677,1.0,0.0,0.0,0.0,0.0,0.0
9,130,0.0368932362598354,10.75673266528256,1.0,0.0,0.0,0.0,0.0,1.0
10,130,6.111967447722376,9.733754320757606,0.0,0.0,0.0,1.0,0.0,0.0
11,130,6.6202283009071845,8.121373038043071,0.0,0.0,1.0,0.0,1.0,0.0
12,130,2.1885979598161587,0.4324606920783131,1.0,1.0,0.0,0.0,1.0,1.0
13,130,7.985255623789395,3.452305760361505,1.0,0.0,1.0,1.0,0.0,1.0
14,130,5.555203735520636,12.0,0.0,1.0,1.0,1.0,1.0,0.0
15,130,4.349972750595559,2.78521577913565,0.0,0.0,0.0,0.0,0.0,1.0
16,130,11.442817761144624,2.86394029670936,0.0,1.0,1.0,0.0,0.0,0.0
17,130,8.619216980091608,0.3340390893971733,0.0,0.0,1.0,1.0,1.0,1.0
18,130,3.7897719082431607,7.402800177204291,0.0,1.0,0.0,0.0,1.0,0.0
19,130,2.1817276981137605,8.959828980928387,0.0,0.0,0.0,0.0,0.0,0.0
20,130,9.36147036342565,11.270574414163148,1.0,0.0,1.0,1.0,0.0,1.0
21,130,5.237959126608618,8.40575520588124,1.0,0.0,1.0,0.0,0.0,0.0
22,130,9.754122319368284,1.3891570241192404,0.0,1.0,0.0,0.0,1.0,0.0
23,130,5.854808875365164,1.7376190161743694,0.0,0.0,0.0,0.0,1.0,1.0
24,130,1.929118097080344,0.0,0.0,0.0,0.0,0.0,0.0,1.0
25,130,5.5379872403930825,8.143700526253609,0.0,1.0,0.0,0.0,0.0,1.0
26,130,0.0003616812500756,0.0002467717075848,0.0,0.0,0.0,0.0,1.0,0.0
27,130,0.0,6.9483742492392535,1.0,1.0,0.0,1.0,0.0,0.0
28,130,0.7794783497268135,2.6620405553546824,0.0,1.0,1.0,0.0,0.0,0.0
29,130,8.813344968970473,8.18309057271119,1.0,0.0,0.0,0.0,0.0,0.0
30,130,2.41675479953569,6.724080334117203,1.0,1.0,0.0,0.0,1.0,0.0
31,130,5.277603267179376,3.0349868584822546,1.0,1.0,0.0,1.0,1.0,1.0
32,130,12.0,9.107912453469192,1.0,0.0,1.0,0.0,1.0,1.0
33,130,1.0757516056638123,11.50162011047154,0.0,1.0,0.0,0.0,1.0,1.0
34,130,0.0,7.661139148024443,0.0,0.0,0.0,0.0,0.0,0.0
35,130,1.1352691514148572,0.1643602871499343,0.0,1.0,1.0,0.0,0.0,0.0
36,130,7.587899555160262,11.247263734716762,0.0,0.0,0.0,1.0,1.0,1.0
37,130,7.989799465135527,9.022561471597744,0.0,0.0,1.0,1.0,0.0,1.0
38,130,3.163630160595676,9.260828520774398,1.0,0.0,1.0,0.0,1.0,0.0
39,130,4.519072581202605,4.467026565307954,1.0,1.0,1.0,1.0,1.0,0.0
0,135,9.262381327207788,6.064129558835461,1.0,1.0,1.0,0.0,1.0,0.0
1,135,10.84404047135456,7.678335776282457,1.0,0.0,0.0,0.0,0.0,0.0
2,135,2.7007124380325718,1.822821185562271,0.0,0.0,1.0,0.0,0.0,0.0
3,135,2.2025200443146646,5.849034318139819,0.0,1.0,1.0,0.0,0.0,0.0
4,135,8.834016274989773,5.00665309851358,1.0,0.0,1.0,0.0,0.0,1.0
5,135,8.556086799871133,12.0,0.0,1.0,0.0,1.0,1.0,1.0
6,135,4.659674747475782,3.5561055853354366,0.0,0.0,0.0,0.0,0.0,1.0
7,135,3.5669623427700152,1.5752640812380532,0.0,1.0,0.0,0.0,1.0,0.0
8,135,11.196498262068676,2.0579085278076485,1.0,0.0,0.0,0.0,0.0,0.0
9,135,0.0289698166382417,10.78387932800397,1.0,0.0,0.0,0.0,0.0,1.0
10,135,6.136170348814905,9.713339888353753,0.0,0.0,0.0,1.0,0.0,0.0
11,135,6.652202853783785,8.072992880756798,0.0,0.0,1.0,0.0,1.0,0.0
12,135,2.2829049769571905,0.4519519017992038,1.0,1.0,0.0,0.0,1.0,1.0
13,135,7.980715957890927,3.44965244379295,1.0,0.0,1.0,1.0,0.0,1.0
14,135,5.472673151649021,12.0,0.0,1.0,1.0,1.0,1.0,0.0
15,135,4.319072342491336,2.7788127929561064,0.0,0.0,0.0,0.0,0.0,1.0
16,135,11.374248871700184,2.8659828932268656,0.0,1.0,1.0,0.0,0.0,0.0
17,135,8.627561761233775,0.325648984862547,0.0,0.0,1.0,1.0,1.0,1.0
18,135,3.62899348849098,7.393329441611889,0.0,1.0,0.0,0.0,1.0,0.0
19,135,2.183928132300325,8.976218579847995,0.0,0.0,0.0,0.0,0.0,0.0
20,135,9.351233287569526,11.262438164862278,1.0,0.0,1.0,1.0,0.0,1.0
21,135,5.231281498585793,8.410045980852995,1.0,0.0,1.0,0.0,0.0,0.0
22,135,9.698052740191548,1.3255814626159688,0.0,1.0,0.0,0.0,1.0,0.0
23,135,5.910644440452823,1.9324742804474715,0.0,0.0,0.0,0.0,1.0,1.0
24,135,1.9397097358028592,0.0,0.0,0.0,0.0,0.0,0.0,1.0
25,135,5.473803190737457,8.05708183283622,0.0,1.0,0.0,0.0,0.0,1.0
26,135,0.011502560959262,0.0077765475392363,0.0,0.0,0.0,0.0,1.0,0.0
27,135,0.0,6.883074053081611,1.0,1.0,0.0,1.0,0.0,0.0
28,135,0.6737936619387472,2.598934903184804,0.0,1.0,1.0,0.0,0.0,0.0
29,135,8.713539477935658,8.115832495612732,1.0,0.0,0.0,0.0,0.0,0.0
30,135,2.2197609724226126,6.6920061129943145,1.0,1.0,0.0,0.0,1.0,0.0
31,135,5.234824669189606,3.1555745523057666,1.0,1.0,0.0,1.0,1.0,1.0
32,135,12.0,9.14912279561858,1.0,0.0,1.0,0.0,1.0,1.0
33,135,0.883679434874233,11.644843692550506,0.0,1.0,0.0,0.0,1.0,1.0
34,135,0.0,7.710849432112873,0.0,0.0,0.0,0.0,0.0,0.0
35,135,1.1349547700311058,0.1650971295085289,0.0,1.0,1.0,0.0,0.0,0.0
36,135,7.56133740501945,11.235171110778928,0.0,0.0,0.0,1.0,1.0,1.0
37,135,7.997203480718339,9.005376882814433,0.0,0.0,1.0,1.0,0.0,1.0
38,135,3.1318015729202395,9.332463671716091,1.0,0.0,1.0,0.0,1.0,0.0
39,135,4.491266180173271,4.4134781517006365,1.0,1.0,1.0,1.0,1.0,0.0
0,140,9.264468104268676,6.055523685235225,1.0,1.0,1.0,0.0,1.0,0.0
1,140,10.92553677094567,7.7626416856737555,1.0,0.0,0.0,0.0,0.0,0.0
2,140,2.6840258136512256,1.7100885669293229,0.0,0.0,1.0,0.0,0.0,0.0
3,140,2.1612288681980925,5.755442495171845,0.0,1.0,1.0,0.0,0.0,0.0
4,140,8.82982398246258,4.991700384506246,1.0,0.0,1.0,0.0,0.0,1.0
5,140,8.601788756604234,12.0,0.0,1.0,0.0,1.0,1.0,1.0
6,140,4.585095081598968,3.633778094630987,0.0,0.0,0.0,0.0,0.0,1.0
7,140,3.566468136814703,1.5749185665271948,0.0,1.0,0.0,0.0,1.0,0.0
8,140,11.200677531817313,2.099937252823448,1.0,0.0,0.0,0.0,0.0,0.0
9,140,0.0213797852106977,10.809760434784064,1.0,0.0,0.0,0.0,0.0,1.0
10,140,6.180239412021963,9.676366241767104,0.0,0.0,0.0,1.0,0.0,0.0
11,140,6.681943802056161,8.027359144138488,0.0,0.0,1.0,0.0,1.0,0.0
12,140,2.374911130936791,0.4695774732900542,1.0,1.0,0.0,0.0,1.0,1.0
13,140,7.9826144440054545,3.4507207611365134,1.0,0.0,1.0,1.0,0.0,1.0
14,140,5.414284675441664,12.0,0.0,1.0,1.0,1.0,1.0,0.0
15,140,4.280941215109484,2.771117013312741,0.0,0.0,0.0,0.0,0.0,1.0
16,140,11.333012321548567,2.8667880120369067,0.0,1.0,1.0,0.0,0.0,0.0
17,140,8.631031133141775,0.322237480481316,0.0,0.0,1.0,1.0,1.0,1.0
18,140,3.465586789347344,7.377053008560901,0.0,1.0,0.0,0.0,1.0,0.0
19,140,2.185489733814962,8.986326311843008,0.0,0.0,0.0,0.0,0.0,0.0
20,140,9.351090636313582,11.262321123088457,1.0,0.0,1.0,1.0,0.0,1.0
21,140,5.211780310991625,8.423383016328549,1.0,0.0,1.0,0.0,0.0,0.0
22,140,9.633195205119613,1.2527597044546284,0.0,1.0,0.0,0.0,1.0,0.0
23,140,5.963185554294843,2.110777280706185,0.0,0.0,0.0,0.0,1.0,1.0
24,140,1.9498929062942227,0.0,0.0,0.0,0.0,0.0,0.0,1.0
25,140,5.40361990958916,7.9666931690489955,0.0,1.0,0.0,0.0,0.0,1.0
26,140,0.0337747401019186,0.0233928593787454,0.0,0.0,0.0,0.0,1.0,0.0
27,140,0.0,6.813210937742964,1.0,1.0,0.0,1.0,0.0,0.0
28,140,0.5762218263767993,2.543206613089698,0.0,1.0,1.0,0.0,0.0,0.0
29,140,8.611585374856014,8.045995321940905,1.0,0.0,0.0,0.0,0.0,0.0
30,140,2.040306249067564,6.662862674097589,1.0,1.0,0.0,0.0,1.0,0.0
31,140,5.189596500054191,3.284132903556769,1.0,1.0,0.0,1.0,1.0,1.0
32,140,12.0,9.192828165420435,1.0,0.0,1.0,0.0,1.0,1.0
33,140,0.7035997538211263,11.777048020356446,0.0,1.0,0.0,0.0,1.0,1.0
34,140,0.0,7.7667929263496545,0.0,0.0,0.0,0.0,0.0,0.0
35,140,1.1322784077025634,0.171115973241181,0.0,1.0,1.0,0.0,0.0,0.0
36,140,7.513282880214266,11.216024612877192,0.0,0.0,0.0,1.0,1.0,1.0
37,140,8.009040484197968,8.978423531362134,0.0,0.0,1.0,1.0,0.0,1.0
38,140,3.0917161045673747,9.41973349720636,1.0,0.0,1.0,0.0,1.0,0.0
39,140,4.462927725683807,4.35820794462726,1.0,1.0,1.0,1.0,1.0,0.0
0,145,9.263760612064116,6.058190348473989,1.0,1.0,1.0,0.0,1.0,0.0
1,145,10.992070043142872,7.829594092317004,1.0,0.0,0.0,0.0,0.0,0.0
2,145,2.6721186370481007,1.625814130745553,0.0,0.0,1.0,0.0,0.0,0.0
3,145,2.1311705931012197,5.681690765286333,0.0,1.0,1.0,0.0,0.0,0.0
4,145,8.826134600397678,4.978804770431012,1.0,0.0,1.0,0.0,0.0,1.0
5,145,8.656297334137825,12.0,0.0,1.0,0.0,1.0,1.0,1.0
6,145,4.522671298386924,3.7002259663835098,0.0,0.0,0.0,0.0,0.0,1.0
7,145,3.572280744694384,1.5791618257494648,0.0,1.0,0.0,0.0,1.0,0.0
8,145,11.204425467206148,2.137765789423493,1.0,0.0,0.0,0.0,0.0,0.0
9,145,0.0145315534972086,10.835395427010766,1.0,0.0,0.0,0.0,0.0,1.0
10,145,6.233516325421794,9.632967325727734,0.0,0.0,0.0,1.0,0.0,0.0
11,145,6.70997820232812,7.984739339924433,0.0,0.0,1.0,0.0,1.0,0.0
12,145,2.462003839458312,0.4859098934432888,1.0,1.0,0.0,0.0,1.0,1.0
13,145,8.01066303824708,3.466557039711455,1.0,0.0,1.0,1.0,0.0,1.0
14,145,5.345944189748307,12.0,0.0,1.0,1.0,1.0,1.0,0.0
15,145,4.256124375868094,2.7653007258768127,0.0,0.0,0.0,0.0,0.0,1.0
16,145,11.296795915481889,2.8675004146444607,0.0,1.0,1.0,0.0,0.0,0.0
17,145,8.630841583210179,0.3224143379615297,0.0,0.0,1.0,1.0,1.0,1.0
18,145,3.3210169834880228,7.365328069820817,0.0,1.0,0.0,0.0,1.0,0.0
19,145,2.1862569089798187,8.99121924393257,0.0,0.0,0.0,0.0,0.0,0.0
20,145,9.356456094038212,11.266986973571766,1.0,0.0,1.0,1.0,0.0,1.0
21,145,5.185517554169101,8.44074785581567,1.0,0.0,1.0,0.0,0.0,0.0
22,145,9.56577521730896,1.1740948165587837,0.0,1.0,0.0,0.0,1.0,0.0
23,145,6.011321828573514,2.2808215303265724,0.0,0.0,0.0,0.0,1.0,1.0
24,145,1.959265409340719,0.0,0.0,0.0,0.0,0.0,0.0,1.0
25,145,5.339560457436046,7.887888712107193,0.0,1.0,0.0,0.0,0.0,1.0
26,145,0.0798755813856762,0.0566776085197595,0.0,0.0,0.0,0.0,1.0,0.0
27,145,0.0,6.740437572651735,1.0,1.0,0.0,1.0,0.0,0.0
28,145,0.4634950956816603,2.478240184221726,0.0,1.0,1.0,0.0,0.0,0.0
29,145,8.526245683891496,7.990447441670311,1.0,0.0,0.0,0.0,0.0,0.0
30,145,1.853625753633524,6.637896262568749,1.0,1.0,0.0,0.0,1.0,0.0
31,145,5.152724205642622,3.393643767320032,1.0,1.0,0.0,1.0,1.0,1.0
32,145,12.0,9.238224124100928,1.0,0.0,1.0,0.0,1.0,1.0
33,145,0.5331930992849122,11.90948381725615,0.0,1.0,0.0,0.0,1.0,1.0
34,145,0.0,7.842550566052793,0.0,0.0,0.0,0.0,0.0,0.0
35,145,1.1214627178979386,0.1961472331282247,0.0,1.0,1.0,0.0,0.0,0.0
36,145,7.465904947461421,11.197076534004037,0.0,0.0,0.0,1.0,1.0,1.0
37,145,8.01848593175241,8.956930931467483,0.0,0.0,1.0,1.0,0.0,1.0
38,145,3.058945841155447,9.496349511126663,1.0,0.0,1.0,0.0,1.0,0.0
39,145,4.436154303547657,4.304036718790695,1.0,1.0,1.0,1.0,1.0,0.0
0,150,9.266132586143351,6.050169058727473,1.0,1.0,1.0,0.0,1.0,0.0
1,150,11.032596195721872,7.8728452680256495,1.0,0.0,0.0,0.0,0.0,0.0
2,150,2.661852591089363,1.5399695967031606,0.0,0.0,1.0,0.0,0.0,0.0
3,150,2.0809166432343105,5.568173819558303,0.0,1.0,1.0,0.0,0.0,0.0
4,150,8.827562676969775,4.98390270482174,1.0,0.0,1.0,0.0,0.0,1.0
5,150,8.714165829510016,12.0,0.0,1.0,0.0,1.0,1.0,1.0
6,150,4.470203403516528,3.7559909132545632,0.0,0.0,0.0,0.0,0.0,1.0
7,150,3.568342105775524,1.576243289624192,0.0,1.0,0.0,0.0,1.0,0.0
8,150,11.20245600392816,2.117223618963162,1.0,0.0,0.0,0.0,0.0,0.0
9,150,0.0059293727301643,10.862908484613865,1.0,0.0,0.0,0.0,0.0,1.0
10,150,6.269802612096482,9.603483963607372,0.0,0.0,0.0,1.0,0.0,0.0
11,150,6.747730171748712,7.927207776408823,0.0,0.0,1.0,0.0,1.0,0.0
12,150,2.5358594552304914,0.5002759768493523,1.0,1.0,0.0,0.0,1.0,1.0
13,150,8.052345917636059,3.4901682901173974,1.0,0.0,1.0,1.0,0.0,1.0
14,150,5.270454374213646,12.0,0.0,1.0,1.0,1.0,1.0,0.0
15,150,4.256097048579014,2.765294666733669,0.0,0.0,0.0,0.0,0.0,1.0
16,150,11.286762006238764,2.867614433563834,0.0,1.0,1.0,0.0,0.0,0.0
17,150,8.631185409387202,0.3221099696483307,0.0,0.0,1.0,1.0,1.0,1.0
18,150,3.176369653879457,7.353417154947138,0.0,1.0,0.0,0.0,1.0,0.0
19,150,2.1844352596702783,8.978965735172482,0.0,0.0,0.0,0.0,0.0,0.0
20,150,9.36273548224253,11.272221996007032,1.0,0.0,1.0,1.0,0.0,1.0
21,150,5.160447263821751,8.456245585442051,1.0,0.0,1.0,0.0,0.0,0.0
22,150,9.507164887644416,1.1060605923499474,0.0,1.0,0.0,0.0,1.0,0.0
23,150,6.059835144978009,2.4517495833207743,0.0,0.0,0.0,0.0,1.0,1.0
24,150,1.975031363669674,0.0,0.0,0.0,0.0,0.0,0.0,1.0
25,150,5.281841504542921,7.815526074498232,0.0,1.0,0.0,0.0,0.0,1.0
26,150,0.1212610698564442,0.0878901190297643,0.0,0.0,0.0,0.0,1.0,0.0
27,150,0.0,6.673919225570167,1.0,1.0,0.0,1.0,0.0,0.0
28,150,0.366310873023116,2.422670833405374,0.0,1.0,1.0,0.0,0.0,0.0
29,150,8.421326440569208,7.926011999187106,1.0,0.0,0.0,0.0,0.0,0.0
30,150,1.6749713744958152,6.61446491363599,1.0,1.0,0.0,0.0,1.0,0.0
31,150,5.118688426182895,3.490518783873609,1.0,1.0,0.0,1.0,1.0,1.0
32,150,12.0,9.280675141464457,1.0,0.0,1.0,0.0,1.0,1.0
33,150,0.3613665642194444,12.0,0.0,1.0,0.0,0.0,1.0,1.0
34,150,0.0,7.918741517327103,0.0,0.0,0.0,0.0,0.0,0.0
35,150,1.114117576258825,0.2148337796142695,0.0,1.0,1.0,0.0,0.0,0.0
36,150,7.414703645091989,11.176069909217748,0.0,0.0,0.0,1.0,1.0,1.0
37,150,8.035484755984124,8.91711346017469,0.0,0.0,1.0,1.0,0.0,1.0
38,150,3.0188757567739004,9.590401459023871,1.0,0.0,1.0,0.0,1.0,0.0
39,150,4.405953743885755,4.245259052525345,1.0,1.0,1.0,1.0,1.0,0.0
0,155,9.260745237693811,6.0684408330984345,1.0,1.0,1.0,0.0,1.0,0.0
1,155,11.086336775506538,7.929423728746533,1.0,0.0,0.0,0.0,0.0,0.0
2,155,2.6487624067785083,1.4332499151231544,0.0,0.0,1.0,0.0,0.0,0.0
3,155,2.0260710781883984,5.431529578390462,0.0,1.0,1.0,0.0,0.0,0.0
4,155,8.833572257650761,5.007264158831799,1.0,0.0,1.0,0.0,0.0,1.0
5,155,8.769731517641185,12.0,0.0,1.0,0.0,1.0,1.0,1.0
6,155,4.418344720578556,3.810185258004955,0.0,0.0,0.0,0.0,0.0,1.0
7,155,3.5592697405321108,1.5696693898740832,0.0,1.0,0.0,0.0,1.0,0.0
8,155,11.200923048420366,2.094489926381137,1.0,0.0,0.0,0.0,0.0,0.0
9,155,0.0,10.894247843408516,1.0,0.0,0.0,0.0,0.0,1.0
10,155,6.312642124933541,9.567967373629704,0.0,0.0,0.0,1.0,0.0,0.0
11,155,6.793138653265312,7.858795700640218,0.0,0.0,1.0,0.0,1.0,0.0
12,155,2.623588295387921,0.5181674762459857,1.0,1.0,0.0,0.0,1.0,1.0
13,155,8.082965182203866,3.507266448034375,1.0,0.0,1.0,1.0,0.0,1.0
14,155,5.208561315887788,12.0,0.0,1.0,1.0,1.0,1.0,0.0
15,155,4.276786344327124,2.7692611125879174,0.0,0.0,0.0,0.0,0.0,1.0
16,155,11.27853449015408,2.868037351484864,0.0,1.0,1.0,0.0,0.0,0.0
17,155,8.643221723094145,0.3114118284032817,0.0,0.0,1.0,1.0,1.0,1.0
18,155,3.013851276832722,7.338933906072463,0.0,1.0,0.0,0.0,1.0,0.0
19,155,2.182892040092405,8.96763736189829,0.0,0.0,0.0,0.0,0.0,0.0
20,155,9.352360639242562,11.263191347076637,1.0,0.0,1.0,1.0,0.0,1.0
21,155,5.119933776231312,8.481430144705632,1.0,0.0,1.0,0.0,0.0,0.0
22,155,9.446368599672311,1.036203779068806,0.0,1.0,0.0,0.0,1.0,0.0
23,155,6.109554230649815,2.6243517718786764,0.0,0.0,0.0,0.0,1.0,1.0
24,155,1.9991272958809911,0.0,0.0,0.0,0.0,0.0,0.0,1.0
25,155,5.21731808162544,7.735997752518035,0.0,1.0,0.0,0.0,0.0,1.0
26,155,0.1622198353188897,0.1191148883467259,0.0,0.0,0.0,0.0,1.0,0.0
27,155,0.0,6.618937174784183,1.0,1.0,0.0,1.0,0.0,0.0
28,155,0.2514356403636988,2.356791022107652,0.0,1.0,1.0,0.0,0.0,0.0
29,155,8.309479058807467,7.859918058196149,1.0,0.0,0.0,0.0,0.0,0.0
30,155,1.4644514891439768,6.586882168395069,1.0,1.0,0.0,0.0,1.0,0.0
31,155,5.088665379775526,3.5760955672175925,1.0,1.0,0.0,1.0,1.0,1.0
32,155,12.0,9.338842328255106,1.0,0.0,1.0,0.0,1.0,1.0
33,155,0.1939025314480033,12.0,0.0,1.0,0.0,0.0,1.0,1.0
34,155,0.0,7.9732675664399535,0.0,0.0,0.0,0.0,0.0,0.0
35,155,1.1321820311586623,0.2221809015562683,0.0,1.0,1.0,0.0,0.0,0.0
36,155,7.347299267360392,11.14785087622742,0.0,0.0,0.0,1.0,1.0,1.0
37,155,8.053092061265723,8.879832999212907,0.0,0.0,1.0,1.0,0.0,1.0
38,155,2.9860301867510133,9.665099023639511,1.0,0.0,1.0,0.0,1.0,0.0
39,155,4.369960798344514,4.173620989412974,1.0,1.0,1.0,1.0,1.0,0.0
0,160,9.252919974396162,6.066200541578996,1.0,1.0,1.0,0.0,1.0,0.0
1,160,11.149034937010004,7.993881497108185,1.0,0.0,0.0,0.0,0.0,0.0
2,160,2.635598006809822,1.3344948136337325,0.0,0.0,1.0,0.0,0.0,0.0
3,160,1.9704580440455932,5.297833355918483,0.0,1.0,1.0,0.0,0.0,0.0
4,160,8.837672739109372,5.02284620670472,1.0,0.0,1.0,0.0,0.0,1.0
5,160,8.825717847948424,12.0,0.0,1.0,0.0,1.0,1.0,1.0
6,160,4.369416676217889,3.857738028790894,0.0,0.0,0.0,0.0,0.0,1.0
7,160,3.54034299011012,1.5554705200963177,0.0,1.0,0.0,0.0,1.0,0.0
8,160,11.199645785435427,2.0792258269134765,1.0,0.0,0.0,0.0,0.0,0.0
9,160,0.0,10.94083450165197,1.0,0.0,0.0,0.0,0.0,1.0
10,160,6.379227364541794,9.517679132520144,0.0,0.0,0.0,1.0,0.0,0.0
11,160,6.834492696317247,7.795191104075605,0.0,0.0,1.0,0.0,1.0,0.0
12,160,2.715741662681964,0.5372351132760729,1.0,1.0,0.0,0.0,1.0,1.0
13,160,8.124459558343696,3.53282348438566,1.0,0.0,1.0,1.0,0.0,1.0
14,160,5.167675072915536,12.0,0.0,1.0,1.0,1.0,1.0,0.0
15,160,4.291317979822372,2.7721174987543296,0.0,0.0,0.0,0.0,0.0,1.0
16,160,11.26476312952947,2.868569406726018,0.0,1.0,1.0,0.0,0.0,0.0
17,160,8.658398757156084,0.2985850980560116,0.0,0.0,1.0,1.0,1.0,1.0
18,160,2.881939799272447,7.328441196913236,0.0,1.0,0.0,0.0,1.0,0.0
19,160,2.1807544228307654,8.95211410438739,0.0,0.0,0.0,0.0,0.0,0.0
20,160,9.330033442574166,11.244360197729844,1.0,0.0,1.0,1.0,0.0,1.0
21,160,5.090066666596601,8.500069909486754,1.0,0.0,1.0,0.0,0.0,0.0
22,160,9.39408615815344,0.9786530233636468,0.0,1.0,0.0,0.0,1.0,0.0
23,160,6.1630232974016925,2.80890553825677,0.0,0.0,0.0,0.0,1.0,1.0
24,160,2.011773294970985,0.0,0.0,0.0,0.0,0.0,0.0,1.0
25,160,5.142329135939356,7.644108089708502,0.0,1.0,0.0,0.0,0.0,1.0
26,160,0.1975923595491213,0.1464614484747817,0.0,0.0,0.0,0.0,1.0,0.0
27,160,0.0,6.566966998878821,1.0,1.0,0.0,1.0,0.0,0.0
28,160,0.1225446714592368,2.286142345489595,0.0,1.0,1.0,0.0,0.0,0.0
29,160,8.18423024335812,7.784101480527688,1.0,0.0,0.0,0.0,0.0,0.0
30,160,1.2634672451971474,6.556170245125935,1.0,1.0,0.0,0.0,1.0,0.0
31,160,5.058060522048755,3.663466454391072,1.0,1.0,0.0,1.0,1.0,1.0
32,160,12.0,9.395612758272948,1.0,0.0,1.0,0.0,1.0,1.0
33,160,0.0276881569277387,12.0,0.0,1.0,0.0,0.0,1.0,1.0
34,160,0.0,8.011923195419753,0.0,0.0,0.0,0.0,0.0,0.0
35,160,1.1329877941785338,0.2225173571821894,0.0,1.0,1.0,0.0,0.0,0.0
36,160,7.28061181452842,11.117713802196494,0.0,0.0,0.0,1.0,1.0,1.0
37,160,8.064479419675852,8.855963976386272,0.0,0.0,1.0,1.0,0.0,1.0
38,160,2.959898775586785,9.727298286983336,1.0,0.0,1.0,0.0,1.0,0.0
39,160,4.330890871286864,4.101263665039358,1.0,1.0,1.0,1.0,1.0,0.0
0,165,9.266591125053164,6.070404239067496,1.0,1.0,1.0,0.0,1.0,0.0
1,165,11.209009350221017,8.056075748199893,1.0,0.0,0.0,0.0,0.0,0.0
2,165,2.6234849798476505,1.2428252137364793,0.0,0.0,1.0,0.0,0.0,0.0
3,165,1.926539814744286,5.183960541732549,0.0,1.0,1.0,0.0,0.0,0.0
4,165,8.843446002635924,5.046480718982055,1.0,0.0,1.0,0.0,0.0,1.0
5,165,8.884329329178552,12.0,0.0,1.0,0.0,1.0,1.0,1.0
6,165,4.306122900948033,3.918293327160784,0.0,0.0,0.0,0.0,0.0,1.0
7,165,3.520844834306519,1.5401655524784563,0.0,1.0,0.0,0.0,1.0,0.0
8,165,11.196669864858835,2.052154393728013,1.0,0.0,0.0,0.0,0.0,0.0
9,165,0.0,10.964454668200668,1.0,0.0,0.0,0.0,0.0,1.0
10,165,6.448675381147176,9.466372921704512,0.0,0.0,0.0,1.0,0.0,0.0
11,165,6.878456355273839,7.721741132575907,0.0,0.0,1.0,0.0,1.0,0.0
12,165,2.7916917156409253,0.5500161975524321,1.0,1.0,0.0,0.0,1.0,1.0
13,165,8.152822442487095,3.550634090974748,1.0,0.0,1.0,1.0,0.0,1.0
14,165,5.125649256199808,12.0,0.0,1.0,1.0,1.0,1.0,0.0
15,165,4.3100234716014,2.7759743234484824,0.0,0.0,0.0,0.0,0.0,1.0
16,165,11.25945553831333,2.868750726687579,0.0,1.0,1.0,0.0,0.0,0.0
17,165,8.682927882912239,0.2778970490343821,0.0,0.0,1.0,1.0,1.0,1.0
18,165,2.756422280690878,7.318400893411933,0.0,1.0,0.0,0.0,1.0,0.0
19,165,2.180987616001207,8.953816729014921,0.0,0.0,0.0,0.0,0.0,0.0
20,165,9.316535539260162,11.233152344662695,1.0,0.0,1.0,1.0,0.0,1.0
21,165,5.048247457843988,8.526704598781462,1.0,0.0,1.0,0.0,0.0,0.0
22,165,9.3477005973139,0.9263974946984328,0.0,1.0,0.0,0.0,1.0,0.0
23,165,6.221469754560938,3.0026462457072767,0.0,0.0,0.0,0.0,1.0,1.0
24,165,2.0234722217307257,0.0,0.0,0.0,0.0,0.0,0.0,1.0
25,165,5.065868919995017,7.55235000209221,0.0,1.0,0.0,0.0,0.0,1.0
26,165,0.2357487673398625,0.1765762288572862,0.0,0.0,0.0,0.0,1.0,0.0
27,165,0.0,6.512940607197352,1.0,1.0,0.0,1.0,0.0,0.0
28,165,0.0,2.208872866511154,0.0,1.0,1.0,0.0,0.0,0.0
29,165,8.045978878676248,7.705655515158725,1.0,0.0,0.0,0.0,0.0,0.0
30,165,1.068295573104276,6.520315971708387,1.0,1.0,0.0,0.0,1.0,0.0
31,165,5.027141755001517,3.7476530113338367,1.0,1.0,0.0,1.0,1.0,1.0
32,165,12.0,9.453485232632064,1.0,0.0,1.0,0.0,1.0,1.0
33,165,0.0,12.0,0.0,1.0,0.0,0.0,1.0,1.0
34,165,0.0,8.036170038548468,0.0,0.0,0.0,0.0,0.0,0.0
35,165,1.1197592812814865,0.2169290970943162,0.0,1.0,1.0,0.0,0.0,0.0
36,165,7.205240769223307,11.085125268824092,0.0,0.0,0.0,1.0,1.0,1.0
37,165,8.076811492661568,8.830034258919389,0.0,0.0,1.0,1.0,0.0,1.0
38,165,2.9315755934328704,9.791420696035264,1.0,0.0,1.0,0.0,1.0,0.0
39,165,4.303423330509738,4.051865156358327,1.0,1.0,1.0,1.0,1.0,0.0
0,170,9.284405481147774,6.075749575391125,1.0,1.0,1.0,0.0,1.0,0.0
1,170,11.269325988997773,8.115147631302838,1.0,0.0,0.0,0.0,0.0,0.0
2,170,2.611646986838098,1.1586353954421742,0.0,0.0,1.0,0.0,0.0,0.0
3,170,1.8796087438576452,5.053933389535285,0.0,1.0,1.0,0.0,0.0,0.0
4,170,8.84402276608867,5.048731889784524,1.0,0.0,1.0,0.0,0.0,1.0
5,170,8.94709376153238,12.0,0.0,1.0,0.0,1.0,1.0,1.0
6,170,4.242565280479014,3.9794409329573583,0.0,0.0,0.0,0.0,0.0,1.0
7,170,3.521638785139789,1.5408005991691145,0.0,1.0,0.0,0.0,1.0,0.0
8,170,11.194939245498013,2.0355493625603307,1.0,0.0,0.0,0.0,0.0,0.0
9,170,0.0,10.973825992649347,1.0,0.0,0.0,0.0,0.0,1.0
10,170,6.509729721409569,9.41935924677335,0.0,0.0,0.0,1.0,0.0,0.0
11,170,6.926411108297989,7.647194328500518,0.0,0.0,1.0,0.0,1.0,0.0
12,170,2.864028310618015,0.5604924874488187,1.0,1.0,0.0,0.0,1.0,1.0
13,170,8.1705444304959,3.5610282182650663,1.0,0.0,1.0,1.0,0.0,1.0
14,170,5.136587713895694,12.0,0.0,1.0,1.0,1.0,1.0,0.0
15,170,4.321247663954643,2.778455356975728,0.0,0.0,0.0,0.0,0.0,1.0
16,170,11.264654601723391,2.8686758462837174,0.0,1.0,1.0,0.0,0.0,0.0
17,170,8.713661321530752,0.2506124213491042,0.0,0.0,1.0,1.0,1.0,1.0
18,170,2.633432380421915,7.308097359559057,0.0,1.0,0.0,0.0,1.0,0.0
19,170,2.1847425065614137,8.980532536105548,0.0,0.0,0.0,0.0,0.0,0.0
20,170,9.29958189219245,11.218583638471117,1.0,0.0,1.0,1.0,0.0,1.0
21,170,4.997818283015112,8.557224149522579,1.0,0.0,1.0,0.0,0.0,0.0
22,170,9.293453966704051,0.8684441787434234,0.0,1.0,0.0,0.0,1.0,0.0
23,170,6.28319304287822,3.195649558762684,0.0,0.0,0.0,0.0,1.0,1.0
24,170,2.0350633502534947,0.0,0.0,0.0,0.0,0.0,0.0,1.0
25,170,4.987276435994082,7.459002747119132,0.0,1.0,0.0,0.0,0.0,1.0
26,170,0.2896290271656837,0.2219803837328871,0.0,0.0,0.0,0.0,1.0,0.0
27,170,0.0,6.454105196724695,1.0,1.0,0.0,1.0,0.0,0.0
28,170,0.0,2.1316412564679657,0.0,1.0,1.0,0.0,0.0,0.0
29,170,7.910008558194379,7.628572603223011,1.0,0.0,0.0,0.0,0.0,0.0
30,170,0.8906282642749904,6.486581156700176,1.0,1.0,0.0,0.0,1.0,0.0
31,170,4.999449292261578,3.8374903214604457,1.0,1.0,0.0,1.0,1.0,1.0
32,170,12.0,9.506843477175494,1.0,0.0,1.0,0.0,1.0,1.0
33,170,0.0,12.0,0.0,1.0,0.0,0.0,1.0,1.0
34,170,0.0,8.079760677480355,0.0,0.0,0.0,0.0,0.0,0.0
35,170,1.1178725616041902,0.216135172737174,0.0,1.0,1.0,0.0,0.0,0.0
36,170,7.127709105778133,11.05316508831781,0.0,0.0,0.0,1.0,1.0,1.0
37,170,8.09228090949436,8.795800889306939,0.0,0.0,1.0,1.0,0.0,1.0
38,170,2.908222697784513,9.84019193142823,1.0,0.0,1.0,0.0,1.0,0.0
39,170,4.26784743882861,3.9882487434894833,1.0,1.0,1.0,1.0,1.0,0.0
0,175,9.291249761531136,6.077548138437654,1.0,1.0,1.0,0.0,1.0,0.0
1,175,11.344515330718547,8.191089642825517,1.0,0.0,0.0,0.0,0.0,0.0
2,175,2.603531052182181,1.105694870052884,0.0,0.0,1.0,0.0,0.0,0.0
3,175,1.824619459918676,4.911978583370711,0.0,1.0,1.0,0.0,0.0,0.0
4,175,8.844791678458078,5.052068214410137,1.0,0.0,1.0,0.0,0.0,1.0
5,175,8.994864078901706,12.0,0.0,1.0,0.0,1.0,1.0,1.0
6,175,4.152229587281656,4.070002275866112,0.0,0.0,0.0,0.0,0.0,1.0
7,175,3.528462934605753,1.546302586016978,0.0,1.0,0.0,0.0,1.0,0.0
8,175,11.190839123635596,1.9868044949977104,1.0,0.0,0.0,0.0,0.0,0.0
9,175,0.0003016736095396,10.9729619922449,1.0,0.0,0.0,0.0,0.0,1.0
10,175,6.570990239304522,9.374096352627015,0.0,0.0,0.0,1.0,0.0,0.0
11,175,6.97417583216241,7.570533887431536,0.0,0.0,1.0,0.0,1.0,0.0
12,175,2.9157854743437173,0.5678428845281287,1.0,1.0,0.0,0.0,1.0,1.0
13,175,8.179571234703042,3.566219775903767,1.0,0.0,1.0,1.0,0.0,1.0
14,175,5.150672432223749,12.0,0.0,1.0,1.0,1.0,1.0,0.0
15,175,4.338572473361928,2.782114649715306,0.0,0.0,0.0,0.0,0.0,1.0
16,175,11.275181953611964,2.86827212770096,0.0,1.0,1.0,0.0,0.0,0.0
17,175,8.746613528246527,0.2207930157577541,0.0,0.0,1.0,1.0,1.0,1.0
18,175,2.4975316765612416,7.293836818367479,0.0,1.0,0.0,0.0,1.0,0.0
19,175,2.1867175281625646,8.993516178094247,0.0,0.0,0.0,0.0,0.0,0.0
20,175,9.296920153634955,11.216189968579627,1.0,0.0,1.0,1.0,0.0,1.0
21,175,4.981168926308255,8.567445773737326,1.0,0.0,1.0,0.0,0.0,0.0
22,175,9.233081905989778,0.8017498283616635,0.0,1.0,0.0,0.0,1.0,0.0
23,175,6.353594902948144,3.4131823694505075,0.0,0.0,0.0,0.0,1.0,1.0
24,175,2.0479678054006785,0.0,0.0,0.0,0.0,0.0,0.0,1.0
25,175,4.9078235946372,7.368398593392897,0.0,1.0,0.0,0.0,0.0,1.0
26,175,0.3197294495051495,0.2481339622097249,0.0,0.0,0.0,0.0,1.0,0.0
27,175,0.0,6.395792021613175,1.0,1.0,0.0,1.0,0.0,0.0
28,175,0.0,2.0499977393956152,0.0,1.0,1.0,0.0,0.0,0.0
29,175,7.77936179518807,7.552459770470081,1.0,0.0,0.0,0.0,0.0,0.0
30,175,0.7381300960569515,6.457029223873782,1.0,1.0,0.0,0.0,1.0,0.0
31,175,4.973912084296468,3.918596866895685,1.0,1.0,0.0,1.0,1.0,1.0
32,175,11.942320692283324,9.638511615269106,1.0,0.0,1.0,0.0,1.0,1.0
33,175,0.0,12.0,0.0,1.0,0.0,0.0,1.0,1.0
34,175,0.0,8.13368045289609,0.0,0.0,0.0,0.0,0.0,0.0
35,175,1.0939618380628826,0.2064801976269528,0.0,1.0,1.0,0.0,0.0,0.0
36,175,7.053076160633873,11.024155819715746,0.0,0.0,0.0,1.0,1.0,1.0
37,175,8.108178822083865,8.759564436586041,0.0,0.0,1.0,1.0,0.0,1.0
38,175,2.876078398991292,9.911759658027176,1.0,0.0,1.0,0.0,1.0,0.0
39,175,4.239389174867717,3.9405206519187264,1.0,1.0,1.0,1.0,1.0,0.0
0,180,9.255468774179423,6.0681590909604965,1.0,1.0,1.0,0.0,1.0,0.0
1,180,11.424868740919148,8.270400378615488,1.0,0.0,0.0,0.0,0.0,0.0
2,180,2.596243692969906,1.0611002407547925,0.0,0.0,1.0,0.0,0.0,0.0
3,180,1.7607946810309387,4.7480844105465625,0.0,1.0,1.0,0.0,0.0,0.0
4,180,8.842593029660083,5.042540439690697,1.0,0.0,1.0,0.0,0.0,1.0
5,180,9.026932398784828,12.0,0.0,1.0,0.0,1.0,1.0,1.0
6,180,4.054981685307432,4.159733775790279,0.0,0.0,0.0,0.0,0.0,1.0
7,180,3.540809706279554,1.5564283960556828,0.0,1.0,0.0,0.0,1.0,0.0
8,180,11.188956449337208,1.9600236069865435,1.0,0.0,0.0,0.0,0.0,0.0
9,180,0.0,10.977999722966697,1.0,0.0,0.0,0.0,0.0,1.0
10,180,6.6359020995441655,9.323712235769154,0.0,0.0,0.0,1.0,0.0,0.0
11,180,7.013333401206375,7.507916826785427,0.0,0.0,1.0,0.0,1.0,0.0
12,180,2.9607867730801063,0.5741538815154381,1.0,1.0,0.0,0.0,1.0,1.0
13,180,8.202110396179506,3.578636951931877,1.0,0.0,1.0,1.0,0.0,1.0
14,180,5.168766026037062,12.0,0.0,1.0,1.0,1.0,1.0,0.0
15,180,4.36042744262652,2.7868038202145424,0.0,0.0,0.0,0.0,0.0,1.0
16,180,11.286328313910632,2.867945745281204,0.0,1.0,1.0,0.0,0.0,0.0
17,180,8.788732223969674,0.1833432174472141,0.0,0.0,1.0,1.0,1.0,1.0
18,180,2.3573704258778623,7.276087554651013,0.0,1.0,0.0,0.0,1.0,0.0
19,180,2.188844694820247,9.00913742822076,0.0,0.0,0.0,0.0,0.0,0.0
20,180,9.293415725053144,11.213038607824243,1.0,0.0,1.0,1.0,0.0,1.0
21,180,4.990002124237618,8.56211114400822,1.0,0.0,1.0,0.0,0.0,0.0
22,180,9.166581315037638,0.7325735284878352,0.0,1.0,0.0,0.0,1.0,0.0
23,180,6.425971376598496,3.620767219144591,0.0,0.0,0.0,0.0,1.0,1.0
24,180,2.044416321227182,0.0086543290409235,0.0,0.0,0.0,0.0,0.0,1.0
25,180,4.837169696921825,7.288656927704657,0.0,1.0,0.0,0.0,0.0,1.0
26,180,0.3366515390328303,0.2631726411319671,0.0,0.0,0.0,0.0,1.0,0.0
27,180,0.0,6.344358312790027,1.0,1.0,0.0,1.0,0.0,0.0
28,180,0.0,1.9773089104978867,0.0,1.0,1.0,0.0,0.0,0.0
29,180,7.63072441735051,7.461725634069995,1.0,0.0,0.0,0.0,0.0,0.0
30,180,0.575613599222321,6.42521159242717,1.0,1.0,0.0,0.0,1.0,0.0
31,180,4.949261663031775,4.011450113121937,1.0,1.0,0.0,1.0,1.0,1.0
32,180,11.890278732834728,9.767229133883616,1.0,0.0,1.0,0.0,1.0,1.0
33,180,0.0,12.0,0.0,1.0,0.0,0.0,1.0,1.0
34,180,0.0,8.203078460227106,0.0,0.0,0.0,0.0,0.0,0.0
35,180,1.068917253399806,0.1954199039576757,0.0,1.0,1.0,0.0,0.0,0.0
36,180,6.969899495734679,10.995111630280933,0.0,0.0,0.0,1.0,1.0,1.0
37,180,8.118509917005586,8.736244043947503,0.0,0.0,1.0,1.0,0.0,1.0
38,180,2.851941127335641,9.967752505001826,1.0,0.0,1.0,0.0,1.0,0.0
39,180,4.205374027566283,3.8827184239364088,1.0,1.0,1.0,1.0,1.0,0.0
0,185,9.214998436893024,6.058378112934121,1.0,1.0,1.0,0.0,1.0,0.0
1,185,11.501282300859533,8.348844335211405,1.0,0.0,0.0,0.0,0.0,0.0
2,185,2.589346510674226,1.0200414349579134,0.0,0.0,1.0,0.0,0.0,0.0
3,185,1.692813868936415,4.592253891793371,0.0,1.0,1.0,0.0,0.0,0.0
4,185,8.845878871335847,5.059179148310966,1.0,0.0,1.0,0.0,0.0,1.0
5,185,9.04886128794735,12.0,0.0,1.0,0.0,1.0,1.0,1.0
6,185,3.969596213008389,4.235094744718944,0.0,0.0,0.0,0.0,0.0,1.0
7,185,3.5579886358322166,1.5698959221277888,0.0,1.0,0.0,0.0,1.0,0.0
8,185,11.187402665639793,1.9279421009146729,1.0,0.0,0.0,0.0,0.0,0.0
9,185,0.0,10.990303877497746,1.0,0.0,0.0,0.0,0.0,1.0
10,185,6.697789353633085,9.276047315842067,0.0,0.0,0.0,1.0,0.0,0.0
11,185,7.063895061688776,7.427447558189954,0.0,0.0,1.0,0.0,1.0,0.0
12,185,3.035612608584888,0.5855747447038515,1.0,1.0,0.0,0.0,1.0,1.0
13,185,8.2287799782309,3.5927026161534394,1.0,0.0,1.0,1.0,0.0,1.0
14,185,5.183971975978612,12.0,0.0,1.0,1.0,1.0,1.0,0.0
15,185,4.3746422954127615,2.7896279293682857,0.0,0.0,0.0,0.0,0.0,1.0
16,185,11.291153924941032,2.867875833625212,0.0,1.0,1.0,0.0,0.0,0.0
17,185,8.819643313569646,0.1568001442246531,0.0,0.0,1.0,1.0,1.0,1.0
18,185,2.197718459424351,7.259215118757879,0.0,1.0,0.0,0.0,1.0,0.0
19,185,2.190194137787407,9.02000233450925,0.0,0.0,0.0,0.0,0.0,0.0
20,185,9.287869911343112,11.207986882331396,1.0,0.0,1.0,1.0,0.0,1.0
21,185,4.996180812178812,8.558399333880098,1.0,0.0,1.0,0.0,0.0,0.0
22,185,9.11359250639368,0.6789567824253065,0.0,1.0,0.0,0.0,1.0,0.0
23,185,6.4999611820602565,3.833093455796021,0.0,0.0,0.0,0.0,1.0,1.0
24,185,2.0365651144402177,0.0269417426291466,0.0,0.0,0.0,0.0,0.0,1.0
25,185,4.771753481088179,7.216453338080969,0.0,1.0,0.0,0.0,0.0,1.0
26,185,0.3486815602160049,0.2742548040232579,0.0,0.0,0.0,0.0,1.0,0.0
27,185,0.0,6.291809888051363,1.0,1.0,0.0,1.0,0.0,0.0
28,185,0.0,1.907721381422868,0.0,1.0,1.0,0.0,0.0,0.0
29,185,7.471076535706344,7.369264882200625,1.0,0.0,0.0,0.0,0.0,0.0
30,185,0.4140453059270425,6.390942615309669,1.0,1.0,0.0,0.0,1.0,0.0
31,185,4.920592920708969,4.111505667244184,1.0,1.0,0.0,1.0,1.0,1.0
32,185,11.832166404661136,9.918411702464413,1.0,0.0,1.0,0.0,1.0,1.0
33,185,0.0,12.0,0.0,1.0,0.0,0.0,1.0,1.0
34,185,0.0,8.276246579552966,0.0,0.0,0.0,0.0,0.0,0.0
35,185,1.0465437940317075,0.1854004934799832,0.0,1.0,1.0,0.0,0.0,0.0
36,185,6.886214840831882,10.964280311443868,0.0,0.0,0.0,1.0,1.0,1.0
37,185,8.124690270809557,8.722498162446122,0.0,0.0,1.0,1.0,0.0,1.0
38,185,2.831942172116685,10.016404322423869,1.0,0.0,1.0,0.0,1.0,0.0
39,185,4.173859345121721,3.828139317900732,1.0,1.0,1.0,1.0,1.0,0.0
0,190,9.18355404783434,6.049794603278794,1.0,1.0,1.0,0.0,1.0,0.0
1,190,11.58221961921164,8.431658032991244,1.0,0.0,0.0,0.0,0.0,0.0
2,190,2.5829570181907204,0.9770922765774706,0.0,0.0,1.0,0.0,0.0,0.0
3,190,1.6153478553379474,4.417990064910537,0.0,1.0,1.0,0.0,0.0,0.0
4,190,8.854508591147866,5.103482303023933,1.0,0.0,1.0,0.0,0.0,1.0
5,190,9.076542438860962,12.0,0.0,1.0,0.0,1.0,1.0,1.0
6,190,3.880835358496199,4.31818918019226,0.0,0.0,0.0,0.0,0.0,1.0
7,190,3.5881389073959653,1.5928460368442332,0.0,1.0,0.0,0.0,1.0,0.0
8,190,11.182559830162235,1.865294190767747,1.0,0.0,0.0,0.0,0.0,0.0
9,190,0.0,11.006274756653484,1.0,0.0,0.0,0.0,0.0,1.0
10,190,6.750135444530676,9.235578298862746,0.0,0.0,0.0,1.0,0.0,0.0
11,190,7.130051900214325,7.325244413608627,0.0,0.0,1.0,0.0,1.0,0.0
12,190,3.089163348050839,0.5947451572255741,1.0,1.0,0.0,0.0,1.0,1.0
13,190,8.259066717977209,3.609381689918988,1.0,0.0,1.0,1.0,0.0,1.0
14,190,5.202435808628603,12.0,0.0,1.0,1.0,1.0,1.0,0.0
15,190,4.381372287770614,2.790913657916822,0.0,0.0,0.0,0.0,0.0,1.0
16,190,11.28301023982553,2.868229133083616,0.0,1.0,1.0,0.0,0.0,0.0
17,190,8.851117438654946,0.1304136271555783,0.0,0.0,1.0,1.0,1.0,1.0
18,190,2.0266958662081938,7.24116010820875,0.0,1.0,0.0,0.0,1.0,0.0
19,190,2.189690041761898,9.016552395210082,0.0,0.0,0.0,0.0,0.0,0.0
20,190,9.278792819711438,11.199689964770958,1.0,0.0,1.0,1.0,0.0,1.0
21,190,5.006336219286081,8.552237544157963,1.0,0.0,1.0,0.0,0.0,0.0
22,190,9.07316777783968,0.6402337565989662,0.0,1.0,0.0,0.0,1.0,0.0
23,190,6.568436253222205,4.047239948928578,0.0,0.0,0.0,0.0,1.0,1.0
24,190,2.0268805752960266,0.049960913734725,0.0,0.0,0.0,0.0,0.0,1.0
25,190,4.704624670771647,7.140671491911607,0.0,1.0,0.0,0.0,0.0,1.0
26,190,0.3599772662644168,0.2838630074507655,0.0,0.0,0.0,0.0,1.0,0.0
27,190,0.0,6.247386042153051,1.0,1.0,0.0,1.0,0.0,0.0
28,190,0.0,1.8431312641203408,0.0,1.0,1.0,0.0,0.0,0.0
29,190,7.322602317430413,7.28919114593385,1.0,0.0,0.0,0.0,0.0,0.0
30,190,0.2297683328353894,6.355331941414922,1.0,1.0,0.0,0.0,1.0,0.0
31,190,4.886547617962647,4.232195276362462,1.0,1.0,0.0,1.0,1.0,1.0
32,190,11.75647798957086,10.090899829600223,1.0,0.0,1.0,0.0,1.0,1.0
33,190,0.0,12.0,0.0,1.0,0.0,0.0,1.0,1.0
34,190,0.0,8.343496290490844,0.0,0.0,0.0,0.0,0.0,0.0
35,190,1.0149624951008624,0.1704569545197555,0.0,1.0,1.0,0.0,0.0,0.0
36,190,6.78659487540639,10.927233726297988,0.0,0.0,0.0,1.0,1.0,1.0
37,190,8.138310460586295,8.694207803357111,0.0,0.0,1.0,1.0,0.0,1.0
38,190,2.810132046513186,10.064412810894549,1.0,0.0,1.0,0.0,1.0,0.0
39,190,4.138799411715834,3.770109940102557,1.0,1.0,1.0,1.0,1.0,0.0
0,195,9.1438821796593,6.038003727471673,1.0,1.0,1.0,0.0,1.0,0.0
1,195,11.661086569913,8.507116260776773,1.0,0.0,0.0,0.0,0.0,0.0
2,195,2.5760923476303312,0.9337329079166066,0.0,0.0,1.0,0.0,0.0,0.0
3,195,1.5460535419525536,4.254259186352831,0.0,1.0,1.0,0.0,0.0,0.0
4,195,8.862241062892936,5.141967375988675,1.0,0.0,1.0,0.0,0.0,1.0
5,195,9.093708934862208,12.0,0.0,1.0,0.0,1.0,1.0,1.0
6,195,3.7840515718791785,4.406170889275763,0.0,0.0,0.0,0.0,0.0,1.0
7,195,3.627910933185936,1.6263082585932358,0.0,1.0,0.0,0.0,1.0,0.0
8,195,11.178168029521576,1.805688790803524,1.0,0.0,0.0,0.0,0.0,0.0
9,195,0.000308449973559,11.005375948978594,1.0,0.0,0.0,0.0,0.0,1.0
10,195,6.796182282682085,9.199738966249166,0.0,0.0,0.0,1.0,0.0,0.0
11,195,7.199351532061496,7.220377390546693,0.0,0.0,1.0,0.0,1.0,0.0
12,195,3.1460553210881805,0.6050226598887838,1.0,1.0,0.0,0.0,1.0,1.0
13,195,8.284979297246197,3.6231585841618617,1.0,0.0,1.0,1.0,0.0,1.0
14,195,5.22876018526902,12.0,0.0,1.0,1.0,1.0,1.0,0.0
15,195,4.387210390483357,2.7920350515433854,0.0,0.0,0.0,0.0,0.0,1.0
16,195,11.305238155189627,2.867675073709004,0.0,1.0,1.0,0.0,0.0,0.0
17,195,8.912488424360243,0.078400784655418,0.0,0.0,1.0,1.0,1.0,1.0
18,195,1.8569527251326103,7.221731372693163,0.0,1.0,0.0,0.0,1.0,0.0
19,195,2.189861035017403,9.017665202010242,0.0,0.0,0.0,0.0,0.0,0.0
20,195,9.267236516708484,11.188686710879663,1.0,0.0,1.0,1.0,0.0,1.0
21,195,4.998528674077731,8.557240696187236,1.0,0.0,1.0,0.0,0.0,0.0
22,195,9.032009679199236,0.6000463355670763,0.0,1.0,0.0,0.0,1.0,0.0
23,195,6.632659718059616,4.26067020140356,0.0,0.0,0.0,0.0,1.0,1.0
24,195,2.024659657315276,0.0551511253197541,0.0,0.0,0.0,0.0,0.0,1.0
25,195,4.632640232263949,7.060731891855708,0.0,1.0,0.0,0.0,0.0,1.0
26,195,0.3696854499758638,0.2920908947180263,0.0,0.0,0.0,0.0,1.0,0.0
27,195,0.0,6.203503953258774,1.0,1.0,0.0,1.0,0.0,0.0
28,195,0.0,1.7819207609711725,0.0,1.0,1.0,0.0,0.0,0.0
29,195,7.17169974125873,7.204420532586678,1.0,0.0,0.0,0.0,0.0,0.0
30,195,0.1964618664566911,6.52971184941446,1.0,1.0,0.0,0.0,1.0,0.0
31,195,4.84781737128324,4.357854012038767,1.0,1.0,0.0,1.0,1.0,1.0
32,195,11.68753315019018,10.244125677748494,1.0,0.0,1.0,0.0,1.0,1.0
33,195,0.0,12.0,0.0,1.0,0.0,0.0,1.0,1.0
34,195,0.0,8.405404273424876,0.0,0.0,0.0,0.0,0.0,0.0
35,195,0.9826627732500424,0.1559372809085363,0.0,1.0,1.0,0.0,0.0,0.0
36,195,6.678731456257793,10.881893629159194,0.0,0.0,0.0,1.0,1.0,1.0
37,195,8.154281430145993,8.660640623702326,0.0,0.0,1.0,1.0,0.0,1.0
38,195,2.7874746797091943,10.11489545544173,1.0,0.0,1.0,0.0,1.0,0.0
39,195,4.101931940191656,3.7065260923657344,1.0,1.0,1.0,1.0,1.0,0.0
0,200,9.103513312836892,6.02550307101752,1.0,1.0,1.0,0.0,1.0,0.0
1,200,11.727350225771234,8.569721125090414,1.0,0.0,0.0,0.0,0.0,0.0
2,200,2.5690553884622864,0.8854043614026985,0.0,0.0,1.0,0.0,0.0,0.0
3,200,1.4752579485651267,4.078973357186769,0.0,1.0,1.0,0.0,0.0,0.0
4,200,8.86770204326347,5.171964037572532,1.0,0.0,1.0,0.0,0.0,1.0
5,200,9.11282144665665,12.0,0.0,1.0,0.0,1.0,1.0,1.0
6,200,3.691139281856664,4.485482507748394,0.0,0.0,0.0,0.0,0.0,1.0
7,200,3.6554507577836906,1.64881196275108,0.0,1.0,0.0,0.0,1.0,0.0
8,200,11.174341204647048,1.7564784624547731,1.0,0.0,0.0,0.0,0.0,0.0
9,200,0.0,11.009663011514554,1.0,0.0,0.0,0.0,0.0,1.0
10,200,6.848169019152286,9.155456765446774,0.0,0.0,0.0,1.0,0.0,0.0
11,200,7.274572394587769,7.100993078635813,0.0,0.0,1.0,0.0,1.0,0.0
12,200,3.180370250286983,0.6101039810050406,1.0,1.0,0.0,0.0,1.0,1.0
13,200,8.334500265611213,3.6503931016890094,1.0,0.0,1.0,1.0,0.0,1.0
14,200,5.258708157801184,12.0,0.0,1.0,1.0,1.0,1.0,0.0
15,200,4.401445309493081,2.794681448793462,0.0,0.0,0.0,0.0,0.0,1.0
16,200,11.305408316218337,2.875346758644489,0.0,1.0,1.0,0.0,0.0,0.0
17,200,8.96184203941876,0.1371848115379494,0.0,0.0,1.0,1.0,1.0,1.0
18,200,1.6777645962191865,7.203353131215089,0.0,1.0,0.0,0.0,1.0,0.0
19,200,2.188330817001324,9.007763980674495,0.0,0.0,0.0,0.0,0.0,0.0
20,200,9.261977466704812,11.183511219599312,1.0,0.0,1.0,1.0,0.0,1.0
21,200,4.994128868319823,8.56019109551705,1.0,0.0,1.0,0.0,0.0,0.0
22,200,8.990960400304923,0.5603585783262739,0.0,1.0,0.0,0.0,1.0,0.0
23,200,6.695807480672143,4.485269084347396,0.0,0.0,0.0,0.0,1.0,1.0
24,200,2.006999976693477,0.0956331211878154,0.0,0.0,0.0,0.0,0.0,1.0
25,200,4.564597679950204,6.980640667684354,0.0,1.0,0.0,0.0,0.0,1.0
26,200,0.3874054744371022,0.3068235551588086,0.0,0.0,0.0,0.0,1.0,0.0
27,200,0.0,6.15437947923308,1.0,1.0,0.0,1.0,0.0,0.0
28,200,0.0,1.713251569889028,0.0,1.0,1.0,0.0,0.0,0.0
29,200,7.028894574941162,7.122514590321145,1.0,0.0,0.0,0.0,0.0,0.0
30,200,0.158879717187078,6.721490190562298,1.0,1.0,0.0,0.0,1.0,0.0
31,200,4.806809359072458,4.489960028496307,1.0,1.0,0.0,1.0,1.0,1.0
32,200,11.625029021081438,10.389080190867128,1.0,0.0,1.0,0.0,1.0,1.0
33,200,0.0,11.864194694237176,0.0,1.0,0.0,0.0,1.0,1.0
34,200,0.0,8.471341319698823,0.0,0.0,0.0,0.0,0.0,0.0
35,200,0.9384329244914588,0.1365529319876883,0.0,1.0,1.0,0.0,0.0,0.0
36,200,6.557709814494396,10.831268473093022,0.0,0.0,0.0,1.0,1.0,1.0
37,200,8.17096768512871,8.625257116402189,0.0,0.0,1.0,1.0,0.0,1.0
38,200,2.7756109629808603,10.140669270255026,1.0,0.0,1.0,0.0,1.0,0.0
39,200,4.076773845870539,3.661955950483504,1.0,1.0,1.0,1.0,1.0,0.0
0,205,9.070969652608296,6.016214611544301,1.0,1.0,1.0,0.0,1.0,0.0
1,205,11.794193362118998,8.634443123089522,1.0,0.0,0.0,0.0,0.0,0.0
2,205,2.55966444607463,0.8260084012816252,0.0,0.0,1.0,0.0,0.0,0.0
3,205,1.4073809013830796,3.916632562166404,0.0,1.0,1.0,0.0,0.0,0.0
4,205,8.869828965694028,5.18315139569166,1.0,0.0,1.0,0.0,0.0,1.0
5,205,9.121369381166636,12.0,0.0,1.0,0.0,1.0,1.0,1.0
6,205,3.597767878734681,4.567884475916204,0.0,0.0,0.0,0.0,0.0,1.0
7,205,3.6966614022456215,1.6839553901151911,0.0,1.0,0.0,0.0,1.0,0.0
8,205,11.172742303470374,1.7384525976772685,1.0,0.0,0.0,0.0,0.0,0.0
9,205,0.0,11.018877474784238,1.0,0.0,0.0,0.0,0.0,1.0
10,205,6.900462888670239,9.111766928229953,0.0,0.0,0.0,1.0,0.0,0.0
11,205,7.3604195389886575,6.966960872508271,0.0,0.0,1.0,0.0,1.0,0.0
12,205,3.193228102741445,0.6119165912521969,1.0,1.0,0.0,0.0,1.0,1.0
13,205,8.378284528730562,3.674810998655203,1.0,0.0,1.0,1.0,0.0,1.0
14,205,5.288912265514528,12.0,0.0,1.0,1.0,1.0,1.0,0.0
15,205,4.417368322620087,2.7976710153918862,0.0,0.0,0.0,0.0,0.0,1.0
16,205,11.30535898514515,2.872442189530442,0.0,1.0,1.0,0.0,0.0,0.0
17,205,9.021439026335822,0.2137793562185045,0.0,0.0,1.0,1.0,1.0,1.0
18,205,1.4872768704956738,7.18274353297837,0.0,1.0,0.0,0.0,1.0,0.0
19,205,2.1881159291198755,9.00629227602994,0.0,0.0,0.0,0.0,0.0,0.0
20,205,9.240712538284138,11.16169028327628,1.0,0.0,1.0,1.0,0.0,1.0
21,205,4.978742303418577,8.570104286298415,1.0,0.0,1.0,0.0,0.0,0.0
22,205,8.937718446230548,0.5077127496979005,0.0,1.0,0.0,0.0,1.0,0.0
23,205,6.764216904267701,4.702800104745712,0.0,0.0,0.0,0.0,1.0,1.0
24,205,1.999949109445052,0.1125255336397523,0.0,0.0,0.0,0.0,0.0,1.0
25,205,4.502433483128195,6.906929590686587,0.0,1.0,0.0,0.0,0.0,1.0
26,205,0.4261673190216806,0.3375987537711872,0.0,0.0,0.0,0.0,1.0,0.0
27,205,0.0,6.110750928484197,1.0,1.0,0.0,1.0,0.0,0.0
28,205,0.0,1.6492182216028668,0.0,1.0,1.0,0.0,0.0,0.0
29,205,6.8664595577811625,7.031521503041944,1.0,0.0,0.0,0.0,0.0,0.0
30,205,0.12393020347104,6.939370261907118,1.0,1.0,0.0,0.0,1.0,0.0
31,205,4.759238154998211,4.643249356547196,1.0,1.0,0.0,1.0,1.0,1.0
32,205,11.563739648484228,10.525310241152484,1.0,0.0,1.0,0.0,1.0,1.0
33,205,0.0,11.72946281830926,0.0,1.0,0.0,0.0,1.0,1.0
34,205,0.0,8.551957962920113,0.0,0.0,0.0,0.0,0.0,0.0
35,205,0.8903872107876077,0.1146526168507902,0.0,1.0,1.0,0.0,0.0,0.0
36,205,6.415517205298912,10.771918465623871,0.0,0.0,0.0,1.0,1.0,1.0
37,205,8.188567541943799,8.589265969832212,0.0,0.0,1.0,1.0,0.0,1.0
38,205,2.7573135713935883,10.178942468365776,1.0,0.0,1.0,0.0,1.0,0.0
39,205,4.049063365082993,3.611465951811748,1.0,1.0,1.0,1.0,1.0,0.0
0,210,9.037614934216707,6.005161214618557,1.0,1.0,1.0,0.0,1.0,0.0
1,210,11.869941473189527,8.701373748634612,1.0,0.0,0.0,0.0,0.0,0.0
2,210,2.551171321424908,0.7759899474405803,0.0,0.0,1.0,0.0,0.0,0.0
3,210,1.590175767367919,3.84055538370414,0.0,1.0,1.0,0.0,0.0,0.0
4,210,8.868078360163855,5.174282291251703,1.0,0.0,1.0,0.0,0.0,1.0
5,210,9.127149301589109,12.0,0.0,1.0,0.0,1.0,1.0,1.0
6,210,3.5113196049289392,4.63936543377196,0.0,0.0,0.0,0.0,0.0,1.0
7,210,3.7180806394861463,1.7028944654607856,0.0,1.0,0.0,0.0,1.0,0.0
8,210,11.173551908517778,1.748288447548618,1.0,0.0,0.0,0.0,0.0,0.0
9,210,0.0,11.023765378844365,1.0,0.0,0.0,0.0,0.0,1.0
10,210,6.962413266613278,9.062296805286673,0.0,0.0,0.0,1.0,0.0,0.0
11,210,7.444745609563905,6.828828541060001,0.0,0.0,1.0,0.0,1.0,0.0
12,210,3.1942584158276235,0.6120599827755324,1.0,1.0,0.0,0.0,1.0,1.0
13,210,8.420916353866827,3.696791921048249,1.0,0.0,1.0,1.0,0.0,1.0
14,210,5.31924474515607,12.0,0.0,1.0,1.0,1.0,1.0,0.0
15,210,4.43667413415881,2.80173986793321,0.0,0.0,0.0,0.0,0.0,1.0
16,210,11.305544611111028,2.8795615400763905,0.0,1.0,1.0,0.0,0.0,0.0
17,210,9.074750181173956,0.2820152095314786,0.0,0.0,1.0,1.0,1.0,1.0
18,210,1.306525182378507,7.169447922751028,0.0,1.0,0.0,0.0,1.0,0.0
19,210,2.1827203789896417,8.977543832945457,0.0,0.0,0.0,0.0,0.0,0.0
20,210,9.222270143436484,11.142566526864991,1.0,0.0,1.0,1.0,0.0,1.0
21,210,4.979224987745012,8.569782884637613,1.0,0.0,1.0,0.0,0.0,0.0
22,210,8.886601352234415,0.4601354715088955,0.0,1.0,0.0,0.0,1.0,0.0
23,210,6.835037476495526,4.918633113153663,0.0,0.0,0.0,0.0,1.0,1.0
24,210,2.0022768910552813,0.1072582672243437,0.0,0.0,0.0,0.0,0.0,1.0
25,210,4.4339246947612905,6.825050335421312,0.0,1.0,0.0,0.0,0.0,1.0
26,210,0.4644585306788639,0.366923509242438,0.0,0.0,0.0,0.0,1.0,0.0
27,210,0.0,6.069905365468602,1.0,1.0,0.0,1.0,0.0,0.0
28,210,0.0,1.5818044924775498,0.0,1.0,1.0,0.0,0.0,0.0
29,210,6.698606401091585,6.940839644668356,1.0,0.0,0.0,0.0,0.0,0.0
30,210,0.0848647922578533,7.158621245784067,1.0,1.0,0.0,0.0,1.0,0.0
31,210,4.715073517914995,4.791513026597094,1.0,1.0,0.0,1.0,1.0,1.0
32,210,11.510632958563813,10.647617422795356,1.0,0.0,1.0,0.0,1.0,1.0
33,210,0.0,11.603887744740833,0.0,1.0,0.0,0.0,1.0,1.0
34,210,0.0,8.618769059275614,0.0,0.0,0.0,0.0,0.0,0.0
35,210,0.8371392254209221,0.0922658395803861,0.0,1.0,1.0,0.0,0.0,0.0
36,210,6.254025082622008,10.7001465379736,0.0,0.0,0.0,1.0,1.0,1.0
37,210,8.208224421694837,8.546861755591529,0.0,0.0,1.0,1.0,0.0,1.0
38,210,2.7371917696672887,10.221251980178993,1.0,0.0,1.0,0.0,1.0,0.0
39,210,4.020241692922186,3.560755067975495,1.0,1.0,1.0,1.0,1.0,0.0
0,215,8.999378933066543,5.992381046182106,1.0,1.0,1.0,0.0,1.0,0.0
1,215,11.951620474769303,8.774557008744589,1.0,0.0,0.0,0.0,0.0,0.0
2,215,2.54272511789911,0.7232883590813165,0.0,0.0,1.0,0.0,0.0,0.0
3,215,1.7805798004946412,3.762393429297685,0.0,1.0,1.0,0.0,0.0,0.0
4,215,8.870534315330692,5.185604878380016,1.0,0.0,1.0,0.0,0.0,1.0
5,215,9.137736390637968,12.0,0.0,1.0,0.0,1.0,1.0,1.0
6,215,3.427956502803123,4.708617108342141,0.0,0.0,0.0,0.0,0.0,1.0
7,215,3.738494945286341,1.721649970126231,0.0,1.0,0.0,0.0,1.0,0.0
8,215,11.173103775967425,1.7414910791458122,1.0,0.0,0.0,0.0,0.0,0.0
9,215,0.0036599175372178,11.01407763151836,1.0,0.0,0.0,0.0,0.0,1.0
10,215,7.029236266479092,9.01074978394033,0.0,0.0,0.0,1.0,0.0,0.0
11,215,7.525420321842083,6.699094503214499,0.0,0.0,1.0,0.0,1.0,0.0
12,215,3.183987936498577,0.6105545490410257,1.0,1.0,0.0,0.0,1.0,1.0
13,215,8.483375215502791,3.726337356903221,1.0,0.0,1.0,1.0,0.0,1.0
14,215,5.360799013897267,12.0,0.0,1.0,1.0,1.0,1.0,0.0
15,215,4.469546455501502,2.8079507739223164,0.0,0.0,0.0,0.0,0.0,1.0
16,215,11.30572048343159,2.8834647806925098,0.0,1.0,1.0,0.0,0.0,0.0
17,215,9.119394403380028,0.3416286601311845,0.0,0.0,1.0,1.0,1.0,1.0
18,215,1.117173895211197,7.158082758199417,0.0,1.0,0.0,0.0,1.0,0.0
19,215,2.181953225657064,8.973010563459411,0.0,0.0,0.0,0.0,0.0,0.0
20,215,9.2213132725657,11.1415877629451,1.0,0.0,1.0,1.0,0.0,1.0
21,215,4.969547590871924,8.57629316571203,1.0,0.0,1.0,0.0,0.0,0.0
22,215,8.822416789255485,0.40039010047871,0.0,1.0,0.0,0.0,1.0,0.0
23,215,6.899029176715568,5.126820105603278,0.0,0.0,0.0,0.0,1.0,1.0
24,215,2.0025442234617388,0.1065681629437511,0.0,0.0,0.0,0.0,0.0,1.0
25,215,4.364055264200916,6.740779241760415,0.0,1.0,0.0,0.0,0.0,1.0
26,215,0.5004177488286481,0.3955228209987932,0.0,0.0,0.0,0.0,1.0,0.0
27,215,0.0,6.030190456058388,1.0,1.0,0.0,1.0,0.0,0.0
28,215,0.0,1.515640379870091,0.0,1.0,1.0,0.0,0.0,0.0
29,215,6.531346213514528,6.845025211586855,1.0,0.0,0.0,0.0,0.0,0.0
30,215,0.0478337914040528,7.383454229749569,1.0,1.0,0.0,0.0,1.0,0.0
31,215,4.663837628170211,4.969148614342669,1.0,1.0,0.0,1.0,1.0,1.0
32,215,11.454755303993712,10.781847800429874,1.0,0.0,1.0,0.0,1.0,1.0
33,215,0.0,11.488514920710074,0.0,1.0,0.0,0.0,1.0,1.0
34,215,0.0,8.690435533090406,0.0,0.0,0.0,0.0,0.0,0.0
35,215,0.8136980087953836,0.0820358139785759,0.0,1.0,1.0,0.0,0.0,0.0
36,215,6.106425247130294,10.63695342349155,0.0,0.0,0.0,1.0,1.0,1.0
37,215,8.221432232655314,8.519779897699522,0.0,0.0,1.0,1.0,0.0,1.0
38,215,2.755344978292794,10.229257093193851,1.0,0.0,1.0,0.0,1.0,0.0
39,215,3.978041086846903,3.486932924349692,1.0,1.0,1.0,1.0,1.0,0.0
0,220,8.98200287369756,5.986567536565331,1.0,1.0,1.0,0.0,1.0,0.0
1,220,12.0,8.824246296746962,1.0,0.0,0.0,0.0,0.0,0.0
2,220,2.537322173909836,0.6846049384351436,0.0,0.0,1.0,0.0,0.0,0.0
3,220,1.9708074834351488,3.681281939737113,0.0,1.0,1.0,0.0,0.0,0.0
4,220,8.870969226250724,5.187481754337933,1.0,0.0,1.0,0.0,0.0,1.0
5,220,9.15128266745061,12.0,0.0,1.0,0.0,1.0,1.0,1.0
6,220,3.351829911991351,4.772861768871059,0.0,0.0,0.0,0.0,0.0,1.0
7,220,3.753800083195175,1.7363878046776504,0.0,1.0,0.0,0.0,1.0,0.0
8,220,11.17435110564988,1.7575938648398677,1.0,0.0,0.0,0.0,0.0,0.0
9,220,0.0073813606955032,11.00454061777336,1.0,0.0,0.0,0.0,0.0,1.0
10,220,7.098834574069747,8.95801285985434,0.0,0.0,0.0,1.0,0.0,0.0
11,220,7.585910970219097,6.599661216905205,0.0,0.0,1.0,0.0,1.0,0.0
12,220,3.161070836320393,0.6074278709340807,1.0,1.0,0.0,0.0,1.0,1.0
13,220,8.546997137709482,3.756515433261983,1.0,0.0,1.0,1.0,0.0,1.0
14,220,5.405507435262424,12.0,0.0,1.0,1.0,1.0,1.0,0.0
15,220,4.51116248747432,2.8157633119404557,0.0,0.0,0.0,0.0,0.0,1.0
16,220,11.30589213185797,2.887060880072682,0.0,1.0,1.0,0.0,0.0,0.0
17,220,9.163762209669708,0.404150594230962,0.0,0.0,1.0,1.0,1.0,1.0
18,220,0.916163466219577,7.151913419556094,0.0,1.0,0.0,0.0,1.0,0.0
19,220,2.180390260418264,8.963074058924724,0.0,0.0,0.0,0.0,0.0,0.0
20,220,9.218978707554738,11.139168642005442,1.0,0.0,1.0,1.0,0.0,1.0
21,220,4.947068704974844,8.592262563820709,1.0,0.0,1.0,0.0,0.0,0.0
22,220,8.74408466345139,0.3270812522949974,0.0,1.0,0.0,0.0,1.0,0.0
23,220,6.971484263622326,5.355880139333414,0.0,0.0,0.0,0.0,1.0,1.0
24,220,2.006426207605287,0.0964989074534827,0.0,0.0,0.0,0.0,0.0,1.0
25,220,4.296082680336483,6.663333447768113,0.0,1.0,0.0,0.0,0.0,1.0
26,220,0.5221860251041346,0.4135369617063479,0.0,0.0,0.0,0.0,1.0,0.0
27,220,0.0,5.981174632016764,1.0,1.0,0.0,1.0,0.0,0.0
28,220,0.0,1.4443012117311496,0.0,1.0,1.0,0.0,0.0,0.0
29,220,6.363794787063508,6.741043458235472,1.0,0.0,0.0,0.0,0.0,0.0
30,220,0.0034474840433686,7.612806091372285,1.0,1.0,0.0,0.0,1.0,0.0
31,220,4.60914018159076,5.162089954699612,1.0,1.0,0.0,1.0,1.0,1.0
32,220,11.389671058512397,10.939517061373923,1.0,0.0,1.0,0.0,1.0,1.0
33,220,0.0,11.369774755916392,0.0,1.0,0.0,0.0,1.0,1.0
34,220,0.0,8.763823668021075,0.0,0.0,0.0,0.0,0.0,0.0
35,220,0.8012931553005497,0.0767201185979878,0.0,1.0,1.0,0.0,0.0,0.0
36,220,5.982224540595129,10.579869167442132,0.0,0.0,0.0,1.0,1.0,1.0
37,220,8.22890221218927,8.504187720926753,0.0,0.0,1.0,1.0,0.0,1.0
38,220,2.764299246175514,10.232935696421592,1.0,0.0,1.0,0.0,1.0,0.0
39,220,3.932372040482565,3.405386251059786,1.0,1.0,1.0,1.0,1.0,0.0
0,225,8.95901032600426,5.979024740822581,1.0,1.0,1.0,0.0,1.0,0.0
1,225,12.0,8.861324992843569,1.0,0.0,0.0,0.0,0.0,0.0
2,225,2.5301785382489843,0.6377258027817986,0.0,0.0,1.0,0.0,0.0,0.0
3,225,2.164502386736457,3.599156779408744,0.0,1.0,1.0,0.0,0.0,0.0
4,225,8.866684187642262,5.170772945747048,1.0,0.0,1.0,0.0,0.0,1.0
5,225,9.15866830528953,12.0,0.0,1.0,0.0,1.0,1.0,1.0
6,225,3.265974386311199,4.850704650654853,0.0,0.0,0.0,0.0,0.0,1.0
7,225,3.7746619409398425,1.7572727427557666,0.0,1.0,0.0,0.0,1.0,0.0
8,225,11.175851399000626,1.7720757398057418,1.0,0.0,0.0,0.0,0.0,0.0
9,225,0.0175433474417548,10.979333643983376,1.0,0.0,0.0,0.0,0.0,1.0
10,225,7.181032964703397,8.894401453892218,0.0,0.0,0.0,1.0,0.0,0.0
11,225,7.658042166411128,6.48946918342842,0.0,0.0,1.0,0.0,1.0,0.0
12,225,3.1428723530294227,0.6050707151223044,1.0,1.0,0.0,0.0,1.0,1.0
13,225,8.596751515477349,3.781440486258332,1.0,0.0,1.0,1.0,0.0,1.0
14,225,5.447557629995935,12.0,0.0,1.0,1.0,1.0,1.0,0.0
15,225,4.548728399957254,2.8224644853910847,0.0,0.0,0.0,0.0,0.0,1.0
16,225,11.306199126186886,2.8907462165551627,0.0,1.0,1.0,0.0,0.0,0.0
17,225,9.194482914996412,0.4487178194937846,0.0,0.0,1.0,1.0,1.0,1.0
18,225,0.7326409424149354,7.143107131373824,0.0,1.0,0.0,0.0,1.0,0.0
19,225,2.16724060127863,8.965194580454074,0.0,0.0,0.0,0.0,0.0,0.0
20,225,9.20952102651738,11.129527610928598,1.0,0.0,1.0,1.0,0.0,1.0
21,225,4.92354543527771,8.60887576327281,1.0,0.0,1.0,0.0,0.0,0.0
22,225,8.669365335785553,0.2586839367058651,0.0,1.0,0.0,0.0,1.0,0.0
23,225,7.05911278313417,5.614333988200442,0.0,0.0,0.0,0.0,1.0,1.0
24,225,2.0117364044474604,0.0825862819991173,0.0,0.0,0.0,0.0,0.0,1.0
25,225,4.243639088346515,6.603443904254497,0.0,1.0,0.0,0.0,0.0,1.0
26,225,0.5536060466498531,0.4401287161294659,0.0,0.0,0.0,0.0,1.0,0.0
27,225,0.0,5.932758775354048,1.0,1.0,0.0,1.0,0.0,0.0
28,225,0.0,1.367379292605209,0.0,1.0,1.0,0.0,0.0,0.0
29,225,6.204627407228394,6.64311613401273,1.0,0.0,0.0,0.0,0.0,0.0
30,225,0.0,7.83789268209895,1.0,1.0,0.0,0.0,1.0,0.0
31,225,4.548425716333312,5.360097828741475,1.0,1.0,0.0,1.0,1.0,1.0
32,225,11.32048644425254,11.103464404492303,1.0,0.0,1.0,0.0,1.0,1.0
33,225,0.0,11.250027628178646,0.0,1.0,0.0,0.0,1.0,1.0
34,225,0.0,8.84955766848693,0.0,0.0,0.0,0.0,0.0,0.0
35,225,0.7891757990718893,0.0711978047601311,0.0,1.0,1.0,0.0,0.0,0.0
36,225,5.867796460293613,10.531541834705653,0.0,0.0,0.0,1.0,1.0,1.0
37,225,8.233714510590163,8.494253691611426,0.0,0.0,1.0,1.0,0.0,1.0
38,225,2.7856118905277696,10.241247178113746,1.0,0.0,1.0,0.0,1.0,0.0
39,225,3.88764736358052,3.327328862305987,1.0,1.0,1.0,1.0,1.0,0.0
0,230,8.933309039979385,5.970941090722886,1.0,1.0,1.0,0.0,1.0,0.0
1,230,12.0,8.906608886330709,1.0,0.0,0.0,0.0,0.0,0.0
2,230,2.523215018093817,0.5932198579231752,0.0,0.0,1.0,0.0,0.0,0.0
3,230,2.3858197245695094,3.5110974088211107,0.0,1.0,1.0,0.0,0.0,0.0
4,230,8.871034865841128,5.189330086572196,1.0,0.0,1.0,0.0,0.0,1.0
5,230,9.170879659031677,12.0,0.0,1.0,0.0,1.0,1.0,1.0
6,230,3.178018299300765,4.933333816487327,0.0,0.0,0.0,0.0,0.0,1.0
7,230,3.7984081813439863,1.780884965753056,0.0,1.0,0.0,0.0,1.0,0.0
8,230,11.175277078641916,1.7669528884449914,1.0,0.0,0.0,0.0,0.0,0.0
9,230,0.0344549945535241,10.935703674005383,1.0,0.0,0.0,0.0,0.0,1.0
10,230,7.255585990867119,8.834891666173963,0.0,0.0,0.0,1.0,0.0,0.0
11,230,7.7385995783792,6.370210286092966,0.0,0.0,1.0,0.0,1.0,0.0
12,230,3.1253481492606454,0.6029917759162687,1.0,1.0,0.0,0.0,1.0,1.0
13,230,8.654329879304505,3.8102869068677774,1.0,0.0,1.0,1.0,0.0,1.0
14,230,5.496355606788654,12.0,0.0,1.0,1.0,1.0,1.0,0.0
15,230,4.598704021312064,2.830964369535762,0.0,0.0,0.0,0.0,0.0,1.0
16,230,11.307686869475924,2.9123000724406896,0.0,1.0,1.0,0.0,0.0,0.0
17,230,9.21068658099563,0.4718270016109452,0.0,0.0,1.0,1.0,1.0,1.0
18,230,0.5518459359531154,7.136251275060995,0.0,1.0,0.0,0.0,1.0,0.0
19,230,2.1398858770185982,8.969566262603289,0.0,0.0,0.0,0.0,0.0,0.0
20,230,9.19723306100298,11.116732690501706,1.0,0.0,1.0,1.0,0.0,1.0
21,230,4.88521688667779,8.637179296896587,1.0,0.0,1.0,0.0,0.0,0.0
22,230,8.582842982166135,0.1823263635776076,0.0,1.0,0.0,0.0,1.0,0.0
23,230,7.141952750668315,5.860317641892803,0.0,0.0,0.0,0.0,1.0,1.0
24,230,2.0158422811639127,0.0724518855577901,0.0,0.0,0.0,0.0,0.0,1.0
25,230,4.1956612890973926,6.547418889867293,0.0,1.0,0.0,0.0,0.0,1.0
26,230,0.5987405575593625,0.478191000061968,0.0,0.0,0.0,0.0,1.0,0.0
27,230,0.0,5.887529965302939,1.0,1.0,0.0,1.0,0.0,0.0
28,230,0.0,1.2893375494504378,0.0,1.0,1.0,0.0,0.0,0.0
29,230,6.070840516381151,6.557087824514877,1.0,0.0,0.0,0.0,0.0,0.0
30,230,0.0,8.06619521943121,1.0,1.0,0.0,0.0,1.0,0.0
31,230,4.494039398135057,5.558357087244072,1.0,1.0,0.0,1.0,1.0,1.0
32,230,11.248670807058968,11.280600695811293,1.0,0.0,1.0,0.0,1.0,1.0
33,230,0.0,11.12792711923473,0.0,1.0,0.0,0.0,1.0,1.0
34,230,0.0,8.91693281133788,0.0,0.0,0.0,0.0,0.0,0.0
35,230,0.7657201143173499,0.0600259447027322,0.0,1.0,1.0,0.0,0.0,0.0
36,230,5.734262018825215,10.477780980493556,0.0,0.0,0.0,1.0,1.0,1.0
37,230,8.23757198813555,8.485576962005274,0.0,0.0,1.0,1.0,0.0,1.0
38,230,2.8075943099255025,10.250315215570415,1.0,0.0,1.0,0.0,1.0,0.0
39,230,3.836680745756595,3.2358994623232253,1.0,1.0,1.0,1.0,1.0,0.0
0,235,8.895298202396257,5.958033746045996,1.0,1.0,1.0,0.0,1.0,0.0
1,235,12.0,8.941666755005816,1.0,0.0,0.0,0.0,0.0,0.0
2,235,2.514645509019664,0.5395967939638568,0.0,0.0,1.0,0.0,0.0,0.0
3,235,2.6159617069661465,3.418843039463129,0.0,1.0,1.0,0.0,0.0,0.0
4,235,8.876602223571592,5.210618394063322,1.0,0.0,1.0,0.0,0.0,1.0
5,235,9.177465945467882,12.0,0.0,1.0,0.0,1.0,1.0,1.0
6,235,3.093491811010783,5.013627697510488,0.0,0.0,0.0,0.0,0.0,1.0
7,235,3.823154363611273,1.804923394156052,0.0,1.0,0.0,0.0,1.0,0.0
8,235,11.17323975290556,1.7461859636547228,1.0,0.0,0.0,0.0,0.0,0.0
9,235,0.0503010607943557,10.897111952140058,1.0,0.0,0.0,0.0,0.0,1.0
10,235,7.317312171693935,8.788483732432523,0.0,0.0,0.0,1.0,0.0,0.0
11,235,7.8007132574667075,6.273591330134798,0.0,0.0,1.0,0.0,1.0,0.0
12,235,3.090244937552035,0.5993761225891743,1.0,1.0,0.0,0.0,1.0,1.0
13,235,8.711139364530464,3.840533716346904,1.0,0.0,1.0,1.0,0.0,1.0
14,235,5.5492008380548,12.0,0.0,1.0,1.0,1.0,1.0,0.0
15,235,4.662043424861998,2.839607374634738,0.0,0.0,0.0,0.0,0.0,1.0
16,235,11.308541425156848,2.925574281401078,0.0,1.0,1.0,0.0,0.0,0.0
17,235,9.224589447791548,0.4912676219096009,0.0,0.0,1.0,1.0,1.0,1.0
18,235,0.3715471409768619,7.128307754095483,0.0,1.0,0.0,0.0,1.0,0.0
19,235,2.0811253056599237,8.978574639045657,0.0,0.0,0.0,0.0,0.0,0.0
20,235,9.176271830958266,11.094139434316752,1.0,0.0,1.0,1.0,0.0,1.0
21,235,4.845853708951462,8.66582805402238,1.0,0.0,1.0,0.0,0.0,0.0
22,235,8.501273759041768,0.1116158086636676,0.0,1.0,0.0,0.0,1.0,0.0
23,235,7.22340724224305,6.112122379757791,0.0,0.0,0.0,0.0,1.0,1.0
24,235,2.03144322388829,0.036558352379955,0.0,0.0,0.0,0.0,0.0,1.0
25,235,4.147936389964471,6.4902400359674335,0.0,1.0,0.0,0.0,0.0,1.0
26,235,0.6527037274921228,0.525646289040423,0.0,0.0,0.0,0.0,1.0,0.0
27,235,0.0,5.833922495256711,1.0,1.0,0.0,1.0,0.0,0.0
28,235,0.0,1.1974809649663327,0.0,1.0,1.0,0.0,0.0,0.0
29,235,5.948425360325891,6.47546299450224,1.0,0.0,0.0,0.0,0.0,0.0
30,235,0.0,8.290577943172586,1.0,1.0,0.0,0.0,1.0,0.0
31,235,4.442234601525637,5.747045563424286,1.0,1.0,0.0,1.0,1.0,1.0
32,235,11.184561180763058,11.436558313499589,1.0,0.0,1.0,0.0,1.0,1.0
33,235,0.0,11.018601358437891,0.0,1.0,0.0,0.0,1.0,1.0
34,235,0.0,8.97028253233937,0.0,0.0,0.0,0.0,0.0,0.0
35,235,0.7326472007462781,0.0437696479649074,0.0,1.0,1.0,0.0,0.0,0.0
36,235,5.603083040615438,10.423769009187142,0.0,0.0,0.0,1.0,1.0,1.0
37,235,8.234658369294733,8.491826281412367,0.0,0.0,1.0,1.0,0.0,1.0
38,235,2.8293581096174534,10.260076449141694,1.0,0.0,1.0,0.0,1.0,0.0
39,235,3.778772202207608,3.1389221190040777,1.0,1.0,1.0,1.0,1.0,0.0
0,240,8.852822674073145,5.942222922168257,1.0,1.0,1.0,0.0,1.0,0.0
1,240,12.0,8.970589627488105,1.0,0.0,0.0,0.0,0.0,0.0
2,240,2.5020264770252574,0.4495184704272023,0.0,0.0,1.0,0.0,0.0,0.0
3,240,2.845159241922304,3.3327268692453766,0.0,1.0,1.0,0.0,0.0,0.0
4,240,8.884933694822717,5.244314186445309,1.0,0.0,1.0,0.0,0.0,1.0
5,240,9.190034146470524,12.0,0.0,1.0,0.0,1.0,1.0,1.0
6,240,3.016850555689856,5.087928708441247,0.0,0.0,0.0,0.0,0.0,1.0
7,240,3.845671033812863,1.8260270447547124,0.0,1.0,0.0,0.0,1.0,0.0
8,240,11.172065514730004,1.7301137705420837,1.0,0.0,0.0,0.0,0.0,0.0
9,240,0.0788275311436537,10.833722910940162,1.0,0.0,0.0,0.0,0.0,1.0
10,240,7.380824137621007,8.743219748021989,0.0,0.0,0.0,1.0,0.0,0.0
11,240,7.869594623817709,6.169561757199953,0.0,0.0,1.0,0.0,1.0,0.0
12,240,3.083047746227218,0.5984710729686692,1.0,1.0,0.0,0.0,1.0,1.0
13,240,8.763392994765557,3.868179059167879,1.0,0.0,1.0,1.0,0.0,1.0
14,240,5.618436232139938,12.0,0.0,1.0,1.0,1.0,1.0,0.0
15,240,4.719051400511845,2.847761926997758,0.0,0.0,0.0,0.0,0.0,1.0
16,240,11.30749853676907,2.9044926920978837,0.0,1.0,1.0,0.0,0.0,0.0
17,240,9.240558958070508,0.5129619799087732,0.0,0.0,1.0,1.0,1.0,1.0
18,240,0.1988025205212469,7.124450011449888,0.0,1.0,0.0,0.0,1.0,0.0
19,240,2.0361751020204752,8.985851820158821,0.0,0.0,0.0,0.0,0.0,0.0
20,240,9.145805144988524,11.06139288624034,1.0,0.0,1.0,1.0,0.0,1.0
21,240,4.817870888096891,8.686803401643141,1.0,0.0,1.0,0.0,0.0,0.0
22,240,8.402884737467842,0.0273573191072115,0.0,1.0,0.0,0.0,1.0,0.0
23,240,7.306023670510592,6.365844558565883,0.0,0.0,0.0,0.0,1.0,1.0
24,240,2.045325416586405,0.0054112618380732,0.0,0.0,0.0,0.0,0.0,1.0
25,240,4.102907620057817,6.436019379184701,0.0,1.0,0.0,0.0,0.0,1.0
26,240,0.6962386678221614,0.5629600585351587,0.0,0.0,0.0,0.0,1.0,0.0
27,240,0.0,5.77245407725192,1.0,1.0,0.0,1.0,0.0,0.0
28,240,0.0,1.119212645192638,0.0,1.0,1.0,0.0,0.0,0.0
29,240,5.825124812430321,6.385638681394842,1.0,0.0,0.0,0.0,0.0,0.0
30,240,0.0,8.529123116991382,1.0,1.0,0.0,0.0,1.0,0.0
31,240,4.38228137773193,5.9432538427087565,1.0,1.0,0.0,1.0,1.0,1.0
32,240,11.122821382451686,11.585604131665288,1.0,0.0,1.0,0.0,1.0,1.0
33,240,0.0,10.92507043680077,0.0,1.0,0.0,0.0,1.0,1.0
34,240,0.0,9.019595547133004,0.0,0.0,0.0,0.0,0.0,0.0
35,240,0.696743621060374,0.0264283487210124,0.0,1.0,1.0,0.0,0.0,0.0
36,240,5.479569734548906,10.37504007396072,0.0,0.0,0.0,1.0,1.0,1.0
37,240,8.237827528782669,8.485414154401536,0.0,0.0,1.0,1.0,0.0,1.0
38,240,2.84783938443154,10.268185515011671,1.0,0.0,1.0,0.0,1.0,0.0
39,240,3.717513294336923,3.0381182113397984,1.0,1.0,1.0,1.0,1.0,0.0
0,245,8.81167711682612,5.927427779381137,1.0,1.0,1.0,0.0,1.0,0.0
1,245,12.0,9.005002151645183,1.0,0.0,0.0,0.0,0.0,0.0
2,245,2.48616049695518,0.3365717672414723,0.0,0.0,1.0,0.0,0.0,0.0
3,245,3.067254384125719,3.2432989642919243,0.0,1.0,1.0,0.0,0.0,0.0
4,245,8.8941816520661,5.2780763122043926,1.0,0.0,1.0,0.0,0.0,1.0
5,245,9.20906493747824,12.0,0.0,1.0,0.0,1.0,1.0,1.0
6,245,2.924142878424882,5.178730446613367,0.0,0.0,0.0,0.0,0.0,1.0
7,245,3.887003860543567,1.862988499640206,0.0,1.0,0.0,0.0,1.0,0.0
8,245,11.1703797030111,1.7059195816744563,1.0,0.0,0.0,0.0,0.0,0.0
9,245,0.1526335190039519,10.867922665786615,1.0,0.0,0.0,0.0,0.0,1.0
10,245,7.418295616040134,8.716485944172115,0.0,0.0,0.0,1.0,0.0,0.0
11,245,7.9362536528535,6.069136163627901,0.0,0.0,1.0,0.0,1.0,0.0
12,245,3.076033806307785,0.5973146333692707,1.0,1.0,0.0,0.0,1.0,1.0
13,245,8.817192505934209,3.897858309790216,1.0,0.0,1.0,1.0,0.0,1.0
14,245,5.685941346956188,12.0,0.0,1.0,1.0,1.0,1.0,0.0
15,245,4.765522682215047,2.855126421438024,0.0,0.0,0.0,0.0,0.0,1.0
16,245,11.305510595194464,2.8664216110201064,0.0,1.0,1.0,0.0,0.0,0.0
17,245,9.258689319451694,0.5360139826780054,0.0,0.0,1.0,1.0,1.0,1.0
18,245,0.0184845119439979,7.122117190016806,0.0,1.0,0.0,0.0,1.0,0.0
19,245,1.9849802919014787,8.994063845466217,0.0,0.0,0.0,0.0,0.0,0.0
20,245,9.094411838530856,11.004366128397226,1.0,0.0,1.0,1.0,0.0,1.0
21,245,4.794571488572361,8.704992091435122,1.0,0.0,1.0,0.0,0.0,0.0
22,245,8.305505469645299,0.0,0.0,1.0,0.0,0.0,1.0,0.0
23,245,7.397192794560094,6.628647241985939,0.0,0.0,0.0,0.0,1.0,1.0
24,245,2.0569691583846623,0.0,0.0,0.0,0.0,0.0,0.0,1.0
25,245,4.063647472691626,6.388239460889913,0.0,1.0,0.0,0.0,0.0,1.0
26,245,0.7396666938561001,0.5980292980877346,0.0,0.0,0.0,0.0,1.0,0.0
27,245,0.0,5.718214125955248,1.0,1.0,0.0,1.0,0.0,0.0
28,245,0.0,1.0366453681622236,0.0,1.0,1.0,0.0,0.0,0.0
29,245,5.69839720145134,6.290898326602607,1.0,0.0,0.0,0.0,0.0,0.0
30,245,0.0,8.770173115718485,1.0,1.0,0.0,0.0,1.0,0.0
31,245,4.32399255366296,6.1416403999071845,1.0,1.0,0.0,1.0,1.0,1.0
32,245,11.062556204067375,11.73270955599771,1.0,0.0,1.0,0.0,1.0,1.0
33,245,0.0,10.82344234286488,0.0,1.0,0.0,0.0,1.0,1.0
34,245,0.0,9.07714314039466,0.0,0.0,0.0,0.0,0.0,0.0
35,245,0.6629204548531888,0.0103272566871404,0.0,1.0,1.0,0.0,0.0,0.0
36,245,5.3803021612602056,10.336386557213888,0.0,0.0,0.0,1.0,1.0,1.0
37,245,8.242045192289147,8.477200248989387,0.0,0.0,1.0,1.0,0.0,1.0
38,245,2.879162917158527,10.282093678994594,1.0,0.0,1.0,0.0,1.0,0.0
39,245,3.607453710859007,3.1060579562368624,1.0,1.0,1.0,1.0,1.0,0.0
0,250,8.769179571138745,5.911771170416014,1.0,1.0,1.0,0.0,1.0,0.0
1,250,12.0,9.04271821715521,1.0,0.0,0.0,0.0,0.0,0.0
2,250,2.467522409860281,0.2200988969543881,0.0,0.0,1.0,0.0,0.0,0.0
3,250,3.2676848898033994,3.166687714932474,0.0,1.0,1.0,0.0,0.0,0.0
4,250,8.898923666674262,5.294722425683121,1.0,0.0,1.0,0.0,0.0,1.0
5,250,9.22438674043868,12.0,0.0,1.0,0.0,1.0,1.0,1.0
6,250,2.818489212657292,5.286539937477142,0.0,0.0,0.0,0.0,0.0,1.0
7,250,3.9431239016491935,1.912248876551956,0.0,1.0,0.0,0.0,1.0,0.0
8,250,11.166747311363858,1.663846855296401,1.0,0.0,0.0,0.0,0.0,0.0
9,250,0.2152838902619863,10.898088346862176,1.0,0.0,0.0,0.0,0.0,1.0
10,250,7.45262792721405,8.691618171783686,0.0,0.0,0.0,1.0,0.0,0.0
11,250,8.009421591071463,5.959733171707564,0.0,0.0,1.0,0.0,1.0,0.0
12,250,3.0561436317093715,0.5937332992908898,1.0,1.0,0.0,0.0,1.0,1.0
13,250,8.873738377255345,3.9293780929912514,1.0,0.0,1.0,1.0,0.0,1.0
14,250,5.750452045727284,12.0,0.0,1.0,1.0,1.0,1.0,0.0
15,250,4.8357584311060124,2.867827599435426,0.0,0.0,0.0,0.0,0.0,1.0
16,250,11.305172182376792,2.835937899726693,0.0,1.0,1.0,0.0,0.0,0.0
17,250,9.281001105545824,0.5638980973702007,0.0,0.0,1.0,1.0,1.0,1.0
18,250,0.0,7.121468637595105,0.0,1.0,0.0,0.0,1.0,0.0
19,250,1.9405697568060505,9.001688921819241,0.0,0.0,0.0,0.0,0.0,0.0
20,250,9.03704914636142,10.942542368685787,1.0,0.0,1.0,1.0,0.0,1.0
21,250,4.78051678311638,8.715260587623241,1.0,0.0,1.0,0.0,0.0,0.0
22,250,8.198552969041787,0.0,0.0,1.0,0.0,0.0,1.0,0.0
23,250,7.487482026180532,6.8795712016077895,0.0,0.0,0.0,0.0,1.0,1.0
24,250,2.066269295000476,0.0,0.0,0.0,0.0,0.0,0.0,1.0
25,250,4.031148296189751,6.346334679225138,0.0,1.0,0.0,0.0,0.0,1.0
26,250,0.7976164705952757,0.646873911680893,0.0,0.0,0.0,0.0,1.0,0.0
27,250,0.0,5.664642684574553,1.0,1.0,0.0,1.0,0.0,0.0
28,250,0.0,0.9503366064571176,0.0,1.0,1.0,0.0,0.0,0.0
29,250,5.548685227894704,6.185670567697038,1.0,0.0,0.0,0.0,0.0,0.0
30,250,0.0,9.002356684049055,1.0,1.0,0.0,0.0,1.0,0.0
31,250,4.270394511300915,6.322336572670807,1.0,1.0,0.0,1.0,1.0,1.0
32,250,10.989538924344384,11.911604807908896,1.0,0.0,1.0,0.0,1.0,1.0
33,250,0.0,10.716885724356471,0.0,1.0,0.0,0.0,1.0,1.0
34,250,0.0,9.141724558550443,0.0,0.0,0.0,0.0,0.0,0.0
35,250,0.6356010842472095,0.0,0.0,1.0,1.0,0.0,0.0,0.0
36,250,5.305294915819841,10.306850485431406,0.0,0.0,0.0,1.0,1.0,1.0
37,250,8.246944283536031,8.467493089317944,0.0,0.0,1.0,1.0,0.0,1.0
38,250,2.9329522334019056,10.307490600701035,1.0,0.0,1.0,0.0,1.0,0.0
39,250,3.493147839183185,3.173916983185077,1.0,1.0,1.0,1.0,1.0,0.0
0,255,8.736030258343398,5.900418272695104,1.0,1.0,1.0,0.0,1.0,0.0
1,255,12.0,9.052743858238593,1.0,0.0,0.0,0.0,0.0,0.0
2,255,2.4468542288095545,0.0974913756785352,0.0,0.0,1.0,0.0,0.0,0.0
3,255,3.471035609900672,3.08716073964027,0.0,1.0,1.0,0.0,0.0,0.0
4,255,8.900861735086627,5.3019399408866725,1.0,0.0,1.0,0.0,0.0,1.0
5,255,9.24441861605208,12.0,0.0,1.0,0.0,1.0,1.0,1.0
6,255,2.711553237988546,5.390339141933938,0.0,0.0,0.0,0.0,0.0,1.0
7,255,4.008955045871035,1.9680177553216944,0.0,1.0,0.0,0.0,1.0,0.0
8,255,11.163532738493226,1.6220766718534556,1.0,0.0,0.0,0.0,0.0,0.0
9,255,0.2743437191456069,10.925899113750868,1.0,0.0,0.0,0.0,0.0,1.0
10,255,7.487178924553148,8.666202856956685,0.0,0.0,0.0,1.0,0.0,0.0
11,255,8.07658134568532,5.852010684843459,0.0,0.0,1.0,0.0,1.0,0.0
12,255,3.036936581050941,0.5905068237291065,1.0,1.0,0.0,0.0,1.0,1.0
13,255,8.917015196489231,3.953271316902179,1.0,0.0,1.0,1.0,0.0,1.0
14,255,5.818630023068423,12.0,0.0,1.0,1.0,1.0,1.0,0.0
15,255,4.895357518825419,2.8781357445631506,0.0,0.0,0.0,0.0,0.0,1.0
16,255,11.305092579702048,2.8172481031373384,0.0,1.0,1.0,0.0,0.0,0.0
17,255,9.312039083391229,0.6027975213674361,0.0,0.0,1.0,1.0,1.0,1.0
18,255,0.0,7.120344193112269,0.0,1.0,0.0,0.0,1.0,0.0
19,255,1.9324175163786357,8.952182086481864,0.0,0.0,0.0,0.0,0.0,0.0
20,255,8.961373124504465,10.863793743206257,1.0,0.0,1.0,1.0,0.0,1.0
21,255,4.799068180153983,8.701386362000216,1.0,0.0,1.0,0.0,0.0,0.0
22,255,8.09267174463707,0.0,0.0,1.0,0.0,0.0,1.0,0.0
23,255,7.586072834324431,7.148166038545096,0.0,0.0,0.0,0.0,1.0,1.0
24,255,2.081127745403484,0.0,0.0,0.0,0.0,0.0,0.0,1.0
25,255,4.00875693702252,6.316944167208578,0.0,1.0,0.0,0.0,0.0,1.0
26,255,0.8653479529837433,0.7040583667905408,0.0,0.0,0.0,0.0,1.0,0.0
27,255,0.0,5.615984750698239,1.0,1.0,0.0,1.0,0.0,0.0
28,255,0.0,0.8427698634526336,0.0,1.0,1.0,0.0,0.0,0.0
29,255,5.410407659523192,6.087769666828192,1.0,0.0,0.0,0.0,0.0,0.0
30,255,0.2211363839201061,9.052292553550704,1.0,1.0,0.0,0.0,1.0,0.0
31,255,4.211797056585555,6.503238186685417,1.0,1.0,0.0,1.0,1.0,1.0
32,255,10.917224319940242,12.0,1.0,0.0,1.0,0.0,1.0,1.0
33,255,0.0,10.600489310213408,0.0,1.0,0.0,0.0,1.0,1.0
34,255,0.0,9.205675793733311,0.0,0.0,0.0,0.0,0.0,0.0
35,255,0.6294915111545606,0.0,0.0,1.0,1.0,0.0,0.0,0.0
36,255,5.217124461283313,10.27256026419093,0.0,0.0,0.0,1.0,1.0,1.0
37,255,8.235207955381561,8.490772487212736,0.0,0.0,1.0,1.0,0.0,1.0
38,255,2.982423442499318,10.330748195590616,1.0,0.0,1.0,0.0,1.0,0.0
39,255,3.3684337896772854,3.244225968552644,1.0,1.0,1.0,1.0,1.0,0.0
0,260,8.690528040535764,5.885368577669932,1.0,1.0,1.0,0.0,1.0,0.0
1,260,12.0,9.057595955954776,1.0,0.0,0.0,0.0,0.0,0.0
2,260,2.423442255202178,0.0,0.0,0.0,1.0,0.0,0.0,0.0
3,260,3.677563011121729,3.007786505159316,0.0,1.0,1.0,0.0,0.0,0.0
4,260,8.898794698493528,5.294185596532723,1.0,0.0,1.0,0.0,0.0,1.0
5,260,9.251245099339208,12.0,0.0,1.0,0.0,1.0,1.0,1.0
6,260,2.5953443472304194,5.50372628352168,0.0,0.0,0.0,0.0,0.0,1.0
7,260,4.077281762142094,2.0243497206290115,0.0,1.0,0.0,0.0,1.0,0.0
8,260,11.160384514097023,1.5914695750424344,1.0,0.0,0.0,0.0,0.0,0.0
9,260,0.346294889174238,10.958395022253974,1.0,0.0,0.0,0.0,0.0,1.0
10,260,7.502532496623904,8.654690458795578,0.0,0.0,0.0,1.0,0.0,0.0
11,260,8.145546701342287,5.750338190767744,0.0,0.0,1.0,0.0,1.0,0.0
12,260,3.013896663275909,0.5868180418843822,1.0,1.0,0.0,0.0,1.0,1.0
13,260,8.962561256380019,3.976913069987026,1.0,0.0,1.0,1.0,0.0,1.0
14,260,5.883699412922867,12.0,0.0,1.0,1.0,1.0,1.0,0.0
15,260,4.976930205274886,2.894131831851801,0.0,0.0,0.0,0.0,0.0,1.0
16,260,11.305113577032552,2.785816935805716,0.0,1.0,1.0,0.0,0.0,0.0
17,260,9.342260094878446,0.6410601935278156,0.0,0.0,1.0,1.0,1.0,1.0
18,260,0.0,7.12191063392203,0.0,1.0,0.0,0.0,1.0,0.0
19,260,1.921046505508391,8.895205134246673,0.0,0.0,0.0,0.0,0.0,0.0
20,260,8.882134896522205,10.784366076873535,1.0,0.0,1.0,1.0,0.0,1.0
21,260,4.80803625821617,8.694864660358729,1.0,0.0,1.0,0.0,0.0,0.0
22,260,8.012946143735224,0.0,0.0,1.0,0.0,0.0,1.0,0.0
23,260,7.685940572354569,7.428086825189566,0.0,0.0,0.0,0.0,1.0,1.0
24,260,2.101251679271338,0.0,0.0,0.0,0.0,0.0,0.0,1.0
25,260,3.983156545943861,6.2860023274286085,0.0,1.0,0.0,0.0,0.0,1.0
26,260,0.9437659406598806,0.7731916418991251,0.0,0.0,0.0,0.0,1.0,0.0
27,260,0.0,5.571299063622444,1.0,1.0,0.0,1.0,0.0,0.0
28,260,0.0,0.7387455233737298,0.0,1.0,1.0,0.0,0.0,0.0
29,260,5.296811878399476,6.241403437180462,1.0,0.0,0.0,0.0,0.0,0.0
30,260,0.4487703110649445,9.105045282066502,1.0,1.0,0.0,0.0,1.0,0.0
31,260,4.157293894256682,6.669855241294423,1.0,1.0,0.0,1.0,1.0,1.0
32,260,10.852216985960323,12.0,1.0,0.0,1.0,0.0,1.0,1.0
33,260,0.0,10.484030095900737,0.0,1.0,0.0,0.0,1.0,1.0
34,260,0.0,9.267503081266666,0.0,0.0,0.0,0.0,0.0,0.0
35,260,0.6210943847308504,0.0,0.0,1.0,1.0,0.0,0.0,0.0
36,260,5.1083549159944965,10.22793087487688,0.0,0.0,0.0,1.0,1.0,1.0
37,260,8.227718977840988,8.50539975400385,0.0,0.0,1.0,1.0,0.0,1.0
38,260,3.0285805751991672,10.35191147257138,1.0,0.0,1.0,0.0,1.0,0.0
39,260,3.243678730045527,3.318304326862352,1.0,1.0,1.0,1.0,1.0,0.0
0,265,8.63706483397877,5.869620114945338,1.0,1.0,1.0,0.0,1.0,0.0
1,265,12.0,9.061079211509306,1.0,0.0,0.0,0.0,0.0,0.0
2,265,2.4006806522474355,0.0,0.0,0.0,1.0,0.0,0.0,0.0
3,265,3.87675220293282,2.933466771162677,0.0,1.0,1.0,0.0,0.0,0.0
4,265,8.891813747876633,5.267839731709337,1.0,0.0,1.0,0.0,0.0,1.0
5,265,9.242220435756392,11.985637830919206,0.0,1.0,0.0,1.0,1.0,1.0
6,265,2.472379532070893,5.626555668833599,0.0,0.0,0.0,0.0,0.0,1.0
7,265,4.143433344332421,2.078384323227448,0.0,1.0,0.0,0.0,1.0,0.0
8,265,11.153151141794538,1.5367132451943608,1.0,0.0,0.0,0.0,0.0,0.0
9,265,0.4095451969812055,10.98697007200994,1.0,0.0,0.0,0.0,0.0,1.0
10,265,7.523759168438885,8.638591529947812,0.0,0.0,0.0,1.0,0.0,0.0
11,265,8.209228560253313,5.653676210169675,0.0,0.0,1.0,0.0,1.0,0.0
12,265,3.008653498625158,0.5858507850124173,1.0,1.0,0.0,0.0,1.0,1.0
13,265,9.023132695059228,4.0098430894609445,1.0,0.0,1.0,1.0,0.0,1.0
14,265,5.945735888024665,12.0,0.0,1.0,1.0,1.0,1.0,0.0
15,265,5.080217578848743,2.9123128952026627,0.0,0.0,0.0,0.0,0.0,1.0
16,265,11.305032272279362,2.74343578082868,0.0,1.0,1.0,0.0,0.0,0.0
17,265,9.356017164413254,0.6598008671832376,0.0,0.0,1.0,1.0,1.0,1.0
18,265,0.0,7.123165479638942,0.0,1.0,0.0,0.0,1.0,0.0
19,265,1.9024625220832103,8.813961111916775,0.0,0.0,0.0,0.0,0.0,0.0
20,265,8.799481904611078,10.70228140998892,1.0,0.0,1.0,1.0,0.0,1.0
21,265,4.830220759604647,8.679213185587262,1.0,0.0,1.0,0.0,0.0,0.0
22,265,7.9407690710986065,0.0,0.0,1.0,0.0,0.0,1.0,0.0
23,265,7.794261413365537,7.715306597036554,0.0,0.0,0.0,0.0,1.0,1.0
24,265,2.124691426369392,0.0,0.0,0.0,0.0,0.0,0.0,1.0
25,265,3.9501495890910863,6.24677422306665,0.0,1.0,0.0,0.0,0.0,1.0
26,265,1.0218704583736258,0.8449111044074614,0.0,0.0,0.0,0.0,1.0,0.0
27,265,0.0,5.524705054281178,1.0,1.0,0.0,1.0,0.0,0.0
28,265,0.0,0.6215661382817613,0.0,1.0,1.0,0.0,0.0,0.0
29,265,5.194942178763542,6.379955873405672,1.0,0.0,0.0,0.0,0.0,0.0
30,265,0.6831630253737722,9.161695094283296,1.0,1.0,0.0,0.0,1.0,0.0
31,265,4.09969952621641,6.8484577474985135,1.0,1.0,0.0,1.0,1.0,1.0
32,265,10.779285404323897,12.0,1.0,0.0,1.0,0.0,1.0,1.0
33,265,0.0,10.365086003102174,0.0,1.0,0.0,0.0,1.0,1.0
34,265,0.0,9.33926620178712,0.0,0.0,0.0,0.0,0.0,0.0
35,265,0.6224080723231248,0.0005987255346556,0.0,1.0,1.0,0.0,0.0,0.0
36,265,5.019948404269444,10.192960277241616,0.0,0.0,0.0,1.0,1.0,1.0
37,265,8.229625245414514,8.501712458271703,0.0,0.0,1.0,1.0,0.0,1.0
38,265,3.0875288599130264,10.380757862164655,1.0,0.0,1.0,0.0,1.0,0.0
39,265,3.110054040704474,3.4050015845953348,1.0,1.0,1.0,1.0,1.0,0.0
0,270,8.589195225259543,5.857420941739947,1.0,1.0,1.0,0.0,1.0,0.0
1,270,11.999339933417811,9.060513261738018,1.0,0.0,0.0,0.0,0.0,0.0
2,270,2.3780001970765614,0.0,0.0,0.0,1.0,0.0,0.0,0.0
3,270,4.101261433478415,2.854798032923065,0.0,1.0,1.0,0.0,0.0,0.0
4,270,8.885764114463505,5.247459865031696,1.0,0.0,1.0,0.0,0.0,1.0
5,270,9.235912670243296,11.97553042606897,0.0,1.0,0.0,1.0,1.0,1.0
6,270,2.348815894408711,5.744515341081755,0.0,0.0,0.0,0.0,0.0,1.0
7,270,4.2063362028461295,2.131073040028556,0.0,1.0,0.0,0.0,1.0,0.0
8,270,11.146966858707057,1.4898333821910883,1.0,0.0,0.0,0.0,0.0,0.0
9,270,0.4723183946747941,11.014499956737508,1.0,0.0,0.0,0.0,0.0,1.0
10,270,7.562632512527721,8.608161858635375,0.0,0.0,0.0,1.0,0.0,0.0
11,270,8.277996372296059,5.556123202971894,0.0,0.0,1.0,0.0,1.0,0.0
12,270,3.024477505316662,0.5885840746726171,1.0,1.0,0.0,0.0,1.0,1.0
13,270,9.072411653406094,4.034610820414372,1.0,0.0,1.0,1.0,0.0,1.0
14,270,6.00285221788195,12.0,0.0,1.0,1.0,1.0,1.0,0.0
15,270,5.209304751027132,2.934768000974713,0.0,0.0,0.0,0.0,0.0,1.0
16,270,11.304901639524635,2.700277184740552,0.0,1.0,1.0,0.0,0.0,0.0
17,270,9.351352341680595,0.6539418205687143,0.0,0.0,1.0,1.0,1.0,1.0
18,270,0.0,7.121865667874663,0.0,1.0,0.0,0.0,1.0,0.0
19,270,1.8309775943776376,8.829541519175681,0.0,0.0,0.0,0.0,0.0,0.0
20,270,8.712441770800346,10.613482835506344,1.0,0.0,1.0,1.0,0.0,1.0
21,270,4.848710311093107,8.665855910456266,1.0,0.0,1.0,0.0,0.0,0.0
22,270,7.861463335205104,0.0,0.0,1.0,0.0,0.0,1.0,0.0
23,270,7.901064806234435,7.992533525297896,0.0,0.0,0.0,0.0,1.0,1.0
24,270,2.1448350401656797,0.0,0.0,0.0,0.0,0.0,0.0,1.0
25,270,3.915337282158387,6.202977885824141,0.0,1.0,0.0,0.0,0.0,1.0
26,270,1.0806968808689883,0.8996744770190154,0.0,0.0,0.0,0.0,1.0,0.0
27,270,0.0,5.485592532550706,1.0,1.0,0.0,1.0,0.0,0.0
28,270,0.0,0.502739638674375,0.0,1.0,1.0,0.0,0.0,0.0
29,270,5.10098535601041,6.514750752883957,1.0,0.0,0.0,0.0,0.0,0.0
30,270,0.9079574528751604,9.224524243966917,1.0,1.0,0.0,0.0,1.0,0.0
31,270,4.045314063714823,7.025766877046431,1.0,1.0,0.0,1.0,1.0,1.0
32,270,10.710514797323324,12.0,1.0,0.0,1.0,0.0,1.0,1.0
33,270,0.0,10.248050315306624,0.0,1.0,0.0,0.0,1.0,1.0
34,270,0.0,9.418471362712983,0.0,0.0,0.0,0.0,0.0,0.0
35,270,0.617436728240655,0.0,0.0,1.0,1.0,0.0,0.0,0.0
36,270,4.933054235281153,10.156126559896691,0.0,0.0,0.0,1.0,1.0,1.0
37,270,8.221224610181276,8.51864895628864,0.0,0.0,1.0,1.0,0.0,1.0
38,270,3.139561992511121,10.406556233718517,1.0,0.0,1.0,0.0,1.0,0.0
39,270,2.9668813869713047,3.4992820054017417,1.0,1.0,1.0,1.0,1.0,0.0
0,275,8.549938405001686,5.847888659038639,1.0,1.0,1.0,0.0,1.0,0.0
1,275,11.987010952427042,9.049694456894674,1.0,0.0,0.0,0.0,0.0,0.0
2,275,2.356922587606985,0.0,0.0,0.0,1.0,0.0,0.0,0.0
3,275,4.317095736916787,2.7754913245315573,0.0,1.0,1.0,0.0,0.0,0.0
4,275,8.881891905982753,5.235135092808196,1.0,0.0,1.0,0.0,0.0,1.0
5,275,9.23102721479418,11.967477160072953,0.0,1.0,0.0,1.0,1.0,1.0
6,275,2.230027715648644,5.863475642691711,0.0,0.0,0.0,0.0,0.0,1.0
7,275,4.283280704950553,2.195612019291018,0.0,1.0,0.0,0.0,1.0,0.0
8,275,11.141094942934911,1.440876831289808,1.0,0.0,0.0,0.0,0.0,0.0
9,275,0.5417158072496574,11.046077345200786,1.0,0.0,0.0,0.0,0.0,1.0
10,275,7.612681401049397,8.567606106198541,0.0,0.0,0.0,1.0,0.0,0.0
11,275,8.333225232785292,5.478669424809203,0.0,0.0,1.0,0.0,1.0,0.0
12,275,3.0313141096706,0.5898061977291257,1.0,1.0,0.0,0.0,1.0,1.0
13,275,9.118440692050894,4.05646749657325,1.0,0.0,1.0,1.0,0.0,1.0
14,275,6.072729470014052,12.0,0.0,1.0,1.0,1.0,1.0,0.0
15,275,5.332439367909305,2.9531526040085976,0.0,0.0,0.0,0.0,0.0,1.0
16,275,11.305671119398328,2.6657461070439665,0.0,1.0,1.0,0.0,0.0,0.0
17,275,9.354078740291945,0.6574328208701328,0.0,0.0,1.0,1.0,1.0,1.0
18,275,0.0,7.121181400426,0.0,1.0,0.0,0.0,1.0,0.0
19,275,1.7798789639736898,8.841057761835124,0.0,0.0,0.0,0.0,0.0,0.0
20,275,8.619382776784724,10.523961975253236,1.0,0.0,1.0,1.0,0.0,1.0
21,275,4.862639335963531,8.655688771052002,1.0,0.0,1.0,0.0,0.0,0.0
22,275,7.791059105689765,0.0,0.0,1.0,0.0,0.0,1.0,0.0
23,275,8.008631164738533,8.28363278027288,0.0,0.0,0.0,0.0,1.0,1.0
24,275,2.157868583661253,0.0,0.0,0.0,0.0,0.0,0.0,1.0
25,275,3.8699896231678776,6.145421356673624,0.0,1.0,0.0,0.0,0.0,1.0
26,275,1.1265980011840449,0.9406528019256156,0.0,0.0,0.0,0.0,1.0,0.0
27,275,0.0,5.4420517671431785,1.0,1.0,0.0,1.0,0.0,0.0
28,275,0.0,0.376132173388879,0.0,1.0,1.0,0.0,0.0,0.0
29,275,4.999664765128931,6.659743275344284,1.0,0.0,0.0,0.0,0.0,0.0
30,275,1.1346229516943351,9.285171547262772,1.0,1.0,0.0,0.0,1.0,0.0
31,275,3.985055838241069,7.228591130843153,1.0,1.0,0.0,1.0,1.0,1.0
32,275,10.63897704803525,12.0,1.0,0.0,1.0,0.0,1.0,1.0
33,275,0.0,10.10950747687942,0.0,1.0,0.0,0.0,1.0,1.0
34,275,0.0013497285708306,9.49836777187481,0.0,0.0,0.0,0.0,0.0,0.0
35,275,0.6198387625837424,0.0011015999959633,0.0,1.0,1.0,0.0,0.0,0.0
36,275,4.839076195802853,10.115639368765198,0.0,0.0,0.0,1.0,1.0,1.0
37,275,8.21731897409674,8.526158807928754,0.0,0.0,1.0,1.0,0.0,1.0
38,275,3.186583502270495,10.42917668478588,1.0,0.0,1.0,0.0,1.0,0.0
39,275,2.8226196085215847,3.5888227846529035,1.0,1.0,1.0,1.0,1.0,0.0
0,280,8.502183714890638,5.836213289187,1.0,1.0,1.0,0.0,1.0,0.0
1,280,11.971816254572555,9.036617926009638,1.0,0.0,0.0,0.0,0.0,0.0
2,280,2.335884839608219,0.0,0.0,0.0,1.0,0.0,0.0,0.0
3,280,4.517222346640583,2.696738640724893,0.0,1.0,1.0,0.0,0.0,0.0
4,280,8.877741766204137,5.221517839408833,1.0,0.0,1.0,0.0,0.0,1.0
5,280,9.225301543794805,11.957818379129966,0.0,1.0,0.0,1.0,1.0,1.0
6,280,2.1118475106203203,5.981022613585468,0.0,0.0,0.0,0.0,0.0,1.0
7,280,4.358306775086557,2.256139267600482,0.0,1.0,0.0,0.0,1.0,0.0
8,280,11.137100802395466,1.4067766220522042,1.0,0.0,0.0,0.0,0.0,0.0
9,280,0.6190189205088364,11.082367313635418,1.0,0.0,0.0,0.0,0.0,1.0
10,280,7.680649549454113,8.516099699231145,0.0,0.0,0.0,1.0,0.0,0.0
11,280,8.41306285593662,5.368905791631783,0.0,0.0,1.0,0.0,1.0,0.0
12,280,3.033674314380823,0.5902073297763311,1.0,1.0,0.0,0.0,1.0,1.0
13,280,9.166500509252474,4.078131279062549,1.0,0.0,1.0,1.0,0.0,1.0
14,280,6.137231891330309,12.0,0.0,1.0,1.0,1.0,1.0,0.0
15,280,5.450112444037677,2.966893095561874,0.0,0.0,0.0,0.0,0.0,1.0
16,280,11.30632170668839,2.619119622483059,0.0,1.0,1.0,0.0,0.0,0.0
17,280,9.355551990271865,0.6593364656251589,0.0,0.0,1.0,1.0,1.0,1.0
18,280,0.0,7.121576422212966,0.0,1.0,0.0,0.0,1.0,0.0
19,280,1.7250482165036771,8.853778970146593,0.0,0.0,0.0,0.0,0.0,0.0
20,280,8.521622144895582,10.435902912549349,1.0,0.0,1.0,1.0,0.0,1.0
21,280,4.88331528241967,8.64127450455519,1.0,0.0,1.0,0.0,0.0,0.0
22,280,7.736704012464592,0.0611762795582504,0.0,1.0,0.0,0.0,1.0,0.0
23,280,8.125931565914462,8.57436090736645,0.0,0.0,0.0,0.0,1.0,1.0
24,280,2.1709617039803617,0.0,0.0,0.0,0.0,0.0,0.0,1.0
25,280,3.802893113396032,6.053769151552963,0.0,1.0,0.0,0.0,0.0,1.0
26,280,1.1827633557214867,0.9900231100965872,0.0,0.0,0.0,0.0,1.0,0.0
27,280,0.0,5.397348972187941,1.0,1.0,0.0,1.0,0.0,0.0
28,280,0.0,0.2551335924235854,0.0,1.0,1.0,0.0,0.0,0.0
29,280,4.91174098784701,6.791648172945882,1.0,0.0,0.0,0.0,0.0,0.0
30,280,1.363354626081165,9.34767944261447,1.0,1.0,0.0,0.0,1.0,0.0
31,280,3.916234027275568,7.450293407943162,1.0,1.0,0.0,1.0,1.0,1.0
32,280,10.582496777627014,12.0,1.0,0.0,1.0,0.0,1.0,1.0
33,280,0.0,9.95472557591266,0.0,1.0,0.0,0.0,1.0,1.0
34,280,0.0055944516705791,9.585544889036722,0.0,0.0,0.0,0.0,0.0,0.0
35,280,0.6345548544746552,0.0080988188058253,0.0,1.0,1.0,0.0,0.0,0.0
36,280,4.730099072045749,10.06649446320944,0.0,0.0,0.0,1.0,1.0,1.0
37,280,8.202931271761045,8.555257223128455,0.0,0.0,1.0,1.0,0.0,1.0
38,280,3.238562086413564,10.452839053386802,1.0,0.0,1.0,0.0,1.0,0.0
39,280,2.7006789329300265,3.661789614219369,1.0,1.0,1.0,1.0,1.0,0.0
0,285,8.442566976907084,5.820845602168644,1.0,1.0,1.0,0.0,1.0,0.0
1,285,11.981438783888615,9.044517518591602,1.0,0.0,0.0,0.0,0.0,0.0
2,285,2.316601896881493,0.0,0.0,0.0,1.0,0.0,0.0,0.0
3,285,4.713723169595232,2.619144823211935,0.0,1.0,1.0,0.0,0.0,0.0
4,285,8.873260601569662,5.206003518047728,1.0,0.0,1.0,0.0,0.0,1.0
5,285,9.214131442634171,11.93780762357946,0.0,1.0,0.0,1.0,1.0,1.0
6,285,2.0065793820510103,6.089068546738227,0.0,0.0,0.0,0.0,0.0,1.0
7,285,4.442928732864543,2.3239530997530533,0.0,1.0,0.0,0.0,1.0,0.0
8,285,11.132984841400347,1.3682836437670964,1.0,0.0,0.0,0.0,0.0,0.0
9,285,0.6832900712845743,11.113623103811692,1.0,0.0,0.0,0.0,0.0,1.0
10,285,7.75304185266361,8.46302643634914,0.0,0.0,0.0,1.0,0.0,0.0
11,285,8.496915046036984,5.2540350541437695,0.0,0.0,1.0,0.0,1.0,0.0
12,285,3.0405045297571647,0.5914150451562326,1.0,1.0,0.0,0.0,1.0,1.0
13,285,9.216874781149992,4.100439405057196,1.0,0.0,1.0,1.0,0.0,1.0
14,285,6.200335605070789,12.0,0.0,1.0,1.0,1.0,1.0,0.0
15,285,5.570122297815456,2.9760459167560844,0.0,0.0,0.0,0.0,0.0,1.0
16,285,11.307286545392088,2.56266409796412,0.0,1.0,1.0,0.0,0.0,0.0
17,285,9.36029738990813,0.6657434576637314,0.0,0.0,1.0,1.0,1.0,1.0
18,285,0.0,7.1271543352737385,0.0,1.0,0.0,0.0,1.0,0.0
19,285,1.7375007070178656,8.908753535608522,0.0,0.0,0.0,0.0,0.0,0.0
20,285,8.448380420161334,10.369761230333497,1.0,0.0,1.0,1.0,0.0,1.0
21,285,4.90221834694007,8.62863246049308,1.0,0.0,1.0,0.0,0.0,0.0
22,285,7.682752652456444,0.1199721735961208,0.0,1.0,0.0,0.0,1.0,0.0
23,285,8.24763701733512,8.866118774893543,0.0,0.0,0.0,0.0,1.0,1.0
24,285,2.185987465211634,0.0,0.0,0.0,0.0,0.0,0.0,1.0
25,285,3.734759423670003,5.961627655198981,0.0,1.0,0.0,0.0,0.0,1.0
26,285,1.2280402093002467,1.0282402432909017,0.0,0.0,0.0,0.0,1.0,0.0
27,285,0.0,5.357082097156749,1.0,1.0,0.0,1.0,0.0,0.0
28,285,0.0,0.1433776333797706,0.0,1.0,1.0,0.0,0.0,0.0
29,285,4.824994328663362,6.923084096126242,1.0,0.0,0.0,0.0,0.0,0.0
30,285,1.590589098936511,9.408669280434776,1.0,1.0,0.0,0.0,1.0,0.0
31,285,3.8535868302824894,7.658742370115994,1.0,1.0,0.0,1.0,1.0,1.0
32,285,10.529252861599645,12.0,1.0,0.0,1.0,0.0,1.0,1.0
33,285,0.0,9.797025056723458,0.0,1.0,0.0,0.0,1.0,1.0
34,285,0.01186409211501,9.669193808730506,0.0,0.0,0.0,0.0,0.0,0.0
35,285,0.6565286198569954,0.0185275542179056,0.0,1.0,1.0,0.0,0.0,0.0
36,285,4.641258478809802,10.026534101382373,0.0,0.0,0.0,1.0,1.0,1.0
37,285,8.189790850418897,8.583621379857776,0.0,0.0,1.0,1.0,0.0,1.0
38,285,3.294172767290252,10.476895503320709,1.0,0.0,1.0,0.0,1.0,0.0
39,285,2.5677204108688434,3.739613656830711,1.0,1.0,1.0,1.0,1.0,0.0
0,290,8.385984256370346,5.80796562652583,1.0,1.0,1.0,0.0,1.0,0.0
1,290,12.0,9.067870933230408,1.0,0.0,0.0,0.0,0.0,0.0
2,290,2.2932716505492827,0.0,0.0,0.0,1.0,0.0,0.0,0.0
3,290,4.917823846493687,2.535038033325043,0.0,1.0,1.0,0.0,0.0,0.0
4,290,8.86938311253751,5.192077967076058,1.0,0.0,1.0,0.0,0.0,1.0
5,290,9.210993327919743,11.932055245180472,0.0,1.0,0.0,1.0,1.0,1.0
6,290,1.900173560381654,6.200848784382283,0.0,0.0,0.0,0.0,0.0,1.0
7,290,4.516782486413311,2.3872674481415355,0.0,1.0,0.0,0.0,1.0,0.0
8,290,11.128064832357843,1.3277803776090638,1.0,0.0,0.0,0.0,0.0,0.0
9,290,0.7404298184575834,11.140994785953946,1.0,0.0,0.0,0.0,0.0,1.0
10,290,7.819584753902689,8.415705925162216,0.0,0.0,0.0,1.0,0.0,0.0
11,290,8.562222810089818,5.163564814270592,0.0,0.0,1.0,0.0,1.0,0.0
12,290,3.049169557486752,0.5926773960805991,1.0,1.0,0.0,0.0,1.0,1.0
13,290,9.28689258842159,4.13195859410793,1.0,0.0,1.0,1.0,0.0,1.0
14,290,6.267530752679941,12.0,0.0,1.0,1.0,1.0,1.0,0.0
15,290,5.69353065053567,2.983958947401732,0.0,0.0,0.0,0.0,0.0,1.0
16,290,11.230199451609268,2.5604944305960453,0.0,1.0,1.0,0.0,0.0,0.0
17,290,9.381972842074305,0.6946839970097307,0.0,0.0,1.0,1.0,1.0,1.0
18,290,0.0,7.127622367937263,0.0,1.0,0.0,0.0,1.0,0.0
19,290,1.7520621744772988,8.975826425347023,0.0,0.0,0.0,0.0,0.0,0.0
20,290,8.393348489906442,10.319743938386477,1.0,0.0,1.0,1.0,0.0,1.0
21,290,4.924926072755756,8.61322284679058,1.0,0.0,1.0,0.0,0.0,0.0
22,290,7.635188245455959,0.1714596731993546,0.0,1.0,0.0,0.0,1.0,0.0
23,290,8.357807377546768,9.154469728017656,0.0,0.0,0.0,0.0,1.0,1.0
24,290,2.202936373497945,0.0,0.0,0.0,0.0,0.0,0.0,1.0
25,290,3.6724437147668025,5.876708641897048,0.0,1.0,0.0,0.0,0.0,1.0
26,290,1.2985311560345465,1.0867570865205745,0.0,0.0,0.0,0.0,1.0,0.0
27,290,0.0,5.312241326292524,1.0,1.0,0.0,1.0,0.0,0.0
28,290,0.0,0.0380731635431115,0.0,1.0,1.0,0.0,0.0,0.0
29,290,4.744947420983363,7.048247380135429,1.0,0.0,0.0,0.0,0.0,0.0
30,290,1.833717953049254,9.479938648570554,1.0,1.0,0.0,0.0,1.0,0.0
31,290,3.7985806467427934,7.84371593216168,1.0,1.0,0.0,1.0,1.0,1.0
32,290,10.466061616812098,12.0,1.0,0.0,1.0,0.0,1.0,1.0
33,290,0.0,9.646347846020856,0.0,1.0,0.0,0.0,1.0,1.0
34,290,0.0181849413752789,9.751558007518112,0.0,0.0,0.0,0.0,0.0,0.0
35,290,0.6819817286441139,0.0326028504807998,0.0,1.0,1.0,0.0,0.0,0.0
36,290,4.5587585733815885,9.98941113712704,0.0,0.0,0.0,1.0,1.0,1.0
37,290,8.239893001163558,8.606211196528786,0.0,0.0,1.0,1.0,0.0,1.0
38,290,3.354962968004504,10.505268751682843,1.0,0.0,1.0,0.0,1.0,0.0
39,290,2.431946062676617,3.8178613050438175,1.0,1.0,1.0,1.0,1.0,0.0
0,295,8.3252398871598,5.79308951240458,1.0,1.0,1.0,0.0,1.0,0.0
1,295,12.0,9.09340100416041,1.0,0.0,0.0,0.0,0.0,0.0
2,295,2.2664936071753763,0.0,0.0,0.0,1.0,0.0,0.0,0.0
3,295,5.118278708136471,2.4525879944518647,0.0,1.0,1.0,0.0,0.0,0.0
4,295,8.859267295824433,5.1520465698899,1.0,0.0,1.0,0.0,0.0,1.0
5,295,9.220649485777262,11.949199134581566,0.0,1.0,0.0,1.0,1.0,1.0
6,295,1.8041977709010848,6.305260135192046,0.0,0.0,0.0,0.0,0.0,1.0
7,295,4.599937283615513,2.456748968189323,0.0,1.0,0.0,0.0,1.0,0.0
8,295,11.12455865170632,1.2911411901697536,1.0,0.0,0.0,0.0,0.0,0.0
9,295,0.807132691653674,11.173599394114085,1.0,0.0,0.0,0.0,0.0,1.0
10,295,7.890363515349794,8.365416654184493,0.0,0.0,0.0,1.0,0.0,0.0
11,295,8.625569568728475,5.0764734633228805,0.0,0.0,1.0,0.0,1.0,0.0
12,295,3.074972578217733,0.597064712091593,1.0,1.0,0.0,0.0,1.0,1.0
13,295,9.36521245182516,4.165655235626794,1.0,0.0,1.0,1.0,0.0,1.0
14,295,6.333034303107562,12.0,0.0,1.0,1.0,1.0,1.0,0.0
15,295,5.823937281989669,2.9944825409678435,0.0,0.0,0.0,0.0,0.0,1.0
16,295,11.132801000558311,2.558824387615716,0.0,1.0,1.0,0.0,0.0,0.0
17,295,9.391881098040717,0.7088644236201866,0.0,0.0,1.0,1.0,1.0,1.0
18,295,0.0,7.131707392255419,0.0,1.0,0.0,0.0,1.0,0.0
19,295,1.7719565176646137,9.05388496722314,0.0,0.0,0.0,0.0,0.0,0.0
20,295,8.446990137631083,10.258244257638236,1.0,0.0,1.0,1.0,0.0,1.0
21,295,4.949852280315417,8.595982197788246,1.0,0.0,1.0,0.0,0.0,0.0
22,295,7.591346294428376,0.2171224452214989,0.0,1.0,0.0,0.0,1.0,0.0
23,295,8.475541465940408,9.449056074795369,0.0,0.0,0.0,0.0,1.0,1.0
24,295,2.2219673510663984,0.0,0.0,0.0,0.0,0.0,0.0,1.0
25,295,3.609452415533125,5.79111027731968,0.0,1.0,0.0,0.0,0.0,1.0
26,295,1.3616108481748648,1.1364925705093094,0.0,0.0,0.0,0.0,1.0,0.0
27,295,0.0,5.283046474290755,1.0,1.0,0.0,1.0,0.0,0.0
28,295,0.0,0.0,0.0,1.0,1.0,0.0,0.0,0.0
29,295,4.672145208868789,7.165786546367845,1.0,0.0,0.0,0.0,0.0,0.0
30,295,2.071792800019637,9.550889193093225,1.0,1.0,0.0,0.0,1.0,0.0
31,295,3.745121355615953,8.032139249603743,1.0,1.0,0.0,1.0,1.0,1.0
32,295,10.404636732227289,12.0,1.0,0.0,1.0,0.0,1.0,1.0
33,295,0.0,9.474212230792606,0.0,1.0,0.0,0.0,1.0,1.0
34,295,0.0235145060551209,9.849488572284958,0.0,0.0,0.0,0.0,0.0,0.0
35,295,0.6803987301585027,0.0317515782476557,0.0,1.0,1.0,0.0,0.0,0.0
36,295,4.477614061220448,9.950325366039577,0.0,0.0,0.0,1.0,1.0,1.0
37,295,8.301436231827816,8.6329669636603,0.0,0.0,1.0,1.0,0.0,1.0
38,295,3.415338955845333,10.533849955507089,1.0,0.0,1.0,0.0,1.0,0.0
39,295,2.2883949372865,3.900169718925086,1.0,1.0,1.0,1.0,1.0,0.0
