0,0,8.031131035143114,0.9399785735943368,0.0,0.0,0.0,0.0,0.0,0.0
1,0,4.936798204583909,4.993665379744223,0.0,0.0,0.0,0.0,0.0,0.0
2,0,8.019130465892045,7.942339633356457,1.0,0.0,0.0,1.0,1.0,0.0
3,0,9.035121343327496,1.0254547140568782,0.0,0.0,0.0,1.0,1.0,0.0
4,0,0.0137116941618181,8.05691662887673,0.0,0.0,0.0,0.0,0.0,0.0
5,0,7.043562413632566,3.964662543272438,1.0,0.0,0.0,1.0,1.0,0.0
6,0,9.951534145231602,1.0110401090372885,0.0,1.0,0.0,1.0,0.0,1.0
7,0,8.050339533134702,5.982101504215556,0.0,0.0,1.0,1.0,0.0,0.0
8,0,11.026692199337198,1.955549360714068,1.0,0.0,1.0,0.0,0.0,0.0
9,0,5.042247798667857,1.950972476948161,1.0,0.0,0.0,0.0,1.0,0.0
10,0,2.058757095660834,4.013660663011966,0.0,0.0,1.0,0.0,0.0,0.0
11,0,10.042178953733757,1.9609547985105655,1.0,1.0,1.0,1.0,1.0,0.0
12,0,9.00264708662928,9.980575397160072,1.0,0.0,1.0,0.0,1.0,0.0
13,0,4.962780569481819,12.0,1.0,1.0,0.0,0.0,0.0,0.0
14,0,12.0,3.938779764679256,0.0,1.0,0.0,0.0,0.0,0.0
15,0,2.0674382818515173,3.041523974965108,1.0,1.0,0.0,1.0,1.0,1.0
16,0,0.0322134223552403,7.953799052679668,1.0,1.0,0.0,0.0,0.0,0.0
17,0,0.9536571553254484,10.056690648332877,0.0,1.0,1.0,1.0,1.0,0.0
18,0,4.94880915849437,6.955307751361864,0.0,0.0,0.0,1.0,0.0,0.0
19,0,10.066532287223314,2.018121597064788,0.0,0.0,1.0,1.0,1.0,0.0
20,0,0.0287836636661955,5.952516621606563,0.0,1.0,0.0,0.0,0.0,1.0
21,0,4.986205693150682,11.056074966774574,0.0,0.0,0.0,0.0,0.0,0.0
22,0,8.001400110922647,7.992760428511138,1.0,0.0,1.0,0.0,1.0,0.0
23,0,10.955392095329186,11.97836673237438,1.0,1.0,0.0,1.0,0.0,0.0
24,0,9.026289210530823,0.963301450276134,1.0,1.0,1.0,0.0,1.0,0.0
25,0,1.986706453834648,10.938121825345252,1.0,0.0,0.0,0.0,0.0,0.0
26,0,6.041735549012035,1.9748139751188585,0.0,0.0,0.0,1.0,1.0,1.0
27,0,10.043868521015844,5.030533939910726,0.0,1.0,1.0,1.0,1.0,0.0
28,0,5.937721864220225,0.0096364795067306,0.0,1.0,0.0,1.0,1.0,0.0
29,0,6.98944008273614,2.067837952596693,0.0,1.0,1.0,0.0,1.0,1.0
30,0,8.05085990488623,5.079223557449619,0.0,0.0,1.0,0.0,0.0,0.0
31,0,11.007875071293984,8.027995178998882,0.0,1.0,1.0,1.0,1.0,0.0
32,0,2.9720749754132623,5.947714028610353,1.0,0.0,1.0,1.0,1.0,0.0
33,0,8.981452951625101,11.99125269694158,0.0,0.0,1.0,0.0,1.0,0.0
34,0,2.9653344402501887,1.0712257401102117,1.0,0.0,0.0,0.0,0.0,0.0
35,0,10.003127736319453,11.942555377084696,1.0,0.0,0.0,1.0,1.0,1.0
36,0,0.0,10.013769821059933,0.0,0.0,0.0,1.0,0.0,1.0
37,0,12.0,1.9681383367511007,0.0,1.0,1.0,1.0,0.0,0.0
38,0,0.9883948459493752,9.03254877398864,0.0,0.0,1.0,0.0,1.0,1.0
39,0,0.053616659202136,7.005040118533555,0.0,1.0,1.0,0.0,1.0,1.0
0,5,8.067049359914733,0.8707452315541658,0.0,0.0,0.0,0.0,0.0,0.0
1,5,4.857182029652761,4.987228317247476,0.0,0.0,0.0,0.0,0.0,0.0
2,5,8.040046496420157,7.883068263885821,1.0,0.0,0.0,1.0,1.0,0.0
3,5,9.074077850728012,1.0554737915739114,0.0,0.0,0.0,1.0,1.0,0.0
4,5,0.02797008334669,8.125705067019474,0.0,0.0,0.0,0.0,0.0,0.0
5,5,7.064920824245416,3.947387684917053,1.0,0.0,0.0,1.0,1.0,0.0
6,5,9.905182464729922,1.0223392856063631,0.0,1.0,0.0,1.0,0.0,1.0
7,5,8.102645558821585,5.965419836652536,0.0,0.0,1.0,1.0,0.0,0.0
8,5,11.058457494035643,1.9022051281899115,1.0,0.0,1.0,0.0,0.0,0.0
9,5,5.087785222416427,1.9001735661586483,1.0,0.0,0.0,0.0,1.0,0.0
10,5,2.1004753470971163,4.023507061539238,0.0,0.0,1.0,0.0,0.0,0.0
11,5,10.073532294753512,1.9310525458635677,1.0,1.0,1.0,1.0,1.0,0.0
12,5,9.006081109065969,9.948040102832875,1.0,0.0,1.0,0.0,1.0,0.0
13,5,4.929709116958736,12.0,1.0,1.0,0.0,0.0,0.0,0.0
14,5,12.0,3.860315224657058,0.0,1.0,0.0,0.0,0.0,0.0
15,5,2.13394258688383,3.0818392271954207,1.0,1.0,0.0,1.0,1.0,1.0
16,5,0.0690615495847189,7.9026732924062415,1.0,1.0,0.0,0.0,0.0,0.0
17,5,0.9171816376145174,10.100859232801216,0.0,1.0,1.0,1.0,1.0,0.0
18,5,4.907057227954448,6.917097227662183,0.0,0.0,0.0,1.0,0.0,0.0
19,5,10.13509553164858,2.0377101879965687,0.0,0.0,1.0,1.0,1.0,0.0
20,5,0.0496598231503047,5.919114529276589,0.0,1.0,0.0,0.0,0.0,1.0
21,5,4.968534151404791,11.13202163082077,0.0,0.0,0.0,0.0,0.0,0.0
22,5,8.000757265701074,7.996673364716178,1.0,0.0,1.0,0.0,1.0,0.0
23,5,10.910328470258936,11.957754570800883,1.0,1.0,0.0,1.0,0.0,0.0
24,5,9.050411954206632,0.9308922674092016,1.0,1.0,1.0,0.0,1.0,0.0
25,5,1.980100713033692,10.906725775084892,1.0,0.0,0.0,0.0,0.0,0.0
26,5,6.072406568440392,1.9571930132845647,0.0,0.0,0.0,1.0,1.0,1.0
27,5,10.079384956559997,5.055573408881755,0.0,1.0,1.0,1.0,1.0,0.0
28,5,5.877222080364624,0.0182492840677255,0.0,1.0,0.0,1.0,1.0,0.0
29,5,6.973183999395812,2.1512979484340327,0.0,1.0,1.0,0.0,1.0,1.0
30,5,8.096838465001587,5.148715015654385,0.0,0.0,1.0,0.0,0.0,0.0
31,5,11.015666586825692,8.053750914370225,0.0,1.0,1.0,1.0,1.0,0.0
32,5,2.946089408616705,5.902173964066948,1.0,0.0,1.0,1.0,1.0,0.0
33,5,8.979945784548654,11.994558738384915,0.0,0.0,1.0,0.0,1.0,0.0
34,5,2.934056268325722,1.1395681317873076,1.0,0.0,0.0,0.0,0.0,0.0
35,5,10.006652208914,11.880718059673928,1.0,0.0,0.0,1.0,1.0,1.0
36,5,0.0,10.027880781802224,0.0,0.0,0.0,1.0,0.0,1.0
37,5,12.0,1.9203326586447989,0.0,1.0,1.0,1.0,0.0,0.0
38,5,0.9775699828618892,9.065761219889826,0.0,0.0,1.0,0.0,1.0,1.0
39,5,0.0959644274107265,7.009583525553946,0.0,1.0,1.0,0.0,1.0,1.0
0,10,8.109028735102763,0.7862617744044627,0.0,0.0,0.0,0.0,0.0,0.0
1,10,4.778120055951783,4.978845250248366,0.0,0.0,0.0,0.0,0.0,0.0
2,10,8.063024931227908,7.814597212280335,1.0,0.0,0.0,1.0,1.0,0.0
3,10,9.14580197845856,1.11005875354391,0.0,0.0,0.0,1.0,1.0,0.0
4,10,0.0428372019707604,8.200092317121872,0.0,0.0,0.0,0.0,0.0,0.0
5,10,7.092846421310897,3.925115495755277,1.0,0.0,0.0,1.0,1.0,0.0
6,10,9.8396119653558,1.0394926347806226,0.0,1.0,0.0,1.0,0.0,1.0
7,10,8.139322131162256,5.95388997011881,0.0,0.0,1.0,1.0,0.0,0.0
8,10,11.091428408676329,1.8482792504742236,1.0,0.0,1.0,0.0,0.0,0.0
9,10,5.136627478863746,1.8465179609386424,1.0,0.0,0.0,0.0,1.0,0.0
10,10,2.156634381169939,4.037585741014832,0.0,0.0,1.0,0.0,0.0,0.0
11,10,10.118417198685316,1.887346043977008,1.0,1.0,1.0,1.0,1.0,0.0
12,10,9.01165617526103,9.906374122356755,1.0,0.0,1.0,0.0,1.0,0.0
13,10,4.894300378505872,12.0,1.0,1.0,0.0,0.0,0.0,0.0
14,10,12.0,3.7802437518030767,0.0,1.0,0.0,0.0,0.0,0.0
15,10,2.201201372954209,3.12076052292642,1.0,1.0,0.0,1.0,1.0,1.0
16,10,0.1104886867820478,7.845180349911644,1.0,1.0,0.0,0.0,0.0,0.0
17,10,0.8969692557709725,10.124713371831753,0.0,1.0,1.0,1.0,1.0,0.0
18,10,4.851428579289208,6.86791843297263,0.0,0.0,0.0,1.0,0.0,0.0
19,10,10.176497160576622,2.049593065649324,0.0,0.0,1.0,1.0,1.0,0.0
20,10,0.0733342183019755,5.8818199828392,0.0,1.0,0.0,0.0,0.0,1.0
21,10,4.951236255134721,11.208459915680338,0.0,0.0,0.0,0.0,0.0,0.0
22,10,8.000965995184675,7.995499217130873,1.0,0.0,1.0,0.0,1.0,0.0
23,10,10.855477885504904,11.932696726382355,1.0,1.0,0.0,1.0,0.0,0.0
24,10,9.077492166996246,0.8961380679558341,1.0,1.0,1.0,0.0,1.0,0.0
25,10,1.974105223484197,10.880722826066386,1.0,0.0,0.0,0.0,0.0,0.0
26,10,6.093881666359976,1.9442484461931573,0.0,0.0,0.0,1.0,1.0,1.0
27,10,10.103129371083698,5.071727509018723,0.0,1.0,1.0,1.0,1.0,0.0
28,10,5.821540568860582,0.02616380009147,0.0,1.0,0.0,1.0,1.0,0.0
29,10,6.954490800240925,2.239168613943753,0.0,1.0,1.0,0.0,1.0,1.0
30,10,8.14356800507715,5.213855761206375,0.0,0.0,1.0,0.0,0.0,0.0
31,10,11.03887859313645,8.046906098935036,0.0,1.0,1.0,1.0,1.0,0.0
32,10,2.910508437822791,5.840650233267455,1.0,0.0,1.0,1.0,1.0,0.0
33,10,8.97425677212303,12.0,0.0,0.0,1.0,0.0,1.0,0.0
34,10,2.891127069379332,1.2346781653388557,1.0,0.0,0.0,0.0,0.0,0.0
35,10,10.00996269812657,11.822256851291872,1.0,0.0,0.0,1.0,1.0,1.0
36,10,0.0,10.04168635243512,0.0,0.0,0.0,1.0,0.0,1.0
37,10,12.0,1.8707410140973604,0.0,1.0,1.0,1.0,0.0,0.0
38,10,0.9724901036819068,9.082384858167758,0.0,0.0,1.0,0.0,1.0,1.0
39,10,0.1304913539578261,7.013842885233959,0.0,1.0,1.0,0.0,1.0,1.0
0,15,8.149265532258122,0.7028216365151545,0.0,0.0,0.0,0.0,0.0,0.0
1,15,4.708876236085165,4.9720626404097406,0.0,0.0,0.0,0.0,0.0,0.0
2,15,8.093992663887748,7.727861436579122,1.0,0.0,0.0,1.0,1.0,0.0
3,15,9.228711800608613,1.1736309552810296,0.0,0.0,0.0,1.0,1.0,0.0
4,15,0.0643338202491969,8.295180884922496,0.0,0.0,0.0,0.0,0.0,0.0
5,15,7.128253413879374,3.897094619197284,1.0,0.0,0.0,1.0,1.0,0.0
6,15,9.774431207676228,1.0574177521659494,0.0,1.0,0.0,1.0,0.0,1.0
7,15,8.171124762860666,5.943881669468071,0.0,0.0,1.0,1.0,0.0,0.0
8,15,11.130759286461796,1.784041616876263,1.0,0.0,1.0,0.0,0.0,0.0
9,15,5.187721124943427,1.7917481434491582,1.0,0.0,0.0,0.0,1.0,0.0
10,15,2.1988344226578924,4.048026210750754,0.0,0.0,1.0,0.0,0.0,0.0
11,15,10.18521129257969,1.8229363976378168,1.0,1.0,1.0,1.0,1.0,0.0
12,15,9.017458190766082,9.865677098120004,1.0,0.0,1.0,0.0,1.0,0.0
13,15,4.877660376552014,12.0,1.0,1.0,0.0,0.0,0.0,0.0
14,15,12.0,3.6871719296912686,0.0,1.0,0.0,0.0,0.0,0.0
15,15,2.254144099753614,3.153696551527769,1.0,1.0,0.0,1.0,1.0,1.0
16,15,0.1589603942110073,7.774617305457011,1.0,1.0,0.0,0.0,0.0,0.0
17,15,0.870000692361727,10.15760845535515,0.0,1.0,1.0,1.0,1.0,0.0
18,15,4.784137369128435,6.8060794050915545,0.0,0.0,0.0,1.0,0.0,0.0
19,15,10.239239480760835,2.06697217566485,0.0,0.0,1.0,1.0,1.0,0.0
20,15,0.0959428961856758,5.845385844658239,0.0,1.0,0.0,0.0,0.0,1.0
21,15,4.930233067309151,11.293089903099288,0.0,0.0,0.0,0.0,0.0,0.0
22,15,8.004453852314523,7.976728622062278,1.0,0.0,1.0,0.0,1.0,0.0
23,15,10.801845919619833,11.907872769445852,1.0,1.0,0.0,1.0,0.0,0.0
24,15,9.100764038229888,0.8666825655188466,1.0,1.0,1.0,0.0,1.0,0.0
25,15,1.9667221416265404,10.84843868772958,1.0,0.0,0.0,0.0,0.0,0.0
26,15,6.123268355570309,1.927454172502627,0.0,0.0,0.0,1.0,1.0,1.0
27,15,10.135504779664158,5.0944758527366,0.0,1.0,1.0,1.0,1.0,0.0
28,15,5.751047023689735,0.0365379993124623,0.0,1.0,0.0,1.0,1.0,0.0
29,15,6.933868956565497,2.325394054303267,0.0,1.0,1.0,0.0,1.0,1.0
30,15,8.184815129702164,5.269250698362925,0.0,0.0,1.0,0.0,0.0,0.0
31,15,11.07817471307702,8.035627101323305,0.0,1.0,1.0,1.0,1.0,0.0
32,15,2.871701002388789,5.77434394373883,1.0,0.0,1.0,1.0,1.0,0.0
33,15,8.971015883832546,12.0,0.0,0.0,1.0,0.0,1.0,0.0
34,15,2.851450249849357,1.3210131914055865,1.0,0.0,0.0,0.0,0.0,0.0
35,15,10.012349001059832,11.755714025985604,1.0,0.0,0.0,1.0,1.0,1.0
36,15,0.0,10.05654221769298,0.0,0.0,0.0,1.0,0.0,1.0
37,15,12.0,1.832992495735429,0.0,1.0,1.0,1.0,0.0,0.0
38,15,0.9704096011671586,9.089221755420905,0.0,0.0,1.0,0.0,1.0,1.0
39,15,0.1393622453056081,7.014913462794382,0.0,1.0,1.0,0.0,1.0,1.0
0,20,8.191925778369662,0.6156261627037753,0.0,0.0,0.0,0.0,0.0,0.0
1,20,4.646150311075759,4.965645414495871,0.0,0.0,0.0,0.0,0.0,0.0
2,20,8.118712406600054,7.660377358376139,1.0,0.0,0.0,1.0,1.0,0.0
3,20,9.296779444831278,1.2258970330597043,0.0,0.0,0.0,1.0,1.0,0.0
4,20,0.0841167143048436,8.376061419713782,0.0,0.0,0.0,0.0,0.0,0.0
5,20,7.160960920534792,3.8714872290993,1.0,0.0,0.0,1.0,1.0,0.0
6,20,9.699803843850946,1.0780063633432266,0.0,1.0,0.0,1.0,0.0,1.0
7,20,8.222152129539698,5.924811637413257,0.0,0.0,1.0,1.0,0.0,0.0
8,20,11.173854656704194,1.7084430510470543,1.0,0.0,1.0,0.0,0.0,0.0
9,20,5.237039721560643,1.73942742427214,1.0,0.0,0.0,0.0,1.0,0.0
10,20,2.2603689257919646,4.061353593334983,0.0,0.0,1.0,0.0,0.0,0.0
11,20,10.261459349623522,1.7549588629136184,1.0,1.0,1.0,1.0,1.0,0.0
12,20,9.024691293250656,9.81690023918988,1.0,0.0,1.0,0.0,1.0,0.0
13,20,4.8429383167716775,12.0,1.0,1.0,0.0,0.0,0.0,0.0
14,20,12.0,3.581587011428766,0.0,1.0,0.0,0.0,0.0,0.0
15,20,2.2379645548179563,3.1797841210841904,1.0,1.0,0.0,1.0,1.0,1.0
16,20,0.2127704497778822,7.699276503513026,1.0,1.0,0.0,0.0,0.0,0.0
17,20,0.8424415040425137,10.190603037481573,0.0,1.0,1.0,1.0,1.0,0.0
18,20,4.7250833802322925,6.749985040257252,0.0,0.0,0.0,1.0,0.0,0.0
19,20,10.3093263820309,2.086368895847732,0.0,0.0,1.0,1.0,1.0,0.0
20,20,0.1085919600556464,5.825623508515746,0.0,1.0,0.0,0.0,0.0,1.0
21,20,4.907771779379533,11.374676340374169,0.0,0.0,0.0,0.0,0.0,0.0
22,20,8.005552156534035,7.971363756694043,1.0,0.0,1.0,0.0,1.0,0.0
23,20,10.752335578070491,11.884435917874598,1.0,1.0,0.0,1.0,0.0,0.0
24,20,9.12108607816172,0.8428975493720192,1.0,1.0,1.0,0.0,1.0,0.0
25,20,1.9592376219554055,10.813970679109111,1.0,0.0,0.0,0.0,0.0,0.0
26,20,6.156453760474275,1.9074913279927543,0.0,0.0,0.0,1.0,1.0,1.0
27,20,10.173446276072706,5.120896504236471,0.0,1.0,1.0,1.0,1.0,0.0
28,20,5.698065738297884,0.044570358370995,0.0,1.0,0.0,1.0,1.0,0.0
29,20,6.913796343691772,2.415875791305856,0.0,1.0,1.0,0.0,1.0,1.0
30,20,8.224803855654978,5.322731642660523,0.0,0.0,1.0,0.0,0.0,0.0
31,20,11.118363235034316,8.022593703058547,0.0,1.0,1.0,1.0,1.0,0.0
32,20,2.819335156539851,5.678782523849263,1.0,0.0,1.0,1.0,1.0,0.0
33,20,8.96509334048611,12.0,0.0,0.0,1.0,0.0,1.0,0.0
34,20,2.811260227986458,1.4078458714714015,1.0,0.0,0.0,0.0,0.0,0.0
35,20,10.014785741004628,11.686749478896685,1.0,0.0,0.0,1.0,1.0,1.0
36,20,0.0,10.071176270758173,0.0,0.0,0.0,1.0,0.0,1.0
37,20,12.0,1.7952141996465716,0.0,1.0,1.0,1.0,0.0,0.0
38,20,0.9741227384358968,9.077238693148736,0.0,0.0,1.0,0.0,1.0,1.0
39,20,0.1514250536129062,7.015973964484109,0.0,1.0,1.0,0.0,1.0,1.0
0,25,8.239048985955828,0.515633943713609,0.0,0.0,0.0,0.0,0.0,0.0
1,25,4.552098540694247,4.955269808269125,0.0,0.0,0.0,0.0,0.0,0.0
2,25,8.144387337116859,7.588122858468124,1.0,0.0,0.0,1.0,1.0,0.0
3,25,9.348847657092689,1.2686882984240302,0.0,0.0,0.0,1.0,1.0,0.0
4,25,0.1014501373405708,8.445781550858147,0.0,0.0,0.0,0.0,0.0,0.0
5,25,7.215146945468924,3.831097527927429,1.0,0.0,0.0,1.0,1.0,0.0
6,25,9.637378458277334,1.0968684228683834,0.0,1.0,0.0,1.0,0.0,1.0
7,25,8.253056267105862,5.913373549262137,0.0,0.0,1.0,1.0,0.0,0.0
8,25,11.212744850378376,1.645696908839679,1.0,0.0,1.0,0.0,0.0,0.0
9,25,5.308299153095169,1.6649252471063172,1.0,0.0,0.0,0.0,1.0,0.0
10,25,2.3339228469324595,4.0755787225408415,0.0,0.0,1.0,0.0,0.0,0.0
11,25,10.346407152106602,1.6807310515705522,1.0,1.0,1.0,1.0,1.0,0.0
12,25,9.034263081815078,9.75094853666406,1.0,0.0,1.0,0.0,1.0,0.0
13,25,4.805756100699449,12.0,1.0,1.0,0.0,0.0,0.0,0.0
14,25,12.0,3.464974827610549,0.0,1.0,0.0,0.0,0.0,0.0
15,25,2.205167496232463,3.231841403666892,1.0,1.0,0.0,1.0,1.0,1.0
16,25,0.2696748068209217,7.617805482423599,1.0,1.0,0.0,0.0,0.0,0.0
17,25,0.7994216350860565,10.240263887299392,0.0,1.0,1.0,1.0,1.0,0.0
18,25,4.658566725085473,6.687640852112439,0.0,0.0,0.0,1.0,0.0,0.0
19,25,10.35353396627244,2.097573525433544,0.0,0.0,1.0,1.0,1.0,0.0
20,25,0.1133723849727736,5.818085964439497,0.0,1.0,0.0,0.0,0.0,1.0
21,25,4.889897485252023,11.452544633934052,0.0,0.0,0.0,0.0,0.0,0.0
22,25,8.006085511094719,7.968909706569612,1.0,0.0,1.0,0.0,1.0,0.0
23,25,10.701321805693002,11.86028598771937,1.0,1.0,0.0,1.0,0.0,0.0
24,25,9.131065053938846,0.8307577832368415,1.0,1.0,1.0,0.0,1.0,0.0
25,25,1.9517092074671245,10.769277650009489,1.0,0.0,0.0,0.0,0.0,0.0
26,25,6.192175590382493,1.885573559606486,0.0,0.0,0.0,1.0,1.0,1.0
27,25,10.219609442412752,5.1533760273757085,0.0,1.0,1.0,1.0,1.0,0.0
28,25,5.629855233407258,0.0577046844241633,0.0,1.0,0.0,1.0,1.0,0.0
29,25,6.890868461224074,2.508190391356951,0.0,1.0,1.0,0.0,1.0,1.0
30,25,8.269269039772484,5.3815299767532965,0.0,0.0,1.0,0.0,0.0,0.0
31,25,11.159328058545206,8.009073287044203,0.0,1.0,1.0,1.0,1.0,0.0
32,25,2.76083384589452,5.569371832858342,1.0,0.0,1.0,1.0,1.0,0.0
33,25,8.956003836777274,12.0,0.0,0.0,1.0,0.0,1.0,0.0
34,25,2.7646093975543837,1.498435730953218,1.0,0.0,0.0,0.0,0.0,0.0
35,25,10.015535998042786,11.61444303170834,1.0,0.0,0.0,1.0,1.0,1.0
36,25,0.0,10.08573628417737,0.0,0.0,0.0,1.0,0.0,1.0
37,25,12.0,1.7607949273279768,0.0,1.0,1.0,1.0,0.0,0.0
38,25,0.9710355541595784,9.088269510832976,0.0,0.0,1.0,0.0,1.0,1.0
39,25,0.178120268094861,7.017336951716207,0.0,1.0,1.0,0.0,1.0,1.0
0,30,8.282482713673446,0.4212220739607479,0.0,0.0,0.0,0.0,0.0,0.0
1,30,4.454675303424278,4.946709576411948,0.0,0.0,0.0,0.0,0.0,0.0
2,30,8.181282297647037,7.490459732373964,1.0,0.0,0.0,1.0,1.0,0.0
3,30,9.41362416555929,1.3227831846796083,0.0,0.0,0.0,1.0,1.0,0.0
4,30,0.1231026044700869,8.531566193124714,0.0,0.0,0.0,0.0,0.0,0.0
5,30,7.275876209411753,3.78858153285336,1.0,0.0,0.0,1.0,1.0,0.0
6,30,9.581719176759284,1.113679390491919,0.0,1.0,0.0,1.0,0.0,1.0
7,30,8.296089257112168,5.89780917877999,0.0,0.0,1.0,1.0,0.0,0.0
8,30,11.263337858299472,1.5679068201575483,1.0,0.0,1.0,0.0,0.0,0.0
9,30,5.376219641337641,1.592491113985807,1.0,0.0,0.0,0.0,1.0,0.0
10,30,2.4098533866563936,4.091383569126298,0.0,0.0,1.0,0.0,0.0,0.0
11,30,10.42352466961289,1.6150520582148225,1.0,1.0,1.0,1.0,1.0,0.0
12,30,9.04147044389873,9.696958944233597,1.0,0.0,1.0,0.0,1.0,0.0
13,30,4.750705325340262,12.0,1.0,1.0,0.0,0.0,0.0,0.0
14,30,12.0,3.348400500227233,0.0,1.0,0.0,0.0,0.0,0.0
15,30,2.179503458380045,3.2732772252657814,1.0,1.0,0.0,1.0,1.0,1.0
16,30,0.3225465441266777,7.543859236590966,1.0,1.0,0.0,0.0,0.0,0.0
17,30,0.7580494082416878,10.286965176548684,0.0,1.0,1.0,1.0,1.0,0.0
18,30,4.596725482995098,6.629128885000772,0.0,0.0,0.0,1.0,0.0,0.0
19,30,10.40149969372822,2.110265150354422,0.0,0.0,1.0,1.0,1.0,0.0
20,30,0.1266953187798613,5.796752330979453,0.0,1.0,0.0,0.0,0.0,1.0
21,30,4.873593690471336,11.518481890656638,0.0,0.0,0.0,0.0,0.0,0.0
22,30,8.0093831778937,7.950364662414151,1.0,0.0,1.0,0.0,1.0,0.0
23,30,10.639117858378109,11.830974246646653,1.0,1.0,0.0,1.0,0.0,0.0
24,30,9.142379585374456,0.8172898028517506,1.0,1.0,1.0,0.0,1.0,0.0
25,30,1.9443671577368573,10.723139318070045,1.0,0.0,0.0,0.0,0.0,0.0
26,30,6.213260047085544,1.8731851744183543,0.0,0.0,0.0,1.0,1.0,1.0
27,30,10.272234736750733,5.189769772981064,0.0,1.0,1.0,1.0,1.0,0.0
28,30,5.549500529629565,0.0730322705265477,0.0,1.0,0.0,1.0,1.0,0.0
29,30,6.871979344810081,2.584838620726672,0.0,1.0,1.0,0.0,1.0,1.0
30,30,8.301145302299513,5.4220132266305,0.0,0.0,1.0,0.0,0.0,0.0
31,30,11.211481365270249,7.993296591679953,0.0,1.0,1.0,1.0,1.0,0.0
32,30,2.70598008153478,5.467543865122104,1.0,0.0,1.0,1.0,1.0,0.0
33,30,8.935075193833994,12.0,0.0,0.0,1.0,0.0,1.0,0.0
34,30,2.723381766250547,1.5805568460786006,1.0,0.0,0.0,0.0,0.0,0.0
35,30,10.01406948115436,11.540000825586826,1.0,0.0,0.0,1.0,1.0,1.0
36,30,0.0,10.096138638638,0.0,0.0,0.0,1.0,0.0,1.0
37,30,12.0,1.7139368737487746,0.0,1.0,1.0,1.0,0.0,0.0
38,30,0.969849043303305,9.09312292536822,0.0,0.0,1.0,0.0,1.0,1.0
39,30,0.205433033498354,7.019390716283635,0.0,1.0,1.0,0.0,1.0,1.0
0,35,8.330359571554132,0.3165284303121143,0.0,0.0,0.0,0.0,0.0,0.0
1,35,4.34882411779514,4.93669034976061,0.0,0.0,0.0,0.0,0.0,0.0
2,35,8.221059696699907,7.3899441479743295,1.0,0.0,0.0,1.0,1.0,0.0
3,35,9.491170626353869,1.38453637989335,0.0,0.0,0.0,1.0,1.0,0.0
4,35,0.1338395174463839,8.5801047260384,0.0,0.0,0.0,0.0,0.0,0.0
5,35,7.341092879748898,3.743169696433911,1.0,0.0,0.0,1.0,1.0,0.0
6,35,9.52530044385456,1.1309504771623216,0.0,1.0,0.0,1.0,0.0,1.0
7,35,8.332220333346912,5.886511520110225,0.0,0.0,1.0,1.0,0.0,0.0
8,35,11.302127222733482,1.5108848080762771,1.0,0.0,1.0,0.0,0.0,0.0
9,35,5.453100628363833,1.511356092232294,1.0,0.0,0.0,0.0,1.0,0.0
10,35,2.4879832416424663,4.109403653107795,0.0,0.0,1.0,0.0,0.0,0.0
11,35,10.518054624277337,1.54134558754678,1.0,1.0,1.0,1.0,1.0,0.0
12,35,9.04978174646302,9.636090503995248,1.0,0.0,1.0,0.0,1.0,0.0
13,35,4.681556815208841,12.0,1.0,1.0,0.0,0.0,0.0,0.0
14,35,12.0,3.236616705216867,0.0,1.0,0.0,0.0,0.0,0.0
15,35,2.144027998754713,3.327104577442447,1.0,1.0,0.0,1.0,1.0,1.0
16,35,0.3723118691297798,7.472632087670609,1.0,1.0,0.0,0.0,0.0,0.0
17,35,0.7083348283016723,10.34231493560006,0.0,1.0,1.0,1.0,1.0,0.0
18,35,4.551942098856602,6.588342081642024,0.0,0.0,0.0,1.0,0.0,0.0
19,35,10.44501372691758,2.1217377552411394,0.0,0.0,1.0,1.0,1.0,0.0
20,35,0.1336374706682703,5.784713781277254,0.0,1.0,0.0,0.0,0.0,1.0
21,35,4.8544265653685565,11.59247705004563,0.0,0.0,0.0,0.0,0.0,0.0
22,35,8.011379685269011,7.938504374789819,1.0,0.0,1.0,0.0,1.0,0.0
23,35,10.577613245858052,11.802703129218727,1.0,1.0,0.0,1.0,0.0,0.0
24,35,9.14297757506614,0.8165863171561213,1.0,1.0,1.0,0.0,1.0,0.0
25,35,1.9386233924817904,10.692956040647031,1.0,0.0,0.0,0.0,0.0,0.0
26,35,6.245658472774689,1.853461598081884,0.0,0.0,0.0,1.0,1.0,1.0
27,35,10.28910168059723,5.201461472950901,0.0,1.0,1.0,1.0,1.0,0.0
28,35,5.479041042988602,0.0864455493485421,0.0,1.0,0.0,1.0,1.0,0.0
29,35,6.857709096775765,2.642874064569905,0.0,1.0,1.0,0.0,1.0,1.0
30,35,8.324374673927835,5.450998871715391,0.0,0.0,1.0,0.0,0.0,0.0
31,35,11.261103339228924,7.978312868219804,0.0,1.0,1.0,1.0,1.0,0.0
32,35,2.668907819052893,5.396426697589983,1.0,0.0,1.0,1.0,1.0,0.0
33,35,8.918982206856345,12.0,0.0,0.0,1.0,0.0,1.0,0.0
34,35,2.6847754796154417,1.6585329274667528,1.0,0.0,0.0,0.0,0.0,0.0
35,35,10.014616694400724,11.465496874458136,1.0,0.0,0.0,1.0,1.0,1.0
36,35,0.0,10.110353122510844,0.0,0.0,0.0,1.0,0.0,1.0
37,35,12.0,1.6687852033906587,0.0,1.0,1.0,1.0,0.0,0.0
38,35,0.9680861421313928,9.100120282945417,0.0,0.0,1.0,0.0,1.0,1.0
39,35,0.2278248725041414,7.021601312650946,0.0,1.0,1.0,0.0,1.0,1.0
0,40,8.378956634620874,0.2130426417926042,0.0,0.0,0.0,0.0,0.0,0.0
1,40,4.256647865085209,4.929018662318363,0.0,0.0,0.0,0.0,0.0,0.0
2,40,8.260219346430878,7.289962446939228,1.0,0.0,0.0,1.0,1.0,0.0
3,40,9.57655350628774,1.451771137703877,0.0,0.0,0.0,1.0,1.0,0.0
4,40,0.1515232343241997,8.650673110604433,0.0,0.0,0.0,0.0,0.0,0.0
5,40,7.404407950885571,3.702161568013663,1.0,0.0,0.0,1.0,1.0,0.0
6,40,9.483055338429107,1.1427473897754226,0.0,1.0,0.0,1.0,0.0,1.0
7,40,8.368551497445987,5.875216522164071,0.0,0.0,1.0,1.0,0.0,0.0
8,40,11.340461052571474,1.4572761027401588,1.0,0.0,1.0,0.0,0.0,0.0
9,40,5.555580334761768,1.4018676676065165,1.0,0.0,0.0,0.0,1.0,0.0
10,40,2.559058998070319,4.127671341028826,0.0,0.0,1.0,0.0,0.0,0.0
11,40,10.62504656264719,1.4623447415972384,1.0,1.0,1.0,1.0,1.0,0.0
12,40,9.057629470251332,9.582440525197606,1.0,0.0,1.0,0.0,1.0,0.0
13,40,4.61326682784879,12.0,1.0,1.0,0.0,0.0,0.0,0.0
14,40,12.0,3.117547509149014,0.0,1.0,0.0,0.0,0.0,0.0
15,40,2.09931692690254,3.395154124291982,1.0,1.0,0.0,1.0,1.0,1.0
16,40,0.425770470463897,7.399398489606237,1.0,1.0,0.0,0.0,0.0,0.0
17,40,0.6692116980033764,10.38511262821244,0.0,1.0,1.0,1.0,1.0,0.0
18,40,4.510955776054837,6.554361451629335,0.0,0.0,0.0,1.0,0.0,0.0
19,40,10.487425073134848,2.1339168652039584,0.0,0.0,1.0,1.0,1.0,0.0
20,40,0.1348946939128263,5.78241319575634,0.0,1.0,0.0,0.0,0.0,1.0
21,40,4.83991116304436,11.651064655475384,0.0,0.0,0.0,0.0,0.0,0.0
22,40,8.012577688631213,7.930419032253639,1.0,0.0,1.0,0.0,1.0,0.0
23,40,10.491484118135936,11.76338483428827,1.0,1.0,0.0,1.0,0.0,0.0
24,40,9.150476013657332,0.8072964099681853,1.0,1.0,1.0,0.0,1.0,0.0
25,40,1.933756971432609,10.66961193854541,1.0,0.0,0.0,0.0,0.0,0.0
26,40,6.266932652858727,1.8407888239142267,0.0,0.0,0.0,1.0,1.0,1.0
27,40,10.271321299242992,5.188812139775518,0.0,1.0,1.0,1.0,1.0,0.0
28,40,5.401322630073914,0.1008836966753792,0.0,1.0,0.0,1.0,1.0,0.0
29,40,6.841051112578594,2.7148855030258963,0.0,1.0,1.0,0.0,1.0,1.0
30,40,8.352701230559658,5.486149855178345,0.0,0.0,1.0,0.0,0.0,0.0
31,40,11.29394137539442,7.968477679909791,0.0,1.0,1.0,1.0,1.0,0.0
32,40,2.627487142405739,5.318858500397872,1.0,0.0,1.0,1.0,1.0,0.0
33,40,8.914897841661876,12.0,0.0,0.0,1.0,0.0,1.0,0.0
34,40,2.643009277879492,1.7385963040738732,1.0,0.0,0.0,0.0,0.0,0.0
35,40,10.01620664905452,11.371329812622337,1.0,0.0,0.0,1.0,1.0,1.0
36,40,0.0,10.119306078650066,0.0,0.0,0.0,1.0,0.0,1.0
37,40,12.0,1.633104660037826,0.0,1.0,1.0,1.0,0.0,0.0
38,40,0.9679880565502306,9.1005153390943,0.0,0.0,1.0,0.0,1.0,1.0
39,40,0.2508914481406651,7.023317318834304,0.0,1.0,1.0,0.0,1.0,1.0
0,45,8.43102907266118,0.0969963655174721,0.0,0.0,0.0,0.0,0.0,0.0
1,45,4.127589709339807,4.919957178981517,0.0,0.0,0.0,0.0,0.0,0.0
2,45,8.297554042349145,7.191737154255837,1.0,0.0,0.0,1.0,1.0,0.0
3,45,9.65898762256858,1.516403180017901,0.0,0.0,0.0,1.0,1.0,0.0
4,45,0.1720611916995561,8.737164381405828,0.0,0.0,0.0,0.0,0.0,0.0
5,45,7.458974127906314,3.668019204742022,1.0,0.0,0.0,1.0,1.0,0.0
6,45,9.468385405932011,1.1464349002772465,0.0,1.0,0.0,1.0,0.0,1.0
7,45,8.382660095185702,5.87034605988777,0.0,0.0,1.0,1.0,0.0,0.0
8,45,11.393185924345437,1.3863903972019682,1.0,0.0,1.0,0.0,0.0,0.0
9,45,5.643961945164001,1.30512765103254,1.0,0.0,0.0,0.0,1.0,0.0
10,45,2.628364583939569,4.144719891004259,0.0,0.0,1.0,0.0,0.0,0.0
11,45,10.733742173974624,1.3854211673651242,1.0,1.0,1.0,1.0,1.0,0.0
12,45,9.06422818746597,9.529074366845984,1.0,0.0,1.0,0.0,1.0,0.0
13,45,4.536397609946609,12.0,1.0,1.0,0.0,0.0,0.0,0.0
14,45,12.0,2.989700659273459,0.0,1.0,0.0,0.0,0.0,0.0
15,45,2.059402332012518,3.45594466194832,1.0,1.0,0.0,1.0,1.0,1.0
16,45,0.4653670499610353,7.342895785567118,1.0,1.0,0.0,0.0,0.0,0.0
17,45,0.6384530596053899,10.418810678231557,0.0,1.0,1.0,1.0,1.0,0.0
18,45,4.468296298443161,6.51866014603256,0.0,0.0,0.0,1.0,0.0,0.0
19,45,10.525611312753108,2.144997531712732,0.0,0.0,1.0,1.0,1.0,0.0
20,45,0.1298383101103968,5.791908818015986,0.0,1.0,0.0,0.0,0.0,1.0
21,45,4.820127852038343,11.72946261978942,0.0,0.0,0.0,0.0,0.0,0.0
22,45,8.01199956355447,7.934299876815313,1.0,0.0,1.0,0.0,1.0,0.0
23,45,10.459419181855578,11.83625395215597,1.0,1.0,0.0,1.0,0.0,0.0
24,45,9.172277898600614,0.7784158345354824,1.0,1.0,1.0,0.0,1.0,0.0
25,45,1.9283727211911643,10.647309226753444,1.0,0.0,0.0,0.0,0.0,0.0
26,45,6.277521978374317,1.8342854199772287,0.0,0.0,0.0,1.0,1.0,1.0
27,45,10.244537671931509,5.169210568206721,0.0,1.0,1.0,1.0,1.0,0.0
28,45,5.341799534695432,0.1093122603522062,0.0,1.0,0.0,1.0,1.0,0.0
29,45,6.823067885854061,2.7915602186172026,0.0,1.0,1.0,0.0,1.0,1.0
30,45,8.366843525365663,5.504065306437358,0.0,0.0,1.0,0.0,0.0,0.0
31,45,11.325871196785885,7.959148628677799,0.0,1.0,1.0,1.0,1.0,0.0
32,45,2.575291072686737,5.2204811828019615,1.0,0.0,1.0,1.0,1.0,0.0
33,45,8.913545137942595,12.0,0.0,0.0,1.0,0.0,1.0,0.0
34,45,2.59342499393743,1.8330366661976287,1.0,0.0,0.0,0.0,0.0,0.0
35,45,10.018447462132912,11.275749967919817,1.0,0.0,0.0,1.0,1.0,1.0
36,45,0.0,10.14058650091461,0.0,0.0,0.0,1.0,0.0,1.0
37,45,12.0,1.6028733358834406,0.0,1.0,1.0,1.0,0.0,0.0
38,45,0.9663792195974308,9.107318411738044,0.0,0.0,1.0,0.0,1.0,1.0
39,45,0.272337742687589,7.024956876532359,0.0,1.0,1.0,0.0,1.0,1.0
0,50,8.48349169396305,0.0,0.0,0.0,0.0,0.0,0.0,0.0
1,50,4.017193065271621,4.914353161310424,0.0,0.0,0.0,0.0,0.0,0.0
2,50,8.337062464096588,7.086744627150819,1.0,0.0,0.0,1.0,1.0,0.0
3,50,9.724285075647623,1.5670541549156218,0.0,0.0,0.0,1.0,1.0,0.0
4,50,0.1911489194857301,8.821857671021384,0.0,0.0,0.0,0.0,0.0,0.0
5,50,7.507993442215844,3.63696083107522,1.0,0.0,0.0,1.0,1.0,0.0
6,50,9.457717294689612,1.149407917755863,0.0,1.0,0.0,1.0,0.0,1.0
7,50,8.387121603504399,5.868815565533498,0.0,0.0,1.0,1.0,0.0,0.0
8,50,11.44180784254354,1.3238343244373336,1.0,0.0,1.0,0.0,0.0,0.0
9,50,5.732806983094013,1.208865189663446,1.0,0.0,0.0,0.0,1.0,0.0
10,50,2.6751496194978728,4.156094443059705,0.0,0.0,1.0,0.0,0.0,0.0
11,50,10.827265607839148,1.3186692366772432,1.0,1.0,1.0,1.0,1.0,0.0
12,50,9.07065039894387,9.473225322282923,1.0,0.0,1.0,0.0,1.0,0.0
13,50,4.452966200028795,12.0,1.0,1.0,0.0,0.0,0.0,0.0
14,50,12.0,2.874121221137348,0.0,1.0,0.0,0.0,0.0,0.0
15,50,2.039055444172372,3.4864967943788288,1.0,1.0,0.0,1.0,1.0,1.0
16,50,0.5035557533452218,7.289330668827806,1.0,1.0,0.0,0.0,0.0,0.0
17,50,0.5990558501497701,10.46166981628967,0.0,1.0,1.0,1.0,1.0,0.0
18,50,4.423364228891335,6.479590186689228,0.0,0.0,0.0,1.0,0.0,0.0
19,50,10.569612971169898,2.1591092189871417,0.0,0.0,1.0,1.0,1.0,0.0
20,50,0.1156491297016832,5.817955454547019,0.0,1.0,0.0,0.0,0.0,1.0
21,50,4.796188397146439,11.819541224737105,0.0,0.0,0.0,0.0,0.0,0.0
22,50,8.01315553169024,7.925940427212066,1.0,0.0,1.0,0.0,1.0,0.0
23,50,10.382843947003112,11.804146867885924,1.0,1.0,0.0,1.0,0.0,0.0
24,50,9.197687649837508,0.746227080760943,1.0,1.0,1.0,0.0,1.0,0.0
25,50,1.9247193698245948,10.631626466025311,1.0,0.0,0.0,0.0,0.0,0.0
26,50,6.268846112677592,1.8396578092941227,0.0,0.0,0.0,1.0,1.0,1.0
27,50,10.221618165034275,5.152328859917379,0.0,1.0,1.0,1.0,1.0,0.0
28,50,5.292527698374846,0.1150349821391621,0.0,1.0,0.0,1.0,1.0,0.0
29,50,6.793220912241067,2.8977464048024784,0.0,1.0,1.0,0.0,1.0,1.0
30,50,8.382838029480151,5.524111866117439,0.0,0.0,1.0,0.0,0.0,0.0
31,50,11.340704630322222,7.954946652633545,0.0,1.0,1.0,1.0,1.0,0.0
32,50,2.511786792299328,5.101156860679764,1.0,0.0,1.0,1.0,1.0,0.0
33,50,8.909778671318296,12.0,0.0,0.0,1.0,0.0,1.0,0.0
34,50,2.552513788774928,1.908912550204143,1.0,0.0,0.0,0.0,0.0,0.0
35,50,10.019162531748965,11.192128420157012,1.0,0.0,0.0,1.0,1.0,1.0
36,50,0.0,10.163999963754744,0.0,0.0,0.0,1.0,0.0,1.0
37,50,12.0,1.574428212661544,0.0,1.0,1.0,1.0,0.0,0.0
38,50,0.9638399020570512,9.118647838122229,0.0,0.0,1.0,0.0,1.0,1.0
39,50,0.2832460609054041,7.025753531408475,0.0,1.0,1.0,0.0,1.0,1.0
0,55,8.536556552894456,0.0,0.0,0.0,0.0,0.0,0.0,0.0
1,55,3.89271087018558,4.911568934793386,0.0,0.0,0.0,0.0,0.0,0.0
2,55,8.369866156841892,6.996897749980567,1.0,0.0,0.0,1.0,1.0,0.0
3,55,9.777154780301558,1.6064033262981627,0.0,0.0,0.0,1.0,1.0,0.0
4,55,0.2052964402297852,8.879463449113176,0.0,0.0,0.0,0.0,0.0,0.0
5,55,7.55683307753207,3.606020681327276,1.0,0.0,0.0,1.0,1.0,0.0
6,55,9.465366268204017,1.1759662466190708,0.0,1.0,0.0,1.0,0.0,1.0
7,55,8.381327405743535,5.870754360794185,0.0,0.0,1.0,1.0,0.0,0.0
8,55,11.476941186458385,1.2799756690612794,1.0,0.0,1.0,0.0,0.0,0.0
9,55,5.82073750792004,1.114211326627092,1.0,0.0,0.0,0.0,1.0,0.0
10,55,2.7198917182338302,4.16694751465748,0.0,0.0,1.0,0.0,0.0,0.0
11,55,10.936874363170194,1.2417513321776077,1.0,1.0,1.0,1.0,1.0,0.0
12,55,9.0733119711769,9.44848034163392,1.0,0.0,1.0,0.0,1.0,0.0
13,55,4.381051714221383,12.0,1.0,1.0,0.0,0.0,0.0,0.0
14,55,12.0,2.761189222941842,0.0,1.0,0.0,0.0,0.0,0.0
15,55,2.031856539012483,3.496901274517334,1.0,1.0,0.0,1.0,1.0,1.0
16,55,0.5481642341796747,7.228106797697895,1.0,1.0,0.0,0.0,0.0,0.0
17,55,0.5671281728283187,10.496988887377858,0.0,1.0,1.0,1.0,1.0,0.0
18,55,4.377032056786091,6.439841884410263,0.0,0.0,0.0,1.0,0.0,0.0
19,55,10.596154075557996,2.1671464129203057,0.0,0.0,1.0,1.0,1.0,0.0
20,55,0.1082215096313874,5.830967925134135,0.0,1.0,0.0,0.0,0.0,1.0
21,55,4.772570698657165,11.905572713137504,0.0,0.0,0.0,0.0,0.0,0.0
22,55,8.017471257108065,7.892263788978608,1.0,0.0,1.0,0.0,1.0,0.0
23,55,10.333501737775702,11.784150164100897,1.0,1.0,0.0,1.0,0.0,0.0
24,55,9.22502351620287,0.7115165768501991,1.0,1.0,1.0,0.0,1.0,0.0
25,55,1.918198668653906,10.6039149897336,1.0,0.0,0.0,0.0,0.0,0.0
26,55,6.254264224653466,1.8487367191367852,0.0,0.0,0.0,1.0,1.0,1.0
27,55,10.19601298151567,5.13369322073961,0.0,1.0,1.0,1.0,1.0,0.0
28,55,5.230931341535411,0.122483847824541,0.0,1.0,0.0,1.0,1.0,0.0
29,55,6.7673881737595725,2.98309385582125,0.0,1.0,1.0,0.0,1.0,1.0
30,55,8.38928277199218,5.532030511961639,0.0,0.0,1.0,0.0,0.0,0.0
31,55,11.3468352615821,7.953264854017206,0.0,1.0,1.0,1.0,1.0,0.0
32,55,2.4462367081526755,4.980775205877246,1.0,0.0,1.0,1.0,1.0,0.0
33,55,8.893428441882884,12.0,0.0,0.0,1.0,0.0,1.0,0.0
34,55,2.508827566514274,1.9864322376067545,1.0,0.0,0.0,0.0,0.0,0.0
35,55,10.017745120707266,11.10321204300063,1.0,0.0,0.0,1.0,1.0,1.0
36,55,0.0,10.195135916104269,0.0,0.0,0.0,1.0,0.0,1.0
37,55,12.0,1.5385012760500718,0.0,1.0,1.0,1.0,0.0,0.0
38,55,0.9606069047968682,9.133296153678089,0.0,0.0,1.0,0.0,1.0,1.0
39,55,0.287898571379606,7.026131336874021,0.0,1.0,1.0,0.0,1.0,1.0
0,60,8.585180496703684,0.0,0.0,0.0,0.0,0.0,0.0,0.0
1,60,3.7905036027672927,4.905971119267641,0.0,0.0,0.0,0.0,0.0,0.0
2,60,8.405073273878678,6.8958504016967686,1.0,0.0,0.0,1.0,1.0,0.0
3,60,9.829900742500072,1.64583502079277,0.0,0.0,0.0,1.0,1.0,0.0
4,60,0.219931892902363,8.937292936851614,0.0,0.0,0.0,0.0,0.0,0.0
5,60,7.596041519421442,3.581134455829677,1.0,0.0,0.0,1.0,1.0,0.0
6,60,9.47635720019994,1.2157797103066708,0.0,1.0,0.0,1.0,0.0,1.0
7,60,8.378883574661526,5.871508259094144,0.0,0.0,1.0,1.0,0.0,0.0
8,60,11.51284125457298,1.23622656393861,1.0,0.0,1.0,0.0,0.0,0.0
9,60,5.891197169083411,1.0350283082489338,1.0,0.0,0.0,0.0,1.0,0.0
10,60,2.7506626415332027,4.174695063476297,0.0,0.0,1.0,0.0,0.0,0.0
11,60,11.052151460683698,1.1618644940664231,1.0,1.0,1.0,1.0,1.0,0.0
12,60,9.072600306062231,9.45715968575491,1.0,0.0,1.0,0.0,1.0,0.0
13,60,4.3121354400043375,12.0,1.0,1.0,0.0,0.0,0.0,0.0
14,60,12.0,2.6423158453309714,0.0,1.0,0.0,0.0,0.0,0.0
15,60,2.0166068859109774,3.5185006724867733,1.0,1.0,0.0,1.0,1.0,1.0
16,60,0.6077304783620796,7.1448596787912,1.0,1.0,0.0,0.0,0.0,0.0
17,60,0.5405259780248164,10.525905914167268,0.0,1.0,1.0,1.0,1.0,0.0
18,60,4.35042264001219,6.415965483085087,0.0,0.0,0.0,1.0,0.0,0.0
19,60,10.623329341921767,2.1752922226875184,0.0,0.0,1.0,1.0,1.0,0.0
20,60,0.0989672078687218,5.846776605297031,0.0,1.0,0.0,0.0,0.0,1.0
21,60,4.73769095569538,12.0,0.0,0.0,0.0,0.0,0.0,0.0
22,60,8.021872260369387,7.858465480089259,1.0,0.0,1.0,0.0,1.0,0.0
23,60,10.289589701437835,11.76624058918414,1.0,1.0,0.0,1.0,0.0,0.0
24,60,9.251028373418023,0.6786540623480856,1.0,1.0,1.0,0.0,1.0,0.0
25,60,1.9059625234748776,10.55020860071884,1.0,0.0,0.0,0.0,0.0,0.0
26,60,6.239558006514721,1.8576309818200092,0.0,0.0,0.0,1.0,1.0,1.0
27,60,10.17089200798673,5.115671108535089,0.0,1.0,1.0,1.0,1.0,0.0
28,60,5.147824602015482,0.1319790921009996,0.0,1.0,0.0,1.0,1.0,0.0
29,60,6.738277490217893,3.084611483490405,0.0,1.0,1.0,0.0,1.0,1.0
30,60,8.388612619757575,5.531180889901611,0.0,0.0,1.0,0.0,0.0,0.0
31,60,11.335758702259362,7.956065332141103,0.0,1.0,1.0,1.0,1.0,0.0
32,60,2.3827079869093275,4.864718751413179,1.0,0.0,1.0,1.0,1.0,0.0
33,60,8.873418636680114,12.0,0.0,0.0,1.0,0.0,1.0,0.0
34,60,2.565089849097933,2.019999216669035,1.0,0.0,0.0,0.0,0.0,0.0
35,60,10.01544077034252,11.006020307055024,1.0,0.0,0.0,1.0,1.0,1.0
36,60,0.0,10.219949443394912,0.0,0.0,0.0,1.0,0.0,1.0
37,60,12.0,1.5012350682511548,0.0,1.0,1.0,1.0,0.0,0.0
38,60,0.9505999323322604,9.176898979261397,0.0,0.0,1.0,0.0,1.0,1.0
39,60,0.2966864224986509,7.026992339062817,0.0,1.0,1.0,0.0,1.0,1.0
0,65,8.638710671845514,0.0,0.0,0.0,0.0,0.0,0.0,0.0
1,65,3.701483442812402,4.902318901290204,0.0,0.0,0.0,0.0,0.0,0.0
2,65,8.437142929493088,6.795256886086139,1.0,0.0,0.0,1.0,1.0,0.0
3,65,9.879432519159598,1.6839269063480689,0.0,0.0,0.0,1.0,1.0,0.0
4,65,0.2331443610366817,8.997408638010306,0.0,0.0,0.0,0.0,0.0,0.0
5,65,7.631130523562295,3.5579341601144137,1.0,0.0,0.0,1.0,1.0,0.0
6,65,9.490334882422731,1.2659678999324395,0.0,1.0,0.0,1.0,0.0,1.0
7,65,8.383513606840587,5.869998213006688,0.0,0.0,1.0,1.0,0.0,0.0
8,65,11.560071788987242,1.178282269440455,1.0,0.0,1.0,0.0,0.0,0.0
9,65,5.968302858025403,0.9459176980270874,1.0,0.0,0.0,0.0,1.0,0.0
10,65,2.75871116392764,4.176680561540902,0.0,0.0,1.0,0.0,0.0,0.0
11,65,11.170833991185685,1.0802590469947115,1.0,1.0,1.0,1.0,1.0,0.0
12,65,9.073048947472175,9.452327846996658,1.0,0.0,1.0,0.0,1.0,0.0
13,65,4.259520365286288,12.0,1.0,1.0,0.0,0.0,0.0,0.0
14,65,12.0,2.5241057058784606,0.0,1.0,0.0,0.0,0.0,0.0
15,65,1.9882343787133396,3.5589340940161858,1.0,1.0,0.0,1.0,1.0,1.0
16,65,0.660094294359644,7.0705870010119165,1.0,1.0,0.0,0.0,0.0,0.0
17,65,0.5169371113993382,10.552287097549309,0.0,1.0,1.0,1.0,1.0,0.0
18,65,4.314949682959724,6.382902474760242,0.0,0.0,0.0,1.0,0.0,0.0
19,65,10.65258045023109,2.183659181799122,0.0,0.0,1.0,1.0,1.0,0.0
20,65,0.0914911983126292,5.860004363394508,0.0,1.0,0.0,0.0,0.0,1.0
21,65,4.706503282877447,12.0,0.0,0.0,0.0,0.0,0.0,0.0
22,65,8.024282306660044,7.837092202412999,1.0,0.0,1.0,0.0,1.0,0.0
23,65,10.236280811650008,11.745428622910104,1.0,1.0,0.0,1.0,0.0,0.0
24,65,9.28342318255154,0.6401720920092636,1.0,1.0,1.0,0.0,1.0,0.0
25,65,1.8954570787118288,10.50091710054022,1.0,0.0,0.0,0.0,0.0,0.0
26,65,6.237743822280402,1.858717968238184,0.0,0.0,0.0,1.0,1.0,1.0
27,65,10.15272492762311,5.102910945538677,0.0,1.0,1.0,1.0,1.0,0.0
28,65,5.063693488209905,0.1429466335075142,0.0,1.0,0.0,1.0,1.0,0.0
29,65,6.703814094251617,3.1941415512867426,0.0,1.0,1.0,0.0,1.0,1.0
30,65,8.398429022841695,5.543526334176268,0.0,0.0,1.0,0.0,0.0,0.0
31,65,11.322686262093082,7.959486946730983,0.0,1.0,1.0,1.0,1.0,0.0
32,65,2.308035032774757,4.735052369281654,1.0,0.0,1.0,1.0,1.0,0.0
33,65,8.86016774326535,12.0,0.0,0.0,1.0,0.0,1.0,0.0
34,65,2.6306610493596443,2.0589346657779077,1.0,0.0,0.0,0.0,0.0,0.0
35,65,10.008632863693729,10.899243792448916,1.0,0.0,0.0,1.0,1.0,1.0
36,65,0.0,10.241910085299295,0.0,0.0,0.0,1.0,0.0,1.0
37,65,12.0,1.4696669381348035,0.0,1.0,1.0,1.0,0.0,0.0
38,65,0.9405882987441576,9.221998868651928,0.0,0.0,1.0,0.0,1.0,1.0
39,65,0.3186064903274321,7.029837965814527,0.0,1.0,1.0,0.0,1.0,1.0
0,70,8.692971338122174,0.0,0.0,0.0,0.0,0.0,0.0,0.0
1,70,3.607381286293435,4.897486719434347,0.0,0.0,0.0,0.0,0.0,0.0
2,70,8.461963587376914,6.712919820297695,1.0,0.0,0.0,1.0,1.0,0.0
3,70,9.920785439597063,1.714988690499783,0.0,0.0,0.0,1.0,1.0,0.0
4,70,0.2467654378407653,9.056881219915796,0.0,0.0,0.0,0.0,0.0,0.0
5,70,7.65806992452429,3.539337188573955,1.0,0.0,0.0,1.0,1.0,0.0
6,70,9.508400899861927,1.3227037695797328,0.0,1.0,0.0,1.0,0.0,1.0
7,70,8.400960335558212,5.86438317432646,0.0,0.0,1.0,1.0,0.0,0.0
8,70,11.605066505712529,1.1205215802064377,1.0,0.0,1.0,0.0,0.0,0.0
9,70,6.058366331302418,0.8425887380844284,1.0,0.0,0.0,0.0,1.0,0.0
10,70,2.769028844511425,4.178841260233002,0.0,0.0,1.0,0.0,0.0,0.0
11,70,11.283922165506096,1.0024827989007588,1.0,1.0,1.0,1.0,1.0,0.0
12,70,9.071020846246904,9.473169348102566,1.0,0.0,1.0,0.0,1.0,0.0
13,70,4.208079895387582,12.0,1.0,1.0,0.0,0.0,0.0,0.0
14,70,12.0,2.421403408916913,0.0,1.0,0.0,0.0,0.0,0.0
15,70,1.9722513425694317,3.582075984906418,1.0,1.0,0.0,1.0,1.0,1.0
16,70,0.7076503367604247,7.002171908224144,1.0,1.0,0.0,0.0,0.0,0.0
17,70,0.491426567793331,10.58156297326302,0.0,1.0,1.0,1.0,1.0,0.0
18,70,4.282278648911719,6.353328943759827,0.0,0.0,0.0,1.0,0.0,0.0
19,70,10.670790301389646,2.189206147406463,0.0,0.0,1.0,1.0,1.0,0.0
20,70,0.0880391256223432,5.866563394169462,0.0,1.0,0.0,0.0,0.0,1.0
21,70,4.684933758280555,12.0,0.0,0.0,0.0,0.0,0.0,0.0
22,70,8.02633122380884,7.8173055129677635,1.0,0.0,1.0,0.0,1.0,0.0
23,70,10.199441016672433,11.731745894308972,1.0,1.0,0.0,1.0,0.0,0.0
24,70,9.307854306561127,0.6106044785180712,1.0,1.0,1.0,0.0,1.0,0.0
25,70,1.8842936073713323,10.446768307558756,1.0,0.0,0.0,0.0,0.0,0.0
26,70,6.213799112428349,1.87276677932264,0.0,0.0,0.0,1.0,1.0,1.0
27,70,10.133935625904426,5.089980200102329,0.0,1.0,1.0,1.0,1.0,0.0
28,70,5.004110988764599,0.1511299559214379,0.0,1.0,0.0,1.0,1.0,0.0
29,70,6.66659797828808,3.32625637413949,0.0,1.0,1.0,0.0,1.0,1.0
30,70,8.412611869672695,5.560551876457997,0.0,0.0,1.0,0.0,0.0,0.0
31,70,11.30345481808312,7.964659038737712,0.0,1.0,1.0,1.0,1.0,0.0
32,70,2.2344510324912203,4.607001764821217,1.0,0.0,1.0,1.0,1.0,0.0
33,70,8.842929470731455,12.0,0.0,0.0,1.0,0.0,1.0,0.0
34,70,2.703243794551999,2.1005620909983245,1.0,0.0,0.0,0.0,0.0,0.0
35,70,9.999706265043272,10.801645115050428,1.0,0.0,0.0,1.0,1.0,1.0
36,70,0.0,10.25750180993272,0.0,0.0,0.0,1.0,0.0,1.0
37,70,12.0,1.43799442108292,0.0,1.0,1.0,1.0,0.0,0.0
38,70,0.928894812676887,9.268779796899963,0.0,0.0,1.0,0.0,1.0,1.0
39,70,0.3546587724546808,7.033234963879561,0.0,1.0,1.0,0.0,1.0,1.0
0,75,8.743533443063775,0.0,0.0,0.0,0.0,0.0,0.0,0.0
1,75,3.5267797185886254,4.89320089947458,0.0,0.0,0.0,0.0,0.0,0.0
2,75,8.482912141537723,6.642256801067392,1.0,0.0,0.0,1.0,1.0,0.0
3,75,9.966325085622447,1.75138676651243,0.0,0.0,0.0,1.0,1.0,0.0
4,75,0.2578067199731502,9.11799372757226,0.0,0.0,0.0,0.0,0.0,0.0
5,75,7.682264256273372,3.521178647459176,1.0,0.0,0.0,1.0,1.0,0.0
6,75,9.52857129500036,1.3851732742768286,0.0,1.0,0.0,1.0,0.0,1.0
7,75,8.406032645240922,5.862796619149171,0.0,0.0,1.0,1.0,0.0,0.0
8,75,11.656367983087408,1.0559514532810987,1.0,0.0,1.0,0.0,0.0,0.0
9,75,6.144569342073902,0.7429935400874834,1.0,0.0,0.0,0.0,1.0,0.0
10,75,2.762886538578579,4.177488464454301,0.0,0.0,1.0,0.0,0.0,0.0
11,75,11.386887241224183,0.93066574413833,1.0,1.0,1.0,1.0,1.0,0.0
12,75,9.07126593190588,9.470218435564323,1.0,0.0,1.0,0.0,1.0,0.0
13,75,4.152705193386172,12.0,1.0,1.0,0.0,0.0,0.0,0.0
14,75,12.0,2.322252457425946,0.0,1.0,0.0,0.0,0.0,0.0
15,75,1.9579864174728143,3.6023674137668986,1.0,1.0,0.0,1.0,1.0,1.0
16,75,0.7547485008889808,6.930000319425799,1.0,1.0,0.0,0.0,0.0,0.0
17,75,0.4688204724638325,10.606160918714494,0.0,1.0,1.0,1.0,1.0,0.0
18,75,4.239695480684943,6.314967904243646,0.0,0.0,0.0,1.0,0.0,0.0
19,75,10.651251374442866,2.1829250640734874,0.0,0.0,1.0,1.0,1.0,0.0
20,75,0.0820872434473556,5.878306011976204,0.0,1.0,0.0,0.0,0.0,1.0
21,75,4.669475650110746,12.0,0.0,0.0,0.0,0.0,0.0,0.0
22,75,8.028468201191345,7.795189059015628,1.0,0.0,1.0,0.0,1.0,0.0
23,75,10.173825880836448,11.722311915597473,1.0,1.0,0.0,1.0,0.0,0.0
24,75,9.34476829899809,0.5649344981838589,1.0,1.0,1.0,0.0,1.0,0.0
25,75,1.877473892719139,10.414341911322422,1.0,0.0,0.0,0.0,0.0,0.0
26,75,6.17878214915883,1.892588538917008,0.0,0.0,0.0,1.0,1.0,1.0
27,75,10.104264294451314,5.0681366808426445,0.0,1.0,1.0,1.0,1.0,0.0
28,75,4.962871653337586,0.1568872947605689,0.0,1.0,0.0,1.0,1.0,0.0
29,75,6.620698563630291,3.4745364109427213,0.0,1.0,1.0,0.0,1.0,1.0
30,75,8.452092702428358,5.527592062132264,0.0,0.0,1.0,0.0,0.0,0.0
31,75,11.279760001115545,7.971039408988852,0.0,1.0,1.0,1.0,1.0,0.0
32,75,2.161890330688899,4.480767673922253,1.0,0.0,1.0,1.0,1.0,0.0
33,75,8.826994217203792,12.0,0.0,0.0,1.0,0.0,1.0,0.0
34,75,2.7998212051345988,2.157511249681931,1.0,0.0,0.0,0.0,0.0,0.0
35,75,9.988620624080989,10.688476233838204,1.0,0.0,0.0,1.0,1.0,1.0
36,75,0.0,10.274207542900704,0.0,0.0,0.0,1.0,0.0,1.0
37,75,12.0,1.3956593287409869,0.0,1.0,1.0,1.0,0.0,0.0
38,75,0.9190076076092816,9.312723614272226,0.0,0.0,1.0,0.0,1.0,1.0
39,75,0.4024066942803114,7.036888144829822,0.0,1.0,1.0,0.0,1.0,1.0
0,80,8.793130705525078,0.0,0.0,0.0,0.0,0.0,0.0,0.0
1,80,3.467861638415473,4.887281108843604,0.0,0.0,0.0,0.0,0.0,0.0
2,80,8.505171976201057,6.570820874795047,1.0,0.0,0.0,1.0,1.0,0.0
3,80,10.00147534356274,1.7804673339310453,0.0,0.0,0.0,1.0,1.0,0.0
4,80,0.2689658485572968,9.186330518565706,0.0,0.0,0.0,0.0,0.0,0.0
5,80,7.714602638157906,3.497054173588653,1.0,0.0,0.0,1.0,1.0,0.0
6,80,9.55347945326765,1.460041761949166,0.0,1.0,0.0,1.0,0.0,1.0
7,80,8.41447145230032,5.859868204808443,0.0,0.0,1.0,1.0,0.0,0.0
8,80,11.70352708364744,0.999626121729637,1.0,0.0,1.0,0.0,0.0,0.0
9,80,6.240613565469803,0.6361204393052591,1.0,0.0,0.0,0.0,1.0,0.0
10,80,2.749472215862413,4.1748218191241016,0.0,0.0,1.0,0.0,0.0,0.0
11,80,11.490001191038862,0.8584303116929967,1.0,1.0,1.0,1.0,1.0,0.0
12,80,9.07228779345986,9.456447477850242,1.0,0.0,1.0,0.0,1.0,0.0
13,80,4.097473778579594,12.0,1.0,1.0,0.0,0.0,0.0,0.0
14,80,12.0,2.222702827731532,0.0,1.0,0.0,0.0,0.0,0.0
15,80,1.923435366884283,3.5780593795193214,1.0,1.0,0.0,1.0,1.0,1.0
16,80,0.8057554966488272,6.849319439726319,1.0,1.0,0.0,0.0,0.0,0.0
17,80,0.5088417164812511,10.64271398393103,0.0,1.0,1.0,1.0,1.0,0.0
18,80,4.185247250525857,6.266207145448715,0.0,0.0,0.0,1.0,0.0,0.0
19,80,10.670325773649976,2.189190098102649,0.0,0.0,1.0,1.0,1.0,0.0
20,80,0.0836780895950729,5.875314180874815,0.0,1.0,0.0,0.0,0.0,1.0
21,80,4.652453324023317,12.0,0.0,0.0,0.0,0.0,0.0,0.0
22,80,8.030405989698144,7.775009866205062,1.0,0.0,1.0,0.0,1.0,0.0
23,80,10.146923378625212,11.712903129260322,1.0,1.0,0.0,1.0,0.0,0.0
24,80,9.404084405510025,0.6134359780075721,1.0,1.0,1.0,0.0,1.0,0.0
25,80,1.875783171553592,10.407027126488614,1.0,0.0,0.0,0.0,0.0,0.0
26,80,6.130070075008506,1.9212612726899052,0.0,0.0,0.0,1.0,1.0,1.0
27,80,10.078576522228524,5.049665413020756,0.0,1.0,1.0,1.0,1.0,0.0
28,80,4.919589444979912,0.1633806771273075,0.0,1.0,0.0,1.0,1.0,0.0
29,80,6.571202087608362,3.6380791484409896,0.0,1.0,1.0,0.0,1.0,1.0
30,80,8.482286406827862,5.502362152450647,0.0,0.0,1.0,0.0,0.0,0.0
31,80,11.250545798396471,7.979746196510381,0.0,1.0,1.0,1.0,1.0,0.0
32,80,2.096438724883145,4.372335849528589,1.0,0.0,1.0,1.0,1.0,0.0
33,80,8.802825991332655,12.0,0.0,0.0,1.0,0.0,1.0,0.0
34,80,2.8990355930032403,2.219767824331612,1.0,0.0,0.0,0.0,0.0,0.0
35,80,9.981964612082356,10.574597939165493,1.0,0.0,0.0,1.0,1.0,1.0
36,80,0.0,10.286348810716666,0.0,0.0,0.0,1.0,0.0,1.0
37,80,12.0,1.336716647347859,0.0,1.0,1.0,1.0,0.0,0.0
38,80,0.9162666918229674,9.325199608365097,0.0,0.0,1.0,0.0,1.0,1.0
39,80,0.4247929823020966,7.039232783701843,0.0,1.0,1.0,0.0,1.0,1.0
0,85,8.836905459015723,0.0,0.0,0.0,0.0,0.0,0.0,0.0
1,85,3.3877389302869787,4.879371193125462,0.0,0.0,0.0,0.0,0.0,0.0
2,85,8.526101919109562,6.503060018871143,1.0,0.0,0.0,1.0,1.0,0.0
3,85,10.031452992188282,1.805385253397068,0.0,0.0,0.0,1.0,1.0,0.0
4,85,0.2831546785725893,9.263687830896382,0.0,0.0,0.0,0.0,0.0,0.0
5,85,7.753498232183724,3.466930218394517,1.0,0.0,0.0,1.0,1.0,0.0
6,85,9.578242413283355,1.528004700141413,0.0,1.0,0.0,1.0,0.0,1.0
7,85,8.451501526874255,5.847725354364915,0.0,0.0,1.0,1.0,0.0,0.0
8,85,11.741251479069083,0.9531983104071056,1.0,0.0,1.0,0.0,0.0,0.0
9,85,6.345126520453646,0.5263489194045714,1.0,0.0,0.0,0.0,1.0,0.0
10,85,2.74813544193426,4.180694047655434,0.0,0.0,1.0,0.0,0.0,0.0
11,85,11.582781674266329,0.790575906375255,1.0,1.0,1.0,1.0,1.0,0.0
12,85,9.072444686033142,9.4520533825567,1.0,0.0,1.0,0.0,1.0,0.0
13,85,4.034391112984752,12.0,1.0,1.0,0.0,0.0,0.0,0.0
14,85,12.0,2.1267368778270965,0.0,1.0,0.0,0.0,0.0,0.0
15,85,1.8965035516358348,3.55849777431561,1.0,1.0,0.0,1.0,1.0,1.0
16,85,0.8560739141388771,6.771589266329064,1.0,1.0,0.0,0.0,0.0,0.0
17,85,0.547968044770894,10.679351764759142,0.0,1.0,1.0,1.0,1.0,0.0
18,85,4.123068367914877,6.206665682416806,0.0,0.0,0.0,1.0,0.0,0.0
19,85,10.670219137636217,2.1891561566579365,0.0,0.0,1.0,1.0,1.0,0.0
20,85,0.0922117128609484,5.859496069073169,0.0,1.0,0.0,0.0,0.0,1.0
21,85,4.642917426451415,12.0,0.0,0.0,0.0,0.0,0.0,0.0
22,85,8.041798487424323,7.776103822425574,1.0,0.0,1.0,0.0,1.0,0.0
23,85,10.144171194928957,11.711919163443827,1.0,1.0,0.0,1.0,0.0,0.0
24,85,9.451490671726615,0.6507709729320795,1.0,1.0,1.0,0.0,1.0,0.0
25,85,1.8692866421767944,10.377604671791469,1.0,0.0,0.0,0.0,0.0,0.0
26,85,6.086024212327686,1.946928893989996,0.0,0.0,0.0,1.0,1.0,1.0
27,85,10.063003665029363,5.037956724842619,0.0,1.0,1.0,1.0,1.0,0.0
28,85,4.885906849613327,0.1691629710720139,0.0,1.0,0.0,1.0,1.0,0.0
29,85,6.523247523149731,3.796578716066939,0.0,1.0,1.0,0.0,1.0,1.0
30,85,8.517751387887484,5.473035754338946,0.0,0.0,1.0,0.0,0.0,0.0
31,85,11.200352900075425,7.994076389010194,0.0,1.0,1.0,1.0,1.0,0.0
32,85,2.0300709088083675,4.2667059817529385,1.0,0.0,1.0,1.0,1.0,0.0
33,85,8.783567994224347,12.0,0.0,0.0,1.0,0.0,1.0,0.0
34,85,2.9986519375701044,2.2839072044926576,1.0,0.0,0.0,0.0,0.0,0.0
35,85,9.974197567236232,10.463728167216772,1.0,0.0,0.0,1.0,1.0,1.0
36,85,0.0,10.290712724424084,0.0,0.0,0.0,1.0,0.0,1.0
37,85,12.0,1.281045991963394,0.0,1.0,1.0,1.0,0.0,0.0
38,85,0.9119793840623222,9.34541306393738,0.0,0.0,1.0,0.0,1.0,1.0
39,85,0.4701784201664136,7.041323088963784,0.0,1.0,1.0,0.0,1.0,1.0
0,90,8.885629323181353,0.0,0.0,0.0,0.0,0.0,0.0,0.0
1,90,3.3050935783769244,4.870857076259274,0.0,0.0,0.0,0.0,0.0,0.0
2,90,8.553677444082876,6.412297004787773,1.0,0.0,0.0,1.0,1.0,0.0
3,90,10.074083191058286,1.841742302400908,0.0,0.0,0.0,1.0,1.0,0.0
4,90,0.3003485315485246,9.345577682282087,0.0,0.0,0.0,0.0,0.0,0.0
5,90,7.787360860072769,3.439811723132935,1.0,0.0,0.0,1.0,1.0,0.0
6,90,9.597768714194762,1.5859382942497846,0.0,1.0,0.0,1.0,0.0,1.0
7,90,8.49376810020404,5.833609895810403,0.0,0.0,1.0,1.0,0.0,0.0
8,90,11.7700747561832,0.9165049026454144,1.0,0.0,1.0,0.0,0.0,0.0
9,90,6.443856151471945,0.4204863006586863,1.0,0.0,0.0,0.0,1.0,0.0
10,90,2.7464232150423618,4.188585410016982,0.0,0.0,1.0,0.0,0.0,0.0
11,90,11.677318667947786,0.7223448747134247,1.0,1.0,1.0,1.0,1.0,0.0
12,90,9.071945479124553,9.461269227326884,1.0,0.0,1.0,0.0,1.0,0.0
13,90,3.9740507541430254,12.0,1.0,1.0,0.0,0.0,0.0,0.0
14,90,12.0,2.0385028622963,0.0,1.0,0.0,0.0,0.0,0.0
15,90,1.8751964801975325,3.5411961707592337,1.0,1.0,0.0,1.0,1.0,1.0
16,90,0.921993677960625,6.6711370553082325,1.0,1.0,0.0,0.0,0.0,0.0
17,90,0.5880905663681308,10.716349544523291,0.0,1.0,1.0,1.0,1.0,0.0
18,90,4.06802916584841,6.155665635376349,0.0,0.0,0.0,1.0,0.0,0.0
19,90,10.661652693908104,2.186486177316413,0.0,0.0,1.0,1.0,1.0,0.0
20,90,0.097445445535214,5.850054809428992,0.0,1.0,0.0,0.0,0.0,1.0
21,90,4.631796713174927,12.0,0.0,0.0,0.0,0.0,0.0,0.0
22,90,8.056353614956535,7.777545658955116,1.0,0.0,1.0,0.0,1.0,0.0
23,90,10.137513878471085,11.70957441361248,1.0,1.0,0.0,1.0,0.0,0.0
24,90,9.496482920140268,0.685222959069146,1.0,1.0,1.0,0.0,1.0,0.0
25,90,1.8623889311355173,10.349470331113505,1.0,0.0,0.0,0.0,0.0,0.0
26,90,6.04059268726329,1.9740077075178315,0.0,0.0,0.0,1.0,1.0,1.0
27,90,10.062462662216888,5.037554799373916,0.0,1.0,1.0,1.0,1.0,0.0
28,90,4.844451240176483,0.1766514186898969,0.0,1.0,0.0,1.0,1.0,0.0
29,90,6.472880447254443,3.969854965774429,0.0,1.0,1.0,0.0,1.0,1.0
30,90,8.540877768177577,5.454886613487556,0.0,0.0,1.0,0.0,0.0,0.0
31,90,11.145562381233916,8.009889154246306,0.0,1.0,1.0,1.0,1.0,0.0
32,90,1.9734179850325395,4.177310782717957,1.0,0.0,1.0,1.0,1.0,0.0
33,90,8.763352533375977,12.0,0.0,0.0,1.0,0.0,1.0,0.0
34,90,3.0858006135258305,2.3430852802489865,1.0,0.0,0.0,0.0,0.0,0.0
35,90,9.967507813416074,10.356808945485431,1.0,0.0,0.0,1.0,1.0,1.0
36,90,0.0,10.291550407348362,0.0,0.0,0.0,1.0,0.0,1.0
37,90,12.0,1.2200876573689985,0.0,1.0,1.0,1.0,0.0,0.0
38,90,0.9094904086236608,9.359203172825351,0.0,0.0,1.0,0.0,1.0,1.0
39,90,0.4867671686075229,7.041606688738296,0.0,1.0,1.0,0.0,1.0,1.0
0,95,8.937727797755242,0.0,0.0,0.0,0.0,0.0,0.0,0.0
1,95,3.2063444470688,4.860131507453053,0.0,0.0,0.0,0.0,0.0,0.0
2,95,8.579416314916697,6.323690765124199,1.0,0.0,0.0,1.0,1.0,0.0
3,95,10.098198496459627,1.8627816491657527,0.0,0.0,0.0,1.0,1.0,0.0
4,95,0.3159232879889408,9.42008953537609,0.0,0.0,0.0,0.0,0.0,0.0
5,95,7.842809819930791,3.3953346686861754,1.0,0.0,0.0,1.0,1.0,0.0
6,95,9.613614484619784,1.6342776545262596,0.0,1.0,0.0,1.0,0.0,1.0
7,95,8.550731127375773,5.81450134821499,0.0,0.0,1.0,1.0,0.0,0.0
8,95,11.80542965456793,0.8713413682434128,1.0,0.0,1.0,0.0,0.0,0.0
9,95,6.536259103338557,0.3194763794620459,1.0,0.0,0.0,0.0,1.0,0.0
10,95,2.744675038290412,4.196475469981886,0.0,0.0,1.0,0.0,0.0,0.0
11,95,11.77352186197473,0.6598575334904874,1.0,1.0,1.0,1.0,1.0,0.0
12,95,9.070102009680024,9.492747646115433,1.0,0.0,1.0,0.0,1.0,0.0
13,95,3.910941926267172,12.0,1.0,1.0,0.0,0.0,0.0,0.0
14,95,12.0,1.9654055407516269,0.0,1.0,0.0,0.0,0.0,0.0
15,95,1.8608225285345168,3.528964301104402,1.0,1.0,0.0,1.0,1.0,1.0
16,95,0.9829420407630988,6.582732805438183,1.0,1.0,0.0,0.0,0.0,0.0
17,95,0.6250602328982966,10.748532830458275,0.0,1.0,1.0,1.0,1.0,0.0
18,95,4.005113911522695,6.09894609342408,0.0,0.0,0.0,1.0,0.0,0.0
19,95,10.637392739008554,2.1795456610484223,0.0,0.0,1.0,1.0,1.0,0.0
20,95,0.1045407744478716,5.837739411880408,0.0,1.0,0.0,0.0,0.0,1.0
21,95,4.621073633119805,12.0,0.0,0.0,0.0,0.0,0.0,0.0
22,95,8.087567069015076,7.781361207127256,1.0,0.0,1.0,0.0,1.0,0.0
23,95,10.136299602371714,11.709133598191253,1.0,1.0,0.0,1.0,0.0,0.0
24,95,9.525868376901476,0.7062891502982948,1.0,1.0,1.0,0.0,1.0,0.0
25,95,1.8554086478232543,10.318617831939362,1.0,0.0,0.0,0.0,0.0,0.0
26,95,6.018188464745744,1.9873147843325225,0.0,0.0,0.0,1.0,1.0,1.0
27,95,10.066710571230088,5.0403792609593365,0.0,1.0,1.0,1.0,1.0,0.0
28,95,4.795396745186318,0.1849318159392325,0.0,1.0,0.0,1.0,1.0,0.0
29,95,6.424424357365048,4.138516427280166,0.0,1.0,1.0,0.0,1.0,1.0
30,95,8.573367355585658,5.429102423290769,0.0,0.0,1.0,0.0,0.0,0.0
31,95,11.07433579138457,8.028141900440739,0.0,1.0,1.0,1.0,1.0,0.0
32,95,1.9116030807834925,4.078133255800957,1.0,0.0,1.0,1.0,1.0,0.0
33,95,8.734889817243507,12.0,0.0,0.0,1.0,0.0,1.0,0.0
34,95,3.171437343344089,2.400394244585763,1.0,0.0,0.0,0.0,0.0,0.0
35,95,9.961504476638796,10.260282499818494,1.0,0.0,0.0,1.0,1.0,1.0
36,95,0.0125830556142188,10.286262509142322,0.0,0.0,0.0,1.0,0.0,1.0
37,95,12.0,1.1745778155855484,0.0,1.0,1.0,1.0,0.0,0.0
38,95,0.9077597718254924,9.368997693029575,0.0,0.0,1.0,0.0,1.0,1.0
39,95,0.5124786089812307,7.041243775428512,0.0,1.0,1.0,0.0,1.0,1.0
0,100,8.987873723021753,0.0,0.0,0.0,0.0,0.0,0.0,0.0
1,100,3.1114345883321493,4.849153944022136,0.0,0.0,0.0,0.0,0.0,0.0
2,100,8.608915927589722,6.2182249691947975,1.0,0.0,0.0,1.0,1.0,0.0
3,100,10.12144752501766,1.8838397063976344,0.0,0.0,0.0,1.0,1.0,0.0
4,100,0.3335967822499131,9.502024777429694,0.0,0.0,0.0,0.0,0.0,0.0
5,100,7.905827912795326,3.3449151119876057,1.0,0.0,0.0,1.0,1.0,0.0
6,100,9.638215153338432,1.7123497609830385,0.0,1.0,0.0,1.0,0.0,1.0
7,100,8.62412023996382,5.789786909976821,0.0,0.0,1.0,1.0,0.0,0.0
8,100,11.83815001185742,0.8293874205890013,1.0,0.0,1.0,0.0,0.0,0.0
9,100,6.626851908679682,0.2233677145959053,1.0,0.0,0.0,0.0,1.0,0.0
10,100,2.7441332909860567,4.199079492383024,0.0,0.0,1.0,0.0,0.0,0.0
11,100,11.876050400345076,0.5955776517417435,1.0,1.0,1.0,1.0,1.0,0.0
12,100,9.068155093544512,9.52343222846879,1.0,0.0,1.0,0.0,1.0,0.0
13,100,3.854297988309866,12.0,1.0,1.0,0.0,0.0,0.0,0.0
14,100,12.0,1.9131311164769604,0.0,1.0,0.0,0.0,0.0,0.0
15,100,1.8343793553305552,3.5066776134720867,1.0,1.0,0.0,1.0,1.0,1.0
16,100,1.0413898087574978,6.494036405189068,1.0,1.0,0.0,0.0,0.0,0.0
17,100,0.660569247150384,10.778499455072192,0.0,1.0,1.0,1.0,1.0,0.0
18,100,3.939557972492752,6.03790221000986,0.0,0.0,0.0,1.0,0.0,0.0
19,100,10.640560891890592,2.1805003503781197,0.0,0.0,1.0,1.0,1.0,0.0
20,100,0.1157140978809912,5.817888981951134,0.0,1.0,0.0,0.0,0.0,1.0
21,100,4.608279726704604,12.0,0.0,0.0,0.0,0.0,0.0,0.0
22,100,8.122620971536179,7.78556807494841,1.0,0.0,1.0,0.0,1.0,0.0
23,100,10.146948865306475,11.712834670282628,1.0,1.0,0.0,1.0,0.0,0.0
24,100,9.579925245672833,0.7457292984030799,1.0,1.0,1.0,0.0,1.0,0.0
25,100,1.8464885369481487,10.284156961632132,1.0,0.0,0.0,0.0,0.0,0.0
26,100,5.996615107621002,1.9999272674075297,0.0,0.0,0.0,1.0,1.0,1.0
27,100,10.057924824455082,5.034580132320736,0.0,1.0,1.0,1.0,1.0,0.0
28,100,4.741217942581718,0.1931544378413328,0.0,1.0,0.0,1.0,1.0,0.0
29,100,6.374865667646934,4.30181527351392,0.0,1.0,1.0,0.0,1.0,1.0
30,100,8.604202655738094,5.4032739154077465,0.0,0.0,1.0,0.0,0.0,0.0
31,100,10.997529082258607,8.048745593749985,0.0,1.0,1.0,1.0,1.0,0.0
32,100,1.8548408225744777,3.9791828045010873,1.0,0.0,1.0,1.0,1.0,0.0
33,100,8.71409713078273,12.0,0.0,0.0,1.0,0.0,1.0,0.0
34,100,3.2514611892732512,2.4537264910860506,1.0,0.0,0.0,0.0,0.0,0.0
35,100,9.955911171525033,10.156279884193804,1.0,0.0,0.0,1.0,1.0,1.0
36,100,0.028529166303397,10.27962061199966,0.0,0.0,0.0,1.0,0.0,1.0
37,100,12.0,1.1470644673410688,0.0,1.0,1.0,1.0,0.0,0.0
38,100,0.9064044791605578,9.376359051584002,0.0,0.0,1.0,0.0,1.0,1.0
39,100,0.5443851673675327,7.040775087818473,0.0,1.0,1.0,0.0,1.0,1.0
0,105,9.03756211872213,0.0,0.0,0.0,0.0,0.0,0.0,0.0
1,105,3.015741436860212,4.837064194134295,0.0,0.0,0.0,0.0,0.0,0.0
2,105,8.638019727176047,6.1242666937660175,1.0,0.0,0.0,1.0,1.0,0.0
3,105,10.131665123711374,1.893144104828219,0.0,0.0,0.0,1.0,1.0,0.0
4,105,0.3458457428576853,9.566231046593542,0.0,0.0,0.0,0.0,0.0,0.0
5,105,7.964782191620895,3.29819483739314,1.0,0.0,0.0,1.0,1.0,0.0
6,105,9.65904304480957,1.779462446169609,0.0,1.0,0.0,1.0,0.0,1.0
7,105,8.706590473026466,5.761627556816357,0.0,0.0,1.0,1.0,0.0,0.0
8,105,11.870671134868324,0.7890273199628269,1.0,0.0,1.0,0.0,0.0,0.0
9,105,6.71283079916875,0.1363665271139811,1.0,0.0,0.0,0.0,1.0,0.0
10,105,2.744691534325165,4.196229983623304,0.0,0.0,1.0,0.0,0.0,0.0
11,105,11.967248409256875,0.5364801786066294,1.0,1.0,1.0,1.0,1.0,0.0
12,105,9.066760964444086,9.555121975820732,1.0,0.0,1.0,0.0,1.0,0.0
13,105,3.8034157613115616,12.0,1.0,1.0,0.0,0.0,0.0,0.0
14,105,12.0,1.8548617475217088,0.0,1.0,0.0,0.0,0.0,0.0
15,105,1.7959508906042658,3.474620477806153,1.0,1.0,0.0,1.0,1.0,1.0
16,105,1.1048879031513736,6.391743195746558,1.0,1.0,0.0,0.0,0.0,0.0
17,105,0.7110624499851823,10.822736405615052,0.0,1.0,1.0,1.0,1.0,0.0
18,105,3.886862036947129,5.9918283477886725,0.0,0.0,0.0,1.0,0.0,0.0
19,105,10.642772900038471,2.181134721573514,0.0,0.0,1.0,1.0,1.0,0.0
20,105,0.1342790229093081,5.7853548771504135,0.0,1.0,0.0,0.0,0.0,1.0
21,105,4.599519365643935,12.0,0.0,0.0,0.0,0.0,0.0,0.0
22,105,8.163805812324904,7.791621384476644,1.0,0.0,1.0,0.0,1.0,0.0
23,105,10.17114132166606,11.721002890224982,1.0,1.0,0.0,1.0,0.0,0.0
24,105,9.64347906063855,0.7947796310412982,1.0,1.0,1.0,0.0,1.0,0.0
25,105,1.8377133902769025,10.246604021747505,1.0,0.0,0.0,0.0,0.0,0.0
26,105,5.967053720236929,2.0169984009694537,0.0,0.0,0.0,1.0,1.0,1.0
27,105,10.063079845897404,5.037851121645401,0.0,1.0,1.0,1.0,1.0,0.0
28,105,4.7175943097319,0.1959115892535414,0.0,1.0,0.0,1.0,1.0,0.0
29,105,6.3317099578649385,4.4413995929419325,0.0,1.0,1.0,0.0,1.0,1.0
30,105,8.639177186646908,5.374920548311374,0.0,0.0,1.0,0.0,0.0,0.0
31,105,10.902602654690623,8.073871462563222,0.0,1.0,1.0,1.0,1.0,0.0
32,105,1.80301307598598,3.884897193931085,1.0,0.0,1.0,1.0,1.0,0.0
33,105,8.694454696728418,12.0,0.0,0.0,1.0,0.0,1.0,0.0
34,105,3.3264986671713754,2.5046541478240743,1.0,0.0,0.0,0.0,0.0,0.0
35,105,9.952507535324717,10.071815950857632,1.0,0.0,0.0,1.0,1.0,1.0
36,105,0.0432346130833396,10.273119900411269,0.0,0.0,0.0,1.0,0.0,1.0
37,105,12.0,1.1147650685654722,0.0,1.0,1.0,1.0,0.0,0.0
38,105,0.901345491076693,9.401344904735158,0.0,0.0,1.0,0.0,1.0,1.0
39,105,0.5837392987032639,7.040436574099399,0.0,1.0,1.0,0.0,1.0,1.0
0,110,9.089153643454209,0.0,0.0,0.0,0.0,0.0,0.0,0.0
1,110,2.8936683393809126,4.823261136038884,0.0,0.0,0.0,0.0,0.0,0.0
2,110,8.672673812208876,6.007512102425044,1.0,0.0,0.0,1.0,1.0,0.0
3,110,10.144154314298584,1.9042930340617117,0.0,0.0,0.0,1.0,1.0,0.0
4,110,0.3647716049092989,9.651688554342142,0.0,0.0,0.0,0.0,0.0,0.0
5,110,8.012193166522735,3.261257783397125,1.0,0.0,0.0,1.0,1.0,0.0
6,110,9.684846706566791,1.869460613776824,0.0,1.0,0.0,1.0,0.0,1.0
7,110,8.774158446620305,5.735855085315974,0.0,0.0,1.0,1.0,0.0,0.0
8,110,11.8153298568521,0.7455766861771109,1.0,0.0,1.0,0.0,0.0,0.0
9,110,6.796424747365008,0.0492899693779642,1.0,0.0,0.0,0.0,1.0,0.0
10,110,2.7439825859518807,4.199997493792157,0.0,0.0,1.0,0.0,0.0,0.0
11,110,12.0,0.4799690565813115,1.0,1.0,1.0,1.0,1.0,0.0
12,110,9.066370647293942,9.588564307651811,1.0,0.0,1.0,0.0,1.0,0.0
13,110,3.754266200520233,12.0,1.0,1.0,0.0,0.0,0.0,0.0
14,110,12.0,1.8139647381002848,0.0,1.0,0.0,0.0,0.0,0.0
15,110,1.770704524067509,3.453929835660775,1.0,1.0,0.0,1.0,1.0,1.0
16,110,1.1675657940901871,6.290440326773316,1.0,1.0,0.0,0.0,0.0,0.0
17,110,0.7538227404393747,10.859828303248754,0.0,1.0,1.0,1.0,1.0,0.0
18,110,3.829898825373035,5.943337006610076,0.0,0.0,0.0,1.0,0.0,0.0
19,110,10.642094980217776,2.18095016054264,0.0,0.0,1.0,1.0,1.0,0.0
20,110,0.149266650390359,5.759266424648237,0.0,1.0,0.0,0.0,0.0,1.0
21,110,4.588274152470844,12.0,0.0,0.0,0.0,0.0,0.0,0.0
22,110,8.229711709613106,7.801461660142969,1.0,0.0,1.0,0.0,1.0,0.0
23,110,10.210216305733866,11.73542575381543,1.0,1.0,0.0,1.0,0.0,0.0
24,110,9.690221659335156,0.8328655641553911,1.0,1.0,1.0,0.0,1.0,0.0
25,110,1.8250554045959964,10.195348717200842,1.0,0.0,0.0,0.0,0.0,0.0
26,110,5.945794151764246,2.029791314437393,0.0,0.0,0.0,1.0,1.0,1.0
27,110,10.057541840067325,5.034375415663907,0.0,1.0,1.0,1.0,1.0,0.0
28,110,4.69179375941169,0.1986147717647347,0.0,1.0,0.0,1.0,1.0,0.0
29,110,6.282342797381393,4.6006627170520975,0.0,1.0,1.0,0.0,1.0,1.0
30,110,8.672098898592232,5.348251370788131,0.0,0.0,1.0,0.0,0.0,0.0
31,110,10.809981181017964,8.099459366406927,0.0,1.0,1.0,1.0,1.0,0.0
32,110,1.7603519816705913,3.807837253748599,1.0,0.0,1.0,1.0,1.0,0.0
33,110,8.673538131696422,12.0,0.0,0.0,1.0,0.0,1.0,0.0
34,110,3.3892064353977656,2.548911812396441,1.0,0.0,0.0,0.0,0.0,0.0
35,110,9.94796359466323,10.000597121086404,1.0,0.0,0.0,1.0,1.0,1.0
36,110,0.0651530324140566,10.263765603308068,0.0,0.0,0.0,1.0,0.0,1.0
37,110,12.0,1.095308547617245,0.0,1.0,1.0,1.0,0.0,0.0
38,110,0.893703685897062,9.437835607682407,0.0,0.0,1.0,0.0,1.0,1.0
39,110,0.6302146222191716,7.042191402646749,0.0,1.0,1.0,0.0,1.0,1.0
0,115,9.14220901865806,0.0,0.0,0.0,0.0,0.0,0.0,0.0
1,115,2.7950895587318167,4.811115222576224,0.0,0.0,0.0,0.0,0.0,0.0
2,115,8.708074328208756,5.893267374943783,1.0,0.0,0.0,1.0,1.0,0.0
3,115,10.142859625299078,1.903220288253937,0.0,0.0,0.0,1.0,1.0,0.0
4,115,0.3815758205682954,9.724130626486266,0.0,0.0,0.0,0.0,0.0,0.0
5,115,8.073376399249886,3.213377862325387,1.0,0.0,0.0,1.0,1.0,0.0
6,115,9.714697975894016,1.97404479156499,0.0,1.0,0.0,1.0,0.0,1.0
7,115,8.84734581710161,5.704863715581261,0.0,0.0,1.0,1.0,0.0,0.0
8,115,11.759879614239292,0.7015813758333332,1.0,0.0,1.0,0.0,0.0,0.0
9,115,6.894104451098281,0.1379080682978747,1.0,0.0,0.0,0.0,1.0,0.0
10,115,2.746476171104306,4.184516457689737,0.0,0.0,1.0,0.0,0.0,0.0
11,115,12.0,0.4244079689000651,1.0,1.0,1.0,1.0,1.0,0.0
12,115,9.0669050194774,9.61049735876222,1.0,0.0,1.0,0.0,1.0,0.0
13,115,3.712860450396384,12.0,1.0,1.0,0.0,0.0,0.0,0.0
14,115,12.0,1.7686593952713126,0.0,1.0,0.0,0.0,0.0,0.0
15,115,1.7469528562373104,3.434274906102277,1.0,1.0,0.0,1.0,1.0,1.0
16,115,1.2480160305495254,6.167952290430015,1.0,1.0,0.0,0.0,0.0,0.0
17,115,0.807619170855981,10.90417016550484,0.0,1.0,1.0,1.0,1.0,0.0
18,115,3.7811010751015934,5.901531544795966,0.0,0.0,0.0,1.0,0.0,0.0
19,115,10.638034300075542,2.1797146647793637,0.0,0.0,1.0,1.0,1.0,0.0
20,115,0.1651857024575743,5.729621654635465,0.0,1.0,0.0,0.0,0.0,1.0
21,115,4.576887551453703,12.0,0.0,0.0,0.0,0.0,0.0,0.0
22,115,8.313907365417737,7.811890287509849,1.0,0.0,1.0,0.0,1.0,0.0
23,115,10.245089145162297,11.748507405262083,1.0,1.0,0.0,1.0,0.0,0.0
24,115,9.72598621345634,0.8610582826395482,1.0,1.0,1.0,0.0,1.0,0.0
25,115,1.814314515880025,10.151343515943454,1.0,0.0,0.0,0.0,0.0,0.0
26,115,5.910643942778153,2.050518711043138,0.0,0.0,0.0,1.0,1.0,1.0
27,115,10.055719487168588,5.033193775236028,0.0,1.0,1.0,1.0,1.0,0.0
28,115,4.663263495765268,0.2018620804154239,0.0,1.0,0.0,1.0,1.0,0.0
29,115,6.237541202671211,4.753767141741849,0.0,1.0,1.0,0.0,1.0,1.0
30,115,8.698189903595665,5.327167634431671,0.0,0.0,1.0,0.0,0.0,0.0
31,115,10.734369026011183,8.118894346348506,0.0,1.0,1.0,1.0,1.0,0.0
32,115,1.7153461388626368,3.724639314926894,1.0,0.0,1.0,1.0,1.0,0.0
33,115,8.661108630705957,12.0,0.0,0.0,1.0,0.0,1.0,0.0
34,115,3.451046166750502,2.5927453144174426,1.0,0.0,0.0,0.0,0.0,0.0
35,115,9.943915766848356,9.937466922173623,1.0,0.0,0.0,1.0,1.0,1.0
36,115,0.0898522695019769,10.254261600195791,0.0,0.0,0.0,1.0,0.0,1.0
37,115,12.0,1.0684103974457602,0.0,1.0,1.0,1.0,0.0,0.0
38,115,0.8859890423550214,9.477868096081869,0.0,0.0,1.0,0.0,1.0,1.0
39,115,0.6543949169909357,7.042915491990602,0.0,1.0,1.0,0.0,1.0,1.0
0,120,8.947890668997367,0.0,0.0,0.0,0.0,0.0,0.0,0.0
1,120,2.681892429673609,4.796710090210242,0.0,0.0,0.0,0.0,0.0,0.0
2,120,8.740255988155893,5.793206820308583,1.0,0.0,0.0,1.0,1.0,0.0
3,120,10.154249316098586,1.912778527026678,0.0,0.0,0.0,1.0,1.0,0.0
4,120,0.4006320458125449,9.812586433464189,0.0,0.0,0.0,0.0,0.0,0.0
5,120,8.142883468543397,3.159290154056355,1.0,0.0,0.0,1.0,1.0,0.0
6,120,9.748070128209177,2.100604134830108,0.0,1.0,0.0,1.0,0.0,1.0
7,120,8.923241201815696,5.672456930551378,0.0,0.0,1.0,1.0,0.0,0.0
8,120,11.705476637680206,0.6603194005955911,1.0,0.0,1.0,0.0,0.0,0.0
9,120,6.999040880888254,0.2356695240660625,1.0,0.0,0.0,0.0,1.0,0.0
10,120,2.746298907584891,4.185501880012318,0.0,0.0,1.0,0.0,0.0,0.0
11,120,12.0,0.3657087878930127,1.0,1.0,1.0,1.0,1.0,0.0
12,120,9.067459923827666,9.624592245473272,1.0,0.0,1.0,0.0,1.0,0.0
13,120,3.64660614505092,12.0,1.0,1.0,0.0,0.0,0.0,0.0
14,120,12.0,1.8106514296531928,0.0,1.0,0.0,0.0,0.0,0.0
15,120,1.7054277281270656,3.399887140686235,1.0,1.0,0.0,1.0,1.0,1.0
16,120,1.3286101284947418,6.0424292863309566,1.0,1.0,0.0,0.0,0.0,0.0
17,120,0.8819926779500908,10.96827500975387,0.0,1.0,1.0,1.0,1.0,0.0
18,120,3.737932199825266,5.865153643089341,0.0,0.0,0.0,1.0,0.0,0.0
19,120,10.65162076992897,2.183474852539365,0.0,0.0,1.0,1.0,1.0,0.0
20,120,0.1791276600821188,5.702927444131248,0.0,1.0,0.0,0.0,0.0,1.0
21,120,4.563242365428935,12.0,0.0,0.0,0.0,0.0,0.0,0.0
22,120,8.390328857009397,7.821440165323558,1.0,0.0,1.0,0.0,1.0,0.0
23,120,10.278827902794143,11.761654654007645,1.0,1.0,0.0,1.0,0.0,0.0
24,120,9.764342644045508,0.8914462946340779,1.0,1.0,1.0,0.0,1.0,0.0
25,120,1.8069555530426904,10.116603368614198,1.0,0.0,0.0,0.0,0.0,0.0
26,120,5.850651518549969,2.0854698112995176,0.0,0.0,0.0,1.0,1.0,1.0
27,120,10.057402349206816,5.034328390992601,0.0,1.0,1.0,1.0,1.0,0.0
28,120,4.63773128551247,0.2050630099597877,0.0,1.0,0.0,1.0,1.0,0.0
29,120,6.19338196458548,4.899279690097789,0.0,1.0,1.0,0.0,1.0,1.0
30,120,8.707102099385322,5.3196207162305935,0.0,0.0,1.0,0.0,0.0,0.0
31,120,10.651637384788442,8.137733083335043,0.0,1.0,1.0,1.0,1.0,0.0
32,120,1.6819318693208678,3.664128027356904,1.0,0.0,1.0,1.0,1.0,0.0
33,120,8.648986202374521,12.0,0.0,0.0,1.0,0.0,1.0,0.0
34,120,3.51174222398296,2.63507228093176,1.0,0.0,0.0,0.0,0.0,0.0
35,120,9.93975777322022,9.865342438295547,1.0,0.0,0.0,1.0,1.0,1.0
36,120,0.1516149099005998,10.227765927567956,0.0,0.0,0.0,1.0,0.0,1.0
37,120,12.0,1.0269042937335542,0.0,1.0,1.0,1.0,0.0,0.0
38,120,0.8741975375344969,9.54131008369386,0.0,0.0,1.0,0.0,1.0,1.0
39,120,0.6955844164302162,7.044041475024361,0.0,1.0,1.0,0.0,1.0,1.0
0,125,8.739684683751742,0.0,0.0,0.0,0.0,0.0,0.0,0.0
1,125,2.5724113414931966,4.783409255112319,0.0,0.0,0.0,0.0,0.0,0.0
2,125,8.77591365706633,5.682351243812638,1.0,0.0,0.0,1.0,1.0,0.0
3,125,10.16255364759244,1.91995874292462,0.0,0.0,0.0,1.0,1.0,0.0
4,125,0.4254117607795185,9.914766716742353,0.0,0.0,0.0,0.0,0.0,0.0
5,125,8.215214734607098,3.099007943626776,1.0,0.0,0.0,1.0,1.0,0.0
6,125,9.781319987667583,2.2279946867471807,0.0,1.0,0.0,1.0,0.0,1.0
7,125,8.996674616386224,5.640102511213115,0.0,0.0,1.0,1.0,0.0,0.0
8,125,11.674735234944045,0.7011871935659745,1.0,0.0,1.0,0.0,0.0,0.0
9,125,7.105605215708109,0.3395125867017378,1.0,0.0,0.0,0.0,1.0,0.0
10,125,2.7470488606527343,4.180726377102597,0.0,0.0,1.0,0.0,0.0,0.0
11,125,12.0,0.3053250077120056,1.0,1.0,1.0,1.0,1.0,0.0
12,125,9.067579792480457,9.634520682758888,1.0,0.0,1.0,0.0,1.0,0.0
13,125,3.5813930746776723,12.0,1.0,1.0,0.0,0.0,0.0,0.0
14,125,12.0,1.8569288282500525,0.0,1.0,0.0,0.0,0.0,0.0
15,125,1.650406327747589,3.353863542986257,1.0,1.0,0.0,1.0,1.0,1.0
16,125,1.4125924762641668,5.921537048107763,1.0,1.0,0.0,0.0,0.0,0.0
17,125,0.963639266007736,11.033891762115877,0.0,1.0,1.0,1.0,1.0,0.0
18,125,3.6937996628325274,5.828685476342101,0.0,0.0,0.0,1.0,0.0,0.0
19,125,10.662445287481791,2.186676078328037,0.0,0.0,1.0,1.0,1.0,0.0
20,125,0.1859470981411205,5.690400286989734,0.0,1.0,0.0,0.0,0.0,1.0
21,125,4.54906701809878,12.0,0.0,0.0,0.0,0.0,0.0,0.0
22,125,8.497113870046366,7.833611364338555,1.0,0.0,1.0,0.0,1.0,0.0
23,125,10.333657061714607,11.783547257259809,1.0,1.0,0.0,1.0,0.0,0.0
24,125,9.792399803129086,0.9139015401549948,1.0,1.0,1.0,0.0,1.0,0.0
25,125,1.7993147359583648,10.079044273190384,1.0,0.0,0.0,0.0,0.0,0.0
26,125,5.791263556718601,2.120538615473358,0.0,0.0,0.0,1.0,1.0,1.0
27,125,10.064820966714576,5.0395148678298485,0.0,1.0,1.0,1.0,1.0,0.0
28,125,4.613424963175143,0.2080208726986741,0.0,1.0,0.0,1.0,1.0,0.0
29,125,6.146641528427407,5.053211847015112,0.0,1.0,1.0,0.0,1.0,1.0
30,125,8.73587046109165,5.294215463417409,0.0,0.0,1.0,0.0,0.0,0.0
31,125,10.56535431096339,8.158992225662919,0.0,1.0,1.0,1.0,1.0,0.0
32,125,1.6611888648557387,3.625191574491168,1.0,0.0,1.0,1.0,1.0,0.0
33,125,8.640516281940128,12.0,0.0,0.0,1.0,0.0,1.0,0.0
34,125,3.581542783145636,2.6850452646537493,1.0,0.0,0.0,0.0,0.0,0.0
35,125,9.9382796655924,9.78122798396421,1.0,0.0,0.0,1.0,1.0,1.0
36,125,0.2165807421492295,10.20174042891301,0.0,0.0,0.0,1.0,0.0,1.0
37,125,12.0,0.9850039403606096,0.0,1.0,1.0,1.0,0.0,0.0
38,125,0.863669533719252,9.59826110377429,0.0,0.0,1.0,0.0,1.0,1.0
39,125,0.7367332694593335,7.045930865814371,0.0,1.0,1.0,0.0,1.0,1.0
0,130,8.509896716080634,0.0,0.0,0.0,0.0,0.0,0.0,0.0
1,130,2.453894881414417,4.764487016354942,0.0,0.0,0.0,0.0,0.0,0.0
2,130,8.817425063966077,5.565496891234772,1.0,0.0,0.0,1.0,1.0,0.0
3,130,10.17981765699638,1.9349893875139563,0.0,0.0,0.0,1.0,1.0,0.0
4,130,0.4489881544931151,10.010178180453646,0.0,0.0,0.0,0.0,0.0,0.0
5,130,8.285784530455889,3.039838689424189,1.0,0.0,0.0,1.0,1.0,0.0
6,130,9.814927330039138,2.3527995145136504,0.0,1.0,0.0,1.0,0.0,1.0
7,130,9.065470022784554,5.608786116675164,0.0,0.0,1.0,1.0,0.0,0.0
8,130,11.652962249079298,0.7301167371130448,1.0,0.0,1.0,0.0,0.0,0.0
9,130,7.218597545079934,0.446663713371939,1.0,0.0,0.0,0.0,1.0,0.0
10,130,2.7465713577831607,4.183207968030991,0.0,0.0,1.0,0.0,0.0,0.0
11,130,12.0,0.2531707409622368,1.0,1.0,1.0,1.0,1.0,0.0
12,130,9.06773387888882,9.649838352677468,1.0,0.0,1.0,0.0,1.0,0.0
13,130,3.5488410388684146,12.0,1.0,1.0,0.0,0.0,0.0,0.0
14,130,12.0,1.900930025009272,0.0,1.0,0.0,0.0,0.0,0.0
15,130,1.5918300882176355,3.305492307687898,1.0,1.0,0.0,1.0,1.0,1.0
16,130,1.4867891071490706,5.813823691133303,1.0,1.0,0.0,0.0,0.0,0.0
17,130,1.0463159454573052,11.098036050638692,0.0,1.0,1.0,1.0,1.0,0.0
18,130,3.659717329899495,5.799075151753731,0.0,0.0,0.0,1.0,0.0,0.0
19,130,10.665059201939806,2.187358918804375,0.0,0.0,1.0,1.0,1.0,0.0
20,130,0.1887712706443431,5.685238593117558,0.0,1.0,0.0,0.0,0.0,1.0
21,130,4.532637903955433,12.0,0.0,0.0,0.0,0.0,0.0,0.0
22,130,8.591423985670646,7.843430303333884,1.0,0.0,1.0,0.0,1.0,0.0
23,130,10.369397179760632,11.79767511641128,1.0,1.0,0.0,1.0,0.0,0.0
24,130,9.801127905035209,0.920618389936912,1.0,1.0,1.0,0.0,1.0,0.0
25,130,1.7933936318515844,10.039560486155102,1.0,0.0,0.0,0.0,0.0,0.0
26,130,5.707663172800112,2.167811763249304,0.0,0.0,0.0,1.0,1.0,1.0
27,130,10.070278447842789,5.043380991114296,0.0,1.0,1.0,1.0,1.0,0.0
28,130,4.603944806916313,0.2093646374220747,0.0,1.0,0.0,1.0,1.0,0.0
29,130,6.103031682107755,5.195355639458903,0.0,1.0,1.0,0.0,1.0,1.0
30,130,8.75315937563077,5.279374811107982,0.0,0.0,1.0,0.0,0.0,0.0
31,130,10.503598344050928,8.173652690956578,0.0,1.0,1.0,1.0,1.0,0.0
32,130,1.6387713896852028,3.581422584362618,1.0,0.0,1.0,1.0,1.0,0.0
33,130,8.627023840868006,12.0,0.0,0.0,1.0,0.0,1.0,0.0
34,130,3.63494043627536,2.7230303746029145,1.0,0.0,0.0,0.0,0.0,0.0
35,130,9.939288195244233,9.699487906922526,1.0,0.0,0.0,1.0,1.0,1.0
36,130,0.2889448502091637,10.171195128810687,0.0,0.0,0.0,1.0,0.0,1.0
37,130,12.0,0.9600109457553576,0.0,1.0,1.0,1.0,0.0,0.0
38,130,0.8529877395974167,9.64834000051276,0.0,0.0,1.0,0.0,1.0,1.0
39,130,0.7561097376563026,7.046462938130963,0.0,1.0,1.0,0.0,1.0,1.0
0,135,8.279916083973452,0.0,0.0,0.0,0.0,0.0,0.0,0.0
1,135,2.308765102965855,4.74136918878956,0.0,0.0,0.0,0.0,0.0,0.0
2,135,8.849393368789343,5.467128762901605,1.0,0.0,0.0,1.0,1.0,0.0
3,135,10.200937984054152,1.9537055951974929,0.0,0.0,0.0,1.0,1.0,0.0
4,135,0.4752021714441992,10.131585107029055,0.0,0.0,0.0,0.0,0.0,0.0
5,135,8.35991106509242,2.979480554000312,1.0,0.0,0.0,1.0,1.0,0.0
6,135,9.855945227730682,2.5155104783200817,0.0,1.0,0.0,1.0,0.0,1.0
7,135,9.134279785263857,5.577919572641533,0.0,0.0,1.0,1.0,0.0,0.0
8,135,11.636124055294664,0.7525534718601854,1.0,0.0,1.0,0.0,0.0,0.0
9,135,7.337876229654303,0.5622118391246385,1.0,0.0,0.0,0.0,1.0,0.0
10,135,2.750747475878223,4.160344464022836,0.0,0.0,1.0,0.0,0.0,0.0
11,135,12.0,0.2044845201174031,1.0,1.0,1.0,1.0,1.0,0.0
12,135,9.069103916030366,9.669267844893778,1.0,0.0,1.0,0.0,1.0,0.0
13,135,3.4896982039640485,12.0,1.0,1.0,0.0,0.0,0.0,0.0
14,135,12.0,1.9686730369845429,0.0,1.0,0.0,0.0,0.0,0.0
15,135,1.5467202929389183,3.267932206584624,1.0,1.0,0.0,1.0,1.0,1.0
16,135,1.567092142049096,5.701188287499161,1.0,1.0,0.0,0.0,0.0,0.0
17,135,1.1290570491543923,11.160316730837964,0.0,1.0,1.0,1.0,1.0,0.0
18,135,3.611372301814139,5.755827296726532,0.0,0.0,0.0,1.0,0.0,0.0
19,135,10.649140054975016,2.183709053527516,0.0,0.0,1.0,1.0,1.0,0.0
20,135,0.1855412559129415,5.691234769368065,0.0,1.0,0.0,0.0,0.0,1.0
21,135,4.51770611590813,12.0,0.0,0.0,0.0,0.0,0.0,0.0
22,135,8.691572607589254,7.8543859397209665,1.0,0.0,1.0,0.0,1.0,0.0
23,135,10.400460546210017,11.80963860834386,1.0,1.0,0.0,1.0,0.0,0.0
24,135,9.797812171483423,0.9181214759596328,1.0,1.0,1.0,0.0,1.0,0.0
25,135,1.7918856454929186,10.02841711503783,1.0,0.0,0.0,0.0,0.0,0.0
26,135,5.623607929328688,2.2144838056104628,0.0,0.0,0.0,1.0,1.0,1.0
27,135,10.064655901808573,5.039409402072435,0.0,1.0,1.0,1.0,1.0,0.0
28,135,4.599199473132369,0.2101384491346414,0.0,1.0,0.0,1.0,1.0,0.0
29,135,6.066845452808274,5.323891369683086,0.0,1.0,1.0,0.0,1.0,1.0
30,135,8.772575361343588,5.262447677028159,0.0,0.0,1.0,0.0,0.0,0.0
31,135,10.433724555139852,8.191577130462116,0.0,1.0,1.0,1.0,1.0,0.0
32,135,1.6162248672186637,3.53890848264503,1.0,0.0,1.0,1.0,1.0,0.0
33,135,8.602694037895441,12.0,0.0,0.0,1.0,0.0,1.0,0.0
34,135,3.70155526216136,2.7722937464522115,1.0,0.0,0.0,0.0,0.0,0.0
35,135,9.94216258200072,9.616936494090112,1.0,0.0,0.0,1.0,1.0,1.0
36,135,0.3564565676388234,10.143919304501816,0.0,0.0,0.0,1.0,0.0,1.0
37,135,12.0,0.931257490111586,0.0,1.0,1.0,1.0,0.0,0.0
38,135,0.8416803303377377,9.701066253575112,0.0,0.0,1.0,0.0,1.0,1.0
39,135,0.7581660878076228,7.046561695269327,0.0,1.0,1.0,0.0,1.0,1.0
0,140,8.054438351727748,0.0,0.0,0.0,0.0,0.0,0.0,0.0
1,140,2.1677321131764344,4.718161502244884,0.0,0.0,0.0,0.0,0.0,0.0
2,140,8.883325839678097,5.360419982238253,1.0,0.0,0.0,1.0,1.0,0.0
3,140,10.21082615932905,1.9625792237149733,0.0,0.0,0.0,1.0,1.0,0.0
4,140,0.5020576568795745,10.256042974544616,0.0,0.0,0.0,0.0,0.0,0.0
5,140,8.419845294639464,2.927721093489729,1.0,0.0,0.0,1.0,1.0,0.0
6,140,9.889000439491184,2.6692169014422618,0.0,1.0,0.0,1.0,0.0,1.0
7,140,9.20232063067818,5.547025636756942,0.0,0.0,1.0,1.0,0.0,0.0
8,140,11.624937019513595,0.767320190548753,1.0,0.0,1.0,0.0,0.0,0.0
9,140,7.466898503158061,0.6857224685458757,1.0,0.0,0.0,0.0,1.0,0.0
10,140,2.750893465657156,4.159487349227787,0.0,0.0,1.0,0.0,0.0,0.0
11,140,12.0,0.1576851905311208,1.0,1.0,1.0,1.0,1.0,0.0
12,140,9.07005781609578,9.6889821432037,1.0,0.0,1.0,0.0,1.0,0.0
13,140,3.451295131434277,12.0,1.0,1.0,0.0,0.0,0.0,0.0
14,140,12.0,2.031161580951533,0.0,1.0,0.0,0.0,0.0,0.0
15,140,1.5063242347993688,3.233674240852474,1.0,1.0,0.0,1.0,1.0,1.0
16,140,1.6472131710006557,5.587654886919694,1.0,1.0,0.0,0.0,0.0,0.0
17,140,1.211287028610053,11.223512924444528,0.0,1.0,1.0,1.0,1.0,0.0
18,140,3.557252262418853,5.7096294515412165,0.0,0.0,0.0,1.0,0.0,0.0
19,140,10.627485037162415,2.1787267048169627,0.0,0.0,1.0,1.0,1.0,0.0
20,140,0.173145148897553,5.713002121125353,0.0,1.0,0.0,0.0,0.0,1.0
21,140,4.504157105477226,12.0,0.0,0.0,0.0,0.0,0.0,0.0
22,140,8.770821465898702,7.862659893158757,1.0,0.0,1.0,0.0,1.0,0.0
23,140,10.424519667757268,11.819356803081035,1.0,1.0,0.0,1.0,0.0,0.0
24,140,9.800215418574265,0.9199996743366646,1.0,1.0,1.0,0.0,1.0,0.0
25,140,1.7883847607813137,10.004590876831864,1.0,0.0,0.0,0.0,0.0,0.0
26,140,5.537634221506873,2.2624835502980614,0.0,0.0,0.0,1.0,1.0,1.0
27,140,10.04627852758703,5.02675837351244,0.0,1.0,1.0,1.0,1.0,0.0
28,140,4.571562564824364,0.2144024524026681,0.0,1.0,0.0,1.0,1.0,0.0
29,140,6.0264151400412445,5.469185091302262,0.0,1.0,1.0,0.0,1.0,1.0
30,140,8.788758443994826,5.248742072864277,0.0,0.0,1.0,0.0,0.0,0.0
31,140,10.365608113704326,8.208202470673289,0.0,1.0,1.0,1.0,1.0,0.0
32,140,1.6028025777313744,3.5138173702370707,1.0,0.0,1.0,1.0,1.0,0.0
33,140,8.572830148378975,12.0,0.0,0.0,1.0,0.0,1.0,0.0
34,140,3.7673994291443056,2.821908140710199,1.0,0.0,0.0,0.0,0.0,0.0
35,140,9.943165829296518,9.55166400298705,1.0,0.0,0.0,1.0,1.0,1.0
36,140,0.383097705158609,10.213252089770368,0.0,0.0,0.0,1.0,0.0,1.0
37,140,12.0,0.9113900616263948,0.0,1.0,1.0,1.0,0.0,0.0
38,140,0.8297481431579731,9.75481027831069,0.0,0.0,1.0,0.0,1.0,1.0
39,140,0.7610216683832958,7.046701988345227,0.0,1.0,1.0,0.0,1.0,1.0
0,145,7.821226068165797,0.0,0.0,0.0,0.0,0.0,0.0,0.0
1,145,2.0112235416975928,4.689747791814422,0.0,0.0,0.0,0.0,0.0,0.0
2,145,8.914953424961766,5.268686013309663,1.0,0.0,0.0,1.0,1.0,0.0
3,145,10.228918311787002,1.9790749065485616,0.0,0.0,0.0,1.0,1.0,0.0
4,145,0.5344511685123771,10.403306143639256,0.0,0.0,0.0,0.0,0.0,0.0
5,145,8.47938339317634,2.873970727901225,1.0,0.0,0.0,1.0,1.0,0.0
6,145,9.921350639625029,2.8109891922028103,0.0,1.0,0.0,1.0,0.0,1.0
7,145,9.250850111011754,5.525337774875337,0.0,0.0,1.0,1.0,0.0,0.0
8,145,11.613206052771268,0.7828434691382704,1.0,0.0,1.0,0.0,0.0,0.0
9,145,7.594634162001997,0.8057033320148903,1.0,0.0,0.0,0.0,1.0,0.0
10,145,2.751948767827275,4.15183061496776,0.0,0.0,1.0,0.0,0.0,0.0
11,145,12.0,0.1110442897727731,1.0,1.0,1.0,1.0,1.0,0.0
12,145,9.070565087146823,9.697535190777792,1.0,0.0,1.0,0.0,1.0,0.0
13,145,3.402190903420894,12.0,1.0,1.0,0.0,0.0,0.0,0.0
14,145,12.0,2.080345125149052,0.0,1.0,0.0,0.0,0.0,0.0
15,145,1.4826330341205036,3.212842619177445,1.0,1.0,0.0,1.0,1.0,1.0
16,145,1.7227525549388478,5.477085687962916,1.0,1.0,0.0,0.0,0.0,0.0
17,145,1.2803150372336372,11.276451413882826,0.0,1.0,1.0,1.0,1.0,0.0
18,145,3.5020145177349384,5.662630410966616,0.0,0.0,0.0,1.0,0.0,0.0
19,145,10.63353284643428,2.180090336622012,0.0,0.0,1.0,1.0,1.0,0.0
20,145,0.1521208441424316,5.748085730177229,0.0,1.0,0.0,0.0,0.0,1.0
21,145,4.493777052448283,12.0,0.0,0.0,0.0,0.0,0.0,0.0
22,145,8.844088374136627,7.870360169621836,1.0,0.0,1.0,0.0,1.0,0.0
23,145,10.452329186974367,11.830111726503542,1.0,1.0,0.0,1.0,0.0,0.0
24,145,9.814736078818026,0.9315584512316726,1.0,1.0,1.0,0.0,1.0,0.0
25,145,1.7809861040059498,9.952061346872307,1.0,0.0,0.0,0.0,0.0,0.0
26,145,5.448931770345538,2.313490558918417,0.0,0.0,0.0,1.0,1.0,1.0
27,145,10.03464210096326,5.018923739924145,0.0,1.0,1.0,1.0,1.0,0.0
28,145,4.545974109709054,0.2190890725098721,0.0,1.0,0.0,1.0,1.0,0.0
29,145,5.985088282677343,5.612238497576269,0.0,1.0,1.0,0.0,1.0,1.0
30,145,8.817760907775368,5.224371876180216,0.0,0.0,1.0,0.0,0.0,0.0
31,145,10.30173452483071,8.22605174273277,0.0,1.0,1.0,1.0,1.0,0.0
32,145,1.583809823086295,3.47962665385599,1.0,0.0,1.0,1.0,1.0,0.0
33,145,8.543937950393511,12.0,0.0,0.0,1.0,0.0,1.0,0.0
34,145,3.842023816428812,2.8798629772324364,1.0,0.0,0.0,0.0,0.0,0.0
35,145,9.942971567409534,9.471278420977251,1.0,0.0,0.0,1.0,1.0,1.0
36,145,0.4199558914702959,10.300392990593684,0.0,0.0,0.0,1.0,0.0,1.0
37,145,12.0,0.8833505554756265,0.0,1.0,1.0,1.0,0.0,0.0
38,145,0.8174506455708782,9.80863093211378,0.0,0.0,1.0,0.0,1.0,1.0
39,145,0.7656467283462783,7.046761562071171,0.0,1.0,1.0,0.0,1.0,1.0
0,150,7.578551144880524,0.0,0.0,0.0,0.0,0.0,0.0,0.0
1,150,1.8691247350463644,4.666106091046142,0.0,0.0,0.0,0.0,0.0,0.0
2,150,8.951145405510026,5.1674775067615455,1.0,0.0,0.0,1.0,1.0,0.0
3,150,10.244381212486894,1.993057707351628,0.0,0.0,0.0,1.0,1.0,0.0
4,150,0.5689745796765728,10.548104585053888,0.0,0.0,0.0,0.0,0.0,0.0
5,150,8.54112131637352,2.819709621231097,1.0,0.0,0.0,1.0,1.0,0.0
6,150,9.951907060512584,2.9565369672716946,0.0,1.0,0.0,1.0,0.0,1.0
7,150,9.298112776052054,5.503388117758181,0.0,0.0,1.0,1.0,0.0,0.0
8,150,11.615472262907042,0.7796895032724775,1.0,0.0,1.0,0.0,0.0,0.0
9,150,7.722214506283562,0.9276939643961892,1.0,0.0,0.0,0.0,1.0,0.0
10,150,2.754508131825573,4.125903130975682,0.0,0.0,1.0,0.0,0.0,0.0
11,150,12.0,0.0699227941421679,1.0,1.0,1.0,1.0,1.0,0.0
12,150,9.07095503552342,9.704764179094814,1.0,0.0,1.0,0.0,1.0,0.0
13,150,3.342189056952836,12.0,1.0,1.0,0.0,0.0,0.0,0.0
14,150,12.0,2.121750087672497,0.0,1.0,0.0,0.0,0.0,0.0
15,150,1.4374103366349815,3.1715812229325184,1.0,1.0,0.0,1.0,1.0,1.0
16,150,1.8120083772464888,5.355630661460198,1.0,1.0,0.0,0.0,0.0,0.0
17,150,1.3375039327110474,11.321684269702494,0.0,1.0,1.0,1.0,1.0,0.0
18,150,3.4417421965798227,5.613372573479372,0.0,0.0,0.0,1.0,0.0,0.0
19,150,10.624652765848374,2.1780363044616755,0.0,0.0,1.0,1.0,1.0,0.0
20,150,0.1348079746566651,5.775915028219327,0.0,1.0,0.0,0.0,0.0,1.0
21,150,4.484023820999389,12.0,0.0,0.0,0.0,0.0,0.0,0.0
22,150,8.924616397076365,7.877858708126573,1.0,0.0,1.0,0.0,1.0,0.0
23,150,10.47058434328334,11.783376234079183,1.0,1.0,0.0,1.0,0.0,0.0
24,150,9.843621152293643,0.9551131849680504,1.0,1.0,1.0,0.0,1.0,0.0
25,150,1.7725137743240225,9.894744607294074,1.0,0.0,0.0,0.0,0.0,0.0
26,150,5.365080560140347,2.358881763449213,0.0,0.0,0.0,1.0,1.0,1.0
27,150,10.022674821163193,5.011212082091731,0.0,1.0,1.0,1.0,1.0,0.0
28,150,4.531663930460634,0.2215893919065574,0.0,1.0,0.0,1.0,1.0,0.0
29,150,5.9419993386992775,5.7566666059133045,0.0,1.0,1.0,0.0,1.0,1.0
30,150,8.85782695024945,5.1898949007689,0.0,0.0,1.0,0.0,0.0,0.0
31,150,10.237586324324871,8.242512615532226,0.0,1.0,1.0,1.0,1.0,0.0
32,150,1.5657576115410303,3.4482046468266083,1.0,0.0,1.0,1.0,1.0,0.0
33,150,8.518322330834012,12.0,0.0,0.0,1.0,0.0,1.0,0.0
34,150,3.938008355375832,2.951854380929344,1.0,0.0,0.0,0.0,0.0,0.0
35,150,9.941004676699055,9.367350303551536,1.0,0.0,0.0,1.0,1.0,1.0
36,150,0.457061428084278,10.389344359131687,0.0,0.0,0.0,1.0,0.0,1.0
37,150,12.0,0.8476036880795575,0.0,1.0,1.0,1.0,0.0,0.0
38,150,0.8082947170840069,9.848837620808718,0.0,0.0,1.0,0.0,1.0,1.0
39,150,0.7831757162428977,7.046994443322365,0.0,1.0,1.0,0.0,1.0,1.0
0,155,7.324612986649671,0.0,0.0,0.0,0.0,0.0,0.0,0.0
1,155,1.7171075349711522,4.6390270120653,0.0,0.0,0.0,0.0,0.0,0.0
2,155,8.980303575925538,5.080306407464685,1.0,0.0,0.0,1.0,1.0,0.0
3,155,10.27357786280391,2.017946629329168,0.0,0.0,0.0,1.0,1.0,0.0
4,155,0.6046639218139004,10.694465299174798,0.0,0.0,0.0,0.0,0.0,0.0
5,155,8.584499518661099,2.7821572870217497,1.0,0.0,0.0,1.0,1.0,0.0
6,155,9.980867154400045,3.119021135505252,0.0,1.0,0.0,1.0,0.0,1.0
7,155,9.339667428561617,5.482769802295219,0.0,0.0,1.0,1.0,0.0,0.0
8,155,11.628646204841546,0.76044187186235,1.0,0.0,1.0,0.0,0.0,0.0
9,155,7.858735702322019,1.0652035700041604,1.0,0.0,0.0,0.0,1.0,0.0
10,155,2.75638360776001,4.1032748273237685,0.0,0.0,1.0,0.0,0.0,0.0
11,155,12.0,0.0362702504934517,1.0,1.0,1.0,1.0,1.0,0.0
12,155,9.071084930507403,9.70659383210928,1.0,0.0,1.0,0.0,1.0,0.0
13,155,3.2946390033544977,12.0,1.0,1.0,0.0,0.0,0.0,0.0
14,155,12.0,2.1623461856657027,0.0,1.0,0.0,0.0,0.0,0.0
15,155,1.3845325459064708,3.1274662660690846,1.0,1.0,0.0,1.0,1.0,1.0
16,155,1.9069177082712463,5.223186313982996,1.0,1.0,0.0,0.0,0.0,0.0
17,155,1.3983118418000735,11.367568408053602,0.0,1.0,1.0,1.0,1.0,0.0
18,155,3.391411467537252,5.571819247118596,0.0,0.0,0.0,1.0,0.0,0.0
19,155,10.610040936593924,2.1744873314996758,0.0,0.0,1.0,1.0,1.0,0.0
20,155,0.1270739569827184,5.788368794679786,0.0,1.0,0.0,0.0,0.0,1.0
21,155,4.473170065059127,12.0,0.0,0.0,0.0,0.0,0.0,0.0
22,155,8.993906207791614,7.886600382493067,1.0,0.0,1.0,0.0,1.0,0.0
23,155,10.485236348442076,11.74671944351604,1.0,1.0,0.0,1.0,0.0,0.0
24,155,9.859352230633428,0.967706376861063,1.0,1.0,1.0,0.0,1.0,0.0
25,155,1.7625869948199273,9.823701489862184,1.0,0.0,0.0,0.0,0.0,0.0
26,155,5.282565080835007,2.403711910241786,0.0,0.0,0.0,1.0,1.0,1.0
27,155,10.00246371244374,4.9979282335331945,0.0,1.0,1.0,1.0,1.0,0.0
28,155,4.51280254074641,0.224982134590093,0.0,1.0,0.0,1.0,1.0,0.0
29,155,5.89578905386131,5.902224695356688,0.0,1.0,1.0,0.0,1.0,1.0
30,155,8.913806486854567,5.141570063636402,0.0,0.0,1.0,0.0,0.0,0.0
31,155,10.172393505654078,8.25788410103799,0.0,1.0,1.0,1.0,1.0,0.0
32,155,1.553569577584256,3.425818619925063,1.0,0.0,1.0,1.0,1.0,0.0
33,155,8.495816942293546,12.0,0.0,0.0,1.0,0.0,1.0,0.0
34,155,4.041363110651203,3.0347742865721674,1.0,0.0,0.0,0.0,0.0,0.0
35,155,9.93583888833878,9.240282552445851,1.0,0.0,0.0,1.0,1.0,1.0
36,155,0.4978530803498728,10.473585822307143,0.0,0.0,0.0,1.0,0.0,1.0
37,155,12.0,0.8060920005961869,0.0,1.0,1.0,1.0,0.0,0.0
38,155,0.8023904397283467,9.873919598332646,0.0,0.0,1.0,0.0,1.0,1.0
39,155,0.8048819529992262,7.046954291723393,0.0,1.0,1.0,0.0,1.0,1.0
0,160,7.073396009282539,0.0,0.0,0.0,0.0,0.0,0.0,0.0
1,160,1.5759991913947105,4.611269911847796,0.0,0.0,0.0,0.0,0.0,0.0
2,160,9.015711789294668,4.97759744345066,1.0,0.0,0.0,1.0,1.0,0.0
3,160,10.318066635271812,2.0561975894045705,0.0,0.0,0.0,1.0,1.0,0.0
4,160,0.63973356288571,10.846144233826276,0.0,0.0,0.0,0.0,0.0,0.0
5,160,8.641435872318139,2.734690004763182,1.0,0.0,0.0,1.0,1.0,0.0
6,160,10.016888768683886,3.2880539601550973,0.0,1.0,0.0,1.0,0.0,1.0
7,160,9.39945083882285,5.453439260621875,0.0,0.0,1.0,1.0,0.0,0.0
8,160,11.648114253625204,0.7313424461204556,1.0,0.0,1.0,0.0,0.0,0.0
9,160,7.97291441389879,1.1824749703034827,1.0,0.0,0.0,0.0,1.0,0.0
10,160,2.75639643393998,4.103092658338796,0.0,0.0,1.0,0.0,0.0,0.0
11,160,12.0,0.0,1.0,1.0,1.0,1.0,1.0,0.0
12,160,9.071031174719687,9.706045491080951,1.0,0.0,1.0,0.0,1.0,0.0
13,160,3.2395137422274085,12.0,1.0,1.0,0.0,0.0,0.0,0.0
14,160,12.0,2.193351075897658,0.0,1.0,0.0,0.0,0.0,0.0
15,160,1.335564092283106,3.0869068804240536,1.0,1.0,0.0,1.0,1.0,1.0
16,160,2.0050444627188613,5.086631591382834,1.0,1.0,0.0,0.0,0.0,0.0
17,160,1.467309476930171,11.418943641417346,0.0,1.0,1.0,1.0,1.0,0.0
18,160,3.341224133215334,5.53014277683472,0.0,0.0,0.0,1.0,0.0,0.0
19,160,10.590182475537796,2.169242658359451,0.0,0.0,1.0,1.0,1.0,0.0
20,160,0.1000885755624886,5.8274963866043645,0.0,1.0,0.0,0.0,0.0,1.0
21,160,4.460480665903343,12.0,0.0,0.0,0.0,0.0,0.0,0.0
22,160,9.04498513120338,7.891483912032514,1.0,0.0,1.0,0.0,1.0,0.0
23,160,10.493845840881816,11.723859005763256,1.0,1.0,0.0,1.0,0.0,0.0
24,160,9.882564686611149,0.9878105045263196,1.0,1.0,1.0,0.0,1.0,0.0
25,160,1.7584922660424551,9.78729143992452,1.0,0.0,0.0,0.0,0.0,0.0
26,160,5.177807632466202,2.458674584278832,0.0,0.0,0.0,1.0,1.0,1.0
27,160,9.995115845569208,4.9935413547566085,0.0,1.0,1.0,1.0,1.0,0.0
28,160,4.479511386162057,0.2301915773455133,0.0,1.0,0.0,1.0,1.0,0.0
29,160,5.84878153122116,6.063122784441343,0.0,1.0,1.0,0.0,1.0,1.0
30,160,8.968308378989763,5.094218405456124,0.0,0.0,1.0,0.0,0.0,0.0
31,160,10.105014030125645,8.274059713016921,0.0,1.0,1.0,1.0,1.0,0.0
32,160,1.5315966036040023,3.3863365216510064,1.0,0.0,1.0,1.0,1.0,0.0
33,160,8.483368956611173,12.0,0.0,0.0,1.0,0.0,1.0,0.0
34,160,4.133049594721643,3.1104584046949166,1.0,0.0,0.0,0.0,0.0,0.0
35,160,9.933210992174596,9.115788312451835,1.0,0.0,0.0,1.0,1.0,1.0
36,160,0.5391149426620124,10.56345944258696,0.0,0.0,0.0,1.0,0.0,1.0
37,160,12.0,0.7807470115515932,0.0,1.0,1.0,1.0,0.0,0.0
38,160,0.7973882296812428,9.896542996028414,0.0,0.0,1.0,0.0,1.0,1.0
39,160,0.8417376524962082,7.046936284173833,0.0,1.0,1.0,0.0,1.0,1.0
0,165,6.790738059379226,0.0,0.0,0.0,0.0,0.0,0.0,0.0
1,165,1.443823008905054,4.5852286866836485,0.0,0.0,0.0,0.0,0.0,0.0
2,165,9.04870423526095,4.8870882444177015,1.0,0.0,0.0,1.0,1.0,0.0
3,165,10.359515374461534,2.092610036361921,0.0,0.0,0.0,1.0,1.0,0.0
4,165,0.6774602895302612,11.004022934546166,0.0,0.0,0.0,0.0,0.0,0.0
5,165,8.707859064143449,2.674324238669475,1.0,0.0,0.0,1.0,1.0,0.0
6,165,9.85866286734502,3.328989886951056,0.0,1.0,0.0,1.0,0.0,1.0
7,165,9.429812073704843,5.438872412695072,0.0,0.0,1.0,1.0,0.0,0.0
8,165,11.657634904286349,0.7175129644076249,1.0,0.0,1.0,0.0,0.0,0.0
9,165,8.074497105293036,1.2876575969070947,1.0,0.0,0.0,0.0,1.0,0.0
10,165,2.7585777301907908,4.074674209088722,0.0,0.0,1.0,0.0,0.0,0.0
11,165,12.0,0.0,1.0,1.0,1.0,1.0,1.0,0.0
12,165,9.069866773692434,9.695934695837945,1.0,0.0,1.0,0.0,1.0,0.0
13,165,3.1720091891798776,12.0,1.0,1.0,0.0,0.0,0.0,0.0
14,165,12.0,2.232469081750338,0.0,1.0,0.0,0.0,0.0,0.0
15,165,1.2913448968395604,3.0502947667205,1.0,1.0,0.0,1.0,1.0,1.0
16,165,2.111088186862441,4.946710523888691,1.0,1.0,0.0,0.0,0.0,0.0
17,165,1.5450892474631317,11.4754366316098,0.0,1.0,1.0,1.0,1.0,0.0
18,165,3.294960465783697,5.491957651265308,0.0,0.0,0.0,1.0,0.0,0.0
19,165,10.561141235013537,2.160959940726679,0.0,0.0,1.0,1.0,1.0,0.0
20,165,0.0609144180510373,5.8828962801617815,0.0,1.0,0.0,0.0,0.0,1.0
21,165,4.447567576511399,12.0,0.0,0.0,0.0,0.0,0.0,0.0
22,165,9.097671031513023,7.897051801428287,1.0,0.0,1.0,0.0,1.0,0.0
23,165,10.49957682837549,11.707447891216209,1.0,1.0,0.0,1.0,0.0,0.0
24,165,9.927361472008414,1.0247443653306547,1.0,1.0,1.0,0.0,1.0,0.0
25,165,1.7557353836369454,9.76038573039375,1.0,0.0,0.0,0.0,0.0,0.0
26,165,5.090024649757857,2.504654650885393,0.0,0.0,0.0,1.0,1.0,1.0
27,165,10.002827399716825,4.980322055759271,0.0,1.0,1.0,1.0,1.0,0.0
28,165,4.457874532241929,0.2332987915172687,0.0,1.0,0.0,1.0,1.0,0.0
29,165,5.804319280259351,6.20454648742674,0.0,1.0,1.0,0.0,1.0,1.0
30,165,9.048215109917315,5.02861654380885,0.0,0.0,1.0,0.0,0.0,0.0
31,165,10.051553387800215,8.286278820372594,0.0,1.0,1.0,1.0,1.0,0.0
32,165,1.4973041542619334,3.323064543140788,1.0,0.0,1.0,1.0,1.0,0.0
33,165,8.46166335443218,12.0,0.0,0.0,1.0,0.0,1.0,0.0
34,165,4.206449864649158,3.171723875724175,1.0,0.0,0.0,0.0,0.0,0.0
35,165,9.926988444038468,8.988896960668724,1.0,0.0,0.0,1.0,1.0,1.0
36,165,0.5796977197909319,10.64232289498122,0.0,0.0,0.0,1.0,0.0,1.0
37,165,12.0,0.7424835304089584,0.0,1.0,1.0,1.0,0.0,0.0
38,165,0.7957054467829269,9.903869322650852,0.0,0.0,1.0,0.0,1.0,1.0
39,165,0.8727955982316371,7.046733139600347,0.0,1.0,1.0,0.0,1.0,1.0
0,170,6.51638444796923,0.0,0.0,0.0,0.0,0.0,0.0,0.0
1,170,1.3259204929631383,4.5604088145598505,0.0,0.0,0.0,0.0,0.0,0.0
2,170,9.087153646644602,4.789668434499889,1.0,0.0,0.0,1.0,1.0,0.0
3,170,10.40688580889308,2.134104045687894,0.0,0.0,0.0,1.0,1.0,0.0
4,170,0.7072466950289025,11.147945816178652,0.0,0.0,0.0,0.0,0.0,0.0
5,170,8.768269904341999,2.617844133235811,1.0,0.0,0.0,1.0,1.0,0.0
6,170,9.681655562681124,3.37086173246177,0.0,1.0,0.0,1.0,0.0,1.0
7,170,9.46549146646747,5.421055515431009,0.0,0.0,1.0,1.0,0.0,0.0
8,170,11.663891611220162,0.7084431630581453,1.0,0.0,1.0,0.0,0.0,0.0
9,170,8.174482395514836,1.3943887268437676,1.0,0.0,0.0,0.0,1.0,0.0
10,170,2.7597753544136507,4.05859216707736,0.0,0.0,1.0,0.0,0.0,0.0
11,170,12.0,0.0,1.0,1.0,1.0,1.0,1.0,0.0
12,170,9.066749424876177,9.670133189675752,1.0,0.0,1.0,0.0,1.0,0.0
13,170,3.117924474978665,12.0,1.0,1.0,0.0,0.0,0.0,0.0
14,170,12.0,2.252457118105087,0.0,1.0,0.0,0.0,0.0,0.0
15,170,1.2481089946772683,3.01594194686553,1.0,1.0,0.0,1.0,1.0,1.0
16,170,2.2247966011974936,4.796305598778444,1.0,1.0,0.0,0.0,0.0,0.0
17,170,1.6290149434685148,11.536348932554516,0.0,1.0,1.0,1.0,1.0,0.0
18,170,3.2543768327500127,5.4561058020000655,0.0,0.0,0.0,1.0,0.0,0.0
19,170,10.526947274325076,2.151955656614016,0.0,0.0,1.0,1.0,1.0,0.0
20,170,0.0340176090696124,5.918913782831443,0.0,1.0,0.0,0.0,0.0,1.0
21,170,4.439663179806725,12.0,0.0,0.0,0.0,0.0,0.0,0.0
22,170,9.129466482280822,7.9010365098410205,1.0,0.0,1.0,0.0,1.0,0.0
23,170,10.5067671317549,11.687700185620027,1.0,1.0,0.0,1.0,0.0,0.0
24,170,9.969834730639592,1.0600811721796797,1.0,1.0,1.0,0.0,1.0,0.0
25,170,1.7544224971380027,9.74680479111498,1.0,0.0,0.0,0.0,0.0,0.0
26,170,4.998027895331641,2.549156692525954,0.0,0.0,0.0,1.0,1.0,1.0
27,170,10.020564807828594,4.947701762573803,0.0,1.0,1.0,1.0,1.0,0.0
28,170,4.446885152004994,0.2351007521481186,0.0,1.0,0.0,1.0,1.0,0.0
29,170,5.759038503618271,6.353525302008933,0.0,1.0,1.0,0.0,1.0,1.0
30,170,8.979337711953216,4.945759503140785,0.0,0.0,1.0,0.0,0.0,0.0
31,170,9.995767808295764,8.299239885899976,0.0,1.0,1.0,1.0,1.0,0.0
32,170,1.4591058225177274,3.2527303401273184,1.0,0.0,1.0,1.0,1.0,0.0
33,170,8.44573758807287,12.0,0.0,0.0,1.0,0.0,1.0,0.0
34,170,4.293495253673292,3.24391441805379,1.0,0.0,0.0,0.0,0.0,0.0
35,170,9.916277350094893,8.848275251701159,1.0,0.0,0.0,1.0,1.0,1.0
36,170,0.6203553986176116,10.72034617224123,0.0,0.0,0.0,1.0,0.0,1.0
37,170,12.0,0.6976952986353373,0.0,1.0,1.0,1.0,0.0,0.0
38,170,0.799346760864257,9.886839156314805,0.0,0.0,1.0,0.0,1.0,1.0
39,170,0.8930132482227285,7.04599587654796,0.0,1.0,1.0,0.0,1.0,1.0
0,175,6.2358490627435526,0.0,0.0,0.0,0.0,0.0,0.0,0.0
1,175,1.2123365619125184,4.5398439912683415,0.0,0.0,0.0,0.0,0.0,0.0
2,175,9.125363306095725,4.691539619637351,1.0,0.0,0.0,1.0,1.0,0.0
3,175,10.455640592356064,2.178414752803292,0.0,0.0,0.0,1.0,1.0,0.0
4,175,0.7334469470306708,11.287286404683464,0.0,0.0,0.0,0.0,0.0,0.0
5,175,8.838678319115857,2.5513705443681207,1.0,0.0,0.0,1.0,1.0,0.0
6,175,9.50197493686668,3.4124278463200706,0.0,1.0,0.0,1.0,0.0,1.0
7,175,9.51062319654347,5.39847726534263,0.0,0.0,1.0,1.0,0.0,0.0
8,175,11.67007976328775,0.6997222983514554,1.0,0.0,1.0,0.0,0.0,0.0
9,175,8.271066187309208,1.4983521013143273,1.0,0.0,0.0,0.0,1.0,0.0
10,175,2.7606554818446805,4.048811964651075,0.0,0.0,1.0,0.0,0.0,0.0
11,175,12.0,0.0,1.0,1.0,1.0,1.0,1.0,0.0
12,175,9.061534461787623,9.626234940244524,1.0,0.0,1.0,0.0,1.0,0.0
13,175,3.085285735232393,12.0,1.0,1.0,0.0,0.0,0.0,0.0
14,175,12.0,2.2809248430306046,0.0,1.0,0.0,0.0,0.0,0.0
15,175,1.2086276125107385,2.98594649817034,1.0,1.0,0.0,1.0,1.0,1.0
16,175,2.330232757632052,4.660440720938323,1.0,1.0,0.0,0.0,0.0,0.0
17,175,1.7179671528568583,11.600900037227436,0.0,1.0,1.0,1.0,1.0,0.0
18,175,3.2283271866815717,5.433920433782034,0.0,0.0,0.0,1.0,0.0,0.0
19,175,10.495393206876477,2.143008513451388,0.0,0.0,1.0,1.0,1.0,0.0
20,175,6.645937748440967e-05,5.964875064243692,0.0,1.0,0.0,0.0,0.0,1.0
21,175,4.429492354750396,12.0,0.0,0.0,0.0,0.0,0.0,0.0
22,175,9.13116660304699,7.901221881577581,1.0,0.0,1.0,0.0,1.0,0.0
23,175,10.513172809481867,11.671390088808916,1.0,1.0,0.0,1.0,0.0,0.0
24,175,10.001655364796314,1.0861492331480482,1.0,1.0,1.0,0.0,1.0,0.0
25,175,1.7555109663962407,9.761482064419312,1.0,0.0,0.0,0.0,0.0,0.0
26,175,4.909646037573341,2.592656957202216,0.0,0.0,0.0,1.0,1.0,1.0
27,175,10.036714558017383,4.9186737609226965,0.0,1.0,1.0,1.0,1.0,0.0
28,175,4.43287944379117,0.2370862038927761,0.0,1.0,0.0,1.0,1.0,0.0
29,175,5.720282677090176,6.48464090424488,0.0,1.0,1.0,0.0,1.0,1.0
30,175,8.910225492656103,4.861690495440864,0.0,0.0,1.0,0.0,0.0,0.0
31,175,9.928779254832724,8.315484980821875,0.0,1.0,1.0,1.0,1.0,0.0
32,175,1.419832887424652,3.1788532295910783,1.0,0.0,1.0,1.0,1.0,0.0
33,175,8.424047810522664,12.0,0.0,0.0,1.0,0.0,1.0,0.0
34,175,4.3954383183817,3.327209465799638,1.0,0.0,0.0,0.0,0.0,0.0
35,175,9.909033937185274,8.687970957250737,1.0,0.0,0.0,1.0,1.0,1.0
36,175,0.6553450685569056,10.793054653046635,0.0,0.0,0.0,1.0,0.0,1.0
37,175,12.0,0.6495692437663754,0.0,1.0,1.0,1.0,0.0,0.0
38,175,0.8001910097721514,9.882913823327195,0.0,0.0,1.0,0.0,1.0,1.0
39,175,0.925637532071285,7.044436738149621,0.0,1.0,1.0,0.0,1.0,1.0
0,180,5.967764042071068,0.0,0.0,0.0,0.0,0.0,0.0,0.0
1,180,1.0684541671050791,4.514729286388438,0.0,0.0,0.0,0.0,0.0,0.0
2,180,9.170541358131098,4.579683238689224,1.0,0.0,0.0,1.0,1.0,0.0
3,180,10.509222157315415,2.227180588675599,0.0,0.0,0.0,1.0,1.0,0.0
4,180,0.7614964392244037,11.439541322606637,0.0,0.0,0.0,0.0,0.0,0.0
5,180,8.913677247571687,2.480528643714792,1.0,0.0,0.0,1.0,1.0,0.0
6,180,9.308348233871,3.4511652067812038,0.0,1.0,0.0,1.0,0.0,1.0
7,180,9.553926423522109,5.3775247439696745,0.0,0.0,1.0,1.0,0.0,0.0
8,180,11.674043638266683,0.6942594995569694,1.0,0.0,1.0,0.0,0.0,0.0
9,180,8.37273224659737,1.6056620279826093,1.0,0.0,0.0,0.0,1.0,0.0
10,180,2.76083807726707,4.046700304352139,0.0,0.0,1.0,0.0,0.0,0.0
11,180,12.0,0.0,1.0,1.0,1.0,1.0,1.0,0.0
12,180,9.058431402532117,9.599181743670044,1.0,0.0,1.0,0.0,1.0,0.0
13,180,3.056152720304422,12.0,1.0,1.0,0.0,0.0,0.0,0.0
14,180,12.0,2.2847351287168163,0.0,1.0,0.0,0.0,0.0,0.0
15,180,1.1710714895841587,2.9581389287745425,1.0,1.0,0.0,1.0,1.0,1.0
16,180,2.435256230497451,4.524039593592034,1.0,1.0,0.0,0.0,0.0,0.0
17,180,1.7936053117977555,11.655116427455429,0.0,1.0,1.0,1.0,1.0,0.0
18,180,3.1952374375794483,5.40580899304159,0.0,0.0,0.0,1.0,0.0,0.0
19,180,10.465392681637768,2.134634053364157,0.0,0.0,1.0,1.0,1.0,0.0
20,180,0.0,6.021816634687034,0.0,1.0,0.0,0.0,0.0,1.0
21,180,4.41989448396172,12.0,0.0,0.0,0.0,0.0,0.0,0.0
22,180,9.148144413376654,7.902396672019602,1.0,0.0,1.0,0.0,1.0,0.0
23,180,10.523833869561155,11.64500381128738,1.0,1.0,0.0,1.0,0.0,0.0
24,180,10.02995850476544,1.110466816064235,1.0,1.0,1.0,0.0,1.0,0.0
25,180,1.7575513661553943,9.792350371539037,1.0,0.0,0.0,0.0,0.0,0.0
26,180,4.828438233703024,2.6378374886182456,0.0,0.0,0.0,1.0,1.0,1.0
27,180,10.057954155845328,4.884271656090537,0.0,1.0,1.0,1.0,1.0,0.0
28,180,4.40431404149824,0.2401672908732667,0.0,1.0,0.0,1.0,1.0,0.0
29,180,5.673786940245452,6.631339930525479,0.0,1.0,1.0,0.0,1.0,1.0
30,180,8.852693476993235,4.7921682699206345,0.0,0.0,1.0,0.0,0.0,0.0
31,180,9.857598010889753,8.331034612489391,0.0,1.0,1.0,1.0,1.0,0.0
32,180,1.3823666692970034,3.1116773147961747,1.0,0.0,1.0,1.0,1.0,0.0
33,180,8.40262169498614,12.0,0.0,0.0,1.0,0.0,1.0,0.0
34,180,4.518932086912266,3.4281545321092,1.0,0.0,0.0,0.0,0.0,0.0
35,180,9.898757854796436,8.522711940525452,1.0,0.0,0.0,1.0,1.0,1.0
36,180,0.6856195174876085,10.860245821368483,0.0,0.0,0.0,1.0,0.0,1.0
37,180,12.0,0.6024878094188711,0.0,1.0,1.0,1.0,0.0,0.0
38,180,0.7976406217579612,9.89478076846823,0.0,0.0,1.0,0.0,1.0,1.0
39,180,0.9532069792010532,7.043196999146175,0.0,1.0,1.0,0.0,1.0,1.0
0,185,5.7121577283517,0.0,0.0,0.0,0.0,0.0,0.0,0.0
1,185,0.925431448252108,4.488869363404205,0.0,0.0,0.0,0.0,0.0,0.0
2,185,9.223500926763547,4.457232887882512,1.0,0.0,0.0,1.0,1.0,0.0
3,185,10.574005371539007,2.281751273739116,0.0,0.0,0.0,1.0,1.0,0.0
4,185,0.793780795257763,11.587807865794655,0.0,0.0,0.0,0.0,0.0,0.0
5,185,8.98666694503122,2.4092978946017287,1.0,0.0,0.0,1.0,1.0,0.0
6,185,9.121999510668733,3.489247499113175,0.0,1.0,0.0,1.0,0.0,1.0
7,185,9.597461909409812,5.35820000635396,0.0,0.0,1.0,1.0,0.0,0.0
8,185,11.681608168968111,0.6843660153650072,1.0,0.0,1.0,0.0,0.0,0.0
9,185,8.475732014667761,1.7179946664246262,1.0,0.0,0.0,0.0,1.0,0.0
10,185,2.762371175074528,4.0308918774730405,0.0,0.0,1.0,0.0,0.0,0.0
11,185,12.0,0.0,1.0,1.0,1.0,1.0,1.0,0.0
12,185,9.055076244415972,9.573435949955249,1.0,0.0,1.0,0.0,1.0,0.0
13,185,3.023347015918337,12.0,1.0,1.0,0.0,0.0,0.0,0.0
14,185,12.0,2.2885079093680094,0.0,1.0,0.0,0.0,0.0,0.0
15,185,1.121756256334984,2.92027389357118,1.0,1.0,0.0,1.0,1.0,1.0
16,185,2.5311579641729383,4.39689337774453,1.0,1.0,0.0,0.0,0.0,0.0
17,185,1.8581443362489665,11.698483610644669,0.0,1.0,1.0,1.0,1.0,0.0
18,185,3.155257143380023,5.36978890105527,0.0,0.0,0.0,1.0,0.0,0.0
19,185,10.417795482772506,2.120797257882776,0.0,0.0,1.0,1.0,1.0,0.0
20,185,0.0,6.080220058193508,0.0,1.0,0.0,0.0,0.0,1.0
21,185,4.412615468421267,12.0,0.0,0.0,0.0,0.0,0.0,0.0
22,185,9.147673492659482,7.902377321816636,1.0,0.0,1.0,0.0,1.0,0.0
23,185,10.522735107011345,11.647542917700337,1.0,1.0,0.0,1.0,0.0,0.0
24,185,10.066177360990013,1.1417863632108738,1.0,1.0,1.0,0.0,1.0,0.0
25,185,1.7585343436350511,9.804670123780287,1.0,0.0,0.0,0.0,0.0,0.0
26,185,4.751473790979355,2.6786784026318275,0.0,0.0,0.0,1.0,1.0,1.0
27,185,10.070392562506488,4.864025333945623,0.0,1.0,1.0,1.0,1.0,0.0
28,185,4.3871377463783725,0.242139743469947,0.0,1.0,0.0,1.0,1.0,0.0
29,185,5.63424933753505,6.756756804918365,0.0,1.0,1.0,0.0,1.0,1.0
30,185,8.765411484181659,4.682751703376809,0.0,0.0,1.0,0.0,0.0,0.0
31,185,9.78714911434314,8.345844058537612,0.0,1.0,1.0,1.0,1.0,0.0
32,185,1.3445373833938463,3.0434829360995783,1.0,0.0,1.0,1.0,1.0,0.0
33,185,8.3745570413839,12.0,0.0,0.0,1.0,0.0,1.0,0.0
34,185,4.656471393316151,3.536735337803702,1.0,0.0,0.0,0.0,0.0,0.0
35,185,9.89274066070154,8.35848651840576,1.0,0.0,0.0,1.0,1.0,1.0
36,185,0.6195791339049955,10.889249622267355,0.0,0.0,0.0,1.0,0.0,1.0
37,185,12.0,0.5552411184016984,0.0,1.0,1.0,1.0,0.0,0.0
38,185,0.7984333511822785,9.890749533931404,0.0,0.0,1.0,0.0,1.0,1.0
39,185,0.9941479427702464,7.040848786795305,0.0,1.0,1.0,0.0,1.0,1.0
0,190,5.447085026098142,0.0,0.0,0.0,0.0,0.0,0.0,0.0
1,190,0.7906522079155873,4.463234072906662,0.0,0.0,0.0,0.0,0.0,0.0
2,190,9.277050196702431,4.3328767711075855,1.0,0.0,0.0,1.0,1.0,0.0
3,190,10.66779145060495,2.362154418748312,0.0,0.0,0.0,1.0,1.0,0.0
4,190,0.8275625131951272,11.73846555910968,0.0,0.0,0.0,0.0,0.0,0.0
5,190,9.060393301853397,2.337411752891457,1.0,0.0,0.0,1.0,1.0,0.0
6,190,8.940072840177956,3.5305025974051105,0.0,1.0,0.0,1.0,0.0,1.0
7,190,9.660520824906625,5.329601841203194,0.0,0.0,1.0,1.0,0.0,0.0
8,190,11.687237229679155,0.6768064384378369,1.0,0.0,1.0,0.0,0.0,0.0
9,190,8.564123792608536,1.8198216565542795,1.0,0.0,0.0,0.0,1.0,0.0
10,190,2.763289581189561,4.02312417473659,0.0,0.0,1.0,0.0,0.0,0.0
11,190,12.0,0.0,1.0,1.0,1.0,1.0,1.0,0.0
12,190,9.051059379045762,9.53589542877087,1.0,0.0,1.0,0.0,1.0,0.0
13,190,3.0079606920109963,12.0,1.0,1.0,0.0,0.0,0.0,0.0
14,190,12.0,2.2958723393566016,0.0,1.0,0.0,0.0,0.0,0.0
15,190,1.0846139235123768,2.890715636821168,1.0,1.0,0.0,1.0,1.0,1.0
16,190,2.613446819057588,4.28498227832791,1.0,1.0,0.0,0.0,0.0,0.0
17,190,1.9211432514082207,11.739972266419429,0.0,1.0,1.0,1.0,1.0,0.0
18,190,3.122225014372684,5.340629053791639,0.0,0.0,0.0,1.0,0.0,0.0
19,190,10.375543728944784,2.1106228288750044,0.0,0.0,1.0,1.0,1.0,0.0
20,190,0.0,6.128730372339068,0.0,1.0,0.0,0.0,0.0,1.0
21,190,4.404078305174502,12.0,0.0,0.0,0.0,0.0,0.0,0.0
22,190,9.141240296441993,7.902289899419136,1.0,0.0,1.0,0.0,1.0,0.0
23,190,10.527238557008271,11.637281533322012,1.0,1.0,0.0,1.0,0.0,0.0
24,190,10.10699808072842,1.179115038523973,1.0,1.0,1.0,0.0,1.0,0.0
25,190,1.75926178321991,9.812429496132182,1.0,0.0,0.0,0.0,0.0,0.0
26,190,4.679130230196299,2.721837556432065,0.0,0.0,0.0,1.0,1.0,1.0
27,190,10.080888758233897,4.84699856835064,0.0,1.0,1.0,1.0,1.0,0.0
28,190,4.389673926821046,0.2418455916903919,0.0,1.0,0.0,1.0,1.0,0.0
29,190,5.591230194371831,6.893230577931873,0.0,1.0,1.0,0.0,1.0,1.0
30,190,8.682767509192493,4.581077027010234,0.0,0.0,1.0,0.0,0.0,0.0
31,190,9.731321495131624,8.357498828524642,0.0,1.0,1.0,1.0,1.0,0.0
32,190,1.3045655742383662,2.973365141465059,1.0,0.0,1.0,1.0,1.0,0.0
33,190,8.3360333767838,12.0,0.0,0.0,1.0,0.0,1.0,0.0
34,190,4.801823739005712,3.648276271874604,1.0,0.0,0.0,0.0,0.0,0.0
35,190,9.886099889391238,8.200521375330085,1.0,0.0,0.0,1.0,1.0,1.0
36,190,0.5461709724363049,10.919747543528253,0.0,0.0,0.0,1.0,0.0,1.0
37,190,12.0,0.5137930200186936,0.0,1.0,1.0,1.0,0.0,0.0
38,190,0.7979041276898203,9.89349909657115,0.0,0.0,1.0,0.0,1.0,1.0
39,190,1.042650420946052,7.037150982567274,0.0,1.0,1.0,0.0,1.0,1.0
0,195,5.18114220619988,0.0,0.0,0.0,0.0,0.0,0.0,0.0
1,195,0.7641149925392796,4.612475744533692,0.0,0.0,0.0,0.0,0.0,0.0
2,195,9.327595096938284,4.214867473748746,1.0,0.0,0.0,1.0,1.0,0.0
3,195,10.764824808778616,2.4464599536860248,0.0,0.0,0.0,1.0,1.0,0.0
4,195,0.8596888536211068,11.8759084524144,0.0,0.0,0.0,0.0,0.0,0.0
5,195,9.141713091769564,2.2601385652278427,1.0,0.0,0.0,1.0,1.0,0.0
6,195,8.766995388184544,3.57042027511313,0.0,1.0,0.0,1.0,0.0,1.0
7,195,9.719600837766295,5.304420653694887,0.0,0.0,1.0,1.0,0.0,0.0
8,195,11.694386998103854,0.6670569765067311,1.0,0.0,1.0,0.0,0.0,0.0
9,195,8.643004046717532,1.914542835727001,1.0,0.0,0.0,0.0,1.0,0.0
10,195,2.7659015398981417,4.002387516642756,0.0,0.0,1.0,0.0,0.0,0.0
11,195,12.0,0.0,1.0,1.0,1.0,1.0,1.0,0.0
12,195,9.044736954074182,9.489051579892685,1.0,0.0,1.0,0.0,1.0,0.0
13,195,2.984689381277219,12.0,1.0,1.0,0.0,0.0,0.0,0.0
14,195,12.0,2.308891322569317,0.0,1.0,0.0,0.0,0.0,0.0
15,195,1.032915787294037,2.847650153787362,1.0,1.0,0.0,1.0,1.0,1.0
16,195,2.690480241510501,4.172655983996117,1.0,1.0,0.0,0.0,0.0,0.0
17,195,1.977252303753954,11.776058241672995,0.0,1.0,1.0,1.0,1.0,0.0
18,195,3.088955180930818,5.310870522959099,0.0,0.0,0.0,1.0,0.0,0.0
19,195,10.330918598851284,2.1004272877395183,0.0,0.0,1.0,1.0,1.0,0.0
20,195,0.0,6.092197433870376,0.0,1.0,0.0,0.0,0.0,1.0
21,195,4.395355225858304,12.0,0.0,0.0,0.0,0.0,0.0,0.0
22,195,9.130988730996066,7.902049113604126,1.0,0.0,1.0,0.0,1.0,0.0
23,195,10.534379948724524,11.620813557867468,1.0,1.0,0.0,1.0,0.0,0.0
24,195,10.143802933712966,1.2117330205363863,1.0,1.0,1.0,0.0,1.0,0.0
25,195,1.7610940073152253,9.835585710210044,1.0,0.0,0.0,0.0,0.0,0.0
26,195,4.594088745495545,2.770972025272443,0.0,0.0,0.0,1.0,1.0,1.0
27,195,10.08399936345984,4.842203267921508,0.0,1.0,1.0,1.0,1.0,0.0
28,195,4.4104734572293065,0.2391330517442468,0.0,1.0,0.0,1.0,1.0,0.0
29,195,5.560323801398408,7.000997118732707,0.0,1.0,1.0,0.0,1.0,1.0
30,195,8.58774144074942,4.468956102958075,0.0,0.0,1.0,0.0,0.0,0.0
31,195,9.67938872769113,8.368906780893042,0.0,1.0,1.0,1.0,1.0,0.0
32,195,1.260559592836712,2.8966236794886377,1.0,0.0,1.0,1.0,1.0,0.0
33,195,8.30139814489609,12.0,0.0,0.0,1.0,0.0,1.0,0.0
34,195,4.921658714071646,3.737648655133868,1.0,0.0,0.0,0.0,0.0,0.0
35,195,9.881252859951742,8.051352143748472,1.0,0.0,0.0,1.0,1.0,1.0
36,195,0.4567708735186945,10.956903703556527,0.0,0.0,0.0,1.0,0.0,1.0
37,195,12.0,0.4878371970579316,0.0,1.0,1.0,1.0,0.0,0.0
38,195,0.7949523068838734,9.906946432290052,0.0,0.0,1.0,0.0,1.0,1.0
39,195,1.0732340902493958,7.03429260237709,0.0,1.0,1.0,0.0,1.0,1.0
0,200,4.915297143068416,0.0,0.0,0.0,0.0,0.0,0.0,0.0
1,200,0.7416776875187814,4.771120633963792,0.0,0.0,0.0,0.0,0.0,0.0
2,200,9.381900087193346,4.091774888235179,1.0,0.0,0.0,1.0,1.0,0.0
3,200,10.865284066315,2.53779863572199,0.0,0.0,0.0,1.0,1.0,0.0
4,200,0.8972167834005658,12.0,0.0,0.0,0.0,0.0,0.0,0.0
5,200,9.23024946668105,2.1778177460975785,1.0,0.0,0.0,1.0,1.0,0.0
6,200,8.612718347580817,3.609712084993446,0.0,1.0,0.0,1.0,0.0,1.0
7,200,9.789871550290009,5.274563155890106,0.0,0.0,1.0,1.0,0.0,0.0
8,200,11.69734931364783,0.6629571418506672,1.0,0.0,1.0,0.0,0.0,0.0
9,200,8.736587067147692,2.027619682938696,1.0,0.0,0.0,0.0,1.0,0.0
10,200,2.7661576095857545,4.000348290572545,0.0,0.0,1.0,0.0,0.0,0.0
11,200,12.0,0.0,1.0,1.0,1.0,1.0,1.0,0.0
12,200,9.040247953990155,9.451230541650812,1.0,0.0,1.0,0.0,1.0,0.0
13,200,2.980783241570944,12.0,1.0,1.0,0.0,0.0,0.0,0.0
14,200,11.992247720197208,2.302496702353643,0.0,1.0,0.0,0.0,0.0,0.0
15,200,1.0058832786601517,2.8250133622810782,1.0,1.0,0.0,1.0,1.0,1.0
16,200,2.767818625220741,4.058873264511606,1.0,1.0,0.0,0.0,0.0,0.0
17,200,2.0614707953784164,11.830515473932744,0.0,1.0,1.0,1.0,1.0,0.0
18,200,3.0516008602236946,5.280941728824306,0.0,0.0,0.0,1.0,0.0,0.0
19,200,10.274890995466263,2.087982096743822,0.0,0.0,1.0,1.0,1.0,0.0
20,200,0.0,6.047303948395949,0.0,1.0,0.0,0.0,0.0,1.0
21,200,4.387103768245582,12.0,0.0,0.0,0.0,0.0,0.0,0.0
22,200,9.14985261521091,7.90288721336564,1.0,0.0,1.0,0.0,1.0,0.0
23,200,10.54237850660391,11.60240054972327,1.0,1.0,0.0,1.0,0.0,0.0
24,200,10.167407654191942,1.2323145641192703,1.0,1.0,1.0,0.0,1.0,0.0
25,200,1.7595773762627318,9.823445796137252,1.0,0.0,0.0,0.0,0.0,0.0
26,200,4.521904473904147,2.8165204148294225,0.0,0.0,0.0,1.0,1.0,1.0
27,200,10.074895788005838,4.856389773387432,0.0,1.0,1.0,1.0,1.0,0.0
28,200,4.440075504240719,0.2353753412350551,0.0,1.0,0.0,1.0,1.0,0.0
29,200,5.537673628127322,7.083309808173604,0.0,1.0,1.0,0.0,1.0,1.0
30,200,8.480979931476686,4.349199209618348,0.0,0.0,1.0,0.0,0.0,0.0
31,200,9.628742032377623,8.379616660101386,0.0,1.0,1.0,1.0,1.0,0.0
32,200,1.2203021018162945,2.8265050768547977,1.0,0.0,1.0,1.0,1.0,0.0
33,200,8.267581909835776,12.0,0.0,0.0,1.0,0.0,1.0,0.0
34,200,5.059874304831837,3.84446893544988,1.0,0.0,0.0,0.0,0.0,0.0
35,200,9.880127214751058,7.884281836470496,1.0,0.0,0.0,1.0,1.0,1.0
36,200,0.3727176611099378,10.990657947086802,0.0,0.0,0.0,1.0,0.0,1.0
37,200,12.0,0.4501877062940141,0.0,1.0,1.0,1.0,0.0,0.0
38,200,0.7919275886877022,9.92035267690013,0.0,0.0,1.0,0.0,1.0,1.0
39,200,1.0913227237762435,7.032732130131095,0.0,1.0,1.0,0.0,1.0,1.0
0,205,4.660755591914809,0.0,0.0,0.0,0.0,0.0,0.0,0.0
1,205,0.7236094132832495,4.918832396728619,0.0,0.0,0.0,0.0,0.0,0.0
2,205,9.43872027004452,3.959268205925621,1.0,0.0,0.0,1.0,1.0,0.0
3,205,10.951815072586294,2.617060058694567,0.0,0.0,0.0,1.0,1.0,0.0
4,205,0.92990263063058,12.0,0.0,0.0,0.0,0.0,0.0,0.0
5,205,9.326709752783708,2.088848093743399,1.0,0.0,0.0,1.0,1.0,0.0
6,205,8.455813625942449,3.650442202945236,0.0,1.0,0.0,1.0,0.0,1.0
7,205,9.8502655662347,5.2513803485259976,0.0,0.0,1.0,1.0,0.0,0.0
8,205,11.710780286558949,0.6444211890866717,1.0,0.0,1.0,0.0,0.0,0.0
9,205,8.827562489387644,2.1340106701753583,1.0,0.0,0.0,0.0,1.0,0.0
10,205,2.766171645275865,4.000239877271688,0.0,0.0,1.0,0.0,0.0,0.0
11,205,12.0,0.0,1.0,1.0,1.0,1.0,1.0,0.0
12,205,9.033491686642972,9.39597293634862,1.0,0.0,1.0,0.0,1.0,0.0
13,205,2.971175517677731,12.0,1.0,1.0,0.0,0.0,0.0,0.0
14,205,11.965090704181677,2.279630229849789,0.0,1.0,0.0,0.0,0.0,0.0
15,205,0.971687958950555,2.796546258693764,1.0,1.0,0.0,1.0,1.0,1.0
16,205,2.841566283121217,3.9482435153816686,1.0,1.0,0.0,0.0,0.0,0.0
17,205,2.1461714001246204,11.884162038524297,0.0,1.0,1.0,1.0,1.0,0.0
18,205,3.031444191116566,5.264180449642328,0.0,0.0,0.0,1.0,0.0,0.0
19,205,10.187297879808488,2.0707991622535578,0.0,0.0,1.0,1.0,1.0,0.0
20,205,0.0,6.0084910445985305,0.0,1.0,0.0,0.0,0.0,1.0
21,205,4.379529128824669,12.0,0.0,0.0,0.0,0.0,0.0,0.0
22,205,9.174185615266287,7.903910872467643,1.0,0.0,1.0,0.0,1.0,0.0
23,205,10.561184775886618,11.557837756208423,1.0,1.0,0.0,1.0,0.0,0.0
24,205,10.195595714663405,1.2595433958034576,1.0,1.0,1.0,0.0,1.0,0.0
25,205,1.7596620428346774,9.824137625085148,1.0,0.0,0.0,0.0,0.0,0.0
26,205,4.435719618774299,2.867820967583939,0.0,0.0,0.0,1.0,1.0,1.0
27,205,10.070262591284944,4.863061152529015,0.0,1.0,1.0,1.0,1.0,0.0
28,205,4.477749857113029,0.230400652208548,0.0,1.0,0.0,1.0,1.0,0.0
29,205,5.512692695069245,7.16235340221077,0.0,1.0,1.0,0.0,1.0,1.0
30,205,8.372912839061497,4.232507947728474,0.0,0.0,1.0,0.0,0.0,0.0
31,205,9.637929858183009,8.42341407865371,0.0,1.0,1.0,1.0,1.0,0.0
32,205,1.164555342419648,2.72569034903732,1.0,0.0,1.0,1.0,1.0,0.0
33,205,8.255665129474453,12.0,0.0,0.0,1.0,0.0,1.0,0.0
34,205,5.196568871896161,3.956458707693543,1.0,0.0,0.0,0.0,0.0,0.0
35,205,9.881184562644592,7.715449859689178,1.0,0.0,0.0,1.0,1.0,1.0
36,205,0.2826784197837866,11.023586603332282,0.0,0.0,0.0,1.0,0.0,1.0
37,205,12.0,0.4364137915927839,0.0,1.0,1.0,1.0,0.0,0.0
38,205,0.7899262120013187,9.929139832016531,0.0,0.0,1.0,0.0,1.0,1.0
39,205,1.097882473430877,7.032325847877633,0.0,1.0,1.0,0.0,1.0,1.0
0,210,4.394498754863496,0.0,0.0,0.0,0.0,0.0,0.0,0.0
1,210,0.7016242535631761,5.0657731490080975,0.0,0.0,0.0,0.0,0.0,0.0
2,210,9.492580997210329,3.83368631501931,1.0,0.0,0.0,1.0,1.0,0.0
3,210,11.028859419926102,2.6871199583429424,0.0,0.0,0.0,1.0,1.0,0.0
4,210,0.9631321550253824,12.0,0.0,0.0,0.0,0.0,0.0,0.0
5,210,9.41073800678919,2.01323361086557,1.0,0.0,0.0,1.0,1.0,0.0
6,210,8.289819114667802,3.69696344252456,0.0,1.0,0.0,1.0,0.0,1.0
7,210,9.892956360775685,5.23405115087831,0.0,0.0,1.0,1.0,0.0,0.0
8,210,11.725298916355596,0.6237441501180864,1.0,0.0,1.0,0.0,0.0,0.0
9,210,8.930652905514677,2.254234662488152,1.0,0.0,0.0,0.0,1.0,0.0
10,210,2.767760603733442,3.9884660809857535,0.0,0.0,1.0,0.0,0.0,0.0
11,210,12.0,0.0,1.0,1.0,1.0,1.0,1.0,0.0
12,210,9.02560136959118,9.322538827544856,1.0,0.0,1.0,0.0,1.0,0.0
13,210,2.928384623217911,12.0,1.0,1.0,0.0,0.0,0.0,0.0
14,210,11.929298929176936,2.250273450201793,0.0,1.0,0.0,0.0,0.0,0.0
15,210,0.939594182084279,2.770920969421453,1.0,1.0,0.0,1.0,1.0,1.0
16,210,2.91712305781077,3.8397752338935462,1.0,1.0,0.0,0.0,0.0,0.0
17,210,2.226685350632176,11.93305958874906,0.0,1.0,1.0,1.0,1.0,0.0
18,210,3.001598835282698,5.2394230494125775,0.0,0.0,0.0,1.0,0.0,0.0
19,210,10.097699443288516,2.0530763313220546,0.0,0.0,1.0,1.0,1.0,0.0
20,210,0.0,5.956513031668951,0.0,1.0,0.0,0.0,0.0,1.0
21,210,4.3715442733237255,12.0,0.0,0.0,0.0,0.0,0.0,0.0
22,210,9.21767341266335,7.904567844893693,1.0,0.0,1.0,0.0,1.0,0.0
23,210,10.579196383138028,11.516326925323666,1.0,1.0,0.0,1.0,0.0,0.0
24,210,10.22077263941122,1.2847788266815416,1.0,1.0,1.0,0.0,1.0,0.0
25,210,1.7593138141358575,9.82190392342785,1.0,0.0,0.0,0.0,0.0,0.0
26,210,4.333798892954508,2.924459433794505,0.0,0.0,0.0,1.0,1.0,1.0
27,210,10.069448139152868,4.864260538248816,0.0,1.0,1.0,1.0,1.0,0.0
28,210,4.5129340514156455,0.2243873326361996,0.0,1.0,0.0,1.0,1.0,0.0
29,210,5.48754109207214,7.238887412187725,0.0,1.0,1.0,0.0,1.0,1.0
30,210,8.261800083908543,4.113143642448348,0.0,0.0,1.0,0.0,0.0,0.0
31,210,9.646403392868402,8.474967755038344,0.0,1.0,1.0,1.0,1.0,0.0
32,210,1.1162970099654874,2.634026915020094,1.0,0.0,1.0,1.0,1.0,0.0
33,210,8.247281022211185,12.0,0.0,0.0,1.0,0.0,1.0,0.0
34,210,5.337518189648804,4.0636662319001005,1.0,0.0,0.0,0.0,0.0,0.0
35,210,9.883968706311984,7.54733159522456,1.0,0.0,0.0,1.0,1.0,1.0
36,210,0.2193464806220826,11.0439359905543,0.0,0.0,0.0,1.0,0.0,1.0
37,210,12.0,0.4170936142763629,0.0,1.0,1.0,1.0,0.0,0.0
38,210,0.7863137976010304,9.943993207439515,0.0,0.0,1.0,0.0,1.0,1.0
39,210,1.12441772273376,7.030512557600237,0.0,1.0,1.0,0.0,1.0,1.0
0,215,4.110703909975698,0.0,0.0,0.0,0.0,0.0,0.0,0.0
1,215,0.6673975906759164,5.249000867487846,0.0,0.0,0.0,0.0,0.0,0.0
2,215,9.55254775969473,3.698262085602394,1.0,0.0,0.0,1.0,1.0,0.0
3,215,11.0999629111559,2.751650229549123,0.0,0.0,0.0,1.0,1.0,0.0
4,215,1.0033828421546254,12.0,0.0,0.0,0.0,0.0,0.0,0.0
5,215,9.479462424851494,1.948743462156234,1.0,0.0,0.0,1.0,1.0,0.0
6,215,8.127016714703936,3.745920952277032,0.0,1.0,0.0,1.0,0.0,1.0
7,215,9.95565459764702,5.210544329067271,0.0,0.0,1.0,1.0,0.0,0.0
8,215,11.737899914586476,0.6059098390882068,1.0,0.0,1.0,0.0,0.0,0.0
9,215,9.028010310727606,2.3692565177080085,1.0,0.0,0.0,0.0,1.0,0.0
10,215,2.7692214129022554,3.977400552390301,0.0,0.0,1.0,0.0,0.0,0.0
11,215,12.0,0.0,1.0,1.0,1.0,1.0,1.0,0.0
12,215,9.01892920206368,9.250355033157367,1.0,0.0,1.0,0.0,1.0,0.0
13,215,2.8869364559192894,12.0,1.0,1.0,0.0,0.0,0.0,0.0
14,215,11.912846703310292,2.237293702536856,0.0,1.0,0.0,0.0,0.0,0.0
15,215,0.92735930630235,2.760645487814525,1.0,1.0,0.0,1.0,1.0,1.0
16,215,2.9944068823641503,3.726841618369869,1.0,1.0,0.0,0.0,0.0,0.0
17,215,2.322155900454092,11.990546564748549,0.0,1.0,1.0,1.0,1.0,0.0
18,215,2.9631847414904637,5.207229861941971,0.0,0.0,0.0,1.0,0.0,0.0
19,215,10.002650973024096,2.0345379166021247,0.0,0.0,1.0,1.0,1.0,0.0
20,215,0.0,5.891122845041174,0.0,1.0,0.0,0.0,0.0,1.0
21,215,4.360912326048045,12.0,0.0,0.0,0.0,0.0,0.0,0.0
22,215,9.27353999423793,7.905951194405405,1.0,0.0,1.0,0.0,1.0,0.0
23,215,10.598073725828565,11.47238628061571,1.0,1.0,0.0,1.0,0.0,0.0
24,215,10.24895681759191,1.3131590898369647,1.0,1.0,1.0,0.0,1.0,0.0
25,215,1.7624326920533333,9.84217178921872,1.0,0.0,0.0,0.0,0.0,0.0
26,215,4.279998067747282,2.8288719707794563,0.0,0.0,0.0,1.0,1.0,1.0
27,215,10.070417360456464,4.8628091453759295,0.0,1.0,1.0,1.0,1.0,0.0
28,215,4.553887237285165,0.2174635540822969,0.0,1.0,0.0,1.0,1.0,0.0
29,215,5.466196386739146,7.300234840769058,0.0,1.0,1.0,0.0,1.0,1.0
30,215,8.17053776671663,4.011566785277838,0.0,0.0,1.0,0.0,0.0,0.0
31,215,9.65552686240144,8.525521497566983,0.0,1.0,1.0,1.0,1.0,0.0
32,215,1.06643430045653,2.537119713091356,1.0,0.0,1.0,1.0,1.0,0.0
33,215,8.229660076754337,12.0,0.0,0.0,1.0,0.0,1.0,0.0
34,215,5.492765577020624,4.178035525897017,1.0,0.0,0.0,0.0,0.0,0.0
35,215,9.890906688940714,7.362060196563985,1.0,0.0,0.0,1.0,1.0,1.0
36,215,0.1823587675238974,11.054493988774755,0.0,0.0,0.0,1.0,0.0,1.0
37,215,12.0,0.3937944770242634,0.0,1.0,1.0,1.0,0.0,0.0
38,215,0.7826501423524903,9.957772125483158,0.0,0.0,1.0,0.0,1.0,1.0
39,215,1.1460888884394005,7.029000058060687,0.0,1.0,1.0,0.0,1.0,1.0
0,220,3.9983393548054074,0.2743200321850419,0.0,0.0,0.0,0.0,0.0,0.0
1,220,0.638546230777597,5.411628223695183,0.0,0.0,0.0,0.0,0.0,0.0
2,220,9.62079055380649,3.5486421550496785,1.0,0.0,0.0,1.0,1.0,0.0
3,220,11.177879718150262,2.824659972929125,0.0,0.0,0.0,1.0,1.0,0.0
4,220,1.044261105752497,12.0,0.0,0.0,0.0,0.0,0.0,0.0
5,220,9.553044137275537,1.8797723337031809,1.0,0.0,0.0,1.0,1.0,0.0
6,220,7.988898825775939,3.788863572501689,0.0,1.0,0.0,1.0,0.0,1.0
7,220,10.0052987466427,5.191706604945886,0.0,0.0,1.0,1.0,0.0,0.0
8,220,11.74155126422935,0.6006908577263295,1.0,0.0,1.0,0.0,0.0,0.0
9,220,9.128749438487056,2.48847457191248,1.0,0.0,0.0,0.0,1.0,0.0
10,220,2.772564208902764,3.954170332112889,0.0,0.0,1.0,0.0,0.0,0.0
11,220,12.0,0.0,1.0,1.0,1.0,1.0,1.0,0.0
12,220,9.010118706418409,9.167746617342829,1.0,0.0,1.0,0.0,1.0,0.0
13,220,2.8470320110218723,12.0,1.0,1.0,0.0,0.0,0.0,0.0
14,220,11.910107574919524,2.235076955527453,0.0,1.0,0.0,0.0,0.0,0.0
15,220,0.9186125458360074,2.7532922181898725,1.0,1.0,0.0,1.0,1.0,1.0
16,220,3.075862462042344,3.609436194653126,1.0,1.0,0.0,0.0,0.0,0.0
17,220,2.4217653213693984,12.0,0.0,1.0,1.0,1.0,1.0,0.0
18,220,2.915814621703623,5.170183093088089,0.0,0.0,0.0,1.0,0.0,0.0
19,220,9.893364375774176,2.010399631014813,0.0,0.0,1.0,1.0,1.0,0.0
20,220,0.0,5.818245997304087,0.0,1.0,0.0,0.0,0.0,1.0
21,220,4.349312600110928,12.0,0.0,0.0,0.0,0.0,0.0,0.0
22,220,9.343151170551783,7.907309652853034,1.0,0.0,1.0,0.0,1.0,0.0
23,220,10.612527371541985,11.4403451666583,1.0,1.0,0.0,1.0,0.0,0.0
24,220,10.26850197192343,1.3336718697206862,1.0,1.0,1.0,0.0,1.0,0.0
25,220,1.7660849107259486,9.865358221243977,1.0,0.0,0.0,0.0,0.0,0.0
26,220,4.2168537595890765,2.7213573450276205,0.0,0.0,0.0,1.0,1.0,1.0
27,220,10.068505598662057,4.865657385757641,0.0,1.0,1.0,1.0,1.0,0.0
28,220,4.5996160192077,0.209944970709654,0.0,1.0,0.0,1.0,1.0,0.0
29,220,5.446264754374827,7.35594789726012,0.0,1.0,1.0,0.0,1.0,1.0
30,220,8.07005159555681,3.894787307257804,0.0,0.0,1.0,0.0,0.0,0.0
31,220,9.662050833830037,8.565556614321403,0.0,1.0,1.0,1.0,1.0,0.0
32,220,1.0186967892011716,2.452977285491364,1.0,0.0,1.0,1.0,1.0,0.0
33,220,8.206862778914465,12.0,0.0,0.0,1.0,0.0,1.0,0.0
34,220,5.639509845280784,4.292377605088406,1.0,0.0,0.0,0.0,0.0,0.0
35,220,9.903893413806502,7.184042678193872,1.0,0.0,0.0,1.0,1.0,1.0
36,220,0.155813418199315,11.06148197175436,0.0,0.0,0.0,1.0,0.0,1.0
37,220,12.0,0.3789444413216932,0.0,1.0,1.0,1.0,0.0,0.0
38,220,0.7723389862424629,9.998666544698604,0.0,0.0,1.0,0.0,1.0,1.0
39,220,1.1780810014785592,7.0265639445122,0.0,1.0,1.0,0.0,1.0,1.0
0,225,3.884200547330532,0.5590530361077677,0.0,0.0,0.0,0.0,0.0,0.0
1,225,0.6137981508737128,5.560850640917552,0.0,0.0,0.0,0.0,0.0,0.0
2,225,9.69798458082612,3.393778440001036,1.0,0.0,0.0,1.0,1.0,0.0
3,225,11.235476601733936,2.8813884907923573,0.0,0.0,0.0,1.0,1.0,0.0
4,225,1.0820764322298533,12.0,0.0,0.0,0.0,0.0,0.0,0.0
5,225,9.63404725399913,1.8066106542565232,1.0,0.0,0.0,1.0,1.0,0.0
6,225,7.859577608912492,3.828615608985402,0.0,1.0,0.0,1.0,0.0,1.0
7,225,10.05151093001669,5.173356445098816,0.0,0.0,1.0,1.0,0.0,0.0
8,225,11.75024930545625,0.588134606735463,1.0,0.0,1.0,0.0,0.0,0.0
9,225,9.243739125968853,2.6192291870106588,1.0,0.0,0.0,0.0,1.0,0.0
10,225,2.778805900834813,3.906868133273607,0.0,0.0,1.0,0.0,0.0,0.0
11,225,12.0,0.0748535328023594,1.0,1.0,1.0,1.0,1.0,0.0
12,225,9.002129124331885,9.091391730448793,1.0,0.0,1.0,0.0,1.0,0.0
13,225,2.824238064113524,12.0,1.0,1.0,0.0,0.0,0.0,0.0
14,225,11.896287999534014,2.223549513638503,0.0,1.0,0.0,0.0,0.0,0.0
15,225,0.9200877287400366,2.754542912840421,1.0,1.0,0.0,1.0,1.0,1.0
16,225,3.1750186079019493,3.4725608434692528,1.0,1.0,0.0,0.0,0.0,0.0
17,225,2.5084517119255807,12.0,0.0,1.0,1.0,1.0,1.0,0.0
18,225,2.8454340736954267,5.1143914297664494,0.0,0.0,0.0,1.0,0.0,0.0
19,225,9.780137204566875,1.984434376281871,0.0,0.0,1.0,1.0,1.0,0.0
20,225,0.0,5.737955722058241,0.0,1.0,0.0,0.0,0.0,1.0
21,225,4.341137720084163,12.0,0.0,0.0,0.0,0.0,0.0,0.0
22,225,9.43819051815521,7.908578700791534,1.0,0.0,1.0,0.0,1.0,0.0
23,225,10.626113388857132,11.411052844949625,1.0,1.0,0.0,1.0,0.0,0.0
24,225,10.277240817016496,1.3428680511776534,1.0,1.0,1.0,0.0,1.0,0.0
25,225,1.7707899883676188,9.897332270967944,1.0,0.0,0.0,0.0,0.0,0.0
26,225,4.140903403268281,2.595833488182388,0.0,0.0,0.0,1.0,1.0,1.0
27,225,10.061748056004394,4.876059435696333,0.0,1.0,1.0,1.0,1.0,0.0
28,225,4.65081094673374,0.2014291326995767,0.0,1.0,0.0,1.0,1.0,0.0
29,225,5.423262579843018,7.416231939055067,0.0,1.0,1.0,0.0,1.0,1.0
30,225,7.967455111373758,3.775596021377068,0.0,0.0,1.0,0.0,0.0,0.0
31,225,9.666245708462744,8.597216565609816,0.0,1.0,1.0,1.0,1.0,0.0
32,225,0.9755378264635716,2.373692351444967,1.0,0.0,1.0,1.0,1.0,0.0
33,225,8.18657343241522,12.0,0.0,0.0,1.0,0.0,1.0,0.0
34,225,5.7918324637854655,4.412439570998994,1.0,0.0,0.0,0.0,0.0,0.0
35,225,9.914947364673806,6.992521738007033,1.0,0.0,0.0,1.0,1.0,1.0
36,225,0.1484071683179473,11.063371325251596,0.0,0.0,0.0,1.0,0.0,1.0
37,225,12.0,0.3568776751338748,0.0,1.0,1.0,1.0,0.0,0.0
38,225,0.7620662168499003,10.038761527497597,0.0,0.0,1.0,0.0,1.0,1.0
39,225,1.202020769343113,7.024824846818044,0.0,1.0,1.0,0.0,1.0,1.0
0,230,3.7658469026424233,0.8446843438489866,0.0,0.0,0.0,0.0,0.0,0.0
1,230,0.5834240470982238,5.73180487498955,0.0,0.0,0.0,0.0,0.0,0.0
2,230,9.779320983052497,3.227405957868254,1.0,0.0,0.0,1.0,1.0,0.0
3,230,11.284104978601762,2.930391511777821,0.0,0.0,0.0,1.0,1.0,0.0
4,230,1.1203197162915397,12.0,0.0,0.0,0.0,0.0,0.0,0.0
5,230,9.71450121435556,1.7289562602493296,1.0,0.0,0.0,1.0,1.0,0.0
6,230,7.7342232102474116,3.871308520917093,0.0,1.0,0.0,1.0,0.0,1.0
7,230,10.078050920330732,5.1635783258017485,0.0,0.0,1.0,1.0,0.0,0.0
8,230,11.745029165338712,0.5958712900868757,1.0,0.0,1.0,0.0,0.0,0.0
9,230,9.347896288558411,2.740825864354921,1.0,0.0,0.0,0.0,1.0,0.0
10,230,2.7842444725685778,3.863033276126664,0.0,0.0,1.0,0.0,0.0,0.0
11,230,12.0,0.1279466766315994,1.0,1.0,1.0,1.0,1.0,0.0
12,230,8.993859191408049,9.022088108103578,1.0,0.0,1.0,0.0,1.0,0.0
13,230,2.796520711141234,12.0,1.0,1.0,0.0,0.0,0.0,0.0
14,230,11.877892128994484,2.208135808644053,0.0,1.0,0.0,0.0,0.0,0.0
15,230,0.9099777633789508,2.746099212007544,1.0,1.0,0.0,1.0,1.0,1.0
16,230,3.2907423781072977,3.319752949415277,1.0,1.0,0.0,0.0,0.0,0.0
17,230,2.583437033340004,12.0,0.0,1.0,1.0,1.0,1.0,0.0
18,230,2.8007686432633507,5.07843652758993,0.0,0.0,0.0,1.0,0.0,0.0
19,230,9.681156814238182,1.962695282595536,0.0,0.0,1.0,1.0,1.0,0.0
20,230,0.0,5.651998478439261,0.0,1.0,0.0,0.0,0.0,1.0
21,230,4.332068923716212,12.0,0.0,0.0,0.0,0.0,0.0,0.0
22,230,9.51380441038833,7.909059573209487,1.0,0.0,1.0,0.0,1.0,0.0
23,230,10.636890658902814,11.38950321717153,1.0,1.0,0.0,1.0,0.0,0.0
24,230,10.2852542500518,1.3511096838585344,1.0,1.0,1.0,0.0,1.0,0.0
25,230,1.7733223511675291,9.919306777859152,1.0,0.0,0.0,0.0,0.0,0.0
26,230,4.073714216744349,2.4825288527032896,0.0,0.0,0.0,1.0,1.0,1.0
27,230,10.058988233039855,4.880182541720115,0.0,1.0,1.0,1.0,1.0,0.0
28,230,4.716483602617088,0.1901362460990659,0.0,1.0,0.0,1.0,1.0,0.0
29,230,5.403858787406275,7.4687960869727075,0.0,1.0,1.0,0.0,1.0,1.0
30,230,7.862038856272212,3.656791600695343,0.0,0.0,1.0,0.0,0.0,0.0
31,230,9.671436585709088,8.627544683451775,0.0,1.0,1.0,1.0,1.0,0.0
32,230,0.919492826963477,2.277766403852879,1.0,0.0,1.0,1.0,1.0,0.0
33,230,8.172422132955687,12.0,0.0,0.0,1.0,0.0,1.0,0.0
34,230,5.9282330296728745,4.518057436454366,1.0,0.0,0.0,0.0,0.0,0.0
35,230,9.9238324454364,6.822415502268116,1.0,0.0,0.0,1.0,1.0,1.0
36,230,0.1357646521739717,11.06659969084923,0.0,0.0,0.0,1.0,0.0,1.0
37,230,12.0,0.3271346481018374,0.0,1.0,1.0,1.0,0.0,0.0
38,230,0.7561092834506086,10.061096624282577,0.0,0.0,1.0,0.0,1.0,1.0
39,230,1.2241880018266582,7.022936094829618,0.0,1.0,1.0,0.0,1.0,1.0
0,235,3.643274131776108,1.1147993007797532,0.0,0.0,0.0,0.0,0.0,0.0
1,235,0.5575130087408833,5.902503156225404,0.0,0.0,0.0,0.0,0.0,0.0
2,235,9.86439977420114,3.062345014580949,1.0,0.0,0.0,1.0,1.0,0.0
3,235,11.33309826778688,2.980685906271649,0.0,0.0,0.0,1.0,1.0,0.0
4,235,1.15463228420827,12.0,0.0,0.0,0.0,0.0,0.0,0.0
5,235,9.795571981401158,1.6529170548371137,1.0,0.0,0.0,1.0,1.0,0.0
6,235,7.592325780363972,3.917635352738789,0.0,1.0,0.0,1.0,0.0,1.0
7,235,10.088802831300836,5.1598498434501545,0.0,0.0,1.0,1.0,0.0,0.0
8,235,11.737115360754816,0.6074121832111328,1.0,0.0,1.0,0.0,0.0,0.0
9,235,9.447119418094204,2.853161561929128,1.0,0.0,0.0,0.0,1.0,0.0
10,235,2.792105086140651,3.789146542760883,0.0,0.0,1.0,0.0,0.0,0.0
11,235,12.0,0.1790267884080349,1.0,1.0,1.0,1.0,1.0,0.0
12,235,8.983086436874824,8.932852900276863,1.0,0.0,1.0,0.0,1.0,0.0
13,235,2.773309177736268,12.0,1.0,1.0,0.0,0.0,0.0,0.0
14,235,11.862345819584862,2.195598530799274,0.0,1.0,0.0,0.0,0.0,0.0
15,235,0.9065212990036022,2.743302261329616,1.0,1.0,0.0,1.0,1.0,1.0
16,235,3.3989087634433592,3.177295385090949,1.0,1.0,0.0,0.0,0.0,0.0
17,235,2.648950402017817,12.0,0.0,1.0,1.0,1.0,1.0,0.0
18,235,2.763720032125371,5.046022887997878,0.0,0.0,0.0,1.0,0.0,0.0
19,235,9.59141669027862,1.945966642085437,0.0,0.0,1.0,1.0,1.0,0.0
20,235,0.0,5.56838648774514,0.0,1.0,0.0,0.0,0.0,1.0
21,235,4.326100975752555,12.0,0.0,0.0,0.0,0.0,0.0,0.0
22,235,9.60388007960978,7.911361009420819,1.0,0.0,1.0,0.0,1.0,0.0
23,235,10.64028857356224,11.382198810883423,1.0,1.0,0.0,1.0,0.0,0.0
24,235,10.295089810368223,1.36108615899336,1.0,1.0,1.0,0.0,1.0,0.0
25,235,1.8125921217651644,9.914296816385596,1.0,0.0,0.0,0.0,0.0,0.0
26,235,4.016600638254018,2.383085103642867,0.0,0.0,0.0,1.0,1.0,1.0
27,235,10.048928057952956,4.895523249775831,0.0,1.0,1.0,1.0,1.0,0.0
28,235,4.800858153800854,0.1757446941498157,0.0,1.0,0.0,1.0,1.0,0.0
29,235,5.389709021534585,7.508221900365967,0.0,1.0,1.0,0.0,1.0,1.0
30,235,7.74326066662049,3.535221873353924,0.0,0.0,1.0,0.0,0.0,0.0
31,235,9.675161085511364,8.647331750487238,0.0,1.0,1.0,1.0,1.0,0.0
32,235,0.8501113279540182,2.158852955311579,1.0,0.0,1.0,1.0,1.0,0.0
33,235,8.156215318362067,12.0,0.0,0.0,1.0,0.0,1.0,0.0
34,235,6.065067206868964,4.6226200919325295,1.0,0.0,0.0,0.0,0.0,0.0
35,235,9.931324641891244,6.659824529123805,1.0,0.0,0.0,1.0,1.0,1.0
36,235,0.1036589106132265,11.074166986255213,0.0,0.0,0.0,1.0,0.0,1.0
37,235,12.0,0.3076080905719834,0.0,1.0,1.0,1.0,0.0,0.0
38,235,0.7789814091016024,10.067093786617708,0.0,0.0,1.0,0.0,1.0,1.0
39,235,1.25022424561756,7.020754571616543,0.0,1.0,1.0,0.0,1.0,1.0
0,240,3.521992890425518,1.404207269679271,0.0,0.0,0.0,0.0,0.0,0.0
1,240,0.5356941748810328,6.087764071386627,0.0,0.0,0.0,0.0,0.0,0.0
2,240,9.941951054487143,2.9162007743577343,1.0,0.0,0.0,1.0,1.0,0.0
3,240,11.378896253507564,3.027272268030795,0.0,0.0,0.0,1.0,1.0,0.0
4,240,1.1862488315131376,12.0,0.0,0.0,0.0,0.0,0.0,0.0
5,240,9.89318532332968,1.5643261499151195,1.0,0.0,0.0,1.0,1.0,0.0
6,240,7.439746149146682,3.9650991885941385,0.0,1.0,0.0,1.0,0.0,1.0
7,240,10.114307929832284,5.151114833773252,0.0,0.0,1.0,1.0,0.0,0.0
8,240,11.715130325879004,0.6398418184933758,1.0,0.0,1.0,0.0,0.0,0.0
9,240,9.552634800929804,2.968340725904979,1.0,0.0,0.0,0.0,1.0,0.0
10,240,2.8073041973524964,3.6939022071589993,0.0,0.0,1.0,0.0,0.0,0.0
11,240,12.0,0.2509942031322227,1.0,1.0,1.0,1.0,1.0,0.0
12,240,8.970641080868527,8.825318735657513,1.0,0.0,1.0,0.0,1.0,0.0
13,240,2.7587874227571896,12.0,1.0,1.0,0.0,0.0,0.0,0.0
14,240,11.862349775271875,2.195601722509412,0.0,1.0,0.0,0.0,0.0,0.0
15,240,0.8908161890150169,2.730527777570397,1.0,1.0,0.0,1.0,1.0,1.0
16,240,3.5072298221117126,3.035540102980156,1.0,1.0,0.0,0.0,0.0,0.0
17,240,2.7248996369287126,12.0,0.0,1.0,1.0,1.0,1.0,0.0
18,240,2.750429503793185,5.034390445535481,0.0,0.0,0.0,1.0,0.0,0.0
19,240,9.506404443915688,1.9284827659498585,0.0,0.0,1.0,1.0,1.0,0.0
20,240,0.0,5.48956131537795,0.0,1.0,0.0,0.0,0.0,1.0
21,240,4.320466375400757,12.0,0.0,0.0,0.0,0.0,0.0,0.0
22,240,9.691736828888208,7.913861536632565,1.0,0.0,1.0,0.0,1.0,0.0
23,240,10.650600176990128,11.360144156919644,1.0,1.0,0.0,1.0,0.0,0.0
24,240,10.316251867069326,1.383680130112692,1.0,1.0,1.0,0.0,1.0,0.0
25,240,1.8204723579349096,9.913134475769269,1.0,0.0,0.0,0.0,0.0,0.0
26,240,3.958338736758878,2.28357327954642,0.0,0.0,0.0,1.0,1.0,1.0
27,240,10.032944834106754,4.919907865867278,0.0,1.0,1.0,1.0,1.0,0.0
28,240,4.909296936490003,0.1564838181469882,0.0,1.0,0.0,1.0,1.0,0.0
29,240,5.37504534418501,7.54880072535984,0.0,1.0,1.0,0.0,1.0,1.0
30,240,7.624554773091119,3.415322720074857,0.0,0.0,1.0,0.0,0.0,0.0
31,240,9.684362323171923,8.697415210409357,0.0,1.0,1.0,1.0,1.0,0.0
32,240,0.7920841674929882,2.05712064041188,1.0,0.0,1.0,1.0,1.0,0.0
33,240,8.140273076877666,12.0,0.0,0.0,1.0,0.0,1.0,0.0
34,240,6.208407273498642,4.731937490170986,1.0,0.0,0.0,0.0,0.0,0.0
35,240,9.936902196198828,6.505184408591266,1.0,0.0,0.0,1.0,1.0,1.0
36,240,0.056961767104258,11.086096469259337,0.0,0.0,0.0,1.0,0.0,1.0
37,240,12.0,0.297397146873682,0.0,1.0,1.0,1.0,0.0,0.0
38,240,0.7953775038473795,10.071581249757278,0.0,0.0,1.0,0.0,1.0,1.0
39,240,1.2708263174722745,7.019293810610933,0.0,1.0,1.0,0.0,1.0,1.0
0,245,3.3981363778822926,1.6877642811315448,0.0,0.0,0.0,0.0,0.0,0.0
1,245,0.5142688645287707,6.250880076328356,0.0,0.0,0.0,0.0,0.0,0.0
2,245,10.033227398921763,2.754459641656075,1.0,0.0,0.0,1.0,1.0,0.0
3,245,11.41439997597416,3.0649781661713287,0.0,0.0,0.0,1.0,1.0,0.0
4,245,1.2202782300004635,12.0,0.0,0.0,0.0,0.0,0.0,0.0
5,245,9.979371445810028,1.485811183336253,1.0,0.0,0.0,1.0,1.0,0.0
6,245,7.301157321313132,4.011810626550719,0.0,1.0,0.0,1.0,0.0,1.0
7,245,10.12337174388719,5.147742741402436,0.0,0.0,1.0,1.0,0.0,0.0
8,245,11.696231512769616,0.669113796512625,1.0,0.0,1.0,0.0,0.0,0.0
9,245,9.65473691188947,3.0759267317231918,1.0,0.0,0.0,0.0,1.0,0.0
10,245,2.81982463780137,3.6123294681219127,0.0,0.0,1.0,0.0,0.0,0.0
11,245,12.0,0.3208061698000089,1.0,1.0,1.0,1.0,1.0,0.0
12,245,8.95989930089007,8.723987715412804,1.0,0.0,1.0,0.0,1.0,0.0
13,245,2.734544413337698,12.0,1.0,1.0,0.0,0.0,0.0,0.0
14,245,11.856014472290248,2.190499807507416,0.0,1.0,0.0,0.0,0.0,0.0
15,245,0.8805593211091497,2.722041738773298,1.0,1.0,0.0,1.0,1.0,1.0
16,245,3.6129466853434433,2.900815342299191,1.0,1.0,0.0,0.0,0.0,0.0
17,245,2.7958112968169524,12.0,0.0,1.0,1.0,1.0,1.0,0.0
18,245,2.736057507047165,5.022373035703255,0.0,0.0,0.0,1.0,0.0,0.0
19,245,9.420357800281916,1.9102330961974563,0.0,0.0,1.0,1.0,1.0,0.0
20,245,0.0,5.415701329552246,0.0,1.0,0.0,0.0,0.0,1.0
21,245,4.309814747962865,12.0,0.0,0.0,0.0,0.0,0.0,0.0
22,245,9.773829401155604,7.914229091394936,1.0,0.0,1.0,0.0,1.0,0.0
23,245,10.649052056640336,11.363579896298395,1.0,1.0,0.0,1.0,0.0,0.0
24,245,10.328649526300104,1.3976413109963537,1.0,1.0,1.0,0.0,1.0,0.0
25,245,1.8366536768732864,9.910786203082626,1.0,0.0,0.0,0.0,0.0,0.0
26,245,3.894652027560992,2.1730065904228733,0.0,0.0,0.0,1.0,1.0,1.0
27,245,9.998497155224708,4.973231068883516,0.0,1.0,1.0,1.0,1.0,0.0
28,245,4.934462796378603,0.3056046322069505,0.0,1.0,0.0,1.0,1.0,0.0
29,245,5.367495354785002,7.567089497096249,0.0,1.0,1.0,0.0,1.0,1.0
30,245,7.515451575649252,3.3045776122109296,0.0,0.0,1.0,0.0,0.0,0.0
31,245,9.69334486906156,8.740907409379851,0.0,1.0,1.0,1.0,1.0,0.0
32,245,0.7323964531792058,1.958434134912517,1.0,0.0,1.0,1.0,1.0,0.0
33,245,8.115128323016412,12.0,0.0,0.0,1.0,0.0,1.0,0.0
34,245,6.34524481549387,4.83642311997099,1.0,0.0,0.0,0.0,0.0,0.0
35,245,9.944085687021984,6.340879712543525,1.0,0.0,0.0,1.0,1.0,1.0
36,245,0.0,11.102408649390672,0.0,0.0,0.0,1.0,0.0,1.0
37,245,12.0,0.283270085032668,0.0,1.0,1.0,1.0,0.0,0.0
38,245,0.8357382451080247,10.083735344505843,0.0,0.0,1.0,0.0,1.0,1.0
39,245,1.300750599392424,7.018086414235008,0.0,1.0,1.0,0.0,1.0,1.0
0,250,3.26499236966242,1.9855675952963387,0.0,0.0,0.0,0.0,0.0,0.0
1,250,0.4925078284924781,6.416896694186638,0.0,0.0,0.0,0.0,0.0,0.0
2,250,10.118920388228196,2.6046563005687684,1.0,0.0,0.0,1.0,1.0,0.0
3,250,11.44593737676094,3.097316916889103,0.0,0.0,0.0,1.0,1.0,0.0
4,250,1.255948673584762,12.0,0.0,0.0,0.0,0.0,0.0,0.0
5,250,10.07062107926564,1.407575756562094,1.0,0.0,0.0,1.0,1.0,0.0
6,250,7.251389830267691,3.837562105436474,0.0,1.0,0.0,1.0,0.0,1.0
7,250,10.10454049138493,5.154796466742008,0.0,0.0,1.0,1.0,0.0,0.0
8,250,11.68668753760454,0.6839104228161428,1.0,0.0,1.0,0.0,0.0,0.0
9,250,9.754310475672762,3.179383347560937,1.0,0.0,0.0,0.0,1.0,0.0
10,250,2.8337420080354265,3.533871641284568,0.0,0.0,1.0,0.0,0.0,0.0
11,250,12.0,0.4034540235902625,1.0,1.0,1.0,1.0,1.0,0.0
12,250,8.94717678034314,8.627353595583687,1.0,0.0,1.0,0.0,1.0,0.0
13,250,2.695116823043455,12.0,1.0,1.0,0.0,0.0,0.0,0.0
14,250,11.848245209718836,2.1840053704571982,0.0,1.0,0.0,0.0,0.0,0.0
15,250,0.8589360264732732,2.7040200264457352,1.0,1.0,0.0,1.0,1.0,1.0
16,250,3.728758643453381,2.758076926753391,1.0,1.0,0.0,0.0,0.0,0.0
17,250,2.840381068447436,12.0,0.0,1.0,1.0,1.0,1.0,0.0
18,250,2.7236246450739,5.012406153278579,0.0,0.0,0.0,1.0,0.0,0.0
19,250,9.32842506699271,1.8902388363416105,0.0,0.0,1.0,1.0,1.0,0.0
20,250,0.0,5.334839951264524,0.0,1.0,0.0,0.0,0.0,1.0
21,250,4.297984387150556,12.0,0.0,0.0,0.0,0.0,0.0,0.0
22,250,9.864449087515638,7.91679471096307,1.0,0.0,1.0,0.0,1.0,0.0
23,250,10.64868722037238,11.364480433862438,1.0,1.0,0.0,1.0,0.0,0.0
24,250,10.32513983510383,1.3936614268805498,1.0,1.0,1.0,0.0,1.0,0.0
25,250,1.8730131454985808,9.90508709105886,1.0,0.0,0.0,0.0,0.0,0.0
26,250,3.817708858845673,2.0446180670807776,0.0,0.0,0.0,1.0,1.0,1.0
27,250,9.945523916491734,5.051928247108312,0.0,1.0,1.0,1.0,1.0,0.0
28,250,4.953546463824418,0.4730020958843277,0.0,1.0,0.0,1.0,1.0,0.0
29,250,5.359970192389707,7.584775651262325,0.0,1.0,1.0,0.0,1.0,1.0
30,250,7.405469373292178,3.1977524790486167,0.0,0.0,1.0,0.0,0.0,0.0
31,250,9.70290452507856,8.780766671217608,0.0,1.0,1.0,1.0,1.0,0.0
32,250,0.6722752763695657,1.857028839407049,1.0,0.0,1.0,1.0,1.0,0.0
33,250,8.07525996549897,12.0,0.0,0.0,1.0,0.0,1.0,0.0
34,250,6.475874471153125,4.932581841276261,1.0,0.0,0.0,0.0,0.0,0.0
35,250,9.951179846907092,6.176301605084298,1.0,0.0,0.0,1.0,1.0,1.0
36,250,0.0,11.116891222463746,0.0,0.0,0.0,1.0,0.0,1.0
37,250,11.986453143315847,0.3004557349226899,0.0,1.0,1.0,1.0,0.0,0.0
38,250,0.8782679778621107,10.095395398919791,0.0,0.0,1.0,0.0,1.0,1.0
39,250,1.31841176113841,7.016902787153797,0.0,1.0,1.0,0.0,1.0,1.0
0,255,3.139018104036948,2.2867811984011994,0.0,0.0,0.0,0.0,0.0,0.0
1,255,0.4668099430392101,6.57713330394324,0.0,0.0,0.0,0.0,0.0,0.0
2,255,10.20466349669202,2.447986388117543,1.0,0.0,0.0,1.0,1.0,0.0
3,255,11.481397299921364,3.1361012174283243,0.0,0.0,0.0,1.0,1.0,0.0
4,255,1.293159069375464,12.0,0.0,0.0,0.0,0.0,0.0,0.0
5,255,10.155958971830309,1.3300964121684966,1.0,0.0,0.0,1.0,1.0,0.0
6,255,7.215037464381933,3.6796325733322033,0.0,1.0,0.0,1.0,0.0,1.0
7,255,10.093050742923538,5.159207631380046,0.0,0.0,1.0,1.0,0.0,0.0
8,255,11.67330588038686,0.706668845225634,1.0,0.0,1.0,0.0,0.0,0.0
9,255,9.85945641162169,3.281451466571635,1.0,0.0,0.0,0.0,1.0,0.0
10,255,2.8494575953757235,3.45228295184992,0.0,0.0,1.0,0.0,0.0,0.0
11,255,12.0,0.4850145951726589,1.0,1.0,1.0,1.0,1.0,0.0
12,255,8.925537244595887,8.4937214224065,1.0,0.0,1.0,0.0,1.0,0.0
13,255,2.6522943282100293,12.0,1.0,1.0,0.0,0.0,0.0,0.0
14,255,11.844810365577889,2.181146085980847,0.0,1.0,0.0,0.0,0.0,0.0
15,255,0.8302165669768314,2.6801792033619005,1.0,1.0,0.0,1.0,1.0,1.0
16,255,3.844608921989391,2.619840625007643,1.0,1.0,0.0,0.0,0.0,0.0
17,255,2.886672030266983,12.0,0.0,1.0,1.0,1.0,1.0,0.0
18,255,2.722533444535608,5.011513032940598,0.0,0.0,0.0,1.0,0.0,0.0
19,255,9.232608101901029,1.8752717814512696,0.0,0.0,1.0,1.0,1.0,0.0
20,255,0.0,5.258842377587615,0.0,1.0,0.0,0.0,0.0,1.0
21,255,4.28638255128866,12.0,0.0,0.0,0.0,0.0,0.0,0.0
22,255,9.975321916555972,7.918363996417323,1.0,0.0,1.0,0.0,1.0,0.0
23,255,10.654280302033106,11.35083967012914,1.0,1.0,0.0,1.0,0.0,0.0
24,255,10.329510477180676,1.3985582937443564,1.0,1.0,1.0,0.0,1.0,0.0
25,255,1.9142184270313247,9.898207153982485,1.0,0.0,0.0,0.0,0.0,0.0
26,255,3.74014396736634,1.9137101117914388,0.0,0.0,0.0,1.0,1.0,1.0
27,255,9.904058963024644,5.114108131284649,0.0,1.0,1.0,1.0,1.0,0.0
28,255,4.973856598444162,0.6324155012471365,0.0,1.0,0.0,1.0,1.0,0.0
29,255,5.347434428036439,7.614662476713851,0.0,1.0,1.0,0.0,1.0,1.0
30,255,7.27917629082323,3.072627955819683,0.0,0.0,1.0,0.0,0.0,0.0
31,255,9.715940488971071,8.830656779080003,0.0,1.0,1.0,1.0,1.0,0.0
32,255,0.6195753405680718,1.7705389172515862,1.0,0.0,1.0,1.0,1.0,0.0
33,255,8.147364923129444,12.0,0.0,0.0,1.0,0.0,1.0,0.0
34,255,6.60531697257927,5.0303364827614905,1.0,0.0,0.0,0.0,0.0,0.0
35,255,9.952323843691794,5.999338745781703,1.0,0.0,0.0,1.0,1.0,1.0
36,255,0.0,11.12621478483443,0.0,0.0,0.0,1.0,0.0,1.0
37,255,11.971797188698854,0.3190734981096211,0.0,1.0,1.0,1.0,0.0,0.0
38,255,0.9467427073739604,10.113909212864742,0.0,0.0,1.0,0.0,1.0,1.0
39,255,1.3291066654954724,7.016055409698203,0.0,1.0,1.0,0.0,1.0,1.0
0,260,3.0242865343427066,2.580807150117696,0.0,0.0,0.0,0.0,0.0,0.0
1,260,0.445748384926531,6.740935660766236,0.0,0.0,0.0,0.0,0.0,0.0
2,260,10.288953483572952,2.2852219754421657,1.0,0.0,0.0,1.0,1.0,0.0
3,260,11.519084990688867,3.1779932700289684,0.0,0.0,0.0,1.0,1.0,0.0
4,260,1.3320253395785018,12.0,0.0,0.0,0.0,0.0,0.0,0.0
5,260,10.233847304230611,1.257522804533666,1.0,0.0,0.0,1.0,1.0,0.0
6,260,7.178290099597862,3.5304833559587525,0.0,1.0,0.0,1.0,0.0,1.0
7,260,10.07676287737822,5.16541379905582,0.0,0.0,1.0,1.0,0.0,0.0
8,260,11.662740793389451,0.7255177923421575,1.0,0.0,1.0,0.0,0.0,0.0
9,260,9.97476095685126,3.395172536346765,1.0,0.0,0.0,0.0,1.0,0.0
10,260,2.8639343804302344,3.3843500420381565,0.0,0.0,1.0,0.0,0.0,0.0
11,260,12.0,0.5359925837028043,1.0,1.0,1.0,1.0,1.0,0.0
12,260,8.901440894665553,8.368782592927593,1.0,0.0,1.0,0.0,1.0,0.0
13,260,2.601452098843562,12.0,1.0,1.0,0.0,0.0,0.0,0.0
14,260,11.832459537246754,2.1704449924042195,0.0,1.0,0.0,0.0,0.0,0.0
15,260,0.787803553565846,2.644466063934526,1.0,1.0,0.0,1.0,1.0,1.0
16,260,3.95801863894341,2.4767363697543163,1.0,1.0,0.0,0.0,0.0,0.0
17,260,2.937170909177757,12.0,0.0,1.0,1.0,1.0,1.0,0.0
18,260,2.7225248485692557,5.011505903194637,0.0,0.0,0.0,1.0,0.0,0.0
19,260,9.139107084332482,1.859264804867775,0.0,0.0,1.0,1.0,1.0,0.0
20,260,0.0,5.188830501271121,0.0,1.0,0.0,0.0,0.0,1.0
21,260,4.276405051187195,12.0,0.0,0.0,0.0,0.0,0.0,0.0
22,260,10.09482757104828,7.92034737045662,1.0,0.0,1.0,0.0,1.0,0.0
23,260,10.656429083444891,11.345782490587398,1.0,1.0,0.0,1.0,0.0,0.0
24,260,10.338324447401623,1.4084848446473004,1.0,1.0,1.0,0.0,1.0,0.0
25,260,1.9279512900293951,9.895908974467435,1.0,0.0,0.0,0.0,0.0,0.0
26,260,3.6671121947659753,1.7926044085365218,0.0,0.0,0.0,1.0,1.0,1.0
27,260,9.877483312544776,5.155537695253,0.0,1.0,1.0,1.0,1.0,0.0
28,260,4.991590170082399,0.7848642369742594,0.0,1.0,0.0,1.0,1.0,0.0
29,260,5.325706522298931,7.663818953464549,0.0,1.0,1.0,0.0,1.0,1.0
30,260,7.1551197603051655,2.9461386376660137,0.0,0.0,1.0,0.0,0.0,0.0
31,260,9.728533240112636,8.88034664545387,0.0,1.0,1.0,1.0,1.0,0.0
32,260,0.5742855850692071,1.6940509478037435,1.0,0.0,1.0,1.0,1.0,0.0
33,260,8.20530196956195,12.0,0.0,0.0,1.0,0.0,1.0,0.0
34,260,6.7271089624342775,5.120613235715057,1.0,0.0,0.0,0.0,0.0,0.0
35,260,9.954378528536958,5.83321679297164,1.0,0.0,0.0,1.0,1.0,1.0
36,260,0.0,11.14300942214294,0.0,0.0,0.0,1.0,0.0,1.0
37,260,11.964909324975505,0.3280509148908815,0.0,1.0,1.0,1.0,0.0,0.0
38,260,1.0165697357138084,10.131270328726892,0.0,0.0,1.0,0.0,1.0,1.0
39,260,1.3598106562638532,7.014498524176663,0.0,1.0,1.0,0.0,1.0,1.0
0,265,2.901840569155212,2.891622050811021,0.0,0.0,0.0,0.0,0.0,0.0
1,265,0.4225373362924672,6.913738504487128,0.0,0.0,0.0,0.0,0.0,0.0
2,265,10.372832526472468,2.124674109051335,1.0,0.0,0.0,1.0,1.0,0.0
3,265,11.555126866962564,3.220209595052565,0.0,0.0,0.0,1.0,1.0,0.0
4,265,1.3774740222581765,12.0,0.0,0.0,0.0,0.0,0.0,0.0
5,265,10.310272602294416,1.1889685015138134,1.0,0.0,0.0,1.0,1.0,0.0
6,265,7.144537127850364,3.379812589682395,0.0,1.0,0.0,1.0,0.0,1.0
7,265,10.072335661127989,5.167001667622215,0.0,0.0,1.0,1.0,0.0,0.0
8,265,11.638394140304603,0.7698732024108463,1.0,0.0,1.0,0.0,0.0,0.0
9,265,10.074638132651378,3.487580581665765,1.0,0.0,0.0,0.0,1.0,0.0
10,265,2.876414806480365,3.330136007148546,0.0,0.0,1.0,0.0,0.0,0.0
11,265,12.0,0.510545068165443,1.0,1.0,1.0,1.0,1.0,0.0
12,265,8.873961300742705,8.239347784270148,1.0,0.0,1.0,0.0,1.0,0.0
13,265,2.5559171778942327,12.0,1.0,1.0,0.0,0.0,0.0,0.0
14,265,11.812510032004331,2.15381283546561,0.0,1.0,0.0,0.0,0.0,0.0
15,265,0.7585033712195994,2.6195324074074846,1.0,1.0,0.0,1.0,1.0,1.0
16,265,4.091592058660072,2.3091285561981323,1.0,1.0,0.0,0.0,0.0,0.0
17,265,2.984061173664253,12.0,0.0,1.0,1.0,1.0,1.0,0.0
18,265,2.716534423837145,5.006600215702595,0.0,0.0,0.0,1.0,0.0,0.0
19,265,9.032057352970703,1.843118854973188,0.0,0.0,1.0,1.0,1.0,0.0
20,265,0.0,5.11680179411062,0.0,1.0,0.0,0.0,0.0,1.0
21,265,4.269860691431283,12.0,0.0,0.0,0.0,0.0,0.0,0.0
22,265,10.20531065008278,7.922222464115415,1.0,0.0,1.0,0.0,1.0,0.0
23,265,10.657178083883773,11.344007437622874,1.0,1.0,0.0,1.0,0.0,0.0
24,265,10.343514334974175,1.414240438708591,1.0,1.0,1.0,0.0,1.0,0.0
25,265,1.946399613687276,9.892512584177307,1.0,0.0,0.0,0.0,0.0,0.0
26,265,3.590864236081367,1.662015684888332,0.0,0.0,0.0,1.0,1.0,1.0
27,265,9.865364013980004,5.174586624260955,0.0,1.0,1.0,1.0,1.0,0.0
28,265,5.005274463230342,0.9458983360640852,0.0,1.0,0.0,1.0,1.0,0.0
29,265,5.2941547248127225,7.733765763546333,0.0,1.0,1.0,0.0,1.0,1.0
30,265,7.041516213052906,2.832553077370496,0.0,0.0,1.0,0.0,0.0,0.0
31,265,9.74104621066472,8.928141757522898,0.0,1.0,1.0,1.0,1.0,0.0
32,265,0.5242999453180024,1.6112366486641752,1.0,0.0,1.0,1.0,1.0,0.0
33,265,8.268722403452697,12.0,0.0,0.0,1.0,0.0,1.0,0.0
34,265,6.852088348820469,5.211263651516398,1.0,0.0,0.0,0.0,0.0,0.0
35,265,9.957359173139944,5.664540451620855,1.0,0.0,0.0,1.0,1.0,1.0
36,265,0.0,11.078440739887204,0.0,0.0,0.0,1.0,0.0,1.0
37,265,11.952449318474828,0.3443887874360769,0.0,1.0,1.0,1.0,0.0,0.0
38,265,1.0993775991211154,10.152953977162346,0.0,0.0,1.0,0.0,1.0,1.0
39,265,1.3783037849540816,7.012848483816018,0.0,1.0,1.0,0.0,1.0,1.0
0,270,2.784077502841348,3.2158586900259385,0.0,0.0,0.0,0.0,0.0,0.0
1,270,0.4009134895011839,7.090909615868586,0.0,0.0,0.0,0.0,0.0,0.0
2,270,10.45878442090866,1.959737805710696,1.0,0.0,0.0,1.0,1.0,0.0
3,270,11.589075811919011,3.261558058211291,0.0,0.0,0.0,1.0,1.0,0.0
4,270,1.4214036393180631,12.0,0.0,0.0,0.0,0.0,0.0,0.0
5,270,10.393664338070982,1.1151493217962545,1.0,0.0,0.0,1.0,1.0,0.0
6,270,7.108354101490194,3.2159078141999875,0.0,1.0,0.0,1.0,0.0,1.0
7,270,10.070173230288054,5.167745396878033,0.0,0.0,1.0,1.0,0.0,0.0
8,270,11.617568645509726,0.8082675612218666,1.0,0.0,1.0,0.0,0.0,0.0
9,270,10.183124086682724,3.5812005894099257,1.0,0.0,0.0,0.0,1.0,0.0
10,270,2.8883155438757053,3.274910221983875,0.0,0.0,1.0,0.0,0.0,0.0
11,270,12.0,0.4921751565699891,1.0,1.0,1.0,1.0,1.0,0.0
12,270,8.849963115502156,8.120181125207676,1.0,0.0,1.0,0.0,1.0,0.0
13,270,2.4901974492383188,12.0,1.0,1.0,0.0,0.0,0.0,0.0
14,270,11.773375500955744,2.121513408283203,0.0,1.0,0.0,0.0,0.0,0.0
15,270,0.7135441361260543,2.5802461559035472,1.0,1.0,0.0,1.0,1.0,1.0
16,270,4.208437344390694,2.173113150027112,1.0,1.0,0.0,0.0,0.0,0.0
17,270,3.030539838183806,12.0,0.0,1.0,1.0,1.0,1.0,0.0
18,270,2.722104006576842,5.011172464749059,0.0,0.0,0.0,1.0,0.0,0.0
19,270,8.915783082756818,1.8243902823410667,0.0,0.0,1.0,1.0,1.0,0.0
20,270,0.0,5.053038122422526,0.0,1.0,0.0,0.0,0.0,1.0
21,270,4.266118972515207,12.0,0.0,0.0,0.0,0.0,0.0,0.0
22,270,10.31493628095888,7.925382045806481,1.0,0.0,1.0,0.0,1.0,0.0
23,270,10.666773513092982,11.321678097731011,1.0,1.0,0.0,1.0,0.0,0.0
24,270,10.346928525038535,1.418254806293228,1.0,1.0,1.0,0.0,1.0,0.0
25,270,1.970216446167888,9.88826950605938,1.0,0.0,0.0,0.0,0.0,0.0
26,270,3.522588371516893,1.544621957880985,0.0,0.0,0.0,1.0,1.0,1.0
27,270,9.848491165388587,5.201678642941337,0.0,1.0,1.0,1.0,1.0,0.0
28,270,5.018713890393047,1.11565013173745,0.0,1.0,0.0,1.0,1.0,0.0
29,270,5.256799736145362,7.812177606193461,0.0,1.0,1.0,0.0,1.0,1.0
30,270,6.937369986888769,2.73121138761534,0.0,0.0,1.0,0.0,0.0,0.0
31,270,9.750614535663926,8.960724900429453,0.0,1.0,1.0,1.0,1.0,0.0
32,270,0.4733100070175094,1.5305993195908314,1.0,0.0,1.0,1.0,1.0,0.0
33,270,8.332096926387415,12.0,0.0,0.0,1.0,0.0,1.0,0.0
34,270,6.973860483123825,5.301649281519682,1.0,0.0,0.0,0.0,0.0,0.0
35,270,9.95994173686831,5.508083257199668,1.0,0.0,0.0,1.0,1.0,1.0
36,270,0.0,11.009399149018408,0.0,0.0,0.0,1.0,0.0,1.0
37,270,11.929693150884123,0.3740471340648184,0.0,1.0,1.0,1.0,0.0,0.0
38,270,1.1859515296953402,10.175649955590826,0.0,0.0,1.0,0.0,1.0,1.0
39,270,1.4116358363162524,7.010361049833414,0.0,1.0,1.0,0.0,1.0,1.0
0,275,2.658299346742869,3.56222742645513,0.0,0.0,0.0,0.0,0.0,0.0
1,275,0.3820366200878344,7.274660155241123,0.0,0.0,0.0,0.0,0.0,0.0
2,275,10.545005247018466,1.7898797072379762,1.0,0.0,0.0,1.0,1.0,0.0
3,275,11.620222606334194,3.3002088069834485,0.0,0.0,0.0,1.0,1.0,0.0
4,275,1.4662333621167631,12.0,0.0,0.0,0.0,0.0,0.0,0.0
5,275,10.469629028382377,1.0432968318836635,1.0,0.0,0.0,1.0,1.0,0.0
6,275,7.07519193794504,3.0560671823085968,0.0,1.0,0.0,1.0,0.0,1.0
7,275,10.067549445964987,5.168618698926344,0.0,0.0,1.0,1.0,0.0,0.0
8,275,11.602025956033549,0.8374942315358291,1.0,0.0,1.0,0.0,0.0,0.0
9,275,10.289761942461636,3.6690634393540726,1.0,0.0,0.0,0.0,1.0,0.0
10,275,2.8972918711885307,3.2359234428239665,0.0,0.0,1.0,0.0,0.0,0.0
11,275,12.0,0.4746226633724896,1.0,1.0,1.0,1.0,1.0,0.0
12,275,8.825460727147156,8.010298279307339,1.0,0.0,1.0,0.0,1.0,0.0
13,275,2.426803479487758,12.0,1.0,1.0,0.0,0.0,0.0,0.0
14,275,11.721537104509556,2.0781719890586885,0.0,1.0,0.0,0.0,0.0,0.0
15,275,0.6762612437710063,2.5490221065814533,1.0,1.0,0.0,1.0,1.0,1.0
16,275,4.327489179182753,2.0339709250983,1.0,1.0,0.0,0.0,0.0,0.0
17,275,3.066221664792653,12.0,0.0,1.0,1.0,1.0,1.0,0.0
18,275,2.709123209835639,5.000692944512551,0.0,0.0,0.0,1.0,0.0,0.0
19,275,8.808627724033665,1.808189847808547,0.0,0.0,1.0,1.0,1.0,0.0
20,275,0.0,4.9796168456835845,0.0,1.0,0.0,0.0,0.0,1.0
21,275,4.261669347983528,12.0,0.0,0.0,0.0,0.0,0.0,0.0
22,275,10.424112299182424,7.930210031376227,1.0,0.0,1.0,0.0,1.0,0.0
23,275,10.679004510352268,11.293677450556672,1.0,1.0,0.0,1.0,0.0,0.0
24,275,10.354901676673506,1.4268818920198765,1.0,1.0,1.0,0.0,1.0,0.0
25,275,1.979008095258648,9.886658809987384,1.0,0.0,0.0,0.0,0.0,0.0
26,275,3.4495354716684608,1.4269854294892663,0.0,0.0,0.0,1.0,1.0,1.0
27,275,9.84031439040417,5.214243750422927,0.0,1.0,1.0,1.0,1.0,0.0
28,275,5.033817999666895,1.2580301139275878,0.0,1.0,0.0,1.0,1.0,0.0
29,275,5.219077048317019,7.886887839675326,0.0,1.0,1.0,0.0,1.0,1.0
30,275,6.839566375777349,2.6384386694310047,0.0,0.0,1.0,0.0,0.0,0.0
31,275,9.762338182026976,8.996529441170747,0.0,1.0,1.0,1.0,1.0,0.0
32,275,0.4229488004049313,1.4526261037701305,1.0,0.0,1.0,1.0,1.0,0.0
33,275,8.38916927095345,12.0,0.0,0.0,1.0,0.0,1.0,0.0
34,275,7.098151043577487,5.39494356876356,1.0,0.0,0.0,0.0,0.0,0.0
35,275,9.961030178927343,5.392230738138165,1.0,0.0,0.0,1.0,1.0,1.0
36,275,0.0,10.92020654665332,0.0,0.0,0.0,1.0,0.0,1.0
37,275,11.902147031373486,0.4105712284758008,0.0,1.0,1.0,1.0,0.0,0.0
38,275,1.272026964895406,10.19700268760682,0.0,0.0,1.0,0.0,1.0,1.0
39,275,1.4431821580760242,7.007453710023152,0.0,1.0,1.0,0.0,1.0,1.0
0,280,2.5388679818970794,3.917693310173093,0.0,0.0,0.0,0.0,0.0,0.0
1,280,0.3698952812284694,7.462232913347994,0.0,0.0,0.0,0.0,0.0,0.0
2,280,10.638240668893255,1.613338540818439,1.0,0.0,0.0,1.0,1.0,0.0
3,280,11.659811657127126,3.3465961486588034,0.0,0.0,0.0,1.0,1.0,0.0
4,280,1.5169588876733555,12.0,0.0,0.0,0.0,0.0,0.0,0.0
5,280,10.541053774938735,0.972636760955378,1.0,0.0,0.0,1.0,1.0,0.0
6,280,7.041270919247099,2.897816906237796,0.0,1.0,0.0,1.0,0.0,1.0
7,280,10.080293986128428,5.164251614935138,0.0,0.0,1.0,1.0,0.0,0.0
8,280,11.579447344190266,0.8806170666707305,1.0,0.0,1.0,0.0,0.0,0.0
9,280,10.39334539302861,3.755102683672373,1.0,0.0,0.0,0.0,1.0,0.0
10,280,2.9133346318258786,3.172187124411024,0.0,0.0,1.0,0.0,0.0,0.0
11,280,12.0,0.4591566578511776,1.0,1.0,1.0,1.0,1.0,0.0
12,280,8.800751726445823,7.901366982023621,1.0,0.0,1.0,0.0,1.0,0.0
13,280,2.369534749814941,12.0,1.0,1.0,0.0,0.0,0.0,0.0
14,280,11.660452242051443,2.027304552106461,0.0,1.0,0.0,0.0,0.0,0.0
15,280,0.6449153717754004,2.5235019109768437,1.0,1.0,0.0,1.0,1.0,1.0
16,280,4.43079446636832,1.9116333234618252,1.0,1.0,0.0,0.0,0.0,0.0
17,280,3.08332236753055,12.0,0.0,1.0,1.0,1.0,1.0,0.0
18,280,2.7045750206341346,4.997107724523283,0.0,0.0,0.0,1.0,0.0,0.0
19,280,8.672265860410835,1.785753445200568,0.0,0.0,1.0,1.0,1.0,0.0
20,280,0.0,4.914472121023781,0.0,1.0,0.0,0.0,0.0,1.0
21,280,4.259857471013815,12.0,0.0,0.0,0.0,0.0,0.0,0.0
22,280,10.527303637037072,7.934233034928062,1.0,0.0,1.0,0.0,1.0,0.0
23,280,10.69226506597865,11.26608427306928,1.0,1.0,0.0,1.0,0.0,0.0
24,280,10.376688130237278,1.4507564106912296,1.0,1.0,1.0,0.0,1.0,0.0
25,280,1.9700959314038609,9.888261958966368,1.0,0.0,0.0,0.0,0.0,0.0
26,280,3.3867185563548885,1.3220226794701735,0.0,0.0,0.0,1.0,1.0,1.0
27,280,9.833369409817626,5.224451923577315,0.0,1.0,1.0,1.0,1.0,0.0
28,280,5.051267237784495,1.4157987684664617,0.0,1.0,0.0,1.0,1.0,0.0
29,280,5.192314141540122,7.94541369508995,0.0,1.0,1.0,0.0,1.0,1.0
30,280,6.7451287691423625,2.5490331754012145,0.0,0.0,1.0,0.0,0.0,0.0
31,280,9.77176446681274,9.023346888832371,0.0,1.0,1.0,1.0,1.0,0.0
32,280,0.3812659912520295,1.3883041053501908,1.0,0.0,1.0,1.0,1.0,0.0
33,280,8.434037109351475,12.0,0.0,0.0,1.0,0.0,1.0,0.0
34,280,7.222162757870795,5.489389227988504,1.0,0.0,0.0,0.0,0.0,0.0
35,280,9.961077310945484,5.291565930143141,1.0,0.0,0.0,1.0,1.0,1.0
36,280,0.0,10.826330628123063,0.0,0.0,0.0,1.0,0.0,1.0
37,280,11.874017141792564,0.4484020351251166,0.0,1.0,1.0,1.0,0.0,0.0
38,280,1.3444801415659762,10.216272119927549,0.0,0.0,1.0,0.0,1.0,1.0
39,280,1.480934251026759,7.002250420319736,0.0,1.0,1.0,0.0,1.0,1.0
0,285,2.8845031104076413,4.028388931822173,0.0,0.0,0.0,0.0,0.0,0.0
1,285,0.3551042000610111,7.652677450936035,0.0,0.0,0.0,0.0,0.0,0.0
2,285,10.7337994598719,1.44062965584966,1.0,0.0,0.0,1.0,1.0,0.0
3,285,11.700267841714757,3.39443970970735,0.0,0.0,0.0,1.0,1.0,0.0
4,285,1.562818045863908,12.0,0.0,0.0,0.0,0.0,0.0,0.0
5,285,10.622189001400953,0.8934496709825468,1.0,0.0,0.0,1.0,1.0,0.0
6,285,7.009828878413119,2.7572234543202274,0.0,1.0,0.0,1.0,0.0,1.0
7,285,10.099005648466804,5.157718700092265,0.0,0.0,1.0,1.0,0.0,0.0
8,285,11.551335574698216,0.936024943351787,1.0,0.0,1.0,0.0,0.0,0.0
9,285,10.478509490827886,3.827930609435787,1.0,0.0,0.0,0.0,1.0,0.0
10,285,2.9290557704477145,3.11059187690767,0.0,0.0,1.0,0.0,0.0,0.0
11,285,12.0,0.4460073892985101,1.0,1.0,1.0,1.0,1.0,0.0
12,285,8.77693822846203,7.794352444733187,1.0,0.0,1.0,0.0,1.0,0.0
13,285,2.312139795170384,12.0,1.0,1.0,0.0,0.0,0.0,0.0
14,285,11.59926000661961,1.978318762942836,0.0,1.0,0.0,0.0,0.0,0.0
15,285,0.6176894067891637,2.5016499497128875,1.0,1.0,0.0,1.0,1.0,1.0
16,285,4.524961559818119,1.8063683653713791,1.0,1.0,0.0,0.0,0.0,0.0
17,285,3.12462784987944,12.0,0.0,1.0,1.0,1.0,1.0,0.0
18,285,2.6950226791446084,4.989487594604577,0.0,0.0,0.0,1.0,0.0,0.0
19,285,8.525714552865457,1.7603045024968644,0.0,0.0,1.0,1.0,1.0,0.0
20,285,0.0,4.850379634125418,0.0,1.0,0.0,0.0,0.0,1.0
21,285,4.25696204335748,12.0,0.0,0.0,0.0,0.0,0.0,0.0
22,285,10.66496023723475,7.941517422127477,1.0,0.0,1.0,0.0,1.0,0.0
23,285,10.708107154854458,11.232763556653383,1.0,1.0,0.0,1.0,0.0,0.0
24,285,10.40190912146624,1.4775320583870977,1.0,1.0,1.0,0.0,1.0,0.0
25,285,1.957818120147021,9.890951670626135,1.0,0.0,0.0,0.0,0.0,0.0
26,285,3.3152035218406475,1.191178773054832,0.0,0.0,0.0,1.0,1.0,1.0
27,285,9.827776020933188,5.232542688313105,0.0,1.0,1.0,1.0,1.0,0.0
28,285,5.068521691735873,1.5726827965788637,0.0,1.0,0.0,1.0,1.0,0.0
29,285,5.172065605417815,7.990884576691063,0.0,1.0,1.0,0.0,1.0,1.0
30,285,6.635640982443699,2.449917863490989,0.0,0.0,1.0,0.0,0.0,0.0
31,285,9.783523377758288,9.06083043990644,0.0,1.0,1.0,1.0,1.0,0.0
32,285,0.3493162198901928,1.3373723563448747,1.0,0.0,1.0,1.0,1.0,0.0
33,285,8.47304722524247,12.0,0.0,0.0,1.0,0.0,1.0,0.0
34,285,7.355363770092081,5.587216931271375,1.0,0.0,0.0,0.0,0.0,0.0
35,285,9.959572879109707,5.209500807750827,1.0,0.0,0.0,1.0,1.0,1.0
36,285,0.0,10.724349539731415,0.0,0.0,0.0,1.0,0.0,1.0
37,285,11.838488029270888,0.4953471193148452,0.0,1.0,1.0,1.0,0.0,0.0
38,285,1.4157781247415837,10.237263593104664,0.0,0.0,1.0,0.0,1.0,1.0
39,285,1.528489265477353,6.995248499112547,0.0,1.0,1.0,0.0,1.0,1.0
0,290,3.2164082648462675,4.133775433238949,0.0,0.0,0.0,0.0,0.0,0.0
1,290,0.3466978528378858,7.825500945786527,0.0,0.0,0.0,0.0,0.0,0.0
2,290,10.823533223541084,1.291020894809665,1.0,0.0,0.0,1.0,1.0,0.0
3,290,11.731427183692208,3.43149823651081,0.0,0.0,0.0,1.0,1.0,0.0
4,290,1.599939909976277,12.0,0.0,0.0,0.0,0.0,0.0,0.0
5,290,10.70084080092842,0.8197193077337628,1.0,0.0,0.0,1.0,1.0,0.0
6,290,6.978131958387117,2.6145356629533016,0.0,1.0,0.0,1.0,0.0,1.0
7,290,10.114466053965211,5.152356328304278,0.0,0.0,1.0,1.0,0.0,0.0
8,290,11.527832042774726,0.9821870139925932,1.0,0.0,1.0,0.0,0.0,0.0
9,290,10.565319263560344,3.903933674792145,1.0,0.0,0.0,0.0,1.0,0.0
10,290,2.8805920813790475,3.097846464990892,0.0,0.0,1.0,0.0,0.0,0.0
11,290,12.0,0.4329827732332452,1.0,1.0,1.0,1.0,1.0,0.0
12,290,8.750518383402776,7.675924565242024,1.0,0.0,1.0,0.0,1.0,0.0
13,290,2.270559098318241,12.0,1.0,1.0,0.0,0.0,0.0,0.0
14,290,11.528606072567,1.9214319152641508,0.0,1.0,0.0,0.0,0.0,0.0
15,290,0.5937091484743264,2.4816689650117385,1.0,1.0,0.0,1.0,1.0,1.0
16,290,4.615141648567278,1.7022793909013516,1.0,1.0,0.0,0.0,0.0,0.0
17,290,3.1661559828592143,12.0,0.0,1.0,1.0,1.0,1.0,0.0
18,290,2.7011552828161998,4.994585613741116,0.0,0.0,0.0,1.0,0.0,0.0
19,290,8.386630666599538,1.7387185513528791,0.0,0.0,1.0,1.0,1.0,0.0
20,290,0.0,4.79769043727568,0.0,1.0,0.0,0.0,0.0,1.0
21,290,4.252463107113035,12.0,0.0,0.0,0.0,0.0,0.0,0.0
22,290,10.791501031104287,7.951599205256576,1.0,0.0,1.0,0.0,1.0,0.0
23,290,10.716970896630173,11.2128434217729,1.0,1.0,0.0,1.0,0.0,0.0
24,290,10.425656657244827,1.5020144268820952,1.0,1.0,1.0,0.0,1.0,0.0
25,290,1.9485285308281923,9.89333243774342,1.0,0.0,0.0,0.0,0.0,0.0
26,290,3.2501605345124256,1.0739870967305998,0.0,0.0,0.0,1.0,1.0,1.0
27,290,9.818968993709406,5.244468033288789,0.0,1.0,1.0,1.0,1.0,0.0
28,290,5.090454674136416,1.7202495152768709,0.0,1.0,0.0,1.0,1.0,0.0
29,290,5.152435671780586,8.038133192204292,0.0,1.0,1.0,0.0,1.0,1.0
30,290,6.528550495288045,2.3523966576660134,0.0,0.0,1.0,0.0,0.0,0.0
31,290,9.803101370491047,9.12126363206041,0.0,1.0,1.0,1.0,1.0,0.0
32,290,0.3141943826513442,1.2825690822686922,1.0,0.0,1.0,1.0,1.0,0.0
33,290,8.506016724696421,12.0,0.0,0.0,1.0,0.0,1.0,0.0
34,290,7.485453873468047,5.679646735645303,1.0,0.0,0.0,0.0,0.0,0.0
35,290,9.95633215427004,5.124723375524433,1.0,0.0,0.0,1.0,1.0,1.0
36,290,0.0,10.622717436248609,0.0,0.0,0.0,1.0,0.0,1.0
37,290,11.827763245231855,0.5103775008328086,0.0,1.0,1.0,1.0,0.0,0.0
38,290,1.4855239809749885,10.257397218138276,0.0,0.0,1.0,0.0,1.0,1.0
39,290,1.5581041972865854,6.990771140594249,0.0,1.0,1.0,0.0,1.0,1.0
0,295,3.559395009553826,4.240605002291051,0.0,0.0,0.0,0.0,0.0,0.0
1,295,0.3367463392674561,8.010473022099221,0.0,0.0,0.0,0.0,0.0,0.0
2,295,10.92102771308516,1.1370923100141883,1.0,0.0,0.0,1.0,1.0,0.0
3,295,11.750749140729395,3.4528220388363464,0.0,0.0,0.0,1.0,1.0,0.0
4,295,1.6393363210252492,12.0,0.0,0.0,0.0,0.0,0.0,0.0
5,295,10.773059909659338,0.7542314827015049,1.0,0.0,0.0,1.0,1.0,0.0
6,295,6.945761525244053,2.469140738217189,0.0,1.0,0.0,1.0,0.0,1.0
7,295,10.127899008312298,5.147863431397638,0.0,0.0,1.0,1.0,0.0,0.0
8,295,11.519234975901496,0.999227334776804,1.0,0.0,1.0,0.0,0.0,0.0
9,295,10.65580065924446,3.982918303217698,1.0,0.0,0.0,0.0,1.0,0.0
10,295,2.840336234821415,3.087354844343961,0.0,0.0,1.0,0.0,0.0,0.0
11,295,12.0,0.4200938025156531,1.0,1.0,1.0,1.0,1.0,0.0
12,295,8.720138731215652,7.525778761941987,1.0,0.0,1.0,0.0,1.0,0.0
13,295,2.230589063021991,12.0,1.0,1.0,0.0,0.0,0.0,0.0
14,295,11.476934315810016,1.8804952035225344,0.0,1.0,0.0,0.0,0.0,0.0
15,295,0.5588789552234497,2.451815093614378,1.0,1.0,0.0,1.0,1.0,1.0
16,295,4.712140868835935,1.5913578164926965,1.0,1.0,0.0,0.0,0.0,0.0
17,295,3.213438969422325,12.0,0.0,1.0,1.0,1.0,1.0,0.0
18,295,2.715878870348948,5.006768296621305,0.0,0.0,0.0,1.0,0.0,0.0
19,295,8.226688864608159,1.7107463441460988,0.0,0.0,1.0,1.0,1.0,0.0
20,295,0.0,4.756286752629214,0.0,1.0,0.0,0.0,0.0,1.0
21,295,4.248302604304078,12.0,0.0,0.0,0.0,0.0,0.0,0.0
22,295,10.921790836020344,7.963342590578976,1.0,0.0,1.0,0.0,1.0,0.0
23,295,10.735210989433217,11.17184706970254,1.0,1.0,0.0,1.0,0.0,0.0
24,295,10.446689855833396,1.5232847125588838,1.0,1.0,1.0,0.0,1.0,0.0
25,295,1.9630320207502667,9.889570611577176,1.0,0.0,0.0,0.0,0.0,0.0
26,295,3.1824069693907324,0.9554092035716312,0.0,0.0,0.0,1.0,1.0,1.0
27,295,9.80231189419326,5.267833017956237,0.0,1.0,1.0,1.0,1.0,0.0
28,295,5.11367854981074,1.8593088929947608,0.0,1.0,0.0,1.0,1.0,0.0
29,295,5.12836033482153,8.093087611738712,0.0,1.0,1.0,0.0,1.0,1.0
30,295,6.418388383958556,2.255063589587909,0.0,0.0,1.0,0.0,0.0,0.0
31,295,9.815285479660794,9.1591472007086,0.0,1.0,1.0,1.0,1.0,0.0
32,295,0.2813933968474055,1.229747532719133,1.0,0.0,1.0,1.0,1.0,0.0
33,295,8.563633563075301,12.0,0.0,0.0,1.0,0.0,1.0,0.0
34,295,7.60676822069592,5.764527972217623,1.0,0.0,0.0,0.0,0.0,0.0
35,295,9.95220198717276,5.010160652544907,1.0,0.0,0.0,1.0,1.0,1.0
36,295,0.0,10.528984622819715,0.0,0.0,0.0,1.0,0.0,1.0
37,295,11.82422616042317,0.5153386309188349,0.0,1.0,1.0,1.0,0.0,0.0
38,295,1.564682206993485,10.27926074161147,0.0,0.0,1.0,0.0,1.0,1.0
39,295,1.6144566387457844,6.980869112140682,0.0,1.0,1.0,0.0,1.0,1.0
