0,0,11.989146122808496,3.929417907862689,1.0,0.0,0.0,0.0,1.0,1.0
1,0,0.0,5.036046307466144,0.0,0.0,0.0,0.0,1.0,1.0
2,0,2.934502289090011,10.985660156772498,0.0,1.0,0.0,1.0,0.0,1.0
3,0,11.917508427178072,4.010365732288356,0.0,1.0,0.0,1.0,0.0,1.0
4,0,2.037969550595065,8.040586905775973,0.0,0.0,0.0,0.0,1.0,1.0
5,0,6.06047007421096,7.0147762783078935,0.0,1.0,0.0,1.0,0.0,0.0
6,0,10.057662845934658,10.960670828234312,1.0,0.0,1.0,1.0,0.0,0.0
7,0,5.041521725004101,11.959235601546718,0.0,0.0,0.0,0.0,0.0,1.0
8,0,8.995691618950238,2.070048570583201,0.0,1.0,0.0,0.0,1.0,0.0
9,0,7.014383910939992,3.95570589123849,0.0,0.0,1.0,1.0,1.0,0.0
10,0,2.960382906906766,7.974168044896714,1.0,0.0,0.0,0.0,0.0,1.0
11,0,3.986868248664434,2.068317591365359,0.0,1.0,1.0,1.0,0.0,0.0
12,0,0.9272920010402244,7.957087604875975,0.0,0.0,0.0,0.0,1.0,0.0
13,0,3.0043926510897263,1.967447308360473,1.0,0.0,0.0,0.0,1.0,0.0
14,0,0.0,0.0,1.0,0.0,1.0,1.0,0.0,0.0
15,0,10.05586702620048,1.9996748795890509,1.0,0.0,0.0,1.0,0.0,0.0
16,0,5.978569762501456,1.9749310517676448,1.0,0.0,0.0,1.0,0.0,0.0
17,0,6.009414371955775,7.946699142213487,1.0,0.0,1.0,0.0,0.0,0.0
18,0,11.056363343381625,0.0,1.0,1.0,0.0,0.0,1.0,0.0
19,0,7.022318306604762,8.941087508751496,1.0,0.0,0.0,0.0,1.0,1.0
20,0,0.0100750263507897,4.045825142401244,1.0,1.0,0.0,1.0,1.0,0.0
21,0,8.060343397780581,4.014550735398824,0.0,0.0,1.0,1.0,0.0,0.0
22,0,12.0,2.9566083888054844,0.0,0.0,0.0,0.0,0.0,0.0
23,0,0.9513940042142476,11.04292796493703,0.0,0.0,1.0,1.0,1.0,1.0
24,0,7.052655478349588,11.973604335293698,1.0,1.0,1.0,0.0,0.0,1.0
25,0,3.066755765999368,2.02013769785745,0.0,1.0,1.0,0.0,1.0,1.0
26,0,4.929908141974782,5.98675957124806,0.0,1.0,1.0,0.0,0.0,1.0
27,0,4.009888239043288,2.9261378035081385,0.0,0.0,1.0,0.0,1.0,1.0
28,0,10.009886289573664,8.961863027066437,0.0,0.0,0.0,1.0,0.0,0.0
29,0,11.050325016869582,9.98860873511963,0.0,1.0,0.0,1.0,0.0,0.0
30,0,9.047833612599163,5.963690902856622,1.0,0.0,1.0,1.0,0.0,0.0
31,0,2.969125107130876,10.96128552362508,1.0,0.0,1.0,0.0,0.0,1.0
32,0,10.955656125522616,0.0459150936883441,0.0,1.0,1.0,1.0,0.0,0.0
33,0,7.965284254786006,6.965162078955405,1.0,1.0,1.0,1.0,1.0,1.0
34,0,4.025362040192806,5.0296511797021966,0.0,0.0,1.0,0.0,0.0,0.0
35,0,11.037895629089322,12.0,0.0,0.0,1.0,0.0,1.0,1.0
36,0,0.0031757986878521,7.976856150547992,0.0,1.0,0.0,0.0,0.0,1.0
37,0,12.0,10.004614450163904,0.0,1.0,0.0,1.0,1.0,0.0
38,0,3.988215794542889,9.047650809143944,0.0,0.0,0.0,1.0,0.0,0.0
39,0,0.0304265727863252,11.979957061602912,1.0,1.0,1.0,0.0,1.0,0.0
0,5,11.97578354008417,3.8409497639424903,1.0,0.0,0.0,0.0,1.0,1.0
1,5,0.0,5.064564765281027,0.0,0.0,0.0,0.0,1.0,1.0
2,5,2.868714637977057,10.970022085922135,0.0,1.0,0.0,1.0,0.0,1.0
3,5,11.809800430819829,4.024033441153683,0.0,1.0,0.0,1.0,0.0,1.0
4,5,2.0645329847598752,8.067007061930065,0.0,0.0,0.0,0.0,1.0,1.0
5,5,6.127902827266529,7.030481305858083,0.0,1.0,0.0,1.0,0.0,0.0
6,5,10.099923682309342,10.929859004087064,1.0,0.0,1.0,1.0,0.0,0.0
7,5,5.095435197093114,11.911816947497805,0.0,0.0,0.0,0.0,0.0,1.0
8,5,8.989092014593206,2.1586882627516206,0.0,1.0,0.0,0.0,1.0,0.0
9,5,7.019552149915858,3.9386844248151625,0.0,0.0,1.0,1.0,1.0,0.0
10,5,2.937870192426012,7.960419588513444,1.0,0.0,0.0,0.0,0.0,1.0
11,5,3.9747430294741584,2.134077018564552,0.0,1.0,1.0,1.0,0.0,0.0
12,5,0.8435306336074554,7.911503203073462,0.0,0.0,0.0,0.0,1.0,0.0
13,5,3.008231961870292,1.935518091255132,1.0,0.0,0.0,0.0,1.0,0.0
14,5,0.0,0.0,1.0,0.0,1.0,1.0,0.0,0.0
15,5,10.108370231951518,1.9996520591339937,1.0,0.0,0.0,1.0,0.0,0.0
16,5,5.965449924327646,1.9601652529846063,1.0,0.0,0.0,1.0,0.0,0.0
17,5,6.018859136711995,7.89298782282069,1.0,0.0,1.0,0.0,0.0,0.0
18,5,11.09316247695416,0.0,1.0,1.0,0.0,0.0,1.0,0.0
19,5,7.03486942688282,8.908538640365297,1.0,0.0,0.0,0.0,1.0,1.0
20,5,0.0265771304899398,4.124498036937176,1.0,1.0,0.0,1.0,1.0,0.0
21,5,8.128694081641815,4.031142681275353,0.0,0.0,1.0,1.0,0.0,0.0
22,5,12.0,2.926136904959886,0.0,0.0,0.0,0.0,0.0,0.0
23,5,0.8913347054792121,11.098940260507362,0.0,0.0,1.0,1.0,1.0,1.0
24,5,7.11579944871938,11.943462220861337,1.0,1.0,1.0,0.0,0.0,1.0
25,5,3.1132591792739217,2.034605055164979,0.0,1.0,1.0,0.0,1.0,1.0
26,5,4.882818650004031,5.978231708296383,0.0,1.0,1.0,0.0,0.0,1.0
27,5,4.017533890051575,2.8567964928989578,0.0,0.0,1.0,0.0,1.0,1.0
28,5,10.021851744141308,8.918484692504052,0.0,0.0,0.0,1.0,0.0,0.0
29,5,11.107738933047177,9.975772277789329,0.0,1.0,0.0,1.0,0.0,0.0
30,5,9.103484651795592,5.92146745754214,1.0,0.0,1.0,1.0,0.0,0.0
31,5,2.939563868206897,10.922759569320467,1.0,0.0,1.0,0.0,0.0,1.0
32,5,10.903649959010943,0.0966327150906558,0.0,1.0,1.0,1.0,0.0,0.0
33,5,7.945780291354576,6.945238339928033,1.0,1.0,1.0,1.0,1.0,1.0
34,5,4.049196039790684,5.057593413456203,0.0,0.0,1.0,0.0,0.0,0.0
35,5,11.080600106714524,12.0,0.0,0.0,1.0,0.0,1.0,1.0
36,5,0.0041737430408673,7.96915764993521,0.0,1.0,0.0,0.0,0.0,1.0
37,5,12.0,10.007269620492256,0.0,1.0,0.0,1.0,1.0,0.0
38,5,3.974677183954255,9.097140878004284,0.0,0.0,0.0,1.0,0.0,0.0
39,5,0.065636701798489,11.956934822448234,1.0,1.0,1.0,0.0,1.0,0.0
0,10,11.964988754473334,3.775272488720421,1.0,0.0,0.0,0.0,1.0,1.0
1,10,0.0,5.080188725937472,0.0,0.0,0.0,0.0,1.0,1.0
2,10,2.814495037778864,10.958444969313623,0.0,1.0,0.0,1.0,0.0,1.0
3,10,11.693373432513464,4.038748327278686,0.0,1.0,0.0,1.0,0.0,1.0
4,10,2.10115783961163,8.10292270616975,0.0,0.0,0.0,0.0,1.0,1.0
5,10,6.185751683389017,7.043198893873973,0.0,1.0,0.0,1.0,0.0,0.0
6,10,10.13357785001422,10.906062162025174,1.0,0.0,1.0,1.0,0.0,0.0
7,10,5.143025547896258,11.869022386822692,0.0,0.0,0.0,0.0,0.0,1.0
8,10,8.983712354280451,2.2287856651629534,0.0,1.0,0.0,0.0,1.0,0.0
9,10,7.028277091328161,3.910999663686811,0.0,0.0,1.0,1.0,1.0,0.0
10,10,2.9297137802320026,7.95553477226425,1.0,0.0,0.0,0.0,0.0,1.0
11,10,3.960327740925017,2.2316150804262924,0.0,1.0,1.0,1.0,0.0,0.0
12,10,0.7470514108730447,7.855169052852027,0.0,0.0,0.0,0.0,1.0,0.0
13,10,3.012158527742033,1.895745445554101,1.0,0.0,0.0,0.0,1.0,0.0
14,10,0.0,0.0,1.0,0.0,1.0,1.0,0.0,0.0
15,10,10.169349161280897,1.9991430723857,1.0,0.0,0.0,1.0,0.0,0.0
16,10,5.967210317916601,1.9619792451236635,1.0,0.0,0.0,1.0,0.0,0.0
17,10,6.024230440994575,7.859371063362901,1.0,0.0,1.0,0.0,0.0,0.0
18,10,11.14520880331806,0.0,1.0,1.0,0.0,0.0,1.0,0.0
19,10,7.047599487381728,8.874972634726365,1.0,0.0,0.0,0.0,1.0,1.0
20,10,0.0,4.141075625199967,1.0,1.0,0.0,1.0,1.0,0.0
21,10,8.18506761383053,4.045470878166848,0.0,0.0,1.0,1.0,0.0,0.0
22,10,12.0,2.8888394010567167,0.0,0.0,0.0,0.0,0.0,0.0
23,10,0.8359275784160771,11.151230971941096,0.0,0.0,1.0,1.0,1.0,1.0
24,10,7.18060910436931,11.912961849470786,1.0,1.0,1.0,0.0,0.0,1.0
25,10,3.15796529760885,2.0478437534577667,0.0,1.0,1.0,0.0,1.0,1.0
26,10,4.8344158994640845,5.968781267027411,0.0,1.0,1.0,0.0,0.0,1.0
27,10,4.025634114239477,2.789326104141902,0.0,0.0,1.0,0.0,1.0,1.0
28,10,10.033840869106928,8.875294714432343,0.0,0.0,0.0,1.0,0.0,0.0
29,10,11.131743606906966,9.97109397964202,0.0,1.0,0.0,1.0,0.0,0.0
30,10,9.153436259647805,5.884489483954409,1.0,0.0,1.0,1.0,0.0,0.0
31,10,2.9200170287785703,10.896458237141506,1.0,0.0,1.0,0.0,0.0,1.0
32,10,10.844625347488082,0.1522452735013874,0.0,1.0,1.0,1.0,0.0,0.0
33,10,7.933960811564447,6.933164592891185,1.0,1.0,1.0,1.0,1.0,1.0
34,10,4.072867803575687,5.085059305652339,0.0,0.0,1.0,0.0,0.0,0.0
35,10,11.100923065201185,12.0,0.0,0.0,1.0,0.0,1.0,1.0
36,10,0.0043492045126387,7.967214688136043,0.0,1.0,0.0,0.0,0.0,1.0
37,10,12.0,10.00889505416007,0.0,1.0,0.0,1.0,1.0,0.0
38,10,3.9652911804879456,9.133057298026822,0.0,0.0,0.0,1.0,0.0,0.0
39,10,0.0986727757016368,11.935510167653348,1.0,1.0,1.0,0.0,1.0,0.0
0,15,11.95701813983111,3.716094368687926,1.0,0.0,0.0,0.0,1.0,1.0
1,15,0.0,5.089637930584535,0.0,0.0,0.0,0.0,1.0,1.0
2,15,2.7510672922994237,10.946885161571275,0.0,1.0,0.0,1.0,0.0,1.0
3,15,11.571960330885634,4.053419467948541,0.0,1.0,0.0,1.0,0.0,1.0
4,15,2.129481760355408,8.12964328101645,0.0,0.0,0.0,0.0,1.0,1.0
5,15,6.236789765515506,7.056351137737094,0.0,1.0,0.0,1.0,0.0,0.0
6,15,10.172103639023534,10.880382734193985,1.0,0.0,1.0,1.0,0.0,0.0
7,15,5.196616494936075,11.823352203393226,0.0,0.0,0.0,0.0,0.0,1.0
8,15,8.979666540955888,2.293548152382577,0.0,1.0,0.0,0.0,1.0,0.0
9,15,7.034492599125541,3.8919453317321056,0.0,0.0,1.0,1.0,1.0,0.0
10,15,2.9121646658854794,7.944270867608921,1.0,0.0,0.0,0.0,0.0,1.0
11,15,3.944592505893406,2.3357369036112807,0.0,1.0,1.0,1.0,0.0,0.0
12,15,0.6701952580915628,7.807914480202785,0.0,0.0,0.0,0.0,1.0,0.0
13,15,3.014993004192929,1.868755634930021,1.0,0.0,0.0,0.0,1.0,0.0
14,15,0.0,0.0,1.0,0.0,1.0,1.0,0.0,0.0
15,15,10.237350785617584,1.997594694302938,1.0,0.0,0.0,1.0,0.0,0.0
16,15,5.9851501454198335,1.9800225658887187,1.0,0.0,0.0,1.0,0.0,0.0
17,15,6.030972701550132,7.817638912748953,1.0,0.0,1.0,0.0,0.0,0.0
18,15,11.184210123395191,0.0,1.0,1.0,0.0,0.0,1.0,0.0
19,15,7.053318928020216,8.862610869130693,1.0,0.0,0.0,0.0,1.0,1.0
20,15,0.0,4.163220856749835,1.0,1.0,0.0,1.0,1.0,0.0
21,15,8.240531099684807,4.059114870147271,0.0,0.0,1.0,1.0,0.0,0.0
22,15,12.0,2.853926589398068,0.0,0.0,0.0,0.0,0.0,0.0
23,15,0.8060224772266185,11.178675052636526,0.0,0.0,1.0,1.0,1.0,1.0
24,15,7.24659726594607,11.882223085003863,1.0,1.0,1.0,0.0,0.0,1.0
25,15,3.201374759491314,2.0587349999980584,0.0,1.0,1.0,0.0,1.0,1.0
26,15,4.802303597303773,5.9620856521808685,0.0,1.0,1.0,0.0,0.0,1.0
27,15,4.034488386573253,2.716664757548058,0.0,0.0,1.0,0.0,1.0,1.0
28,15,10.047686545705014,8.824481257171776,0.0,0.0,0.0,1.0,0.0,0.0
29,15,11.137628570329882,9.969891957791384,0.0,1.0,0.0,1.0,0.0,0.0
30,15,9.2290527998233,5.829816517970937,1.0,0.0,1.0,1.0,0.0,0.0
31,15,2.8891751607486884,10.853079303561096,1.0,0.0,1.0,0.0,0.0,1.0
32,15,10.797652435191557,0.1952560470986558,0.0,1.0,1.0,1.0,0.0,0.0
33,15,7.91650328740611,6.9155989556970905,1.0,1.0,1.0,1.0,1.0,1.0
34,15,4.089272992965087,5.104554929117979,0.0,0.0,1.0,0.0,0.0,0.0
35,15,11.12657341411172,12.0,0.0,0.0,1.0,0.0,1.0,1.0
36,15,0.0050550997409086,7.958029391921567,0.0,1.0,0.0,0.0,0.0,1.0
37,15,12.0,10.011798465677984,0.0,1.0,0.0,1.0,1.0,0.0
38,15,3.9595157580760754,9.155297045888616,0.0,0.0,0.0,1.0,0.0,0.0
39,15,0.1240591252748925,11.919635241281425,1.0,1.0,1.0,0.0,1.0,0.0
0,20,11.950034853814229,3.65478087356034,1.0,0.0,0.0,0.0,1.0,1.0
1,20,0.0047199281562261,5.085636892053823,0.0,0.0,0.0,0.0,1.0,1.0
2,20,2.703206096632402,10.936858708519493,0.0,1.0,0.0,1.0,0.0,1.0
3,20,11.426105897571288,4.070234958110013,0.0,1.0,0.0,1.0,0.0,1.0
4,20,2.1744816931491218,8.172925318085897,0.0,0.0,0.0,0.0,1.0,1.0
5,20,6.285245488122012,7.067850015897832,0.0,1.0,0.0,1.0,0.0,0.0
6,20,10.196453360872264,10.864388884102643,1.0,0.0,1.0,1.0,0.0,0.0
7,20,5.257671688730111,11.768962706564176,0.0,0.0,0.0,0.0,0.0,1.0
8,20,8.977114662036202,2.357902095471041,0.0,1.0,0.0,0.0,1.0,0.0
9,20,7.045176167284393,3.8592418859272217,0.0,0.0,1.0,1.0,1.0,0.0
10,20,2.9020297333808447,7.937981548790828,1.0,0.0,0.0,0.0,0.0,1.0
11,20,3.930478076421979,2.42200716861806,0.0,1.0,1.0,1.0,0.0,0.0
12,20,0.5930978093051047,7.758074184882477,0.0,0.0,0.0,0.0,1.0,0.0
13,20,3.0206358614037017,1.8152827831771476,1.0,0.0,0.0,0.0,1.0,0.0
14,20,0.0,0.0,1.0,0.0,1.0,1.0,0.0,0.0
15,20,10.270956701637369,1.9970607523724435,1.0,0.0,0.0,1.0,0.0,0.0
16,20,5.998535572560045,1.993275314170077,1.0,0.0,0.0,1.0,0.0,0.0
17,20,6.040311374070542,7.764967175359446,1.0,0.0,1.0,0.0,0.0,0.0
18,20,11.206767419382444,0.0,1.0,1.0,0.0,0.0,1.0,0.0
19,20,7.064883010078014,8.838016935979368,1.0,0.0,0.0,0.0,1.0,1.0
20,20,0.0,4.188087962629875,1.0,1.0,0.0,1.0,1.0,0.0
21,20,8.312684901399725,4.075610282837997,0.0,0.0,1.0,1.0,0.0,0.0
22,20,12.0,2.809259519285952,0.0,0.0,0.0,0.0,0.0,0.0
23,20,0.7701767124523583,11.212415521127664,0.0,0.0,1.0,1.0,1.0,1.0
24,20,7.285723914406366,11.864895648056692,1.0,1.0,1.0,0.0,0.0,1.0
25,20,3.23702207017573,2.067965375444597,0.0,1.0,1.0,0.0,1.0,1.0
26,20,4.777114800840257,5.956912225075305,0.0,1.0,1.0,0.0,0.0,1.0
27,20,4.045411585284851,2.6478089767539643,0.0,0.0,1.0,0.0,1.0,1.0
28,20,10.058429743172756,8.78562038990497,0.0,0.0,0.0,1.0,0.0,0.0
29,20,11.12010639331189,9.973523041119362,0.0,1.0,0.0,1.0,0.0,0.0
30,20,9.298218451752916,5.780724505476999,1.0,0.0,1.0,1.0,0.0,0.0
31,20,2.8607682158559258,10.813744687455298,1.0,0.0,1.0,0.0,0.0,1.0
32,20,10.731637206843631,0.2544955278255246,0.0,1.0,1.0,1.0,0.0,0.0
33,20,7.893520144355106,6.892438757902406,1.0,1.0,1.0,1.0,1.0,1.0
34,20,4.097588271212001,5.114211380162304,0.0,0.0,1.0,0.0,0.0,0.0
35,20,11.129683547334498,12.0,0.0,0.0,1.0,0.0,1.0,1.0
36,20,0.0060808427949044,7.935863488884496,0.0,1.0,0.0,0.0,0.0,1.0
37,20,12.0,10.01400206445028,0.0,1.0,0.0,1.0,1.0,0.0
38,20,3.95429231130352,9.17752547702196,0.0,0.0,0.0,1.0,0.0,0.0
39,20,0.1333778611899439,11.913711281673873,1.0,1.0,1.0,0.0,1.0,0.0
0,25,11.941052222835188,3.594751730659284,1.0,0.0,0.0,0.0,1.0,1.0
1,25,0.0055420395656202,5.084958468912241,0.0,0.0,0.0,0.0,1.0,1.0
2,25,2.677187500457885,10.930809200051767,0.0,1.0,0.0,1.0,0.0,1.0
3,25,11.292404650657636,4.083992566717184,0.0,1.0,0.0,1.0,0.0,1.0
4,25,2.211365275108926,8.211324923496399,0.0,0.0,0.0,0.0,1.0,1.0
5,25,6.329429933145196,7.078269986183799,0.0,1.0,0.0,1.0,0.0,0.0
6,25,10.206864192397791,10.8574079563656,1.0,0.0,1.0,1.0,0.0,0.0
7,25,5.299317510646168,11.732104303861998,0.0,0.0,0.0,0.0,0.0,1.0
8,25,8.973186327798109,2.4278194339821884,0.0,1.0,0.0,0.0,1.0,0.0
9,25,7.055192673132607,3.827242992152504,0.0,0.0,1.0,1.0,1.0,0.0
10,25,2.894971658477198,7.933764818294329,1.0,0.0,0.0,0.0,0.0,1.0
11,25,3.915918530821572,2.514769579053815,0.0,1.0,1.0,1.0,0.0,0.0
12,25,0.5169534154102796,7.711225798076175,0.0,0.0,0.0,0.0,1.0,0.0
13,25,3.0258599442982,1.7686050289526667,1.0,0.0,0.0,0.0,1.0,0.0
14,25,0.0,0.0,1.0,0.0,1.0,1.0,0.0,0.0
15,25,10.271882709938868,2.041489519372279,1.0,0.0,0.0,1.0,0.0,0.0
16,25,6.016517242215215,2.0102459390167664,1.0,0.0,0.0,1.0,0.0,0.0
17,25,6.0445364200221565,7.737987602160868,1.0,0.0,1.0,0.0,0.0,0.0
18,25,11.24402121080687,0.0,1.0,1.0,0.0,0.0,1.0,0.0
19,25,7.073790258856681,8.819397419993967,1.0,0.0,0.0,0.0,1.0,1.0
20,25,0.0,4.208075534642648,1.0,1.0,0.0,1.0,1.0,0.0
21,25,8.350858577195565,4.083417110337056,0.0,0.0,1.0,1.0,0.0,0.0
22,25,12.0,2.773195187804606,0.0,0.0,0.0,0.0,0.0,0.0
23,25,0.7241758769534179,11.25613768999978,0.0,0.0,1.0,1.0,1.0,1.0
24,25,7.3218984770088,11.850334414706612,1.0,1.0,1.0,0.0,0.0,1.0
25,25,3.255292351315365,2.0725126626388737,0.0,1.0,1.0,0.0,1.0,1.0
26,25,4.758130511660794,5.9527823414799785,0.0,1.0,1.0,0.0,0.0,1.0
27,25,4.053552782762705,2.596921209146408,0.0,0.0,1.0,0.0,1.0,1.0
28,25,10.06968281250033,8.745609945951196,0.0,0.0,0.0,1.0,0.0,0.0
29,25,11.10209017880722,9.977322807636192,0.0,1.0,0.0,1.0,0.0,0.0
30,25,9.379717402133055,5.723527281760835,1.0,0.0,1.0,1.0,0.0,0.0
31,25,2.840238873883601,10.7848730383825,1.0,0.0,1.0,0.0,0.0,1.0
32,25,10.67665472937518,0.305247538608574,0.0,1.0,1.0,1.0,0.0,0.0
33,25,7.867001124859539,6.866460902352602,1.0,1.0,1.0,1.0,1.0,1.0
34,25,4.101579741504247,5.11853723323211,0.0,0.0,1.0,0.0,0.0,0.0
35,25,11.133599656976326,12.0,0.0,0.0,1.0,0.0,1.0,1.0
36,25,0.0064416536330523,7.925845011902283,0.0,1.0,0.0,0.0,0.0,1.0
37,25,12.0,10.01456670180458,0.0,1.0,0.0,1.0,1.0,0.0
38,25,3.9479354239008906,9.203611195005749,0.0,0.0,0.0,1.0,0.0,0.0
39,25,0.1220847355309165,11.920682529899896,1.0,1.0,1.0,0.0,1.0,0.0
0,30,11.931581956985609,3.528033285347671,1.0,0.0,0.0,0.0,1.0,1.0
1,30,0.0,5.093310629280309,0.0,0.0,0.0,0.0,1.0,1.0
2,30,2.62974567638306,10.919234301221604,0.0,1.0,0.0,1.0,0.0,1.0
3,30,11.162340238879889,4.097932135979042,0.0,1.0,0.0,1.0,0.0,1.0
4,30,2.2637871698739573,8.265391359406106,0.0,0.0,0.0,0.0,1.0,1.0
5,30,6.365088134503386,7.085952280441191,0.0,1.0,0.0,1.0,0.0,0.0
6,30,10.226308684774995,10.84369148163668,1.0,0.0,1.0,1.0,0.0,0.0
7,30,5.3355570258514335,11.699792774376,0.0,0.0,0.0,0.0,0.0,1.0
8,30,8.969622911344983,2.473884750427165,0.0,1.0,0.0,0.0,1.0,0.0
9,30,7.070657621864506,3.7799835129990575,0.0,0.0,1.0,1.0,1.0,0.0
10,30,2.8724688236914058,7.920119701259136,1.0,0.0,0.0,0.0,0.0,1.0
11,30,3.899894320247783,2.627484581869597,0.0,1.0,1.0,1.0,0.0,0.0
12,30,0.442289117738736,7.668077919670334,0.0,0.0,0.0,0.0,1.0,0.0
13,30,3.0301794049402133,1.7332008560340713,1.0,0.0,0.0,0.0,1.0,0.0
14,30,0.0,0.0,1.0,0.0,1.0,1.0,0.0,0.0
15,30,10.274252838739176,2.1016822538287743,1.0,0.0,0.0,1.0,0.0,0.0
16,30,6.038608410155796,2.031338137145277,1.0,0.0,0.0,1.0,0.0,0.0
17,30,6.052076230962562,7.694902319940267,1.0,0.0,1.0,0.0,0.0,0.0
18,30,11.286032557829326,0.0,1.0,1.0,0.0,0.0,1.0,0.0
19,30,7.074577571213683,8.81789992123077,1.0,0.0,0.0,0.0,1.0,1.0
20,30,0.0,4.225498686515309,1.0,1.0,0.0,1.0,1.0,0.0
21,30,8.376500139921609,4.08959616827502,0.0,0.0,1.0,1.0,0.0,0.0
22,30,12.0,2.7487451540781342,0.0,0.0,0.0,0.0,0.0,0.0
23,30,0.6846353930782524,11.29284757851363,0.0,0.0,1.0,1.0,1.0,1.0
24,30,7.362076488191723,11.83320826086377,1.0,1.0,1.0,0.0,0.0,1.0
25,30,3.289172434414975,2.080928580163855,0.0,1.0,1.0,0.0,1.0,1.0
26,30,4.753347073636217,5.951671163743799,0.0,1.0,1.0,0.0,0.0,1.0
27,30,4.060325066718265,2.557381826803764,0.0,0.0,1.0,0.0,1.0,1.0
28,30,10.084108396780076,8.69383589026048,0.0,0.0,0.0,1.0,0.0,0.0
29,30,11.058294620885867,9.988156845643145,0.0,1.0,0.0,1.0,0.0,0.0
30,30,9.44753542657545,5.671825669602043,1.0,0.0,1.0,1.0,0.0,0.0
31,30,2.8177183829456998,10.749841128007883,1.0,0.0,1.0,0.0,0.0,1.0
32,30,10.61419755988412,0.3617656932138625,0.0,1.0,1.0,1.0,0.0,0.0
33,30,7.849712086336829,6.8487125253434105,1.0,1.0,1.0,1.0,1.0,1.0
34,30,4.111019208400447,5.128799102708126,0.0,0.0,1.0,0.0,0.0,0.0
35,30,11.14435367764724,12.0,0.0,0.0,1.0,0.0,1.0,1.0
36,30,0.0069594877416052,7.912461109831714,0.0,1.0,0.0,0.0,0.0,1.0
37,30,12.0,10.017836952408416,0.0,1.0,0.0,1.0,1.0,0.0
38,30,3.944964019829603,9.217866050334388,0.0,0.0,0.0,1.0,0.0,0.0
39,30,0.1024409557021592,11.933576976622412,1.0,1.0,1.0,0.0,1.0,0.0
0,35,11.924031796753727,3.478283196749442,1.0,0.0,0.0,0.0,1.0,1.0
1,35,0.0,5.09869551303188,0.0,0.0,0.0,0.0,1.0,1.0
2,35,2.5762278090371367,10.905895361797151,0.0,1.0,0.0,1.0,0.0,1.0
3,35,11.05131800820528,4.106411521648347,0.0,1.0,0.0,1.0,0.0,1.0
4,35,2.3079937630214955,8.309374707826555,0.0,0.0,0.0,0.0,1.0,1.0
5,35,6.412388552843865,7.095217601777903,0.0,1.0,0.0,1.0,0.0,0.0
6,35,10.241361721956064,10.833580702595556,1.0,0.0,1.0,1.0,0.0,0.0
7,35,5.369329090059416,11.66935387071015,0.0,0.0,0.0,0.0,0.0,1.0
8,35,8.964276634352554,2.52109985175995,0.0,1.0,0.0,0.0,1.0,0.0
9,35,7.084105965251085,3.739410186451538,0.0,0.0,1.0,1.0,1.0,0.0
10,35,2.8467398595492925,7.905726488518243,1.0,0.0,0.0,0.0,0.0,1.0
11,35,3.886128749694501,2.730574675235897,0.0,1.0,1.0,1.0,0.0,0.0
12,35,0.3521459371712375,7.612786986294001,0.0,0.0,0.0,0.0,1.0,0.0
13,35,3.0342089693844296,1.6958169242310976,1.0,0.0,0.0,0.0,1.0,0.0
14,35,0.0,0.0,1.0,0.0,1.0,1.0,0.0,0.0
15,35,10.278496055903195,2.1666197093721054,1.0,0.0,0.0,1.0,0.0,0.0
16,35,6.042209386833395,2.0348290834691087,1.0,0.0,0.0,1.0,0.0,0.0
17,35,6.059934810528818,7.638457452203297,1.0,0.0,1.0,0.0,0.0,0.0
18,35,11.330583885287028,0.0,1.0,1.0,0.0,0.0,1.0,0.0
19,35,7.076365158502808,8.814593232666514,1.0,0.0,0.0,0.0,1.0,1.0
20,35,0.0,4.243375568929587,1.0,1.0,0.0,1.0,1.0,0.0
21,35,8.412695862512148,4.09866570251674,0.0,0.0,1.0,1.0,0.0,0.0
22,35,11.9988230153856,2.75023587742112,0.0,0.0,0.0,0.0,0.0,0.0
23,35,0.6369071238134928,11.33665177881748,0.0,0.0,1.0,1.0,1.0,1.0
24,35,7.383876981474718,11.823568487527677,1.0,1.0,1.0,0.0,0.0,1.0
25,35,3.275821819633568,2.07757849099956,0.0,1.0,1.0,0.0,1.0,1.0
26,35,4.759091282965936,5.952961300386623,0.0,1.0,1.0,0.0,0.0,1.0
27,35,4.068672591557686,2.500391955727693,0.0,0.0,1.0,0.0,1.0,1.0
28,35,10.09683273122732,8.64988698254477,0.0,0.0,0.0,1.0,0.0,0.0
29,35,11.005901268211998,10.002531751962731,0.0,1.0,0.0,1.0,0.0,0.0
30,35,9.510653190340587,5.625160320667954,1.0,0.0,1.0,1.0,0.0,0.0
31,35,2.7898360086635043,10.70627297683462,1.0,0.0,1.0,0.0,0.0,1.0
32,35,10.542084648157216,0.4274139912409012,0.0,1.0,1.0,1.0,0.0,0.0
33,35,7.827976894206481,6.826659778196298,1.0,1.0,1.0,1.0,1.0,1.0
34,35,4.115559679045848,5.1338663387369845,0.0,0.0,1.0,0.0,0.0,0.0
35,35,11.159792155363814,12.0,0.0,0.0,1.0,0.0,1.0,1.0
36,35,0.0079398435565989,7.881619654917878,0.0,1.0,0.0,0.0,0.0,1.0
37,35,12.0,10.02034332631574,0.0,1.0,0.0,1.0,1.0,0.0
38,35,3.942779339127602,9.2293055359907,0.0,0.0,0.0,1.0,0.0,0.0
39,35,0.1001675819604419,11.935107008732592,1.0,1.0,1.0,0.0,1.0,0.0
0,40,11.917053677357766,3.4306037516234245,1.0,0.0,0.0,0.0,1.0,1.0
1,40,0.0,5.101091354085281,0.0,0.0,0.0,0.0,1.0,1.0
2,40,2.513262574225715,10.88869228976932,0.0,1.0,0.0,1.0,0.0,1.0
3,40,10.914789919654115,4.116649570810315,0.0,1.0,0.0,1.0,0.0,1.0
4,40,2.3458573073441182,8.344889953258013,0.0,0.0,0.0,0.0,1.0,1.0
5,40,6.460143852357575,7.104435185769468,0.0,1.0,0.0,1.0,0.0,0.0
6,40,10.254137604262732,10.824083058330134,1.0,0.0,1.0,1.0,0.0,0.0
7,40,5.398838234666702,11.644872269361564,0.0,0.0,0.0,0.0,0.0,1.0
8,40,8.959412997005085,2.583707234866736,0.0,1.0,0.0,0.0,1.0,0.0
9,40,7.100412661410489,3.692321220658148,0.0,0.0,1.0,1.0,1.0,0.0
10,40,2.8250821579591583,7.893620250862423,1.0,0.0,0.0,0.0,0.0,1.0
11,40,3.871989071028177,2.8393386312302926,0.0,1.0,1.0,1.0,0.0,0.0
12,40,0.2655772597187757,7.559569511376695,0.0,0.0,0.0,0.0,1.0,0.0
13,40,3.037406152875576,1.6727629063518992,1.0,0.0,0.0,0.0,1.0,0.0
14,40,0.0,0.0,1.0,0.0,1.0,1.0,0.0,0.0
15,40,10.284476697260194,2.244986466678075,1.0,0.0,0.0,1.0,0.0,0.0
16,40,6.060814351271029,2.052449988403355,1.0,0.0,0.0,1.0,0.0,0.0
17,40,6.067142797239861,7.5744477401055965,1.0,0.0,1.0,0.0,0.0,0.0
18,40,11.370867915721554,0.0,1.0,1.0,0.0,0.0,1.0,0.0
19,40,7.086798833901829,8.795737690470188,1.0,0.0,0.0,0.0,1.0,1.0
20,40,0.0,4.258925952924806,1.0,1.0,0.0,1.0,1.0,0.0
21,40,8.456929172710675,4.108674418961906,0.0,0.0,1.0,1.0,0.0,0.0
22,40,11.987463319390184,2.7650589078103383,0.0,0.0,0.0,0.0,0.0,0.0
23,40,0.5952147345324669,11.377017045389866,0.0,0.0,1.0,1.0,1.0,1.0
24,40,7.424859337083532,11.80424235814528,1.0,1.0,1.0,0.0,0.0,1.0
25,40,3.261688516851626,2.07392584122882,0.0,1.0,1.0,0.0,1.0,1.0
26,40,4.75145504300284,5.951286999548333,0.0,1.0,1.0,0.0,0.0,1.0
27,40,4.078106122438745,2.4403423427187283,0.0,0.0,1.0,0.0,1.0,1.0
28,40,10.112196499038614,8.599392192275952,0.0,0.0,0.0,1.0,0.0,0.0
29,40,10.98285143360189,10.009372505353806,0.0,1.0,0.0,1.0,0.0,0.0
30,40,9.57049450716798,5.580353911415544,1.0,0.0,1.0,1.0,0.0,0.0
31,40,2.7528432671251046,10.648970402267889,1.0,0.0,1.0,0.0,0.0,1.0
32,40,10.471610382938112,0.4889367297528541,0.0,1.0,1.0,1.0,0.0,0.0
33,40,7.811810347722789,6.810629754832164,1.0,1.0,1.0,1.0,1.0,1.0
34,40,4.105179656533246,5.122034012447279,0.0,0.0,1.0,0.0,0.0,0.0
35,40,11.178230894046832,12.0,0.0,0.0,1.0,0.0,1.0,1.0
36,40,0.0083228206154309,7.870183203763114,0.0,1.0,0.0,0.0,0.0,1.0
37,40,11.995552677319305,10.019684287157672,0.0,1.0,0.0,1.0,1.0,0.0
38,40,3.9380663941683887,9.252937296270892,0.0,0.0,0.0,1.0,0.0,0.0
39,40,0.0916557766336278,11.940974918163954,1.0,1.0,1.0,0.0,1.0,0.0
0,45,11.903549003489845,3.352698505167381,1.0,0.0,0.0,0.0,1.0,1.0
1,45,0.0214357009941633,5.082942500560566,0.0,0.0,0.0,0.0,1.0,1.0
2,45,2.4604960843701744,10.871959657128958,0.0,1.0,0.0,1.0,0.0,1.0
3,45,10.783472293507057,4.127480408585268,0.0,1.0,0.0,1.0,0.0,1.0
4,45,2.3940453411597518,8.389150289870614,0.0,0.0,0.0,0.0,1.0,1.0
5,45,6.517883205411203,7.11408876880476,0.0,1.0,0.0,1.0,0.0,0.0
6,45,10.26280088613066,10.817116657996664,1.0,0.0,1.0,1.0,0.0,0.0
7,45,5.412796601171343,11.633004221862894,0.0,0.0,0.0,0.0,0.0,1.0
8,45,8.955187100624446,2.660402509143784,0.0,1.0,0.0,0.0,1.0,0.0
9,45,7.118607521997518,3.642285857522921,0.0,0.0,1.0,1.0,1.0,0.0
10,45,2.784786884745242,7.869952721152133,1.0,0.0,0.0,0.0,0.0,1.0
11,45,3.8551762359942248,2.9644911084019654,0.0,1.0,1.0,1.0,0.0,0.0
12,45,0.1665701094038964,7.501116134283099,0.0,0.0,0.0,0.0,1.0,0.0
13,45,3.040683470140461,1.6492156335450636,1.0,0.0,0.0,0.0,1.0,0.0
14,45,0.0,0.0,1.0,0.0,1.0,1.0,0.0,0.0
15,45,10.2888348766882,2.312794582804935,1.0,0.0,0.0,1.0,0.0,0.0
16,45,6.082501902065233,2.073379733099895,1.0,0.0,0.0,1.0,0.0,0.0
17,45,6.074945816657263,7.514067671804735,1.0,0.0,1.0,0.0,0.0,0.0
18,45,11.41668457149026,0.0,1.0,1.0,0.0,0.0,1.0,0.0
19,45,7.100182877927273,8.772641391064608,1.0,0.0,0.0,0.0,1.0,1.0
20,45,0.0,4.2776443289754855,1.0,1.0,0.0,1.0,1.0,0.0
21,45,8.515498360328294,4.121930950539213,0.0,0.0,1.0,1.0,0.0,0.0
22,45,11.98014842740698,2.7741264577930624,0.0,0.0,0.0,0.0,0.0,0.0
23,45,0.551796044514968,11.418365851982257,0.0,0.0,1.0,1.0,1.0,1.0
24,45,7.449975591953455,11.792391554166764,1.0,1.0,1.0,0.0,0.0,1.0
25,45,3.248767149193328,2.070467643601683,0.0,1.0,1.0,0.0,1.0,1.0
26,45,4.7485268554750935,5.950640328309784,0.0,1.0,1.0,0.0,0.0,1.0
27,45,4.0866490317202295,2.384107168893884,0.0,0.0,1.0,0.0,1.0,1.0
28,45,10.12024285393633,8.572743084459203,0.0,0.0,0.0,1.0,0.0,0.0
29,45,10.961578435546205,10.015976600664164,0.0,1.0,0.0,1.0,0.0,0.0
30,45,9.64755321664706,5.525474248108306,1.0,0.0,1.0,1.0,0.0,0.0
31,45,2.7324834352460785,10.616802882497316,1.0,0.0,1.0,0.0,0.0,1.0
32,45,10.39327833886498,0.5549708793289994,0.0,1.0,1.0,1.0,0.0,0.0
33,45,7.799471056139677,6.798309810476248,1.0,1.0,1.0,1.0,1.0,1.0
34,45,4.101396433568304,5.117677922165856,0.0,0.0,1.0,0.0,0.0,0.0
35,45,11.197667467262592,12.0,0.0,0.0,1.0,0.0,1.0,1.0
36,45,0.0084704404776584,7.86009933798935,0.0,1.0,0.0,0.0,0.0,1.0
37,45,11.9808505823305,10.017945781288145,0.0,1.0,0.0,1.0,1.0,0.0
38,45,3.9305926557731103,9.291595122318222,0.0,0.0,0.0,1.0,0.0,0.0
39,45,0.1057308372855935,11.931211254883284,1.0,1.0,1.0,0.0,1.0,0.0
0,50,11.888887942016412,3.268198755660184,1.0,0.0,0.0,0.0,1.0,1.0
1,50,0.0278631943815,5.0772473872868655,0.0,0.0,0.0,0.0,1.0,1.0
2,50,2.428823032814401,10.862659134091254,0.0,1.0,0.0,1.0,0.0,1.0
3,50,10.62694379917957,4.145062028002709,0.0,1.0,0.0,1.0,0.0,1.0
4,50,2.4338625062663644,8.427219400730776,0.0,0.0,0.0,0.0,1.0,1.0
5,50,6.560954859128732,7.120817825119775,0.0,1.0,0.0,1.0,0.0,0.0
6,50,10.27010424666532,10.811005591477352,1.0,0.0,1.0,1.0,0.0,0.0
7,50,5.413981007103016,11.632066124328428,0.0,0.0,0.0,0.0,0.0,1.0
8,50,8.951944152128041,2.7377622472213177,0.0,1.0,0.0,0.0,1.0,0.0
9,50,7.13725885708319,3.588429317370299,0.0,0.0,1.0,1.0,1.0,0.0
10,50,2.741734001728103,7.842916425443808,1.0,0.0,0.0,0.0,0.0,1.0
11,50,3.840900948256565,3.0944809404660067,0.0,1.0,1.0,1.0,0.0,0.0
12,50,0.064834658262927,7.440771934106125,0.0,0.0,0.0,0.0,1.0,0.0
13,50,3.0468414792445766,1.5928122763865695,1.0,0.0,0.0,0.0,1.0,0.0
14,50,0.0,0.0,1.0,0.0,1.0,1.0,0.0,0.0
15,50,10.292764438588929,2.368146041744944,1.0,0.0,0.0,1.0,0.0,0.0
16,50,6.105004790114943,2.095420209184872,1.0,0.0,0.0,1.0,0.0,0.0
17,50,6.083659110974384,7.445546418205294,1.0,0.0,1.0,0.0,0.0,0.0
18,50,11.475599858691858,0.0,1.0,1.0,0.0,0.0,1.0,0.0
19,50,7.115971404083079,8.746453232862253,1.0,0.0,0.0,0.0,1.0,1.0
20,50,0.0,4.299102889898844,1.0,1.0,0.0,1.0,1.0,0.0
21,50,8.583754982761066,4.138757805877254,0.0,0.0,1.0,1.0,0.0,0.0
22,50,11.959893732645618,2.799011980370943,0.0,0.0,0.0,0.0,0.0,0.0
23,50,0.5080555949770136,11.461688870142224,0.0,0.0,1.0,1.0,1.0,1.0
24,50,7.459068520708004,11.787875839317811,1.0,1.0,1.0,0.0,0.0,1.0
25,50,3.236788566104065,2.0671167755432704,0.0,1.0,1.0,0.0,1.0,1.0
26,50,4.739531311037249,5.94858493010898,0.0,1.0,1.0,0.0,0.0,1.0
27,50,4.0958490810036245,2.3188409635155285,0.0,0.0,1.0,0.0,1.0,1.0
28,50,10.134433373048024,8.522948326006764,0.0,0.0,0.0,1.0,0.0,0.0
29,50,10.929307522430056,10.025723208107898,0.0,1.0,0.0,1.0,0.0,0.0
30,50,9.751084491365395,5.457366481989179,1.0,0.0,1.0,1.0,0.0,0.0
31,50,2.708440573388195,10.5770306232658,1.0,0.0,1.0,0.0,0.0,1.0
32,50,10.296311457170978,0.6304549486890489,0.0,1.0,1.0,1.0,0.0,0.0
33,50,7.779520916799461,6.778928833715682,1.0,1.0,1.0,1.0,1.0,1.0
34,50,4.092581155089344,5.107697695229303,0.0,0.0,1.0,0.0,0.0,0.0
35,50,11.218841081146625,12.0,0.0,0.0,1.0,0.0,1.0,1.0
36,50,0.0076627244726457,7.883008027944519,0.0,1.0,0.0,0.0,0.0,1.0
37,50,11.978733121142527,10.017595437675688,0.0,1.0,0.0,1.0,1.0,0.0
38,50,3.926441711901368,9.31175366167629,0.0,0.0,0.0,1.0,0.0,0.0
39,50,0.1268381084323085,11.916591726127113,1.0,1.0,1.0,0.0,1.0,0.0
0,55,11.87708436496506,3.205156367085143,1.0,0.0,0.0,0.0,1.0,1.0
1,55,0.0303435447839029,5.075036102173461,0.0,0.0,0.0,0.0,1.0,1.0
2,55,2.4231033384253258,10.860888323513452,0.0,1.0,0.0,1.0,0.0,1.0
3,55,10.456042374812178,4.160988807061118,0.0,1.0,0.0,1.0,0.0,1.0
4,55,2.4761987814792463,8.46490984583545,0.0,0.0,0.0,0.0,1.0,1.0
5,55,6.600716001277918,7.1279781352823015,0.0,1.0,0.0,1.0,0.0,0.0
6,55,10.267454471989684,10.813042791883165,1.0,0.0,1.0,1.0,0.0,0.0
7,55,5.4345514666383625,11.615327237238011,0.0,0.0,0.0,0.0,0.0,1.0
8,55,8.946908891863664,2.7980165773793395,0.0,1.0,0.0,0.0,1.0,0.0
9,55,7.1458955752065645,3.56490529486986,0.0,0.0,1.0,1.0,1.0,0.0
10,55,2.7023857417927126,7.818400200730594,1.0,0.0,0.0,0.0,0.0,1.0
11,55,3.826903448590645,3.233839720450346,0.0,1.0,1.0,1.0,0.0,0.0
12,55,0.0,7.387825228544711,0.0,0.0,0.0,0.0,1.0,0.0
13,55,3.0525769510611096,1.5481084322026648,1.0,0.0,0.0,0.0,1.0,0.0
14,55,0.0,0.0,1.0,0.0,1.0,1.0,0.0,0.0
15,55,10.294452313876429,2.403649188600809,1.0,0.0,0.0,1.0,0.0,0.0
16,55,6.138903297536408,2.1298028601317887,1.0,0.0,0.0,1.0,0.0,0.0
17,55,6.090068896085553,7.393328340030443,1.0,0.0,1.0,0.0,0.0,0.0
18,55,11.517234643268106,0.0,1.0,1.0,0.0,0.0,1.0,0.0
19,55,7.126057352931643,8.729964275326909,1.0,0.0,0.0,0.0,1.0,1.0
20,55,0.0,4.318706433901768,1.0,1.0,0.0,1.0,1.0,0.0
21,55,8.59914495584594,4.072395997346823,0.0,0.0,1.0,1.0,0.0,0.0
22,55,11.936012981295532,2.8279801106506874,0.0,0.0,0.0,0.0,0.0,0.0
23,55,0.4611953244673273,11.506960212161747,0.0,0.0,1.0,1.0,1.0,1.0
24,55,7.4627008345471,11.786009637508348,1.0,1.0,1.0,0.0,0.0,1.0
25,55,3.237985793662681,2.067466779680084,0.0,1.0,1.0,0.0,1.0,1.0
26,55,4.727147525583578,5.945548173198186,0.0,1.0,1.0,0.0,0.0,1.0
27,55,4.106317096440694,2.2434366082674053,0.0,0.0,1.0,0.0,1.0,1.0
28,55,10.14890263287176,8.474403358969504,0.0,0.0,0.0,1.0,0.0,0.0
29,55,10.892187203152696,10.038705532768386,0.0,1.0,0.0,1.0,0.0,0.0
30,55,9.87237086342676,5.37709551969821,1.0,0.0,1.0,1.0,0.0,0.0
31,55,2.6831529802552985,10.535356477097412,1.0,0.0,1.0,0.0,0.0,1.0
32,55,10.185031450729603,0.7124916697296034,0.0,1.0,1.0,1.0,0.0,0.0
33,55,7.740761051795588,6.742845066612702,1.0,1.0,1.0,1.0,1.0,1.0
34,55,4.081455532375722,5.095394601688054,0.0,0.0,1.0,0.0,0.0,0.0
35,55,11.242411678519398,12.0,0.0,0.0,1.0,0.0,1.0,1.0
36,55,0.0070164722362868,7.902897014341367,0.0,1.0,0.0,0.0,0.0,1.0
37,55,11.96449797530716,10.015117505144762,0.0,1.0,0.0,1.0,1.0,0.0
38,55,3.919132935338695,9.34868869504359,0.0,0.0,0.0,1.0,0.0,0.0
39,55,0.1366897657111088,11.910082788888332,1.0,1.0,1.0,0.0,1.0,0.0
0,60,11.867204148040694,3.1500666607875654,1.0,0.0,0.0,0.0,1.0,1.0
1,60,0.0409857048511578,5.065789923953171,0.0,0.0,0.0,0.0,1.0,1.0
2,60,2.4224630628048924,10.860706805864194,0.0,1.0,0.0,1.0,0.0,1.0
3,60,10.282243912077892,4.176003363928887,0.0,1.0,0.0,1.0,0.0,1.0
4,60,2.5209348384957604,8.504167101587369,0.0,0.0,0.0,0.0,1.0,1.0
5,60,6.652243370717116,7.136962719948677,0.0,1.0,0.0,1.0,0.0,0.0
6,60,10.26460947307245,10.815263037041063,1.0,0.0,1.0,1.0,0.0,0.0
7,60,5.465180362124963,11.589728250561564,0.0,0.0,0.0,0.0,0.0,1.0
8,60,8.941979146703321,2.8534865015552864,0.0,1.0,0.0,0.0,1.0,0.0
9,60,7.153101059572631,3.545134652574274,0.0,0.0,1.0,1.0,1.0,0.0
10,60,2.649540787930313,7.785269857067316,1.0,0.0,0.0,0.0,0.0,1.0
11,60,3.8137261389083,3.354903788103621,0.0,1.0,1.0,1.0,0.0,0.0
12,60,0.0,7.344071372269936,0.0,0.0,0.0,0.0,1.0,0.0
13,60,3.0541024331676057,1.5375255016539076,1.0,0.0,0.0,0.0,1.0,0.0
14,60,0.0,0.0,1.0,0.0,1.0,1.0,0.0,0.0
15,60,10.297283672092048,2.45743749455855,1.0,0.0,0.0,1.0,0.0,0.0
16,60,6.165839259557709,2.156707431038153,1.0,0.0,0.0,1.0,0.0,0.0
17,60,6.096401547740945,7.334846290049739,1.0,0.0,1.0,0.0,0.0,0.0
18,60,11.56158779989426,0.0,1.0,1.0,0.0,0.0,1.0,0.0
19,60,7.138545245592653,8.709236141777644,1.0,0.0,0.0,0.0,1.0,1.0
20,60,0.0,4.343924803048306,1.0,1.0,0.0,1.0,1.0,0.0
21,60,8.615859576428228,3.99684163414466,0.0,0.0,1.0,1.0,0.0,0.0
22,60,11.916273367353304,2.8511834361115858,0.0,0.0,0.0,0.0,0.0,0.0
23,60,0.3977136859958479,11.567323931097024,0.0,0.0,1.0,1.0,1.0,1.0
24,60,7.470085727731298,11.782392534494267,1.0,1.0,1.0,0.0,0.0,1.0
25,60,3.2487504124358964,2.070608233614952,0.0,1.0,1.0,0.0,1.0,1.0
26,60,4.728664952343973,5.945954463347444,0.0,1.0,1.0,0.0,0.0,1.0
27,60,4.114551655091851,2.1773819305608875,0.0,0.0,1.0,0.0,1.0,1.0
28,60,10.156084349708587,8.449217094192278,0.0,0.0,0.0,1.0,0.0,0.0
29,60,10.851620675808793,10.051827731210697,0.0,1.0,0.0,1.0,0.0,0.0
30,60,9.98122040457418,5.30244419686905,1.0,0.0,1.0,1.0,0.0,0.0
31,60,2.6728844450150744,10.517938925592633,1.0,0.0,1.0,0.0,0.0,1.0
32,60,10.065129579128158,0.7991108634142006,0.0,1.0,1.0,1.0,0.0,0.0
33,60,7.718840058343522,6.723085325073368,1.0,1.0,1.0,1.0,1.0,1.0
34,60,4.069358026733769,5.081905672489336,0.0,0.0,1.0,0.0,0.0,0.0
35,60,11.272601848702797,12.0,0.0,0.0,1.0,0.0,1.0,1.0
36,60,0.0069971388686375,7.921775267507392,0.0,1.0,0.0,0.0,0.0,1.0
37,60,11.942720761109332,10.010651700959572,0.0,1.0,0.0,1.0,1.0,0.0
38,60,3.909812710917093,9.39331030927478,0.0,0.0,0.0,1.0,0.0,0.0
39,60,0.1236939825579787,11.91872062486964,1.0,1.0,1.0,0.0,1.0,0.0
0,65,11.851290727129594,3.061455502822455,1.0,0.0,0.0,0.0,1.0,1.0
1,65,0.0530752491569952,5.055753180311094,0.0,0.0,0.0,0.0,1.0,1.0
2,65,2.41140000008513,10.857485515808632,0.0,1.0,0.0,1.0,0.0,1.0
3,65,10.102813321729927,4.193350882666723,0.0,1.0,0.0,1.0,0.0,1.0
4,65,2.5650928585870405,8.547070674735062,0.0,0.0,0.0,0.0,1.0,1.0
5,65,6.715985412072768,7.147077852413556,0.0,1.0,0.0,1.0,0.0,0.0
6,65,10.26818398256295,10.812561374252365,1.0,0.0,1.0,1.0,0.0,0.0
7,65,5.476510028384881,11.58013447976773,0.0,0.0,0.0,0.0,0.0,1.0
8,65,8.936696278790107,2.9143996670151813,0.0,1.0,0.0,0.0,1.0,0.0
9,65,7.156806839284961,3.5330515925746613,0.0,0.0,1.0,1.0,1.0,0.0
10,65,2.6031445955626493,7.756980677869475,1.0,0.0,0.0,0.0,0.0,1.0
11,65,3.8039436845715486,3.474159919261845,0.0,1.0,1.0,1.0,0.0,0.0
12,65,0.0,7.300688863294804,0.0,0.0,0.0,0.0,1.0,0.0
13,65,3.0562494750942166,1.5225344221786667,1.0,0.0,0.0,0.0,1.0,0.0
14,65,0.0,0.0,1.0,0.0,1.0,1.0,0.0,0.0
15,65,10.298677201105974,2.478287237331681,1.0,0.0,0.0,1.0,0.0,0.0
16,65,6.179947469420189,2.171119993350004,1.0,0.0,0.0,1.0,0.0,0.0
17,65,6.100438736701078,7.283919098087139,1.0,0.0,1.0,0.0,0.0,0.0
18,65,11.606128636976026,0.0,1.0,1.0,0.0,0.0,1.0,0.0
19,65,7.14148251015205,8.704594085066738,1.0,0.0,0.0,0.0,1.0,1.0
20,65,0.0,4.372850954341882,1.0,1.0,0.0,1.0,1.0,0.0
21,65,8.631832757097293,3.904612289241441,0.0,0.0,1.0,1.0,0.0,0.0
22,65,11.884657536634135,2.887864969896571,0.0,0.0,0.0,0.0,0.0,0.0
23,65,0.3305911923561533,11.630981849938475,0.0,0.0,1.0,1.0,1.0,1.0
24,65,7.485437944640332,11.77430203715694,1.0,1.0,1.0,0.0,0.0,1.0
25,65,3.2423999595869883,2.068506119567253,0.0,1.0,1.0,0.0,1.0,1.0
26,65,4.720170045499224,5.943545196398843,0.0,1.0,1.0,0.0,0.0,1.0
27,65,4.125185308398505,2.088995698331619,0.0,0.0,1.0,0.0,1.0,1.0
28,65,10.161955770205712,8.430621435221084,0.0,0.0,0.0,1.0,0.0,0.0
29,65,10.81747500037826,10.063254539834896,0.0,1.0,0.0,1.0,0.0,0.0
30,65,10.09555783782457,5.222768800787316,1.0,0.0,1.0,1.0,0.0,0.0
31,65,2.65466586238469,10.487071767194928,1.0,0.0,1.0,0.0,0.0,1.0
32,65,9.944029814555371,0.8868534500604023,0.0,1.0,1.0,1.0,0.0,0.0
33,65,7.685219556662347,6.694244888790751,1.0,1.0,1.0,1.0,1.0,1.0
34,65,4.049409964688906,5.059517140946695,0.0,0.0,1.0,0.0,0.0,0.0
35,65,11.308934926235803,12.0,0.0,0.0,1.0,0.0,1.0,1.0
36,65,0.0068177323904057,7.9341681258151935,0.0,1.0,0.0,0.0,0.0,1.0
37,65,11.919548010024736,10.0055495309835,0.0,1.0,0.0,1.0,1.0,0.0
38,65,3.8990488178308,9.4450406779198,0.0,0.0,0.0,1.0,0.0,0.0
39,65,0.1319444906149348,11.91315374980384,1.0,1.0,1.0,0.0,1.0,0.0
0,70,11.839220862950196,2.995649535718993,1.0,0.0,0.0,0.0,1.0,1.0
1,70,0.0511968378203223,5.0572870122085485,0.0,0.0,0.0,0.0,1.0,1.0
2,70,2.384535482154956,10.850291566957695,0.0,1.0,0.0,1.0,0.0,1.0
3,70,9.92984787684943,4.206841575700585,0.0,1.0,0.0,1.0,0.0,1.0
4,70,2.6171058951601927,8.598985530474362,0.0,0.0,0.0,0.0,1.0,1.0
5,70,6.800827791874657,7.1603397475717445,0.0,1.0,0.0,1.0,0.0,0.0
6,70,10.282768089581207,10.801215949935647,1.0,0.0,1.0,1.0,0.0,0.0
7,70,5.497931843373366,11.562103327339395,0.0,0.0,0.0,0.0,0.0,1.0
8,70,8.931826953921703,2.9710647225191598,0.0,1.0,0.0,0.0,1.0,0.0
9,70,7.162007253067222,3.5168621055232188,0.0,0.0,1.0,1.0,1.0,0.0
10,70,2.560431449308138,7.732040124193652,1.0,0.0,0.0,0.0,0.0,1.0
11,70,3.792433617708329,3.621455658536924,0.0,1.0,1.0,1.0,0.0,0.0
12,70,0.0,7.259046285481949,0.0,0.0,0.0,0.0,1.0,0.0
13,70,3.059488496201169,1.5001979809626909,1.0,0.0,0.0,0.0,1.0,0.0
14,70,0.0,0.0,1.0,0.0,1.0,1.0,0.0,0.0
15,70,10.299576755074243,2.48934192648634,1.0,0.0,0.0,1.0,0.0,0.0
16,70,6.214008597772342,2.205496508228672,1.0,0.0,0.0,1.0,0.0,0.0
17,70,6.10375592762952,7.225711897668605,1.0,0.0,1.0,0.0,0.0,0.0
18,70,11.672744931527326,0.0,1.0,1.0,0.0,0.0,1.0,0.0
19,70,7.137067758269113,8.711556442148565,1.0,0.0,0.0,0.0,1.0,1.0
20,70,0.0,4.40764898419326,1.0,1.0,0.0,1.0,1.0,0.0
21,70,8.65152888248235,3.795098478810064,0.0,0.0,1.0,1.0,0.0,0.0
22,70,11.845741288707655,2.9345241912540163,0.0,0.0,0.0,0.0,0.0,0.0
23,70,0.269363897474157,11.687999502531277,0.0,0.0,1.0,1.0,1.0,1.0
24,70,7.502388490312416,11.765902237253718,1.0,1.0,1.0,0.0,0.0,1.0
25,70,3.2430117913436725,2.068713168370079,0.0,1.0,1.0,0.0,1.0,1.0
26,70,4.715257672675487,5.942238436139245,0.0,1.0,1.0,0.0,0.0,1.0
27,70,4.135692852474031,1.9938894407632464,0.0,0.0,1.0,0.0,1.0,1.0
28,70,10.16717734884515,8.412253601330681,0.0,0.0,0.0,1.0,0.0,0.0
29,70,10.78087402572188,10.076321580684418,0.0,1.0,0.0,1.0,0.0,0.0
30,70,10.22854293921606,5.1390076335746455,1.0,0.0,1.0,1.0,0.0,0.0
31,70,2.63367793287304,10.450508645488298,1.0,0.0,1.0,0.0,0.0,1.0
32,70,9.812255230294952,0.9819752379789984,0.0,1.0,1.0,1.0,0.0,0.0
33,70,7.637595848378388,6.655194493184268,1.0,1.0,1.0,1.0,1.0,1.0
34,70,4.029336069819972,5.036907328407864,0.0,0.0,1.0,0.0,0.0,0.0
35,70,11.34989360864725,12.0,0.0,0.0,1.0,0.0,1.0,1.0
36,70,0.0068195079844732,7.936996501868744,0.0,1.0,0.0,0.0,0.0,1.0
37,70,11.898549857156231,10.001140417656693,0.0,1.0,0.0,1.0,1.0,0.0
38,70,3.892871974562828,9.47555483141428,0.0,0.0,0.0,1.0,0.0,0.0
39,70,0.1377990976602668,11.909222514181192,1.0,1.0,1.0,0.0,1.0,0.0
0,75,11.828455564027747,2.9336455542517874,1.0,0.0,0.0,0.0,1.0,1.0
1,75,0.0491607088995532,5.058892422996044,0.0,0.0,0.0,0.0,1.0,1.0
2,75,2.3401754837739905,10.839113884495609,0.0,1.0,0.0,1.0,0.0,1.0
3,75,9.763005051315302,4.220205255889766,0.0,1.0,0.0,1.0,0.0,1.0
4,75,2.670975212107434,8.652107408272933,0.0,0.0,0.0,0.0,1.0,1.0
5,75,6.879482103069671,7.174964522669996,0.0,1.0,0.0,1.0,0.0,0.0
6,75,10.306060005514446,10.783812341463198,1.0,0.0,1.0,1.0,0.0,0.0
7,75,5.523549240028099,11.540634429777068,0.0,0.0,0.0,0.0,0.0,1.0
8,75,8.927085780698322,3.018168853098901,0.0,1.0,0.0,0.0,1.0,0.0
9,75,7.167908457346649,3.4977244171987136,0.0,0.0,1.0,1.0,1.0,0.0
10,75,2.512466564940665,7.703822407252414,1.0,0.0,0.0,0.0,0.0,1.0
11,75,3.78046747244004,3.796556664294552,0.0,1.0,1.0,1.0,0.0,0.0
12,75,0.0,7.204453911002938,0.0,0.0,0.0,0.0,1.0,0.0
13,75,3.064582795533046,1.4677387847172851,1.0,0.0,0.0,0.0,1.0,0.0
14,75,0.0,0.0,1.0,0.0,1.0,1.0,0.0,0.0
15,75,10.301436823342511,2.505652039282963,1.0,0.0,0.0,1.0,0.0,0.0
16,75,6.240810738464869,2.2310360852087783,1.0,0.0,0.0,1.0,0.0,0.0
17,75,6.1065732364136975,7.159277219117579,1.0,0.0,1.0,0.0,0.0,0.0
18,75,11.732444387635711,0.0,1.0,1.0,0.0,0.0,1.0,0.0
19,75,7.131064271895085,8.720920397313696,1.0,0.0,0.0,0.0,1.0,1.0
20,75,0.0,4.435830273643582,1.0,1.0,0.0,1.0,1.0,0.0
21,75,8.67363664804969,3.678091087787221,0.0,0.0,1.0,1.0,0.0,0.0
22,75,11.818047006732396,2.967812555875557,0.0,0.0,0.0,0.0,0.0,0.0
23,75,0.1974040134364144,11.75407942404098,0.0,0.0,1.0,1.0,1.0,1.0
24,75,7.498636745819065,11.767750960783973,1.0,1.0,1.0,0.0,0.0,1.0
25,75,3.2569029803418177,2.0731494015559453,0.0,1.0,1.0,0.0,1.0,1.0
26,75,4.715219175824409,5.942227224821222,0.0,1.0,1.0,0.0,0.0,1.0
27,75,4.141480007950016,1.9208405111574127,0.0,0.0,1.0,0.0,1.0,1.0
28,75,10.1645965839027,8.421404806057081,0.0,0.0,0.0,1.0,0.0,0.0
29,75,10.752004921017411,10.088116033512485,0.0,1.0,0.0,1.0,0.0,0.0
30,75,10.363988617330842,5.0518109535248215,1.0,0.0,1.0,1.0,0.0,0.0
31,75,2.6144036085400884,10.414397129781452,1.0,0.0,1.0,0.0,0.0,1.0
32,75,9.666687855602165,1.0864089005627382,0.0,1.0,1.0,1.0,0.0,0.0
33,75,7.600899754351724,6.624420281795809,1.0,1.0,1.0,1.0,1.0,1.0
34,75,4.023536591341602,5.03074650844937,0.0,0.0,1.0,0.0,0.0,0.0
35,75,11.397844156296506,12.0,0.0,0.0,1.0,0.0,1.0,1.0
36,75,0.0068071838230812,7.935707545498478,0.0,1.0,0.0,0.0,0.0,1.0
37,75,11.893610251761803,10.000030764181169,0.0,1.0,0.0,1.0,1.0,0.0
38,75,3.8871590337837514,9.504258212527986,0.0,0.0,0.0,1.0,0.0,0.0
39,75,0.132262160079515,11.91315623740835,1.0,1.0,1.0,0.0,1.0,0.0
0,80,11.82032396070067,2.877869020248641,1.0,0.0,0.0,0.0,1.0,1.0
1,80,0.0396668547375639,5.066493056111162,0.0,0.0,0.0,0.0,1.0,1.0
2,80,2.293877386096545,10.827659421480286,0.0,1.0,0.0,1.0,0.0,1.0
3,80,9.599445552053286,4.231109262049113,0.0,1.0,0.0,1.0,0.0,1.0
4,80,2.733586326349679,8.714874456555188,0.0,0.0,0.0,0.0,1.0,1.0
5,80,6.969424685873028,7.191525631648431,0.0,1.0,0.0,1.0,0.0,0.0
6,80,10.342119835076945,10.757188502381032,1.0,0.0,1.0,1.0,0.0,0.0
7,80,5.538471746793274,11.527835437587964,0.0,0.0,0.0,0.0,0.0,1.0
8,80,8.920951245511075,3.0743550013637795,0.0,1.0,0.0,0.0,1.0,0.0
9,80,7.169656697922751,3.4921007396525665,0.0,0.0,1.0,1.0,1.0,0.0
10,80,2.465965290847809,7.676478687106464,1.0,0.0,0.0,0.0,0.0,1.0
11,80,3.7646522024192737,3.988375830471965,0.0,1.0,1.0,1.0,0.0,0.0
12,80,0.0,7.157293151706791,0.0,0.0,0.0,0.0,1.0,0.0
13,80,3.0716514775170523,1.418357138884741,1.0,0.0,0.0,0.0,1.0,0.0
14,80,0.0,0.0,1.0,0.0,1.0,1.0,0.0,0.0
15,80,10.30500681820176,2.539918444049858,1.0,0.0,0.0,1.0,0.0,0.0
16,80,6.276097061172538,2.264880760318229,1.0,0.0,0.0,1.0,0.0,0.0
17,80,6.110033830555741,7.077281235662652,1.0,0.0,1.0,0.0,0.0,0.0
18,80,11.798177474692755,0.0,1.0,1.0,0.0,0.0,1.0,0.0
19,80,7.128302730574592,8.725138099258027,1.0,0.0,0.0,0.0,1.0,1.0
20,80,0.0,4.462481157464226,1.0,1.0,0.0,1.0,1.0,0.0
21,80,8.688996533630537,3.60711777975174,0.0,0.0,1.0,1.0,0.0,0.0
22,80,11.78628562402527,3.00509301359222,0.0,0.0,0.0,0.0,0.0,0.0
23,80,0.1185248408473346,11.824565196107663,0.0,0.0,1.0,1.0,1.0,1.0
24,80,7.486938947938171,11.773447908106055,1.0,1.0,1.0,0.0,0.0,1.0
25,80,3.279828792512568,2.080591134788864,0.0,1.0,1.0,0.0,1.0,1.0
26,80,4.7341489829446655,5.947512688377572,0.0,1.0,1.0,0.0,0.0,1.0
27,80,4.149335765141419,1.8478835151497115,0.0,0.0,1.0,0.0,1.0,1.0
28,80,10.1573575158959,8.447070693483399,0.0,0.0,0.0,1.0,0.0,0.0
29,80,10.732026960057592,10.0960428705875,0.0,1.0,0.0,1.0,0.0,0.0
30,80,10.492777591483442,4.971042501395247,1.0,0.0,1.0,1.0,0.0,0.0
31,80,2.602024490598604,10.39011278310612,1.0,0.0,1.0,0.0,0.0,1.0
32,80,9.545368886974018,1.1737315371786776,0.0,1.0,1.0,1.0,0.0,0.0
33,80,7.569718703687648,6.597612912898182,1.0,1.0,1.0,1.0,1.0,1.0
34,80,4.007325570771483,5.013532353021411,0.0,0.0,1.0,0.0,0.0,0.0
35,80,11.435677720276225,12.0,0.0,0.0,1.0,0.0,1.0,1.0
36,80,0.0072285996117606,7.951281708136709,0.0,1.0,0.0,0.0,0.0,1.0
37,80,11.871043299165803,9.995108197423765,0.0,1.0,0.0,1.0,1.0,0.0
38,80,3.885039952841418,9.515168620694055,0.0,0.0,0.0,1.0,0.0,0.0
39,80,0.1471503054993455,11.903352598553449,1.0,1.0,1.0,0.0,1.0,0.0
0,85,11.814989982424162,2.8379573690841458,1.0,0.0,0.0,0.0,1.0,1.0
1,85,0.0273551349118016,5.076113243170983,0.0,0.0,0.0,0.0,1.0,1.0
2,85,2.2580249596903275,10.819590722950643,0.0,1.0,0.0,1.0,0.0,1.0
3,85,9.428315353811223,4.241864422722491,0.0,1.0,0.0,1.0,0.0,1.0
4,85,2.8093271947592595,8.78845089222526,0.0,0.0,0.0,0.0,1.0,1.0
5,85,7.080662148335778,7.209887026489853,0.0,1.0,0.0,1.0,0.0,0.0
6,85,10.360911983608704,10.742928734155315,1.0,0.0,1.0,1.0,0.0,0.0
7,85,5.556401324233214,11.512144185365338,0.0,0.0,0.0,0.0,0.0,1.0
8,85,8.913879802281906,3.14829239001032,0.0,1.0,0.0,0.0,1.0,0.0
9,85,7.170006628182252,3.491108709590692,0.0,0.0,1.0,1.0,1.0,0.0
10,85,2.433574354737938,7.656888102810677,1.0,0.0,0.0,0.0,0.0,1.0
11,85,3.747064996591776,4.200892925780875,0.0,1.0,1.0,1.0,0.0,0.0
12,85,0.0,7.107207880093916,0.0,0.0,0.0,0.0,1.0,0.0
13,85,3.080200389304327,1.3651983133583814,1.0,0.0,0.0,0.0,1.0,0.0
14,85,0.0,0.0,1.0,0.0,1.0,1.0,0.0,0.0
15,85,10.3074037064217,2.5582937243089585,1.0,0.0,0.0,1.0,0.0,0.0
16,85,6.310076612340898,2.297146537343216,1.0,0.0,0.0,1.0,0.0,0.0
17,85,6.113042791172877,6.997477208644335,1.0,0.0,1.0,0.0,0.0,0.0
18,85,11.87582453937375,0.0,1.0,1.0,0.0,0.0,1.0,0.0
19,85,7.123024390341625,8.733609325008322,1.0,0.0,0.0,0.0,1.0,1.0
20,85,0.0,4.489152081976676,1.0,1.0,0.0,1.0,1.0,0.0
21,85,8.7058687573765,3.526622529603235,0.0,0.0,1.0,1.0,0.0,0.0
22,85,11.751355688628625,3.045914205686998,0.0,0.0,0.0,0.0,0.0,0.0
23,85,0.0391129226648876,11.893920602758396,0.0,0.0,1.0,1.0,1.0,1.0
24,85,7.488843212461513,11.772568833916912,1.0,1.0,1.0,0.0,0.0,1.0
25,85,3.3154327285091845,2.0926628621518746,0.0,1.0,1.0,0.0,1.0,1.0
26,85,4.776537664021308,5.958820090433627,0.0,1.0,1.0,0.0,0.0,1.0
27,85,4.156338033348777,1.7706018624279356,0.0,0.0,1.0,0.0,1.0,1.0
28,85,10.15248562748739,8.46448247180379,0.0,0.0,0.0,1.0,0.0,0.0
29,85,10.721972611731672,10.100003846784304,0.0,1.0,0.0,1.0,0.0,0.0
30,85,10.620184116019496,4.893232493929547,1.0,0.0,1.0,1.0,0.0,0.0
31,85,2.585899390212578,10.358017793765129,1.0,0.0,1.0,0.0,0.0,1.0
32,85,9.426392873600893,1.263575464316875,0.0,1.0,1.0,1.0,0.0,0.0
33,85,7.5380409389737055,6.56909716981705,1.0,1.0,1.0,1.0,1.0,1.0
34,85,4.001871383791452,5.007824265719715,0.0,0.0,1.0,0.0,0.0,0.0
35,85,11.469074427401411,12.0,0.0,0.0,1.0,0.0,1.0,1.0
36,85,0.0081139126363853,7.979806739350496,0.0,1.0,0.0,0.0,0.0,1.0
37,85,11.83615036732413,9.98765752991975,0.0,1.0,0.0,1.0,1.0,0.0
38,85,3.8814202755308607,9.53404074321165,0.0,0.0,0.0,1.0,0.0,0.0
39,85,0.148450751398721,11.90248549831357,1.0,1.0,1.0,0.0,1.0,0.0
0,90,11.810044060615368,2.804471932346074,1.0,0.0,0.0,0.0,1.0,1.0
1,90,0.0247132636942772,5.078165296831994,0.0,0.0,0.0,0.0,1.0,1.0
2,90,2.243222676876782,10.816183183216737,0.0,1.0,0.0,1.0,0.0,1.0
3,90,9.247830418680593,4.248800456439777,0.0,1.0,0.0,1.0,0.0,1.0
4,90,2.882881694853117,8.859367183935788,0.0,0.0,0.0,0.0,1.0,1.0
5,90,7.185483251404931,7.227476738563816,0.0,1.0,0.0,1.0,0.0,0.0
6,90,10.373284324542116,10.733422914041029,1.0,0.0,1.0,1.0,0.0,0.0
7,90,5.591737511368814,11.478958058042966,0.0,0.0,0.0,0.0,0.0,1.0
8,90,8.902778840987793,3.239761747006805,0.0,1.0,0.0,0.0,1.0,0.0
9,90,7.169418424625111,3.4929591950676517,0.0,0.0,1.0,1.0,1.0,0.0
10,90,2.403931743097913,7.638750879973723,1.0,0.0,0.0,0.0,0.0,1.0
11,90,3.723007916639649,4.410662737084647,0.0,1.0,1.0,1.0,0.0,0.0
12,90,0.0,7.058696708685299,0.0,0.0,0.0,0.0,1.0,0.0
13,90,3.08612189280849,1.3269202222481733,1.0,0.0,0.0,0.0,1.0,0.0
14,90,0.0,0.0,1.0,0.0,1.0,1.0,0.0,0.0
15,90,10.30860006308332,2.571635571394472,1.0,0.0,0.0,1.0,0.0,0.0
16,90,6.320691298548496,2.3075770072222017,1.0,0.0,0.0,1.0,0.0,0.0
17,90,6.117580692562232,6.903319579186333,1.0,0.0,1.0,0.0,0.0,0.0
18,90,11.958842212307845,0.0,1.0,1.0,0.0,0.0,1.0,0.0
19,90,7.119604407251019,8.739264161792835,1.0,0.0,0.0,0.0,1.0,1.0
20,90,0.0,4.522991617418502,1.0,1.0,0.0,1.0,1.0,0.0
21,90,8.716609592566792,3.4760779386105787,0.0,0.0,1.0,1.0,0.0,0.0
22,90,11.709403463227195,3.092458463346321,0.0,0.0,0.0,0.0,0.0,0.0
23,90,0.0,11.96423839082332,0.0,0.0,1.0,1.0,1.0,1.0
24,90,7.4945105614671235,11.769797450364068,1.0,1.0,1.0,0.0,0.0,1.0
25,90,3.3532585310579663,2.105349840989811,0.0,1.0,1.0,0.0,1.0,1.0
26,90,4.836150034320412,5.974719177537596,0.0,1.0,1.0,0.0,0.0,1.0
27,90,4.16466339709145,1.6827117821818636,0.0,0.0,1.0,0.0,1.0,1.0
28,90,10.1492280601908,8.477102088295618,0.0,0.0,0.0,1.0,0.0,0.0
29,90,10.695483084773857,10.109558726977252,0.0,1.0,0.0,1.0,0.0,0.0
30,90,10.75874131287058,4.807879048629835,1.0,0.0,1.0,1.0,0.0,0.0
31,90,2.5769469523124227,10.340281380799691,1.0,0.0,1.0,0.0,0.0,1.0
32,90,9.315921237947574,1.3434373691096435,0.0,1.0,1.0,1.0,0.0,0.0
33,90,7.506771906486857,6.540882025425746,1.0,1.0,1.0,1.0,1.0,1.0
34,90,3.990047925267504,4.995758692968343,0.0,0.0,1.0,0.0,0.0,0.0
35,90,11.491379098995978,12.0,0.0,0.0,1.0,0.0,1.0,1.0
36,90,0.0090903160061432,8.0205904699279,0.0,1.0,0.0,0.0,0.0,1.0
37,90,11.800488703981104,9.98033468821088,0.0,1.0,0.0,1.0,1.0,0.0
38,90,3.875057011990646,9.56384875386395,0.0,0.0,0.0,1.0,0.0,0.0
39,90,0.1706962719783343,11.887824967002478,1.0,1.0,1.0,0.0,1.0,0.0
0,95,11.80268886152341,2.7427186662879914,1.0,0.0,0.0,0.0,1.0,1.0
1,95,0.0222319581038736,5.080175293270666,0.0,0.0,0.0,0.0,1.0,1.0
2,95,2.233788190243384,10.81420995761231,0.0,1.0,0.0,1.0,0.0,1.0
3,95,9.096393158742924,4.257432871120383,0.0,1.0,0.0,1.0,0.0,1.0
4,95,2.976858628195309,8.954611770451304,0.0,0.0,0.0,0.0,1.0,1.0
5,95,7.303795601519787,7.249577896612447,0.0,1.0,0.0,1.0,0.0,0.0
6,95,10.403915211626094,10.710835936688142,1.0,0.0,1.0,1.0,0.0,0.0
7,95,5.61739788904914,11.453557670630762,0.0,0.0,0.0,0.0,0.0,1.0
8,95,8.891164530782362,3.3348096364472424,0.0,1.0,0.0,0.0,1.0,0.0
9,95,7.176276333014544,3.471762235123212,0.0,0.0,1.0,1.0,1.0,0.0
10,95,2.402671758652596,7.638006460784224,1.0,0.0,0.0,0.0,0.0,1.0
11,95,3.6994234180076586,4.621298271057301,0.0,1.0,1.0,1.0,0.0,0.0
12,95,0.0,7.007475613347912,0.0,0.0,0.0,0.0,1.0,0.0
13,95,3.091888265475448,1.2896042758420292,1.0,0.0,0.0,0.0,1.0,0.0
14,95,0.0,0.0,1.0,0.0,1.0,1.0,0.0,0.0
15,95,10.311726955027863,2.601161631124352,1.0,0.0,0.0,1.0,0.0,0.0
16,95,6.314802155561542,2.301759382337531,1.0,0.0,0.0,1.0,0.0,0.0
17,95,6.123737639542006,6.792776048243171,1.0,0.0,1.0,0.0,0.0,0.0
18,95,12.0,0.0,1.0,1.0,0.0,0.0,1.0,0.0
19,95,7.112638052416282,8.750054401074614,1.0,0.0,0.0,0.0,1.0,1.0
20,95,0.0,4.549457340948095,1.0,1.0,0.0,1.0,1.0,0.0
21,95,8.724020121489227,3.4370185831690843,0.0,0.0,1.0,1.0,0.0,0.0
22,95,11.674739019917212,3.1317447925607187,0.0,0.0,0.0,0.0,0.0,0.0
23,95,0.0,12.0,0.0,0.0,1.0,1.0,1.0,1.0
24,95,7.502223075973296,11.766339198530522,1.0,1.0,1.0,0.0,0.0,1.0
25,95,3.3787283923289078,2.1145127804410944,0.0,1.0,1.0,0.0,1.0,1.0
26,95,4.925343813252876,6.000557148599609,0.0,1.0,1.0,0.0,0.0,1.0
27,95,4.171575028150307,1.607749704249143,0.0,0.0,1.0,0.0,1.0,1.0
28,95,10.147389013399192,8.483925494156876,0.0,0.0,0.0,1.0,0.0,0.0
29,95,10.651915511719556,10.12467751772924,0.0,1.0,0.0,1.0,0.0,0.0
30,95,10.890412468999044,4.724367614542876,1.0,0.0,1.0,1.0,0.0,0.0
31,95,2.5753625651699386,10.33702533733926,1.0,0.0,1.0,0.0,0.0,1.0
32,95,9.218816890743506,1.4137646205974297,0.0,1.0,1.0,1.0,0.0,0.0
33,95,7.454110700439859,6.493033249918794,1.0,1.0,1.0,1.0,1.0,1.0
34,95,3.9851634461524754,4.9910140837123445,0.0,0.0,1.0,0.0,0.0,0.0
35,95,11.4989795201143,12.0,0.0,0.0,1.0,0.0,1.0,1.0
36,95,0.0105703149625877,8.06116730492627,0.0,1.0,0.0,0.0,0.0,1.0
37,95,11.748265472053932,9.96846800298056,0.0,1.0,0.0,1.0,1.0,0.0
38,95,3.865765182214633,9.60603318041484,0.0,0.0,0.0,1.0,0.0,0.0
39,95,0.1933458931444554,11.873243373113672,1.0,1.0,1.0,0.0,1.0,0.0
0,100,11.796136838944296,2.687352133995597,1.0,0.0,0.0,0.0,1.0,1.0
1,100,0.0262805346612149,5.076934005535713,0.0,0.0,0.0,0.0,1.0,1.0
2,100,2.2211204771401087,10.811440468227635,0.0,1.0,0.0,1.0,0.0,1.0
3,100,8.965955379544967,4.2666551167454125,0.0,1.0,0.0,1.0,0.0,1.0
4,100,3.053409979236097,9.036975114912288,0.0,0.0,0.0,0.0,1.0,1.0
5,100,7.418921659362114,7.273299212842833,0.0,1.0,0.0,1.0,0.0,0.0
6,100,10.441561669441452,10.68342582396982,1.0,0.0,1.0,1.0,0.0,0.0
7,100,5.643456936288114,11.428297839880424,0.0,0.0,0.0,0.0,0.0,1.0
8,100,8.881046673055053,3.4145889440290977,0.0,1.0,0.0,0.0,1.0,0.0
9,100,7.182627061650577,3.45345486579969,0.0,0.0,1.0,1.0,1.0,0.0
10,100,2.406803989682413,7.640521804927641,1.0,0.0,0.0,0.0,0.0,1.0
11,100,3.67271301603472,4.831371163839856,0.0,1.0,1.0,1.0,0.0,0.0
12,100,0.0,6.964995490605497,0.0,0.0,0.0,0.0,1.0,0.0
13,100,3.101073159638577,1.243666109833535,1.0,0.0,0.0,0.0,1.0,0.0
14,100,0.0,0.0,1.0,0.0,1.0,1.0,0.0,0.0
15,100,10.314923890388304,2.6318552709092624,1.0,0.0,0.0,1.0,0.0,0.0
16,100,6.317178614101032,2.3040741409968417,1.0,0.0,0.0,1.0,0.0,0.0
17,100,6.130401976487186,6.690180302021174,1.0,0.0,1.0,0.0,0.0,0.0
18,100,12.0,0.0,1.0,1.0,0.0,0.0,1.0,0.0
19,100,7.109012525369596,8.756022620455322,1.0,0.0,0.0,0.0,1.0,1.0
20,100,0.0,4.576521781296486,1.0,1.0,0.0,1.0,1.0,0.0
21,100,8.730540884946292,3.3997356132174152,0.0,0.0,1.0,1.0,0.0,0.0
22,100,11.642799153908069,3.1692571493121844,0.0,0.0,0.0,0.0,0.0,0.0
23,100,0.0,12.0,0.0,0.0,1.0,1.0,1.0,1.0
24,100,7.497310094713272,11.768562891635362,1.0,1.0,1.0,0.0,0.0,1.0
25,100,3.408703732556724,2.1249676068031085,0.0,1.0,1.0,0.0,1.0,1.0
26,100,5.014377130568478,6.026355127676273,0.0,1.0,1.0,0.0,0.0,1.0
27,100,4.180272825589666,1.5338530400988897,0.0,0.0,1.0,0.0,1.0,1.0
28,100,10.146413899855782,8.487683926772851,0.0,0.0,0.0,1.0,0.0,0.0
29,100,10.619005413599725,10.136318440894074,0.0,1.0,0.0,1.0,0.0,0.0
30,100,11.021635635086785,4.638330206972972,1.0,0.0,1.0,1.0,0.0,0.0
31,100,2.577618582324736,10.341656471688548,1.0,0.0,1.0,0.0,0.0,1.0
32,100,9.131382904383727,1.4791471954911113,0.0,1.0,1.0,1.0,0.0,0.0
33,100,7.400875191722205,6.440543241416279,1.0,1.0,1.0,1.0,1.0,1.0
34,100,3.993504513305978,4.99920246724348,0.0,0.0,1.0,0.0,0.0,0.0
35,100,11.501819892809245,12.0,0.0,0.0,1.0,0.0,1.0,1.0
36,100,0.0156084549449456,8.12868804538184,0.0,1.0,0.0,0.0,0.0,1.0
37,100,11.707368454143266,9.958800941462824,0.0,1.0,0.0,1.0,1.0,0.0
38,100,3.853431813209223,9.656155024201636,0.0,0.0,0.0,1.0,0.0,0.0
39,100,0.2163518364243088,11.85891981801434,1.0,1.0,1.0,0.0,1.0,0.0
0,105,11.789145230958416,2.6208255967679523,1.0,0.0,0.0,0.0,1.0,1.0
1,105,0.0266974381589168,5.076596701640551,0.0,0.0,0.0,0.0,1.0,1.0
2,105,2.203218773092933,10.808167467468754,0.0,1.0,0.0,1.0,0.0,1.0
3,105,8.836495020187037,4.278740366702676,0.0,1.0,0.0,1.0,0.0,1.0
4,105,3.133855702993685,9.116051899117082,0.0,0.0,0.0,0.0,1.0,1.0
5,105,7.546116439526662,7.297338942399625,0.0,1.0,0.0,1.0,0.0,0.0
6,105,10.476267637196306,10.65832869300684,1.0,0.0,1.0,1.0,0.0,0.0
7,105,5.666829639477161,11.405724259142282,0.0,0.0,0.0,0.0,0.0,1.0
8,105,8.868221883046136,3.5061156477567,0.0,1.0,0.0,0.0,1.0,0.0
9,105,7.184562166547945,3.4477698334987528,0.0,0.0,1.0,1.0,1.0,0.0
10,105,2.4051982439642154,7.63953885544892,1.0,0.0,0.0,0.0,0.0,1.0
11,105,3.64706669555687,5.055926145566627,0.0,1.0,1.0,1.0,0.0,0.0
12,105,0.0,6.921747646452467,0.0,0.0,0.0,0.0,1.0,0.0
13,105,3.106049268779692,1.2182350736242988,1.0,0.0,0.0,0.0,1.0,0.0
14,105,0.0,0.0,1.0,0.0,1.0,1.0,0.0,0.0
15,105,10.317232107250351,2.661110481977211,1.0,0.0,0.0,1.0,0.0,0.0
16,105,6.310125085289775,2.2972918252004404,1.0,0.0,0.0,1.0,0.0,0.0
17,105,6.137391387657301,6.590585767127301,1.0,0.0,1.0,0.0,0.0,0.0
18,105,12.0,0.0,1.0,1.0,0.0,0.0,1.0,0.0
19,105,7.107876278748576,8.758043305241053,1.0,0.0,0.0,0.0,1.0,1.0
20,105,0.0,4.450475127221059,1.0,1.0,0.0,1.0,1.0,0.0
21,105,8.736051556857769,3.371461839074949,0.0,0.0,1.0,1.0,0.0,0.0
22,105,11.619225682990969,3.1962530197642898,0.0,0.0,0.0,0.0,0.0,0.0
23,105,0.0,12.0,0.0,0.0,1.0,1.0,1.0,1.0
24,105,7.499759064275359,11.767492961597808,1.0,1.0,1.0,0.0,0.0,1.0
25,105,3.4395951795305693,2.135213972863629,0.0,1.0,1.0,0.0,1.0,1.0
26,105,5.101813523044498,6.05668813880713,0.0,1.0,1.0,0.0,0.0,1.0
27,105,4.187049947612709,1.469939667938585,0.0,0.0,1.0,0.0,1.0,1.0
28,105,10.140305792983114,8.512201235817221,0.0,0.0,0.0,1.0,0.0,0.0
29,105,10.581489687139428,10.150288043049756,0.0,1.0,0.0,1.0,0.0,0.0
30,105,11.155635730145333,4.550094639559633,1.0,0.0,1.0,1.0,0.0,0.0
31,105,2.5878657073163103,10.36320125903491,1.0,0.0,1.0,0.0,0.0,1.0
32,105,9.03823995813604,1.5483554426603048,0.0,1.0,1.0,1.0,0.0,0.0
33,105,7.329936512988099,6.371620948212324,1.0,1.0,1.0,1.0,1.0,1.0
34,105,4.01610298714585,5.021772393216327,0.0,0.0,1.0,0.0,0.0,0.0
35,105,11.512982804144928,12.0,0.0,0.0,1.0,0.0,1.0,1.0
36,105,0.0200862839742114,8.20675962702307,0.0,1.0,0.0,0.0,0.0,1.0
37,105,11.677265097785437,9.951422863162325,0.0,1.0,0.0,1.0,1.0,0.0
38,105,3.8433390183118914,9.695218671176926,0.0,0.0,0.0,1.0,0.0,0.0
39,105,0.2561527631683951,11.836281070356549,1.0,1.0,1.0,0.0,1.0,0.0
0,110,11.782689668824617,2.555402371520506,1.0,0.0,0.0,0.0,1.0,1.0
1,110,0.0395585214458753,5.066058203104913,0.0,0.0,0.0,0.0,1.0,1.0
2,110,2.1739085230779205,10.80216749772549,0.0,1.0,0.0,1.0,0.0,1.0
3,110,8.678095693953326,4.2924355263495695,0.0,1.0,0.0,1.0,0.0,1.0
4,110,3.2105652265905,9.192544403441527,0.0,0.0,0.0,0.0,1.0,1.0
5,110,7.649358573608903,7.315181031069701,0.0,1.0,0.0,1.0,0.0,0.0
6,110,10.505858006652598,10.63535939317242,1.0,0.0,1.0,1.0,0.0,0.0
7,110,5.6940887903528585,11.378942012094338,0.0,0.0,0.0,0.0,0.0,1.0
8,110,8.852998669396777,3.603814395241328,0.0,1.0,0.0,0.0,1.0,0.0
9,110,7.190358141869663,3.428992950396747,0.0,0.0,1.0,1.0,1.0,0.0
10,110,2.4298854039848554,7.653991590751855,1.0,0.0,0.0,0.0,0.0,1.0
11,110,3.616602106124836,5.29144157716033,0.0,1.0,1.0,1.0,0.0,0.0
12,110,0.0,6.877997408049576,0.0,0.0,0.0,0.0,1.0,0.0
13,110,3.1088114390500863,1.2032618273486952,1.0,0.0,0.0,0.0,1.0,0.0
14,110,0.0,0.0,1.0,0.0,1.0,1.0,0.0,0.0
15,110,10.319919945809296,2.6928233610013352,1.0,0.0,0.0,1.0,0.0,0.0
16,110,6.322381623843839,2.3091344443813377,1.0,0.0,0.0,1.0,0.0,0.0
17,110,6.145644803124395,6.48944143574736,1.0,0.0,1.0,0.0,0.0,0.0
18,110,12.0,0.0,1.0,1.0,0.0,0.0,1.0,0.0
19,110,7.108470753499282,8.75696978703845,1.0,0.0,0.0,0.0,1.0,1.0
20,110,0.0,4.3434980053500265,1.0,1.0,0.0,1.0,1.0,0.0
21,110,8.745472111752218,3.323544066104656,0.0,0.0,1.0,1.0,0.0,0.0
22,110,11.585549983983618,3.2353278472908533,0.0,0.0,0.0,0.0,0.0,0.0
23,110,0.0,12.0,0.0,0.0,1.0,1.0,1.0,1.0
24,110,7.497106483401779,11.768719379504205,1.0,1.0,1.0,0.0,0.0,1.0
25,110,3.461317307792558,2.142010527732899,0.0,1.0,1.0,0.0,1.0,1.0
26,110,5.215018588653111,6.095345895294777,0.0,1.0,1.0,0.0,0.0,1.0
27,110,4.19539181177253,1.3910813940827218,0.0,0.0,1.0,0.0,1.0,1.0
28,110,10.13584367328719,8.529043193681275,0.0,0.0,0.0,1.0,0.0,0.0
29,110,10.549400829036518,10.162775878218351,0.0,1.0,0.0,1.0,0.0,0.0
30,110,11.281802196129217,4.46602927600926,1.0,0.0,1.0,1.0,0.0,0.0
31,110,2.5993218701883727,10.387750262718058,1.0,0.0,1.0,0.0,0.0,1.0
32,110,8.935272703724408,1.6285289072052431,0.0,1.0,1.0,1.0,0.0,0.0
33,110,7.239710754678264,6.285999576188384,1.0,1.0,1.0,1.0,1.0,1.0
34,110,4.028223216708089,5.033944210621009,0.0,0.0,1.0,0.0,0.0,0.0
35,110,11.51504701193686,12.0,0.0,0.0,1.0,0.0,1.0,1.0
36,110,0.0241536905657004,8.277743836298548,0.0,1.0,0.0,0.0,0.0,1.0
37,110,11.62575102755321,9.938037464369232,0.0,1.0,0.0,1.0,1.0,0.0
38,110,3.832929250025189,9.73658378650323,0.0,0.0,0.0,1.0,0.0,0.0
39,110,0.2984529106261732,11.811931216934868,1.0,1.0,1.0,0.0,1.0,0.0
0,115,11.777690798148672,2.5042035692840914,1.0,0.0,0.0,0.0,1.0,1.0
1,115,0.0621336460556425,5.047077822681822,0.0,0.0,0.0,0.0,1.0,1.0
2,115,2.186018947535429,10.804471073718322,0.0,1.0,0.0,1.0,0.0,1.0
3,115,8.536610972305695,4.309218815674528,0.0,1.0,0.0,1.0,0.0,1.0
4,115,3.292905097525847,9.275960037544728,0.0,0.0,0.0,0.0,1.0,1.0
5,115,7.737797624689953,7.330497721766897,0.0,1.0,0.0,1.0,0.0,0.0
6,115,10.534184043582355,10.614055239044792,1.0,0.0,1.0,1.0,0.0,0.0
7,115,5.728316764691772,11.345855603064132,0.0,0.0,0.0,0.0,0.0,1.0
8,115,8.838450763309812,3.70377344981608,0.0,1.0,0.0,0.0,1.0,0.0
9,115,7.2001420609018085,3.3970105336163328,0.0,0.0,1.0,1.0,1.0,0.0
10,115,2.4491507731289888,7.665602965835569,1.0,0.0,0.0,0.0,0.0,1.0
11,115,3.591667158851316,5.496323459445718,0.0,1.0,1.0,1.0,0.0,0.0
12,115,0.0,6.850064125149027,0.0,0.0,0.0,0.0,1.0,0.0
13,115,3.109688087636698,1.197963739559905,1.0,0.0,0.0,0.0,1.0,0.0
14,115,0.0,0.0,1.0,0.0,1.0,1.0,0.0,0.0
15,115,10.32140021519717,2.709671489537665,1.0,0.0,0.0,1.0,0.0,0.0
16,115,6.340700533505584,2.3265827992279897,1.0,0.0,0.0,1.0,0.0,0.0
17,115,6.152801188605578,6.368682465599268,1.0,0.0,1.0,0.0,0.0,0.0
18,115,12.0,0.0,1.0,1.0,0.0,0.0,1.0,0.0
19,115,7.10096402873733,8.770083093187788,1.0,0.0,0.0,0.0,1.0,1.0
20,115,0.0,4.251375235207164,1.0,1.0,0.0,1.0,1.0,0.0
21,115,8.757403044355552,3.257567053051733,0.0,0.0,1.0,1.0,0.0,0.0
22,115,11.571861833260536,3.252333408606086,0.0,0.0,0.0,0.0,0.0,0.0
23,115,0.0,12.0,0.0,0.0,1.0,1.0,1.0,1.0
24,115,7.506268000819261,11.7649321956818,1.0,1.0,1.0,0.0,0.0,1.0
25,115,3.499439501410852,2.154294038022901,0.0,1.0,1.0,0.0,1.0,1.0
26,115,5.337830202253371,6.139740992596333,0.0,1.0,1.0,0.0,0.0,1.0
27,115,4.201954476371754,1.3109175409922575,0.0,0.0,1.0,0.0,1.0,1.0
28,115,10.138866668796426,8.517718187010995,0.0,0.0,0.0,1.0,0.0,0.0
29,115,10.518657641314654,10.174425066518197,0.0,1.0,0.0,1.0,0.0,0.0
30,115,11.417530631304215,4.383178466944535,1.0,0.0,1.0,1.0,0.0,0.0
31,115,2.6035139137902403,10.396387594194543,1.0,0.0,1.0,0.0,0.0,1.0
32,115,8.848687448768338,1.6956051897644646,0.0,1.0,1.0,1.0,0.0,0.0
33,115,7.159139165661367,6.208430886712036,1.0,1.0,1.0,1.0,1.0,1.0
34,115,4.029075267644608,5.034799439859493,0.0,0.0,1.0,0.0,0.0,0.0
35,115,11.515290706069274,12.0,0.0,0.0,1.0,0.0,1.0,1.0
36,115,0.0266038347880662,8.332927515422476,0.0,1.0,0.0,0.0,0.0,1.0
37,115,11.54878589167778,9.917066355813123,0.0,1.0,0.0,1.0,1.0,0.0
38,115,3.821835067693385,9.783975415314927,0.0,0.0,0.0,1.0,0.0,0.0
39,115,0.3288490014969715,11.792972305779866,1.0,1.0,1.0,0.0,1.0,0.0
0,120,11.77464336345188,2.4712301404506865,1.0,0.0,0.0,0.0,1.0,1.0
1,120,0.0861320741471366,5.027397666022114,0.0,0.0,0.0,0.0,1.0,1.0
2,120,2.2128316680302684,10.809821646423924,0.0,1.0,0.0,1.0,0.0,1.0
3,120,8.404766902776256,4.329842049323662,0.0,1.0,0.0,1.0,0.0,1.0
4,120,3.3787352431994773,9.360530237621605,0.0,0.0,0.0,0.0,1.0,1.0
5,120,7.82699324052622,7.34549909969943,0.0,1.0,0.0,1.0,0.0,0.0
6,120,10.553760559308088,10.599884047500572,1.0,0.0,1.0,1.0,0.0,0.0
7,120,5.762410996135212,11.315926173177017,0.0,0.0,0.0,0.0,0.0,1.0
8,120,8.824082330316145,3.7953998429190112,0.0,1.0,0.0,0.0,1.0,0.0
9,120,7.207651334891207,3.369210538575554,0.0,0.0,1.0,1.0,1.0,0.0
10,120,2.4832992628734165,7.6858607162611,1.0,0.0,0.0,0.0,0.0,1.0
11,120,3.5634542408394334,5.696085860402604,0.0,1.0,1.0,1.0,0.0,0.0
12,120,0.0,6.829404740134374,0.0,0.0,0.0,0.0,1.0,0.0
13,120,3.101678702213733,1.1965933120925094,1.0,0.0,0.0,0.0,1.0,0.0
14,120,0.0,0.0,1.0,0.0,1.0,1.0,0.0,0.0
15,120,10.322135356096563,2.717954797250353,1.0,0.0,0.0,1.0,0.0,0.0
16,120,6.347610987389383,2.3333843258567786,1.0,0.0,0.0,1.0,0.0,0.0
17,120,6.156432012700632,6.257254505366925,1.0,0.0,1.0,0.0,0.0,0.0
18,120,12.0,0.0,1.0,1.0,0.0,0.0,1.0,0.0
19,120,7.097106619746442,8.776720111414377,1.0,0.0,0.0,0.0,1.0,1.0
20,120,0.0,4.269549894574814,1.0,1.0,0.0,1.0,1.0,0.0
21,120,8.76511998569239,3.213975133735961,0.0,0.0,1.0,1.0,0.0,0.0
22,120,11.570979626503233,3.2534250275668946,0.0,0.0,0.0,0.0,0.0,0.0
23,120,0.0,12.0,0.0,0.0,1.0,1.0,1.0,1.0
24,120,7.499418300621734,11.767494213187604,1.0,1.0,1.0,0.0,0.0,1.0
25,120,3.5530194538179405,2.171885730020193,0.0,1.0,1.0,0.0,1.0,1.0
26,120,5.450950524290109,6.180518985524515,0.0,1.0,1.0,0.0,0.0,1.0
27,120,4.2082570306775,1.1976967049662974,0.0,0.0,1.0,0.0,1.0,1.0
28,120,10.14248665724102,8.504607876661062,0.0,0.0,0.0,1.0,0.0,0.0
29,120,10.461752534171618,10.194500408731956,0.0,1.0,0.0,1.0,0.0,0.0
30,120,11.564489504557052,4.296010936359065,1.0,0.0,1.0,1.0,0.0,0.0
31,120,2.607153174629824,10.404189542726895,1.0,0.0,1.0,0.0,0.0,1.0
32,120,8.739356932353946,1.7829001554911703,0.0,1.0,1.0,1.0,0.0,0.0
33,120,7.083496701329883,6.139931722167503,1.0,1.0,1.0,1.0,1.0,1.0
34,120,4.0342512946867455,5.040190731567831,0.0,0.0,1.0,0.0,0.0,0.0
35,120,11.536429870192686,12.0,0.0,0.0,1.0,0.0,1.0,1.0
36,120,0.0,8.334868674168595,0.0,1.0,0.0,0.0,0.0,1.0
37,120,11.480829886040327,9.89831530156757,0.0,1.0,0.0,1.0,1.0,0.0
38,120,3.808176539195753,9.845291253563198,0.0,0.0,0.0,1.0,0.0,0.0
39,120,0.3587539049327142,11.77336917803157,1.0,1.0,1.0,0.0,1.0,0.0
0,125,11.772505656222313,2.4422280335630737,1.0,0.0,0.0,0.0,1.0,1.0
1,125,0.1009471969982842,5.015461920294356,0.0,0.0,0.0,0.0,1.0,1.0
2,125,2.232133182777671,10.81353710896208,0.0,1.0,0.0,1.0,0.0,1.0
3,125,8.303419568636238,4.346283571050726,0.0,1.0,0.0,1.0,0.0,1.0
4,125,3.459306890455854,9.436522924351014,0.0,0.0,0.0,0.0,1.0,1.0
5,125,7.921541764481692,7.359947963785078,0.0,1.0,0.0,1.0,0.0,0.0
6,125,10.562551811001343,10.593248003077486,1.0,0.0,1.0,1.0,0.0,0.0
7,125,5.795124792541202,11.28671191354641,0.0,0.0,0.0,0.0,0.0,1.0
8,125,8.809364498212545,3.898671259943205,0.0,1.0,0.0,0.0,1.0,0.0
9,125,7.216800284990329,3.3292315302717275,0.0,0.0,1.0,1.0,1.0,0.0
10,125,2.518627160841432,7.705886492072703,1.0,0.0,0.0,0.0,0.0,1.0
11,125,3.3441187454821666,5.661868889006383,0.0,1.0,1.0,1.0,0.0,0.0
12,125,0.0,6.813771253555016,0.0,0.0,0.0,0.0,1.0,0.0
13,125,3.094625678287165,1.1953461308835494,1.0,0.0,0.0,0.0,1.0,0.0
14,125,0.0,0.0,1.0,0.0,1.0,1.0,0.0,0.0
15,125,10.325227669942617,2.7470335753546244,1.0,0.0,0.0,1.0,0.0,0.0
16,125,6.362366184490859,2.3473197395331487,1.0,0.0,0.0,1.0,0.0,0.0
17,125,6.159778444194239,6.152041284459132,1.0,0.0,1.0,0.0,0.0,0.0
18,125,12.0,0.0,1.0,1.0,0.0,0.0,1.0,0.0
19,125,7.093069293329012,8.783842959070098,1.0,0.0,0.0,0.0,1.0,1.0
20,125,0.0,4.285188259600456,1.0,1.0,0.0,1.0,1.0,0.0
21,125,8.77390358214334,3.157778923094356,0.0,0.0,1.0,1.0,0.0,0.0
22,125,11.56590091611328,3.2600106068287253,0.0,0.0,0.0,0.0,0.0,0.0
23,125,0.0,12.0,0.0,0.0,1.0,1.0,1.0,1.0
24,125,7.486739882514679,11.771943319655046,1.0,1.0,1.0,0.0,0.0,1.0
25,125,3.601059271337236,2.1881384954847705,0.0,1.0,1.0,0.0,1.0,1.0
26,125,5.572375905196651,6.225287740224061,0.0,1.0,1.0,0.0,0.0,1.0
27,125,4.21705809707899,1.0932632860609184,0.0,0.0,1.0,0.0,1.0,1.0
28,125,10.148229903803752,8.48098068729257,0.0,0.0,0.0,1.0,0.0,0.0
29,125,10.409596365757292,10.212320603894256,0.0,1.0,0.0,1.0,0.0,0.0
30,125,11.68449694759563,4.224736609255794,1.0,0.0,1.0,1.0,0.0,0.0
31,125,2.606790336856315,10.403426479105482,1.0,0.0,1.0,0.0,0.0,1.0
32,125,8.621778436870525,1.875736592892992,0.0,1.0,1.0,1.0,0.0,0.0
33,125,6.984483630937794,6.048171085974159,1.0,1.0,1.0,1.0,1.0,1.0
34,125,4.046751804325406,5.053065617426161,0.0,0.0,1.0,0.0,0.0,0.0
35,125,11.54449204670165,12.0,0.0,0.0,1.0,0.0,1.0,1.0
36,125,0.0,8.335962901927013,0.0,1.0,0.0,0.0,0.0,1.0
37,125,11.395675861263449,9.878705024983333,0.0,1.0,0.0,1.0,1.0,0.0
38,125,3.7948223503635687,9.906295147227883,0.0,0.0,0.0,1.0,0.0,0.0
39,125,0.3877040905471225,11.754430938012703,1.0,1.0,1.0,0.0,1.0,0.0
0,130,11.771760412148971,2.428193902583188,1.0,0.0,0.0,0.0,1.0,1.0
1,130,0.1135022128565245,5.005260227615436,0.0,0.0,0.0,0.0,1.0,1.0
2,130,2.2491150473307404,10.816875325495143,0.0,1.0,0.0,1.0,0.0,1.0
3,130,8.200547734360079,4.363189929153284,0.0,1.0,0.0,1.0,0.0,1.0
4,130,3.536440808798605,9.512171194561814,0.0,0.0,0.0,0.0,1.0,1.0
5,130,8.005497422797049,7.373853455667493,0.0,1.0,0.0,1.0,0.0,0.0
6,130,10.59350632444404,10.569233047145795,1.0,0.0,1.0,1.0,0.0,0.0
7,130,5.8419521053333945,11.242987610932367,0.0,0.0,0.0,0.0,0.0,1.0
8,130,8.791046176286136,4.014080278178196,0.0,1.0,0.0,0.0,1.0,0.0
9,130,7.225726063474986,3.2881756858461864,0.0,0.0,1.0,1.0,1.0,0.0
10,130,2.56326588633432,7.730360736043766,1.0,0.0,0.0,0.0,0.0,1.0
11,130,3.3786956778338366,5.438699888147226,0.0,1.0,1.0,1.0,0.0,0.0
12,130,0.0,6.788624643228259,0.0,0.0,0.0,0.0,1.0,0.0
13,130,3.083805637940668,1.1934053684722157,1.0,0.0,0.0,0.0,1.0,0.0
14,130,0.0,0.0,1.0,0.0,1.0,1.0,0.0,0.0
15,130,10.328046904671483,2.780269957601518,1.0,0.0,0.0,1.0,0.0,0.0
16,130,6.361221940032458,2.346218342289533,1.0,0.0,0.0,1.0,0.0,0.0
17,130,6.161266119915196,6.061297555779743,1.0,0.0,1.0,0.0,0.0,0.0
18,130,12.0,0.0,1.0,1.0,0.0,0.0,1.0,0.0
19,130,7.088825806111121,8.791321956189806,1.0,0.0,0.0,0.0,1.0,1.0
20,130,0.0,4.301000456686299,1.0,1.0,0.0,1.0,1.0,0.0
21,130,8.778866793820121,3.116160763483085,0.0,0.0,1.0,1.0,0.0,0.0
22,130,11.567375440650382,3.258051784099932,0.0,0.0,0.0,0.0,0.0,0.0
23,130,0.0,12.0,0.0,0.0,1.0,1.0,1.0,1.0
24,130,7.482896968928225,11.773342136346727,1.0,1.0,1.0,0.0,0.0,1.0
25,130,3.63163734166147,2.198671129943952,0.0,1.0,1.0,0.0,1.0,1.0
26,130,5.6944865338952,6.268046854790001,0.0,1.0,1.0,0.0,0.0,1.0
27,130,4.228880254521845,0.9803429051558884,0.0,0.0,1.0,0.0,1.0,1.0
28,130,10.15211945212685,8.464025475319453,0.0,0.0,0.0,1.0,0.0,0.0
29,130,10.371986557615433,10.225692824672432,0.0,1.0,0.0,1.0,0.0,0.0
30,130,11.792990386615571,4.158869701208253,1.0,0.0,1.0,1.0,0.0,0.0
31,130,2.6073400128441557,10.404608199227832,1.0,0.0,1.0,0.0,0.0,1.0
32,130,8.519096087254598,1.9544061238982653,0.0,1.0,1.0,1.0,0.0,0.0
33,130,6.905926216994214,5.971284647901485,1.0,1.0,1.0,1.0,1.0,1.0
34,130,4.07482208286911,5.082799775775975,0.0,0.0,1.0,0.0,0.0,0.0
35,130,11.561001094188542,12.0,0.0,0.0,1.0,0.0,1.0,1.0
36,130,0.0,8.337686429620454,0.0,1.0,0.0,0.0,0.0,1.0
37,130,11.299354285558248,9.85678903990602,0.0,1.0,0.0,1.0,1.0,0.0
38,130,3.780085157515558,9.977279342780085,0.0,0.0,0.0,1.0,0.0,0.0
39,130,0.4178073813654397,11.734601578943764,1.0,1.0,1.0,0.0,1.0,0.0
0,135,11.77017435046582,2.397424171297541,1.0,0.0,0.0,0.0,1.0,1.0
1,135,0.1178172103251207,5.001575219388135,0.0,0.0,0.0,0.0,1.0,1.0
2,135,2.2728934040156465,10.821654356490496,0.0,1.0,0.0,1.0,0.0,1.0
3,135,8.095300080779676,4.3817806269664406,0.0,1.0,0.0,1.0,0.0,1.0
4,135,3.609040400093064,9.590447746741148,0.0,0.0,0.0,0.0,1.0,1.0
5,135,8.09155665850563,7.389465761285034,0.0,1.0,0.0,1.0,0.0,0.0
6,135,10.624376987551926,10.546683836754744,1.0,0.0,1.0,1.0,0.0,0.0
7,135,5.901514420167957,11.186133397363562,0.0,0.0,0.0,0.0,0.0,1.0
8,135,8.775838267082833,4.115977545902729,0.0,1.0,0.0,0.0,1.0,0.0
9,135,7.230090089760194,3.270696306132731,0.0,0.0,1.0,1.0,1.0,0.0
10,135,2.541262394690141,7.7695267091044915,1.0,0.0,0.0,0.0,0.0,1.0
11,135,3.413153939913476,5.219811229717021,0.0,1.0,1.0,1.0,0.0,0.0
12,135,0.0,6.751322252501905,0.0,0.0,0.0,0.0,1.0,0.0
13,135,3.0847061729168272,1.1889730891420855,1.0,0.0,0.0,0.0,1.0,0.0
14,135,0.0,0.0,1.0,0.0,1.0,1.0,0.0,0.0
15,135,10.32972145479438,2.815591961749375,1.0,0.0,0.0,1.0,0.0,0.0
16,135,6.353974625909495,2.3390268740139235,1.0,0.0,0.0,1.0,0.0,0.0
17,135,6.161230654243063,5.997617266240393,1.0,0.0,1.0,0.0,0.0,0.0
18,135,12.0,0.0,1.0,1.0,0.0,0.0,1.0,0.0
19,135,7.0903314852128325,8.788639251547703,1.0,0.0,0.0,0.0,1.0,1.0
20,135,0.0,4.317046787380816,1.0,1.0,0.0,1.0,1.0,0.0
21,135,8.784097106714418,3.07146159032652,0.0,0.0,1.0,1.0,0.0,0.0
22,135,11.58346834217706,3.236540094335301,0.0,0.0,0.0,0.0,0.0,0.0
23,135,0.0,12.0,0.0,0.0,1.0,1.0,1.0,1.0
24,135,7.452914369604745,11.78363478965574,1.0,1.0,1.0,0.0,0.0,1.0
25,135,3.6554266164089113,2.206941069994336,0.0,1.0,1.0,0.0,1.0,1.0
26,135,5.806359942935797,6.305607624035857,0.0,1.0,1.0,0.0,0.0,1.0
27,135,4.238890963276846,0.8766506775340928,0.0,0.0,1.0,0.0,1.0,1.0
28,135,10.152708384361148,8.46106401767667,0.0,0.0,0.0,1.0,0.0,0.0
29,135,10.367116891591914,10.227476996092342,0.0,1.0,0.0,1.0,0.0,0.0
30,135,11.91785152531935,4.084941756663092,1.0,0.0,1.0,1.0,0.0,0.0
31,135,2.605274282394491,10.399892023739223,1.0,0.0,1.0,0.0,0.0,1.0
32,135,8.409493805829634,2.0386913268356266,0.0,1.0,1.0,1.0,0.0,0.0
33,135,6.820347185205128,5.885138095303409,1.0,1.0,1.0,1.0,1.0,1.0
34,135,4.099929310927641,5.10990257903316,0.0,0.0,1.0,0.0,0.0,0.0
35,135,11.58977803519156,12.0,0.0,0.0,1.0,0.0,1.0,1.0
36,135,0.0,8.337891324045518,0.0,1.0,0.0,0.0,0.0,1.0
37,135,11.20476555855675,9.833086009140764,0.0,1.0,0.0,1.0,1.0,0.0
38,135,3.76790725908726,10.03026787897009,0.0,0.0,0.0,1.0,0.0,0.0
39,135,0.4381953381371862,11.72222942518,1.0,1.0,1.0,0.0,1.0,0.0
0,140,11.769511237927006,2.380821690009144,1.0,0.0,0.0,0.0,1.0,1.0
1,140,0.1164418121023575,5.00274146332246,0.0,0.0,0.0,0.0,1.0,1.0
2,140,2.286243507917618,10.82423186283044,0.0,1.0,0.0,1.0,0.0,1.0
3,140,7.9891526619649635,4.402993125045433,0.0,1.0,0.0,1.0,0.0,1.0
4,140,3.681572873926468,9.665612222788164,0.0,0.0,0.0,0.0,1.0,1.0
5,140,8.158882733995977,7.402130727992558,0.0,1.0,0.0,1.0,0.0,0.0
6,140,10.63724466915801,10.537118992266318,1.0,0.0,1.0,1.0,0.0,0.0
7,140,5.961584707920311,11.128695738150004,0.0,0.0,0.0,0.0,0.0,1.0
8,140,8.762139929775804,4.214229482522115,0.0,1.0,0.0,0.0,1.0,0.0
9,140,7.236045092443779,3.2455329490352707,0.0,0.0,1.0,1.0,1.0,0.0
10,140,2.52531621529016,7.797153593421929,1.0,0.0,0.0,0.0,0.0,1.0
11,140,3.4433677003794,5.032879196823337,0.0,1.0,1.0,1.0,0.0,0.0
12,140,0.0,6.709001482210406,0.0,0.0,0.0,0.0,1.0,0.0
13,140,3.0840044979361,1.1922461736931704,1.0,0.0,0.0,0.0,1.0,0.0
14,140,0.0,0.0,1.0,0.0,1.0,1.0,0.0,0.0
15,140,10.330639273805904,2.8418428845765304,1.0,0.0,0.0,1.0,0.0,0.0
16,140,6.33442370021453,2.319468476784803,1.0,0.0,0.0,1.0,0.0,0.0
17,140,6.162197119873939,5.930805250940047,1.0,0.0,1.0,0.0,0.0,0.0
18,140,12.0,0.0,1.0,1.0,0.0,0.0,1.0,0.0
19,140,7.096861555579058,8.77739606565053,1.0,0.0,0.0,0.0,1.0,1.0
20,140,0.0,4.333440630698488,1.0,1.0,0.0,1.0,1.0,0.0
21,140,8.793217488259323,2.996534222889967,0.0,0.0,1.0,1.0,0.0,0.0
22,140,11.597078616049073,3.217640151139126,0.0,0.0,0.0,0.0,0.0,0.0
23,140,0.0,12.0,0.0,0.0,1.0,1.0,1.0,1.0
24,140,7.4280280090349216,11.792267435516624,1.0,1.0,1.0,0.0,0.0,1.0
25,140,3.663140264316884,2.209613779509493,0.0,1.0,1.0,0.0,1.0,1.0
26,140,5.930559274160604,6.348121775252136,0.0,1.0,1.0,0.0,0.0,1.0
27,140,4.249244503959382,0.783523314444001,0.0,0.0,1.0,0.0,1.0,1.0
28,140,10.148857508563834,8.460375823366942,0.0,0.0,0.0,1.0,0.0,0.0
29,140,10.371656108507072,10.225980104391018,0.0,1.0,0.0,1.0,0.0,0.0
30,140,12.0,4.013408725710988,1.0,0.0,1.0,1.0,0.0,0.0
31,140,2.6003882889136314,10.38906985962751,1.0,0.0,1.0,0.0,0.0,1.0
32,140,8.296510573514412,2.126967878277037,0.0,1.0,1.0,1.0,0.0,0.0
33,140,6.715283377287908,5.7846957371700345,1.0,1.0,1.0,1.0,1.0,1.0
34,140,4.113417890006818,5.1250695251905976,0.0,0.0,1.0,0.0,0.0,0.0
35,140,11.617339056631211,12.0,0.0,0.0,1.0,0.0,1.0,1.0
36,140,0.0,8.338210810036747,0.0,1.0,0.0,0.0,0.0,1.0
37,140,11.091573341610555,9.806049461033751,0.0,1.0,0.0,1.0,1.0,0.0
38,140,3.752702461035341,10.090686243640436,0.0,0.0,0.0,1.0,0.0,0.0
39,140,0.4517022432709487,11.713785773459646,1.0,1.0,1.0,0.0,1.0,0.0
0,145,11.76852115670637,2.362118540694215,1.0,0.0,0.0,0.0,1.0,1.0
1,145,0.1183831216101352,5.00107020855687,0.0,0.0,0.0,0.0,1.0,1.0
2,145,2.2817581025840123,10.847793889760329,0.0,1.0,0.0,1.0,0.0,1.0
3,145,7.883539563326795,4.424375929001898,0.0,1.0,0.0,1.0,0.0,1.0
4,145,3.759831327075829,9.74547737338916,0.0,0.0,0.0,0.0,1.0,1.0
5,145,8.226850936650692,7.415891927828079,0.0,1.0,0.0,1.0,0.0,0.0
6,145,10.647780151955246,10.55111360713003,1.0,0.0,1.0,1.0,0.0,0.0
7,145,6.0275455380531735,11.067693332026977,0.0,0.0,0.0,0.0,0.0,1.0
8,145,8.750033669083733,4.312329208083713,0.0,1.0,0.0,0.0,1.0,0.0
9,145,7.24179704999264,3.2195091031229834,0.0,0.0,1.0,1.0,1.0,0.0
10,145,2.5121516440693905,7.820686431148383,1.0,0.0,0.0,0.0,0.0,1.0
11,145,3.476270429871517,4.85507304851535,0.0,1.0,1.0,1.0,0.0,0.0
12,145,0.0,6.665644665144363,0.0,0.0,0.0,0.0,1.0,0.0
13,145,3.0816390946104937,1.2031726245271233,1.0,0.0,0.0,0.0,1.0,0.0
14,145,0.0,0.0,1.0,0.0,1.0,1.0,0.0,0.0
15,145,10.332212308413098,2.8757705488125205,1.0,0.0,0.0,1.0,0.0,0.0
16,145,6.308942799830898,2.294339165272057,1.0,0.0,0.0,1.0,0.0,0.0
17,145,6.165463264222464,5.862630768094425,1.0,0.0,1.0,0.0,0.0,0.0
18,145,12.0,0.0,1.0,1.0,0.0,0.0,1.0,0.0
19,145,7.121116641093636,8.736807230957423,1.0,0.0,0.0,0.0,1.0,1.0
20,145,0.0,4.354952931642868,1.0,1.0,0.0,1.0,1.0,0.0
21,145,8.80480178531864,2.898196503112443,0.0,0.0,1.0,1.0,0.0,0.0
22,145,11.629511614732507,3.1710506055645973,0.0,0.0,0.0,0.0,0.0,0.0
23,145,0.0,12.0,0.0,0.0,1.0,1.0,1.0,1.0
24,145,7.395567123292207,11.804041262695296,1.0,1.0,1.0,0.0,0.0,1.0
25,145,3.663928328604266,2.209862798612088,0.0,1.0,1.0,0.0,1.0,1.0
26,145,6.057364157221586,6.389058707131277,0.0,1.0,1.0,0.0,0.0,1.0
27,145,4.262743235038165,0.6721752125142868,0.0,0.0,1.0,0.0,1.0,1.0
28,145,10.136336898090338,8.458122710346762,0.0,0.0,0.0,1.0,0.0,0.0
29,145,10.36723727469356,10.227488210792318,0.0,1.0,0.0,1.0,0.0,0.0
30,145,12.0,3.9399185012560434,1.0,0.0,1.0,1.0,0.0,0.0
31,145,2.608512719559504,10.405706335063211,1.0,0.0,1.0,0.0,0.0,1.0
32,145,8.201035112924504,2.201324554183475,0.0,1.0,1.0,1.0,0.0,0.0
33,145,6.613459530136632,5.685706299290885,1.0,1.0,1.0,1.0,1.0,1.0
34,145,4.117575813203586,5.12941602527613,0.0,0.0,1.0,0.0,0.0,0.0
35,145,11.641849199435294,12.0,0.0,0.0,1.0,0.0,1.0,1.0
36,145,0.0,8.339257809474528,0.0,1.0,0.0,0.0,0.0,1.0
37,145,10.960792529989565,9.776384022535884,0.0,1.0,0.0,1.0,1.0,0.0
38,145,3.738300966683379,10.141907252386094,0.0,0.0,0.0,1.0,0.0,0.0
39,145,0.4679319831788713,11.704132495567858,1.0,1.0,1.0,0.0,1.0,0.0
0,150,11.76737263972665,2.336229203624782,1.0,0.0,0.0,0.0,1.0,1.0
1,150,0.1244412948128226,4.995741496485329,0.0,0.0,0.0,0.0,1.0,1.0
2,150,2.2775735017479186,10.869411348381442,0.0,1.0,0.0,1.0,0.0,1.0
3,150,7.773877339760005,4.445490565611082,0.0,1.0,0.0,1.0,0.0,1.0
4,150,3.838974333420831,9.824861635284757,0.0,0.0,0.0,0.0,1.0,1.0
5,150,8.32520673466118,7.43568797700734,0.0,1.0,0.0,1.0,0.0,0.0
6,150,10.65027009429572,10.5545556946417,1.0,0.0,1.0,1.0,0.0,0.0
7,150,6.08988684802166,11.00947151894963,0.0,0.0,0.0,0.0,0.0,1.0
8,150,8.741683786721726,4.409401150172017,0.0,1.0,0.0,0.0,1.0,0.0
9,150,7.203784775123859,3.2117181400123678,0.0,0.0,1.0,1.0,1.0,0.0
10,150,2.484783660005416,7.872537488831042,1.0,0.0,0.0,0.0,0.0,1.0
11,150,3.507579063930798,4.674860977945077,0.0,1.0,1.0,1.0,0.0,0.0
12,150,0.0,6.620380116934667,0.0,0.0,0.0,0.0,1.0,0.0
13,150,3.0812096213301623,1.205563240308395,1.0,0.0,0.0,0.0,1.0,0.0
14,150,0.0,0.0,1.0,0.0,1.0,1.0,0.0,0.0
15,150,10.33358829508444,2.897583940030088,1.0,0.0,0.0,1.0,0.0,0.0
16,150,6.284157558602399,2.2693858817875348,1.0,0.0,0.0,1.0,0.0,0.0
17,150,6.170332103503088,5.813505168370552,1.0,0.0,1.0,0.0,0.0,0.0
18,150,12.0,0.0,1.0,1.0,0.0,0.0,1.0,0.0
19,150,7.147412977818878,8.693291726745832,1.0,0.0,0.0,0.0,1.0,1.0
20,150,0.0,4.378772692767965,1.0,1.0,0.0,1.0,1.0,0.0
21,150,8.820567263021596,2.7714573767900323,0.0,0.0,1.0,1.0,0.0,0.0
22,150,11.67231278045462,3.1103551648689107,0.0,0.0,0.0,0.0,0.0,0.0
23,150,0.0,12.0,0.0,0.0,1.0,1.0,1.0,1.0
24,150,7.358377195810206,11.817504910106456,1.0,1.0,1.0,0.0,0.0,1.0
25,150,3.6601175018915946,2.208673062863893,0.0,1.0,1.0,0.0,1.0,1.0
26,150,6.17793045030749,6.428670563817026,0.0,1.0,1.0,0.0,0.0,1.0
27,150,4.273204629116599,0.5928818108317133,0.0,0.0,1.0,0.0,1.0,1.0
28,150,10.12925550807535,8.457062017067528,0.0,0.0,0.0,1.0,0.0,0.0
29,150,10.357883201726434,10.230628320333777,0.0,1.0,0.0,1.0,0.0,0.0
30,150,12.0,3.876518701397367,1.0,0.0,1.0,1.0,0.0,0.0
31,150,2.616070451038586,10.420443417841671,1.0,0.0,1.0,0.0,0.0,1.0
32,150,8.097004375007543,2.2791742112680047,0.0,1.0,1.0,1.0,0.0,0.0
33,150,6.512151875420357,5.589978421657709,1.0,1.0,1.0,1.0,1.0,1.0
34,150,4.1155305456731694,5.12725436714061,0.0,0.0,1.0,0.0,0.0,0.0
35,150,11.678483068245257,12.0,0.0,0.0,1.0,0.0,1.0,1.0
36,150,0.0,8.342275532962654,0.0,1.0,0.0,0.0,0.0,1.0
37,150,10.86414616004504,9.75550144839074,0.0,1.0,0.0,1.0,1.0,0.0
38,150,3.723931652969096,10.191765385848091,0.0,0.0,0.0,1.0,0.0,0.0
39,150,0.4951175805537741,11.687219128522434,1.0,1.0,1.0,0.0,1.0,0.0
0,155,11.766234423712666,2.3130523363679183,1.0,0.0,0.0,0.0,1.0,1.0
1,155,0.1265572386022752,4.993807141477735,0.0,0.0,0.0,0.0,1.0,1.0
2,155,2.272521528838264,10.896019168620883,0.0,1.0,0.0,1.0,0.0,1.0
3,155,7.670608387182502,4.463557678470413,0.0,1.0,0.0,1.0,0.0,1.0
4,155,3.91249930257677,9.901551296861731,0.0,0.0,0.0,0.0,1.0,1.0
5,155,8.427951924903015,7.454771639727198,0.0,1.0,0.0,1.0,0.0,0.0
6,155,10.674135961650032,10.588483543446891,1.0,0.0,1.0,1.0,0.0,0.0
7,155,6.15460642970438,10.949358767859886,0.0,0.0,0.0,0.0,0.0,1.0
8,155,8.731611844885064,4.513632234071907,0.0,1.0,0.0,0.0,1.0,0.0
9,155,7.185300307565555,3.2079368740299183,0.0,0.0,1.0,1.0,1.0,0.0
10,155,2.4646604437395383,7.91266300242938,1.0,0.0,0.0,0.0,0.0,1.0
11,155,3.540261199621292,4.483420948590866,0.0,1.0,1.0,1.0,0.0,0.0
12,155,0.0,6.572282630372363,0.0,0.0,0.0,0.0,1.0,0.0
13,155,3.081602354723706,1.202953931811452,1.0,0.0,0.0,0.0,1.0,0.0
14,155,0.0,0.0,1.0,0.0,1.0,1.0,0.0,0.0
15,155,10.336302850305522,2.9249697169866007,1.0,0.0,0.0,1.0,0.0,0.0
16,155,6.270458429522201,2.2551927057268277,1.0,0.0,0.0,1.0,0.0,0.0
17,155,6.172913910888509,5.782473157343847,1.0,0.0,1.0,0.0,0.0,0.0
18,155,12.0,0.1433124223374889,1.0,1.0,0.0,0.0,1.0,0.0
19,155,7.171172247086691,8.654469931259275,1.0,0.0,0.0,0.0,1.0,1.0
20,155,0.0,4.408444100586015,1.0,1.0,0.0,1.0,1.0,0.0
21,155,8.839413981515387,2.640861647254701,0.0,0.0,1.0,1.0,0.0,0.0
22,155,11.713711324361428,3.052336767256877,0.0,0.0,0.0,0.0,0.0,0.0
23,155,0.0,12.0,0.0,0.0,1.0,1.0,1.0,1.0
24,155,7.332155002017706,11.82763270046258,1.0,1.0,1.0,0.0,0.0,1.0
25,155,3.6649799286543616,2.210214870794476,0.0,1.0,1.0,0.0,1.0,1.0
26,155,6.289217906820808,6.463748038395144,0.0,1.0,1.0,0.0,0.0,1.0
27,155,4.282371001014492,0.5127501742855849,0.0,0.0,1.0,0.0,1.0,1.0
28,155,10.1344429710505,8.457843229846926,0.0,0.0,0.0,1.0,0.0,0.0
29,155,10.36573188421297,10.22798232739262,0.0,1.0,0.0,1.0,0.0,0.0
30,155,12.0,3.814367274898808,1.0,0.0,1.0,1.0,0.0,0.0
31,155,2.625170939905008,10.437496159416789,1.0,0.0,1.0,0.0,0.0,1.0
32,155,8.001855303423994,2.3552523244324446,0.0,1.0,1.0,1.0,0.0,0.0
33,155,6.413107107973444,5.499517651624879,1.0,1.0,1.0,1.0,1.0,1.0
34,155,4.114997900947854,5.126671408271849,0.0,0.0,1.0,0.0,0.0,0.0
35,155,11.711162742844172,12.0,0.0,0.0,1.0,0.0,1.0,1.0
36,155,0.0,8.345030954106646,0.0,1.0,0.0,0.0,0.0,1.0
37,155,10.785917356785678,9.737987549667617,0.0,1.0,0.0,1.0,1.0,0.0
38,155,3.712516778728319,10.232242628666995,0.0,0.0,0.0,1.0,0.0,0.0
39,155,0.5211484827640349,11.671300404696211,1.0,1.0,1.0,0.0,1.0,0.0
0,160,11.764918574347272,2.290207770685899,1.0,0.0,0.0,0.0,1.0,1.0
1,160,0.1311969523283591,4.989525352321451,0.0,0.0,0.0,0.0,1.0,1.0
2,160,2.271005277390939,10.904880211520002,0.0,1.0,0.0,1.0,0.0,1.0
3,160,7.585107811241733,4.477700509863085,0.0,1.0,0.0,1.0,0.0,1.0
4,160,3.99255197948178,9.983769457947506,0.0,0.0,0.0,0.0,1.0,1.0
5,160,8.546302208277153,7.479114233244808,0.0,1.0,0.0,1.0,0.0,0.0
6,160,10.69824189982166,10.621576300855672,1.0,0.0,1.0,1.0,0.0,0.0
7,160,6.207566583793634,10.902584403010891,0.0,0.0,0.0,0.0,0.0,1.0
8,160,8.721043748705407,4.623418314774781,0.0,1.0,0.0,0.0,1.0,0.0
9,160,7.170759978040716,3.2049026605067867,0.0,0.0,1.0,1.0,1.0,0.0
10,160,2.449905151848621,7.946165553839766,1.0,0.0,0.0,0.0,0.0,1.0
11,160,3.346164063936904,4.447959609157568,0.0,1.0,1.0,1.0,0.0,0.0
12,160,0.0,6.514778854882983,0.0,0.0,0.0,0.0,1.0,0.0
13,160,3.080626282003748,1.209656640613177,1.0,0.0,0.0,0.0,1.0,0.0
14,160,0.0,0.0,1.0,0.0,1.0,1.0,0.0,0.0
15,160,10.3399881018395,2.959185076784475,1.0,0.0,0.0,1.0,0.0,0.0
16,160,6.251179363065105,2.2356731568595185,1.0,0.0,0.0,1.0,0.0,0.0
17,160,6.17577892930459,5.746874243143253,1.0,0.0,1.0,0.0,0.0,0.0
18,160,12.0,0.2703566188070058,1.0,1.0,0.0,0.0,1.0,0.0
19,160,7.194841142019012,8.614265173082655,1.0,0.0,0.0,0.0,1.0,1.0
20,160,0.0,4.43775035750256,1.0,1.0,0.0,1.0,1.0,0.0
21,160,8.858205633379384,2.4943830831019675,0.0,0.0,1.0,1.0,0.0,0.0
22,160,11.755081994230686,2.995071684203379,0.0,0.0,0.0,0.0,0.0,0.0
23,160,0.0,12.0,0.0,0.0,1.0,1.0,1.0,1.0
24,160,7.297110760848488,11.841904525047603,1.0,1.0,1.0,0.0,0.0,1.0
25,160,3.6515213271867184,2.2058853007572976,0.0,1.0,1.0,0.0,1.0,1.0
26,160,6.3904113506288285,6.495225154189327,0.0,1.0,1.0,0.0,0.0,1.0
27,160,4.291982592838416,0.4461015092743768,0.0,0.0,1.0,0.0,1.0,1.0
28,160,10.135305547457762,8.457984503105724,0.0,0.0,0.0,1.0,0.0,0.0
29,160,10.351689118844329,10.232525114710295,0.0,1.0,0.0,1.0,0.0,0.0
30,160,12.0,3.7484680873958833,1.0,0.0,1.0,1.0,0.0,0.0
31,160,2.631761999817264,10.450426796209554,1.0,0.0,1.0,0.0,0.0,1.0
32,160,7.890833887344068,2.444129984637062,0.0,1.0,1.0,1.0,0.0,0.0
33,160,6.31534291025177,5.4118995281586,1.0,1.0,1.0,1.0,1.0,1.0
34,160,4.111931261044105,5.123531880648243,0.0,0.0,1.0,0.0,0.0,0.0
35,160,11.75506766718609,12.0,0.0,0.0,1.0,0.0,1.0,1.0
36,160,0.0,8.34735319912358,0.0,1.0,0.0,0.0,0.0,1.0
37,160,10.698714855505663,9.716246123003115,0.0,1.0,0.0,1.0,1.0,0.0
38,160,3.698869281075164,10.278900523349362,0.0,0.0,0.0,1.0,0.0,0.0
39,160,0.5377368279050514,11.66143573992632,1.0,1.0,1.0,0.0,1.0,0.0
0,165,11.763158816404856,2.2578932014652167,1.0,0.0,0.0,0.0,1.0,1.0
1,165,0.1431143128124371,4.978631974050807,0.0,0.0,0.0,0.0,1.0,1.0
2,165,2.2698087720437505,10.912018042601703,0.0,1.0,0.0,1.0,0.0,1.0
3,165,7.511546802148544,4.487197387067403,0.0,1.0,0.0,1.0,0.0,1.0
4,165,4.082450098159291,10.077374060761064,0.0,0.0,0.0,0.0,1.0,1.0
5,165,8.687924670388945,7.508600386195937,0.0,1.0,0.0,1.0,0.0,0.0
6,165,10.726332407283978,10.660272828023306,1.0,0.0,1.0,1.0,0.0,0.0
7,165,6.252878051134214,10.862327475454348,0.0,0.0,0.0,0.0,0.0,1.0
8,165,8.713154605604714,4.725271902164091,0.0,1.0,0.0,0.0,1.0,0.0
9,165,7.159519422492034,3.202746998818124,0.0,0.0,1.0,1.0,1.0,0.0
10,165,2.44362720036864,7.960049211013847,1.0,0.0,0.0,0.0,0.0,1.0
11,165,3.139386717837588,4.415295427480666,0.0,1.0,1.0,1.0,0.0,0.0
12,165,0.0,6.463738671650929,0.0,0.0,0.0,0.0,1.0,0.0
13,165,3.07890863518221,1.2243662696938318,1.0,0.0,0.0,0.0,1.0,0.0
14,165,0.0,0.0,1.0,0.0,1.0,1.0,0.0,0.0
15,165,10.343255335619242,2.9949831693092435,1.0,0.0,0.0,1.0,0.0,0.0
16,165,6.227889662637861,2.2122287622529497,1.0,0.0,0.0,1.0,0.0,0.0
17,165,6.177902433636537,5.722805372587427,1.0,0.0,1.0,0.0,0.0,0.0
18,165,12.0,0.3709657228819805,1.0,1.0,0.0,0.0,1.0,0.0
19,165,7.225773147531747,8.558652403585295,1.0,0.0,0.0,0.0,1.0,1.0
20,165,0.0,4.2422804456409615,1.0,1.0,0.0,1.0,1.0,0.0
21,165,8.874315646177607,2.316872902010265,0.0,0.0,1.0,1.0,0.0,0.0
22,165,11.79337043882574,2.942624363603013,0.0,0.0,0.0,0.0,0.0,0.0
23,165,0.0,12.0,0.0,0.0,1.0,1.0,1.0,1.0
24,165,7.283764785812202,11.847494128199216,1.0,1.0,1.0,0.0,0.0,1.0
25,165,3.6481172868551295,2.204849407034868,0.0,1.0,1.0,0.0,1.0,1.0
26,165,6.488071504302533,6.527113748853129,0.0,1.0,1.0,0.0,0.0,1.0
27,165,4.29921492198291,0.3872221420049189,0.0,0.0,1.0,0.0,1.0,1.0
28,165,10.138918564145316,8.45862203688671,0.0,0.0,0.0,1.0,0.0,0.0
29,165,10.354761355398477,10.23148127737728,0.0,1.0,0.0,1.0,0.0,0.0
30,165,12.0,3.7017128921884974,1.0,0.0,1.0,1.0,0.0,0.0
31,165,2.6237408315734867,10.434922136990313,1.0,0.0,1.0,0.0,0.0,1.0
32,165,7.782554434176067,2.5339400766938414,0.0,1.0,1.0,1.0,0.0,0.0
33,165,6.240127204185687,5.346632120684651,1.0,1.0,1.0,1.0,1.0,1.0
34,165,4.117228599700782,5.128838114368085,0.0,0.0,1.0,0.0,0.0,0.0
35,165,11.825088426934084,12.0,0.0,0.0,1.0,0.0,1.0,1.0
36,165,0.0,8.348871575665735,0.0,1.0,0.0,0.0,0.0,1.0
37,165,10.603327755619029,9.692741496422656,0.0,1.0,0.0,1.0,1.0,0.0
38,165,3.68517566146818,10.32528866910936,0.0,0.0,0.0,1.0,0.0,0.0
39,165,0.5779033908698944,11.638541209839316,1.0,1.0,1.0,0.0,1.0,0.0
0,170,11.759612894727066,2.2174989370364475,1.0,0.0,0.0,0.0,1.0,1.0
1,170,0.1615963627601297,4.962425579288856,0.0,0.0,0.0,0.0,1.0,1.0
2,170,2.2651963784543496,10.933431693633766,0.0,1.0,0.0,1.0,0.0,1.0
3,170,7.421642771128081,4.499568685324305,0.0,1.0,0.0,1.0,0.0,1.0
4,170,4.175511016473142,10.176240092010271,0.0,0.0,0.0,0.0,1.0,1.0
5,170,8.836986900817582,7.543135863760064,0.0,1.0,0.0,1.0,0.0,0.0
6,170,10.754252932864546,10.697470159257094,1.0,0.0,1.0,1.0,0.0,0.0
7,170,6.301165048070181,10.820077483050015,0.0,0.0,0.0,0.0,0.0,1.0
8,170,8.707691790569298,4.82648015804257,0.0,1.0,0.0,0.0,1.0,0.0
9,170,7.148107687847517,3.200725078694724,0.0,0.0,1.0,1.0,1.0,0.0
10,170,2.4391055476358257,7.970179975928292,1.0,0.0,0.0,0.0,0.0,1.0
11,170,2.9425259531277854,4.381574906825128,0.0,1.0,1.0,1.0,0.0,0.0
12,170,0.0,6.411644504692973,0.0,0.0,0.0,0.0,1.0,0.0
13,170,3.077419835951309,1.2359191078571918,1.0,0.0,0.0,0.0,1.0,0.0
14,170,0.0,0.0,1.0,0.0,1.0,1.0,0.0,0.0
15,170,10.345102682083276,3.0196482998254464,1.0,0.0,0.0,1.0,0.0,0.0
16,170,6.195340782368572,2.177688422237172,1.0,0.0,0.0,1.0,0.0,0.0
17,170,6.179078939542998,5.700050865310788,1.0,0.0,1.0,0.0,0.0,0.0
18,170,12.0,0.4439347039571587,1.0,1.0,0.0,0.0,1.0,0.0
19,170,7.252434334927849,8.512631634997458,1.0,0.0,0.0,0.0,1.0,1.0
20,170,0.0,4.047802244816873,1.0,1.0,0.0,1.0,1.0,0.0
21,170,8.89214156799544,2.136813018830409,0.0,0.0,1.0,1.0,0.0,0.0
22,170,11.839255314062171,2.879213739917806,0.0,0.0,0.0,0.0,0.0,0.0
23,170,0.0,12.0,0.0,0.0,1.0,1.0,1.0,1.0
24,170,7.281543318027777,11.848473754816956,1.0,1.0,1.0,0.0,0.0,1.0
25,170,3.646290573777476,2.2042859916528577,0.0,1.0,1.0,0.0,1.0,1.0
26,170,6.587181946984823,6.557479595847825,0.0,1.0,1.0,0.0,0.0,1.0
27,170,4.302105479546793,0.3609386437147711,0.0,0.0,1.0,0.0,1.0,1.0
28,170,10.153027076277809,8.460868485288918,0.0,0.0,0.0,1.0,0.0,0.0
29,170,10.349564821344886,10.233307409513785,0.0,1.0,0.0,1.0,0.0,0.0
30,170,12.0,3.6691119691046703,1.0,0.0,1.0,1.0,0.0,0.0
31,170,2.610728495359101,10.408648087269066,1.0,0.0,1.0,0.0,0.0,1.0
32,170,7.667345266527752,2.6344892140304887,0.0,1.0,1.0,1.0,0.0,0.0
33,170,6.154057344635559,5.271865151088577,1.0,1.0,1.0,1.0,1.0,1.0
34,170,4.134091700882181,5.147055514123993,0.0,0.0,1.0,0.0,0.0,0.0
35,170,11.88027203204314,12.0,0.0,0.0,1.0,0.0,1.0,1.0
36,170,0.0,8.349803860762151,0.0,1.0,0.0,0.0,0.0,1.0
37,170,10.517439532958958,9.671703606545156,0.0,1.0,0.0,1.0,1.0,0.0
38,170,3.675964257487405,10.35598074171306,0.0,0.0,0.0,1.0,0.0,0.0
39,170,0.6316993586619465,11.60687806173103,1.0,1.0,1.0,0.0,1.0,0.0
0,175,11.755093766065457,2.1782776259095846,1.0,0.0,0.0,0.0,1.0,1.0
1,175,0.1817672554009439,4.944029810488456,0.0,0.0,0.0,0.0,1.0,1.0
2,175,2.2619777217573644,10.948380988987717,0.0,1.0,0.0,1.0,0.0,1.0
3,175,7.326350155231213,4.5153782752350216,0.0,1.0,0.0,1.0,0.0,1.0
4,175,4.280484464791161,10.288549224487063,0.0,0.0,0.0,0.0,1.0,1.0
5,175,8.98941890341888,7.57952096315827,0.0,1.0,0.0,1.0,0.0,0.0
6,175,10.772201687943754,10.720319608470238,1.0,0.0,1.0,1.0,0.0,0.0
7,175,6.359512997319764,10.767810083369726,0.0,0.0,0.0,0.0,0.0,1.0
8,175,8.695391757720369,4.950077705410851,0.0,1.0,0.0,0.0,1.0,0.0
9,175,7.140993769086992,3.1995191951669466,0.0,0.0,1.0,1.0,1.0,0.0
10,175,2.4307060479468787,7.989437625041395,1.0,0.0,0.0,0.0,0.0,1.0
11,175,2.736964778292581,4.3503283973559626,0.0,1.0,1.0,1.0,0.0,0.0
12,175,0.0,6.3530125737182255,0.0,0.0,0.0,0.0,1.0,0.0
13,175,3.0709133545457137,1.2837792194159148,1.0,0.0,0.0,0.0,1.0,0.0
14,175,0.0,0.0,1.0,0.0,1.0,1.0,0.0,0.0
15,175,10.345838468701652,3.0292299622910246,1.0,0.0,0.0,1.0,0.0,0.0
16,175,6.171630444475398,2.151710227094431,1.0,0.0,0.0,1.0,0.0,0.0
17,175,6.180891327791825,5.654195976008976,1.0,0.0,1.0,0.0,0.0,0.0
18,175,12.0,0.546311527003754,1.0,1.0,0.0,0.0,1.0,0.0
19,175,7.289992027792793,8.443894944253715,1.0,0.0,0.0,0.0,1.0,1.0
20,175,0.0,3.8502836753552496,1.0,1.0,0.0,1.0,1.0,0.0
21,175,8.908808535290763,1.9650636841818796,0.0,0.0,1.0,1.0,0.0,0.0
22,175,11.877975055050454,2.8280722777004703,0.0,0.0,0.0,0.0,0.0,0.0
23,175,0.0,12.0,0.0,0.0,1.0,1.0,1.0,1.0
24,175,7.273047150252874,11.852421051574154,1.0,1.0,1.0,0.0,0.0,1.0
25,175,3.658430385748482,2.207868978493086,0.0,1.0,1.0,0.0,1.0,1.0
26,175,6.668690977755448,6.58094610858221,0.0,1.0,1.0,0.0,0.0,1.0
27,175,4.303702899894153,0.345375297824791,0.0,0.0,1.0,0.0,1.0,1.0
28,175,10.172724494283331,8.464180365770192,0.0,0.0,0.0,1.0,0.0,0.0
29,175,10.333325266569942,10.238903780836583,0.0,1.0,0.0,1.0,0.0,0.0
30,175,12.0,3.637339068154379,1.0,0.0,1.0,1.0,0.0,0.0
31,175,2.593083462009308,10.372428677930978,1.0,0.0,1.0,0.0,0.0,1.0
32,175,7.567135155253249,2.720305855417533,0.0,1.0,1.0,1.0,0.0,0.0
33,175,6.056423463281926,5.189930016326379,1.0,1.0,1.0,1.0,1.0,1.0
34,175,4.148986675599766,5.163876262229972,0.0,0.0,1.0,0.0,0.0,0.0
35,175,11.932827161977732,12.0,0.0,0.0,1.0,0.0,1.0,1.0
36,175,0.0,8.351326857743658,0.0,1.0,0.0,0.0,0.0,1.0
37,175,10.443100395980286,9.651775731845373,0.0,1.0,0.0,1.0,1.0,0.0
38,175,3.667742867683556,10.382201939135502,0.0,0.0,0.0,1.0,0.0,0.0
39,175,0.6661886961228671,11.586107720890247,1.0,1.0,1.0,0.0,1.0,0.0
0,180,11.74902825219628,2.130492602489753,1.0,0.0,0.0,0.0,1.0,1.0
1,180,0.199741335655769,4.927911760664792,0.0,0.0,0.0,0.0,1.0,1.0
2,180,2.2629929373994115,10.94376614725663,0.0,1.0,0.0,1.0,0.0,1.0
3,180,7.219408889568042,4.533826726987833,0.0,1.0,0.0,1.0,0.0,1.0
4,180,4.378676664566928,10.397380441301454,0.0,0.0,0.0,0.0,1.0,1.0
5,180,9.127309059687288,7.6136830981359696,0.0,1.0,0.0,1.0,0.0,0.0
6,180,10.786762027798767,10.73975030618308,1.0,0.0,1.0,1.0,0.0,0.0
7,180,6.421658661313946,10.712761873480678,0.0,0.0,0.0,0.0,0.0,1.0
8,180,8.688568058703268,5.056817675281795,0.0,1.0,0.0,0.0,1.0,0.0
9,180,7.149378197874461,3.200996551166102,0.0,0.0,1.0,1.0,1.0,0.0
10,180,2.4176632601083363,8.01553821541897,1.0,0.0,0.0,0.0,0.0,1.0
11,180,2.5308220203957696,4.324167915260982,0.0,1.0,1.0,1.0,0.0,0.0
12,180,0.0,6.296709560811398,0.0,0.0,0.0,0.0,1.0,0.0
13,180,3.064836446198684,1.348178167520731,1.0,0.0,0.0,0.0,1.0,0.0
14,180,0.0,0.0,1.0,0.0,1.0,1.0,0.0,0.0
15,180,10.346157038252857,3.0336366343097767,1.0,0.0,0.0,1.0,0.0,0.0
16,180,6.150296176138603,2.128075649304192,1.0,0.0,0.0,1.0,0.0,0.0
17,180,6.181346080652608,5.624440067518226,1.0,0.0,1.0,0.0,0.0,0.0
18,180,12.0,0.6417027844887995,1.0,1.0,0.0,0.0,1.0,0.0
19,180,7.328114873797435,8.376063684997028,1.0,0.0,0.0,0.0,1.0,1.0
20,180,0.0,3.651097985338105,1.0,1.0,0.0,1.0,1.0,0.0
21,180,8.918909840040698,1.8104644410720905,0.0,0.0,1.0,1.0,0.0,0.0
22,180,11.903307482012089,2.793762871821296,0.0,0.0,0.0,0.0,0.0,0.0
23,180,0.0,12.0,0.0,0.0,1.0,1.0,1.0,1.0
24,180,7.25496804991282,11.860875897907794,1.0,1.0,1.0,0.0,0.0,1.0
25,180,3.693017346659107,2.2192054141441013,0.0,1.0,1.0,0.0,1.0,1.0
26,180,6.754270669487078,6.606474015714383,0.0,1.0,1.0,0.0,0.0,1.0
27,180,4.302710277845286,0.3530214837526113,0.0,0.0,1.0,0.0,1.0,1.0
28,180,10.162780817107818,8.462200142569193,0.0,0.0,0.0,1.0,0.0,0.0
29,180,10.316170286098716,10.244886173039172,0.0,1.0,0.0,1.0,0.0,0.0
30,180,12.0,3.602288375138841,1.0,0.0,1.0,1.0,0.0,0.0
31,180,2.5742163392809685,10.333293016658212,1.0,0.0,1.0,0.0,0.0,1.0
32,180,7.465936152843991,2.8055335421764536,0.0,1.0,1.0,1.0,0.0,0.0
33,180,5.955647066685135,5.103359416676794,1.0,1.0,1.0,1.0,1.0,1.0
34,180,4.175895598884921,5.193567265879977,0.0,0.0,1.0,0.0,0.0,0.0
35,180,11.963913580777566,12.0,0.0,0.0,1.0,0.0,1.0,1.0
36,180,0.0,8.35330546153006,0.0,1.0,0.0,0.0,0.0,1.0
37,180,10.373740797262412,9.633148529169846,0.0,1.0,0.0,1.0,1.0,0.0
38,180,3.657069759193589,10.41500339202985,0.0,0.0,0.0,1.0,0.0,0.0
39,180,0.7058301214960558,11.561335960516228,1.0,1.0,1.0,0.0,1.0,0.0
0,185,11.738630831363505,2.045357898998301,1.0,0.0,0.0,0.0,1.0,1.0
1,185,0.2171576235260952,4.910705843517106,0.0,0.0,0.0,0.0,1.0,1.0
2,185,2.268500485101109,10.918666611328764,0.0,1.0,0.0,1.0,0.0,1.0
3,185,7.113960932812169,4.54876282098891,0.0,1.0,0.0,1.0,0.0,1.0
4,185,4.47201004497069,10.499237974868494,0.0,0.0,0.0,0.0,1.0,1.0
5,185,9.2569559165109,7.646232819951394,0.0,1.0,0.0,1.0,0.0,0.0
6,185,10.794799508555087,10.75132876307669,1.0,0.0,1.0,1.0,0.0,0.0
7,185,6.477604879854309,10.661485260825764,0.0,0.0,0.0,0.0,0.0,1.0
8,185,8.683560577355065,5.167825640162237,0.0,1.0,0.0,0.0,1.0,0.0
9,185,7.165024203824395,3.203732540859832,0.0,0.0,1.0,1.0,1.0,0.0
10,185,2.405044861384672,8.04196039892367,1.0,0.0,0.0,0.0,0.0,1.0
11,185,2.3350164757407623,4.302410050963943,0.0,1.0,1.0,1.0,0.0,0.0
12,185,0.0,6.241142331285262,0.0,0.0,0.0,0.0,1.0,0.0
13,185,3.059223715180555,1.4013891777789216,1.0,0.0,0.0,0.0,1.0,0.0
14,185,0.0,0.0,1.0,0.0,1.0,1.0,0.0,0.0
15,185,10.346670326022949,3.042180986440178,1.0,0.0,0.0,1.0,0.0,0.0
16,185,6.128707616906583,2.1038622333420838,1.0,0.0,0.0,1.0,0.0,0.0
17,185,6.181199779519308,5.606001678008086,1.0,0.0,1.0,0.0,0.0,0.0
18,185,12.0,0.7375275115353974,1.0,1.0,0.0,0.0,1.0,0.0
19,185,7.374755419974048,8.296197018546446,1.0,0.0,0.0,0.0,1.0,1.0
20,185,0.0,3.437855697240968,1.0,1.0,0.0,1.0,1.0,0.0
21,185,8.92633892706376,1.664317926253594,0.0,0.0,1.0,1.0,0.0,0.0
22,185,11.923982884105186,2.765443178183907,0.0,0.0,0.0,0.0,0.0,0.0
23,185,0.0,12.0,0.0,0.0,1.0,1.0,1.0,1.0
24,185,7.25122861440974,11.862525173643917,1.0,1.0,1.0,0.0,0.0,1.0
25,185,3.734950339285381,2.233203181419729,0.0,1.0,1.0,0.0,1.0,1.0
26,185,6.820352390633647,6.626737827169345,0.0,1.0,1.0,0.0,0.0,1.0
27,185,4.303009703643204,0.3506241131711742,0.0,0.0,1.0,0.0,1.0,1.0
28,185,10.145426354658715,8.458235321197769,0.0,0.0,0.0,1.0,0.0,0.0
29,185,10.29851224499176,10.251042630255643,0.0,1.0,0.0,1.0,0.0,0.0
30,185,12.0,3.5712745867549245,1.0,0.0,1.0,1.0,0.0,0.0
31,185,2.5550643384392515,10.292059198813138,1.0,0.0,1.0,0.0,0.0,1.0
32,185,7.36842131657925,2.890546799204355,0.0,1.0,1.0,1.0,0.0,0.0
33,185,5.852737106342929,5.014798989949897,1.0,1.0,1.0,1.0,1.0,1.0
34,185,4.195438090870201,5.214604014442096,0.0,0.0,1.0,0.0,0.0,0.0
35,185,11.99040606149619,12.0,0.0,0.0,1.0,0.0,1.0,1.0
36,185,0.0,8.355355405843733,0.0,1.0,0.0,0.0,0.0,1.0
37,185,10.309737786274304,9.617207994304538,0.0,1.0,0.0,1.0,1.0,0.0
38,185,3.6497902910323146,10.438184314579829,0.0,0.0,0.0,1.0,0.0,0.0
39,185,0.7372579405656892,11.542849191726273,1.0,1.0,1.0,0.0,1.0,0.0
0,190,11.729084097909675,1.9612524063330044,1.0,0.0,0.0,0.0,1.0,1.0
1,190,0.2374774746672234,4.890978364067214,0.0,0.0,0.0,0.0,1.0,1.0
2,190,2.2746932316837394,10.892911464784984,0.0,1.0,0.0,1.0,0.0,1.0
3,190,7.0004060219383,4.564770029453923,0.0,1.0,0.0,1.0,0.0,1.0
4,190,4.559751448385222,10.592620570054736,0.0,0.0,0.0,0.0,1.0,1.0
5,190,9.396423809450964,7.680591108430171,0.0,1.0,0.0,1.0,0.0,0.0
6,190,10.771381960243303,10.768233377731384,1.0,0.0,1.0,1.0,0.0,0.0
7,190,6.539897202763792,10.6059711042259,0.0,0.0,0.0,0.0,0.0,1.0
8,190,8.678888081646237,5.280177579378762,0.0,1.0,0.0,0.0,1.0,0.0
9,190,7.168095644336767,3.204321687463491,0.0,0.0,1.0,1.0,1.0,0.0
10,190,2.3937944356620777,8.066145316590086,1.0,0.0,0.0,0.0,0.0,1.0
11,190,2.126181668708416,4.278608069279685,0.0,1.0,1.0,1.0,0.0,0.0
12,190,0.0,6.198583400728007,0.0,0.0,0.0,0.0,1.0,0.0
13,190,3.052959908835359,1.452855603361581,1.0,0.0,0.0,0.0,1.0,0.0
14,190,0.0,0.0,1.0,0.0,1.0,1.0,0.0,0.0
15,190,10.347591355636697,3.0524717169814126,1.0,0.0,0.0,1.0,0.0,0.0
16,190,6.10689865231076,2.080375659699493,1.0,0.0,0.0,1.0,0.0,0.0
17,190,6.181179030323462,5.605085562365208,1.0,0.0,1.0,0.0,0.0,0.0
18,190,12.0,0.8300880905774423,1.0,1.0,0.0,0.0,1.0,0.0
19,190,7.40815316883504,8.240703139105982,1.0,0.0,0.0,0.0,1.0,1.0
20,190,0.0,3.217700276783836,1.0,1.0,0.0,1.0,1.0,0.0
21,190,8.934159943695493,1.506163587772975,0.0,0.0,1.0,1.0,0.0,0.0
22,190,11.93219985811244,2.753352911852212,0.0,0.0,0.0,0.0,0.0,0.0
23,190,0.0,12.0,0.0,0.0,1.0,1.0,1.0,1.0
24,190,7.243769758377947,11.865784561771518,1.0,1.0,1.0,0.0,0.0,1.0
25,190,3.7848043885669376,2.251323831823322,0.0,1.0,1.0,0.0,1.0,1.0
26,190,6.878626259471934,6.644884749377344,0.0,1.0,1.0,0.0,0.0,1.0
27,190,4.303887165597461,0.3446752370319645,0.0,0.0,1.0,0.0,1.0,1.0
28,190,10.15028745304241,8.459242761668632,0.0,0.0,0.0,1.0,0.0,0.0
29,190,10.28053665805828,10.2573511734171,0.0,1.0,0.0,1.0,0.0,0.0
30,190,12.0,3.54290014378275,1.0,0.0,1.0,1.0,0.0,0.0
31,190,2.541046889827676,10.262972737028166,1.0,0.0,1.0,0.0,0.0,1.0
32,190,7.245904799406148,2.9927761328189075,0.0,1.0,1.0,1.0,0.0,0.0
33,190,5.73783611366508,4.9228624217188965,1.0,1.0,1.0,1.0,1.0,1.0
34,190,4.220378049026764,5.241767790692649,0.0,0.0,1.0,0.0,0.0,0.0
35,190,12.0,12.0,0.0,0.0,1.0,0.0,1.0,1.0
36,190,0.0,8.357051516395849,0.0,1.0,0.0,0.0,0.0,1.0
37,190,10.253767267782138,9.602913474775953,0.0,1.0,0.0,1.0,1.0,0.0
38,190,3.647155188162888,10.446648479585429,0.0,0.0,0.0,1.0,0.0,0.0
39,190,0.7839707859080939,11.51419398645149,1.0,1.0,1.0,0.0,1.0,0.0
0,195,11.719781388249732,1.8830050359982684,1.0,0.0,0.0,0.0,1.0,1.0
1,195,0.2715571238119957,4.857510049563119,0.0,0.0,0.0,0.0,1.0,1.0
2,195,2.2777855167773886,10.87991439597999,0.0,1.0,0.0,1.0,0.0,1.0
3,195,6.876520351506881,4.58045924365494,0.0,1.0,0.0,1.0,0.0,1.0
4,195,4.6656483938611855,10.69955097891015,0.0,0.0,0.0,0.0,1.0,1.0
5,195,9.548073445315316,7.713699967254041,0.0,1.0,0.0,1.0,0.0,0.0
6,195,10.72034924728175,10.80722857677232,1.0,0.0,1.0,1.0,0.0,0.0
7,195,6.597386544675197,10.66800097604065,0.0,0.0,0.0,0.0,0.0,1.0
8,195,8.671894923263572,5.377680400126686,0.0,1.0,0.0,0.0,1.0,0.0
9,195,7.177667966444848,3.206025741626271,0.0,0.0,1.0,1.0,1.0,0.0
10,195,2.3787882799876896,8.098887056041422,1.0,0.0,0.0,0.0,0.0,1.0
11,195,1.9269388525098008,4.260155093043913,0.0,1.0,1.0,1.0,0.0,0.0
12,195,0.0,6.162357883244261,0.0,0.0,0.0,0.0,1.0,0.0
13,195,3.044818726005443,1.521194228744501,1.0,0.0,0.0,0.0,1.0,0.0
14,195,0.0,0.0,1.0,0.0,1.0,1.0,0.0,0.0
15,195,10.349348051446563,3.070794182503938,1.0,0.0,0.0,1.0,0.0,0.0
16,195,6.077363064494414,2.049089674720885,1.0,0.0,0.0,1.0,0.0,0.0
17,195,6.18107261892303,5.59343487197368,1.0,0.0,1.0,0.0,0.0,0.0
18,195,12.0,0.9493336291537702,1.0,1.0,0.0,0.0,1.0,0.0
19,195,7.44220061142865,8.18082116584673,1.0,0.0,0.0,0.0,1.0,1.0
20,195,0.0,3.009465229520621,1.0,1.0,0.0,1.0,1.0,0.0
21,195,8.94223780410698,1.3426141283630524,0.0,0.0,1.0,1.0,0.0,0.0
22,195,11.948185479724891,2.7302501552611056,0.0,0.0,0.0,0.0,0.0,0.0
23,195,0.0,12.0,0.0,0.0,1.0,1.0,1.0,1.0
24,195,7.216636228890922,11.876535490028672,1.0,1.0,1.0,0.0,0.0,1.0
25,195,3.839785393180496,2.27093430381617,0.0,1.0,1.0,0.0,1.0,1.0
26,195,6.938978551120711,6.6645854164759095,0.0,1.0,1.0,0.0,0.0,1.0
27,195,4.304705240302586,0.3395856631194472,0.0,0.0,1.0,0.0,1.0,1.0
28,195,10.166828809825905,8.463037936943811,0.0,0.0,0.0,1.0,0.0,0.0
29,195,10.25508299738439,10.266317001273809,0.0,1.0,0.0,1.0,0.0,0.0
30,195,12.0,3.5045636665695725,1.0,0.0,1.0,1.0,0.0,0.0
31,195,2.5234509997774444,10.229487079460416,1.0,0.0,1.0,0.0,0.0,1.0
32,195,7.12832892103006,3.088254736272373,0.0,1.0,1.0,1.0,0.0,0.0
33,195,5.612871620526655,4.8248516633518745,1.0,1.0,1.0,1.0,1.0,1.0
34,195,4.262027304078783,5.286780294658818,0.0,0.0,1.0,0.0,0.0,0.0
35,195,12.0,12.0,0.0,0.0,1.0,0.0,1.0,1.0
36,195,0.0,8.361321618129352,0.0,1.0,0.0,0.0,0.0,1.0
37,195,10.188365693961169,9.58731994960686,0.0,1.0,0.0,1.0,1.0,0.0
38,195,3.6448658675694574,10.454079397109622,0.0,0.0,0.0,1.0,0.0,0.0
39,195,0.8126274193623007,11.496264620811658,1.0,1.0,1.0,0.0,1.0,0.0
0,200,11.709438908792064,1.7986678311354372,1.0,0.0,0.0,0.0,1.0,1.0
1,200,0.2991087258970076,4.828564351789148,0.0,0.0,0.0,0.0,1.0,1.0
2,200,2.2825694534629752,10.85983127056372,0.0,1.0,0.0,1.0,0.0,1.0
3,200,6.782222677159177,4.592082298223955,0.0,1.0,0.0,1.0,0.0,1.0
4,200,4.755007237234855,10.78740162707291,0.0,0.0,0.0,0.0,1.0,1.0
5,200,9.715180063209004,7.751053944884934,0.0,1.0,0.0,1.0,0.0,0.0
6,200,10.664365907246316,10.848671217405784,1.0,0.0,1.0,1.0,0.0,0.0
7,200,6.65236893853566,10.724535340289442,0.0,0.0,0.0,0.0,0.0,1.0
8,200,8.668666244691256,5.481014290657085,0.0,1.0,0.0,0.0,1.0,0.0
9,200,7.191574072079449,3.208527861821268,0.0,0.0,1.0,1.0,1.0,0.0
10,200,2.3663278287563823,8.125947057221216,1.0,0.0,0.0,0.0,0.0,1.0
11,200,1.719276810157085,4.235213721902683,0.0,1.0,1.0,1.0,0.0,0.0
12,200,0.0,6.118068578331006,0.0,0.0,0.0,0.0,1.0,0.0
13,200,3.0353415489576148,1.60379648471591,1.0,0.0,0.0,0.0,1.0,0.0
14,200,0.0,0.0,1.0,0.0,1.0,1.0,0.0,0.0
15,200,10.352533861438674,3.0984099511071093,1.0,0.0,0.0,1.0,0.0,0.0
16,200,6.052447240850602,2.023311463938106,1.0,0.0,0.0,1.0,0.0,0.0
17,200,6.1808038520581885,5.577593931677037,1.0,0.0,1.0,0.0,0.0,0.0
18,200,12.0,1.0582834477802832,1.0,1.0,0.0,0.0,1.0,0.0
19,200,7.477963588718424,8.124225708942456,1.0,0.0,0.0,0.0,1.0,1.0
20,200,0.0,2.8404592973968663,1.0,1.0,0.0,1.0,1.0,0.0
21,200,8.95175680792199,1.1639837067905925,0.0,0.0,1.0,1.0,0.0,0.0
22,200,11.968955010968436,2.7015293894246373,0.0,0.0,0.0,0.0,0.0,0.0
23,200,0.0,12.0,0.0,0.0,1.0,1.0,1.0,1.0
24,200,7.186592404359312,11.888755732156904,1.0,1.0,1.0,0.0,0.0,1.0
25,200,3.879573435263672,2.2842816768367435,0.0,1.0,1.0,0.0,1.0,1.0
26,200,6.999822899339491,6.684692548533398,0.0,1.0,1.0,0.0,0.0,1.0
27,200,4.304540669472433,0.3405883222480375,0.0,0.0,1.0,0.0,1.0,1.0
28,200,10.192841984072809,8.468846959948854,0.0,0.0,0.0,1.0,0.0,0.0
29,200,10.221860066398714,10.278148077087035,0.0,1.0,0.0,1.0,0.0,0.0
30,200,12.0,3.4660759303797346,1.0,0.0,1.0,1.0,0.0,0.0
31,200,2.504371859309745,10.192609752453018,1.0,0.0,1.0,0.0,0.0,1.0
32,200,7.0155344079575785,3.17613222194704,0.0,1.0,1.0,1.0,0.0,0.0
33,200,5.483683349173244,4.728679771187027,1.0,1.0,1.0,1.0,1.0,1.0
34,200,4.330895679268035,5.360927272597889,0.0,0.0,1.0,0.0,0.0,0.0
35,200,12.0,12.0,0.0,0.0,1.0,0.0,1.0,1.0
36,200,0.0,8.363858963722329,0.0,1.0,0.0,0.0,0.0,1.0
37,200,10.121927711714203,9.573001050306887,0.0,1.0,0.0,1.0,1.0,0.0
38,200,3.649521088069424,10.436922132663222,0.0,0.0,0.0,1.0,0.0,0.0
39,200,0.8613786932867741,11.4654862997154,1.0,1.0,1.0,0.0,1.0,0.0
0,205,11.697385164123352,1.7192205893011825,1.0,0.0,0.0,0.0,1.0,1.0
1,205,0.3163779725853524,4.809177710396924,0.0,0.0,0.0,0.0,1.0,1.0
2,205,2.283274656146374,10.857104776355182,0.0,1.0,0.0,1.0,0.0,1.0
3,205,6.67034157117514,4.602770692185832,0.0,1.0,0.0,1.0,0.0,1.0
4,205,4.837661607763683,10.86755527028504,0.0,0.0,0.0,0.0,1.0,1.0
5,205,9.87910039778865,7.787253340919096,0.0,1.0,0.0,1.0,0.0,0.0
6,205,10.612739325796236,10.88785078650073,1.0,0.0,1.0,1.0,0.0,0.0
7,205,6.69679118812614,10.771100909153343,0.0,0.0,0.0,0.0,0.0,1.0
8,205,8.665249538599753,5.571292535850319,0.0,1.0,0.0,0.0,1.0,0.0
9,205,7.2242335339554415,3.214641891459606,0.0,0.0,1.0,1.0,1.0,0.0
10,205,2.357903172398136,8.143792516465776,1.0,0.0,0.0,0.0,0.0,1.0
11,205,1.7424824292060486,4.039435385345936,0.0,1.0,1.0,1.0,0.0,0.0
12,205,0.0,6.079384823261301,0.0,0.0,0.0,0.0,1.0,0.0
13,205,3.026626834909451,1.6779556758330711,1.0,0.0,0.0,0.0,1.0,0.0
14,205,0.0,0.0,1.0,0.0,1.0,1.0,0.0,0.0
15,205,10.355139300814097,3.1182251474993685,1.0,0.0,0.0,1.0,0.0,0.0
16,205,6.028534602032443,1.998767644186952,1.0,0.0,0.0,1.0,0.0,0.0
17,205,6.180666603539022,5.592640749851978,1.0,0.0,1.0,0.0,0.0,0.0
18,205,12.0,1.15750235398181,1.0,1.0,0.0,0.0,1.0,0.0
19,205,7.50249413443797,8.08480039946929,1.0,0.0,0.0,0.0,1.0,1.0
20,205,0.0,2.667608612130808,1.0,1.0,0.0,1.0,1.0,0.0
21,205,8.96360328665622,0.9908227182970494,0.0,0.0,1.0,1.0,0.0,0.0
22,205,11.978219956431932,2.6875173186597627,0.0,0.0,0.0,0.0,0.0,0.0
23,205,0.0,12.0,0.0,0.0,1.0,1.0,1.0,1.0
24,205,7.143958983423734,11.90702225149072,1.0,1.0,1.0,0.0,0.0,1.0
25,205,3.856902760273916,2.355286176672865,0.0,1.0,1.0,0.0,1.0,1.0
26,205,7.052888866946518,6.703932883443375,0.0,1.0,1.0,0.0,0.0,1.0
27,205,4.302577909778227,0.3523508541803223,0.0,0.0,1.0,0.0,1.0,1.0
28,205,10.241017731360206,8.479486144254933,0.0,0.0,0.0,1.0,0.0,0.0
29,205,10.189690695551215,10.289601668889944,0.0,1.0,0.0,1.0,0.0,0.0
30,205,12.0,3.4265769590878223,1.0,0.0,1.0,1.0,0.0,0.0
31,205,2.480761193823505,10.14676271168453,1.0,0.0,1.0,0.0,0.0,1.0
32,205,6.90422500829646,3.259768610940575,0.0,1.0,1.0,1.0,0.0,0.0
33,205,5.333293791246965,4.624277285921433,1.0,1.0,1.0,1.0,1.0,1.0
34,205,4.404038047007908,5.444887648371294,0.0,0.0,1.0,0.0,0.0,0.0
35,205,12.0,12.0,0.0,0.0,1.0,0.0,1.0,1.0
36,205,0.0,8.365042892238062,0.0,1.0,0.0,0.0,0.0,1.0
37,205,10.06677241624736,9.560928409596515,0.0,1.0,0.0,1.0,1.0,0.0
38,205,3.661142035510244,10.39690405956037,0.0,0.0,0.0,1.0,0.0,0.0
39,205,0.888126598393441,11.447460888744512,1.0,1.0,1.0,0.0,1.0,0.0
0,210,11.688452749719405,1.6533480597845964,1.0,0.0,0.0,0.0,1.0,1.0
1,210,0.3401111298977743,4.782158803080815,0.0,0.0,0.0,0.0,1.0,1.0
2,210,2.2788859188677115,10.87436668371395,0.0,1.0,0.0,1.0,0.0,1.0
3,210,6.52738083451636,4.619917605844442,0.0,1.0,0.0,1.0,0.0,1.0
4,210,4.929042024053104,10.95712878752492,0.0,0.0,0.0,0.0,1.0,1.0
5,210,10.038663031290897,7.827733878507324,0.0,1.0,0.0,1.0,0.0,0.0
6,210,10.565030428967336,10.926156592697476,1.0,0.0,1.0,1.0,0.0,0.0
7,210,6.727939401665748,10.804378422671814,0.0,0.0,0.0,0.0,0.0,1.0
8,210,8.664430453156442,5.65791609624094,0.0,1.0,0.0,0.0,1.0,0.0
9,210,7.257035086979906,3.220723047766926,0.0,0.0,1.0,1.0,1.0,0.0
10,210,2.360034914548312,8.139379437976263,1.0,0.0,0.0,0.0,0.0,1.0
11,210,1.7600184935170506,3.868360378692124,0.0,1.0,1.0,1.0,0.0,0.0
12,210,0.0,6.038455577077182,0.0,0.0,0.0,0.0,1.0,0.0
13,210,3.019476243421398,1.7419246469591694,1.0,0.0,0.0,0.0,1.0,0.0
14,210,0.0,0.0,1.0,0.0,1.0,1.0,0.0,0.0
15,210,10.357185862099351,3.1311802696184703,1.0,0.0,0.0,1.0,0.0,0.0
16,210,5.9943270618364295,1.96467080236919,1.0,0.0,0.0,1.0,0.0,0.0
17,210,6.180808325248101,5.628101892100085,1.0,0.0,1.0,0.0,0.0,0.0
18,210,12.0,1.252758499102278,1.0,1.0,0.0,0.0,1.0,0.0
19,210,7.529793506039721,8.040093368993539,1.0,0.0,0.0,0.0,1.0,1.0
20,210,0.0,2.5039667762033697,1.0,1.0,0.0,1.0,1.0,0.0
21,210,8.969865591687764,0.8215420101413695,0.0,0.0,1.0,1.0,0.0,0.0
22,210,11.997748792019395,2.6591071656488148,0.0,0.0,0.0,0.0,0.0,0.0
23,210,0.0,12.0,0.0,0.0,1.0,1.0,1.0,1.0
24,210,7.093898219344643,11.927561581026737,1.0,1.0,1.0,0.0,0.0,1.0
25,210,3.828883244440774,2.4349441939414485,0.0,1.0,1.0,0.0,1.0,1.0
26,210,7.11999053808254,6.728720910177366,0.0,1.0,1.0,0.0,0.0,1.0
27,210,4.298895586486222,0.3817762726022721,0.0,0.0,1.0,0.0,1.0,1.0
28,210,10.29858673637667,8.492398657722363,0.0,0.0,0.0,1.0,0.0,0.0
29,210,10.142087622701013,10.306714451791551,0.0,1.0,0.0,1.0,0.0,0.0
30,210,12.0,3.3772832251891898,1.0,0.0,1.0,1.0,0.0,0.0
31,210,2.450848459650096,10.087947494873973,1.0,0.0,1.0,0.0,0.0,1.0
32,210,6.785231466790454,3.356295659805652,0.0,1.0,1.0,1.0,0.0,0.0
33,210,5.164014236734686,4.509355302679378,1.0,1.0,1.0,1.0,1.0,1.0
34,210,4.47468638899343,5.52710771811141,0.0,0.0,1.0,0.0,0.0,0.0
35,210,12.0,12.0,0.0,0.0,1.0,0.0,1.0,1.0
36,210,0.0,8.367415510232993,0.0,1.0,0.0,0.0,0.0,1.0
37,210,9.991593317407416,9.54137735086534,0.0,1.0,0.0,1.0,1.0,0.0
38,210,3.677657522630705,10.340447224764723,0.0,0.0,0.0,1.0,0.0,0.0
39,210,0.9135425473110316,11.430090383343344,1.0,1.0,1.0,0.0,1.0,0.0
0,215,11.677281122066551,1.5854350763663547,1.0,0.0,0.0,0.0,1.0,1.0
1,215,0.3559720353385171,4.764538193312862,0.0,0.0,0.0,0.0,1.0,1.0
2,215,2.2741218009577207,10.89243076864247,0.0,1.0,0.0,1.0,0.0,1.0
3,215,6.384489348807388,4.640954913104174,0.0,1.0,0.0,1.0,0.0,1.0
4,215,5.013852114511736,11.041520207129684,0.0,0.0,0.0,0.0,1.0,1.0
5,215,10.20279464052746,7.870474657328272,0.0,1.0,0.0,1.0,0.0,0.0
6,215,10.53102718266656,10.95292316656777,1.0,0.0,1.0,1.0,0.0,0.0
7,215,6.769612822079435,10.848362183640726,0.0,0.0,0.0,0.0,0.0,1.0
8,215,8.56200779694851,5.656809577853831,0.0,1.0,0.0,0.0,1.0,0.0
9,215,7.281417138331766,3.2253720261763266,0.0,0.0,1.0,1.0,1.0,0.0
10,215,2.3609900170529685,8.137300511397427,1.0,0.0,0.0,0.0,0.0,1.0
11,215,1.7729911405463543,3.71118837189665,0.0,1.0,1.0,1.0,0.0,0.0
12,215,0.0,5.999118699324673,0.0,0.0,0.0,0.0,1.0,0.0
13,215,3.01420345257089,1.8194441967653727,1.0,0.0,0.0,0.0,1.0,0.0
14,215,0.0,0.0,1.0,0.0,1.0,1.0,0.0,0.0
15,215,10.353879638834394,3.1097544412942595,1.0,0.0,0.0,1.0,0.0,0.0
16,215,5.939407869731048,1.912779413817408,1.0,0.0,0.0,1.0,0.0,0.0
17,215,6.180785290794761,5.635499502031375,1.0,0.0,1.0,0.0,0.0,0.0
18,215,12.0,1.3416578837954536,1.0,1.0,0.0,0.0,1.0,0.0
19,215,7.556790865950818,7.994482489820899,1.0,0.0,0.0,0.0,1.0,1.0
20,215,0.0,2.335783400766813,1.0,1.0,0.0,1.0,1.0,0.0
21,215,8.972594154634912,0.6375799603088721,0.0,0.0,1.0,1.0,0.0,0.0
22,215,12.0,2.623118467154089,0.0,0.0,0.0,0.0,0.0,0.0
23,215,0.0,12.0,0.0,0.0,1.0,1.0,1.0,1.0
24,215,7.02960952982939,11.954591984378528,1.0,1.0,1.0,0.0,0.0,1.0
25,215,3.795216797411815,2.5392999262230798,0.0,1.0,1.0,0.0,1.0,1.0
26,215,7.0920925803115,6.805130271994295,0.0,1.0,1.0,0.0,0.0,1.0
27,215,4.293918606315082,0.427398678220253,0.0,0.0,1.0,0.0,1.0,1.0
28,215,10.332002492888616,8.500173422564314,0.0,0.0,0.0,1.0,0.0,0.0
29,215,10.1140124077319,10.31678346437009,0.0,1.0,0.0,1.0,0.0,0.0
30,215,12.0,3.3270578916535034,1.0,0.0,1.0,1.0,0.0,0.0
31,215,2.422421409125925,10.030716326204582,1.0,0.0,1.0,0.0,0.0,1.0
32,215,6.653790795341559,3.4590834051502,0.0,1.0,1.0,1.0,0.0,0.0
33,215,4.99782939103287,4.390374183865723,1.0,1.0,1.0,1.0,1.0,1.0
34,215,4.546990254756244,5.615605911832967,0.0,0.0,1.0,0.0,0.0,0.0
35,215,12.0,12.0,0.0,0.0,1.0,0.0,1.0,1.0
36,215,0.0,8.36961133274634,0.0,1.0,0.0,0.0,0.0,1.0
37,215,9.916409807094013,9.52121850144404,0.0,1.0,0.0,1.0,1.0,0.0
38,215,3.6932613937710697,10.280460870141212,0.0,0.0,0.0,1.0,0.0,0.0
39,215,0.9271538796798476,11.420797030131036,1.0,1.0,1.0,0.0,1.0,0.0
0,220,11.671547314173855,1.553737531245691,1.0,0.0,0.0,0.0,1.0,1.0
1,220,0.3794359746392284,4.736872899399453,0.0,0.0,0.0,0.0,1.0,1.0
2,220,2.270424846691431,10.907300499148386,0.0,1.0,0.0,1.0,0.0,1.0
3,220,6.251076742905367,4.656118735251545,0.0,1.0,0.0,1.0,0.0,1.0
4,220,5.101647170722827,11.129843556457466,0.0,0.0,0.0,0.0,1.0,1.0
5,220,10.377755724949926,7.917486684181897,0.0,1.0,0.0,1.0,0.0,0.0
6,220,10.519382693845827,10.962115537181509,1.0,0.0,1.0,1.0,0.0,0.0
7,220,6.80023244317842,10.879000322576395,0.0,0.0,0.0,0.0,0.0,1.0
8,220,8.477872729270597,5.654725811009985,0.0,1.0,0.0,0.0,1.0,0.0
9,220,7.294280930250569,3.227921220945437,0.0,0.0,1.0,1.0,1.0,0.0
10,220,2.3585181413603324,8.143053959788258,1.0,0.0,0.0,0.0,0.0,1.0
11,220,1.7867617245429264,3.53932317744821,0.0,1.0,1.0,1.0,0.0,0.0
12,220,0.0,5.96155161507955,0.0,0.0,0.0,0.0,1.0,0.0
13,220,3.0100959025014684,1.8886421863117755,1.0,0.0,0.0,0.0,1.0,0.0
14,220,0.0,0.0,1.0,0.0,1.0,1.0,0.0,0.0
15,220,10.348911415048136,3.075018602974227,1.0,0.0,0.0,1.0,0.0,0.0
16,220,5.886204992417043,1.862818492785112,1.0,0.0,0.0,1.0,0.0,0.0
17,220,6.180852935846519,5.651043120721961,1.0,0.0,1.0,0.0,0.0,0.0
18,220,12.0,1.4398924608485206,1.0,1.0,0.0,0.0,1.0,0.0
19,220,7.571482276283287,7.970676375031241,1.0,0.0,0.0,0.0,1.0,1.0
20,220,0.0,2.165535839142362,1.0,1.0,0.0,1.0,1.0,0.0
21,220,8.974405522488238,0.4935932360427221,0.0,0.0,1.0,1.0,0.0,0.0
22,220,12.0,2.5768292981785312,0.0,0.0,0.0,0.0,0.0,0.0
23,220,0.0,12.0,0.0,0.0,1.0,1.0,1.0,1.0
24,220,6.962340804791137,11.982204471262756,1.0,1.0,1.0,0.0,0.0,1.0
25,220,3.76497737544176,2.638305048606981,0.0,1.0,1.0,0.0,1.0,1.0
26,220,7.060472359671352,6.888084269172074,0.0,1.0,1.0,0.0,0.0,1.0
27,220,4.288851828087886,0.4699769538464871,0.0,0.0,1.0,0.0,1.0,1.0
28,220,10.3903260767699,8.514049731819643,0.0,0.0,0.0,1.0,0.0,0.0
29,220,10.080770266829704,10.328826900747387,0.0,1.0,0.0,1.0,0.0,0.0
30,220,12.0,3.2723081786183554,1.0,0.0,1.0,1.0,0.0,0.0
31,220,2.387651465797558,9.96213598152925,1.0,0.0,1.0,0.0,0.0,1.0
32,220,6.520976512432493,3.5692605565768094,0.0,1.0,1.0,1.0,0.0,0.0
33,220,4.834658112986752,4.267577008233,1.0,1.0,1.0,1.0,1.0,1.0
34,220,4.625606061305318,5.706017379227261,0.0,0.0,1.0,0.0,0.0,0.0
35,220,12.0,12.0,0.0,0.0,1.0,0.0,1.0,1.0
36,220,0.0,8.370547162314493,0.0,1.0,0.0,0.0,0.0,1.0
37,220,9.852589006257531,9.504991124629278,0.0,1.0,0.0,1.0,1.0,0.0
38,220,3.70617725651683,10.230976269448314,0.0,0.0,0.0,1.0,0.0,0.0
39,220,0.9535848586798028,11.401185975017498,1.0,1.0,1.0,0.0,1.0,0.0
0,225,11.668324986632738,1.5372985884046018,1.0,0.0,0.0,0.0,1.0,1.0
1,225,0.408821232359366,4.703833136825059,0.0,0.0,0.0,0.0,1.0,1.0
2,225,2.2712682707950766,10.90390351292545,0.0,1.0,0.0,1.0,0.0,1.0
3,225,6.159249407450366,4.666351757422075,0.0,1.0,0.0,1.0,0.0,1.0
4,225,5.168863127606417,11.201959498813697,0.0,0.0,0.0,0.0,1.0,1.0
5,225,10.558572883285478,7.96644642660749,0.0,1.0,0.0,1.0,0.0,0.0
6,225,10.499730772007258,10.977684289492515,1.0,0.0,1.0,1.0,0.0,0.0
7,225,6.818334566625018,10.897002686769412,0.0,0.0,0.0,0.0,0.0,1.0
8,225,8.395059958197262,5.651625042203358,0.0,1.0,0.0,0.0,1.0,0.0
9,225,7.316247044015931,3.232457168014492,0.0,0.0,1.0,1.0,1.0,0.0
10,225,2.361415050293632,8.136347043304255,1.0,0.0,0.0,0.0,0.0,1.0
11,225,1.7985659435825134,3.353751689637298,0.0,1.0,1.0,1.0,0.0,0.0
12,225,0.0,5.929330206520306,0.0,0.0,0.0,0.0,1.0,0.0
13,225,3.0023486490111826,2.0037298464829734,1.0,0.0,0.0,0.0,1.0,0.0
14,225,0.0,0.0,1.0,0.0,1.0,1.0,0.0,0.0
15,225,10.346252109080828,3.0565016545250057,1.0,0.0,0.0,1.0,0.0,0.0
16,225,5.819660282610304,1.8002998666710883,1.0,0.0,0.0,1.0,0.0,0.0
17,225,6.180448882275195,5.672857604936414,1.0,0.0,1.0,0.0,0.0,0.0
18,225,12.0,1.5273022927041051,1.0,1.0,0.0,0.0,1.0,0.0
19,225,7.57766130175328,7.960842019152437,1.0,0.0,0.0,0.0,1.0,1.0
20,225,0.0,1.9843270701762972,1.0,1.0,0.0,1.0,1.0,0.0
21,225,8.976472359289772,0.3283659830423117,0.0,0.0,1.0,1.0,0.0,0.0
22,225,12.0,2.5281359977208453,0.0,0.0,0.0,0.0,0.0,0.0
23,225,0.0,12.0,0.0,0.0,1.0,1.0,1.0,1.0
24,225,6.89901544286549,12.0,1.0,1.0,1.0,0.0,0.0,1.0
25,225,3.733749861572792,2.743615491002707,0.0,1.0,1.0,0.0,1.0,1.0
26,225,7.025351587537964,6.975334747334754,0.0,1.0,1.0,0.0,0.0,1.0
27,225,4.286849701913249,0.4861419996082091,0.0,0.0,1.0,0.0,1.0,1.0
28,225,10.470408552639958,8.535304434196163,0.0,0.0,0.0,1.0,0.0,0.0
29,225,10.040932662896305,10.34213310670227,0.0,1.0,0.0,1.0,0.0,0.0
30,225,12.0,3.219896967759473,1.0,0.0,1.0,1.0,0.0,0.0
31,225,2.3496706272644,9.88282357710102,1.0,0.0,1.0,0.0,0.0,1.0
32,225,6.365482060078463,3.690215169717497,0.0,1.0,1.0,1.0,0.0,0.0
33,225,4.680784152348894,4.156206929489866,1.0,1.0,1.0,1.0,1.0,1.0
34,225,4.691868605480292,5.786825962712824,0.0,0.0,1.0,0.0,0.0,0.0
35,225,12.0,12.0,0.0,0.0,1.0,0.0,1.0,1.0
36,225,0.0,8.372044595297819,0.0,1.0,0.0,0.0,0.0,1.0
37,225,9.79225184479792,9.489191437918054,0.0,1.0,0.0,1.0,1.0,0.0
38,225,3.719435797979896,10.184250710437947,0.0,0.0,0.0,1.0,0.0,0.0
39,225,0.9886808123190024,11.37599440762394,1.0,1.0,1.0,0.0,1.0,0.0
0,230,11.665840509413671,1.5234919530970172,1.0,0.0,0.0,0.0,1.0,1.0
1,230,0.4583042632647801,4.650527159252121,0.0,0.0,0.0,0.0,1.0,1.0
2,230,2.266716957085176,10.921264903422202,0.0,1.0,0.0,1.0,0.0,1.0
3,230,6.072860225295459,4.675710937261289,0.0,1.0,0.0,1.0,0.0,1.0
4,230,5.242529069459832,11.279854077208126,0.0,0.0,0.0,0.0,1.0,1.0
5,230,10.736596482208252,8.019789710249404,0.0,1.0,0.0,1.0,0.0,0.0
6,230,10.471658656971396,11.00078198558247,1.0,0.0,1.0,1.0,0.0,0.0
7,230,6.838620542852341,10.916742513535722,0.0,0.0,0.0,0.0,0.0,1.0
8,230,8.279103811576249,5.650775097592328,0.0,1.0,0.0,0.0,1.0,0.0
9,230,7.347148816332088,3.23861298600172,0.0,0.0,1.0,1.0,1.0,0.0
10,230,2.360943914963567,8.137548140963299,1.0,0.0,0.0,0.0,0.0,1.0
11,230,1.80663986014252,3.1772839248926297,0.0,1.0,1.0,1.0,0.0,0.0
12,230,0.0,5.898166693013664,0.0,0.0,0.0,0.0,1.0,0.0
13,230,2.9934130492027693,2.1285546405100733,1.0,0.0,0.0,0.0,1.0,0.0
14,230,0.0,0.0,1.0,0.0,1.0,1.0,0.0,0.0
15,230,10.340722655330769,3.020755554235136,1.0,0.0,0.0,1.0,0.0,0.0
16,230,5.754437947121271,1.740256641124834,1.0,0.0,0.0,1.0,0.0,0.0
17,230,6.179914581325173,5.708399883259876,1.0,0.0,1.0,0.0,0.0,0.0
18,230,12.0,1.6092171329156764,1.0,1.0,0.0,0.0,1.0,0.0
19,230,7.591680448830838,7.937666233152271,1.0,0.0,0.0,0.0,1.0,1.0
20,230,0.0,1.779506654646135,1.0,1.0,0.0,1.0,1.0,0.0
21,230,8.982225911788962,0.1669105432731465,0.0,0.0,1.0,1.0,0.0,0.0
22,230,12.0,2.45457385693355,0.0,0.0,0.0,0.0,0.0,0.0
23,230,0.0,12.0,0.0,0.0,1.0,1.0,1.0,1.0
24,230,6.837632993505778,12.0,1.0,1.0,1.0,0.0,0.0,1.0
25,230,3.712597062826889,2.8139402071772026,0.0,1.0,1.0,0.0,1.0,1.0
26,230,6.98139962935343,7.076559041836224,0.0,1.0,1.0,0.0,0.0,1.0
27,230,4.285389417383121,0.5044152583959705,0.0,0.0,1.0,0.0,1.0,1.0
28,230,10.544302015440346,8.554737711606238,0.0,0.0,0.0,1.0,0.0,0.0
29,230,10.01476295268987,10.350440175668094,0.0,1.0,0.0,1.0,0.0,0.0
30,230,12.0,3.155736114794089,1.0,0.0,1.0,1.0,0.0,0.0
31,230,2.302750849944278,9.782510562200986,1.0,0.0,1.0,0.0,0.0,1.0
32,230,6.22191108646108,3.804740579584292,0.0,1.0,1.0,1.0,0.0,0.0
33,230,4.519462330869611,4.05010188498927,1.0,1.0,1.0,1.0,1.0,1.0
34,230,4.758628765352625,5.86656231460212,0.0,0.0,1.0,0.0,0.0,0.0
35,230,12.0,12.0,0.0,0.0,1.0,0.0,1.0,1.0
36,230,0.0,8.375636643232571,0.0,1.0,0.0,0.0,0.0,1.0
37,230,9.743637490773963,9.47650251905712,0.0,1.0,0.0,1.0,1.0,0.0
38,230,3.730900596023433,10.147958788721304,0.0,0.0,0.0,1.0,0.0,0.0
39,230,1.025590615405074,11.347444518881847,1.0,1.0,1.0,0.0,1.0,0.0
0,235,11.66370095783148,1.510792722826892,1.0,0.0,0.0,0.0,1.0,1.0
1,235,0.5141266418838966,4.588480842923757,0.0,0.0,0.0,0.0,1.0,1.0
2,235,2.259986581786164,10.946085606275096,0.0,1.0,0.0,1.0,0.0,1.0
3,235,5.957390620003737,4.688701980391416,0.0,1.0,0.0,1.0,0.0,1.0
4,235,5.31208708233972,11.354100500012915,0.0,0.0,0.0,0.0,1.0,1.0
5,235,10.90909945102401,8.069840675323965,0.0,1.0,0.0,1.0,0.0,0.0
6,235,10.454211890709509,11.01486216858855,1.0,0.0,1.0,1.0,0.0,0.0
7,235,6.860650946563315,10.938295941232653,0.0,0.0,0.0,0.0,0.0,1.0
8,235,8.179669593720188,5.651257751928912,0.0,1.0,0.0,0.0,1.0,0.0
9,235,7.36828634785609,3.2430915164259764,0.0,0.0,1.0,1.0,1.0,0.0
10,235,2.356508642464714,8.149533783295409,1.0,0.0,0.0,0.0,0.0,1.0
11,235,1.811665108022736,3.0004634836381827,0.0,1.0,1.0,1.0,0.0,0.0
12,235,0.0,5.868781063966481,0.0,0.0,0.0,0.0,1.0,0.0
13,235,2.986755627478788,2.2398349073374493,1.0,0.0,0.0,0.0,1.0,0.0
14,235,0.0,0.0,1.0,0.0,1.0,1.0,0.0,0.0
15,235,10.336213111003518,2.98334646151865,1.0,0.0,0.0,1.0,0.0,0.0
16,235,5.687236160540453,1.6771968406201083,1.0,0.0,0.0,1.0,0.0,0.0
17,235,6.179609189826147,5.758365082783176,1.0,0.0,1.0,0.0,0.0,0.0
18,235,12.0,1.7140396855150035,1.0,1.0,0.0,0.0,1.0,0.0
19,235,7.611089709732832,7.906529606596287,1.0,0.0,0.0,0.0,1.0,1.0
20,235,0.0,1.5769898203912396,1.0,1.0,0.0,1.0,1.0,0.0
21,235,8.99062885529797,0.025010482359539,0.0,0.0,1.0,1.0,0.0,0.0
22,235,12.0,2.373706564854736,0.0,0.0,0.0,0.0,0.0,0.0
23,235,0.0,12.0,0.0,0.0,1.0,1.0,1.0,1.0
24,235,6.778939010060844,12.0,1.0,1.0,1.0,0.0,0.0,1.0
25,235,3.693431753099469,2.878681825309328,0.0,1.0,1.0,0.0,1.0,1.0
26,235,6.936329655687788,7.179027939352251,0.0,1.0,1.0,0.0,0.0,1.0
27,235,4.283285292883489,0.5324586162544975,0.0,0.0,1.0,0.0,1.0,1.0
28,235,10.61393936235954,8.574806913489173,0.0,0.0,0.0,1.0,0.0,0.0
29,235,9.98052171351448,10.361788403640489,0.0,1.0,0.0,1.0,0.0,0.0
30,235,12.0,3.094939169839804,1.0,0.0,1.0,1.0,0.0,0.0
31,235,2.2545111946218066,9.672990713043305,1.0,0.0,1.0,0.0,0.0,1.0
32,235,6.079699904289895,3.9123746802302906,0.0,1.0,1.0,1.0,0.0,0.0
33,235,4.34763829818512,3.937188617898294,1.0,1.0,1.0,1.0,1.0,1.0
34,235,4.835741995998584,5.958877176141267,0.0,0.0,1.0,0.0,0.0,0.0
35,235,12.0,12.0,0.0,0.0,1.0,0.0,1.0,1.0
36,235,0.0,8.38156499224318,0.0,1.0,0.0,0.0,0.0,1.0
37,235,9.705304960547885,9.466771189719658,0.0,1.0,0.0,1.0,1.0,0.0
38,235,3.748522307529641,10.097221702154574,0.0,0.0,0.0,1.0,0.0,0.0
39,235,1.0700452533254938,11.313915134507637,1.0,1.0,1.0,0.0,1.0,0.0
0,240,11.663079240179044,1.5064738873732373,1.0,0.0,0.0,0.0,1.0,1.0
1,240,0.567610445942782,4.53042087851004,0.0,0.0,0.0,0.0,1.0,1.0
2,240,2.256654747809976,10.95768587823451,0.0,1.0,0.0,1.0,0.0,1.0
3,240,5.823846483284741,4.70401477485375,0.0,1.0,0.0,1.0,0.0,1.0
4,240,5.385473246804146,11.43029968221738,0.0,0.0,0.0,0.0,1.0,1.0
5,240,11.086532821214451,8.117628601329017,0.0,1.0,0.0,1.0,0.0,0.0
6,240,10.430021925628283,11.033612518893856,1.0,0.0,1.0,1.0,0.0,0.0
7,240,6.894044397768766,10.970109572456682,0.0,0.0,0.0,0.0,0.0,1.0
8,240,8.085096827421468,5.652079127992519,0.0,1.0,0.0,0.0,1.0,0.0
9,240,7.382610444150114,3.246192271952342,0.0,0.0,1.0,1.0,1.0,0.0
10,240,2.35793492523718,8.14565943065984,1.0,0.0,0.0,0.0,0.0,1.0
11,240,1.815927128239236,2.8135815898041936,0.0,1.0,1.0,1.0,0.0,0.0
12,240,0.0,5.845640004754701,0.0,0.0,0.0,0.0,1.0,0.0
13,240,2.9807225632481464,2.367395800877528,1.0,0.0,0.0,0.0,1.0,0.0
14,240,0.0,0.0,1.0,0.0,1.0,1.0,0.0,0.0
15,240,10.332682151278815,2.957798996268746,1.0,0.0,0.0,1.0,0.0,0.0
16,240,5.622287924005106,1.6182634549979713,1.0,0.0,0.0,1.0,0.0,0.0
17,240,6.180079341106588,5.801013884352956,1.0,0.0,1.0,0.0,0.0,0.0
18,240,12.0,1.82556948406928,1.0,1.0,0.0,0.0,1.0,0.0
19,240,7.620305942909589,7.8916724896085,1.0,0.0,0.0,0.0,1.0,1.0
20,240,0.0,1.379584212049492,1.0,1.0,0.0,1.0,1.0,0.0
21,240,8.997536782557772,0.0,0.0,0.0,1.0,1.0,0.0,0.0
22,240,12.0,2.274515775780299,0.0,0.0,0.0,0.0,0.0,0.0
23,240,0.0,12.0,0.0,0.0,1.0,1.0,1.0,1.0
24,240,6.720247541673815,12.0,1.0,1.0,1.0,0.0,0.0,1.0
25,240,3.669356867254858,2.9651229224195883,0.0,1.0,1.0,0.0,1.0,1.0
26,240,6.885398924859496,7.295966900796215,0.0,1.0,1.0,0.0,0.0,1.0
27,240,4.282078357867731,0.559519773154652,0.0,0.0,1.0,0.0,1.0,1.0
28,240,10.663957455810811,8.590382359498305,0.0,0.0,0.0,1.0,0.0,0.0
29,240,9.924087349025791,10.38268598172174,0.0,1.0,0.0,1.0,0.0,0.0
30,240,12.0,3.0322401124908134,1.0,0.0,1.0,1.0,0.0,0.0
31,240,2.2083672806853603,9.57069596378026,1.0,0.0,1.0,0.0,0.0,1.0
32,240,5.931644630493452,4.018436949680271,0.0,1.0,1.0,1.0,0.0,0.0
33,240,4.166381863939219,3.817042555705864,1.0,1.0,1.0,1.0,1.0,1.0
34,240,4.914199364702458,6.050752009565982,0.0,0.0,1.0,0.0,0.0,0.0
35,240,12.0,12.0,0.0,0.0,1.0,0.0,1.0,1.0
36,240,0.0,8.389476263109902,0.0,1.0,0.0,0.0,0.0,1.0
37,240,9.687646577375924,9.462833606671891,0.0,1.0,0.0,1.0,1.0,0.0
38,240,3.770346122986808,10.032531324596578,0.0,0.0,0.0,1.0,0.0,0.0
39,240,1.1130901100385702,11.281905165924249,1.0,1.0,1.0,0.0,1.0,0.0
0,245,11.662737974984108,1.5042825465394245,1.0,0.0,0.0,0.0,1.0,1.0
1,245,0.6165009452094798,4.478371780493866,0.0,0.0,0.0,0.0,1.0,1.0
2,245,2.254475837592536,10.96482542030589,0.0,1.0,0.0,1.0,0.0,1.0
3,245,5.704824886556761,4.712798644017766,0.0,1.0,0.0,1.0,0.0,1.0
4,245,5.440838547813347,11.488453026430784,0.0,0.0,0.0,0.0,1.0,1.0
5,245,11.274536716476277,8.171343985580618,0.0,1.0,0.0,1.0,0.0,0.0
6,245,10.418913321733896,11.042691813092931,1.0,0.0,1.0,1.0,0.0,0.0
7,245,6.922461180793664,10.996995313010842,0.0,0.0,0.0,0.0,0.0,1.0
8,245,7.986189143769738,5.651419263716565,0.0,1.0,0.0,0.0,1.0,0.0
9,245,7.386764520817483,3.247070414557048,0.0,0.0,1.0,1.0,1.0,0.0
10,245,2.362988763568256,8.131162918048389,1.0,0.0,0.0,0.0,0.0,1.0
11,245,1.8231130232856383,2.647404782309456,0.0,1.0,1.0,1.0,0.0,0.0
12,245,0.0,5.825774800493582,0.0,0.0,0.0,0.0,1.0,0.0
13,245,2.9735819294088266,2.494232109779568,1.0,0.0,0.0,0.0,1.0,0.0
14,245,0.0,0.0,1.0,0.0,1.0,1.0,0.0,0.0
15,245,10.329780875540257,2.934719216833671,1.0,0.0,0.0,1.0,0.0,0.0
16,245,5.563344150280727,1.563741178100791,1.0,0.0,0.0,1.0,0.0,0.0
17,245,6.180986381943866,5.834944153023365,1.0,0.0,1.0,0.0,0.0,0.0
18,245,12.0,1.934684637917143,1.0,1.0,0.0,0.0,1.0,0.0
19,245,7.636397050001159,7.864515862971754,1.0,0.0,0.0,0.0,1.0,1.0
20,245,0.0,1.1793217977376074,1.0,1.0,0.0,1.0,1.0,0.0
21,245,9.003076910445575,0.0,0.0,0.0,1.0,1.0,0.0,0.0
22,245,12.0,2.1688318968995954,0.0,0.0,0.0,0.0,0.0,0.0
23,245,0.0,12.0,0.0,0.0,1.0,1.0,1.0,1.0
24,245,6.655088380876224,12.0,1.0,1.0,1.0,0.0,0.0,1.0
25,245,3.652290179869432,3.0246243338729832,0.0,1.0,1.0,0.0,1.0,1.0
26,245,6.832192160210725,7.418039579705607,0.0,1.0,1.0,0.0,0.0,1.0
27,245,4.281929903751262,0.5663787448152935,0.0,0.0,1.0,0.0,1.0,1.0
28,245,10.7053617886366,8.603335578504684,0.0,0.0,0.0,1.0,0.0,0.0
29,245,9.873463595926632,10.400633488291604,0.0,1.0,0.0,1.0,0.0,0.0
30,245,12.0,2.9624080326230184,1.0,0.0,1.0,1.0,0.0,0.0
31,245,2.1702224655713493,9.485379972390373,1.0,0.0,1.0,0.0,0.0,1.0
32,245,5.77830626015634,4.128823154907751,0.0,1.0,1.0,1.0,0.0,0.0
33,245,3.983013052702237,3.702655410604171,1.0,1.0,1.0,1.0,1.0,1.0
34,245,5.003217777622009,6.153918823125653,0.0,0.0,1.0,0.0,0.0,0.0
35,245,11.993715999263626,11.993988918316234,0.0,0.0,1.0,0.0,1.0,1.0
36,245,0.0,8.396043862094192,0.0,1.0,0.0,0.0,0.0,1.0
37,245,9.670788186486982,9.459034839174327,0.0,1.0,0.0,1.0,1.0,0.0
38,245,3.7898656310237904,9.9706232842658,0.0,0.0,0.0,1.0,0.0,0.0
39,245,1.15924864526288,11.2475723682941,1.0,1.0,1.0,0.0,1.0,0.0
0,250,11.662218037035384,1.501025809620826,1.0,0.0,0.0,0.0,1.0,1.0
1,250,0.6643944508462045,4.428827046039942,0.0,0.0,0.0,0.0,1.0,1.0
2,250,2.2543340308877124,10.965338980932495,0.0,1.0,0.0,1.0,0.0,1.0
3,250,5.694065342268285,4.571281227152587,0.0,1.0,0.0,1.0,0.0,1.0
4,250,5.468893388858515,11.51719241003464,0.0,0.0,0.0,0.0,1.0,1.0
5,250,11.463807144844266,8.223741392302681,0.0,1.0,0.0,1.0,0.0,0.0
6,250,10.40128785516373,11.057427569061344,1.0,0.0,1.0,1.0,0.0,0.0
7,250,6.955494189340782,11.027855168689635,0.0,0.0,0.0,0.0,0.0,1.0
8,250,7.905682759582139,5.650313558210111,0.0,1.0,0.0,0.0,1.0,0.0
9,250,7.383035276871539,3.2463175707434377,0.0,0.0,1.0,1.0,1.0,0.0
10,250,2.3618475401995496,8.134569356308374,1.0,0.0,0.0,0.0,0.0,1.0
11,250,1.8286819411353,2.4714857834294417,0.0,1.0,1.0,1.0,0.0,0.0
12,250,0.0,5.800758105978978,0.0,0.0,0.0,0.0,1.0,0.0
13,250,2.96438109218596,2.6091675805847445,1.0,0.0,0.0,0.0,1.0,0.0
14,250,0.0,0.0,1.0,0.0,1.0,1.0,0.0,0.0
15,250,10.325651919597975,2.892355580234706,1.0,0.0,0.0,1.0,0.0,0.0
16,250,5.517927601328568,1.5215870895550785,1.0,0.0,0.0,1.0,0.0,0.0
17,250,6.181513099224981,5.863220051194109,1.0,0.0,1.0,0.0,0.0,0.0
18,250,12.0,2.01406829601402,1.0,1.0,0.0,0.0,1.0,0.0
19,250,7.649656261629206,7.840497848063611,1.0,0.0,0.0,0.0,1.0,1.0
20,250,0.0,0.9763185412407934,1.0,1.0,0.0,1.0,1.0,0.0
21,250,9.011603240098742,0.0,0.0,0.0,1.0,1.0,0.0,0.0
22,250,12.0,2.068861026784818,0.0,0.0,0.0,0.0,0.0,0.0
23,250,0.0,12.0,0.0,0.0,1.0,1.0,1.0,1.0
24,250,6.576689119034587,12.0,1.0,1.0,1.0,0.0,0.0,1.0
25,250,3.634850754644906,3.0880552515895388,0.0,1.0,1.0,0.0,1.0,1.0
26,250,6.780785137666735,7.535440591107778,0.0,1.0,1.0,0.0,0.0,1.0
27,250,4.281856026746902,0.5898845323960158,0.0,0.0,1.0,0.0,1.0,1.0
28,250,10.756463020046713,8.61926207316477,0.0,0.0,0.0,1.0,0.0,0.0
29,250,9.831056619598955,10.415436323234768,0.0,1.0,0.0,1.0,0.0,0.0
30,250,12.0,2.896333991073863,1.0,0.0,1.0,1.0,0.0,0.0
31,250,2.135396697500924,9.40407033618694,1.0,0.0,1.0,0.0,0.0,1.0
32,250,5.6282292033505295,4.231396394189002,0.0,1.0,1.0,1.0,0.0,0.0
33,250,3.797239313426573,3.5909555121215884,1.0,1.0,1.0,1.0,1.0,1.0
34,250,5.100681378472597,6.266591391553112,0.0,0.0,1.0,0.0,0.0,0.0
35,250,11.9858121919247,11.986706513473225,0.0,0.0,1.0,0.0,1.0,1.0
36,250,0.0,8.402822814274531,0.0,1.0,0.0,0.0,0.0,1.0
37,250,9.649469493090583,9.45365226658935,0.0,1.0,0.0,1.0,1.0,0.0
38,250,3.81185220393136,9.895926808323306,0.0,0.0,0.0,1.0,0.0,0.0
39,250,1.1904179090730522,11.223897541823254,1.0,1.0,1.0,0.0,1.0,0.0
0,255,11.661527136994732,1.496624040977239,1.0,0.0,0.0,0.0,1.0,1.0
1,255,0.7149541693955981,4.374302910870553,0.0,0.0,0.0,0.0,1.0,1.0
2,255,2.250110846701397,10.97881710538011,0.0,1.0,0.0,1.0,0.0,1.0
3,255,5.684598945360956,4.4263854275845365,0.0,1.0,0.0,1.0,0.0,1.0
4,255,5.508316672907927,11.55863911767591,0.0,0.0,0.0,0.0,1.0,1.0
5,255,11.519509688161254,8.019451076795738,0.0,1.0,0.0,1.0,0.0,0.0
6,255,10.386841725556932,11.069604593110936,1.0,0.0,1.0,1.0,0.0,0.0
7,255,6.986500778056794,11.0568887726322,0.0,0.0,0.0,0.0,0.0,1.0
8,255,7.8320824728008,5.64801120194749,0.0,1.0,0.0,0.0,1.0,0.0
9,255,7.365416047196016,3.2425196996187027,0.0,0.0,1.0,1.0,1.0,0.0
10,255,2.357777976783134,8.145929489902088,1.0,0.0,0.0,0.0,0.0,1.0
11,255,1.83149587434792,2.2921828352502667,0.0,1.0,1.0,1.0,0.0,0.0
12,255,0.0,5.773021910400913,0.0,0.0,0.0,0.0,1.0,0.0
13,255,2.9543436939834224,2.7388764402494497,1.0,0.0,0.0,0.0,1.0,0.0
14,255,0.0,0.0,1.0,0.0,1.0,1.0,0.0,0.0
15,255,10.320238669177456,2.837824086133559,1.0,0.0,0.0,1.0,0.0,0.0
16,255,5.477893015663588,1.485337370403974,1.0,0.0,0.0,1.0,0.0,0.0
17,255,6.181271775830291,5.894108011395789,1.0,0.0,1.0,0.0,0.0,0.0
18,255,12.0,2.0950283602312854,1.0,1.0,0.0,0.0,1.0,0.0
19,255,7.654919040824706,7.830699904367643,1.0,0.0,0.0,0.0,1.0,1.0
20,255,0.0,0.7744110331136171,1.0,1.0,0.0,1.0,1.0,0.0
21,255,9.019915852953336,0.0,0.0,0.0,1.0,1.0,0.0,0.0
22,255,12.0,1.9589170428003817,0.0,0.0,0.0,0.0,0.0,0.0
23,255,0.0,12.0,0.0,0.0,1.0,1.0,1.0,1.0
24,255,6.5072913795601135,12.0,1.0,1.0,1.0,0.0,0.0,1.0
25,255,3.6181059660274433,3.153703835977009,0.0,1.0,1.0,0.0,1.0,1.0
26,255,6.728477174460719,7.652275171192547,0.0,1.0,1.0,0.0,0.0,1.0
27,255,4.281721742764205,0.5996290296565535,0.0,0.0,1.0,0.0,1.0,1.0
28,255,10.841103808968276,8.647036199230975,0.0,0.0,0.0,1.0,0.0,0.0
29,255,9.78609586070051,10.431571390895048,0.0,1.0,0.0,1.0,0.0,0.0
30,255,12.0,2.8256069124658625,1.0,0.0,1.0,1.0,0.0,0.0
31,255,2.1012216382117086,9.318468234206868,1.0,0.0,1.0,0.0,0.0,1.0
32,255,5.480332867376175,4.327734139124554,0.0,1.0,1.0,1.0,0.0,0.0
33,255,3.599649497707891,3.4784808991638694,1.0,1.0,1.0,1.0,1.0,1.0
34,255,5.1916995807252215,6.36720512800293,0.0,0.0,1.0,0.0,0.0,0.0
35,255,11.970701701559465,11.974084145864314,0.0,0.0,1.0,0.0,1.0,1.0
36,255,0.0,8.408633256341973,0.0,1.0,0.0,0.0,0.0,1.0
37,255,9.641622027237249,9.451668511141794,0.0,1.0,0.0,1.0,1.0,0.0
38,255,3.832170609752834,9.829350597264504,0.0,0.0,0.0,1.0,0.0,0.0
39,255,1.2222660827177814,11.200076994138842,1.0,1.0,1.0,0.0,1.0,0.0
0,260,11.661944432096425,1.4995449403017411,1.0,0.0,0.0,0.0,1.0,1.0
1,260,0.7735557648035256,4.314540185888325,0.0,0.0,0.0,0.0,1.0,1.0
2,260,2.2453872138436086,10.994133805234668,0.0,1.0,0.0,1.0,0.0,1.0
3,260,5.67358134789667,4.264466526345357,0.0,1.0,0.0,1.0,0.0,1.0
4,260,5.541501050789292,11.594348851171292,0.0,0.0,0.0,0.0,1.0,1.0
5,260,11.568631017750397,7.828168556535708,0.0,1.0,0.0,1.0,0.0,0.0
6,260,10.354620552714312,11.096921988292442,1.0,0.0,1.0,1.0,0.0,0.0
7,260,7.012201348144802,11.081588302039291,0.0,0.0,0.0,0.0,0.0,1.0
8,260,7.747569715444773,5.643922102914844,0.0,1.0,0.0,0.0,1.0,0.0
9,260,7.350841858965481,3.2394506483653083,0.0,0.0,1.0,1.0,1.0,0.0
10,260,2.3522828094142745,8.160176766868043,1.0,0.0,0.0,0.0,0.0,1.0
11,260,1.831458941825248,2.113522343142525,0.0,1.0,1.0,1.0,0.0,0.0
12,260,0.0,5.748592403329215,0.0,0.0,0.0,0.0,1.0,0.0
13,260,2.941098299021301,2.8695571574643584,1.0,0.0,0.0,0.0,1.0,0.0
14,260,0.0,0.0,1.0,0.0,1.0,1.0,0.0,0.0
15,260,10.317334385823395,2.8065223767527976,1.0,0.0,0.0,1.0,0.0,0.0
16,260,5.456462180776874,1.465286490373715,1.0,0.0,0.0,1.0,0.0,0.0
17,260,6.181426519537323,5.880616918097351,1.0,0.0,1.0,0.0,0.0,0.0
18,260,12.0,2.1419065299722253,1.0,1.0,0.0,0.0,1.0,0.0
19,260,7.666183889323857,7.808367777541889,1.0,0.0,0.0,0.0,1.0,1.0
20,260,0.0,0.5854222400508633,1.0,1.0,0.0,1.0,1.0,0.0
21,260,9.020713143278178,0.0,0.0,0.0,1.0,1.0,0.0,0.0
22,260,12.0,1.8578767367026,0.0,0.0,0.0,0.0,0.0,0.0
23,260,0.0,12.0,0.0,0.0,1.0,1.0,1.0,1.0
24,260,6.421771869406372,12.0,1.0,1.0,1.0,0.0,0.0,1.0
25,260,3.598805898784969,3.2342098295492123,0.0,1.0,1.0,0.0,1.0,1.0
26,260,6.672593865713804,7.775148003566714,0.0,1.0,1.0,0.0,0.0,1.0
27,260,4.281360518588622,0.6094837575074828,0.0,0.0,1.0,0.0,1.0,1.0
28,260,10.940841290956646,8.680555100145627,0.0,0.0,0.0,1.0,0.0,0.0
29,260,9.74273821349605,10.44708696531665,0.0,1.0,0.0,1.0,0.0,0.0
30,260,12.0,2.9421972956923232,1.0,0.0,1.0,1.0,0.0,0.0
31,260,2.06469745775943,9.233753542529326,1.0,0.0,1.0,0.0,0.0,1.0
32,260,5.3444200646693725,4.418668280750053,0.0,1.0,1.0,1.0,0.0,0.0
33,260,3.409095553189009,3.3740782712622392,1.0,1.0,1.0,1.0,1.0,1.0
34,260,5.291551553914258,6.475584629263157,0.0,0.0,1.0,0.0,0.0,0.0
35,260,11.96609003800834,11.970049143010185,0.0,0.0,1.0,0.0,1.0,1.0
36,260,0.0,8.414167837837216,0.0,1.0,0.0,0.0,0.0,1.0
37,260,9.640652831403433,9.45146754119522,0.0,1.0,0.0,1.0,1.0,0.0
38,260,3.859693547179858,9.738432716968108,0.0,0.0,0.0,1.0,0.0,0.0
39,260,1.2617089848859335,11.170296535599746,1.0,1.0,1.0,0.0,1.0,0.0
0,265,11.658967168100144,1.4841121103277763,1.0,0.0,0.0,0.0,1.0,1.0
1,265,0.8440591579708401,4.242947725469168,0.0,0.0,0.0,0.0,1.0,1.0
2,265,2.247535943859317,10.986748677255097,0.0,1.0,0.0,1.0,0.0,1.0
3,265,5.6659096238472735,4.080887199019274,0.0,1.0,0.0,1.0,0.0,1.0
4,265,5.57493452928747,11.630667804218067,0.0,0.0,0.0,0.0,1.0,1.0
5,265,11.611970028207718,7.656592378659364,0.0,1.0,0.0,1.0,0.0,0.0
6,265,10.334238342860791,11.113805037159818,1.0,0.0,1.0,1.0,0.0,0.0
7,265,7.026754348843568,11.095559539267771,0.0,0.0,0.0,0.0,0.0,1.0
8,265,7.649021593816069,5.637950127376811,0.0,1.0,0.0,0.0,1.0,0.0
9,265,7.366671251714837,3.2429623658249924,0.0,0.0,1.0,1.0,1.0,0.0
10,265,2.3516774677222045,8.161648986078717,1.0,0.0,0.0,0.0,0.0,1.0
11,265,1.8299022117352457,1.956677349222625,0.0,1.0,1.0,1.0,0.0,0.0
12,265,0.0,5.716778330371257,0.0,0.0,0.0,0.0,1.0,0.0
13,265,2.929723998313681,2.987625863723437,1.0,0.0,0.0,0.0,1.0,0.0
14,265,0.0,0.0,1.0,0.0,1.0,1.0,0.0,0.0
15,265,10.316556770142885,2.798110467902307,1.0,0.0,0.0,1.0,0.0,0.0
16,265,5.441819366549849,1.4517046713293438,1.0,0.0,0.0,1.0,0.0,0.0
17,265,6.180871445452558,5.85336137117486,1.0,0.0,1.0,0.0,0.0,0.0
18,265,12.0,2.1936096290933134,1.0,1.0,0.0,0.0,1.0,0.0
19,265,7.675119656323253,7.790952409050888,1.0,0.0,0.0,0.0,1.0,1.0
20,265,0.0,0.3999055948589337,1.0,1.0,0.0,1.0,1.0,0.0
21,265,9.024025309158732,0.0,0.0,0.0,1.0,1.0,0.0,0.0
22,265,12.0,1.7652584951167132,0.0,0.0,0.0,0.0,0.0,0.0
23,265,0.0,12.0,0.0,0.0,1.0,1.0,1.0,1.0
24,265,6.348463679078176,12.0,1.0,1.0,1.0,0.0,0.0,1.0
25,265,3.584299962708935,3.3004690895855693,0.0,1.0,1.0,0.0,1.0,1.0
26,265,6.609428879820333,7.912189353635775,0.0,1.0,1.0,0.0,0.0,1.0
27,265,4.281694482513961,0.6006275476139813,0.0,0.0,1.0,0.0,1.0,1.0
28,265,11.04070878664814,8.709519370043065,0.0,0.0,0.0,1.0,0.0,0.0
29,265,9.716140045325238,10.45681655685676,0.0,1.0,0.0,1.0,0.0,0.0
30,265,12.0,3.050277345030741,1.0,0.0,1.0,1.0,0.0,0.0
31,265,2.0415312898436864,9.178866472595352,1.0,0.0,1.0,0.0,0.0,1.0
32,265,5.208152175316405,4.508957396945213,0.0,1.0,1.0,1.0,0.0,0.0
33,265,3.2235830377597057,3.270001263902878,1.0,1.0,1.0,1.0,1.0,1.0
34,265,5.391834699074142,6.580881436443072,0.0,0.0,1.0,0.0,0.0,0.0
35,265,11.972281657047008,11.975679314318793,0.0,0.0,1.0,0.0,1.0,1.0
36,265,0.0,8.419731399753083,0.0,1.0,0.0,0.0,0.0,1.0
37,265,9.64522295374045,9.452455390180972,0.0,1.0,0.0,1.0,1.0,0.0
38,265,3.879927301894041,9.664752879692475,0.0,0.0,0.0,1.0,0.0,0.0
39,265,1.2968917930174797,11.14475645825791,1.0,1.0,1.0,0.0,1.0,0.0
0,270,11.655745089022869,1.466310765547701,1.0,0.0,0.0,0.0,1.0,1.0
1,270,0.9216737068306968,4.168212047145858,0.0,0.0,0.0,0.0,1.0,1.0
2,270,2.2459146379989154,10.991894071442236,0.0,1.0,0.0,1.0,0.0,1.0
3,270,5.659145186047023,3.9117741499712926,0.0,1.0,0.0,1.0,0.0,1.0
4,270,5.593198381226354,11.650062947884395,0.0,0.0,0.0,0.0,1.0,1.0
5,270,11.658309377967138,7.45751684816347,0.0,1.0,0.0,1.0,0.0,0.0
6,270,10.32696325080652,11.119754168368903,1.0,0.0,1.0,1.0,0.0,0.0
7,270,7.043446792129425,11.111977980517366,0.0,0.0,0.0,0.0,0.0,1.0
8,270,7.546063080448769,5.632554719752999,0.0,1.0,0.0,0.0,1.0,0.0
9,270,7.391911459685155,3.249149410959148,0.0,0.0,1.0,1.0,1.0,0.0
10,270,2.3614336955089725,8.139230732492011,1.0,0.0,0.0,0.0,0.0,1.0
11,270,1.825786408299739,1.8216046863334896,0.0,1.0,1.0,1.0,0.0,0.0
12,270,0.0,5.681883367963945,0.0,0.0,0.0,0.0,1.0,0.0
13,270,2.917672796049748,3.107694731082683,1.0,0.0,0.0,0.0,1.0,0.0
14,270,0.0,0.0,1.0,0.0,1.0,1.0,0.0,0.0
15,270,10.31588011561935,2.7921970260275573,1.0,0.0,0.0,1.0,0.0,0.0
16,270,5.419802051778178,1.4297358577951582,1.0,0.0,0.0,1.0,0.0,0.0
17,270,6.180854324140793,5.853102196151602,1.0,0.0,1.0,0.0,0.0,0.0
18,270,12.0,2.2624997812759644,1.0,1.0,0.0,0.0,1.0,0.0
19,270,7.690821589220826,7.759064335118266,1.0,0.0,0.0,0.0,1.0,1.0
20,270,0.0,0.2280337033701911,1.0,1.0,0.0,1.0,1.0,0.0
21,270,9.025994926160172,0.0,0.0,0.0,1.0,1.0,0.0,0.0
22,270,12.0,1.6705739306059426,0.0,0.0,0.0,0.0,0.0,0.0
23,270,0.0,12.0,0.0,0.0,1.0,1.0,1.0,1.0
24,270,6.2637546590721005,12.0,1.0,1.0,1.0,0.0,0.0,1.0
25,270,3.5672899643163585,3.374280439748609,0.0,1.0,1.0,0.0,1.0,1.0
26,270,6.553004715586337,8.044318430238848,0.0,1.0,1.0,0.0,0.0,1.0
27,270,4.281548925161294,0.605550394019174,0.0,0.0,1.0,0.0,1.0,1.0
28,270,11.128430340814829,8.736069296460874,0.0,0.0,0.0,1.0,0.0,0.0
29,270,9.67747405260709,10.470973999245317,0.0,1.0,0.0,1.0,0.0,0.0
30,270,12.0,3.1565412547408744,1.0,0.0,1.0,1.0,0.0,0.0
31,270,2.0242671245171837,9.13352109721451,1.0,0.0,1.0,0.0,0.0,1.0
32,270,5.074564245902431,4.601558179802859,0.0,1.0,1.0,1.0,0.0,0.0
33,270,3.046669048839287,3.167964936502857,1.0,1.0,1.0,1.0,1.0,1.0
34,270,5.488891103511133,6.68314654831273,0.0,0.0,1.0,0.0,0.0,0.0
35,270,11.983909479978664,11.986361839217857,0.0,0.0,1.0,0.0,1.0,1.0
36,270,0.0,8.424845817246387,0.0,1.0,0.0,0.0,0.0,1.0
37,270,9.634048080251564,9.450031839637305,0.0,1.0,0.0,1.0,1.0,0.0
38,270,3.8991716928457136,9.59411260339288,0.0,0.0,0.0,1.0,0.0,0.0
39,270,1.3427455407647029,11.11087578865668,1.0,1.0,1.0,0.0,1.0,0.0
0,275,11.653166093343629,1.4535074938271912,1.0,0.0,0.0,0.0,1.0,1.0
1,275,0.9934560550784278,4.0938258303617046,0.0,0.0,0.0,0.0,1.0,1.0
2,275,2.2476071603837653,10.986769703677991,0.0,1.0,0.0,1.0,0.0,1.0
3,275,5.65713256166387,3.715344353734816,0.0,1.0,0.0,1.0,0.0,1.0
4,275,5.619511356642608,11.678854865847606,0.0,0.0,0.0,0.0,1.0,1.0
5,275,11.694102362499796,7.2766819410185,0.0,1.0,0.0,1.0,0.0,0.0
6,275,10.333419357041532,11.114396895033368,1.0,0.0,1.0,1.0,0.0,0.0
7,275,7.062652973564503,11.131335165989174,0.0,0.0,0.0,0.0,0.0,1.0
8,275,7.441125487505116,5.624831201160435,0.0,1.0,0.0,0.0,1.0,0.0
9,275,7.4036222585323666,3.2521200272036377,0.0,0.0,1.0,1.0,1.0,0.0
10,275,2.3779335463937787,8.100132974758157,1.0,0.0,0.0,0.0,0.0,1.0
11,275,1.820063107600385,1.69005101917176,0.0,1.0,1.0,1.0,0.0,0.0
12,275,0.0,5.653117480191133,0.0,0.0,0.0,0.0,1.0,0.0
13,275,2.9106102924148387,3.2052160573524144,1.0,0.0,0.0,0.0,1.0,0.0
14,275,0.0,0.0,1.0,0.0,1.0,1.0,0.0,0.0
15,275,10.315204373156382,2.786853038973754,1.0,0.0,0.0,1.0,0.0,0.0
16,275,5.401841878707447,1.4110650202856712,1.0,0.0,0.0,1.0,0.0,0.0
17,275,6.179686989290461,5.821381066757142,1.0,0.0,1.0,0.0,0.0,0.0
18,275,12.0,2.3220671083037177,1.0,1.0,0.0,0.0,1.0,0.0
19,275,7.700831297948485,7.738107410788797,1.0,0.0,0.0,0.0,1.0,1.0
20,275,0.0,0.0824663485813089,1.0,1.0,0.0,1.0,1.0,0.0
21,275,9.025475189644764,0.0,0.0,0.0,1.0,1.0,0.0,0.0
22,275,12.0,1.5864770044719898,0.0,0.0,0.0,0.0,0.0,0.0
23,275,0.0,12.0,0.0,0.0,1.0,1.0,1.0,1.0
24,275,6.154047737595302,12.0,1.0,1.0,1.0,0.0,0.0,1.0
25,275,3.54850457583094,3.459773971183881,0.0,1.0,1.0,0.0,1.0,1.0
26,275,6.488735866127746,8.186572455024622,0.0,1.0,1.0,0.0,0.0,1.0
27,275,4.281141096742402,0.6174987839204168,0.0,0.0,1.0,0.0,1.0,1.0
28,275,11.211013316521331,8.760334296262048,0.0,0.0,0.0,1.0,0.0,0.0
29,275,9.682911440481424,10.485206342738,0.0,1.0,0.0,1.0,0.0,0.0
30,275,12.0,3.262353913933733,1.0,0.0,1.0,1.0,0.0,0.0
31,275,2.021535049677384,9.126550313825856,1.0,0.0,1.0,0.0,0.0,1.0
32,275,4.943196359835989,4.69113203204692,0.0,1.0,1.0,1.0,0.0,0.0
33,275,2.858040501699862,3.0629410711814424,1.0,1.0,1.0,1.0,1.0,1.0
34,275,5.384238860514789,6.782831013339339,0.0,0.0,1.0,0.0,0.0,0.0
35,275,12.0,12.0,0.0,0.0,1.0,0.0,1.0,1.0
36,275,0.0,8.42948828632195,0.0,1.0,0.0,0.0,0.0,1.0
37,275,9.610954332438332,9.444662587947075,0.0,1.0,0.0,1.0,1.0,0.0
38,275,3.914024978343377,9.536810043875745,0.0,0.0,0.0,1.0,0.0,0.0
39,275,1.399048722703296,11.067224009753302,1.0,1.0,1.0,0.0,1.0,0.0
0,280,11.650758438508388,1.4418667740636717,1.0,0.0,0.0,0.0,1.0,1.0
1,280,1.0619340187865476,4.022989072983144,0.0,0.0,0.0,0.0,1.0,1.0
2,280,2.252433906410231,10.972676764899134,0.0,1.0,0.0,1.0,0.0,1.0
3,280,5.654344559911472,3.5294722604799307,0.0,1.0,0.0,1.0,0.0,1.0
4,280,5.649645885503558,11.71256136877258,0.0,0.0,0.0,0.0,1.0,1.0
5,280,11.734909244326102,7.096135768485576,0.0,1.0,0.0,1.0,0.0,0.0
6,280,10.338527923699663,11.11053001597663,1.0,0.0,1.0,1.0,0.0,0.0
7,280,7.082423278280891,11.152076510990897,0.0,0.0,0.0,0.0,0.0,1.0
8,280,7.321925789746349,5.616209977671188,0.0,1.0,0.0,0.0,1.0,0.0
9,280,7.453934788630433,3.2645092890019014,0.0,0.0,1.0,1.0,1.0,0.0
10,280,2.390392563382397,8.071922385137919,1.0,0.0,0.0,0.0,0.0,1.0
11,280,1.8130239192807327,1.550502163052207,0.0,1.0,1.0,1.0,0.0,0.0
12,280,0.0,5.6201952390016325,0.0,0.0,0.0,0.0,1.0,0.0
13,280,2.902857360284427,3.3075483048946426,1.0,0.0,0.0,0.0,1.0,0.0
14,280,0.0,0.0,1.0,0.0,1.0,1.0,0.0,0.0
15,280,10.314699689968934,2.7820076644849574,1.0,0.0,0.0,1.0,0.0,0.0
16,280,5.371200981411331,1.380693107276552,1.0,0.0,0.0,1.0,0.0,0.0
17,280,6.1793652074667,5.813641288170363,1.0,0.0,1.0,0.0,0.0,0.0
18,280,12.0,2.379482020373888,1.0,1.0,0.0,0.0,1.0,0.0
19,280,7.704803688013524,7.729379610695054,1.0,0.0,0.0,0.0,1.0,1.0
20,280,0.0,0.0,1.0,1.0,0.0,1.0,1.0,0.0
21,280,9.025534740993162,0.0,0.0,0.0,1.0,1.0,0.0,0.0
22,280,12.0,1.4941561048276053,0.0,0.0,0.0,0.0,0.0,0.0
23,280,0.0,12.0,0.0,0.0,1.0,1.0,1.0,1.0
24,280,6.028169697437483,12.0,1.0,1.0,1.0,0.0,0.0,1.0
25,280,3.527954574825172,3.558317307068051,0.0,1.0,1.0,0.0,1.0,1.0
26,280,6.420456901828382,8.333596726817076,0.0,1.0,1.0,0.0,0.0,1.0
27,280,4.279024458674873,0.6546568193834164,0.0,0.0,1.0,0.0,1.0,1.0
28,280,11.312068198425605,8.79255127321905,0.0,0.0,0.0,1.0,0.0,0.0
29,280,9.689235119885524,10.503333115178805,0.0,1.0,0.0,1.0,0.0,0.0
30,280,12.0,3.349982721510813,1.0,0.0,1.0,1.0,0.0,0.0
31,280,2.0168471483143104,9.114059763059304,1.0,0.0,1.0,0.0,0.0,1.0
32,280,4.837236283960163,4.762075003389778,0.0,1.0,1.0,1.0,0.0,0.0
33,280,2.6632480891783032,2.956057824481584,1.0,1.0,1.0,1.0,1.0,1.0
34,280,5.260801427104515,6.898619115203768,0.0,0.0,1.0,0.0,0.0,0.0
35,280,12.0,12.0,0.0,0.0,1.0,0.0,1.0,1.0
36,280,0.0,8.43339935666915,0.0,1.0,0.0,0.0,0.0,1.0
37,280,9.591578242852322,9.440405928378446,0.0,1.0,0.0,1.0,1.0,0.0
38,280,3.934132494735165,9.466879684651808,0.0,0.0,0.0,1.0,0.0,0.0
39,280,1.4623261183678888,11.01755990075988,1.0,1.0,1.0,0.0,1.0,0.0
0,285,11.651894695953272,1.44790636791754,1.0,0.0,0.0,0.0,1.0,1.0
1,285,1.1294881966220962,3.956289927445917,0.0,0.0,0.0,0.0,1.0,1.0
2,285,2.260172532158218,10.95019868164429,0.0,1.0,0.0,1.0,0.0,1.0
3,285,5.654864931129425,3.325023107279848,0.0,1.0,0.0,1.0,0.0,1.0
4,285,5.6692951681588415,11.735257591690182,0.0,0.0,0.0,0.0,1.0,1.0
5,285,11.773167864597124,6.916321169393011,0.0,1.0,0.0,1.0,0.0,0.0
6,285,10.356821951279278,11.0966872260262,1.0,0.0,1.0,1.0,0.0,0.0
7,285,7.104225725883924,11.174622384482662,0.0,0.0,0.0,0.0,0.0,1.0
8,285,7.216064422404344,5.60823824297757,0.0,1.0,0.0,0.0,1.0,0.0
9,285,7.506207689625764,3.2765057672035005,0.0,0.0,1.0,1.0,1.0,0.0
10,285,2.402842187452867,8.04450028518865,1.0,0.0,0.0,0.0,0.0,1.0
11,285,1.8076785829092483,1.4197794456192891,0.0,1.0,1.0,1.0,0.0,0.0
12,285,0.0,5.577073249655698,0.0,0.0,0.0,0.0,1.0,0.0
13,285,2.8932581288633066,3.4259208888594777,1.0,0.0,0.0,0.0,1.0,0.0
14,285,0.0,0.0,1.0,0.0,1.0,1.0,0.0,0.0
15,285,10.31321611572544,2.765039944908606,1.0,0.0,0.0,1.0,0.0,0.0
16,285,5.36322923386296,1.3723696166519537,1.0,0.0,0.0,1.0,0.0,0.0
17,285,6.178598444219209,5.792814709506415,1.0,0.0,1.0,0.0,0.0,0.0
18,285,12.0,2.4463559325417026,1.0,1.0,0.0,0.0,1.0,0.0
19,285,7.719892393870231,7.696727705492814,1.0,0.0,0.0,0.0,1.0,1.0
20,285,0.0,0.0,1.0,1.0,0.0,1.0,1.0,0.0
21,285,9.021183919316073,0.0,0.0,0.0,1.0,1.0,0.0,0.0
22,285,12.0,1.3910267077716243,0.0,0.0,0.0,0.0,0.0,0.0
23,285,0.0,12.0,0.0,0.0,1.0,1.0,1.0,1.0
24,285,5.890019315868504,12.0,1.0,1.0,1.0,0.0,0.0,1.0
25,285,3.5071111727524165,3.651163230000609,0.0,1.0,1.0,0.0,1.0,1.0
26,285,6.361341809815824,8.468618725262989,0.0,1.0,1.0,0.0,0.0,1.0
27,285,4.275946556025053,0.7051464554138576,0.0,0.0,1.0,0.0,1.0,1.0
28,285,11.399371625782084,8.821368597638367,0.0,0.0,0.0,1.0,0.0,0.0
29,285,9.69164208707596,10.51001827431108,0.0,1.0,0.0,1.0,0.0,0.0
30,285,12.0,3.4267881101332907,1.0,0.0,1.0,1.0,0.0,0.0
31,285,2.0161938076301453,9.112317625594631,1.0,0.0,1.0,0.0,0.0,1.0
32,285,4.729790901414128,4.832554512390337,0.0,1.0,1.0,1.0,0.0,0.0
33,285,2.488175568340344,2.852979267624562,1.0,1.0,1.0,1.0,1.0,1.0
34,285,5.134833117143568,7.019279940144149,0.0,0.0,1.0,0.0,0.0,0.0
35,285,12.0,12.0,0.0,0.0,1.0,0.0,1.0,1.0
36,285,0.0,8.436595021212272,0.0,1.0,0.0,0.0,0.0,1.0
37,285,9.603343626644827,9.443179659284242,0.0,1.0,0.0,1.0,1.0,0.0
38,285,3.953276611714182,9.407053390780062,0.0,0.0,0.0,1.0,0.0,0.0
39,285,1.5360364353392888,10.95975715586621,1.0,1.0,1.0,0.0,1.0,0.0
0,290,11.659368140325066,1.488891625710461,1.0,0.0,0.0,0.0,1.0,1.0
1,290,1.2094730593439402,3.8756384118873823,0.0,0.0,0.0,0.0,1.0,1.0
2,290,2.271391961850853,10.916353545586428,0.0,1.0,0.0,1.0,0.0,1.0
3,290,5.657473383339171,3.1123252118684657,0.0,1.0,0.0,1.0,0.0,1.0
4,290,5.688997463898854,11.75768978472974,0.0,0.0,0.0,0.0,1.0,1.0
5,290,11.813200418761635,6.736785755988782,0.0,1.0,0.0,1.0,0.0,0.0
6,290,10.376413959262536,11.08241343066678,1.0,0.0,1.0,1.0,0.0,0.0
7,290,7.13039358373649,11.201889867332673,0.0,0.0,0.0,0.0,0.0,1.0
8,290,7.136178005000758,5.603615606831172,0.0,1.0,0.0,0.0,1.0,0.0
9,290,7.541335790243181,3.282848417919747,0.0,0.0,1.0,1.0,1.0,0.0
10,290,2.422950515723941,8.000544037970261,1.0,0.0,0.0,0.0,0.0,1.0
11,290,1.8000786642761863,1.3121722094099872,0.0,1.0,1.0,1.0,0.0,0.0
12,290,0.0,5.522875575907634,0.0,0.0,0.0,0.0,1.0,0.0
13,290,2.877927822277643,3.558478220037927,1.0,0.0,0.0,0.0,1.0,0.0
14,290,0.0,0.0,1.0,0.0,1.0,1.0,0.0,0.0
15,290,10.311035777289696,2.739606879206862,1.0,0.0,0.0,1.0,0.0,0.0
16,290,5.350457033716176,1.3591866066577578,1.0,0.0,0.0,1.0,0.0,0.0
17,290,6.178845233588223,5.779314193670417,1.0,0.0,1.0,0.0,0.0,0.0
18,290,12.0,2.4996762331095934,1.0,1.0,0.0,0.0,1.0,0.0
19,290,7.7333609802779,7.665869004833737,1.0,0.0,0.0,0.0,1.0,1.0
20,290,0.0,0.0,1.0,1.0,0.0,1.0,1.0,0.0
21,290,9.02023798406054,0.0,0.0,0.0,1.0,1.0,0.0,0.0
22,290,12.0,1.283356432505697,0.0,0.0,0.0,0.0,0.0,0.0
23,290,0.0,12.0,0.0,0.0,1.0,1.0,1.0,1.0
24,290,5.754789035987141,12.0,1.0,1.0,1.0,0.0,0.0,1.0
25,290,3.48641757401917,3.7468618804991887,0.0,1.0,1.0,0.0,1.0,1.0
26,290,6.2962061270653,8.626027154387401,0.0,1.0,1.0,0.0,0.0,1.0
27,290,4.273920909274537,0.7525460892896751,0.0,0.0,1.0,0.0,1.0,1.0
28,290,11.498951229850002,8.85245761794069,0.0,0.0,0.0,1.0,0.0,0.0
29,290,9.698210700083,10.528833309411974,0.0,1.0,0.0,1.0,0.0,0.0
30,290,12.0,3.505056422297686,1.0,0.0,1.0,1.0,0.0,0.0
31,290,2.0222360086794384,9.128552154527991,1.0,0.0,1.0,0.0,0.0,1.0
32,290,4.630175991112427,4.895194864558411,0.0,1.0,1.0,1.0,0.0,0.0
33,290,2.302551904940672,2.7443420941582497,1.0,1.0,1.0,1.0,1.0,1.0
34,290,5.010166586768553,7.134783817570276,0.0,0.0,1.0,0.0,0.0,0.0
35,290,12.0,12.0,0.0,0.0,1.0,0.0,1.0,1.0
36,290,0.0,8.438610233893533,0.0,1.0,0.0,0.0,0.0,1.0
37,290,9.619497382625791,9.446986323218242,0.0,1.0,0.0,1.0,1.0,0.0
38,290,3.9774095683263657,9.342157151214508,0.0,0.0,0.0,1.0,0.0,0.0
39,290,1.6309715610065396,10.88465700695708,1.0,1.0,1.0,0.0,1.0,0.0
0,295,11.66836230127542,1.5449046919335996,1.0,0.0,0.0,0.0,1.0,1.0
1,295,1.2962337311329095,3.787557390529658,0.0,0.0,0.0,0.0,1.0,1.0
2,295,2.274988965742822,10.905592685821746,0.0,1.0,0.0,1.0,0.0,1.0
3,295,5.664416745814055,2.9122445264634567,0.0,1.0,0.0,1.0,0.0,1.0
4,295,5.719345035123446,11.79222280661986,0.0,0.0,0.0,0.0,1.0,1.0
5,295,11.84094176922974,6.566437940283324,0.0,1.0,0.0,1.0,0.0,0.0
6,295,10.403628990139106,11.062300725743448,1.0,0.0,1.0,1.0,0.0,0.0
7,295,7.166234440863363,11.236889717227116,0.0,0.0,0.0,0.0,0.0,1.0
8,295,7.059654260795173,5.59915030126959,0.0,1.0,0.0,0.0,1.0,0.0
9,295,7.568055309174113,3.2874547458086685,0.0,0.0,1.0,1.0,1.0,0.0
10,295,2.4516780052306264,7.940916318292175,1.0,0.0,0.0,0.0,0.0,1.0
11,295,1.7956850261816812,1.211005784765194,0.0,1.0,1.0,1.0,0.0,0.0
12,295,0.0,5.467638589941545,0.0,0.0,0.0,0.0,1.0,0.0
13,295,2.8609972564080977,3.693009404859099,1.0,0.0,0.0,0.0,1.0,0.0
14,295,0.0,0.0,1.0,0.0,1.0,1.0,0.0,0.0
15,295,10.308325301555575,2.700188640568352,1.0,0.0,0.0,1.0,0.0,0.0
16,295,5.3506019603691,1.3593394521058464,1.0,0.0,0.0,1.0,0.0,0.0
17,295,6.179027024760916,5.770477631927178,1.0,0.0,1.0,0.0,0.0,0.0
18,295,12.0,2.54284041852232,1.0,1.0,0.0,0.0,1.0,0.0
19,295,7.753565060859381,7.617635415554601,1.0,0.0,0.0,0.0,1.0,1.0
20,295,0.0,0.0,1.0,1.0,0.0,1.0,1.0,0.0
21,295,9.0177021834982,0.0,0.0,0.0,1.0,1.0,0.0,0.0
22,295,12.0,1.1708885667211657,0.0,0.0,0.0,0.0,0.0,0.0
23,295,0.0,12.0,0.0,0.0,1.0,1.0,1.0,1.0
24,295,5.625674775623539,12.0,1.0,1.0,1.0,0.0,0.0,1.0
25,295,3.468962234613985,3.835970297165652,0.0,1.0,1.0,0.0,1.0,1.0
26,295,6.238532675578586,8.777777114201358,0.0,1.0,1.0,0.0,0.0,1.0
27,295,4.272837921565219,0.7777000427790554,0.0,0.0,1.0,0.0,1.0,1.0
28,295,11.601101328311646,8.88126120992512,0.0,0.0,0.0,1.0,0.0,0.0
29,295,9.7078991975266,10.55788351103242,0.0,1.0,0.0,1.0,0.0,0.0
30,295,12.0,3.58960747040871,1.0,0.0,1.0,1.0,0.0,0.0
31,295,2.018952150646436,9.119622456145407,1.0,0.0,1.0,0.0,0.0,1.0
32,295,4.533303478869367,4.951834788347907,0.0,1.0,1.0,1.0,0.0,0.0
33,295,2.126880277555232,2.641978183439221,1.0,1.0,1.0,1.0,1.0,1.0
34,295,4.904470048088647,7.23306537941496,0.0,0.0,1.0,0.0,0.0,0.0
35,295,12.0,12.0,0.0,0.0,1.0,0.0,1.0,1.0
36,295,0.0,8.443479996984545,0.0,1.0,0.0,0.0,0.0,1.0
37,295,9.643800261038708,9.45292707759467,0.0,1.0,0.0,1.0,1.0,0.0
38,295,4.00745490602485,9.26189276158344,0.0,0.0,0.0,1.0,0.0,0.0
39,295,1.7024448172703788,10.829058587497222,1.0,1.0,1.0,0.0,1.0,0.0
