0,0,7.959410180517064,11.0056924551611,1.0,0.0,1.0,0.0,0.0,0.0
1,0,6.997713623724138,3.953793017156653,1.0,0.0,0.0,0.0,0.0,1.0
2,0,3.974367713492488,3.071779067737665,1.0,0.0,0.0,1.0,0.0,0.0
3,0,8.984433502152186,4.966892162458292,0.0,0.0,0.0,0.0,0.0,1.0
4,0,4.004622231979366,5.941124997613004,0.0,0.0,1.0,0.0,1.0,1.0
5,0,5.028211460538274,0.0,1.0,1.0,0.0,0.0,1.0,0.0
6,0,9.936951297785432,5.965032766826235,0.0,1.0,0.0,1.0,0.0,1.0
7,0,0.0219656357590319,11.985561386147127,0.0,1.0,0.0,0.0,1.0,0.0
8,0,3.960864146809424,0.0222554762697677,0.0,1.0,0.0,0.0,0.0,1.0
9,0,0.9857534561891969,1.0633630006806742,1.0,0.0,0.0,0.0,1.0,1.0
10,0,2.047315181007746,10.078448112959588,0.0,1.0,1.0,0.0,1.0,1.0
11,0,10.986443630699217,5.959786093757108,0.0,0.0,1.0,0.0,1.0,0.0
12,0,11.97414356765746,6.958894347602938,0.0,0.0,0.0,1.0,0.0,0.0
13,0,2.003581165364022,1.95712181743677,0.0,0.0,1.0,0.0,0.0,1.0
14,0,8.954998427098982,5.970369921593751,0.0,1.0,0.0,0.0,0.0,0.0
15,0,0.9947586668517634,3.952495786466449,1.0,1.0,0.0,1.0,0.0,1.0
16,0,5.012232639874587,6.955170334228582,0.0,0.0,1.0,1.0,1.0,0.0
17,0,12.0,12.0,0.0,0.0,0.0,1.0,0.0,1.0
18,0,7.974847748416743,1.0722248437479298,1.0,0.0,0.0,1.0,1.0,1.0
19,0,2.0698560067581515,5.979083629902069,1.0,0.0,1.0,1.0,0.0,1.0
20,0,6.022842166498286,0.0481432669880672,0.0,0.0,1.0,1.0,1.0,0.0
21,0,4.002450867597437,0.9289131179590572,0.0,1.0,0.0,0.0,0.0,0.0
22,0,2.049316148172477,9.063408244539072,0.0,0.0,0.0,0.0,1.0,1.0
23,0,9.041770981890686,0.0335046615199454,1.0,1.0,0.0,0.0,0.0,1.0
24,0,4.023354115133043,1.0283316588103202,0.0,1.0,1.0,0.0,1.0,0.0
25,0,0.9617368387618862,11.014557398736228,0.0,1.0,0.0,0.0,0.0,1.0
26,0,8.020115145332143,3.952393887214341,1.0,0.0,1.0,0.0,0.0,0.0
27,0,4.0418496496181175,11.95540326027002,1.0,0.0,0.0,0.0,0.0,1.0
28,0,8.0704179177782,8.010224578167271,0.0,0.0,0.0,1.0,0.0,0.0
29,0,6.997450544409022,12.0,1.0,1.0,1.0,1.0,0.0,1.0
30,0,7.024335958763854,11.049174798370563,1.0,1.0,1.0,0.0,1.0,1.0
31,0,1.025765041911764,11.953610912414677,0.0,1.0,1.0,0.0,1.0,1.0
32,0,7.942009920271644,0.994554830221332,1.0,0.0,1.0,0.0,1.0,0.0
33,0,4.024181202720121,1.0377359843420664,1.0,0.0,0.0,1.0,1.0,0.0
34,0,6.930959435051815,9.0281788951619,0.0,0.0,0.0,0.0,0.0,1.0
35,0,11.965739032517114,2.0411730381237176,0.0,1.0,1.0,0.0,0.0,0.0
36,0,7.023293025740781,9.972712821160462,1.0,1.0,1.0,0.0,0.0,0.0
37,0,2.962773935456776,6.026220411801583,0.0,0.0,0.0,1.0,0.0,1.0
38,0,5.92663711729732,4.003221129795579,1.0,0.0,0.0,0.0,0.0,0.0
39,0,8.056748994297333,3.006660920743057,0.0,0.0,1.0,1.0,0.0,0.0
0,5,7.88435944319476,11.0178155268174,1.0,0.0,1.0,0.0,0.0,0.0
1,5,6.995865550378595,3.918205570910094,1.0,0.0,0.0,0.0,0.0,1.0
2,5,3.949176228515298,3.146093934946714,1.0,0.0,0.0,1.0,0.0,0.0
3,5,8.966024176874178,4.9278432835616215,0.0,0.0,0.0,0.0,0.0,1.0
4,5,4.009887848281114,5.890886541331625,0.0,0.0,1.0,0.0,1.0,1.0
5,5,5.048795616123508,0.0,1.0,1.0,0.0,0.0,1.0,0.0
6,5,9.87299313444691,5.927743764239907,0.0,1.0,0.0,1.0,0.0,1.0
7,5,0.0403057802224208,11.973846823127644,0.0,1.0,0.0,0.0,1.0,0.0
8,5,3.9421599118226185,0.033541030584769,0.0,1.0,0.0,0.0,0.0,1.0
9,5,0.9701686414902552,1.1341574606080789,1.0,0.0,0.0,0.0,1.0,1.0
10,5,2.104517522604953,10.176096609986306,0.0,1.0,1.0,0.0,1.0,1.0
11,5,10.973537654933187,5.921081922712452,0.0,0.0,1.0,0.0,1.0,0.0
12,5,11.948897415962294,6.918022746588626,0.0,0.0,0.0,1.0,0.0,0.0
13,5,2.0077690588742247,1.909809965354052,0.0,0.0,1.0,0.0,0.0,1.0
14,5,8.915096380460014,5.944032224807207,0.0,1.0,0.0,0.0,0.0,0.0
15,5,0.988843346092488,3.9018344589683593,1.0,1.0,0.0,1.0,0.0,1.0
16,5,5.020090996427909,6.9276774024133925,0.0,0.0,1.0,1.0,1.0,0.0
17,5,12.0,12.0,0.0,0.0,0.0,1.0,0.0,1.0
18,5,7.946785281667464,1.1622809235007177,1.0,0.0,0.0,1.0,1.0,1.0
19,5,2.1551193599097758,5.953129750485055,1.0,0.0,1.0,1.0,0.0,1.0
20,5,6.0418230782160975,0.0877646018130229,0.0,0.0,1.0,1.0,1.0,0.0
21,5,4.007331366656569,0.8478896825711745,0.0,1.0,0.0,0.0,0.0,0.0
22,5,2.093274447141062,9.121180994232192,0.0,0.0,0.0,0.0,1.0,1.0
23,5,9.103556834942143,0.0806409521202899,1.0,1.0,0.0,0.0,0.0,1.0
24,5,4.038874069394756,1.0484445606012565,0.0,1.0,1.0,0.0,1.0,0.0
25,5,0.921893846136828,11.02977639719536,0.0,1.0,0.0,0.0,0.0,1.0
26,5,8.047220024750581,3.8840131970478224,1.0,0.0,1.0,0.0,0.0,0.0
27,5,4.074098871142345,11.920678980022128,1.0,0.0,0.0,0.0,0.0,1.0
28,5,8.07941229706247,7.93431404821433,0.0,0.0,0.0,1.0,0.0,0.0
29,5,6.994363229135088,12.0,1.0,1.0,1.0,1.0,0.0,1.0
30,5,7.047992181555268,11.09585191479432,1.0,1.0,1.0,0.0,1.0,1.0
31,5,1.0542701628855784,11.900362046100009,0.0,1.0,1.0,0.0,1.0,1.0
32,5,7.891145206225727,0.9903019502757155,1.0,0.0,1.0,0.0,1.0,0.0
33,5,4.052146225394929,1.0777067736016892,1.0,0.0,0.0,1.0,1.0,0.0
34,5,6.864288864258483,9.0558502076526,0.0,0.0,0.0,0.0,0.0,1.0
35,5,11.940314907479712,2.0721075574941543,0.0,1.0,1.0,0.0,0.0,0.0
36,5,7.04828563039033,9.942624082030145,1.0,1.0,1.0,0.0,0.0,0.0
37,5,2.927048685798341,6.053273221496189,0.0,0.0,0.0,1.0,0.0,1.0
38,5,5.847629310927462,4.003478594921274,1.0,0.0,0.0,0.0,0.0,0.0
39,5,8.083453243156193,3.0097376813875654,0.0,0.0,1.0,1.0,0.0,0.0
0,10,7.802009055139943,11.029204546245428,1.0,0.0,1.0,0.0,0.0,0.0
1,10,6.993016935107969,3.866770380623502,1.0,0.0,0.0,0.0,0.0,1.0
2,10,3.9249905774214633,3.2146209730322237,1.0,0.0,0.0,1.0,0.0,0.0
3,10,8.934943356986311,4.864216003120182,0.0,0.0,0.0,0.0,0.0,1.0
4,10,4.016594307926537,5.820286421276471,0.0,0.0,1.0,0.0,1.0,1.0
5,10,5.077091668376473,0.0,1.0,1.0,0.0,0.0,1.0,0.0
6,10,9.789224733971697,5.880494518942103,0.0,1.0,0.0,1.0,0.0,1.0
7,10,0.0585828791171583,11.962209404768217,0.0,1.0,0.0,0.0,1.0,0.0
8,10,3.911044512393641,0.0517765196833533,0.0,1.0,0.0,0.0,0.0,1.0
9,10,0.9565092218532252,1.2024634103269425,1.0,0.0,0.0,0.0,1.0,1.0
10,10,2.1807859891226773,10.301594259798453,0.0,1.0,1.0,0.0,1.0,1.0
11,10,10.96690490491811,5.901583674140514,0.0,0.0,1.0,0.0,1.0,0.0
12,10,11.936859041760425,6.897135355267725,0.0,0.0,0.0,1.0,0.0,0.0
13,10,2.0118270255320927,1.8701401803169355,0.0,0.0,1.0,0.0,0.0,1.0
14,10,8.863248790201313,5.9078906018726505,0.0,1.0,0.0,0.0,0.0,0.0
15,10,0.9815452501741077,3.8462687966793263,1.0,1.0,0.0,1.0,0.0,1.0
16,10,5.0288525839243485,6.895164132707667,0.0,0.0,1.0,1.0,1.0,0.0
17,10,12.0,12.0,0.0,0.0,0.0,1.0,0.0,1.0
18,10,7.916913518664293,1.249296057562416,1.0,0.0,0.0,1.0,1.0,1.0
19,10,2.251325104846452,5.923707832751586,1.0,0.0,1.0,1.0,0.0,1.0
20,10,6.061961082560332,0.1295459737408244,0.0,0.0,1.0,1.0,1.0,0.0
21,10,4.012878378941664,0.771485308471721,0.0,1.0,0.0,0.0,0.0,0.0
22,10,2.139559827885717,9.181112076298678,0.0,0.0,0.0,0.0,1.0,1.0
23,10,9.160843257965489,0.1226032616962777,1.0,1.0,0.0,0.0,0.0,1.0
24,10,4.051302205357886,1.0645725314917058,0.0,1.0,1.0,0.0,1.0,0.0
25,10,0.8948168109674954,11.03997730018066,0.0,1.0,0.0,0.0,0.0,1.0
26,10,8.074203807211527,3.814910542051771,1.0,0.0,1.0,0.0,0.0,0.0
27,10,4.104878147649432,11.886405824537444,1.0,0.0,0.0,0.0,0.0,1.0
28,10,8.08831184140253,7.851973318770972,0.0,0.0,0.0,1.0,0.0,0.0
29,10,6.9900164460761065,12.0,1.0,1.0,1.0,1.0,0.0,1.0
30,10,7.075203422652391,11.148303590294995,1.0,1.0,1.0,0.0,1.0,1.0
31,10,1.085304281169274,11.841539348091992,0.0,1.0,1.0,0.0,1.0,1.0
32,10,7.838507227787228,0.9858615946884172,1.0,0.0,1.0,0.0,1.0,0.0
33,10,4.080244980876018,1.116030199254959,1.0,0.0,0.0,1.0,1.0,0.0
34,10,6.795729544387928,9.084929372558223,0.0,0.0,0.0,0.0,0.0,1.0
35,10,11.916282254356252,2.102012974510239,0.0,1.0,1.0,0.0,0.0,0.0
36,10,7.0752808398452895,9.910725678838832,1.0,1.0,1.0,0.0,0.0,0.0
37,10,2.8800042473389227,6.08708435240965,0.0,0.0,0.0,1.0,0.0,1.0
38,10,5.7657057063750905,4.00173963298548,1.0,0.0,0.0,0.0,0.0,0.0
39,10,8.102104194079143,3.0122769732089414,0.0,0.0,1.0,1.0,0.0,0.0
0,15,7.720627130756903,11.039837231774069,1.0,0.0,1.0,0.0,0.0,0.0
1,15,6.990943151054299,3.832119867652207,1.0,0.0,0.0,0.0,0.0,1.0
2,15,3.896017907045725,3.29361834179446,1.0,0.0,0.0,1.0,0.0,0.0
3,15,8.904759598486052,4.800829086428807,0.0,0.0,0.0,0.0,0.0,1.0
4,15,4.022919159191648,5.758306957881902,0.0,0.0,1.0,0.0,1.0,1.0
5,15,5.105940212509274,0.0,1.0,1.0,0.0,0.0,1.0,0.0
6,15,9.734810840423783,5.851545537463262,0.0,1.0,0.0,1.0,0.0,1.0
7,15,0.0955516834733081,11.938499766505352,0.0,1.0,0.0,0.0,1.0,0.0
8,15,3.871132500520268,0.0758953059122819,0.0,1.0,0.0,0.0,0.0,1.0
9,15,0.9446003651817502,1.2726370821031237,1.0,0.0,0.0,0.0,1.0,1.0
10,15,2.2489365128227714,10.416836375595402,0.0,1.0,1.0,0.0,1.0,1.0
11,15,10.963256411709132,5.889782754406939,0.0,0.0,1.0,0.0,1.0,0.0
12,15,11.942671427983791,6.906847299206423,0.0,0.0,0.0,1.0,0.0,0.0
13,15,2.0138878414076733,1.8517042855956605,0.0,0.0,1.0,0.0,0.0,1.0
14,15,8.822317385603192,5.878545062261896,0.0,1.0,0.0,0.0,0.0,0.0
15,15,0.9746518949908584,3.783679578489621,1.0,1.0,0.0,1.0,0.0,1.0
16,15,5.031740316097144,6.882973326977802,0.0,0.0,1.0,1.0,1.0,0.0
17,15,11.936998726174634,12.0,0.0,0.0,0.0,1.0,0.0,1.0
18,15,7.890133513320601,1.3284694660253995,1.0,0.0,0.0,1.0,1.0,1.0
19,15,2.3636705561797435,5.890068329918176,1.0,0.0,1.0,1.0,0.0,1.0
20,15,6.079588181453175,0.1640056992061628,0.0,0.0,1.0,1.0,1.0,0.0
21,15,4.083965170142742,0.7785331566208998,0.0,1.0,0.0,0.0,0.0,0.0
22,15,2.1804015630577864,9.23448519855338,0.0,0.0,0.0,0.0,1.0,1.0
23,15,9.218397545030657,0.163789141583218,1.0,1.0,0.0,0.0,0.0,1.0
24,15,4.067913910987571,1.0863798477554525,0.0,1.0,1.0,0.0,1.0,0.0
25,15,0.8527951234932184,11.056946124406675,0.0,1.0,0.0,0.0,0.0,1.0
26,15,8.105673187518638,3.732098399529822,1.0,0.0,1.0,0.0,0.0,0.0
27,15,4.137874652461837,11.849792445106344,1.0,0.0,0.0,0.0,0.0,1.0
28,15,8.101839580160528,7.75905289620922,0.0,0.0,0.0,1.0,0.0,0.0
29,15,6.987570307646088,12.0,1.0,1.0,1.0,1.0,0.0,1.0
30,15,7.102107922539287,11.198919757222413,1.0,1.0,1.0,0.0,1.0,1.0
31,15,1.1080495771528065,11.796876945940014,0.0,1.0,1.0,0.0,1.0,1.0
32,15,7.756216385518304,0.9795704073571864,1.0,0.0,1.0,0.0,1.0,0.0
33,15,4.105296237083107,1.1521718171306918,1.0,0.0,0.0,1.0,1.0,0.0
34,15,6.73886284855221,9.109315013387814,0.0,0.0,0.0,0.0,0.0,1.0
35,15,11.881017488427185,2.14458188376846,0.0,1.0,1.0,0.0,0.0,0.0
36,15,7.116820822659794,9.862531703667372,1.0,1.0,1.0,0.0,0.0,0.0
37,15,2.815623916827051,6.133536080403741,0.0,0.0,0.0,1.0,0.0,1.0
38,15,5.667134827294852,3.997673258751759,1.0,0.0,0.0,0.0,0.0,0.0
39,15,8.127891834534902,3.015325860665763,0.0,0.0,1.0,1.0,0.0,0.0
0,20,7.667077110110073,11.047791746580726,1.0,0.0,1.0,0.0,0.0,0.0
1,20,6.989772511491213,3.810189630354473,1.0,0.0,0.0,0.0,0.0,1.0
2,20,3.869078762462503,3.3584041250111034,1.0,0.0,0.0,1.0,0.0,0.0
3,20,8.86235275452114,4.715415533915035,0.0,0.0,0.0,0.0,0.0,1.0
4,20,4.085199346604329,5.764163098963236,0.0,0.0,1.0,0.0,1.0,1.0
5,20,5.140078444580345,0.0,1.0,1.0,0.0,0.0,1.0,0.0
6,20,9.693607644306354,5.82947992282938,0.0,1.0,0.0,1.0,0.0,1.0
7,20,0.1135367807486346,11.92723296494961,0.0,1.0,0.0,0.0,1.0,0.0
8,20,3.834520998629974,0.0977535075481937,0.0,1.0,0.0,0.0,0.0,1.0
9,20,0.9322187067926896,1.3560303054794076,1.0,0.0,0.0,0.0,1.0,1.0
10,20,2.3214786666091283,10.531609438590577,0.0,1.0,1.0,0.0,1.0,1.0
11,20,10.960013316359907,5.878838300855834,0.0,0.0,1.0,0.0,1.0,0.0
12,20,11.964461817123036,6.942985869185071,0.0,0.0,0.0,1.0,0.0,0.0
13,20,2.016500361714136,1.828817710718164,0.0,0.0,1.0,0.0,0.0,1.0
14,20,8.781642793024412,5.850295408512929,0.0,1.0,0.0,0.0,0.0,0.0
15,20,0.9646529442925332,3.707979063763266,1.0,1.0,0.0,1.0,0.0,1.0
16,20,5.037594645977369,6.858258878513034,0.0,0.0,1.0,1.0,1.0,0.0
17,20,11.8695372192543,12.0,0.0,0.0,0.0,1.0,0.0,1.0
18,20,7.865118923599791,1.4043782892789076,1.0,0.0,0.0,1.0,1.0,1.0
19,20,2.457481818223928,5.862539757964116,1.0,0.0,1.0,1.0,0.0,1.0
20,20,6.091387595809263,0.1860396258105389,0.0,0.0,1.0,1.0,1.0,0.0
21,20,4.142207392647786,0.782119565591092,0.0,1.0,0.0,0.0,0.0,0.0
22,20,2.231327959527574,9.298796080991073,0.0,0.0,0.0,0.0,1.0,1.0
23,20,9.292820514995055,0.2173656043998876,1.0,1.0,0.0,0.0,0.0,1.0
24,20,4.0912357247438,1.1171554323284056,0.0,1.0,1.0,0.0,1.0,0.0
25,20,0.8110156880737184,11.072726280092253,0.0,1.0,0.0,0.0,0.0,1.0
26,20,8.14706857326913,3.624330807422815,1.0,0.0,1.0,0.0,0.0,0.0
27,20,4.175432002907178,11.808417097413512,1.0,0.0,0.0,0.0,0.0,1.0
28,20,8.11507239543179,7.662209286658231,0.0,0.0,0.0,1.0,0.0,0.0
29,20,6.983894656904916,12.0,1.0,1.0,1.0,1.0,0.0,1.0
30,20,7.141069165269067,11.275705542145836,1.0,1.0,1.0,0.0,1.0,1.0
31,20,1.1300656174636536,11.7533687708855,0.0,1.0,1.0,0.0,1.0,1.0
32,20,7.654102360627204,0.9697628276293,1.0,0.0,1.0,0.0,1.0,0.0
33,20,4.130618311385473,1.1915250573747191,1.0,0.0,0.0,1.0,1.0,0.0
34,20,6.718774609521773,9.118350005750877,0.0,0.0,0.0,0.0,0.0,1.0
35,20,11.834510419826042,2.198480407538025,0.0,1.0,1.0,0.0,0.0,0.0
36,20,7.15471084520471,9.818393065517904,1.0,1.0,1.0,0.0,0.0,0.0
37,20,2.7504956462702816,6.181701802700038,0.0,0.0,0.0,1.0,0.0,1.0
38,20,5.554047445070311,3.9944959831205993,1.0,0.0,0.0,0.0,0.0,0.0
39,20,8.134075617550316,3.016161429454323,0.0,0.0,1.0,1.0,0.0,0.0
0,25,7.597173115622839,11.057814792813616,1.0,0.0,1.0,0.0,0.0,0.0
1,25,6.9878830046698335,3.7608956339087736,1.0,0.0,0.0,0.0,0.0,1.0
2,25,3.843946557689317,3.4160142092056764,1.0,0.0,0.0,1.0,0.0,0.0
3,25,8.829645850332904,4.649167139939038,0.0,0.0,0.0,0.0,0.0,1.0
4,25,4.144980259374139,5.770130992904802,0.0,0.0,1.0,0.0,1.0,1.0
5,25,5.173343794058798,0.0,1.0,1.0,0.0,0.0,1.0,0.0
6,25,9.64031950994412,5.800384616406234,0.0,1.0,0.0,1.0,0.0,1.0
7,25,0.1286582344644098,11.918464256588797,0.0,1.0,0.0,0.0,1.0,0.0
8,25,3.814608495920258,0.1095724317648996,0.0,1.0,0.0,0.0,0.0,1.0
9,25,0.9203556653521324,1.4284140435598371,1.0,0.0,0.0,0.0,1.0,1.0
10,25,2.394039323260112,10.639138594941448,0.0,1.0,1.0,0.0,1.0,1.0
11,25,10.950234559143622,5.843306986802175,0.0,0.0,1.0,0.0,1.0,0.0
12,25,11.983708894474104,6.97606991317026,0.0,0.0,0.0,1.0,0.0,0.0
13,25,2.0201227857857798,1.7947443093988864,0.0,0.0,1.0,0.0,0.0,1.0
14,25,8.73310766475352,5.818052295708909,0.0,1.0,0.0,0.0,0.0,0.0
15,25,0.9526487691342236,3.621523921036187,1.0,1.0,0.0,1.0,0.0,1.0
16,25,5.0410261312424645,6.843279834885642,0.0,0.0,1.0,1.0,1.0,0.0
17,25,11.778524476315145,12.0,0.0,0.0,0.0,1.0,0.0,1.0
18,25,7.8452800724417076,1.4700059988582292,1.0,0.0,0.0,1.0,1.0,1.0
19,25,2.5543108094858127,5.834102277720492,1.0,0.0,1.0,1.0,0.0,1.0
20,25,6.102828346185926,0.207650310165811,0.0,0.0,1.0,1.0,1.0,0.0
21,25,4.194843631282259,0.7862466425947245,0.0,1.0,0.0,0.0,0.0,0.0
22,25,2.285306042166367,9.258220169163806,0.0,0.0,0.0,0.0,1.0,1.0
23,25,9.359297543351104,0.2665572723529964,1.0,1.0,0.0,0.0,0.0,1.0
24,25,4.11981767497529,1.1528527431328788,0.0,1.0,1.0,0.0,1.0,0.0
25,25,0.7564958993808643,11.093553194432012,0.0,1.0,0.0,0.0,0.0,1.0
26,25,8.187377380626737,3.52326402431132,1.0,0.0,1.0,0.0,0.0,0.0
27,25,4.217146869655604,11.765436872013614,1.0,0.0,0.0,0.0,0.0,1.0
28,25,8.128708460760658,7.561156459877947,0.0,0.0,0.0,1.0,0.0,0.0
29,25,6.979640007433682,12.0,1.0,1.0,1.0,1.0,0.0,1.0
30,25,7.18209480190188,11.359334358696378,1.0,1.0,1.0,0.0,1.0,1.0
31,25,1.1578986389077377,11.696650504768384,0.0,1.0,1.0,0.0,1.0,1.0
32,25,7.557017477358027,0.9582932112839432,1.0,0.0,1.0,0.0,1.0,0.0
33,25,4.161929455715961,1.241167374286951,1.0,0.0,0.0,1.0,1.0,0.0
34,25,6.684286287919179,9.13328681394708,0.0,0.0,0.0,0.0,0.0,1.0
35,25,11.808976426231528,2.227768116253244,0.0,1.0,1.0,0.0,0.0,0.0
36,25,7.189233728308843,9.777210217778714,1.0,1.0,1.0,0.0,0.0,0.0
37,25,2.690362513746972,6.225882900256981,0.0,0.0,0.0,1.0,0.0,1.0
38,25,5.451565954121829,3.9876506396230247,1.0,0.0,0.0,0.0,0.0,0.0
39,25,8.124129615922875,3.01486572426842,0.0,0.0,1.0,1.0,0.0,0.0
0,30,7.530555531203253,11.065340671839332,1.0,0.0,1.0,0.0,0.0,0.0
1,30,6.986743289101684,3.727404851421208,1.0,0.0,0.0,0.0,0.0,1.0
2,30,3.808438125426998,3.499386374512998,1.0,0.0,0.0,1.0,0.0,0.0
3,30,8.802920884587175,4.591415559853973,0.0,0.0,0.0,0.0,0.0,1.0
4,30,4.219073725435872,5.7780615217800495,0.0,0.0,1.0,0.0,1.0,1.0
5,30,5.211665287261756,0.0,1.0,1.0,0.0,0.0,1.0,0.0
6,30,9.586372693111024,5.771308650745908,0.0,1.0,0.0,1.0,0.0,1.0
7,30,0.1506500763857146,11.90594264544253,0.0,1.0,0.0,0.0,1.0,0.0
8,30,3.8027764515446334,0.1164736246863506,0.0,1.0,0.0,0.0,0.0,1.0
9,30,0.913868701516764,1.4725435852966862,1.0,0.0,0.0,0.0,1.0,1.0
10,30,2.470872728404532,10.751459920864576,0.0,1.0,1.0,0.0,1.0,1.0
11,30,10.943580437793925,5.816532559686888,0.0,0.0,1.0,0.0,1.0,0.0
12,30,11.984206672583255,6.976962284498293,0.0,0.0,0.0,1.0,0.0,0.0
13,30,2.0245276008690145,1.7561206941619538,0.0,0.0,1.0,0.0,0.0,1.0
14,30,8.670682685973851,5.778731401641228,0.0,1.0,0.0,0.0,0.0,0.0
15,30,0.9411617813135524,3.538241826912741,1.0,1.0,0.0,1.0,0.0,1.0
16,30,5.047062062787338,6.817428367872028,0.0,0.0,1.0,1.0,1.0,0.0
17,30,11.688617061582764,12.0,0.0,0.0,0.0,1.0,0.0,1.0
18,30,7.823057293084218,1.5398758505472565,1.0,0.0,0.0,1.0,1.0,1.0
19,30,2.628561867805149,5.813119813084263,1.0,0.0,1.0,1.0,0.0,1.0
20,30,6.103102294729546,0.2082010514327428,0.0,0.0,1.0,1.0,1.0,0.0
21,30,4.2530511738479495,0.7912909612466043,0.0,1.0,0.0,0.0,0.0,0.0
22,30,2.331541872961244,9.226040112136571,0.0,0.0,0.0,0.0,1.0,1.0
23,30,9.432453476792576,0.3226343458324935,1.0,1.0,0.0,0.0,0.0,1.0
24,30,4.165102050850438,1.2065548956583856,0.0,1.0,1.0,0.0,1.0,0.0
25,30,0.6990535335271904,11.115424070246448,0.0,1.0,0.0,0.0,0.0,1.0
26,30,8.22105635129012,3.435981406504676,1.0,0.0,1.0,0.0,0.0,0.0
27,30,4.266598872951743,11.714100160207362,1.0,0.0,0.0,0.0,0.0,1.0
28,30,8.140856959629877,7.459125591183759,0.0,0.0,0.0,1.0,0.0,0.0
29,30,6.974856548039065,12.0,1.0,1.0,1.0,1.0,0.0,1.0
30,30,7.2218098832560065,11.44533324989217,1.0,1.0,1.0,0.0,1.0,1.0
31,30,1.18808271770422,11.633269014845403,0.0,1.0,1.0,0.0,1.0,1.0
32,30,7.422845137055089,0.93863797156641,1.0,0.0,1.0,0.0,1.0,0.0
33,30,4.188234333992368,1.28282715692023,1.0,0.0,0.0,1.0,1.0,0.0
34,30,6.633780067705117,9.153618704974614,0.0,0.0,0.0,0.0,0.0,1.0
35,30,11.767769516316614,2.2760141971684,0.0,1.0,1.0,0.0,0.0,0.0
36,30,7.2271443037199425,9.731849414763,1.0,1.0,1.0,0.0,0.0,0.0
37,30,2.6273371880745886,6.271839261383925,0.0,0.0,0.0,1.0,0.0,1.0
38,30,5.3651564894179575,3.981227138867638,1.0,0.0,0.0,0.0,0.0,0.0
39,30,8.09949214378679,3.0118495682673494,0.0,0.0,1.0,1.0,0.0,0.0
0,35,7.488797260479598,11.07023728341998,1.0,0.0,1.0,0.0,0.0,0.0
1,35,6.985686774980402,3.6883640540378817,1.0,0.0,0.0,0.0,0.0,1.0
2,35,3.770681792948296,3.581988187338363,1.0,0.0,0.0,1.0,0.0,0.0
3,35,8.776130018873372,4.533362748737576,0.0,0.0,0.0,0.0,0.0,1.0
4,35,4.293802096125146,5.786029743096192,0.0,0.0,1.0,0.0,1.0,1.0
5,35,5.250574446123986,0.0,1.0,1.0,0.0,0.0,1.0,0.0
6,35,9.514809374941269,5.732525770851059,0.0,1.0,0.0,1.0,0.0,1.0
7,35,0.1819893431056918,11.88851813464708,0.0,1.0,0.0,0.0,1.0,0.0
8,35,3.763071467825615,0.141565523048164,0.0,1.0,0.0,0.0,0.0,1.0
9,35,0.9058197934754504,1.5324728171587525,1.0,0.0,0.0,0.0,1.0,1.0
10,35,2.5533232733464235,10.878052243364063,0.0,1.0,1.0,0.0,1.0,1.0
11,35,10.940272021199313,5.80379940694493,0.0,0.0,1.0,0.0,1.0,0.0
12,35,11.96920100910938,6.952027895642983,0.0,0.0,0.0,1.0,0.0,0.0
13,35,2.02791694483187,1.7228854562793017,0.0,0.0,1.0,0.0,0.0,1.0
14,35,8.625391442821542,5.750131665535847,0.0,1.0,0.0,0.0,0.0,0.0
15,35,0.9300984866804576,3.4613785281551106,1.0,1.0,0.0,1.0,0.0,1.0
16,35,5.053080003876496,6.78819272740492,0.0,0.0,1.0,1.0,1.0,0.0
17,35,11.616276638320832,12.0,0.0,0.0,0.0,1.0,0.0,1.0
18,35,7.805116509666459,1.5930018747004595,1.0,0.0,0.0,1.0,1.0,1.0
19,35,2.697766023865329,5.793023519675251,1.0,0.0,1.0,1.0,0.0,1.0
20,35,6.102501947992367,0.2069886765095806,0.0,0.0,1.0,1.0,1.0,0.0
21,35,4.303048705732806,0.7943505551452037,0.0,1.0,0.0,0.0,0.0,0.0
22,35,2.3784303113006477,9.194646405509056,0.0,0.0,0.0,0.0,1.0,1.0
23,35,9.514435399508944,0.3855584230868444,1.0,1.0,0.0,0.0,0.0,1.0
24,35,4.223734836972501,1.2772402113203936,0.0,1.0,1.0,0.0,1.0,0.0
25,35,0.6290805151573624,11.141107654443474,0.0,1.0,0.0,0.0,0.0,1.0
26,35,8.246543073821234,3.364790084756734,1.0,0.0,1.0,0.0,0.0,0.0
27,35,4.316744565165658,11.661744758353183,1.0,0.0,0.0,0.0,0.0,1.0
28,35,8.151740275405102,7.364524040581926,0.0,0.0,0.0,1.0,0.0,0.0
29,35,6.97122318618541,12.0,1.0,1.0,1.0,1.0,0.0,1.0
30,35,7.26170933660334,11.53203460145262,1.0,1.0,1.0,0.0,1.0,1.0
31,35,1.2214668769230692,11.561156364963711,0.0,1.0,1.0,0.0,1.0,1.0
32,35,7.2983813880534365,0.9196720679462944,1.0,0.0,1.0,0.0,1.0,0.0
33,35,4.219499514479066,1.3323052910016644,1.0,0.0,0.0,1.0,1.0,0.0
34,35,6.57067539037847,9.181533304642462,0.0,0.0,0.0,0.0,0.0,1.0
35,35,11.72701213817308,2.324389573401271,0.0,1.0,1.0,0.0,0.0,0.0
36,35,7.256593044050087,9.696857252285517,1.0,1.0,1.0,0.0,0.0,0.0
37,35,2.5760561403939346,6.309645713720479,0.0,0.0,0.0,1.0,0.0,1.0
38,35,5.280693486654353,3.977624877498344,1.0,0.0,0.0,0.0,0.0,0.0
39,35,8.075240619743049,3.0087677549720944,0.0,0.0,1.0,1.0,0.0,0.0
0,40,7.466982254313414,11.071790361581488,1.0,0.0,1.0,0.0,0.0,0.0
1,40,6.985022215154393,3.6377213816709713,1.0,0.0,0.0,0.0,0.0,1.0
2,40,3.7399094972356486,3.646860923957671,1.0,0.0,0.0,1.0,0.0,0.0
3,40,8.745122876981466,4.468197352606491,0.0,0.0,0.0,0.0,0.0,1.0
4,40,4.374772495461662,5.791951309535295,0.0,0.0,1.0,0.0,1.0,1.0
5,40,5.289727114431139,0.0,1.0,1.0,0.0,0.0,1.0,0.0
6,40,9.432787630123968,5.688250759815529,0.0,1.0,0.0,1.0,0.0,1.0
7,40,0.2355164618237049,11.859875928981934,0.0,1.0,0.0,0.0,1.0,0.0
8,40,3.712345268267812,0.173639488315113,0.0,1.0,0.0,0.0,0.0,1.0
9,40,0.8986861212739612,1.593533078436288,1.0,0.0,0.0,0.0,1.0,1.0
10,40,2.6304592492782986,11.00087744607477,0.0,1.0,1.0,0.0,1.0,1.0
11,40,10.937713884496413,5.794184822770748,0.0,0.0,1.0,0.0,1.0,0.0
12,40,11.956656330213464,6.931149052858932,0.0,0.0,0.0,1.0,0.0,0.0
13,40,2.0342567775047664,1.6686987452840227,0.0,0.0,1.0,0.0,0.0,1.0
14,40,8.58309744458297,5.7229092907848855,0.0,1.0,0.0,0.0,0.0,0.0
15,40,0.9197340050901084,3.380360408714024,1.0,1.0,0.0,1.0,0.0,1.0
16,40,5.057229377818705,6.767031608793042,0.0,0.0,1.0,1.0,1.0,0.0
17,40,11.5379290038978,12.0,0.0,0.0,0.0,1.0,0.0,1.0
18,40,7.790335692220318,1.6336038429143316,1.0,0.0,0.0,1.0,1.0,1.0
19,40,2.742996755016114,5.779883031177328,1.0,0.0,1.0,1.0,0.0,1.0
20,40,6.100124828760005,0.2023027017976048,0.0,0.0,1.0,1.0,1.0,0.0
21,40,4.372745221278853,0.7972417533255325,0.0,1.0,0.0,0.0,0.0,0.0
22,40,2.418659277773161,9.165409809855593,0.0,0.0,0.0,0.0,1.0,1.0
23,40,9.601211475689889,0.4586191019835406,1.0,1.0,0.0,0.0,0.0,1.0
24,40,4.2694453676617545,1.335297759855823,0.0,1.0,1.0,0.0,1.0,0.0
25,40,0.5731276150042325,11.1616252460402,0.0,1.0,0.0,0.0,0.0,1.0
26,40,8.275108851925918,3.285483168895707,1.0,0.0,1.0,0.0,0.0,0.0
27,40,4.372158735310551,11.604620999782645,1.0,0.0,0.0,0.0,0.0,1.0
28,40,8.162159883470991,7.275026667492511,0.0,0.0,0.0,1.0,0.0,0.0
29,40,6.968308086835753,12.0,1.0,1.0,1.0,1.0,0.0,1.0
30,40,7.300804587152693,11.621503090233768,1.0,1.0,1.0,0.0,1.0,1.0
31,40,1.2511421299984742,11.50041771916072,0.0,1.0,1.0,0.0,1.0,1.0
32,40,7.31847531568538,0.7625744702545643,1.0,0.0,1.0,0.0,1.0,0.0
33,40,4.24968295082407,1.3805817143802293,1.0,0.0,0.0,1.0,1.0,0.0
34,40,6.489817394140752,9.218368025369951,0.0,0.0,0.0,0.0,0.0,1.0
35,40,11.692694073474804,2.366559759621258,0.0,1.0,1.0,0.0,0.0,0.0
36,40,7.286007056907624,9.665201828835476,1.0,1.0,1.0,0.0,0.0,0.0
37,40,2.531420570343032,6.341465833850696,0.0,0.0,0.0,1.0,0.0,1.0
38,40,5.193887990126435,3.9758296890005576,1.0,0.0,0.0,0.0,0.0,0.0
39,40,8.057916748603473,3.00707070599294,0.0,0.0,1.0,1.0,0.0,0.0
0,45,7.461040412849221,11.072169625448202,1.0,0.0,1.0,0.0,0.0,0.0
1,45,6.983391840788785,3.583666994323793,1.0,0.0,0.0,0.0,0.0,1.0
2,45,3.714194976490636,3.701732271910152,1.0,0.0,0.0,1.0,0.0,0.0
3,45,8.708209406696875,4.3948837160446725,0.0,0.0,0.0,0.0,0.0,1.0
4,45,4.470016315572788,5.797186177798014,0.0,0.0,1.0,0.0,1.0,1.0
5,45,5.329423770855145,0.0,1.0,1.0,0.0,0.0,1.0,0.0
6,45,9.33286407568677,5.636301982682491,0.0,1.0,0.0,1.0,0.0,1.0
7,45,0.2668491820360691,11.842169443430372,0.0,1.0,0.0,0.0,1.0,0.0
8,45,3.674030696011833,0.1985044975383053,0.0,1.0,0.0,0.0,0.0,1.0
9,45,0.8925351185350555,1.6490574637814612,1.0,0.0,0.0,0.0,1.0,1.0
10,45,2.7095879162650265,11.128493154901472,0.0,1.0,1.0,0.0,1.0,1.0
11,45,10.932499667105423,5.774179466401647,0.0,0.0,1.0,0.0,1.0,0.0
12,45,11.93914501748989,6.900499419752802,0.0,0.0,0.0,1.0,0.0,0.0
13,45,2.039783347256848,1.6266563786055852,0.0,0.0,1.0,0.0,0.0,1.0
14,45,8.548029283919583,5.700897634762571,0.0,1.0,0.0,0.0,0.0,0.0
15,45,0.9105095817045824,3.2912761839677147,1.0,1.0,0.0,1.0,0.0,1.0
16,45,5.059944507177887,6.75210888330794,0.0,0.0,1.0,1.0,1.0,0.0
17,45,11.448401401368905,12.0,0.0,0.0,0.0,1.0,0.0,1.0
18,45,7.777646004989188,1.66810435439685,1.0,0.0,0.0,1.0,1.0,1.0
19,45,2.7922198380080467,5.764080476775222,1.0,0.0,1.0,1.0,0.0,1.0
20,45,6.089767968794488,0.1822243229618159,0.0,0.0,1.0,1.0,1.0,0.0
21,45,4.438915717998445,0.8009182941042781,0.0,1.0,0.0,0.0,0.0,0.0
22,45,2.4559733335483287,9.138677536824028,0.0,0.0,0.0,0.0,1.0,1.0
23,45,9.684230267015735,0.5274075278743618,1.0,1.0,0.0,0.0,0.0,1.0
24,45,4.326220671489269,1.4068737024262987,0.0,1.0,1.0,0.0,1.0,0.0
25,45,0.5056860541397042,11.18351205197068,0.0,1.0,0.0,0.0,0.0,1.0
26,45,8.301270442896502,3.2125058691543704,1.0,0.0,1.0,0.0,0.0,0.0
27,45,4.436760241891974,11.53893947158079,1.0,0.0,0.0,0.0,0.0,1.0
28,45,8.174183495247954,7.175616121593102,0.0,0.0,0.0,1.0,0.0,0.0
29,45,6.964229015788405,12.0,1.0,1.0,1.0,1.0,0.0,1.0
30,45,7.334279112688495,11.698373190839083,1.0,1.0,1.0,0.0,1.0,1.0
31,45,1.2861876972199338,11.433167465593714,0.0,1.0,1.0,0.0,1.0,1.0
32,45,7.339055502252198,0.6157341340675156,1.0,0.0,1.0,0.0,1.0,0.0
33,45,4.2726876825766364,1.4178478701814603,1.0,0.0,0.0,1.0,1.0,0.0
34,45,6.406380423207268,9.25739399711113,0.0,0.0,0.0,0.0,0.0,1.0
35,45,11.664139527355209,2.4011904642590878,0.0,1.0,1.0,0.0,0.0,0.0
36,45,7.324469475953406,9.62490614470013,1.0,1.0,1.0,0.0,0.0,0.0
37,45,2.48797758761226,6.372852939699991,0.0,0.0,0.0,1.0,0.0,1.0
38,45,5.094912997492514,3.973812333731252,1.0,0.0,0.0,0.0,0.0,0.0
39,45,8.02724372199559,3.004264434530515,0.0,0.0,1.0,1.0,0.0,0.0
0,50,7.435342693046268,11.073536773984053,1.0,0.0,1.0,0.0,0.0,0.0
1,50,6.982450269734414,3.541573423281282,1.0,0.0,0.0,0.0,0.0,1.0
2,50,3.684240490137664,3.7674251663872,1.0,0.0,0.0,1.0,0.0,0.0
3,50,8.66263649951421,4.295157712566728,0.0,0.0,0.0,0.0,0.0,1.0
4,50,4.561364203304962,5.801353733561872,0.0,0.0,1.0,0.0,1.0,1.0
5,50,5.366598664557531,0.0,1.0,1.0,0.0,0.0,1.0,0.0
6,50,9.239601824485591,5.588351479174039,0.0,1.0,0.0,1.0,0.0,1.0
7,50,0.3044507850701543,11.819900289211573,0.0,1.0,0.0,0.0,1.0,0.0
8,50,3.625748880170258,0.2304666587493238,0.0,1.0,0.0,0.0,0.0,1.0
9,50,0.8875918709294878,1.6902504405423775,1.0,0.0,0.0,0.0,1.0,1.0
10,50,2.796363507622763,11.26167255916864,0.0,1.0,1.0,0.0,1.0,1.0
11,50,10.92188253364307,5.735605449574365,0.0,0.0,1.0,0.0,1.0,0.0
12,50,11.933211975394071,6.890430884575985,0.0,0.0,0.0,1.0,0.0,0.0
13,50,2.0435571732408637,1.5910595808190753,0.0,0.0,1.0,0.0,0.0,1.0
14,50,8.496914481570842,5.670356550269627,0.0,1.0,0.0,0.0,0.0,0.0
15,50,0.9733561042697,3.2874128676542558,1.0,1.0,0.0,1.0,0.0,1.0
16,50,5.063440003686598,6.7328350212108825,0.0,0.0,1.0,1.0,1.0,0.0
17,50,11.35642328593782,12.0,0.0,0.0,0.0,1.0,0.0,1.0
18,50,7.761221574917899,1.7085298915702545,1.0,0.0,0.0,1.0,1.0,1.0
19,50,2.828446772014912,5.750580165623125,1.0,0.0,1.0,1.0,0.0,1.0
20,50,6.073915367123124,0.1536231413377833,0.0,0.0,1.0,1.0,1.0,0.0
21,50,4.511966057287226,0.8054844891200229,0.0,1.0,0.0,0.0,0.0,0.0
22,50,2.497269601743631,9.108028544868978,0.0,0.0,0.0,0.0,1.0,1.0
23,50,9.755210929537832,0.5867389550110108,1.0,1.0,0.0,0.0,0.0,1.0
24,50,4.385718692979398,1.4801757491075638,0.0,1.0,1.0,0.0,1.0,0.0
25,50,0.4857153345698682,11.11816829765644,0.0,1.0,0.0,0.0,0.0,1.0
26,50,8.32304620905671,3.1518129271522604,1.0,0.0,1.0,0.0,0.0,0.0
27,50,4.485055034244269,11.49153068017088,1.0,0.0,0.0,0.0,0.0,1.0
28,50,8.185903401449039,7.07661302024437,0.0,0.0,0.0,1.0,0.0,0.0
29,50,6.960545098314529,12.0,1.0,1.0,1.0,1.0,0.0,1.0
30,50,7.367493870766204,11.77789557473887,1.0,1.0,1.0,0.0,1.0,1.0
31,50,1.3137919288761075,11.378267708530318,0.0,1.0,1.0,0.0,1.0,1.0
32,50,7.35394890998205,0.5047389742911029,1.0,0.0,1.0,0.0,1.0,0.0
33,50,4.287887110858956,1.4433120186269108,1.0,0.0,0.0,1.0,1.0,0.0
34,50,6.320560091053475,9.29656870624842,0.0,0.0,0.0,0.0,0.0,1.0
35,50,11.639316033770251,2.430819030952718,0.0,1.0,1.0,0.0,0.0,0.0
36,50,7.359727734806345,9.58642044022227,1.0,1.0,1.0,0.0,0.0,0.0
37,50,2.440438740474256,6.407402925682982,0.0,0.0,0.0,1.0,0.0,1.0
38,50,4.999162506518437,3.970993860779537,1.0,0.0,0.0,0.0,0.0,0.0
39,50,7.982791849792052,2.9988994348495037,0.0,0.0,1.0,1.0,0.0,0.0
0,55,7.402025144096919,11.076064354178971,1.0,0.0,1.0,0.0,0.0,0.0
1,55,6.981247517874825,3.5082697559671776,1.0,0.0,0.0,0.0,0.0,1.0
2,55,3.6659508233416815,3.8095134499008023,1.0,0.0,0.0,1.0,0.0,0.0
3,55,8.629789194347133,4.224366334700759,0.0,0.0,0.0,0.0,0.0,1.0
4,55,4.664507840687436,5.805989205974993,0.0,0.0,1.0,0.0,1.0,1.0
5,55,5.407195553878089,0.0,1.0,1.0,0.0,0.0,1.0,0.0
6,55,9.139204888473504,5.537235453809635,0.0,1.0,0.0,1.0,0.0,1.0
7,55,0.3423384131541818,11.79703379313301,0.0,1.0,0.0,0.0,1.0,0.0
8,55,3.60166643373258,0.1917629747417386,0.0,1.0,0.0,0.0,0.0,1.0
9,55,0.8893724705193071,1.6721019553513143,1.0,0.0,0.0,0.0,1.0,1.0
10,55,2.8731311177776995,11.380101804644116,0.0,1.0,1.0,0.0,1.0,1.0
11,55,10.911344079686003,5.695335996499732,0.0,0.0,1.0,0.0,1.0,0.0
12,55,11.932965152513646,6.890034134126878,0.0,0.0,0.0,1.0,0.0,0.0
13,55,2.047004124634171,1.5513254169993316,0.0,0.0,1.0,0.0,0.0,1.0
14,55,8.449367741777346,5.640836580334866,0.0,1.0,0.0,0.0,0.0,0.0
15,55,1.0358097774658828,3.281962123766892,1.0,1.0,0.0,1.0,0.0,1.0
16,55,5.065297633814736,6.72282641065943,0.0,0.0,1.0,1.0,1.0,0.0
17,55,11.237789411602298,12.0,0.0,0.0,0.0,1.0,0.0,1.0
18,55,7.738967633223255,1.763294735654329,1.0,0.0,0.0,1.0,1.0,1.0
19,55,2.863767001646373,5.738485979540728,1.0,0.0,1.0,1.0,0.0,1.0
20,55,6.06146921702008,0.1307706660315229,0.0,0.0,1.0,1.0,1.0,0.0
21,55,4.589231152580464,0.8099360909889848,0.0,1.0,0.0,0.0,0.0,0.0
22,55,2.5188912436217907,9.091407053235764,0.0,0.0,0.0,0.0,1.0,1.0
23,55,9.846159032432126,0.661060802074299,1.0,1.0,0.0,0.0,0.0,1.0
24,55,4.441867109895521,1.5530663814058778,0.0,1.0,1.0,0.0,1.0,0.0
25,55,0.4658825529453468,11.050629790013163,0.0,1.0,0.0,0.0,0.0,1.0
26,55,8.341281164148725,3.100567782627689,1.0,0.0,1.0,0.0,0.0,0.0
27,55,4.518562927200579,11.45852637489104,1.0,0.0,0.0,0.0,0.0,1.0
28,55,8.200758805745437,6.963630581181921,0.0,0.0,0.0,1.0,0.0,0.0
29,55,6.958110455315438,12.0,1.0,1.0,1.0,1.0,0.0,1.0
30,55,7.402640135808014,11.860010446712163,1.0,1.0,1.0,0.0,1.0,1.0
31,55,1.3262024773650607,11.355478370559986,0.0,1.0,1.0,0.0,1.0,1.0
32,55,7.374342334193909,0.3686485343174546,1.0,0.0,1.0,0.0,1.0,0.0
33,55,4.31190129399874,1.4857394925728795,1.0,0.0,0.0,1.0,1.0,0.0
34,55,6.232002880532993,9.336638010740634,0.0,0.0,0.0,0.0,0.0,1.0
35,55,11.598183869054438,2.480011571757036,0.0,1.0,1.0,0.0,0.0,0.0
36,55,7.383609799524072,9.559816563079952,1.0,1.0,1.0,0.0,0.0,0.0
37,55,2.385224510262241,6.446998464200905,0.0,0.0,0.0,1.0,0.0,1.0
38,55,4.903751675689368,3.9681300183992056,1.0,0.0,0.0,0.0,0.0,0.0
39,55,7.953420681956305,2.995590371141362,0.0,0.0,1.0,1.0,0.0,0.0
0,60,7.364020347990542,11.07986633145338,1.0,0.0,1.0,0.0,0.0,0.0
1,60,6.980699263526075,3.496188463717224,1.0,0.0,0.0,0.0,0.0,1.0
2,60,3.640747618343009,3.8665175575129007,1.0,0.0,0.0,1.0,0.0,0.0
3,60,8.591488794695266,4.145594057710138,0.0,0.0,0.0,0.0,0.0,1.0
4,60,4.791383704313335,5.812011253015259,0.0,0.0,1.0,0.0,1.0,1.0
5,60,5.452057102340294,0.0,1.0,1.0,0.0,0.0,1.0,0.0
6,60,9.01296848216026,5.470506332685573,0.0,1.0,0.0,1.0,0.0,1.0
7,60,0.3711182745712489,11.779981803347424,0.0,1.0,0.0,0.0,1.0,0.0
8,60,3.580369579825432,0.1559007039330455,0.0,1.0,0.0,0.0,0.0,1.0
9,60,0.8943340351262746,1.6263239145124442,1.0,0.0,0.0,0.0,1.0,1.0
10,60,2.9501181692062546,11.496397073754457,0.0,1.0,1.0,0.0,1.0,1.0
11,60,10.903867082867844,5.665630589955737,0.0,0.0,1.0,0.0,1.0,0.0
12,60,11.932480373998402,6.88926464983444,0.0,0.0,0.0,1.0,0.0,0.0
13,60,2.052549527590993,1.4939189797545531,0.0,0.0,1.0,0.0,0.0,1.0
14,60,8.410752204323778,5.617200121183209,0.0,1.0,0.0,0.0,0.0,0.0
15,60,1.0957148913456969,3.279311036727297,1.0,1.0,0.0,1.0,0.0,1.0
16,60,5.062280696831737,6.738413339266358,0.0,0.0,1.0,1.0,1.0,0.0
17,60,11.118816479860342,12.0,0.0,0.0,0.0,1.0,0.0,1.0
18,60,7.715685395247543,1.8238457875210317,1.0,0.0,0.0,1.0,1.0,1.0
19,60,2.9085859633764506,5.722399293838716,1.0,0.0,1.0,1.0,0.0,1.0
20,60,6.049305822870062,0.1093393133096173,0.0,0.0,1.0,1.0,1.0,0.0
21,60,4.660080178923737,0.8142381938272906,0.0,1.0,0.0,0.0,0.0,0.0
22,60,2.5527143374458543,9.066405483031868,0.0,0.0,0.0,0.0,1.0,1.0
23,60,9.925952790751545,0.7258920003471555,1.0,1.0,0.0,0.0,0.0,1.0
24,60,4.481945200568912,1.6035882115385571,0.0,1.0,1.0,0.0,1.0,0.0
25,60,0.4536617100647952,11.012517281638344,0.0,1.0,0.0,0.0,0.0,1.0
26,60,8.365230777395956,3.0324678522515,1.0,0.0,1.0,0.0,0.0,0.0
27,60,4.557526554867637,11.421761500557226,1.0,0.0,0.0,0.0,0.0,1.0
28,60,8.215585973076132,6.84741453243439,0.0,0.0,0.0,1.0,0.0,0.0
29,60,6.95461234663655,12.0,1.0,1.0,1.0,1.0,0.0,1.0
30,60,7.442978449209165,11.947835678843708,1.0,1.0,1.0,0.0,1.0,1.0
31,60,1.3576233932318789,11.29829695495996,0.0,1.0,1.0,0.0,1.0,1.0
32,60,7.386035548122338,0.2639009883042514,1.0,0.0,1.0,0.0,1.0,0.0
33,60,4.340368030376213,1.5397104137494713,1.0,0.0,0.0,1.0,1.0,0.0
34,60,6.154042837136746,9.37238225880389,0.0,0.0,0.0,0.0,0.0,1.0
35,60,11.570457350300696,2.512720817394785,0.0,1.0,1.0,0.0,0.0,0.0
36,60,7.411557771585714,9.529912588529635,1.0,1.0,1.0,0.0,0.0,0.0
37,60,2.3128383911613706,6.495770593293148,0.0,0.0,0.0,1.0,0.0,1.0
38,60,4.8078887853117,3.967180783873271,1.0,0.0,0.0,0.0,0.0,0.0
39,60,7.926373557763742,2.9926294692777597,0.0,0.0,1.0,1.0,0.0,0.0
0,65,7.31325534379386,11.085975530489788,1.0,0.0,1.0,0.0,0.0,0.0
1,65,6.980557358487328,3.4940624840333943,1.0,0.0,0.0,0.0,0.0,1.0
2,65,3.622331592969693,3.908597622851626,1.0,0.0,0.0,1.0,0.0,0.0
3,65,8.556914793386364,4.073744826872808,0.0,0.0,0.0,0.0,0.0,1.0
4,65,4.924746633573414,5.819622901936657,0.0,0.0,1.0,0.0,1.0,1.0
5,65,5.498730424405653,0.0,1.0,1.0,0.0,0.0,1.0,0.0
6,65,8.856701333884882,5.386048958285478,0.0,1.0,0.0,1.0,0.0,1.0
7,65,0.4070413484769607,11.757573476597686,0.0,1.0,0.0,0.0,1.0,0.0
8,65,3.562026430905893,0.1234909252681227,0.0,1.0,0.0,0.0,0.0,1.0
9,65,0.9029181542986294,1.5619100380711832,1.0,0.0,0.0,0.0,1.0,1.0
10,65,3.0227184664716886,11.60378867594546,0.0,1.0,1.0,0.0,1.0,1.0
11,65,10.900709038746898,5.653835962392043,0.0,0.0,1.0,0.0,1.0,0.0
12,65,11.94639096307201,6.91145266641317,0.0,0.0,0.0,1.0,0.0,0.0
13,65,2.059153508751432,1.4457399428908335,0.0,0.0,1.0,0.0,0.0,1.0
14,65,8.384589960506569,5.601051312796727,0.0,1.0,0.0,0.0,0.0,0.0
15,65,1.1637583767014916,3.276965995722142,1.0,1.0,0.0,1.0,0.0,1.0
16,65,5.053398456665188,6.787011355878004,0.0,0.0,1.0,1.0,1.0,0.0
17,65,10.985703880946376,12.0,0.0,0.0,0.0,1.0,0.0,1.0
18,65,7.691972985469776,1.882923336853903,1.0,0.0,0.0,1.0,1.0,1.0
19,65,2.960939249733116,5.704760029188879,1.0,0.0,1.0,1.0,0.0,1.0
20,65,6.044049655568331,0.1002313825707213,0.0,0.0,1.0,1.0,1.0,0.0
21,65,4.729814359254147,0.8160687510953871,0.0,1.0,0.0,0.0,0.0,0.0
22,65,2.5799533938444426,9.046084705360338,0.0,0.0,0.0,0.0,1.0,1.0
23,65,10.010902571833173,0.7946455599820725,1.0,1.0,0.0,0.0,0.0,1.0
24,65,4.532931671676278,1.6682808018285835,0.0,1.0,1.0,0.0,1.0,0.0
25,65,0.4459276967925936,10.985495284104038,0.0,1.0,0.0,0.0,0.0,1.0
26,65,8.387490229925668,2.966476540944724,1.0,0.0,1.0,0.0,0.0,0.0
27,65,4.592391630720659,11.389132944479206,1.0,0.0,0.0,0.0,0.0,1.0
28,65,8.228141846389551,6.748273992121945,0.0,0.0,0.0,1.0,0.0,0.0
29,65,6.949001385148749,12.0,1.0,1.0,1.0,1.0,0.0,1.0
30,65,7.483353244179928,12.0,1.0,1.0,1.0,0.0,1.0,1.0
31,65,1.397082957367508,11.319060141959564,0.0,1.0,1.0,0.0,1.0,1.0
32,65,7.399179371299731,0.1644430535142965,1.0,0.0,1.0,0.0,1.0,0.0
33,65,4.355794808103583,1.5672374012276198,1.0,0.0,0.0,1.0,1.0,0.0
34,65,6.08945243953863,9.403572686809056,0.0,0.0,0.0,0.0,0.0,1.0
35,65,11.538651018430798,2.5508761908693933,0.0,1.0,1.0,0.0,0.0,0.0
36,65,7.441652171380261,9.498760442508692,1.0,1.0,1.0,0.0,0.0,0.0
37,65,2.236725537622636,6.546126959238349,0.0,0.0,0.0,1.0,0.0,1.0
38,65,4.709476762784638,3.965028599893576,1.0,0.0,0.0,0.0,0.0,0.0
39,65,7.884587792550045,2.9861919048120664,0.0,0.0,1.0,1.0,0.0,0.0
0,70,7.251169239713951,11.095193679530713,1.0,0.0,1.0,0.0,0.0,0.0
1,70,6.983805107840933,3.533884113234298,1.0,0.0,0.0,0.0,0.0,1.0
2,70,3.6084989814228887,3.9393350400407767,1.0,0.0,0.0,1.0,0.0,0.0
3,70,8.517635674662898,3.9934415215339945,0.0,0.0,0.0,0.0,0.0,1.0
4,70,5.089294839786515,5.832151827212624,0.0,0.0,1.0,0.0,1.0,1.0
5,70,5.542839111382111,0.0,1.0,1.0,0.0,0.0,1.0,0.0
6,70,8.695724681619723,5.306830291185753,0.0,1.0,0.0,1.0,0.0,1.0
7,70,0.4251911933945997,11.74642452008471,0.0,1.0,0.0,0.0,1.0,0.0
8,70,3.5338286922006503,0.0741578975667935,0.0,1.0,0.0,0.0,0.0,1.0
9,70,0.9074788968147148,1.528225858830959,1.0,0.0,0.0,0.0,1.0,1.0
10,70,3.110941517022085,11.737337891599037,0.0,1.0,1.0,0.0,1.0,1.0
11,70,10.897619233387806,5.642076525509578,0.0,0.0,1.0,0.0,1.0,0.0
12,70,11.964991791892432,6.943929274388257,0.0,0.0,0.0,1.0,0.0,0.0
13,70,2.065504570932288,1.3960528683804645,0.0,0.0,1.0,0.0,0.0,1.0
14,70,8.362396695315418,5.587559645920748,0.0,1.0,0.0,0.0,0.0,0.0
15,70,1.227543841597768,3.276667273202452,1.0,1.0,0.0,1.0,0.0,1.0
16,70,5.046360428023716,6.826768367432021,0.0,0.0,1.0,1.0,1.0,0.0
17,70,10.851334236500836,12.0,0.0,0.0,0.0,1.0,0.0,1.0
18,70,7.666716706044084,1.9524426750366213,1.0,0.0,0.0,1.0,1.0,1.0
19,70,3.002700746365205,5.692046340246149,1.0,0.0,1.0,1.0,0.0,1.0
20,70,6.033156386885992,0.0800855596695496,0.0,0.0,1.0,1.0,1.0,0.0
21,70,4.801156846989727,0.8174610077873057,0.0,1.0,0.0,0.0,0.0,0.0
22,70,2.593572243746291,9.036204992769491,0.0,0.0,0.0,0.0,1.0,1.0
23,70,10.098796212815728,0.8654453569024121,1.0,1.0,0.0,0.0,0.0,1.0
24,70,4.598616461098298,1.7508130610915067,0.0,1.0,1.0,0.0,1.0,0.0
25,70,0.4380963684782351,10.956261312135144,0.0,1.0,0.0,0.0,0.0,1.0
26,70,8.413889721552835,2.895964431897585,1.0,0.0,1.0,0.0,0.0,0.0
27,70,4.638501240595144,11.347366904945453,1.0,0.0,0.0,0.0,0.0,1.0
28,70,8.239241949756293,6.668130832695948,0.0,0.0,0.0,1.0,0.0,0.0
29,70,6.943691728371009,12.0,1.0,1.0,1.0,1.0,0.0,1.0
30,70,7.523659069600018,12.0,1.0,1.0,1.0,0.0,1.0,1.0
31,70,1.4174301834784784,11.329767052717592,0.0,1.0,1.0,0.0,1.0,1.0
32,70,7.412771902595291,0.0650723966502577,1.0,0.0,1.0,0.0,1.0,0.0
33,70,4.373017465523224,1.597270906169544,1.0,0.0,0.0,1.0,1.0,0.0
34,70,6.006195187391891,9.445021896067177,0.0,0.0,0.0,0.0,0.0,1.0
35,70,11.503213850481607,2.5948109745571166,0.0,1.0,1.0,0.0,0.0,0.0
36,70,7.471316360709171,9.466488941328134,1.0,1.0,1.0,0.0,0.0,0.0
37,70,2.1613707750088187,6.597292244730295,0.0,0.0,0.0,1.0,0.0,1.0
38,70,4.613430422982825,3.96150144725264,1.0,0.0,0.0,0.0,0.0,0.0
39,70,7.849776622664457,2.981477714393072,0.0,0.0,1.0,1.0,0.0,0.0
0,75,7.214032714681645,11.099910054325251,1.0,0.0,1.0,0.0,0.0,0.0
1,75,6.98663791991808,3.560647695819474,1.0,0.0,0.0,0.0,0.0,1.0
2,75,3.588739522622379,3.9843226312918416,1.0,0.0,0.0,1.0,0.0,0.0
3,75,8.485293148249575,3.923180109821496,0.0,0.0,0.0,0.0,0.0,1.0
4,75,5.251473430478182,5.848909681286068,0.0,0.0,1.0,0.0,1.0,1.0
5,75,5.586611278349981,0.0,1.0,1.0,0.0,0.0,1.0,0.0
6,75,8.544591248594008,5.232643537961192,0.0,1.0,0.0,1.0,0.0,1.0
7,75,0.4446937211020346,11.73401305553632,0.0,1.0,0.0,0.0,1.0,0.0
8,75,3.5061677176025903,0.0245343626095535,0.0,1.0,0.0,0.0,0.0,1.0
9,75,0.9136108949769728,1.473533933354083,1.0,0.0,0.0,0.0,1.0,1.0
10,75,3.198742595929871,11.873213165311752,0.0,1.0,1.0,0.0,1.0,1.0
11,75,10.886032616908125,5.5988843988714585,0.0,0.0,1.0,0.0,1.0,0.0
12,75,11.975776746618228,6.961988728762791,0.0,0.0,0.0,1.0,0.0,0.0
13,75,2.071832151730152,1.3397253699090534,0.0,0.0,1.0,0.0,0.0,1.0
14,75,8.342234288197716,5.5748963681973445,0.0,1.0,0.0,0.0,0.0,0.0
15,75,1.2755158076573825,3.276976368835458,1.0,1.0,0.0,1.0,0.0,1.0
16,75,5.037242837622206,6.871249164572671,0.0,0.0,1.0,1.0,1.0,0.0
17,75,10.706295430878765,12.0,0.0,0.0,0.0,1.0,0.0,1.0
18,75,7.634401384164789,2.037969625826876,1.0,0.0,0.0,1.0,1.0,1.0
19,75,3.0464970683840837,5.679670318810697,1.0,0.0,1.0,1.0,0.0,1.0
20,75,6.023139653029667,0.0616132012478154,0.0,0.0,1.0,1.0,1.0,0.0
21,75,4.845315528581341,0.8191278446243889,0.0,1.0,0.0,0.0,0.0,0.0
22,75,2.608133050647524,9.025345460942397,0.0,0.0,0.0,0.0,1.0,1.0
23,75,10.213652985890343,0.958117920839384,1.0,1.0,0.0,0.0,0.0,1.0
24,75,4.672314679557471,1.8412726030478272,0.0,1.0,1.0,0.0,1.0,0.0
25,75,0.4250117074066513,10.902053942852884,0.0,1.0,0.0,0.0,0.0,1.0
26,75,8.439555173364171,2.831274079321174,1.0,0.0,1.0,0.0,0.0,0.0
27,75,4.692818096208758,11.297348161872495,1.0,0.0,0.0,0.0,0.0,1.0
28,75,8.255288865016992,6.570238887476961,0.0,0.0,0.0,1.0,0.0,0.0
29,75,6.938277569429167,12.0,1.0,1.0,1.0,1.0,0.0,1.0
30,75,7.55862378799594,12.0,1.0,1.0,1.0,0.0,1.0,1.0
31,75,1.4553793763318257,11.349883397057312,0.0,1.0,1.0,0.0,1.0,1.0
32,75,7.427157765249835,0.0,1.0,0.0,1.0,0.0,1.0,0.0
33,75,4.390536455263151,1.6266663444688776,1.0,0.0,0.0,1.0,1.0,0.0
34,75,5.893737356083667,9.501818753590715,0.0,0.0,0.0,0.0,0.0,1.0
35,75,11.477840792268834,2.6256040908017213,0.0,1.0,1.0,0.0,0.0,0.0
36,75,7.4957775406800575,9.440315763999475,1.0,1.0,1.0,0.0,0.0,0.0
37,75,2.09245829227889,6.643096725223994,0.0,0.0,0.0,1.0,0.0,1.0
38,75,4.522589866587862,3.955830193244768,1.0,0.0,0.0,0.0,0.0,0.0
39,75,7.804541620084695,2.9767060012325457,0.0,0.0,1.0,1.0,0.0,0.0
0,80,7.189963913147119,11.10391336883542,1.0,0.0,1.0,0.0,0.0,0.0
1,80,6.988397076454923,3.5789265868500624,1.0,0.0,0.0,0.0,0.0,1.0
2,80,3.57078565361005,4.025839648069665,1.0,0.0,0.0,1.0,0.0,0.0
3,80,8.458177952455426,3.864785616237047,0.0,0.0,0.0,0.0,0.0,1.0
4,80,5.412333997055248,5.86385805431352,0.0,0.0,1.0,0.0,1.0,1.0
5,80,5.628584423345479,0.0,1.0,1.0,0.0,0.0,1.0,0.0
6,80,8.38850854310119,5.1569389596667135,0.0,1.0,0.0,1.0,0.0,1.0
7,80,0.4759837295523959,11.71373181974704,0.0,1.0,0.0,0.0,1.0,0.0
8,80,3.4702495285952217,0.0,0.0,1.0,0.0,0.0,0.0,1.0
9,80,0.916736631898719,1.4426614904252446,1.0,0.0,0.0,0.0,1.0,1.0
10,80,3.289561013089592,12.0,0.0,1.0,1.0,0.0,1.0,1.0
11,80,10.877078266905851,5.566652124017736,0.0,0.0,1.0,0.0,1.0,0.0
12,80,11.992497661131942,6.988423634478628,0.0,0.0,0.0,1.0,0.0,0.0
13,80,2.0767723964095857,1.2921414546595524,0.0,0.0,1.0,0.0,0.0,1.0
14,80,8.307722501669604,5.553297323947295,0.0,1.0,0.0,0.0,0.0,0.0
15,80,1.3312838355145091,3.2746103484621694,1.0,1.0,0.0,1.0,0.0,1.0
16,80,5.030920045880049,6.902826543678611,0.0,0.0,1.0,1.0,1.0,0.0
17,80,10.574348670625888,12.0,0.0,0.0,0.0,1.0,0.0,1.0
18,80,7.600697839874026,2.124500965481709,1.0,0.0,0.0,1.0,1.0,1.0
19,80,3.099587855873754,5.664730318686684,1.0,0.0,1.0,1.0,0.0,1.0
20,80,6.012860043083926,0.0423205823697329,0.0,0.0,1.0,1.0,1.0,0.0
21,80,4.884956707015404,0.8213857365615346,0.0,1.0,0.0,0.0,0.0,0.0
22,80,2.6501103243122106,8.993258617314776,0.0,0.0,0.0,0.0,1.0,1.0
23,80,10.316834567239193,1.0404342684973802,1.0,1.0,0.0,0.0,0.0,1.0
24,80,4.738935774806064,1.9240520028588024,0.0,1.0,1.0,0.0,1.0,0.0
25,80,0.4085983897725583,10.83184491944656,0.0,1.0,0.0,0.0,0.0,1.0
26,80,8.463594026638365,2.7699089322030312,1.0,0.0,1.0,0.0,0.0,0.0
27,80,4.7518759116221565,11.242632587781973,1.0,0.0,0.0,0.0,0.0,1.0
28,80,8.269757808686965,6.474000994225985,0.0,0.0,0.0,1.0,0.0,0.0
29,80,6.935633841102925,12.0,1.0,1.0,1.0,1.0,0.0,1.0
30,80,7.592442746099111,12.0,1.0,1.0,1.0,0.0,1.0,1.0
31,80,1.4996688666934113,11.372497635421777,0.0,1.0,1.0,0.0,1.0,1.0
32,80,7.439797509754853,0.0,1.0,0.0,1.0,0.0,1.0,0.0
33,80,4.403761305957743,1.6498379838180786,1.0,0.0,0.0,1.0,1.0,0.0
34,80,5.779240112416136,9.557330676724144,0.0,0.0,0.0,0.0,0.0,1.0
35,80,11.45364162229744,2.6561975223371137,0.0,1.0,1.0,0.0,0.0,0.0
36,80,7.527960104106801,9.408146533858911,1.0,1.0,1.0,0.0,0.0,0.0
37,80,2.02837394917716,6.688149725218118,0.0,0.0,0.0,1.0,0.0,1.0
38,80,4.438211070164836,3.951402154254729,1.0,0.0,0.0,0.0,0.0,0.0
39,80,7.765437948235191,2.9720696553603045,0.0,0.0,1.0,1.0,0.0,0.0
0,85,7.181005059016659,11.105394688970344,1.0,0.0,1.0,0.0,0.0,0.0
1,85,6.989457710685903,3.5905554529281805,1.0,0.0,0.0,0.0,0.0,1.0
2,85,3.5441899958714878,4.090790773685712,1.0,0.0,0.0,1.0,0.0,0.0
3,85,8.436964484989902,3.816942886740292,0.0,0.0,0.0,0.0,0.0,1.0
4,85,5.575366475106856,5.886017226109104,0.0,0.0,1.0,0.0,1.0,1.0
5,85,5.665417608708772,0.0,1.0,1.0,0.0,0.0,1.0,0.0
6,85,8.245960667798519,5.092537230432525,0.0,1.0,0.0,1.0,0.0,1.0
7,85,0.5021995427603455,11.6966630476479,0.0,1.0,0.0,0.0,1.0,0.0
8,85,3.437162939908117,0.0,0.0,1.0,0.0,0.0,0.0,1.0
9,85,0.9195206147515288,1.4080046277910463,1.0,0.0,0.0,0.0,1.0,1.0
10,85,3.380677547361868,12.0,0.0,1.0,1.0,0.0,1.0,1.0
11,85,10.873317287644026,5.552916044407199,0.0,0.0,1.0,0.0,1.0,0.0
12,85,12.0,7.021598138304089,0.0,0.0,0.0,1.0,0.0,0.0
13,85,2.0835072555964853,1.23229355171756,0.0,0.0,1.0,0.0,0.0,1.0
14,85,8.26668607113335,5.528051850366096,0.0,1.0,0.0,0.0,0.0,0.0
15,85,1.3874933878102411,3.272259659982915,1.0,1.0,0.0,1.0,0.0,1.0
16,85,5.022724232652365,6.939007532848285,0.0,0.0,1.0,1.0,1.0,0.0
17,85,10.452511352966123,12.0,0.0,0.0,0.0,1.0,0.0,1.0
18,85,7.566416294224522,2.2105891322110973,1.0,0.0,0.0,1.0,1.0,1.0
19,85,3.142438871025925,5.651973519163564,1.0,0.0,1.0,1.0,0.0,1.0
20,85,6.007421667342156,0.0319813675589018,0.0,0.0,1.0,1.0,1.0,0.0
21,85,4.911314307644867,0.8227364525133227,0.0,1.0,0.0,0.0,0.0,0.0
22,85,2.696810609833056,8.961131745700046,0.0,0.0,0.0,0.0,1.0,1.0
23,85,10.428956298707847,1.1282827841114558,1.0,1.0,0.0,0.0,0.0,1.0
24,85,4.801375188629458,2.003713861908251,0.0,1.0,1.0,0.0,1.0,0.0
25,85,0.3951891530145089,10.774783945948354,0.0,1.0,0.0,0.0,0.0,1.0
26,85,8.487298717340886,2.7093045123567463,1.0,0.0,1.0,0.0,0.0,0.0
27,85,4.823193022607359,11.179397930920974,1.0,0.0,0.0,0.0,0.0,1.0
28,85,8.288447126021541,6.374171647641933,0.0,0.0,0.0,1.0,0.0,0.0
29,85,6.931907156430031,12.0,1.0,1.0,1.0,1.0,0.0,1.0
30,85,7.620867951006853,12.0,1.0,1.0,1.0,0.0,1.0,1.0
31,85,1.524015320462481,11.383997812578318,0.0,1.0,1.0,0.0,1.0,1.0
32,85,7.449284794786715,0.0,1.0,0.0,1.0,0.0,1.0,0.0
33,85,4.410374803451175,1.6613236230505244,1.0,0.0,0.0,1.0,1.0,0.0
34,85,5.673259282628384,9.608196806139462,0.0,0.0,0.0,0.0,0.0,1.0
35,85,11.437754882600585,2.6755674476342537,0.0,1.0,1.0,0.0,0.0,0.0
36,85,7.553480615466772,9.383837329701676,1.0,1.0,1.0,0.0,0.0,0.0
37,85,1.938625721869984,6.747257269711309,0.0,0.0,0.0,1.0,0.0,1.0
38,85,4.349751666794637,3.946204160373586,1.0,0.0,0.0,0.0,0.0,0.0
39,85,7.693998613023723,2.9630823837941893,0.0,0.0,1.0,1.0,0.0,0.0
0,90,7.18888707088192,11.10401081284795,1.0,0.0,1.0,0.0,0.0,0.0
1,90,6.9885286628530565,3.5785962897165557,1.0,0.0,0.0,0.0,0.0,1.0
2,90,3.514801497568304,4.160045202942921,1.0,0.0,0.0,1.0,0.0,0.0
3,90,8.421012593179723,3.779155948389912,0.0,0.0,0.0,0.0,0.0,1.0
4,90,5.7424453760587335,5.910575471161319,0.0,0.0,1.0,0.0,1.0,1.0
5,90,5.706989570515033,0.0,1.0,1.0,0.0,0.0,1.0,0.0
6,90,8.082902768391884,5.0195879506511,0.0,1.0,0.0,1.0,0.0,1.0
7,90,0.5275234353448698,11.680608390922284,0.0,1.0,0.0,0.0,1.0,0.0
8,90,3.406469367977452,0.0,0.0,1.0,0.0,0.0,0.0,1.0
9,90,0.9212852887853036,1.3832637849924287,1.0,0.0,0.0,0.0,1.0,1.0
10,90,3.4701127394761557,12.0,0.0,1.0,1.0,0.0,1.0,1.0
11,90,10.8636188205735,5.516799566916493,0.0,0.0,1.0,0.0,1.0,0.0
12,90,12.0,7.051752813499659,0.0,0.0,0.0,1.0,0.0,0.0
13,90,2.087346533240769,1.2008380085071024,0.0,0.0,1.0,0.0,0.0,1.0
14,90,8.194149369988114,5.484855648714166,0.0,1.0,0.0,0.0,0.0,0.0
15,90,1.4479419058585836,3.27061956601113,1.0,1.0,0.0,1.0,0.0,1.0
16,90,5.015818845296372,6.969872511049984,0.0,0.0,1.0,1.0,1.0,0.0
17,90,10.325978623681872,12.0,0.0,0.0,0.0,1.0,0.0,1.0
18,90,7.525136914011229,2.3124966380017224,1.0,0.0,0.0,1.0,1.0,1.0
19,90,3.15496364393687,5.648032080448748,1.0,0.0,1.0,1.0,0.0,1.0
20,90,6.00376391205556,0.0251598424238101,0.0,0.0,1.0,1.0,1.0,0.0
21,90,4.946758616005999,0.8238448478205495,0.0,1.0,0.0,0.0,0.0,0.0
22,90,2.736253141720141,8.93375247410876,0.0,0.0,0.0,0.0,1.0,1.0
23,90,10.54513620858369,1.2159556837747063,1.0,1.0,0.0,0.0,0.0,1.0
24,90,4.861292184827079,2.077637713198868,0.0,1.0,1.0,0.0,1.0,0.0
25,90,0.3865710086921853,10.735856682537012,0.0,1.0,0.0,0.0,0.0,1.0
26,90,8.51479061618407,2.6469631176360946,1.0,0.0,1.0,0.0,0.0,0.0
27,90,4.897075538889627,11.112481349218928,1.0,0.0,0.0,0.0,0.0,1.0
28,90,8.307411603061643,6.259215137597536,0.0,0.0,0.0,1.0,0.0,0.0
29,90,6.928440964416286,12.0,1.0,1.0,1.0,1.0,0.0,1.0
30,90,7.6498276169474515,12.0,1.0,1.0,1.0,0.0,1.0,1.0
31,90,1.550348477272226,11.396934262323498,0.0,1.0,1.0,0.0,1.0,1.0
32,90,7.459747784589,0.0,1.0,0.0,1.0,0.0,1.0,0.0
33,90,4.402501651611524,1.6472451826146293,1.0,0.0,0.0,1.0,1.0,0.0
34,90,5.708871671028303,9.684031535296926,0.0,0.0,0.0,0.0,0.0,1.0
35,90,11.424839908777424,2.690350291637073,0.0,1.0,1.0,0.0,0.0,0.0
36,90,7.580422027939516,9.359334816203036,1.0,1.0,1.0,0.0,0.0,0.0
37,90,1.8474144181425716,6.806052286936246,0.0,0.0,0.0,1.0,0.0,1.0
38,90,4.247941592609179,3.941337511283841,1.0,0.0,0.0,0.0,0.0,0.0
39,90,7.635762754318776,2.9562113474008185,0.0,0.0,1.0,1.0,0.0,0.0
0,95,7.188641649660771,11.10404634635784,1.0,0.0,1.0,0.0,0.0,0.0
1,95,6.988472684472014,3.57796424574292,1.0,0.0,0.0,0.0,0.0,1.0
2,95,3.4822546604902627,4.238927939356941,1.0,0.0,0.0,1.0,0.0,0.0
3,95,8.405586928076463,3.7444083634636094,0.0,0.0,0.0,0.0,0.0,1.0
4,95,5.887956820559097,5.926770750039705,0.0,0.0,1.0,0.0,1.0,1.0
5,95,5.754338366410634,0.0,1.0,1.0,0.0,0.0,1.0,0.0
6,95,7.888731473910799,4.936272377966463,0.0,1.0,0.0,1.0,0.0,1.0
7,95,0.5430724010740366,11.670836009079808,0.0,1.0,0.0,0.0,1.0,0.0
8,95,3.3779235126731693,0.0,0.0,1.0,0.0,0.0,0.0,1.0
9,95,0.9221502017490466,1.3639553930751187,1.0,0.0,0.0,0.0,1.0,1.0
10,95,3.561871414613974,12.0,0.0,1.0,1.0,0.0,1.0,1.0
11,95,10.853160156816884,5.476452269477236,0.0,0.0,1.0,0.0,1.0,0.0
12,95,12.0,7.096015250191381,0.0,0.0,0.0,1.0,0.0,0.0
13,95,2.0894170414316666,1.1853083701870586,0.0,0.0,1.0,0.0,0.0,1.0
14,95,8.128532303701194,5.446733100598309,0.0,1.0,0.0,0.0,0.0,0.0
15,95,1.4690567756426682,3.2703235927778977,1.0,1.0,0.0,1.0,0.0,1.0
16,95,5.012970734890387,6.984086822927911,0.0,0.0,1.0,1.0,1.0,0.0
17,95,10.177111881499506,12.0,0.0,0.0,0.0,1.0,0.0,1.0
18,95,7.477003629300465,2.4222198019173704,1.0,0.0,0.0,1.0,1.0,1.0
19,95,3.1723512526458624,5.643097516137552,1.0,0.0,1.0,1.0,0.0,1.0
20,95,6.007879159646726,0.0326613652029622,0.0,0.0,1.0,1.0,1.0,0.0
21,95,4.980598766116171,0.8245150410767306,0.0,1.0,0.0,0.0,0.0,0.0
22,95,2.7846701076871603,8.899805593894946,0.0,0.0,0.0,0.0,1.0,1.0
23,95,10.658450322109903,1.3008733193232884,1.0,1.0,0.0,0.0,0.0,1.0
24,95,4.915000076719285,2.143485460039531,0.0,1.0,1.0,0.0,1.0,0.0
25,95,0.3804713433296703,10.709755925816964,0.0,1.0,0.0,0.0,0.0,1.0
26,95,8.540595583954797,2.5867029490481244,1.0,0.0,1.0,0.0,0.0,0.0
27,95,4.974227310886163,11.042407656976629,1.0,0.0,0.0,0.0,0.0,1.0
28,95,8.322526298226302,6.153442508566744,0.0,0.0,0.0,1.0,0.0,0.0
29,95,6.924190354916551,12.0,1.0,1.0,1.0,1.0,0.0,1.0
30,95,7.6701979643522815,12.0,1.0,1.0,1.0,0.0,1.0,1.0
31,95,1.5806846318672634,11.411218766337258,0.0,1.0,1.0,0.0,1.0,1.0
32,95,7.469263850244709,0.0,1.0,0.0,1.0,0.0,1.0,0.0
33,95,4.399093619286328,1.641199444977086,1.0,0.0,0.0,1.0,1.0,0.0
34,95,5.750185335374371,9.770655185041202,0.0,0.0,0.0,0.0,0.0,1.0
35,95,11.403556000733191,2.7147842796118677,0.0,1.0,1.0,0.0,0.0,0.0
36,95,7.603577120710475,9.337537461493838,1.0,1.0,1.0,0.0,0.0,0.0
37,95,1.737526931100645,6.8785432569486975,0.0,0.0,0.0,1.0,0.0,1.0
38,95,4.143330468289812,3.93595129297229,1.0,0.0,0.0,0.0,0.0,0.0
39,95,7.594494251089271,2.9510517554489177,0.0,0.0,1.0,1.0,0.0,0.0
0,100,7.186079845834862,11.104409679075896,1.0,0.0,1.0,0.0,0.0,0.0
1,100,6.9873609925656,3.564063191227425,1.0,0.0,0.0,0.0,0.0,1.0
2,100,3.4516783594975275,4.3142666678299975,1.0,0.0,0.0,1.0,0.0,0.0
3,100,8.398615055937356,3.728550085994051,0.0,0.0,0.0,0.0,0.0,1.0
4,100,6.037980759000719,5.948510439338227,0.0,0.0,1.0,0.0,1.0,1.0
5,100,5.807208115070073,0.0,1.0,1.0,0.0,0.0,1.0,0.0
6,100,7.699298984384532,4.855451031012398,0.0,1.0,0.0,1.0,0.0,1.0
7,100,0.5579123439471687,11.661942247217931,0.0,1.0,0.0,0.0,1.0,0.0
8,100,3.349419584158155,0.0,0.0,1.0,0.0,0.0,0.0,1.0
9,100,0.9224048180902704,1.3582499874506757,1.0,0.0,0.0,0.0,1.0,1.0
10,100,3.642283194814389,12.0,0.0,1.0,1.0,0.0,1.0,1.0
11,100,10.841083774135615,5.430441500551609,0.0,0.0,1.0,0.0,1.0,0.0
12,100,12.0,7.142895329482393,0.0,0.0,0.0,1.0,0.0,0.0
13,100,2.096176507364009,1.1394733130244714,0.0,0.0,1.0,0.0,0.0,1.0
14,100,8.06614928837468,5.411485948377814,0.0,1.0,0.0,0.0,0.0,0.0
15,100,1.4821196036865034,3.269920658450576,1.0,1.0,0.0,1.0,0.0,1.0
16,100,5.010450868573359,6.999123683715457,0.0,0.0,1.0,1.0,1.0,0.0
17,100,10.040855936296484,12.0,0.0,0.0,0.0,1.0,0.0,1.0
18,100,7.425658621000872,2.529068735623885,1.0,0.0,0.0,1.0,1.0,1.0
19,100,3.189613134189932,5.638056261497441,1.0,0.0,1.0,1.0,0.0,1.0
20,100,6.0262126282485164,0.0667428173530892,0.0,0.0,1.0,1.0,1.0,0.0
21,100,4.998200302711337,0.8247710433414328,0.0,1.0,0.0,0.0,0.0,0.0
22,100,2.830507242053528,8.867858655609359,0.0,0.0,0.0,0.0,1.0,1.0
23,100,10.77467918820198,1.3898244357019198,1.0,1.0,0.0,0.0,0.0,1.0
24,100,4.966625695086005,2.2079125414663983,0.0,1.0,1.0,0.0,1.0,0.0
25,100,0.3746921525945536,10.687088328215276,0.0,1.0,0.0,0.0,0.0,1.0
26,100,8.557417880432347,2.5504068734506653,1.0,0.0,1.0,0.0,0.0,0.0
27,100,5.074270447315564,10.951110112570165,1.0,0.0,0.0,0.0,0.0,1.0
28,100,8.339980579800988,6.035058070840762,0.0,0.0,0.0,1.0,0.0,0.0
29,100,6.919606749787947,12.0,1.0,1.0,1.0,1.0,0.0,1.0
30,100,7.691378239931674,12.0,1.0,1.0,1.0,0.0,1.0,1.0
31,100,1.613975980980575,11.427377573790006,0.0,1.0,1.0,0.0,1.0,1.0
32,100,7.47613379080179,0.0,1.0,0.0,1.0,0.0,1.0,0.0
33,100,4.39085784170851,1.6264653168196264,1.0,0.0,0.0,1.0,1.0,0.0
34,100,5.789111687415407,9.850397618965502,0.0,0.0,0.0,0.0,0.0,1.0
35,100,11.37230253917178,2.7512427472108234,0.0,1.0,1.0,0.0,0.0,0.0
36,100,7.590484187787091,9.322943518314537,1.0,1.0,1.0,0.0,0.0,0.0
37,100,1.6191603687911391,6.953670045621671,0.0,0.0,0.0,1.0,0.0,1.0
38,100,4.043312638112465,3.929363647128732,1.0,0.0,0.0,0.0,0.0,0.0
39,100,7.563471819109534,2.946899872418108,0.0,0.0,1.0,1.0,0.0,0.0
0,105,7.178627570093604,11.105267588045905,1.0,0.0,1.0,0.0,0.0,0.0
1,105,6.986857466047608,3.5572065264648627,1.0,0.0,0.0,0.0,0.0,1.0
2,105,3.4205241246036997,4.387315263236962,1.0,0.0,0.0,1.0,0.0,0.0
3,105,8.379866569429758,3.6851522005899993,0.0,0.0,0.0,0.0,0.0,1.0
4,105,6.183602493442246,5.967161820790837,0.0,0.0,1.0,0.0,1.0,1.0
5,105,5.858023896830653,0.0,1.0,1.0,0.0,0.0,1.0,0.0
6,105,7.516060819328812,4.781682962083825,0.0,1.0,0.0,1.0,0.0,1.0
7,105,0.5555335910046959,11.663362562254363,0.0,1.0,0.0,0.0,1.0,0.0
8,105,3.32479377822722,0.0,0.0,1.0,0.0,0.0,0.0,1.0
9,105,0.9229272281593346,1.3361227732963032,1.0,0.0,0.0,0.0,1.0,1.0
10,105,3.729245853101137,12.0,0.0,1.0,1.0,0.0,1.0,1.0
11,105,10.8340999735152,5.404579707702028,0.0,0.0,1.0,0.0,1.0,0.0
12,105,12.0,7.1849265858138,0.0,0.0,0.0,1.0,0.0,0.0
13,105,2.102011279439017,1.103248970646824,0.0,0.0,1.0,0.0,0.0,1.0
14,105,8.011668433890668,5.382053994699496,0.0,1.0,0.0,0.0,0.0,0.0
15,105,1.478588088600194,3.2700976313293384,1.0,1.0,0.0,1.0,0.0,1.0
16,105,5.010483950240624,6.998934969560276,0.0,0.0,1.0,1.0,1.0,0.0
17,105,9.881303611588862,12.0,0.0,0.0,0.0,1.0,0.0,1.0
18,105,7.368179758391807,2.651055038775709,1.0,0.0,0.0,1.0,1.0,1.0
19,105,3.18016828840354,5.64087051099581,1.0,0.0,1.0,1.0,0.0,1.0
20,105,6.049505541754338,0.1089825843318744,0.0,0.0,1.0,1.0,1.0,0.0
21,105,5.052730392384147,0.826667202134488,0.0,1.0,0.0,0.0,0.0,0.0
22,105,2.8805366870364746,8.833815174177442,0.0,0.0,0.0,0.0,1.0,1.0
23,105,10.903093676379571,1.48463078096263,1.0,1.0,0.0,0.0,0.0,1.0
24,105,5.012299130318916,2.2648002883023963,0.0,1.0,1.0,0.0,1.0,0.0
25,105,0.3642252955684362,10.647182249988289,0.0,1.0,0.0,0.0,0.0,1.0
26,105,8.57858972093681,2.503657499820048,1.0,0.0,1.0,0.0,0.0,0.0
27,105,5.179251150464807,10.850212491566603,1.0,0.0,0.0,0.0,0.0,1.0
28,105,8.35969943730393,5.898919215222207,0.0,0.0,0.0,1.0,0.0,0.0
29,105,6.916672909075108,12.0,1.0,1.0,1.0,1.0,0.0,1.0
30,105,7.710379573446355,12.0,1.0,1.0,1.0,0.0,1.0,1.0
31,105,1.64666225617404,11.443921911740942,0.0,1.0,1.0,0.0,1.0,1.0
32,105,7.484484671729668,0.0,1.0,0.0,1.0,0.0,1.0,0.0
33,105,4.3805804774466255,1.6084269355023135,1.0,0.0,0.0,1.0,1.0,0.0
34,105,5.83468755623304,9.944605912352303,0.0,0.0,0.0,0.0,0.0,1.0
35,105,11.34932688251768,2.779812509238687,0.0,1.0,1.0,0.0,0.0,0.0
36,105,7.578761292738174,9.309266707038468,1.0,1.0,1.0,0.0,0.0,0.0
37,105,1.5164426560187767,7.022667002825597,0.0,0.0,0.0,1.0,0.0,1.0
38,105,3.9656771606488848,3.925639889593239,1.0,0.0,0.0,0.0,0.0,0.0
39,105,7.525712573096819,2.94088508663852,0.0,0.0,1.0,1.0,0.0,0.0
0,110,7.168591267558623,11.106658588968664,1.0,0.0,1.0,0.0,0.0,0.0
1,110,6.988311287298345,3.573543211191682,1.0,0.0,0.0,0.0,0.0,1.0
2,110,3.3822444690186857,4.481120724647443,1.0,0.0,0.0,1.0,0.0,0.0
3,110,8.355242652940502,3.633507898987286,0.0,0.0,0.0,0.0,0.0,1.0
4,110,6.315658677554406,5.985853510488687,0.0,0.0,1.0,0.0,1.0,1.0
5,110,5.902314832702972,0.0,1.0,1.0,0.0,0.0,1.0,0.0
6,110,7.345082809628884,4.709000769581549,0.0,1.0,0.0,1.0,0.0,1.0
7,110,0.5504946691687046,11.666447458834206,0.0,1.0,0.0,0.0,1.0,0.0
8,110,3.297921990184279,0.0,0.0,1.0,0.0,0.0,0.0,1.0
9,110,0.9235538711137256,1.3138293206181402,1.0,0.0,0.0,0.0,1.0,1.0
10,110,3.810909050006747,12.0,0.0,1.0,1.0,0.0,1.0,1.0
11,110,10.873179560161566,5.393702271733583,0.0,0.0,1.0,0.0,1.0,0.0
12,110,12.0,7.231610427712982,0.0,0.0,0.0,1.0,0.0,0.0
13,110,2.110086474395496,1.056699774701801,0.0,0.0,1.0,0.0,0.0,1.0
14,110,7.962887051682866,5.355418862673619,0.0,1.0,0.0,0.0,0.0,0.0
15,110,1.478005809096326,3.270127086790589,1.0,1.0,0.0,1.0,0.0,1.0
16,110,5.011218310136182,6.994648482216627,0.0,0.0,1.0,1.0,1.0,0.0
17,110,9.711567553676597,12.0,0.0,0.0,0.0,1.0,0.0,1.0
18,110,7.315958286501772,2.7642956014634765,1.0,0.0,0.0,1.0,1.0,1.0
19,110,3.1685305858835675,5.644504596390765,1.0,0.0,1.0,1.0,0.0,1.0
20,110,6.071359442267203,0.1453612853317734,0.0,0.0,1.0,1.0,1.0,0.0
21,110,5.109926785660269,0.8298208098577392,0.0,1.0,0.0,0.0,0.0,0.0
22,110,2.9384462418080166,8.793538662906636,0.0,0.0,0.0,0.0,1.0,1.0
23,110,11.029978863355446,1.5738920277624937,1.0,1.0,0.0,0.0,0.0,1.0
24,110,5.045677470381895,2.306398764396765,0.0,1.0,1.0,0.0,1.0,0.0
25,110,0.3530296517948187,10.605036507542223,0.0,1.0,0.0,0.0,0.0,1.0
26,110,8.59785111804643,2.460047497396812,1.0,0.0,1.0,0.0,0.0,0.0
27,110,5.267980076433791,10.769355992721543,1.0,0.0,0.0,0.0,0.0,1.0
28,110,8.381650852961258,5.746588051105453,0.0,0.0,0.0,1.0,0.0,0.0
29,110,6.915878034624934,12.0,1.0,1.0,1.0,1.0,0.0,1.0
30,110,7.723310609843181,12.0,1.0,1.0,1.0,0.0,1.0,1.0
31,110,1.6657714035358615,11.453270256346224,0.0,1.0,1.0,0.0,1.0,1.0
32,110,7.493884220546317,0.0,1.0,0.0,1.0,0.0,1.0,0.0
33,110,4.3702954912372,1.590288564438925,1.0,0.0,0.0,1.0,1.0,0.0
34,110,5.885983828474772,10.049301367117351,0.0,0.0,0.0,0.0,0.0,1.0
35,110,11.321263627882969,2.8155405817772,0.0,1.0,1.0,0.0,0.0,0.0
36,110,7.570158225751315,9.299292027294236,1.0,1.0,1.0,0.0,0.0,0.0
37,110,1.3989085409571134,7.098556491341296,0.0,0.0,0.0,1.0,0.0,1.0
38,110,3.901129156725319,3.922585797791574,1.0,0.0,0.0,0.0,0.0,0.0
39,110,7.473756052031288,2.933777506061811,0.0,0.0,1.0,1.0,0.0,0.0
0,115,7.147476009468607,11.109726612457813,1.0,0.0,1.0,0.0,0.0,0.0
1,115,6.98711633101859,3.560858796458,1.0,0.0,0.0,0.0,0.0,1.0
2,115,3.3426983837534388,4.5690119620594,1.0,0.0,0.0,1.0,0.0,0.0
3,115,8.32819296080791,3.573111103964989,0.0,0.0,0.0,0.0,0.0,1.0
4,115,6.43789751988605,6.004290276917293,0.0,0.0,1.0,0.0,1.0,1.0
5,115,5.953337739299049,0.0,1.0,1.0,0.0,0.0,1.0,0.0
6,115,7.1885424123392045,4.645230241211976,0.0,1.0,0.0,1.0,0.0,1.0
7,115,0.5583277013078307,11.661670574730072,0.0,1.0,0.0,0.0,1.0,0.0
8,115,3.2731595270957907,0.0,0.0,1.0,0.0,0.0,0.0,1.0
9,115,0.9243332887068684,1.2851458046582231,1.0,0.0,0.0,0.0,1.0,1.0
10,115,3.8831620590907447,12.0,0.0,1.0,1.0,0.0,1.0,1.0
11,115,10.92838794253901,5.379534694973694,0.0,0.0,1.0,0.0,1.0,0.0
12,115,12.0,7.275719859689681,0.0,0.0,0.0,1.0,0.0,0.0
13,115,2.118840701716981,1.0033785025096411,0.0,0.0,1.0,0.0,0.0,1.0
14,115,7.913445929486464,5.329106165720747,0.0,1.0,0.0,0.0,0.0,0.0
15,115,1.4783641591801364,3.2700986679227038,1.0,1.0,0.0,1.0,0.0,1.0
16,115,5.008916129692757,7.008711272233821,0.0,0.0,1.0,1.0,1.0,0.0
17,115,9.52905964899336,12.0,0.0,0.0,0.0,1.0,0.0,1.0
18,115,7.274609245853028,2.850154959662644,1.0,0.0,0.0,1.0,1.0,1.0
19,115,3.1510698671382418,5.650418509488438,1.0,0.0,1.0,1.0,0.0,1.0
20,115,6.103485814480792,0.1999380856612609,0.0,0.0,1.0,1.0,1.0,0.0
21,115,5.161527828667055,0.8317639316231236,0.0,1.0,0.0,0.0,0.0,0.0
22,115,2.9955305268796306,8.754188335995057,0.0,0.0,0.0,0.0,1.0,1.0
23,115,11.176221486087412,1.6787755871707586,1.0,1.0,0.0,0.0,0.0,1.0
24,115,5.08460394074145,2.3525796502303025,0.0,1.0,1.0,0.0,1.0,0.0
25,115,0.3402935838870684,10.558123583888907,0.0,1.0,0.0,0.0,0.0,1.0
26,115,8.614713015942854,2.4197947265513893,1.0,0.0,1.0,0.0,0.0,0.0
27,115,5.362608274263736,10.68716612405984,1.0,0.0,0.0,0.0,0.0,1.0
28,115,8.402449646009577,5.589742420252052,0.0,0.0,0.0,1.0,0.0,0.0
29,115,6.916670596296097,11.995574526289646,1.0,1.0,1.0,1.0,0.0,1.0
30,115,7.743111432328936,12.0,1.0,1.0,1.0,0.0,1.0,1.0
31,115,1.6878132918175424,11.46446245257752,0.0,1.0,1.0,0.0,1.0,1.0
32,115,7.506763561334572,0.0,1.0,0.0,1.0,0.0,1.0,0.0
33,115,4.35669604084486,1.5631508467775517,1.0,0.0,0.0,1.0,1.0,0.0
34,115,5.938319668137186,10.161190435128969,0.0,0.0,0.0,0.0,0.0,1.0
35,115,11.289501429295404,2.855353396684462,0.0,1.0,1.0,0.0,0.0,0.0
36,115,7.551691339026305,9.27813919184683,1.0,1.0,1.0,0.0,0.0,0.0
37,115,1.3051282534855295,7.160293584991706,0.0,0.0,0.0,1.0,0.0,1.0
38,115,3.8334709647624576,3.9208069853025735,1.0,0.0,0.0,0.0,0.0,0.0
39,115,7.43537482221597,2.928767236603901,0.0,0.0,1.0,1.0,0.0,0.0
0,120,7.123297272121762,11.112561339116665,1.0,0.0,1.0,0.0,0.0,0.0
1,120,6.98651459278996,3.5550017538672485,1.0,0.0,0.0,0.0,0.0,1.0
2,120,3.3075427340044223,4.646052970266314,1.0,0.0,0.0,1.0,0.0,0.0
3,120,8.30424166316969,3.5184656540797805,0.0,0.0,0.0,0.0,0.0,1.0
4,120,6.564777035961861,6.021118969831748,0.0,0.0,1.0,0.0,1.0,1.0
5,120,5.999204336911668,0.0,1.0,1.0,0.0,0.0,1.0,0.0
6,120,7.041966077009033,4.5878508021617845,0.0,1.0,0.0,1.0,0.0,1.0
7,120,0.5806034092966545,11.649039766502955,0.0,1.0,0.0,0.0,1.0,0.0
8,120,3.2536495746828007,0.0,0.0,1.0,0.0,0.0,0.0,1.0
9,120,0.925199016887053,1.257702201350948,1.0,0.0,0.0,0.0,1.0,1.0
10,120,3.9569143439080663,12.0,0.0,1.0,1.0,0.0,1.0,1.0
11,120,10.971990097856231,5.369376825840378,0.0,0.0,1.0,0.0,1.0,0.0
12,120,12.0,7.316564957696372,0.0,0.0,0.0,1.0,0.0,0.0
13,120,2.1257043674571485,0.9583894069678224,0.0,0.0,1.0,0.0,0.0,1.0
14,120,7.874837997164625,5.30704570055904,0.0,1.0,0.0,0.0,0.0,0.0
15,120,1.47497480014987,3.270407259008768,1.0,1.0,0.0,1.0,0.0,1.0
16,120,5.008278880145423,7.012623878121005,0.0,0.0,1.0,1.0,1.0,0.0
17,120,9.338825545093092,12.0,0.0,0.0,0.0,1.0,0.0,1.0
18,120,7.234819019446109,2.93377315383955,1.0,0.0,0.0,1.0,1.0,1.0
19,120,3.146193534696222,5.652112549013934,1.0,0.0,1.0,1.0,0.0,1.0
20,120,6.126632220448587,0.2396751566512261,0.0,0.0,1.0,1.0,1.0,0.0
21,120,5.217327513132446,0.8344226245822659,0.0,1.0,0.0,0.0,0.0,0.0
22,120,3.07243109697518,8.702879116620625,0.0,0.0,0.0,0.0,1.0,1.0
23,120,11.318891879458496,1.773472271486626,1.0,1.0,0.0,0.0,0.0,1.0
24,120,5.1233120186026815,2.398058683954944,0.0,1.0,1.0,0.0,1.0,0.0
25,120,0.330383432868248,10.52253080574972,0.0,1.0,0.0,0.0,0.0,1.0
26,120,8.635780070012817,2.3677283610363995,1.0,0.0,1.0,0.0,0.0,0.0
27,120,5.469762596540119,10.59847817605134,1.0,0.0,0.0,0.0,0.0,1.0
28,120,8.4292636158813,5.4295782567248,0.0,0.0,0.0,1.0,0.0,0.0
29,120,6.9140603048863305,12.0,1.0,1.0,1.0,1.0,0.0,1.0
30,120,7.765646786147445,12.0,1.0,1.0,1.0,0.0,1.0,1.0
31,120,1.7023291401459886,11.47209813345672,0.0,1.0,1.0,0.0,1.0,1.0
32,120,7.521243844212499,0.0,1.0,0.0,1.0,0.0,1.0,0.0
33,120,4.340640206041853,1.5288957343434446,1.0,0.0,0.0,1.0,1.0,0.0
34,120,5.996996589107162,10.292212133840213,0.0,0.0,0.0,0.0,0.0,1.0
35,120,11.261209915554758,2.8907744592331506,0.0,1.0,1.0,0.0,0.0,0.0
36,120,7.523773067873061,9.247891576537905,1.0,1.0,1.0,0.0,0.0,0.0
37,120,1.207957698984207,7.225241004026765,0.0,0.0,0.0,1.0,0.0,1.0
38,120,3.7562404341652935,3.920313967586752,1.0,0.0,0.0,0.0,0.0,0.0
39,120,7.396242801332607,2.922951197351832,0.0,0.0,1.0,1.0,0.0,0.0
0,125,7.081029647513048,11.117100445411417,1.0,0.0,1.0,0.0,0.0,0.0
1,125,6.98531326657857,3.544500939923183,1.0,0.0,0.0,0.0,0.0,1.0
2,125,3.2710240857276163,4.72773854662471,1.0,0.0,0.0,1.0,0.0,0.0
3,125,8.275528797664803,3.4532260518599918,0.0,0.0,0.0,0.0,0.0,1.0
4,125,6.714730664635505,6.042396821102021,0.0,0.0,1.0,0.0,1.0,1.0
5,125,6.047264678044379,0.0,1.0,1.0,0.0,0.0,1.0,0.0
6,125,6.894438299721875,4.533530177103352,0.0,1.0,0.0,1.0,0.0,1.0
7,125,0.612045973743685,11.631184060372233,0.0,1.0,0.0,0.0,1.0,0.0
8,125,3.234373203885955,0.0,0.0,1.0,0.0,0.0,0.0,1.0
9,125,0.9264225601022472,1.2346085763330192,1.0,0.0,0.0,0.0,1.0,1.0
10,125,4.026113719630979,12.0,0.0,1.0,1.0,0.0,1.0,1.0
11,125,11.02007477659537,5.358366027572687,0.0,0.0,1.0,0.0,1.0,0.0
12,125,12.0,7.356279281539562,0.0,0.0,0.0,1.0,0.0,0.0
13,125,2.1319726631350937,0.9129488168971596,0.0,0.0,1.0,0.0,0.0,1.0
14,125,7.834762560726855,5.2817079776053335,0.0,1.0,0.0,0.0,0.0,0.0
15,125,1.4642124596650326,3.271448874689351,1.0,1.0,0.0,1.0,0.0,1.0
16,125,5.006454872841839,7.022398132187563,0.0,0.0,1.0,1.0,1.0,0.0
17,125,9.1457779291851,12.0,0.0,0.0,0.0,1.0,0.0,1.0
18,125,7.193256469223504,3.021807534851676,1.0,0.0,0.0,1.0,1.0,1.0
19,125,3.132044343355829,5.657281038474849,1.0,0.0,1.0,1.0,0.0,1.0
20,125,6.158643194559025,0.2979776600392278,0.0,0.0,1.0,1.0,1.0,0.0
21,125,5.2794117939675065,0.8371702737452886,0.0,1.0,0.0,0.0,0.0,0.0
22,125,3.168023249565236,8.638548502833014,0.0,0.0,0.0,0.0,1.0,1.0
23,125,11.451094341983678,1.865312547752016,1.0,1.0,0.0,0.0,0.0,1.0
24,125,5.1649142896046,2.44955730860535,0.0,1.0,1.0,0.0,1.0,0.0
25,125,0.3192675183703303,10.482304739927416,0.0,1.0,0.0,0.0,0.0,1.0
26,125,8.65542702259197,2.3171207771938462,1.0,0.0,1.0,0.0,0.0,0.0
27,125,5.549520680234585,10.528554080364342,1.0,0.0,0.0,0.0,0.0,1.0
28,125,8.453898727753685,5.283852281605762,0.0,0.0,0.0,1.0,0.0,0.0
29,125,6.917173937600141,11.983394990796906,1.0,1.0,1.0,1.0,0.0,1.0
30,125,7.800726009034137,12.0,1.0,1.0,1.0,0.0,1.0,1.0
31,125,1.7063735280364598,11.474163542642293,0.0,1.0,1.0,0.0,1.0,1.0
32,125,7.536953312320613,0.0,1.0,0.0,1.0,0.0,1.0,0.0
33,125,4.326632947257087,1.497965272145457,1.0,0.0,0.0,1.0,1.0,0.0
34,125,6.054824234124459,10.42141525092062,0.0,0.0,0.0,0.0,0.0,1.0
35,125,11.230521767225238,2.926333903689355,0.0,1.0,1.0,0.0,0.0,0.0
36,125,7.498941340212245,9.2198043871473,1.0,1.0,1.0,0.0,0.0,0.0
37,125,1.0850268376620962,7.309677870534288,0.0,0.0,0.0,1.0,0.0,1.0
38,125,3.6844152288816057,3.920094852165734,1.0,0.0,0.0,0.0,0.0,0.0
39,125,7.331747227331059,2.91067274694054,0.0,0.0,1.0,1.0,0.0,0.0
0,130,7.028669986210985,11.122981190344776,1.0,0.0,1.0,0.0,0.0,0.0
1,130,6.982726934014251,3.525946479833279,1.0,0.0,0.0,0.0,0.0,1.0
2,130,3.246931482391381,4.782455192580226,1.0,0.0,0.0,1.0,0.0,0.0
3,130,8.240444018408871,3.3736868332738874,0.0,0.0,0.0,0.0,0.0,1.0
4,130,6.857041231027694,6.061836750308597,0.0,0.0,1.0,0.0,1.0,1.0
5,130,6.106688723631681,0.0,1.0,1.0,0.0,0.0,1.0,0.0
6,130,6.762146448610403,4.488571380658527,0.0,1.0,0.0,1.0,0.0,1.0
7,130,0.6314435022039753,11.620687123195491,0.0,1.0,0.0,0.0,1.0,0.0
8,130,3.20611175892353,0.0,0.0,1.0,0.0,0.0,0.0,1.0
9,130,0.9266226385159329,1.2120096476008326,1.0,0.0,0.0,0.0,1.0,1.0
10,130,4.095461951994437,12.0,0.0,1.0,1.0,0.0,1.0,1.0
11,130,11.067416406754026,5.3472742755189,0.0,0.0,1.0,0.0,1.0,0.0
12,130,12.0,7.402689838481964,0.0,0.0,0.0,1.0,0.0,0.0
13,130,2.139137113407751,0.861232556999836,0.0,0.0,1.0,0.0,0.0,1.0
14,130,7.802699381498292,5.259592055172236,0.0,1.0,0.0,0.0,0.0,0.0
15,130,1.450747451039022,3.2728332396627247,1.0,1.0,0.0,1.0,0.0,1.0
16,130,5.003846058670918,7.035340881906949,0.0,0.0,1.0,1.0,1.0,0.0
17,130,8.943395045905127,12.0,0.0,0.0,0.0,1.0,0.0,1.0
18,130,7.152776397756183,3.1048747773905525,1.0,0.0,0.0,1.0,1.0,1.0
19,130,3.124952339513287,5.659900773063423,1.0,0.0,1.0,1.0,0.0,1.0
20,130,6.192328458874907,0.3613064097499709,0.0,0.0,1.0,1.0,1.0,0.0
21,130,5.368774089506899,0.8432381805252841,0.0,1.0,0.0,0.0,0.0,0.0
22,130,3.26217171904523,8.577897643394111,0.0,0.0,0.0,0.0,1.0,1.0
23,130,11.59024886053134,1.962086004011704,1.0,1.0,0.0,0.0,0.0,1.0
24,130,5.2130307763911325,2.510483741115393,0.0,1.0,1.0,0.0,1.0,0.0
25,130,0.3100488181343864,10.44825093383321,0.0,1.0,0.0,0.0,0.0,1.0
26,130,8.674066741089701,2.2679828769146297,1.0,0.0,1.0,0.0,0.0,0.0
27,130,5.619423160185033,10.467854518831889,1.0,0.0,0.0,0.0,0.0,1.0
28,130,8.476953701704648,5.1438581470151465,0.0,0.0,0.0,1.0,0.0,0.0
29,130,6.924743059734214,11.944208979282406,1.0,1.0,1.0,1.0,0.0,1.0
30,130,7.841601531947354,12.0,1.0,1.0,1.0,0.0,1.0,1.0
31,130,1.6946497729572705,11.46827016789478,0.0,1.0,1.0,0.0,1.0,1.0
32,130,7.553740621908515,0.0,1.0,0.0,1.0,0.0,1.0,0.0
33,130,4.321909779070599,1.4874855272207692,1.0,0.0,0.0,1.0,1.0,0.0
34,130,6.1024188998990585,10.5317483026712,0.0,0.0,0.0,0.0,0.0,1.0
35,130,11.208268044099157,2.9513569647340128,0.0,1.0,1.0,0.0,0.0,0.0
36,130,7.471360861546273,9.186714393112988,1.0,1.0,1.0,0.0,0.0,0.0
37,130,0.969568952767008,7.391128395751401,0.0,0.0,0.0,1.0,0.0,1.0
38,130,3.617950066112936,3.92010619068522,1.0,0.0,0.0,0.0,0.0,0.0
39,130,7.249882278356228,2.8943333276795844,0.0,0.0,1.0,1.0,0.0,0.0
0,135,6.979428821636548,11.127998607893986,1.0,0.0,1.0,0.0,0.0,0.0
1,135,6.98001359212527,3.506941533315475,1.0,0.0,0.0,0.0,0.0,1.0
2,135,3.226779267103819,4.826538713650979,1.0,0.0,0.0,1.0,0.0,0.0
3,135,8.20010235176408,3.279755977425617,0.0,0.0,0.0,0.0,0.0,1.0
4,135,6.976999978789305,6.079492402833477,0.0,0.0,1.0,0.0,1.0,1.0
5,135,6.164437090121975,0.0,1.0,1.0,0.0,0.0,1.0,0.0
6,135,6.6249928692468085,4.446637311725596,0.0,1.0,0.0,1.0,0.0,1.0
7,135,0.6658298569869009,11.602740874591657,0.0,1.0,0.0,0.0,1.0,0.0
8,135,3.1848823648736184,0.0,0.0,1.0,0.0,0.0,0.0,1.0
9,135,0.9270094568067424,1.1949512372550677,1.0,0.0,0.0,0.0,1.0,1.0
10,135,4.168461901559088,12.0,0.0,1.0,1.0,0.0,1.0,1.0
11,135,11.12967074326612,5.331658363385137,0.0,0.0,1.0,0.0,1.0,0.0
12,135,12.0,7.446412156132948,0.0,0.0,0.0,1.0,0.0,0.0
13,135,2.14854441345684,0.7996877453777729,0.0,0.0,1.0,0.0,0.0,1.0
14,135,7.774921870401625,5.239464029142644,0.0,1.0,0.0,0.0,0.0,0.0
15,135,1.4284085715706645,3.275607033313117,1.0,1.0,0.0,1.0,0.0,1.0
16,135,5.0018646215563125,7.046024298470649,0.0,0.0,1.0,1.0,1.0,0.0
17,135,8.748715204367063,12.0,0.0,0.0,0.0,1.0,0.0,1.0
18,135,7.1142917674448505,3.182856776173145,1.0,0.0,0.0,1.0,1.0,1.0
19,135,3.1102478193054304,5.6656368155939845,1.0,0.0,1.0,1.0,0.0,1.0
20,135,6.226011766013142,0.4252624801032379,0.0,0.0,1.0,1.0,1.0,0.0
21,135,5.454017360881972,0.8473267881275537,0.0,1.0,0.0,0.0,0.0,0.0
22,135,3.355074682379146,8.520106335616449,0.0,0.0,0.0,0.0,1.0,1.0
23,135,11.7475080133176,2.0757288108154257,1.0,1.0,0.0,0.0,0.0,1.0
24,135,5.261409551979213,2.5703108072460306,0.0,1.0,1.0,0.0,1.0,0.0
25,135,0.30036427233048,10.412994299146298,0.0,1.0,0.0,0.0,0.0,1.0
26,135,8.697522821841883,2.2065949675530847,1.0,0.0,1.0,0.0,0.0,0.0
27,135,5.688526777995769,10.407478364968195,1.0,0.0,0.0,0.0,0.0,1.0
28,135,8.502227564821776,5.002346711858431,0.0,0.0,0.0,1.0,0.0,0.0
29,135,6.928990159174351,11.922129975762184,1.0,1.0,1.0,1.0,0.0,1.0
30,135,7.880753357874199,12.0,1.0,1.0,1.0,0.0,1.0,1.0
31,135,1.6598551759732638,11.452224266384,0.0,1.0,1.0,0.0,1.0,1.0
32,135,7.573690186589053,0.0,1.0,0.0,1.0,0.0,1.0,0.0
33,135,4.318976166277795,1.481191425701757,1.0,0.0,0.0,1.0,1.0,0.0
34,135,6.14750447986842,10.638221846862708,0.0,0.0,0.0,0.0,0.0,1.0
35,135,11.176385867741294,2.9873557705020417,0.0,1.0,1.0,0.0,0.0,0.0
36,135,7.458623420885365,9.17119329336645,1.0,1.0,1.0,0.0,0.0,0.0
37,135,0.8446223230826706,7.475863252876138,0.0,0.0,0.0,1.0,0.0,1.0
38,135,3.562504374725024,3.921361584516528,1.0,0.0,0.0,0.0,0.0,0.0
39,135,7.17512387605753,2.8800650514559205,0.0,0.0,1.0,1.0,0.0,0.0
0,140,6.9287782388086265,11.135215697965224,1.0,0.0,1.0,0.0,0.0,0.0
1,140,6.979457204291534,3.5032091194656365,1.0,0.0,0.0,0.0,0.0,1.0
2,140,3.1985801110345493,4.892388809454329,1.0,0.0,0.0,1.0,0.0,0.0
3,140,8.160188943249613,3.1923170353046584,0.0,0.0,0.0,0.0,0.0,1.0
4,140,7.0899605749937615,6.095928000463584,0.0,0.0,1.0,0.0,1.0,1.0
5,140,6.218717765960999,0.0,1.0,1.0,0.0,0.0,1.0,0.0
6,140,6.485696927763488,4.40178749267731,0.0,1.0,0.0,1.0,0.0,1.0
7,140,0.7040158678270803,11.582181325251096,0.0,1.0,0.0,0.0,1.0,0.0
8,140,3.170462346028911,0.0,0.0,1.0,0.0,0.0,0.0,1.0
9,140,0.927224626305444,1.1773822831407603,1.0,0.0,0.0,0.0,1.0,1.0
10,140,4.250369170396991,12.0,0.0,1.0,1.0,0.0,1.0,1.0
11,140,11.178716476681716,5.320110683604612,0.0,0.0,1.0,0.0,1.0,0.0
12,140,12.0,7.471348308206609,0.0,0.0,0.0,1.0,0.0,0.0
13,140,2.157774046339336,0.7357665555244381,0.0,0.0,1.0,0.0,0.0,1.0
14,140,7.751625153348852,5.221878414488738,0.0,1.0,0.0,0.0,0.0,0.0
15,140,1.3940374873193804,3.2799708210902674,1.0,1.0,0.0,1.0,0.0,1.0
16,140,5.00405917518089,7.034321437412736,0.0,0.0,1.0,1.0,1.0,0.0
17,140,8.548196894175037,12.0,0.0,0.0,0.0,1.0,0.0,1.0
18,140,7.077068057955817,3.256188379270118,1.0,0.0,0.0,1.0,1.0,1.0
19,140,3.0822443566628843,5.677249522178705,1.0,0.0,1.0,1.0,0.0,1.0
20,140,6.257550334540707,0.4809119913849826,0.0,0.0,1.0,1.0,1.0,0.0
21,140,5.542399383956027,0.8529432105963871,0.0,1.0,0.0,0.0,0.0,0.0
22,140,3.4628344032474496,8.451469871326486,0.0,0.0,0.0,0.0,1.0,1.0
23,140,11.894667381659746,2.186040489646502,1.0,1.0,0.0,0.0,0.0,1.0
24,140,5.323851075787046,2.649745528975998,0.0,1.0,1.0,0.0,1.0,0.0
25,140,0.2882189191230314,10.368873282392473,0.0,1.0,0.0,0.0,0.0,1.0
26,140,8.729914921755645,2.1220846380149494,1.0,0.0,1.0,0.0,0.0,0.0
27,140,5.761360980859933,10.34732558256743,1.0,0.0,0.0,0.0,0.0,1.0
28,140,8.528564698340885,4.85941436185572,0.0,0.0,0.0,1.0,0.0,0.0
29,140,6.933722552455406,11.899743816631696,1.0,1.0,1.0,1.0,0.0,1.0
30,140,7.912468460276655,12.0,1.0,1.0,1.0,0.0,1.0,1.0
31,140,1.6194757910548454,11.433992718872243,0.0,1.0,1.0,0.0,1.0,1.0
32,140,7.595982849011101,0.0,1.0,0.0,1.0,0.0,1.0,0.0
33,140,4.318684324209924,1.4805757877817245,1.0,0.0,0.0,1.0,1.0,0.0
34,140,6.193728120980771,10.746297928533336,0.0,0.0,0.0,0.0,0.0,1.0
35,140,11.141957064216085,3.024183580978953,0.0,1.0,1.0,0.0,0.0,0.0
36,140,7.437003612978618,9.144314215652784,1.0,1.0,1.0,0.0,0.0,0.0
37,140,0.7230432998276689,7.5584992212306465,0.0,0.0,0.0,1.0,0.0,1.0
38,140,3.4945571065238408,3.922866576381253,1.0,0.0,0.0,0.0,0.0,0.0
39,140,7.1020223207705255,2.864751656068011,0.0,0.0,1.0,1.0,0.0,0.0
0,145,6.88877301092803,11.140700410855349,1.0,0.0,1.0,0.0,0.0,0.0
1,145,6.976010411124233,3.480130290669865,1.0,0.0,0.0,0.0,0.0,1.0
2,145,3.165787939408148,4.967824617042465,1.0,0.0,0.0,1.0,0.0,0.0
3,145,8.115870848712168,3.0923129899143267,0.0,0.0,0.0,0.0,0.0,1.0
4,145,7.213075468492834,6.113832689553624,0.0,0.0,1.0,0.0,1.0,1.0
5,145,6.27190589970654,0.0,1.0,1.0,0.0,0.0,1.0,0.0
6,145,6.358147381606399,4.35913963532069,0.0,1.0,0.0,1.0,0.0,1.0
7,145,0.7632942706810628,11.550745840326124,0.0,1.0,0.0,0.0,1.0,0.0
8,145,3.148050727524455,0.0,0.0,1.0,0.0,0.0,0.0,1.0
9,145,0.9274160032647638,1.1611614278854812,1.0,0.0,0.0,0.0,1.0,1.0
10,145,4.342926772661016,12.0,0.0,1.0,1.0,0.0,1.0,1.0
11,145,11.206487549066033,5.314063853658503,0.0,0.0,1.0,0.0,1.0,0.0
12,145,12.0,7.479709833206364,0.0,0.0,0.0,1.0,0.0,0.0
13,145,2.162967728676201,0.6967959896940523,0.0,0.0,1.0,0.0,0.0,1.0
14,145,7.711949464912899,5.189871479381852,0.0,1.0,0.0,0.0,0.0,0.0
15,145,1.395465314564323,3.290079323407048,1.0,1.0,0.0,1.0,0.0,1.0
16,145,5.004028775474859,7.034471586251467,0.0,0.0,1.0,1.0,1.0,0.0
17,145,8.328840519628795,12.0,0.0,0.0,0.0,1.0,0.0,1.0
18,145,7.027721301004556,3.353816531413917,1.0,0.0,0.0,1.0,1.0,1.0
19,145,3.0686623533306374,5.682468926604096,1.0,0.0,1.0,1.0,0.0,1.0
20,145,6.298520780453776,0.5516069406385774,0.0,0.0,1.0,1.0,1.0,0.0
21,145,5.637515658221193,0.8569545015497096,0.0,1.0,0.0,0.0,0.0,0.0
22,145,3.5749915220152406,8.379580773865056,0.0,0.0,0.0,0.0,1.0,1.0
23,145,12.0,2.307121909538181,1.0,1.0,0.0,0.0,0.0,1.0
24,145,5.3857578930323005,2.727190257721936,0.0,1.0,1.0,0.0,1.0,0.0
25,145,0.2801109733685107,10.338124599530316,0.0,1.0,0.0,0.0,0.0,1.0
26,145,8.774070084874413,2.0109585906397265,1.0,0.0,1.0,0.0,0.0,0.0
27,145,5.834211744616212,10.286857944331311,1.0,0.0,0.0,0.0,0.0,1.0
28,145,8.556007961567046,4.683125579003542,0.0,0.0,0.0,1.0,0.0,0.0
29,145,6.937941715994633,11.877611054267476,1.0,1.0,1.0,1.0,0.0,1.0
30,145,7.941159538242026,12.0,1.0,1.0,1.0,0.0,1.0,1.0
31,145,1.5677989430769173,11.411269439874088,0.0,1.0,1.0,0.0,1.0,1.0
32,145,7.617222381168759,0.0,1.0,0.0,1.0,0.0,1.0,0.0
33,145,4.319171745454721,1.481582979005207,1.0,0.0,0.0,1.0,1.0,0.0
34,145,6.2483221091695125,10.864145208207134,0.0,0.0,0.0,0.0,0.0,1.0
35,145,11.12290553249401,3.0441984182600343,0.0,1.0,1.0,0.0,0.0,0.0
36,145,7.432046641617546,9.138691550834167,1.0,1.0,1.0,0.0,0.0,0.0
37,145,0.5883051954667103,7.646360619944023,0.0,0.0,0.0,1.0,0.0,1.0
38,145,3.436228404681154,3.923725751833031,1.0,0.0,0.0,0.0,0.0,0.0
39,145,7.038005500462379,2.8506126577069866,0.0,0.0,1.0,1.0,0.0,0.0
0,150,6.852661874979323,11.145735858211262,1.0,0.0,1.0,0.0,0.0,0.0
1,150,6.96833331505615,3.4375425465029603,1.0,0.0,0.0,0.0,0.0,1.0
2,150,3.131504218404972,5.04867837415576,1.0,0.0,0.0,1.0,0.0,0.0
3,150,8.063147648109972,2.979938693768999,0.0,0.0,0.0,0.0,0.0,1.0
4,150,7.341131168071905,6.127814633340374,0.0,0.0,1.0,0.0,1.0,1.0
5,150,6.321938450377873,0.0,1.0,1.0,0.0,0.0,1.0,0.0
6,150,6.219177367888461,4.310064596084227,0.0,1.0,0.0,1.0,0.0,1.0
7,150,0.8372137029882447,11.511992391971688,0.0,1.0,0.0,0.0,1.0,0.0
8,150,3.125527033312987,0.0,0.0,1.0,0.0,0.0,0.0,1.0
9,150,0.927442535768268,1.137539424981654,1.0,0.0,0.0,0.0,1.0,1.0
10,150,4.433133503856545,12.0,0.0,1.0,1.0,0.0,1.0,1.0
11,150,11.223093154718692,5.310266053109432,0.0,0.0,1.0,0.0,1.0,0.0
12,150,11.998272145778934,7.477366538888807,0.0,0.0,0.0,1.0,0.0,0.0
13,150,2.1656342497291066,0.6790889215268012,0.0,0.0,1.0,0.0,0.0,1.0
14,150,7.665796732981284,5.151834826778973,0.0,1.0,0.0,0.0,0.0,0.0
15,150,1.396527997225953,3.2998756745934843,1.0,1.0,0.0,1.0,0.0,1.0
16,150,5.002173507724934,7.043790068220774,0.0,0.0,1.0,1.0,1.0,0.0
17,150,8.107656038928853,12.0,0.0,0.0,0.0,1.0,0.0,1.0
18,150,6.980157358482825,3.445412417943543,1.0,0.0,0.0,1.0,1.0,1.0
19,150,3.0854618034525862,5.675653035101358,1.0,0.0,1.0,1.0,0.0,1.0
20,150,6.346481917448359,0.631228137177517,0.0,0.0,1.0,1.0,1.0,0.0
21,150,5.730459430899298,0.8603441870147114,0.0,1.0,0.0,0.0,0.0,0.0
22,150,3.692261643892202,8.304951644697661,0.0,0.0,0.0,0.0,1.0,1.0
23,150,12.0,2.433849138933842,1.0,1.0,0.0,0.0,0.0,1.0
24,150,5.442222048032689,2.7970037411953443,0.0,1.0,1.0,0.0,1.0,0.0
25,150,0.2676116045302618,10.290089866484584,0.0,1.0,0.0,0.0,0.0,1.0
26,150,8.815254142513199,1.9095186039214749,1.0,0.0,1.0,0.0,0.0,0.0
27,150,5.8945021179170585,10.236506455307524,1.0,0.0,0.0,0.0,0.0,1.0
28,150,8.579268360793192,4.504214594722718,0.0,0.0,0.0,1.0,0.0,0.0
29,150,6.94473384934345,11.846314019682842,1.0,1.0,1.0,1.0,0.0,1.0
30,150,7.957463651139281,12.0,1.0,1.0,1.0,0.0,1.0,1.0
31,150,1.5332260156022677,11.39563285852682,0.0,1.0,1.0,0.0,1.0,1.0
32,150,7.637271295020323,0.0,1.0,0.0,1.0,0.0,1.0,0.0
33,150,4.324402048427102,1.4924170409551816,1.0,0.0,0.0,1.0,1.0,0.0
34,150,6.31201087980892,11.000273724463472,0.0,0.0,0.0,0.0,0.0,1.0
35,150,11.107301597494732,3.0620029275951297,0.0,1.0,1.0,0.0,0.0,0.0
36,150,7.408049204693946,9.113207305579069,1.0,1.0,1.0,0.0,0.0,0.0
37,150,0.4536152288537814,7.733920312520291,0.0,0.0,0.0,1.0,0.0,1.0
38,150,3.3750447307844014,3.9263944219214473,1.0,0.0,0.0,0.0,0.0,0.0
39,150,6.979514560788005,2.8374260463247363,0.0,0.0,1.0,1.0,0.0,0.0
0,155,6.8060168036569495,11.151608613309968,1.0,0.0,1.0,0.0,0.0,0.0
1,155,6.961551360272131,3.4003763956590567,1.0,0.0,0.0,0.0,0.0,1.0
2,155,3.10424522027117,5.114145571751033,1.0,0.0,0.0,1.0,0.0,0.0
3,155,8.012685882716655,2.872552085294654,0.0,0.0,0.0,0.0,0.0,1.0
4,155,7.4840289012417935,6.140183541285313,0.0,0.0,1.0,0.0,1.0,1.0
5,155,6.37255624463461,0.0,1.0,1.0,0.0,0.0,1.0,0.0
6,155,6.079294313596438,4.255588858615708,0.0,1.0,0.0,1.0,0.0,1.0
7,155,0.9028120923935792,11.477994758024124,0.0,1.0,0.0,0.0,1.0,0.0
8,155,3.0979056506968696,0.0,0.0,1.0,0.0,0.0,0.0,1.0
9,155,0.9287224222225212,1.0980974884480412,1.0,0.0,0.0,0.0,1.0,1.0
10,155,4.524560567839894,12.0,0.0,1.0,1.0,0.0,1.0,1.0
11,155,11.26788881133698,5.301399239894179,0.0,0.0,1.0,0.0,1.0,0.0
12,155,11.995422936328648,7.473499757555147,0.0,0.0,0.0,1.0,0.0,0.0
13,155,2.1690317615688333,0.6571352521084138,0.0,0.0,1.0,0.0,0.0,1.0
14,155,7.621222653744765,5.116518602470261,0.0,1.0,0.0,0.0,0.0,0.0
15,155,1.3971502835832588,3.305345103681065,1.0,1.0,0.0,1.0,0.0,1.0
16,155,5.000901158198722,7.049726328144263,0.0,0.0,1.0,1.0,1.0,0.0
17,155,7.880244151087752,12.0,0.0,0.0,0.0,1.0,0.0,1.0
18,155,6.925304566918141,3.547314552050146,1.0,0.0,0.0,1.0,1.0,1.0
19,155,3.095601685262125,5.671212027423993,1.0,0.0,1.0,1.0,0.0,1.0
20,155,6.408865046568549,0.7354777692807745,0.0,0.0,1.0,1.0,1.0,0.0
21,155,5.826322510073704,0.8618423396056243,0.0,1.0,0.0,0.0,0.0,0.0
22,155,3.8008748284125415,8.23790681315861,0.0,0.0,0.0,0.0,1.0,1.0
23,155,12.0,2.5572057313785197,1.0,1.0,0.0,0.0,0.0,1.0
24,155,5.504510552766812,2.8696698092895203,0.0,1.0,1.0,0.0,1.0,0.0
25,155,0.2498261049574329,10.222388544644424,0.0,1.0,0.0,0.0,0.0,1.0
26,155,8.867145126433554,1.787349851910092,1.0,0.0,1.0,0.0,0.0,0.0
27,155,5.958309446911763,10.17992882451741,1.0,0.0,0.0,0.0,0.0,1.0
28,155,8.604082910793952,4.317624814074549,0.0,0.0,0.0,1.0,0.0,0.0
29,155,6.950952522760999,11.81801478676773,1.0,1.0,1.0,1.0,0.0,1.0
30,155,7.980127282559309,12.0,1.0,1.0,1.0,0.0,1.0,1.0
31,155,1.497857953795068,11.37913782566153,0.0,1.0,1.0,0.0,1.0,1.0
32,155,7.655166392364036,0.0,1.0,0.0,1.0,0.0,1.0,0.0
33,155,4.3234561408314045,1.4905718803769574,1.0,0.0,0.0,1.0,1.0,0.0
34,155,6.370478526703236,11.131448172058088,0.0,0.0,0.0,0.0,0.0,1.0
35,155,11.116451968737142,3.069784291711503,0.0,1.0,1.0,0.0,0.0,0.0
36,155,7.384511474888328,9.08798291162463,1.0,1.0,1.0,0.0,0.0,0.0
37,155,0.3241159045763517,7.818138474818659,0.0,0.0,0.0,1.0,0.0,1.0
38,155,3.312262476615519,3.928931131969725,1.0,0.0,0.0,0.0,0.0,0.0
39,155,6.919971380331589,2.825056883835337,0.0,0.0,1.0,1.0,0.0,0.0
0,160,6.742035669728612,11.160117206650966,1.0,0.0,1.0,0.0,0.0,0.0
1,160,6.960589398770343,3.394879661945416,1.0,0.0,0.0,0.0,0.0,1.0
2,160,3.078137367954082,5.173037917855686,1.0,0.0,0.0,1.0,0.0,0.0
3,160,7.956499483369328,2.745216567421431,0.0,0.0,0.0,0.0,0.0,1.0
4,160,7.497085082923746,6.006154521230301,0.0,0.0,1.0,0.0,1.0,1.0
5,160,6.415876013877263,0.0,1.0,1.0,0.0,0.0,1.0,0.0
6,160,5.924796466133572,4.194565659369144,0.0,1.0,0.0,1.0,0.0,1.0
7,160,0.9833106472887958,11.439178009983967,0.0,1.0,0.0,0.0,1.0,0.0
8,160,3.071798608976241,0.0,0.0,1.0,0.0,0.0,0.0,1.0
9,160,0.9297880044397492,1.067543387515658,1.0,0.0,0.0,0.0,1.0,1.0
10,160,4.603171184804277,12.0,0.0,1.0,1.0,0.0,1.0,1.0
11,160,11.282694958465076,5.298283174679235,0.0,0.0,1.0,0.0,1.0,0.0
12,160,11.997811586137477,7.476666112842329,0.0,0.0,0.0,1.0,0.0,0.0
13,160,2.1711094134138347,0.6418689701249329,0.0,0.0,1.0,0.0,0.0,1.0
14,160,7.576167508948813,5.081111871855033,0.0,1.0,0.0,0.0,0.0,0.0
15,160,1.399035898912638,3.324596603328133,1.0,1.0,0.0,1.0,0.0,1.0
16,160,4.997217355476845,7.068487880492157,0.0,0.0,1.0,1.0,1.0,0.0
17,160,7.658571759654958,12.0,0.0,0.0,0.0,1.0,0.0,1.0
18,160,6.878758546989637,3.637951073524245,1.0,0.0,0.0,1.0,1.0,1.0
19,160,3.082210597167757,5.677320801501415,1.0,0.0,1.0,1.0,0.0,1.0
20,160,6.4736658186963,0.842164704506451,0.0,0.0,1.0,1.0,1.0,0.0
21,160,5.9067720313096,0.8625661938820454,0.0,1.0,0.0,0.0,0.0,0.0
22,160,3.922226579661302,8.16534505990665,0.0,0.0,0.0,0.0,1.0,1.0
23,160,12.0,2.6828099105800365,1.0,1.0,0.0,0.0,0.0,1.0
24,160,5.559603836985754,2.9347690241544364,0.0,1.0,1.0,0.0,1.0,0.0
25,160,0.2212411813609532,10.130354368662902,0.0,1.0,0.0,0.0,0.0,1.0
26,160,8.926239893275675,1.6417690459063126,1.0,0.0,1.0,0.0,0.0,0.0
27,160,6.018617234667876,10.126813690946696,1.0,0.0,0.0,0.0,0.0,1.0
28,160,8.633984127895529,4.122825218861823,0.0,0.0,0.0,1.0,0.0,0.0
29,160,6.958019772902818,11.784983866612954,1.0,1.0,1.0,1.0,0.0,1.0
30,160,7.995125531462649,12.0,1.0,1.0,1.0,0.0,1.0,1.0
31,160,1.4834003188470892,11.372680742407423,0.0,1.0,1.0,0.0,1.0,1.0
32,160,7.674264721968914,0.0,1.0,0.0,1.0,0.0,1.0,0.0
33,160,4.316107487743063,1.4770771829171023,1.0,0.0,0.0,1.0,1.0,0.0
34,160,6.436092910888923,11.279913131466584,0.0,0.0,0.0,0.0,0.0,1.0
35,160,11.12253069125187,3.074796102902664,0.0,1.0,1.0,0.0,0.0,0.0
36,160,7.360697806652494,9.060680621825782,1.0,1.0,1.0,0.0,0.0,0.0
37,160,0.2062526852830685,7.90385186514241,0.0,0.0,0.0,1.0,0.0,1.0
38,160,3.2506587048522197,3.933223950190397,1.0,0.0,0.0,0.0,0.0,0.0
39,160,6.862673422111183,2.8131743258065662,0.0,0.0,1.0,1.0,0.0,0.0
0,165,6.689307787277038,11.167710077316189,1.0,0.0,1.0,0.0,0.0,0.0
1,165,6.955918090814759,3.368498951557827,1.0,0.0,0.0,0.0,0.0,1.0
2,165,3.047533969139308,5.247083507650705,1.0,0.0,0.0,1.0,0.0,0.0
3,165,7.915503721368864,2.6465835558094017,0.0,0.0,0.0,0.0,0.0,1.0
4,165,7.509521548122058,5.881317692685549,0.0,0.0,1.0,0.0,1.0,1.0
5,165,6.454972249251956,0.0,1.0,1.0,0.0,0.0,1.0,0.0
6,165,5.766817430492568,4.125137632652926,0.0,1.0,0.0,1.0,0.0,1.0
7,165,1.0649778584703835,11.400548940385804,0.0,1.0,0.0,0.0,1.0,0.0
8,165,3.0432570868916,0.0,0.0,1.0,0.0,0.0,0.0,1.0
9,165,0.9325560877018564,1.0228680215987531,1.0,0.0,0.0,0.0,1.0,1.0
10,165,4.681117774818239,12.0,0.0,1.0,1.0,0.0,1.0,1.0
11,165,11.29499742902453,5.295818131888713,0.0,0.0,1.0,0.0,1.0,0.0
12,165,12.0,7.488259826015775,0.0,0.0,0.0,1.0,0.0,0.0
13,165,2.176828267243081,0.6013496833784824,0.0,0.0,1.0,0.0,0.0,1.0
14,165,7.523489593644744,5.039185302820269,0.0,1.0,0.0,0.0,0.0,0.0
15,165,1.4010466805283484,3.345617114754259,1.0,1.0,0.0,1.0,0.0,1.0
16,165,4.991471846106551,7.095359240491841,0.0,0.0,1.0,1.0,1.0,0.0
17,165,7.419900111589372,12.0,0.0,0.0,0.0,1.0,0.0,1.0
18,165,6.840387045059266,3.7142732816693584,1.0,0.0,0.0,1.0,1.0,1.0
19,165,3.082213270557319,5.677319489081576,1.0,0.0,1.0,1.0,0.0,1.0
20,165,6.531428788621207,0.9409879519454454,0.0,0.0,1.0,1.0,1.0,0.0
21,165,5.973912382199285,0.8636080732801623,0.0,1.0,0.0,0.0,0.0,0.0
22,165,4.0597370236662,8.08102450775473,0.0,0.0,0.0,0.0,1.0,1.0
23,165,12.0,2.81626185838727,1.0,1.0,0.0,0.0,0.0,1.0
24,165,5.608231964104798,2.9924525713416763,0.0,1.0,1.0,0.0,1.0,0.0
25,165,0.2015038614023929,10.063781917672758,0.0,1.0,0.0,0.0,0.0,1.0
26,165,8.990762984237884,1.491941524835133,1.0,0.0,1.0,0.0,0.0,0.0
27,165,6.07689285919732,10.075852015523685,1.0,0.0,0.0,0.0,0.0,1.0
28,165,8.66286359067011,3.9367982754815016,0.0,0.0,0.0,1.0,0.0,0.0
29,165,6.963302489423662,11.760587913482322,1.0,1.0,1.0,1.0,0.0,1.0
30,165,8.023324164759313,12.0,1.0,1.0,1.0,0.0,1.0,1.0
31,165,1.4936940607740352,11.377301948419774,0.0,1.0,1.0,0.0,1.0,1.0
32,165,7.690502579661111,0.0,1.0,0.0,1.0,0.0,1.0,0.0
33,165,4.305407944360794,1.456931392674519,1.0,0.0,0.0,1.0,1.0,0.0
34,165,6.499561413472413,11.425002884950793,0.0,0.0,0.0,0.0,0.0,1.0
35,165,11.150337573349756,3.097746629452056,0.0,1.0,1.0,0.0,0.0,0.0
36,165,7.331017486969422,9.028211604608824,1.0,1.0,1.0,0.0,0.0,0.0
37,165,0.0934601992389765,7.987161160307737,0.0,0.0,0.0,1.0,0.0,1.0
38,165,3.1732243483165647,3.936092273668349,1.0,0.0,0.0,0.0,0.0,0.0
39,165,6.874271182794398,2.758595749927243,0.0,0.0,1.0,1.0,0.0,0.0
0,170,6.67559017475688,11.169971159019848,1.0,0.0,1.0,0.0,0.0,0.0
1,170,6.922326128013568,3.375030736152183,1.0,0.0,0.0,0.0,0.0,1.0
2,170,3.01351257425357,5.327776828520962,1.0,0.0,0.0,1.0,0.0,0.0
3,170,7.87018324670863,2.533494441191181,0.0,0.0,0.0,0.0,0.0,1.0
4,170,7.522655208005211,5.764445559965091,0.0,0.0,1.0,0.0,1.0,1.0
5,170,6.5035941098259045,0.0,1.0,1.0,0.0,0.0,1.0,0.0
6,170,5.612166205371557,4.060955425580274,0.0,1.0,0.0,1.0,0.0,1.0
7,170,1.1419801754931729,11.363291050936308,0.0,1.0,0.0,0.0,1.0,0.0
8,170,3.026990903439396,0.0,0.0,1.0,0.0,0.0,0.0,1.0
9,170,0.9355051958713996,0.9748679438533592,1.0,0.0,0.0,0.0,1.0,1.0
10,170,4.74580158895122,12.0,0.0,1.0,1.0,0.0,1.0,1.0
11,170,11.321635531233293,5.290813314658819,0.0,0.0,1.0,0.0,1.0,0.0
12,170,11.999347498568213,7.487380052998676,0.0,0.0,0.0,1.0,0.0,0.0
13,170,2.179446264330972,0.5806205548478954,0.0,0.0,1.0,0.0,0.0,1.0
14,170,7.467010632427695,4.99352909409666,0.0,1.0,0.0,0.0,0.0,0.0
15,170,1.4020396016220673,3.3537281015575315,1.0,1.0,0.0,1.0,0.0,1.0
16,170,4.981628777104947,7.139363711805474,0.0,0.0,1.0,1.0,1.0,0.0
17,170,7.173084923333669,12.0,0.0,0.0,0.0,1.0,0.0,1.0
18,170,6.811378158860745,3.7728741244936113,1.0,0.0,0.0,1.0,1.0,1.0
19,170,3.0936622645337204,5.67169836342226,1.0,0.0,1.0,1.0,0.0,1.0
20,170,6.632705846981988,0.8793636867539086,0.0,0.0,1.0,1.0,1.0,0.0
21,170,6.032406713238362,0.865958585148668,0.0,1.0,0.0,0.0,0.0,0.0
22,170,4.175922209735801,8.009981129676534,0.0,0.0,0.0,0.0,1.0,1.0
23,170,12.0,2.945101889414608,1.0,1.0,0.0,0.0,0.0,1.0
24,170,5.651295779913014,3.041325520112347,0.0,1.0,1.0,0.0,1.0,0.0
25,170,0.1819991189556764,10.005173967786058,0.0,1.0,0.0,0.0,0.0,1.0
26,170,9.052965067465266,1.353664841022101,1.0,0.0,1.0,0.0,0.0,0.0
27,170,6.115129055437175,10.04363190619648,1.0,0.0,0.0,0.0,0.0,1.0
28,170,8.688785006230038,3.732207528638821,0.0,0.0,0.0,1.0,0.0,0.0
29,170,6.966741540396993,11.747091930966688,1.0,1.0,1.0,1.0,0.0,1.0
30,170,8.049919248726667,12.0,1.0,1.0,1.0,0.0,1.0,1.0
31,170,1.519556010064619,11.38984057641566,0.0,1.0,1.0,0.0,1.0,1.0
32,170,7.705091166164548,0.0,1.0,0.0,1.0,0.0,1.0,0.0
33,170,4.295478235790858,1.4381502613086403,1.0,0.0,0.0,1.0,1.0,0.0
34,170,6.56217652298029,11.571205658644,0.0,0.0,0.0,0.0,0.0,1.0
35,170,11.17002812594069,3.114950215822159,0.0,1.0,1.0,0.0,0.0,0.0
36,170,7.294102584266112,8.985965920164716,1.0,1.0,1.0,0.0,0.0,0.0
37,170,0.0,8.059020357406467,0.0,0.0,0.0,1.0,0.0,1.0
38,170,3.090225866680274,3.937501866530511,1.0,0.0,0.0,0.0,0.0,0.0
39,170,6.8858127289398645,2.70205891983625,0.0,0.0,1.0,1.0,0.0,0.0
0,175,6.640468875203407,11.175792269558295,1.0,0.0,1.0,0.0,0.0,0.0
1,175,6.892950888471204,3.380603308332,1.0,0.0,0.0,0.0,0.0,1.0
2,175,2.979574085102738,5.410528794093516,1.0,0.0,0.0,1.0,0.0,0.0
3,175,7.832776441092314,2.4307055941561417,0.0,0.0,0.0,0.0,0.0,1.0
4,175,7.534017864843271,5.648642695695302,0.0,0.0,1.0,0.0,1.0,1.0
5,175,6.552889517268385,0.0,1.0,1.0,0.0,0.0,1.0,0.0
6,175,5.440111218214649,3.9966360603988256,0.0,1.0,0.0,1.0,0.0,1.0
7,175,1.2068121431412382,11.331334550292835,0.0,1.0,0.0,0.0,1.0,0.0
8,175,2.986173787000701,0.0,0.0,1.0,0.0,0.0,0.0,1.0
9,175,0.936816436156176,0.9035816222638344,1.0,0.0,0.0,0.0,1.0,1.0
10,175,4.798662073451838,12.0,0.0,1.0,1.0,0.0,1.0,1.0
11,175,11.339852139447204,5.287460395749715,0.0,0.0,1.0,0.0,1.0,0.0
12,175,12.0,7.46433213225361,0.0,0.0,0.0,1.0,0.0,0.0
13,175,2.1822728734241665,0.5573501796653226,0.0,0.0,1.0,0.0,0.0,1.0
14,175,7.405521768018938,4.944886680304874,0.0,1.0,0.0,0.0,0.0,0.0
15,175,1.4020975517725454,3.3543883054189463,1.0,1.0,0.0,1.0,0.0,1.0
16,175,4.9697871275760175,7.18818362870163,0.0,0.0,1.0,1.0,1.0,0.0
17,175,6.915611080340419,12.0,0.0,0.0,0.0,1.0,0.0,1.0
18,175,6.784528518726781,3.830256078191791,1.0,0.0,0.0,1.0,1.0,1.0
19,175,3.11378215507492,5.661950584977268,1.0,0.0,1.0,1.0,0.0,1.0
20,175,6.72271870022095,0.8234894108368994,0.0,0.0,1.0,1.0,1.0,0.0
21,175,6.112746332485291,0.8683668212366389,0.0,1.0,0.0,0.0,0.0,0.0
22,175,4.304291831195431,7.929530231561511,0.0,0.0,0.0,0.0,1.0,1.0
23,175,12.0,3.0758690222480114,1.0,1.0,0.0,0.0,0.0,1.0
24,175,5.684976992982305,3.081177707965374,0.0,1.0,1.0,0.0,1.0,0.0
25,175,0.1576528654628748,9.928509889759004,0.0,1.0,0.0,0.0,0.0,1.0
26,175,9.117631174224403,1.2232490758877066,1.0,0.0,1.0,0.0,0.0,0.0
27,175,6.171698908539567,9.99733838509899,1.0,0.0,0.0,0.0,0.0,1.0
28,175,8.7136540503918,3.516869412934713,0.0,0.0,0.0,1.0,0.0,0.0
29,175,6.966251161652855,11.74904684992156,1.0,1.0,1.0,1.0,0.0,1.0
30,175,8.079784090707076,12.0,1.0,1.0,1.0,0.0,1.0,1.0
31,175,1.5515566214446872,11.40490439259785,0.0,1.0,1.0,0.0,1.0,1.0
32,175,7.7176793574064675,0.0,1.0,0.0,1.0,0.0,1.0,0.0
33,175,4.286507297550409,1.421366686260068,1.0,0.0,0.0,1.0,1.0,0.0
34,175,6.625000648444737,11.70957675264851,0.0,0.0,0.0,0.0,0.0,1.0
35,175,11.171977247537653,3.1167278899527227,0.0,1.0,1.0,0.0,0.0,0.0
36,175,7.268630914226152,8.957285415030737,1.0,1.0,1.0,0.0,0.0,0.0
37,175,0.069789606236142,8.1534007568908,0.0,0.0,0.0,1.0,0.0,1.0
38,175,2.9897739431972425,3.93927938289078,1.0,0.0,0.0,0.0,0.0,0.0
39,175,6.894293706939807,2.656516537549897,0.0,0.0,1.0,1.0,0.0,0.0
0,180,6.616330372150921,11.17975592508174,1.0,0.0,1.0,0.0,0.0,0.0
1,180,6.877525831107674,3.383460617222873,1.0,0.0,0.0,0.0,0.0,1.0
2,180,2.9559950190611564,5.469313817198476,1.0,0.0,0.0,1.0,0.0,0.0
3,180,7.79776827710578,2.330623360563466,0.0,0.0,0.0,0.0,0.0,1.0
4,180,7.545017210067499,5.5117738286071045,0.0,0.0,1.0,0.0,1.0,1.0
5,180,6.606119671855101,0.0,1.0,1.0,0.0,0.0,1.0,0.0
6,180,5.277111086413775,3.934303940645608,0.0,1.0,0.0,1.0,0.0,1.0
7,180,1.2786249910378515,11.29818072970809,0.0,1.0,0.0,0.0,1.0,0.0
8,180,2.95649541924194,0.0,0.0,1.0,0.0,0.0,0.0,1.0
9,180,0.9393846909085988,0.8347180770184444,1.0,0.0,0.0,0.0,1.0,1.0
10,180,4.854825311586093,12.0,0.0,1.0,1.0,0.0,1.0,1.0
11,180,11.347413446383538,5.286160493230917,0.0,0.0,1.0,0.0,1.0,0.0
12,180,12.0,7.444404791376027,0.0,0.0,0.0,1.0,0.0,0.0
13,180,2.1838944707011025,0.5447706629822302,0.0,0.0,1.0,0.0,0.0,1.0
14,180,7.353433521111008,4.904939251487987,0.0,1.0,0.0,0.0,0.0,0.0
15,180,1.4020731385731176,3.354126977750961,1.0,1.0,0.0,1.0,0.0,1.0
16,180,4.951406973351284,7.272648661487843,0.0,0.0,1.0,1.0,1.0,0.0
17,180,6.656366807538989,12.0,0.0,0.0,0.0,1.0,0.0,1.0
18,180,6.764182622149916,3.8764266673236,1.0,0.0,0.0,1.0,1.0,1.0
19,180,3.1486471605882733,5.645469723876471,1.0,0.0,1.0,1.0,0.0,1.0
20,180,6.793597182615825,0.7790616187890623,0.0,0.0,1.0,1.0,1.0,0.0
21,180,6.19554995880674,0.8718595705838917,0.0,1.0,0.0,0.0,0.0,0.0
22,180,4.4050559447686535,7.865268837901011,0.0,0.0,0.0,0.0,1.0,1.0
23,180,12.0,3.216344395644221,1.0,1.0,0.0,0.0,0.0,1.0
24,180,5.722794877468036,3.1230252019707145,0.0,1.0,1.0,0.0,1.0,0.0
25,180,0.1307868221054573,9.838105413396208,0.0,1.0,0.0,0.0,0.0,1.0
26,180,9.188643848927567,1.0765893728774498,1.0,0.0,1.0,0.0,0.0,0.0
27,180,6.235236034115411,9.948534531914632,1.0,0.0,0.0,0.0,0.0,1.0
28,180,8.737167888896487,3.28870410625416,0.0,0.0,0.0,1.0,0.0,0.0
29,180,6.96116503149661,11.76775348078032,1.0,1.0,1.0,1.0,0.0,1.0
30,180,8.11766425540718,12.0,1.0,1.0,1.0,0.0,1.0,1.0
31,180,1.5822219948312886,11.41978773208296,0.0,1.0,1.0,0.0,1.0,1.0
32,180,7.7287454531220865,0.0,1.0,0.0,1.0,0.0,1.0,0.0
33,180,4.272906038219083,1.395086979900169,1.0,0.0,0.0,1.0,1.0,0.0
34,180,6.682898476970425,11.843613352769813,0.0,0.0,0.0,0.0,0.0,1.0
35,180,11.168738046050922,3.113826383447844,0.0,1.0,1.0,0.0,0.0,0.0
36,180,7.244997792536687,8.931284285341368,1.0,1.0,1.0,0.0,0.0,0.0
37,180,0.1356034724822873,8.244985912709978,0.0,0.0,0.0,1.0,0.0,1.0
38,180,2.8906737996150063,3.94734846405133,1.0,0.0,0.0,0.0,0.0,0.0
39,180,6.906504908082804,2.5950353502589074,0.0,0.0,1.0,1.0,0.0,0.0
0,185,6.607477494793328,11.181191346470309,1.0,0.0,1.0,0.0,0.0,0.0
1,185,6.8607822553379725,3.3863648121919847,1.0,0.0,0.0,0.0,0.0,1.0
2,185,2.941348084051124,5.504499260371492,1.0,0.0,0.0,1.0,0.0,0.0
3,185,7.760142692111267,2.2269372427934613,0.0,0.0,0.0,0.0,0.0,1.0
4,185,7.550349390787728,5.403489327424802,0.0,0.0,1.0,0.0,1.0,1.0
5,185,6.661671571969358,0.0,1.0,1.0,0.0,0.0,1.0,0.0
6,185,5.112062117950104,3.8782640012884375,0.0,1.0,0.0,1.0,0.0,1.0
7,185,1.3574837014691823,11.263598825646213,0.0,1.0,0.0,0.0,1.0,0.0
8,185,2.9126695927865422,0.0,0.0,1.0,0.0,0.0,0.0,1.0
9,185,0.9414150984478236,0.7679848311183287,1.0,0.0,0.0,0.0,1.0,1.0
10,185,4.913610165185254,12.0,0.0,1.0,1.0,0.0,1.0,1.0
11,185,11.368175528935394,5.282969875849416,0.0,0.0,1.0,0.0,1.0,0.0
12,185,12.0,7.407977349610762,0.0,0.0,0.0,1.0,0.0,0.0
13,185,2.1838345430376758,0.5452430197268499,0.0,0.0,1.0,0.0,0.0,1.0
14,185,7.310096595699847,4.8716111127704895,0.0,1.0,0.0,0.0,0.0,0.0
15,185,1.401572849621692,3.3486024871678537,1.0,1.0,0.0,1.0,0.0,1.0
16,185,4.936262045374031,7.345002537970978,0.0,0.0,1.0,1.0,1.0,0.0
17,185,6.37989862818979,12.0,0.0,0.0,0.0,1.0,0.0,1.0
18,185,6.73966504704052,3.928076564351312,1.0,0.0,0.0,1.0,1.0,1.0
19,185,3.1802891723706823,5.629634350596372,1.0,0.0,1.0,1.0,0.0,1.0
20,185,6.874356564794449,0.7291629291390381,0.0,0.0,1.0,1.0,1.0,0.0
21,185,6.263507298904122,0.8732864582884189,0.0,1.0,0.0,0.0,0.0,0.0
22,185,4.527294529838522,7.79386360035142,0.0,0.0,0.0,0.0,1.0,1.0
23,185,12.0,3.3459767606359607,1.0,1.0,0.0,0.0,0.0,1.0
24,185,5.773409365450805,3.1778991878239804,0.0,1.0,1.0,0.0,1.0,0.0
25,185,0.0987157372049248,9.730300931692604,0.0,1.0,0.0,0.0,0.0,1.0
26,185,9.259576786898828,0.9228961922534008,1.0,0.0,1.0,0.0,0.0,0.0
27,185,6.305104772021886,9.898034503695436,1.0,0.0,0.0,0.0,0.0,1.0
28,185,8.761334628456142,3.04699077796702,0.0,0.0,0.0,1.0,0.0,0.0
29,185,6.954296108050324,11.791696084204984,1.0,1.0,1.0,1.0,0.0,1.0
30,185,8.15923012508728,12.0,1.0,1.0,1.0,0.0,1.0,1.0
31,185,1.6257055229888435,11.440497159756172,0.0,1.0,1.0,0.0,1.0,1.0
32,185,7.73796275833078,0.0,1.0,0.0,1.0,0.0,1.0,0.0
33,185,4.252909380900337,1.3554743003557597,1.0,0.0,0.0,1.0,1.0,0.0
34,185,6.739523883730833,11.983272689051422,0.0,0.0,0.0,0.0,0.0,1.0
35,185,11.152992343237957,3.099778603973349,0.0,1.0,1.0,0.0,0.0,0.0
36,185,7.224225213639905,8.908662240434234,1.0,1.0,1.0,0.0,0.0,0.0
37,185,0.2046823835096525,8.33777373189087,0.0,0.0,0.0,1.0,0.0,1.0
38,185,2.770602171928544,3.957847977192829,1.0,0.0,0.0,0.0,0.0,0.0
39,185,6.919367797291254,2.519938387397553,0.0,0.0,1.0,1.0,0.0,0.0
0,190,6.584525667709396,11.184923095090989,1.0,0.0,1.0,0.0,0.0,0.0
1,190,6.845329395904724,3.389259208102096,1.0,0.0,0.0,0.0,0.0,1.0
2,190,2.9187692685018507,5.560779839629554,1.0,0.0,0.0,1.0,0.0,0.0
3,190,7.722368103582341,2.116629872680234,0.0,0.0,0.0,0.0,0.0,1.0
4,190,7.555151835323933,5.275411136795367,0.0,0.0,1.0,0.0,1.0,1.0
5,190,6.708090098599645,0.0,1.0,1.0,0.0,0.0,1.0,0.0
6,190,4.944312203038674,3.8201239316570574,0.0,1.0,0.0,1.0,0.0,1.0
7,190,1.4095320122262642,11.240590653573443,0.0,1.0,0.0,0.0,1.0,0.0
8,190,2.8635518698930067,0.0,0.0,1.0,0.0,0.0,0.0,1.0
9,190,0.9439134984209904,0.7190080617285676,1.0,0.0,0.0,0.0,1.0,1.0
10,190,4.974444706412713,12.0,0.0,1.0,1.0,0.0,1.0,1.0
11,190,11.380256130347467,5.2809710941147205,0.0,0.0,1.0,0.0,1.0,0.0
12,190,12.0,7.370261538684778,0.0,0.0,0.0,1.0,0.0,0.0
13,190,2.1854306827605194,0.5305169755442688,0.0,0.0,1.0,0.0,0.0,1.0
14,190,7.267101069771244,4.839078180004707,0.0,1.0,0.0,0.0,0.0,0.0
15,190,1.4032600265505426,3.3670734524754318,1.0,1.0,0.0,1.0,0.0,1.0
16,190,4.92016687497584,7.428785987440905,0.0,0.0,1.0,1.0,1.0,0.0
17,190,6.114576930810007,12.0,0.0,0.0,0.0,1.0,0.0,1.0
18,190,6.7166046236330414,3.979623028115847,1.0,0.0,0.0,1.0,1.0,1.0
19,190,3.204796397533584,5.617657676194907,1.0,0.0,1.0,1.0,0.0,1.0
20,190,6.950418903915723,0.6836900311614564,0.0,0.0,1.0,1.0,1.0,0.0
21,190,6.324747040335186,0.8742807533290189,0.0,1.0,0.0,0.0,0.0,0.0
22,190,4.629223826774845,7.732745220358868,0.0,0.0,0.0,0.0,1.0,1.0
23,190,12.0,3.486741684787695,1.0,1.0,0.0,0.0,0.0,1.0
24,190,5.815822930347639,3.223762267538401,0.0,1.0,1.0,0.0,1.0,0.0
25,190,0.0647667617287964,9.618642934488708,0.0,1.0,0.0,0.0,0.0,1.0
26,190,9.334448683847082,0.7685458335689892,1.0,0.0,1.0,0.0,0.0,0.0
27,190,6.37599785903198,9.84609401245841,1.0,0.0,0.0,0.0,0.0,1.0
28,190,8.778602019071037,2.8319781522771104,0.0,0.0,0.0,1.0,0.0,0.0
29,190,6.946454004236215,11.817281587800636,1.0,1.0,1.0,1.0,0.0,1.0
30,190,8.205082141180986,12.0,1.0,1.0,1.0,0.0,1.0,1.0
31,190,1.6584151730605612,11.455331647297736,0.0,1.0,1.0,0.0,1.0,1.0
32,190,7.74916291640467,0.0,1.0,0.0,1.0,0.0,1.0,0.0
33,190,4.231652155206636,1.3111296558702603,1.0,0.0,0.0,1.0,1.0,0.0
34,190,6.789005118004923,12.0,0.0,0.0,0.0,0.0,0.0,1.0
35,190,11.147248208808104,3.0948147787785176,0.0,1.0,1.0,0.0,0.0,0.0
36,190,7.186893928070714,8.868245497606267,1.0,1.0,1.0,0.0,0.0,0.0
37,190,0.2592025010956081,8.411938941550627,0.0,0.0,0.0,1.0,0.0,1.0
38,190,2.653021141833604,3.969453281623674,1.0,0.0,0.0,0.0,0.0,0.0
39,190,6.935201273824596,2.4302120103077467,0.0,0.0,1.0,1.0,0.0,0.0
0,195,6.556098649520317,11.189261387341032,1.0,0.0,1.0,0.0,0.0,0.0
1,195,6.83322524577215,3.391415774004393,1.0,0.0,0.0,0.0,0.0,1.0
2,195,2.894271894379949,5.619238119689445,1.0,0.0,0.0,1.0,0.0,0.0
3,195,7.686608043863646,2.011397869538481,0.0,0.0,0.0,0.0,0.0,1.0
4,195,7.560374313007503,5.144798407877107,0.0,0.0,1.0,0.0,1.0,1.0
5,195,6.751598669422565,0.0,1.0,1.0,0.0,0.0,1.0,0.0
6,195,4.788652503677592,3.762363350816277,0.0,1.0,0.0,1.0,0.0,1.0
7,195,1.4578278502936384,11.219948634103831,0.0,1.0,0.0,0.0,1.0,0.0
8,195,2.817498964904384,0.0,0.0,1.0,0.0,0.0,0.0,1.0
9,195,0.9485326129992556,0.6412443316583715,1.0,0.0,0.0,0.0,1.0,1.0
10,195,5.037877331505016,12.0,0.0,1.0,1.0,0.0,1.0,1.0
11,195,11.41662680679594,5.2753090110293765,0.0,0.0,1.0,0.0,1.0,0.0
12,195,12.0,7.329468561448903,0.0,0.0,0.0,1.0,0.0,0.0
13,195,2.186305735154639,0.5205103933865518,0.0,0.0,1.0,0.0,0.0,1.0
14,195,7.216659606732687,4.798931298085542,0.0,1.0,0.0,0.0,0.0,0.0
15,195,1.404492228654642,3.379290714723857,1.0,1.0,0.0,1.0,0.0,1.0
16,195,4.905140572356346,7.51733039077916,0.0,0.0,1.0,1.0,1.0,0.0
17,195,5.862428428332177,12.0,0.0,0.0,0.0,1.0,0.0,1.0
18,195,6.696440639063508,4.022999345885737,1.0,0.0,0.0,1.0,1.0,1.0
19,195,3.229695795064196,5.606308798489819,1.0,0.0,1.0,1.0,0.0,1.0
20,195,7.039769328622854,0.6299602870914414,0.0,0.0,1.0,1.0,1.0,0.0
21,195,6.398268537129651,0.8769741181116694,0.0,1.0,0.0,0.0,0.0,0.0
22,195,4.740960347979264,7.665839913132593,0.0,0.0,0.0,0.0,1.0,1.0
23,195,12.0,3.62379392817018,1.0,1.0,0.0,0.0,0.0,1.0
24,195,5.859043911908374,3.2724702891886674,0.0,1.0,1.0,0.0,1.0,0.0
25,195,0.0394991105788386,9.526024028090603,0.0,1.0,0.0,0.0,0.0,1.0
26,195,9.414786262524052,0.5941397399492344,1.0,0.0,1.0,0.0,0.0,0.0
27,195,6.466184560439936,9.781221472737332,1.0,0.0,0.0,0.0,0.0,1.0
28,195,8.793916128853796,2.5988917997526704,0.0,0.0,0.0,1.0,0.0,0.0
29,195,6.941241757042991,11.832955879477616,1.0,1.0,1.0,1.0,0.0,1.0
30,195,8.305607551871812,11.952902563686198,1.0,1.0,1.0,0.0,1.0,1.0
31,195,1.7002028297913976,11.47218574338573,0.0,1.0,1.0,0.0,1.0,1.0
32,195,7.760237035232897,0.0,1.0,0.0,1.0,0.0,1.0,0.0
33,195,4.210788802069449,1.267279014441586,1.0,0.0,0.0,1.0,1.0,0.0
34,195,6.839641783779943,12.0,0.0,0.0,0.0,0.0,0.0,1.0
35,195,11.151801879506788,3.0988207082112678,0.0,1.0,1.0,0.0,0.0,0.0
36,195,7.150350916176904,8.828266911755554,1.0,1.0,1.0,0.0,0.0,0.0
37,195,0.3243302828275989,8.496608647981814,0.0,0.0,0.0,1.0,0.0,1.0
38,195,2.5434544124160867,3.97868522386499,1.0,0.0,0.0,0.0,0.0,0.0
39,195,6.95190681923464,2.33286381132732,0.0,0.0,1.0,1.0,0.0,0.0
0,200,6.523634783636908,11.194415761907644,1.0,0.0,1.0,0.0,0.0,0.0
1,200,6.818174041746809,3.394071944369719,1.0,0.0,0.0,0.0,0.0,1.0
2,200,2.865004759558518,5.688134202228401,1.0,0.0,0.0,1.0,0.0,0.0
3,200,7.654375143194385,1.9236967325211345,0.0,0.0,0.0,0.0,0.0,1.0
4,200,7.569343981117763,4.987683928957698,0.0,0.0,1.0,0.0,1.0,1.0
5,200,6.8014208471301485,0.0,1.0,1.0,0.0,0.0,1.0,0.0
6,200,4.627318448105264,3.705108071589577,0.0,1.0,0.0,1.0,0.0,1.0
7,200,1.5015392230695204,11.203124509078345,0.0,1.0,0.0,0.0,1.0,0.0
8,200,2.777285552697843,0.0,0.0,1.0,0.0,0.0,0.0,1.0
9,200,0.9547640154543896,0.5559085587999784,1.0,0.0,0.0,0.0,1.0,1.0
10,200,5.101425585022063,12.0,0.0,1.0,1.0,0.0,1.0,1.0
11,200,11.433489834140596,5.272686910111811,0.0,0.0,1.0,0.0,1.0,0.0
12,200,12.0,7.293584267793285,0.0,0.0,0.0,1.0,0.0,0.0
13,200,2.187932465703305,0.5068476135170754,0.0,0.0,1.0,0.0,0.0,1.0
14,200,7.16948760742348,4.75838240024881,0.0,1.0,0.0,0.0,0.0,0.0
15,200,1.40507180537557,3.38744926036378,1.0,1.0,0.0,1.0,0.0,1.0
16,200,4.891960975754187,7.609058687153992,0.0,0.0,1.0,1.0,1.0,0.0
17,200,5.624841341641679,12.0,0.0,0.0,0.0,1.0,0.0,1.0
18,200,6.685345505566935,4.048591075168647,1.0,0.0,0.0,1.0,1.0,1.0
19,200,3.235327245099877,5.603788691012171,1.0,0.0,1.0,1.0,0.0,1.0
20,200,7.141144770826145,0.5660528175212743,0.0,0.0,1.0,1.0,1.0,0.0
21,200,6.466603517890384,0.8799204113220346,0.0,1.0,0.0,0.0,0.0,0.0
22,200,4.858090420094045,7.594444773101057,0.0,0.0,0.0,0.0,1.0,1.0
23,200,12.0,3.758629719305083,1.0,1.0,0.0,0.0,0.0,1.0
24,200,5.908455212871326,3.330170027397715,0.0,1.0,1.0,0.0,1.0,0.0
25,200,0.0197058736839338,9.45208688844962,0.0,1.0,0.0,0.0,0.0,1.0
26,200,9.486673442369396,0.4371641090568093,1.0,0.0,1.0,0.0,0.0,0.0
27,200,6.567192474123432,9.705385566704663,1.0,0.0,0.0,0.0,0.0,1.0
28,200,8.807242594756879,2.355961685211293,0.0,0.0,0.0,1.0,0.0,0.0
29,200,6.924535112347328,11.880271833005205,1.0,1.0,1.0,1.0,0.0,1.0
30,200,8.415311329340437,11.90164140177864,1.0,1.0,1.0,0.0,1.0,1.0
31,200,1.7246434956790564,11.482382370104704,0.0,1.0,1.0,0.0,1.0,1.0
32,200,7.770843339619565,0.0,1.0,0.0,1.0,0.0,1.0,0.0
33,200,4.184398749877908,1.2126452551011793,1.0,0.0,0.0,1.0,1.0,0.0
34,200,6.884900498320138,12.0,0.0,0.0,0.0,0.0,0.0,1.0
35,200,11.157064836719902,3.0928484215277776,0.0,1.0,1.0,0.0,0.0,0.0
36,200,7.10751346136116,8.780682539154522,1.0,1.0,1.0,0.0,0.0,0.0
37,200,0.3818426025000536,8.571354711554221,0.0,0.0,0.0,1.0,0.0,1.0
38,200,2.4242566688477964,3.9907061150790697,1.0,0.0,0.0,0.0,0.0,0.0
39,200,6.974723113307974,2.2191563328189265,0.0,0.0,1.0,1.0,0.0,0.0
0,205,6.50633790036729,11.19713757348272,1.0,0.0,1.0,0.0,0.0,0.0
1,205,6.790876265650243,3.3992983903737644,1.0,0.0,0.0,0.0,0.0,1.0
2,205,2.842309614799345,5.739876984534077,1.0,0.0,0.0,1.0,0.0,0.0
3,205,7.618302671733631,1.8277013289985304,0.0,0.0,0.0,0.0,0.0,1.0
4,205,7.577528591042217,4.833906369664897,0.0,0.0,1.0,0.0,1.0,1.0
5,205,6.853698618385672,0.0,1.0,1.0,0.0,0.0,1.0,0.0
6,205,4.471587640675375,3.65250613158636,0.0,1.0,0.0,1.0,0.0,1.0
7,205,1.5305986434694965,11.193309278619267,0.0,1.0,0.0,0.0,1.0,0.0
8,205,2.745525036718253,0.0,0.0,1.0,0.0,0.0,0.0,1.0
9,205,0.9602670225734266,0.4780043724683588,1.0,0.0,0.0,0.0,1.0,1.0
10,205,5.162974600013345,12.0,0.0,1.0,1.0,0.0,1.0,1.0
11,205,11.462566840907954,5.268901629027954,0.0,0.0,1.0,0.0,1.0,0.0
12,205,12.0,7.25784385986187,0.0,0.0,0.0,1.0,0.0,0.0
13,205,2.187850134431365,0.5079198423564509,0.0,0.0,1.0,0.0,0.0,1.0
14,205,7.125320893998367,4.718839700006429,0.0,1.0,0.0,0.0,0.0,0.0
15,205,1.4041577651624713,3.3768875240683505,1.0,1.0,0.0,1.0,0.0,1.0
16,205,4.800302430359897,7.599563730785941,0.0,0.0,1.0,1.0,1.0,0.0
17,205,5.68588617045158,12.0,0.0,0.0,0.0,1.0,0.0,1.0
18,205,6.6741082353942005,4.075455667307799,1.0,0.0,0.0,1.0,1.0,1.0
19,205,3.231245010705018,5.605678506921311,1.0,0.0,1.0,1.0,0.0,1.0
20,205,7.252471118482034,0.4946030111154434,0.0,0.0,1.0,1.0,1.0,0.0
21,205,6.545713867747043,0.8844893695539253,0.0,1.0,0.0,0.0,0.0,0.0
22,205,4.969144036351766,7.525463192393243,0.0,0.0,0.0,0.0,1.0,1.0
23,205,12.0,3.8949380376493257,1.0,1.0,0.0,0.0,0.0,1.0
24,205,5.97030399208941,3.408000523154248,0.0,1.0,1.0,0.0,1.0,0.0
25,205,0.0,9.37551641677898,0.0,1.0,0.0,0.0,0.0,1.0
26,205,9.564924917411222,0.2843888191995587,1.0,0.0,1.0,0.0,0.0,0.0
27,205,6.669744894389928,9.625994608107831,1.0,0.0,0.0,0.0,0.0,1.0
28,205,8.823713718057745,2.101354262999029,0.0,0.0,0.0,1.0,0.0,0.0
29,205,6.914970802426803,11.9091879909408,1.0,1.0,1.0,1.0,0.0,1.0
30,205,8.521951457686798,11.84939843298856,1.0,1.0,1.0,0.0,1.0,1.0
31,205,1.7623316627976076,11.496630454725311,0.0,1.0,1.0,0.0,1.0,1.0
32,205,7.780185100579994,0.0,1.0,0.0,1.0,0.0,1.0,0.0
33,205,4.159103854890232,1.1596296647123256,1.0,0.0,0.0,1.0,1.0,0.0
34,205,6.929147589163669,12.0,0.0,0.0,0.0,0.0,0.0,1.0
35,205,11.16879792615007,3.0801015900738724,0.0,1.0,1.0,0.0,0.0,0.0
36,205,7.051639531639542,8.718004150401049,1.0,1.0,1.0,0.0,0.0,0.0
37,205,0.42735571935897,8.631411176314417,0.0,0.0,0.0,1.0,0.0,1.0
38,205,2.3290337067652493,3.996918279384029,1.0,0.0,0.0,0.0,0.0,0.0
39,205,6.9959945753081785,2.1121325531900363,0.0,0.0,1.0,1.0,0.0,0.0
0,210,6.49358638912971,11.199042301133156,1.0,0.0,1.0,0.0,0.0,0.0
1,210,6.7594478370646,3.4055536693270083,1.0,0.0,0.0,0.0,0.0,1.0
2,210,2.817421830848644,5.795132664635444,1.0,0.0,0.0,1.0,0.0,0.0
3,210,7.58567166625326,1.7504048617232142,0.0,0.0,0.0,0.0,0.0,1.0
4,210,7.588558214793569,4.662524616664395,0.0,0.0,1.0,0.0,1.0,1.0
5,210,6.905029444017638,0.0,1.0,1.0,0.0,0.0,1.0,0.0
6,210,4.291926462359726,3.5954909673454325,0.0,1.0,0.0,1.0,0.0,1.0
7,210,1.5706471093976349,11.180800453859506,0.0,1.0,0.0,0.0,1.0,0.0
8,210,2.719735592937905,0.0,0.0,1.0,0.0,0.0,0.0,1.0
9,210,0.9661640809364686,0.4000268782870548,1.0,0.0,0.0,0.0,1.0,1.0
10,210,5.238160433001381,12.0,0.0,1.0,1.0,0.0,1.0,1.0
11,210,11.500557748279576,5.26337653951469,0.0,0.0,1.0,0.0,1.0,0.0
12,210,11.971734148092926,7.225434451474967,0.0,0.0,0.0,1.0,0.0,0.0
13,210,2.1870237996404103,0.5165992056057781,0.0,0.0,1.0,0.0,0.0,1.0
14,210,7.0863283198635,4.684050399038986,0.0,1.0,0.0,0.0,0.0,0.0
15,210,1.4026613419969216,3.358328804783347,1.0,1.0,0.0,1.0,0.0,1.0
16,210,4.696266980498756,7.591032162257565,0.0,0.0,1.0,1.0,1.0,0.0
17,210,5.755825211441897,12.0,0.0,0.0,0.0,1.0,0.0,1.0
18,210,6.660234310537987,4.107897558795542,1.0,0.0,0.0,1.0,1.0,1.0
19,210,3.224819946783574,5.6085641343191535,1.0,0.0,1.0,1.0,0.0,1.0
20,210,7.379523970569262,0.4130577999871833,0.0,0.0,1.0,1.0,1.0,0.0
21,210,6.613576995984076,0.8882538097090551,0.0,1.0,0.0,0.0,0.0,0.0
22,210,5.0738254352936485,7.463608392144867,0.0,0.0,0.0,0.0,1.0,1.0
23,210,12.0,4.020378518125709,1.0,1.0,0.0,0.0,0.0,1.0
24,210,6.030726763482623,3.480659284113111,0.0,1.0,1.0,0.0,1.0,0.0
25,210,0.0,9.28802471753767,0.0,1.0,0.0,0.0,0.0,1.0
26,210,9.646151265780954,0.1327584034073419,1.0,0.0,1.0,0.0,0.0,0.0
27,210,6.761807150538147,9.556135618685545,1.0,0.0,0.0,0.0,0.0,1.0
28,210,8.833807672121718,1.8376640053178777,0.0,0.0,0.0,1.0,0.0,0.0
29,210,6.905970125606893,11.937928666516289,1.0,1.0,1.0,1.0,0.0,1.0
30,210,8.624578828527467,11.798602541164692,1.0,1.0,1.0,0.0,1.0,1.0
31,210,1.7942408183214424,11.50793963758754,0.0,1.0,1.0,0.0,1.0,1.0
32,210,7.78983902692866,0.0,1.0,0.0,1.0,0.0,1.0,0.0
33,210,4.136094666007922,1.1110224957078136,1.0,0.0,0.0,1.0,1.0,0.0
34,210,6.981127129639102,12.0,0.0,0.0,0.0,0.0,0.0,1.0
35,210,11.18956949822138,3.0549922791617314,0.0,1.0,1.0,0.0,0.0,0.0
36,210,6.997198398693596,8.656964868146808,1.0,1.0,1.0,0.0,0.0,0.0
37,210,0.4663715476656653,8.687196169006569,0.0,0.0,0.0,1.0,0.0,1.0
38,210,2.234822065657247,4.000143232393329,1.0,0.0,0.0,0.0,0.0,0.0
39,210,7.020100955589308,1.990324908426625,0.0,0.0,1.0,1.0,0.0,0.0
0,215,6.491506095299272,11.199387945029128,1.0,0.0,1.0,0.0,0.0,0.0
1,215,6.721361029981584,3.413405179808021,1.0,0.0,0.0,0.0,0.0,1.0
2,215,2.7972969699934094,5.840355644786206,1.0,0.0,0.0,1.0,0.0,0.0
3,215,7.548213393421104,1.6672601460961836,0.0,0.0,0.0,0.0,0.0,1.0
4,215,7.600147929388805,4.480080759247042,0.0,0.0,1.0,0.0,1.0,1.0
5,215,6.953138853425531,0.0,1.0,1.0,0.0,0.0,1.0,0.0
6,215,4.105422440929273,3.536782079509134,0.0,1.0,0.0,1.0,0.0,1.0
7,215,1.625233228089555,11.163734901041945,0.0,1.0,0.0,0.0,1.0,0.0
8,215,2.69123042852745,0.0,0.0,1.0,0.0,0.0,0.0,1.0
9,215,0.9705870831170342,0.3179668443564192,1.0,0.0,0.0,0.0,1.0,1.0
10,215,5.318565626816729,12.0,0.0,1.0,1.0,0.0,1.0,1.0
11,215,11.541503087742804,5.2579001602779964,0.0,0.0,1.0,0.0,1.0,0.0
12,215,11.946221480746718,7.192542099345565,0.0,0.0,0.0,1.0,0.0,0.0
13,215,2.184082117519479,0.5448839345523835,0.0,0.0,1.0,0.0,0.0,1.0
14,215,7.055906349162648,4.657136302916324,0.0,1.0,0.0,0.0,0.0,0.0
15,215,1.4032449551020276,3.369637908255264,1.0,1.0,0.0,1.0,0.0,1.0
16,215,4.58285996136026,7.583253737841731,0.0,0.0,1.0,1.0,1.0,0.0
17,215,5.823610708621187,12.0,0.0,0.0,0.0,1.0,0.0,1.0
18,215,6.640071078112461,4.153772921390265,1.0,0.0,0.0,1.0,1.0,1.0
19,215,3.217588759756552,5.61163270640114,1.0,0.0,1.0,1.0,0.0,1.0
20,215,7.510641910325471,0.3303147701106777,0.0,0.0,1.0,1.0,1.0,0.0
21,215,6.6946924060887,0.8926910454930987,0.0,1.0,0.0,0.0,0.0,0.0
22,215,5.150143884248998,7.416587546166643,0.0,0.0,0.0,0.0,1.0,1.0
23,215,12.0,4.133616628524969,1.0,1.0,0.0,0.0,0.0,1.0
24,215,6.088003584933095,3.546201405794532,0.0,1.0,1.0,0.0,1.0,0.0
25,215,0.0,9.201710459565954,0.0,1.0,0.0,0.0,0.0,1.0
26,215,9.724693823829424,0.0,1.0,0.0,1.0,0.0,0.0,0.0
27,215,6.852181840956957,9.488923199204294,1.0,0.0,0.0,0.0,0.0,1.0
28,215,8.842399681404675,1.5558356072247417,0.0,0.0,0.0,1.0,0.0,0.0
29,215,6.897154774976254,11.964399263498883,1.0,1.0,1.0,1.0,0.0,1.0
30,215,8.722112944460552,11.753644072747514,1.0,1.0,1.0,0.0,1.0,1.0
31,215,1.8399975714929504,11.523332992070795,0.0,1.0,1.0,0.0,1.0,1.0
32,215,7.800477705961566,0.0,1.0,0.0,1.0,0.0,1.0,0.0
33,215,4.107839799134616,1.0525420555874152,1.0,0.0,0.0,1.0,1.0,0.0
34,215,7.032305298187306,12.0,0.0,0.0,0.0,0.0,0.0,1.0
35,215,11.216892559722009,3.0221730374295843,0.0,1.0,1.0,0.0,0.0,0.0
36,215,6.946425168716446,8.599798868925085,1.0,1.0,1.0,0.0,0.0,0.0
37,215,0.5005890620368573,8.736427519536981,0.0,0.0,0.0,1.0,0.0,1.0
38,215,2.1522409314091373,4.002882947509978,1.0,0.0,0.0,0.0,0.0,0.0
39,215,7.038841014914832,1.8955125212565689,0.0,0.0,1.0,1.0,0.0,0.0
0,220,6.465442502952545,11.203339875868185,1.0,0.0,1.0,0.0,0.0,0.0
1,220,6.694225182430351,3.420013799855503,1.0,0.0,0.0,0.0,0.0,1.0
2,220,2.776805297306871,5.8866786450913935,1.0,0.0,0.0,1.0,0.0,0.0
3,220,7.510223449435679,1.5785809500713373,0.0,0.0,0.0,0.0,0.0,1.0
4,220,7.609821359682105,4.303059319259229,0.0,0.0,1.0,0.0,1.0,1.0
5,220,7.0024658605517525,0.0,1.0,1.0,0.0,0.0,1.0,0.0
6,220,3.9379670656758208,3.4792806991489678,0.0,1.0,0.0,1.0,0.0,1.0
7,220,1.649352090540393,11.156517318306925,0.0,1.0,0.0,0.0,1.0,0.0
8,220,2.669719798890333,0.0,0.0,1.0,0.0,0.0,0.0,1.0
9,220,0.9752775014170552,0.2409117029863896,1.0,0.0,0.0,0.0,1.0,1.0
10,220,5.391598502656391,12.0,0.0,1.0,1.0,0.0,1.0,1.0
11,220,11.584640258002318,5.251622547470835,0.0,0.0,1.0,0.0,1.0,0.0
12,220,11.91951200208362,7.157957567586207,0.0,0.0,0.0,1.0,0.0,0.0
13,220,2.180747297822446,0.5771964170765366,0.0,0.0,1.0,0.0,0.0,1.0
14,220,7.026885858418129,4.630408829152744,0.0,1.0,0.0,0.0,0.0,0.0
15,220,1.402852200507282,3.3596997109803706,1.0,1.0,0.0,1.0,0.0,1.0
16,220,4.472128014789025,7.574441934735712,0.0,0.0,1.0,1.0,1.0,0.0
17,220,5.901214355372486,12.0,0.0,0.0,0.0,1.0,0.0,1.0
18,220,6.618137051168478,4.202190577314806,1.0,0.0,0.0,1.0,1.0,1.0
19,220,3.2103289655226948,5.614813533947535,1.0,0.0,1.0,1.0,0.0,1.0
20,220,7.654206481679103,0.2354352138449126,0.0,0.0,1.0,1.0,1.0,0.0
21,220,6.787645875971604,0.8989203310783481,0.0,1.0,0.0,0.0,0.0,0.0
22,220,5.237236702051973,7.362084409777451,0.0,0.0,0.0,0.0,1.0,1.0
23,220,12.0,4.252927259613557,1.0,1.0,0.0,0.0,0.0,1.0
24,220,6.129786804517524,3.592048175930421,0.0,1.0,1.0,0.0,1.0,0.0
25,220,0.0,9.111147278751586,0.0,1.0,0.0,0.0,0.0,1.0
26,220,9.79969791532411,0.0,1.0,0.0,1.0,0.0,0.0,0.0
27,220,6.952624199955854,9.411400139058204,1.0,0.0,0.0,0.0,0.0,1.0
28,220,8.842597200189017,1.275643108925208,0.0,0.0,0.0,1.0,0.0,0.0
29,220,6.887637114805406,11.992538425504746,1.0,1.0,1.0,1.0,0.0,1.0
30,220,8.818387159751687,11.70865256312342,1.0,1.0,1.0,0.0,1.0,1.0
31,220,1.898319190957373,11.54235948710256,0.0,1.0,1.0,0.0,1.0,1.0
32,220,7.81388420188788,0.0,1.0,0.0,1.0,0.0,1.0,0.0
33,220,4.07737741964624,0.9857405945409452,1.0,0.0,0.0,1.0,1.0,0.0
34,220,7.079970119419452,12.0,0.0,0.0,0.0,0.0,0.0,1.0
35,220,11.24488214988686,2.987929349291812,0.0,1.0,1.0,0.0,0.0,0.0
36,220,6.911767888505976,8.561006335456167,1.0,1.0,1.0,0.0,0.0,0.0
37,220,0.5354141166809746,8.784281062484816,0.0,0.0,0.0,1.0,0.0,1.0
38,220,2.073977595151838,4.006767287951754,1.0,0.0,0.0,0.0,0.0,0.0
39,220,7.061009753490257,1.7785079932520853,0.0,0.0,1.0,1.0,0.0,0.0
0,225,6.455650047627908,11.204971685922558,1.0,0.0,1.0,0.0,0.0,0.0
1,225,6.673473239962184,3.424877932664157,1.0,0.0,0.0,0.0,0.0,1.0
2,225,2.751152076634767,5.954544408590453,1.0,0.0,0.0,1.0,0.0,0.0
3,225,7.475236309010974,1.486742939454934,0.0,0.0,0.0,0.0,0.0,1.0
4,225,7.616564785675342,4.134433715141544,0.0,0.0,1.0,0.0,1.0,1.0
5,225,7.046911834166004,0.0,1.0,1.0,0.0,0.0,1.0,0.0
6,225,3.7534491168481647,3.4175660888649197,0.0,1.0,0.0,1.0,0.0,1.0
7,225,1.6649185160953437,11.152113094121674,0.0,1.0,0.0,0.0,1.0,0.0
8,225,2.646959061055273,0.0,0.0,1.0,0.0,0.0,0.0,1.0
9,225,0.9820731939814714,0.1568821707180055,1.0,0.0,0.0,0.0,1.0,1.0
10,225,5.463787043131627,12.0,0.0,1.0,1.0,0.0,1.0,1.0
11,225,11.62041259000832,5.246316633836881,0.0,0.0,1.0,0.0,1.0,0.0
12,225,11.89661393773113,7.126459281185069,0.0,0.0,0.0,1.0,0.0,0.0
13,225,2.1789938980024086,0.593943452474946,0.0,0.0,1.0,0.0,0.0,1.0
14,225,7.013925501806302,4.618645959877252,0.0,1.0,0.0,0.0,0.0,0.0
15,225,1.4027296962404303,3.3531753858264497,1.0,1.0,0.0,1.0,0.0,1.0
16,225,4.388228273698168,7.57010174648175,0.0,0.0,1.0,1.0,1.0,0.0
17,225,5.985390192863747,12.0,0.0,0.0,0.0,1.0,0.0,1.0
18,225,6.590164079879705,4.264827106608072,1.0,0.0,0.0,1.0,1.0,1.0
19,225,3.2132758017107625,5.613444291932384,1.0,0.0,1.0,1.0,0.0,1.0
20,225,7.754856599089327,0.3945686003272932,0.0,0.0,1.0,1.0,1.0,0.0
21,225,6.874783135858125,0.9054625737901006,0.0,1.0,0.0,0.0,0.0,0.0
22,225,5.34713593270024,7.292391174396488,0.0,0.0,0.0,0.0,1.0,1.0
23,225,12.0,4.376420879931221,1.0,1.0,0.0,0.0,0.0,1.0
24,225,6.17502186778343,3.643578435389764,0.0,1.0,1.0,0.0,1.0,0.0
25,225,0.0,9.045386153257052,0.0,1.0,0.0,0.0,0.0,1.0
26,225,9.86931692735754,0.0,1.0,0.0,1.0,0.0,0.0,0.0
27,225,7.055343198610155,9.33394821570904,1.0,0.0,0.0,0.0,0.0,1.0
28,225,8.852302516589905,0.975764895015678,0.0,0.0,0.0,1.0,0.0,0.0
29,225,6.879021464144432,12.0,1.0,1.0,1.0,1.0,0.0,1.0
30,225,8.911106641633125,11.665886075747226,1.0,1.0,1.0,0.0,1.0,1.0
31,225,1.97101634770921,11.566721905644304,0.0,1.0,1.0,0.0,1.0,1.0
32,225,7.82892163594841,0.0,1.0,0.0,1.0,0.0,1.0,0.0
33,225,4.043928763751718,0.9165536116153404,1.0,0.0,0.0,1.0,1.0,0.0
34,225,7.117996551295628,12.0,0.0,0.0,0.0,0.0,0.0,1.0
35,225,11.278723724676272,2.948072057628139,0.0,1.0,1.0,0.0,0.0,0.0
36,225,6.877413652615401,8.524235586028302,1.0,1.0,1.0,0.0,0.0,0.0
37,225,0.5656371226577951,8.825910780199717,0.0,0.0,0.0,1.0,0.0,1.0
38,225,2.019043099020496,4.009771985477732,1.0,0.0,0.0,0.0,0.0,0.0
39,225,7.082091326362685,1.6610517445009958,0.0,0.0,1.0,1.0,0.0,0.0
0,230,6.451434980562852,11.205635471836802,1.0,0.0,1.0,0.0,0.0,0.0
1,230,6.649547012928565,3.430071019814312,1.0,0.0,0.0,0.0,0.0,1.0
2,230,2.7438437082336664,5.975312804582013,1.0,0.0,0.0,1.0,0.0,0.0
3,230,7.442739232403698,1.4072220641354092,0.0,0.0,0.0,0.0,0.0,1.0
4,230,7.626865706750295,3.963731243189782,0.0,0.0,1.0,0.0,1.0,1.0
5,230,7.088320362741564,0.0,1.0,1.0,0.0,0.0,1.0,0.0
6,230,3.588555112613884,3.3637294811224194,0.0,1.0,0.0,1.0,0.0,1.0
7,230,1.6971253968821325,11.14275701081424,0.0,1.0,0.0,0.0,1.0,0.0
8,230,2.622864755061414,0.0,0.0,1.0,0.0,0.0,0.0,1.0
9,230,0.9905260951167774,0.0572077276333936,1.0,0.0,0.0,0.0,1.0,1.0
10,230,5.537323509491141,12.0,0.0,1.0,1.0,0.0,1.0,1.0
11,230,11.66629213271791,5.239801063761024,0.0,0.0,1.0,0.0,1.0,0.0
12,230,11.881478711928356,7.104309778693271,0.0,0.0,0.0,1.0,0.0,0.0
13,230,2.1800576839899453,0.5852860243382976,0.0,0.0,1.0,0.0,0.0,1.0
14,230,7.000853277172308,4.606503758561972,0.0,1.0,0.0,0.0,0.0,0.0
15,230,1.4025830162228368,3.347126374782443,1.0,1.0,0.0,1.0,0.0,1.0
16,230,4.293863756775234,7.565891481221191,0.0,0.0,1.0,1.0,1.0,0.0
17,230,6.062909270693031,12.0,0.0,0.0,0.0,1.0,0.0,1.0
18,230,6.562758136473801,4.323915858751147,1.0,0.0,0.0,1.0,1.0,1.0
19,230,3.235845201485435,5.602872645690312,1.0,0.0,1.0,1.0,0.0,1.0
20,230,7.8596976507759955,0.5652673242942963,0.0,0.0,1.0,1.0,1.0,0.0
21,230,6.952992431584307,0.9119972497427602,0.0,1.0,0.0,0.0,0.0,0.0
22,230,5.445608117540831,7.23174430794576,0.0,0.0,0.0,0.0,1.0,1.0
23,230,12.0,4.5002479235690585,1.0,1.0,0.0,0.0,0.0,1.0
24,230,6.204435578760923,3.675894627252632,0.0,1.0,1.0,0.0,1.0,0.0
25,230,0.0,8.98672195416542,0.0,1.0,0.0,0.0,0.0,1.0
26,230,9.95543254642008,0.0,1.0,0.0,1.0,0.0,0.0,0.0
27,230,7.172050600217881,9.246359059105318,1.0,0.0,0.0,0.0,0.0,1.0
28,230,8.867060770620117,0.7051862222284884,0.0,0.0,0.0,1.0,0.0,0.0
29,230,6.869518486450594,12.0,1.0,1.0,1.0,1.0,0.0,1.0
30,230,9.00168610126101,11.625132863675583,1.0,1.0,1.0,0.0,1.0,1.0
31,230,2.0459056273124188,11.591777761213528,0.0,1.0,1.0,0.0,1.0,1.0
32,230,7.843560117051658,0.0,1.0,0.0,1.0,0.0,1.0,0.0
33,230,4.007214256682627,0.8380288718477517,1.0,0.0,0.0,1.0,1.0,0.0
34,230,7.151467887656847,12.0,0.0,0.0,0.0,0.0,0.0,1.0
35,230,11.314768589882975,2.905395653400735,0.0,1.0,1.0,0.0,0.0,0.0
36,230,6.836990706425873,8.48007562401557,1.0,1.0,1.0,0.0,0.0,0.0
37,230,0.5930006140348489,8.865371848062603,0.0,0.0,0.0,1.0,0.0,1.0
38,230,1.9679495490395449,4.012188619539924,1.0,0.0,0.0,0.0,0.0,0.0
39,230,7.110642679936066,1.5122449035248102,0.0,0.0,1.0,1.0,0.0,0.0
0,235,6.45291981005384,11.205345756959906,1.0,0.0,1.0,0.0,0.0,0.0
1,235,6.601148363405253,3.4399076404258326,1.0,0.0,0.0,0.0,0.0,1.0
2,235,2.741806912679157,5.980713270470004,1.0,0.0,0.0,1.0,0.0,0.0
3,235,7.4082233170127,1.324531104533032,0.0,0.0,0.0,0.0,0.0,1.0
4,235,7.640852613344983,3.80117172520469,0.0,0.0,1.0,0.0,1.0,1.0
5,235,7.130394201794317,0.0,1.0,1.0,0.0,0.0,1.0,0.0
6,235,3.424174754484413,3.3114765844031284,0.0,1.0,0.0,1.0,0.0,1.0
7,235,1.703576304208236,11.141074734750742,0.0,1.0,0.0,0.0,1.0,0.0
8,235,2.581437277214563,0.0,0.0,1.0,0.0,0.0,0.0,1.0
9,235,0.996834063936741,0.0,1.0,0.0,0.0,0.0,1.0,1.0
10,235,5.620630155852332,12.0,0.0,1.0,1.0,0.0,1.0,1.0
11,235,11.70768312901728,5.234149301978566,0.0,0.0,1.0,0.0,1.0,0.0
12,235,11.84380895359308,7.053691797893299,0.0,0.0,0.0,1.0,0.0,0.0
13,235,2.1838574035334783,0.5493557669021147,0.0,0.0,1.0,0.0,0.0,1.0
14,235,6.991467941008156,4.597589079699612,0.0,1.0,0.0,0.0,0.0,0.0
15,235,1.4029424121724543,3.3634774972317563,1.0,1.0,0.0,1.0,0.0,1.0
16,235,4.196821918418453,7.560042925427618,0.0,0.0,1.0,1.0,1.0,0.0
17,235,6.1449736180620365,12.0,0.0,0.0,0.0,1.0,0.0,1.0
18,235,6.534678744098487,4.383924912382182,1.0,0.0,0.0,1.0,1.0,1.0
19,235,3.262797827095177,5.58977520980095,1.0,0.0,1.0,1.0,0.0,1.0
20,235,7.950108476707409,0.724433605229529,0.0,0.0,1.0,1.0,1.0,0.0
21,235,7.03012298186757,0.9161305315829472,0.0,1.0,0.0,0.0,0.0,0.0
22,235,5.56814656640945,7.158475005557971,0.0,0.0,0.0,0.0,1.0,1.0
23,235,12.0,4.625980720142708,1.0,1.0,0.0,0.0,0.0,1.0
24,235,6.25498912125486,3.7292604029322183,0.0,1.0,1.0,0.0,1.0,0.0
25,235,0.0,8.924693139253925,0.0,1.0,0.0,0.0,0.0,1.0
26,235,10.041399438398663,0.0,1.0,0.0,1.0,0.0,0.0,0.0
27,235,7.274628958014119,9.1684886979694,1.0,0.0,0.0,0.0,0.0,1.0
28,235,8.888801591401558,0.4071258381264651,0.0,0.0,0.0,1.0,0.0,0.0
29,235,6.856942550319759,12.0,1.0,1.0,1.0,1.0,0.0,1.0
30,235,9.089607457713116,11.581868387244477,1.0,1.0,1.0,0.0,1.0,1.0
31,235,2.1348050073289,11.62310123856329,0.0,1.0,1.0,0.0,1.0,1.0
32,235,7.857729128308228,0.0,1.0,0.0,1.0,0.0,1.0,0.0
33,235,3.9758035535623386,0.7703617141114015,1.0,0.0,0.0,1.0,1.0,0.0
34,235,7.193056819765221,12.0,0.0,0.0,0.0,0.0,0.0,1.0
35,235,11.349083879418092,2.864779230234201,0.0,1.0,1.0,0.0,0.0,0.0
36,235,6.781372904389134,8.41776740266591,1.0,1.0,1.0,0.0,0.0,0.0
37,235,0.6236048835686456,8.906799009857144,0.0,0.0,0.0,1.0,0.0,1.0
38,235,1.894438902111408,4.015241142821719,1.0,0.0,0.0,0.0,0.0,0.0
39,235,7.141427973305769,1.3727021021586043,0.0,0.0,1.0,1.0,0.0,0.0
0,240,6.441220147019243,11.208029076228618,1.0,0.0,1.0,0.0,0.0,0.0
1,240,6.548322467324243,3.4520214946310626,1.0,0.0,0.0,0.0,0.0,1.0
2,240,2.74371821827112,5.975377823895786,1.0,0.0,0.0,1.0,0.0,0.0
3,240,7.375575159764106,1.2448991536321954,0.0,0.0,0.0,0.0,0.0,1.0
4,240,7.649584387808205,3.6326302891017823,0.0,0.0,1.0,0.0,1.0,1.0
5,240,7.171103716850663,0.0,1.0,1.0,0.0,0.0,1.0,0.0
6,240,3.266602239544623,3.262061671371917,0.0,1.0,0.0,1.0,0.0,1.0
7,240,1.7158041712841487,11.138125927997564,0.0,1.0,0.0,0.0,1.0,0.0
8,240,2.525399615472994,0.0,0.0,1.0,0.0,0.0,0.0,1.0
9,240,1.0064995392099467,0.0,1.0,0.0,0.0,0.0,1.0,1.0
10,240,5.703859731894022,12.0,0.0,1.0,1.0,0.0,1.0,1.0
11,240,11.756353758258465,5.227044798999769,0.0,0.0,1.0,0.0,1.0,0.0
12,240,11.790788538733851,6.986554359912412,0.0,0.0,0.0,1.0,0.0,0.0
13,240,2.185689804977688,0.5283073074743013,0.0,0.0,1.0,0.0,0.0,1.0
14,240,6.983985569226207,4.590201835233596,0.0,1.0,0.0,0.0,0.0,0.0
15,240,1.4028692441913273,3.3613611045971874,1.0,1.0,0.0,1.0,0.0,1.0
16,240,4.1059771644930825,7.555127358931713,0.0,0.0,1.0,1.0,1.0,0.0
17,240,6.235027252306492,12.0,0.0,0.0,0.0,1.0,0.0,1.0
18,240,6.510018589955406,4.435052182131263,1.0,0.0,0.0,1.0,1.0,1.0
19,240,3.280124318880054,5.581435477836234,1.0,0.0,1.0,1.0,0.0,1.0
20,240,8.037363935243173,0.8744564309531984,0.0,0.0,1.0,1.0,1.0,0.0
21,240,7.087495676104178,0.9182335523388392,0.0,1.0,0.0,0.0,0.0,0.0
22,240,5.688186682817999,7.087856798857093,0.0,0.0,0.0,0.0,1.0,1.0
23,240,12.0,4.767879636602595,1.0,1.0,0.0,0.0,0.0,1.0
24,240,6.304041250480821,3.68191255987005,0.0,1.0,1.0,0.0,1.0,0.0
25,240,0.0,8.861914294672088,0.0,1.0,0.0,0.0,0.0,1.0
26,240,10.119373019403607,0.0,1.0,0.0,1.0,0.0,0.0,0.0
27,240,7.375273641773998,9.0885563689487,1.0,0.0,0.0,0.0,0.0,1.0
28,240,8.910925583387375,0.0924130660329407,0.0,0.0,0.0,1.0,0.0,0.0
29,240,6.84428008383,12.0,1.0,1.0,1.0,1.0,0.0,1.0
30,240,9.173364168501529,11.542343589687782,1.0,1.0,1.0,0.0,1.0,1.0
31,240,2.224800350638444,11.653810609159258,0.0,1.0,1.0,0.0,1.0,1.0
32,240,7.871880078655883,0.0,1.0,0.0,1.0,0.0,1.0,0.0
33,240,3.93362455543356,0.6795155200263229,1.0,0.0,0.0,1.0,1.0,0.0
34,240,7.237808584834842,12.0,0.0,0.0,0.0,0.0,0.0,1.0
35,240,11.381071106040066,2.8275366017757544,0.0,1.0,1.0,0.0,0.0,0.0
36,240,6.730347059191023,8.358445951042958,1.0,1.0,1.0,0.0,0.0,0.0
37,240,0.6679838158330177,8.96913421129702,0.0,0.0,0.0,1.0,0.0,1.0
38,240,1.8217406549249808,4.017928743564067,1.0,0.0,0.0,0.0,0.0,0.0
39,240,7.178048063706921,1.2080423279963255,0.0,0.0,1.0,1.0,0.0,0.0
0,245,6.421321907438907,11.212816933059376,1.0,0.0,1.0,0.0,0.0,0.0
1,245,6.500589495436416,3.461497080106488,1.0,0.0,0.0,0.0,0.0,1.0
2,245,2.754056309970833,5.943703812765112,1.0,0.0,0.0,1.0,0.0,0.0
3,245,7.3484362492300495,1.17292743136272,0.0,0.0,0.0,0.0,0.0,1.0
4,245,7.6604662576328115,3.4654300880400024,0.0,0.0,1.0,0.0,1.0,1.0
5,245,7.213510701939469,0.0,1.0,1.0,0.0,0.0,1.0,0.0
6,245,3.1155977392682623,3.213527914137019,0.0,1.0,0.0,1.0,0.0,1.0
7,245,1.726851007973378,11.135405623129872,0.0,1.0,0.0,0.0,1.0,0.0
8,245,2.483490174119904,0.0,0.0,1.0,0.0,0.0,0.0,1.0
9,245,1.0175300612392788,0.0,1.0,0.0,0.0,0.0,1.0,1.0
10,245,5.783836225415596,12.0,0.0,1.0,1.0,0.0,1.0,1.0
11,245,11.792364416730884,5.221462780618928,0.0,0.0,1.0,0.0,1.0,0.0
12,245,11.72622261000216,6.905425352581651,0.0,0.0,0.0,1.0,0.0,0.0
13,245,2.188267646176239,0.4956420745579246,0.0,0.0,1.0,0.0,0.0,1.0
14,245,6.963727255247539,4.570576946878919,0.0,1.0,0.0,0.0,0.0,0.0
15,245,1.4026866042515922,3.3545910894229247,1.0,1.0,0.0,1.0,0.0,1.0
16,245,4.033255241917704,7.549520003561386,0.0,0.0,1.0,1.0,1.0,0.0
17,245,6.314577385444266,12.0,0.0,0.0,0.0,1.0,0.0,1.0
18,245,6.484971109295311,4.489412290341947,1.0,0.0,0.0,1.0,1.0,1.0
19,245,3.2997390137272498,5.571960049335163,1.0,0.0,1.0,1.0,0.0,1.0
20,245,8.134685676226155,1.0399173697751565,0.0,0.0,1.0,1.0,1.0,0.0
21,245,7.12777736688373,0.9198979240953464,0.0,1.0,0.0,0.0,0.0,0.0
22,245,5.802412030087178,7.021874805199932,0.0,0.0,0.0,0.0,1.0,1.0
23,245,12.0,4.915262588566336,1.0,1.0,0.0,0.0,0.0,1.0
24,245,6.338419829909305,3.648930558823753,0.0,1.0,1.0,0.0,1.0,0.0
25,245,0.0,8.80321507564285,0.0,1.0,0.0,0.0,0.0,1.0
26,245,10.192829299337356,0.0,1.0,0.0,1.0,0.0,0.0,0.0
27,245,7.473068632540147,9.006945808835852,1.0,0.0,0.0,0.0,0.0,1.0
28,245,8.943839802929599,0.0,0.0,0.0,0.0,1.0,0.0,0.0
29,245,6.832716515581457,12.0,1.0,1.0,1.0,1.0,0.0,1.0
30,245,9.244643579287487,11.508330434440888,1.0,1.0,1.0,0.0,1.0,1.0
31,245,2.3208402565800665,11.68717542994836,0.0,1.0,1.0,0.0,1.0,1.0
32,245,7.887020399444365,0.0,1.0,0.0,1.0,0.0,1.0,0.0
33,245,3.902953597144165,0.6134344432812108,1.0,0.0,0.0,1.0,1.0,0.0
34,245,7.275022523538184,12.0,0.0,0.0,0.0,0.0,0.0,1.0
35,245,11.420568925724677,2.7776971058908893,0.0,1.0,1.0,0.0,0.0,0.0
36,245,6.681879563870923,8.30273144280098,1.0,1.0,1.0,0.0,0.0,0.0
37,245,0.7166526001274577,9.046062854043598,0.0,0.0,0.0,1.0,0.0,1.0
38,245,1.7609657406452843,4.019975535511108,1.0,0.0,0.0,0.0,0.0,0.0
39,245,7.221939941121621,1.014967409567333,0.0,0.0,1.0,1.0,0.0,0.0
0,250,6.390293863098368,11.220312188586757,1.0,0.0,1.0,0.0,0.0,0.0
1,250,6.458058543430812,3.468935118981179,1.0,0.0,0.0,0.0,0.0,1.0
2,250,2.7658242448596857,5.90828887328745,1.0,0.0,0.0,1.0,0.0,0.0
3,250,7.325181376530717,1.107569985295013,0.0,0.0,0.0,0.0,0.0,1.0
4,250,7.670997104627546,3.2938539235677946,0.0,0.0,1.0,0.0,1.0,1.0
5,250,7.252706166571677,0.0,1.0,1.0,0.0,0.0,1.0,0.0
6,250,2.965103335623803,3.164113125119501,0.0,1.0,0.0,1.0,0.0,1.0
7,250,1.749147507492136,11.129966621833574,0.0,1.0,0.0,0.0,1.0,0.0
8,250,2.4546031402020017,0.0,0.0,1.0,0.0,0.0,0.0,1.0
9,250,1.0278877759360454,0.0,1.0,0.0,0.0,0.0,1.0,1.0
10,250,5.858035285561818,12.0,0.0,1.0,1.0,0.0,1.0,1.0
11,250,11.808572207718452,5.219677978850703,0.0,0.0,1.0,0.0,1.0,0.0
12,250,11.653338333921443,6.818533148518651,0.0,0.0,0.0,1.0,0.0,0.0
13,250,2.190848555550661,0.4676736967146696,0.0,0.0,1.0,0.0,0.0,1.0
14,250,6.940080414576706,4.548349317256774,0.0,1.0,0.0,0.0,0.0,0.0
15,250,1.4017339491900629,3.338355053004661,1.0,1.0,0.0,1.0,0.0,1.0
16,250,3.937959448066076,7.541635432153629,0.0,0.0,1.0,1.0,1.0,0.0
17,250,6.399461039931558,12.0,0.0,0.0,0.0,1.0,0.0,1.0
18,250,6.45860320078813,4.548023178758921,1.0,0.0,0.0,1.0,1.0,1.0
19,250,3.325713466762644,5.559730721516523,1.0,0.0,1.0,1.0,0.0,1.0
20,250,8.23423772264192,1.2107187476526262,0.0,0.0,1.0,1.0,1.0,0.0
21,250,7.193739574994707,0.92166810946683,0.0,1.0,0.0,0.0,0.0,0.0
22,250,5.932003943123418,6.943676070202139,0.0,0.0,0.0,0.0,1.0,1.0
23,250,12.0,5.08044476105561,1.0,1.0,0.0,0.0,0.0,1.0
24,250,6.383587519111749,3.605381551522704,0.0,1.0,1.0,0.0,1.0,0.0
25,250,0.0,8.735997991606848,0.0,1.0,0.0,0.0,0.0,1.0
26,250,10.27277939932931,0.0,1.0,0.0,1.0,0.0,0.0,0.0
27,250,7.59033314855191,8.913129287594106,1.0,0.0,0.0,0.0,0.0,1.0
28,250,8.969098394956124,0.0,0.0,0.0,0.0,1.0,0.0,0.0
29,250,6.829752746293626,12.0,1.0,1.0,1.0,1.0,0.0,1.0
30,250,9.33402415555893,11.46336376641627,1.0,1.0,1.0,0.0,1.0,1.0
31,250,2.4107784434404635,11.71784374649771,0.0,1.0,1.0,0.0,1.0,1.0
32,250,7.903242219845938,0.0,1.0,0.0,1.0,0.0,1.0,0.0
33,250,3.868625494286867,0.5393408083803699,1.0,0.0,0.0,1.0,1.0,0.0
34,250,7.310221356114965,12.0,0.0,0.0,0.0,0.0,0.0,1.0
35,250,11.451563525046913,2.736246417062516,0.0,1.0,1.0,0.0,0.0,0.0
36,250,6.64138181559896,8.254903404192424,1.0,1.0,1.0,0.0,0.0,0.0
37,250,0.7644352831026985,9.12120633215998,0.0,0.0,0.0,1.0,0.0,1.0
38,250,1.707332513555265,4.021329664729777,1.0,0.0,0.0,0.0,0.0,0.0
39,250,7.267339135718342,0.8104502708739323,0.0,0.0,1.0,1.0,0.0,0.0
0,255,6.321347768786774,11.23935803532885,1.0,0.0,1.0,0.0,0.0,0.0
1,255,6.443287098261214,3.4710726564565686,1.0,0.0,0.0,0.0,0.0,1.0
2,255,2.7824982452509897,5.857766755286752,1.0,0.0,0.0,1.0,0.0,0.0
3,255,7.303805003058255,1.0463148663132142,0.0,0.0,0.0,0.0,0.0,1.0
4,255,7.685001480940034,3.115849069194509,0.0,0.0,1.0,0.0,1.0,1.0
5,255,7.283582231183057,0.0,1.0,1.0,0.0,0.0,1.0,0.0
6,255,2.8016296511353302,3.1111148591410203,0.0,1.0,0.0,1.0,0.0,1.0
7,255,1.813533736154352,11.113568290863531,0.0,1.0,0.0,0.0,1.0,0.0
8,255,2.4222215364662265,0.0,0.0,1.0,0.0,0.0,0.0,1.0
9,255,1.0405422359662984,0.0,1.0,0.0,0.0,0.0,1.0,1.0
10,255,5.92428269008494,12.0,0.0,1.0,1.0,0.0,1.0,1.0
11,255,11.827676470511223,5.21759863379701,0.0,0.0,1.0,0.0,1.0,0.0
12,255,11.58108814574251,6.72921368031881,0.0,0.0,0.0,1.0,0.0,0.0
13,255,2.193470667812272,0.4377422040892703,0.0,0.0,1.0,0.0,0.0,1.0
14,255,6.907456405278019,4.5187113711746445,0.0,1.0,0.0,0.0,0.0,0.0
15,255,1.4015759943430877,3.334729696663986,1.0,1.0,0.0,1.0,0.0,1.0
16,255,3.8542467532379,7.537567256038978,0.0,0.0,1.0,1.0,1.0,0.0
17,255,6.483553924035296,12.0,0.0,0.0,0.0,1.0,0.0,1.0
18,255,6.436273730164186,4.597415802973899,1.0,0.0,0.0,1.0,1.0,1.0
19,255,3.3414259390452585,5.55278980952537,1.0,0.0,1.0,1.0,0.0,1.0
20,255,8.345289814974922,1.405777522327778,0.0,0.0,1.0,1.0,1.0,0.0
21,255,7.271841173781771,0.9231254709184012,0.0,1.0,0.0,0.0,0.0,0.0
22,255,6.060877873886391,6.869325662505406,0.0,0.0,0.0,0.0,1.0,1.0
23,255,12.0,5.237509515800935,1.0,1.0,0.0,0.0,0.0,1.0
24,255,6.429934713696177,3.5598666472323672,0.0,1.0,1.0,0.0,1.0,0.0
25,255,0.0,8.673268756234243,0.0,1.0,0.0,0.0,0.0,1.0
26,255,10.36362351669453,0.0,1.0,0.0,1.0,0.0,0.0,0.0
27,255,7.704962732874523,8.826175962640116,1.0,0.0,0.0,0.0,0.0,1.0
28,255,8.985000673707804,0.0,0.0,0.0,0.0,1.0,0.0,0.0
29,255,6.826544935958816,12.0,1.0,1.0,1.0,1.0,0.0,1.0
30,255,9.39323339581778,11.435388491910867,1.0,1.0,1.0,0.0,1.0,1.0
31,255,2.487843136288853,11.742674194694876,0.0,1.0,1.0,0.0,1.0,1.0
32,255,7.917342368191777,0.0,1.0,0.0,1.0,0.0,1.0,0.0
33,255,3.838088610207968,0.4792339016332466,1.0,0.0,0.0,1.0,1.0,0.0
34,255,7.349359642005151,12.0,0.0,0.0,0.0,0.0,0.0,1.0
35,255,11.491247277227291,2.6832005954975187,0.0,1.0,1.0,0.0,0.0,0.0
36,255,6.596427409314502,8.200224676591295,1.0,1.0,1.0,0.0,0.0,0.0
37,255,0.8043908418886917,9.18612433016273,0.0,0.0,0.0,1.0,0.0,1.0
38,255,1.6383496295945696,4.02252476594889,1.0,0.0,0.0,0.0,0.0,0.0
39,255,7.316431117849306,0.5897611714336746,0.0,0.0,1.0,1.0,0.0,0.0
0,260,6.257205112155732,11.258573460140132,1.0,0.0,1.0,0.0,0.0,0.0
1,260,6.413979546651601,3.475372550127941,1.0,0.0,0.0,0.0,0.0,1.0
2,260,2.792516430956259,5.82599339285495,1.0,0.0,0.0,1.0,0.0,0.0
3,260,7.282760441689957,0.983845002671991,0.0,0.0,0.0,0.0,0.0,1.0
4,260,7.700511578302619,2.916419014192318,0.0,0.0,1.0,0.0,1.0,1.0
5,260,7.313135928306617,0.0,1.0,1.0,0.0,0.0,1.0,0.0
6,260,2.6355816473034306,3.059272081491227,0.0,1.0,0.0,1.0,0.0,1.0
7,260,1.893973052405037,11.094861249388028,0.0,1.0,0.0,0.0,1.0,0.0
8,260,2.3884594680596924,0.0,0.0,1.0,0.0,0.0,0.0,1.0
9,260,1.0517438214125256,0.0,1.0,0.0,0.0,0.0,1.0,1.0
10,260,5.998466191870176,12.0,0.0,1.0,1.0,0.0,1.0,1.0
11,260,11.855233783937726,5.213831214953774,0.0,0.0,1.0,0.0,1.0,0.0
12,260,11.524923506427111,6.655141664152045,0.0,0.0,0.0,1.0,0.0,0.0
13,260,2.1971182044264546,0.3928729970773653,0.0,0.0,1.0,0.0,0.0,1.0
14,260,6.887202164954925,4.4999688982599135,0.0,1.0,0.0,0.0,0.0,0.0
15,260,1.401497154595187,3.3305658698230074,1.0,1.0,0.0,1.0,0.0,1.0
16,260,3.811374043048087,7.535141784690152,0.0,0.0,1.0,1.0,1.0,0.0
17,260,6.5713212554264055,12.0,0.0,0.0,0.0,1.0,0.0,1.0
18,260,6.423312830970309,4.624920788596713,1.0,0.0,0.0,1.0,1.0,1.0
19,260,3.347136879532,5.55068670437106,1.0,0.0,1.0,1.0,0.0,1.0
20,260,8.4612400742754,1.6132376767188792,0.0,0.0,1.0,1.0,1.0,0.0
21,260,7.34477739177705,0.9231798005888976,0.0,1.0,0.0,0.0,0.0,0.0
22,260,6.17630044345554,6.802605071674009,0.0,0.0,0.0,0.0,1.0,1.0
23,260,12.0,5.404389779093169,1.0,1.0,0.0,0.0,0.0,1.0
24,260,6.473721901341243,3.5155820741136146,0.0,1.0,1.0,0.0,1.0,0.0
25,260,0.0,8.6244459993816,0.0,1.0,0.0,0.0,0.0,1.0
26,260,10.462848724741002,0.0,1.0,0.0,1.0,0.0,0.0,0.0
27,260,7.833809232906255,8.730513978032247,1.0,0.0,0.0,0.0,0.0,1.0
28,260,8.998243819201944,0.0,0.0,0.0,0.0,1.0,0.0,0.0
29,260,6.815690136956721,12.0,1.0,1.0,1.0,1.0,0.0,1.0
30,260,9.458215574090811,11.40398769687946,1.0,1.0,1.0,0.0,1.0,1.0
31,260,2.5890240286895367,11.775484138804815,0.0,1.0,1.0,0.0,1.0,1.0
32,260,7.93133632322898,0.0,1.0,0.0,1.0,0.0,1.0,0.0
33,260,3.796117219035286,0.3951832030077,1.0,0.0,0.0,1.0,1.0,0.0
34,260,7.392132569886702,12.0,0.0,0.0,0.0,0.0,0.0,1.0
35,260,11.527768055558113,2.634883752762628,0.0,1.0,1.0,0.0,0.0,0.0
36,260,6.5712570845720775,8.172118942497614,1.0,1.0,1.0,0.0,0.0,0.0
37,260,0.8488387496111338,9.253795189361549,0.0,0.0,0.0,1.0,0.0,1.0
38,260,1.5588537352554388,4.026570702162346,1.0,0.0,0.0,0.0,0.0,0.0
39,260,7.364451336348214,0.3820574161559149,0.0,0.0,1.0,1.0,0.0,0.0
0,265,6.204878770210816,11.275963377657376,1.0,0.0,1.0,0.0,0.0,0.0
1,265,6.389089592644078,3.4792809613259528,1.0,0.0,0.0,0.0,0.0,1.0
2,265,2.796913609718344,5.811308953175112,1.0,0.0,0.0,1.0,0.0,0.0
3,265,7.264335905111594,0.9259895419060308,0.0,0.0,0.0,0.0,0.0,1.0
4,265,7.721564557152799,2.6923614615977387,0.0,0.0,1.0,0.0,1.0,1.0
5,265,7.346636221422014,0.0,1.0,1.0,0.0,0.0,1.0,0.0
6,265,2.4507002935932483,3.0003755769803457,0.0,1.0,0.0,1.0,0.0,1.0
7,265,1.977910676983917,11.072231533344684,0.0,1.0,0.0,0.0,1.0,0.0
8,265,2.361584082832324,0.0,0.0,1.0,0.0,0.0,0.0,1.0
9,265,1.0656916376667818,0.0,1.0,0.0,0.0,0.0,1.0,1.0
10,265,6.092237210049778,12.0,0.0,1.0,1.0,0.0,1.0,1.0
11,265,11.88696400492297,5.2092291323035385,0.0,0.0,1.0,0.0,1.0,0.0
12,265,11.480738430860672,6.596996475018439,0.0,0.0,0.0,1.0,0.0,0.0
13,265,2.200405575117054,0.3568597089142323,0.0,0.0,1.0,0.0,0.0,1.0
14,265,6.874627242474341,4.488526603130108,0.0,1.0,0.0,0.0,0.0,0.0
15,265,1.4002801263559632,3.2953338650533035,1.0,1.0,0.0,1.0,0.0,1.0
16,265,3.766626665052568,7.531799638500322,0.0,0.0,1.0,1.0,1.0,0.0
17,265,6.661933673277771,12.0,0.0,0.0,0.0,1.0,0.0,1.0
18,265,6.4103286815296485,4.652427297171244,1.0,0.0,0.0,1.0,1.0,1.0
19,265,3.3469641600911952,5.55075410329967,1.0,0.0,1.0,1.0,0.0,1.0
20,265,8.571636942861558,1.8134838348630653,0.0,0.0,1.0,1.0,1.0,0.0
21,265,7.401629259138368,0.9229868569651668,0.0,1.0,0.0,0.0,0.0,0.0
22,265,6.3018158241892825,6.725897859783606,0.0,0.0,0.0,0.0,1.0,1.0
23,265,12.0,5.56580479842043,1.0,1.0,0.0,0.0,0.0,1.0
24,265,6.51490271937825,3.4734099425762586,0.0,1.0,1.0,0.0,1.0,0.0
25,265,0.0,8.57215893445023,0.0,1.0,0.0,0.0,0.0,1.0
26,265,10.56238815048821,0.0,1.0,0.0,1.0,0.0,0.0,0.0
27,265,7.958949156623656,8.637964062885905,1.0,0.0,0.0,0.0,0.0,1.0
28,265,9.008565617807744,0.0,0.0,0.0,0.0,1.0,0.0,0.0
29,265,6.8042806848190365,12.0,1.0,1.0,1.0,1.0,0.0,1.0
30,265,9.528035532521647,11.370625716719346,1.0,1.0,1.0,0.0,1.0,1.0
31,265,2.710160595814092,11.818631750955277,0.0,1.0,1.0,0.0,1.0,1.0
32,265,7.944768360044518,0.0,1.0,0.0,1.0,0.0,1.0,0.0
33,265,3.7477922428116823,0.3034078964432093,1.0,0.0,0.0,1.0,1.0,0.0
34,265,7.4229396462878094,12.0,0.0,0.0,0.0,0.0,0.0,1.0
35,265,11.561334231726937,2.591016510278746,0.0,1.0,1.0,0.0,0.0,0.0
36,265,6.542371449695805,8.13976664838761,1.0,1.0,1.0,0.0,0.0,0.0
37,265,0.9009645226595308,9.332262535722512,0.0,0.0,0.0,1.0,0.0,1.0
38,265,1.4814744067043972,4.030852878569508,1.0,0.0,0.0,0.0,0.0,0.0
39,265,7.407529384157262,0.1774820105346194,0.0,0.0,1.0,1.0,0.0,0.0
0,270,6.142694603207025,11.2964465329135,1.0,0.0,1.0,0.0,0.0,0.0
1,270,6.36011518827455,3.4834198685254267,1.0,0.0,0.0,0.0,0.0,1.0
2,270,2.8044983767914218,5.785061657029612,1.0,0.0,0.0,1.0,0.0,0.0
3,270,7.246316093684846,0.8716801640218258,0.0,0.0,0.0,0.0,0.0,1.0
4,270,7.746496144604246,2.461839603625513,0.0,0.0,1.0,0.0,1.0,1.0
5,270,7.37777529437696,0.0,1.0,1.0,0.0,0.0,1.0,0.0
6,270,2.271720042500185,2.9416759512442017,0.0,1.0,0.0,1.0,0.0,1.0
7,270,2.041982007703502,11.054726757741316,0.0,1.0,0.0,0.0,1.0,0.0
8,270,2.341051119470498,0.0,0.0,1.0,0.0,0.0,0.0,1.0
9,270,1.0796143197803358,0.0,1.0,0.0,0.0,0.0,1.0,1.0
10,270,6.185774043192192,12.0,0.0,1.0,1.0,0.0,1.0,1.0
11,270,11.935892101106468,5.202142498249754,0.0,0.0,1.0,0.0,1.0,0.0
12,270,11.445299192770948,6.550587515373704,0.0,0.0,0.0,1.0,0.0,0.0
13,270,2.202651091577124,0.331586074579052,0.0,0.0,1.0,0.0,0.0,1.0
14,270,6.866465218888993,4.4811537430351285,0.0,1.0,0.0,0.0,0.0,0.0
15,270,1.3988389268289538,3.2567980907444523,1.0,1.0,0.0,1.0,0.0,1.0
16,270,3.715943597174554,7.527751715246503,0.0,0.0,1.0,1.0,1.0,0.0
17,270,6.7574015099952245,12.0,0.0,0.0,0.0,1.0,0.0,1.0
18,270,6.385845019076758,4.704107571737479,1.0,0.0,0.0,1.0,1.0,1.0
19,270,3.3344902440411373,5.5558749804633605,1.0,0.0,1.0,1.0,0.0,1.0
20,270,8.668749216998766,2.001895198783063,0.0,0.0,1.0,1.0,1.0,0.0
21,270,7.458173120049516,0.9239323802453606,0.0,1.0,0.0,0.0,0.0,0.0
22,270,6.39798718440879,6.669360622892204,0.0,0.0,0.0,0.0,1.0,1.0
23,270,12.0,5.751049979554546,1.0,1.0,0.0,0.0,0.0,1.0
24,270,6.560313645606619,3.425819007188465,0.0,1.0,1.0,0.0,1.0,0.0
25,270,0.0,8.530438979710059,0.0,1.0,0.0,0.0,0.0,1.0
26,270,10.643836657360966,0.0,1.0,0.0,1.0,0.0,0.0,0.0
27,270,8.08486769864539,8.540842542347148,1.0,0.0,0.0,0.0,0.0,1.0
28,270,9.021393619168482,0.0,0.0,0.0,0.0,1.0,0.0,0.0
29,270,6.794343053947318,12.0,1.0,1.0,1.0,1.0,0.0,1.0
30,270,9.57816709447824,11.346361648655495,1.0,1.0,1.0,0.0,1.0,1.0
31,270,2.8352592517411908,11.866014977819182,0.0,1.0,1.0,0.0,1.0,1.0
32,270,7.961583022693396,0.0,1.0,0.0,1.0,0.0,1.0,0.0
33,270,3.7087684715234848,0.2247921708744956,1.0,0.0,0.0,1.0,1.0,0.0
34,270,7.451659505466507,12.0,0.0,0.0,0.0,0.0,0.0,1.0
35,270,11.598337212682578,2.544597632552581,0.0,1.0,1.0,0.0,0.0,0.0
36,270,6.5096995204938,8.101564710496502,1.0,1.0,1.0,0.0,0.0,0.0
37,270,0.9352574100527228,9.38674294425407,0.0,0.0,0.0,1.0,0.0,1.0
38,270,1.4272494972799024,4.03388891090525,1.0,0.0,0.0,0.0,0.0,0.0
39,270,7.443524955171407,0.0,0.0,0.0,1.0,1.0,0.0,0.0
0,275,6.092173322711231,11.31365101749266,1.0,0.0,1.0,0.0,0.0,0.0
1,275,6.312098192904906,3.4895560885925128,1.0,0.0,0.0,0.0,0.0,1.0
2,275,2.805053700424759,5.7833395047523775,1.0,0.0,0.0,1.0,0.0,0.0
3,275,7.220333053253022,0.7937065461195597,0.0,0.0,0.0,0.0,0.0,1.0
4,275,7.775690496660624,2.208801062835807,0.0,0.0,1.0,0.0,1.0,1.0
5,275,7.4112178682469745,0.0,1.0,1.0,0.0,0.0,1.0,0.0
6,275,2.099639637731433,2.88651043962862,0.0,1.0,0.0,1.0,0.0,1.0
7,275,2.110631084805434,11.037495743861966,0.0,1.0,0.0,0.0,1.0,0.0
8,275,2.319825691235484,0.0,0.0,1.0,0.0,0.0,0.0,1.0
9,275,1.089604987319484,0.0,1.0,0.0,0.0,0.0,1.0,1.0
10,275,6.2789977550077785,12.0,0.0,1.0,1.0,0.0,1.0,1.0
11,275,11.972294694299874,5.196585039605416,0.0,0.0,1.0,0.0,1.0,0.0
12,275,11.400642990578056,6.490877121308883,0.0,0.0,0.0,1.0,0.0,0.0
13,275,2.2069011740523568,0.2948217438041863,0.0,0.0,1.0,0.0,0.0,1.0
14,275,6.886755252790498,4.49870890690357,0.0,1.0,0.0,0.0,0.0,0.0
15,275,1.3968657284741717,3.2083032561302085,1.0,1.0,0.0,1.0,0.0,1.0
16,275,3.653717887317021,7.522336849754509,0.0,0.0,1.0,1.0,1.0,0.0
17,275,6.860590319706414,12.0,0.0,0.0,0.0,1.0,0.0,1.0
18,275,6.361808243529262,4.751861034492755,1.0,0.0,0.0,1.0,1.0,1.0
19,275,3.299709268971876,5.568838970842268,1.0,0.0,1.0,1.0,0.0,1.0
20,275,8.772772795048294,2.2079415025062725,0.0,0.0,1.0,1.0,1.0,0.0
21,275,7.533839764702114,0.9247422495077532,0.0,1.0,0.0,0.0,0.0,0.0
22,275,6.502820015166864,6.609259569497905,0.0,0.0,0.0,0.0,1.0,1.0
23,275,12.0,5.940023430656901,1.0,1.0,0.0,0.0,0.0,1.0
24,275,6.604522974221465,3.376171938068254,0.0,1.0,1.0,0.0,1.0,0.0
25,275,0.0,8.498505856522367,0.0,1.0,0.0,0.0,0.0,1.0
26,275,10.738311187738876,0.0,1.0,0.0,1.0,0.0,0.0,0.0
27,275,8.227641579969317,8.427292780839466,1.0,0.0,0.0,0.0,0.0,1.0
28,275,9.029829502208353,0.0,0.0,0.0,0.0,1.0,0.0,0.0
29,275,6.78031273022818,12.0,1.0,1.0,1.0,1.0,0.0,1.0
30,275,9.636030901882362,11.321112296282136,1.0,1.0,1.0,0.0,1.0,1.0
31,275,2.9657713299993524,11.91663779071828,0.0,1.0,1.0,0.0,1.0,1.0
32,275,7.976330983304324,0.0,1.0,0.0,1.0,0.0,1.0,0.0
33,275,3.643351693674013,0.2585452911239531,1.0,0.0,0.0,1.0,1.0,0.0
34,275,7.481169100138047,12.0,0.0,0.0,0.0,0.0,0.0,1.0
35,275,11.6264253204357,2.509775849291209,0.0,1.0,1.0,0.0,0.0,0.0
36,275,6.471105048748607,8.055181769542607,1.0,1.0,1.0,0.0,0.0,0.0
37,275,0.9667768786911444,9.43477624327031,0.0,0.0,0.0,1.0,0.0,1.0
38,275,1.3880435736091652,4.036763015893603,1.0,0.0,0.0,0.0,0.0,0.0
39,275,7.479656669544488,0.0,0.0,0.0,1.0,1.0,0.0,0.0
0,280,6.0349985082123005,11.33372023358035,1.0,0.0,1.0,0.0,0.0,0.0
1,280,6.2673717521816,3.494123692093489,1.0,0.0,0.0,0.0,0.0,1.0
2,280,2.807109881342952,5.776710468187887,1.0,0.0,0.0,1.0,0.0,0.0
3,280,7.201897258101958,0.7347170546675645,0.0,0.0,0.0,0.0,0.0,1.0
4,280,7.804972421519302,1.9437323247026943,0.0,0.0,1.0,0.0,1.0,1.0
5,280,7.443182451802775,0.0,1.0,1.0,0.0,0.0,1.0,0.0
6,280,1.9357816434208104,2.8361912160073586,0.0,1.0,0.0,1.0,0.0,1.0
7,280,2.1862729307084114,11.01794164350778,0.0,1.0,0.0,0.0,1.0,0.0
8,280,2.3066385640647757,0.0,0.0,1.0,0.0,0.0,0.0,1.0
9,280,1.0972571027463038,0.0,1.0,0.0,0.0,0.0,1.0,1.0
10,280,6.389760948734839,11.896484509982262,0.0,1.0,1.0,0.0,1.0,1.0
11,280,11.9868549304968,5.194564228584133,0.0,0.0,1.0,0.0,1.0,0.0
12,280,11.368647879964536,6.447820982869214,0.0,0.0,0.0,1.0,0.0,0.0
13,280,2.21211424373498,0.24721981288368,0.0,0.0,1.0,0.0,0.0,1.0
14,280,6.918629205779631,4.526212793129757,0.0,1.0,0.0,0.0,0.0,0.0
15,280,1.3958181220814323,3.178042141508244,1.0,1.0,0.0,1.0,0.0,1.0
16,280,3.5900777581206818,7.515693633123853,0.0,0.0,1.0,1.0,1.0,0.0
17,280,6.960510974585986,12.0,0.0,0.0,0.0,1.0,0.0,1.0
18,280,6.33339233938228,4.812216159063694,1.0,0.0,0.0,1.0,1.0,1.0
19,280,3.285833389039486,5.527341341584385,1.0,0.0,1.0,1.0,0.0,1.0
20,280,8.878817466839305,2.422446849382325,0.0,0.0,1.0,1.0,1.0,0.0
21,280,7.620522133004636,0.9248136125556744,0.0,1.0,0.0,0.0,0.0,0.0
22,280,6.599917473407952,6.551551996690381,0.0,0.0,0.0,0.0,1.0,1.0
23,280,12.0,6.132685322873346,1.0,1.0,0.0,0.0,0.0,1.0
24,280,6.649458555418991,3.328550087405413,0.0,1.0,1.0,0.0,1.0,0.0
25,280,0.0,8.467571712987954,0.0,1.0,0.0,0.0,0.0,1.0
26,280,10.824010790427632,0.0,1.0,0.0,1.0,0.0,0.0,0.0
27,280,8.351172595227522,8.334116824425905,1.0,0.0,0.0,0.0,0.0,1.0
28,280,9.042591881364714,0.0,0.0,0.0,0.0,1.0,0.0,0.0
29,280,6.763280612561025,12.0,1.0,1.0,1.0,1.0,0.0,1.0
30,280,9.67379855380461,11.303797004819806,1.0,1.0,1.0,0.0,1.0,1.0
31,280,3.096276132407128,11.969348004258665,0.0,1.0,1.0,0.0,1.0,1.0
32,280,7.988417864361319,0.0,1.0,0.0,1.0,0.0,1.0,0.0
33,280,3.5706676448949017,0.2961610303847971,1.0,0.0,0.0,1.0,1.0,0.0
34,280,7.504557213988668,12.0,0.0,0.0,0.0,0.0,0.0,1.0
35,280,11.643415607671734,2.4885598444453527,0.0,1.0,1.0,0.0,0.0,0.0
36,280,6.4376222758734905,8.015349429007411,1.0,1.0,1.0,0.0,0.0,0.0
37,280,1.0045946879385108,9.492096147006167,0.0,0.0,0.0,1.0,0.0,1.0
38,280,1.35610018826795,4.039930435503481,1.0,0.0,0.0,0.0,0.0,0.0
39,280,7.5130455939592755,0.0,0.0,0.0,1.0,1.0,0.0,0.0
0,285,5.985798176723282,11.350388680367267,1.0,0.0,1.0,0.0,0.0,0.0
1,285,6.210370918934778,3.5009571554998056,1.0,0.0,0.0,0.0,0.0,1.0
2,285,2.8116386657786583,5.761341060372794,1.0,0.0,0.0,1.0,0.0,0.0
3,285,7.1810412414559215,0.6601580890474567,0.0,0.0,0.0,0.0,0.0,1.0
4,285,7.834993025609548,1.6938278601108432,0.0,0.0,1.0,0.0,1.0,1.0
5,285,7.481335132260301,0.0,1.0,1.0,0.0,0.0,1.0,0.0
6,285,1.7736852878374167,2.790164925455645,0.0,1.0,0.0,1.0,0.0,1.0
7,285,2.264456418880012,10.998826712596273,0.0,1.0,0.0,0.0,1.0,0.0
8,285,2.3067644485656915,0.0001561546326903,0.0,1.0,0.0,0.0,0.0,1.0
9,285,1.1023528788942116,0.0,1.0,0.0,0.0,0.0,1.0,1.0
10,285,6.513728777213281,11.770316306281115,0.0,1.0,1.0,0.0,1.0,1.0
11,285,11.97854399393225,5.195493709926577,0.0,0.0,1.0,0.0,1.0,0.0
12,285,11.345837486372645,6.41647888935896,0.0,0.0,0.0,1.0,0.0,0.0
13,285,2.217090067258169,0.2040392585568867,0.0,0.0,1.0,0.0,0.0,1.0
14,285,6.937457936286912,4.542606929960506,0.0,1.0,0.0,0.0,0.0,0.0
15,285,1.395780054024402,3.1644691333967883,1.0,1.0,0.0,1.0,0.0,1.0
16,285,3.5093251486630974,7.507247903675409,0.0,0.0,1.0,1.0,1.0,0.0
17,285,7.069169883545136,12.0,0.0,0.0,0.0,1.0,0.0,1.0
18,285,6.306582945043156,4.871943030605623,1.0,0.0,0.0,1.0,1.0,1.0
19,285,3.277646865110941,5.500792730058331,1.0,0.0,1.0,1.0,0.0,1.0
20,285,8.985023277045853,2.644421809036964,0.0,0.0,1.0,1.0,1.0,0.0
21,285,7.728144199659711,0.9264505366789504,0.0,1.0,0.0,0.0,0.0,0.0
22,285,6.547888133165323,6.460381217077682,0.0,0.0,0.0,0.0,1.0,1.0
23,285,12.0,6.305686626670189,1.0,1.0,0.0,0.0,0.0,1.0
24,285,6.686828150153476,3.287998968165132,0.0,1.0,1.0,0.0,1.0,0.0
25,285,0.0,8.432648397292557,0.0,1.0,0.0,0.0,0.0,1.0
26,285,10.896850393896136,0.0,1.0,0.0,1.0,0.0,0.0,0.0
27,285,8.45575030103727,8.254239252273097,1.0,0.0,0.0,0.0,0.0,1.0
28,285,9.05861646637273,0.0,0.0,0.0,0.0,1.0,0.0,0.0
29,285,6.744286985742785,12.0,1.0,1.0,1.0,1.0,0.0,1.0
30,285,9.697664394386672,11.29408416359828,1.0,1.0,1.0,0.0,1.0,1.0
31,285,3.240137089147477,12.0,0.0,1.0,1.0,0.0,1.0,1.0
32,285,8.007827619434009,0.0,1.0,0.0,1.0,0.0,1.0,0.0
33,285,3.500354164841608,0.3310170541822789,1.0,0.0,0.0,1.0,1.0,0.0
34,285,7.524322522055144,12.0,0.0,0.0,0.0,0.0,0.0,1.0
35,285,11.65800095011641,2.471189162329992,0.0,1.0,1.0,0.0,0.0,0.0
36,285,6.4224080880383285,7.99688018828282,1.0,1.0,1.0,0.0,0.0,0.0
37,285,1.0530813636776806,9.561099641904834,0.0,0.0,0.0,1.0,0.0,1.0
38,285,1.3247936564358576,4.043249696540428,1.0,0.0,0.0,0.0,0.0,0.0
39,285,7.548970616201972,0.0,0.0,0.0,1.0,1.0,0.0,0.0
0,290,5.932114041320403,11.3694306434161,1.0,0.0,1.0,0.0,0.0,0.0
1,290,6.153535437028775,3.5080030758548557,1.0,0.0,0.0,0.0,0.0,1.0
2,290,2.8141536739797366,5.752686865720077,1.0,0.0,0.0,1.0,0.0,0.0
3,290,7.165697981895133,0.6010409236919733,0.0,0.0,0.0,0.0,0.0,1.0
4,290,7.854677456144294,1.4400474848449472,0.0,0.0,1.0,0.0,1.0,1.0
5,290,7.516820190201273,0.0,1.0,1.0,0.0,0.0,1.0,0.0
6,290,1.6067471396475157,2.737585775131545,0.0,1.0,0.0,1.0,0.0,1.0
7,290,2.3451242993193726,10.981420186682184,0.0,1.0,0.0,0.0,1.0,0.0
8,290,2.3035195567275224,0.0,0.0,1.0,0.0,0.0,0.0,1.0
9,290,1.1111888998114678,0.0,1.0,0.0,0.0,0.0,1.0,1.0
10,290,6.635083227073459,11.64950828001436,0.0,1.0,1.0,0.0,1.0,1.0
11,290,11.976906809194546,5.195686768732567,0.0,0.0,1.0,0.0,1.0,0.0
12,290,11.333837012116383,6.401384135723072,0.0,0.0,0.0,1.0,0.0,0.0
13,290,2.222476402083826,0.1535607044444407,0.0,0.0,1.0,0.0,0.0,1.0
14,290,6.950732074114333,4.554822216082012,0.0,1.0,0.0,0.0,0.0,0.0
15,290,1.3956687565652686,3.1596801610351006,1.0,1.0,0.0,1.0,0.0,1.0
16,290,3.42864887580806,7.497692569698813,0.0,0.0,1.0,1.0,1.0,0.0
17,290,7.167982558838846,12.0,0.0,0.0,0.0,1.0,0.0,1.0
18,290,6.27056923673484,4.947638846221641,1.0,0.0,0.0,1.0,1.0,1.0
19,290,3.2617897060575745,5.453545710493914,1.0,0.0,1.0,1.0,0.0,1.0
20,290,9.10291851262176,2.8829626149661585,0.0,0.0,1.0,1.0,1.0,0.0
21,290,7.830396477231392,0.9315504836427196,0.0,1.0,0.0,0.0,0.0,0.0
22,290,6.493413298133826,6.358971556151936,0.0,0.0,0.0,0.0,1.0,1.0
23,290,12.0,6.464225821219247,1.0,1.0,0.0,0.0,0.0,1.0
24,290,6.739523357339063,3.2314488780869763,0.0,1.0,1.0,0.0,1.0,0.0
25,290,0.0,8.394619667455654,0.0,1.0,0.0,0.0,0.0,1.0
26,290,10.992415972714058,0.0,1.0,0.0,1.0,0.0,0.0,0.0
27,290,8.537045676632099,8.360788817210594,1.0,0.0,0.0,0.0,0.0,1.0
28,290,9.089450499748612,0.0,0.0,0.0,0.0,1.0,0.0,0.0
29,290,6.730392542046927,12.0,1.0,1.0,1.0,1.0,0.0,1.0
30,290,9.726476027323486,11.282135849437738,1.0,1.0,1.0,0.0,1.0,1.0
31,290,3.374687425250197,12.0,0.0,1.0,1.0,0.0,1.0,1.0
32,290,8.02658403504985,0.0,1.0,0.0,1.0,0.0,1.0,0.0
33,290,3.438421073699064,0.3633089584415898,1.0,0.0,0.0,1.0,1.0,0.0
34,290,7.544678252234612,12.0,0.0,0.0,0.0,0.0,0.0,1.0
35,290,11.678769263467103,2.445706614209441,0.0,1.0,1.0,0.0,0.0,0.0
36,290,6.418904094671025,7.992560241292933,1.0,1.0,1.0,0.0,0.0,0.0
37,290,1.1025120900188805,9.630558124555272,0.0,0.0,0.0,1.0,0.0,1.0
38,290,1.2761171620560137,4.049837797897096,1.0,0.0,0.0,0.0,0.0,0.0
39,290,7.58705038737012,0.0,0.0,0.0,1.0,1.0,0.0,0.0
0,295,5.858319845241359,11.395952529725678,1.0,0.0,1.0,0.0,0.0,0.0
1,295,6.09021139648224,3.514656076143768,1.0,0.0,0.0,0.0,0.0,1.0
2,295,2.815510158392059,5.747255760737185,1.0,0.0,0.0,1.0,0.0,0.0
3,295,7.15007633832344,0.5374093169648441,0.0,0.0,0.0,0.0,0.0,1.0
4,295,7.873586384345419,1.1798683406147226,0.0,0.0,1.0,0.0,1.0,1.0
5,295,7.553717808410521,0.0,1.0,1.0,0.0,0.0,1.0,0.0
6,295,1.405521091636438,2.6778094005093003,0.0,1.0,0.0,1.0,0.0,1.0
7,295,2.448742054363644,10.956868596152386,0.0,1.0,0.0,0.0,1.0,0.0
8,295,2.3056905264292094,0.0028983987471702,0.0,1.0,0.0,0.0,0.0,1.0
9,295,1.1174518829777118,0.0,1.0,0.0,0.0,0.0,1.0,1.0
10,295,6.751752351358514,11.537415330171806,0.0,1.0,1.0,0.0,1.0,1.0
11,295,11.976492333675884,5.19574398231996,0.0,0.0,1.0,0.0,1.0,0.0
12,295,11.304792603926206,6.363744063332138,0.0,0.0,0.0,1.0,0.0,0.0
13,295,2.2268571042648926,0.1154436494917188,0.0,0.0,1.0,0.0,0.0,1.0
14,295,6.958284868830492,4.561895967880564,0.0,1.0,0.0,0.0,0.0,0.0
15,295,1.3940295539340442,3.127351278163649,1.0,1.0,0.0,1.0,0.0,1.0
16,295,3.3404337395175143,7.487319122527936,0.0,0.0,1.0,1.0,1.0,0.0
17,295,7.262465766693229,12.0,0.0,0.0,0.0,1.0,0.0,1.0
18,295,6.235444281811577,5.019420081097841,1.0,0.0,0.0,1.0,1.0,1.0
19,295,3.2507695920868573,5.418877381236436,1.0,0.0,1.0,1.0,0.0,1.0
20,295,9.230639531655694,3.129588333553593,0.0,0.0,1.0,1.0,1.0,0.0
21,295,7.9292273610797555,0.937980827148589,0.0,1.0,0.0,0.0,0.0,0.0
22,295,6.431718903075219,6.241686544021818,0.0,0.0,0.0,0.0,1.0,1.0
23,295,12.0,6.614700122119243,1.0,1.0,0.0,0.0,0.0,1.0
24,295,6.7969902118119805,3.171238751145796,0.0,1.0,1.0,0.0,1.0,0.0
25,295,0.0,8.340597197697377,0.0,1.0,0.0,0.0,0.0,1.0
26,295,11.0970662961925,0.0,1.0,0.0,1.0,0.0,0.0,0.0
27,295,8.61915963893341,8.461219682296202,1.0,0.0,0.0,0.0,0.0,1.0
28,295,9.120662860000223,0.0,0.0,0.0,0.0,1.0,0.0,0.0
29,295,6.7115691889338045,12.0,1.0,1.0,1.0,1.0,0.0,1.0
30,295,9.756046306424375,11.269629654129409,1.0,1.0,1.0,0.0,1.0,1.0
31,295,3.52807287731966,12.0,0.0,1.0,1.0,0.0,1.0,1.0
32,295,8.049806780803427,0.0,1.0,0.0,1.0,0.0,1.0,0.0
33,295,3.3644619952861707,0.4009533084825706,1.0,0.0,0.0,1.0,1.0,0.0
34,295,7.563054005808536,12.0,0.0,0.0,0.0,0.0,0.0,1.0
35,295,11.713105768509768,2.405027911070095,0.0,1.0,1.0,0.0,0.0,0.0
36,295,6.422279879284101,7.996870098306217,1.0,1.0,1.0,0.0,0.0,0.0
37,295,1.1397597663571009,9.68348625775152,0.0,0.0,0.0,1.0,0.0,1.0
38,295,1.2199616391771586,4.05549512659651,1.0,0.0,0.0,0.0,0.0,0.0
39,295,7.624952535657093,0.0,0.0,0.0,1.0,1.0,0.0,0.0
