0,0,11.044992499260744,0.0,0.0,0.0,0.0,0.0,0.0,0.0
1,0,10.958029694762596,4.991205815432056,0.0,1.0,1.0,0.0,0.0,1.0
2,0,2.0481705678924027,5.973209335328872,0.0,0.0,1.0,1.0,0.0,0.0
3,0,0.9585866380464936,1.989933972206616,0.0,0.0,0.0,1.0,0.0,1.0
4,0,0.0646083428616548,1.9743437130541344,1.0,0.0,1.0,0.0,1.0,1.0
5,0,7.9862086224550115,0.0518593157889485,0.0,1.0,0.0,0.0,0.0,0.0
6,0,4.036675709678552,6.019820459636151,0.0,0.0,0.0,1.0,1.0,0.0
7,0,12.0,1.0246274081965654,1.0,0.0,0.0,1.0,0.0,0.0
8,0,12.0,7.975381459034948,0.0,0.0,1.0,0.0,0.0,0.0
9,0,0.0,1.9971422196118984,1.0,0.0,0.0,1.0,0.0,0.0
10,0,2.038547915094114,7.98468380245794,0.0,1.0,0.0,1.0,0.0,0.0
11,0,0.0593852695142954,6.993696203102084,1.0,1.0,1.0,0.0,0.0,0.0
12,0,5.0606250025539605,5.989049416124181,1.0,0.0,0.0,0.0,1.0,0.0
13,0,12.0,12.0,0.0,0.0,0.0,0.0,0.0,0.0
14,0,10.964824540207882,2.041028039868275,1.0,0.0,0.0,0.0,0.0,0.0
15,0,3.977356703633082,7.966545661509435,0.0,1.0,0.0,1.0,0.0,0.0
16,0,6.002272954260288,1.0250954198631432,1.0,1.0,0.0,1.0,0.0,1.0
17,0,6.059162620417262,9.016064164776925,0.0,0.0,0.0,0.0,0.0,0.0
18,0,2.050408856807017,1.0291459108771115,1.0,1.0,1.0,0.0,0.0,1.0
19,0,0.0556882809853045,9.982635398892922,0.0,0.0,1.0,1.0,1.0,1.0
20,0,5.990852637924172,1.0625074666567145,0.0,1.0,0.0,1.0,0.0,0.0
21,0,0.9644691763783224,6.966136172469783,1.0,0.0,1.0,0.0,0.0,0.0
22,0,4.041390635714837,8.978552077145762,0.0,1.0,1.0,0.0,0.0,0.0
23,0,4.974777910613584,1.961096103249741,0.0,0.0,0.0,1.0,0.0,0.0
24,0,3.980738096613672,11.06754630939216,0.0,0.0,0.0,0.0,0.0,1.0
25,0,8.982929653204254,6.0666064703759295,0.0,1.0,1.0,0.0,0.0,1.0
26,0,5.997676802438379,12.0,0.0,1.0,0.0,1.0,1.0,0.0
27,0,3.959594034946962,3.970515078934607,1.0,1.0,1.0,0.0,0.0,0.0
28,0,1.9836337373578652,10.05082169413091,1.0,0.0,0.0,0.0,0.0,0.0
29,0,1.0293859079690304,12.0,1.0,0.0,1.0,0.0,0.0,0.0
30,0,9.976078017002305,7.992680592341266,0.0,1.0,1.0,0.0,0.0,0.0
31,0,0.958738696872648,12.0,1.0,0.0,1.0,0.0,0.0,1.0
32,0,5.038408578063722,6.951739751702654,0.0,0.0,0.0,0.0,0.0,0.0
33,0,10.939663367160684,0.9994855261357656,0.0,0.0,1.0,1.0,0.0,1.0
34,0,0.946886891886754,5.00142855550691,0.0,0.0,0.0,1.0,0.0,1.0
35,0,8.956213758798583,8.01854506391974,1.0,0.0,1.0,0.0,0.0,1.0
36,0,6.003318913234938,9.933751324530403,1.0,0.0,0.0,1.0,0.0,1.0
37,0,4.946347131564391,5.949880452449971,1.0,1.0,0.0,0.0,1.0,0.0
38,0,8.937753311355895,0.0,1.0,1.0,0.0,1.0,1.0,1.0
39,0,5.971130577104279,8.976888933454504,1.0,1.0,0.0,0.0,1.0,1.0
0,5,11.088091669693368,0.0,0.0,0.0,0.0,0.0,0.0,0.0
1,5,10.92728661896469,4.984905845012605,0.0,1.0,1.0,0.0,0.0,1.0
2,5,2.019484590664189,5.915049367813218,0.0,0.0,1.0,1.0,0.0,0.0
3,5,0.9355766168697248,1.984108800591556,0.0,0.0,0.0,1.0,0.0,1.0
4,5,0.1391450031710736,1.9440184657830837,1.0,0.0,1.0,0.0,1.0,1.0
5,5,7.973787705891186,0.1007322211392782,0.0,1.0,0.0,0.0,0.0,0.0
6,5,4.097797490705928,6.052832286127459,0.0,0.0,0.0,1.0,1.0,0.0
7,5,12.0,1.0425301344515443,1.0,0.0,0.0,1.0,0.0,0.0
8,5,12.0,7.947569150135202,0.0,0.0,1.0,0.0,0.0,0.0
9,5,0.0,1.9915517385512136,1.0,0.0,0.0,1.0,0.0,0.0
10,5,2.0676038253920925,7.972813468545805,0.0,1.0,0.0,1.0,0.0,0.0
11,5,0.1152439975415497,6.986906137009253,1.0,1.0,1.0,0.0,0.0,0.0
12,5,5.139925389296234,5.974018273723604,1.0,0.0,0.0,0.0,1.0,0.0
13,5,12.0,12.0,0.0,0.0,0.0,0.0,0.0,0.0
14,5,10.9242107601719,2.0887525322741056,1.0,0.0,0.0,0.0,0.0,0.0
15,5,3.9583253285252,7.937704002717529,0.0,1.0,0.0,1.0,0.0,0.0
16,5,6.004543015301033,1.050808003598308,1.0,1.0,0.0,1.0,0.0,1.0
17,5,6.127799753380396,9.03358475742114,0.0,0.0,0.0,0.0,0.0,0.0
18,5,2.09590392140723,1.0561316181779623,1.0,1.0,1.0,0.0,0.0,1.0
19,5,0.0977616864494708,9.968347817654932,0.0,0.0,1.0,1.0,1.0,1.0
20,5,5.978151721600872,1.1404890623540476,0.0,1.0,0.0,1.0,0.0,0.0
21,5,0.9238157113834814,6.924821327410627,1.0,0.0,1.0,0.0,0.0,0.0
22,5,4.080164671619357,8.959761353388364,0.0,1.0,1.0,0.0,0.0,0.0
23,5,4.943617645627263,1.9118071281039084,0.0,0.0,0.0,1.0,0.0,0.0
24,5,3.9656173023024617,11.11500060686322,0.0,0.0,0.0,0.0,0.0,1.0
25,5,8.968620821116199,6.124914388682752,0.0,1.0,1.0,0.0,0.0,1.0
26,5,5.9956269325184754,12.0,0.0,1.0,0.0,1.0,1.0,0.0
27,5,3.9148305669875416,3.938666171458786,1.0,1.0,1.0,0.0,0.0,0.0
28,5,1.9708217774703416,10.092714781826189,1.0,0.0,0.0,0.0,0.0,0.0
29,5,1.0536850519780012,12.0,1.0,0.0,1.0,0.0,0.0,0.0
30,5,9.936814059831514,7.979662283669487,0.0,1.0,1.0,0.0,0.0,0.0
31,5,0.898841026972417,12.0,1.0,0.0,1.0,0.0,0.0,1.0
32,5,5.087443807706321,6.890000091583908,0.0,0.0,0.0,0.0,0.0,0.0
33,5,10.873065376850889,0.998023280195016,0.0,0.0,1.0,1.0,0.0,1.0
34,5,0.9218839376963502,5.002957587390526,0.0,0.0,0.0,1.0,0.0,1.0
35,5,8.90175612371695,8.042136754218784,1.0,0.0,1.0,0.0,0.0,1.0
36,5,6.005262673887692,9.876943803738806,1.0,0.0,0.0,1.0,0.0,1.0
37,5,4.87588276884454,5.88195694599627,1.0,1.0,0.0,0.0,1.0,0.0
38,5,8.884923343764669,0.0,1.0,1.0,0.0,1.0,1.0,1.0
39,5,5.949114831663336,8.959144612862866,1.0,1.0,0.0,0.0,1.0,1.0
0,10,11.135308913239337,0.0,0.0,0.0,0.0,0.0,0.0,0.0
1,10,10.897545887623258,4.979091356130124,0.0,1.0,1.0,0.0,0.0,1.0
2,10,1.980241969261918,5.835313966339086,0.0,0.0,1.0,1.0,0.0,0.0
3,10,0.9297405951599218,1.982567157756727,0.0,0.0,0.0,1.0,0.0,1.0
4,10,0.2023448908640051,1.9173699154934287,1.0,0.0,1.0,0.0,1.0,1.0
5,10,7.959892350597162,0.1579404310986106,0.0,1.0,0.0,0.0,0.0,0.0
6,10,4.159262347518395,6.084290367643582,0.0,0.0,0.0,1.0,1.0,0.0
7,10,12.0,1.0561126387099176,1.0,0.0,0.0,1.0,0.0,0.0
8,10,12.0,7.925069298653208,0.0,0.0,1.0,0.0,0.0,0.0
9,10,0.0,1.984496636086695,1.0,0.0,0.0,1.0,0.0,0.0
10,10,2.078430687633678,7.968276219009912,0.0,1.0,0.0,1.0,0.0,0.0
11,10,0.1840748193939227,6.980295453069312,1.0,1.0,1.0,0.0,0.0,0.0
12,10,5.20267470121158,5.962463824875528,1.0,0.0,0.0,0.0,1.0,0.0
13,10,12.0,12.0,0.0,0.0,0.0,0.0,0.0,0.0
14,10,10.880688218254065,2.140223616927078,1.0,0.0,0.0,0.0,0.0,0.0
15,10,3.946691727566628,7.919638588683075,0.0,1.0,0.0,1.0,0.0,0.0
16,10,6.008126428815954,1.0978445620749708,1.0,1.0,0.0,1.0,0.0,1.0
17,10,6.191561503836973,9.048553186559078,0.0,0.0,0.0,0.0,0.0,0.0
18,10,2.1586974162408628,1.0950257348660584,1.0,1.0,1.0,0.0,0.0,1.0
19,10,0.1392876451598077,9.953779507927273,0.0,0.0,1.0,1.0,1.0,1.0
20,10,5.970211205319691,1.1873661104468405,0.0,1.0,0.0,1.0,0.0,0.0
21,10,0.8813497729746087,6.883938909893771,1.0,0.0,1.0,0.0,0.0,0.0
22,10,4.118671777351721,8.942313668709756,0.0,1.0,1.0,0.0,0.0,0.0
23,10,4.907576138869562,1.8557687123956657,0.0,0.0,0.0,1.0,0.0,0.0
24,10,3.954701024711361,11.14559319822008,0.0,0.0,0.0,0.0,0.0,1.0
25,10,8.958664755662683,6.1681774895097785,0.0,1.0,1.0,0.0,0.0,1.0
26,10,5.997366172546268,11.991834032691738,0.0,1.0,0.0,1.0,1.0,0.0
27,10,3.876990056076099,3.9101530388802206,1.0,1.0,1.0,0.0,0.0,0.0
28,10,1.9598845267643352,10.12994281271076,1.0,0.0,0.0,0.0,0.0,0.0
29,10,1.0844762005540023,12.0,1.0,0.0,1.0,0.0,0.0,0.0
30,10,9.907544100714553,7.970900377181897,0.0,1.0,1.0,0.0,0.0,0.0
31,10,0.8336517252445526,12.0,1.0,0.0,1.0,0.0,0.0,1.0
32,10,5.152510993043065,6.809667588472938,0.0,0.0,0.0,0.0,0.0,0.0
33,10,10.802321637595316,0.9968038752221812,0.0,0.0,1.0,1.0,0.0,1.0
34,10,0.8776120443793493,5.004555221824516,0.0,0.0,0.0,1.0,0.0,1.0
35,10,8.839891378751124,8.068756770473945,1.0,0.0,1.0,0.0,0.0,1.0
36,10,6.006730558094211,9.84349785172143,1.0,0.0,0.0,1.0,0.0,1.0
37,10,4.794527433400605,5.802779126781313,1.0,1.0,0.0,0.0,1.0,0.0
38,10,8.84460143510196,0.0,1.0,1.0,0.0,1.0,1.0,1.0
39,10,5.939491883512577,8.951648978100627,1.0,1.0,0.0,0.0,1.0,1.0
0,15,11.197218675212708,0.0,0.0,0.0,0.0,0.0,0.0,0.0
1,15,10.872374998334443,4.973831636071962,0.0,1.0,1.0,0.0,0.0,1.0
2,15,1.946868361342005,5.765268528554017,0.0,0.0,1.0,1.0,0.0,0.0
3,15,0.9247761428678616,2.002654182056697,0.0,0.0,0.0,1.0,0.0,1.0
4,15,0.2618615513041502,1.893799896613591,1.0,0.0,1.0,0.0,1.0,1.0
5,15,7.943537118005884,0.230509762459177,0.0,1.0,0.0,0.0,0.0,0.0
6,15,4.223671761570335,6.118915790292667,0.0,0.0,0.0,1.0,1.0,0.0
7,15,12.0,1.0772041849245888,1.0,0.0,0.0,1.0,0.0,0.0
8,15,12.0,7.900761966625268,0.0,0.0,1.0,0.0,0.0,0.0
9,15,0.0,1.977175690065769,1.0,0.0,0.0,1.0,0.0,0.0
10,15,2.0916249486571505,7.962688579050183,0.0,1.0,0.0,1.0,0.0,0.0
11,15,0.2563700432815954,6.973625241331022,1.0,1.0,1.0,0.0,0.0,0.0
12,15,5.267103021396656,5.948919566553209,1.0,0.0,0.0,0.0,1.0,0.0
13,15,12.0,12.0,0.0,0.0,0.0,0.0,0.0,0.0
14,15,10.842126775962882,2.1872949150232848,1.0,0.0,0.0,0.0,0.0,0.0
15,15,3.931356460495508,7.893629224279414,0.0,1.0,0.0,1.0,0.0,0.0
16,15,6.011258588851541,1.1367003286220478,1.0,1.0,0.0,1.0,0.0,1.0
17,15,6.270402367805015,9.066330455414027,0.0,0.0,0.0,0.0,0.0,0.0
18,15,2.215167804142587,1.1307949391463037,1.0,1.0,1.0,0.0,0.0,1.0
19,15,0.1942075107141239,9.93370695279674,0.0,0.0,1.0,1.0,1.0,1.0
20,15,5.962209271825865,1.243905854833506,0.0,1.0,0.0,1.0,0.0,0.0
21,15,0.8438979420096036,6.848600953704502,1.0,0.0,1.0,0.0,0.0,0.0
22,15,4.137632746484825,8.933548902837796,0.0,1.0,1.0,0.0,0.0,0.0
23,15,4.862247728502027,1.783789476162991,0.0,0.0,0.0,1.0,0.0,0.0
24,15,3.9416627023846416,11.187077434283838,0.0,0.0,0.0,0.0,0.0,1.0
25,15,8.952978077337429,6.193949093405638,0.0,1.0,1.0,0.0,0.0,1.0
26,15,5.998340557938788,11.987581323086603,0.0,1.0,0.0,1.0,1.0,0.0
27,15,3.844647851648548,3.884426068122305,1.0,1.0,1.0,0.0,0.0,0.0
28,15,1.9533717414423373,10.151004789656607,1.0,0.0,0.0,0.0,0.0,0.0
29,15,1.1133342992710105,12.0,1.0,0.0,1.0,0.0,0.0,0.0
30,15,9.88118616348226,7.962515426859938,0.0,1.0,1.0,0.0,0.0,0.0
31,15,0.75049443548976,12.0,1.0,0.0,1.0,0.0,0.0,1.0
32,15,5.205734245977825,6.745820186345955,0.0,0.0,0.0,0.0,0.0,0.0
33,15,10.715917182102132,0.9942261915484056,0.0,0.0,1.0,1.0,0.0,1.0
34,15,0.8257612333165806,5.004984792514795,0.0,0.0,0.0,1.0,0.0,1.0
35,15,8.769533318452662,8.098454492380325,1.0,0.0,1.0,0.0,0.0,1.0
36,15,6.007532681329036,9.816699238262611,1.0,0.0,0.0,1.0,0.0,1.0
37,15,4.707516755876278,5.71606070544926,1.0,1.0,0.0,0.0,1.0,0.0
38,15,8.815195655659322,0.0,1.0,1.0,0.0,1.0,1.0,1.0
39,15,5.930901881806826,8.945061568601934,1.0,1.0,0.0,0.0,1.0,1.0
0,20,11.26255886672609,0.0,0.0,0.0,0.0,0.0,0.0,0.0
1,20,10.860236848461934,4.971405437621008,0.0,1.0,1.0,0.0,0.0,1.0
2,20,1.9072871931653093,5.685921914042118,0.0,0.0,1.0,1.0,0.0,0.0
3,20,0.925385530078949,2.0000261339422,0.0,0.0,0.0,1.0,0.0,1.0
4,20,0.3322457274739855,1.8669170350171072,1.0,0.0,1.0,0.0,1.0,1.0
5,20,7.929479307367529,0.3012487206080547,0.0,1.0,0.0,0.0,0.0,0.0
6,20,4.30212778374859,6.160169453992078,0.0,0.0,0.0,1.0,1.0,0.0
7,20,12.0,1.0958256443044505,1.0,0.0,0.0,1.0,0.0,0.0
8,20,12.0,7.872864384151051,0.0,0.0,1.0,0.0,0.0,0.0
9,20,0.0,1.9676720398896224,1.0,0.0,0.0,1.0,0.0,0.0
10,20,2.1110601340049646,7.954464029481952,0.0,1.0,0.0,1.0,0.0,0.0
11,20,0.3357716422451053,6.96724500441034,1.0,1.0,1.0,0.0,0.0,0.0
12,20,5.328605762585993,5.936955868019704,1.0,0.0,0.0,0.0,1.0,0.0
13,20,12.0,12.0,0.0,0.0,0.0,0.0,0.0,0.0
14,20,10.806774244838392,2.231357892084643,1.0,0.0,0.0,0.0,0.0,0.0
15,20,3.919960810888943,7.874695173087632,0.0,1.0,0.0,1.0,0.0,0.0
16,20,6.012854195648675,1.15281839927949,1.0,1.0,0.0,1.0,0.0,1.0
17,20,6.36083903066963,9.087236654376063,0.0,0.0,0.0,0.0,0.0,0.0
18,20,2.2722722732119647,1.1670727534144247,1.0,1.0,1.0,0.0,0.0,1.0
19,20,0.252834850344337,9.91299393221616,0.0,0.0,1.0,1.0,1.0,1.0
20,20,5.953843896378298,1.3044185097866945,0.0,1.0,0.0,1.0,0.0,0.0
21,20,0.8066730258643586,6.814642367185142,1.0,0.0,1.0,0.0,0.0,0.0
22,20,4.157422740858519,8.924781488923966,0.0,1.0,1.0,0.0,0.0,0.0
23,20,4.804579583594977,1.691456058153601,0.0,0.0,0.0,1.0,0.0,0.0
24,20,3.931020379184341,11.21777818236284,0.0,0.0,0.0,0.0,0.0,1.0
25,20,8.946035869345147,6.226512898670808,0.0,1.0,1.0,0.0,0.0,1.0
26,20,5.99793514089624,11.98929690572645,0.0,1.0,0.0,1.0,1.0,0.0
27,20,3.8090451744124905,3.85714989992038,1.0,1.0,1.0,0.0,0.0,0.0
28,20,1.946463298836554,10.171938374019614,1.0,0.0,0.0,0.0,0.0,0.0
29,20,1.1517972336410554,12.0,1.0,0.0,1.0,0.0,0.0,0.0
30,20,9.851352321346088,7.952125812236917,0.0,1.0,1.0,0.0,0.0,0.0
31,20,0.6724284570717308,12.0,1.0,0.0,1.0,0.0,0.0,1.0
32,20,5.247073563220496,6.695641938312963,0.0,0.0,0.0,0.0,0.0,0.0
33,20,10.606080366309316,0.993075089385992,0.0,0.0,1.0,1.0,0.0,1.0
34,20,0.7675406178513754,5.007338879687273,0.0,0.0,0.0,1.0,0.0,1.0
35,20,8.672408195086351,8.14041960982553,1.0,0.0,1.0,0.0,0.0,1.0
36,20,6.008843368645051,9.789341714426133,1.0,0.0,0.0,1.0,0.0,1.0
37,20,4.626255518770655,5.629830915427933,1.0,1.0,0.0,0.0,1.0,0.0
38,20,8.805034595156325,0.0,1.0,1.0,0.0,1.0,1.0,1.0
39,20,5.914327765677508,8.932379779045977,1.0,1.0,0.0,0.0,1.0,1.0
0,25,11.340808159672015,0.0,0.0,0.0,0.0,0.0,0.0,0.0
1,25,10.837456946059197,4.965943921595092,0.0,1.0,1.0,0.0,0.0,1.0
2,25,1.8282802118383048,5.728924683518184,0.0,0.0,1.0,1.0,0.0,0.0
3,25,0.9231479903546992,2.010773084162009,0.0,0.0,0.0,1.0,0.0,1.0
4,25,0.3859746396779271,1.8472470154209784,1.0,0.0,1.0,0.0,1.0,1.0
5,25,7.916457799087798,0.3798973390794026,0.0,1.0,0.0,0.0,0.0,0.0
6,25,4.378113351419313,6.202467808047316,0.0,0.0,0.0,1.0,1.0,0.0
7,25,12.0,1.11532273687362,1.0,0.0,0.0,1.0,0.0,0.0
8,25,12.0,7.835984589053858,0.0,0.0,1.0,0.0,0.0,0.0
9,25,0.0,1.955266714828901,1.0,0.0,0.0,1.0,0.0,0.0
10,25,2.137740313127233,7.942749393142763,0.0,1.0,0.0,1.0,0.0,0.0
11,25,0.42251933513,6.958153611557037,1.0,1.0,1.0,0.0,0.0,0.0
12,25,5.36840108215823,5.929347894698419,1.0,0.0,0.0,0.0,1.0,0.0
13,25,12.0,12.0,0.0,0.0,0.0,0.0,0.0,0.0
14,25,10.770690036592391,2.275644916594826,1.0,0.0,0.0,0.0,0.0,0.0
15,25,3.897073864517728,7.83773079682687,0.0,1.0,0.0,1.0,0.0,0.0
16,25,6.014184976604103,1.1635823010267707,1.0,1.0,0.0,1.0,0.0,1.0
17,25,6.466997007692075,9.11003348390487,0.0,0.0,0.0,0.0,0.0,0.0
18,25,2.3340286676261903,1.207174518421834,1.0,1.0,1.0,0.0,0.0,1.0
19,25,0.3546054354333021,9.877842761003883,0.0,0.0,1.0,1.0,1.0,1.0
20,25,5.941436057855534,1.3896607947295945,0.0,1.0,0.0,1.0,0.0,0.0
21,25,0.7649560582386555,6.778393960130658,1.0,0.0,1.0,0.0,0.0,0.0
22,25,4.190694073845314,8.910601632400505,0.0,1.0,1.0,0.0,0.0,0.0
23,25,4.740443810602094,1.5907302225995048,0.0,0.0,0.0,1.0,0.0,0.0
24,25,3.9179214565470497,11.258155208288496,0.0,0.0,0.0,0.0,0.0,1.0
25,25,8.93429893928194,6.282179797633841,0.0,1.0,1.0,0.0,0.0,1.0
26,25,5.996380691611194,11.996017000598938,0.0,1.0,0.0,1.0,1.0,0.0
27,25,3.7994748938633736,3.8498493643245735,1.0,1.0,1.0,0.0,0.0,0.0
28,25,1.9415895090735444,10.185865079663332,1.0,0.0,0.0,0.0,0.0,0.0
29,25,1.1989455211700242,12.0,1.0,0.0,1.0,0.0,0.0,0.0
30,25,9.817180472855158,7.939552709031192,0.0,1.0,1.0,0.0,0.0,0.0
31,25,0.604404647103518,12.0,1.0,0.0,1.0,0.0,0.0,1.0
32,25,5.302121794125791,6.62802210344427,0.0,0.0,0.0,0.0,0.0,0.0
33,25,10.476579381732025,0.99152665941835,0.0,0.0,1.0,1.0,0.0,1.0
34,25,0.7009374659597903,5.009431545421976,0.0,0.0,0.0,1.0,0.0,1.0
35,25,8.57954952481673,8.178536210501406,1.0,0.0,1.0,0.0,0.0,1.0
36,25,6.010279065834332,9.76385258168895,1.0,0.0,0.0,1.0,0.0,1.0
37,25,4.547363042128948,5.546374681665949,1.0,1.0,0.0,0.0,1.0,0.0
38,25,8.80550960464259,0.0002380361188072,1.0,1.0,0.0,1.0,1.0,1.0
39,25,5.888342705332232,8.91276571740251,1.0,1.0,0.0,0.0,1.0,1.0
0,30,11.424208626086005,0.0,0.0,0.0,0.0,0.0,0.0,0.0
1,30,10.814672096498406,4.960133688736062,0.0,1.0,1.0,0.0,0.0,1.0
2,30,1.7656283393831194,5.762538851983796,0.0,0.0,1.0,1.0,0.0,0.0
3,30,0.9174961691396988,2.033740078077169,0.0,0.0,0.0,1.0,0.0,1.0
4,30,0.4408801203354132,1.8282424229300496,1.0,0.0,1.0,0.0,1.0,1.0
5,30,7.90092180270398,0.4616676636515614,0.0,1.0,0.0,0.0,0.0,0.0
6,30,4.470545989031736,6.253066848983248,0.0,0.0,0.0,1.0,1.0,0.0
7,30,12.0,1.1412974234774769,1.0,0.0,0.0,1.0,0.0,0.0
8,30,12.0,7.79751760970856,0.0,0.0,1.0,0.0,0.0,0.0
9,30,0.0,1.943779253996436,1.0,0.0,0.0,1.0,0.0,0.0
10,30,2.152763456401598,7.936166051500296,0.0,1.0,0.0,1.0,0.0,0.0
11,30,0.5201659850512198,6.945441911003399,1.0,1.0,1.0,0.0,0.0,0.0
12,30,5.410910827193644,5.921112889244522,1.0,0.0,0.0,0.0,1.0,0.0
13,30,12.0,12.0,0.0,0.0,0.0,0.0,0.0,0.0
14,30,10.71819082839812,2.339907755014388,1.0,0.0,0.0,0.0,0.0,0.0
15,30,3.869463752531104,7.79533196111476,0.0,1.0,0.0,1.0,0.0,0.0
16,30,6.013756388313533,1.158919595396354,1.0,1.0,0.0,1.0,0.0,1.0
17,30,6.573246639947426,9.134903618205689,0.0,0.0,0.0,0.0,0.0,0.0
18,30,2.404138581982349,1.252480302062915,1.0,1.0,1.0,0.0,0.0,1.0
19,30,0.4705342962138482,9.834794754045774,0.0,0.0,1.0,1.0,1.0,1.0
20,30,5.934941917807019,1.440519595537484,0.0,1.0,0.0,1.0,0.0,0.0
21,30,0.7188613416119757,6.736994968424891,1.0,0.0,1.0,0.0,0.0,0.0
22,30,4.214898165543734,8.899901684299696,0.0,1.0,1.0,0.0,0.0,0.0
23,30,4.678656117286802,1.4929011973571018,0.0,0.0,0.0,1.0,0.0,0.0
24,30,3.8983382656366072,11.317041017891412,0.0,0.0,0.0,0.0,0.0,1.0
25,30,8.922298819630667,6.337630576795266,0.0,1.0,1.0,0.0,0.0,1.0
26,30,5.994972893547939,12.0,0.0,1.0,0.0,1.0,1.0,0.0
27,30,3.782343242629825,3.836283891890648,1.0,1.0,1.0,0.0,0.0,0.0
28,30,1.9419961138982773,10.184788614653186,1.0,0.0,0.0,0.0,0.0,0.0
29,30,1.2734655843373353,12.0,1.0,0.0,1.0,0.0,0.0,0.0
30,30,9.765521636285962,7.920943264717206,0.0,1.0,1.0,0.0,0.0,0.0
31,30,0.5381658136907791,12.0,1.0,0.0,1.0,0.0,0.0,1.0
32,30,5.3517891649087765,6.564211271043726,0.0,0.0,0.0,0.0,0.0,0.0
33,30,10.368328118152045,0.9873179121473334,0.0,0.0,1.0,1.0,0.0,1.0
34,30,0.6402003366871648,5.010003851549549,0.0,0.0,0.0,1.0,0.0,1.0
35,30,8.49663744650979,8.212865691222177,1.0,0.0,1.0,0.0,0.0,1.0
36,30,6.0121293310422175,9.734879922276068,1.0,0.0,0.0,1.0,0.0,1.0
37,30,4.469146561649557,5.461921264743338,1.0,1.0,0.0,0.0,1.0,0.0
38,30,8.802191601456416,0.0,1.0,1.0,0.0,1.0,1.0,1.0
39,30,5.855143931310191,8.887539923539624,1.0,1.0,0.0,0.0,1.0,1.0
0,35,11.482974479692215,0.0,0.0,0.0,0.0,0.0,0.0,0.0
1,35,10.793023816346643,4.954960170423754,0.0,1.0,1.0,0.0,0.0,1.0
2,35,1.71288036653879,5.790582548861622,0.0,0.0,1.0,1.0,0.0,0.0
3,35,0.913331716075257,2.05009372436196,0.0,0.0,0.0,1.0,0.0,1.0
4,35,0.5004683068239045,1.805888327109443,1.0,0.0,1.0,0.0,1.0,1.0
5,35,7.886638116435284,0.5395703658454611,0.0,1.0,0.0,0.0,0.0,0.0
6,35,4.525318921701865,6.283733079393373,0.0,0.0,0.0,1.0,1.0,0.0
7,35,12.0,1.171468250659771,1.0,0.0,0.0,1.0,0.0,0.0
8,35,12.0,7.758280119203714,0.0,0.0,1.0,0.0,0.0,0.0
9,35,0.0,1.9354396130411389,1.0,0.0,0.0,1.0,0.0,0.0
10,35,2.158160835504821,7.933766971778487,0.0,1.0,0.0,1.0,0.0,0.0
11,35,0.627214977835062,6.9308639926002975,1.0,1.0,1.0,0.0,0.0,0.0
12,35,5.45335781142002,5.91352633267879,1.0,0.0,0.0,0.0,1.0,0.0
13,35,12.0,12.0,0.0,0.0,0.0,0.0,0.0,0.0
14,35,10.660730896560352,2.411707301441014,1.0,0.0,0.0,0.0,0.0,0.0
15,35,3.844159026186669,7.756392671558874,0.0,1.0,0.0,1.0,0.0,0.0
16,35,6.013522064809079,1.1569424501648564,1.0,1.0,0.0,1.0,0.0,1.0
17,35,6.67632035357898,9.157325372166474,0.0,0.0,0.0,0.0,0.0,0.0
18,35,2.473352368098224,1.297478316931839,1.0,1.0,1.0,0.0,0.0,1.0
19,35,0.5999483892835644,9.786873710466498,0.0,0.0,1.0,1.0,1.0,1.0
20,35,5.930207782474015,1.4764784892368268,0.0,1.0,0.0,1.0,0.0,0.0
21,35,0.650152101664945,6.677204001616084,1.0,0.0,1.0,0.0,0.0,0.0
22,35,4.241366850923511,8.887270675303816,0.0,1.0,1.0,0.0,0.0,0.0
23,35,4.619130304843972,1.3987426933197606,0.0,0.0,0.0,1.0,0.0,0.0
24,35,3.870917270538431,11.397026517474002,0.0,0.0,0.0,0.0,0.0,1.0
25,35,8.915526927314266,6.3679269475852855,0.0,1.0,1.0,0.0,0.0,1.0
26,35,5.9934107775751935,12.0,0.0,1.0,0.0,1.0,1.0,0.0
27,35,3.779994187652516,3.834476847733197,1.0,1.0,1.0,0.0,0.0,0.0
28,35,1.9373265519422365,10.197463211667186,1.0,0.0,0.0,0.0,0.0,0.0
29,35,1.3611023036823773,12.0,1.0,0.0,1.0,0.0,0.0,0.0
30,35,9.716809558139998,7.904657561200406,0.0,1.0,1.0,0.0,0.0,0.0
31,35,0.4653091125881482,12.0,1.0,0.0,1.0,0.0,0.0,1.0
32,35,5.411276218511196,6.489487722347885,0.0,0.0,0.0,0.0,0.0,0.0
33,35,10.373732705023617,0.8863308513329046,0.0,0.0,1.0,1.0,0.0,1.0
34,35,0.5722517457898135,5.010494435700684,0.0,0.0,0.0,1.0,0.0,1.0
35,35,8.40131229843937,8.251913111309122,1.0,0.0,1.0,0.0,0.0,1.0
36,35,6.014574865014192,9.70046717110765,1.0,0.0,0.0,1.0,0.0,1.0
37,35,4.401913993679535,5.396548228727946,1.0,1.0,0.0,0.0,1.0,0.0
38,35,8.793697046548772,0.0,1.0,1.0,0.0,1.0,1.0,1.0
39,35,5.829929170190731,8.869019751346476,1.0,1.0,0.0,0.0,1.0,1.0
0,40,11.564204787061128,0.0,0.0,0.0,0.0,0.0,0.0,0.0
1,40,10.768349512025374,4.949584399789625,0.0,1.0,1.0,0.0,0.0,1.0
2,40,1.6702812714944997,5.811911160110804,0.0,0.0,1.0,1.0,0.0,0.0
3,40,0.9131419427725792,2.050835884573192,0.0,0.0,0.0,1.0,0.0,1.0
4,40,0.5573955697784843,1.7846356698217016,1.0,0.0,1.0,0.0,1.0,1.0
5,40,7.872246911111764,0.6243311435716339,0.0,1.0,0.0,0.0,0.0,0.0
6,40,4.588539878970161,6.321384935284764,0.0,0.0,0.0,1.0,1.0,0.0
7,40,12.0,1.194575740506718,1.0,0.0,0.0,1.0,0.0,0.0
8,40,12.0,7.714140329262311,0.0,0.0,1.0,0.0,0.0,0.0
9,40,0.0,1.9292798262183448,1.0,0.0,0.0,1.0,0.0,0.0
10,40,2.1567479904056635,7.934344487977812,0.0,1.0,0.0,1.0,0.0,0.0
11,40,0.7310002732532959,6.918083970969523,1.0,1.0,1.0,0.0,0.0,0.0
12,40,5.51266571764038,5.901632132473136,1.0,0.0,0.0,0.0,1.0,0.0
13,40,12.0,12.0,0.0,0.0,0.0,0.0,0.0,0.0
14,40,10.59875797905258,2.488132720863564,1.0,0.0,0.0,0.0,0.0,0.0
15,40,3.8261360446821455,7.727706654613581,0.0,1.0,0.0,1.0,0.0,0.0
16,40,6.010293034511181,1.1305243702703047,1.0,1.0,0.0,1.0,0.0,1.0
17,40,6.7789524687960645,9.179252246613268,0.0,0.0,0.0,0.0,0.0,0.0
18,40,2.553907063259452,1.3521066322139974,1.0,1.0,1.0,0.0,0.0,1.0
19,40,0.7173316139457411,9.743893407919105,0.0,0.0,1.0,1.0,1.0,1.0
20,40,5.925154292208946,1.506307363462692,0.0,1.0,0.0,1.0,0.0,0.0
21,40,0.5910201153851207,6.6284942140477785,1.0,0.0,1.0,0.0,0.0,0.0
22,40,4.2669386589076925,8.875038928499587,0.0,1.0,1.0,0.0,0.0,0.0
23,40,4.561816917926458,1.3130705447822923,0.0,0.0,0.0,1.0,0.0,0.0
24,40,3.8561860959448055,11.441866688054352,0.0,0.0,0.0,0.0,0.0,1.0
25,40,8.915146069886566,6.369650913859747,0.0,1.0,1.0,0.0,0.0,1.0
26,40,5.991694602265691,12.0,0.0,1.0,0.0,1.0,1.0,0.0
27,40,3.77973953939996,3.834282590904788,1.0,1.0,1.0,0.0,0.0,0.0
28,40,1.936619941322945,10.1993603198266,1.0,0.0,0.0,0.0,0.0,0.0
29,40,1.4420511776842675,12.0,1.0,0.0,1.0,0.0,0.0,0.0
30,40,9.682001039149627,7.894192937698578,0.0,1.0,1.0,0.0,0.0,0.0
31,40,0.397040981005235,12.0,1.0,0.0,1.0,0.0,0.0,1.0
32,40,5.47244963155524,6.411213290340078,0.0,0.0,0.0,0.0,0.0,0.0
33,40,10.377123258598363,0.7981712740282622,0.0,0.0,1.0,1.0,0.0,1.0
34,40,0.5279413924091857,5.010480479235662,0.0,0.0,0.0,1.0,0.0,1.0
35,40,8.305702689060862,8.286556148735102,1.0,0.0,1.0,0.0,0.0,1.0
36,40,6.017868944079411,9.653063563400892,1.0,0.0,0.0,1.0,0.0,1.0
37,40,4.326826535121789,5.324538623712458,1.0,1.0,0.0,0.0,1.0,0.0
38,40,8.781560230661997,0.0,1.0,1.0,0.0,1.0,1.0,1.0
39,40,5.7977706183013815,8.844795404337665,1.0,1.0,0.0,0.0,1.0,1.0
0,45,11.657383473065616,0.0,0.0,0.0,0.0,0.0,0.0,0.0
1,45,10.725821604703206,4.93973686488197,0.0,1.0,1.0,0.0,0.0,1.0
2,45,1.6461725933544835,5.823508363028009,0.0,0.0,1.0,1.0,0.0,0.0
3,45,0.915951320594402,2.040052027925388,0.0,0.0,0.0,1.0,0.0,1.0
4,45,0.6044648627631054,1.7678688935893865,1.0,0.0,1.0,0.0,1.0,1.0
5,45,7.858362337012713,0.7124521899172759,0.0,1.0,0.0,0.0,0.0,0.0
6,45,4.652077769818471,6.359560398227607,0.0,0.0,0.0,1.0,1.0,0.0
7,45,12.0,1.2088078644959284,1.0,0.0,0.0,1.0,0.0,0.0
8,45,12.0,7.674082396429684,0.0,0.0,1.0,0.0,0.0,0.0
9,45,0.0,1.9205777477723704,1.0,0.0,0.0,1.0,0.0,0.0
10,45,2.1632645723080888,7.9316735901154685,0.0,1.0,0.0,1.0,0.0,0.0
11,45,0.8189044478467535,6.908644496097473,1.0,1.0,1.0,0.0,0.0,0.0
12,45,5.570490365716482,5.8896629536926985,1.0,0.0,0.0,0.0,1.0,0.0
13,45,12.0,12.0,0.0,0.0,0.0,0.0,0.0,0.0
14,45,10.53769323963686,2.563548639640565,1.0,0.0,0.0,0.0,0.0,0.0
15,45,3.810884413306656,7.704158778440678,0.0,1.0,0.0,1.0,0.0,0.0
16,45,6.007819540794876,1.1130126565969742,1.0,1.0,0.0,1.0,0.0,1.0
17,45,6.892360229035176,9.205321870684156,0.0,0.0,0.0,0.0,0.0,0.0
18,45,2.627660080612015,1.401249122064428,1.0,1.0,1.0,0.0,0.0,1.0
19,45,0.8270911007539339,9.705901611924531,0.0,0.0,1.0,1.0,1.0,1.0
20,45,5.91570287898926,1.5627126008809666,0.0,1.0,0.0,1.0,0.0,0.0
21,45,0.5208248147637194,6.569518488863168,1.0,0.0,1.0,0.0,0.0,0.0
22,45,4.291657517850778,8.863537450394821,0.0,1.0,1.0,0.0,0.0,0.0
23,45,4.506375273294333,1.227122592236809,0.0,0.0,0.0,1.0,0.0,0.0
24,45,3.848018367190509,11.466748103951137,0.0,0.0,0.0,0.0,0.0,1.0
25,45,8.905479953445932,6.408674578581261,0.0,1.0,1.0,0.0,0.0,1.0
26,45,5.99244817360867,11.997102810878715,0.0,1.0,0.0,1.0,1.0,0.0
27,45,3.773337112226166,3.829558011617405,1.0,1.0,1.0,0.0,0.0,0.0
28,45,1.936051790354253,10.200864899686293,1.0,0.0,0.0,0.0,0.0,0.0
29,45,1.5091434665952903,12.0,1.0,0.0,1.0,0.0,0.0,0.0
30,45,9.6440429742317,7.883276161701198,0.0,1.0,1.0,0.0,0.0,0.0
31,45,0.3181638855749626,12.0,1.0,0.0,1.0,0.0,0.0,1.0
32,45,5.529929659755393,6.336624494513337,0.0,0.0,0.0,0.0,0.0,0.0
33,45,10.379609540542203,0.7000888880399397,0.0,0.0,1.0,1.0,0.0,1.0
34,45,0.4822271935142582,5.0109313319595685,0.0,0.0,0.0,1.0,0.0,1.0
35,45,8.211917915651942,8.318579020184977,1.0,0.0,1.0,0.0,0.0,1.0
36,45,6.023040075518786,9.582667001277988,1.0,0.0,0.0,1.0,0.0,1.0
37,45,4.251089777898783,5.250718863964879,1.0,1.0,0.0,0.0,1.0,0.0
38,45,8.759844268480288,0.0,1.0,1.0,0.0,1.0,1.0,1.0
39,45,5.764557380865915,8.820450952385455,1.0,1.0,0.0,0.0,1.0,1.0
0,50,11.74456811434231,0.0,0.0,0.0,0.0,0.0,0.0,0.0
1,50,10.681259157977667,4.930870583694367,0.0,1.0,1.0,0.0,0.0,1.0
2,50,1.6403704769158358,5.826455124086759,0.0,0.0,1.0,1.0,0.0,0.0
3,50,0.9165605619898144,2.0376285668336536,0.0,0.0,0.0,1.0,0.0,1.0
4,50,0.6461836961521956,1.7526352428895833,1.0,0.0,1.0,0.0,1.0,1.0
5,50,7.841745954029069,0.8120966881666846,0.0,1.0,0.0,0.0,0.0,0.0
6,50,4.714654235263201,6.3975196304394855,0.0,0.0,0.0,1.0,1.0,0.0
7,50,12.0,1.2182212949872122,1.0,0.0,0.0,1.0,0.0,0.0
8,50,12.0,7.633248265381407,0.0,0.0,1.0,0.0,0.0,0.0
9,50,0.0,1.9150105745099144,1.0,0.0,0.0,1.0,0.0,0.0
10,50,2.153969378890388,7.935521700246522,0.0,1.0,0.0,1.0,0.0,0.0
11,50,0.915484305244886,6.898429357276472,1.0,1.0,1.0,0.0,0.0,0.0
12,50,5.626129818117859,5.878657989052365,1.0,0.0,0.0,0.0,1.0,0.0
13,50,12.0,12.0,0.0,0.0,0.0,0.0,0.0,0.0
14,50,10.60542780601032,2.6160650977568887,1.0,0.0,0.0,0.0,0.0,0.0
15,50,3.78928840008217,7.668563987944402,0.0,1.0,0.0,1.0,0.0,0.0
16,50,6.002151840699734,1.0740741779230585,1.0,1.0,0.0,1.0,0.0,1.0
17,50,7.017298259499954,9.232365734268177,0.0,0.0,0.0,0.0,0.0,0.0
18,50,2.701890385011504,1.451510698011705,1.0,1.0,1.0,0.0,0.0,1.0
19,50,0.9493152798283488,9.664213409555694,0.0,0.0,1.0,1.0,1.0,1.0
20,50,5.899833022102833,1.6444627566441663,0.0,1.0,0.0,1.0,0.0,0.0
21,50,0.4537866016833177,6.51040546736225,1.0,0.0,1.0,0.0,0.0,0.0
22,50,4.330588750801176,8.845957443379906,0.0,1.0,1.0,0.0,0.0,0.0
23,50,4.451975880509508,1.1455453078516695,0.0,0.0,0.0,1.0,0.0,0.0
24,50,3.8411161436354857,11.487066349753883,0.0,0.0,0.0,0.0,0.0,1.0
25,50,8.896746554555536,6.442845356152969,0.0,1.0,1.0,0.0,0.0,1.0
26,50,5.991992152141818,11.998772442406487,0.0,1.0,0.0,1.0,1.0,0.0
27,50,3.767179802164216,3.824962788758042,1.0,1.0,1.0,0.0,0.0,0.0
28,50,1.9312715072656303,10.213935212654132,1.0,0.0,0.0,0.0,0.0,0.0
29,50,1.5845273722712083,12.0,1.0,0.0,1.0,0.0,0.0,0.0
30,50,9.63200519660307,7.880046577039645,0.0,1.0,1.0,0.0,0.0,0.0
31,50,0.2485425233911625,12.0,1.0,0.0,1.0,0.0,0.0,1.0
32,50,5.58291588159661,6.268129636125861,0.0,0.0,0.0,0.0,0.0,0.0
33,50,10.466024539756038,0.7012729489493216,0.0,0.0,1.0,1.0,0.0,1.0
34,50,0.4262092817049575,5.01202241344678,0.0,0.0,0.0,1.0,0.0,1.0
35,50,8.184771133932808,8.241868956635575,1.0,0.0,1.0,0.0,0.0,1.0
36,50,6.0281297088085,9.531881417239802,1.0,0.0,0.0,1.0,0.0,1.0
37,50,4.168895563751847,5.169894671578472,1.0,1.0,0.0,0.0,1.0,0.0
38,50,8.75127124535933,0.0,1.0,1.0,0.0,1.0,1.0,1.0
39,50,5.732839945974843,8.795820020276105,1.0,1.0,0.0,0.0,1.0,1.0
0,55,11.82621088666274,0.0,0.0,0.0,0.0,0.0,0.0,0.0
1,55,10.666616988015384,4.927821207088568,0.0,1.0,1.0,0.0,0.0,1.0
2,55,1.6509583684586375,5.821118416683264,0.0,0.0,1.0,1.0,0.0,0.0
3,55,0.9199789798438625,2.0225191942908527,0.0,0.0,0.0,1.0,0.0,1.0
4,55,0.6757532660151635,1.7426001062591872,1.0,0.0,1.0,0.0,1.0,1.0
5,55,7.826587866786852,0.9176501100762252,0.0,1.0,0.0,0.0,0.0,0.0
6,55,4.788048975710872,6.443699029014383,0.0,0.0,0.0,1.0,1.0,0.0
7,55,12.0,1.228343726696927,1.0,0.0,0.0,1.0,0.0,0.0
8,55,12.0,7.588431367064587,0.0,0.0,1.0,0.0,0.0,0.0
9,55,0.0,1.91286281188984,1.0,0.0,0.0,1.0,0.0,0.0
10,55,2.1461778093222024,7.938810971385209,0.0,1.0,0.0,1.0,0.0,0.0
11,55,0.980622793133757,6.890815317202941,1.0,1.0,1.0,0.0,0.0,0.0
12,55,5.683786325128105,5.868611084431774,1.0,0.0,0.0,0.0,1.0,0.0
13,55,12.0,12.0,0.0,0.0,0.0,0.0,0.0,0.0
14,55,10.667947542631005,2.662505140710516,1.0,0.0,0.0,0.0,0.0,0.0
15,55,3.761225648896146,7.622224527497142,0.0,1.0,0.0,1.0,0.0,0.0
16,55,5.997962614117717,1.039453147829674,1.0,1.0,0.0,1.0,0.0,1.0
17,55,7.131120075927457,9.26010817493587,0.0,0.0,0.0,0.0,0.0,0.0
18,55,2.7742194309775283,1.4994686887048805,1.0,1.0,1.0,0.0,0.0,1.0
19,55,1.1080419938620272,9.608388212504344,0.0,0.0,1.0,1.0,1.0,1.0
20,55,5.883004059706609,1.73399538014384,0.0,1.0,0.0,1.0,0.0,0.0
21,55,0.3993968036004041,6.465574108943111,1.0,0.0,1.0,0.0,0.0,0.0
22,55,4.370723179169018,8.827376713164705,0.0,1.0,1.0,0.0,0.0,0.0
23,55,4.4007452047488105,1.0685968335657148,0.0,0.0,0.0,1.0,0.0,0.0
24,55,3.830882744611555,11.51853373733552,0.0,0.0,0.0,0.0,0.0,1.0
25,55,8.884437269175322,6.486831878945627,0.0,1.0,1.0,0.0,0.0,1.0
26,55,5.990192591579951,12.0,0.0,1.0,0.0,1.0,1.0,0.0
27,55,3.77572432159118,3.830871201790724,1.0,1.0,1.0,0.0,0.0,0.0
28,55,1.9191131251807132,10.244739034426606,1.0,0.0,0.0,0.0,0.0,0.0
29,55,1.6661335988353767,12.0,1.0,0.0,1.0,0.0,0.0,0.0
30,55,9.604360208592162,7.873139026336187,0.0,1.0,1.0,0.0,0.0,0.0
31,55,0.1473187899426212,12.0,1.0,0.0,1.0,0.0,0.0,1.0
32,55,5.642358725953921,6.190099752893354,0.0,0.0,0.0,0.0,0.0,0.0
33,55,10.542950410185677,0.7013456222855926,0.0,0.0,1.0,1.0,0.0,1.0
34,55,0.3797399906045847,5.013545003769394,0.0,0.0,0.0,1.0,0.0,1.0
35,55,8.151514905783584,8.142437459370505,1.0,0.0,1.0,0.0,0.0,1.0
36,55,6.034515267183736,9.464878926869648,1.0,0.0,0.0,1.0,0.0,1.0
37,55,4.08665901616792,5.088745000134493,1.0,1.0,0.0,0.0,1.0,0.0
38,55,8.746123267408457,0.0,1.0,1.0,0.0,1.0,1.0,1.0
39,55,5.715405906298418,8.782339092312474,1.0,1.0,0.0,0.0,1.0,1.0
0,60,11.909003017682092,0.0,0.0,0.0,0.0,0.0,0.0,0.0
1,60,10.64820462111922,4.923851586337888,0.0,1.0,1.0,0.0,0.0,1.0
2,60,1.66501055538966,5.814143767034493,0.0,0.0,1.0,1.0,0.0,0.0
3,60,0.921521050917082,2.015207935649729,0.0,0.0,0.0,1.0,0.0,1.0
4,60,0.6994362909717813,1.7346809478337886,1.0,0.0,1.0,0.0,1.0,1.0
5,60,7.812874829671627,1.0100289565983491,0.0,1.0,0.0,0.0,0.0,0.0
6,60,4.873402794836927,6.497572173557546,0.0,0.0,0.0,1.0,1.0,0.0
7,60,12.0,1.2402678485814558,1.0,0.0,0.0,1.0,0.0,0.0
8,60,12.0,7.545847986061034,0.0,0.0,1.0,0.0,0.0,0.0
9,60,0.0018080231465558,1.91332766773338,1.0,0.0,0.0,1.0,0.0,0.0
10,60,2.1249036925559577,7.947852973410455,0.0,1.0,0.0,1.0,0.0,0.0
11,60,1.029830733533321,6.885439054308223,1.0,1.0,1.0,0.0,0.0,0.0
12,60,5.74867988178386,5.856587220835381,1.0,0.0,0.0,0.0,1.0,0.0
13,60,12.0,12.0,0.0,0.0,0.0,0.0,0.0,0.0
14,60,10.71916965936436,2.698047095567921,1.0,0.0,0.0,0.0,0.0,0.0
15,60,3.735014781908161,7.57910924940327,0.0,1.0,0.0,1.0,0.0,0.0
16,60,5.991302265183559,0.9919423293189644,1.0,1.0,0.0,1.0,0.0,1.0
17,60,7.233869516038379,9.285049497308565,0.0,0.0,0.0,0.0,0.0,0.0
18,60,2.8470434738608152,1.5513522294003674,1.0,1.0,1.0,0.0,0.0,1.0
19,60,1.2699524856615132,9.552100321804678,0.0,0.0,1.0,1.0,1.0,1.0
20,60,5.865997620163302,1.8229672841550064,0.0,1.0,0.0,1.0,0.0,0.0
21,60,0.3558321541329293,6.431560727924849,1.0,0.0,1.0,0.0,0.0,0.0
22,60,4.413528184866779,8.80806554785902,0.0,1.0,1.0,0.0,0.0,0.0
23,60,4.35891591490393,1.0054067633816752,0.0,0.0,0.0,1.0,0.0,0.0
24,60,3.8234901870698055,11.540402472102455,0.0,0.0,0.0,0.0,0.0,1.0
25,60,8.86486074587533,6.549202578141627,0.0,1.0,1.0,0.0,0.0,1.0
26,60,5.987892756351657,12.0,0.0,1.0,0.0,1.0,1.0,0.0
27,60,3.7785909258554895,3.832790487408845,1.0,1.0,1.0,0.0,0.0,0.0
28,60,1.9065836740750584,10.27742929246544,1.0,0.0,0.0,0.0,0.0,0.0
29,60,1.7552045209775955,12.0,1.0,0.0,1.0,0.0,0.0,0.0
30,60,9.587323409927883,7.86900158984679,0.0,1.0,1.0,0.0,0.0,0.0
31,60,0.0411507047097986,12.0,1.0,0.0,1.0,0.0,0.0,1.0
32,60,5.702903332194682,6.111724143524167,0.0,0.0,0.0,0.0,0.0,0.0
33,60,10.613814237162009,0.7015090284312754,0.0,0.0,1.0,1.0,0.0,1.0
34,60,0.3305356462616183,5.01485625893271,0.0,0.0,0.0,1.0,0.0,1.0
35,60,8.124492788618422,8.054992561669396,1.0,0.0,1.0,0.0,0.0,1.0
36,60,6.040556772924803,9.416230360336003,1.0,0.0,0.0,1.0,0.0,1.0
37,60,4.005330321013509,5.011228697255736,1.0,1.0,0.0,0.0,1.0,0.0
38,60,8.756611881742606,0.00659989531396,1.0,1.0,0.0,1.0,1.0,1.0
39,60,5.707908578935917,8.776520134257641,1.0,1.0,0.0,0.0,1.0,1.0
0,65,11.990709634437636,0.0,0.0,0.0,0.0,0.0,0.0,0.0
1,65,10.615854599222658,4.917264517224087,0.0,1.0,1.0,0.0,0.0,1.0
2,65,1.6698393607199202,5.811563775545927,0.0,0.0,1.0,1.0,0.0,0.0
3,65,0.9285527893002972,1.9835076240039045,0.0,0.0,0.0,1.0,0.0,1.0
4,65,0.72760547502833,1.726068760066033,1.0,0.0,1.0,0.0,1.0,1.0
5,65,7.798166681925168,1.1175945979815525,0.0,1.0,0.0,0.0,0.0,0.0
6,65,4.941247518593046,6.54287003500113,0.0,0.0,0.0,1.0,1.0,0.0
7,65,12.0,1.2611687972103574,1.0,0.0,0.0,1.0,0.0,0.0
8,65,12.0,7.514690974043593,0.0,0.0,1.0,0.0,0.0,0.0
9,65,0.0076212619026443,1.914810205374196,1.0,0.0,0.0,1.0,0.0,0.0
10,65,2.1038161140083176,7.956826664831972,0.0,1.0,0.0,1.0,0.0,0.0
11,65,1.059279865792626,6.882592184861463,1.0,1.0,1.0,0.0,0.0,0.0
12,65,5.853645947977739,5.837744929070981,1.0,0.0,0.0,0.0,1.0,0.0
13,65,12.0,12.0,0.0,0.0,0.0,0.0,0.0,0.0
14,65,10.756672877232592,2.72426172837619,1.0,0.0,0.0,0.0,0.0,0.0
15,65,3.704864564518077,7.529146420668813,0.0,1.0,0.0,1.0,0.0,0.0
16,65,5.983044354980698,0.9386074246023306,1.0,1.0,0.0,1.0,0.0,1.0
17,65,7.326323657636439,9.310272238755644,0.0,0.0,0.0,0.0,0.0,0.0
18,65,2.928093046231527,1.6104051886857254,1.0,1.0,1.0,0.0,0.0,1.0
19,65,1.447923054416995,9.489390527909617,0.0,0.0,1.0,1.0,1.0,1.0
20,65,5.848899597830799,1.923286666416356,0.0,1.0,0.0,1.0,0.0,0.0
21,65,0.3227083951991903,6.405622213948451,1.0,0.0,1.0,0.0,0.0,0.0
22,65,4.453242158156761,8.78923743281281,0.0,1.0,1.0,0.0,0.0,0.0
23,65,4.31886705253359,0.9445593580946896,0.0,0.0,0.0,1.0,0.0,0.0
24,65,3.8122513411615286,11.573920248309278,0.0,0.0,0.0,0.0,0.0,1.0
25,65,8.840127416793242,6.62627640904645,0.0,1.0,1.0,0.0,0.0,1.0
26,65,5.986179359983406,12.0,0.0,1.0,0.0,1.0,1.0,0.0
27,65,3.7718029970396407,3.828119495762678,1.0,1.0,1.0,0.0,0.0,0.0
28,65,1.901678286766076,10.291274780697304,1.0,0.0,0.0,0.0,0.0,0.0
29,65,1.8443389363480125,12.0,1.0,0.0,1.0,0.0,0.0,0.0
30,65,9.5783463022097,7.866511209817283,0.0,1.0,1.0,0.0,0.0,0.0
31,65,0.0,12.0,1.0,0.0,1.0,0.0,0.0,1.0
32,65,5.755172642017802,6.043972619897155,0.0,0.0,0.0,0.0,0.0,0.0
33,65,10.697290867736957,0.703823259283592,0.0,0.0,1.0,1.0,0.0,1.0
34,65,0.2686316319688229,5.0176228451757074,0.0,0.0,0.0,1.0,0.0,1.0
35,65,8.095754083648103,7.964762333174849,1.0,0.0,1.0,0.0,0.0,1.0
36,65,6.046095503529601,9.361120248589028,1.0,0.0,0.0,1.0,0.0,1.0
37,65,3.938027789226204,4.948125350133844,1.0,1.0,0.0,0.0,1.0,0.0
38,65,8.782446857128045,0.0230315655622979,1.0,1.0,0.0,1.0,1.0,1.0
39,65,5.681651520228821,8.756682760276458,1.0,1.0,0.0,0.0,1.0,1.0
0,70,12.0,0.0,0.0,0.0,0.0,0.0,0.0,0.0
1,70,10.590986597242368,4.913160119304002,0.0,1.0,1.0,0.0,0.0,1.0
2,70,1.6841339467899554,5.80412112134003,0.0,0.0,1.0,1.0,0.0,0.0
3,70,0.9384339946861812,1.9334874323772924,0.0,0.0,0.0,1.0,0.0,1.0
4,70,0.7731456907502837,1.7115151550022676,1.0,0.0,1.0,0.0,1.0,1.0
5,70,7.782264156576552,1.2276731935019587,0.0,1.0,0.0,0.0,0.0,0.0
6,70,4.999427751635607,6.580300363926147,0.0,0.0,0.0,1.0,1.0,0.0
7,70,12.0,1.2780746727682195,1.0,0.0,0.0,1.0,0.0,0.0
8,70,12.0,7.484402345005728,0.0,0.0,1.0,0.0,0.0,0.0
9,70,0.0272199859409435,1.9197704931568291,1.0,0.0,0.0,1.0,0.0,0.0
10,70,2.084958002787806,7.964786049869147,0.0,1.0,0.0,1.0,0.0,0.0
11,70,1.080537080248834,6.880571344824976,1.0,1.0,1.0,0.0,0.0,0.0
12,70,5.950814805452183,5.822077151888633,1.0,0.0,0.0,0.0,1.0,0.0
13,70,12.0,12.0,0.0,0.0,0.0,0.0,0.0,0.0
14,70,10.785565695645303,2.74587800745712,1.0,0.0,0.0,0.0,0.0,0.0
15,70,3.6728163734086503,7.476947570751464,0.0,1.0,0.0,1.0,0.0,0.0
16,70,5.977597016213046,0.8947622673317955,1.0,1.0,0.0,1.0,0.0,1.0
17,70,7.41419330590121,9.33630277196864,0.0,0.0,0.0,0.0,0.0,0.0
18,70,3.006466643734892,1.6674673196651075,1.0,1.0,1.0,0.0,0.0,1.0
19,70,1.637193432508015,9.42595449103508,0.0,0.0,1.0,1.0,1.0,1.0
20,70,5.832353657531445,2.0174975817789207,0.0,1.0,0.0,1.0,0.0,0.0
21,70,0.2974259731936149,6.385362174236786,1.0,0.0,1.0,0.0,0.0,0.0
22,70,4.479558740666319,8.776914933780562,0.0,1.0,1.0,0.0,0.0,0.0
23,70,4.280839936161295,0.8869697997163037,0.0,0.0,0.0,1.0,0.0,0.0
24,70,3.801861053782843,11.608738355035666,0.0,0.0,0.0,0.0,0.0,1.0
25,70,8.817081091166811,6.69850120077516,0.0,1.0,1.0,0.0,0.0,1.0
26,70,5.9878905919653125,11.991179796442102,0.0,1.0,0.0,1.0,1.0,0.0
27,70,3.771514597201119,3.8279321415665697,1.0,1.0,1.0,0.0,0.0,0.0
28,70,1.887239021889499,10.332638923275926,1.0,0.0,0.0,0.0,0.0,0.0
29,70,1.9363632589160225,12.0,1.0,0.0,1.0,0.0,0.0,0.0
30,70,9.56525665776674,7.862584243674751,0.0,1.0,1.0,0.0,0.0,0.0
31,70,0.0,12.0,1.0,0.0,1.0,0.0,0.0,1.0
32,70,5.808422463874272,5.973956462019193,0.0,0.0,0.0,0.0,0.0,0.0
33,70,10.78569319008998,0.707097113489777,0.0,0.0,1.0,1.0,0.0,1.0
34,70,0.222923184678718,5.019485101344423,0.0,0.0,0.0,1.0,0.0,1.0
35,70,8.061392369625764,7.865260186664306,1.0,0.0,1.0,0.0,0.0,1.0
36,70,6.052793709310344,9.2965761755522,1.0,0.0,0.0,1.0,0.0,1.0
37,70,3.868861919764161,4.885770607111099,1.0,1.0,0.0,0.0,1.0,0.0
38,70,8.807508863260265,0.0382452543676401,1.0,1.0,0.0,1.0,1.0,1.0
39,70,5.662484685350687,8.742275502655716,1.0,1.0,0.0,0.0,1.0,1.0
0,75,12.0,0.0,0.0,0.0,0.0,0.0,0.0,0.0
1,75,10.580612173664884,4.911641255729234,0.0,1.0,1.0,0.0,0.0,1.0
2,75,1.699440321465282,5.796193378208448,0.0,0.0,1.0,1.0,0.0,0.0
3,75,0.9516023078039834,1.8676445890207445,0.0,0.0,0.0,1.0,0.0,1.0
4,75,0.8292215399530243,1.6942405526737436,1.0,0.0,1.0,0.0,1.0,1.0
5,75,7.766575927012304,1.3245032684347628,0.0,1.0,0.0,0.0,0.0,0.0
6,75,5.069808100639682,6.623774366543077,0.0,0.0,0.0,1.0,1.0,0.0
7,75,12.0,1.2891721239797715,1.0,0.0,0.0,1.0,0.0,0.0
8,75,12.0,7.451030373879082,0.0,0.0,1.0,0.0,0.0,0.0
9,75,0.0661931538274056,1.93022243734701,1.0,0.0,0.0,1.0,0.0,0.0
10,75,2.0656034198990008,7.973056884782801,0.0,1.0,0.0,1.0,0.0,0.0
11,75,1.0665076485217744,6.881713574915494,1.0,1.0,1.0,0.0,0.0,0.0
12,75,6.030049776266549,5.805883647241255,1.0,0.0,0.0,0.0,1.0,0.0
13,75,12.0,12.0,0.0,0.0,0.0,0.0,0.0,0.0
14,75,10.815746853496186,2.768886886186096,1.0,0.0,0.0,0.0,0.0,0.0
15,75,3.635617648021354,7.414581480852748,0.0,1.0,0.0,1.0,0.0,0.0
16,75,5.972157243807169,0.8431455328615172,1.0,1.0,0.0,1.0,0.0,1.0
17,75,7.501195388039578,9.360964505754056,0.0,0.0,0.0,0.0,0.0,0.0
18,75,3.0752977993402277,1.7166110448386191,1.0,1.0,1.0,0.0,0.0,1.0
19,75,1.801986065230538,9.367342683213714,0.0,0.0,1.0,1.0,1.0,1.0
20,75,5.816815762116549,2.1077014351317285,0.0,1.0,0.0,1.0,0.0,0.0
21,75,0.2867454620808308,6.376700054017787,1.0,0.0,1.0,0.0,0.0,0.0
22,75,4.485731525055774,8.774060633410272,0.0,1.0,1.0,0.0,0.0,0.0
23,75,4.230510411507932,0.8111784085517891,0.0,0.0,0.0,1.0,0.0,0.0
24,75,3.797239160015508,11.624014235368737,0.0,0.0,0.0,0.0,0.0,1.0
25,75,8.789714993293465,6.781958835062469,0.0,1.0,1.0,0.0,0.0,1.0
26,75,5.991240287406858,11.972607965910877,0.0,1.0,0.0,1.0,1.0,0.0
27,75,3.780041431387498,3.833426582370101,1.0,1.0,1.0,0.0,0.0,0.0
28,75,1.87865543082224,10.358338082433049,1.0,0.0,0.0,0.0,0.0,0.0
29,75,2.045915114629096,12.0,1.0,0.0,1.0,0.0,0.0,0.0
30,75,9.56578727152542,7.862760636399872,0.0,1.0,1.0,0.0,0.0,0.0
31,75,0.0,12.0,1.0,0.0,1.0,0.0,0.0,1.0
32,75,5.858514142643728,5.913259556823538,0.0,0.0,0.0,0.0,0.0,0.0
33,75,10.89772592341663,0.7144885198753709,0.0,0.0,1.0,1.0,0.0,1.0
34,75,0.1940222114484297,5.020977210510747,0.0,0.0,0.0,1.0,0.0,1.0
35,75,8.035050642838318,7.79333967726849,1.0,0.0,1.0,0.0,0.0,1.0
36,75,6.056971150482379,9.259579002211986,1.0,0.0,0.0,1.0,0.0,1.0
37,75,3.801174880586934,4.823320990933575,1.0,1.0,0.0,0.0,1.0,0.0
38,75,8.831928052994963,0.0537279600330925,1.0,1.0,0.0,1.0,1.0,1.0
39,75,5.652034032201398,8.734121951036228,1.0,1.0,0.0,0.0,1.0,1.0
0,80,12.0,0.0,0.0,0.0,0.0,0.0,0.0,0.0
1,80,10.55912619116895,4.908908528360092,0.0,1.0,1.0,0.0,0.0,1.0
2,80,1.712364894800596,5.789286002951389,0.0,0.0,1.0,1.0,0.0,0.0
3,80,0.9647405994258318,1.796405254449764,0.0,0.0,0.0,1.0,0.0,1.0
4,80,0.8916625995894214,1.6752817339982562,1.0,0.0,1.0,0.0,1.0,1.0
5,80,7.755246399548485,1.3955183565895162,0.0,1.0,0.0,0.0,0.0,0.0
6,80,5.125135149894148,6.660180539874462,0.0,0.0,0.0,1.0,1.0,0.0
7,80,12.0,1.3082325812364477,1.0,0.0,0.0,1.0,0.0,0.0
8,80,12.0,7.406992407590682,0.0,0.0,1.0,0.0,0.0,0.0
9,80,0.1104906708423068,1.942511683049541,1.0,0.0,0.0,1.0,0.0,0.0
10,80,2.063088744981619,7.974261923795959,0.0,1.0,0.0,1.0,0.0,0.0
11,80,1.0461071540719655,6.883353003601709,1.0,1.0,1.0,0.0,0.0,0.0
12,80,6.102986347479333,5.789894847752527,1.0,0.0,0.0,0.0,1.0,0.0
13,80,12.0,12.0,0.0,0.0,0.0,0.0,0.0,0.0
14,80,10.8394961962653,2.787128337935285,1.0,0.0,0.0,0.0,0.0,0.0
15,80,3.591619071636376,7.340380015653976,0.0,1.0,0.0,1.0,0.0,0.0
16,80,5.964525825406695,0.7763825260622477,1.0,1.0,0.0,1.0,0.0,1.0
17,80,7.577555223360224,9.382667015342449,0.0,0.0,0.0,0.0,0.0,0.0
18,80,3.1540994178930117,1.7731616998547353,1.0,1.0,1.0,0.0,0.0,1.0
19,80,1.962477100152184,9.30751074934345,0.0,0.0,1.0,1.0,1.0,1.0
20,80,5.796780230913335,2.21554032588239,0.0,1.0,0.0,1.0,0.0,0.0
21,80,0.291027901040545,6.380046678767097,1.0,0.0,1.0,0.0,0.0,0.0
22,80,4.46476043222405,8.784328115028789,0.0,1.0,1.0,0.0,0.0,0.0
23,80,4.180678048030407,0.7375649690103768,0.0,0.0,0.0,1.0,0.0,0.0
24,80,3.796858257830913,11.62517931132727,0.0,0.0,0.0,0.0,0.0,1.0
25,80,8.767031337939034,6.851056721625979,0.0,1.0,1.0,0.0,0.0,1.0
26,80,5.994029873842804,11.956857158206915,0.0,1.0,0.0,1.0,1.0,0.0
27,80,3.7968074506876137,3.843911701089545,1.0,1.0,1.0,0.0,0.0,0.0
28,80,1.8704897640087816,10.382525939833254,1.0,0.0,0.0,0.0,0.0,0.0
29,80,2.156379679249008,12.0,1.0,0.0,1.0,0.0,0.0,0.0
30,80,9.583461763376423,7.868762122470521,0.0,1.0,1.0,0.0,0.0,0.0
31,80,0.0,12.0,1.0,0.0,1.0,0.0,0.0,1.0
32,80,5.912402850042102,5.849032874965058,0.0,0.0,0.0,0.0,0.0,0.0
33,80,11.033199441191917,0.7249537440082436,0.0,0.0,1.0,1.0,0.0,1.0
34,80,0.1683373398144521,5.022491557830083,0.0,0.0,0.0,1.0,0.0,1.0
35,80,8.012915217869669,7.727341816260776,1.0,0.0,1.0,0.0,0.0,1.0
36,80,6.064181787876959,9.201316566517557,1.0,0.0,0.0,1.0,0.0,1.0
37,80,3.724255541085459,4.7502366437354935,1.0,1.0,0.0,0.0,1.0,0.0
38,80,8.839749771096868,0.0583990623913566,1.0,1.0,0.0,1.0,1.0,1.0
39,80,5.642829327590704,8.72695955542076,1.0,1.0,0.0,0.0,1.0,1.0
0,85,12.0,0.0,0.0,0.0,0.0,0.0,0.0,0.0
1,85,10.54954830520528,4.907994340118198,0.0,1.0,1.0,0.0,0.0,1.0
2,85,1.7319058009969126,5.778486395721322,0.0,0.0,1.0,1.0,0.0,0.0
3,85,0.9753017309058608,1.7357318403757942,0.0,0.0,0.0,1.0,0.0,1.0
4,85,0.9658490438009156,1.6518516246391817,1.0,0.0,1.0,0.0,1.0,1.0
5,85,7.742335085748242,1.4732635705779291,0.0,1.0,0.0,0.0,0.0,0.0
6,85,5.1907476946505815,6.703736598663186,0.0,0.0,0.0,1.0,1.0,0.0
7,85,12.0,1.3281788143919049,1.0,0.0,0.0,1.0,0.0,0.0
8,85,12.0,7.371666575166876,0.0,0.0,1.0,0.0,0.0,0.0
9,85,0.1583582219422875,1.9557328180112543,1.0,0.0,0.0,1.0,0.0,0.0
10,85,2.074247473515773,7.96920161604079,0.0,1.0,0.0,1.0,0.0,0.0
11,85,1.024532732301998,6.885374609775552,1.0,1.0,1.0,0.0,0.0,0.0
12,85,6.183336373325824,5.773378165211512,1.0,0.0,0.0,0.0,1.0,0.0
13,85,12.0,12.0,0.0,0.0,0.0,0.0,0.0,0.0
14,85,10.866358181211258,2.8077893485587366,1.0,0.0,0.0,0.0,0.0,0.0
15,85,3.547775747816718,7.264716702692802,0.0,1.0,0.0,1.0,0.0,0.0
16,85,5.958087806150025,0.7139432825827127,1.0,1.0,0.0,1.0,0.0,1.0
17,85,7.648112549068839,9.40180596960872,0.0,0.0,0.0,0.0,0.0,0.0
18,85,3.227805465420912,1.8258367879708208,1.0,1.0,1.0,0.0,0.0,1.0
19,85,2.1114521004884605,9.250905552217924,0.0,0.0,1.0,1.0,1.0,1.0
20,85,5.774848000034314,2.333961049027388,0.0,1.0,0.0,1.0,0.0,0.0
21,85,0.2872531967059084,6.377096893477143,1.0,0.0,1.0,0.0,0.0,0.0
22,85,4.427823754037383,8.801476150148822,0.0,1.0,1.0,0.0,0.0,0.0
23,85,4.130646871023893,0.6666949686682994,0.0,0.0,0.0,1.0,0.0,0.0
24,85,3.7855463187649177,11.66207476222916,0.0,0.0,0.0,0.0,0.0,1.0
25,85,8.744727195569688,6.914303375968445,0.0,1.0,1.0,0.0,0.0,1.0
26,85,5.993898080194535,11.95777592102223,0.0,1.0,0.0,1.0,1.0,0.0
27,85,3.82179804835527,3.858625060807732,1.0,1.0,1.0,0.0,0.0,0.0
28,85,1.869235075823206,10.386276098810988,1.0,0.0,0.0,0.0,0.0,0.0
29,85,2.266081012392505,12.0,1.0,0.0,1.0,0.0,0.0,0.0
30,85,9.618154477306184,7.880557502663359,0.0,1.0,1.0,0.0,0.0,0.0
31,85,0.0,12.0,1.0,0.0,1.0,0.0,0.0,1.0
32,85,5.970896958058248,5.777421830842885,0.0,0.0,0.0,0.0,0.0,0.0
33,85,11.15788383325969,0.7331716197958027,0.0,0.0,1.0,1.0,0.0,1.0
34,85,0.1022675316710165,5.025106892993695,0.0,0.0,0.0,1.0,0.0,1.0
35,85,7.995765296022557,7.674162874840754,1.0,0.0,1.0,0.0,0.0,1.0
36,85,6.070634375983493,9.156199601292254,1.0,0.0,0.0,1.0,0.0,1.0
37,85,3.635461422739372,4.670640348966479,1.0,1.0,0.0,0.0,1.0,0.0
38,85,8.829398056497281,0.0519210764625022,1.0,1.0,0.0,1.0,1.0,1.0
39,85,5.6462355458595965,8.729522700918595,1.0,1.0,0.0,0.0,1.0,1.0
0,90,12.0,0.0,0.0,0.0,0.0,0.0,0.0,0.0
1,90,10.545634349860384,4.907633154720778,0.0,1.0,1.0,0.0,0.0,1.0
2,90,1.7746201759168925,5.753987155517577,0.0,0.0,1.0,1.0,0.0,0.0
3,90,0.9847944793488724,1.664166475958574,0.0,0.0,0.0,1.0,0.0,1.0
4,90,1.022871402463727,1.6338354328384734,1.0,0.0,1.0,0.0,1.0,1.0
5,90,7.725626816953172,1.5882722169956052,0.0,1.0,0.0,0.0,0.0,0.0
6,90,5.249346068575616,6.743822152448678,0.0,0.0,0.0,1.0,1.0,0.0
7,90,12.0,1.3442707922386166,1.0,0.0,0.0,1.0,0.0,0.0
8,90,12.0,7.342299086538922,0.0,0.0,1.0,0.0,0.0,0.0
9,90,0.1866375416003177,1.963335385329413,1.0,0.0,0.0,1.0,0.0,0.0
10,90,2.076695244007779,7.968076808621565,0.0,1.0,0.0,1.0,0.0,0.0
11,90,1.012485748474082,6.886312393647912,1.0,1.0,1.0,0.0,0.0,0.0
12,90,6.286096669087324,5.754668311744632,1.0,0.0,0.0,0.0,1.0,0.0
13,90,12.0,12.0,0.0,0.0,0.0,0.0,0.0,0.0
14,90,10.89756004443074,2.832043529392404,1.0,0.0,0.0,0.0,0.0,0.0
15,90,3.508066948197842,7.194853517396492,0.0,1.0,0.0,1.0,0.0,0.0
16,90,5.947868715714509,0.6291221248724246,1.0,1.0,0.0,1.0,0.0,1.0
17,90,7.723730157561923,9.421004995012323,0.0,0.0,0.0,0.0,0.0,0.0
18,90,3.314750304529888,1.8832809730122544,1.0,1.0,1.0,0.0,0.0,1.0
19,90,2.2869438658761525,9.188578380795478,0.0,0.0,1.0,1.0,1.0,1.0
20,90,5.753918446808769,2.459152603052711,0.0,1.0,0.0,1.0,0.0,0.0
21,90,0.2945154878078722,6.38306827912696,1.0,0.0,1.0,0.0,0.0,0.0
22,90,4.4045725569762055,8.812637912431196,0.0,1.0,1.0,0.0,0.0,0.0
23,90,4.086970521343408,0.6000310515175873,0.0,0.0,0.0,1.0,0.0,0.0
24,90,3.76753318740246,11.717954943342734,0.0,0.0,0.0,0.0,0.0,1.0
25,90,8.722953353552944,6.974856259837003,0.0,1.0,1.0,0.0,0.0,1.0
26,90,5.995853343748685,11.939223633035263,0.0,1.0,0.0,1.0,1.0,0.0
27,90,3.855047157200323,3.877347938602032,1.0,1.0,1.0,0.0,0.0,0.0
28,90,1.86295342770946,10.403675750484084,1.0,0.0,0.0,0.0,0.0,0.0
29,90,2.369988603282315,12.0,1.0,0.0,1.0,0.0,0.0,0.0
30,90,9.668666896355232,7.89736853975853,0.0,1.0,1.0,0.0,0.0,0.0
31,90,0.0,12.0,1.0,0.0,1.0,0.0,0.0,1.0
32,90,6.042919634894616,5.68963687287502,0.0,0.0,0.0,0.0,0.0,0.0
33,90,11.280623104202942,0.7388248230966142,0.0,0.0,1.0,1.0,0.0,1.0
34,90,0.0518387995299961,5.026094890892027,0.0,0.0,0.0,1.0,0.0,1.0
35,90,7.979938645093728,7.627478167769305,1.0,0.0,1.0,0.0,0.0,1.0
36,90,6.0777602948470575,9.093635542469103,1.0,0.0,0.0,1.0,0.0,1.0
37,90,3.546080914723984,4.596297314734009,1.0,1.0,0.0,0.0,1.0,0.0
38,90,8.832750820128796,0.0539741509136731,1.0,1.0,0.0,1.0,1.0,1.0
39,90,5.642897717888913,8.727022517507663,1.0,1.0,0.0,0.0,1.0,1.0
0,95,12.0,0.0,0.0,0.0,0.0,0.0,0.0,0.0
1,95,10.526918129152635,4.906002780204156,0.0,1.0,1.0,0.0,0.0,1.0
2,95,1.8211606696312133,5.727272653912546,0.0,0.0,1.0,1.0,0.0,0.0
3,95,0.9920850619330192,1.605360130798095,0.0,0.0,0.0,1.0,0.0,1.0
4,95,1.0777168509884378,1.6161752072678564,1.0,0.0,1.0,0.0,1.0,1.0
5,95,7.705843583864652,1.70000533177986,0.0,1.0,0.0,0.0,0.0,0.0
6,95,5.312604406633977,6.78665784762338,0.0,0.0,0.0,1.0,1.0,0.0
7,95,12.0,1.368203474063152,1.0,0.0,0.0,1.0,0.0,0.0
8,95,12.0,7.319331698297459,0.0,0.0,1.0,0.0,0.0,0.0
9,95,0.2047249411604482,1.9677997956202495,1.0,0.0,0.0,1.0,0.0,0.0
10,95,2.0694381446908303,7.971483304478988,0.0,1.0,0.0,1.0,0.0,0.0
11,95,0.986441700234616,6.888266538509983,1.0,1.0,1.0,0.0,0.0,0.0
12,95,6.413660677937773,5.728120421985316,1.0,0.0,0.0,0.0,1.0,0.0
13,95,12.0,12.0,0.0,0.0,0.0,0.0,0.0,0.0
14,95,10.920937150424534,2.8497956953325265,1.0,0.0,0.0,0.0,0.0,0.0
15,95,3.459280176894576,7.114415419163384,0.0,1.0,0.0,1.0,0.0,0.0
16,95,5.936751997036701,0.5416073471662626,1.0,1.0,0.0,1.0,0.0,1.0
17,95,7.806901113489362,9.44411439954506,0.0,0.0,0.0,0.0,0.0,0.0
18,95,3.398484924921494,1.9345204816261976,1.0,1.0,1.0,0.0,0.0,1.0
19,95,2.4570477573914324,9.130188834212008,0.0,0.0,1.0,1.0,1.0,1.0
20,95,5.7329797024734654,2.5857168603703653,0.0,1.0,0.0,1.0,0.0,0.0
21,95,0.3074442431321994,6.393533706231874,1.0,0.0,1.0,0.0,0.0,0.0
22,95,4.37972952033815,8.824542785296764,0.0,1.0,1.0,0.0,0.0,0.0
23,95,4.049599106578844,0.5400258154634472,0.0,0.0,0.0,1.0,0.0,0.0
24,95,3.754284098586592,11.75950516349094,0.0,0.0,0.0,0.0,0.0,1.0
25,95,8.707116829807108,7.019325197296905,0.0,1.0,1.0,0.0,0.0,1.0
26,95,5.994194475101411,11.956607774459108,0.0,1.0,0.0,1.0,1.0,0.0
27,95,3.908758461358528,3.906890413429609,1.0,1.0,1.0,0.0,0.0,0.0
28,95,1.8536471199753348,10.428144738425749,1.0,0.0,0.0,0.0,0.0,0.0
29,95,2.492100333745741,12.0,1.0,0.0,1.0,0.0,0.0,0.0
30,95,9.741327051662893,7.9216014176223375,0.0,1.0,1.0,0.0,0.0,0.0
31,95,0.0,12.0,1.0,0.0,1.0,0.0,0.0,1.0
32,95,6.1057519729395215,5.616060913512777,0.0,0.0,0.0,0.0,0.0,0.0
33,95,11.422472997890354,0.7466452041027614,0.0,0.0,1.0,1.0,0.0,1.0
34,95,0.0,5.02765937263852,0.0,0.0,0.0,1.0,0.0,1.0
35,95,7.966395673804127,7.585087123250314,1.0,0.0,1.0,0.0,0.0,1.0
36,95,6.088269510407434,9.018281594167991,1.0,0.0,0.0,1.0,0.0,1.0
37,95,3.4468653795052866,4.5140217077559575,1.0,1.0,0.0,0.0,1.0,0.0
38,95,8.816907368746973,0.044617308452915,1.0,1.0,0.0,1.0,1.0,1.0
39,95,5.648106092729827,8.73096438677556,1.0,1.0,0.0,0.0,1.0,1.0
0,100,12.0,0.0,0.0,0.0,0.0,0.0,0.0,0.0
1,100,10.535644247941956,4.906616428773482,0.0,1.0,1.0,0.0,0.0,1.0
2,100,1.86809366037506,5.700791783529464,0.0,0.0,1.0,1.0,0.0,0.0
3,100,0.99873103232183,1.5474017113922625,0.0,0.0,0.0,1.0,0.0,1.0
4,100,1.115817047885142,1.6040145595118052,1.0,0.0,1.0,0.0,1.0,1.0
5,100,7.682159691489685,1.8174927943489407,0.0,1.0,0.0,0.0,0.0,0.0
6,100,5.35461408303025,6.816464515278084,0.0,0.0,0.0,1.0,1.0,0.0
7,100,12.0,1.3886641533700093,1.0,0.0,0.0,1.0,0.0,0.0
8,100,12.0,7.29675003919014,0.0,0.0,1.0,0.0,0.0,0.0
9,100,0.2064537513509653,1.9682306561331733,1.0,0.0,0.0,1.0,0.0,0.0
10,100,2.053923549816915,7.978631378541108,0.0,1.0,0.0,1.0,0.0,0.0
11,100,0.9630870689357264,6.889851714853487,1.0,1.0,1.0,0.0,0.0,0.0
12,100,6.524703425128855,5.705512133051567,1.0,0.0,0.0,0.0,1.0,0.0
13,100,12.0,12.0,0.0,0.0,0.0,0.0,0.0,0.0
14,100,10.938418372690942,2.863067954184489,1.0,0.0,0.0,0.0,0.0,0.0
15,100,3.3987992117829893,7.021889423296956,0.0,1.0,0.0,1.0,0.0,0.0
16,100,5.925052676772051,0.4545927475182968,1.0,1.0,0.0,1.0,0.0,1.0
17,100,7.908497711970393,9.473700368702046,0.0,0.0,0.0,0.0,0.0,0.0
18,100,3.477324143107185,1.9847442756228784,1.0,1.0,1.0,0.0,0.0,1.0
19,100,2.607244214313573,9.079313584685476,0.0,0.0,1.0,1.0,1.0,1.0
20,100,5.708718182675104,2.724879210826199,0.0,1.0,0.0,1.0,0.0,0.0
21,100,0.2956139062852331,6.384097039460263,1.0,0.0,1.0,0.0,0.0,0.0
22,100,4.345031915966848,8.84079142537662,0.0,1.0,1.0,0.0,0.0,0.0
23,100,4.016981055472171,0.4877051597964876,0.0,0.0,0.0,1.0,0.0,0.0
24,100,3.753524700445336,11.761886325629884,0.0,0.0,0.0,0.0,0.0,1.0
25,100,8.690353874070611,7.065101540159303,0.0,1.0,1.0,0.0,0.0,1.0
26,100,5.9935081768362135,11.96394639627382,0.0,1.0,0.0,1.0,1.0,0.0
27,100,3.96588045249053,3.938292768573948,1.0,1.0,1.0,0.0,0.0,0.0
28,100,1.8467713259436056,10.446074841926569,1.0,0.0,0.0,0.0,0.0,0.0
29,100,2.6205329367179258,12.0,1.0,0.0,1.0,0.0,0.0,0.0
30,100,9.799356461974288,7.9401388292074015,0.0,1.0,1.0,0.0,0.0,0.0
31,100,0.0,12.0,1.0,0.0,1.0,0.0,0.0,1.0
32,100,6.167957172833323,5.543141389124104,0.0,0.0,0.0,0.0,0.0,0.0
33,100,11.546995960206734,0.7532626269366115,0.0,0.0,1.0,1.0,0.0,1.0
34,100,0.0,5.0302689847004025,0.0,0.0,0.0,1.0,0.0,1.0
35,100,7.949814745715051,7.536236965898319,1.0,0.0,1.0,0.0,0.0,1.0
36,100,6.097930321666913,8.943195765306884,1.0,0.0,0.0,1.0,0.0,1.0
37,100,3.3679165577424417,4.447861462513497,1.0,1.0,0.0,0.0,1.0,0.0
38,100,8.80111865618344,0.0354126683013651,1.0,1.0,0.0,1.0,1.0,1.0
39,100,5.672917175891285,8.748373586355823,1.0,1.0,0.0,0.0,1.0,1.0
0,105,12.0,0.0,0.0,0.0,0.0,0.0,0.0,0.0
1,105,10.553633855571732,4.908001403686863,0.0,1.0,1.0,0.0,0.0,1.0
2,105,1.9292403410035417,5.665356423678876,0.0,0.0,1.0,1.0,0.0,0.0
3,105,1.004932915686361,1.4929534249440786,0.0,0.0,0.0,1.0,0.0,1.0
4,105,1.1659609916621922,1.5870930080997947,1.0,0.0,1.0,0.0,1.0,1.0
5,105,7.661237787558058,1.9110888834158184,0.0,1.0,0.0,0.0,0.0,0.0
6,105,5.39336148519246,6.844698307548614,0.0,0.0,0.0,1.0,1.0,0.0
7,105,12.0,1.4088935170167045,1.0,0.0,0.0,1.0,0.0,0.0
8,105,12.0,7.268709957282101,0.0,0.0,1.0,0.0,0.0,0.0
9,105,0.2068475090558711,1.9683260022828843,1.0,0.0,0.0,1.0,0.0,0.0
10,105,2.054982322577343,7.978139102240807,0.0,1.0,0.0,1.0,0.0,0.0
11,105,0.9476185439199588,6.891449559043032,1.0,1.0,1.0,0.0,0.0,0.0
12,105,6.631125246958945,5.68283582544213,1.0,0.0,0.0,0.0,1.0,0.0
13,105,12.0,12.0,0.0,0.0,0.0,0.0,0.0,0.0
14,105,10.966499677144268,2.884526005829423,1.0,0.0,0.0,0.0,0.0,0.0
15,105,3.3334514860479687,6.923066755178088,0.0,1.0,0.0,1.0,0.0,0.0
16,105,5.913551476794802,0.3715754915410943,1.0,1.0,0.0,1.0,0.0,1.0
17,105,8.007450201311318,9.504736697444388,0.0,0.0,0.0,0.0,0.0,0.0
18,105,3.557090375115105,2.039023679165417,1.0,1.0,1.0,0.0,0.0,1.0
19,105,2.751543490598986,9.031754993689267,0.0,0.0,1.0,1.0,1.0,1.0
20,105,5.688032486578222,2.860106720255026,0.0,1.0,0.0,1.0,0.0,0.0
21,105,0.2792563983217824,6.370637060416636,1.0,0.0,1.0,0.0,0.0,0.0
22,105,4.327876382782998,8.848020272830187,0.0,1.0,1.0,0.0,0.0,0.0
23,105,3.974958225968452,0.4162179003498644,0.0,0.0,0.0,1.0,0.0,0.0
24,105,3.751516089288733,11.76920121770233,0.0,0.0,0.0,0.0,0.0,1.0
25,105,8.686489277695985,7.075747168208693,0.0,1.0,1.0,0.0,0.0,1.0
26,105,5.992684838805801,11.974911029731784,0.0,1.0,0.0,1.0,1.0,0.0
27,105,4.033436472178086,3.9741790051997774,1.0,1.0,1.0,0.0,0.0,0.0
28,105,1.846795354483398,10.44601103284539,1.0,0.0,0.0,0.0,0.0,0.0
29,105,2.7653576762754595,12.0,1.0,0.0,1.0,0.0,0.0,0.0
30,105,9.854301714540878,7.959387986642026,0.0,1.0,1.0,0.0,0.0,0.0
31,105,0.0,12.0,1.0,0.0,1.0,0.0,0.0,1.0
32,105,6.219493595004933,5.48391316899787,0.0,0.0,0.0,0.0,0.0,0.0
33,105,11.672423426389807,0.7558063547295728,0.0,0.0,1.0,1.0,0.0,1.0
34,105,0.0,5.031656844318538,0.0,0.0,0.0,1.0,0.0,1.0
35,105,7.933710123698035,7.488188689759149,1.0,0.0,1.0,0.0,0.0,1.0
36,105,6.10685905148645,8.883756330440677,1.0,0.0,0.0,1.0,0.0,1.0
37,105,3.315481675942105,4.401462451196244,1.0,1.0,0.0,0.0,1.0,0.0
38,105,8.800873807603505,0.0352731281331154,1.0,1.0,0.0,1.0,1.0,1.0
39,105,5.6848954121517705,8.756736046085267,1.0,1.0,0.0,0.0,1.0,1.0
0,110,12.0,0.0,0.0,0.0,0.0,0.0,0.0,0.0
1,110,10.589715963558469,4.910326341592505,0.0,1.0,1.0,0.0,0.0,1.0
2,110,1.988684741618152,5.63264651751702,0.0,0.0,1.0,1.0,0.0,0.0
3,110,1.011885454299553,1.4289299617360602,0.0,0.0,0.0,1.0,0.0,1.0
4,110,1.194416712105704,1.5778368346438267,1.0,0.0,1.0,0.0,1.0,1.0
5,110,7.637889860430527,2.0123338806484194,0.0,1.0,0.0,0.0,0.0,0.0
6,110,5.425725923745375,6.868970165193335,0.0,0.0,0.0,1.0,1.0,0.0
7,110,12.0,1.4321235075416026,1.0,0.0,0.0,1.0,0.0,0.0
8,110,12.0,7.246192594200568,0.0,0.0,1.0,0.0,0.0,0.0
9,110,0.2169407995610215,1.9709037074476743,1.0,0.0,0.0,1.0,0.0,0.0
10,110,2.0463014792684566,7.982120861589855,0.0,1.0,0.0,1.0,0.0,0.0
11,110,0.9510225754474496,6.891055384864014,1.0,1.0,1.0,0.0,0.0,0.0
12,110,6.7123007888596495,5.665192742828777,1.0,0.0,0.0,0.0,1.0,0.0
13,110,12.0,12.0,0.0,0.0,0.0,0.0,0.0,0.0
14,110,10.979829499194498,2.894760310286382,1.0,0.0,0.0,0.0,0.0,0.0
15,110,3.2618018773465605,6.815019752314869,0.0,1.0,0.0,1.0,0.0,0.0
16,110,5.992296932606304,0.3598905357267427,1.0,1.0,0.0,1.0,0.0,1.0
17,110,8.096273201926682,9.53284379980728,0.0,0.0,0.0,0.0,0.0,0.0
18,110,3.648960182872482,2.096219885345699,1.0,1.0,1.0,0.0,0.0,1.0
19,110,2.918082182930496,8.97865890735667,0.0,0.0,1.0,1.0,1.0,1.0
20,110,5.668824687417038,2.988917868054998,0.0,1.0,0.0,1.0,0.0,0.0
21,110,0.2710838461807715,6.3638435466678365,1.0,0.0,1.0,0.0,0.0,0.0
22,110,4.318399960961141,8.851853800674233,0.0,1.0,1.0,0.0,0.0,0.0
23,110,3.930734833509166,0.3454105839326289,0.0,0.0,0.0,1.0,0.0,0.0
24,110,3.749931528822853,11.774932915129746,0.0,0.0,0.0,0.0,0.0,1.0
25,110,8.685941487580804,7.0773853925460095,0.0,1.0,1.0,0.0,0.0,1.0
26,110,5.990637681154211,11.99734081253604,0.0,1.0,0.0,1.0,1.0,0.0
27,110,4.104578492266545,4.010298047046319,1.0,1.0,1.0,0.0,0.0,0.0
28,110,1.8473247343677344,10.444609565555051,1.0,0.0,0.0,0.0,0.0,0.0
29,110,2.917981207865064,12.0,1.0,0.0,1.0,0.0,0.0,0.0
30,110,9.908691153424693,7.979167684551578,0.0,1.0,1.0,0.0,0.0,0.0
31,110,0.0,12.0,1.0,0.0,1.0,0.0,0.0,1.0
32,110,6.257399429515065,5.438416210952668,0.0,0.0,0.0,0.0,0.0,0.0
33,110,11.81925437790303,0.7557038921532968,0.0,0.0,1.0,1.0,0.0,1.0
34,110,0.0,5.0350298918102085,0.0,0.0,0.0,1.0,0.0,1.0
35,110,7.917824790991443,7.447028806962693,1.0,0.0,1.0,0.0,0.0,1.0
36,110,6.114977992502984,8.83079069126284,1.0,0.0,0.0,1.0,0.0,1.0
37,110,3.2561599982043434,4.347077390585894,1.0,1.0,0.0,0.0,1.0,0.0
38,110,8.788602899881903,0.0286530804747106,1.0,1.0,0.0,1.0,1.0,1.0
39,110,5.675673000443614,8.750313508678817,1.0,1.0,0.0,0.0,1.0,1.0
0,115,12.0,0.0,0.0,0.0,0.0,0.0,0.0,0.0
1,115,10.65648503747158,4.91759322875252,0.0,1.0,1.0,0.0,0.0,1.0
2,115,2.0532499368644768,5.595243041742065,0.0,0.0,1.0,1.0,0.0,0.0
3,115,1.0214916598600816,1.3356558313068798,0.0,0.0,0.0,1.0,0.0,1.0
4,115,1.2260744000424824,1.5667538842709696,1.0,0.0,1.0,0.0,1.0,1.0
5,115,7.615751171404993,2.1079253778516907,0.0,1.0,0.0,0.0,0.0,0.0
6,115,5.472818065009085,6.904609202086051,0.0,0.0,0.0,1.0,1.0,0.0
7,115,12.0,1.4523726318441994,1.0,0.0,0.0,1.0,0.0,0.0
8,115,12.0,7.227059794686239,0.0,0.0,1.0,0.0,0.0,0.0
9,115,0.2091636464268623,1.9689888847788493,1.0,0.0,0.0,1.0,0.0,0.0
10,115,2.0256627725922542,7.99203178211383,0.0,1.0,0.0,1.0,0.0,0.0
11,115,0.9615534385750883,6.889791453313662,1.0,1.0,1.0,0.0,0.0,0.0
12,115,6.806655490552065,5.647358966790375,1.0,0.0,0.0,0.0,1.0,0.0
13,115,12.0,12.0,0.0,0.0,0.0,0.0,0.0,0.0
14,115,11.011572134094164,2.9192743133520658,1.0,0.0,0.0,0.0,0.0,0.0
15,115,3.1898476591070293,6.704089208490712,0.0,1.0,0.0,1.0,0.0,0.0
16,115,6.065367894580951,0.3485127894809667,1.0,1.0,0.0,1.0,0.0,1.0
17,115,8.18698623752246,9.561156717785632,0.0,0.0,0.0,0.0,0.0,0.0
18,115,3.7261617864295,2.145931052201972,1.0,1.0,1.0,0.0,0.0,1.0
19,115,3.088825387949858,8.92696010327327,0.0,0.0,1.0,1.0,1.0,1.0
20,115,5.650582244594285,3.115554073697049,0.0,1.0,0.0,1.0,0.0,0.0
21,115,0.2592371672960439,6.354317745402419,1.0,0.0,1.0,0.0,0.0,0.0
22,115,4.307692608779214,8.856544064217472,0.0,1.0,1.0,0.0,0.0,0.0
23,115,3.87980954542722,0.262046459929861,0.0,0.0,0.0,1.0,0.0,0.0
24,115,3.7469430362822975,11.78493970453131,0.0,0.0,0.0,0.0,0.0,1.0
25,115,8.685462893858668,7.0788662336502375,0.0,1.0,1.0,0.0,0.0,1.0
26,115,5.992730223314996,11.981152861040291,0.0,1.0,0.0,1.0,1.0,0.0
27,115,4.169193464839542,4.04365144756399,1.0,1.0,1.0,0.0,0.0,0.0
28,115,1.8458451278953107,10.448390909684315,1.0,0.0,0.0,0.0,0.0,0.0
29,115,3.068020192330577,12.0,1.0,0.0,1.0,0.0,0.0,0.0
30,115,9.961618575062788,7.998223700468741,0.0,1.0,1.0,0.0,0.0,0.0
31,115,0.0,12.0,1.0,0.0,1.0,0.0,0.0,1.0
32,115,6.29887275340281,5.388315240613312,0.0,0.0,0.0,0.0,0.0,0.0
33,115,11.961114839080333,0.7553304943776067,0.0,0.0,1.0,1.0,0.0,1.0
34,115,0.0,5.03910952990704,0.0,0.0,0.0,1.0,0.0,1.0
35,115,7.909166863475948,7.42530963274133,1.0,0.0,1.0,0.0,0.0,1.0
36,115,6.124232031422837,8.773269420923112,1.0,0.0,0.0,1.0,0.0,1.0
37,115,3.1817909659125907,4.279924078886383,1.0,1.0,0.0,0.0,1.0,0.0
38,115,8.774242586605471,0.0213659031942421,1.0,1.0,0.0,1.0,1.0,1.0
39,115,5.66273743059289,8.740620565033321,1.0,1.0,0.0,0.0,1.0,1.0
0,120,12.0,0.0,0.0,0.0,0.0,0.0,0.0,0.0
1,120,10.744834293619736,4.926332148841792,0.0,1.0,1.0,0.0,0.0,1.0
2,120,2.13314815298005,5.548870024742017,0.0,0.0,1.0,1.0,0.0,0.0
3,120,1.028075599708646,1.2583915832676749,0.0,0.0,0.0,1.0,0.0,1.0
4,120,1.2509535021557898,1.5578019654992192,1.0,0.0,1.0,0.0,1.0,1.0
5,120,7.594833512198059,2.193859881284752,0.0,1.0,0.0,0.0,0.0,0.0
6,120,5.510129104571402,6.933912930875513,0.0,0.0,0.0,1.0,1.0,0.0
7,120,12.0,1.4756015272020635,1.0,0.0,0.0,1.0,0.0,0.0
8,120,12.0,7.208470314535043,0.0,0.0,1.0,0.0,0.0,0.0
9,120,0.2240022128448919,1.9721527237397587,1.0,0.0,0.0,1.0,0.0,0.0
10,120,2.004652680023076,8.00159428441169,0.0,1.0,0.0,1.0,0.0,0.0
11,120,0.977984854009836,6.88754938419892,1.0,1.0,1.0,0.0,0.0,0.0
12,120,6.910746443418256,5.628780041180217,1.0,0.0,0.0,0.0,1.0,0.0
13,120,12.0,12.0,0.0,0.0,0.0,0.0,0.0,0.0
14,120,11.052399100899398,2.951216319805618,1.0,0.0,0.0,0.0,0.0,0.0
15,120,3.113412453839686,6.586138019804808,0.0,1.0,0.0,1.0,0.0,0.0
16,120,6.135927616895528,0.3347467627478971,1.0,1.0,0.0,1.0,0.0,1.0
17,120,8.28604022141298,9.591239662995047,0.0,0.0,0.0,0.0,0.0,0.0
18,120,3.787530087617343,2.185180610619115,1.0,1.0,1.0,0.0,0.0,1.0
19,120,3.2757601650736445,8.870709175947422,0.0,0.0,1.0,1.0,1.0,1.0
20,120,5.629122593907262,3.2743668676636792,0.0,1.0,0.0,1.0,0.0,0.0
21,120,0.2501161477805084,6.347127082091118,1.0,0.0,1.0,0.0,0.0,0.0
22,120,4.292152830754126,8.863374094906526,0.0,1.0,1.0,0.0,0.0,0.0
23,120,3.842969429772229,0.1996682357216706,0.0,0.0,0.0,1.0,0.0,0.0
24,120,3.747143607137738,11.784262316767302,0.0,0.0,0.0,0.0,0.0,1.0
25,120,8.685741683417302,7.0779441505122165,0.0,1.0,1.0,0.0,0.0,1.0
26,120,5.995907377568939,11.9509189699626,0.0,1.0,0.0,1.0,1.0,0.0
27,120,4.225974477110715,4.074485058319173,1.0,1.0,1.0,0.0,0.0,0.0
28,120,1.844545440946585,10.451843662530491,1.0,0.0,0.0,0.0,0.0,0.0
29,120,3.2280020708273724,12.0,1.0,0.0,1.0,0.0,0.0,0.0
30,120,10.03114252198868,8.023785474153364,0.0,1.0,1.0,0.0,0.0,0.0
31,120,0.0,12.0,1.0,0.0,1.0,0.0,0.0,1.0
32,120,6.334769779791353,5.346078657520619,0.0,0.0,0.0,0.0,0.0,0.0
33,120,12.0,0.7560443733551897,0.0,0.0,1.0,1.0,0.0,1.0
34,120,0.0,5.039907813911449,0.0,0.0,0.0,1.0,0.0,1.0
35,120,7.899908955897032,7.401917573478688,1.0,0.0,1.0,0.0,0.0,1.0
36,120,6.131048337644401,8.729058846875802,1.0,0.0,0.0,1.0,0.0,1.0
37,120,3.0994633079127105,4.207249863412517,1.0,1.0,0.0,0.0,1.0,0.0
38,120,8.752693200880996,0.0106222863172446,1.0,1.0,0.0,1.0,1.0,1.0
39,120,5.655645823660617,8.735051696955315,1.0,1.0,0.0,0.0,1.0,1.0
0,125,12.0,0.0,0.0,0.0,0.0,0.0,0.0,0.0
1,125,10.84809055494006,4.936351017905593,0.0,1.0,1.0,0.0,0.0,1.0
2,125,2.198364109044058,5.5112423067824015,0.0,0.0,1.0,1.0,0.0,0.0
3,125,1.033972676537435,1.18781028643233,0.0,0.0,0.0,1.0,0.0,1.0
4,125,1.2819052015942427,1.5463866137165772,1.0,0.0,1.0,0.0,1.0,1.0
5,125,7.569647410554036,2.292279265147172,0.0,1.0,0.0,0.0,0.0,0.0
6,125,5.562006653631785,6.972589915917161,0.0,0.0,0.0,1.0,1.0,0.0
7,125,12.0,1.512227633419014,1.0,0.0,0.0,1.0,0.0,0.0
8,125,12.0,7.189831636604958,0.0,0.0,1.0,0.0,0.0,0.0
9,125,0.2456061601832167,1.9769558283351627,1.0,0.0,0.0,1.0,0.0,0.0
10,125,1.9959550800250727,8.005586224660894,0.0,1.0,0.0,1.0,0.0,0.0
11,125,0.9924890934327012,6.8853850054657375,1.0,1.0,1.0,0.0,0.0,0.0
12,125,7.034804118717751,5.607325254045313,1.0,0.0,0.0,0.0,1.0,0.0
13,125,12.0,12.0,0.0,0.0,0.0,0.0,0.0,0.0
14,125,11.093308820709984,2.985647851075228,1.0,0.0,0.0,0.0,0.0,0.0
15,125,3.0313141940086403,6.457872533922576,0.0,1.0,0.0,1.0,0.0,0.0
16,125,6.188887964569221,0.3230242266366651,1.0,1.0,0.0,1.0,0.0,1.0
17,125,8.3781065991002,9.615389449184075,0.0,0.0,0.0,0.0,0.0,0.0
18,125,3.858003434472243,2.228635380959396,1.0,1.0,1.0,0.0,0.0,1.0
19,125,3.4631405944005564,8.814566897007014,0.0,0.0,1.0,1.0,1.0,1.0
20,125,5.602977470855594,3.424149413539061,0.0,1.0,0.0,1.0,0.0,0.0
21,125,0.2359915320217711,6.335722599515819,1.0,0.0,1.0,0.0,0.0,0.0
22,125,4.286699533535892,8.865781695532407,0.0,1.0,1.0,0.0,0.0,0.0
23,125,3.806855379203322,0.1395959434673576,0.0,0.0,0.0,1.0,0.0,0.0
24,125,3.758695583914017,11.750210296130383,0.0,0.0,0.0,0.0,0.0,1.0
25,125,8.689193194333116,7.0664913053349325,0.0,1.0,1.0,0.0,0.0,1.0
26,125,5.999196789468778,11.916548818703635,0.0,1.0,0.0,1.0,1.0,0.0
27,125,4.263747442136681,4.094174885404781,1.0,1.0,1.0,0.0,0.0,0.0
28,125,1.835855067207865,10.475797908507126,1.0,0.0,0.0,0.0,0.0,0.0
29,125,3.389447132774527,12.0,1.0,0.0,1.0,0.0,0.0,0.0
30,125,10.112644138052902,8.05204080213276,0.0,1.0,1.0,0.0,0.0,0.0
31,125,0.0,12.0,1.0,0.0,1.0,0.0,0.0,1.0
32,125,6.371583578233836,5.3012377646501285,0.0,0.0,0.0,0.0,0.0,0.0
33,125,12.0,0.7583397921438497,0.0,0.0,1.0,1.0,0.0,1.0
34,125,0.0,5.041550786420549,0.0,0.0,0.0,1.0,0.0,1.0
35,125,7.888228342862207,7.373926028616808,1.0,0.0,1.0,0.0,0.0,1.0
36,125,6.1374971720862925,8.689843021680465,1.0,0.0,0.0,1.0,0.0,1.0
37,125,3.02741159878736,4.1428689006180015,1.0,1.0,0.0,0.0,1.0,0.0
38,125,8.740334111647213,0.0044497774969415,1.0,1.0,0.0,1.0,1.0,1.0
39,125,5.638952051291907,8.72183923252976,1.0,1.0,0.0,0.0,1.0,1.0
0,130,12.0,0.0,0.0,0.0,0.0,0.0,0.0,0.0
1,130,10.949477868064896,4.946108850827802,0.0,1.0,1.0,0.0,0.0,1.0
2,130,2.2526713076137552,5.481207932216952,0.0,0.0,1.0,1.0,0.0,0.0
3,130,1.039432206459468,1.1306299640716548,0.0,0.0,0.0,1.0,0.0,1.0
4,130,1.3033104350901747,1.5387478891659716,1.0,0.0,1.0,0.0,1.0,1.0
5,130,7.54003119109881,2.403282007390364,0.0,1.0,0.0,0.0,0.0,0.0
6,130,5.610907075769826,7.007137825321076,0.0,0.0,0.0,1.0,1.0,0.0
7,130,12.0,1.540773354623867,1.0,0.0,0.0,1.0,0.0,0.0
8,130,12.0,7.177055650613265,0.0,0.0,1.0,0.0,0.0,0.0
9,130,0.2651013453461114,1.981349579503105,1.0,0.0,0.0,1.0,0.0,0.0
10,130,2.0146307560331587,7.997147362793717,0.0,1.0,0.0,1.0,0.0,0.0
11,130,0.9862127996960868,6.886233804058569,1.0,1.0,1.0,0.0,0.0,0.0
12,130,7.166975142569652,5.580759797940319,1.0,0.0,0.0,0.0,1.0,0.0
13,130,12.0,12.0,0.0,0.0,0.0,0.0,0.0,0.0
14,130,11.147681215957926,3.0322266183369564,1.0,0.0,0.0,0.0,0.0,0.0
15,130,2.933057030239662,6.309338143329701,0.0,1.0,0.0,1.0,0.0,0.0
16,130,6.248300910332448,0.3115420602639007,1.0,1.0,0.0,1.0,0.0,1.0
17,130,8.489364819039997,9.643868844133255,0.0,0.0,0.0,0.0,0.0,0.0
18,130,3.933152079949585,2.277292029335884,1.0,1.0,1.0,0.0,0.0,1.0
19,130,3.6591576304378486,8.757327634233818,0.0,0.0,1.0,1.0,1.0,1.0
20,130,5.573911227495981,3.578149457713973,0.0,1.0,0.0,1.0,0.0,0.0
21,130,0.2254369393303967,6.327557764104853,1.0,0.0,1.0,0.0,0.0,0.0
22,130,4.289442843611144,8.864561264534862,0.0,1.0,1.0,0.0,0.0,0.0
23,130,3.770775436513522,0.0824159095439218,0.0,0.0,0.0,1.0,0.0,0.0
24,130,3.7749190417420047,11.70487327586614,0.0,0.0,0.0,0.0,0.0,1.0
25,130,8.68978998562646,7.064362746018934,0.0,1.0,1.0,0.0,0.0,1.0
26,130,6.0017250730517855,11.879546262742847,0.0,1.0,0.0,1.0,1.0,0.0
27,130,4.287975071916284,4.106996200392034,1.0,1.0,1.0,0.0,0.0,0.0
28,130,1.8319210175493652,10.486035421263647,1.0,0.0,0.0,0.0,0.0,0.0
29,130,3.5578068700769143,12.0,1.0,0.0,1.0,0.0,0.0,0.0
30,130,10.16405641251011,8.070036025644045,0.0,1.0,1.0,0.0,0.0,0.0
31,130,0.0,12.0,1.0,0.0,1.0,0.0,0.0,1.0
32,130,6.405835441190515,5.258427968639015,0.0,0.0,0.0,0.0,0.0,0.0
33,130,12.0,0.7617703111774791,0.0,0.0,1.0,1.0,0.0,1.0
34,130,0.0,5.044156998171089,0.0,0.0,0.0,1.0,0.0,1.0
35,130,7.8789690029135,7.351619264285973,1.0,0.0,1.0,0.0,0.0,1.0
36,130,6.142930071344828,8.657141888993149,1.0,0.0,0.0,1.0,0.0,1.0
37,130,2.951596201800947,4.076492806280039,1.0,1.0,0.0,0.0,1.0,0.0
38,130,8.735372428813461,0.0019762970689006,1.0,1.0,0.0,1.0,1.0,1.0
39,130,5.62233238255457,8.708782940366689,1.0,1.0,0.0,0.0,1.0,1.0
0,135,12.0,0.0,0.0,0.0,0.0,0.0,0.0,0.0
1,135,11.03237270395602,4.955103002521421,0.0,1.0,1.0,0.0,0.0,1.0
2,135,2.2972715822680825,5.456472204237044,0.0,0.0,1.0,1.0,0.0,0.0
3,135,1.0416208061414092,1.0841462388669705,0.0,0.0,0.0,1.0,0.0,1.0
4,135,1.3167964710570277,1.5340041801226816,1.0,0.0,1.0,0.0,1.0,1.0
5,135,7.512141621519516,2.507155629855095,0.0,1.0,0.0,0.0,0.0,0.0
6,135,5.678606780607442,7.05382239046201,0.0,0.0,0.0,1.0,1.0,0.0
7,135,12.0,1.5732303278277002,1.0,0.0,0.0,1.0,0.0,0.0
8,135,12.0,7.163768685812237,0.0,0.0,1.0,0.0,0.0,0.0
9,135,0.2802211484831287,1.9843217433474596,1.0,0.0,0.0,1.0,0.0,0.0
10,135,2.057629059277766,7.978545827746698,0.0,1.0,0.0,1.0,0.0,0.0
11,135,0.9444424173993218,6.893042793546722,1.0,1.0,1.0,0.0,0.0,0.0
12,135,7.309620521926442,5.554476618825931,1.0,0.0,0.0,0.0,1.0,0.0
13,135,12.0,12.0,0.0,0.0,0.0,0.0,0.0,0.0
14,135,11.198967943487034,3.076595367908362,1.0,0.0,0.0,0.0,0.0,0.0
15,135,2.833815611363059,6.16174180961676,0.0,1.0,0.0,1.0,0.0,0.0
16,135,6.311458166309969,0.2987435006737514,1.0,1.0,0.0,1.0,0.0,1.0
17,135,8.611144859776333,9.667342691098824,0.0,0.0,0.0,0.0,0.0,0.0
18,135,3.990749979391453,2.314371050071191,1.0,1.0,1.0,0.0,0.0,1.0
19,135,3.846980764267387,8.700235436020398,0.0,0.0,1.0,1.0,1.0,1.0
20,135,5.542402417817262,3.739341093040747,0.0,1.0,0.0,1.0,0.0,0.0
21,135,0.2123873900913061,6.317714846573567,1.0,0.0,1.0,0.0,0.0,0.0
22,135,4.290968313503404,8.863855749914274,0.0,1.0,1.0,0.0,0.0,0.0
23,135,3.851464751497911,0.03078697602982,0.0,0.0,0.0,1.0,0.0,0.0
24,135,3.791344894897643,11.66029624502026,0.0,0.0,0.0,0.0,0.0,1.0
25,135,8.686895399474423,7.076146448490281,0.0,1.0,1.0,0.0,0.0,1.0
26,135,6.002740732467776,11.862817026568344,0.0,1.0,0.0,1.0,1.0,0.0
27,135,4.325441366303408,4.126776496116502,1.0,1.0,1.0,0.0,0.0,0.0
28,135,1.8224240987868647,10.510260476905994,1.0,0.0,0.0,0.0,0.0,0.0
29,135,3.7328636973882383,12.0,1.0,0.0,1.0,0.0,0.0,0.0
30,135,10.211248188627492,8.087674615770357,0.0,1.0,1.0,0.0,0.0,0.0
31,135,0.0,12.0,1.0,0.0,1.0,0.0,0.0,1.0
32,135,6.427474120625663,5.232602385602333,0.0,0.0,0.0,0.0,0.0,0.0
33,135,12.0,0.7691952668831927,0.0,0.0,1.0,1.0,0.0,1.0
34,135,0.0,5.047599038987537,0.0,0.0,0.0,1.0,0.0,1.0
35,135,7.874887496123921,7.341908096108513,1.0,0.0,1.0,0.0,0.0,1.0
36,135,6.142894151892557,8.657355779380172,1.0,0.0,0.0,1.0,0.0,1.0
37,135,2.8884579156253225,4.023552097380344,1.0,1.0,0.0,0.0,1.0,0.0
38,135,8.769125568077483,0.0187940782184443,1.0,1.0,0.0,1.0,1.0,1.0
39,135,5.597252256642357,8.687954883363869,1.0,1.0,0.0,0.0,1.0,1.0
0,140,12.0,0.0,0.0,0.0,0.0,0.0,0.0,0.0
1,140,11.119644289376904,4.963502059785501,0.0,1.0,1.0,0.0,0.0,1.0
2,140,2.347843653943856,5.4305968447417,0.0,0.0,1.0,1.0,0.0,0.0
3,140,1.0433785309253305,1.0380394015437155,0.0,0.0,0.0,1.0,0.0,1.0
4,140,1.3260721564294369,1.5307353436432478,1.0,0.0,1.0,0.0,1.0,1.0
5,140,7.488892755959556,2.5983918572175075,0.0,1.0,0.0,0.0,0.0,0.0
6,140,5.733275290616352,7.091504628499036,0.0,0.0,0.0,1.0,1.0,0.0
7,140,12.0,1.6021422821163216,1.0,0.0,0.0,1.0,0.0,0.0
8,140,12.0,7.146993410162472,0.0,0.0,1.0,0.0,0.0,0.0
9,140,0.2995470460572009,1.9880553309299172,1.0,0.0,0.0,1.0,0.0,0.0
10,140,2.1101384506106218,7.95469178719858,0.0,1.0,0.0,1.0,0.0,0.0
11,140,0.8845314316821837,6.901592614034762,1.0,1.0,1.0,0.0,0.0,0.0
12,140,7.45347641197405,5.526084168956568,1.0,0.0,0.0,0.0,1.0,0.0
13,140,12.0,12.0,0.0,0.0,0.0,0.0,0.0,0.0
14,140,11.265297463235234,3.1347291347193265,1.0,0.0,0.0,0.0,0.0,0.0
15,140,2.7200942334121936,5.999957653358118,0.0,1.0,0.0,1.0,0.0,0.0
16,140,6.353657259414407,0.2911582361627793,1.0,1.0,0.0,1.0,0.0,1.0
17,140,8.763782596337164,9.698140838089303,0.0,0.0,0.0,0.0,0.0,0.0
18,140,4.063201820216671,2.362827306013454,1.0,1.0,1.0,0.0,0.0,1.0
19,140,4.043330387966285,8.645323262306935,0.0,0.0,1.0,1.0,1.0,1.0
20,140,5.5152130724947765,3.8987477315377856,0.0,1.0,0.0,1.0,0.0,0.0
21,140,0.2133397353222424,6.318420339375172,1.0,0.0,1.0,0.0,0.0,0.0
22,140,4.307183505085204,8.856611204178908,0.0,1.0,1.0,0.0,0.0,0.0
23,140,3.919359828591364,0.0,0.0,0.0,0.0,1.0,0.0,0.0
24,140,3.8055868234531935,11.622519934167997,0.0,0.0,0.0,0.0,0.0,1.0
25,140,8.685125331069134,7.084059911237419,0.0,1.0,1.0,0.0,0.0,1.0
26,140,6.006187185272076,11.821665080762704,0.0,1.0,0.0,1.0,1.0,0.0
27,140,4.366229544342122,4.1470321952060045,1.0,1.0,1.0,0.0,0.0,0.0
28,140,1.8040604322742468,10.55551299574153,1.0,0.0,0.0,0.0,0.0,0.0
29,140,3.9089921717436575,12.0,1.0,0.0,1.0,0.0,0.0,0.0
30,140,10.285321554702142,8.116274082571183,0.0,1.0,1.0,0.0,0.0,0.0
31,140,0.0,12.0,1.0,0.0,1.0,0.0,0.0,1.0
32,140,6.445550246458262,5.210136141734813,0.0,0.0,0.0,0.0,0.0,0.0
33,140,12.0,0.7758559959369666,0.0,0.0,1.0,1.0,0.0,1.0
34,140,0.0,5.051123588434658,0.0,0.0,0.0,1.0,0.0,1.0
35,140,7.865484991414967,7.320161573798023,1.0,0.0,1.0,0.0,0.0,1.0
36,140,6.1460636242892885,8.64142816285913,1.0,0.0,0.0,1.0,0.0,1.0
37,140,2.823410986226771,3.967015486657723,1.0,1.0,0.0,0.0,1.0,0.0
38,140,8.815478138134585,0.0422778326780648,1.0,1.0,0.0,1.0,1.0,1.0
39,140,5.583669753860938,8.677032986467296,1.0,1.0,0.0,0.0,1.0,1.0
0,145,12.0,0.0,0.0,0.0,0.0,0.0,0.0,0.0
1,145,11.203892097227044,4.972177835569969,0.0,1.0,1.0,0.0,0.0,1.0
2,145,2.3928539523545767,5.40882671661208,0.0,0.0,1.0,1.0,0.0,0.0
3,145,1.0473069808102569,0.9785928511317022,0.0,0.0,0.0,1.0,0.0,1.0
4,145,1.3234766189538698,1.5316930490065752,1.0,0.0,1.0,0.0,1.0,1.0
5,145,7.473179602252061,2.6643915205235364,0.0,1.0,0.0,0.0,0.0,0.0
6,145,5.772228477242586,7.117539702548683,0.0,0.0,0.0,1.0,1.0,0.0
7,145,12.0,1.6283554623876444,1.0,0.0,0.0,1.0,0.0,0.0
8,145,12.0,7.13242082178028,0.0,0.0,1.0,0.0,0.0,0.0
9,145,0.3140925400764691,1.9912399012922728,1.0,0.0,0.0,1.0,0.0,0.0
10,145,2.1574926513246044,7.931675644875042,0.0,1.0,0.0,1.0,0.0,0.0
11,145,0.8396630829754462,6.9080439339826825,1.0,1.0,1.0,0.0,0.0,0.0
12,145,7.599439938508803,5.499682580927688,1.0,0.0,0.0,0.0,1.0,0.0
13,145,12.0,12.0,0.0,0.0,0.0,0.0,0.0,0.0
14,145,11.336589126983837,3.1964827324740326,1.0,0.0,0.0,0.0,0.0,0.0
15,145,2.6053751647315107,5.8381384410497,0.0,1.0,0.0,1.0,0.0,0.0
16,145,6.424236575384879,0.2783830672002616,1.0,1.0,0.0,1.0,0.0,1.0
17,145,8.916066612407246,9.731374502708707,0.0,0.0,0.0,0.0,0.0,0.0
18,145,4.1317995705025945,2.4090292469193324,1.0,1.0,1.0,0.0,0.0,1.0
19,145,4.243116246903696,8.587554819784396,0.0,0.0,1.0,1.0,1.0,1.0
20,145,5.485999509872244,4.047171166824118,0.0,1.0,0.0,1.0,0.0,0.0
21,145,0.2182337710019365,6.3218780607161,1.0,0.0,1.0,0.0,0.0,0.0
22,145,4.331848020537534,8.846738207635223,0.0,1.0,1.0,0.0,0.0,0.0
23,145,4.00277234633479,0.0,0.0,0.0,0.0,1.0,0.0,0.0
24,145,3.8139209517358905,11.600532847797266,0.0,0.0,0.0,0.0,0.0,1.0
25,145,8.680265289697873,7.1046273479649305,0.0,1.0,1.0,0.0,0.0,1.0
26,145,6.009877739155543,11.773425604965851,0.0,1.0,0.0,1.0,1.0,0.0
27,145,4.405565415383964,4.167022787180494,1.0,1.0,1.0,0.0,0.0,0.0
28,145,1.7901586055308516,10.58792436451661,1.0,0.0,0.0,0.0,0.0,0.0
29,145,4.093140965539518,12.0,1.0,0.0,1.0,0.0,0.0,0.0
30,145,10.359982361982183,8.143957763448114,0.0,1.0,1.0,0.0,0.0,0.0
31,145,0.0,12.0,1.0,0.0,1.0,0.0,0.0,1.0
32,145,6.482855993955582,5.163722404075036,0.0,0.0,0.0,0.0,0.0,0.0
33,145,12.0,0.7817719291181229,0.0,0.0,1.0,1.0,0.0,1.0
34,145,0.0,5.053611393856811,0.0,0.0,0.0,1.0,0.0,1.0
35,145,7.864452826388678,7.317533960111551,1.0,0.0,1.0,0.0,0.0,1.0
36,145,6.144443820773611,8.649911509535114,1.0,0.0,0.0,1.0,0.0,1.0
37,145,2.760341182326449,3.912015623264523,1.0,1.0,0.0,0.0,1.0,0.0
38,145,8.852854904880349,0.0619391651981511,1.0,1.0,0.0,1.0,1.0,1.0
39,145,5.561750097099723,8.659223687666602,1.0,1.0,0.0,0.0,1.0,1.0
0,150,12.0,0.0,0.0,0.0,0.0,0.0,0.0,0.0
1,150,11.290678135895588,4.982153545433048,0.0,1.0,1.0,0.0,0.0,1.0
2,150,2.471940234106208,5.370483057875335,0.0,0.0,1.0,1.0,0.0,0.0
3,150,1.0503851687804118,0.9200162919662064,0.0,0.0,0.0,1.0,0.0,1.0
4,150,1.3299201934446276,1.5293170496649622,1.0,0.0,1.0,0.0,1.0,1.0
5,150,7.458820372170809,2.72483646711033,0.0,1.0,0.0,0.0,0.0,0.0
6,150,5.815184862396638,7.1462916200904605,0.0,0.0,0.0,1.0,1.0,0.0
7,150,12.0,1.6490210091912507,1.0,0.0,0.0,1.0,0.0,0.0
8,150,12.0,7.116808453133874,0.0,0.0,1.0,0.0,0.0,0.0
9,150,0.3351741700918286,1.9966227792570737,1.0,0.0,0.0,1.0,0.0,0.0
10,150,2.2045885575713062,7.908609489308061,0.0,1.0,0.0,1.0,0.0,0.0
11,150,0.7829360142648343,6.917085420093262,1.0,1.0,1.0,0.0,0.0,0.0
12,150,7.717361616873513,5.475362330126775,1.0,0.0,0.0,0.0,1.0,0.0
13,150,11.998477297501257,11.989360254672633,0.0,0.0,0.0,0.0,0.0,0.0
14,150,11.396067550848262,3.2464241453282816,1.0,0.0,0.0,0.0,0.0,0.0
15,150,2.4817702138371973,5.663716629646981,0.0,1.0,0.0,1.0,0.0,0.0
16,150,6.515973107094884,0.2606225244180356,1.0,1.0,0.0,1.0,0.0,1.0
17,150,9.09953199144721,9.774335558180416,0.0,0.0,0.0,0.0,0.0,0.0
18,150,4.196048805888455,2.4508342692581557,1.0,1.0,1.0,0.0,0.0,1.0
19,150,4.463396224730081,8.51963856209009,0.0,0.0,1.0,1.0,1.0,1.0
20,150,5.459867415953479,4.205473686779251,0.0,1.0,0.0,1.0,0.0,0.0
21,150,0.2036431224002883,6.311922515983588,1.0,0.0,1.0,0.0,0.0,0.0
22,150,4.359195987698514,8.835984138432583,0.0,1.0,1.0,0.0,0.0,0.0
23,150,4.084112294863534,0.0,0.0,0.0,0.0,1.0,0.0,0.0
24,150,3.824766898542018,11.571595476039992,0.0,0.0,0.0,0.0,0.0,1.0
25,150,8.682845406897721,7.094842834326978,0.0,1.0,1.0,0.0,0.0,1.0
26,150,6.011773667838948,11.726643163962272,0.0,1.0,0.0,1.0,1.0,0.0
27,150,4.450000459863844,4.18974637353177,1.0,1.0,1.0,0.0,0.0,0.0
28,150,1.786076685867237,10.59752180782233,1.0,0.0,0.0,0.0,0.0,0.0
29,150,4.274257922623533,12.0,1.0,0.0,1.0,0.0,0.0,0.0
30,150,10.429735489996409,8.169763739916704,0.0,1.0,1.0,0.0,0.0,0.0
31,150,0.0,12.0,1.0,0.0,1.0,0.0,0.0,1.0
32,150,6.529166511923089,5.106109393798045,0.0,0.0,0.0,0.0,0.0,0.0
33,150,12.0,0.7897355463751738,0.0,0.0,1.0,1.0,0.0,1.0
34,150,0.0,5.0549647063267855,0.0,0.0,0.0,1.0,0.0,1.0
35,150,7.86474774049267,7.318314465005231,1.0,0.0,1.0,0.0,0.0,1.0
36,150,6.144712858716492,8.648681243297611,1.0,0.0,0.0,1.0,0.0,1.0
37,150,2.6942954576895803,3.852996138992129,1.0,1.0,0.0,0.0,1.0,0.0
38,150,8.916465540468534,0.0944750424051785,1.0,1.0,0.0,1.0,1.0,1.0
39,150,5.532883714380921,8.637512769498901,1.0,1.0,0.0,0.0,1.0,1.0
0,155,12.0,0.0,0.0,0.0,0.0,0.0,0.0,0.0
1,155,11.388854609721978,4.993620988940749,0.0,1.0,1.0,0.0,0.0,1.0
2,155,2.556303866882768,5.331560110406647,0.0,0.0,1.0,1.0,0.0,0.0
3,155,1.0527597854389867,0.8717198160257033,0.0,0.0,0.0,1.0,0.0,1.0
4,155,1.3368703940312974,1.526745804266903,1.0,0.0,1.0,0.0,1.0,1.0
5,155,7.439082011047875,2.8027685167404246,0.0,1.0,0.0,0.0,0.0,0.0
6,155,5.848264122790826,7.167836479748921,0.0,0.0,0.0,1.0,1.0,0.0
7,155,12.0,1.669082582090086,1.0,0.0,0.0,1.0,0.0,0.0
8,155,12.0,7.102932676900448,0.0,0.0,1.0,0.0,0.0,0.0
9,155,0.3604568077244835,2.003652374044252,1.0,0.0,0.0,1.0,0.0,0.0
10,155,2.246020413141669,7.88890934813727,0.0,1.0,0.0,1.0,0.0,0.0
11,155,0.704549308844908,6.927898188491645,1.0,1.0,1.0,0.0,0.0,0.0
12,155,7.837815844513587,5.449876725349151,1.0,0.0,0.0,0.0,1.0,0.0
13,155,11.992585133327056,11.944418319908804,0.0,0.0,0.0,0.0,0.0,0.0
14,155,11.47071898181,3.306993390025633,1.0,0.0,0.0,0.0,0.0,0.0
15,155,2.341944590118451,5.4719530597368085,0.0,1.0,0.0,1.0,0.0,0.0
16,155,6.624562081577067,0.2384372811814098,1.0,1.0,0.0,1.0,0.0,1.0
17,155,9.281552463292916,9.807956143642643,0.0,0.0,0.0,0.0,0.0,0.0
18,155,4.25747855381714,2.49070879357235,1.0,1.0,1.0,0.0,0.0,1.0
19,155,4.687832151314721,8.444153562891207,0.0,0.0,1.0,1.0,1.0,1.0
20,155,5.428851497791922,4.374627689540147,0.0,1.0,0.0,1.0,0.0,0.0
21,155,0.2021856969089306,6.3109520855538905,1.0,0.0,1.0,0.0,0.0,0.0
22,155,4.385617587265176,8.825303472676328,0.0,1.0,1.0,0.0,0.0,0.0
23,155,4.153224047557313,0.0,0.0,0.0,0.0,1.0,0.0,0.0
24,155,3.838652118685329,11.53698403247098,0.0,0.0,0.0,0.0,0.0,1.0
25,155,8.689849351551711,7.068098016149267,0.0,1.0,1.0,0.0,0.0,1.0
26,155,6.012596366994032,11.695390573215516,0.0,1.0,0.0,1.0,1.0,0.0
27,155,4.495664800521695,4.2146893054320165,1.0,1.0,1.0,0.0,0.0,0.0
28,155,1.782298847820206,10.605782237402876,1.0,0.0,0.0,0.0,0.0,0.0
29,155,4.4457496184063725,12.0,1.0,0.0,1.0,0.0,0.0,0.0
30,155,10.494059134218755,8.194767075064714,0.0,1.0,1.0,0.0,0.0,0.0
31,155,0.0,12.0,1.0,0.0,1.0,0.0,0.0,1.0
32,155,6.566944726557172,5.057212184466554,0.0,0.0,0.0,0.0,0.0,0.0
33,155,12.0,0.7982871854751552,0.0,0.0,1.0,1.0,0.0,1.0
34,155,0.0,5.058963295838153,0.0,0.0,0.0,1.0,0.0,1.0
35,155,7.867479298248198,7.325088229379557,1.0,0.0,1.0,0.0,0.0,1.0
36,155,6.142611356949298,8.65911090599339,1.0,0.0,0.0,1.0,0.0,1.0
37,155,2.620574284393631,3.781031447849129,1.0,1.0,0.0,0.0,1.0,0.0
38,155,8.96298018790664,0.1185715754911516,1.0,1.0,0.0,1.0,1.0,1.0
39,155,5.505161405633783,8.616202079553972,1.0,1.0,0.0,0.0,1.0,1.0
0,160,12.0,0.0,0.0,0.0,0.0,0.0,0.0,0.0
1,160,11.467427633616634,5.002909546836123,0.0,1.0,1.0,0.0,0.0,1.0
2,160,2.6387951180179448,5.293969420540233,0.0,0.0,1.0,1.0,0.0,0.0
3,160,1.0018432430051114,0.8680444324374677,0.0,0.0,0.0,1.0,0.0,1.0
4,160,1.346229096097026,1.5229389325882303,1.0,0.0,1.0,0.0,1.0,1.0
5,160,7.419942199783512,2.8804913703151747,0.0,1.0,0.0,0.0,0.0,0.0
6,160,5.882393081085174,7.19040347243447,0.0,0.0,0.0,1.0,1.0,0.0
7,160,12.0,1.6835849884996652,1.0,0.0,0.0,1.0,0.0,0.0
8,160,12.0,7.089065210050498,0.0,0.0,1.0,0.0,0.0,0.0
9,160,0.3879329871690813,2.010543331465696,1.0,0.0,0.0,1.0,0.0,0.0
10,160,2.281751027175195,7.871763137359091,0.0,1.0,0.0,1.0,0.0,0.0
11,160,0.6145025152214618,6.93882300679373,1.0,1.0,1.0,0.0,0.0,0.0
12,160,7.969689908171268,5.423316443433154,1.0,0.0,0.0,0.0,1.0,0.0
13,160,11.988911467937749,11.913308852026192,0.0,0.0,0.0,0.0,0.0,0.0
14,160,11.554491719801776,3.376552442290639,1.0,0.0,0.0,0.0,0.0,0.0
15,160,2.189240959783997,5.277166968649394,0.0,1.0,0.0,1.0,0.0,0.0
16,160,6.7684860606489154,0.2104028130076798,1.0,1.0,0.0,1.0,0.0,1.0
17,160,9.470043108587658,9.851769041981523,0.0,0.0,0.0,0.0,0.0,0.0
18,160,4.311496960965647,2.5259562096145345,1.0,1.0,1.0,0.0,0.0,1.0
19,160,4.920833097469405,8.363659565636922,0.0,0.0,1.0,1.0,1.0,1.0
20,160,5.402906346772286,4.541576570184617,0.0,1.0,0.0,1.0,0.0,0.0
21,160,0.207314947304117,6.314432486674713,1.0,0.0,1.0,0.0,0.0,0.0
22,160,4.41416477609822,8.813715964842903,0.0,1.0,1.0,0.0,0.0,0.0
23,160,4.212043315740745,0.0,0.0,0.0,0.0,1.0,0.0,0.0
24,160,3.848166130718498,11.51302100581062,0.0,0.0,0.0,0.0,0.0,1.0
25,160,8.692142629461864,7.0587855718933685,0.0,1.0,1.0,0.0,0.0,1.0
26,160,6.013138188301758,11.663406005494895,0.0,1.0,0.0,1.0,1.0,0.0
27,160,4.54818251771947,4.241678022990364,1.0,1.0,1.0,0.0,0.0,0.0
28,160,1.7831536198551738,10.604049471230978,1.0,0.0,0.0,0.0,0.0,0.0
29,160,4.609068313413808,12.0,1.0,0.0,1.0,0.0,0.0,0.0
30,160,10.567987778146536,8.222839643838439,0.0,1.0,1.0,0.0,0.0,0.0
31,160,0.0,12.0,1.0,0.0,1.0,0.0,0.0,1.0
32,160,6.608777220852708,5.004212420963132,0.0,0.0,0.0,0.0,0.0,0.0
33,160,12.0,0.8089078872757332,0.0,0.0,1.0,1.0,0.0,1.0
34,160,0.0,5.064288247480129,0.0,0.0,0.0,1.0,0.0,1.0
35,160,7.867017915908418,7.323848633371637,1.0,0.0,1.0,0.0,0.0,1.0
36,160,6.162175095999751,8.663074615610249,1.0,0.0,0.0,1.0,0.0,1.0
37,160,2.537154945481709,3.694042467986861,1.0,1.0,0.0,0.0,1.0,0.0
38,160,9.02584644230044,0.150738964350194,1.0,1.0,0.0,1.0,1.0,1.0
39,160,5.490171116458751,8.604684331450795,1.0,1.0,0.0,0.0,1.0,1.0
0,165,12.0,0.0,0.0,0.0,0.0,0.0,0.0,0.0
1,165,11.571721319291823,5.01598121228538,0.0,1.0,1.0,0.0,0.0,1.0
2,165,2.707366925193952,5.263279887319864,0.0,0.0,1.0,1.0,0.0,0.0
3,165,0.9407268247617012,0.8626930729913531,0.0,0.0,0.0,1.0,0.0,1.0
4,165,1.3591231851585048,1.5178225095516522,1.0,0.0,1.0,0.0,1.0,1.0
5,165,7.399120616094342,2.9769385438818525,0.0,1.0,0.0,0.0,0.0,0.0
6,165,5.9056183086496485,7.205121388606984,0.0,0.0,0.0,1.0,1.0,0.0
7,165,12.0,1.6997698251383282,1.0,0.0,0.0,1.0,0.0,0.0
8,165,12.0,7.072347950715672,0.0,0.0,1.0,0.0,0.0,0.0
9,165,0.4156951949381332,2.0179348124877348,1.0,0.0,0.0,1.0,0.0,0.0
10,165,2.318292683328216,7.855274592286538,0.0,1.0,0.0,1.0,0.0,0.0
11,165,0.5579089618268271,6.943831941389251,1.0,1.0,1.0,0.0,0.0,0.0
12,165,8.09356879592629,5.39994046770067,1.0,0.0,0.0,0.0,1.0,0.0
13,165,11.98689533209103,11.89804617904838,0.0,0.0,0.0,0.0,0.0,0.0
14,165,11.624635191470135,3.4363836901864397,1.0,0.0,0.0,0.0,0.0,0.0
15,165,2.0591617073225903,5.103803385485358,0.0,1.0,0.0,1.0,0.0,0.0
16,165,6.932700036583737,0.1788957025904469,1.0,1.0,0.0,1.0,0.0,1.0
17,165,9.652610911227129,9.893933147513303,0.0,0.0,0.0,0.0,0.0,0.0
18,165,4.370958005849524,2.5663828163283298,1.0,1.0,1.0,0.0,0.0,1.0
19,165,5.1498457683100565,8.277566025062658,0.0,0.0,1.0,1.0,1.0,1.0
20,165,5.380332984678388,4.700621023856936,0.0,1.0,0.0,1.0,0.0,0.0
21,165,0.1894206215410162,6.300354311381102,1.0,0.0,1.0,0.0,0.0,0.0
22,165,4.459662687217073,8.795266741503765,0.0,1.0,1.0,0.0,0.0,0.0
23,165,4.256027558947473,0.0,0.0,0.0,0.0,1.0,0.0,0.0
24,165,3.862878760993576,11.472379225028536,0.0,0.0,0.0,0.0,0.0,1.0
25,165,8.691856307468203,7.059946149646284,0.0,1.0,1.0,0.0,0.0,1.0
26,165,6.013152729061695,11.64696192857481,0.0,1.0,0.0,1.0,1.0,0.0
27,165,4.607829302142055,4.272075322943563,1.0,1.0,1.0,0.0,0.0,0.0
28,165,1.7755600190996088,10.619163907627076,1.0,0.0,0.0,0.0,0.0,0.0
29,165,4.779325054374822,12.0,1.0,0.0,1.0,0.0,0.0,0.0
30,165,10.621959505214488,8.242049607403692,0.0,1.0,1.0,0.0,0.0,0.0
31,165,0.0,12.0,1.0,0.0,1.0,0.0,0.0,1.0
32,165,6.6424589664507145,4.961582431086289,0.0,0.0,0.0,0.0,0.0,0.0
33,165,12.0,0.8171526698147701,0.0,0.0,1.0,1.0,0.0,1.0
34,165,0.0,5.068676749978308,0.0,0.0,0.0,1.0,0.0,1.0
35,165,7.861405241852249,7.308995749745303,1.0,0.0,1.0,0.0,0.0,1.0
36,165,6.190765633207226,8.669341129596921,1.0,0.0,0.0,1.0,0.0,1.0
37,165,2.4699018045332424,3.6283512647206857,1.0,1.0,0.0,0.0,1.0,0.0
38,165,9.078409887748808,0.176877622103349,1.0,1.0,0.0,1.0,1.0,1.0
39,165,5.480077717715464,8.597061043518332,1.0,1.0,0.0,0.0,1.0,1.0
0,170,12.0,0.0,0.0,0.0,0.0,0.0,0.0,0.0
1,170,11.67115891813083,5.028490845808662,0.0,1.0,1.0,0.0,0.0,1.0
2,170,2.773313876207812,5.23109287399499,0.0,0.0,1.0,1.0,0.0,0.0
3,170,0.8981586703954775,0.8590776533039384,0.0,0.0,0.0,1.0,0.0,1.0
4,170,1.3691555739958785,1.5139043485210864,1.0,0.0,1.0,0.0,1.0,1.0
5,170,7.373095888902195,3.0871885438575646,0.0,1.0,0.0,0.0,0.0,0.0
6,170,5.914010096798996,7.210255166192822,0.0,0.0,0.0,1.0,1.0,0.0
7,170,12.0,1.7104051636232578,1.0,0.0,0.0,1.0,0.0,0.0
8,170,12.0,7.054985716364886,0.0,0.0,1.0,0.0,0.0,0.0
9,170,0.4386868974323027,2.024279135094091,1.0,0.0,0.0,1.0,0.0,0.0
10,170,2.371459184041781,7.831235731678715,0.0,1.0,0.0,1.0,0.0,0.0
11,170,0.5646988824916341,6.999859145806413,1.0,1.0,1.0,0.0,0.0,0.0
12,170,8.210435677916747,5.37629588080265,1.0,0.0,0.0,0.0,1.0,0.0
13,170,11.985462995840964,11.88846481804957,0.0,0.0,0.0,0.0,0.0,0.0
14,170,11.682565255685835,3.489912843317969,1.0,0.0,0.0,0.0,0.0,0.0
15,170,1.933258245710168,4.935087660661781,0.0,1.0,0.0,1.0,0.0,0.0
16,170,7.085421909447063,0.1475122038865792,1.0,1.0,0.0,1.0,0.0,1.0
17,170,9.857763621669235,9.940122655952386,0.0,0.0,0.0,0.0,0.0,0.0
18,170,4.427596328983504,2.6036265964249825,1.0,1.0,1.0,0.0,0.0,1.0
19,170,5.373113686979852,8.196844400648697,0.0,0.0,1.0,1.0,1.0,1.0
20,170,5.359635079130164,4.84956845529277,0.0,1.0,0.0,1.0,0.0,0.0
21,170,0.1702610511002961,6.284777446002749,1.0,0.0,1.0,0.0,0.0,0.0
22,170,4.51322572599221,8.77165397021182,0.0,1.0,1.0,0.0,0.0,0.0
23,170,4.317641545569903,0.0,0.0,0.0,0.0,1.0,0.0,0.0
24,170,3.874948250136687,11.441269469530887,0.0,0.0,0.0,0.0,0.0,1.0
25,170,8.693972412810012,7.05190105113663,0.0,1.0,1.0,0.0,0.0,1.0
26,170,6.013641303073293,11.632839744286832,0.0,1.0,0.0,1.0,1.0,0.0
27,170,4.659095608291874,4.29911244643263,1.0,1.0,1.0,0.0,0.0,0.0
28,170,1.7668779859954826,10.637789908793648,1.0,0.0,0.0,0.0,0.0,0.0
29,170,4.937304433694267,12.0,1.0,0.0,1.0,0.0,0.0,0.0
30,170,10.697011827777544,8.268958021668874,0.0,1.0,1.0,0.0,0.0,0.0
31,170,0.0,12.0,1.0,0.0,1.0,0.0,0.0,1.0
32,170,6.679660986062287,4.912178845141226,0.0,0.0,0.0,0.0,0.0,0.0
33,170,12.0,0.8293172678863507,0.0,0.0,1.0,1.0,0.0,1.0
34,170,0.0,5.071324584818028,0.0,0.0,0.0,1.0,0.0,1.0
35,170,7.887688992962547,7.298859613619672,1.0,0.0,1.0,0.0,0.0,1.0
36,170,6.231345490199989,8.678116011242127,1.0,0.0,0.0,1.0,0.0,1.0
37,170,2.4292887421396774,3.587964360306453,1.0,1.0,0.0,0.0,1.0,0.0
38,170,9.105034931728149,0.1898379503126176,1.0,1.0,0.0,1.0,1.0,1.0
39,170,5.444556415941479,8.569711862120814,1.0,1.0,0.0,0.0,1.0,1.0
0,175,12.0,0.0,0.0,0.0,0.0,0.0,0.0,0.0
1,175,11.785446911453825,5.044160546839133,0.0,1.0,1.0,0.0,0.0,1.0
2,175,2.8360869985630504,5.198205462614212,0.0,0.0,1.0,1.0,0.0,0.0
3,175,0.8422767405567436,0.8530926749941107,0.0,0.0,0.0,1.0,0.0,1.0
4,175,1.3768363969884423,1.51076924982113,1.0,0.0,1.0,0.0,1.0,1.0
5,175,7.345309206672177,3.21634436040246,0.0,1.0,0.0,0.0,0.0,0.0
6,175,5.934200116063527,7.222859536605728,0.0,0.0,0.0,1.0,1.0,0.0
7,175,12.0,1.727355889207431,1.0,0.0,0.0,1.0,0.0,0.0
8,175,12.0,7.038267470332094,0.0,0.0,1.0,0.0,0.0,0.0
9,175,0.4767087471880418,2.034197554223113,1.0,0.0,0.0,1.0,0.0,0.0
10,175,2.439247865644017,7.800312270972079,0.0,1.0,0.0,1.0,0.0,0.0
11,175,0.5731671530805728,7.0578209946599735,1.0,1.0,1.0,0.0,0.0,0.0
12,175,8.331150524340938,5.350300958564302,1.0,0.0,0.0,0.0,1.0,0.0
13,175,11.984966475273088,11.884432377372574,0.0,0.0,0.0,0.0,0.0,0.0
14,175,11.748417018672836,3.5500910957057474,1.0,0.0,0.0,0.0,0.0,0.0
15,175,1.8127994489443189,4.77341676284734,0.0,1.0,0.0,1.0,0.0,0.0
16,175,7.0540936371115,0.0189341722434498,1.0,1.0,0.0,1.0,0.0,1.0
17,175,10.068093032579023,9.98461725051246,0.0,0.0,0.0,0.0,0.0,0.0
18,175,4.461056972621114,2.626317151355903,1.0,1.0,1.0,0.0,0.0,1.0
19,175,5.588426025129968,8.121086939256204,0.0,0.0,1.0,1.0,1.0,1.0
20,175,5.335006178794316,5.003104946403805,0.0,1.0,0.0,1.0,0.0,0.0
21,175,0.1678863408265877,6.282851822275432,1.0,0.0,1.0,0.0,0.0,0.0
22,175,4.578616003851991,8.741963125626329,0.0,1.0,1.0,0.0,0.0,0.0
23,175,4.391818186355494,0.0,0.0,0.0,0.0,1.0,0.0,0.0
24,175,3.882054645228444,11.422983886139416,0.0,0.0,0.0,0.0,0.0,1.0
25,175,8.698250342956262,7.034213893524809,0.0,1.0,1.0,0.0,0.0,1.0
26,175,6.014124675160036,11.612957528415585,0.0,1.0,0.0,1.0,1.0,0.0
27,175,4.704245535397139,4.325373656139957,1.0,1.0,1.0,0.0,0.0,0.0
28,175,1.7565447986082905,10.658555852891926,1.0,0.0,0.0,0.0,0.0,0.0
29,175,5.09386122206527,12.0,1.0,0.0,1.0,0.0,0.0,0.0
30,175,10.771521712876742,8.295231213393473,0.0,1.0,1.0,0.0,0.0,0.0
31,175,0.0,12.0,1.0,0.0,1.0,0.0,0.0,1.0
32,175,6.7187955503813965,4.862084707980455,0.0,0.0,0.0,0.0,0.0,0.0
33,175,12.0,0.8425999625274763,0.0,0.0,1.0,1.0,0.0,1.0
34,175,0.0,5.072783778964764,0.0,0.0,0.0,1.0,0.0,1.0
35,175,7.909731352450642,7.290587230360757,1.0,0.0,1.0,0.0,0.0,1.0
36,175,6.266369652723649,8.686137255952,1.0,0.0,0.0,1.0,0.0,1.0
37,175,2.3946730329485075,3.5518451384549965,1.0,1.0,0.0,0.0,1.0,0.0
38,175,9.15179924880725,0.2105932219594923,1.0,1.0,0.0,1.0,1.0,1.0
39,175,5.403792642720517,8.539557796332648,1.0,1.0,0.0,0.0,1.0,1.0
0,180,12.0,0.0,0.0,0.0,0.0,0.0,0.0,0.0
1,180,11.87677515072846,5.054707773002837,0.0,1.0,1.0,0.0,0.0,1.0
2,180,2.9046058570802584,5.159387870113023,0.0,0.0,1.0,1.0,0.0,0.0
3,180,0.7920306577019502,0.8478236444668392,0.0,0.0,0.0,1.0,0.0,1.0
4,180,1.3845953396786883,1.5072755347064422,1.0,0.0,1.0,0.0,1.0,1.0
5,180,7.31836755737785,3.3464617580470764,0.0,1.0,0.0,0.0,0.0,0.0
6,180,5.943272869119822,7.228567471847988,0.0,0.0,0.0,1.0,1.0,0.0
7,180,12.0,1.7340982081021543,1.0,0.0,0.0,1.0,0.0,0.0
8,180,12.0,7.028253544646325,0.0,0.0,1.0,0.0,0.0,0.0
9,180,0.521904356344373,2.0458533077847267,1.0,0.0,0.0,1.0,0.0,0.0
10,180,2.5344390316509657,7.758759754426988,0.0,1.0,0.0,1.0,0.0,0.0
11,180,0.583800827958191,7.13332866901962,1.0,1.0,1.0,0.0,0.0,0.0
12,180,8.451140182577793,5.322908359383495,1.0,0.0,0.0,0.0,1.0,0.0
13,180,11.98603459747912,11.893380901521937,0.0,0.0,0.0,0.0,0.0,0.0
14,180,11.803713389460032,3.6022672047224265,1.0,0.0,0.0,0.0,0.0,0.0
15,180,1.6844672600329862,4.5962961347282185,0.0,1.0,0.0,1.0,0.0,0.0
16,180,7.0228626605870605,0.0,1.0,1.0,0.0,1.0,0.0,1.0
17,180,10.274273683111735,10.026195071877508,0.0,0.0,0.0,0.0,0.0,0.0
18,180,4.506759682103138,2.65671551487346,1.0,1.0,1.0,0.0,0.0,1.0
19,180,5.811368145804352,8.048699804711243,0.0,0.0,1.0,1.0,1.0,1.0
20,180,5.304420290927079,5.169891104757345,0.0,1.0,0.0,1.0,0.0,0.0
21,180,0.1541229501782174,6.27172151458037,1.0,0.0,1.0,0.0,0.0,0.0
22,180,4.656126869489394,8.704706800446184,0.0,1.0,1.0,0.0,0.0,0.0
23,180,4.488256524692532,0.0,0.0,0.0,0.0,1.0,0.0,0.0
24,180,3.896947811963806,11.38590719637716,0.0,0.0,0.0,0.0,0.0,1.0
25,180,8.70508968369888,7.005242935571801,0.0,1.0,1.0,0.0,0.0,1.0
26,180,6.014294537740267,11.606786146916724,0.0,1.0,0.0,1.0,1.0,0.0
27,180,4.743570421322077,4.348747263487947,1.0,1.0,1.0,0.0,0.0,0.0
28,180,1.7471244684270997,10.678638086976552,1.0,0.0,0.0,0.0,0.0,0.0
29,180,5.255247787579881,12.0,1.0,0.0,1.0,0.0,0.0,0.0
30,180,10.858387994034624,8.326697023213804,0.0,1.0,1.0,0.0,0.0,0.0
31,180,0.0,12.0,1.0,0.0,1.0,0.0,0.0,1.0
32,180,6.748286651651555,4.822284405495585,0.0,0.0,0.0,0.0,0.0,0.0
33,180,12.0,0.8621507466604571,0.0,0.0,1.0,1.0,0.0,1.0
34,180,0.0,5.074426099642087,0.0,0.0,0.0,1.0,0.0,1.0
35,180,7.946876969171626,7.276983124051229,1.0,0.0,1.0,0.0,0.0,1.0
36,180,6.288950073576492,8.691906046993747,1.0,0.0,0.0,1.0,0.0,1.0
37,180,2.3668401776349057,3.5229703398625705,1.0,1.0,0.0,0.0,1.0,0.0
38,180,9.202893979359128,0.2347449417033057,1.0,1.0,0.0,1.0,1.0,1.0
39,180,5.351769925865223,8.500904131862974,1.0,1.0,0.0,0.0,1.0,1.0
0,185,12.0,0.0,0.0,0.0,0.0,0.0,0.0,0.0
1,185,11.987460511930628,5.066966078096608,0.0,1.0,1.0,0.0,0.0,1.0
2,185,2.9794887020435112,5.119662182388461,0.0,0.0,1.0,1.0,0.0,0.0
3,185,0.7367599222250537,0.8401894668203064,0.0,0.0,0.0,1.0,0.0,1.0
4,185,1.3862474803298126,1.5065503981682682,1.0,0.0,1.0,0.0,1.0,1.0
5,185,7.29043222221638,3.4939219320772814,0.0,1.0,0.0,0.0,0.0,0.0
6,185,5.950160803269169,7.232910367830637,0.0,0.0,0.0,1.0,1.0,0.0
7,185,12.0,1.738553558023361,1.0,0.0,0.0,1.0,0.0,0.0
8,185,12.0,7.019298435869521,0.0,0.0,1.0,0.0,0.0,0.0
9,185,0.5627325355335605,2.056161582509104,1.0,0.0,0.0,1.0,0.0,0.0
10,185,2.6482733953146864,7.706939426385857,0.0,1.0,0.0,1.0,0.0,0.0
11,185,0.5960081954030686,7.22068333198609,1.0,1.0,1.0,0.0,0.0,0.0
12,185,8.566012019893913,5.296269286969098,1.0,0.0,0.0,0.0,1.0,0.0
13,185,11.987003943177832,11.903070422745367,0.0,0.0,0.0,0.0,0.0,0.0
14,185,11.845909012304528,3.640749865867522,1.0,0.0,0.0,0.0,0.0,0.0
15,185,1.555670503629111,4.428187036536158,0.0,1.0,0.0,1.0,0.0,0.0
16,185,6.992043619335233,0.0,1.0,1.0,0.0,1.0,0.0,1.0
17,185,10.47490045796603,10.069871864814596,0.0,0.0,0.0,0.0,0.0,0.0
18,185,4.526998676541392,2.670514725746606,1.0,1.0,1.0,0.0,0.0,1.0
19,185,6.044614771640242,7.976254971263608,0.0,0.0,1.0,1.0,1.0,1.0
20,185,5.278235873182251,5.304380953476374,0.0,1.0,0.0,1.0,0.0,0.0
21,185,0.1451167893153588,6.264021186734351,1.0,0.0,1.0,0.0,0.0,0.0
22,185,4.733109577749026,8.671433177611815,0.0,1.0,1.0,0.0,0.0,0.0
23,185,4.599174031367191,0.0,0.0,0.0,0.0,1.0,0.0,0.0
24,185,3.9045008789723625,11.366165387777627,0.0,0.0,0.0,0.0,0.0,1.0
25,185,8.7109057198201,6.982851259908012,0.0,1.0,1.0,0.0,0.0,1.0
26,185,6.014820158834827,11.595955973061455,0.0,1.0,0.0,1.0,1.0,0.0
27,185,4.785333557340425,4.37297085620885,1.0,1.0,1.0,0.0,0.0,0.0
28,185,1.7370532872338424,10.699116946629438,1.0,0.0,0.0,0.0,0.0,0.0
29,185,5.409439159357378,12.0,1.0,0.0,1.0,0.0,0.0,0.0
30,185,10.964910844314923,8.36590633504392,0.0,1.0,1.0,0.0,0.0,0.0
31,185,0.0,12.0,1.0,0.0,1.0,0.0,0.0,1.0
32,185,6.7792663441130125,4.778647670542074,0.0,0.0,0.0,0.0,0.0,0.0
33,185,12.0,0.885117186587114,0.0,0.0,1.0,1.0,0.0,1.0
34,185,0.0,5.077609078525509,0.0,0.0,0.0,1.0,0.0,1.0
35,185,7.9845139300014525,7.263215020279325,1.0,0.0,1.0,0.0,0.0,1.0
36,185,6.31571419444683,8.698488792225886,1.0,0.0,0.0,1.0,0.0,1.0
37,185,2.3291916440728744,3.4843449558636768,1.0,1.0,0.0,0.0,1.0,0.0
38,185,9.245743561578486,0.2555149353835153,1.0,1.0,0.0,1.0,1.0,1.0
39,185,5.301617996663173,8.46354585054517,1.0,1.0,0.0,0.0,1.0,1.0
0,190,12.0,0.0,0.0,0.0,0.0,0.0,0.0,0.0
1,190,12.0,5.0753091687337495,0.0,1.0,1.0,0.0,0.0,1.0
2,190,3.070234747589343,5.06778144375906,0.0,0.0,1.0,1.0,0.0,0.0
3,190,0.6656594694632092,0.8319138146203074,0.0,0.0,0.0,1.0,0.0,1.0
4,190,1.3987382183254218,1.501148346274429,1.0,0.0,1.0,0.0,1.0,1.0
5,190,7.263388724576871,3.638738839738312,0.0,1.0,0.0,0.0,0.0,0.0
6,190,5.971417780761477,7.246147775823542,0.0,0.0,0.0,1.0,1.0,0.0
7,190,12.0,1.7454765421626626,1.0,0.0,0.0,1.0,0.0,0.0
8,190,12.0,7.015257297793948,0.0,0.0,1.0,0.0,0.0,0.0
9,190,0.579533501217572,2.0599043827652554,1.0,0.0,0.0,1.0,0.0,0.0
10,190,2.765561326049483,7.656832148127252,0.0,1.0,0.0,1.0,0.0,0.0
11,190,0.6101303576475472,7.317638081433922,1.0,1.0,1.0,0.0,0.0,0.0
12,190,8.672142534474363,5.271300622111292,1.0,0.0,0.0,0.0,1.0,0.0
13,190,11.990776524293013,11.938901091754955,0.0,0.0,0.0,0.0,0.0,0.0
14,190,11.880296170616315,3.674487006110897,1.0,0.0,0.0,0.0,0.0,0.0
15,190,1.4130328759328594,4.245406342724097,0.0,1.0,0.0,1.0,0.0,0.0
16,190,6.9637259417919,0.0,1.0,1.0,0.0,1.0,0.0,1.0
17,190,10.680154469164844,10.11899639037421,0.0,0.0,0.0,0.0,0.0,0.0
18,190,4.555570489248003,2.6906556142669347,1.0,1.0,1.0,0.0,0.0,1.0
19,190,6.278949694131,7.895703039157149,0.0,0.0,1.0,1.0,1.0,1.0
20,190,5.253473693110446,5.422253209348445,0.0,1.0,0.0,1.0,0.0,0.0
21,190,0.1425565589201422,6.261830865461971,1.0,0.0,1.0,0.0,0.0,0.0
22,190,4.79884773060212,8.643155451851253,0.0,1.0,1.0,0.0,0.0,0.0
23,190,4.712467545170955,0.0,0.0,0.0,0.0,1.0,0.0,0.0
24,190,3.907084649346096,11.359219672064391,0.0,0.0,0.0,0.0,0.0,1.0
25,190,8.713506533328578,6.9722615391595735,0.0,1.0,1.0,0.0,0.0,1.0
26,190,6.017489824099826,11.560925252905824,0.0,1.0,0.0,1.0,1.0,0.0
27,190,4.823362773338292,4.39618573897497,1.0,1.0,1.0,0.0,0.0,0.0
28,190,1.7274346130462492,10.718372512084702,1.0,0.0,0.0,0.0,0.0,0.0
29,190,5.573564091394739,12.0,1.0,0.0,1.0,0.0,0.0,0.0
30,190,11.067005149446048,8.40290326941427,0.0,1.0,1.0,0.0,0.0,0.0
31,190,0.0,12.0,1.0,0.0,1.0,0.0,0.0,1.0
32,190,6.794530384276177,4.757363481452787,0.0,0.0,0.0,0.0,0.0,0.0
33,190,12.0,0.9046629399948616,0.0,0.0,1.0,1.0,0.0,1.0
34,190,0.0,5.079643055218571,0.0,0.0,0.0,1.0,0.0,1.0
35,190,8.028297548220449,7.247415421423339,1.0,0.0,1.0,0.0,0.0,1.0
36,190,6.317910556946855,8.699141941166495,1.0,0.0,0.0,1.0,0.0,1.0
37,190,2.286475828601032,3.4408863459617014,1.0,1.0,0.0,0.0,1.0,0.0
38,190,9.307095672859369,0.2831773884963968,1.0,1.0,0.0,1.0,1.0,1.0
39,190,5.239877452666338,8.416951010648713,1.0,1.0,0.0,0.0,1.0,1.0
0,195,12.0,0.0,0.0,0.0,0.0,0.0,0.0,0.0
1,195,12.0,5.082057203072081,0.0,1.0,1.0,0.0,0.0,1.0
2,195,3.1605284705162204,5.015003622971434,0.0,0.0,1.0,1.0,0.0,0.0
3,195,0.6130889918317791,0.8244864898420345,0.0,0.0,0.0,1.0,0.0,1.0
4,195,1.3963447009218208,1.5021239793341483,1.0,0.0,1.0,0.0,1.0,1.0
5,195,7.23998833329409,3.7788635066891954,0.0,1.0,0.0,0.0,0.0,0.0
6,195,5.993906020147072,7.2594950177507345,0.0,0.0,0.0,1.0,1.0,0.0
7,195,12.0,1.7518788964731071,1.0,0.0,0.0,1.0,0.0,0.0
8,195,12.0,7.011317421481834,0.0,0.0,1.0,0.0,0.0,0.0
9,195,0.6148743019134484,2.0680636145926727,1.0,0.0,0.0,1.0,0.0,0.0
10,195,2.8755613364839347,7.60820730465932,0.0,1.0,0.0,1.0,0.0,0.0
11,195,0.6271342659405119,7.42940621104596,1.0,1.0,1.0,0.0,0.0,0.0
12,195,8.785174942237996,5.247516081974725,1.0,0.0,0.0,0.0,1.0,0.0
13,195,11.99063201742823,11.93759322458084,0.0,0.0,0.0,0.0,0.0,0.0
14,195,11.91127496159807,3.704236041970367,1.0,0.0,0.0,0.0,0.0,0.0
15,195,1.2871260257137414,4.091188271075886,0.0,1.0,0.0,1.0,0.0,0.0
16,195,6.937256709568047,0.0,1.0,1.0,0.0,1.0,0.0,1.0
17,195,10.871612528993944,10.164988098986152,0.0,0.0,0.0,0.0,0.0,0.0
18,195,4.583436632650001,2.709833484881492,1.0,1.0,1.0,0.0,0.0,1.0
19,195,6.521400306157562,7.811472050152736,0.0,0.0,1.0,1.0,1.0,1.0
20,195,5.232117578090796,5.526271423563351,0.0,1.0,0.0,1.0,0.0,0.0
21,195,0.1489667483032031,6.267515826658991,1.0,0.0,1.0,0.0,0.0,0.0
22,195,4.872174809753799,8.610388766454319,0.0,1.0,1.0,0.0,0.0,0.0
23,195,4.818842528273047,0.0,0.0,0.0,0.0,1.0,0.0,0.0
24,195,3.8989076171855936,11.38382162677113,0.0,0.0,0.0,0.0,0.0,1.0
25,195,8.72023897321284,6.944071712310956,0.0,1.0,1.0,0.0,0.0,1.0
26,195,6.021391920032784,11.507903484031356,0.0,1.0,0.0,1.0,1.0,0.0
27,195,4.8575699282946845,4.417661886980562,1.0,1.0,1.0,0.0,0.0,0.0
28,195,1.7254184955713054,10.722394599145638,1.0,0.0,0.0,0.0,0.0,0.0
29,195,5.733119212651977,12.0,1.0,0.0,1.0,0.0,0.0,0.0
30,195,11.15338391041353,8.435506025626475,0.0,1.0,1.0,0.0,0.0,0.0
31,195,0.0,12.0,1.0,0.0,1.0,0.0,0.0,1.0
32,195,6.822560331046264,4.716902430734683,0.0,0.0,0.0,0.0,0.0,0.0
33,195,12.0,0.9167537948262616,0.0,0.0,1.0,1.0,0.0,1.0
34,195,0.0,5.082832443118012,0.0,0.0,0.0,1.0,0.0,1.0
35,195,8.042988485644985,7.29558909212272,1.0,0.0,1.0,0.0,0.0,1.0
36,195,6.303382305122145,8.694995281333124,1.0,0.0,0.0,1.0,0.0,1.0
37,195,2.239286712486362,3.394935898242494,1.0,1.0,0.0,0.0,1.0,0.0
38,195,9.365872499365407,0.3097744728990005,1.0,1.0,0.0,1.0,1.0,1.0
39,195,5.18300517268863,8.375587145925975,1.0,1.0,0.0,0.0,1.0,1.0
0,200,12.0,0.0,0.0,0.0,0.0,0.0,0.0,0.0
1,200,12.0,5.091830744026368,0.0,1.0,1.0,0.0,0.0,1.0
2,200,3.2450349647380694,4.96618312139738,0.0,0.0,1.0,1.0,0.0,0.0
3,200,0.5524164717808933,0.8163503717803119,0.0,0.0,0.0,1.0,0.0,1.0
4,200,1.383422022510329,1.5077885544215683,1.0,0.0,1.0,0.0,1.0,1.0
5,200,7.217915086004424,3.89221930092643,0.0,1.0,0.0,0.0,0.0,0.0
6,200,6.023892403905299,7.277283930833576,0.0,0.0,0.0,1.0,1.0,0.0
7,200,12.0,1.7561394338443057,1.0,0.0,0.0,1.0,0.0,0.0
8,200,11.99798066260444,7.01210006051322,0.0,0.0,1.0,0.0,0.0,0.0
9,200,0.638558801413605,2.0739348941875133,1.0,0.0,0.0,1.0,0.0,0.0
10,200,2.9988200949411605,7.552162457873633,0.0,1.0,0.0,1.0,0.0,0.0
11,200,0.643205376290607,7.540947838917226,1.0,1.0,1.0,0.0,0.0,0.0
12,200,8.913487693746697,5.2161369644975455,1.0,0.0,0.0,0.0,1.0,0.0
13,200,11.99098086269162,11.940513938990966,0.0,0.0,0.0,0.0,0.0,0.0
14,200,11.927647038859634,3.72076255483058,1.0,0.0,0.0,0.0,0.0,0.0
15,200,1.158694069568974,3.9285563863578057,0.0,1.0,0.0,1.0,0.0,0.0
16,200,6.908278368943338,0.0,1.0,1.0,0.0,1.0,0.0,1.0
17,200,11.061422163047755,10.208079943364092,0.0,0.0,0.0,0.0,0.0,0.0
18,200,4.611284276396897,2.72894700672238,1.0,1.0,1.0,0.0,0.0,1.0
19,200,6.779747478280693,7.7263746916033185,0.0,0.0,1.0,1.0,1.0,1.0
20,200,5.214167737771386,5.616079011212975,0.0,1.0,0.0,1.0,0.0,0.0
21,200,0.157462028715422,6.275093610490638,1.0,0.0,1.0,0.0,0.0,0.0
22,200,4.950768862158416,8.575453796306652,0.0,1.0,1.0,0.0,0.0,0.0
23,200,4.909621195763024,0.0,0.0,0.0,0.0,1.0,0.0,0.0
24,200,3.889683455335304,11.413139575589955,0.0,0.0,0.0,0.0,0.0,1.0
25,200,8.726094831883952,6.921058508452268,0.0,1.0,1.0,0.0,0.0,1.0
26,200,6.025788387222835,11.442814440777136,0.0,1.0,0.0,1.0,1.0,0.0
27,200,4.895628863100351,4.440326370319356,1.0,1.0,1.0,0.0,0.0,0.0
28,200,1.7295316530192832,10.714229773817095,1.0,0.0,0.0,0.0,0.0,0.0
29,200,5.867644102594141,12.0,1.0,0.0,1.0,0.0,0.0,0.0
30,200,11.23303626584247,8.464694002779678,0.0,1.0,1.0,0.0,0.0,0.0
31,200,0.0,12.0,1.0,0.0,1.0,0.0,0.0,1.0
32,200,6.849820103243579,4.676066456064231,0.0,0.0,0.0,0.0,0.0,0.0
33,200,12.0,0.9298084643501764,0.0,0.0,1.0,1.0,0.0,1.0
34,200,0.0,5.086550060148202,0.0,0.0,0.0,1.0,0.0,1.0
35,200,8.058638620519975,7.349025236049073,1.0,0.0,1.0,0.0,0.0,1.0
36,200,6.284909998102455,8.689901212887778,1.0,0.0,0.0,1.0,0.0,1.0
37,200,2.206939867275428,3.3641621357639604,1.0,1.0,0.0,0.0,1.0,0.0
38,200,9.435473474076,0.3441961334686816,1.0,1.0,0.0,1.0,1.0,1.0
39,200,5.138397463420342,8.344859681912304,1.0,1.0,0.0,0.0,1.0,1.0
0,205,12.0,0.0,0.0,0.0,0.0,0.0,0.0,0.0
1,205,12.0,4.997126576053285,0.0,1.0,1.0,0.0,0.0,1.0
2,205,3.3157737363095463,4.925510909044549,0.0,0.0,1.0,1.0,0.0,0.0
3,205,0.4727831602670195,0.8050122067112394,0.0,0.0,0.0,1.0,0.0,1.0
4,205,1.3664604012470492,1.5151131583849309,1.0,0.0,1.0,0.0,1.0,1.0
5,205,7.195491631919276,3.999059871701081,0.0,1.0,0.0,0.0,0.0,0.0
6,205,6.052423043916492,7.294986411971505,0.0,0.0,0.0,1.0,1.0,0.0
7,205,11.994268542060244,1.7529834062923837,1.0,0.0,0.0,1.0,0.0,0.0
8,205,12.0,7.006064328761245,0.0,0.0,1.0,0.0,0.0,0.0
9,205,0.6849191626673463,2.084900117457706,1.0,0.0,0.0,1.0,0.0,0.0
10,205,2.9436077109344247,7.4338149427952676,0.0,1.0,0.0,1.0,0.0,0.0
11,205,0.6549278869713969,7.647241324650386,1.0,1.0,1.0,0.0,0.0,0.0
12,205,9.06277808329808,5.17902577756594,1.0,0.0,0.0,0.0,1.0,0.0
13,205,11.993068048243307,11.955529891673702,0.0,0.0,0.0,0.0,0.0,0.0
14,205,11.9420770538669,3.734225562730647,1.0,0.0,0.0,0.0,0.0,0.0
15,205,1.0207021211502632,3.761857796040272,0.0,1.0,0.0,1.0,0.0,0.0
16,205,6.882002642409911,0.0,1.0,1.0,0.0,1.0,0.0,1.0
17,205,11.242184645246024,10.241227838343606,0.0,0.0,0.0,0.0,0.0,0.0
18,205,4.647146958973751,2.751533697664626,1.0,1.0,1.0,0.0,0.0,1.0
19,205,7.031665723641391,7.63899547965261,0.0,0.0,1.0,1.0,1.0,1.0
20,205,5.197126701099536,5.703726573054964,0.0,1.0,0.0,1.0,0.0,0.0
21,205,0.1491513635455821,6.268058056967894,1.0,0.0,1.0,0.0,0.0,0.0
22,205,5.032228233677816,8.539324483851075,0.0,1.0,1.0,0.0,0.0,0.0
23,205,4.991688146352517,0.0,0.0,0.0,0.0,1.0,0.0,0.0
24,205,3.881244421971942,11.442359240929502,0.0,0.0,0.0,0.0,0.0,1.0
25,205,8.728892647219746,6.908994707347258,0.0,1.0,1.0,0.0,0.0,1.0
26,205,6.030470243282439,11.37213976852663,0.0,1.0,0.0,1.0,1.0,0.0
27,205,4.924940509662096,4.458333856593739,1.0,1.0,1.0,0.0,0.0,0.0
28,205,1.7311940561419394,10.7110324130982,1.0,0.0,0.0,0.0,0.0,0.0
29,205,6.0078639646500775,12.0,1.0,0.0,1.0,0.0,0.0,0.0
30,205,11.306794657881971,8.492109986857653,0.0,1.0,1.0,0.0,0.0,0.0
31,205,0.0,12.0,1.0,0.0,1.0,0.0,0.0,1.0
32,205,6.887868243616392,4.620678397401081,0.0,0.0,0.0,0.0,0.0,0.0
33,205,12.0,0.941033479648038,0.0,0.0,1.0,1.0,0.0,1.0
34,205,0.0,5.091145280837429,0.0,0.0,0.0,1.0,0.0,1.0
35,205,8.073756824658023,7.398360534128098,1.0,0.0,1.0,0.0,0.0,1.0
36,205,6.26328714784951,8.68461673129636,1.0,0.0,0.0,1.0,0.0,1.0
37,205,2.178649018518962,3.337511522659231,1.0,1.0,0.0,0.0,1.0,0.0
38,205,9.491614981691502,0.3715903993292643,1.0,1.0,0.0,1.0,1.0,1.0
39,205,5.088092216673949,8.313035207693487,1.0,1.0,0.0,0.0,1.0,1.0
0,210,12.0,0.0,0.0,0.0,0.0,0.0,0.0,0.0
1,210,12.0,4.91996846380074,0.0,1.0,1.0,0.0,0.0,1.0
2,210,3.400576047320829,4.875944037110148,0.0,0.0,1.0,1.0,0.0,0.0
3,210,0.4261095242966888,0.7984385028143233,0.0,0.0,0.0,1.0,0.0,1.0
4,210,1.3382398780863392,1.5270639992502673,1.0,0.0,1.0,0.0,1.0,1.0
5,210,7.17461838481769,4.088641542205632,0.0,1.0,0.0,0.0,0.0,0.0
6,210,6.069387259176685,7.305636384319817,0.0,0.0,0.0,1.0,1.0,0.0
7,210,12.0,1.7569232501819414,1.0,0.0,0.0,1.0,0.0,0.0
8,210,12.0,7.0030079852475655,0.0,0.0,1.0,0.0,0.0,0.0
9,210,0.7187701065972789,2.09313549606548,1.0,0.0,0.0,1.0,0.0,0.0
10,210,2.893227736409923,7.326246956468011,0.0,1.0,0.0,1.0,0.0,0.0
11,210,0.6671528909226103,7.758207218309686,1.0,1.0,1.0,0.0,0.0,0.0
12,210,9.21639946004423,5.139059294541543,1.0,0.0,0.0,0.0,1.0,0.0
13,210,11.993638995472525,11.95874406474527,0.0,0.0,0.0,0.0,0.0,0.0
14,210,11.968362076602268,3.759182824484684,1.0,0.0,0.0,0.0,0.0,0.0
15,210,0.8831536690144911,3.6029565771782,0.0,1.0,0.0,1.0,0.0,0.0
16,210,6.850225882265971,0.0,1.0,1.0,0.0,1.0,0.0,1.0
17,210,11.404731366237648,10.27277318487183,0.0,0.0,0.0,0.0,0.0,0.0
18,210,4.675567615174443,2.768641149298036,1.0,1.0,1.0,0.0,0.0,1.0
19,210,7.272845148445088,7.563934931534957,0.0,0.0,1.0,1.0,1.0,1.0
20,210,5.179799647632032,5.796966504177777,0.0,1.0,0.0,1.0,0.0,0.0
21,210,0.1361150115250855,6.25728988065003,1.0,0.0,1.0,0.0,0.0,0.0
22,210,5.114866261258516,8.503389461239799,0.0,1.0,1.0,0.0,0.0,0.0
23,210,5.069700478861234,0.0,0.0,0.0,0.0,1.0,0.0,0.0
24,210,3.8803898809838713,11.445109121224352,0.0,0.0,0.0,0.0,0.0,1.0
25,210,8.73030545193357,6.902583249356948,0.0,1.0,1.0,0.0,0.0,1.0
26,210,6.031966431263402,11.299270530204192,0.0,1.0,0.0,1.0,1.0,0.0
27,210,4.935435702424153,4.464933746820117,1.0,1.0,1.0,0.0,0.0,0.0
28,210,1.7293612710303632,10.714611970217211,1.0,0.0,0.0,0.0,0.0,0.0
29,210,6.1532628533128735,12.0,1.0,0.0,1.0,0.0,0.0,0.0
30,210,11.367646000526983,8.515568041152013,0.0,1.0,1.0,0.0,0.0,0.0
31,210,0.0,12.0,1.0,0.0,1.0,0.0,0.0,1.0
32,210,6.927017275724146,4.563521257589012,0.0,0.0,0.0,0.0,0.0,0.0
33,210,12.0,0.9484261114759012,0.0,0.0,1.0,1.0,0.0,1.0
34,210,0.0,5.093758693220265,0.0,0.0,0.0,1.0,0.0,1.0
35,210,8.086093654188984,7.437769603622652,1.0,0.0,1.0,0.0,0.0,1.0
36,210,6.241786880164251,8.679056491834489,1.0,0.0,0.0,1.0,0.0,1.0
37,210,2.1512194457681653,3.3112091590517085,1.0,1.0,0.0,0.0,1.0,0.0
38,210,9.558994491565617,0.4050952537678438,1.0,1.0,0.0,1.0,1.0,1.0
39,210,5.039869516041975,8.282018293269376,1.0,1.0,0.0,0.0,1.0,1.0
0,215,12.0,0.0,0.0,0.0,0.0,0.0,0.0,0.0
1,215,12.0,4.839994932670399,0.0,1.0,1.0,0.0,0.0,1.0
2,215,3.494278979916513,4.823204859389915,0.0,0.0,1.0,1.0,0.0,0.0
3,215,0.3607719743558166,0.7892940925519457,0.0,0.0,0.0,1.0,0.0,1.0
4,215,1.3008595090134678,1.5429513600442628,1.0,0.0,1.0,0.0,1.0,1.0
5,215,7.15357772563538,4.170781018950427,0.0,1.0,0.0,0.0,0.0,0.0
6,215,6.067705153859185,7.304665138684905,0.0,0.0,0.0,1.0,1.0,0.0
7,215,11.997385767161022,1.755434399142112,1.0,0.0,0.0,1.0,0.0,0.0
8,215,12.0,6.997876149209264,0.0,0.0,1.0,0.0,0.0,0.0
9,215,0.7324792699328493,2.096449713957574,1.0,0.0,0.0,1.0,0.0,0.0
10,215,2.856499948037849,7.242911481013732,0.0,1.0,0.0,1.0,0.0,0.0
11,215,0.6785969825266801,7.866223176260936,1.0,1.0,1.0,0.0,0.0,0.0
12,215,9.377642024203602,5.093889135726079,1.0,0.0,0.0,0.0,1.0,0.0
13,215,11.993279869488182,11.956911265018269,0.0,0.0,0.0,0.0,0.0,0.0
14,215,12.0,3.789763983232897,1.0,0.0,0.0,0.0,0.0,0.0
15,215,0.7347053718645867,3.4281330141964217,0.0,1.0,0.0,1.0,0.0,0.0
16,215,6.819968656449909,0.0,1.0,1.0,0.0,1.0,0.0,1.0
17,215,11.56541242576604,10.3075512771734,0.0,0.0,0.0,0.0,0.0,0.0
18,215,4.729212068450707,2.8013433223466917,1.0,1.0,1.0,0.0,0.0,1.0
19,215,7.528323920787732,7.481909715888748,0.0,0.0,1.0,1.0,1.0,1.0
20,215,5.160168015762915,5.898513247490111,0.0,1.0,0.0,1.0,0.0,0.0
21,215,0.1303861371521232,6.25252469069525,1.0,0.0,1.0,0.0,0.0,0.0
22,215,5.183038807140632,8.473698129993315,0.0,1.0,1.0,0.0,0.0,0.0
23,215,5.150795456106312,0.0,0.0,0.0,0.0,1.0,0.0,0.0
24,215,3.874796994244785,11.463547268700436,0.0,0.0,0.0,0.0,0.0,1.0
25,215,8.732329705450281,6.893102693483174,0.0,1.0,1.0,0.0,0.0,1.0
26,215,6.033619063328323,11.24789910856451,0.0,1.0,0.0,1.0,1.0,0.0
27,215,4.938345869658146,4.466862949298998,1.0,1.0,1.0,0.0,0.0,0.0
28,215,1.7275065255502582,10.7182401367426,1.0,0.0,0.0,0.0,0.0,0.0
29,215,6.278033951133881,12.0,1.0,0.0,1.0,0.0,0.0,0.0
30,215,11.42326922585448,8.53915507056059,0.0,1.0,1.0,0.0,0.0,0.0
31,215,0.0,12.0,1.0,0.0,1.0,0.0,0.0,1.0
32,215,6.960783325874873,4.515645706937427,0.0,0.0,0.0,0.0,0.0,0.0
33,215,12.0,0.956087423008682,0.0,0.0,1.0,1.0,0.0,1.0
34,215,0.0,5.097706331232712,0.0,0.0,0.0,1.0,0.0,1.0
35,215,8.103025072926043,7.4884534344694575,1.0,0.0,1.0,0.0,0.0,1.0
36,215,6.223239318744849,8.674471743279494,1.0,0.0,0.0,1.0,0.0,1.0
37,215,2.120479399365514,3.281892526695556,1.0,1.0,0.0,0.0,1.0,0.0
38,215,9.616159675181338,0.4343092716215819,1.0,1.0,0.0,1.0,1.0,1.0
39,215,4.973934403370298,8.238331059139776,1.0,1.0,0.0,0.0,1.0,1.0
0,220,12.0,0.0,0.0,0.0,0.0,0.0,0.0,0.0
1,220,12.0,4.773918038247145,0.0,1.0,1.0,0.0,0.0,1.0
2,220,3.5938564245121687,4.762072521370111,0.0,0.0,1.0,1.0,0.0,0.0
3,220,0.3062636515990861,0.782179261272986,0.0,0.0,0.0,1.0,0.0,1.0
4,220,1.2679741039789143,1.556299403775539,1.0,0.0,1.0,0.0,1.0,1.0
5,220,7.137382503098657,4.233198218607884,0.0,1.0,0.0,0.0,0.0,0.0
6,220,6.05349412447142,7.296554780070939,0.0,0.0,0.0,1.0,1.0,0.0
7,220,11.998777948575617,1.7561700566713974,1.0,0.0,0.0,1.0,0.0,0.0
8,220,12.0,6.993000046891027,0.0,0.0,1.0,0.0,0.0,0.0
9,220,0.7480734080304491,2.1006697744011573,1.0,0.0,0.0,1.0,0.0,0.0
10,220,2.8218544161108814,7.168543174671909,0.0,1.0,0.0,1.0,0.0,0.0
11,220,0.6906501009062008,7.972567829982812,1.0,1.0,1.0,0.0,0.0,0.0
12,220,9.539589750347584,5.047455274229976,1.0,0.0,0.0,0.0,1.0,0.0
13,220,11.988089977897005,11.92969166545274,0.0,0.0,0.0,0.0,0.0,0.0
14,220,12.0,3.809967438681319,1.0,0.0,0.0,0.0,0.0,0.0
15,220,0.5687050605254802,3.2428489233425446,0.0,1.0,0.0,1.0,0.0,0.0
16,220,6.791830490264067,0.0,1.0,1.0,0.0,1.0,0.0,1.0
17,220,11.7170734023213,10.340454673269928,0.0,0.0,0.0,0.0,0.0,0.0
18,220,4.7853630616654685,2.8355773426567668,1.0,1.0,1.0,0.0,0.0,1.0
19,220,7.775019619485224,7.397576918772505,0.0,0.0,1.0,1.0,1.0,1.0
20,220,5.142284926923374,5.993453925054855,0.0,1.0,0.0,1.0,0.0,0.0
21,220,0.1307335701859477,6.252837180353222,1.0,0.0,1.0,0.0,0.0,0.0
22,220,5.25756532860156,8.441104860956823,0.0,1.0,1.0,0.0,0.0,0.0
23,220,5.233480930694718,0.0,0.0,0.0,0.0,1.0,0.0,0.0
24,220,3.8620856999255926,11.511168841944809,0.0,0.0,0.0,0.0,0.0,1.0
25,220,8.736513802893079,6.87469578956404,0.0,1.0,1.0,0.0,0.0,1.0
26,220,6.036271572481799,11.201562811759498,0.0,1.0,0.0,1.0,1.0,0.0
27,220,4.9317042555789845,4.462187934234954,1.0,1.0,1.0,0.0,0.0,0.0
28,220,1.7222391305147888,10.728868621583066,1.0,0.0,0.0,0.0,0.0,0.0
29,220,6.400672048225045,12.0,1.0,0.0,1.0,0.0,0.0,0.0
30,220,11.49014367712925,8.565341807266824,0.0,1.0,1.0,0.0,0.0,0.0
31,220,0.0,12.0,1.0,0.0,1.0,0.0,0.0,1.0
32,220,7.007195322632442,4.448533561308776,0.0,0.0,0.0,0.0,0.0,0.0
33,220,12.0,0.9595713906505842,0.0,0.0,1.0,1.0,0.0,1.0
34,220,0.0,5.0990974152928,0.0,0.0,0.0,1.0,0.0,1.0
35,220,8.118832883091068,7.535449992878585,1.0,0.0,1.0,0.0,0.0,1.0
36,220,6.190341315012604,8.666254398341344,1.0,0.0,0.0,1.0,0.0,1.0
37,220,2.094586677537791,3.257305598587541,1.0,1.0,0.0,0.0,1.0,0.0
38,220,9.678820503475084,0.467218479880384,1.0,1.0,0.0,1.0,1.0,1.0
39,220,4.904868340883551,8.189486008802398,1.0,1.0,0.0,0.0,1.0,1.0
0,225,12.0,0.0,0.0,0.0,0.0,0.0,0.0,0.0
1,225,12.0,4.706438563347945,0.0,1.0,1.0,0.0,0.0,1.0
2,225,3.701041475416149,4.693149011935867,0.0,0.0,1.0,1.0,0.0,0.0
3,225,0.2482303867195446,0.7737454824338178,0.0,0.0,0.0,1.0,0.0,1.0
4,225,1.2268123477807873,1.573071826643172,1.0,0.0,1.0,0.0,1.0,1.0
5,225,7.122480640186216,4.294253873363719,0.0,1.0,0.0,0.0,0.0,0.0
6,225,6.028012639322188,7.282399778906233,0.0,0.0,0.0,1.0,1.0,0.0
7,225,11.987980415103532,1.7502258022389248,1.0,0.0,0.0,1.0,0.0,0.0
8,225,12.0,6.992866667669586,0.0,0.0,1.0,0.0,0.0,0.0
9,225,0.7690752902588536,2.106840655680708,1.0,0.0,0.0,1.0,0.0,0.0
10,225,2.7861421858835747,7.092465409019217,0.0,1.0,0.0,1.0,0.0,0.0
11,225,0.7034345728175603,8.081882322739673,1.0,1.0,1.0,0.0,0.0,0.0
12,225,9.702189785708503,5.009017886556051,1.0,0.0,0.0,0.0,1.0,0.0
13,225,11.982463010733376,11.897125154747435,0.0,0.0,0.0,0.0,0.0,0.0
14,225,12.0,3.83175997898826,1.0,0.0,0.0,0.0,0.0,0.0
15,225,0.413214629798476,3.06126119632454,0.0,1.0,0.0,1.0,0.0,0.0
16,225,6.75916388512925,0.0,1.0,1.0,0.0,1.0,0.0,1.0
17,225,11.849500020907838,10.368298303215836,0.0,0.0,0.0,0.0,0.0,0.0
18,225,4.841494154207253,2.866335613332025,1.0,1.0,1.0,0.0,0.0,1.0
19,225,8.023137809123195,7.316564542521214,0.0,0.0,1.0,1.0,1.0,1.0
20,225,5.126135784535462,6.071949745235214,0.0,1.0,0.0,1.0,0.0,0.0
21,225,0.1304908308524705,6.25262387400199,1.0,0.0,1.0,0.0,0.0,0.0
22,225,5.342991975061146,8.402253197801882,0.0,1.0,1.0,0.0,0.0,0.0
23,225,5.3111619065989295,0.0,0.0,0.0,0.0,1.0,0.0,0.0
24,225,3.852068936865023,11.54524271159734,0.0,0.0,0.0,0.0,0.0,1.0
25,225,8.744216539521869,6.84340130031975,0.0,1.0,1.0,0.0,0.0,1.0
26,225,6.038650761575252,11.160891600722952,0.0,1.0,0.0,1.0,1.0,0.0
27,225,4.931541602265339,4.462075614468717,1.0,1.0,1.0,0.0,0.0,0.0
28,225,1.708684523131009,10.759335203003417,1.0,0.0,0.0,0.0,0.0,0.0
29,225,6.525515681674883,12.0,1.0,0.0,1.0,0.0,0.0,0.0
30,225,11.55184987286291,8.59034692224883,0.0,1.0,1.0,0.0,0.0,0.0
31,225,0.0,12.0,1.0,0.0,1.0,0.0,0.0,1.0
32,225,7.051637346797171,4.383693075094622,0.0,0.0,0.0,0.0,0.0,0.0
33,225,12.0,0.9722252365166068,0.0,0.0,1.0,1.0,0.0,1.0
34,225,0.0,5.103499314921496,0.0,0.0,0.0,1.0,0.0,1.0
35,225,8.134772569019574,7.587873403493674,1.0,0.0,1.0,0.0,0.0,1.0
36,225,6.137139036646537,8.653261334621908,1.0,0.0,0.0,1.0,0.0,1.0
37,225,2.069156356428844,3.235299925272994,1.0,1.0,0.0,0.0,1.0,0.0
38,225,9.740562429118128,0.4995623588197754,1.0,1.0,0.0,1.0,1.0,1.0
39,225,4.852627581476698,8.153134371745312,1.0,1.0,0.0,0.0,1.0,1.0
0,230,12.0,0.0,0.0,0.0,0.0,0.0,0.0,0.0
1,230,12.0,4.659437424988737,0.0,1.0,1.0,0.0,0.0,1.0
2,230,3.7911917990563495,4.635897879059352,0.0,0.0,1.0,1.0,0.0,0.0
3,230,0.1902267107627337,0.764769145064418,0.0,0.0,0.0,1.0,0.0,1.0
4,230,1.1719158717559184,1.595680949283426,1.0,0.0,1.0,0.0,1.0,1.0
5,230,7.10852155536959,4.354988966714823,0.0,1.0,0.0,0.0,0.0,0.0
6,230,5.988219309056542,7.259599993107904,0.0,0.0,0.0,1.0,1.0,0.0
7,230,11.989960915862504,1.7513128934760338,1.0,0.0,0.0,1.0,0.0,0.0
8,230,11.996485718618542,6.994072839824977,0.0,0.0,1.0,0.0,0.0,0.0
9,230,0.7997759292946728,2.115152725236786,1.0,0.0,0.0,1.0,0.0,0.0
10,230,2.7440978233352897,7.004098710329137,0.0,1.0,0.0,1.0,0.0,0.0
11,230,0.7167967975520376,8.17353177610455,1.0,1.0,1.0,0.0,0.0,0.0
12,230,9.88404579692843,4.96779562479779,1.0,0.0,0.0,0.0,1.0,0.0
13,230,11.976101529637226,11.859473285910024,0.0,0.0,0.0,0.0,0.0,0.0
14,230,12.0,3.838771001627361,1.0,0.0,0.0,0.0,0.0,0.0
15,230,0.2587634437107058,2.8828267397596674,0.0,1.0,0.0,1.0,0.0,0.0
16,230,6.72485732274093,0.0,1.0,1.0,0.0,1.0,0.0,1.0
17,230,11.9853152577797,10.398534365484457,0.0,0.0,0.0,0.0,0.0,0.0
18,230,4.869647883354059,2.881085353262044,1.0,1.0,1.0,0.0,0.0,1.0
19,230,8.276117926752905,7.230888295064537,0.0,0.0,1.0,1.0,1.0,1.0
20,230,5.112094775084097,6.140544452263415,0.0,1.0,0.0,1.0,0.0,0.0
21,230,0.1203938351869062,6.244206625976252,1.0,0.0,1.0,0.0,0.0,0.0
22,230,5.411955876909848,8.370482364749293,0.0,1.0,1.0,0.0,0.0,0.0
23,230,5.4146418328154615,0.0,0.0,0.0,0.0,1.0,0.0,0.0
24,230,3.841659441184673,11.582096152073689,0.0,0.0,0.0,0.0,0.0,1.0
25,230,8.75186725919403,6.80824888884164,0.0,1.0,1.0,0.0,0.0,1.0
26,230,6.042331155853721,11.113359895192795,0.0,1.0,0.0,1.0,1.0,0.0
27,230,4.938351807278541,4.466616117854845,1.0,1.0,1.0,0.0,0.0,0.0
28,230,1.698662915134546,10.781551488938408,1.0,0.0,0.0,0.0,0.0,0.0
29,230,6.664415075606488,12.0,1.0,0.0,1.0,0.0,0.0,0.0
30,230,11.59573850340456,8.607657114044999,0.0,1.0,1.0,0.0,0.0,0.0
31,230,0.0,11.969348479836192,1.0,0.0,1.0,0.0,0.0,1.0
32,230,7.100598576278191,4.316643927591073,0.0,0.0,0.0,0.0,0.0,0.0
33,230,12.0,0.9790388711261606,0.0,0.0,1.0,1.0,0.0,1.0
34,230,0.0,5.108060254296408,0.0,0.0,0.0,1.0,0.0,1.0
35,230,8.146330616189415,7.624049930769672,1.0,0.0,1.0,0.0,0.0,1.0
36,230,6.113257309812091,8.647025230173297,1.0,0.0,0.0,1.0,0.0,1.0
37,230,2.0563226983281013,3.223937680191846,1.0,1.0,0.0,0.0,1.0,0.0
38,230,9.809298351779857,0.5364298048092265,1.0,1.0,0.0,1.0,1.0,1.0
39,230,4.794826432121695,8.11579662102213,1.0,1.0,0.0,0.0,1.0,1.0
0,235,12.0,0.0,0.0,0.0,0.0,0.0,0.0,0.0
1,235,12.0,4.61824247489293,0.0,1.0,1.0,0.0,0.0,1.0
2,235,3.8694128603200326,4.5870406514202,0.0,0.0,1.0,1.0,0.0,0.0
3,235,0.1333076065341929,0.7552988390715881,0.0,0.0,0.0,1.0,0.0,1.0
4,235,1.1160821942324664,1.6208643039849393,1.0,0.0,1.0,0.0,1.0,1.0
5,235,7.0901783876520605,4.427807435808044,0.0,1.0,0.0,0.0,0.0,0.0
6,235,5.9709838418367465,7.248788101923234,0.0,0.0,0.0,1.0,1.0,0.0
7,235,11.996232051316738,1.7547811717330133,1.0,0.0,0.0,1.0,0.0,0.0
8,235,12.0,6.9910068512378265,0.0,0.0,1.0,0.0,0.0,0.0
9,235,0.8243354199478391,2.121885196932233,1.0,0.0,0.0,1.0,0.0,0.0
10,235,2.6998109262532712,6.908717561223233,0.0,1.0,0.0,1.0,0.0,0.0
11,235,0.7327415487039772,8.271562399817,1.0,1.0,1.0,0.0,0.0,0.0
12,235,10.072960016025704,4.923171298007597,1.0,0.0,0.0,0.0,1.0,0.0
13,235,11.972553953878622,11.839722841132854,0.0,0.0,0.0,0.0,0.0,0.0
14,235,12.0,3.8548952666074254,1.0,0.0,0.0,0.0,0.0,0.0
15,235,0.0841698200546415,2.69523905134464,0.0,1.0,0.0,1.0,0.0,0.0
16,235,6.686941306153961,0.0,1.0,1.0,0.0,1.0,0.0,1.0
17,235,12.0,10.43146681757859,0.0,0.0,0.0,0.0,0.0,0.0
18,235,4.92645460499192,2.911801191955281,1.0,1.0,1.0,0.0,0.0,1.0
19,235,8.526282542345005,7.150826179965941,0.0,0.0,1.0,1.0,1.0,1.0
20,235,5.100445047641399,6.194268331276728,0.0,1.0,0.0,1.0,0.0,0.0
21,235,0.1104195095431697,6.23549204229758,1.0,0.0,1.0,0.0,0.0,0.0
22,235,5.469242310741099,8.343152075749835,0.0,1.0,1.0,0.0,0.0,0.0
23,235,5.514924790330261,0.0,0.0,0.0,0.0,1.0,0.0,0.0
24,235,3.835450082075957,11.603827251268015,0.0,0.0,0.0,0.0,0.0,1.0
25,235,8.76435123945435,6.7514796134256,0.0,1.0,1.0,0.0,0.0,1.0
26,235,6.0469305002267015,11.057155564317249,0.0,1.0,0.0,1.0,1.0,0.0
27,235,4.954682549830562,4.477188221385374,1.0,1.0,1.0,0.0,0.0,0.0
28,235,1.690412909303411,10.80114166642772,1.0,0.0,0.0,0.0,0.0,0.0
29,235,6.80376743010792,12.0,1.0,0.0,1.0,0.0,0.0,0.0
30,235,11.64192868222395,8.623360384196307,0.0,1.0,1.0,0.0,0.0,0.0
31,235,0.0,11.951238792524917,1.0,0.0,1.0,0.0,0.0,1.0
32,235,7.1463446866212,4.255949725936412,0.0,0.0,0.0,0.0,0.0,0.0
33,235,12.0,0.9831660129637916,0.0,0.0,1.0,1.0,0.0,1.0
34,235,0.0,5.110705457962342,0.0,0.0,0.0,1.0,0.0,1.0
35,235,8.155947247000768,7.654094586407185,1.0,0.0,1.0,0.0,0.0,1.0
36,235,6.116881145560069,8.648126338211762,1.0,0.0,0.0,1.0,0.0,1.0
37,235,2.0438695847637987,3.212965887726759,1.0,1.0,0.0,0.0,1.0,0.0
38,235,9.872680365224072,0.5716972744386829,1.0,1.0,0.0,1.0,1.0,1.0
39,235,4.745678732862264,8.084122852822734,1.0,1.0,0.0,0.0,1.0,1.0
0,240,12.0,0.0,0.0,0.0,0.0,0.0,0.0,0.0
1,240,12.0,4.5761846715811485,0.0,1.0,1.0,0.0,0.0,1.0
2,240,3.932773383963037,4.547209846647133,0.0,0.0,1.0,1.0,0.0,0.0
3,240,0.0582388385095566,0.7438720470239171,0.0,0.0,0.0,1.0,0.0,1.0
4,240,1.081305264672016,1.6366464172691582,1.0,0.0,1.0,0.0,1.0,1.0
5,240,7.075422137976253,4.49528888505814,0.0,1.0,0.0,0.0,0.0,0.0
6,240,5.960523428885027,7.242346322261389,0.0,0.0,0.0,1.0,1.0,0.0
7,240,12.0,1.7583401557349758,1.0,0.0,0.0,1.0,0.0,0.0
8,240,12.0,6.983924702002197,0.0,0.0,1.0,0.0,0.0,0.0
9,240,0.8696206281098964,2.1343808957056503,1.0,0.0,0.0,1.0,0.0,0.0
10,240,2.657119363636037,6.818477909755603,0.0,1.0,0.0,1.0,0.0,0.0
11,240,0.746313925743208,8.363649612521444,1.0,1.0,1.0,0.0,0.0,0.0
12,240,10.26512914756162,4.87381031988257,1.0,0.0,0.0,0.0,1.0,0.0
13,240,11.968650169178504,11.814614206343364,0.0,0.0,0.0,0.0,0.0,0.0
14,240,12.0,3.847560422332208,1.0,0.0,0.0,0.0,0.0,0.0
15,240,0.0,2.5016081245441506,0.0,1.0,0.0,1.0,0.0,0.0
16,240,6.643751898506324,0.0,1.0,1.0,0.0,1.0,0.0,1.0
17,240,12.0,10.46077055751431,0.0,0.0,0.0,0.0,0.0,0.0
18,240,5.006070383189408,2.954945616273148,1.0,1.0,1.0,0.0,0.0,1.0
19,240,8.788685981313707,7.071300928451691,0.0,0.0,1.0,1.0,1.0,1.0
20,240,5.086255070641925,6.259096500768915,0.0,1.0,0.0,1.0,0.0,0.0
21,240,0.0896911318528388,6.217515894176668,1.0,0.0,1.0,0.0,0.0,0.0
22,240,5.510191378603801,8.32313188537141,0.0,1.0,1.0,0.0,0.0,0.0
23,240,5.626780763848612,0.0,0.0,0.0,0.0,1.0,0.0,0.0
24,240,3.8309727885440994,11.619711736260976,0.0,0.0,0.0,0.0,0.0,1.0
25,240,8.77661476026738,6.698217339879321,0.0,1.0,1.0,0.0,0.0,1.0
26,240,6.0501718889109615,11.011444306321254,0.0,1.0,0.0,1.0,1.0,0.0
27,240,4.9900873477774566,4.500114836821073,1.0,1.0,1.0,0.0,0.0,0.0
28,240,1.6839842612835978,10.815506293536547,1.0,0.0,0.0,0.0,0.0,0.0
29,240,6.93010139727684,12.0,1.0,0.0,1.0,0.0,0.0,0.0
30,240,11.700335806864048,8.643627556844162,0.0,1.0,1.0,0.0,0.0,0.0
31,240,0.0,11.92838092870387,1.0,0.0,1.0,0.0,0.0,1.0
32,240,7.189278381597255,4.199387982212791,0.0,0.0,0.0,0.0,0.0,0.0
33,240,12.0,0.9882447251339284,0.0,0.0,1.0,1.0,0.0,1.0
34,240,0.0,5.113418338621177,0.0,0.0,0.0,1.0,0.0,1.0
35,240,8.159393642943199,7.664648395510645,1.0,0.0,1.0,0.0,0.0,1.0
36,240,6.118556086005928,8.648632334149877,1.0,0.0,0.0,1.0,0.0,1.0
37,240,2.026200148215289,3.1970655387083613,1.0,1.0,0.0,0.0,1.0,0.0
38,240,9.938010045674575,0.6070718654525882,1.0,1.0,0.0,1.0,1.0,1.0
39,240,4.688489815978437,8.048988105850789,1.0,1.0,0.0,0.0,1.0,1.0
0,245,12.0,0.0,0.0,0.0,0.0,0.0,0.0,0.0
1,245,12.0,4.511765608385829,0.0,1.0,1.0,0.0,0.0,1.0
2,245,3.979853525067696,4.516275046792237,0.0,0.0,1.0,1.0,0.0,0.0
3,245,0.0,0.7295805331473794,0.0,0.0,0.0,1.0,0.0,1.0
4,245,1.047399633298555,1.651782740249954,1.0,0.0,1.0,0.0,1.0,1.0
5,245,7.062981324274888,4.556898664439406,0.0,1.0,0.0,0.0,0.0,0.0
6,245,5.952085186638972,7.237408992542554,0.0,0.0,0.0,1.0,1.0,0.0
7,245,12.0,1.7691558271880283,1.0,0.0,0.0,1.0,0.0,0.0
8,245,12.0,6.972285589003797,0.0,0.0,1.0,0.0,0.0,0.0
9,245,0.8886415474281399,2.139990683025761,1.0,0.0,0.0,1.0,0.0,0.0
10,245,2.617609593795938,6.733795012268681,0.0,1.0,0.0,1.0,0.0,0.0
11,245,0.7595876131295245,8.452610620424403,1.0,1.0,1.0,0.0,0.0,0.0
12,245,10.470465045721088,4.821308728120568,1.0,0.0,0.0,0.0,1.0,0.0
13,245,11.962609827686917,11.778787602620763,0.0,0.0,0.0,0.0,0.0,0.0
14,245,12.0,3.822749463272091,1.0,0.0,0.0,0.0,0.0,0.0
15,245,0.0,2.305898782517773,0.0,1.0,0.0,1.0,0.0,0.0
16,245,6.605481836305964,0.0,1.0,1.0,0.0,1.0,0.0,1.0
17,245,12.0,10.492083135410551,0.0,0.0,0.0,0.0,0.0,0.0
18,245,5.073086312027147,2.992359641234761,1.0,1.0,1.0,0.0,0.0,1.0
19,245,9.067995512258117,6.989295634813376,0.0,0.0,1.0,1.0,1.0,1.0
20,245,5.075642486817465,6.310926664158634,0.0,1.0,0.0,1.0,0.0,0.0
21,245,0.0872666057635676,6.215360590331741,1.0,0.0,1.0,0.0,0.0,0.0
22,245,5.557607170779757,8.2997739001657,0.0,1.0,1.0,0.0,0.0,0.0
23,245,5.733379240784055,0.0,0.0,0.0,0.0,1.0,0.0,0.0
24,245,3.8325555453256768,11.614223636526376,0.0,0.0,0.0,0.0,0.0,1.0
25,245,8.795485745096723,6.626191356954574,0.0,1.0,1.0,0.0,0.0,1.0
26,245,6.05129027087859,10.98815654621616,0.0,1.0,0.0,1.0,1.0,0.0
27,245,5.0268835786445525,4.525585120290867,1.0,1.0,1.0,0.0,0.0,0.0
28,245,1.6810708108374204,10.82235174821015,1.0,0.0,0.0,0.0,0.0,0.0
29,245,7.074931084213141,12.0,1.0,0.0,1.0,0.0,0.0,0.0
30,245,11.764205491451335,8.666115660334277,0.0,1.0,1.0,0.0,0.0,0.0
31,245,0.0,11.893912575835673,1.0,0.0,1.0,0.0,0.0,1.0
32,245,7.214998478481541,4.16578311543908,0.0,0.0,0.0,0.0,0.0,0.0
33,245,11.997428140452374,1.1386601714353968,0.0,0.0,1.0,1.0,0.0,1.0
34,245,0.0,5.115335246986449,0.0,0.0,0.0,1.0,0.0,1.0
35,245,8.160566814135843,7.668605022128977,1.0,0.0,1.0,0.0,0.0,1.0
36,245,6.1167407762904125,8.648074239349391,1.0,0.0,0.0,1.0,0.0,1.0
37,245,2.0181165624272825,3.189603504050584,1.0,1.0,0.0,0.0,1.0,0.0
38,245,10.017690939719406,0.6515134610992351,1.0,1.0,0.0,1.0,1.0,1.0
39,245,4.629545869530399,8.014822107951833,1.0,1.0,0.0,0.0,1.0,1.0
0,250,12.0,0.0,0.0,0.0,0.0,0.0,0.0,0.0
1,250,12.0,4.446544576011862,0.0,1.0,1.0,0.0,0.0,1.0
2,250,4.039823372355717,4.476337059665547,0.0,0.0,1.0,1.0,0.0,0.0
3,250,0.0,0.711321098935748,0.0,0.0,0.0,1.0,0.0,1.0
4,250,1.0086512371716896,1.6713987870185705,1.0,0.0,1.0,0.0,1.0,1.0
5,250,7.05216821113452,4.609848120937323,0.0,1.0,0.0,0.0,0.0,0.0
6,250,5.936772522844701,7.228980972888054,0.0,0.0,0.0,1.0,1.0,0.0
7,250,12.0,1.782574110269947,1.0,0.0,0.0,1.0,0.0,0.0
8,250,12.0,6.957337458955194,0.0,0.0,1.0,0.0,0.0,0.0
9,250,0.9155207694932624,2.148151035171001,1.0,0.0,0.0,1.0,0.0,0.0
10,250,2.582893445520691,6.660038638818617,0.0,1.0,0.0,1.0,0.0,0.0
11,250,0.7692719199316488,8.526196213231978,1.0,1.0,1.0,0.0,0.0,0.0
12,250,10.687704991794655,4.758546203360276,1.0,0.0,0.0,0.0,1.0,0.0
13,250,11.954360807219294,11.734281457138495,0.0,0.0,0.0,0.0,0.0,0.0
14,250,12.0,3.7899994004858377,1.0,0.0,0.0,0.0,0.0,0.0
15,250,0.0,2.1132562247944664,0.0,1.0,0.0,1.0,0.0,0.0
16,250,6.569057990974095,0.0,1.0,1.0,0.0,1.0,0.0,1.0
17,250,12.0,10.52777110619134,0.0,0.0,0.0,0.0,0.0,0.0
18,250,5.140178116709744,3.0335286277573803,1.0,1.0,1.0,0.0,0.0,1.0
19,250,9.365521039095844,6.899831300678081,0.0,0.0,1.0,1.0,1.0,1.0
20,250,5.061472429722841,6.37413220065714,0.0,1.0,0.0,1.0,0.0,0.0
21,250,0.0949969518520128,6.222249275239339,1.0,0.0,1.0,0.0,0.0,0.0
22,250,5.626660917454226,8.262353333253094,0.0,1.0,1.0,0.0,0.0,0.0
23,250,5.831482262883689,0.0,0.0,0.0,0.0,1.0,0.0,0.0
24,250,3.832162074982395,11.615472390449945,0.0,0.0,0.0,0.0,0.0,1.0
25,250,8.808455321365493,6.579562264686095,0.0,1.0,1.0,0.0,0.0,1.0
26,250,6.051255156697066,10.988907072952111,0.0,1.0,0.0,1.0,1.0,0.0
27,250,5.061872412851398,4.550337926290763,1.0,1.0,1.0,0.0,0.0,0.0
28,250,1.6894331661236368,10.80006224481106,1.0,0.0,0.0,0.0,0.0,0.0
29,250,7.184349562020697,11.865503185297234,1.0,0.0,1.0,0.0,0.0,0.0
30,250,11.843342792079996,8.695399392091149,0.0,1.0,1.0,0.0,0.0,0.0
31,250,0.0,11.86146182277384,1.0,0.0,1.0,0.0,0.0,1.0
32,250,7.240167293494397,4.1335377780225135,0.0,0.0,0.0,0.0,0.0,0.0
33,250,11.994660743646298,1.2993371754181609,0.0,0.0,1.0,1.0,0.0,1.0
34,250,0.0,5.117418931323466,0.0,0.0,0.0,1.0,0.0,1.0
35,250,8.163758205569234,7.680538788780692,1.0,0.0,1.0,0.0,0.0,1.0
36,250,6.107755837036112,8.645518885844343,1.0,0.0,0.0,1.0,0.0,1.0
37,250,2.008853676206041,3.1809874910526075,1.0,1.0,0.0,0.0,1.0,0.0
38,250,10.075637266268233,0.6845889604258046,1.0,1.0,0.0,1.0,1.0,1.0
39,250,4.576487218110522,7.981719733042772,1.0,1.0,0.0,0.0,1.0,1.0
0,255,12.0,0.0,0.0,0.0,0.0,0.0,0.0,0.0
1,255,12.0,4.387624027041715,0.0,1.0,1.0,0.0,0.0,1.0
2,255,4.082436738990041,4.447602356581903,0.0,0.0,1.0,1.0,0.0,0.0
3,255,0.0,0.6956995222097221,0.0,0.0,0.0,1.0,0.0,1.0
4,255,0.9608958874120836,1.6959161860140342,1.0,0.0,1.0,0.0,1.0,1.0
5,255,7.041428726205824,4.668974687797521,0.0,1.0,0.0,0.0,0.0,0.0
6,255,5.913431189681695,7.216638430254997,0.0,0.0,0.0,1.0,1.0,0.0
7,255,12.0,1.7953301557609582,1.0,0.0,0.0,1.0,0.0,0.0
8,255,12.0,6.947604349564814,0.0,0.0,1.0,0.0,0.0,0.0
9,255,0.9678867395955592,2.164495453785379,1.0,0.0,0.0,1.0,0.0,0.0
10,255,2.5424484365710294,6.574499738272957,0.0,1.0,0.0,1.0,0.0,0.0
11,255,0.7782186361735662,8.60022388853111,1.0,1.0,1.0,0.0,0.0,0.0
12,255,10.90194702151674,4.69157371994694,1.0,0.0,0.0,0.0,1.0,0.0
13,255,11.948531991954924,11.702011825647912,0.0,0.0,0.0,0.0,0.0,0.0
14,255,12.0,3.7568299312920583,1.0,0.0,0.0,0.0,0.0,0.0
15,255,0.1926911014982039,1.920134585362422,0.0,1.0,0.0,1.0,0.0,0.0
16,255,6.530062411176962,0.0,1.0,1.0,0.0,1.0,0.0,1.0
17,255,12.0,10.562089028262596,0.0,0.0,0.0,0.0,0.0,0.0
18,255,5.218190975897463,3.081786601764638,1.0,1.0,1.0,0.0,0.0,1.0
19,255,9.665021893944436,6.817751126381487,0.0,0.0,1.0,1.0,1.0,1.0
20,255,5.049342566906791,6.446186628091211,0.0,1.0,0.0,1.0,0.0,0.0
21,255,0.102609900430723,6.229270393175346,1.0,0.0,1.0,0.0,0.0,0.0
22,255,5.687923388503964,8.226098046967813,0.0,1.0,1.0,0.0,0.0,0.0
23,255,5.902366149886372,0.0,0.0,0.0,0.0,1.0,0.0,0.0
24,255,3.839878090361467,11.590703983711508,0.0,0.0,0.0,0.0,0.0,1.0
25,255,8.815721163924737,6.553736665060757,0.0,1.0,1.0,0.0,0.0,1.0
26,255,6.051229991685243,10.989741784223238,0.0,1.0,0.0,1.0,1.0,0.0
27,255,5.107733195240677,4.583809933923124,1.0,1.0,1.0,0.0,0.0,0.0
28,255,1.6997728305466442,10.77096808615263,1.0,0.0,0.0,0.0,0.0,0.0
29,255,7.28825836310301,11.739518584710687,1.0,0.0,1.0,0.0,0.0,0.0
30,255,11.931562221260226,8.730093026215773,0.0,1.0,1.0,0.0,0.0,0.0
31,255,0.0,11.83775282586006,1.0,0.0,1.0,0.0,0.0,1.0
32,255,7.25784464470308,4.112573106613407,0.0,0.0,0.0,0.0,0.0,0.0
33,255,11.99580777696414,1.451530549945581,0.0,0.0,1.0,1.0,0.0,1.0
34,255,0.0,5.12026458946338,0.0,0.0,0.0,1.0,0.0,1.0
35,255,8.164519603045555,7.683215734556088,1.0,0.0,1.0,0.0,0.0,1.0
36,255,6.09308285430709,8.641096145253234,1.0,0.0,0.0,1.0,0.0,1.0
37,255,1.9984520313468792,3.171618743576765,1.0,1.0,0.0,0.0,1.0,0.0
38,255,10.14086890161582,0.7208643036826359,1.0,1.0,0.0,1.0,1.0,1.0
39,255,4.528321812712297,7.949958484870497,1.0,1.0,0.0,0.0,1.0,1.0
0,260,12.0,0.0,0.0,0.0,0.0,0.0,0.0,0.0
1,260,12.0,4.345459627588523,0.0,1.0,1.0,0.0,0.0,1.0
2,260,4.118578902105139,4.422965894285944,0.0,0.0,1.0,1.0,0.0,0.0
3,260,0.0,0.6835173972026587,0.0,0.0,0.0,1.0,0.0,1.0
4,260,0.9187426302850902,1.7173425747582731,1.0,0.0,1.0,0.0,1.0,1.0
5,260,7.030458901602554,4.730545882592611,0.0,1.0,0.0,0.0,0.0,0.0
6,260,5.882756444727177,7.201020047273056,0.0,0.0,0.0,1.0,1.0,0.0
7,260,12.0,1.8125566678235387,1.0,0.0,0.0,1.0,0.0,0.0
8,260,12.0,6.941545862615941,0.0,0.0,1.0,0.0,0.0,0.0
9,260,1.0466825966465938,2.188805179075496,1.0,0.0,0.0,1.0,0.0,0.0
10,260,2.5066376010981006,6.503563029400256,0.0,1.0,0.0,1.0,0.0,0.0
11,260,0.7867274910964044,8.675965042994584,1.0,1.0,1.0,0.0,0.0,0.0
12,260,10.96513243781783,4.885453426152641,1.0,0.0,0.0,0.0,1.0,0.0
13,260,11.942161548753145,11.665382817205916,0.0,0.0,0.0,0.0,0.0,0.0
14,260,12.0,3.735644514270405,1.0,0.0,0.0,0.0,0.0,0.0
15,260,0.3713749883153037,1.7430899333564955,0.0,1.0,0.0,1.0,0.0,0.0
16,260,6.496657777110321,0.0,1.0,1.0,0.0,1.0,0.0,1.0
17,260,12.0,10.593811322498432,0.0,0.0,0.0,0.0,0.0,0.0
18,260,5.288392603729421,3.124872208232872,1.0,1.0,1.0,0.0,0.0,1.0
19,260,9.945558952125223,6.7355181438934775,0.0,0.0,1.0,1.0,1.0,1.0
20,260,5.036215213050279,6.519276054604206,0.0,1.0,0.0,1.0,0.0,0.0
21,260,0.1099742594810499,6.236199734176149,1.0,0.0,1.0,0.0,0.0,0.0
22,260,5.772527000056092,8.175502986168498,0.0,1.0,1.0,0.0,0.0,0.0
23,260,5.961660799606318,0.0,0.0,0.0,0.0,1.0,0.0,0.0
24,260,3.8462732847008954,11.570235944209438,0.0,0.0,0.0,0.0,0.0,1.0
25,260,8.823561121371755,6.52592114780249,0.0,1.0,1.0,0.0,0.0,1.0
26,260,6.05124652414683,10.988232761026383,0.0,1.0,0.0,1.0,1.0,0.0
27,260,5.149699155302123,4.615226989557602,1.0,1.0,1.0,0.0,0.0,0.0
28,260,1.7106810376474593,10.741141163774534,1.0,0.0,0.0,0.0,0.0,0.0
29,260,7.405300706876232,11.601448751391343,1.0,0.0,1.0,0.0,0.0,0.0
30,260,12.0,8.77174361098102,0.0,1.0,1.0,0.0,0.0,0.0
31,260,0.0,11.815541837100694,1.0,0.0,1.0,0.0,0.0,1.0
32,260,7.237128947181661,4.095660370287862,0.0,0.0,0.0,0.0,0.0,0.0
33,260,12.0,1.624933610336439,0.0,0.0,1.0,1.0,0.0,1.0
34,260,0.0,5.121991583799993,0.0,0.0,0.0,1.0,0.0,1.0
35,260,8.160927340269986,7.670049944960026,1.0,0.0,1.0,0.0,0.0,1.0
36,260,6.084922417788503,8.63857804248433,1.0,0.0,0.0,1.0,0.0,1.0
37,260,1.9912217599128164,3.1651151602717467,1.0,1.0,0.0,0.0,1.0,0.0
38,260,10.186448746843622,0.7458787589919931,1.0,1.0,0.0,1.0,1.0,1.0
39,260,4.48855232614173,7.92026065049297,1.0,1.0,0.0,0.0,1.0,1.0
0,265,12.0,0.0,0.0,0.0,0.0,0.0,0.0,0.0
1,265,12.0,4.291387172522607,0.0,1.0,1.0,0.0,0.0,1.0
2,265,4.149202051479952,4.40251052303207,0.0,0.0,1.0,1.0,0.0,0.0
3,265,0.0,0.6667411944402686,0.0,0.0,0.0,1.0,0.0,1.0
4,265,0.8769130136302734,1.7369013140852074,1.0,0.0,1.0,0.0,1.0,1.0
5,265,7.020092426590451,4.783915485086707,0.0,1.0,0.0,0.0,0.0,0.0
6,265,5.855554045735287,7.186741467163735,0.0,0.0,0.0,1.0,1.0,0.0
7,265,12.0,1.8283080330646944,1.0,0.0,0.0,1.0,0.0,0.0
8,265,12.0,6.935846039673778,0.0,0.0,1.0,0.0,0.0,0.0
9,265,1.1477953613740708,2.217097703159172,1.0,0.0,0.0,1.0,0.0,0.0
10,265,2.470352428904502,6.431408748503635,0.0,1.0,0.0,1.0,0.0,0.0
11,265,0.7985222148499028,8.766753966090887,1.0,1.0,1.0,0.0,0.0,0.0
12,265,11.017074001465833,5.073702466181864,1.0,0.0,0.0,0.0,1.0,0.0
13,265,11.938570891850691,11.640917813079122,0.0,0.0,0.0,0.0,0.0,0.0
14,265,12.0,3.7177233753256633,1.0,0.0,0.0,0.0,0.0,0.0
15,265,0.5640813224180461,1.5541885191232183,0.0,1.0,0.0,1.0,0.0,0.0
16,265,6.464073615839372,0.0,1.0,1.0,0.0,1.0,0.0,1.0
17,265,12.0,10.629806396147384,0.0,0.0,0.0,0.0,0.0,0.0
18,265,5.366854627584893,3.1720287175335216,1.0,1.0,1.0,0.0,0.0,1.0
19,265,10.212172004473889,6.6573054102156,0.0,0.0,1.0,1.0,1.0,1.0
20,265,5.019485455468135,6.600989063681167,0.0,1.0,0.0,1.0,0.0,0.0
21,265,0.1227554148585399,6.247814583100574,1.0,0.0,1.0,0.0,0.0,0.0
22,265,5.862181843954305,8.119752482870593,0.0,1.0,1.0,0.0,0.0,0.0
23,265,6.039925525523016,0.0,0.0,0.0,0.0,1.0,0.0,0.0
24,265,3.850390307506947,11.55811381446652,0.0,0.0,0.0,0.0,0.0,1.0
25,265,8.82897070325606,6.507791273608507,0.0,1.0,1.0,0.0,0.0,1.0
26,265,6.05114725237584,11.011593873175588,0.0,1.0,0.0,1.0,1.0,0.0
27,265,5.193115689594233,4.646540962558197,1.0,1.0,1.0,0.0,0.0,0.0
28,265,1.7245936954606438,10.703220986204638,1.0,0.0,0.0,0.0,0.0,0.0
29,265,7.523409493976432,11.458624298181014,1.0,0.0,1.0,0.0,0.0,0.0
30,265,12.0,8.817352149554937,0.0,1.0,1.0,0.0,0.0,0.0
31,265,0.0,11.792906460386098,1.0,0.0,1.0,0.0,0.0,1.0
32,265,7.231997354018472,4.091669431771356,0.0,0.0,0.0,0.0,0.0,0.0
33,265,12.0,1.795390553926996,0.0,0.0,1.0,1.0,0.0,1.0
34,265,0.0,5.123803952891854,0.0,0.0,0.0,1.0,0.0,1.0
35,265,8.155382970453473,7.649391417791151,1.0,0.0,1.0,0.0,0.0,1.0
36,265,6.057049811215797,8.630121335330458,1.0,0.0,0.0,1.0,0.0,1.0
37,265,1.9898022759432925,3.16380358480378,1.0,1.0,0.0,0.0,1.0,0.0
38,265,10.24095557732626,0.7764579911970868,1.0,1.0,0.0,1.0,1.0,1.0
39,265,4.438846302453823,7.8833428586943555,1.0,1.0,0.0,0.0,1.0,1.0
0,270,12.0,0.0,0.0,0.0,0.0,0.0,0.0,0.0
1,270,12.0,4.255729442948784,0.0,1.0,1.0,0.0,0.0,1.0
2,270,4.185241334786867,4.378832027968596,0.0,0.0,1.0,1.0,0.0,0.0
3,270,0.0,0.6468342181757282,0.0,0.0,0.0,1.0,0.0,1.0
4,270,0.8365684024647345,1.7563879425368856,1.0,0.0,1.0,0.0,1.0,1.0
5,270,7.009025857591058,4.844625980215082,0.0,1.0,0.0,0.0,0.0,0.0
6,270,5.825079562410641,7.170546966245349,0.0,0.0,0.0,1.0,1.0,0.0
7,270,12.0,1.8402912521426165,1.0,0.0,0.0,1.0,0.0,0.0
8,270,12.0,6.935219428193084,0.0,0.0,1.0,0.0,0.0,0.0
9,270,1.24067980598202,2.240770457537784,1.0,0.0,0.0,1.0,0.0,0.0
10,270,2.4384892380434717,6.366749218366987,0.0,1.0,0.0,1.0,0.0,0.0
11,270,0.8057859698599185,8.824671617180856,1.0,1.0,1.0,0.0,0.0,0.0
12,270,11.074875928003198,5.276269929217237,1.0,0.0,0.0,0.0,1.0,0.0
13,270,11.933667768216532,11.610577551064765,0.0,0.0,0.0,0.0,0.0,0.0
14,270,12.0,3.6946025822702544,1.0,0.0,0.0,0.0,0.0,0.0
15,270,0.7472768873861928,1.3740263796435084,0.0,1.0,0.0,1.0,0.0,0.0
16,270,6.438447558616521,0.0,1.0,1.0,0.0,1.0,0.0,1.0
17,270,12.0,10.66210305491444,0.0,0.0,0.0,0.0,0.0,0.0
18,270,5.4615184244553525,3.225170027284906,1.0,1.0,1.0,0.0,0.0,1.0
19,270,10.293084728890072,6.913157234051831,0.0,0.0,1.0,1.0,1.0,1.0
20,270,5.005839727082089,6.658631025514368,0.0,1.0,0.0,1.0,0.0,0.0
21,270,0.1328689566255849,6.256678792932603,1.0,0.0,1.0,0.0,0.0,0.0
22,270,5.955806121742256,8.059437010537506,0.0,1.0,1.0,0.0,0.0,0.0
23,270,6.12404618469219,0.0,0.0,0.0,0.0,1.0,0.0,0.0
24,270,3.859086306745864,11.533903291283371,0.0,0.0,0.0,0.0,0.0,1.0
25,270,8.831405039517914,6.4992559352892965,0.0,1.0,1.0,0.0,0.0,1.0
26,270,6.051276477664774,11.033271053935342,0.0,1.0,0.0,1.0,1.0,0.0
27,270,5.230365673931341,4.674366247863275,1.0,1.0,1.0,0.0,0.0,0.0
28,270,1.743627363222462,10.653777331538468,1.0,0.0,0.0,0.0,0.0,0.0
29,270,7.6251801475624355,11.33520187458869,1.0,0.0,1.0,0.0,0.0,0.0
30,270,12.0,8.863184411237043,0.0,1.0,1.0,0.0,0.0,0.0
31,270,0.0,11.783099412846653,1.0,0.0,1.0,0.0,0.0,1.0
32,270,7.230521261570855,4.090566462999629,0.0,0.0,0.0,0.0,0.0,0.0
33,270,12.0,1.963050203442239,0.0,0.0,1.0,1.0,0.0,1.0
34,270,0.0,5.124162231631364,0.0,0.0,0.0,1.0,0.0,1.0
35,270,8.148366564762073,7.622805031686903,1.0,0.0,1.0,0.0,0.0,1.0
36,270,6.016002866516151,8.617340189642132,1.0,0.0,0.0,1.0,0.0,1.0
37,270,1.9952633110369364,3.1687817712447246,1.0,1.0,0.0,0.0,1.0,0.0
38,270,10.319121641338588,0.81855721451655,1.0,1.0,0.0,1.0,1.0,1.0
39,270,4.391206118938831,7.847285956689458,1.0,1.0,0.0,0.0,1.0,1.0
0,275,12.0,0.0,0.0,0.0,0.0,0.0,0.0,0.0
1,275,12.0,4.219719635367303,0.0,1.0,1.0,0.0,0.0,1.0
2,275,4.220652075687991,4.355995651840755,0.0,0.0,1.0,1.0,0.0,0.0
3,275,0.0,0.6219665850381026,0.0,0.0,0.0,1.0,0.0,1.0
4,275,0.8098214643629669,1.769858876122545,1.0,0.0,1.0,0.0,1.0,1.0
5,275,6.997066703809796,4.910626433664419,0.0,1.0,0.0,0.0,0.0,0.0
6,275,5.792246863264279,7.152344624577227,0.0,0.0,0.0,1.0,1.0,0.0
7,275,12.0,1.858012406344861,1.0,0.0,0.0,1.0,0.0,0.0
8,275,11.985324370715654,6.940111143047343,0.0,0.0,1.0,0.0,0.0,0.0
9,275,1.3189702287798428,2.260493754884122,1.0,0.0,0.0,1.0,0.0,0.0
10,275,2.4038567241373423,6.297382487217294,0.0,1.0,0.0,1.0,0.0,0.0
11,275,0.8129643750456444,8.88165132460449,1.0,1.0,1.0,0.0,0.0,0.0
12,275,11.126539102266015,5.453069709357362,1.0,0.0,0.0,0.0,1.0,0.0
13,275,11.9262155170722,11.561413998412757,0.0,0.0,0.0,0.0,0.0,0.0
14,275,12.0,3.669216015096199,1.0,0.0,0.0,0.0,0.0,0.0
15,275,0.907347996820586,1.2148509194795247,0.0,1.0,0.0,1.0,0.0,0.0
16,275,6.415677689024458,0.0,1.0,1.0,0.0,1.0,0.0,1.0
17,275,12.0,10.696894864311702,0.0,0.0,0.0,0.0,0.0,0.0
18,275,5.574218481575796,3.287713452448712,1.0,1.0,1.0,0.0,0.0,1.0
19,275,10.379994786403934,7.170336572474837,0.0,0.0,1.0,1.0,1.0,1.0
20,275,4.991713014290884,6.715845806506883,0.0,1.0,0.0,1.0,0.0,0.0
21,275,0.1329939240456497,6.256789675093735,1.0,0.0,1.0,0.0,0.0,0.0
22,275,6.059313569217406,7.994196196664177,0.0,1.0,1.0,0.0,0.0,0.0
23,275,6.20650775532647,0.0,0.0,0.0,0.0,1.0,0.0,0.0
24,275,3.867907428878339,11.509766470946817,0.0,0.0,0.0,0.0,0.0,1.0
25,275,8.833049574098116,6.493515200165467,0.0,1.0,1.0,0.0,0.0,1.0
26,275,6.051142441430285,11.057390805688549,0.0,1.0,0.0,1.0,1.0,0.0
27,275,5.258793701531758,4.695550077708238,1.0,1.0,1.0,0.0,0.0,0.0
28,275,1.7543981363359569,10.627303716682237,1.0,0.0,0.0,0.0,0.0,0.0
29,275,7.743497458485791,11.192528187407651,1.0,0.0,1.0,0.0,0.0,0.0
30,275,12.0,8.9146303159344,0.0,1.0,1.0,0.0,0.0,0.0
31,275,0.0,11.77127104604987,1.0,0.0,1.0,0.0,0.0,1.0
32,275,7.237797514307688,4.096338716078564,0.0,0.0,0.0,0.0,0.0,0.0
33,275,12.0,2.122928537915385,0.0,0.0,1.0,1.0,0.0,1.0
34,275,0.0,5.127115133252825,0.0,0.0,0.0,1.0,0.0,1.0
35,275,8.14048551959087,7.592913074316721,1.0,0.0,1.0,0.0,0.0,1.0
36,275,5.980710837384742,8.60551744323492,1.0,0.0,0.0,1.0,0.0,1.0
37,275,1.99078215265137,3.164542600412271,1.0,1.0,0.0,0.0,1.0,0.0
38,275,10.40742572413795,0.8622037807922258,1.0,1.0,0.0,1.0,1.0,1.0
39,275,4.334698246942928,7.801330100478547,1.0,1.0,0.0,0.0,1.0,1.0
0,280,12.0,0.0,0.0,0.0,0.0,0.0,0.0,0.0
1,280,12.0,4.181255745705254,0.0,1.0,1.0,0.0,0.0,1.0
2,280,4.239296012387529,4.344101400686943,0.0,0.0,1.0,1.0,0.0,0.0
3,280,0.0,0.597323832382764,0.0,0.0,0.0,1.0,0.0,1.0
4,280,0.7904690057939052,1.7790773190392934,1.0,0.0,1.0,0.0,1.0,1.0
5,280,6.982668141820255,4.9770311588737925,0.0,1.0,0.0,0.0,0.0,0.0
6,280,5.748768440095922,7.130060033756002,0.0,0.0,0.0,1.0,1.0,0.0
7,280,12.0,1.8777218332203471,1.0,0.0,0.0,1.0,0.0,0.0
8,280,11.97104668770402,6.944700452173944,0.0,0.0,1.0,0.0,0.0,0.0
9,280,1.3901416906511226,2.278983977103981,1.0,0.0,0.0,1.0,0.0,0.0
10,280,2.3727770113907938,6.236021454571614,0.0,1.0,0.0,1.0,0.0,0.0
11,280,0.8206161651529351,8.939619198665717,1.0,1.0,1.0,0.0,0.0,0.0
12,280,11.17137848363511,5.607665476982607,1.0,0.0,0.0,0.0,1.0,0.0
13,280,11.92083831288065,11.5208339167577,0.0,0.0,0.0,0.0,0.0,0.0
14,280,12.0,3.6541861267424567,1.0,0.0,0.0,0.0,0.0,0.0
15,280,1.0539124670586832,1.0733672190335437,0.0,1.0,0.0,1.0,0.0,0.0
16,280,6.3926962151626805,0.0,1.0,1.0,0.0,1.0,0.0,1.0
17,280,12.0,10.72994422823234,0.0,0.0,0.0,0.0,0.0,0.0
18,280,5.681569189158441,3.347658982250423,1.0,1.0,1.0,0.0,0.0,1.0
19,280,10.47191528156186,7.428840199510409,0.0,0.0,1.0,1.0,1.0,1.0
20,280,4.973781015189086,6.783590770946903,0.0,1.0,0.0,1.0,0.0,0.0
21,280,0.1430747929376205,6.265155418439925,1.0,0.0,1.0,0.0,0.0,0.0
22,280,6.163320253552055,7.9263086781361745,0.0,1.0,1.0,0.0,0.0,0.0
23,280,6.29599772602199,0.0,0.0,0.0,0.0,1.0,0.0,0.0
24,280,3.8807439747068058,11.473738078565626,0.0,0.0,0.0,0.0,0.0,1.0
25,280,8.832300665249027,6.496182341313454,0.0,1.0,1.0,0.0,0.0,1.0
26,280,6.050462706001628,11.091101526064364,0.0,1.0,0.0,1.0,1.0,0.0
27,280,5.2757839424806745,4.708496249051657,1.0,1.0,1.0,0.0,0.0,0.0
28,280,1.769884877053476,10.5900294469467,1.0,0.0,0.0,0.0,0.0,0.0
29,280,7.855226819046526,11.051334858746486,1.0,0.0,1.0,0.0,0.0,0.0
30,280,12.0,8.967822107346207,0.0,1.0,1.0,0.0,0.0,0.0
31,280,0.0,11.73268679550831,1.0,0.0,1.0,0.0,0.0,1.0
32,280,7.240764099438444,4.098772366814511,0.0,0.0,0.0,0.0,0.0,0.0
33,280,12.0,2.2804911040795344,0.0,0.0,1.0,1.0,0.0,1.0
34,280,0.0,5.132355376437502,0.0,0.0,0.0,1.0,0.0,1.0
35,280,8.176305510595444,7.582738517680731,1.0,0.0,1.0,0.0,0.0,1.0
36,280,5.932028080632864,8.59016475121501,1.0,0.0,0.0,1.0,0.0,1.0
37,280,1.9773317429032615,3.151566268415447,1.0,1.0,0.0,0.0,1.0,0.0
38,280,10.494014059677646,0.9067117844505262,1.0,1.0,0.0,1.0,1.0,1.0
39,280,4.286950240966413,7.764601538392317,1.0,1.0,0.0,0.0,1.0,1.0
0,285,12.0,0.0,0.0,0.0,0.0,0.0,0.0,0.0
1,285,12.0,4.145437243800267,0.0,1.0,1.0,0.0,0.0,1.0
2,285,4.252581391728706,4.335645273969848,0.0,0.0,1.0,1.0,0.0,0.0
3,285,0.0,0.5772022840976765,0.0,0.0,0.0,1.0,0.0,1.0
4,285,0.7819980883947345,1.7828438796460522,1.0,0.0,1.0,0.0,1.0,1.0
5,285,6.966184114515662,5.056549734473514,0.0,1.0,0.0,0.0,0.0,0.0
6,285,5.7127537677206695,7.112368128259155,0.0,0.0,0.0,1.0,1.0,0.0
7,285,12.0,1.8998939644239208,1.0,0.0,0.0,1.0,0.0,0.0
8,285,11.96496101339935,6.946608386513919,0.0,0.0,1.0,0.0,0.0,0.0
9,285,1.489135607889115,2.306449193454695,1.0,0.0,0.0,1.0,0.0,0.0
10,285,2.346303740555507,6.182758456337733,0.0,1.0,0.0,1.0,0.0,0.0
11,285,0.8288741220958106,9.017013399842488,1.0,1.0,1.0,0.0,0.0,0.0
12,285,11.220092866030386,5.771394406063022,1.0,0.0,0.0,0.0,1.0,0.0
13,285,11.91306904540439,11.466472474302403,0.0,0.0,0.0,0.0,0.0,0.0
14,285,11.998043991549132,3.6561964649540295,1.0,0.0,0.0,0.0,0.0,0.0
15,285,1.1976806182594584,0.9341622371519168,0.0,1.0,0.0,1.0,0.0,0.0
16,285,6.3695414216938655,0.0,1.0,1.0,0.0,1.0,0.0,1.0
17,285,12.0,10.758661946229022,0.0,0.0,0.0,0.0,0.0,0.0
18,285,5.780464154845146,3.403060777616438,1.0,1.0,1.0,0.0,0.0,1.0
19,285,10.563936084264467,7.697465548109319,0.0,0.0,1.0,1.0,1.0,1.0
20,285,4.95741175727373,6.856918706455606,0.0,1.0,0.0,1.0,0.0,0.0
21,285,0.1741488684776603,6.288872123902572,1.0,0.0,1.0,0.0,0.0,0.0
22,285,6.26730985869767,7.856041459620187,0.0,1.0,1.0,0.0,0.0,0.0
23,285,6.369965498544048,0.0,0.0,0.0,0.0,1.0,0.0,0.0
24,285,3.902477302336699,11.413830638873096,0.0,0.0,0.0,0.0,0.0,1.0
25,285,8.8332458988093,6.4930140259881055,0.0,1.0,1.0,0.0,0.0,1.0
26,285,6.050332926726856,11.128846210103111,0.0,1.0,0.0,1.0,1.0,0.0
27,285,5.2793389666527055,4.711147290853596,1.0,1.0,1.0,0.0,0.0,0.0
28,285,1.7867868878416755,10.54619488367102,1.0,0.0,0.0,0.0,0.0,0.0
29,285,7.963748382757134,10.91312753974229,1.0,0.0,1.0,0.0,0.0,0.0
30,285,12.0,9.0300951296356,0.0,1.0,1.0,0.0,0.0,0.0
31,285,0.0,11.691686137567798,1.0,0.0,1.0,0.0,0.0,1.0
32,285,7.248499520646618,4.10549506919066,0.0,0.0,0.0,0.0,0.0,0.0
33,285,12.0,2.4080781788288323,0.0,0.0,1.0,1.0,0.0,1.0
34,285,0.0,5.131011589498506,0.0,0.0,0.0,1.0,0.0,1.0
35,285,8.227544268720461,7.566982847427173,1.0,0.0,1.0,0.0,0.0,1.0
36,285,5.888586622396336,8.57557704229862,1.0,0.0,0.0,1.0,0.0,1.0
37,285,1.9794452118663728,3.153429415554308,1.0,1.0,0.0,0.0,1.0,0.0
38,285,10.592229855073333,0.9571792452860136,1.0,1.0,0.0,1.0,1.0,1.0
39,285,4.241874913076141,7.728884997935104,1.0,1.0,0.0,0.0,1.0,1.0
0,290,12.0,0.0,0.0,0.0,0.0,0.0,0.0,0.0
1,290,12.0,4.105247053781372,0.0,1.0,1.0,0.0,0.0,1.0
2,290,4.256141531640452,4.333461759954166,0.0,0.0,1.0,1.0,0.0,0.0
3,290,0.0,0.5577388151889731,0.0,0.0,0.0,1.0,0.0,1.0
4,290,0.777506913880427,1.78478633049777,1.0,0.0,1.0,0.0,1.0,1.0
5,290,6.945516207440764,5.146252453159716,0.0,1.0,0.0,0.0,0.0,0.0
6,290,5.659713278535246,7.087035492413071,0.0,0.0,0.0,1.0,1.0,0.0
7,290,12.0,1.9277833806184963,1.0,0.0,0.0,1.0,0.0,0.0
8,290,11.964211250722617,6.946830040315619,0.0,0.0,1.0,0.0,0.0,0.0
9,290,1.6021179850188303,2.340531173982513,1.0,0.0,0.0,1.0,0.0,0.0
10,290,2.3136184179037884,6.121883583494641,0.0,1.0,0.0,1.0,0.0,0.0
11,290,0.8348579663752687,9.083008223949046,1.0,1.0,1.0,0.0,0.0,0.0
12,290,11.26058397849413,5.920095348838176,1.0,0.0,0.0,0.0,1.0,0.0
13,290,11.905984614848895,11.41835416427759,0.0,0.0,0.0,0.0,0.0,0.0
14,290,12.0,3.6427104464233127,1.0,0.0,0.0,0.0,0.0,0.0
15,290,1.3328523665397674,0.8048479098265956,0.0,1.0,0.0,1.0,0.0,0.0
16,290,6.344971581685843,0.0,1.0,1.0,0.0,1.0,0.0,1.0
17,290,12.0,10.791083838113972,0.0,0.0,0.0,0.0,0.0,0.0
18,290,5.904638265729779,3.4701872634662183,1.0,1.0,1.0,0.0,0.0,1.0
19,290,10.661843924047831,7.960151752837986,0.0,0.0,1.0,1.0,1.0,1.0
20,290,4.9397272917421455,6.930089232696371,0.0,1.0,0.0,1.0,0.0,0.0
21,290,0.2106531512875969,6.315491188392931,1.0,0.0,1.0,0.0,0.0,0.0
22,290,6.3792445027268965,7.781376537394143,0.0,1.0,1.0,0.0,0.0,0.0
23,290,6.436311167993054,0.0,0.0,0.0,0.0,1.0,0.0,0.0
24,290,3.926538090482061,11.346683152593712,0.0,0.0,0.0,0.0,0.0,1.0
25,290,8.833552528466496,6.492052491984686,0.0,1.0,1.0,0.0,0.0,1.0
26,290,6.050149172905679,11.17010328967151,0.0,1.0,0.0,1.0,1.0,0.0
27,290,5.273694014449669,4.7069241696623285,1.0,1.0,1.0,0.0,0.0,0.0
28,290,1.7964602123582596,10.519660021625535,1.0,0.0,0.0,0.0,0.0,0.0
29,290,8.085922860313355,10.759545313246743,1.0,0.0,1.0,0.0,0.0,0.0
30,290,12.0,9.091326748592646,0.0,1.0,1.0,0.0,0.0,0.0
31,290,0.0,11.656398094656264,1.0,0.0,1.0,0.0,0.0,1.0
32,290,7.253319599452784,4.109854240227632,0.0,0.0,0.0,0.0,0.0,0.0
33,290,12.0,2.519243971819613,0.0,0.0,1.0,1.0,0.0,1.0
34,290,0.0,5.128863435567749,0.0,0.0,0.0,1.0,0.0,1.0
35,290,8.27095048583362,7.5532164740915215,1.0,0.0,1.0,0.0,0.0,1.0
36,290,5.908986046025119,8.511732310773931,1.0,0.0,0.0,1.0,0.0,1.0
37,290,1.9963127692182916,3.167639370165604,1.0,1.0,0.0,0.0,1.0,0.0
38,290,10.697830287132168,1.0080745881597188,1.0,1.0,0.0,1.0,1.0,1.0
39,290,4.179429790143023,7.679258905721806,1.0,1.0,0.0,0.0,1.0,1.0
0,295,12.0,0.0,0.0,0.0,0.0,0.0,0.0,0.0
1,295,12.0,4.050003175842279,0.0,1.0,1.0,0.0,0.0,1.0
2,295,4.276416258272867,4.321354709591132,0.0,0.0,1.0,1.0,0.0,0.0
3,295,0.0,0.5309531319034191,0.0,0.0,0.0,1.0,0.0,1.0
4,295,0.7661579858700659,1.789996546573667,1.0,0.0,1.0,0.0,1.0,1.0
5,295,6.926607289211468,5.232600990230005,0.0,1.0,0.0,0.0,0.0,0.0
6,295,5.600682842423514,7.059226248366119,0.0,0.0,0.0,1.0,1.0,0.0
7,295,12.0,1.951394490045288,1.0,0.0,0.0,1.0,0.0,0.0
8,295,11.94270274495743,6.953063933416703,0.0,0.0,1.0,0.0,0.0,0.0
9,295,1.705765229292834,2.373199168880862,1.0,0.0,0.0,1.0,0.0,0.0
10,295,2.289711806453938,6.077977104259093,0.0,1.0,0.0,1.0,0.0,0.0
11,295,0.8414531451105381,9.144675204582336,1.0,1.0,1.0,0.0,0.0,0.0
12,295,11.29765151936186,6.057491918898183,1.0,0.0,0.0,0.0,1.0,0.0
13,295,11.898976191931528,11.360442095157996,0.0,0.0,0.0,0.0,0.0,0.0
14,295,12.0,3.626046308941098,1.0,0.0,0.0,0.0,0.0,0.0
15,295,1.4657445412250087,0.6704398136510548,0.0,1.0,0.0,1.0,0.0,0.0
16,295,6.318865049891598,0.0,1.0,1.0,0.0,1.0,0.0,1.0
17,295,12.0,10.676412567792076,0.0,0.0,0.0,0.0,0.0,0.0
18,295,6.033884350516458,3.533886459208962,1.0,1.0,1.0,0.0,0.0,1.0
19,295,10.751043779618474,8.210619728355585,0.0,0.0,1.0,1.0,1.0,1.0
20,295,4.928815079624391,6.972541010655874,0.0,1.0,0.0,1.0,0.0,0.0
21,295,0.2475870811629285,6.342234618165893,1.0,0.0,1.0,0.0,0.0,0.0
22,295,6.498350234694729,7.703364939617701,0.0,1.0,1.0,0.0,0.0,0.0
23,295,6.49683331739694,0.0,0.0,0.0,0.0,1.0,0.0,0.0
24,295,3.9484991114802033,11.283125557610228,0.0,0.0,0.0,0.0,0.0,1.0
25,295,8.835834364304372,6.485087789096449,0.0,1.0,1.0,0.0,0.0,1.0
26,295,6.051685550304741,11.224874061960296,0.0,1.0,0.0,1.0,1.0,0.0
27,295,5.274083472314645,4.707207513935151,1.0,1.0,1.0,0.0,0.0,0.0
28,295,1.7999860386524291,10.51029594370617,1.0,0.0,0.0,0.0,0.0,0.0
29,295,8.206562548654098,10.59739589545254,1.0,0.0,1.0,0.0,0.0,0.0
30,295,12.0,9.15687015191888,0.0,1.0,1.0,0.0,0.0,0.0
31,295,0.0,11.61878216687966,1.0,0.0,1.0,0.0,0.0,1.0
32,295,7.252892783942047,4.10945920646293,0.0,0.0,0.0,0.0,0.0,0.0
33,295,12.0,2.616345718812531,0.0,0.0,1.0,1.0,0.0,1.0
34,295,0.0,5.122300072460513,0.0,0.0,0.0,1.0,0.0,1.0
35,295,8.304962640700772,7.541942706799392,1.0,0.0,1.0,0.0,0.0,1.0
36,295,5.928982491256643,8.453471526567391,1.0,0.0,0.0,1.0,0.0,1.0
37,295,2.007524833211628,3.177326939222916,1.0,1.0,0.0,0.0,1.0,0.0
38,295,10.811741255468784,1.0664530914995671,1.0,1.0,0.0,1.0,1.0,1.0
39,295,4.099098300806968,7.619574626479373,1.0,1.0,0.0,0.0,1.0,1.0
