0,0,5.040856513384687,12.0,1.0,1.0,1.0,0.0,0.0,1.0
1,0,11.025361834198767,4.040399352476374,0.0,1.0,0.0,1.0,0.0,1.0
2,0,5.013753604782662,7.937642775327288,1.0,1.0,1.0,0.0,1.0,0.0
3,0,2.049908011805774,12.0,1.0,0.0,1.0,0.0,1.0,0.0
4,0,8.039212730004259,8.049833608017066,1.0,0.0,1.0,0.0,0.0,0.0
5,0,2.071099508742836,0.9669246413618682,0.0,0.0,0.0,1.0,1.0,0.0
6,0,12.0,9.005348484660825,1.0,0.0,0.0,0.0,1.0,0.0
7,0,1.9643130091496983,7.029654531292175,1.0,0.0,1.0,1.0,1.0,1.0
8,0,0.0257606271025105,3.9552700024545975,0.0,0.0,0.0,0.0,0.0,1.0
9,0,12.0,7.981768097620152,0.0,1.0,1.0,0.0,0.0,0.0
10,0,6.978389097778318,3.0468035183815685,0.0,1.0,0.0,1.0,0.0,0.0
11,0,8.96520498778291,5.991673869717093,1.0,0.0,0.0,0.0,1.0,1.0
12,0,7.946632069769254,11.999320539556766,0.0,0.0,1.0,0.0,1.0,0.0
13,0,0.935324849905453,5.980074196051634,0.0,1.0,0.0,1.0,0.0,0.0
14,0,7.04296021575665,0.0380817337738951,0.0,0.0,1.0,0.0,0.0,1.0
15,0,0.0733170667385789,2.989689673467934,0.0,1.0,1.0,0.0,1.0,0.0
16,0,4.0446984150024905,4.038246634317704,0.0,0.0,0.0,0.0,0.0,1.0
17,0,8.996749479608917,2.962095092466743,0.0,0.0,0.0,1.0,0.0,1.0
18,0,5.078663218347068,5.973203140073155,1.0,0.0,1.0,0.0,0.0,0.0
19,0,10.948955654179548,7.994519980953024,0.0,0.0,0.0,0.0,0.0,0.0
20,0,0.9762382467005538,3.0096146651123687,0.0,0.0,0.0,0.0,1.0,1.0
21,0,11.992950727222532,7.938527092535839,1.0,0.0,1.0,0.0,1.0,0.0
22,0,5.011735320405771,9.067288677427763,0.0,0.0,0.0,1.0,1.0,1.0
23,0,5.001382119757852,4.957121086761439,0.0,0.0,0.0,0.0,0.0,0.0
24,0,1.0319128828970576,8.047544924154305,0.0,1.0,1.0,0.0,0.0,1.0
25,0,11.929769069120384,4.9646537700112034,1.0,0.0,1.0,0.0,0.0,1.0
26,0,9.999637123991588,5.062200662581613,1.0,1.0,0.0,0.0,1.0,1.0
27,0,10.074139480419998,7.996908401245799,0.0,1.0,0.0,0.0,1.0,1.0
28,0,6.99644565039202,3.0366331135558347,1.0,0.0,0.0,0.0,0.0,0.0
29,0,9.957959556488005,11.017531130807424,1.0,0.0,1.0,1.0,1.0,1.0
30,0,2.0349606371532705,3.978746904032311,0.0,1.0,0.0,0.0,1.0,0.0
31,0,5.039639911300632,10.04711868783075,0.0,1.0,1.0,0.0,0.0,0.0
32,0,4.030025806383027,7.029882822381192,0.0,1.0,0.0,0.0,0.0,0.0
33,0,10.043369415592435,4.975652597256239,1.0,1.0,0.0,0.0,1.0,0.0
34,0,8.010002214742952,10.036292086048595,1.0,0.0,0.0,0.0,0.0,1.0
35,0,2.0861637560569752,2.9724356666827303,0.0,1.0,1.0,1.0,0.0,0.0
36,0,8.952076589070236,1.9979708729076608,1.0,1.0,0.0,1.0,0.0,0.0
37,0,4.987877327565643,9.038616041449066,1.0,0.0,0.0,0.0,0.0,0.0
38,0,4.993266704524012,8.93543037075865,1.0,0.0,0.0,1.0,0.0,1.0
39,0,8.057842795688464,9.957361458278765,0.0,0.0,0.0,1.0,1.0,1.0
0,5,5.068429343942815,12.0,1.0,1.0,1.0,0.0,0.0,1.0
1,5,11.043279724137292,4.07011858658347,0.0,1.0,0.0,1.0,0.0,1.0
2,5,5.025954650512154,7.881455435362603,1.0,1.0,1.0,0.0,1.0,0.0
3,5,2.113188157566098,12.0,1.0,0.0,1.0,0.0,1.0,0.0
4,5,8.081961192797284,8.106409040993162,1.0,0.0,1.0,0.0,0.0,0.0
5,5,2.1595009414029303,0.9282781861920084,0.0,0.0,0.0,1.0,1.0,0.0
6,5,12.0,9.012885921400258,1.0,0.0,0.0,0.0,1.0,0.0
7,5,1.93120307759809,7.057747895730213,1.0,0.0,1.0,1.0,1.0,1.0
8,5,0.0495827678428612,3.912517397836296,0.0,0.0,0.0,0.0,0.0,1.0
9,5,12.0,7.970304636453885,0.0,1.0,1.0,0.0,0.0,0.0
10,5,6.953277398307527,3.1009952745289544,0.0,1.0,0.0,1.0,0.0,0.0
11,5,8.92726814316748,5.981849905076197,1.0,0.0,0.0,0.0,1.0,1.0
12,5,7.922920464066109,11.99888963058368,0.0,0.0,1.0,0.0,1.0,0.0
13,5,0.8712644712235825,5.961244601844037,0.0,1.0,0.0,1.0,0.0,0.0
14,5,7.0951721880074805,0.0839334185595509,0.0,0.0,1.0,0.0,0.0,1.0
15,5,0.1350288446206556,2.9804308415562035,0.0,1.0,1.0,0.0,1.0,0.0
16,5,4.083966804535609,4.073391232413044,0.0,0.0,0.0,0.0,0.0,1.0
17,5,8.992451992881552,2.918308409862458,0.0,0.0,0.0,1.0,0.0,1.0
18,5,5.157852151134901,5.947888233694069,1.0,0.0,1.0,0.0,0.0,0.0
19,5,10.899951244730424,7.988458712249214,0.0,0.0,0.0,0.0,0.0,0.0
20,5,0.9601501659688146,3.016130514730301,0.0,0.0,0.0,0.0,1.0,1.0
21,5,11.987223794700764,7.873179464342799,1.0,0.0,1.0,0.0,1.0,0.0
22,5,5.0211252038819705,9.12792796384899,0.0,0.0,0.0,1.0,1.0,1.0
23,5,5.003966423179619,4.904618504723444,0.0,0.0,0.0,0.0,0.0,0.0
24,5,1.061935847855813,8.089872301606773,0.0,1.0,1.0,0.0,0.0,1.0
25,5,11.880435272199117,4.941611765827263,1.0,0.0,1.0,0.0,0.0,1.0
26,5,9.998585958152823,5.119739717680288,1.0,1.0,0.0,0.0,1.0,1.0
27,5,10.15374692237404,7.993443962700732,0.0,1.0,0.0,0.0,1.0,1.0
28,5,6.99178593880677,3.080526947818832,1.0,0.0,0.0,0.0,0.0,0.0
29,5,9.918139968794952,11.033239058108816,1.0,0.0,1.0,1.0,1.0,1.0
30,5,2.059680742571745,3.962478727256177,0.0,1.0,0.0,0.0,1.0,0.0
31,5,5.08449867808861,10.102232200087943,0.0,1.0,1.0,0.0,0.0,0.0
32,5,4.04888362088963,7.048234754069901,0.0,1.0,0.0,0.0,0.0,0.0
33,5,10.067830716249675,4.9624909541738935,1.0,1.0,0.0,0.0,1.0,0.0
34,5,8.022036940134084,10.07798757680651,1.0,0.0,0.0,0.0,0.0,1.0
35,5,2.169140991032412,2.944765487580364,0.0,1.0,1.0,1.0,0.0,0.0
36,5,8.891116043309534,1.9926282241841264,1.0,1.0,0.0,1.0,0.0,0.0
37,5,4.981569785008485,9.056767254615844,1.0,0.0,0.0,0.0,0.0,0.0
38,5,4.985238183831805,8.887957117212508,1.0,0.0,0.0,1.0,0.0,1.0
39,5,8.111341557898342,9.91958217264422,0.0,0.0,0.0,1.0,1.0,1.0
0,10,5.08322852626329,12.0,1.0,1.0,1.0,0.0,0.0,1.0
1,10,11.054322135701296,4.088792369262882,0.0,1.0,0.0,1.0,0.0,1.0
2,10,5.036399536685035,7.834680566453221,1.0,1.0,1.0,0.0,1.0,0.0
3,10,2.162317500574743,12.0,1.0,0.0,1.0,0.0,1.0,0.0
4,10,8.113823345346116,8.147207572399601,1.0,0.0,1.0,0.0,0.0,0.0
5,10,2.245372826907137,0.8910676295662745,0.0,0.0,0.0,1.0,1.0,0.0
6,10,12.0,9.01928792180789,1.0,0.0,0.0,0.0,1.0,0.0
7,10,1.8976032615246867,7.087116823546414,1.0,0.0,1.0,1.0,1.0,1.0
8,10,0.0832134903691389,3.853556926875615,0.0,0.0,0.0,0.0,0.0,1.0
9,10,12.0,7.953711946320615,0.0,1.0,1.0,0.0,0.0,0.0
10,10,6.9351701846359735,3.1408278465399166,0.0,1.0,0.0,1.0,0.0,0.0
11,10,8.895471454409101,5.973077614822346,1.0,0.0,0.0,0.0,1.0,1.0
12,10,7.912453836202458,11.998790603060078,0.0,0.0,1.0,0.0,1.0,0.0
13,10,0.8488251134409461,6.040789267643256,0.0,1.0,0.0,1.0,0.0,0.0
14,10,7.136154811965663,0.1200099773449972,0.0,0.0,1.0,0.0,0.0,1.0
15,10,0.1880494449025098,2.972468964930578,0.0,1.0,1.0,0.0,1.0,0.0
16,10,4.111036435704009,4.096715325888944,0.0,0.0,0.0,0.0,0.0,1.0
17,10,8.988132857064523,2.8911334675770117,0.0,0.0,0.0,1.0,0.0,1.0
18,10,5.2526763532865886,5.917295761032709,1.0,0.0,1.0,0.0,0.0,0.0
19,10,10.846863043550352,7.980511814996487,0.0,0.0,0.0,0.0,0.0,0.0
20,10,0.9268542991194934,3.0301216472616046,0.0,0.0,0.0,0.0,1.0,1.0
21,10,11.9826034329766,7.828421072139027,1.0,0.0,1.0,0.0,1.0,0.0
22,10,5.027819539868944,9.170900118177148,0.0,0.0,0.0,1.0,1.0,1.0
23,10,5.007690749267262,4.835764336908219,0.0,0.0,0.0,0.0,0.0,0.0
24,10,1.0982908943690788,8.139461778528498,0.0,1.0,1.0,0.0,0.0,1.0
25,10,11.839701792364089,4.9244275727559135,1.0,0.0,1.0,0.0,0.0,1.0
26,10,9.997806732367597,5.1780293273046425,1.0,1.0,0.0,0.0,1.0,1.0
27,10,10.20586207139394,7.991210670569301,0.0,1.0,0.0,0.0,1.0,1.0
28,10,6.986500596940731,3.124004709627955,1.0,0.0,0.0,0.0,0.0,0.0
29,10,9.895287314666438,11.042266826911735,1.0,0.0,1.0,1.0,1.0,1.0
30,10,2.086674132297996,3.943962370712008,0.0,1.0,0.0,0.0,1.0,0.0
31,10,5.116008938017505,10.14336478877823,0.0,1.0,1.0,0.0,0.0,0.0
32,10,4.074826889259141,7.073591715603017,0.0,1.0,0.0,0.0,0.0,0.0
33,10,10.08483332439463,4.953760413095522,1.0,1.0,0.0,0.0,1.0,0.0
34,10,8.032243436808203,10.110166886965986,1.0,0.0,0.0,0.0,0.0,1.0
35,10,2.271542295613825,2.90828512883998,0.0,1.0,1.0,1.0,0.0,0.0
36,10,8.820442219865617,1.9848814507402528,1.0,1.0,0.0,1.0,0.0,0.0
37,10,4.977091007775929,9.069634451537125,1.0,0.0,0.0,0.0,0.0,0.0
38,10,4.977971014108797,8.847631363535092,1.0,0.0,0.0,1.0,0.0,1.0
39,10,8.17707028420565,9.87394593036936,0.0,0.0,0.0,1.0,1.0,1.0
0,15,5.091405911491336,12.0,1.0,1.0,1.0,0.0,0.0,1.0
1,15,11.063638288151788,4.105018604516042,0.0,1.0,0.0,1.0,0.0,1.0
2,15,5.055579846755617,7.757790275788838,1.0,1.0,1.0,0.0,1.0,0.0
3,15,2.2073628350944743,12.0,1.0,0.0,1.0,0.0,1.0,0.0
4,15,8.134314398463724,8.17258215724005,1.0,0.0,1.0,0.0,0.0,0.0
5,15,2.334563458422497,0.8490293211400722,0.0,0.0,0.0,1.0,1.0,0.0
6,15,12.0,9.028647413392568,1.0,0.0,0.0,0.0,1.0,0.0
7,15,1.8689234579051943,7.110918168744905,1.0,0.0,1.0,1.0,1.0,1.0
8,15,0.1116156625896266,3.800361001024098,0.0,0.0,0.0,0.0,0.0,1.0
9,15,12.0,7.940331670700265,0.0,1.0,1.0,0.0,0.0,0.0
10,15,6.92283208390915,3.165676968999467,0.0,1.0,0.0,1.0,0.0,0.0
11,15,8.864354711047348,5.964041518870401,1.0,0.0,0.0,0.0,1.0,1.0
12,15,7.901642824904226,11.998326567002042,0.0,0.0,1.0,0.0,1.0,0.0
13,15,0.8253602867541054,6.117151240195254,0.0,1.0,0.0,1.0,0.0,0.0
14,15,7.175678193930091,0.154361001159108,0.0,0.0,1.0,0.0,0.0,1.0
15,15,0.2400619411921145,2.965078895786792,0.0,1.0,1.0,0.0,1.0,0.0
16,15,4.161258948160236,4.1376163532158845,0.0,0.0,0.0,0.0,0.0,1.0
17,15,8.983139899896633,2.860523103445638,0.0,0.0,0.0,1.0,0.0,1.0
18,15,5.352787206395605,5.881728457123561,1.0,0.0,1.0,0.0,0.0,0.0
19,15,10.799421475961758,7.97393188296212,0.0,0.0,0.0,0.0,0.0,0.0
20,15,0.8910201116207997,3.0451972577718296,0.0,0.0,0.0,0.0,1.0,1.0
21,15,11.97984687749821,7.801567040632504,1.0,0.0,1.0,0.0,1.0,0.0
22,15,5.036648437037468,9.225941035184324,0.0,0.0,0.0,1.0,1.0,1.0
23,15,5.084887204709386,4.841757468462112,0.0,0.0,0.0,0.0,0.0,0.0
24,15,1.1251012291819755,8.176440733695253,0.0,1.0,1.0,0.0,0.0,1.0
25,15,11.78572367450152,4.901898621407174,1.0,0.0,1.0,0.0,0.0,1.0
26,15,9.99603920570364,5.232144882934275,1.0,1.0,0.0,0.0,1.0,1.0
27,15,10.282364108791896,7.990993947008594,0.0,1.0,0.0,0.0,1.0,1.0
28,15,6.981706731115902,3.16138498512179,1.0,0.0,0.0,0.0,0.0,0.0
29,15,9.854832949894377,11.057826572637529,1.0,0.0,1.0,1.0,1.0,1.0
30,15,2.124251578466487,3.918092241049664,0.0,1.0,0.0,0.0,1.0,0.0
31,15,5.152005782344356,10.193470135082658,0.0,1.0,1.0,0.0,0.0,0.0
32,15,4.10744139477991,7.106368630955801,0.0,1.0,0.0,0.0,0.0,0.0
33,15,10.132616587171082,4.928558851415781,1.0,1.0,0.0,0.0,1.0,0.0
34,15,8.045302595956967,10.150641997818829,1.0,0.0,0.0,0.0,0.0,1.0
35,15,2.3619394852452293,2.876515434884773,0.0,1.0,1.0,1.0,0.0,0.0
36,15,8.761227643582659,1.978100117530177,1.0,1.0,0.0,1.0,0.0,0.0
37,15,4.974374120945287,9.078091665479397,1.0,0.0,0.0,0.0,0.0,0.0
38,15,4.971994901626813,8.81011476622849,1.0,0.0,0.0,1.0,0.0,1.0
39,15,8.246302896158234,9.825401755386425,0.0,0.0,0.0,1.0,1.0,1.0
0,20,5.085441787755928,11.997487301179996,1.0,1.0,1.0,0.0,0.0,1.0
1,20,11.065216045464542,4.1077662787077385,0.0,1.0,0.0,1.0,0.0,1.0
2,20,5.0715911641437845,7.696151340351688,1.0,1.0,1.0,0.0,1.0,0.0
3,20,2.24794568302274,12.0,1.0,0.0,1.0,0.0,1.0,0.0
4,20,8.157941485456679,8.201301638358373,1.0,0.0,1.0,0.0,0.0,0.0
5,20,2.4130059865512443,0.8136304846423207,0.0,0.0,0.0,1.0,1.0,0.0
6,20,12.0,9.034377128036413,1.0,0.0,0.0,0.0,1.0,0.0
7,20,1.8413956383409555,7.133586863470056,1.0,0.0,1.0,1.0,1.0,1.0
8,20,0.1417419564996817,3.746196441438831,0.0,0.0,0.0,0.0,0.0,1.0
9,20,12.0,7.931991429932334,0.0,1.0,1.0,0.0,0.0,0.0
10,20,6.908375667621446,3.1963122851474752,0.0,1.0,0.0,1.0,0.0,0.0
11,20,8.858020584823496,5.9621892592067045,1.0,0.0,0.0,0.0,1.0,1.0
12,20,7.885223350013473,11.997088501761294,0.0,0.0,1.0,0.0,1.0,0.0
13,20,0.8519717088753556,6.034183757099203,0.0,1.0,0.0,1.0,0.0,0.0
14,20,7.227693111568978,0.2003401125007552,0.0,0.0,1.0,0.0,0.0,1.0
15,20,0.3028395372832414,2.9549041995611405,0.0,1.0,1.0,0.0,1.0,0.0
16,20,4.196585913027508,4.167039509869908,0.0,0.0,0.0,0.0,0.0,1.0
17,20,8.97719679957395,2.8227583966448,0.0,0.0,0.0,1.0,0.0,1.0
18,20,5.447213969383379,5.847723886778272,1.0,0.0,1.0,0.0,0.0,0.0
19,20,10.721414495820772,7.963306469661444,0.0,0.0,0.0,0.0,0.0,0.0
20,20,0.9025499501120052,3.072962856328622,0.0,0.0,0.0,0.0,1.0,1.0
21,20,11.97694604988755,7.773767224357578,1.0,0.0,1.0,0.0,1.0,0.0
22,20,5.043389954634416,9.270260719026655,0.0,0.0,0.0,1.0,1.0,1.0
23,20,5.159955187334239,4.846470539499301,0.0,0.0,0.0,0.0,0.0,0.0
24,20,1.153649934119053,8.21707805826159,0.0,1.0,1.0,0.0,0.0,1.0
25,20,11.733225835987552,4.880000396634224,1.0,0.0,1.0,0.0,0.0,1.0
26,20,9.994137192636266,5.28419072782823,1.0,1.0,0.0,0.0,1.0,1.0
27,20,10.391537969732958,7.992080831786994,0.0,1.0,0.0,0.0,1.0,1.0
28,20,6.9755687678925336,3.20110142321792,1.0,0.0,0.0,0.0,0.0,0.0
29,20,9.793231315019348,11.079772921539158,1.0,0.0,1.0,1.0,1.0,1.0
30,20,2.1735594137585204,3.88525843979893,0.0,1.0,0.0,0.0,1.0,0.0
31,20,5.205268691016528,10.267614939048851,0.0,1.0,1.0,0.0,0.0,0.0
32,20,4.147672634697046,7.145390773177844,0.0,1.0,0.0,0.0,0.0,0.0
33,20,10.193896843256,4.896382097502822,1.0,1.0,0.0,0.0,1.0,0.0
34,20,8.053186623905896,10.174248433461026,1.0,0.0,0.0,0.0,0.0,1.0
35,20,2.458876041698021,2.8456098437602577,0.0,1.0,1.0,1.0,0.0,0.0
36,20,8.703866596519765,1.9716296916932423,1.0,1.0,0.0,1.0,0.0,0.0
37,20,4.9745884876988296,9.077359371634811,1.0,0.0,0.0,0.0,0.0,0.0
38,20,4.964190465953082,8.768485511266254,1.0,0.0,0.0,1.0,0.0,1.0
39,20,8.202203564731937,9.761703435370602,0.0,0.0,0.0,1.0,1.0,1.0
0,25,5.086633691523312,11.997975160009778,1.0,1.0,1.0,0.0,0.0,1.0
1,25,11.065432381784309,4.108168767754258,0.0,1.0,0.0,1.0,0.0,1.0
2,25,5.093129416814352,7.611850388723907,1.0,1.0,1.0,0.0,1.0,0.0
3,25,2.272736652122151,12.0,1.0,0.0,1.0,0.0,1.0,0.0
4,25,8.180508255441651,8.228939014136559,1.0,0.0,1.0,0.0,0.0,0.0
5,25,2.501818282344636,0.7752196692904397,0.0,0.0,0.0,1.0,1.0,0.0
6,25,12.0,9.041992180461303,1.0,0.0,0.0,0.0,1.0,0.0
7,25,1.8192941708063877,7.151558993581774,1.0,0.0,1.0,1.0,1.0,1.0
8,25,0.1848798518989715,3.673234415313774,0.0,0.0,0.0,0.0,0.0,1.0
9,25,12.0,7.926935828920914,0.0,1.0,1.0,0.0,0.0,0.0
10,25,6.886222410711991,3.2483076480445097,0.0,1.0,0.0,1.0,0.0,0.0
11,25,8.867209046531087,5.964687964102776,1.0,0.0,0.0,0.0,1.0,1.0
12,25,7.901989571475256,11.998207854406042,0.0,0.0,1.0,0.0,1.0,0.0
13,25,0.879173069567996,5.960437505014288,0.0,1.0,0.0,1.0,0.0,0.0
14,25,7.285933045155154,0.2497648584212333,0.0,0.0,1.0,0.0,0.0,1.0
15,25,0.3726930581188439,2.941973423843762,0.0,1.0,1.0,0.0,1.0,0.0
16,25,4.235295017556944,4.20080237167672,0.0,0.0,0.0,0.0,0.0,1.0
17,25,8.971827923597097,2.7883682911497565,0.0,0.0,0.0,1.0,0.0,1.0
18,25,5.537524543017193,5.815077416024483,1.0,0.0,1.0,0.0,0.0,0.0
19,25,10.647570270517743,7.953671108800125,0.0,0.0,0.0,0.0,0.0,0.0
20,25,0.9208700913560302,3.11489412084344,0.0,0.0,0.0,0.0,1.0,1.0
21,25,11.973464314365671,7.740995385899878,1.0,0.0,1.0,0.0,1.0,0.0
22,25,5.050209631168604,9.312851151438332,0.0,0.0,0.0,1.0,1.0,1.0
23,25,5.231735378161567,4.850980927485389,0.0,0.0,0.0,0.0,0.0,0.0
24,25,1.178923979446427,8.25330120023365,0.0,1.0,1.0,0.0,0.0,1.0
25,25,11.671037545842298,4.854218474082332,1.0,0.0,1.0,0.0,0.0,1.0
26,25,9.99094686752646,5.339468856242063,1.0,1.0,0.0,0.0,1.0,1.0
27,25,10.49268976066181,7.994602709508626,0.0,1.0,0.0,0.0,1.0,1.0
28,25,6.968115601713687,3.259757089307949,1.0,0.0,0.0,0.0,0.0,0.0
29,25,9.738544286723876,11.098687211488118,1.0,0.0,1.0,1.0,1.0,1.0
30,25,2.2077027206038946,3.8624354894361175,0.0,1.0,0.0,0.0,1.0,0.0
31,25,5.260785596510441,10.347102820514383,0.0,1.0,1.0,0.0,0.0,0.0
32,25,4.1864758393351735,7.184832663443292,0.0,1.0,0.0,0.0,0.0,0.0
33,25,10.273199336617086,4.856111801733557,1.0,1.0,0.0,0.0,1.0,0.0
34,25,8.060541058662725,10.19662575085142,1.0,0.0,0.0,0.0,0.0,1.0
35,25,2.563018343023301,2.813289197729747,0.0,1.0,1.0,1.0,0.0,0.0
36,25,8.629308709835444,1.9664099889037383,1.0,1.0,0.0,1.0,0.0,0.0
37,25,4.975131387297531,9.075485453840008,1.0,0.0,0.0,0.0,0.0,0.0
38,25,4.951586603586489,8.6986489041328,1.0,0.0,0.0,1.0,0.0,1.0
39,25,8.162763398797418,9.706286504846023,0.0,0.0,0.0,1.0,1.0,1.0
0,30,5.104935562727455,12.0,1.0,1.0,1.0,0.0,0.0,1.0
1,30,11.077421151013011,4.129477448419383,0.0,1.0,0.0,1.0,0.0,1.0
2,30,5.1149273419246,7.528892493103419,1.0,1.0,1.0,0.0,1.0,0.0
3,30,2.2860540990907765,12.0,1.0,0.0,1.0,0.0,1.0,0.0
4,30,8.2014560874427,8.254684478578792,1.0,0.0,1.0,0.0,0.0,0.0
5,30,2.588283969611299,0.7358551862989837,0.0,0.0,0.0,1.0,1.0,0.0
6,30,12.0,9.05358300500946,1.0,0.0,0.0,0.0,1.0,0.0
7,30,1.8209162577293565,7.150283387176497,1.0,0.0,1.0,1.0,1.0,1.0
8,30,0.2301354315192313,3.593098325447747,0.0,0.0,0.0,0.0,0.0,1.0
9,30,11.996934288362576,7.927990619634634,0.0,1.0,1.0,0.0,0.0,0.0
10,30,6.861744175393616,3.3075402437137638,0.0,1.0,0.0,1.0,0.0,0.0
11,30,8.871338403207758,5.965833583146317,1.0,0.0,0.0,0.0,1.0,1.0
12,30,7.927066257621659,12.0,0.0,0.0,1.0,0.0,1.0,0.0
13,30,0.9056823865318432,5.88754106510654,0.0,1.0,0.0,1.0,0.0,0.0
14,30,7.335053036089791,0.2943613997972694,0.0,0.0,1.0,0.0,0.0,1.0
15,30,0.4438998815531741,2.9284419476587527,0.0,1.0,1.0,0.0,1.0,0.0
16,30,4.28145596571228,4.243634768711336,0.0,0.0,0.0,0.0,0.0,1.0
17,30,8.967264811293516,2.752690139898622,0.0,0.0,0.0,1.0,0.0,1.0
18,30,5.626227599177503,5.785661983802647,1.0,0.0,1.0,0.0,0.0,0.0
19,30,10.593223957574496,7.946471147001266,0.0,0.0,0.0,0.0,0.0,0.0
20,30,0.9408708631654616,3.1661362648634817,0.0,0.0,0.0,0.0,1.0,1.0
21,30,11.970552569891304,7.717246868652274,1.0,0.0,1.0,0.0,1.0,0.0
22,30,5.055827135678403,9.349239639542994,0.0,0.0,0.0,1.0,1.0,1.0
23,30,5.292184047414312,4.853548992803884,0.0,0.0,0.0,0.0,0.0,0.0
24,30,1.2053837993270384,8.290650495194564,0.0,1.0,1.0,0.0,0.0,1.0
25,30,11.613360614462966,4.82956175692328,1.0,0.0,1.0,0.0,0.0,1.0
26,30,9.98772155620326,5.390484292970961,1.0,1.0,0.0,0.0,1.0,1.0
27,30,10.605696916394358,7.996733885073286,0.0,1.0,0.0,0.0,1.0,1.0
28,30,6.963128950259649,3.303847521752193,1.0,0.0,0.0,0.0,0.0,0.0
29,30,9.690136536653508,11.114942407327504,1.0,0.0,1.0,1.0,1.0,1.0
30,30,2.2587172686205834,3.826789892722831,0.0,1.0,0.0,0.0,1.0,0.0
31,30,5.307219419779628,10.413275056266787,0.0,1.0,1.0,0.0,0.0,0.0
32,30,4.222909433360968,7.222781397815293,0.0,1.0,0.0,0.0,0.0,0.0
33,30,10.35565921023706,4.814036659161053,1.0,1.0,0.0,0.0,1.0,0.0
34,30,8.067397624396579,10.216076222171344,1.0,0.0,0.0,0.0,0.0,1.0
35,30,2.669801397343367,2.780592253925162,0.0,1.0,1.0,1.0,0.0,0.0
36,30,8.557909836134279,1.9618959113275571,1.0,1.0,0.0,1.0,0.0,0.0
37,30,4.981282477538088,9.05389344286754,1.0,0.0,0.0,0.0,0.0,0.0
38,30,4.93816897603632,8.620619832249854,1.0,0.0,0.0,1.0,0.0,1.0
39,30,8.124673095869653,9.651482495303974,0.0,0.0,0.0,1.0,1.0,1.0
0,35,5.129901050328977,12.0,1.0,1.0,1.0,0.0,0.0,1.0
1,35,11.090460513806192,4.1540937072209845,0.0,1.0,0.0,1.0,0.0,1.0
2,35,5.134794896389537,7.444620764102036,1.0,1.0,1.0,0.0,1.0,0.0
3,35,2.298443153398687,12.0,1.0,0.0,1.0,0.0,1.0,0.0
4,35,8.220869587753247,8.277898220127467,1.0,0.0,1.0,0.0,0.0,0.0
5,35,2.6536111646483,0.7062929225342481,0.0,0.0,0.0,1.0,1.0,0.0
6,35,12.0,9.06185182460274,1.0,0.0,0.0,0.0,1.0,0.0
7,35,1.812207730850248,7.157224429059909,1.0,0.0,1.0,1.0,1.0,1.0
8,35,0.2797741743063626,3.5082473676461787,0.0,0.0,0.0,0.0,0.0,1.0
9,35,12.0,7.925209726602705,0.0,1.0,1.0,0.0,0.0,0.0
10,35,6.833786362982326,3.375073374209763,0.0,1.0,0.0,1.0,0.0,0.0
11,35,8.868819769176184,5.96511691789294,1.0,0.0,0.0,0.0,1.0,1.0
12,35,7.952987082496401,12.0,0.0,0.0,1.0,0.0,1.0,0.0
13,35,0.9335027045989984,5.807640619211811,0.0,1.0,0.0,1.0,0.0,0.0
14,35,7.3878239994516575,0.3412455553285186,0.0,0.0,1.0,0.0,0.0,1.0
15,35,0.4898168261088731,2.9182165472987585,0.0,1.0,1.0,0.0,1.0,0.0
16,35,4.316474039836002,4.2742619796316985,0.0,0.0,0.0,0.0,0.0,1.0
17,35,8.96485784309818,2.734859024277827,0.0,0.0,0.0,1.0,0.0,1.0
18,35,5.71209565984491,5.756137054849022,1.0,0.0,1.0,0.0,0.0,0.0
19,35,10.527947834597732,7.937760675239112,0.0,0.0,0.0,0.0,0.0,0.0
20,35,0.9515241393133266,3.1960737154115995,0.0,0.0,0.0,0.0,1.0,1.0
21,35,11.967699144315368,7.690318628581122,1.0,0.0,1.0,0.0,1.0,0.0
22,35,5.062345917714898,9.38789436003641,0.0,0.0,0.0,1.0,1.0,1.0
23,35,5.351853472177459,4.858653159253239,0.0,0.0,0.0,0.0,0.0,0.0
24,35,1.2286057970726398,8.323951224957321,0.0,1.0,1.0,0.0,0.0,1.0
25,35,11.533727826724895,4.795267661417034,1.0,0.0,1.0,0.0,0.0,1.0
26,35,9.985257157670324,5.42910717806306,1.0,1.0,0.0,0.0,1.0,1.0
27,35,10.72832318360815,8.000620489088453,0.0,1.0,0.0,0.0,1.0,1.0
28,35,6.960383330626678,3.332960091816864,1.0,0.0,0.0,0.0,0.0,0.0
29,35,9.645114757186548,11.130968349178197,1.0,0.0,1.0,1.0,1.0,1.0
30,35,2.3243677908025986,3.7821936875101936,0.0,1.0,0.0,0.0,1.0,0.0
31,35,5.354203388352615,10.487223962698838,0.0,1.0,1.0,0.0,0.0,0.0
32,35,4.261467156994643,7.264342056460511,0.0,1.0,0.0,0.0,0.0,0.0
33,35,10.44444456113628,4.769799673417451,1.0,1.0,0.0,0.0,1.0,0.0
34,35,8.071962549581096,10.229352084149424,1.0,0.0,0.0,0.0,0.0,1.0
35,35,2.778390275517837,2.745736746440018,0.0,1.0,1.0,1.0,0.0,0.0
36,35,8.481722267755252,1.9583025593392944,1.0,1.0,0.0,1.0,0.0,0.0
37,35,4.984155982912057,9.044034123244463,1.0,0.0,0.0,0.0,0.0,0.0
38,35,4.922022227548919,8.548201772861496,1.0,0.0,0.0,1.0,0.0,1.0
39,35,8.085884056503966,9.595026387414354,0.0,0.0,0.0,1.0,1.0,1.0
0,40,5.151433390538887,12.0,1.0,1.0,1.0,0.0,0.0,1.0
1,40,11.097718554276629,4.168312923304202,0.0,1.0,0.0,1.0,0.0,1.0
2,40,5.157186077168599,7.350414585934845,1.0,1.0,1.0,0.0,1.0,0.0
3,40,2.307810468536593,12.0,1.0,0.0,1.0,0.0,1.0,0.0
4,40,8.238321127205749,8.299647497168245,1.0,0.0,1.0,0.0,0.0,0.0
5,40,2.6950685076880214,0.6892373221749131,0.0,0.0,0.0,1.0,1.0,0.0
6,40,12.0,9.069980737817977,1.0,0.0,0.0,0.0,1.0,0.0
7,40,1.7737871129867395,7.188347500029699,1.0,0.0,1.0,1.0,1.0,1.0
8,40,0.3259772100354783,3.427773655051532,0.0,0.0,0.0,0.0,0.0,1.0
9,40,12.0,7.919215716564574,0.0,1.0,1.0,0.0,0.0,0.0
10,40,6.803509639191305,3.4477815949715183,0.0,1.0,0.0,1.0,0.0,0.0
11,40,8.836529266924494,5.9552351055381045,1.0,0.0,0.0,0.0,1.0,1.0
12,40,7.981555295552403,12.0,0.0,0.0,1.0,0.0,1.0,0.0
13,40,0.9541411944617882,5.749331247394978,0.0,1.0,0.0,1.0,0.0,0.0
14,40,7.420018229643344,0.3712629663369924,0.0,0.0,1.0,0.0,0.0,1.0
15,40,0.5291145205840919,2.9111220167981577,0.0,1.0,1.0,0.0,1.0,0.0
16,40,4.344997174932845,4.298254181389913,0.0,0.0,0.0,0.0,0.0,1.0
17,40,8.963593168799639,2.725550349978572,0.0,0.0,0.0,1.0,0.0,1.0
18,40,5.835362118385923,5.710793890725752,1.0,0.0,1.0,0.0,0.0,0.0
19,40,10.45288299478393,7.92642709548371,0.0,0.0,0.0,0.0,0.0,0.0
20,40,0.9547300082234792,3.2047012424439,0.0,0.0,0.0,0.0,1.0,1.0
21,40,11.963866159691396,7.650154321541552,1.0,0.0,1.0,0.0,1.0,0.0
22,40,5.070369511800272,9.439855196066008,0.0,0.0,0.0,1.0,1.0,1.0
23,40,5.410726380252826,4.864852637182094,0.0,0.0,0.0,0.0,0.0,0.0
24,40,1.250599717019023,8.35565502380486,0.0,1.0,1.0,0.0,0.0,1.0
25,40,11.456631553339973,4.760273135723301,1.0,0.0,1.0,0.0,0.0,1.0
26,40,9.979925475933545,5.512804562371892,1.0,1.0,0.0,0.0,1.0,1.0
27,40,10.863310255527391,8.00609235086634,0.0,1.0,0.0,0.0,1.0,1.0
28,40,6.958291167160646,3.3560731377190423,1.0,0.0,0.0,0.0,0.0,0.0
29,40,9.597746041361724,11.148418744665465,1.0,0.0,1.0,1.0,1.0,1.0
30,40,2.3986015443781343,3.735007504563561,0.0,1.0,0.0,0.0,1.0,0.0
31,40,5.391666527979712,10.549199197787315,0.0,1.0,1.0,0.0,0.0,0.0
32,40,4.296192490764375,7.303278723356555,0.0,1.0,0.0,0.0,0.0,0.0
33,40,10.520001745721297,4.731502916187611,1.0,1.0,0.0,0.0,1.0,0.0
34,40,8.073660997177114,10.23421277460829,1.0,0.0,0.0,0.0,0.0,1.0
35,40,2.901846655034358,2.7082352705177453,0.0,1.0,1.0,1.0,0.0,0.0
36,40,8.415638857379001,1.9556345240200783,1.0,1.0,0.0,1.0,0.0,0.0
37,40,4.986961545300382,9.03397464974016,1.0,0.0,0.0,0.0,0.0,0.0
38,40,4.900941018268226,8.455736711941947,1.0,0.0,0.0,1.0,0.0,1.0
39,40,8.044433454175792,9.53518886004388,0.0,0.0,0.0,1.0,1.0,1.0
0,45,5.157674978513692,12.0,1.0,1.0,1.0,0.0,0.0,1.0
1,45,11.09375085675217,4.161068363261737,0.0,1.0,0.0,1.0,0.0,1.0
2,45,5.184270977668484,7.238407151465099,1.0,1.0,1.0,0.0,1.0,0.0
3,45,2.318900575335222,12.0,1.0,0.0,1.0,0.0,1.0,0.0
4,45,8.24667203324652,8.30962460476434,1.0,0.0,1.0,0.0,0.0,0.0
5,45,2.740688232351892,0.6711753111346423,0.0,0.0,0.0,1.0,1.0,0.0
6,45,12.0,9.084104230904726,1.0,0.0,0.0,0.0,1.0,0.0
7,45,1.7351599582415116,7.222160627462469,1.0,0.0,1.0,1.0,1.0,1.0
8,45,0.3716885607818442,3.344933278192104,0.0,0.0,0.0,0.0,0.0,1.0
9,45,12.0,7.904731676667292,0.0,1.0,1.0,0.0,0.0,0.0
10,45,6.765516109382256,3.5437243420172706,0.0,1.0,0.0,1.0,0.0,0.0
11,45,8.816641483526865,5.949100146228777,1.0,0.0,0.0,0.0,1.0,1.0
12,45,7.998716680459441,12.0,0.0,0.0,1.0,0.0,1.0,0.0
13,45,0.9694717472121028,5.706242013713897,0.0,1.0,0.0,1.0,0.0,0.0
14,45,7.445470838228737,0.3957298285237091,0.0,0.0,1.0,0.0,0.0,1.0
15,45,0.5677837034160432,2.904196695283546,0.0,1.0,1.0,0.0,1.0,0.0
16,45,4.39411105269706,4.3377242990127325,0.0,0.0,0.0,0.0,0.0,1.0
17,45,8.963176804843412,2.7229277630070423,0.0,0.0,0.0,1.0,0.0,1.0
18,45,5.960712323585379,5.664787127262712,1.0,0.0,1.0,0.0,0.0,0.0
19,45,10.38703392178092,7.916178999927562,0.0,0.0,0.0,0.0,0.0,0.0
20,45,0.9530607435417698,3.200330409236605,0.0,0.0,0.0,0.0,1.0,1.0
21,45,11.964552177738144,7.65767453110516,1.0,0.0,1.0,0.0,1.0,0.0
22,45,5.077362313628854,9.487278561569454,0.0,0.0,0.0,1.0,1.0,1.0
23,45,5.459012245351051,4.869640300691255,0.0,0.0,0.0,0.0,0.0,0.0
24,45,1.256974352075919,8.365184180996039,0.0,1.0,1.0,0.0,0.0,1.0
25,45,11.357175898714935,4.716647111776903,1.0,0.0,1.0,0.0,0.0,1.0
26,45,9.97447568696854,5.598472252339528,1.0,1.0,0.0,0.0,1.0,1.0
27,45,11.002653692715926,8.010056565802248,0.0,1.0,0.0,0.0,1.0,1.0
28,45,6.953685330095181,3.4048655990002468,1.0,0.0,0.0,0.0,0.0,0.0
29,45,9.523538107686829,11.17382593344625,1.0,0.0,1.0,1.0,1.0,1.0
30,45,2.490905269823502,3.6796606535764806,0.0,1.0,0.0,0.0,1.0,0.0
31,45,5.42554412056653,10.601529222318172,0.0,1.0,1.0,0.0,0.0,0.0
32,45,4.345291617990846,7.361655404401313,0.0,1.0,0.0,0.0,0.0,0.0
33,45,10.601960869216928,4.687955328493112,1.0,1.0,0.0,0.0,1.0,0.0
34,45,8.078130467276262,10.232753346377576,1.0,0.0,0.0,0.0,0.0,1.0
35,45,3.0357615803955045,2.667800871426924,0.0,1.0,1.0,1.0,0.0,0.0
36,45,8.342318973140927,1.9533888959194423,1.0,1.0,0.0,1.0,0.0,0.0
37,45,4.985824334569839,9.038177281004645,1.0,0.0,0.0,0.0,0.0,0.0
38,45,4.878774112384182,8.368707567186531,1.0,0.0,0.0,1.0,0.0,1.0
39,45,8.010856095971919,9.482625411447447,0.0,0.0,0.0,1.0,1.0,1.0
0,50,5.182527313334939,12.0,1.0,1.0,1.0,0.0,0.0,1.0
1,50,11.087726346344647,4.149993109023616,0.0,1.0,0.0,1.0,0.0,1.0
2,50,5.209496488767608,7.126197013631142,1.0,1.0,1.0,0.0,1.0,0.0
3,50,2.3502897908433407,12.0,1.0,0.0,1.0,0.0,1.0,0.0
4,50,8.257006102642352,8.321836885976504,1.0,0.0,1.0,0.0,0.0,0.0
5,50,2.782109053261128,0.654412533308677,0.0,0.0,0.0,1.0,1.0,0.0
6,50,12.0,9.103108970467831,1.0,0.0,0.0,0.0,1.0,0.0
7,50,1.7061994712065187,7.246420276090197,1.0,0.0,1.0,1.0,1.0,1.0
8,50,0.4240073269714944,3.2570133202567093,0.0,0.0,0.0,0.0,0.0,1.0
9,50,12.0,7.895521475586215,0.0,1.0,1.0,0.0,0.0,0.0
10,50,6.71676291881996,3.659616388544922,0.0,1.0,0.0,1.0,0.0,0.0
11,50,8.791170289619895,5.940882473236234,1.0,0.0,0.0,0.0,1.0,1.0
12,50,8.033235263712484,12.0,0.0,0.0,1.0,0.0,1.0,0.0
13,50,0.9776976962469942,5.682518739999432,0.0,1.0,0.0,1.0,0.0,0.0
14,50,7.471226252955845,0.4215161034669236,0.0,0.0,1.0,0.0,0.0,1.0
15,50,0.5988124046487489,2.8988526420981886,0.0,1.0,1.0,0.0,1.0,0.0
16,50,4.439268608551612,4.374049524113273,0.0,0.0,0.0,0.0,0.0,1.0
17,50,8.962221220812133,2.7175433259177337,0.0,0.0,0.0,1.0,0.0,1.0
18,50,6.089575434336564,5.617776075224463,1.0,0.0,1.0,0.0,0.0,0.0
19,50,10.332055544923987,7.908923322741973,0.0,0.0,0.0,0.0,0.0,0.0
20,50,0.945359155007602,3.180074883432052,0.0,0.0,0.0,0.0,1.0,1.0
21,50,11.965537093346605,7.670204641956467,1.0,0.0,1.0,0.0,1.0,0.0
22,50,5.084793365354542,9.536150338017178,0.0,0.0,0.0,1.0,1.0,1.0
23,50,5.509560155129146,4.8762604137074765,0.0,0.0,0.0,0.0,0.0,0.0
24,50,1.2823070943120285,8.404746433345673,0.0,1.0,1.0,0.0,0.0,1.0
25,50,11.259708952524926,4.671034326711805,1.0,0.0,1.0,0.0,0.0,1.0
26,50,9.97035225833752,5.676814076083205,1.0,1.0,0.0,0.0,1.0,1.0
27,50,11.13128533860316,8.01439416819895,0.0,1.0,0.0,0.0,1.0,1.0
28,50,6.951571997865205,3.4329622411348817,1.0,0.0,0.0,0.0,0.0,0.0
29,50,9.439277203201245,11.203962162467423,1.0,0.0,1.0,1.0,1.0,1.0
30,50,2.570224930558038,3.631951140351639,0.0,1.0,0.0,0.0,1.0,0.0
31,50,5.458837361434897,10.652722181690104,0.0,1.0,1.0,0.0,0.0,0.0
32,50,4.380528426700415,7.404305049629274,0.0,1.0,0.0,0.0,0.0,0.0
33,50,10.661819281516756,4.655780283237166,1.0,1.0,0.0,0.0,1.0,0.0
34,50,8.082926110780761,10.231239352723293,1.0,0.0,0.0,0.0,0.0,1.0
35,50,3.190606666005175,2.620012506547463,0.0,1.0,1.0,1.0,0.0,0.0
36,50,8.28068507224428,1.9515017838428776,1.0,1.0,0.0,1.0,0.0,0.0
37,50,4.984733285887588,9.041605028422511,1.0,0.0,0.0,0.0,0.0,0.0
38,50,4.858216461335989,8.289265597578304,1.0,0.0,0.0,1.0,0.0,1.0
39,50,7.979201707801159,9.431134254169969,0.0,0.0,0.0,1.0,1.0,1.0
0,55,5.192218211640252,11.977508779352483,1.0,1.0,1.0,0.0,0.0,1.0
1,55,11.082822901313593,4.1407314833609,0.0,1.0,0.0,1.0,0.0,1.0
2,55,5.236418354986459,7.010224004199632,1.0,1.0,1.0,0.0,1.0,0.0
3,55,2.364260952744025,12.0,1.0,0.0,1.0,0.0,1.0,0.0
4,55,8.28124375747223,8.350204479510571,1.0,0.0,1.0,0.0,0.0,0.0
5,55,2.819791660290841,0.6383824581772568,0.0,0.0,0.0,1.0,1.0,0.0
6,55,12.0,9.118772861105434,1.0,0.0,0.0,0.0,1.0,0.0
7,55,1.6744544763082978,7.273913953519289,1.0,0.0,1.0,1.0,1.0,1.0
8,55,0.4799894484951155,3.1629399507061526,0.0,0.0,0.0,0.0,0.0,1.0
9,55,12.0,7.885651295883886,0.0,1.0,1.0,0.0,0.0,0.0
10,55,6.657264429054751,3.801776675495932,0.0,1.0,0.0,1.0,0.0,0.0
11,55,8.755645724982534,5.929302826788674,1.0,0.0,0.0,0.0,1.0,1.0
12,55,8.067060017254951,12.0,0.0,0.0,1.0,0.0,1.0,0.0
13,55,0.9892976150354084,5.648536053901839,0.0,1.0,0.0,1.0,0.0,0.0
14,55,7.495631470549471,0.4465266669601439,0.0,0.0,1.0,0.0,0.0,1.0
15,55,0.6440932764469787,2.891257967497108,0.0,1.0,1.0,0.0,1.0,0.0
16,55,4.488859743711453,4.414303972269941,0.0,0.0,0.0,0.0,0.0,1.0
17,55,8.961689463641116,2.7143420019321005,0.0,0.0,0.0,1.0,0.0,1.0
18,55,6.197586222762839,5.578369680433444,1.0,0.0,1.0,0.0,0.0,0.0
19,55,10.25951728995697,7.900179272814653,0.0,0.0,0.0,0.0,0.0,0.0
20,55,0.9385630912250594,3.161840080430365,0.0,0.0,0.0,0.0,1.0,1.0
21,55,11.968978874711803,7.709522614711206,1.0,0.0,1.0,0.0,1.0,0.0
22,55,5.092913509484336,9.588453273739292,0.0,0.0,0.0,1.0,1.0,1.0
23,55,5.557417031597852,4.883122522977358,0.0,0.0,0.0,0.0,0.0,0.0
24,55,1.3222593684626691,8.469619625713257,0.0,1.0,1.0,0.0,0.0,1.0
25,55,11.153806286803931,4.616844243254036,1.0,0.0,1.0,0.0,0.0,1.0
26,55,9.964056402120518,5.754081156879376,1.0,1.0,0.0,0.0,1.0,1.0
27,55,11.25612623835447,8.017460865507061,0.0,1.0,0.0,0.0,1.0,1.0
28,55,6.950241849159072,3.454026929235589,1.0,0.0,0.0,0.0,0.0,0.0
29,55,9.357641306832706,11.233837498368992,1.0,0.0,1.0,1.0,1.0,1.0
30,55,2.6342817619731407,3.591676579582287,0.0,1.0,0.0,0.0,1.0,0.0
31,55,5.500478851459089,10.718315852332584,0.0,1.0,1.0,0.0,0.0,0.0
32,55,4.41006857637851,7.439145561023148,0.0,1.0,0.0,0.0,0.0,0.0
33,55,10.740547393588352,4.61296012288838,1.0,1.0,0.0,0.0,1.0,0.0
34,55,8.098772550367073,10.225898503663162,1.0,0.0,0.0,0.0,0.0,1.0
35,55,3.3487373810063508,2.5707149006570806,0.0,1.0,1.0,1.0,0.0,0.0
36,55,8.185644556606835,1.951677721926584,1.0,1.0,0.0,1.0,0.0,0.0
37,55,4.980085809382421,9.05525630415844,1.0,0.0,0.0,0.0,0.0,0.0
38,55,4.843494002399652,8.231740878760123,1.0,0.0,0.0,1.0,0.0,1.0
39,55,7.957110529274811,9.397430487819523,0.0,0.0,0.0,1.0,1.0,1.0
0,60,5.196540044671248,11.967300219186832,1.0,1.0,1.0,0.0,0.0,1.0
1,60,11.075341182083982,4.126785425099528,0.0,1.0,0.0,1.0,0.0,1.0
2,60,5.2644995660376335,6.883386208429355,1.0,1.0,1.0,0.0,1.0,0.0
3,60,2.381663776551707,12.0,1.0,0.0,1.0,0.0,1.0,0.0
4,60,8.308295696517204,8.381415889303584,1.0,0.0,1.0,0.0,0.0,0.0
5,60,2.8527471965863813,0.6252802712709097,0.0,0.0,0.0,1.0,1.0,0.0
6,60,11.982543322277328,9.197397102740082,1.0,0.0,0.0,0.0,1.0,0.0
7,60,1.6553103101394826,7.289273428190188,1.0,0.0,1.0,1.0,1.0,1.0
8,60,0.5362517103409176,3.0699679834751388,0.0,0.0,0.0,0.0,0.0,1.0
9,60,12.0,7.878276480055987,0.0,1.0,1.0,0.0,0.0,0.0
10,60,6.589468291121998,3.9552178957114887,0.0,1.0,0.0,1.0,0.0,0.0
11,60,8.749326034181081,5.927369181318027,1.0,0.0,0.0,0.0,1.0,1.0
12,60,8.102582204139146,12.0,0.0,0.0,1.0,0.0,1.0,0.0
13,60,0.9988302052129818,5.619786070656358,0.0,1.0,0.0,1.0,0.0,0.0
14,60,7.536033446862486,0.4877685417803454,0.0,0.0,1.0,0.0,0.0,1.0
15,60,0.6998945127827494,2.881954182572133,0.0,1.0,1.0,0.0,1.0,0.0
16,60,4.546447742803296,4.460215812200095,0.0,0.0,0.0,0.0,0.0,1.0
17,60,8.965523779783775,2.7353607353013465,0.0,0.0,0.0,1.0,0.0,1.0
18,60,6.30358809930793,5.538548625650949,1.0,0.0,1.0,0.0,0.0,0.0
19,60,10.17013397444981,7.88785949196978,0.0,0.0,0.0,0.0,0.0,0.0
20,60,0.9376730643975524,3.1595865872928197,0.0,0.0,0.0,0.0,1.0,1.0
21,60,11.972293782731482,7.746767281298449,1.0,0.0,1.0,0.0,1.0,0.0
22,60,5.105093852981181,9.661023962839886,0.0,0.0,0.0,1.0,1.0,1.0
23,60,5.585310466343144,4.886176669171536,0.0,0.0,0.0,0.0,0.0,0.0
24,60,1.3644335671587755,8.536953439958221,0.0,1.0,1.0,0.0,0.0,1.0
25,60,11.060721279832066,4.573334670540147,1.0,0.0,1.0,0.0,0.0,1.0
26,60,9.95747226113267,5.843393424032213,1.0,1.0,0.0,0.0,1.0,1.0
27,60,11.378428330106164,8.020512403403492,0.0,1.0,0.0,0.0,1.0,1.0
28,60,6.949366017234385,3.4744994673869094,1.0,0.0,0.0,0.0,0.0,0.0
29,60,9.293951478463535,11.25982709220552,1.0,0.0,1.0,1.0,1.0,1.0
30,60,2.6951419489259,3.555387586639704,0.0,1.0,0.0,0.0,1.0,0.0
31,60,5.540924352496547,10.782427424035957,0.0,1.0,1.0,0.0,0.0,0.0
32,60,4.430983696272094,7.46298863875718,0.0,1.0,0.0,0.0,0.0,0.0
33,60,10.801918804469572,4.581231553681892,1.0,1.0,0.0,0.0,1.0,0.0
34,60,8.110241811037502,10.222140161695988,1.0,0.0,0.0,0.0,0.0,1.0
35,60,3.4913264492532674,2.5278209591989715,0.0,1.0,1.0,1.0,0.0,0.0
36,60,8.097595190255397,1.953612671035624,1.0,1.0,0.0,1.0,0.0,0.0
37,60,4.9712323844907,9.0844257140921,1.0,0.0,0.0,0.0,0.0,0.0
38,60,4.826525276876036,8.158634593898977,1.0,0.0,0.0,1.0,0.0,1.0
39,60,7.926772824773349,9.349222652938936,0.0,0.0,0.0,1.0,1.0,1.0
0,65,5.194615097826527,11.971968166151788,1.0,1.0,1.0,0.0,0.0,1.0
1,65,11.07337355518344,4.1232009514730725,0.0,1.0,0.0,1.0,0.0,1.0
2,65,5.293641623567725,6.755771075188256,1.0,1.0,1.0,0.0,1.0,0.0
3,65,2.427986077754936,12.0,1.0,0.0,1.0,0.0,1.0,0.0
4,65,8.335885621471672,8.410960799920032,1.0,0.0,1.0,0.0,0.0,0.0
5,65,2.864169868711924,0.6207779782672661,0.0,0.0,0.0,1.0,1.0,0.0
6,65,11.967623534128563,9.26904966475188,1.0,0.0,0.0,0.0,1.0,0.0
7,65,1.6315790692675198,7.307144161165763,1.0,0.0,1.0,1.0,1.0,1.0
8,65,0.5878132985797685,2.988808934318054,0.0,0.0,0.0,0.0,0.0,1.0
9,65,12.0,7.866231106055321,0.0,1.0,1.0,0.0,0.0,0.0
10,65,6.5302818087177945,4.08754064403852,0.0,1.0,0.0,1.0,0.0,0.0
11,65,8.758052867557707,5.930239306900066,1.0,0.0,0.0,0.0,1.0,1.0
12,65,8.117655832895162,12.0,0.0,0.0,1.0,0.0,1.0,0.0
13,65,1.010822539174068,5.582285736000553,0.0,1.0,0.0,1.0,0.0,0.0
14,65,7.574696303276992,0.5282630864823652,0.0,0.0,1.0,0.0,0.0,1.0
15,65,0.7401397509705995,2.875191732011992,0.0,1.0,1.0,0.0,1.0,0.0
16,65,4.604396611701323,4.5067851516151975,0.0,0.0,0.0,0.0,0.0,1.0
17,65,8.96715438637476,2.7455032536205124,0.0,0.0,0.0,1.0,0.0,1.0
18,65,6.428153325164294,5.492390981411627,1.0,0.0,1.0,0.0,0.0,0.0
19,65,10.09046576141686,7.877198332480999,0.0,0.0,0.0,0.0,0.0,0.0
20,65,0.9451423944082096,3.1783742786609284,0.0,0.0,0.0,0.0,1.0,1.0
21,65,11.973540746571324,7.760404568807561,1.0,0.0,1.0,0.0,1.0,0.0
22,65,5.12183246918775,9.749585768647282,0.0,0.0,0.0,1.0,1.0,1.0
23,65,5.610888468004101,4.889072343549457,0.0,0.0,0.0,0.0,0.0,0.0
24,65,1.411633154010742,8.615856094662542,0.0,1.0,1.0,0.0,0.0,1.0
25,65,10.965643648588957,4.531222146262768,1.0,0.0,1.0,0.0,0.0,1.0
26,65,9.952179923192364,5.929987145136188,1.0,1.0,0.0,0.0,1.0,1.0
27,65,11.495442289743329,8.02091036871084,0.0,1.0,0.0,0.0,1.0,1.0
28,65,6.947073203564644,3.511507803839779,1.0,0.0,0.0,0.0,0.0,0.0
29,65,9.269431554452424,11.19830933679138,1.0,0.0,1.0,1.0,1.0,1.0
30,65,2.65282365615034,3.481925935035872,0.0,1.0,0.0,0.0,1.0,0.0
31,65,5.58824254025531,10.862132692748707,0.0,1.0,1.0,0.0,0.0,0.0
32,65,4.446119991387318,7.479620835270886,0.0,1.0,0.0,0.0,0.0,0.0
33,65,10.864590459368497,4.548993244246459,1.0,1.0,0.0,0.0,1.0,0.0
34,65,8.097767063868458,10.226333465895133,1.0,0.0,0.0,0.0,0.0,1.0
35,65,3.623249775615047,2.4882857996331853,0.0,1.0,1.0,1.0,0.0,0.0
36,65,8.038523935361388,1.9557106524001944,1.0,1.0,0.0,1.0,0.0,0.0
37,65,4.96111656217348,9.117460919910569,1.0,0.0,0.0,0.0,0.0,0.0
38,65,4.810406206686378,8.086435046700636,1.0,0.0,0.0,1.0,0.0,1.0
39,65,7.881869295703738,9.269473886120634,0.0,0.0,0.0,1.0,1.0,1.0
0,70,5.185944806641911,11.993597293542605,1.0,1.0,1.0,0.0,0.0,1.0
1,70,11.079740398247024,4.119600375087332,0.0,1.0,0.0,1.0,0.0,1.0
2,70,5.324403509578299,6.620369979803481,1.0,1.0,1.0,0.0,1.0,0.0
3,70,2.468878873955366,12.0,1.0,0.0,1.0,0.0,1.0,0.0
4,70,8.365002010857241,8.441632473649046,1.0,0.0,1.0,0.0,0.0,0.0
5,70,2.8779908351060346,0.6155922417371945,0.0,0.0,0.0,1.0,1.0,0.0
6,70,11.904842375776967,9.25658628731915,1.0,0.0,0.0,0.0,1.0,0.0
7,70,1.6048635800518132,7.3289761389817025,1.0,0.0,1.0,1.0,1.0,1.0
8,70,0.6415436494165948,2.9051808980391027,0.0,0.0,0.0,0.0,0.0,1.0
9,70,12.0,7.855025671682849,0.0,1.0,1.0,0.0,0.0,0.0
10,70,6.466968023477098,4.22387836362029,0.0,1.0,0.0,1.0,0.0,0.0
11,70,8.766924960016063,5.933138599834944,1.0,0.0,0.0,0.0,1.0,1.0
12,70,8.12359471410384,12.0,0.0,0.0,1.0,0.0,1.0,0.0
13,70,1.0247926334670812,5.541805724645193,0.0,1.0,0.0,1.0,0.0,0.0
14,70,7.623351573425715,0.5793345127105524,0.0,0.0,1.0,0.0,0.0,1.0
15,70,0.7754349432864002,2.8694968887326624,0.0,1.0,1.0,0.0,1.0,0.0
16,70,4.676877501925183,4.564611346269722,0.0,0.0,0.0,0.0,0.0,1.0
17,70,8.967284296762179,2.7461836659724383,0.0,0.0,0.0,1.0,0.0,1.0
18,70,6.522445755364974,5.4567109098935,1.0,0.0,1.0,0.0,0.0,0.0
19,70,9.99824832307047,7.867781339285063,0.0,0.0,0.0,0.0,0.0,0.0
20,70,0.9609808338907998,3.2208476874052865,0.0,0.0,0.0,0.0,1.0,1.0
21,70,11.975037961545135,7.774084086815828,1.0,0.0,1.0,0.0,1.0,0.0
22,70,5.142719670507647,9.852072890052126,0.0,0.0,0.0,1.0,1.0,1.0
23,70,5.639524909824903,4.891281875391142,0.0,0.0,0.0,0.0,0.0,0.0
24,70,1.4503577074416898,8.685579104318805,0.0,1.0,1.0,0.0,0.0,1.0
25,70,10.857024743032284,4.4899370201079964,1.0,0.0,1.0,0.0,0.0,1.0
26,70,9.946598962992123,6.028800492806293,1.0,1.0,0.0,0.0,1.0,1.0
27,70,11.611339954610331,8.025296838333452,0.0,1.0,0.0,0.0,1.0,1.0
28,70,6.946089680013245,3.542231509051082,1.0,0.0,0.0,0.0,0.0,0.0
29,70,9.24869395732365,11.1457606879881,1.0,0.0,1.0,1.0,1.0,1.0
30,70,2.614848604706969,3.415323133777965,0.0,1.0,0.0,0.0,1.0,0.0
31,70,5.637631974681677,10.947927880109546,0.0,1.0,1.0,0.0,0.0,0.0
32,70,4.453422145970915,7.487720285007389,0.0,1.0,0.0,0.0,0.0,0.0
33,70,10.934635119845366,4.5124129149507874,1.0,1.0,0.0,0.0,1.0,0.0
34,70,8.079130923608382,10.232308746335573,1.0,0.0,0.0,0.0,0.0,1.0
35,70,3.7542737581687113,2.452569229965629,0.0,1.0,1.0,1.0,0.0,0.0
36,70,7.989543011570942,1.955908729731029,1.0,1.0,0.0,1.0,0.0,0.0
37,70,4.957715865019103,9.128848189803394,1.0,0.0,0.0,0.0,0.0,0.0
38,70,4.796040065628358,8.030269955312932,1.0,0.0,0.0,1.0,0.0,1.0
39,70,7.83471424690488,9.189566676812502,0.0,0.0,0.0,1.0,1.0,1.0
0,75,5.1737213217718745,12.0,1.0,1.0,1.0,0.0,0.0,1.0
1,75,11.096606383710297,4.110744605075319,0.0,1.0,0.0,1.0,0.0,1.0
2,75,5.353477983882446,6.505498450265341,1.0,1.0,1.0,0.0,1.0,0.0
3,75,2.52283665287333,12.0,1.0,0.0,1.0,0.0,1.0,0.0
4,75,8.398802213688148,8.477284759029123,1.0,0.0,1.0,0.0,0.0,0.0
5,75,2.87913277842804,0.6151914774536575,0.0,0.0,0.0,1.0,1.0,0.0
6,75,11.834806353293676,9.243295693589053,1.0,0.0,0.0,0.0,1.0,0.0
7,75,1.561973577755839,7.363624422495966,1.0,0.0,1.0,1.0,1.0,1.0
8,75,0.6985433562885157,2.815389529288681,0.0,0.0,0.0,0.0,0.0,1.0
9,75,12.0,7.841455132103694,0.0,1.0,1.0,0.0,0.0,0.0
10,75,6.421036571435072,4.33439160180187,0.0,1.0,0.0,1.0,0.0,0.0
11,75,8.760463937119733,5.931091953132493,1.0,0.0,0.0,0.0,1.0,1.0
12,75,8.129013982311946,12.0,0.0,0.0,1.0,0.0,1.0,0.0
13,75,1.0412607689586413,5.4969134104003405,0.0,1.0,0.0,1.0,0.0,0.0
14,75,7.676300434601267,0.638464290188668,0.0,0.0,1.0,0.0,0.0,1.0
15,75,0.8073410426912513,2.8636771685843416,0.0,1.0,1.0,0.0,1.0,0.0
16,75,4.742350447432924,4.617842077927765,0.0,0.0,0.0,0.0,0.0,1.0
17,75,8.966666776780254,2.742997920455582,0.0,0.0,0.0,1.0,0.0,1.0
18,75,6.617320884518469,5.424554798911296,1.0,0.0,1.0,0.0,0.0,0.0
19,75,9.887214458881852,7.8571407660887616,0.0,0.0,0.0,0.0,0.0,0.0
20,75,0.9775436166342162,3.2706876395048363,0.0,0.0,0.0,0.0,1.0,1.0
21,75,11.976888244061096,7.794731944096935,1.0,0.0,1.0,0.0,1.0,0.0
22,75,5.169001922325903,9.97440853624992,0.0,0.0,0.0,1.0,1.0,1.0
23,75,5.677158611406082,4.893500047477832,0.0,0.0,0.0,0.0,0.0,0.0
24,75,1.5028337274708887,8.77391645280041,0.0,1.0,1.0,0.0,0.0,1.0
25,75,10.719237513635573,4.439063242238416,1.0,0.0,1.0,0.0,0.0,1.0
26,75,9.940431117862548,6.143627414887263,1.0,1.0,0.0,0.0,1.0,1.0
27,75,11.745370584496046,8.031355941358594,0.0,1.0,0.0,0.0,1.0,1.0
28,75,6.943865378761132,3.600005476464544,1.0,0.0,0.0,0.0,0.0,0.0
29,75,9.227152930409176,11.090359882821447,1.0,0.0,1.0,1.0,1.0,1.0
30,75,2.5747689427249694,3.348327620583448,0.0,1.0,0.0,0.0,1.0,0.0
31,75,5.68247127275164,11.027103906535697,0.0,1.0,1.0,0.0,0.0,0.0
32,75,4.46111542588111,7.496490857911869,0.0,1.0,0.0,0.0,0.0,0.0
33,75,11.034058507840166,4.463959864823219,1.0,1.0,0.0,0.0,1.0,0.0
34,75,8.062691689598012,10.237558666807564,1.0,0.0,0.0,0.0,0.0,1.0
35,75,3.883827651128288,2.4187317567231306,0.0,1.0,1.0,1.0,0.0,0.0
36,75,7.933485770138767,1.956178959009086,1.0,1.0,0.0,1.0,0.0,0.0
37,75,4.947350397309,9.165695481828868,1.0,0.0,0.0,0.0,0.0,0.0
38,75,4.781607529914503,7.963891302071874,1.0,0.0,0.0,1.0,0.0,1.0
39,75,7.788066315117195,9.107859705508378,0.0,0.0,0.0,1.0,1.0,1.0
0,80,5.159526119988989,12.0,1.0,1.0,1.0,0.0,0.0,1.0
1,80,11.120289789796994,4.0982314451808906,0.0,1.0,0.0,1.0,0.0,1.0
2,80,5.385379457778336,6.373262785649962,1.0,1.0,1.0,0.0,1.0,0.0
3,80,2.56539224123571,12.0,1.0,0.0,1.0,0.0,1.0,0.0
4,80,8.43400222547879,8.51432568313136,1.0,0.0,1.0,0.0,0.0,0.0
5,80,2.883399527697966,0.613529955469064,0.0,0.0,0.0,1.0,1.0,0.0
6,80,11.74609986908578,9.223217704871857,1.0,0.0,0.0,0.0,1.0,0.0
7,80,1.5110349097041351,7.404965861627729,1.0,0.0,1.0,1.0,1.0,1.0
8,80,0.7528516813227332,2.7293603711432675,0.0,0.0,0.0,0.0,0.0,1.0
9,80,12.0,7.829143337665831,0.0,1.0,1.0,0.0,0.0,0.0
10,80,6.374026762361631,4.447683824134063,0.0,1.0,0.0,1.0,0.0,0.0
11,80,8.749946898785213,5.928037522126668,1.0,0.0,0.0,0.0,1.0,1.0
12,80,8.115778630939037,11.998879691559118,0.0,0.0,1.0,0.0,1.0,0.0
13,80,1.0618861648129854,5.443142112451487,0.0,1.0,0.0,1.0,0.0,0.0
14,80,7.731670499091829,0.7009486594743275,0.0,0.0,1.0,0.0,0.0,1.0
15,80,0.846171838992599,2.8576617562013253,0.0,1.0,1.0,0.0,1.0,0.0
16,80,4.8387346954586015,4.697115467983276,0.0,0.0,0.0,0.0,0.0,1.0
17,80,8.964580956076244,2.731696989808475,0.0,0.0,0.0,1.0,0.0,1.0
18,80,6.723963414711068,5.3857591899860005,1.0,0.0,1.0,0.0,0.0,0.0
19,80,9.792783289963529,7.847039234585768,0.0,0.0,0.0,0.0,0.0,0.0
20,80,0.9949084313360896,3.3216872415963663,0.0,0.0,0.0,0.0,1.0,1.0
21,80,11.97935607192422,7.81869536678436,1.0,0.0,1.0,0.0,1.0,0.0
22,80,5.2012383795429376,10.109739013135949,0.0,0.0,0.0,1.0,1.0,1.0
23,80,5.70969759637239,4.896048433986342,0.0,0.0,0.0,0.0,0.0,0.0
24,80,1.552567807755197,8.859401807794988,0.0,1.0,1.0,0.0,0.0,1.0
25,80,10.56865257576254,4.38850744129499,1.0,0.0,1.0,0.0,0.0,1.0
26,80,9.932132824021036,6.272923609821105,1.0,1.0,0.0,0.0,1.0,1.0
27,80,11.84449675628813,8.03637832426707,0.0,1.0,0.0,0.0,1.0,1.0
28,80,6.942524908037886,3.642428831148498,1.0,0.0,0.0,0.0,0.0,0.0
29,80,9.200323329663034,11.016663989374582,1.0,0.0,1.0,1.0,1.0,1.0
30,80,2.5289044058900783,3.27330417294164,0.0,1.0,0.0,0.0,1.0,0.0
31,80,5.7243429793890765,11.098864685970597,0.0,1.0,1.0,0.0,0.0,0.0
32,80,4.479074793475139,7.517817877362852,0.0,1.0,0.0,0.0,0.0,0.0
33,80,11.139426700333406,4.4137519810225365,1.0,1.0,0.0,0.0,1.0,0.0
34,80,8.032350654104121,10.247691097794798,1.0,0.0,0.0,0.0,0.0,1.0
35,80,4.036306994048255,2.37911062483146,0.0,1.0,1.0,1.0,0.0,0.0
36,80,7.881156894624494,1.9558755642142185,1.0,1.0,0.0,1.0,0.0,0.0
37,80,4.932677399056604,9.219040724790382,1.0,0.0,0.0,0.0,0.0,0.0
38,80,4.769179621794221,7.900686395103754,1.0,0.0,0.0,1.0,0.0,1.0
39,80,7.736183900911914,9.021581788941338,0.0,0.0,0.0,1.0,1.0,1.0
0,85,5.15146320447931,12.0,1.0,1.0,1.0,0.0,0.0,1.0
1,85,11.156091759243049,4.07939228382756,0.0,1.0,0.0,1.0,0.0,1.0
2,85,5.410056354244466,6.258304667188596,1.0,1.0,1.0,0.0,1.0,0.0
3,85,2.622297982078034,12.0,1.0,0.0,1.0,0.0,1.0,0.0
4,85,8.464796065947631,8.484103130100126,1.0,0.0,1.0,0.0,0.0,0.0
5,85,2.864377240082714,0.6211220806888329,0.0,0.0,0.0,1.0,1.0,0.0
6,85,11.636659621973385,9.197115690869571,1.0,0.0,0.0,0.0,1.0,0.0
7,85,1.4600191494042511,7.448453107543548,1.0,0.0,1.0,1.0,1.0,1.0
8,85,0.8156993868443387,2.632071046165008,0.0,0.0,0.0,0.0,0.0,1.0
9,85,12.0,7.807646284554921,0.0,1.0,1.0,0.0,0.0,0.0
10,85,6.329329024339321,4.552592703074716,0.0,1.0,0.0,1.0,0.0,0.0
11,85,8.758021883577614,5.930510091582415,1.0,0.0,0.0,0.0,1.0,1.0
12,85,8.089932869595474,11.996036020681586,0.0,0.0,1.0,0.0,1.0,0.0
13,85,1.0803158331322973,5.394668757268838,0.0,1.0,0.0,1.0,0.0,0.0
14,85,7.77803227911273,0.7563426230886062,0.0,0.0,1.0,0.0,0.0,1.0
15,85,0.9051289049288376,2.8495388694590087,0.0,1.0,1.0,0.0,1.0,0.0
16,85,4.953597338433845,4.798410297826022,0.0,0.0,0.0,0.0,0.0,1.0
17,85,8.958649560628658,2.700483995847238,0.0,0.0,0.0,1.0,0.0,1.0
18,85,6.817477982827907,5.351249757279921,1.0,0.0,1.0,0.0,0.0,0.0
19,85,9.697457797352332,7.83608383944345,0.0,0.0,0.0,0.0,0.0,0.0
20,85,1.0150236249835043,3.380637922420072,0.0,0.0,0.0,0.0,1.0,1.0
21,85,11.982617531876988,7.848432987791489,1.0,0.0,1.0,0.0,1.0,0.0
22,85,5.231719567399596,10.25299575854447,0.0,0.0,0.0,1.0,1.0,1.0
23,85,5.730429551299912,4.89775077104022,0.0,0.0,0.0,0.0,0.0,0.0
24,85,1.5973721808395325,8.941454745928452,0.0,1.0,1.0,0.0,0.0,1.0
25,85,10.389411698492829,4.327415209388223,1.0,0.0,1.0,0.0,0.0,1.0
26,85,9.928048541065206,6.425662500556834,1.0,1.0,0.0,0.0,1.0,1.0
27,85,11.948936501021064,8.039647749479935,0.0,1.0,0.0,0.0,1.0,1.0
28,85,6.939860427693415,3.701074788977623,1.0,0.0,0.0,0.0,0.0,0.0
29,85,9.169713362009738,10.925863563427464,1.0,0.0,1.0,1.0,1.0,1.0
30,85,2.4874669694535165,3.2021350542992715,0.0,1.0,0.0,0.0,1.0,0.0
31,85,5.761944152814842,11.1599984205971,0.0,1.0,1.0,0.0,0.0,0.0
32,85,4.494669095026351,7.536751155290854,0.0,1.0,0.0,0.0,0.0,0.0
33,85,11.235143264447506,4.371422546301507,1.0,1.0,0.0,0.0,1.0,0.0
34,85,7.994727257083956,10.259478465646716,1.0,0.0,0.0,0.0,0.0,1.0
35,85,4.194435329730598,2.340807257693338,0.0,1.0,1.0,1.0,0.0,0.0
36,85,7.812808013666797,1.9538188030794772,1.0,1.0,0.0,1.0,0.0,0.0
37,85,4.915097106579998,9.275367460149772,1.0,0.0,0.0,0.0,0.0,0.0
38,85,4.760947693890883,7.857326318019266,1.0,0.0,0.0,1.0,0.0,1.0
39,85,7.684845637973355,8.93866163551573,0.0,0.0,0.0,1.0,1.0,1.0
0,90,5.144497398055895,12.0,1.0,1.0,1.0,0.0,0.0,1.0
1,90,11.17956263925788,4.067959815731001,0.0,1.0,0.0,1.0,0.0,1.0
2,90,5.442063995924376,6.135897303118277,1.0,1.0,1.0,0.0,1.0,0.0
3,90,2.6680561566993544,12.0,1.0,0.0,1.0,0.0,1.0,0.0
4,90,8.490046659552792,8.459521690914384,1.0,0.0,1.0,0.0,0.0,0.0
5,90,2.866804928525164,0.6201409545245513,0.0,0.0,0.0,1.0,1.0,0.0
6,90,11.522587020704751,9.16891993920686,1.0,0.0,0.0,0.0,1.0,0.0
7,90,1.4110858342174883,7.490961429287572,1.0,0.0,1.0,1.0,1.0,1.0
8,90,0.8744081996786308,2.5393697781824134,0.0,0.0,0.0,0.0,0.0,1.0
9,90,12.0,7.785613883001086,0.0,1.0,1.0,0.0,0.0,0.0
10,90,6.282371034409708,4.665980376015175,0.0,1.0,0.0,1.0,0.0,0.0
11,90,8.772909683937382,5.9354233713940285,1.0,0.0,0.0,0.0,1.0,1.0
12,90,8.04368652027562,11.991401056224356,0.0,0.0,1.0,0.0,1.0,0.0
13,90,1.1010150685557432,5.343404765705615,0.0,1.0,0.0,1.0,0.0,0.0
14,90,7.814763695952579,0.800351461139072,0.0,0.0,1.0,0.0,0.0,1.0
15,90,0.9800578281404936,2.838282384403481,0.0,1.0,1.0,0.0,1.0,0.0
16,90,5.06898848764099,4.895235523477069,0.0,0.0,0.0,0.0,0.0,1.0
17,90,8.952590702083564,2.667362547837183,0.0,0.0,0.0,1.0,0.0,1.0
18,90,6.923586232087075,5.31139925662975,1.0,0.0,1.0,0.0,0.0,0.0
19,90,9.623944437102486,7.827995207910945,0.0,0.0,0.0,0.0,0.0,0.0
20,90,1.0337831865139389,3.4384388790003086,0.0,0.0,0.0,0.0,1.0,1.0
21,90,11.987706575542475,7.894011302866606,1.0,0.0,1.0,0.0,1.0,0.0
22,90,5.2651467111945225,10.411841729132412,0.0,0.0,0.0,1.0,1.0,1.0
23,90,5.764431517196516,4.900481085622683,0.0,0.0,0.0,0.0,0.0,0.0
24,90,1.631563154846526,9.001870398103469,0.0,1.0,1.0,0.0,0.0,1.0
25,90,10.209215804808432,4.2644840530018655,1.0,0.0,1.0,0.0,0.0,1.0
26,90,9.922620053275567,6.577200697018188,1.0,1.0,0.0,0.0,1.0,1.0
27,90,12.0,8.044156836678917,0.0,1.0,0.0,0.0,1.0,1.0
28,90,6.936593891277115,3.758432309316573,1.0,0.0,0.0,0.0,0.0,0.0
29,90,9.151076474365832,10.86362168314792,1.0,0.0,1.0,1.0,1.0,1.0
30,90,2.4432527450212613,3.1247402544571847,0.0,1.0,0.0,0.0,1.0,0.0
31,90,5.796688323880727,11.213557522150758,0.0,1.0,1.0,0.0,0.0,0.0
32,90,4.523088096936405,7.5706270343957,0.0,1.0,0.0,0.0,0.0,0.0
33,90,11.34611929051236,4.322383976328232,1.0,1.0,0.0,0.0,1.0,0.0
34,90,7.969643435265107,10.26800568335419,1.0,0.0,0.0,0.0,0.0,1.0
35,90,4.360154589927107,2.2993938377236174,0.0,1.0,1.0,1.0,0.0,0.0
36,90,7.738070739706986,1.9507187678661693,1.0,1.0,0.0,1.0,0.0,0.0
37,90,4.90318785672018,9.310834750652669,1.0,0.0,0.0,0.0,0.0,0.0
38,90,4.755217380357382,7.822555282663176,1.0,0.0,0.0,1.0,0.0,1.0
39,90,7.640928345752567,8.862956405999286,0.0,0.0,0.0,1.0,1.0,1.0
0,95,5.137062489198136,12.0,1.0,1.0,1.0,0.0,0.0,1.0
1,95,11.218661483299844,4.049584946736882,0.0,1.0,0.0,1.0,0.0,1.0
2,95,5.476293061527183,6.002116076930832,1.0,1.0,1.0,0.0,1.0,0.0
3,95,2.692990163577154,12.0,1.0,0.0,1.0,0.0,1.0,0.0
4,95,8.515910455649706,8.433879422928916,1.0,0.0,1.0,0.0,0.0,0.0
5,95,2.86272863959625,0.6217824678301854,0.0,0.0,0.0,1.0,1.0,0.0
6,95,11.375316038646526,9.132617599751397,1.0,0.0,0.0,0.0,1.0,0.0
7,95,1.3610802547361367,7.536276256703685,1.0,0.0,1.0,1.0,1.0,1.0
8,95,0.9279413431000736,2.458643666914934,0.0,0.0,0.0,0.0,0.0,1.0
9,95,12.0,7.766412876803848,0.0,1.0,1.0,0.0,0.0,0.0
10,95,6.225886060029235,4.796763526438787,0.0,1.0,0.0,1.0,0.0,0.0
11,95,8.787926488916176,5.9400445281010406,1.0,0.0,0.0,0.0,1.0,1.0
12,95,8.04182783527437,12.0,0.0,0.0,1.0,0.0,1.0,0.0
13,95,1.1281369506839287,5.278680533658938,0.0,1.0,0.0,1.0,0.0,0.0
14,95,7.860574416470482,0.8570641384326891,0.0,0.0,1.0,0.0,0.0,1.0
15,95,1.066997937262924,2.825218739577462,0.0,1.0,1.0,0.0,1.0,0.0
16,95,5.19228909875052,4.99853298347991,0.0,0.0,0.0,0.0,0.0,1.0
17,95,8.943348078695893,2.6142648267767306,0.0,0.0,0.0,1.0,0.0,1.0
18,95,7.020146973790181,5.277351084583628,1.0,0.0,1.0,0.0,0.0,0.0
19,95,9.536286090131394,7.818426658672794,0.0,0.0,0.0,0.0,0.0,0.0
20,95,1.0495095329947308,3.4874377673276014,0.0,0.0,0.0,0.0,1.0,1.0
21,95,11.99411321120318,7.950518694833406,1.0,0.0,1.0,0.0,1.0,0.0
22,95,5.290283417302384,10.542021149593015,0.0,0.0,0.0,1.0,1.0,1.0
23,95,5.803899945593037,4.904203975182113,0.0,0.0,0.0,0.0,0.0,0.0
24,95,1.653729934363852,9.041535567170175,0.0,1.0,1.0,0.0,0.0,1.0
25,95,10.045184083634826,4.212220164027266,1.0,0.0,1.0,0.0,0.0,1.0
26,95,9.914820513184315,6.723685233733933,1.0,1.0,0.0,0.0,1.0,1.0
27,95,12.0,8.050145430659375,0.0,1.0,0.0,0.0,1.0,1.0
28,95,6.9337938476081575,3.8038531936330697,1.0,0.0,0.0,0.0,0.0,0.0
29,95,9.135480460026946,10.816993129557984,1.0,0.0,1.0,1.0,1.0,1.0
30,95,2.3917409278667643,3.0350937980993984,0.0,1.0,0.0,0.0,1.0,0.0
31,95,5.834496575273565,11.270209691270589,0.0,1.0,1.0,0.0,0.0,0.0
32,95,4.562744708921912,7.617318220351693,0.0,1.0,0.0,0.0,0.0,0.0
33,95,11.464100922683802,4.269770232134563,1.0,1.0,0.0,0.0,1.0,0.0
34,95,7.964798685660466,10.269765773451752,1.0,0.0,0.0,0.0,0.0,1.0
35,95,4.548222487541261,2.254090586402398,0.0,1.0,1.0,1.0,0.0,0.0
36,95,7.641998649891989,1.9488370204172665,1.0,1.0,0.0,1.0,0.0,0.0
37,95,4.890970990614791,9.349433777918422,1.0,0.0,0.0,0.0,0.0,0.0
38,95,4.750744865919553,7.792775756334442,1.0,0.0,0.0,1.0,0.0,1.0
39,95,7.596139668893264,8.79215115230625,0.0,0.0,0.0,1.0,1.0,1.0
0,100,5.125993720888084,12.0,1.0,1.0,1.0,0.0,0.0,1.0
1,100,11.252296852581798,4.034168770212651,0.0,1.0,0.0,1.0,0.0,1.0
2,100,5.509156721434243,5.87477251245235,1.0,1.0,1.0,0.0,1.0,0.0
3,100,2.711236291389455,12.0,1.0,0.0,1.0,0.0,1.0,0.0
4,100,8.546650056896079,8.40460167616623,1.0,0.0,1.0,0.0,0.0,0.0
5,100,2.8840856715084398,0.6133072777128732,0.0,0.0,0.0,1.0,1.0,0.0
6,100,11.246022802590698,9.10366395264328,1.0,0.0,0.0,0.0,1.0,0.0
7,100,1.3105655699483705,7.582456794063402,1.0,0.0,1.0,1.0,1.0,1.0
8,100,0.9988826361081856,2.349971719364,0.0,0.0,0.0,0.0,0.0,1.0
9,100,12.0,7.748165742693187,0.0,1.0,1.0,0.0,0.0,0.0
10,100,6.175859150468059,4.923522536574261,0.0,1.0,0.0,1.0,0.0,0.0
11,100,8.785957281305617,5.939398469578382,1.0,0.0,0.0,0.0,1.0,1.0
12,100,8.04037083880517,12.0,0.0,0.0,1.0,0.0,1.0,0.0
13,100,1.1592585979281662,5.19741777215132,0.0,1.0,0.0,1.0,0.0,0.0
14,100,7.910497007889639,0.9190419327295284,0.0,0.0,1.0,0.0,0.0,1.0
15,100,1.1654358115216592,2.809264643409714,0.0,1.0,1.0,0.0,1.0,0.0
16,100,5.317586711979433,5.101766422030951,0.0,0.0,0.0,0.0,0.0,1.0
17,100,8.93602361347538,2.5748785898988085,0.0,0.0,0.0,1.0,0.0,1.0
18,100,7.11268445579364,5.2429769709854,1.0,0.0,1.0,0.0,0.0,0.0
19,100,9.443941833223466,7.80895658710485,0.0,0.0,0.0,0.0,0.0,0.0
20,100,1.0672884087773076,3.5428223815353914,0.0,0.0,0.0,0.0,1.0,1.0
21,100,12.0,8.021421229576916,1.0,0.0,1.0,0.0,1.0,0.0
22,100,5.316969786112048,10.684143686353783,0.0,0.0,0.0,1.0,1.0,1.0
23,100,5.841819626460373,4.908252740366192,0.0,0.0,0.0,0.0,0.0,0.0
24,100,1.675380807584995,9.08292419595768,0.0,1.0,1.0,0.0,0.0,1.0
25,100,9.88216943399705,4.161532527106982,1.0,0.0,1.0,0.0,0.0,1.0
26,100,9.906664622138194,6.877444968960062,1.0,1.0,0.0,0.0,1.0,1.0
27,100,12.0,8.054802118360856,0.0,1.0,0.0,0.0,1.0,1.0
28,100,6.931584185713442,3.828297686721472,1.0,0.0,0.0,0.0,0.0,0.0
29,100,9.123457124554898,10.780950718748644,1.0,0.0,1.0,1.0,1.0,1.0
30,100,2.349231465028979,2.955654377699994,0.0,1.0,0.0,0.0,1.0,0.0
31,100,5.873378031922386,11.326503976660169,0.0,1.0,1.0,0.0,0.0,0.0
32,100,4.601424511014615,7.662123621282977,0.0,1.0,0.0,0.0,0.0,0.0
33,100,11.569600410648675,4.222931307826581,1.0,1.0,0.0,0.0,1.0,0.0
34,100,7.965932519167167,10.269339054791685,1.0,0.0,0.0,0.0,0.0,1.0
35,100,4.719212824700373,2.2157153977984487,0.0,1.0,1.0,1.0,0.0,0.0
36,100,7.519927862692413,1.9447139236266744,1.0,1.0,0.0,1.0,0.0,0.0
37,100,4.884586087257486,9.369369682122668,1.0,0.0,0.0,0.0,0.0,0.0
38,100,4.747302694905682,7.77010564267493,1.0,0.0,0.0,1.0,0.0,1.0
39,100,7.571989085187805,8.751940463646237,0.0,0.0,0.0,1.0,1.0,1.0
0,105,5.113258723029374,12.0,1.0,1.0,1.0,0.0,0.0,1.0
1,105,11.277488704223268,4.0224989404396325,0.0,1.0,0.0,1.0,0.0,1.0
2,105,5.540090413943136,5.76085231381936,1.0,1.0,1.0,0.0,1.0,0.0
3,105,2.735911597430136,12.0,1.0,0.0,1.0,0.0,1.0,0.0
4,105,8.569262342374513,8.384146944447634,1.0,0.0,1.0,0.0,0.0,0.0
5,105,2.89762958062777,0.60764518880677,0.0,0.0,0.0,1.0,1.0,0.0
6,105,11.1153274022837,9.075068601663093,1.0,0.0,0.0,0.0,1.0,0.0
7,105,1.273747881877518,7.61611008717762,1.0,0.0,1.0,1.0,1.0,1.0
8,105,1.0736655943455802,2.2343572950214283,0.0,0.0,0.0,0.0,0.0,1.0
9,105,12.0,7.735877608026354,0.0,1.0,1.0,0.0,0.0,0.0
10,105,6.124037595758153,5.058588087415765,0.0,1.0,0.0,1.0,0.0,0.0
11,105,8.791686562383378,5.941515743191107,1.0,0.0,0.0,0.0,1.0,1.0
12,105,8.039385370057401,12.0,0.0,0.0,1.0,0.0,1.0,0.0
13,105,1.193689539925907,5.110036766335981,0.0,1.0,0.0,1.0,0.0,0.0
14,105,7.961766881422966,0.9836390781949692,0.0,0.0,1.0,0.0,0.0,1.0
15,105,1.2394873080585005,2.796509346411929,0.0,1.0,1.0,0.0,1.0,0.0
16,105,5.448505019032236,5.208478719182275,0.0,0.0,0.0,0.0,0.0,1.0
17,105,8.934867843220346,2.5687231900176517,0.0,0.0,0.0,1.0,0.0,1.0
18,105,7.207541064400188,5.210915109920637,1.0,0.0,1.0,0.0,0.0,0.0
19,105,9.34165629392576,7.800657316260742,0.0,0.0,0.0,0.0,0.0,0.0
20,105,1.083952055468514,3.598675218452674,0.0,0.0,0.0,0.0,1.0,1.0
21,105,12.0,8.084788336096999,1.0,0.0,1.0,0.0,1.0,0.0
22,105,5.343668735935914,10.809082824006806,0.0,0.0,0.0,1.0,1.0,1.0
23,105,5.888661333972632,4.913637320314289,0.0,0.0,0.0,0.0,0.0,0.0
24,105,1.6934443878902592,9.117692400950869,0.0,1.0,1.0,0.0,0.0,1.0
25,105,9.71906162415358,4.111821206212012,1.0,0.0,1.0,0.0,0.0,1.0
26,105,9.89829533814949,7.050633445523912,1.0,1.0,0.0,0.0,1.0,1.0
27,105,12.0,8.062765634582806,0.0,1.0,0.0,0.0,1.0,1.0
28,105,6.930133342994546,3.842113083273381,1.0,0.0,0.0,0.0,0.0,0.0
29,105,9.10839900687,10.738061668513495,1.0,0.0,1.0,1.0,1.0,1.0
30,105,2.296891803770221,2.86381348482842,0.0,1.0,0.0,0.0,1.0,0.0
31,105,5.91129337473083,11.38251152434075,0.0,1.0,1.0,0.0,0.0,0.0
32,105,4.63618635401613,7.705242450230493,0.0,1.0,0.0,0.0,0.0,0.0
33,105,11.688266397682298,4.164595290605866,1.0,1.0,0.0,0.0,1.0,0.0
34,105,7.972128852362884,10.266929807157318,1.0,0.0,0.0,0.0,0.0,1.0
35,105,4.85707435306453,2.183480869858488,0.0,1.0,1.0,1.0,0.0,0.0
36,105,7.389159153849523,1.943742936672128,1.0,1.0,0.0,1.0,0.0,0.0
37,105,4.879975103464103,9.384586632494717,1.0,0.0,0.0,0.0,0.0,0.0
38,105,4.743556760965649,7.7475918830004975,1.0,0.0,0.0,1.0,0.0,1.0
39,105,7.55785304637171,8.729057594886811,0.0,0.0,0.0,1.0,1.0,1.0
0,110,5.108063311796042,12.0,1.0,1.0,1.0,0.0,0.0,1.0
1,110,11.295257001607318,4.014778604872856,0.0,1.0,0.0,1.0,0.0,1.0
2,110,5.57408391372715,5.642328263645679,1.0,1.0,1.0,0.0,1.0,0.0
3,110,2.7698227044103936,12.0,1.0,0.0,1.0,0.0,1.0,0.0
4,110,8.588834465387624,8.36707227137499,1.0,0.0,1.0,0.0,0.0,0.0
5,110,2.925667279874398,0.5954648326604698,0.0,0.0,0.0,1.0,1.0,0.0
6,110,10.988613346757289,9.045616812453764,1.0,0.0,0.0,0.0,1.0,0.0
7,110,1.2394838307329177,7.6461189206635645,1.0,0.0,1.0,1.0,1.0,1.0
8,110,1.1307448922701469,2.145780386273366,0.0,0.0,0.0,0.0,0.0,1.0
9,110,12.0,7.728812475067904,0.0,1.0,1.0,0.0,0.0,0.0
10,110,6.065477865486115,5.217571078400966,0.0,1.0,0.0,1.0,0.0,0.0
11,110,8.797018067580959,5.943536283717951,1.0,0.0,0.0,0.0,1.0,1.0
12,110,8.038660535524928,12.0,0.0,0.0,1.0,0.0,1.0,0.0
13,110,1.2257638467461096,5.0299068623680805,0.0,1.0,0.0,1.0,0.0,0.0
14,110,8.015837587707447,1.0504289341382504,0.0,0.0,1.0,0.0,0.0,1.0
15,110,1.3246255836906704,2.784803060242602,0.0,1.0,1.0,0.0,1.0,0.0
16,110,5.578101402537534,5.317817227431587,0.0,0.0,0.0,0.0,0.0,1.0
17,110,8.9300222166206,2.5430958622528315,0.0,0.0,0.0,1.0,0.0,1.0
18,110,7.314360398375148,5.174291627056941,1.0,0.0,1.0,0.0,0.0,0.0
19,110,9.21940210399225,7.791324332030518,0.0,0.0,0.0,0.0,0.0,0.0
20,110,1.089847314683251,3.6211529858564746,0.0,0.0,0.0,0.0,1.0,1.0
21,110,12.0,8.151913004489119,1.0,0.0,1.0,0.0,1.0,0.0
22,110,5.368363430601862,10.93477383460236,0.0,0.0,0.0,1.0,1.0,1.0
23,110,5.939342580464947,4.9196971064825785,0.0,0.0,0.0,0.0,0.0,0.0
24,110,1.7140315792485308,9.159771402927197,0.0,1.0,1.0,0.0,0.0,1.0
25,110,9.558244964762244,4.064400011358754,1.0,0.0,1.0,0.0,0.0,1.0
26,110,9.886283910071308,7.244413140939643,1.0,1.0,0.0,0.0,1.0,1.0
27,110,12.0,8.071714679763538,0.0,1.0,0.0,0.0,1.0,1.0
28,110,6.926644702271788,3.874270938821659,1.0,0.0,0.0,0.0,0.0,0.0
29,110,9.093206609560031,10.691682317065627,1.0,0.0,1.0,1.0,1.0,1.0
30,110,2.247395445997712,2.782157379139113,0.0,1.0,0.0,0.0,1.0,0.0
31,110,5.952997026034956,11.445471204362116,0.0,1.0,1.0,0.0,0.0,0.0
32,110,4.665572658950223,7.740808083919341,0.0,1.0,0.0,0.0,0.0,0.0
33,110,11.82626846902214,4.094223428339436,1.0,1.0,0.0,0.0,1.0,0.0
34,110,7.97703389243062,10.265062048530396,1.0,0.0,0.0,0.0,0.0,1.0
35,110,4.99849874406993,2.148808410877375,0.0,1.0,1.0,1.0,0.0,0.0
36,110,7.265845577754134,1.9425263282505807,1.0,1.0,0.0,1.0,0.0,0.0
37,110,4.87141291650712,9.415909844606253,1.0,0.0,0.0,0.0,0.0,0.0
38,110,4.741048509714146,7.727286447322011,1.0,0.0,0.0,1.0,0.0,1.0
39,110,7.547849123676191,8.712851145445352,0.0,0.0,0.0,1.0,1.0,1.0
0,115,5.112278805956184,11.99028485447136,1.0,1.0,1.0,0.0,0.0,1.0
1,115,11.32805725997468,3.998760961470704,0.0,1.0,0.0,1.0,0.0,1.0
2,115,5.604212023140999,5.522320358935629,1.0,1.0,1.0,0.0,1.0,0.0
3,115,2.7860684627891152,12.0,1.0,0.0,1.0,0.0,1.0,0.0
4,115,8.620866740061818,8.337312324401575,1.0,0.0,1.0,0.0,0.0,0.0
5,115,2.9431332393249363,0.58821562809159,0.0,0.0,0.0,1.0,1.0,0.0
6,115,10.860039185409176,9.013924496773535,1.0,0.0,0.0,0.0,1.0,0.0
7,115,1.2122697753147031,7.669578241643935,1.0,0.0,1.0,1.0,1.0,1.0
8,115,1.1931936794385392,2.048535714812783,0.0,0.0,0.0,0.0,0.0,1.0
9,115,12.0,7.719488295948028,0.0,1.0,1.0,0.0,0.0,0.0
10,115,6.014608419608096,5.355625485342414,0.0,1.0,0.0,1.0,0.0,0.0
11,115,8.798781082781927,5.944203720864217,1.0,0.0,0.0,0.0,1.0,1.0
12,115,8.038937417186547,11.99362887556816,0.0,0.0,1.0,0.0,1.0,0.0
13,115,1.2579648340073206,4.9470236744144005,0.0,1.0,0.0,1.0,0.0,0.0
14,115,8.082375079319563,1.1274980938468344,0.0,0.0,1.0,0.0,0.0,1.0
15,115,1.427127850719801,2.7692170796224103,0.0,1.0,1.0,0.0,1.0,0.0
16,115,5.715424541106877,5.435083190240146,0.0,0.0,0.0,0.0,0.0,1.0
17,115,8.924750665242247,2.518533591449349,0.0,0.0,0.0,1.0,0.0,1.0
18,115,7.430056860625352,5.1342513414045055,1.0,0.0,1.0,0.0,0.0,0.0
19,115,9.084105588454165,7.777932952240561,0.0,0.0,0.0,0.0,0.0,0.0
20,115,1.094155364818264,3.637789715794731,0.0,0.0,0.0,0.0,1.0,1.0
21,115,12.0,8.245724806974922,1.0,0.0,1.0,0.0,1.0,0.0
22,115,5.392922458965108,11.064385776725567,0.0,0.0,0.0,1.0,1.0,1.0
23,115,5.979396861082584,4.9253344258733405,0.0,0.0,0.0,0.0,0.0,0.0
24,115,1.731272537225033,9.195103329206802,0.0,1.0,1.0,0.0,0.0,1.0
25,115,9.405286339722329,4.018356602058749,1.0,0.0,1.0,0.0,0.0,1.0
26,115,9.873518563873787,7.459017020915661,1.0,1.0,0.0,0.0,1.0,1.0
27,115,12.0,8.079869732838034,0.0,1.0,0.0,0.0,1.0,1.0
28,115,6.922901868224931,3.904188255686916,1.0,0.0,0.0,0.0,0.0,0.0
29,115,9.071163791689322,10.624169841057318,1.0,0.0,1.0,1.0,1.0,1.0
30,115,2.2074526648049817,2.7187941164720817,0.0,1.0,0.0,0.0,1.0,0.0
31,115,5.989322909907887,11.504646663047495,0.0,1.0,1.0,0.0,0.0,0.0
32,115,4.683935267435285,7.762153640295794,0.0,1.0,0.0,0.0,0.0,0.0
33,115,11.968252120256752,4.020110198064605,1.0,1.0,0.0,0.0,1.0,0.0
34,115,7.960879015955658,10.271278553167807,1.0,0.0,0.0,0.0,0.0,1.0
35,115,5.142148409411985,2.116836277415077,0.0,1.0,1.0,1.0,0.0,0.0
36,115,7.124189518440373,1.9414583593069843,1.0,1.0,0.0,1.0,0.0,0.0
37,115,4.863648458312648,9.44196741102338,1.0,0.0,0.0,0.0,0.0,0.0
38,115,4.737882814340441,7.703663679972443,1.0,0.0,0.0,1.0,0.0,1.0
39,115,7.545682824302588,8.70927215097091,0.0,0.0,0.0,1.0,1.0,1.0
0,120,5.121403909059002,11.970199869629568,1.0,1.0,1.0,0.0,0.0,1.0
1,120,11.348902546676634,3.988288140414042,0.0,1.0,0.0,1.0,0.0,1.0
2,120,5.632236493684289,5.397915674497966,1.0,1.0,1.0,0.0,1.0,0.0
3,120,2.789286763509949,12.0,1.0,0.0,1.0,0.0,1.0,0.0
4,120,8.645870262171695,8.314909012149991,1.0,0.0,1.0,0.0,0.0,0.0
5,120,2.957616035171447,0.5819082877591305,0.0,0.0,0.0,1.0,1.0,0.0
6,120,10.733889579927418,8.983873416847892,1.0,0.0,0.0,0.0,1.0,0.0
7,120,1.1941679142943469,7.68557273521143,1.0,0.0,1.0,1.0,1.0,1.0
8,120,1.2604335463509568,1.933637463294556,0.0,0.0,0.0,0.0,0.0,1.0
9,120,12.0,7.7128350412317745,0.0,1.0,1.0,0.0,0.0,0.0
10,120,5.968084537898768,5.47809727848601,0.0,1.0,0.0,1.0,0.0,0.0
11,120,8.783757176025725,5.938496910256242,1.0,0.0,0.0,0.0,1.0,1.0
12,120,8.041676905722404,11.9553311228843,0.0,0.0,1.0,0.0,1.0,0.0
13,120,1.2975447074420707,4.854133779775264,0.0,1.0,0.0,1.0,0.0,0.0
14,120,8.127108615874436,1.1791228194888357,0.0,0.0,1.0,0.0,0.0,1.0
15,120,1.4149729553599226,2.679810501349942,0.0,1.0,1.0,0.0,1.0,0.0
16,120,5.851889420103761,5.542987056154417,0.0,0.0,0.0,0.0,0.0,1.0
17,120,8.922971001025548,2.510461964977232,0.0,0.0,0.0,1.0,0.0,1.0
18,120,7.550533927433155,5.08902170064094,1.0,0.0,1.0,0.0,0.0,0.0
19,120,8.941210980391544,7.770476579131794,0.0,0.0,0.0,0.0,0.0,0.0
20,120,1.0999337179451774,3.659899774560008,0.0,0.0,0.0,0.0,1.0,1.0
21,120,12.0,8.332947397750132,1.0,0.0,1.0,0.0,1.0,0.0
22,120,5.420070729729947,11.19174408309344,0.0,0.0,0.0,1.0,1.0,1.0
23,120,5.994436081462551,4.926882549335379,0.0,0.0,0.0,0.0,0.0,0.0
24,120,1.7468961360694018,9.228415461402111,0.0,1.0,1.0,0.0,0.0,1.0
25,120,9.248938387799605,3.9695762196055098,1.0,0.0,1.0,0.0,0.0,1.0
26,120,9.861680249053016,7.670421007574785,1.0,1.0,0.0,0.0,1.0,1.0
27,120,12.0,8.084124677870388,0.0,1.0,0.0,0.0,1.0,1.0
28,120,6.916025470063676,3.9630736384459007,1.0,0.0,0.0,0.0,0.0,0.0
29,120,9.148104280419531,10.600369628335535,1.0,0.0,1.0,1.0,1.0,1.0
30,120,2.1712045758572143,2.664524157957469,0.0,1.0,0.0,0.0,1.0,0.0
31,120,6.030770835372734,11.57050269349807,0.0,1.0,1.0,0.0,0.0,0.0
32,120,4.698825166476438,7.779978638055657,0.0,1.0,0.0,0.0,0.0,0.0
33,120,12.0,4.1824920753997645,1.0,1.0,0.0,0.0,1.0,0.0
34,120,7.96337559771834,10.27029846123008,1.0,0.0,0.0,0.0,0.0,1.0
35,120,5.27053945854732,2.0873889312988934,0.0,1.0,1.0,1.0,0.0,0.0
36,120,6.993411806858351,1.936478426975446,1.0,1.0,0.0,1.0,0.0,0.0
37,120,4.852036963004576,9.478634277162213,1.0,0.0,0.0,0.0,0.0,0.0
38,120,4.731979840916464,7.657245711597265,1.0,0.0,0.0,1.0,0.0,1.0
39,120,7.552777702813743,8.720512980475513,0.0,0.0,0.0,1.0,1.0,1.0
0,125,5.132910850825297,11.946891368386114,1.0,1.0,1.0,0.0,0.0,1.0
1,125,11.352865576649558,3.98638903635761,0.0,1.0,0.0,1.0,0.0,1.0
2,125,5.666243872099078,5.257623294822432,1.0,1.0,1.0,0.0,1.0,0.0
3,125,2.8000501814474887,12.0,1.0,0.0,1.0,0.0,1.0,0.0
4,125,8.668451907907297,8.292914210512775,1.0,0.0,1.0,0.0,0.0,0.0
5,125,2.9557201181783435,0.5827497410433001,0.0,0.0,0.0,1.0,1.0,0.0
6,125,10.596849272760158,8.947378191310143,1.0,0.0,0.0,0.0,1.0,0.0
7,125,1.1843034406745174,7.694458020505703,1.0,0.0,1.0,1.0,1.0,1.0
8,125,1.3308998624071011,1.8207721693835888,0.0,0.0,0.0,0.0,0.0,1.0
9,125,12.0,7.708557178963402,0.0,1.0,1.0,0.0,0.0,0.0
10,125,5.93039794854461,5.583017792918596,0.0,1.0,0.0,1.0,0.0,0.0
11,125,8.778139839431182,5.936319834649518,1.0,0.0,0.0,0.0,1.0,1.0
12,125,8.041983768566917,11.949625492798228,0.0,0.0,1.0,0.0,1.0,0.0
13,125,1.3417783037439857,4.752636165576036,0.0,1.0,0.0,1.0,0.0,0.0
14,125,8.16559516082836,1.2233618470860166,0.0,0.0,1.0,0.0,0.0,1.0
15,125,1.4062012776652688,2.606034647925202,0.0,1.0,1.0,0.0,1.0,0.0
16,125,5.993087143978803,5.660151655290526,0.0,0.0,0.0,0.0,0.0,1.0
17,125,8.923903553645467,2.514453686943119,0.0,0.0,0.0,1.0,0.0,1.0
18,125,7.683457346248009,5.036909697598588,1.0,0.0,1.0,0.0,0.0,0.0
19,125,8.786212376414445,7.765834063511682,0.0,0.0,0.0,0.0,0.0,0.0
20,125,1.1084578087805887,3.692568819692199,0.0,0.0,0.0,0.0,1.0,1.0
21,125,12.0,8.416784955910666,1.0,0.0,1.0,0.0,1.0,0.0
22,125,5.444825235839428,11.322672665913588,0.0,0.0,0.0,1.0,1.0,1.0
23,125,6.001338752619077,4.927579504425233,0.0,0.0,0.0,0.0,0.0,0.0
24,125,1.757103551289489,9.251907345401078,0.0,1.0,1.0,0.0,0.0,1.0
25,125,9.093782774006227,3.919304400345633,1.0,0.0,1.0,0.0,0.0,1.0
26,125,9.847361679587667,7.859827484980406,1.0,1.0,0.0,0.0,1.0,1.0
27,125,12.0,8.08826541128516,0.0,1.0,0.0,0.0,1.0,1.0
28,125,6.910102098601687,4.025338975576886,1.0,0.0,0.0,0.0,0.0,0.0
29,125,9.223625499980065,10.575144434233092,1.0,0.0,1.0,1.0,1.0,1.0
30,125,2.136042938863907,2.6120435566034965,0.0,1.0,0.0,0.0,1.0,0.0
31,125,6.0762128951052645,11.644320076430375,0.0,1.0,1.0,0.0,0.0,0.0
32,125,4.720421077201513,7.807198230690907,0.0,1.0,0.0,0.0,0.0,0.0
33,125,12.0,4.342351253101443,1.0,1.0,0.0,0.0,1.0,0.0
34,125,7.945379726476238,10.276961602789555,1.0,0.0,0.0,0.0,0.0,1.0
35,125,5.405878285752128,2.0592584284854976,0.0,1.0,1.0,1.0,0.0,0.0
36,125,6.867689012067281,1.932422571122439,1.0,1.0,0.0,1.0,0.0,0.0
37,125,4.837922705212199,9.522037353900792,1.0,0.0,0.0,0.0,0.0,0.0
38,125,4.728429959928423,7.622577087555513,1.0,0.0,0.0,1.0,0.0,1.0
39,125,7.561979131571215,8.735348719716853,0.0,0.0,0.0,1.0,1.0,1.0
0,130,5.146830683153681,11.91777600271118,1.0,1.0,1.0,0.0,0.0,1.0
1,130,11.34911402316615,3.988033616691213,0.0,1.0,0.0,1.0,0.0,1.0
2,130,5.69678354326205,5.123330010168599,1.0,1.0,1.0,0.0,1.0,0.0
3,130,2.803916322841894,12.0,1.0,0.0,1.0,0.0,1.0,0.0
4,130,8.705832843756683,8.258014406146675,1.0,0.0,1.0,0.0,0.0,0.0
5,130,2.9334062898136053,0.592013889683417,0.0,0.0,0.0,1.0,1.0,0.0
6,130,10.449815216782891,8.908641625635354,1.0,0.0,0.0,0.0,1.0,0.0
7,130,1.186565037349527,7.692472413526711,1.0,0.0,1.0,1.0,1.0,1.0
8,130,1.3992192013287033,1.7142434556641375,0.0,0.0,0.0,0.0,0.0,1.0
9,130,12.0,7.703575519032127,0.0,1.0,1.0,0.0,0.0,0.0
10,130,5.888327361241864,5.69279069393771,0.0,1.0,0.0,1.0,0.0,0.0
11,130,8.75172071919382,5.926716611454939,1.0,0.0,0.0,0.0,1.0,1.0
12,130,8.043073539829203,11.934257235438247,0.0,0.0,1.0,0.0,1.0,0.0
13,130,1.377500807471902,4.669139235263827,0.0,1.0,0.0,1.0,0.0,0.0
14,130,8.210118511398644,1.272505743917142,0.0,0.0,1.0,0.0,0.0,1.0
15,130,1.394610698551878,2.5122712696845357,0.0,1.0,1.0,0.0,1.0,0.0
16,130,6.135196090157,5.775823957762739,0.0,0.0,0.0,0.0,0.0,1.0
17,130,8.929771748385553,2.5373364305866697,0.0,0.0,0.0,1.0,0.0,1.0
18,130,7.817253395478907,4.986088049581624,1.0,0.0,1.0,0.0,0.0,0.0
19,130,8.651920886584811,7.758793478795328,0.0,0.0,0.0,0.0,0.0,0.0
20,130,1.119886709027218,3.738505332958005,0.0,0.0,0.0,0.0,1.0,1.0
21,130,12.0,8.487647523804672,1.0,0.0,1.0,0.0,1.0,0.0
22,130,5.474795773690559,11.47657237081538,0.0,0.0,0.0,1.0,1.0,1.0
23,130,6.016997189430333,4.928964763011711,0.0,0.0,0.0,0.0,0.0,0.0
24,130,1.768891290162908,9.279848505277108,0.0,1.0,1.0,0.0,0.0,1.0
25,130,8.93648679459554,3.869536050836584,1.0,0.0,1.0,0.0,0.0,1.0
26,130,9.833569230187482,8.065091204303785,1.0,1.0,0.0,0.0,1.0,1.0
27,130,12.0,8.090459068865117,0.0,1.0,0.0,0.0,1.0,1.0
28,130,6.901483116380148,4.111992321766861,1.0,0.0,0.0,0.0,0.0,0.0
29,130,9.292687038170856,10.553200858586688,1.0,0.0,1.0,1.0,1.0,1.0
30,130,2.1038892325622287,2.563897992857864,0.0,1.0,0.0,0.0,1.0,0.0
31,130,6.128819301312275,11.720981716645442,0.0,1.0,1.0,0.0,0.0,0.0
32,130,4.744574415291149,7.837142193494845,0.0,1.0,0.0,0.0,0.0,0.0
33,130,12.0,4.520192394141649,1.0,1.0,0.0,0.0,1.0,0.0
34,130,7.920283462385455,10.286626461420264,1.0,0.0,0.0,0.0,0.0,1.0
35,130,5.555583577556868,2.0260157766956244,0.0,1.0,1.0,1.0,0.0,0.0
36,130,6.869968329532541,1.810580657354931,1.0,1.0,0.0,1.0,0.0,0.0
37,130,4.817628054806248,9.581866536307752,1.0,0.0,0.0,0.0,0.0,0.0
38,130,4.724318182121604,7.586913607385263,1.0,0.0,0.0,1.0,0.0,1.0
39,130,7.569543981173541,8.747350710307693,0.0,0.0,0.0,1.0,1.0,1.0
0,135,5.15405872945954,11.903251635821082,1.0,1.0,1.0,0.0,0.0,1.0
1,135,11.333976761865522,3.994783931338065,0.0,1.0,0.0,1.0,0.0,1.0
2,135,5.725925794312791,4.993661037419867,1.0,1.0,1.0,0.0,1.0,0.0
3,135,2.7948767707654003,11.996310857582486,1.0,0.0,1.0,0.0,1.0,0.0
4,135,8.75394405008512,8.214824724604012,1.0,0.0,1.0,0.0,0.0,0.0
5,135,2.932127826325028,0.5925651930479575,0.0,0.0,0.0,1.0,1.0,0.0
6,135,10.320915882224584,8.871684471933074,1.0,0.0,0.0,0.0,1.0,0.0
7,135,1.200279527995389,7.680644777292136,1.0,0.0,1.0,1.0,1.0,1.0
8,135,1.4651884383393432,1.6167526425892045,0.0,0.0,0.0,0.0,0.0,1.0
9,135,12.0,7.699975494887734,0.0,1.0,1.0,0.0,0.0,0.0
10,135,5.845621250018549,5.801821062562244,0.0,1.0,0.0,1.0,0.0,0.0
11,135,8.72186158672883,5.916122578682615,1.0,0.0,0.0,0.0,1.0,1.0
12,135,8.04465150450926,11.913715615830617,0.0,0.0,1.0,0.0,1.0,0.0
13,135,1.4147153038107134,4.581714942271911,0.0,1.0,0.0,1.0,0.0,0.0
14,135,8.248379007502068,1.3133909676409554,0.0,0.0,1.0,0.0,0.0,1.0
15,135,1.3828625379106103,2.4120147533089504,0.0,1.0,1.0,0.0,1.0,0.0
16,135,6.284771611784448,5.899468579234181,0.0,0.0,0.0,0.0,0.0,1.0
17,135,8.93654899809139,2.5630496796578326,0.0,0.0,0.0,1.0,0.0,1.0
18,135,7.956634829790893,4.932700759924092,1.0,0.0,1.0,0.0,0.0,0.0
19,135,8.50017492542148,7.754899533324909,0.0,0.0,0.0,0.0,0.0,0.0
20,135,1.1357504730602244,3.794277391276407,0.0,0.0,0.0,0.0,1.0,1.0
21,135,12.0,8.572711366611665,1.0,0.0,1.0,0.0,1.0,0.0
22,135,5.506242423535934,11.653052113522383,0.0,0.0,0.0,1.0,1.0,1.0
23,135,6.022672707727759,4.929317181424378,0.0,0.0,0.0,0.0,0.0,0.0
24,135,1.7746268736931707,9.294984240824371,0.0,1.0,1.0,0.0,0.0,1.0
25,135,8.781758909717327,3.817982186215265,1.0,0.0,1.0,0.0,0.0,1.0
26,135,9.820322470856024,8.275833781585465,1.0,1.0,0.0,0.0,1.0,1.0
27,135,12.0,8.089567255794774,0.0,1.0,0.0,0.0,1.0,1.0
28,135,6.893356860602155,4.18724933919904,1.0,0.0,0.0,0.0,0.0,0.0
29,135,9.36481078856908,10.5306309382704,1.0,0.0,1.0,1.0,1.0,1.0
30,135,2.056404491939743,2.4904012040553134,0.0,1.0,0.0,0.0,1.0,0.0
31,135,6.1864880204722335,11.80727779914364,0.0,1.0,1.0,0.0,0.0,0.0
32,135,4.7733025368434925,7.875046745599073,0.0,1.0,0.0,0.0,0.0,0.0
33,135,12.0,4.671886879292549,1.0,1.0,0.0,0.0,1.0,0.0
34,135,7.901734616982678,10.294584805383828,1.0,0.0,0.0,0.0,0.0,1.0
35,135,5.715536650976061,1.9899164707844887,0.0,1.0,1.0,1.0,0.0,0.0
36,135,6.876289568367937,1.683159458930248,1.0,1.0,0.0,1.0,0.0,0.0
37,135,4.797523969846141,9.643617269846944,1.0,0.0,0.0,0.0,0.0,0.0
38,135,4.721331538088911,7.560234192688574,1.0,0.0,0.0,1.0,0.0,1.0
39,135,7.570839046036959,8.749371408095838,0.0,0.0,0.0,1.0,1.0,1.0
0,140,5.172006046622991,11.866772760453076,1.0,1.0,1.0,0.0,0.0,1.0
1,140,11.313162284130897,4.004641653415615,0.0,1.0,0.0,1.0,0.0,1.0
2,140,5.761797558644454,4.85151119428444,1.0,1.0,1.0,0.0,1.0,0.0
3,140,2.768322630967901,11.986036746244732,1.0,0.0,1.0,0.0,1.0,0.0
4,140,8.813188988429754,8.161653040334294,1.0,0.0,1.0,0.0,0.0,0.0
5,140,2.939065920492492,0.5895810344214087,0.0,0.0,0.0,1.0,1.0,0.0
6,140,10.16979736014754,8.827041021058427,1.0,0.0,0.0,0.0,1.0,0.0
7,140,1.2062179565097957,7.675457902939569,1.0,0.0,1.0,1.0,1.0,1.0
8,140,1.5295830365805172,1.5253670658628835,0.0,0.0,0.0,0.0,0.0,1.0
9,140,12.0,7.695690275702674,0.0,1.0,1.0,0.0,0.0,0.0
10,140,5.804705108502717,5.903306633378602,0.0,1.0,0.0,1.0,0.0,0.0
11,140,8.698370241033183,5.908386302019703,1.0,0.0,0.0,0.0,1.0,1.0
12,140,8.045680598831293,11.896386639965664,0.0,0.0,1.0,0.0,1.0,0.0
13,140,1.4577612634905766,4.481768648650374,0.0,1.0,0.0,1.0,0.0,0.0
14,140,8.28532175478536,1.3497317463397347,0.0,0.0,1.0,0.0,0.0,1.0
15,140,1.4702602292708915,2.403561148793179,0.0,1.0,1.0,0.0,1.0,0.0
16,140,6.437752701082079,6.028245187983855,0.0,0.0,0.0,0.0,0.0,1.0
17,140,8.940623293540481,2.5807588305279414,0.0,0.0,0.0,1.0,0.0,1.0
18,140,8.086520689726779,4.88426263581149,1.0,0.0,1.0,0.0,0.0,0.0
19,140,8.33715208476583,7.748763757731226,0.0,0.0,0.0,0.0,0.0,0.0
20,140,1.1926156070498195,3.778496414723864,0.0,0.0,0.0,0.0,1.0,1.0
21,140,12.0,8.664099271306977,1.0,0.0,1.0,0.0,1.0,0.0
22,140,5.537761974688336,11.825011478163884,0.0,0.0,0.0,1.0,1.0,1.0
23,140,6.039828226929063,4.930027638928512,0.0,0.0,0.0,0.0,0.0,0.0
24,140,1.7761533039786848,9.29902197182308,0.0,1.0,1.0,0.0,0.0,1.0
25,140,8.62451710763409,3.7636847567156577,1.0,0.0,1.0,0.0,0.0,1.0
26,140,9.811199301671303,8.50641197329976,1.0,1.0,0.0,0.0,1.0,1.0
27,140,12.0,8.090341520034377,0.0,1.0,0.0,0.0,1.0,1.0
28,140,6.886882513391663,4.25231049797422,1.0,0.0,0.0,0.0,0.0,0.0
29,140,9.423734901095797,10.511301843564052,1.0,0.0,1.0,1.0,1.0,1.0
30,140,2.1350500691698406,2.4389283602199137,0.0,1.0,0.0,0.0,1.0,0.0
31,140,6.248014512954498,11.8953907511624,0.0,1.0,1.0,0.0,0.0,0.0
32,140,4.801409767820616,7.910669816455456,0.0,1.0,0.0,0.0,0.0,0.0
33,140,12.0,4.825963277109389,1.0,1.0,0.0,0.0,1.0,0.0
34,140,7.861282170636961,10.311474991713276,1.0,0.0,0.0,0.0,0.0,1.0
35,140,5.873195086065717,1.956036031238895,0.0,1.0,1.0,1.0,0.0,0.0
36,140,6.882778221905479,1.5547414079237536,1.0,1.0,0.0,1.0,0.0,0.0
37,140,4.785632516842173,9.679492159933444,1.0,0.0,0.0,0.0,0.0,0.0
38,140,4.716561278096306,7.521738464971518,1.0,0.0,0.0,1.0,0.0,1.0
39,140,7.546289454809496,8.711047479722504,0.0,0.0,0.0,1.0,1.0,1.0
0,145,5.193263733715765,11.823848813294711,1.0,1.0,1.0,0.0,0.0,1.0
1,145,11.294034048011795,4.01377453777469,0.0,1.0,0.0,1.0,0.0,1.0
2,145,5.793480841136537,4.7202108677243855,1.0,1.0,1.0,0.0,1.0,0.0
3,145,2.7528298054128206,11.979979150220506,1.0,0.0,1.0,0.0,1.0,0.0
4,145,8.88274208431898,8.100072778327696,1.0,0.0,1.0,0.0,0.0,0.0
5,145,2.94722224038464,0.5859821377284335,0.0,0.0,0.0,1.0,1.0,0.0
6,145,10.025148607838055,8.78762584719651,1.0,0.0,0.0,0.0,1.0,0.0
7,145,1.209082155168187,7.672960835700661,1.0,0.0,1.0,1.0,1.0,1.0
8,145,1.5922786181289903,1.4364772022104866,0.0,0.0,0.0,0.0,0.0,1.0
9,145,12.0,7.691322799640882,0.0,1.0,1.0,0.0,0.0,0.0
10,145,5.766487638190668,6.004281639634867,0.0,1.0,0.0,1.0,0.0,0.0
11,145,8.65577209330154,5.894665604988311,1.0,0.0,0.0,0.0,1.0,1.0
12,145,8.046531483648867,11.881982471870575,0.0,0.0,1.0,0.0,1.0,0.0
13,145,1.499592868208076,4.384840326737145,0.0,1.0,0.0,1.0,0.0,0.0
14,145,8.325652450288208,1.3896678797521087,0.0,0.0,1.0,0.0,0.0,1.0
15,145,1.58163803660154,2.388596840701728,0.0,1.0,1.0,0.0,1.0,0.0
16,145,6.593600012634709,6.158535220605581,0.0,0.0,0.0,0.0,0.0,1.0
17,145,8.949610647647754,2.6176627913357837,0.0,0.0,0.0,1.0,0.0,1.0
18,145,8.212234070689535,4.835644362713151,1.0,0.0,1.0,0.0,0.0,0.0
19,145,8.177981965683454,7.740614265717426,0.0,0.0,0.0,0.0,0.0,0.0
20,145,1.259064037444559,3.759792369574384,0.0,0.0,0.0,0.0,1.0,1.0
21,145,12.0,8.761567699030095,1.0,0.0,1.0,0.0,1.0,0.0
22,145,5.573603738908189,11.988233726948284,0.0,0.0,0.0,1.0,1.0,1.0
23,145,6.056265020485404,4.930743227815309,0.0,0.0,0.0,0.0,0.0,0.0
24,145,1.771046600502484,9.286311060103731,0.0,1.0,1.0,0.0,0.0,1.0
25,145,8.455149397627542,3.702092521722603,1.0,0.0,1.0,0.0,0.0,1.0
26,145,9.8092859026441,8.755404493993305,1.0,1.0,0.0,0.0,1.0,1.0
27,145,12.0,8.090409093371967,0.0,1.0,0.0,0.0,1.0,1.0
28,145,6.881869866639221,4.302633743051602,1.0,0.0,0.0,0.0,0.0,0.0
29,145,9.484001227323455,10.49043673691499,1.0,0.0,1.0,1.0,1.0,1.0
30,145,2.203508272242816,2.3950122853921703,0.0,1.0,0.0,0.0,1.0,0.0
31,145,6.312386095688449,11.988459172952236,0.0,1.0,1.0,0.0,0.0,0.0
32,145,4.825539619006393,7.94093539349838,0.0,1.0,0.0,0.0,0.0,0.0
33,145,12.0,4.967575648904904,1.0,1.0,0.0,0.0,1.0,0.0
34,145,7.828474832453286,10.324030803157347,1.0,0.0,0.0,0.0,0.0,1.0
35,145,6.011586425347244,1.929213050253154,0.0,1.0,1.0,1.0,0.0,0.0
36,145,6.889610794152045,1.422140089533976,1.0,1.0,0.0,1.0,0.0,0.0
37,145,4.7722670072970965,9.718883454847049,1.0,0.0,0.0,0.0,0.0,0.0
38,145,4.715644176229157,7.510720230393423,1.0,0.0,0.0,1.0,0.0,1.0
39,145,7.518586200951103,8.668029732029236,0.0,0.0,0.0,1.0,1.0,1.0
0,150,5.212041420779377,11.785577907406037,1.0,1.0,1.0,0.0,0.0,1.0
1,150,11.283419457870943,4.018830473303961,0.0,1.0,0.0,1.0,0.0,1.0
2,150,5.824358396367931,4.582878501325827,1.0,1.0,1.0,0.0,1.0,0.0
3,150,2.725306718432244,11.968830924306516,1.0,0.0,1.0,0.0,1.0,0.0
4,150,8.954525178339818,8.034833303377296,1.0,0.0,1.0,0.0,0.0,0.0
5,150,2.948280791726269,0.5854975593231776,0.0,0.0,0.0,1.0,1.0,0.0
6,150,9.884626753355564,8.748655332539668,1.0,0.0,0.0,0.0,1.0,0.0
7,150,1.2181876030257712,7.665181151967915,1.0,0.0,1.0,1.0,1.0,1.0
8,150,1.6549893551143875,1.3430048298123547,0.0,0.0,0.0,0.0,0.0,1.0
9,150,12.0,7.684105513541815,0.0,1.0,1.0,0.0,0.0,0.0
10,150,5.725468350432184,6.115668693563417,0.0,1.0,0.0,1.0,0.0,0.0
11,150,8.597649608998697,5.877039679076117,1.0,0.0,0.0,0.0,1.0,1.0
12,150,8.047904819822694,11.866430033947957,0.0,0.0,1.0,0.0,1.0,0.0
13,150,1.536159776886017,4.297400244192705,0.0,1.0,0.0,1.0,0.0,0.0
14,150,8.356899784169338,1.4198183783618712,0.0,0.0,1.0,0.0,0.0,1.0
15,150,1.689573260381534,2.372487324182797,0.0,1.0,1.0,0.0,1.0,0.0
16,150,6.75994579297595,6.297344217623119,0.0,0.0,0.0,0.0,0.0,1.0
17,150,8.962166740283562,2.671294602192835,0.0,0.0,0.0,1.0,0.0,1.0
18,150,8.319862833570586,4.795585909289889,1.0,0.0,1.0,0.0,0.0,0.0
19,150,8.045768244333882,7.740392720735922,0.0,0.0,0.0,0.0,0.0,0.0
20,150,1.3393532582886445,3.737175569882845,0.0,0.0,0.0,0.0,1.0,1.0
21,150,12.0,8.853055031366805,1.0,0.0,1.0,0.0,1.0,0.0
22,150,5.609937298554034,12.0,0.0,0.0,0.0,1.0,1.0,1.0
23,150,6.05539040053447,4.94666801305693,0.0,0.0,0.0,0.0,0.0,0.0
24,150,1.7677542046729675,9.27843919348371,0.0,1.0,1.0,0.0,0.0,1.0
25,150,8.30042995147083,3.64555298446916,1.0,0.0,1.0,0.0,0.0,1.0
26,150,9.813913837768364,9.00803480399736,1.0,1.0,0.0,0.0,1.0,1.0
27,150,12.0,8.090363019243581,0.0,1.0,0.0,0.0,1.0,1.0
28,150,6.879210322840503,4.336674998988984,1.0,0.0,0.0,0.0,0.0,0.0
29,150,9.533949811376218,10.473001203419177,1.0,0.0,1.0,1.0,1.0,1.0
30,150,2.264711325732948,2.3549114423055264,0.0,1.0,0.0,0.0,1.0,0.0
31,150,6.374480628622109,12.0,0.0,1.0,1.0,0.0,0.0,0.0
32,150,4.854945097531941,7.978120344941629,0.0,1.0,0.0,0.0,0.0,0.0
33,150,12.0,5.117908312314789,1.0,1.0,0.0,0.0,1.0,0.0
34,150,7.79608774696996,10.33604389176787,1.0,0.0,0.0,0.0,0.0,1.0
35,150,6.13959435258618,1.90453133470895,0.0,1.0,1.0,1.0,0.0,0.0
36,150,6.897923931995415,1.294085379354274,1.0,1.0,0.0,1.0,0.0,0.0
37,150,4.759574969200592,9.755164094848654,1.0,0.0,0.0,0.0,0.0,0.0
38,150,4.714691369672832,7.490211649746063,1.0,0.0,0.0,1.0,0.0,1.0
39,150,7.484936494972225,8.617375063212739,0.0,0.0,0.0,1.0,1.0,1.0
0,155,5.256099293440396,11.807081204381577,1.0,1.0,1.0,0.0,0.0,1.0
1,155,11.265545277124811,4.027656916410679,0.0,1.0,0.0,1.0,0.0,1.0
2,155,5.856323497026433,4.435555082499045,1.0,1.0,1.0,0.0,1.0,0.0
3,155,2.66748128838732,11.94660637917539,1.0,0.0,1.0,0.0,1.0,0.0
4,155,9.040648144806196,7.959348695049837,1.0,0.0,1.0,0.0,0.0,0.0
5,155,2.95695210269255,0.5818218802673086,0.0,0.0,0.0,1.0,1.0,0.0
6,155,9.746150901162627,8.712007476617114,1.0,0.0,0.0,0.0,1.0,0.0
7,155,1.2223742563760331,7.661697482721109,1.0,0.0,1.0,1.0,1.0,1.0
8,155,1.715113674060957,1.2508266243281292,0.0,0.0,0.0,0.0,0.0,1.0
9,155,12.0,7.675037222486366,0.0,1.0,1.0,0.0,0.0,0.0
10,155,5.69072687452362,6.212214192013289,0.0,1.0,0.0,1.0,0.0,0.0
11,155,8.540339941236736,5.85829810810972,1.0,0.0,0.0,0.0,1.0,1.0
12,155,8.048350203844656,11.86146634412174,0.0,0.0,1.0,0.0,1.0,0.0
13,155,1.5724363385437456,4.20485788026894,0.0,1.0,0.0,1.0,0.0,0.0
14,155,8.393064308102197,1.454470206653684,0.0,0.0,1.0,0.0,0.0,1.0
15,155,1.8077026390926492,2.3561397741844097,0.0,1.0,1.0,0.0,1.0,0.0
16,155,6.941989939278521,6.442127713261201,0.0,0.0,0.0,0.0,0.0,1.0
17,155,8.96999510715574,2.70520932454436,0.0,0.0,0.0,1.0,0.0,1.0
18,155,8.436661418139634,4.750607492855043,1.0,0.0,1.0,0.0,0.0,0.0
19,155,7.919295157791959,7.7405457724955,0.0,0.0,0.0,0.0,0.0,0.0
20,155,1.4001553788055212,3.719601207524976,0.0,0.0,0.0,0.0,1.0,1.0
21,155,12.0,8.936154336980076,1.0,0.0,1.0,0.0,1.0,0.0
22,155,5.651299125345136,12.0,0.0,0.0,0.0,1.0,1.0,1.0
23,155,6.0539274015555495,4.976562978270047,0.0,0.0,0.0,0.0,0.0,0.0
24,155,1.770269718156836,9.284124018767692,0.0,1.0,1.0,0.0,0.0,1.0
25,155,8.138281881605403,3.585843086520557,1.0,0.0,1.0,0.0,0.0,1.0
26,155,9.817727386027569,9.253479340427656,1.0,1.0,0.0,0.0,1.0,1.0
27,155,12.0,8.091183337985557,0.0,1.0,0.0,0.0,1.0,1.0
28,155,6.874809475938373,4.393918706695439,1.0,0.0,0.0,0.0,0.0,0.0
29,155,9.51783772027428,10.422328822808314,1.0,0.0,1.0,1.0,1.0,1.0
30,155,2.3247268589313994,2.315549938193424,0.0,1.0,0.0,0.0,1.0,0.0
31,155,6.443115983245672,12.0,0.0,1.0,1.0,0.0,0.0,0.0
32,155,4.882457865530242,8.014331368849508,0.0,1.0,0.0,0.0,0.0,0.0
33,155,12.0,5.287890572674384,1.0,1.0,0.0,0.0,1.0,0.0
34,155,7.756224744723488,10.351350625765225,1.0,0.0,0.0,0.0,0.0,1.0
35,155,6.273598252781432,1.8801426037599127,0.0,1.0,1.0,1.0,0.0,0.0
36,155,6.906156984889773,1.1907231626475054,1.0,1.0,0.0,1.0,0.0,0.0
37,155,4.752099429425925,9.776063189796208,1.0,0.0,0.0,0.0,0.0,0.0
38,155,4.713094286196189,7.471478070212425,1.0,0.0,0.0,1.0,0.0,1.0
39,155,7.452027807779761,8.566623547534235,0.0,0.0,0.0,1.0,1.0,1.0
0,160,5.297571198068275,11.826452032502386,1.0,1.0,1.0,0.0,0.0,1.0
1,160,11.261508227476432,4.029638350017516,0.0,1.0,0.0,1.0,0.0,1.0
2,160,5.882686108494856,4.3022091344079145,1.0,1.0,1.0,0.0,1.0,0.0
3,160,2.586424935256624,11.915335858282134,1.0,0.0,1.0,0.0,1.0,0.0
4,160,9.119354171273688,7.887709933369087,1.0,0.0,1.0,0.0,0.0,0.0
5,160,2.963048488275017,0.5793717117797499,0.0,0.0,0.0,1.0,1.0,0.0
6,160,9.60843149269879,8.680028784730963,1.0,0.0,0.0,0.0,1.0,0.0
7,160,1.216452612921811,7.666387274252752,1.0,0.0,1.0,1.0,1.0,1.0
8,160,1.7733053808872663,1.1705467858723184,0.0,0.0,0.0,0.0,0.0,1.0
9,160,12.0,7.6639684107862385,0.0,1.0,1.0,0.0,0.0,0.0
10,160,5.646186546137558,6.3263474167016085,0.0,1.0,0.0,1.0,0.0,0.0
11,160,8.49066014946556,5.84293038742404,1.0,0.0,0.0,0.0,1.0,1.0
12,160,8.04845776007552,11.86021486716422,0.0,0.0,1.0,0.0,1.0,0.0
13,160,1.6717331881010955,4.243663078170354,0.0,1.0,0.0,1.0,0.0,0.0
14,160,8.430259565505176,1.4909711127335818,0.0,0.0,1.0,0.0,0.0,1.0
15,160,1.9576024402120535,2.333259764142161,0.0,1.0,1.0,0.0,1.0,0.0
16,160,7.112785316633421,6.580625315891873,0.0,0.0,0.0,0.0,0.0,1.0
17,160,8.979690915403255,2.7442866946496918,0.0,0.0,0.0,1.0,0.0,1.0
18,160,8.582066829257426,4.698115155904186,1.0,0.0,1.0,0.0,0.0,0.0
19,160,7.779452653638597,7.735658542225205,0.0,0.0,0.0,0.0,0.0,0.0
20,160,1.448462419459638,3.705567092110988,0.0,0.0,0.0,0.0,1.0,1.0
21,160,12.0,9.020938052290589,1.0,0.0,1.0,0.0,1.0,0.0
22,160,5.701041942783893,12.0,0.0,0.0,0.0,1.0,1.0,1.0
23,160,6.052316585369202,5.000335152958054,0.0,0.0,0.0,0.0,0.0,0.0
24,160,1.771520803857316,9.286966390974744,0.0,1.0,1.0,0.0,0.0,1.0
25,160,7.995320159833948,3.5315599864939977,1.0,0.0,1.0,0.0,0.0,1.0
26,160,9.816119970650488,9.49917446050047,1.0,1.0,0.0,0.0,1.0,1.0
27,160,12.0,8.091056060308379,0.0,1.0,0.0,0.0,1.0,1.0
28,160,6.871255998920072,4.46048155046959,1.0,0.0,0.0,0.0,0.0,0.0
29,160,9.503940366600355,10.373421552653111,1.0,0.0,1.0,1.0,1.0,1.0
30,160,2.371386620820173,2.285569402169496,0.0,1.0,0.0,0.0,1.0,0.0
31,160,6.505616204952492,12.0,0.0,1.0,1.0,0.0,0.0,0.0
32,160,4.893823902921269,8.029195650129152,0.0,1.0,0.0,0.0,0.0,0.0
33,160,12.0,5.467814709225109,1.0,1.0,0.0,0.0,1.0,0.0
34,160,7.712469623217053,10.366878260412689,1.0,0.0,0.0,0.0,0.0,1.0
35,160,6.41301233157428,1.856652882993058,0.0,1.0,1.0,1.0,0.0,0.0
36,160,6.9130566684520565,1.0888400316802518,1.0,1.0,0.0,1.0,0.0,0.0
37,160,4.743457929590491,9.79887178112704,1.0,0.0,0.0,0.0,0.0,0.0
38,160,4.712179352718864,7.461928669591603,1.0,0.0,0.0,1.0,0.0,1.0
39,160,7.431248659359976,8.534843580821384,0.0,0.0,0.0,1.0,1.0,1.0
0,165,5.352463985361388,11.85265868676444,1.0,1.0,1.0,0.0,0.0,1.0
1,165,11.27318894555402,4.023721947324529,0.0,1.0,0.0,1.0,0.0,1.0
2,165,5.90692866288262,4.179386747217593,1.0,1.0,1.0,0.0,1.0,0.0
3,165,2.506549589932612,11.885708534768238,1.0,0.0,1.0,0.0,1.0,0.0
4,165,9.183137508188755,7.829540366695447,1.0,0.0,1.0,0.0,0.0,0.0
5,165,2.95247681252362,0.58356890418729,0.0,0.0,0.0,1.0,1.0,0.0
6,165,9.445657666842958,8.635623338506223,1.0,0.0,0.0,0.0,1.0,0.0
7,165,1.19444052266985,7.683289101517665,1.0,0.0,1.0,1.0,1.0,1.0
8,165,1.82060922670726,1.108218039973285,0.0,0.0,0.0,0.0,0.0,1.0
9,165,12.0,7.6514510385122625,0.0,1.0,1.0,0.0,0.0,0.0
10,165,5.607101685099899,6.429660799466081,0.0,1.0,0.0,1.0,0.0,0.0
11,165,8.452486240120804,5.831456225321719,1.0,0.0,0.0,0.0,1.0,1.0
12,165,8.047767740352425,11.868674222835985,0.0,0.0,1.0,0.0,1.0,0.0
13,165,1.7793637375641795,4.285624210907868,0.0,1.0,0.0,1.0,0.0,0.0
14,165,8.481861264304195,1.540486851776129,0.0,0.0,1.0,0.0,0.0,1.0
15,165,2.109844721943471,2.3135436983700246,0.0,1.0,1.0,0.0,1.0,0.0
16,165,7.2625858349856705,6.703622012880261,0.0,0.0,0.0,0.0,0.0,1.0
17,165,8.991026022077843,2.7901914253514164,0.0,0.0,0.0,1.0,0.0,1.0
18,165,8.733169817109692,4.643008125554503,1.0,0.0,1.0,0.0,0.0,0.0
19,165,7.623259834635164,7.7252953426431805,0.0,0.0,0.0,0.0,0.0,0.0
20,165,1.5107360240147258,3.688013396642088,0.0,0.0,0.0,0.0,1.0,1.0
21,165,12.0,9.080996596061553,1.0,0.0,1.0,0.0,1.0,0.0
22,165,5.7516647305604,12.0,0.0,0.0,0.0,1.0,1.0,1.0
23,165,6.051090053653085,5.019807872549406,0.0,0.0,0.0,0.0,0.0,0.0
24,165,1.7762713451335164,9.296908035131318,0.0,1.0,1.0,0.0,0.0,1.0
25,165,7.842571671561003,3.4669259477748944,1.0,0.0,1.0,0.0,0.0,1.0
26,165,9.817030589079598,9.726460353650848,1.0,1.0,0.0,0.0,1.0,1.0
27,165,12.0,8.09005281456341,0.0,1.0,0.0,0.0,1.0,1.0
28,165,6.868325197231709,4.525857947906561,1.0,0.0,0.0,0.0,0.0,0.0
29,165,9.495327679696262,10.342113223174186,1.0,0.0,1.0,1.0,1.0,1.0
30,165,2.430729303625492,2.2490352370760154,0.0,1.0,0.0,0.0,1.0,0.0
31,165,6.55469758904647,12.0,0.0,1.0,1.0,0.0,0.0,0.0
32,165,4.905942548190078,8.04524451013121,0.0,1.0,0.0,0.0,0.0,0.0
33,165,12.0,5.639891109051598,1.0,1.0,0.0,0.0,1.0,0.0
34,165,7.679824234105664,10.3779116781785,1.0,0.0,0.0,0.0,0.0,1.0
35,165,6.563084960457263,1.8279238151148984,0.0,1.0,1.0,1.0,0.0,0.0
36,165,6.916760144355263,0.9803990471132414,1.0,1.0,0.0,1.0,0.0,0.0
37,165,4.733428443938299,9.824946438320922,1.0,0.0,0.0,0.0,0.0,0.0
38,165,4.711491186571457,7.455524281952699,1.0,0.0,0.0,1.0,0.0,1.0
39,165,7.413130870081361,8.508164844697635,0.0,0.0,0.0,1.0,1.0,1.0
0,170,5.405613762505605,11.878539592981154,1.0,1.0,1.0,0.0,0.0,1.0
1,170,11.300986859852664,4.009544418695448,0.0,1.0,0.0,1.0,0.0,1.0
2,170,5.935976343274312,4.0374094594523,1.0,1.0,1.0,0.0,1.0,0.0
3,170,2.42136350651917,11.85324382708632,1.0,0.0,1.0,0.0,1.0,0.0
4,170,9.255569311627369,7.763555402414792,1.0,0.0,1.0,0.0,0.0,0.0
5,170,2.936037157732996,0.5898537600310023,0.0,0.0,0.0,1.0,1.0,0.0
6,170,9.290574032555226,8.593759204953914,1.0,0.0,0.0,0.0,1.0,0.0
7,170,1.169558637752944,7.702918291708392,1.0,0.0,1.0,1.0,1.0,1.0
8,170,1.87406960083307,1.0366542771965332,0.0,0.0,0.0,0.0,0.0,1.0
9,170,12.0,7.639187657698596,0.0,1.0,1.0,0.0,0.0,0.0
10,170,5.569450012994508,6.534149088324261,0.0,1.0,0.0,1.0,0.0,0.0
11,170,8.41688766879843,5.820358836976936,1.0,0.0,0.0,0.0,1.0,1.0
12,170,8.045656530602503,11.886406446992757,0.0,0.0,1.0,0.0,1.0,0.0
13,170,1.89203984673278,4.327506234908533,0.0,1.0,0.0,1.0,0.0,0.0
14,170,8.53053023778769,1.586975498782975,0.0,0.0,1.0,0.0,0.0,1.0
15,170,2.252831975664627,2.295376974450205,0.0,1.0,1.0,0.0,1.0,0.0
16,170,7.395314437986492,6.8097537052437405,0.0,0.0,0.0,0.0,0.0,1.0
17,170,9.006781782374992,2.849554225854903,0.0,0.0,0.0,1.0,0.0,1.0
18,170,8.792304428989528,4.799519493455451,1.0,0.0,1.0,0.0,0.0,0.0
19,170,7.474511251113086,7.716130799229715,0.0,0.0,0.0,0.0,0.0,0.0
20,170,1.563921697859318,3.674322527739287,0.0,0.0,0.0,0.0,1.0,1.0
21,170,12.0,9.129658551282583,1.0,0.0,1.0,0.0,1.0,0.0
22,170,5.798652239160181,12.0,0.0,0.0,0.0,1.0,1.0,1.0
23,170,6.049058181096895,5.042150501836948,0.0,0.0,0.0,0.0,0.0,0.0
24,170,1.7841830001030272,9.31473214812546,0.0,1.0,1.0,0.0,0.0,1.0
25,170,7.711020244116459,3.408010325526754,1.0,0.0,1.0,0.0,0.0,1.0
26,170,9.82067774542999,9.95074656281485,1.0,1.0,0.0,0.0,1.0,1.0
27,170,12.0,8.088554146787393,0.0,1.0,0.0,0.0,1.0,1.0
28,170,6.8661989119324,4.593503260327771,1.0,0.0,0.0,0.0,0.0,0.0
29,170,9.487596647692833,10.314906203843966,1.0,0.0,1.0,1.0,1.0,1.0
30,170,2.493151895194404,2.207158431298548,0.0,1.0,0.0,0.0,1.0,0.0
31,170,6.605219414255082,12.0,0.0,1.0,1.0,0.0,0.0,0.0
32,170,4.922935519324723,8.068066744763389,0.0,1.0,0.0,0.0,0.0,0.0
33,170,12.0,5.807227698344804,1.0,1.0,0.0,0.0,1.0,0.0
34,170,7.637394338438012,10.393845322989405,1.0,0.0,0.0,0.0,0.0,1.0
35,170,6.72101774991141,1.7956937119100256,0.0,1.0,1.0,1.0,0.0,0.0
36,170,6.920012274473888,0.8848829663805932,1.0,1.0,0.0,1.0,0.0,0.0
37,170,4.7190424569461,9.86352041135185,1.0,0.0,0.0,0.0,0.0,0.0
38,170,4.711499922174615,7.455614810112869,1.0,0.0,0.0,1.0,0.0,1.0
39,170,7.3973309173607475,8.48496027765167,0.0,0.0,0.0,1.0,1.0,1.0
0,175,5.472176492694828,11.912710883400438,1.0,1.0,1.0,0.0,0.0,1.0
1,175,11.325581582873852,3.996144707758896,0.0,1.0,0.0,1.0,0.0,1.0
2,175,5.964999570937316,3.893723054287749,1.0,1.0,1.0,0.0,1.0,0.0
3,175,2.345954159135498,11.82725721607977,1.0,0.0,1.0,0.0,1.0,0.0
4,175,9.334091202630768,7.691975918497681,1.0,0.0,1.0,0.0,0.0,0.0
5,175,2.9179192369933022,0.596599728896588,0.0,0.0,0.0,1.0,1.0,0.0
6,175,9.119067139725146,8.547237873769168,1.0,0.0,0.0,0.0,1.0,0.0
7,175,1.1477705900416844,7.720362162513138,1.0,0.0,1.0,1.0,1.0,1.0
8,175,1.9244870479814349,0.9726960583849033,0.0,0.0,0.0,0.0,0.0,1.0
9,175,12.0,7.625032999912423,0.0,1.0,1.0,0.0,0.0,0.0
10,175,5.5222929058270935,6.663703593850159,0.0,1.0,0.0,1.0,0.0,0.0
11,175,8.367360537139275,5.804561247582581,1.0,0.0,0.0,0.0,1.0,1.0
12,175,8.04374623425459,11.901501147292922,0.0,0.0,1.0,0.0,1.0,0.0
13,175,2.004660611720362,4.373801884274192,0.0,1.0,0.0,1.0,0.0,0.0
14,175,8.577120952520444,1.6328808647029742,0.0,0.0,1.0,0.0,0.0,1.0
15,175,2.374572229837173,2.277191756459003,0.0,1.0,1.0,0.0,1.0,0.0
16,175,7.520660488941887,6.908473213061294,0.0,0.0,0.0,0.0,0.0,1.0
17,175,8.927497899973387,2.871131630454446,0.0,0.0,0.0,1.0,0.0,1.0
18,175,8.852142275400372,4.948875302147189,1.0,0.0,1.0,0.0,0.0,0.0
19,175,7.3101144416281025,7.706559138776911,0.0,0.0,0.0,0.0,0.0,0.0
20,175,1.6201650594523898,3.659336150895279,0.0,0.0,0.0,0.0,1.0,1.0
21,175,12.0,9.151478728486609,1.0,0.0,1.0,0.0,1.0,0.0
22,175,5.846860508964036,12.0,0.0,0.0,0.0,1.0,1.0,1.0
23,175,6.04915635119151,5.040986493185984,0.0,0.0,0.0,0.0,0.0,0.0
24,175,1.7922031305763828,9.333500313867017,0.0,1.0,1.0,0.0,0.0,1.0
25,175,7.582476590167333,3.3486358989995866,1.0,0.0,1.0,0.0,0.0,1.0
26,175,9.826310404828064,10.18229040906674,1.0,1.0,0.0,0.0,1.0,1.0
27,175,12.0,8.086683901429302,0.0,1.0,0.0,0.0,1.0,1.0
28,175,6.865237837687611,4.658788431686374,1.0,0.0,0.0,0.0,0.0,0.0
29,175,9.474761637924887,10.270978259442344,1.0,0.0,1.0,1.0,1.0,1.0
30,175,2.559192737563696,2.1628640795907064,0.0,1.0,0.0,0.0,1.0,0.0
31,175,6.6550237162347,12.0,0.0,1.0,1.0,0.0,0.0,0.0
32,175,4.941861131319902,8.093389331301182,0.0,1.0,0.0,0.0,0.0,0.0
33,175,12.0,5.955933871925017,1.0,1.0,0.0,0.0,1.0,0.0
34,175,7.572500012589735,10.41839060760286,1.0,0.0,0.0,0.0,0.0,1.0
35,175,6.881607042446072,1.7633391723332317,0.0,1.0,1.0,1.0,0.0,0.0
36,175,6.922084595881676,0.7940920611293447,1.0,1.0,0.0,1.0,0.0,0.0
37,175,4.710933682054301,9.884914060333235,1.0,0.0,0.0,0.0,0.0,0.0
38,175,4.708541220600013,7.42759441486947,1.0,0.0,0.0,1.0,0.0,1.0
39,175,7.393776768313546,8.47967235973915,0.0,0.0,0.0,1.0,1.0,1.0
0,180,5.52383241671542,11.9404087661649,1.0,1.0,1.0,0.0,0.0,1.0
1,180,11.3469070010263,3.984202118360518,0.0,1.0,0.0,1.0,0.0,1.0
2,180,5.991384334782938,3.746499919267112,1.0,1.0,1.0,0.0,1.0,0.0
3,180,2.2609798055665045,11.79647519846649,1.0,0.0,1.0,0.0,1.0,0.0
4,180,9.42543513650734,7.612140252410201,1.0,0.0,1.0,0.0,0.0,0.0
5,180,2.889202816287308,0.6068596947633961,0.0,0.0,0.0,1.0,1.0,0.0
6,180,8.968180307704538,8.507143310897927,1.0,0.0,0.0,0.0,1.0,0.0
7,180,1.142444132170363,7.724711217944218,1.0,0.0,1.0,1.0,1.0,1.0
8,180,1.969711618993368,0.9146847992006428,0.0,0.0,0.0,0.0,0.0,1.0
9,180,12.0,7.614753848515652,0.0,1.0,1.0,0.0,0.0,0.0
10,180,5.484863473938903,6.766951636439369,0.0,1.0,0.0,1.0,0.0,0.0
11,180,8.303163659126719,5.782291259640376,1.0,0.0,0.0,0.0,1.0,1.0
12,180,8.041616989356488,11.924342972198298,0.0,0.0,1.0,0.0,1.0,0.0
13,180,2.118278889924817,4.416995002976937,0.0,1.0,0.0,1.0,0.0,0.0
14,180,8.629000864024176,1.6819634316622638,0.0,0.0,1.0,0.0,0.0,1.0
15,180,2.504042525209346,2.258863531637073,0.0,1.0,1.0,0.0,1.0,0.0
16,180,7.643126206210624,7.008585981856546,0.0,0.0,0.0,0.0,0.0,1.0
17,180,8.85338432436146,2.891831890137252,0.0,0.0,0.0,1.0,0.0,1.0
18,180,8.91109429725596,5.097033346739659,1.0,0.0,1.0,0.0,0.0,0.0
19,180,7.175003086372431,7.698953389141076,0.0,0.0,0.0,0.0,0.0,0.0
20,180,1.7046966255656744,3.637069790518552,0.0,0.0,0.0,0.0,1.0,1.0
21,180,12.0,9.18223367513375,1.0,0.0,1.0,0.0,1.0,0.0
22,180,5.893025293637483,12.0,0.0,0.0,0.0,1.0,1.0,1.0
23,180,6.048885028936848,5.044432010329112,0.0,0.0,0.0,0.0,0.0,0.0
24,180,1.7989682602048371,9.349115345600463,0.0,1.0,1.0,0.0,0.0,1.0
25,180,7.4869138420250625,3.3030601834617856,1.0,0.0,1.0,0.0,0.0,1.0
26,180,9.831006326349108,10.3986004049562,1.0,1.0,0.0,0.0,1.0,1.0
27,180,12.0,8.084979572948846,0.0,1.0,0.0,0.0,1.0,1.0
28,180,6.8633380864066815,4.721325138717866,1.0,0.0,0.0,0.0,0.0,0.0
29,180,9.465642276297489,10.24229603061884,1.0,0.0,1.0,1.0,1.0,1.0
30,180,2.5958246991644045,2.138342045985666,0.0,1.0,0.0,0.0,1.0,0.0
31,180,6.6975661074834845,12.0,0.0,1.0,1.0,0.0,0.0,0.0
32,180,4.956632545058156,8.113296391661846,0.0,1.0,0.0,0.0,0.0,0.0
33,180,12.0,6.1032508918021815,1.0,1.0,0.0,0.0,1.0,0.0
34,180,7.544164870988589,10.429313544299028,1.0,0.0,0.0,0.0,0.0,1.0
35,180,7.018011722369294,1.7368918970076088,0.0,1.0,1.0,1.0,0.0,0.0
36,180,6.923154925973518,0.6843588039326133,1.0,1.0,0.0,1.0,0.0,0.0
37,180,4.701325759144268,9.908656723207116,1.0,0.0,0.0,0.0,0.0,0.0
38,180,4.707176827859611,7.416927862358623,1.0,0.0,0.0,1.0,0.0,1.0
39,180,7.387405041597153,8.470417818934603,0.0,0.0,0.0,1.0,1.0,1.0
0,185,5.562126483378601,11.959484450434486,1.0,1.0,1.0,0.0,0.0,1.0
1,185,11.361146552810244,3.976809098779564,0.0,1.0,0.0,1.0,0.0,1.0
2,185,6.021707092079386,3.595959064748798,1.0,1.0,1.0,0.0,1.0,0.0
3,185,2.161414925750766,11.761732788925716,1.0,0.0,1.0,0.0,1.0,0.0
4,185,9.5100581239479,7.539831692473689,1.0,0.0,1.0,0.0,0.0,0.0
5,185,2.868163878967179,0.614271572703617,0.0,0.0,0.0,1.0,1.0,0.0
6,185,8.825245003798257,8.468084017627827,1.0,0.0,0.0,0.0,1.0,0.0
7,185,1.13244397079776,7.732746562294931,1.0,0.0,1.0,1.0,1.0,1.0
8,185,2.021390793113688,0.8509788310053874,0.0,0.0,0.0,0.0,0.0,1.0
9,185,12.0,7.601007180659476,0.0,1.0,1.0,0.0,0.0,0.0
10,185,5.455554250268093,6.8507208745762505,0.0,1.0,0.0,1.0,0.0,0.0
11,185,8.260965744653591,5.768785212745097,1.0,0.0,0.0,0.0,1.0,1.0
12,185,8.038869738673496,11.965191184174872,0.0,0.0,1.0,0.0,1.0,0.0
13,185,2.209268730349818,4.451700744076733,0.0,1.0,0.0,1.0,0.0,0.0
14,185,8.677134135696354,1.7290561772141375,0.0,0.0,1.0,0.0,0.0,1.0
15,185,2.636744572210807,2.2403656929515274,0.0,1.0,1.0,0.0,1.0,0.0
16,185,7.765567494406134,7.111415442728782,0.0,0.0,0.0,0.0,0.0,1.0
17,185,8.77686991221927,2.914799511653876,0.0,0.0,0.0,1.0,0.0,1.0
18,185,8.966526754802493,5.2348888168212575,1.0,0.0,1.0,0.0,0.0,0.0
19,185,7.03962362148847,7.694320081835165,0.0,0.0,0.0,0.0,0.0,0.0
20,185,1.7767048258172111,3.617428381857071,0.0,0.0,0.0,0.0,1.0,1.0
21,185,12.0,9.201390594272269,1.0,0.0,1.0,0.0,1.0,0.0
22,185,5.946412769574399,12.0,0.0,0.0,0.0,1.0,1.0,1.0
23,185,6.04822207803737,5.052633616863694,0.0,0.0,0.0,0.0,0.0,0.0
24,185,1.807275772132212,9.36947707660111,0.0,1.0,1.0,0.0,0.0,1.0
25,185,7.4029320097627505,3.265460585346788,1.0,0.0,1.0,0.0,0.0,1.0
26,185,9.832052621518818,10.636207223365147,1.0,1.0,0.0,0.0,1.0,1.0
27,185,12.0,8.082104158805247,0.0,1.0,0.0,0.0,1.0,1.0
28,185,6.859730801880303,4.776296511109073,1.0,0.0,0.0,0.0,0.0,0.0
29,185,9.454756038540427,10.20548176580445,1.0,0.0,1.0,1.0,1.0,1.0
30,185,2.6360346698006,2.11239005940509,0.0,1.0,0.0,0.0,1.0,0.0
31,185,6.7331766513312825,12.0,0.0,1.0,1.0,0.0,0.0,0.0
32,185,4.975625236491463,8.137592936318706,0.0,1.0,0.0,0.0,0.0,0.0
33,185,12.0,6.226217565794648,1.0,1.0,0.0,0.0,1.0,0.0
34,185,7.506960936764225,10.44329284486198,1.0,0.0,0.0,0.0,0.0,1.0
35,185,7.154330182589864,1.70672367406148,0.0,1.0,1.0,1.0,0.0,0.0
36,185,6.925171899040178,0.6102154315181697,1.0,1.0,0.0,1.0,0.0,0.0
37,185,4.680065026305324,9.961171601493744,1.0,0.0,0.0,0.0,0.0,0.0
38,185,4.708821412737991,7.427954346973403,1.0,0.0,0.0,1.0,0.0,1.0
39,185,7.380528045731708,8.460102130983019,0.0,0.0,0.0,1.0,1.0,1.0
0,190,5.606338014529458,11.981717411964462,1.0,1.0,1.0,0.0,0.0,1.0
1,190,11.373024955973174,3.970346942950852,0.0,1.0,0.0,1.0,0.0,1.0
2,190,6.053773242560879,3.447351139219115,1.0,1.0,1.0,0.0,1.0,0.0
3,190,2.076315917208292,11.732531338910755,1.0,0.0,1.0,0.0,1.0,0.0
4,190,9.602615794443306,7.457262110841349,1.0,0.0,1.0,0.0,0.0,0.0
5,190,2.8565212489189937,0.6183591452396944,0.0,0.0,0.0,1.0,1.0,0.0
6,190,8.702217292289951,8.433690278019505,1.0,0.0,0.0,0.0,1.0,0.0
7,190,1.1163909621917982,7.745686030788273,1.0,0.0,1.0,1.0,1.0,1.0
8,190,2.066783676785924,0.7928932667930159,0.0,0.0,0.0,0.0,0.0,1.0
9,190,12.0,7.580981859621397,0.0,1.0,1.0,0.0,0.0,0.0
10,190,5.426280038282871,6.9287883156280445,0.0,1.0,0.0,1.0,0.0,0.0
11,190,8.216955103879936,5.754644111384665,1.0,0.0,0.0,0.0,1.0,1.0
12,190,8.038396453279441,11.975045255326435,0.0,0.0,1.0,0.0,1.0,0.0
13,190,2.3160488109760164,4.488883894951451,0.0,1.0,0.0,1.0,0.0,0.0
14,190,8.733698702608502,1.7873014297509344,0.0,0.0,1.0,0.0,0.0,1.0
15,190,2.7575998539979207,2.224118334799499,0.0,1.0,1.0,0.0,1.0,0.0
16,190,7.895068372824563,7.225269605921513,0.0,0.0,0.0,0.0,0.0,1.0
17,190,8.698564090087125,2.9377663675112013,0.0,0.0,0.0,1.0,0.0,1.0
18,190,9.024200044036164,5.369276858030266,1.0,0.0,1.0,0.0,0.0,0.0
19,190,6.888000113675112,7.691806808618431,0.0,0.0,0.0,0.0,0.0,0.0
20,190,1.8444304877078648,3.6002431821157943,0.0,0.0,0.0,0.0,1.0,1.0
21,190,12.0,9.220513808863842,1.0,0.0,1.0,0.0,1.0,0.0
22,190,6.002211539078096,12.0,0.0,0.0,0.0,1.0,1.0,1.0
23,190,6.04868331463481,5.0467108704326575,0.0,0.0,0.0,0.0,0.0,0.0
24,190,1.814244971731504,9.38723852582273,0.0,1.0,1.0,0.0,0.0,1.0
25,190,7.347052172618441,3.240229003466982,1.0,0.0,1.0,0.0,0.0,1.0
26,190,9.838361646242497,10.896194871143436,1.0,1.0,0.0,0.0,1.0,1.0
27,190,12.0,8.078050422506328,0.0,1.0,0.0,0.0,1.0,1.0
28,190,6.8531731286067465,4.85703738839027,1.0,0.0,0.0,0.0,0.0,0.0
29,190,9.443413579194608,10.164748404921818,1.0,0.0,1.0,1.0,1.0,1.0
30,190,2.6936800188110723,2.077139578006729,0.0,1.0,0.0,0.0,1.0,0.0
31,190,6.765295952001534,12.0,0.0,1.0,1.0,0.0,0.0,0.0
32,190,4.999461220965479,8.169393054021095,0.0,1.0,0.0,0.0,0.0,0.0
33,190,12.0,6.355267180990796,1.0,1.0,0.0,0.0,1.0,0.0
34,190,7.488113121236126,10.450801033580456,1.0,0.0,0.0,0.0,0.0,1.0
35,190,7.309450321531219,1.6726706731124217,0.0,1.0,1.0,1.0,0.0,0.0
36,190,6.927797492584104,0.5362060237218254,1.0,1.0,0.0,1.0,0.0,0.0
37,190,4.659248608862238,10.006835370435816,1.0,0.0,0.0,0.0,0.0,0.0
38,190,4.711457729996714,7.447281105080258,1.0,0.0,0.0,1.0,0.0,1.0
39,190,7.370992550532372,8.446066911566666,0.0,0.0,0.0,1.0,1.0,1.0
0,195,5.656667487504075,12.0,1.0,1.0,1.0,0.0,0.0,1.0
1,195,11.376819491962085,3.968440071660656,0.0,1.0,0.0,1.0,0.0,1.0
2,195,6.09261923670399,3.286922984210185,1.0,1.0,1.0,0.0,1.0,0.0
3,195,1.9964749380003528,11.704350656362893,1.0,0.0,1.0,0.0,1.0,0.0
4,195,9.69544391714159,7.374972026956314,1.0,0.0,1.0,0.0,0.0,0.0
5,195,2.85724231426396,0.6181168268023145,0.0,0.0,0.0,1.0,1.0,0.0
6,195,8.7424767843805,8.292724505629524,1.0,0.0,0.0,0.0,1.0,0.0
7,195,1.100416399179723,7.7580022051145585,1.0,0.0,1.0,1.0,1.0,1.0
8,195,2.12318892383685,0.7181676494113303,0.0,0.0,0.0,0.0,0.0,1.0
9,195,12.0,7.563303396682163,0.0,1.0,1.0,0.0,0.0,0.0
10,195,5.404922059283064,6.9897740787425136,0.0,1.0,0.0,1.0,0.0,0.0
11,195,8.15596493635118,5.735313793587954,1.0,0.0,0.0,0.0,1.0,1.0
12,195,8.037400601978703,12.0,0.0,0.0,1.0,0.0,1.0,0.0
13,195,2.4213741193014617,4.527994734136968,0.0,1.0,0.0,1.0,0.0,0.0
14,195,8.77597178262848,1.8334449228962664,0.0,0.0,1.0,0.0,0.0,1.0
15,195,2.8870176588140475,2.2037658793446817,0.0,1.0,1.0,0.0,1.0,0.0
16,195,8.021744190466562,7.340664015072577,0.0,0.0,0.0,0.0,0.0,1.0
17,195,8.634593920691724,2.954845200793136,0.0,0.0,0.0,1.0,0.0,1.0
18,195,9.08750612980766,5.518333468501382,1.0,0.0,1.0,0.0,0.0,0.0
19,195,6.737038443873363,7.689879304564243,0.0,0.0,0.0,0.0,0.0,0.0
20,195,1.923546508361455,3.5788129511853715,0.0,0.0,0.0,0.0,1.0,1.0
21,195,12.0,9.245926933459554,1.0,0.0,1.0,0.0,1.0,0.0
22,195,6.057383412835386,12.0,0.0,0.0,0.0,1.0,1.0,1.0
23,195,6.049083129658424,5.0399136282708055,0.0,0.0,0.0,0.0,0.0,0.0
24,195,1.8089421205263176,9.373418631961938,0.0,1.0,1.0,0.0,0.0,1.0
25,195,7.295503303355347,3.218833947212953,1.0,0.0,1.0,0.0,0.0,1.0
26,195,9.848608174315885,11.14423954650741,1.0,1.0,0.0,0.0,1.0,1.0
27,195,12.0,8.074728630416294,0.0,1.0,0.0,0.0,1.0,1.0
28,195,6.845987842189127,4.935440429231919,1.0,0.0,0.0,0.0,0.0,0.0
29,195,9.48210420840244,10.15319446618556,1.0,0.0,1.0,1.0,1.0,1.0
30,195,2.655926981967429,2.0138727320604954,0.0,1.0,0.0,0.0,1.0,0.0
31,195,6.798492394050532,12.0,0.0,1.0,1.0,0.0,0.0,0.0
32,195,5.029867386385189,8.2075589639838,0.0,1.0,0.0,0.0,0.0,0.0
33,195,12.0,6.490196695153391,1.0,1.0,0.0,0.0,1.0,0.0
34,195,7.481225834084775,10.453585996632404,1.0,0.0,0.0,0.0,0.0,1.0
35,195,7.46390939817445,1.6362717357540115,0.0,1.0,1.0,1.0,0.0,0.0
36,195,6.93136638589139,0.4549385124744177,1.0,1.0,0.0,1.0,0.0,0.0
37,195,4.644233254080093,10.038948223581032,1.0,0.0,0.0,0.0,0.0,0.0
38,195,4.713755352468176,7.465221836408387,1.0,0.0,0.0,1.0,0.0,1.0
39,195,7.359628677929563,8.429747267266242,0.0,0.0,0.0,1.0,1.0,1.0
0,200,5.6978136505684445,12.0,1.0,1.0,1.0,0.0,0.0,1.0
1,200,11.409240991786849,3.9524209432648023,0.0,1.0,0.0,1.0,0.0,1.0
2,200,6.131168678670686,3.14091914303892,1.0,1.0,1.0,0.0,1.0,0.0
3,200,1.9161982612738264,11.678176624993531,1.0,0.0,1.0,0.0,1.0,0.0
4,200,9.804313249517524,7.275202514816271,1.0,0.0,1.0,0.0,0.0,0.0
5,200,2.8665975882351304,0.6149657306040959,0.0,0.0,0.0,1.0,1.0,0.0
6,200,8.78661029229566,8.135171607726367,1.0,0.0,0.0,0.0,1.0,0.0
7,200,1.0885450918253845,7.766832043634329,1.0,0.0,1.0,1.0,1.0,1.0
8,200,2.178256792872604,0.6466968703236278,0.0,0.0,0.0,0.0,0.0,1.0
9,200,12.0,7.54759520060495,0.0,1.0,1.0,0.0,0.0,0.0
10,200,5.380088233121759,7.065926422898576,0.0,1.0,0.0,1.0,0.0,0.0
11,200,8.08535976904895,5.713548815400889,1.0,0.0,0.0,0.0,1.0,1.0
12,200,8.03732716329044,12.0,0.0,0.0,1.0,0.0,1.0,0.0
13,200,2.54307407902897,4.573388302551231,0.0,1.0,0.0,1.0,0.0,0.0
14,200,8.805997281468745,1.8665495959602387,0.0,0.0,1.0,0.0,0.0,1.0
15,200,3.0052067117098,2.185952675544584,0.0,1.0,1.0,0.0,1.0,0.0
16,200,8.139181564032915,7.449745921291121,0.0,0.0,0.0,0.0,0.0,1.0
17,200,8.555307914056424,2.9774375361919345,0.0,0.0,0.0,1.0,0.0,1.0
18,200,9.157946253074762,5.680294844527784,1.0,0.0,1.0,0.0,0.0,0.0
19,200,6.585085281036157,7.683545444494847,0.0,0.0,0.0,0.0,0.0,0.0
20,200,2.0094607707757555,3.552568632410705,0.0,0.0,0.0,0.0,1.0,1.0
21,200,12.0,9.289888981081718,1.0,0.0,1.0,0.0,1.0,0.0
22,200,6.105772763180869,12.0,0.0,0.0,0.0,1.0,1.0,1.0
23,200,6.050251740964585,5.018364318731926,0.0,0.0,0.0,0.0,0.0,0.0
24,200,1.7973564170197638,9.345799902128494,0.0,1.0,1.0,0.0,0.0,1.0
25,200,7.223985217699015,3.1872242799904247,1.0,0.0,1.0,0.0,0.0,1.0
26,200,9.8606873396446,11.419811030227164,1.0,1.0,0.0,0.0,1.0,1.0
27,200,12.0,8.073153931253811,0.0,1.0,0.0,0.0,1.0,1.0
28,200,6.9189730438990855,4.943625015816564,1.0,0.0,0.0,0.0,0.0,0.0
29,200,9.505156128153365,10.14646423411132,1.0,0.0,1.0,1.0,1.0,1.0
30,200,2.616862760304367,1.951081464256336,0.0,1.0,0.0,0.0,1.0,0.0
31,200,6.830448632336005,12.0,0.0,1.0,1.0,0.0,0.0,0.0
32,200,5.066656134006292,8.251731573735645,0.0,1.0,0.0,0.0,0.0,0.0
33,200,12.0,6.627619330006839,1.0,1.0,0.0,0.0,1.0,0.0
34,200,7.472531272488049,10.457109043603731,1.0,0.0,0.0,0.0,0.0,1.0
35,200,7.658769754379064,1.5929886577049983,0.0,1.0,1.0,1.0,0.0,0.0
36,200,6.933572191795466,0.3342907765682903,1.0,1.0,0.0,1.0,0.0,0.0
37,200,4.632531666525632,10.064046844440048,1.0,0.0,0.0,0.0,0.0,0.0
38,200,4.714370100033529,7.470510693242246,1.0,0.0,0.0,1.0,0.0,1.0
39,200,7.363265891598073,8.435077192581941,0.0,0.0,0.0,1.0,1.0,1.0
0,205,5.737587318671248,12.0,1.0,1.0,1.0,0.0,0.0,1.0
1,205,11.47168180785424,3.9218047200534047,0.0,1.0,0.0,1.0,0.0,1.0
2,205,6.176319477475925,2.9832725598823666,1.0,1.0,1.0,0.0,1.0,0.0
3,205,1.8393862692058127,11.652356946445092,1.0,0.0,1.0,0.0,1.0,0.0
4,205,9.913076127704318,7.174760727828866,1.0,0.0,1.0,0.0,0.0,0.0
5,205,2.8716832754578125,0.6131406050561398,0.0,0.0,0.0,1.0,1.0,0.0
6,205,8.828894864043912,7.991639882477322,1.0,0.0,0.0,0.0,1.0,0.0
7,205,1.0765289564739662,7.775625347998186,1.0,0.0,1.0,1.0,1.0,1.0
8,205,2.233535844283,0.5743915410848398,0.0,0.0,0.0,0.0,0.0,1.0
9,205,12.0,7.533367172571383,0.0,1.0,1.0,0.0,0.0,0.0
10,205,5.354397913973356,7.142748040440577,0.0,1.0,0.0,1.0,0.0,0.0
11,205,8.00384993200469,5.689444271746646,1.0,0.0,0.0,0.0,1.0,1.0
12,205,8.037521263604155,11.99485485660866,0.0,0.0,1.0,0.0,1.0,0.0
13,205,2.658389002746202,4.619492172903859,0.0,1.0,0.0,1.0,0.0,0.0
14,205,8.833840094803508,1.8981076162401875,0.0,0.0,1.0,0.0,0.0,1.0
15,205,3.1439533331227194,2.166354042786057,0.0,1.0,1.0,0.0,1.0,0.0
16,205,8.259847481252784,7.556866695768599,0.0,0.0,0.0,0.0,0.0,1.0
17,205,8.478441129067825,3.0001774329432807,0.0,0.0,0.0,1.0,0.0,1.0
18,205,9.234042063969827,5.8528543503150114,1.0,0.0,1.0,0.0,0.0,0.0
19,205,6.405808903430771,7.6737744387904945,0.0,0.0,0.0,0.0,0.0,0.0
20,205,2.109520111395864,3.5203758628792623,0.0,0.0,0.0,0.0,1.0,1.0
21,205,12.0,9.34580014932225,1.0,0.0,1.0,0.0,1.0,0.0
22,205,6.150259601862483,12.0,0.0,0.0,0.0,1.0,1.0,1.0
23,205,6.052559687367461,4.989571533817233,0.0,0.0,0.0,0.0,0.0,0.0
24,205,1.7865487288188686,9.318861309661909,0.0,1.0,1.0,0.0,0.0,1.0
25,205,7.149245893235982,3.1524590438446043,1.0,0.0,1.0,0.0,0.0,1.0
26,205,9.86457078261361,11.713195205978923,1.0,1.0,0.0,0.0,1.0,1.0
27,205,12.0,8.069886468457733,0.0,1.0,0.0,0.0,1.0,1.0
28,205,7.011045730583868,4.951297518369833,1.0,0.0,0.0,0.0,0.0,0.0
29,205,9.52214962525862,10.141495243764826,1.0,0.0,1.0,1.0,1.0,1.0
30,205,2.5830156807045466,1.8968841439252808,0.0,1.0,0.0,0.0,1.0,0.0
31,205,6.858477343143525,12.0,0.0,1.0,1.0,0.0,0.0,0.0
32,205,5.102480734917281,8.29536704581961,0.0,1.0,0.0,0.0,0.0,0.0
33,205,12.0,6.772263565267708,1.0,1.0,0.0,0.0,1.0,0.0
34,205,7.460147123919408,10.461918217206028,1.0,0.0,0.0,0.0,0.0,1.0
35,205,7.8567662344228255,1.5516456724158156,0.0,1.0,1.0,1.0,0.0,0.0
36,205,6.938826535176714,0.2407686490641792,1.0,1.0,0.0,1.0,0.0,0.0
37,205,4.616114768036955,10.099104461649963,1.0,0.0,0.0,0.0,0.0,0.0
38,205,4.715680499876128,7.483266581311215,1.0,0.0,0.0,1.0,0.0,1.0
39,205,7.359504659239803,8.429605882066191,0.0,0.0,0.0,1.0,1.0,1.0
0,210,5.777116599966934,12.0,1.0,1.0,1.0,0.0,0.0,1.0
1,210,11.558246899649532,3.87938068462852,0.0,1.0,0.0,1.0,0.0,1.0
2,210,6.225996353528911,2.8185197752533995,1.0,1.0,1.0,0.0,1.0,0.0
3,210,1.757062450163752,11.62524573720593,1.0,0.0,1.0,0.0,1.0,0.0
4,210,10.030910712082248,7.068763559545138,1.0,0.0,1.0,0.0,0.0,0.0
5,210,2.890595773846702,0.6057207050429437,0.0,0.0,0.0,1.0,1.0,0.0
6,210,8.87439770232911,7.837257940694186,1.0,0.0,0.0,0.0,1.0,0.0
7,210,1.0696963665449513,7.780548360299373,1.0,0.0,1.0,1.0,1.0,1.0
8,210,2.302977424719188,0.4809828796536568,0.0,0.0,0.0,0.0,0.0,1.0
9,210,12.0,7.517433408681891,0.0,1.0,1.0,0.0,0.0,0.0
10,210,5.330776879349877,7.215080423808563,0.0,1.0,0.0,1.0,0.0,0.0
11,210,7.911531214594134,5.660936163976015,1.0,0.0,0.0,0.0,1.0,1.0
12,210,8.037613266263405,11.992194404555123,0.0,0.0,1.0,0.0,1.0,0.0
13,210,2.7564121244903563,4.661264966305154,0.0,1.0,0.0,1.0,0.0,0.0
14,210,8.862295660674564,1.9296362805993568,0.0,0.0,1.0,0.0,0.0,1.0
15,210,3.284689271781479,2.1471478286878627,0.0,1.0,1.0,0.0,1.0,0.0
16,210,8.379111789213738,7.666670288710224,0.0,0.0,0.0,0.0,0.0,1.0
17,210,8.390327046079168,3.026044463070808,0.0,0.0,0.0,1.0,0.0,1.0
18,210,9.318345283630492,6.032158419177055,1.0,0.0,1.0,0.0,0.0,0.0
19,210,6.213237164661791,7.663675585669135,0.0,0.0,0.0,0.0,0.0,0.0
20,210,2.211297627989472,3.490489411997828,0.0,0.0,0.0,0.0,1.0,1.0
21,210,12.0,9.406358767642065,1.0,0.0,1.0,0.0,1.0,0.0
22,210,6.195508245076074,12.0,0.0,0.0,0.0,1.0,1.0,1.0
23,210,6.054717934612958,4.966957398205259,0.0,0.0,0.0,0.0,0.0,0.0
24,210,1.7762032304922932,9.29285567589458,0.0,1.0,1.0,0.0,0.0,1.0
25,210,7.055352736868586,3.1086395224171643,1.0,0.0,1.0,0.0,0.0,1.0
26,210,9.8753094765708,12.0,1.0,1.0,0.0,0.0,1.0,1.0
27,210,12.0,8.06881731438996,0.0,1.0,0.0,0.0,1.0,1.0
28,210,7.115446878130073,4.962528098709478,1.0,0.0,0.0,0.0,0.0,0.0
29,210,9.543920268639187,10.13572704119322,1.0,0.0,1.0,1.0,1.0,1.0
30,210,2.550347171684523,1.8436921431259303,0.0,1.0,0.0,0.0,1.0,0.0
31,210,6.889344673962066,12.0,0.0,1.0,1.0,0.0,0.0,0.0
32,210,5.144859905015658,8.347340536731027,0.0,1.0,0.0,0.0,0.0,0.0
33,210,12.0,6.924586597141639,1.0,1.0,0.0,0.0,1.0,0.0
34,210,7.443049610532538,10.468579280972175,1.0,0.0,0.0,0.0,0.0,1.0
35,210,8.046204142216268,1.508652933321213,0.0,1.0,1.0,1.0,0.0,0.0
36,210,6.9460298367401725,0.1446366690711629,1.0,1.0,0.0,1.0,0.0,0.0
37,210,4.59619027637941,10.139369815134474,1.0,0.0,0.0,0.0,0.0,0.0
38,210,4.717212885959893,7.49870347975818,1.0,0.0,0.0,1.0,0.0,1.0
39,210,7.353707806067887,8.421496030310912,0.0,0.0,0.0,1.0,1.0,1.0
0,215,5.824131605469579,12.0,1.0,1.0,1.0,0.0,0.0,1.0
1,215,11.647123659665484,3.8355305027705415,0.0,1.0,0.0,1.0,0.0,1.0
2,215,6.267773603509012,2.673603084876025,1.0,1.0,1.0,0.0,1.0,0.0
3,215,1.6845818519567446,11.600842992118016,1.0,0.0,1.0,0.0,1.0,0.0
4,215,10.154496460502832,6.956398791492481,1.0,0.0,1.0,0.0,0.0,0.0
5,215,2.916676220458061,0.5952584217572827,0.0,0.0,0.0,1.0,1.0,0.0
6,215,8.917540253532797,7.677752000000931,1.0,0.0,0.0,0.0,1.0,0.0
7,215,1.0648457130687123,7.783807024522848,1.0,0.0,1.0,1.0,1.0,1.0
8,215,2.376931230971272,0.3823387684966738,0.0,0.0,0.0,0.0,0.0,1.0
9,215,12.0,7.501270880796992,0.0,1.0,1.0,0.0,0.0,0.0
10,215,5.304376130287564,7.302913065856071,0.0,1.0,0.0,1.0,0.0,0.0
11,215,7.83566206977251,5.636998158232897,1.0,0.0,0.0,0.0,1.0,1.0
12,215,8.037705166704267,11.986749648790491,0.0,0.0,1.0,0.0,1.0,0.0
13,215,2.851074671647944,4.703833145456625,0.0,1.0,0.0,1.0,0.0,0.0
14,215,8.900816303374915,1.9719128543115745,0.0,0.0,1.0,0.0,0.0,1.0
15,215,3.4307934044619914,2.124598434325098,0.0,1.0,1.0,0.0,1.0,0.0
16,215,8.499746973573355,7.781652483678569,0.0,0.0,0.0,0.0,0.0,1.0
17,215,8.29548072765971,3.053495407777596,0.0,0.0,0.0,1.0,0.0,1.0
18,215,9.396157577430264,6.197344044324587,1.0,0.0,1.0,0.0,0.0,0.0
19,215,6.01531812799482,7.64978308088629,0.0,0.0,0.0,0.0,0.0,0.0
20,215,2.302507526260145,3.4642035998733403,0.0,0.0,0.0,0.0,1.0,1.0
21,215,12.0,9.469797441065191,1.0,0.0,1.0,0.0,1.0,0.0
22,215,6.246287121052488,12.0,0.0,0.0,0.0,1.0,1.0,1.0
23,215,6.0568988894556695,4.940930470503909,0.0,0.0,0.0,0.0,0.0,0.0
24,215,1.762661923253824,9.260999080050524,0.0,1.0,1.0,0.0,0.0,1.0
25,215,6.951153470877671,3.0592876488202028,1.0,0.0,1.0,0.0,0.0,1.0
26,215,9.89592673439927,12.0,1.0,1.0,0.0,0.0,1.0,1.0
27,215,12.0,8.068681993596623,0.0,1.0,0.0,0.0,1.0,1.0
28,215,7.218649442028151,4.976770991659314,1.0,0.0,0.0,0.0,0.0,0.0
29,215,9.551495415796388,10.133643445009366,1.0,0.0,1.0,1.0,1.0,1.0
30,215,2.524787292575385,1.8021562638494577,0.0,1.0,0.0,0.0,1.0,0.0
31,215,6.9185258063063,12.0,0.0,1.0,1.0,0.0,0.0,0.0
32,215,5.189494347264686,8.404940402918767,0.0,1.0,0.0,0.0,0.0,0.0
33,215,11.85141726742284,6.990039133888445,1.0,1.0,0.0,0.0,1.0,0.0
34,215,7.416983762957197,10.47895090470487,1.0,0.0,0.0,0.0,0.0,1.0
35,215,8.256945470922815,1.457629966270026,0.0,1.0,1.0,1.0,0.0,0.0
36,215,6.950488869863708,0.0687653253295204,1.0,1.0,0.0,1.0,0.0,0.0
37,215,4.575743128393201,10.17908820728738,1.0,0.0,0.0,0.0,0.0,0.0
38,215,4.71670769686361,7.491869676964224,1.0,0.0,0.0,1.0,0.0,1.0
39,215,7.353699634987099,8.421484110727237,0.0,0.0,0.0,1.0,1.0,1.0
0,220,5.866490103234663,12.0,1.0,1.0,1.0,0.0,0.0,1.0
1,220,11.731729225094073,3.7930664487036303,0.0,1.0,0.0,1.0,0.0,1.0
2,220,6.302644567412303,2.549228179482836,1.0,1.0,1.0,0.0,1.0,0.0
3,220,1.5927271226757125,11.56968003430246,1.0,0.0,1.0,0.0,1.0,0.0
4,220,10.284286812429382,6.842335410701584,1.0,0.0,1.0,0.0,0.0,0.0
5,220,2.945887365882262,0.5834757428402265,0.0,0.0,0.0,1.0,1.0,0.0
6,220,8.9601554042187,7.51778450977197,1.0,0.0,0.0,0.0,1.0,0.0
7,220,1.0586447326922377,7.788186997880103,1.0,0.0,1.0,1.0,1.0,1.0
8,220,2.453702982457359,0.2812961705579815,0.0,0.0,0.0,0.0,0.0,1.0
9,220,12.0,7.4845004226568035,0.0,1.0,1.0,0.0,0.0,0.0
10,220,5.2819977356159455,7.380786855616796,0.0,1.0,0.0,1.0,0.0,0.0
11,220,7.771601971974828,5.617093642226746,1.0,0.0,0.0,0.0,1.0,1.0
12,220,8.037887741692218,11.978342252986018,0.0,0.0,1.0,0.0,1.0,0.0
13,220,2.793207457676284,4.833918280144155,0.0,1.0,0.0,1.0,0.0,0.0
14,220,8.93199575895112,2.008349782379917,0.0,0.0,1.0,0.0,0.0,1.0
15,220,3.5705254314569044,2.102295868609351,0.0,1.0,1.0,0.0,1.0,0.0
16,220,8.612241382861809,7.893529199266374,0.0,0.0,0.0,0.0,0.0,1.0
17,220,8.202545383345688,3.0788271499795963,0.0,0.0,0.0,1.0,0.0,1.0
18,220,9.478573485337472,6.367645113066634,1.0,0.0,1.0,0.0,0.0,0.0
19,220,5.818612744762679,7.630023525018705,0.0,0.0,0.0,0.0,0.0,0.0
20,220,2.4265905184577035,3.4279547926473746,0.0,0.0,0.0,0.0,1.0,1.0
21,220,12.0,9.53856706937135,1.0,0.0,1.0,0.0,1.0,0.0
22,220,6.30022068701331,12.0,0.0,0.0,0.0,1.0,1.0,1.0
23,220,6.060353856286518,4.901064264021018,0.0,0.0,0.0,0.0,0.0,0.0
24,220,1.7483748067738,9.228061214404574,0.0,1.0,1.0,0.0,0.0,1.0
25,220,6.862957082284192,3.017436048459649,1.0,0.0,1.0,0.0,0.0,1.0
26,220,9.91509241759463,12.0,1.0,1.0,0.0,0.0,1.0,1.0
27,220,12.0,8.067231979613233,0.0,1.0,0.0,0.0,1.0,1.0
28,220,7.301573283402226,4.988328297673898,1.0,0.0,0.0,0.0,0.0,0.0
29,220,9.553106091575009,10.13315543763959,1.0,0.0,1.0,1.0,1.0,1.0
30,220,2.5012297659385627,1.7638265942245006,0.0,1.0,0.0,0.0,1.0,0.0
31,220,6.939383193592835,12.0,0.0,1.0,1.0,0.0,0.0,0.0
32,220,5.228742622304393,8.455413371691124,0.0,1.0,0.0,0.0,0.0,0.0
33,220,11.68236808044844,7.063541212838459,1.0,1.0,0.0,0.0,1.0,0.0
34,220,7.393892132910101,10.487993878058772,1.0,0.0,0.0,0.0,0.0,1.0
35,220,8.476485002137755,1.4093698829641914,0.0,1.0,1.0,1.0,0.0,0.0
36,220,6.9565592659773205,0.0,1.0,1.0,0.0,1.0,0.0,0.0
37,220,4.555958198212007,10.217297499339905,1.0,0.0,0.0,0.0,0.0,0.0
38,220,4.717650836692314,7.503099229145224,1.0,0.0,0.0,1.0,0.0,1.0
39,220,7.360515408923875,8.431345104501933,0.0,0.0,0.0,1.0,1.0,1.0
0,225,5.921874208869718,12.0,1.0,1.0,1.0,0.0,0.0,1.0
1,225,11.837629290335723,3.7421514238771656,0.0,1.0,0.0,1.0,0.0,1.0
2,225,6.334067997295636,2.435190685266144,1.0,1.0,1.0,0.0,1.0,0.0
3,225,1.4976506049723164,11.53659708502338,1.0,0.0,1.0,0.0,1.0,0.0
4,225,10.425798516734966,6.723574439122037,1.0,0.0,1.0,0.0,0.0,0.0
5,225,2.9737031458376384,0.5719438585638115,0.0,0.0,0.0,1.0,1.0,0.0
6,225,9.004579537523282,7.349443920951703,1.0,0.0,0.0,0.0,1.0,0.0
7,225,1.0611082676137211,7.786412522597343,1.0,0.0,1.0,1.0,1.0,1.0
8,225,2.532277776966142,0.1746771377269563,0.0,0.0,0.0,0.0,0.0,1.0
9,225,12.0,7.469018203432112,0.0,1.0,1.0,0.0,0.0,0.0
10,225,5.2584198538332085,7.458738652720039,0.0,1.0,0.0,1.0,0.0,0.0
11,225,7.70577687604451,5.595915497715029,1.0,0.0,0.0,0.0,1.0,1.0
12,225,8.037821958532929,11.967577472182551,0.0,0.0,1.0,0.0,1.0,0.0
13,225,2.739041797719503,4.9644312420230845,0.0,1.0,0.0,1.0,0.0,0.0
14,225,8.973603053555314,2.0567280193566377,0.0,0.0,1.0,0.0,0.0,1.0
15,225,3.7163688848126655,2.073938576715229,0.0,1.0,1.0,0.0,1.0,0.0
16,225,8.729687220852343,8.004520970322,0.0,0.0,0.0,0.0,0.0,1.0
17,225,8.091613109515599,3.107113404483659,0.0,0.0,0.0,1.0,0.0,1.0
18,225,9.569088746139258,6.545435917696186,1.0,0.0,1.0,0.0,0.0,0.0
19,225,5.621612557647495,7.606602580000139,0.0,0.0,0.0,0.0,0.0,0.0
20,225,2.5255603988923307,3.399032755401273,0.0,0.0,0.0,0.0,1.0,1.0
21,225,12.0,9.5696233372648,1.0,0.0,1.0,0.0,1.0,0.0
22,225,6.356899186617782,12.0,0.0,0.0,0.0,1.0,1.0,1.0
23,225,6.063580057143987,4.864026126552568,0.0,0.0,0.0,0.0,0.0,0.0
24,225,1.7407475429326154,9.210119921559452,0.0,1.0,1.0,0.0,0.0,1.0
25,225,6.751850923795488,2.963248674588886,1.0,0.0,1.0,0.0,0.0,1.0
26,225,9.926501759021866,12.0,1.0,1.0,0.0,0.0,1.0,1.0
27,225,12.0,8.065649362353394,0.0,1.0,0.0,0.0,1.0,1.0
28,225,7.370212642352933,4.9982807494822215,1.0,0.0,0.0,0.0,0.0,0.0
29,225,9.56224081763929,10.130232784842836,1.0,0.0,1.0,1.0,1.0,1.0
30,225,2.470800213821455,1.7174402346869004,0.0,1.0,0.0,0.0,1.0,0.0
31,225,6.983880778989176,12.0,0.0,1.0,1.0,0.0,0.0,0.0
32,225,5.257371834500624,8.493727797084277,0.0,1.0,0.0,0.0,0.0,0.0
33,225,11.49368157928699,7.147607937475786,1.0,1.0,0.0,0.0,1.0,0.0
34,225,7.367770276014345,10.498442439540892,1.0,0.0,0.0,0.0,0.0,1.0
35,225,8.710419970810939,1.3547136436823957,0.0,1.0,1.0,1.0,0.0,0.0
36,225,6.960748698378774,0.0,1.0,1.0,0.0,1.0,0.0,0.0
37,225,4.54070152469525,10.247962889097058,1.0,0.0,0.0,0.0,0.0,0.0
38,225,4.719920829690639,7.521523447553678,1.0,0.0,0.0,1.0,0.0,1.0
39,225,7.359485156460675,8.429921372665762,0.0,0.0,0.0,1.0,1.0,1.0
0,230,5.960716326248965,12.0,1.0,1.0,1.0,0.0,0.0,1.0
1,230,11.929541932801133,3.6981244715583017,0.0,1.0,0.0,1.0,0.0,1.0
2,230,6.365749406938078,2.313302318593492,1.0,1.0,1.0,0.0,1.0,0.0
3,230,1.3944581393396964,11.501952422459023,1.0,0.0,1.0,0.0,1.0,0.0
4,230,10.560583411129995,6.609890589148095,1.0,0.0,1.0,0.0,0.0,0.0
5,230,2.980976844969467,0.5689052977640808,0.0,0.0,0.0,1.0,1.0,0.0
6,230,9.046852728421348,7.161403756974847,1.0,0.0,0.0,0.0,1.0,0.0
7,230,1.0603255488782115,7.786989635828449,1.0,0.0,1.0,1.0,1.0,1.0
8,230,2.6179124481113374,0.0572809055779912,0.0,0.0,0.0,0.0,0.0,1.0
9,230,12.0,7.460438119656304,0.0,1.0,1.0,0.0,0.0,0.0
10,230,5.2369954188259165,7.537853700635076,0.0,1.0,0.0,1.0,0.0,0.0
11,230,7.652468331902198,5.578876516439225,1.0,0.0,0.0,0.0,1.0,1.0
12,230,8.038211248895927,11.938522495601791,0.0,0.0,1.0,0.0,1.0,0.0
13,230,2.676548464079748,5.100491439967335,0.0,1.0,0.0,1.0,0.0,0.0
14,230,9.01821641316346,2.1083758903671863,0.0,0.0,1.0,0.0,0.0,1.0
15,230,3.853192721294025,2.0462324371868865,0.0,1.0,1.0,0.0,1.0,0.0
16,230,8.826991888187539,8.100127106538332,0.0,0.0,0.0,0.0,0.0,1.0
17,230,7.980567413853067,3.1346867146616697,0.0,0.0,0.0,1.0,0.0,1.0
18,230,9.653141957089012,6.717505694218146,1.0,0.0,1.0,0.0,0.0,0.0
19,230,5.41533632040596,7.586566124598592,0.0,0.0,0.0,0.0,0.0,0.0
20,230,2.628661158847585,3.368725116500142,0.0,0.0,0.0,0.0,1.0,1.0
21,230,12.0,9.597710920974738,1.0,0.0,1.0,0.0,1.0,0.0
22,230,6.412028422878209,12.0,0.0,0.0,0.0,1.0,1.0,1.0
23,230,6.09200607123107,4.866416172984867,0.0,0.0,0.0,0.0,0.0,0.0
24,230,1.736808558639295,9.20164682611254,0.0,1.0,1.0,0.0,0.0,1.0
25,230,6.629280673974591,2.898759107308583,1.0,0.0,1.0,0.0,0.0,1.0
26,230,9.933975002989554,12.0,1.0,1.0,0.0,0.0,1.0,1.0
27,230,12.0,8.064805673868323,0.0,1.0,0.0,0.0,1.0,1.0
28,230,7.435056657596633,5.008283056929928,1.0,0.0,0.0,0.0,0.0,0.0
29,230,9.602236309277902,10.117329562766702,1.0,0.0,1.0,1.0,1.0,1.0
30,230,2.4463626295919028,1.6806232264567835,0.0,1.0,0.0,0.0,1.0,0.0
31,230,7.02805028553437,12.0,0.0,1.0,1.0,0.0,0.0,0.0
32,230,5.286369559614478,8.530252438163092,0.0,1.0,0.0,0.0,0.0,0.0
33,230,11.317420204134269,7.223715240146243,1.0,1.0,0.0,0.0,1.0,0.0
34,230,7.340030589405882,10.51044716253912,1.0,0.0,0.0,0.0,0.0,1.0
35,230,8.95203444472387,1.295072966116011,0.0,1.0,1.0,1.0,0.0,0.0
36,230,6.967659695054832,0.0,1.0,1.0,0.0,1.0,0.0,0.0
37,230,4.528487780783912,10.27183610629672,1.0,0.0,0.0,0.0,0.0,0.0
38,230,4.7209086978610335,7.531132572925797,1.0,0.0,0.0,1.0,0.0,1.0
39,230,7.367887349778067,8.441592512964382,0.0,0.0,0.0,1.0,1.0,1.0
0,235,5.994471299223317,12.0,1.0,1.0,1.0,0.0,0.0,1.0
1,235,12.0,3.648289591253793,0.0,1.0,0.0,1.0,0.0,1.0
2,235,6.396458082895291,2.1921380276713287,1.0,1.0,1.0,0.0,1.0,0.0
3,235,1.251192884681067,11.458077903547842,1.0,0.0,1.0,0.0,1.0,0.0
4,235,10.693008900105474,6.501226680227463,1.0,0.0,1.0,0.0,0.0,0.0
5,235,2.971909274519305,0.5724618971095216,0.0,0.0,0.0,1.0,1.0,0.0
6,235,9.09194422326397,6.9836978614231215,1.0,0.0,0.0,0.0,1.0,0.0
7,235,1.0662839791945566,7.782786773684938,1.0,0.0,1.0,1.0,1.0,1.0
8,235,2.6899963575475714,0.0,0.0,0.0,0.0,0.0,0.0,1.0
9,235,12.0,7.447522795610154,0.0,1.0,1.0,0.0,0.0,0.0
10,235,5.219931577002282,7.607171260935558,0.0,1.0,0.0,1.0,0.0,0.0
11,235,7.593080665329367,5.557948856044265,1.0,0.0,0.0,0.0,1.0,1.0
12,235,8.038453170653648,11.907104549148556,0.0,0.0,1.0,0.0,1.0,0.0
13,235,2.618618590892614,5.221363484803686,0.0,1.0,0.0,1.0,0.0,0.0
14,235,9.07404123877918,2.1759370103686813,0.0,0.0,1.0,0.0,0.0,1.0
15,235,3.988354052962125,2.0191149624075018,0.0,1.0,1.0,0.0,1.0,0.0
16,235,8.92741485569191,8.201449638932429,0.0,0.0,0.0,0.0,0.0,1.0
17,235,7.858239414707975,3.168701440915737,0.0,0.0,0.0,1.0,0.0,1.0
18,235,9.746682823213488,6.911308024113169,1.0,0.0,1.0,0.0,0.0,0.0
19,235,5.202815526165203,7.570949626093888,0.0,0.0,0.0,0.0,0.0,0.0
20,235,2.7363379464518056,3.3361240667836443,0.0,0.0,0.0,0.0,1.0,1.0
21,235,12.0,9.64228371125414,1.0,0.0,1.0,0.0,1.0,0.0
22,235,6.4791625410597655,12.0,0.0,0.0,0.0,1.0,1.0,1.0
23,235,6.1216462694913805,4.869321669384984,0.0,0.0,0.0,0.0,0.0,0.0
24,235,1.739209093589462,9.20685086876273,0.0,1.0,1.0,0.0,0.0,1.0
25,235,6.512784595867833,2.837207033969632,1.0,0.0,1.0,0.0,0.0,1.0
26,235,9.93898653031614,12.0,1.0,1.0,0.0,0.0,1.0,1.0
27,235,12.0,8.064527437430158,0.0,1.0,0.0,0.0,1.0,1.0
28,235,7.504583601690308,5.017993127879227,1.0,0.0,0.0,0.0,0.0,0.0
29,235,9.629298665723184,10.107765333730397,1.0,0.0,1.0,1.0,1.0,1.0
30,235,2.42738422875367,1.6512102328151452,0.0,1.0,0.0,0.0,1.0,0.0
31,235,7.073582825730242,12.0,0.0,1.0,1.0,0.0,0.0,0.0
32,235,5.308539926006393,8.556882947413563,0.0,1.0,0.0,0.0,0.0,0.0
33,235,11.142809797692983,7.2986842123502305,1.0,1.0,0.0,0.0,1.0,0.0
34,235,7.322352185760852,10.518198733328102,1.0,0.0,0.0,0.0,0.0,1.0
35,235,9.17163358810044,1.2382500126108535,0.0,1.0,1.0,1.0,0.0,0.0
36,235,6.9738958814984935,0.0,1.0,1.0,0.0,1.0,0.0,0.0
37,235,4.520325982663201,10.287921728358208,1.0,0.0,0.0,0.0,0.0,0.0
38,235,4.722661848678644,7.549271538502688,1.0,0.0,0.0,1.0,0.0,1.0
39,235,7.379466826992909,8.457167144889628,0.0,0.0,0.0,1.0,1.0,1.0
0,240,6.039812221706344,12.0,1.0,1.0,1.0,0.0,0.0,1.0
1,240,12.0,3.599263898168862,0.0,1.0,0.0,1.0,0.0,1.0
2,240,6.429091919306341,2.065040429174821,1.0,1.0,1.0,0.0,1.0,0.0
3,240,1.12022314870997,11.419057915837111,1.0,0.0,1.0,0.0,1.0,0.0
4,240,10.819302544089826,6.399008291418508,1.0,0.0,1.0,0.0,0.0,0.0
5,240,2.9623794742358656,0.5762764291836323,0.0,0.0,0.0,1.0,1.0,0.0
6,240,9.140685154172647,6.789820226112628,1.0,0.0,0.0,0.0,1.0,0.0
7,240,1.0617655943237854,7.785890484364355,1.0,0.0,1.0,1.0,1.0,1.0
8,240,2.777419113773761,0.0,0.0,0.0,0.0,0.0,0.0,1.0
9,240,12.0,7.44255939565556,0.0,1.0,1.0,0.0,0.0,0.0
10,240,5.20502530650176,7.667796993709041,0.0,1.0,0.0,1.0,0.0,0.0
11,240,7.509851577272879,5.531858066819562,1.0,0.0,0.0,0.0,1.0,1.0
12,240,8.038815488846883,11.874842405074151,0.0,0.0,1.0,0.0,1.0,0.0
13,240,2.559788498756664,5.346389867955736,0.0,1.0,0.0,1.0,0.0,0.0
14,240,9.126065961718789,2.2394027028563115,0.0,0.0,1.0,0.0,0.0,1.0
15,240,4.113631455892431,1.9941130604569652,0.0,1.0,1.0,0.0,1.0,0.0
16,240,9.038489110554504,8.31754361490776,0.0,0.0,0.0,0.0,0.0,1.0
17,240,7.75222023512561,3.1991172971623465,0.0,0.0,0.0,1.0,0.0,1.0
18,240,9.838698003716727,7.112908114390962,1.0,0.0,1.0,0.0,0.0,0.0
19,240,5.005446090048419,7.558308312485183,0.0,0.0,0.0,0.0,0.0,0.0
20,240,2.857175401600408,3.301434828539168,0.0,0.0,0.0,0.0,1.0,1.0
21,240,12.0,9.67696027311336,1.0,0.0,1.0,0.0,1.0,0.0
22,240,6.548581594851165,12.0,0.0,0.0,0.0,1.0,1.0,1.0
23,240,6.160820212310023,4.872636129852663,0.0,0.0,0.0,0.0,0.0,0.0
24,240,1.7441066866846495,9.217246807684813,0.0,1.0,1.0,0.0,0.0,1.0
25,240,6.3933275839622326,2.773787521075645,1.0,0.0,1.0,0.0,0.0,1.0
26,240,9.94698491962197,12.0,1.0,1.0,0.0,0.0,1.0,1.0
27,240,12.0,8.064794839484074,0.0,1.0,0.0,0.0,1.0,1.0
28,240,7.594104692533967,5.031331739234826,1.0,0.0,0.0,0.0,0.0,0.0
29,240,9.65890367811925,10.096607103434176,1.0,0.0,1.0,1.0,1.0,1.0
30,240,2.416428344245145,1.632534971192481,0.0,1.0,0.0,0.0,1.0,0.0
31,240,7.123605831155246,12.0,0.0,1.0,1.0,0.0,0.0,0.0
32,240,5.3461703700618415,8.601062125073277,0.0,1.0,0.0,0.0,0.0,0.0
33,240,10.971186530096494,7.368573536882888,1.0,1.0,0.0,0.0,1.0,0.0
34,240,7.299896740252548,10.527718940505064,1.0,0.0,0.0,0.0,0.0,1.0
35,240,9.364988132666191,1.1857730925662908,0.0,1.0,1.0,1.0,0.0,0.0
36,240,6.979365576968319,0.0,1.0,1.0,0.0,1.0,0.0,0.0
37,240,4.508487671593034,10.310955490120808,1.0,0.0,0.0,0.0,0.0,0.0
38,240,4.726280130753512,7.5790720870575345,1.0,0.0,0.0,1.0,0.0,1.0
39,240,7.397591932460603,8.4815818886651,0.0,0.0,0.0,1.0,1.0,1.0
0,245,6.097903142850586,12.0,1.0,1.0,1.0,0.0,0.0,1.0
1,245,12.0,3.552767166764639,0.0,1.0,0.0,1.0,0.0,1.0
2,245,6.462879124591352,1.9340216656180271,1.0,1.0,1.0,0.0,1.0,0.0
3,245,0.9797193314618008,11.37521392604815,1.0,0.0,1.0,0.0,1.0,0.0
4,245,10.947141502709176,6.296600584375298,1.0,0.0,1.0,0.0,0.0,0.0
5,245,2.947273270058269,0.5820522532125646,0.0,0.0,0.0,1.0,1.0,0.0
6,245,9.193636711168818,6.599375258795376,1.0,0.0,0.0,0.0,1.0,0.0
7,245,1.0671697443873531,7.782058779901361,1.0,0.0,1.0,1.0,1.0,1.0
8,245,2.8755309991531024,0.0,0.0,0.0,0.0,0.0,0.0,1.0
9,245,12.0,7.44207725876698,0.0,1.0,1.0,0.0,0.0,0.0
10,245,5.194059560000209,7.708366182379813,0.0,1.0,0.0,1.0,0.0,0.0
11,245,7.420340595842269,5.506837834480344,1.0,0.0,0.0,0.0,1.0,1.0
12,245,8.039746955927196,11.848903630095633,0.0,0.0,1.0,0.0,1.0,0.0
13,245,2.510527361328186,5.455618013572303,0.0,1.0,0.0,1.0,0.0,0.0
14,245,9.176427963382965,2.302318762410134,0.0,0.0,1.0,0.0,0.0,1.0
15,245,4.2551995003236485,1.960473380032555,0.0,1.0,1.0,0.0,1.0,0.0
16,245,9.153131104234747,8.43528008496145,0.0,0.0,0.0,0.0,0.0,1.0
17,245,7.635247807633716,3.2334223813500427,0.0,0.0,0.0,1.0,0.0,1.0
18,245,9.922281726117856,7.303044192740599,1.0,0.0,1.0,0.0,0.0,0.0
19,245,4.83130634351006,7.543306346352208,0.0,0.0,0.0,0.0,0.0,0.0
20,245,2.941951538988139,3.27500746615397,0.0,0.0,0.0,0.0,1.0,1.0
21,245,12.0,9.72405213198635,1.0,0.0,1.0,0.0,1.0,0.0
22,245,6.622137395455937,12.0,0.0,0.0,0.0,1.0,1.0,1.0
23,245,6.194697751887981,4.876033057568555,0.0,0.0,0.0,0.0,0.0,0.0
24,245,1.7623557729771635,9.252079324377467,0.0,1.0,1.0,0.0,0.0,1.0
25,245,6.258015417219553,2.7009696455610728,1.0,0.0,1.0,0.0,0.0,1.0
26,245,9.948838387788216,12.0,1.0,1.0,0.0,0.0,1.0,1.0
27,245,11.99276406515176,8.064535826122464,0.0,1.0,0.0,0.0,1.0,1.0
28,245,7.680569054627742,5.042614095283579,1.0,0.0,0.0,0.0,0.0,0.0
29,245,9.685243557882025,10.086888064025306,1.0,0.0,1.0,1.0,1.0,1.0
30,245,2.396923440603117,1.6004767045645845,0.0,1.0,0.0,0.0,1.0,0.0
31,245,7.174743238375554,12.0,0.0,1.0,1.0,0.0,0.0,0.0
32,245,5.402052467092185,8.66658042042752,0.0,1.0,0.0,0.0,0.0,0.0
33,245,10.791136418486374,7.443917430692865,1.0,1.0,0.0,0.0,1.0,0.0
34,245,7.260566198824778,10.544814282499766,1.0,0.0,0.0,0.0,0.0,1.0
35,245,9.5478227045079,1.136525377954427,0.0,1.0,1.0,1.0,0.0,0.0
36,245,6.986638350570085,0.0,1.0,1.0,0.0,1.0,0.0,0.0
37,245,4.493120862207661,10.340819628607198,1.0,0.0,0.0,0.0,0.0,0.0
38,245,4.73079666817592,7.615442681603205,1.0,0.0,0.0,1.0,0.0,1.0
39,245,7.416412869358269,8.508162234920556,0.0,0.0,0.0,1.0,1.0,1.0
0,250,6.155452619028712,12.0,1.0,1.0,1.0,0.0,0.0,1.0
1,250,12.0,3.5048316698843625,0.0,1.0,0.0,1.0,0.0,1.0
2,250,6.493067624739341,1.7982974918995034,1.0,1.0,1.0,0.0,1.0,0.0
3,250,0.8339678946754508,11.326159234062825,1.0,0.0,1.0,0.0,1.0,0.0
4,250,11.076281516484164,6.191416698220311,1.0,0.0,1.0,0.0,0.0,0.0
5,250,2.927039766024312,0.5889236386023421,0.0,0.0,0.0,1.0,1.0,0.0
6,250,9.242699898863604,6.42093457180825,1.0,0.0,0.0,0.0,1.0,0.0
7,250,1.0555644678267455,7.789681124482493,1.0,0.0,1.0,1.0,1.0,1.0
8,250,2.9719765285255386,0.0,0.0,0.0,0.0,0.0,0.0,1.0
9,250,12.0,7.436951365786955,0.0,1.0,1.0,0.0,0.0,0.0
10,250,5.181888421096007,7.749660683806984,0.0,1.0,0.0,1.0,0.0,0.0
11,250,7.3418042824701075,5.482246480652831,1.0,0.0,0.0,0.0,1.0,1.0
12,250,8.040140822457404,11.789562004295064,0.0,0.0,1.0,0.0,1.0,0.0
13,250,2.4538908460840188,5.586300804630565,0.0,1.0,0.0,1.0,0.0,0.0
14,250,9.2201265858512,2.35841803606334,0.0,0.0,1.0,0.0,0.0,1.0
15,250,4.384210409096537,1.9302703630044389,0.0,1.0,1.0,0.0,1.0,0.0
16,250,9.2843977642462,8.56419834229308,0.0,0.0,0.0,0.0,0.0,1.0
17,250,7.525026412569781,3.265879671719057,0.0,0.0,0.0,1.0,0.0,1.0
18,250,10.003138791150109,7.484536638337675,1.0,0.0,1.0,0.0,0.0,0.0
19,250,4.6608251007469015,7.531897427938169,0.0,0.0,0.0,0.0,0.0,0.0
20,250,3.0253970828998646,3.2463556297261973,0.0,0.0,0.0,0.0,1.0,1.0
21,250,12.0,9.791322401416217,1.0,0.0,1.0,0.0,1.0,0.0
22,250,6.685729270236043,12.0,0.0,0.0,0.0,1.0,1.0,1.0
23,250,6.205549998374874,4.876999877250412,0.0,0.0,0.0,0.0,0.0,0.0
24,250,1.7754695924792765,9.278964750213746,0.0,1.0,1.0,0.0,0.0,1.0
25,250,6.125577168894954,2.633255310829908,1.0,0.0,1.0,0.0,0.0,1.0
26,250,9.95377015043425,12.0,1.0,1.0,0.0,0.0,1.0,1.0
27,250,11.993294748472817,8.064549558959252,0.0,1.0,0.0,0.0,1.0,1.0
28,250,7.76578049467893,5.053479377122813,1.0,0.0,0.0,0.0,0.0,0.0
29,250,9.711591480298935,10.077763897956329,1.0,0.0,1.0,1.0,1.0,1.0
30,250,2.368617139398745,1.5546374279045856,0.0,1.0,0.0,0.0,1.0,0.0
31,250,7.217565882035626,12.0,0.0,1.0,1.0,0.0,0.0,0.0
32,250,5.449082985707603,8.72382272213998,0.0,1.0,0.0,0.0,0.0,0.0
33,250,10.594623708515478,7.519613914109202,1.0,1.0,0.0,0.0,1.0,0.0
34,250,7.218309207241743,10.56416336387189,1.0,0.0,0.0,0.0,0.0,1.0
35,250,9.719272523948264,1.0914745774454813,0.0,1.0,1.0,1.0,0.0,0.0
36,250,6.993180456676295,0.0,1.0,1.0,0.0,1.0,0.0,0.0
37,250,4.477085665258471,10.373541765471415,1.0,0.0,0.0,0.0,0.0,0.0
38,250,4.737327728875487,7.668807414156817,1.0,0.0,0.0,1.0,0.0,1.0
39,250,7.432608728100704,8.531391537252102,0.0,0.0,0.0,1.0,1.0,1.0
0,255,6.203918544301685,12.0,1.0,1.0,1.0,0.0,0.0,1.0
1,255,12.0,3.4507319785160946,0.0,1.0,0.0,1.0,0.0,1.0
2,255,6.519656848931679,1.6730560972916912,1.0,1.0,1.0,0.0,1.0,0.0
3,255,0.6954896047653195,11.281931618117436,1.0,0.0,1.0,0.0,1.0,0.0
4,255,11.210529641259347,6.083250698497211,1.0,0.0,1.0,0.0,0.0,0.0
5,255,2.9056390099891614,0.5958210079781291,0.0,0.0,0.0,1.0,1.0,0.0
6,255,9.285658669175705,6.256729576045934,1.0,0.0,0.0,0.0,1.0,0.0
7,255,1.0475414563621874,7.794660450368985,1.0,0.0,1.0,1.0,1.0,1.0
8,255,3.046363155224413,0.0,0.0,0.0,0.0,0.0,0.0,1.0
9,255,11.99734709106846,7.429692323341847,0.0,1.0,1.0,0.0,0.0,0.0
10,255,5.165402017899759,7.806021835079072,0.0,1.0,0.0,1.0,0.0,0.0
11,255,7.2682874753467805,5.45985167010609,1.0,0.0,0.0,0.0,1.0,1.0
12,255,8.041101467218846,11.716141028137972,0.0,0.0,1.0,0.0,1.0,0.0
13,255,2.39257490062621,5.72160004233576,0.0,1.0,0.0,1.0,0.0,0.0
14,255,9.258134192796607,2.405995663742228,0.0,0.0,1.0,0.0,0.0,1.0
15,255,4.530818579901207,1.899608237410955,0.0,1.0,1.0,0.0,1.0,0.0
16,255,9.420458556828493,8.69486073876996,0.0,0.0,0.0,0.0,0.0,1.0
17,255,7.412838758017407,3.301126079320854,0.0,0.0,0.0,1.0,0.0,1.0
18,255,10.090385145113544,7.675880081356182,1.0,0.0,1.0,0.0,0.0,0.0
19,255,4.481841419683041,7.515739177051543,0.0,0.0,0.0,0.0,0.0,0.0
20,255,3.0451733894014974,3.307583709522468,0.0,0.0,0.0,0.0,1.0,1.0
21,255,12.0,9.856934903965069,1.0,0.0,1.0,0.0,1.0,0.0
22,255,6.750070236636163,12.0,0.0,0.0,0.0,1.0,1.0,1.0
23,255,6.231206923744874,4.879195465933331,0.0,0.0,0.0,0.0,0.0,0.0
24,255,1.7929927230078628,9.31653048513324,0.0,1.0,1.0,0.0,0.0,1.0
25,255,5.975769433738829,2.5573763963885976,1.0,0.0,1.0,0.0,0.0,1.0
26,255,9.962788979119296,12.0,1.0,1.0,0.0,0.0,1.0,1.0
27,255,11.995450107268308,8.064570827344735,0.0,1.0,0.0,0.0,1.0,1.0
28,255,7.851688450374136,5.0660899040683525,1.0,0.0,0.0,0.0,0.0,0.0
29,255,9.758082074481852,10.063265148140792,1.0,0.0,1.0,1.0,1.0,1.0
30,255,2.33737058966387,1.5074790759226042,0.0,1.0,0.0,0.0,1.0,0.0
31,255,7.268046860136618,12.0,0.0,1.0,1.0,0.0,0.0,0.0
32,255,5.4892565559054685,8.77042807649931,0.0,1.0,0.0,0.0,0.0,0.0
33,255,10.388712357346872,7.602633212650572,1.0,1.0,0.0,0.0,1.0,0.0
34,255,7.164269276918553,10.589960688748294,1.0,0.0,0.0,0.0,0.0,1.0
35,255,9.8908498393468,1.0490329070411728,0.0,1.0,1.0,1.0,0.0,0.0
36,255,7.000028438024206,0.0,1.0,1.0,0.0,1.0,0.0,0.0
37,255,4.471005036416134,10.38596779107491,1.0,0.0,0.0,0.0,0.0,0.0
38,255,4.744372943486131,7.729865075118941,1.0,0.0,0.0,1.0,0.0,1.0
39,255,7.443983105782609,8.5474333582618,0.0,0.0,0.0,1.0,1.0,1.0
0,260,6.239848460923771,12.0,1.0,1.0,1.0,0.0,0.0,1.0
1,260,12.0,3.3997538734152277,0.0,1.0,0.0,1.0,0.0,1.0
2,260,6.552979034202717,1.5359569934386923,1.0,1.0,1.0,0.0,1.0,0.0
3,260,0.5440441094678508,11.2264686518445,1.0,0.0,1.0,0.0,1.0,0.0
4,260,11.341535766361217,5.980387539459736,1.0,0.0,1.0,0.0,0.0,0.0
5,260,2.8778784976285543,0.6046107029002387,0.0,0.0,0.0,1.0,1.0,0.0
6,260,9.32732938330716,6.1056355872831976,1.0,0.0,0.0,0.0,1.0,0.0
7,260,1.019798820564974,7.812014321398618,1.0,0.0,1.0,1.0,1.0,1.0
8,260,3.126816312278584,0.0,0.0,0.0,0.0,0.0,0.0,1.0
9,260,11.998970358881405,7.434392449644157,0.0,1.0,1.0,0.0,0.0,0.0
10,260,5.143974631427292,7.887049650903529,0.0,1.0,0.0,1.0,0.0,0.0
11,260,7.203541908750707,5.441994770113585,1.0,0.0,0.0,0.0,1.0,1.0
12,260,8.041080486285631,11.647289366874343,0.0,0.0,1.0,0.0,1.0,0.0
13,260,2.34218043275478,5.848312915323279,0.0,1.0,0.0,1.0,0.0,0.0
14,260,9.271485771529884,2.4232640522329785,0.0,0.0,1.0,0.0,0.0,1.0
15,260,4.670268771918,1.871809318638554,0.0,1.0,1.0,0.0,1.0,0.0
16,260,9.571462026730496,8.832743347977344,0.0,0.0,0.0,0.0,0.0,1.0
17,260,7.304762298532958,3.3351850698243863,0.0,0.0,0.0,1.0,0.0,1.0
18,260,10.179566090876593,7.863735946425945,1.0,0.0,1.0,0.0,0.0,0.0
19,260,4.291014004267583,7.4992908720090865,0.0,0.0,0.0,0.0,0.0,0.0
20,260,3.0625774187371104,3.3610311508035298,0.0,0.0,0.0,0.0,1.0,1.0
21,260,12.0,9.921191618803029,1.0,0.0,1.0,0.0,1.0,0.0
22,260,6.809737198200146,12.0,0.0,0.0,0.0,1.0,1.0,1.0
23,260,6.263864603124113,4.882691525296635,0.0,0.0,0.0,0.0,0.0,0.0
24,260,1.817371435531602,9.368847388492682,0.0,1.0,1.0,0.0,0.0,1.0
25,260,5.838124078658203,2.4845366318160385,1.0,0.0,1.0,0.0,0.0,1.0
26,260,9.979168477728612,12.0,1.0,1.0,0.0,0.0,1.0,1.0
27,260,11.984532332287742,8.064634129469919,0.0,1.0,0.0,0.0,1.0,1.0
28,260,7.93110531391449,5.074504467756865,1.0,0.0,0.0,0.0,0.0,0.0
29,260,9.798146219488036,10.050368246812855,1.0,0.0,1.0,1.0,1.0,1.0
30,260,2.3103530978920173,1.4670099986066476,0.0,1.0,0.0,0.0,1.0,0.0
31,260,7.3221768711020125,12.0,0.0,1.0,1.0,0.0,0.0,0.0
32,260,5.53465502101031,8.820678207584482,0.0,1.0,0.0,0.0,0.0,0.0
33,260,10.182679235772074,7.682289962351257,1.0,1.0,0.0,0.0,1.0,0.0
34,260,7.108506980147727,10.618305215294225,1.0,0.0,0.0,0.0,0.0,1.0
35,260,10.057228791851172,1.0085471994892814,0.0,1.0,1.0,1.0,0.0,0.0
36,260,7.005166684579479,0.0,1.0,1.0,0.0,1.0,0.0,0.0
37,260,4.463257145941863,10.40181327666707,1.0,0.0,0.0,0.0,0.0,0.0
38,260,4.754300655441425,7.801269406527146,1.0,0.0,0.0,1.0,0.0,1.0
39,260,7.456359216838472,8.565385380367864,0.0,0.0,0.0,1.0,1.0,1.0
0,265,6.297714552057296,12.0,1.0,1.0,1.0,0.0,0.0,1.0
1,265,12.0,3.351182200193468,0.0,1.0,0.0,1.0,0.0,1.0
2,265,6.588004335903121,1.3923581005922523,1.0,1.0,1.0,0.0,1.0,0.0
3,265,0.4006315952886997,11.175828481605734,1.0,0.0,1.0,0.0,1.0,0.0
4,265,11.46146352318122,5.885731484916434,1.0,0.0,1.0,0.0,0.0,0.0
5,265,2.8322844175634025,0.6199386295254922,0.0,0.0,0.0,1.0,1.0,0.0
6,265,9.366856817360835,5.960095492909304,1.0,0.0,0.0,0.0,1.0,0.0
7,265,0.9867616179086592,7.832450307154391,1.0,0.0,1.0,1.0,1.0,1.0
8,265,3.1948330375014,0.0,0.0,0.0,0.0,0.0,0.0,1.0
9,265,11.989376478385076,7.407607673114657,0.0,1.0,1.0,0.0,0.0,0.0
10,265,5.126489457212172,7.959360396130856,0.0,1.0,0.0,1.0,0.0,0.0
11,265,7.140368939849207,5.426238752618994,1.0,0.0,0.0,0.0,1.0,1.0
12,265,8.040879867732322,11.632186105437324,0.0,0.0,1.0,0.0,1.0,0.0
13,265,2.281394343026253,6.001590801859896,0.0,1.0,0.0,1.0,0.0,0.0
14,265,9.303272194620329,2.461714233870224,0.0,0.0,1.0,0.0,0.0,1.0
15,265,4.808966183345201,1.845106124026465,0.0,1.0,1.0,0.0,1.0,0.0
16,265,9.732242765221551,8.97879338155707,0.0,0.0,0.0,0.0,0.0,1.0
17,265,7.197696492196528,3.3697439017806574,0.0,0.0,0.0,1.0,0.0,1.0
18,265,10.278595589726049,8.06779177735037,1.0,0.0,1.0,0.0,0.0,0.0
19,265,4.119734649265611,7.482958176548617,0.0,0.0,0.0,0.0,0.0,0.0
20,265,3.0817022685338955,3.41882995298874,0.0,0.0,0.0,0.0,1.0,1.0
21,265,12.0,9.97295304982328,1.0,0.0,1.0,0.0,1.0,0.0
22,265,6.867634472601989,12.0,0.0,0.0,0.0,1.0,1.0,1.0
23,265,6.296144989294721,4.8857234915723495,0.0,0.0,0.0,0.0,0.0,0.0
24,265,1.84056418519624,9.41930086739274,0.0,1.0,1.0,0.0,0.0,1.0
25,265,5.718050897812375,2.4234583214730754,1.0,0.0,1.0,0.0,0.0,1.0
26,265,9.996944587502911,12.0,1.0,1.0,0.0,0.0,1.0,1.0
27,265,11.97968861052078,8.064680539339163,0.0,1.0,0.0,0.0,1.0,1.0
28,265,7.992482933633452,5.080227780125767,1.0,0.0,0.0,0.0,0.0,0.0
29,265,9.824056363695451,10.041995331910494,1.0,0.0,1.0,1.0,1.0,1.0
30,265,2.279086467664391,1.4207784938712735,0.0,1.0,0.0,0.0,1.0,0.0
31,265,7.3731753957648385,12.0,0.0,1.0,1.0,0.0,0.0,0.0
32,265,5.582454393175801,8.873523742870915,0.0,1.0,0.0,0.0,0.0,0.0
33,265,9.972911465515928,7.758352176743154,1.0,1.0,0.0,0.0,1.0,0.0
34,265,7.027801859984645,10.658365497620643,1.0,0.0,0.0,0.0,0.0,1.0
35,265,10.211501889926415,0.9684116714192093,0.0,1.0,1.0,1.0,0.0,0.0
36,265,7.012685500443548,0.0,1.0,1.0,0.0,1.0,0.0,0.0
37,265,4.461417329975316,10.405849036786812,1.0,0.0,0.0,0.0,0.0,0.0
38,265,4.763505267461793,7.8557584870067165,1.0,0.0,0.0,1.0,0.0,1.0
39,265,7.462693120031435,8.573942314911822,0.0,0.0,0.0,1.0,1.0,1.0
0,270,6.3427906607002695,12.0,1.0,1.0,1.0,0.0,0.0,1.0
1,270,12.0,3.2986731595453014,0.0,1.0,0.0,1.0,0.0,1.0
2,270,6.617179887176098,1.2545911221480333,1.0,1.0,1.0,0.0,1.0,0.0
3,270,0.2245875434533281,11.112703130307892,1.0,0.0,1.0,0.0,1.0,0.0
4,270,11.595513106236496,5.783241856157052,1.0,0.0,1.0,0.0,0.0,0.0
5,270,2.794602001406659,0.633270859205266,0.0,0.0,0.0,1.0,1.0,0.0
6,270,9.410368572519648,5.795165163394162,1.0,0.0,0.0,0.0,1.0,0.0
7,270,0.9502247356969162,7.855077901943656,1.0,0.0,1.0,1.0,1.0,1.0
8,270,3.248908590439845,0.0,0.0,0.0,0.0,0.0,0.0,1.0
9,270,11.986729289826194,7.400034696266292,0.0,1.0,1.0,0.0,0.0,0.0
10,270,5.109502515304481,8.038661034761567,0.0,1.0,0.0,1.0,0.0,0.0
11,270,7.064638531965313,5.408225965583937,1.0,0.0,0.0,0.0,1.0,1.0
12,270,8.04087869184471,11.632374137251476,0.0,0.0,1.0,0.0,1.0,0.0
13,270,2.2193291948094345,6.1510398642524295,0.0,1.0,0.0,1.0,0.0,0.0
14,270,9.334822300634976,2.5018600761554923,0.0,0.0,1.0,0.0,0.0,1.0
15,270,4.951997343118837,1.8175346387222664,0.0,1.0,1.0,0.0,1.0,0.0
16,270,9.896176716611066,9.123255638285675,0.0,0.0,0.0,0.0,0.0,1.0
17,270,7.082522667831929,3.408532969246569,0.0,0.0,0.0,1.0,0.0,1.0
18,270,10.387224894859774,8.285945428867137,1.0,0.0,1.0,0.0,0.0,0.0
19,270,3.922903321446749,7.461010563524302,0.0,0.0,0.0,0.0,0.0,0.0
20,270,3.100955634901289,3.4770242515919003,0.0,0.0,0.0,0.0,1.0,1.0
21,270,12.0,10.02125604374078,1.0,0.0,1.0,0.0,1.0,0.0
22,270,6.936894183496634,12.0,0.0,0.0,0.0,1.0,1.0,1.0
23,270,6.323352073865992,4.8878936595010165,0.0,0.0,0.0,0.0,0.0,0.0
24,270,1.8715837521999876,9.492048777137656,0.0,1.0,1.0,0.0,0.0,1.0
25,270,5.59303023318274,2.357858053542484,1.0,0.0,1.0,0.0,0.0,1.0
26,270,10.015510981989518,12.0,1.0,1.0,0.0,0.0,1.0,1.0
27,270,11.962039971672414,8.064977481132438,0.0,1.0,0.0,0.0,1.0,1.0
28,270,8.037108280564679,5.084083014006721,1.0,0.0,0.0,0.0,0.0,0.0
29,270,9.851104691557111,10.03339493156434,1.0,0.0,1.0,1.0,1.0,1.0
30,270,2.2500765565710523,1.378732293649288,0.0,1.0,0.0,0.0,1.0,0.0
31,270,7.422635571771172,12.0,0.0,1.0,1.0,0.0,0.0,0.0
32,270,5.623696837142681,8.920301454957519,0.0,1.0,0.0,0.0,0.0,0.0
33,270,9.774431815931878,7.833347464070169,1.0,1.0,0.0,0.0,1.0,0.0
34,270,6.928877542265344,10.707505310559066,1.0,0.0,0.0,0.0,0.0,1.0
35,270,10.359518165580878,0.9308104471937128,0.0,1.0,1.0,1.0,0.0,0.0
36,270,7.018736205868975,0.0,1.0,1.0,0.0,1.0,0.0,0.0
37,270,4.469224487281479,10.389332813129805,1.0,0.0,0.0,0.0,0.0,0.0
38,270,4.770741882519974,7.903827658914279,1.0,0.0,0.0,1.0,0.0,1.0
39,270,7.459094107726274,8.56893302039101,0.0,0.0,0.0,1.0,1.0,1.0
0,275,6.387112751921133,12.0,1.0,1.0,1.0,0.0,0.0,1.0
1,275,12.0,3.2496466395857717,0.0,1.0,0.0,1.0,0.0,1.0
2,275,6.645353145932671,1.1274504409423345,1.0,1.0,1.0,0.0,1.0,0.0
3,275,0.0384267828588262,11.044788498194515,1.0,0.0,1.0,0.0,1.0,0.0
4,275,11.71599431775644,5.687970549834726,1.0,0.0,1.0,0.0,0.0,0.0
5,275,2.7686764658406906,0.6416048955354562,0.0,0.0,0.0,1.0,1.0,0.0
6,275,9.46133800047573,5.604530835782343,1.0,0.0,0.0,0.0,1.0,0.0
7,275,0.9178469180550792,7.875728799949108,1.0,0.0,1.0,1.0,1.0,1.0
8,275,3.2973236477972674,0.0,0.0,0.0,0.0,0.0,0.0,1.0
9,275,11.988090333593052,7.403836427509964,0.0,1.0,1.0,0.0,0.0,0.0
10,275,5.088058513830451,8.132386186520002,0.0,1.0,0.0,1.0,0.0,0.0
11,275,7.007411529194552,5.395215380678706,1.0,0.0,0.0,0.0,1.0,1.0
12,275,8.04086225008269,11.643510388080124,0.0,0.0,1.0,0.0,1.0,0.0
13,275,2.152663257638237,6.306842503539331,0.0,1.0,0.0,1.0,0.0,0.0
14,275,9.364533377039864,2.538704568525896,0.0,0.0,1.0,0.0,0.0,1.0
15,275,5.089710155392818,1.7895152146033573,0.0,1.0,1.0,0.0,1.0,0.0
16,275,10.05722213724534,9.26848447665886,0.0,0.0,0.0,0.0,0.0,1.0
17,275,6.974393664763855,3.444560544550449,0.0,0.0,0.0,1.0,0.0,1.0
18,275,10.496055592990997,8.509909507441455,1.0,0.0,1.0,0.0,0.0,0.0
19,275,3.729084864793504,7.433717292507677,0.0,0.0,0.0,0.0,0.0,0.0
20,275,3.1199441074019743,3.5382497247437827,0.0,0.0,0.0,0.0,1.0,1.0
21,275,12.0,10.09278620268171,1.0,0.0,1.0,0.0,1.0,0.0
22,275,7.00820320075613,12.0,0.0,0.0,0.0,1.0,1.0,1.0
23,275,6.34651280929714,4.889783536514613,0.0,0.0,0.0,0.0,0.0,0.0
24,275,1.902927027267684,9.566493182239174,0.0,1.0,1.0,0.0,0.0,1.0
25,275,5.447322416374018,2.2786766776400613,1.0,0.0,1.0,0.0,0.0,1.0
26,275,10.034396926486531,12.0,1.0,1.0,0.0,0.0,1.0,1.0
27,275,11.939570247713784,8.064895136353462,0.0,1.0,0.0,0.0,1.0,1.0
28,275,8.077454769565303,5.0875997927763965,1.0,0.0,0.0,0.0,0.0,0.0
29,275,9.87655753674392,10.025159928098244,1.0,0.0,1.0,1.0,1.0,1.0
30,275,2.2226426813878954,1.340097787994642,0.0,1.0,0.0,0.0,1.0,0.0
31,275,7.474422632828271,12.0,0.0,1.0,1.0,0.0,0.0,0.0
32,275,5.654816183500481,8.955782615667813,0.0,1.0,0.0,0.0,0.0,0.0
33,275,9.558047240072472,7.911611926823357,1.0,1.0,0.0,0.0,1.0,0.0
34,275,6.840963793296754,10.750886297387284,1.0,0.0,0.0,0.0,0.0,1.0
35,275,10.519092776304529,0.8920412069838194,0.0,1.0,1.0,1.0,0.0,0.0
36,275,7.023857215669601,0.0,1.0,1.0,0.0,1.0,0.0,0.0
37,275,4.481662057336094,10.361518286109144,1.0,0.0,0.0,0.0,0.0,0.0
38,275,4.778264930352552,7.950755220779378,1.0,0.0,0.0,1.0,0.0,1.0
39,275,7.461272298968635,8.572009763512346,0.0,0.0,0.0,1.0,1.0,1.0
0,280,6.424194545530819,12.0,1.0,1.0,1.0,0.0,0.0,1.0
1,280,12.0,3.202064557444317,0.0,1.0,0.0,1.0,0.0,1.0
2,280,6.673625132525155,0.995647645611777,1.0,1.0,1.0,0.0,1.0,0.0
3,280,0.0,10.977972505219965,1.0,0.0,1.0,0.0,1.0,0.0
4,280,11.84067921095391,5.584859527443296,1.0,0.0,1.0,0.0,0.0,0.0
5,280,2.725484880721305,0.6550345035437611,0.0,0.0,0.0,1.0,1.0,0.0
6,280,9.5114130862396,5.403400199814482,1.0,0.0,0.0,0.0,1.0,0.0
7,280,0.8782871134602054,7.9009990976246,1.0,0.0,1.0,1.0,1.0,1.0
8,280,3.3478982897797174,0.0,0.0,0.0,0.0,0.0,0.0,1.0
9,280,11.987846500264087,7.403111514104232,0.0,1.0,1.0,0.0,0.0,0.0
10,280,5.071309544497528,8.208376567802464,0.0,1.0,0.0,1.0,0.0,0.0
11,280,6.951123279958404,5.383618528281271,1.0,0.0,0.0,0.0,1.0,1.0
12,280,8.040860714105706,11.672562881292729,0.0,0.0,1.0,0.0,1.0,0.0
13,280,2.089395709449388,6.463290310544721,0.0,1.0,0.0,1.0,0.0,0.0
14,280,9.3852030823059,2.565418222515575,0.0,0.0,1.0,0.0,0.0,1.0
15,280,5.217604749526972,1.7620231182208794,0.0,1.0,1.0,0.0,1.0,0.0
16,280,10.2195060829836,9.413248813206168,0.0,0.0,0.0,0.0,0.0,1.0
17,280,6.861680419328516,3.480234364056876,0.0,0.0,0.0,1.0,0.0,1.0
18,280,10.617078569587816,8.741421774937445,1.0,0.0,1.0,0.0,0.0,0.0
19,280,3.527220892928828,7.400647278362564,0.0,0.0,0.0,0.0,0.0,0.0
20,280,3.141668160772648,3.605381923537733,0.0,0.0,0.0,0.0,1.0,1.0
21,280,12.0,10.181344104949764,1.0,0.0,1.0,0.0,1.0,0.0
22,280,7.074709317523373,12.0,0.0,0.0,0.0,1.0,1.0,1.0
23,280,6.359013659257923,4.890461951087,0.0,0.0,0.0,0.0,0.0,0.0
24,280,1.9397688113089773,9.652716618219948,0.0,1.0,1.0,0.0,0.0,1.0
25,280,5.307646550366192,2.199262731345609,1.0,0.0,1.0,0.0,0.0,1.0
26,280,10.047278848968247,12.0,1.0,1.0,0.0,0.0,1.0,1.0
27,280,11.934241988424777,8.064998023736928,0.0,1.0,0.0,0.0,1.0,1.0
28,280,8.131835022150973,5.092845636877757,1.0,0.0,0.0,0.0,0.0,0.0
29,280,9.89112857708849,10.0202221086052,1.0,0.0,1.0,1.0,1.0,1.0
30,280,2.1995385264059832,1.3069059204542868,0.0,1.0,0.0,0.0,1.0,0.0
31,280,7.521551365469876,12.0,0.0,1.0,1.0,0.0,0.0,0.0
32,280,5.690533316175157,8.997794273632346,0.0,1.0,0.0,0.0,0.0,0.0
33,280,9.34279985364781,7.981862921361655,1.0,1.0,0.0,0.0,1.0,0.0
34,280,6.727552400463823,10.810228041654517,1.0,0.0,0.0,0.0,0.0,1.0
35,280,10.689406097961028,0.8502890546434454,0.0,1.0,1.0,1.0,0.0,0.0
36,280,7.029477308978495,0.0,1.0,1.0,0.0,1.0,0.0,0.0
37,280,4.495640492166495,10.329415425868568,1.0,0.0,0.0,0.0,0.0,0.0
38,280,4.782911421065764,7.978586731257983,1.0,0.0,0.0,1.0,0.0,1.0
39,280,7.467990237188067,8.580924590103157,0.0,0.0,0.0,1.0,1.0,1.0
0,285,6.465470656323605,12.0,1.0,1.0,1.0,0.0,0.0,1.0
1,285,12.0,3.1443265446583597,0.0,1.0,0.0,1.0,0.0,1.0
2,285,6.702184988871167,0.8665949578381926,1.0,1.0,1.0,0.0,1.0,0.0
3,285,0.0,10.90849117043317,1.0,0.0,1.0,0.0,1.0,0.0
4,285,11.98221344401088,5.472321680213164,1.0,0.0,1.0,0.0,0.0,0.0
5,285,2.6817969494909115,0.6686385537381468,0.0,0.0,0.0,1.0,1.0,0.0
6,285,9.563364984667931,5.197063255329326,1.0,0.0,0.0,0.0,1.0,0.0
7,285,0.8665874437402129,7.908565898695161,1.0,0.0,1.0,1.0,1.0,1.0
8,285,3.4048595162470594,0.0,0.0,0.0,0.0,0.0,0.0,1.0
9,285,11.989353182405331,7.407336991490269,0.0,1.0,1.0,0.0,0.0,0.0
10,285,5.054741234596905,8.291394779573208,0.0,1.0,0.0,1.0,0.0,0.0
11,285,6.869100738896325,5.366468519080463,1.0,0.0,0.0,0.0,1.0,1.0
12,285,8.04097685834175,11.681838375586416,0.0,0.0,1.0,0.0,1.0,0.0
13,285,2.034040521916197,6.6046814426719225,0.0,1.0,0.0,1.0,0.0,0.0
14,285,9.40627183339432,2.5933909833513504,0.0,0.0,1.0,0.0,0.0,1.0
15,285,5.343088747227114,1.7351860193803827,0.0,1.0,1.0,0.0,1.0,0.0
16,285,10.391079721881644,9.566852087366,0.0,0.0,0.0,0.0,0.0,1.0
17,285,6.755617182087696,3.5110057857514785,0.0,0.0,0.0,1.0,0.0,1.0
18,285,10.728181060378477,8.954744992305683,1.0,0.0,1.0,0.0,0.0,0.0
19,285,3.309671530625195,7.360674824693365,0.0,0.0,0.0,0.0,0.0,0.0
20,285,3.155566430994494,3.6542843627524486,0.0,0.0,0.0,0.0,1.0,1.0
21,285,12.0,10.287020650445188,1.0,0.0,1.0,0.0,1.0,0.0
22,285,7.146660345153935,12.0,0.0,0.0,0.0,1.0,1.0,1.0
23,285,6.384338913684445,4.892052194321613,0.0,0.0,0.0,0.0,0.0,0.0
24,285,1.979927098841396,9.742172659318102,0.0,1.0,1.0,0.0,0.0,1.0
25,285,5.1600078335878905,2.116809902464848,1.0,0.0,1.0,0.0,0.0,1.0
26,285,10.061954220267843,12.0,1.0,1.0,0.0,0.0,1.0,1.0
27,285,11.908086271097046,8.06548590767904,0.0,1.0,0.0,0.0,1.0,1.0
28,285,8.191391183282068,5.096767697648281,1.0,0.0,0.0,0.0,0.0,0.0
29,285,9.902209311057565,10.01618754512155,1.0,0.0,1.0,1.0,1.0,1.0
30,285,2.1762530211636824,1.2732446622756666,0.0,1.0,0.0,0.0,1.0,0.0
31,285,7.566276761118136,12.0,0.0,1.0,1.0,0.0,0.0,0.0
32,285,5.71887356997844,9.0315625094279,0.0,1.0,0.0,0.0,0.0,0.0
33,285,9.140138351543367,8.05362259471395,1.0,1.0,0.0,0.0,1.0,0.0
34,285,6.6200271226091525,10.86709630438265,1.0,0.0,0.0,0.0,0.0,1.0
35,285,10.865173800753707,0.8059238054573421,0.0,1.0,1.0,1.0,0.0,0.0
36,285,7.036726483265058,0.0,1.0,1.0,0.0,1.0,0.0,0.0
37,285,4.504702047862547,10.308697049596054,1.0,0.0,0.0,0.0,0.0,0.0
38,285,4.787639606679596,8.00515371355104,1.0,0.0,0.0,1.0,0.0,1.0
39,285,7.471518147040464,8.58602082314662,0.0,0.0,0.0,1.0,1.0,1.0
0,290,6.505686156674792,12.0,1.0,1.0,1.0,0.0,0.0,1.0
1,290,12.0,3.0921685271272903,0.0,1.0,0.0,1.0,0.0,1.0
2,290,6.734916117591115,0.723885058562979,1.0,1.0,1.0,0.0,1.0,0.0
3,290,0.0,10.84208806243169,1.0,0.0,1.0,0.0,1.0,0.0
4,290,12.0,5.37380199733189,1.0,0.0,1.0,0.0,0.0,0.0
5,290,2.645299840401925,0.6803799798575086,0.0,0.0,0.0,1.0,1.0,0.0
6,290,9.609561743575757,5.004100641807483,1.0,0.0,0.0,0.0,1.0,0.0
7,290,0.8578131544492187,7.914086141408408,1.0,0.0,1.0,1.0,1.0,1.0
8,290,3.4558018086415934,0.0,0.0,0.0,0.0,0.0,0.0,1.0
9,290,11.98683826121936,7.4006085197887135,0.0,1.0,1.0,0.0,0.0,0.0
10,290,5.041679259389085,8.352998996729031,0.0,1.0,0.0,1.0,0.0,0.0
11,290,6.798614436374281,5.350531491641371,1.0,0.0,0.0,0.0,1.0,1.0
12,290,8.041378295640202,11.704662273149776,0.0,0.0,1.0,0.0,1.0,0.0
13,290,1.981013955060537,6.734732434900581,0.0,1.0,0.0,1.0,0.0,0.0
14,290,9.43246431994862,2.6267797632596754,0.0,0.0,1.0,0.0,0.0,1.0
15,290,5.4823238861143935,1.707640784612784,0.0,1.0,1.0,0.0,1.0,0.0
16,290,10.542184758367442,9.711769917691848,0.0,0.0,0.0,0.0,0.0,1.0
17,290,6.664801147502561,3.5386614116007737,0.0,0.0,0.0,1.0,0.0,1.0
18,290,10.829539026580669,9.151509063343289,1.0,0.0,1.0,0.0,0.0,0.0
19,290,3.1097239798502656,7.329378150369421,0.0,0.0,0.0,0.0,0.0,0.0
20,290,3.1693664848003724,3.7039490692484542,0.0,0.0,0.0,0.0,1.0,1.0
21,290,12.0,10.37821711567983,1.0,0.0,1.0,0.0,1.0,0.0
22,290,7.215490742328686,12.0,0.0,0.0,0.0,1.0,1.0,1.0
23,290,6.418164992479186,4.893668443238945,0.0,0.0,0.0,0.0,0.0,0.0
24,290,2.023124827688055,9.840739482180837,0.0,1.0,1.0,0.0,0.0,1.0
25,290,5.019276047553492,2.033960767221971,1.0,0.0,1.0,0.0,0.0,1.0
26,290,10.075767673679628,12.0,1.0,1.0,0.0,0.0,1.0,1.0
27,290,11.87946880413942,8.06636291941702,0.0,1.0,0.0,0.0,1.0,1.0
28,290,8.245186757615645,5.098867962037786,1.0,0.0,0.0,0.0,0.0,0.0
29,290,9.91784906222106,10.010745054917564,1.0,0.0,1.0,1.0,1.0,1.0
30,290,2.1464905824404648,1.2288605433511008,0.0,1.0,0.0,0.0,1.0,0.0
31,290,7.606459394057017,12.0,0.0,1.0,1.0,0.0,0.0,0.0
32,290,5.755194774046737,9.07669006526017,0.0,1.0,0.0,0.0,0.0,0.0
33,290,8.956703986497011,8.115154778724612,1.0,1.0,0.0,0.0,1.0,0.0
34,290,6.500664818054926,10.931180626688024,1.0,0.0,0.0,0.0,0.0,1.0
35,290,11.04389801709359,0.762208242394177,0.0,1.0,1.0,1.0,0.0,0.0
36,290,7.047908926367058,0.0,1.0,1.0,0.0,1.0,0.0,0.0
37,290,4.515203715687649,10.28510767972948,1.0,0.0,0.0,0.0,0.0,0.0
38,290,4.789765080262312,8.017122160577035,1.0,0.0,0.0,1.0,0.0,1.0
39,290,7.485107850719462,8.605544728288152,0.0,0.0,0.0,1.0,1.0,1.0
0,295,6.54884291380699,12.0,1.0,1.0,1.0,0.0,0.0,1.0
1,295,12.0,3.03987547216006,0.0,1.0,0.0,1.0,0.0,1.0
2,295,6.766902034388768,0.5832739131560238,1.0,1.0,1.0,0.0,1.0,0.0
3,295,0.0,10.776140290911988,1.0,0.0,1.0,0.0,1.0,0.0
4,295,12.0,5.295047855704242,1.0,0.0,1.0,0.0,0.0,0.0
5,295,2.6109968187245736,0.6920565598391745,0.0,0.0,0.0,1.0,1.0,0.0
6,295,9.653983001181889,4.806289703797013,1.0,0.0,0.0,0.0,1.0,0.0
7,295,0.8579275729595145,7.914014676501255,1.0,0.0,1.0,1.0,1.0,1.0
8,295,3.499802178765304,0.0,0.0,0.0,0.0,0.0,0.0,1.0
9,295,11.981753092549107,7.386430474437222,0.0,1.0,1.0,0.0,0.0,0.0
10,295,5.032116384368798,8.395623013741467,0.0,1.0,0.0,1.0,0.0,0.0
11,295,6.747140977077679,5.338522304345282,1.0,0.0,0.0,0.0,1.0,1.0
12,295,8.042845638695782,11.730123807766834,0.0,0.0,1.0,0.0,1.0,0.0
13,295,1.9251203908701453,6.873955314979336,0.0,1.0,0.0,1.0,0.0,0.0
14,295,9.472982076670602,2.676271092708192,0.0,0.0,1.0,0.0,0.0,1.0
15,295,5.611511572959543,1.6843272017565474,0.0,1.0,1.0,0.0,1.0,0.0
16,295,10.703806735508708,9.85837256277696,0.0,0.0,0.0,0.0,0.0,1.0
17,295,6.597074079067981,3.561925429219372,0.0,0.0,0.0,1.0,0.0,1.0
18,295,10.937844577133736,9.372377267298274,1.0,0.0,1.0,0.0,0.0,0.0
19,295,2.9259996327624997,7.299336212734981,0.0,0.0,0.0,0.0,0.0,0.0
20,295,3.1865604356841573,3.768027825324355,0.0,0.0,0.0,0.0,1.0,1.0
21,295,12.0,10.462233045498929,1.0,0.0,1.0,0.0,1.0,0.0
22,295,7.290420229580367,12.0,0.0,0.0,0.0,1.0,1.0,1.0
23,295,6.455258947339916,4.894990697072889,0.0,0.0,0.0,0.0,0.0,0.0
24,295,2.071143831052957,9.94808500863559,0.0,1.0,1.0,0.0,0.0,1.0
25,295,4.880657033137582,1.9537617024813383,1.0,0.0,1.0,0.0,0.0,1.0
26,295,10.086796564526058,12.0,1.0,1.0,0.0,0.0,1.0,1.0
27,295,11.82654834356932,8.067087307154225,0.0,1.0,0.0,0.0,1.0,1.0
28,295,8.306193072592922,5.100235669701537,1.0,0.0,0.0,0.0,0.0,0.0
29,295,9.943392578770696,10.0021954822631,1.0,0.0,1.0,1.0,1.0,1.0
30,295,2.0864582525906887,1.2687765434820235,0.0,1.0,0.0,0.0,1.0,0.0
31,295,7.651235501473577,12.0,0.0,1.0,1.0,0.0,0.0,0.0
32,295,5.779356772103336,9.108536799390093,0.0,1.0,0.0,0.0,0.0,0.0
33,295,8.777638889698297,8.174957676798654,1.0,1.0,0.0,0.0,1.0,0.0
34,295,6.377678716045288,10.99619469061783,1.0,0.0,0.0,0.0,0.0,1.0
35,295,11.240195733045317,0.718734569537143,0.0,1.0,1.0,1.0,0.0,0.0
36,295,7.062569464912291,0.0,1.0,1.0,0.0,1.0,0.0,0.0
37,295,4.524235587067273,10.265491640255114,1.0,0.0,0.0,0.0,0.0,0.0
38,295,4.789392610116698,8.014269627439933,1.0,0.0,0.0,1.0,0.0,1.0
39,295,7.490178726993202,8.612764763619687,0.0,0.0,0.0,1.0,1.0,1.0
