0,0,5.03975271783054,4.96445247138124,0.0,0.0,0.0,1.0,1.0,0.0
1,0,8.035686907019675,2.040866226217486,0.0,1.0,1.0,0.0,0.0,0.0
2,0,3.0392091458042407,7.051709657934696,1.0,0.0,1.0,1.0,1.0,1.0
3,0,12.0,8.055570497090374,1.0,1.0,0.0,0.0,0.0,0.0
4,0,10.971351687302008,0.0056633140550692,0.0,1.0,0.0,0.0,0.0,0.0
5,0,9.04605243131032,9.035518218404698,0.0,1.0,1.0,0.0,1.0,0.0
6,0,5.036189843303267,6.951795639559482,0.0,1.0,0.0,0.0,1.0,0.0
7,0,11.040145805342656,12.0,0.0,0.0,0.0,0.0,1.0,1.0
8,0,0.077665444243707,1.021555900205389,0.0,0.0,1.0,0.0,0.0,1.0
9,0,7.948032268604552,8.99118437671731,1.0,1.0,1.0,0.0,0.0,1.0
10,0,5.025960538030143,2.947948217081656,0.0,0.0,0.0,0.0,0.0,1.0
11,0,10.951361866564806,3.965585191840274,1.0,1.0,0.0,0.0,0.0,1.0
12,0,1.0512948466040886,6.995457043152035,1.0,0.0,0.0,0.0,0.0,0.0
13,0,0.0130117678565258,9.941413905432473,0.0,0.0,0.0,0.0,0.0,1.0
14,0,4.968127917524861,3.9647361134078607,1.0,0.0,1.0,0.0,0.0,0.0
15,0,3.0649157026906857,3.047721050567289,1.0,0.0,0.0,0.0,0.0,0.0
16,0,2.0391397875249777,10.02313035539054,1.0,0.0,0.0,0.0,1.0,1.0
17,0,9.962180801131309,2.043789130950175,0.0,0.0,0.0,0.0,0.0,1.0
18,0,0.0075676844166008,9.941074022732828,1.0,0.0,0.0,1.0,0.0,1.0
19,0,6.0275893263846365,11.06416690023057,0.0,0.0,1.0,0.0,0.0,0.0
20,0,1.976065963948316,4.98036267924731,0.0,0.0,1.0,0.0,0.0,1.0
21,0,9.97779942427834,4.951592707220804,0.0,0.0,1.0,0.0,1.0,0.0
22,0,5.950483400347129,12.0,1.0,1.0,1.0,0.0,0.0,0.0
23,0,8.044605301122441,1.0310252240837914,1.0,0.0,1.0,1.0,0.0,0.0
24,0,9.9497061916732,4.042550648742849,0.0,1.0,0.0,0.0,0.0,1.0
25,0,4.966609253531966,7.009884251245015,0.0,1.0,1.0,0.0,0.0,1.0
26,0,1.970436138906816,1.02684092931346,0.0,1.0,1.0,0.0,1.0,0.0
27,0,4.052063377608117,4.970284811563396,0.0,0.0,0.0,1.0,1.0,1.0
28,0,7.975195587686477,10.024075270133888,1.0,1.0,0.0,1.0,1.0,1.0
29,0,8.982420530988898,8.066611487204378,1.0,1.0,0.0,0.0,1.0,0.0
30,0,8.044013516162059,6.987478626942306,1.0,0.0,0.0,1.0,1.0,0.0
31,0,2.073294621255129,5.02492626893327,1.0,0.0,1.0,0.0,0.0,0.0
32,0,3.000209426787266,0.9707357018292244,0.0,0.0,0.0,0.0,0.0,0.0
33,0,7.967363831579115,8.97433541569257,1.0,1.0,0.0,0.0,1.0,0.0
34,0,11.975449080894892,3.007023753152615,0.0,0.0,0.0,0.0,0.0,1.0
35,0,7.962695910100835,10.935205145684206,0.0,1.0,0.0,0.0,0.0,0.0
36,0,7.951606933726834,4.011969861271925,1.0,1.0,1.0,0.0,1.0,0.0
37,0,6.054238775396732,0.9661703375380994,0.0,0.0,1.0,0.0,1.0,1.0
38,0,1.0802309369958696,6.967706198140675,0.0,0.0,1.0,0.0,0.0,0.0
39,0,3.0136790852371087,3.066198023855049,0.0,0.0,0.0,1.0,0.0,1.0
0,5,5.073459711683954,4.934406400414587,0.0,0.0,0.0,1.0,1.0,0.0
1,5,8.07557560159672,2.086538371786474,0.0,1.0,1.0,0.0,0.0,0.0
2,5,3.0795963897506486,7.105956976166527,1.0,0.0,1.0,1.0,1.0,1.0
3,5,12.0,8.10607055104224,1.0,1.0,0.0,0.0,0.0,0.0
4,5,10.942492682214022,0.0115536358225355,0.0,1.0,0.0,0.0,0.0,0.0
5,5,9.09066989285491,9.070860776173111,0.0,1.0,1.0,0.0,1.0,0.0
6,5,5.072868145482698,6.905231188587994,0.0,1.0,0.0,0.0,1.0,0.0
7,5,11.092286161771003,12.0,0.0,0.0,0.0,0.0,1.0,1.0
8,5,0.1471162332118694,1.0421199341337035,0.0,0.0,1.0,0.0,0.0,1.0
9,5,7.89273078194469,8.982994124533672,1.0,1.0,1.0,0.0,0.0,1.0
10,5,5.05621539606913,2.891777858273875,0.0,0.0,0.0,0.0,0.0,1.0
11,5,10.907821378489755,3.93432341636341,1.0,1.0,0.0,0.0,0.0,1.0
12,5,1.093547108443729,6.991059152417045,1.0,0.0,0.0,0.0,0.0,0.0
13,5,0.0264306505403756,9.882188283740703,0.0,0.0,0.0,0.0,0.0,1.0
14,5,4.957691130254633,3.952361220130357,1.0,0.0,1.0,0.0,0.0,0.0
15,5,3.1243712583239223,3.09333778018776,1.0,0.0,0.0,0.0,0.0,0.0
16,5,2.09904669437126,10.055952879115706,1.0,0.0,0.0,0.0,1.0,1.0
17,5,9.938457858036475,2.071229665994134,0.0,0.0,0.0,0.0,0.0,1.0
18,5,0.0159267541381818,9.858955135656494,1.0,0.0,0.0,1.0,0.0,1.0
19,5,6.053982530411496,11.12515721061194,0.0,0.0,1.0,0.0,0.0,0.0
20,5,1.930301249141758,4.942454831494036,0.0,0.0,1.0,0.0,0.0,1.0
21,5,9.95446271090508,4.8961019076225405,0.0,0.0,1.0,0.0,1.0,0.0
22,5,5.897300020733317,12.0,1.0,1.0,1.0,0.0,0.0,0.0
23,5,8.09588414989947,1.0664376067874275,1.0,0.0,1.0,1.0,0.0,0.0
24,5,9.906612723135389,4.078224511680864,0.0,1.0,0.0,0.0,0.0,1.0
25,5,4.9336351938939,7.019944668717305,0.0,1.0,1.0,0.0,0.0,1.0
26,5,1.939163003546688,1.0554453491862086,0.0,1.0,1.0,0.0,1.0,0.0
27,5,4.09456228606826,4.946978332107594,0.0,0.0,0.0,1.0,1.0,1.0
28,5,7.929115234918379,10.068040618549748,1.0,1.0,0.0,1.0,1.0,1.0
29,5,8.975108373080502,8.093996135143705,1.0,1.0,0.0,0.0,1.0,0.0
30,5,8.092259094300566,6.974392867326702,1.0,0.0,0.0,1.0,1.0,0.0
31,5,2.134966298695668,5.046943634513894,1.0,0.0,1.0,0.0,0.0,0.0
32,5,3.000491480643304,0.9404289134327092,0.0,0.0,0.0,0.0,0.0,0.0
33,5,7.951997488733176,8.962628621830534,1.0,1.0,0.0,0.0,1.0,0.0
34,5,11.941248176729164,3.016816547609186,0.0,0.0,0.0,0.0,0.0,1.0
35,5,7.935252872214471,10.888370414640546,0.0,1.0,0.0,0.0,0.0,0.0
36,5,7.908871824205017,4.022297317511566,1.0,1.0,1.0,0.0,1.0,0.0
37,5,6.122747035116997,0.9231953650752672,0.0,0.0,1.0,0.0,1.0,1.0
38,5,1.161348926516458,6.937562484577171,0.0,0.0,1.0,0.0,0.0,0.0
39,5,3.081471566590721,3.049888241285838,0.0,0.0,0.0,1.0,0.0,1.0
0,10,5.137101013137922,4.8802807650760185,0.0,0.0,0.0,1.0,1.0,0.0
1,10,8.117438356325168,2.1329554229032364,0.0,1.0,1.0,0.0,0.0,0.0
2,10,3.106079763075184,7.142954166413899,1.0,0.0,1.0,1.0,1.0,1.0
3,10,12.0,8.161407191253497,1.0,1.0,0.0,0.0,0.0,0.0
4,10,10.925824970703736,0.0149650038126694,0.0,1.0,0.0,0.0,0.0,0.0
5,10,9.12992442390385,9.099412008650212,0.0,1.0,1.0,0.0,1.0,0.0
6,10,5.1124851799700055,6.854170605566866,0.0,1.0,0.0,0.0,1.0,0.0
7,10,11.138441908919129,12.0,0.0,0.0,0.0,0.0,1.0,1.0
8,10,0.2219132035488982,1.066166562140623,0.0,0.0,1.0,0.0,0.0,1.0
9,10,7.825611309772927,8.975215040331895,1.0,1.0,1.0,0.0,0.0,1.0
10,10,5.08783105672979,2.83620843680608,0.0,0.0,0.0,0.0,0.0,1.0
11,10,10.867554234432356,3.9050496518844753,1.0,1.0,0.0,0.0,0.0,1.0
12,10,1.1392289965560805,6.987535704763777,1.0,0.0,0.0,0.0,0.0,0.0
13,10,0.042105419430571,9.809567575057608,0.0,0.0,0.0,0.0,0.0,1.0
14,10,4.937829774166405,3.9286080636959047,1.0,0.0,1.0,0.0,0.0,0.0
15,10,3.171731982856888,3.130280429014465,1.0,0.0,0.0,0.0,0.0,0.0
16,10,2.1834196358057825,10.101399237119372,1.0,0.0,0.0,0.0,1.0,1.0
17,10,9.906177197047878,2.1088216888841496,0.0,0.0,0.0,0.0,0.0,1.0
18,10,0.0291624041793418,9.736103053403554,1.0,0.0,0.0,1.0,0.0,1.0
19,10,6.075967252754444,11.17417975104973,0.0,0.0,1.0,0.0,0.0,0.0
20,10,1.8843192718737785,4.904609372860151,0.0,0.0,1.0,0.0,0.0,1.0
21,10,9.936937860281668,4.854856980410354,0.0,0.0,1.0,0.0,1.0,0.0
22,10,5.853909815751989,12.0,1.0,1.0,1.0,0.0,0.0,0.0
23,10,8.154229951521566,1.1059484853011503,1.0,0.0,1.0,1.0,0.0,0.0
24,10,9.857285240266744,4.118043861151117,0.0,1.0,0.0,0.0,0.0,1.0
25,10,4.88990381051492,7.032070581052512,0.0,1.0,1.0,0.0,0.0,1.0
26,10,1.9134281828849855,1.0783450341726226,0.0,1.0,1.0,0.0,1.0,0.0
27,10,4.123520983385689,4.930661025431252,0.0,0.0,0.0,1.0,1.0,1.0
28,10,7.889092969215028,10.104531859143837,1.0,1.0,0.0,1.0,1.0,1.0
29,10,8.968601491899358,8.11598844306177,1.0,1.0,0.0,0.0,1.0,0.0
30,10,8.136367811527503,6.963493732688755,1.0,0.0,0.0,1.0,1.0,0.0
31,10,2.1862593885709347,5.065599948021394,1.0,0.0,1.0,0.0,0.0,0.0
32,10,3.0021352160775323,0.8918274036458165,0.0,0.0,0.0,0.0,0.0,0.0
33,10,7.944835166499078,8.956728226231958,1.0,1.0,0.0,0.0,1.0,0.0
34,10,11.878652716082808,3.0336157803299275,0.0,0.0,0.0,0.0,0.0,1.0
35,10,7.901880752016155,10.833677963847189,0.0,1.0,0.0,0.0,0.0,0.0
36,10,7.876636471253637,4.02985918777515,1.0,1.0,1.0,0.0,1.0,0.0
37,10,6.202913024048647,0.8765123627208714,0.0,0.0,1.0,0.0,1.0,1.0
38,10,1.2464834152284892,6.905574639415038,0.0,0.0,1.0,0.0,0.0,0.0
39,10,3.1806448913460788,3.024969426405763,0.0,0.0,0.0,1.0,0.0,1.0
0,15,5.202931960751796,4.820865071856356,0.0,0.0,0.0,1.0,1.0,0.0
1,15,8.172140348975068,2.1933819073886798,0.0,1.0,1.0,0.0,0.0,0.0
2,15,3.140770862508348,7.192778856383663,1.0,0.0,1.0,1.0,1.0,1.0
3,15,12.0,8.211331744951666,1.0,1.0,0.0,0.0,0.0,0.0
4,15,10.906953897872812,0.0184599961862166,0.0,1.0,0.0,0.0,0.0,0.0
5,15,9.17202255674798,9.130944794174289,0.0,1.0,1.0,0.0,1.0,0.0
6,15,5.154756329831649,6.799717767361384,0.0,1.0,0.0,0.0,1.0,0.0
7,15,11.178402937900248,12.0,0.0,0.0,0.0,0.0,1.0,1.0
8,15,0.2919556183681491,1.0874213892970588,0.0,0.0,1.0,0.0,0.0,1.0
9,15,7.749155382495506,8.963831814537022,1.0,1.0,1.0,0.0,0.0,1.0
10,15,5.125109878827638,2.770620168046364,0.0,0.0,0.0,0.0,0.0,1.0
11,15,10.826284452474203,3.875519335779444,1.0,1.0,0.0,0.0,0.0,1.0
12,15,1.1766571091402085,6.984745165755315,1.0,0.0,0.0,0.0,0.0,0.0
13,15,0.0548778899621573,9.74814259490098,0.0,0.0,0.0,0.0,0.0,1.0
14,15,4.935975541766716,3.926391059336721,1.0,0.0,1.0,0.0,0.0,0.0
15,15,3.215254380343433,3.165304659216785,1.0,0.0,0.0,0.0,0.0,0.0
16,15,2.2521026700122264,10.138303099612084,1.0,0.0,0.0,0.0,1.0,1.0
17,15,9.865265803691171,2.1565902347307238,0.0,0.0,0.0,0.0,0.0,1.0
18,15,0.041138744409672,9.6178029670788,1.0,0.0,0.0,1.0,0.0,1.0
19,15,6.107044934549183,11.24128409523111,0.0,0.0,1.0,0.0,0.0,0.0
20,15,1.8332380534471453,4.862451258978739,0.0,0.0,1.0,0.0,0.0,1.0
21,15,9.919671134400572,4.817112988147917,0.0,0.0,1.0,0.0,1.0,0.0
22,15,5.800574447643737,12.0,1.0,1.0,1.0,0.0,0.0,0.0
23,15,8.223265012452737,1.1517602825620508,1.0,0.0,1.0,1.0,0.0,0.0
24,15,9.805666657382035,4.160816237052518,0.0,1.0,0.0,0.0,0.0,1.0
25,15,4.839877865702568,7.046873552532791,0.0,1.0,1.0,0.0,0.0,1.0
26,15,1.8848193472038028,1.1041304143360655,0.0,1.0,1.0,0.0,1.0,0.0
27,15,4.152906961536642,4.914273859222885,0.0,0.0,0.0,1.0,1.0,1.0
28,15,7.851104447882767,10.138368628046331,1.0,1.0,0.0,1.0,1.0,1.0
29,15,8.96198952486905,8.138407670432317,1.0,1.0,0.0,0.0,1.0,0.0
30,15,8.182281438397549,6.951314753285411,1.0,0.0,0.0,1.0,1.0,0.0
31,15,2.229957253634214,5.080245094654349,1.0,0.0,1.0,0.0,0.0,0.0
32,15,3.003746626950076,0.8512035735638465,0.0,0.0,0.0,0.0,0.0,0.0
33,15,7.927812230347311,8.942748997264381,1.0,1.0,0.0,0.0,1.0,0.0
34,15,11.818268405519408,3.050067930616097,0.0,0.0,0.0,0.0,0.0,1.0
35,15,7.871357987852242,10.782740635549834,0.0,1.0,0.0,0.0,0.0,0.0
36,15,7.852230245076115,4.035771520345891,1.0,1.0,1.0,0.0,1.0,0.0
37,15,6.290634631627118,0.8247370557257643,0.0,0.0,1.0,0.0,1.0,1.0
38,15,1.2764812642347132,6.981244901937228,0.0,0.0,1.0,0.0,0.0,0.0
39,15,3.284303505925054,2.998911663204225,0.0,0.0,0.0,1.0,0.0,1.0
0,20,5.268936320261589,4.760434155481168,0.0,0.0,0.0,1.0,1.0,0.0
1,20,8.236025377475833,2.26454171093443,0.0,1.0,1.0,0.0,0.0,0.0
2,20,3.178164634677823,7.2463438568991165,1.0,0.0,1.0,1.0,1.0,1.0
3,20,12.0,8.262455767123638,1.0,1.0,0.0,0.0,0.0,0.0
4,20,10.879701339217553,0.0243318111276311,0.0,1.0,0.0,0.0,0.0,0.0
5,20,9.214214463719468,9.16449118458364,0.0,1.0,1.0,0.0,1.0,0.0
6,20,5.215800335865108,6.723226190852466,0.0,1.0,0.0,0.0,1.0,0.0
7,20,11.21519101986166,12.0,0.0,0.0,0.0,0.0,1.0,1.0
8,20,0.3571961821251066,1.1086471595035576,0.0,0.0,1.0,0.0,0.0,1.0
9,20,7.691837243296365,8.954997695845012,1.0,1.0,1.0,0.0,0.0,1.0
10,20,5.165386158781327,2.702468046471976,0.0,0.0,0.0,0.0,0.0,1.0
11,20,10.787222765558214,3.846411895183225,1.0,1.0,0.0,0.0,0.0,1.0
12,20,1.2046939386622153,6.982316526225257,1.0,0.0,0.0,0.0,0.0,0.0
13,20,0.0669629053262689,9.678629169851725,0.0,0.0,0.0,0.0,0.0,1.0
14,20,4.947245701488803,3.939828193733807,1.0,0.0,1.0,0.0,0.0,0.0
15,20,3.2486499802402737,3.1914580399568666,1.0,0.0,0.0,0.0,0.0,0.0
16,20,2.320963890374836,10.175753605606502,1.0,0.0,0.0,0.0,1.0,1.0
17,20,9.829415790252416,2.1981327666780177,0.0,0.0,0.0,0.0,0.0,1.0
18,20,0.0514450872250942,9.50592906033071,1.0,0.0,0.0,1.0,0.0,1.0
19,20,6.141100612784438,11.3130516597903,0.0,0.0,1.0,0.0,0.0,0.0
20,20,1.77186856502323,4.812731278273703,0.0,0.0,1.0,0.0,0.0,1.0
21,20,9.899862498030624,4.770314312900164,0.0,0.0,1.0,0.0,1.0,0.0
22,20,5.755953123532273,12.0,1.0,1.0,1.0,0.0,0.0,0.0
23,20,8.277474026412294,1.1876583745338145,1.0,0.0,1.0,1.0,0.0,0.0
24,20,9.75027904156832,4.204935925848118,0.0,1.0,0.0,0.0,0.0,1.0
25,20,4.793014677005893,7.058934503390069,0.0,1.0,1.0,0.0,0.0,1.0
26,20,1.8694809473626728,1.1180188020693318,0.0,1.0,1.0,0.0,1.0,0.0
27,20,4.1889727546070565,4.894266997719825,0.0,0.0,0.0,1.0,1.0,1.0
28,20,7.801070959738252,10.182890094884042,1.0,1.0,0.0,1.0,1.0,1.0
29,20,8.951203376839091,8.180521371601928,1.0,1.0,0.0,0.0,1.0,0.0
30,20,8.235761602179178,6.936342822801089,1.0,0.0,0.0,1.0,1.0,0.0
31,20,2.26205191781717,5.091215263745361,1.0,0.0,1.0,0.0,0.0,0.0
32,20,3.0039682892045465,0.8370337182059124,0.0,0.0,0.0,0.0,0.0,0.0
33,20,7.917734243356157,8.933946424924558,1.0,1.0,0.0,0.0,1.0,0.0
34,20,11.75478877267818,3.0682362925983626,0.0,0.0,0.0,0.0,0.0,1.0
35,20,7.833753368876833,10.719809231643133,0.0,1.0,0.0,0.0,0.0,0.0
36,20,7.824411916210869,4.041942986011756,1.0,1.0,1.0,0.0,1.0,0.0
37,20,6.384402074871068,0.7749885024978599,0.0,0.0,1.0,0.0,1.0,1.0
38,20,1.3076644196300102,7.059245510306821,0.0,0.0,1.0,0.0,0.0,0.0
39,20,3.397298284725304,2.9713380372817104,0.0,0.0,0.0,1.0,0.0,1.0
0,25,5.332738503481814,4.70581511822742,0.0,0.0,0.0,1.0,1.0,0.0
1,25,8.287773799431777,2.3252938074947127,0.0,1.0,1.0,0.0,0.0,0.0
2,25,3.20843502372652,7.290518761621205,1.0,0.0,1.0,1.0,1.0,1.0
3,25,12.0,8.302063008958001,1.0,1.0,0.0,0.0,0.0,0.0
4,25,10.8382948243778,0.032877609834188,0.0,1.0,0.0,0.0,0.0,0.0
5,25,9.253462214115867,9.196938146222143,0.0,1.0,1.0,0.0,1.0,0.0
6,25,5.277323848032351,6.646665299001072,0.0,1.0,0.0,0.0,1.0,0.0
7,25,11.254999120829266,12.0,0.0,0.0,0.0,0.0,1.0,1.0
8,25,0.4149859813668795,1.125923934487032,0.0,0.0,1.0,0.0,0.0,1.0
9,25,7.6274294103346225,8.945949856297377,1.0,1.0,1.0,0.0,0.0,1.0
10,25,5.198114102647372,2.6450549842534223,0.0,0.0,0.0,0.0,0.0,1.0
11,25,10.758205658077312,3.825629744392638,1.0,1.0,0.0,0.0,0.0,1.0
12,25,1.2211262666736202,6.980702900191131,1.0,0.0,0.0,0.0,0.0,0.0
13,25,0.0783431911886964,9.61516904884948,0.0,0.0,0.0,0.0,0.0,1.0
14,25,4.965573611362089,3.961473516552719,1.0,0.0,1.0,0.0,0.0,0.0
15,25,3.2734595240523268,3.210496691811371,1.0,0.0,0.0,0.0,0.0,0.0
16,25,2.386387466053637,10.21102347641141,1.0,0.0,0.0,0.0,1.0,1.0
17,25,9.792800651229731,2.237459242698897,0.0,0.0,0.0,0.0,0.0,1.0
18,25,0.060523940756763,9.403539695826948,1.0,0.0,0.0,1.0,0.0,1.0
19,25,6.16149702121141,11.356309857469562,0.0,0.0,1.0,0.0,0.0,0.0
20,25,1.7223892490818131,4.771346823692674,0.0,0.0,1.0,0.0,0.0,1.0
21,25,9.893321635768013,4.754549891725268,0.0,0.0,1.0,0.0,1.0,0.0
22,25,5.706118316710163,12.0,1.0,1.0,1.0,0.0,0.0,0.0
23,25,8.3197935203453,1.2161836455930233,1.0,0.0,1.0,1.0,0.0,0.0
24,25,9.680679983281616,4.260919556920899,0.0,1.0,0.0,0.0,0.0,1.0
25,25,4.768994524429786,7.064876689706217,0.0,1.0,1.0,0.0,0.0,1.0
26,25,1.842923819351533,1.143177176254494,0.0,1.0,1.0,0.0,1.0,0.0
27,25,4.22327546436441,4.874792086383289,0.0,0.0,0.0,1.0,1.0,1.0
28,25,7.768291598621736,10.212866074778914,1.0,1.0,0.0,1.0,1.0,1.0
29,25,8.942431655785299,8.219454889497273,1.0,1.0,0.0,0.0,1.0,0.0
30,25,8.25617333078768,6.931360321620004,1.0,0.0,0.0,1.0,1.0,0.0
31,25,2.2979992999926084,5.103452858303864,1.0,0.0,1.0,0.0,0.0,0.0
32,25,3.004031177247992,0.8239055173650044,0.0,0.0,0.0,0.0,0.0,0.0
33,25,7.905658747308226,8.923589954346165,1.0,1.0,0.0,0.0,1.0,0.0
34,25,11.692065908819734,3.086170941126677,0.0,0.0,0.0,0.0,0.0,1.0
35,25,7.781019970052958,10.633147198831605,0.0,1.0,0.0,0.0,0.0,0.0
36,25,7.79318542307635,4.049395750145464,1.0,1.0,1.0,0.0,1.0,0.0
37,25,6.478723122593297,0.727541912152917,0.0,0.0,1.0,0.0,1.0,1.0
38,25,1.3370610732539814,7.130774320424143,0.0,0.0,1.0,0.0,0.0,0.0
39,25,3.4882355297331906,2.9500398455566152,0.0,0.0,0.0,1.0,0.0,1.0
0,30,5.4049277016348345,4.64389504205922,0.0,0.0,0.0,1.0,1.0,0.0
1,30,8.32942643840492,2.3735228691355057,0.0,1.0,1.0,0.0,0.0,0.0
2,30,3.2369640514729814,7.331580949348431,1.0,0.0,1.0,1.0,1.0,1.0
3,30,12.0,8.35109870978422,1.0,1.0,0.0,0.0,0.0,0.0
4,30,10.79431756046237,0.041977749644846,0.0,1.0,0.0,0.0,0.0,0.0
5,30,9.270578726144455,9.21174215328822,0.0,1.0,1.0,0.0,1.0,0.0
6,30,5.338471007692203,6.575550029371786,0.0,1.0,0.0,0.0,1.0,0.0
7,30,11.294651161703774,12.0,0.0,0.0,0.0,0.0,1.0,1.0
8,30,0.4638234076252259,1.1404885428038725,0.0,0.0,1.0,0.0,0.0,1.0
9,30,7.567376328513035,8.936263500763724,1.0,1.0,1.0,0.0,0.0,1.0
10,30,5.221935175971822,2.602906697293053,0.0,0.0,0.0,0.0,0.0,1.0
11,30,10.735186774235608,3.810646565401328,1.0,1.0,0.0,0.0,0.0,1.0
12,30,1.2445497299547827,6.978095414516311,1.0,0.0,0.0,0.0,0.0,0.0
13,30,0.0884629274637223,9.55238361294366,0.0,0.0,0.0,0.0,0.0,1.0
14,30,4.987569142046643,3.985970785461713,1.0,0.0,1.0,0.0,0.0,0.0
15,30,3.305973215357085,3.234154691445478,1.0,0.0,0.0,0.0,0.0,0.0
16,30,2.42590775352464,10.233805514438778,1.0,0.0,0.0,0.0,1.0,1.0
17,30,9.755083473967185,2.2777202373345222,0.0,0.0,0.0,0.0,0.0,1.0
18,30,0.0710572990059836,9.293643581460994,1.0,0.0,0.0,1.0,0.0,1.0
19,30,6.185718205365923,11.409801314526224,0.0,0.0,1.0,0.0,0.0,0.0
20,30,1.6649619149182209,4.724304288940192,0.0,0.0,1.0,0.0,0.0,1.0
21,30,9.88691658084378,4.739647936191285,0.0,0.0,1.0,0.0,1.0,0.0
22,30,5.6504134736926375,12.0,1.0,1.0,1.0,0.0,0.0,0.0
23,30,8.368776846499504,1.2500416710807007,1.0,0.0,1.0,1.0,0.0,0.0
24,30,9.61662997349477,4.3151795302766285,0.0,1.0,0.0,0.0,0.0,1.0
25,30,4.7486397227134125,7.070263711707097,0.0,1.0,1.0,0.0,0.0,1.0
26,30,1.829927691771721,1.155553017190375,0.0,1.0,1.0,0.0,1.0,0.0
27,30,4.273952666950261,4.845590083587133,0.0,0.0,0.0,1.0,1.0,1.0
28,30,7.744671373380278,10.233947971289528,1.0,1.0,0.0,1.0,1.0,1.0
29,30,8.935023204895936,8.255127222584758,1.0,1.0,0.0,0.0,1.0,0.0
30,30,8.313357551269949,6.916099444500901,1.0,0.0,0.0,1.0,1.0,0.0
31,30,2.2783450509303345,5.163376162126657,1.0,0.0,1.0,0.0,0.0,0.0
32,30,3.004096386508836,0.8066183093202568,0.0,0.0,0.0,0.0,0.0,0.0
33,30,7.88596688541003,8.907023905313569,1.0,1.0,0.0,0.0,1.0,0.0
34,30,11.64619678857432,3.0989030154500856,0.0,0.0,0.0,0.0,0.0,1.0
35,30,7.730401424524246,10.551843692295613,0.0,1.0,0.0,0.0,0.0,0.0
36,30,7.750184663469723,4.060283644080077,1.0,1.0,1.0,0.0,1.0,0.0
37,30,6.566869379495667,0.684822898097925,0.0,0.0,1.0,0.0,1.0,1.0
38,30,1.3669034685308503,7.20477584185037,0.0,0.0,1.0,0.0,0.0,0.0
39,30,3.567955170670011,2.9330471474107824,0.0,0.0,0.0,1.0,0.0,1.0
0,35,5.49005738035129,4.570696198884841,0.0,0.0,0.0,1.0,1.0,0.0
1,35,8.349888903829457,2.3966515493425367,0.0,1.0,1.0,0.0,0.0,0.0
2,35,3.2669621381040224,7.373408893945023,1.0,0.0,1.0,1.0,1.0,1.0
3,35,12.0,8.403993468556965,1.0,1.0,0.0,0.0,0.0,0.0
4,35,10.766456292365104,0.0468804816463415,0.0,1.0,0.0,0.0,0.0,0.0
5,35,9.29842092945484,9.235003361464198,0.0,1.0,1.0,0.0,1.0,0.0
6,35,5.399818763640666,6.502362092484702,0.0,1.0,0.0,0.0,1.0,0.0
7,35,11.340470988862982,12.0,0.0,0.0,0.0,0.0,1.0,1.0
8,35,0.5027305903693864,1.1527899889329063,0.0,0.0,1.0,0.0,0.0,1.0
9,35,7.506531974560991,8.925838395768599,1.0,1.0,1.0,0.0,0.0,1.0
10,35,5.247699236632674,2.555872318414516,0.0,0.0,0.0,0.0,0.0,1.0
11,35,10.70169321714527,3.789023524464737,1.0,1.0,0.0,0.0,0.0,1.0
12,35,1.2822995797352692,6.972554540471698,1.0,0.0,0.0,0.0,0.0,0.0
13,35,0.1021136872897022,9.476938489612062,0.0,0.0,0.0,0.0,0.0,1.0
14,35,5.018976916341618,4.022544579644558,1.0,0.0,1.0,0.0,0.0,0.0
15,35,3.341482533744451,3.259359091708413,1.0,0.0,0.0,0.0,0.0,0.0
16,35,2.495196216883245,10.27608189940363,1.0,0.0,0.0,0.0,1.0,1.0
17,35,9.714435967755996,2.3196096351240487,0.0,0.0,0.0,0.0,0.0,1.0
18,35,0.0845446177690147,9.157196071127434,1.0,0.0,0.0,1.0,0.0,1.0
19,35,6.20941169940638,11.458967008909726,0.0,0.0,1.0,0.0,0.0,0.0
20,35,1.5931312533944442,4.663817944339028,0.0,0.0,1.0,0.0,0.0,1.0
21,35,9.8843892630738,4.733958862575983,0.0,0.0,1.0,0.0,1.0,0.0
22,35,5.603367730150877,12.0,1.0,1.0,1.0,0.0,0.0,0.0
23,35,8.420271715035577,1.2868872637979532,1.0,0.0,1.0,1.0,0.0,0.0
24,35,9.57172511798225,4.3540653073774,0.0,1.0,0.0,0.0,0.0,1.0
25,35,4.737905867156018,7.073346681081302,0.0,1.0,1.0,0.0,0.0,1.0
26,35,1.8195821133410623,1.1655588892966795,0.0,1.0,1.0,0.0,1.0,0.0
27,35,4.306487757058513,4.826228629030565,0.0,0.0,0.0,1.0,1.0,1.0
28,35,7.734612430311768,10.243149362347234,1.0,1.0,0.0,1.0,1.0,1.0
29,35,8.932780408163516,8.266839070104053,1.0,1.0,0.0,0.0,1.0,0.0
30,35,8.382255961531973,6.898273691001996,1.0,0.0,0.0,1.0,1.0,0.0
31,35,2.259400926483526,5.222031028657933,1.0,0.0,1.0,0.0,0.0,0.0
32,35,3.0041371204487,0.7919541174008417,0.0,0.0,0.0,0.0,0.0,0.0
33,35,7.861173413176031,8.886866407871842,1.0,1.0,0.0,0.0,1.0,0.0
34,35,11.593468308051458,3.1128477715404808,0.0,0.0,0.0,0.0,0.0,1.0
35,35,7.670521088384807,10.456247787206625,0.0,1.0,0.0,0.0,0.0,0.0
36,35,7.714236923893186,4.069948004692164,1.0,1.0,1.0,0.0,1.0,0.0
37,35,6.652118819625848,0.6452343793033423,0.0,0.0,1.0,0.0,1.0,1.0
38,35,1.39901785853902,7.278255816927606,0.0,0.0,1.0,0.0,0.0,0.0
39,35,3.630977823448663,2.920267476747342,0.0,0.0,0.0,1.0,0.0,1.0
0,40,5.604595180268443,4.4669042438701405,0.0,0.0,0.0,1.0,1.0,0.0
1,40,8.378240993489072,2.4301094466590807,0.0,1.0,1.0,0.0,0.0,0.0
2,40,3.289609781282471,7.405028796462413,1.0,0.0,1.0,1.0,1.0,1.0
3,40,12.0,8.461079368136122,1.0,1.0,0.0,0.0,0.0,0.0
4,40,10.739755065382653,0.051363538731365,0.0,1.0,0.0,0.0,0.0,0.0
5,40,9.327125990835787,9.2597199772578,0.0,1.0,1.0,0.0,1.0,0.0
6,40,5.450543737584074,6.440928147248813,0.0,1.0,0.0,0.0,1.0,0.0
7,40,11.28481132603087,12.0,0.0,0.0,0.0,0.0,1.0,1.0
8,40,0.555250583939326,1.1697560263854838,0.0,0.0,1.0,0.0,0.0,1.0
9,40,7.460805656193102,8.917701556206865,1.0,1.0,1.0,0.0,0.0,1.0
10,40,5.273930880594048,2.50888794945177,0.0,0.0,0.0,0.0,0.0,1.0
11,40,10.681439520307034,3.775839393062433,1.0,1.0,0.0,0.0,0.0,1.0
12,40,1.304754784075832,6.968934813397552,1.0,0.0,0.0,0.0,0.0,0.0
13,40,0.1133020846026034,9.417337573415454,0.0,0.0,0.0,0.0,0.0,1.0
14,40,5.050371765239745,4.0574219919559695,1.0,0.0,1.0,0.0,0.0,0.0
15,40,3.3723764785631576,3.281857656920229,1.0,0.0,0.0,0.0,0.0,0.0
16,40,2.566044130421609,10.320771083644308,1.0,0.0,0.0,0.0,1.0,1.0
17,40,9.664407570562624,2.368921309841871,0.0,0.0,0.0,0.0,0.0,1.0
18,40,0.1001662574022043,9.030881712530505,1.0,0.0,0.0,1.0,0.0,1.0
19,40,6.237605363719204,11.5190990386253,0.0,0.0,1.0,0.0,0.0,0.0
20,40,1.539276373644868,4.613814187696959,0.0,0.0,1.0,0.0,0.0,1.0
21,40,9.876962125310788,4.71711510361934,0.0,0.0,1.0,0.0,1.0,0.0
22,40,5.570050421338057,12.0,1.0,1.0,1.0,0.0,0.0,0.0
23,40,8.471279650096184,1.3262202965333358,1.0,0.0,1.0,1.0,0.0,0.0
24,40,9.517521906833856,4.402407208860871,0.0,1.0,0.0,0.0,0.0,1.0
25,40,4.740159371552938,7.072651886896952,0.0,1.0,1.0,0.0,0.0,1.0
26,40,1.8052837271479003,1.1792493888013318,0.0,1.0,1.0,0.0,1.0,0.0
27,40,4.342548171742415,4.806399766892613,0.0,0.0,0.0,1.0,1.0,1.0
28,40,7.73693136347382,10.241096762324249,1.0,1.0,0.0,1.0,1.0,1.0
29,40,8.932856206986747,8.266476795864374,1.0,1.0,0.0,0.0,1.0,0.0
30,40,8.44548569109214,6.880484085336351,1.0,0.0,0.0,1.0,1.0,0.0
31,40,2.242915173403942,5.270349892224553,1.0,0.0,1.0,0.0,0.0,0.0
32,40,3.0039962472750776,0.7695131634906783,0.0,0.0,0.0,0.0,0.0,0.0
33,40,7.836950227193415,8.86697817116363,1.0,1.0,0.0,0.0,1.0,0.0
34,40,11.56303362164737,3.1198646770602663,0.0,0.0,0.0,0.0,0.0,1.0
35,40,7.616482149750033,10.366709487262591,0.0,1.0,0.0,0.0,0.0,0.0
36,40,7.670967804566242,4.080054413274492,1.0,1.0,1.0,0.0,1.0,0.0
37,40,6.746427723176772,0.601959602618227,0.0,0.0,1.0,0.0,1.0,1.0
38,40,1.4295945647419726,7.349525814244652,0.0,0.0,1.0,0.0,0.0,0.0
39,40,3.6701954030424297,2.911782165308391,0.0,0.0,0.0,1.0,0.0,1.0
0,45,5.723177832191209,4.3592889012539535,0.0,0.0,0.0,1.0,1.0,0.0
1,45,8.398708038908039,2.453408520693251,0.0,1.0,1.0,0.0,0.0,0.0
2,45,3.315254834460581,7.439420480969845,1.0,0.0,1.0,1.0,1.0,1.0
3,45,12.0,8.533095661954345,1.0,1.0,0.0,0.0,0.0,0.0
4,45,10.73582042172821,0.0520361067117819,0.0,1.0,0.0,0.0,0.0,0.0
5,45,9.352967459908692,9.282138374781416,0.0,1.0,1.0,0.0,1.0,0.0
6,45,5.506695843231324,6.374043717581755,0.0,1.0,0.0,0.0,1.0,0.0
7,45,11.230944582378289,12.0,0.0,0.0,0.0,0.0,1.0,1.0
8,45,0.6135489400565298,1.1881229591763995,0.0,0.0,1.0,0.0,0.0,1.0
9,45,7.39579068138654,8.907203420210168,1.0,1.0,1.0,0.0,0.0,1.0
10,45,5.299130522668657,2.464497045116516,0.0,0.0,0.0,0.0,0.0,1.0
11,45,10.667474216910884,3.766866800291204,1.0,1.0,0.0,0.0,0.0,1.0
12,45,1.3430203088171422,6.963315696747158,1.0,0.0,0.0,0.0,0.0,0.0
13,45,0.1222860021893353,9.370622272107292,0.0,0.0,0.0,0.0,0.0,1.0
14,45,5.09624335021018,4.107031844649544,1.0,0.0,1.0,0.0,0.0,0.0
15,45,3.3947903388044884,3.298634597561281,1.0,0.0,0.0,0.0,0.0,0.0
16,45,2.640504878547942,10.369091082774176,1.0,0.0,0.0,0.0,1.0,1.0
17,45,9.621586380532037,2.4120112065903525,0.0,0.0,0.0,0.0,0.0,1.0
18,45,0.1171466017993107,8.902652911633494,1.0,0.0,0.0,1.0,0.0,1.0
19,45,6.258511330598194,11.566044055730266,0.0,0.0,1.0,0.0,0.0,0.0
20,45,1.4615750392000142,4.544001738342855,0.0,0.0,1.0,0.0,0.0,1.0
21,45,9.878211490184883,4.719884647176131,0.0,0.0,1.0,0.0,1.0,0.0
22,45,5.529468858160603,12.0,1.0,1.0,1.0,0.0,0.0,0.0
23,45,8.502925191868385,1.349006332453628,1.0,0.0,1.0,1.0,0.0,0.0
24,45,9.455511419127928,4.455067764176636,0.0,1.0,0.0,0.0,0.0,1.0
25,45,4.751875430245825,7.068845637059184,0.0,1.0,1.0,0.0,0.0,1.0
26,45,1.791059456093277,1.193240577231596,0.0,1.0,1.0,0.0,1.0,0.0
27,45,4.381041385283028,4.786405865332878,0.0,0.0,0.0,1.0,1.0,1.0
28,45,7.738941690838673,10.239300783941292,1.0,1.0,0.0,1.0,1.0,1.0
29,45,8.936127549652213,8.252082404766965,1.0,1.0,0.0,0.0,1.0,0.0
30,45,8.504074538575495,6.864780696502017,1.0,0.0,0.0,1.0,1.0,0.0
31,45,2.232263077788848,5.302106179528149,1.0,0.0,1.0,0.0,0.0,0.0
32,45,3.0031204559019,0.7339406821040412,0.0,0.0,0.0,0.0,0.0,0.0
33,45,7.805461984191444,8.84064068283467,1.0,1.0,0.0,0.0,1.0,0.0
34,45,11.540128240989976,3.124833416483812,0.0,0.0,0.0,0.0,0.0,1.0
35,45,7.564169993871476,10.279325079876124,0.0,1.0,0.0,0.0,0.0,0.0
36,45,7.6270639188737075,4.089129820190233,1.0,1.0,1.0,0.0,1.0,0.0
37,45,6.841878013548742,0.5606729984151518,0.0,0.0,1.0,0.0,1.0,1.0
38,45,1.4643234987899012,7.432801162931748,0.0,0.0,1.0,0.0,0.0,0.0
39,45,3.72514254177924,2.899636590666137,0.0,0.0,0.0,1.0,0.0,1.0
0,50,5.825830468420985,4.266660258227514,0.0,0.0,0.0,1.0,1.0,0.0
1,50,8.425549317647508,2.484093560850529,0.0,1.0,1.0,0.0,0.0,0.0
2,50,3.2945623531846926,7.454083256624955,1.0,0.0,1.0,1.0,1.0,1.0
3,50,12.0,8.607873476511365,1.0,1.0,0.0,0.0,0.0,0.0
4,50,10.749324768000342,0.0496752840064587,0.0,1.0,0.0,0.0,0.0,0.0
5,50,9.390382392355413,9.314722671457854,0.0,1.0,1.0,0.0,1.0,0.0
6,50,5.562319920320698,6.309124351079553,0.0,1.0,0.0,0.0,1.0,0.0
7,50,11.159088530255056,12.0,0.0,0.0,0.0,0.0,1.0,1.0
8,50,0.6872768884383609,1.2106553937408338,0.0,0.0,1.0,0.0,0.0,1.0
9,50,7.331983794458456,8.896819888603332,1.0,1.0,1.0,0.0,0.0,1.0
10,50,5.312818670524647,2.4406687292241527,0.0,0.0,0.0,0.0,0.0,1.0
11,50,10.65290281647019,3.757799208526561,1.0,1.0,0.0,0.0,0.0,1.0
12,50,1.383977021051205,6.95755506427508,1.0,0.0,0.0,0.0,0.0,0.0
13,50,0.1311016554423775,9.327582147183774,0.0,0.0,0.0,0.0,0.0,1.0
14,50,5.147752984387238,4.164981596770595,1.0,0.0,1.0,0.0,0.0,0.0
15,50,3.4329643733087694,3.326506674858713,1.0,0.0,0.0,0.0,0.0,0.0
16,50,2.742492393206577,10.43237297352676,1.0,0.0,0.0,0.0,1.0,1.0
17,50,9.574262120101723,2.4593113849399018,0.0,0.0,0.0,0.0,0.0,1.0
18,50,0.1351729947332141,8.754852289822594,1.0,0.0,0.0,1.0,0.0,1.0
19,50,6.280858014144951,11.614777039990598,0.0,0.0,1.0,0.0,0.0,0.0
20,50,1.3819486870680906,4.471048067399684,0.0,0.0,1.0,0.0,0.0,1.0
21,50,9.8850427249919,4.73522598164383,0.0,0.0,1.0,0.0,1.0,0.0
22,50,5.4943927799505445,12.0,1.0,1.0,1.0,0.0,0.0,0.0
23,50,8.541205376647802,1.376786955473752,1.0,0.0,1.0,1.0,0.0,0.0
24,50,9.389123542671935,4.509373942925813,0.0,1.0,0.0,0.0,0.0,1.0
25,50,4.767965859321896,7.063477882686497,0.0,1.0,1.0,0.0,0.0,1.0
26,50,1.7773509573960968,1.2065504637804456,0.0,1.0,1.0,0.0,1.0,0.0
27,50,4.40739899062752,4.772797479793748,0.0,0.0,0.0,1.0,1.0,1.0
28,50,7.729384820549512,10.247548133272783,1.0,1.0,0.0,1.0,1.0,1.0
29,50,8.938994538531775,8.23726548477287,1.0,1.0,0.0,0.0,1.0,0.0
30,50,8.571919796134736,6.845349310155708,1.0,0.0,0.0,1.0,1.0,0.0
31,50,2.2175156986506286,5.3466969773578095,1.0,0.0,1.0,0.0,0.0,0.0
32,50,3.0018306384306155,0.685474208294227,0.0,0.0,0.0,0.0,0.0,0.0
33,50,7.8045750827780305,8.839880958169514,1.0,1.0,0.0,0.0,1.0,0.0
34,50,11.515038621392875,3.129825865155727,0.0,0.0,0.0,0.0,0.0,1.0
35,50,7.503786633925543,10.178913316158296,0.0,1.0,0.0,0.0,0.0,0.0
36,50,7.572875573524433,4.1010233420810245,1.0,1.0,1.0,0.0,1.0,0.0
37,50,6.95722395056074,0.5141108237889426,0.0,0.0,1.0,0.0,1.0,1.0
38,50,1.4931478901176838,7.508821864928136,0.0,0.0,1.0,0.0,0.0,0.0
39,50,3.8020237814868345,2.883755410367364,0.0,0.0,0.0,1.0,0.0,1.0
0,55,5.925256709535087,4.176648421941605,0.0,0.0,0.0,1.0,1.0,0.0
1,55,8.433891816204728,2.492967395730815,0.0,1.0,1.0,0.0,0.0,0.0
2,55,3.266800240874061,7.472742453147636,1.0,0.0,1.0,1.0,1.0,1.0
3,55,12.0,8.69904266057895,1.0,1.0,0.0,0.0,0.0,0.0
4,55,10.746043635395932,0.0503551335175124,0.0,1.0,0.0,0.0,0.0,0.0
5,55,9.42114789574126,9.340892618369516,0.0,1.0,1.0,0.0,1.0,0.0
6,55,5.61476666561888,6.247893847317691,0.0,1.0,0.0,0.0,1.0,0.0
7,55,11.066346226572806,12.0,0.0,0.0,0.0,0.0,1.0,1.0
8,55,0.7495783977320424,1.2293498379526155,0.0,0.0,1.0,0.0,0.0,1.0
9,55,7.269585254267014,8.886424141493013,1.0,1.0,1.0,0.0,0.0,1.0
10,55,5.329593386043404,2.409987823262748,0.0,0.0,0.0,0.0,0.0,1.0
11,55,10.635234288430592,3.746928184307924,1.0,1.0,0.0,0.0,0.0,1.0
12,55,1.4093263193172936,6.954472691820815,1.0,0.0,0.0,0.0,0.0,0.0
13,55,0.1440487510602853,9.26922481811315,0.0,0.0,0.0,0.0,0.0,1.0
14,55,5.195556446231363,4.214663919581525,1.0,0.0,1.0,0.0,0.0,0.0
15,55,3.48034200205825,3.3611059216710744,1.0,0.0,0.0,0.0,0.0,0.0
16,55,2.8234015627613545,10.48047797166951,1.0,0.0,0.0,0.0,1.0,1.0
17,55,9.522154460482293,2.409740056123006,0.0,0.0,0.0,0.0,0.0,1.0
18,55,0.1558015743244022,8.617344865417984,1.0,0.0,0.0,1.0,0.0,1.0
19,55,6.302954809937213,11.666243228505412,0.0,0.0,1.0,0.0,0.0,0.0
20,55,1.3084237110950665,4.403596904175485,0.0,0.0,1.0,0.0,0.0,1.0
21,55,9.899356960881958,4.768201038913991,0.0,0.0,1.0,0.0,1.0,0.0
22,55,5.465145919893153,11.968618733712225,1.0,1.0,1.0,0.0,0.0,0.0
23,55,8.579706494228251,1.4061351791855885,1.0,0.0,1.0,1.0,0.0,0.0
24,55,9.32249603494323,4.564203116671266,0.0,1.0,0.0,0.0,0.0,1.0
25,55,4.785559043088394,7.058172680994094,0.0,1.0,1.0,0.0,0.0,1.0
26,55,1.7702039565818994,1.213617828536699,0.0,1.0,1.0,0.0,1.0,0.0
27,55,4.399935020830026,4.7584485533642695,0.0,0.0,0.0,1.0,1.0,1.0
28,55,7.698738028435158,10.274460312732192,1.0,1.0,0.0,1.0,1.0,1.0
29,55,8.940873635251117,8.226541140272056,1.0,1.0,0.0,0.0,1.0,0.0
30,55,8.64543638827838,6.824140198945012,1.0,0.0,0.0,1.0,1.0,0.0
31,55,2.2022684792277087,5.391100932276261,1.0,0.0,1.0,0.0,0.0,0.0
32,55,3.000704463489825,0.6532662623136516,0.0,0.0,0.0,0.0,0.0,0.0
33,55,7.80761468305228,8.842528989267405,1.0,1.0,0.0,0.0,1.0,0.0
34,55,11.469950789712229,3.138831858085055,0.0,0.0,0.0,0.0,0.0,1.0
35,55,7.439907950590561,10.06757903303494,0.0,1.0,0.0,0.0,0.0,0.0
36,55,7.537710633166865,4.108235267714819,1.0,1.0,1.0,0.0,1.0,0.0
37,55,7.062641566780804,0.4729476874598887,0.0,0.0,1.0,0.0,1.0,1.0
38,55,1.521652058579324,7.585488226110487,0.0,0.0,1.0,0.0,0.0,0.0
39,55,3.864189765167039,2.8700887618651847,0.0,0.0,0.0,1.0,0.0,1.0
0,60,6.0430740529011855,4.075105848149632,0.0,0.0,0.0,1.0,1.0,0.0
1,60,8.437402219939209,2.4969245814839445,0.0,1.0,1.0,0.0,0.0,0.0
2,60,3.2363622054152263,7.493753304610159,1.0,0.0,1.0,1.0,1.0,1.0
3,60,12.0,8.79497232840686,1.0,1.0,0.0,0.0,0.0,0.0
4,60,10.74933983787966,0.0497633153222906,0.0,1.0,0.0,0.0,0.0,0.0
5,60,9.460834650934515,9.374790546542496,0.0,1.0,1.0,0.0,1.0,0.0
6,60,5.643793160428944,6.2108101121584784,0.0,1.0,0.0,0.0,1.0,0.0
7,60,10.970431905849992,12.0,0.0,0.0,0.0,0.0,1.0,1.0
8,60,0.8218173998667125,1.2510022478667169,0.0,0.0,1.0,0.0,0.0,1.0
9,60,7.206517846705898,8.875737486821505,1.0,1.0,1.0,0.0,0.0,1.0
10,60,5.353885930552796,2.3648424287260528,0.0,0.0,0.0,0.0,0.0,1.0
11,60,10.596438778125115,3.72244371313673,1.0,1.0,0.0,0.0,0.0,1.0
12,60,1.423356215106196,6.952730186298544,1.0,0.0,0.0,0.0,0.0,0.0
13,60,0.1555752537582665,9.216805123064074,0.0,0.0,0.0,0.0,0.0,1.0
14,60,5.253955073914657,4.273762000518068,1.0,0.0,1.0,0.0,0.0,0.0
15,60,3.5345854805774604,3.3984599628597487,1.0,0.0,0.0,0.0,0.0,0.0
16,60,2.896347391419447,10.52227557181248,1.0,0.0,0.0,0.0,1.0,1.0
17,60,9.480153638907586,2.369125732489443,0.0,0.0,0.0,0.0,0.0,1.0
18,60,0.1751996131743353,8.48877523332077,1.0,0.0,0.0,1.0,0.0,1.0
19,60,6.313682514015189,11.693136938648207,0.0,0.0,1.0,0.0,0.0,0.0
20,60,1.2208095626871327,4.323237577622302,0.0,0.0,1.0,0.0,0.0,1.0
21,60,9.905276874234142,4.781679148112475,0.0,0.0,1.0,0.0,1.0,0.0
22,60,5.442529088124749,11.945171004978045,1.0,1.0,1.0,0.0,0.0,0.0
23,60,8.61310240123046,1.4305583356147795,1.0,0.0,1.0,1.0,0.0,0.0
24,60,9.263034625885672,4.614992617060716,0.0,1.0,0.0,0.0,0.0,1.0
25,60,4.813638103101739,7.04930251605256,0.0,1.0,1.0,0.0,0.0,1.0
26,60,1.76090877533721,1.2225732670521934,0.0,1.0,1.0,0.0,1.0,0.0
27,60,4.398012853761462,4.75478245670455,0.0,0.0,0.0,1.0,1.0,1.0
28,60,7.667650717221211,10.301870726211702,1.0,1.0,0.0,1.0,1.0,1.0
29,60,8.942384589647059,8.21811715623131,1.0,1.0,0.0,0.0,1.0,0.0
30,60,8.729315050691904,6.798587581991872,1.0,0.0,0.0,1.0,1.0,0.0
31,60,2.1907306221154568,5.424449699654605,1.0,0.0,1.0,0.0,0.0,0.0
32,60,2.999640267972315,0.6296703485591273,0.0,0.0,0.0,0.0,0.0,0.0
33,60,7.814201781974106,8.848337706368886,1.0,1.0,0.0,0.0,1.0,0.0
34,60,11.431662652366578,3.145941100028033,0.0,0.0,0.0,0.0,0.0,1.0
35,60,7.368443558629552,9.939847696810473,0.0,1.0,0.0,0.0,0.0,0.0
36,60,7.490101897641117,4.11568460075744,1.0,1.0,1.0,0.0,1.0,0.0
37,60,7.1758346923258935,0.4323568214908235,0.0,0.0,1.0,0.0,1.0,1.0
38,60,1.5518728471901988,7.672214524777348,0.0,0.0,1.0,0.0,0.0,0.0
39,60,3.899796748274936,2.8611297759375547,0.0,0.0,0.0,1.0,0.0,1.0
0,65,6.1688930294591815,3.964535365972656,0.0,0.0,0.0,1.0,1.0,0.0
1,65,8.452251747060142,2.513176186943607,0.0,1.0,1.0,0.0,0.0,0.0
2,65,3.198481502244632,7.520091095519815,1.0,0.0,1.0,1.0,1.0,1.0
3,65,12.0,8.87404901184727,1.0,1.0,0.0,0.0,0.0,0.0
4,65,10.753236858985469,0.0490538088102105,0.0,1.0,0.0,0.0,0.0,0.0
5,65,9.501084363683583,9.408821154972042,0.0,1.0,1.0,0.0,1.0,0.0
6,65,5.671843809429157,6.172365947364031,0.0,1.0,0.0,0.0,1.0,0.0
7,65,10.863096355936438,12.0,0.0,0.0,0.0,0.0,1.0,1.0
8,65,0.9093696945028794,1.2779764155081403,0.0,0.0,1.0,0.0,0.0,1.0
9,65,7.135913464588669,8.864864039514767,1.0,1.0,1.0,0.0,0.0,1.0
10,65,5.3775517494222,2.3208057081710134,0.0,0.0,0.0,0.0,0.0,1.0
11,65,10.569710476978594,3.705806144375269,1.0,1.0,0.0,0.0,0.0,1.0
12,65,1.4277200906247054,6.952246300143387,1.0,0.0,0.0,0.0,0.0,0.0
13,65,0.1660603532817725,9.179483101845635,0.0,0.0,0.0,0.0,0.0,1.0
14,65,5.320476064673448,4.343980754228013,1.0,0.0,1.0,0.0,0.0,0.0
15,65,3.60710545679705,3.449154951508798,1.0,0.0,0.0,0.0,0.0,0.0
16,65,2.987808201322548,10.573035588966675,1.0,0.0,0.0,0.0,1.0,1.0
17,65,9.43567064710352,2.321952210755052,0.0,0.0,0.0,0.0,0.0,1.0
18,65,0.1912857530872153,8.375890876717813,1.0,0.0,0.0,1.0,0.0,1.0
19,65,6.317372038958883,11.702226815302446,0.0,0.0,1.0,0.0,0.0,0.0
20,65,1.1442000337594818,4.257668026097211,0.0,0.0,1.0,0.0,0.0,1.0
21,65,9.911463174828638,4.795767146900694,0.0,0.0,1.0,0.0,1.0,0.0
22,65,5.412136880862151,11.913644914022454,1.0,1.0,1.0,0.0,0.0,0.0
23,65,8.665671969884476,1.4665507537010487,1.0,0.0,1.0,1.0,0.0,0.0
24,65,9.203331804496994,4.667864145998424,0.0,1.0,0.0,0.0,0.0,1.0
25,65,4.85287308346461,7.036973514266355,0.0,1.0,1.0,0.0,0.0,1.0
26,65,1.7386595490354553,1.2433872010606613,0.0,1.0,1.0,0.0,1.0,0.0
27,65,4.39414334713744,4.74767911583331,0.0,0.0,0.0,1.0,1.0,1.0
28,65,7.618153017179064,10.34710274007798,1.0,1.0,0.0,1.0,1.0,1.0
29,65,8.939741256423055,8.232956650563558,1.0,1.0,0.0,0.0,1.0,0.0
30,65,8.808683965478167,6.77569068704174,1.0,0.0,0.0,1.0,1.0,0.0
31,65,2.178026642494949,5.460742276668113,1.0,0.0,1.0,0.0,0.0,0.0
32,65,2.9989618668715403,0.6116917357631174,0.0,0.0,0.0,0.0,0.0,0.0
33,65,7.829700341608292,8.862188902482881,1.0,1.0,0.0,0.0,1.0,0.0
34,65,11.406766799186334,3.150471310324272,0.0,0.0,0.0,0.0,0.0,1.0
35,65,7.295765652210046,9.79513752397435,0.0,1.0,0.0,0.0,0.0,0.0
36,65,7.444588793337511,4.122712031534356,1.0,1.0,1.0,0.0,1.0,0.0
37,65,7.292206039005209,0.3927493773020786,0.0,0.0,1.0,0.0,1.0,1.0
38,65,1.577969850817355,7.7470760848366,0.0,0.0,1.0,0.0,0.0,0.0
39,65,3.915591701609992,2.8569577235888364,0.0,0.0,0.0,1.0,0.0,1.0
0,70,6.304942506484058,3.838642007708079,0.0,0.0,0.0,1.0,1.0,0.0
1,70,8.46025786976141,2.522073424181555,0.0,1.0,1.0,0.0,0.0,0.0
2,70,3.1631447754346405,7.5454348800283375,1.0,0.0,1.0,1.0,1.0,1.0
3,70,12.0,8.946484188734102,1.0,1.0,0.0,0.0,0.0,0.0
4,70,10.76033424293398,0.0477278741912207,0.0,1.0,0.0,0.0,0.0,0.0
5,70,9.456632187234556,9.459854933013265,0.0,1.0,1.0,0.0,1.0,0.0
6,70,5.718173872878764,6.10564688033005,0.0,1.0,0.0,0.0,1.0,0.0
7,70,10.746968247637868,12.0,0.0,0.0,0.0,0.0,1.0,1.0
8,70,1.0115039305422278,1.3083918729807231,0.0,0.0,1.0,0.0,0.0,1.0
9,70,7.085444555192298,8.857290791367062,1.0,1.0,1.0,0.0,0.0,1.0
10,70,5.398667597204556,2.278389816662219,0.0,0.0,0.0,0.0,0.0,1.0
11,70,10.530213013788082,3.6818792135128047,1.0,1.0,0.0,0.0,0.0,1.0
12,70,1.432954437869931,6.951694946253832,1.0,0.0,0.0,0.0,0.0,0.0
13,70,0.1743409840041893,9.150078704346036,0.0,0.0,0.0,0.0,0.0,1.0
14,70,5.383121989670819,4.405977316020485,1.0,0.0,1.0,0.0,0.0,0.0
15,70,3.694181745794884,3.5076528049727345,1.0,0.0,0.0,0.0,0.0,0.0
16,70,3.06845962320638,10.61408018400242,1.0,0.0,0.0,0.0,1.0,1.0
17,70,9.402662529919208,2.286074149227341,0.0,0.0,0.0,0.0,0.0,1.0
18,70,0.2042243913690981,8.278827002481801,1.0,0.0,0.0,1.0,0.0,1.0
19,70,6.315113628932746,11.696241448144049,0.0,0.0,1.0,0.0,0.0,0.0
20,70,1.0753131123951802,4.1968014068356,0.0,0.0,1.0,0.0,0.0,1.0
21,70,9.914645870638449,4.803372812278722,0.0,0.0,1.0,0.0,1.0,0.0
22,70,5.3894074327844805,11.890120553951585,1.0,1.0,1.0,0.0,0.0,0.0
23,70,8.721885653116162,1.5043303605660403,1.0,0.0,1.0,1.0,0.0,0.0
24,70,9.14912989716862,4.717813867792734,0.0,1.0,0.0,0.0,0.0,1.0
25,70,4.875187131582558,7.0300880791960205,0.0,1.0,1.0,0.0,0.0,1.0
26,70,1.714147633944435,1.2681225690332447,0.0,1.0,1.0,0.0,1.0,0.0
27,70,4.392626183382084,4.74500199791727,0.0,0.0,0.0,1.0,1.0,1.0
28,70,7.572379641084082,10.38921838450695,1.0,1.0,0.0,1.0,1.0,1.0
29,70,8.935246809800118,8.259227960500274,1.0,1.0,0.0,0.0,1.0,0.0
30,70,8.90204899453617,6.751293391398873,1.0,0.0,0.0,1.0,1.0,0.0
31,70,2.169685683513818,5.4838207908514605,1.0,0.0,1.0,0.0,0.0,0.0
32,70,2.9984808765365,0.5966523632708033,0.0,0.0,0.0,0.0,0.0,0.0
33,70,7.843514920225075,8.874676465264558,1.0,1.0,0.0,0.0,1.0,0.0
34,70,11.389577892712992,3.1537797708761754,0.0,0.0,0.0,0.0,0.0,1.0
35,70,7.221788648241475,9.656652387684634,0.0,1.0,0.0,0.0,0.0,0.0
36,70,7.3995907814565,4.128219233789239,1.0,1.0,1.0,0.0,1.0,0.0
37,70,7.413538834947862,0.3515268243298721,0.0,0.0,1.0,0.0,1.0,1.0
38,70,1.6091520950565064,7.838548175993605,0.0,0.0,1.0,0.0,0.0,0.0
39,70,3.941873752205603,2.849928996815616,0.0,0.0,0.0,1.0,0.0,1.0
0,75,6.446029871664331,3.706956611172141,0.0,0.0,0.0,1.0,1.0,0.0
1,75,8.469816878031049,2.5326017673132477,0.0,1.0,1.0,0.0,0.0,0.0
2,75,3.1350168530791125,7.56504767026296,1.0,0.0,1.0,1.0,1.0,1.0
3,75,12.0,9.02005205217048,1.0,1.0,0.0,0.0,0.0,0.0
4,75,10.753202526060733,0.0492714627946734,0.0,1.0,0.0,0.0,0.0,0.0
5,75,9.409187452348492,9.512427948230217,0.0,1.0,1.0,0.0,1.0,0.0
6,75,5.763629704480467,6.038701213182435,0.0,1.0,0.0,0.0,1.0,0.0
7,75,10.628351696375413,12.0,0.0,0.0,0.0,0.0,1.0,1.0
8,75,1.1186848607074489,1.3391368062067828,0.0,0.0,1.0,0.0,0.0,1.0
9,75,7.027509449578761,8.84850870033548,1.0,1.0,1.0,0.0,0.0,1.0
10,75,5.377839343054484,2.267910962621272,0.0,0.0,0.0,0.0,0.0,1.0
11,75,10.486780098724632,3.65469915148234,1.0,1.0,0.0,0.0,0.0,1.0
12,75,1.4736361984186226,6.94762138937303,1.0,0.0,0.0,0.0,0.0,0.0
13,75,0.1856443218781847,9.11360236580892,0.0,0.0,0.0,0.0,0.0,1.0
14,75,5.440459011898429,4.460141198968835,1.0,0.0,1.0,0.0,0.0,0.0
15,75,3.7757234848801473,3.5581510959387503,1.0,0.0,0.0,0.0,0.0,0.0
16,75,3.1300666504974823,10.643197013710983,1.0,0.0,0.0,0.0,1.0,1.0
17,75,9.362490897922374,2.2410154011743626,0.0,0.0,0.0,0.0,0.0,1.0
18,75,0.2146715813025168,8.185121787011846,1.0,0.0,0.0,1.0,0.0,1.0
19,75,6.31800783509055,11.703914445828918,0.0,0.0,1.0,0.0,0.0,0.0
20,75,0.9962989804626752,4.124081708132538,0.0,0.0,1.0,0.0,0.0,1.0
21,75,9.919731142665407,4.815313399583945,0.0,0.0,1.0,0.0,1.0,0.0
22,75,5.348013573561345,11.849312189075174,1.0,1.0,1.0,0.0,0.0,0.0
23,75,8.772152877586638,1.538714002798977,1.0,0.0,1.0,1.0,0.0,0.0
24,75,9.092833678315626,4.771217652111508,0.0,1.0,0.0,0.0,0.0,1.0
25,75,4.8593228296734,7.0349382860216565,0.0,1.0,1.0,0.0,0.0,1.0
26,75,1.6663400695305857,1.3133694375862994,0.0,1.0,1.0,0.0,1.0,0.0
27,75,4.390536928733707,4.741205784851521,0.0,0.0,0.0,1.0,1.0,1.0
28,75,7.512171600779229,10.445870500885595,1.0,1.0,0.0,1.0,1.0,1.0
29,75,8.933854019549365,8.26708985481087,1.0,1.0,0.0,0.0,1.0,0.0
30,75,9.009273950157182,6.720795541117572,1.0,0.0,0.0,1.0,1.0,0.0
31,75,2.164786859927259,5.497409762094439,1.0,0.0,1.0,0.0,0.0,0.0
32,75,2.997690406014972,0.5811833401523624,0.0,0.0,0.0,0.0,0.0,0.0
33,75,7.849992713280335,8.88046922586965,1.0,1.0,0.0,0.0,1.0,0.0
34,75,11.363794754304235,3.1587151103508657,0.0,0.0,0.0,0.0,0.0,1.0
35,75,7.142887822331787,9.514292701417745,0.0,1.0,0.0,0.0,0.0,0.0
36,75,7.365511434361972,4.133343887490263,1.0,1.0,1.0,0.0,1.0,0.0
37,75,7.537507012409122,0.3041025893075323,0.0,0.0,1.0,0.0,1.0,1.0
38,75,1.6347605079851866,7.910325684429337,0.0,0.0,1.0,0.0,0.0,0.0
39,75,3.977138566185944,2.83991334795815,0.0,0.0,0.0,1.0,0.0,1.0
0,80,6.59867068657756,3.564039182394322,0.0,0.0,0.0,1.0,1.0,0.0
1,80,8.479974363782826,2.5439728099481664,0.0,1.0,1.0,0.0,0.0,0.0
2,80,3.124527754835124,7.572519919956196,1.0,0.0,1.0,1.0,1.0,1.0
3,80,12.0,9.078995301231842,1.0,1.0,0.0,0.0,0.0,0.0
4,80,10.748762507806426,0.0502537450629398,0.0,1.0,0.0,0.0,0.0,0.0
5,80,9.353505528486115,9.57058987157228,0.0,1.0,1.0,0.0,1.0,0.0
6,80,5.811335518227136,5.9598842603630535,0.0,1.0,0.0,0.0,1.0,0.0
7,80,10.52277443370988,12.0,0.0,0.0,0.0,0.0,1.0,1.0
8,80,1.237308017427187,1.3706620634373357,0.0,0.0,1.0,0.0,0.0,1.0
9,80,6.966030636971947,8.83986768261863,1.0,1.0,1.0,0.0,0.0,1.0
10,80,5.345900606893952,2.2514653319101923,0.0,0.0,0.0,0.0,0.0,1.0
11,80,10.449319695967947,3.629376964549734,1.0,1.0,0.0,0.0,0.0,1.0
12,80,1.5272259957368552,6.942728124455867,1.0,0.0,0.0,0.0,0.0,0.0
13,80,0.1932518265779641,9.08801073082192,0.0,0.0,0.0,0.0,0.0,1.0
14,80,5.50784155608417,4.522695156358923,1.0,0.0,1.0,0.0,0.0,0.0
15,80,3.860002896890887,3.612751110293514,1.0,0.0,0.0,0.0,0.0,0.0
16,80,3.1896391849796024,10.671061075052704,1.0,0.0,0.0,0.0,1.0,1.0
17,80,9.321466341875968,2.1925090269733096,0.0,0.0,0.0,0.0,0.0,1.0
18,80,0.2283748770427003,8.076876067255393,1.0,0.0,0.0,1.0,0.0,1.0
19,80,6.319291863186489,11.707225755909512,0.0,0.0,1.0,0.0,0.0,0.0
20,80,0.9274542892214328,4.065573606378879,0.0,0.0,1.0,0.0,0.0,1.0
21,80,9.929525560156357,4.8403118912419885,0.0,0.0,1.0,0.0,1.0,0.0
22,80,5.309918345222409,11.810587234827482,1.0,1.0,1.0,0.0,0.0,0.0
23,80,8.814904425533552,1.5705644943517103,1.0,0.0,1.0,1.0,0.0,0.0
24,80,9.046013000693549,4.812896082642494,0.0,1.0,0.0,0.0,0.0,1.0
25,80,4.836086923539893,7.042616392694825,0.0,1.0,1.0,0.0,0.0,1.0
26,80,1.6185013806496846,1.3583796786577156,0.0,1.0,1.0,0.0,1.0,0.0
27,80,4.38246552608717,4.726473415246602,0.0,0.0,0.0,1.0,1.0,1.0
28,80,7.458775715913009,10.498340878145012,1.0,1.0,0.0,1.0,1.0,1.0
29,80,8.92661235784271,8.31007352323471,1.0,1.0,0.0,0.0,1.0,0.0
30,80,9.137005551102634,6.6820647704501175,1.0,0.0,0.0,1.0,1.0,0.0
31,80,2.154443641670729,5.5267654453631945,1.0,0.0,1.0,0.0,0.0,0.0
32,80,2.996026131452566,0.5555749580977859,0.0,0.0,0.0,0.0,0.0,0.0
33,80,7.861724041452399,8.890902701141128,1.0,1.0,0.0,0.0,1.0,0.0
34,80,11.328858730282953,3.1660253053636085,0.0,0.0,0.0,0.0,0.0,1.0
35,80,7.072679238630139,9.387652342450886,0.0,1.0,0.0,0.0,0.0,0.0
36,80,7.292565147910495,4.143952737625534,1.0,1.0,1.0,0.0,1.0,0.0
37,80,7.643664067869215,0.2616601460996847,0.0,0.0,1.0,0.0,1.0,1.0
38,80,1.664100470242013,7.98996436226652,0.0,0.0,1.0,0.0,0.0,0.0
39,80,4.0264775230667,2.825458499764057,0.0,0.0,0.0,1.0,0.0,1.0
0,85,6.736280697569304,3.432657400226121,0.0,0.0,0.0,1.0,1.0,0.0
1,85,8.486425598790703,2.550829619816579,0.0,1.0,1.0,0.0,0.0,0.0
2,85,3.12394783252066,7.571738382546078,1.0,0.0,1.0,1.0,1.0,1.0
3,85,12.0,9.122203650998594,1.0,1.0,0.0,0.0,0.0,0.0
4,85,10.72790692010421,0.0552118752147943,0.0,1.0,0.0,0.0,0.0,0.0
5,85,9.30313935799012,9.623483843692478,0.0,1.0,1.0,0.0,1.0,0.0
6,85,5.86067056491048,5.875813700906493,0.0,1.0,0.0,0.0,1.0,0.0
7,85,10.418604942132175,12.0,0.0,0.0,0.0,0.0,1.0,1.0
8,85,1.3271349200834932,1.3932639640521003,0.0,0.0,1.0,0.0,0.0,1.0
9,85,6.913862176709363,8.833271461545294,1.0,1.0,1.0,0.0,0.0,1.0
10,85,5.285798147411245,2.221974515876977,0.0,0.0,0.0,0.0,0.0,1.0
11,85,10.414588075206783,3.607192718219672,1.0,1.0,0.0,0.0,0.0,1.0
12,85,1.5859727014543288,6.937289477037399,1.0,0.0,0.0,0.0,0.0,0.0
13,85,0.1958552406016723,9.078373073052225,0.0,0.0,0.0,0.0,0.0,1.0
14,85,5.574070906303325,4.584234398058203,1.0,0.0,1.0,0.0,0.0,0.0
15,85,3.927718442745227,3.6566547681632935,1.0,0.0,0.0,0.0,0.0,0.0
16,85,3.250563385886156,10.70050255239472,1.0,0.0,0.0,0.0,1.0,1.0
17,85,9.273150446084262,2.1351970649020364,0.0,0.0,0.0,0.0,0.0,1.0
18,85,0.2393743905435993,7.968673497323032,1.0,0.0,0.0,1.0,0.0,1.0
19,85,6.314104903696267,11.693100439026798,0.0,0.0,1.0,0.0,0.0,0.0
20,85,0.8686718288121241,4.015699567901188,0.0,0.0,1.0,0.0,0.0,1.0
21,85,9.934029594768337,4.850996131076363,0.0,0.0,1.0,0.0,1.0,0.0
22,85,5.276962528174126,11.77631607220563,1.0,1.0,1.0,0.0,0.0,0.0
23,85,8.853658430168215,1.597744590788713,1.0,0.0,1.0,1.0,0.0,0.0
24,85,9.002019649096107,4.853531615971376,0.0,1.0,0.0,0.0,0.0,1.0
25,85,4.802733712026988,7.053605329148431,0.0,1.0,1.0,0.0,0.0,1.0
26,85,1.6550512325300804,1.396599422059175,0.0,1.0,1.0,0.0,1.0,0.0
27,85,4.367282244743024,4.69969437501196,0.0,0.0,0.0,1.0,1.0,1.0
28,85,7.4174474263261105,10.539113477236542,1.0,1.0,0.0,1.0,1.0,1.0
29,85,8.917126951498908,8.367776215274688,1.0,1.0,0.0,0.0,1.0,0.0
30,85,9.251295589747269,6.64813323365355,1.0,0.0,0.0,1.0,1.0,0.0
31,85,2.152683635269391,5.53177777289193,1.0,0.0,1.0,0.0,0.0,0.0
32,85,2.9925483575320424,0.5150988041923074,0.0,0.0,0.0,0.0,0.0,0.0
33,85,7.888278672093809,8.915209750275611,1.0,1.0,0.0,0.0,1.0,0.0
34,85,11.296193019193868,3.1727567212033474,0.0,0.0,0.0,0.0,0.0,1.0
35,85,7.009479137794297,9.27160928609633,0.0,1.0,0.0,0.0,0.0,0.0
36,85,7.218082387000204,4.153805131292274,1.0,1.0,1.0,0.0,1.0,0.0
37,85,7.7315395975304115,0.2269035038581701,0.0,0.0,1.0,0.0,1.0,1.0
38,85,1.6986894831739732,8.089676820357347,0.0,0.0,1.0,0.0,0.0,0.0
39,85,4.109677505538114,2.8032661886641725,0.0,0.0,0.0,1.0,0.0,1.0
0,90,6.842073536673857,3.3332019183314414,0.0,0.0,0.0,1.0,1.0,0.0
1,90,8.497694665691645,2.5631732293237386,0.0,1.0,1.0,0.0,0.0,0.0
2,90,3.118713451688734,7.564659194488407,1.0,0.0,1.0,1.0,1.0,1.0
3,90,12.0,9.172168645575576,1.0,1.0,0.0,0.0,0.0,0.0
4,90,10.687878308738664,0.0641325667267663,0.0,1.0,0.0,0.0,0.0,0.0
5,90,9.26090868547419,9.669732043498088,0.0,1.0,1.0,0.0,1.0,0.0
6,90,5.915013580921911,5.7854355419237,0.0,1.0,0.0,0.0,1.0,0.0
7,90,10.340856397249404,12.0,0.0,0.0,0.0,0.0,1.0,1.0
8,90,1.4266800276759872,1.4147782480539,0.0,0.0,1.0,0.0,0.0,1.0
9,90,6.871482535893793,8.827509762218236,1.0,1.0,1.0,0.0,0.0,1.0
10,90,5.232138885419166,2.197435234078286,0.0,0.0,0.0,0.0,0.0,1.0
11,90,10.380996049043912,3.587098771688285,1.0,1.0,0.0,0.0,0.0,1.0
12,90,1.6387109760963725,6.930637192092838,1.0,0.0,0.0,0.0,0.0,0.0
13,90,0.203728200525357,9.048800511527078,0.0,0.0,0.0,0.0,0.0,1.0
14,90,5.649273662690669,4.655532275104415,1.0,0.0,1.0,0.0,0.0,0.0
15,90,4.010324740001698,3.7117786733625024,1.0,0.0,0.0,0.0,0.0,0.0
16,90,3.3229919720075585,10.734874055873965,1.0,0.0,0.0,0.0,1.0,1.0
17,90,9.231146581169355,2.085059542096977,0.0,0.0,0.0,0.0,0.0,1.0
18,90,0.2479164269008718,7.8680306231731745,1.0,0.0,0.0,1.0,0.0,1.0
19,90,6.305910152584564,11.6703015900369,0.0,0.0,1.0,0.0,0.0,0.0
20,90,0.8054562701011114,3.9637982767467226,0.0,0.0,1.0,0.0,0.0,1.0
21,90,9.929280040516662,4.839409491668024,0.0,0.0,1.0,0.0,1.0,0.0
22,90,5.251381724393671,11.749258110132706,1.0,1.0,1.0,0.0,0.0,0.0
23,90,8.888821773139501,1.6233195376144312,1.0,0.0,1.0,1.0,0.0,0.0
24,90,8.942452652083539,4.907124351676608,0.0,1.0,0.0,0.0,0.0,1.0
25,90,4.789708795206772,7.057788377868047,0.0,1.0,1.0,0.0,0.0,1.0
26,90,1.7050894955069038,1.4513163030759526,0.0,1.0,1.0,0.0,1.0,0.0
27,90,4.355995686732699,4.681100089429644,0.0,0.0,0.0,1.0,1.0,1.0
28,90,7.385504753377909,10.571584379905955,1.0,1.0,0.0,1.0,1.0,1.0
29,90,8.903834166205913,8.448168472272132,1.0,1.0,0.0,0.0,1.0,0.0
30,90,9.366623495968032,6.617073752954276,1.0,0.0,0.0,1.0,1.0,0.0
31,90,2.148970963453524,5.541938005049384,1.0,0.0,1.0,0.0,0.0,0.0
32,90,2.9897005028957206,0.4790374697907875,0.0,0.0,0.0,0.0,0.0,0.0
33,90,7.900784697954121,8.926441055192967,1.0,1.0,0.0,0.0,1.0,0.0
34,90,11.272804203146348,3.177739181204154,0.0,0.0,0.0,0.0,0.0,1.0
35,90,6.949656530104148,9.15259930019221,0.0,1.0,0.0,0.0,0.0,0.0
36,90,7.1645916707365975,4.159701167316845,1.0,1.0,1.0,0.0,1.0,0.0
37,90,7.81501253940912,0.1942551295022027,0.0,0.0,1.0,0.0,1.0,1.0
38,90,1.7279131822953684,8.172910618582637,0.0,0.0,1.0,0.0,0.0,0.0
39,90,4.188601586353735,2.7819295212971773,0.0,0.0,0.0,1.0,0.0,1.0
0,95,6.947148707294199,3.2321602831666416,0.0,0.0,0.0,1.0,1.0,0.0
1,95,8.510382668606361,2.576522154051222,0.0,1.0,1.0,0.0,0.0,0.0
2,95,3.1121716743614245,7.555560437101693,1.0,0.0,1.0,1.0,1.0,1.0
3,95,12.0,9.241035294432862,1.0,1.0,0.0,0.0,0.0,0.0
4,95,10.630379416582617,0.0750921741885706,0.0,1.0,0.0,0.0,0.0,0.0
5,95,9.223898038304432,9.710655527938355,0.0,1.0,1.0,0.0,1.0,0.0
6,95,5.974880354888477,5.681549954835487,0.0,1.0,0.0,0.0,1.0,0.0
7,95,10.283711339990056,12.0,0.0,0.0,0.0,0.0,1.0,1.0
8,95,1.543092049136044,1.4414432075359795,0.0,0.0,1.0,0.0,0.0,1.0
9,95,6.821693929970058,8.819902588291537,1.0,1.0,1.0,0.0,0.0,1.0
10,95,5.179483641297069,2.174075036798062,0.0,0.0,0.0,0.0,0.0,1.0
11,95,10.351067633059465,3.569877544213589,1.0,1.0,0.0,0.0,0.0,1.0
12,95,1.689009881851839,6.924648774558136,1.0,0.0,0.0,0.0,0.0,0.0
13,95,0.2074201162001686,9.035073703694705,0.0,0.0,0.0,0.0,0.0,1.0
14,95,5.723872789623891,4.728435555830071,1.0,0.0,1.0,0.0,0.0,0.0
15,95,4.09587348792676,3.7669596028041017,1.0,0.0,0.0,0.0,0.0,0.0
16,95,3.3945718121666184,10.769531596800256,1.0,0.0,0.0,0.0,1.0,1.0
17,95,9.188636686940349,2.037512119088696,0.0,0.0,0.0,0.0,0.0,1.0
18,95,0.2580675882931221,7.751903948367253,1.0,0.0,0.0,1.0,0.0,1.0
19,95,6.30110713976568,11.656849332425356,0.0,0.0,1.0,0.0,0.0,0.0
20,95,0.7457652550854904,3.9149099812759305,0.0,0.0,1.0,0.0,0.0,1.0
21,95,9.923493293465953,4.826423893855595,0.0,0.0,1.0,0.0,1.0,0.0
22,95,5.219213996668047,11.71545413355104,1.0,1.0,1.0,0.0,0.0,0.0
23,95,8.937047241696183,1.658644379437584,1.0,0.0,1.0,1.0,0.0,0.0
24,95,8.874710113225738,4.966808185120064,0.0,1.0,0.0,0.0,0.0,1.0
25,95,4.788847565686346,7.055329164142146,0.0,1.0,1.0,0.0,0.0,1.0
26,95,1.7616341698421254,1.5145499626623926,0.0,1.0,1.0,0.0,1.0,0.0
27,95,4.335373530234755,4.648050871511767,0.0,0.0,0.0,1.0,1.0,1.0
28,95,7.34972963070906,10.607708481204238,1.0,1.0,0.0,1.0,1.0,1.0
29,95,8.894843411352229,8.506946098339752,1.0,1.0,0.0,0.0,1.0,0.0
30,95,9.481070853566344,6.586324416573592,1.0,0.0,0.0,1.0,1.0,0.0
31,95,2.1464482435468124,5.549214134769663,1.0,0.0,1.0,0.0,0.0,0.0
32,95,2.986146849863584,0.4238914172318061,0.0,0.0,0.0,0.0,0.0,0.0
33,95,7.915532301815737,8.940367113322388,1.0,1.0,0.0,0.0,1.0,0.0
34,95,11.243884223904306,3.1838352712269486,0.0,0.0,0.0,0.0,0.0,1.0
35,95,6.886902634542722,9.032865616788625,0.0,1.0,0.0,0.0,0.0,0.0
36,95,7.125221032464966,4.163554296085668,1.0,1.0,1.0,0.0,1.0,0.0
37,95,7.919342792281805,0.1518538512993464,0.0,0.0,1.0,0.0,1.0,1.0
38,95,1.7673186620180903,8.282506486707668,0.0,0.0,1.0,0.0,0.0,0.0
39,95,4.264142756162932,2.7624992658728096,0.0,0.0,0.0,1.0,0.0,1.0
0,100,7.039164539187098,3.1402786458789533,0.0,0.0,0.0,1.0,1.0,0.0
1,100,8.52422083078887,2.5913211739012363,0.0,1.0,1.0,0.0,0.0,0.0
2,100,3.107887498151546,7.549535237736808,1.0,0.0,1.0,1.0,1.0,1.0
3,100,12.0,9.311396651032348,1.0,1.0,0.0,0.0,0.0,0.0
4,100,10.5689560604612,0.0870086273002425,0.0,1.0,0.0,0.0,0.0,0.0
5,100,9.182681258017606,9.755399744707985,0.0,1.0,1.0,0.0,1.0,0.0
6,100,6.033507267157612,5.575675675457651,0.0,1.0,0.0,0.0,1.0,0.0
7,100,10.315891898347854,12.0,0.0,0.0,0.0,0.0,1.0,1.0
8,100,1.667254971995751,1.467858900291744,0.0,0.0,1.0,0.0,0.0,1.0
9,100,6.795036056909458,8.81554974922717,1.0,1.0,1.0,0.0,0.0,1.0
10,100,5.12295061002472,2.149462292401855,0.0,0.0,0.0,0.0,0.0,1.0
11,100,10.32581248013178,3.5548073174444275,1.0,1.0,0.0,0.0,0.0,1.0
12,100,1.734884817821641,6.919717604351892,1.0,0.0,0.0,0.0,0.0,0.0
13,100,0.2109643282314575,9.02240141863428,0.0,0.0,0.0,0.0,0.0,1.0
14,100,5.802689845062437,4.8131547698923285,1.0,0.0,1.0,0.0,0.0,0.0
15,100,4.155837060911219,3.670159250027415,1.0,0.0,0.0,0.0,0.0,0.0
16,100,3.354275618188117,10.857421439093567,1.0,0.0,0.0,0.0,1.0,1.0
17,100,9.160136969904112,2.0059598437361243,0.0,0.0,0.0,0.0,0.0,1.0
18,100,0.2679047063652069,7.631466715689253,1.0,0.0,0.0,1.0,0.0,1.0
19,100,6.2928837429723234,11.634529333474184,0.0,0.0,1.0,0.0,0.0,0.0
20,100,0.7014550038756118,3.876582764801193,0.0,0.0,1.0,0.0,0.0,1.0
21,100,9.913661876827682,4.801488079991727,0.0,0.0,1.0,0.0,1.0,0.0
22,100,5.197359537056823,11.692419135167654,1.0,1.0,1.0,0.0,0.0,0.0
23,100,8.979372569043075,1.6898499280967216,1.0,0.0,1.0,1.0,0.0,0.0
24,100,8.811446090816073,5.023215455748064,0.0,1.0,0.0,0.0,0.0,1.0
25,100,4.790978261046567,7.061895759610329,0.0,1.0,1.0,0.0,0.0,1.0
26,100,1.8220066996179796,1.5799169546484244,0.0,1.0,1.0,0.0,1.0,0.0
27,100,4.316064736082641,4.616905824257686,0.0,0.0,0.0,1.0,1.0,1.0
28,100,7.30172746357469,10.657269141886095,1.0,1.0,0.0,1.0,1.0,1.0
29,100,8.889467999842488,8.541693664906447,1.0,1.0,0.0,0.0,1.0,0.0
30,100,9.59039217046164,6.558202383178969,1.0,0.0,0.0,1.0,1.0,0.0
31,100,2.1426180389488567,5.560841825247773,1.0,0.0,1.0,0.0,0.0,0.0
32,100,2.9830158451430235,0.3628669609839421,0.0,0.0,0.0,0.0,0.0,0.0
33,100,7.917206445872915,8.941960906797993,1.0,1.0,0.0,0.0,1.0,0.0
34,100,11.2074718780467,3.191921473377834,0.0,0.0,0.0,0.0,0.0,1.0
35,100,6.824658768634602,8.911214847276254,0.0,1.0,0.0,0.0,0.0,0.0
36,100,7.109268509993579,4.165092111003551,1.0,1.0,1.0,0.0,1.0,0.0
37,100,8.02783891851517,0.1077797124152711,0.0,0.0,1.0,0.0,1.0,1.0
38,100,1.8062686321564452,8.398140256667233,0.0,0.0,1.0,0.0,0.0,0.0
39,100,4.320864082762133,2.7461462449166,0.0,0.0,0.0,1.0,0.0,1.0
0,105,7.133449302315857,3.042000553896816,0.0,0.0,0.0,1.0,1.0,0.0
1,105,8.536548770354338,2.604354821584307,0.0,1.0,1.0,0.0,0.0,0.0
2,105,3.0840719536890533,7.514549451204821,1.0,0.0,1.0,1.0,1.0,1.0
3,105,12.0,9.37609440985017,1.0,1.0,0.0,0.0,0.0,0.0
4,105,10.499704553988137,0.0992121016663346,0.0,1.0,0.0,0.0,0.0,0.0
5,105,9.141634187022484,9.799068373486794,0.0,1.0,1.0,0.0,1.0,0.0
6,105,6.090937372654796,5.464095675569819,0.0,1.0,0.0,0.0,1.0,0.0
7,105,10.345001689904562,12.0,0.0,0.0,0.0,0.0,1.0,1.0
8,105,1.6992970514731482,1.3394898376265765,0.0,0.0,1.0,0.0,0.0,1.0
9,105,6.782654585081452,8.813159879914396,1.0,1.0,1.0,0.0,0.0,1.0
10,105,5.072848887409572,2.127850285722107,0.0,0.0,0.0,0.0,0.0,1.0
11,105,10.295745108834383,3.5367884701455656,1.0,1.0,0.0,0.0,0.0,1.0
12,105,1.7660363617679815,6.9169614643890815,1.0,0.0,0.0,0.0,0.0,0.0
13,105,0.2119819080149864,9.018099734022126,0.0,0.0,0.0,0.0,0.0,1.0
14,105,5.88276755352816,4.901606971217687,1.0,0.0,1.0,0.0,0.0,0.0
15,105,4.227003595269221,3.5524417453850643,1.0,0.0,0.0,0.0,0.0,0.0
16,105,3.3117326884974814,10.948512909346464,1.0,0.0,0.0,0.0,1.0,1.0
17,105,9.140414936147572,1.983549328805512,0.0,0.0,0.0,0.0,0.0,1.0
18,105,0.2773086925475321,7.488782191814693,1.0,0.0,0.0,1.0,0.0,1.0
19,105,6.274273670485112,11.582753287197288,0.0,0.0,1.0,0.0,0.0,0.0
20,105,0.6520489905480583,3.83241715096804,0.0,0.0,1.0,0.0,0.0,1.0
21,105,9.916054371175973,4.807402493693181,0.0,0.0,1.0,0.0,1.0,0.0
22,105,5.179025171502968,11.67380493793152,1.0,1.0,1.0,0.0,0.0,0.0
23,105,9.015013480702434,1.7170895094091476,1.0,0.0,1.0,1.0,0.0,0.0
24,105,8.753970506887931,5.074566766919071,0.0,1.0,0.0,0.0,0.0,1.0
25,105,4.799985284963687,7.091731198537668,0.0,1.0,1.0,0.0,0.0,1.0
26,105,1.885274931794145,1.6506405662695247,0.0,1.0,1.0,0.0,1.0,0.0
27,105,4.294419413603129,4.58235621810742,0.0,0.0,0.0,1.0,1.0,1.0
28,105,7.245217915931209,10.714682954347795,1.0,1.0,0.0,1.0,1.0,1.0
29,105,8.885449443018105,8.565845971998915,1.0,1.0,0.0,0.0,1.0,0.0
30,105,9.699995182418922,6.5313206744573495,1.0,0.0,0.0,1.0,1.0,0.0
31,105,2.1312788418457345,5.594565962946493,1.0,0.0,1.0,0.0,0.0,0.0
32,105,2.979288873761143,0.306872769695024,0.0,0.0,0.0,0.0,0.0,0.0
33,105,7.923044186887018,8.947707306759684,1.0,1.0,0.0,0.0,1.0,0.0
34,105,11.160169622992791,3.20259872704421,0.0,0.0,0.0,0.0,0.0,1.0
35,105,6.761596335989408,8.782956572318978,0.0,1.0,0.0,0.0,0.0,0.0
36,105,7.1204958443061095,4.163803855047778,1.0,1.0,1.0,0.0,1.0,0.0
37,105,8.147907847990552,0.0600104397759548,0.0,0.0,1.0,0.0,1.0,1.0
38,105,1.8415971419188104,8.504075888508817,0.0,0.0,1.0,0.0,0.0,0.0
39,105,4.3835010883409815,2.7312634825288997,0.0,0.0,0.0,1.0,0.0,1.0
0,110,7.222610046397216,2.950404875331404,0.0,0.0,0.0,1.0,1.0,0.0
1,110,8.550776098004224,2.6187978673565646,0.0,1.0,1.0,0.0,0.0,0.0
2,110,3.0591570849605194,7.476056333483381,1.0,0.0,1.0,1.0,1.0,1.0
3,110,12.0,9.462283157443888,1.0,1.0,0.0,0.0,0.0,0.0
4,110,10.434974396296113,0.1073142245533351,0.0,1.0,0.0,0.0,0.0,0.0
5,110,9.096934992113091,9.845422639341283,0.0,1.0,1.0,0.0,1.0,0.0
6,110,6.146673169543398,5.35928722171539,0.0,1.0,0.0,0.0,1.0,0.0
7,110,10.37158983500247,12.0,0.0,0.0,0.0,0.0,1.0,1.0
8,110,1.7344947396374395,1.207800767132043,0.0,0.0,1.0,0.0,0.0,1.0
9,110,6.785142162592078,8.81369532293738,1.0,1.0,1.0,0.0,0.0,1.0
10,110,5.002874616117748,2.096193684999016,0.0,0.0,0.0,0.0,0.0,1.0
11,110,10.24849373141147,3.510682465541767,1.0,1.0,0.0,0.0,0.0,1.0
12,110,1.8171880336336104,6.913252129652792,1.0,0.0,0.0,0.0,0.0,0.0
13,110,0.2116243499274527,9.019826672282097,0.0,0.0,0.0,0.0,0.0,1.0
14,110,5.96058785429441,4.990258387429579,1.0,0.0,1.0,0.0,0.0,0.0
15,110,4.317592935235902,3.4098395310883003,1.0,0.0,0.0,0.0,0.0,0.0
16,110,3.270855623302124,11.038354644239,1.0,0.0,0.0,0.0,1.0,1.0
17,110,9.115909181523,1.9550854879921544,0.0,0.0,0.0,0.0,0.0,1.0
18,110,0.2891061370532227,7.34643654638239,1.0,0.0,0.0,1.0,0.0,1.0
19,110,6.2421372591899855,11.500456906434584,0.0,0.0,1.0,0.0,0.0,0.0
20,110,0.5982383562349729,3.78392998726586,0.0,0.0,1.0,0.0,0.0,1.0
21,110,9.928940199565096,4.838003875423892,0.0,0.0,1.0,0.0,1.0,0.0
22,110,5.201499435397095,11.651150642902088,1.0,1.0,1.0,0.0,0.0,0.0
23,110,9.045379838799953,1.739598844602146,1.0,0.0,1.0,1.0,0.0,0.0
24,110,8.695050122985002,5.129806747286567,0.0,1.0,0.0,0.0,0.0,1.0
25,110,4.809151071923109,7.122649773710156,0.0,1.0,1.0,0.0,0.0,1.0
26,110,1.937300979621424,1.7099937150937106,0.0,1.0,1.0,0.0,1.0,0.0
27,110,4.274212699506802,4.548012949107187,0.0,0.0,0.0,1.0,1.0,1.0
28,110,7.187045003034029,10.774500663561046,1.0,1.0,0.0,1.0,1.0,1.0
29,110,8.883863386769704,8.576117906247852,1.0,1.0,0.0,0.0,1.0,0.0
30,110,9.805533536353408,6.506879626795207,1.0,0.0,0.0,1.0,1.0,0.0
31,110,2.122662365129505,5.620420996322427,1.0,0.0,1.0,0.0,0.0,0.0
32,110,2.975464895645362,0.2532536504530874,0.0,0.0,0.0,0.0,0.0,0.0
33,110,7.928621443959235,8.953060004613395,1.0,1.0,0.0,0.0,1.0,0.0
34,110,11.12378670066302,3.209696282762068,0.0,0.0,0.0,0.0,0.0,1.0
35,110,6.697836659446674,8.648599073295038,0.0,1.0,0.0,0.0,0.0,0.0
36,110,7.12589467174099,4.163005372434265,1.0,1.0,1.0,0.0,1.0,0.0
37,110,8.254207346464822,0.0174315179988458,0.0,0.0,1.0,0.0,1.0,1.0
38,110,1.8837210008892653,8.6255034663834,0.0,0.0,1.0,0.0,0.0,0.0
39,110,4.4607604653119,2.7138674059047982,0.0,0.0,0.0,1.0,0.0,1.0
0,115,7.316460667833869,2.850780386930749,0.0,0.0,0.0,1.0,1.0,0.0
1,115,8.556491806860455,2.624796667190779,0.0,1.0,1.0,0.0,0.0,0.0
2,115,3.0407862450998766,7.447186330838426,1.0,0.0,1.0,1.0,1.0,1.0
3,115,12.0,9.556512274597456,1.0,1.0,0.0,0.0,0.0,0.0
4,115,10.382038577338628,0.1148073174848567,0.0,1.0,0.0,0.0,0.0,0.0
5,115,9.063097070781376,9.8815127997641,0.0,1.0,1.0,0.0,1.0,0.0
6,115,6.1990958696429725,5.260334494593165,0.0,1.0,0.0,0.0,1.0,0.0
7,115,10.405666546105584,12.0,0.0,0.0,0.0,0.0,1.0,1.0
8,115,1.7730544215048123,1.0767398565606503,0.0,0.0,1.0,0.0,0.0,1.0
9,115,6.776095427946843,8.811710342903217,1.0,1.0,1.0,0.0,0.0,1.0
10,115,4.943756323982592,2.069377023185228,0.0,0.0,0.0,0.0,0.0,1.0
11,115,10.20192525678908,3.484181437238524,1.0,1.0,0.0,0.0,0.0,1.0
12,115,1.8199789253792016,6.949193436709278,1.0,0.0,0.0,0.0,0.0,0.0
13,115,0.2111913977989446,9.021917292204458,0.0,0.0,0.0,0.0,0.0,1.0
14,115,6.03057912815053,5.069631321228438,1.0,0.0,1.0,0.0,0.0,0.0
15,115,4.408365843761187,3.272768910315726,1.0,0.0,0.0,0.0,0.0,0.0
16,115,3.236645931203338,11.110161391065713,1.0,0.0,0.0,0.0,1.0,1.0
17,115,9.087544743087015,1.9220652791838928,0.0,0.0,0.0,0.0,0.0,1.0
18,115,0.2988354214762949,7.215073958285906,1.0,0.0,0.0,1.0,0.0,1.0
19,115,6.2051196814440575,11.405892804995426,0.0,0.0,1.0,0.0,0.0,0.0
20,115,0.5586973241986257,3.748584905115584,0.0,0.0,1.0,0.0,0.0,1.0
21,115,9.939321432832973,4.862774089680529,0.0,0.0,1.0,0.0,1.0,0.0
22,115,5.2097770885900045,11.642630234460372,1.0,1.0,1.0,0.0,0.0,0.0
23,115,9.071497154742076,1.7576454841905735,1.0,0.0,1.0,1.0,0.0,0.0
24,115,8.63876782283135,5.181380921128185,0.0,1.0,0.0,0.0,0.0,1.0
25,115,4.8201953205384855,7.154392002827139,0.0,1.0,1.0,0.0,0.0,1.0
26,115,1.9759700470009007,1.7525498469196752,0.0,1.0,1.0,0.0,1.0,0.0
27,115,4.257080983224949,4.517357140409971,0.0,0.0,0.0,1.0,1.0,1.0
28,115,7.142088157403922,10.819847518294027,1.0,1.0,0.0,1.0,1.0,1.0
29,115,8.885947003564448,8.561202028264315,1.0,1.0,0.0,0.0,1.0,0.0
30,115,9.898701421501178,6.482457120532604,1.0,0.0,0.0,1.0,1.0,0.0
31,115,2.115411359071887,5.643568351501026,1.0,0.0,1.0,0.0,0.0,0.0
32,115,2.972912918871068,0.2080776369469054,0.0,0.0,0.0,0.0,0.0,0.0
33,115,7.93381731014282,8.958026176272377,1.0,1.0,0.0,0.0,1.0,0.0
34,115,11.107119726179851,3.212745292467112,0.0,0.0,0.0,0.0,0.0,1.0
35,115,6.633108870237001,8.510819433850736,0.0,1.0,0.0,0.0,0.0,0.0
36,115,7.14477498690217,4.160202810939647,1.0,1.0,1.0,0.0,1.0,0.0
37,115,8.370063268036514,0.0,0.0,0.0,1.0,0.0,1.0,1.0
38,115,1.9251009912109065,8.743655876205365,0.0,0.0,1.0,0.0,0.0,0.0
39,115,4.5440335533662815,2.695801837030751,0.0,0.0,0.0,1.0,0.0,1.0
0,120,7.409118563552389,2.7609530067126293,0.0,0.0,0.0,1.0,1.0,0.0
1,120,8.559077904398091,2.627601720702577,0.0,1.0,1.0,0.0,0.0,0.0
2,120,3.004930486747611,7.392068663557525,1.0,0.0,1.0,1.0,1.0,1.0
3,120,12.0,9.64137059993852,1.0,1.0,0.0,0.0,0.0,0.0
4,120,10.334662267806648,0.121754179423442,0.0,1.0,0.0,0.0,0.0,0.0
5,120,9.034500987770231,9.913917948871882,0.0,1.0,1.0,0.0,1.0,0.0
6,120,6.250443397272552,5.16036288138882,0.0,1.0,0.0,0.0,1.0,0.0
7,120,10.452399569188348,12.0,0.0,0.0,0.0,0.0,1.0,1.0
8,120,1.8222164815562107,0.9218423850449808,0.0,0.0,1.0,0.0,0.0,1.0
9,120,6.773253674090319,8.811070762329404,1.0,1.0,1.0,0.0,0.0,1.0
10,120,4.880679394008422,2.0401220795152373,0.0,0.0,0.0,0.0,0.0,1.0
11,120,10.160620037254146,3.460983758648593,1.0,1.0,0.0,0.0,0.0,1.0
12,120,1.8235864714523464,6.994579697976146,1.0,0.0,0.0,0.0,0.0,0.0
13,120,0.2096170148402037,9.030040423809677,0.0,0.0,0.0,0.0,0.0,1.0
14,120,6.087915519188469,5.136963966613414,1.0,0.0,1.0,0.0,0.0,0.0
15,120,4.505065445640943,3.1298225103124766,1.0,0.0,0.0,0.0,0.0,0.0
16,120,3.196326364450283,11.189948865065316,1.0,0.0,0.0,0.0,1.0,1.0
17,120,9.044906709292183,1.8737197828588796,0.0,0.0,0.0,0.0,0.0,1.0
18,120,0.3118080883838778,7.060968390912681,1.0,0.0,0.0,1.0,0.0,1.0
19,120,6.170521739380747,11.320287809748086,0.0,0.0,1.0,0.0,0.0,0.0
20,120,0.5235621224108078,3.718214830023908,0.0,0.0,1.0,0.0,0.0,1.0
21,120,9.94857898458134,4.884191351752047,0.0,0.0,1.0,0.0,1.0,0.0
22,120,5.209702910423675,11.642706629191222,1.0,1.0,1.0,0.0,0.0,0.0
23,120,9.116437942038386,1.7896505398824385,1.0,0.0,1.0,1.0,0.0,0.0
24,120,8.575740743117523,5.238662352964095,0.0,1.0,0.0,0.0,0.0,1.0
25,120,4.83986004183578,7.210953449932722,0.0,1.0,1.0,0.0,0.0,1.0
26,120,2.0085187641000197,1.787282257446847,0.0,1.0,1.0,0.0,1.0,0.0
27,120,4.256955495304148,4.517135739543334,0.0,0.0,0.0,1.0,1.0,1.0
28,120,7.099043243942439,10.863189808458284,1.0,1.0,0.0,1.0,1.0,1.0
29,120,8.888790899186759,8.541887375561652,1.0,1.0,0.0,0.0,1.0,0.0
30,120,9.987535717623452,6.459575351053114,1.0,0.0,0.0,1.0,1.0,0.0
31,120,2.1086644946540187,5.665864356384526,1.0,0.0,1.0,0.0,0.0,0.0
32,120,2.970933238895484,0.1811597588600537,0.0,0.0,0.0,0.0,0.0,0.0
33,120,7.926996103554518,8.951258977699196,1.0,1.0,0.0,0.0,1.0,0.0
34,120,11.094243032475037,3.214886159220104,0.0,0.0,0.0,0.0,0.0,1.0
35,120,6.558044452790337,8.356078197740405,0.0,1.0,0.0,0.0,0.0,0.0
36,120,7.157977084431104,4.158003323070868,1.0,1.0,1.0,0.0,1.0,0.0
37,120,8.51024939396646,0.0,0.0,0.0,1.0,0.0,1.0,1.0
38,120,1.9738379525345668,8.872113302432586,0.0,0.0,1.0,0.0,0.0,0.0
39,120,4.616328132060636,2.679189079820283,0.0,0.0,0.0,1.0,0.0,1.0
0,125,7.522212599611972,2.649542889183627,0.0,0.0,0.0,1.0,1.0,0.0
1,125,8.552323827700292,2.6205057353820216,0.0,1.0,1.0,0.0,0.0,0.0
2,125,2.9651248238975723,7.33071330219245,1.0,0.0,1.0,1.0,1.0,1.0
3,125,12.0,9.731136135536945,1.0,1.0,0.0,0.0,0.0,0.0
4,125,10.284949584721538,0.1290311668454276,0.0,1.0,0.0,0.0,0.0,0.0
5,125,8.997817527921073,9.95482424175446,0.0,1.0,1.0,0.0,1.0,0.0
6,125,6.298850688431723,5.070627152477077,0.0,1.0,0.0,0.0,1.0,0.0
7,125,10.508944075956546,12.0,0.0,0.0,0.0,0.0,1.0,1.0
8,125,1.875178363288769,0.756910410632968,0.0,0.0,1.0,0.0,0.0,1.0
9,125,6.768053770097294,8.809879016849724,1.0,1.0,1.0,0.0,0.0,1.0
10,125,4.806726257856355,2.0086065316790576,0.0,0.0,0.0,0.0,0.0,1.0
11,125,10.116350477987911,3.4342612969248925,1.0,1.0,0.0,0.0,0.0,1.0
12,125,1.8287317210593168,7.05498757357373,1.0,0.0,0.0,0.0,0.0,0.0
13,125,0.2050681898390149,9.05403405927795,0.0,0.0,0.0,0.0,0.0,1.0
14,125,6.138408781588564,5.193452092994709,1.0,0.0,1.0,0.0,0.0,0.0
15,125,4.60055441307719,2.993277717241693,1.0,0.0,0.0,0.0,0.0,0.0
16,125,3.158566849729272,11.26408769609303,1.0,0.0,0.0,0.0,1.0,1.0
17,125,9.007194197748213,1.8311271299207343,0.0,0.0,0.0,0.0,0.0,1.0
18,125,0.329160719817349,6.902659865261022,1.0,0.0,0.0,1.0,0.0,1.0
19,125,6.1310863721097,11.213985946718903,0.0,0.0,1.0,0.0,0.0,0.0
20,125,0.4789173092619237,3.6783597912298136,0.0,0.0,1.0,0.0,0.0,1.0
21,125,9.955950023009397,4.901835515758785,0.0,0.0,1.0,0.0,1.0,0.0
22,125,5.1944226719614806,11.65805616885252,1.0,1.0,1.0,0.0,0.0,0.0
23,125,9.156387939027958,1.816800182516057,1.0,0.0,1.0,1.0,0.0,0.0
24,125,8.51407133443933,5.296784860089815,0.0,1.0,0.0,0.0,0.0,1.0
25,125,4.8602242884847895,7.272120409440378,0.0,1.0,1.0,0.0,0.0,1.0
26,125,2.0273340847085843,1.8058455563288924,0.0,1.0,1.0,0.0,1.0,0.0
27,125,4.260270801283394,4.522647990581478,0.0,0.0,0.0,1.0,1.0,1.0
28,125,7.072667215473916,10.889823118096606,1.0,1.0,0.0,1.0,1.0,1.0
29,125,8.891358361338012,8.524785535533505,1.0,1.0,0.0,0.0,1.0,0.0
30,125,10.070757514294124,6.438220896896129,1.0,0.0,0.0,1.0,1.0,0.0
31,125,2.10819759933304,5.667496822726411,1.0,0.0,1.0,0.0,0.0,0.0
32,125,2.96969641103003,0.1497728101371734,0.0,0.0,0.0,0.0,0.0,0.0
33,125,7.931000573970273,8.955340581540746,1.0,1.0,0.0,0.0,1.0,0.0
34,125,11.088980524184066,3.2157452255251395,0.0,0.0,0.0,0.0,0.0,1.0
35,125,6.479575722566324,8.199634375193876,0.0,1.0,0.0,0.0,0.0,0.0
36,125,7.168048458535761,4.156421862058557,1.0,1.0,1.0,0.0,1.0,0.0
37,125,8.664978003703064,0.0,0.0,0.0,1.0,0.0,1.0,1.0
38,125,2.011711677229582,8.97243803695068,0.0,0.0,1.0,0.0,0.0,0.0
39,125,4.705556363269239,2.660419073157523,0.0,0.0,0.0,1.0,0.0,1.0
0,130,7.630225023781378,2.549553215777117,0.0,0.0,0.0,1.0,1.0,0.0
1,130,8.554719604947683,2.6230313183425267,0.0,1.0,1.0,0.0,0.0,0.0
2,130,2.903964299859898,7.234566988967588,1.0,0.0,1.0,1.0,1.0,1.0
3,130,12.0,9.81877752167043,1.0,1.0,0.0,0.0,0.0,0.0
4,130,10.25128330372163,0.1344513745721189,0.0,1.0,0.0,0.0,0.0,0.0
5,130,8.968439759470014,9.986675406129246,0.0,1.0,1.0,0.0,1.0,0.0
6,130,6.358274453414717,4.96630526322873,0.0,1.0,0.0,0.0,1.0,0.0
7,130,10.55756777126528,12.0,0.0,0.0,0.0,0.0,1.0,1.0
8,130,1.9257792698264264,0.5966899622937967,0.0,0.0,1.0,0.0,0.0,1.0
9,130,6.7742808557546015,8.81131386899726,1.0,1.0,1.0,0.0,0.0,1.0
10,130,4.721000152777647,1.974872377736448,0.0,0.0,0.0,0.0,0.0,1.0
11,130,10.081047435638622,3.4118864941657625,1.0,1.0,0.0,0.0,0.0,1.0
12,130,1.833281886022586,7.118870240521324,1.0,0.0,0.0,0.0,0.0,0.0
13,130,0.2016348555382165,9.07022951394573,0.0,0.0,0.0,0.0,0.0,1.0
14,130,6.189830949527869,5.247315836970093,1.0,0.0,1.0,0.0,0.0,0.0
15,130,4.695520459178034,2.8606854419237413,1.0,0.0,0.0,0.0,0.0,0.0
16,130,3.122652362702336,11.333189784417458,1.0,0.0,0.0,0.0,1.0,1.0
17,130,8.958133090606866,1.778067016443195,0.0,0.0,0.0,0.0,0.0,1.0
18,130,0.3481883408606539,6.7372602551563565,1.0,0.0,0.0,1.0,0.0,1.0
19,130,6.088717324536729,11.1066166858718,0.0,0.0,1.0,0.0,0.0,0.0
20,130,0.5388536015257841,3.613849154686657,0.0,0.0,1.0,0.0,0.0,1.0
21,130,9.96341506207464,4.919419189041773,0.0,0.0,1.0,0.0,1.0,0.0
22,130,5.18697901384883,11.665717467712032,1.0,1.0,1.0,0.0,0.0,0.0
23,130,9.184445396989815,1.83508900972558,1.0,0.0,1.0,1.0,0.0,0.0
24,130,8.46008032784874,5.347939959298145,0.0,1.0,0.0,0.0,0.0,1.0
25,130,4.870460686948436,7.304012532477336,0.0,1.0,1.0,0.0,0.0,1.0
26,130,2.032481457718405,1.810776765820247,0.0,1.0,1.0,0.0,1.0,0.0
27,130,4.267443807092428,4.534815333831667,0.0,0.0,0.0,1.0,1.0,1.0
28,130,7.054795147012528,10.908370521439544,1.0,1.0,0.0,1.0,1.0,1.0
29,130,8.892843987902138,8.512845234788143,1.0,1.0,0.0,0.0,1.0,0.0
30,130,10.162757418271278,6.414086433934523,1.0,0.0,0.0,1.0,1.0,0.0
31,130,2.106914635177211,5.671991184094601,1.0,0.0,1.0,0.0,0.0,0.0
32,130,2.9691392502951897,0.1259141227478309,0.0,0.0,0.0,0.0,0.0,0.0
33,130,7.943412659954656,8.968060776985897,1.0,1.0,0.0,0.0,1.0,0.0
34,130,11.074687925158498,3.218529491752723,0.0,0.0,0.0,0.0,0.0,1.0
35,130,6.398742855334296,8.032381055004048,0.0,1.0,0.0,0.0,0.0,0.0
36,130,7.185482943559202,4.153286328294629,1.0,1.0,1.0,0.0,1.0,0.0
37,130,8.830736882180979,0.0,0.0,0.0,1.0,0.0,1.0,1.0
38,130,2.053603772289199,9.091205925726593,0.0,0.0,1.0,0.0,0.0,0.0
39,130,4.784768086678293,2.6434797895139157,0.0,0.0,0.0,1.0,0.0,1.0
0,135,7.7262903869304065,2.455146503259052,0.0,0.0,0.0,1.0,1.0,0.0
1,135,8.571991508119046,2.642108133447593,0.0,1.0,1.0,0.0,0.0,0.0
2,135,2.8466949539514044,7.138667260132272,1.0,0.0,1.0,1.0,1.0,1.0
3,135,12.0,9.9084476200274,1.0,1.0,0.0,0.0,0.0,0.0
4,135,10.226217935733551,0.1384271985726072,0.0,1.0,0.0,0.0,0.0,0.0
5,135,8.933177510912286,10.025429837552402,0.0,1.0,1.0,0.0,1.0,0.0
6,135,6.434136453046321,4.8373579829348365,0.0,1.0,0.0,0.0,1.0,0.0
7,135,10.61637513852604,12.0,0.0,0.0,0.0,0.0,1.0,1.0
8,135,1.9814223020492343,0.4315857354597019,0.0,0.0,1.0,0.0,0.0,1.0
9,135,6.78139233137917,8.813010326647332,1.0,1.0,1.0,0.0,0.0,1.0
10,135,4.627883210335861,1.9371965337601265,0.0,0.0,0.0,0.0,0.0,1.0
11,135,10.043059390711717,3.3882461066605245,1.0,1.0,0.0,0.0,0.0,1.0
12,135,1.838958064342024,7.200141671048248,1.0,0.0,0.0,0.0,0.0,0.0
13,135,0.1974435926495724,9.094495949473195,0.0,0.0,0.0,0.0,0.0,1.0
14,135,6.239853875223648,5.300963304261731,1.0,0.0,1.0,0.0,0.0,0.0
15,135,4.790624308900954,2.7231904937988576,1.0,0.0,0.0,0.0,0.0,0.0
16,135,3.090106103383873,11.388141818455315,1.0,0.0,0.0,0.0,1.0,1.0
17,135,8.893961706512604,1.7100244252206231,0.0,0.0,0.0,0.0,0.0,1.0
18,135,0.3595687823987494,6.578340219228776,1.0,0.0,0.0,1.0,0.0,1.0
19,135,6.047316487777209,11.001958042863384,0.0,0.0,1.0,0.0,0.0,0.0
20,135,0.591815852017946,3.559313096558996,0.0,0.0,1.0,0.0,0.0,1.0
21,135,9.975570396502864,4.94866692320349,0.0,0.0,1.0,0.0,1.0,0.0
22,135,5.190706162815124,11.661997342999763,1.0,1.0,1.0,0.0,0.0,0.0
23,135,9.18958578219078,1.8383412295957648,1.0,0.0,1.0,1.0,0.0,0.0
24,135,8.41109644464156,5.394791602673708,0.0,1.0,0.0,0.0,0.0,1.0
25,135,4.875392789576994,7.319608242553764,0.0,1.0,1.0,0.0,0.0,1.0
26,135,2.007419980026594,1.7851402985208256,0.0,1.0,1.0,0.0,1.0,0.0
27,135,4.261829831477742,4.525362945912977,0.0,0.0,0.0,1.0,1.0,1.0
28,135,7.038441410007329,10.924767268860016,1.0,1.0,0.0,1.0,1.0,1.0
29,135,8.89664664922691,8.480467369633454,1.0,1.0,0.0,0.0,1.0,0.0
30,135,10.264793850802976,6.38753641304229,1.0,0.0,0.0,1.0,1.0,0.0
31,135,2.10398705447898,5.682946016755294,1.0,0.0,1.0,0.0,0.0,0.0
32,135,2.9687789605316004,0.1124799884741072,0.0,0.0,0.0,0.0,0.0,0.0
33,135,7.957703908232126,8.98432106195293,1.0,1.0,0.0,0.0,1.0,0.0
34,135,11.08118951092445,3.217269465305639,0.0,0.0,0.0,0.0,0.0,1.0
35,135,6.330412701176647,7.886190826431446,0.0,1.0,0.0,0.0,0.0,0.0
36,135,7.229539605054864,4.144869906564413,1.0,1.0,1.0,0.0,1.0,0.0
37,135,9.010000238867704,0.0,0.0,0.0,1.0,0.0,1.0,1.0
38,135,2.094187446325716,9.196222176844223,0.0,0.0,1.0,0.0,0.0,0.0
39,135,4.896715948687224,2.6193888956261504,0.0,0.0,0.0,1.0,0.0,1.0
0,140,7.819073240620519,2.362743726912672,0.0,0.0,0.0,1.0,1.0,0.0
1,140,8.590016813148416,2.663256016482752,0.0,1.0,1.0,0.0,0.0,0.0
2,140,2.7991371979765547,7.052426184645192,1.0,0.0,1.0,1.0,1.0,1.0
3,140,12.0,9.99992913292187,1.0,1.0,0.0,0.0,0.0,0.0
4,140,10.208294638983972,0.1416411910741527,0.0,1.0,0.0,0.0,0.0,0.0
5,140,8.897018229075082,10.064479512364452,0.0,1.0,1.0,0.0,1.0,0.0
6,140,6.517102836732078,4.696900095506615,0.0,1.0,0.0,0.0,1.0,0.0
7,140,10.672825145107298,12.0,0.0,0.0,0.0,0.0,1.0,1.0
8,140,2.0380976995933056,0.2472048746708482,0.0,0.0,1.0,0.0,0.0,1.0
9,140,6.78673333747511,8.814359910591923,1.0,1.0,1.0,0.0,0.0,1.0
10,140,4.575265606952969,1.9170370235841032,0.0,0.0,0.0,0.0,0.0,1.0
11,140,10.003651315190496,3.3649396241471683,1.0,1.0,0.0,0.0,0.0,1.0
12,140,1.845015882160084,7.285087991172165,1.0,0.0,0.0,0.0,0.0,0.0
13,140,0.1939985038871728,9.113142337051336,0.0,0.0,0.0,0.0,0.0,1.0
14,140,6.289172730086841,5.351475639005373,1.0,0.0,1.0,0.0,0.0,0.0
15,140,4.885740864912548,2.589735666033989,1.0,0.0,0.0,0.0,0.0,0.0
16,140,3.0536926008311878,11.451347745953065,1.0,0.0,0.0,0.0,1.0,1.0
17,140,8.838675177792005,1.6510920423863868,0.0,0.0,0.0,0.0,0.0,1.0
18,140,0.3729725313917236,6.403238988528436,1.0,0.0,0.0,1.0,0.0,1.0
19,140,6.002939514311372,10.890514572749217,0.0,0.0,1.0,0.0,0.0,0.0
20,140,0.6677752846063284,3.4858059588595505,0.0,0.0,1.0,0.0,0.0,1.0
21,140,9.981669225839168,4.96409947964395,0.0,0.0,1.0,0.0,1.0,0.0
22,140,5.197790026277284,11.655136859094137,1.0,1.0,1.0,0.0,0.0,0.0
23,140,9.209335814055226,1.8511290068033768,1.0,0.0,1.0,1.0,0.0,0.0
24,140,8.356606913004226,5.448965067127696,0.0,1.0,0.0,0.0,0.0,1.0
25,140,4.882188118660183,7.340596071498064,0.0,1.0,1.0,0.0,0.0,1.0
26,140,1.9686311395501483,1.7438000690668063,0.0,1.0,1.0,0.0,1.0,0.0
27,140,4.267214725153056,4.534274466734541,0.0,0.0,0.0,1.0,1.0,1.0
28,140,7.028589134009979,10.93495031446853,1.0,1.0,0.0,1.0,1.0,1.0
29,140,8.898825698075413,8.460883766625821,1.0,1.0,0.0,0.0,1.0,0.0
30,140,10.36524643797534,6.360067265407364,1.0,0.0,0.0,1.0,1.0,0.0
31,140,2.103069844589496,5.686586306061499,1.0,0.0,1.0,0.0,0.0,0.0
32,140,2.9684974913724225,0.0998463842996982,0.0,0.0,0.0,0.0,0.0,0.0
33,140,7.987611211800449,9.017741641570716,1.0,1.0,0.0,0.0,1.0,0.0
34,140,11.099648918922036,3.2136448438461582,0.0,0.0,0.0,0.0,0.0,1.0
35,140,6.255508216488824,7.731551167110118,0.0,1.0,0.0,0.0,0.0,0.0
36,140,7.247475396439309,4.141009494123598,1.0,1.0,1.0,0.0,1.0,0.0
37,140,9.17443884851476,0.0,0.0,0.0,1.0,0.0,1.0,1.0
38,140,2.1357731535434072,9.3049438114641,0.0,0.0,1.0,0.0,0.0,0.0
39,140,5.003379489906617,2.594753585315278,0.0,0.0,0.0,1.0,0.0,1.0
0,145,7.897996844418321,2.281353387763237,0.0,0.0,0.0,1.0,1.0,0.0
1,145,8.6133189016252,2.691609874815581,0.0,1.0,1.0,0.0,0.0,0.0
2,145,2.759418930761858,6.979206262861974,1.0,0.0,1.0,1.0,1.0,1.0
3,145,12.0,10.085406034028171,1.0,1.0,0.0,0.0,0.0,0.0
4,145,10.201192111053269,0.1430359565667932,0.0,1.0,0.0,0.0,0.0,0.0
5,145,8.87633267419852,10.08747862893096,0.0,1.0,1.0,0.0,1.0,0.0
6,145,6.605822914033895,4.546258160243947,0.0,1.0,0.0,0.0,1.0,0.0
7,145,10.73719271095591,12.0,0.0,0.0,0.0,0.0,1.0,1.0
8,145,2.093814039904402,0.0496617990232934,0.0,0.0,1.0,0.0,0.0,1.0
9,145,6.791223469276235,8.815486487620365,1.0,1.0,1.0,0.0,0.0,1.0
10,145,4.508082815243357,1.892028494296436,0.0,0.0,0.0,0.0,0.0,1.0
11,145,9.963792617085115,3.342091635302192,1.0,1.0,0.0,0.0,0.0,1.0
12,145,1.8473352637709288,7.345056119308993,1.0,0.0,0.0,0.0,0.0,0.0
13,145,0.1924011161018735,9.122557856148452,0.0,0.0,0.0,0.0,0.0,1.0
14,145,6.337463602523926,5.40155886717237,1.0,0.0,1.0,0.0,0.0,0.0
15,145,4.982241051615149,2.448037642048534,1.0,0.0,0.0,0.0,0.0,0.0
16,145,3.0241061141622048,11.50136196271398,1.0,0.0,0.0,0.0,1.0,1.0
17,145,8.77403271988725,1.5837900114206998,0.0,0.0,0.0,0.0,0.0,1.0
18,145,0.3894611438771553,6.242339175667087,1.0,0.0,0.0,1.0,0.0,1.0
19,145,5.960501243906035,10.78195316005241,0.0,0.0,1.0,0.0,0.0,0.0
20,145,0.7440491109174023,3.4119371264719307,0.0,0.0,1.0,0.0,0.0,1.0
21,145,9.984394861140052,4.97082251442242,0.0,0.0,1.0,0.0,1.0,0.0
22,145,5.195584567441558,11.657275354959374,1.0,1.0,1.0,0.0,0.0,0.0
23,145,9.246404302789616,1.875778049972333,1.0,0.0,1.0,1.0,0.0,0.0
24,145,8.313635930331605,5.495697793385225,0.0,1.0,0.0,0.0,0.0,1.0
25,145,4.8854548237747775,7.350023156036861,0.0,1.0,1.0,0.0,0.0,1.0
26,145,1.9266443628578764,1.697334289279736,0.0,1.0,1.0,0.0,1.0,0.0
27,145,4.279437109745403,4.554937157812516,0.0,0.0,0.0,1.0,1.0,1.0
28,145,7.009697696773861,10.954423751670948,1.0,1.0,0.0,1.0,1.0,1.0
29,145,8.897078663940354,8.478542104125943,1.0,1.0,0.0,0.0,1.0,0.0
30,145,10.48795770687022,6.327410343501973,1.0,0.0,0.0,1.0,1.0,0.0
31,145,2.100845708949472,5.695333799792023,1.0,0.0,1.0,0.0,0.0,0.0
32,145,2.968243716315843,0.0669611208643666,0.0,0.0,0.0,0.0,0.0,0.0
33,145,8.01760997946337,9.049401082481522,1.0,1.0,0.0,0.0,1.0,0.0
34,145,11.13391750867727,3.2066272465737597,0.0,0.0,0.0,0.0,0.0,1.0
35,145,6.175354779979951,7.562547982864147,0.0,1.0,0.0,0.0,0.0,0.0
36,145,7.244930206506545,4.141489897792504,1.0,1.0,1.0,0.0,1.0,0.0
37,145,9.33938142038544,0.0,0.0,0.0,1.0,0.0,1.0,1.0
38,145,2.1811831178784566,9.423237366959135,0.0,0.0,1.0,0.0,0.0,0.0
39,145,5.117179327779517,2.56862595825565,0.0,0.0,0.0,1.0,0.0,1.0
0,150,7.986948095190185,2.189487901524225,0.0,0.0,0.0,1.0,1.0,0.0
1,150,8.642020788732506,2.7273403889831696,0.0,1.0,1.0,0.0,0.0,0.0
2,150,2.7275887375875887,6.917989192320597,1.0,0.0,1.0,1.0,1.0,1.0
3,150,12.0,10.167197761177572,1.0,1.0,0.0,0.0,0.0,0.0
4,150,10.174894910049868,0.1479660550441024,0.0,1.0,0.0,0.0,0.0,0.0
5,150,8.858197918580622,10.108513270040683,0.0,1.0,1.0,0.0,1.0,0.0
6,150,6.698005071160362,4.393708309555355,0.0,1.0,0.0,0.0,1.0,0.0
7,150,10.803820726994772,12.0,0.0,0.0,0.0,0.0,1.0,1.0
8,150,2.153185221771362,0.0,0.0,0.0,1.0,0.0,0.0,1.0
9,150,6.788802671273245,8.814880160700337,1.0,1.0,1.0,0.0,0.0,1.0
10,150,4.444368073328024,1.871028544907702,0.0,0.0,0.0,0.0,0.0,1.0
11,150,9.92215296511454,3.31890869850516,1.0,1.0,0.0,0.0,0.0,1.0
12,150,1.851828303404634,7.409139370642166,1.0,0.0,0.0,0.0,0.0,0.0
13,150,0.1928691468754042,9.120220814103162,0.0,0.0,0.0,0.0,0.0,1.0
14,150,6.397346458640827,5.468911261826668,1.0,0.0,1.0,0.0,0.0,0.0
15,150,5.069388078359229,2.319879186575581,1.0,0.0,0.0,0.0,0.0,0.0
16,150,3.0011130175953684,11.53912681585788,1.0,0.0,0.0,0.0,1.0,1.0
17,150,8.712043745325582,1.5230839718975795,0.0,0.0,0.0,0.0,0.0,1.0
18,150,0.4032513653026931,6.052794214776011,1.0,0.0,0.0,1.0,0.0,1.0
19,150,5.911813857751837,10.663673303463131,0.0,0.0,1.0,0.0,0.0,0.0
20,150,0.8223701843950488,3.335789549122889,0.0,0.0,1.0,0.0,0.0,1.0
21,150,9.99043535366244,4.986853269107707,0.0,0.0,1.0,0.0,1.0,0.0
22,150,5.196372340151368,11.656513059220869,1.0,1.0,1.0,0.0,0.0,0.0
23,150,9.273832319114334,1.8941296572566733,1.0,0.0,1.0,1.0,0.0,0.0
24,150,8.252840628335319,5.561998715962402,0.0,1.0,0.0,0.0,0.0,1.0
25,150,4.886258139102469,7.352341350049826,0.0,1.0,1.0,0.0,0.0,1.0
26,150,1.869892501182642,1.6344776403783876,0.0,1.0,1.0,0.0,1.0,0.0
27,150,4.296043714763735,4.581265009837015,0.0,0.0,0.0,1.0,1.0,1.0
28,150,7.006594379815263,10.957433705114404,1.0,1.0,0.0,1.0,1.0,1.0
29,150,8.896769103551923,8.482138231925342,1.0,1.0,0.0,0.0,1.0,0.0
30,150,10.59922666283284,6.295460000581527,1.0,0.0,0.0,1.0,1.0,0.0
31,150,2.091845463364262,5.733924177179142,1.0,0.0,1.0,0.0,0.0,0.0
32,150,2.968271111574778,0.0076574608412081,0.0,0.0,0.0,0.0,0.0,0.0
33,150,8.05731421800463,9.090803574634242,1.0,1.0,0.0,0.0,1.0,0.0
34,150,11.18700897330575,3.1968513426152665,0.0,0.0,0.0,0.0,0.0,1.0
35,150,6.095124199714249,7.389895700187506,0.0,1.0,0.0,0.0,0.0,0.0
36,150,7.256463623200764,4.139114619770946,1.0,1.0,1.0,0.0,1.0,0.0
37,150,9.487854953335312,0.0,0.0,0.0,1.0,0.0,1.0,1.0
38,150,2.228858688194824,9.541939955451756,0.0,0.0,1.0,0.0,0.0,0.0
39,150,5.220388966726137,2.5461954219283784,0.0,0.0,0.0,1.0,0.0,1.0
0,155,8.067177834302617,2.104180168458351,0.0,0.0,0.0,1.0,1.0,0.0
1,155,8.673349497946605,2.7654004078651693,0.0,1.0,1.0,0.0,0.0,0.0
2,155,2.6987819930249635,6.862562507114983,1.0,0.0,1.0,1.0,1.0,1.0
3,155,12.0,10.25047212038888,1.0,1.0,0.0,0.0,0.0,0.0
4,155,10.14382016456197,0.1535129006091286,0.0,1.0,0.0,0.0,0.0,0.0
5,155,8.84199265329818,10.12817676609463,0.0,1.0,1.0,0.0,1.0,0.0
6,155,6.790018787773453,4.239811024880341,0.0,1.0,0.0,0.0,1.0,0.0
7,155,10.873273456485736,12.0,0.0,0.0,0.0,0.0,1.0,1.0
8,155,2.2196172620455923,0.0,0.0,0.0,1.0,0.0,0.0,1.0
9,155,6.787070453758245,8.814415179821625,1.0,1.0,1.0,0.0,0.0,1.0
10,155,4.410976639625657,1.8608005194033053,0.0,0.0,0.0,0.0,0.0,1.0
11,155,9.863963195826264,3.2891818167454265,1.0,1.0,0.0,0.0,0.0,1.0
12,155,1.854994859866666,7.449533816001147,1.0,0.0,0.0,0.0,0.0,0.0
13,155,0.1978620549645759,9.09479498488615,0.0,0.0,0.0,0.0,0.0,1.0
14,155,6.457403044149733,5.536529467812165,1.0,0.0,1.0,0.0,0.0,0.0
15,155,5.151360480006384,2.1977783655991936,1.0,0.0,0.0,0.0,0.0,0.0
16,155,2.971527024104798,11.58503438923721,1.0,0.0,0.0,0.0,1.0,1.0
17,155,8.642955241869304,1.4559004638600752,0.0,0.0,0.0,0.0,0.0,1.0
18,155,0.4119384546444465,5.882351371312979,1.0,0.0,0.0,1.0,0.0,1.0
19,155,5.858396769919938,10.532210687273247,0.0,0.0,1.0,0.0,0.0,0.0
20,155,0.8917357329178514,3.2674091032147183,0.0,0.0,1.0,0.0,0.0,1.0
21,155,10.00165227471532,5.016041460769478,0.0,0.0,1.0,0.0,1.0,0.0
22,155,5.223699512736965,11.62858312414189,1.0,1.0,1.0,0.0,0.0,0.0
23,155,9.303423985774218,1.912958464622408,1.0,0.0,1.0,1.0,0.0,0.0
24,155,8.199843591251767,5.618930845262808,0.0,1.0,0.0,0.0,0.0,1.0
25,155,4.877288200755284,7.326388454447442,0.0,1.0,1.0,0.0,0.0,1.0
26,155,1.8143314202881773,1.5727770742938123,0.0,1.0,1.0,0.0,1.0,0.0
27,155,4.318123240024248,4.617320471465861,0.0,0.0,0.0,1.0,1.0,1.0
28,155,6.999888915312822,10.9640314878262,1.0,1.0,0.0,1.0,1.0,1.0
29,155,8.897550997530217,8.472829933736639,1.0,1.0,0.0,0.0,1.0,0.0
30,155,10.72969729354511,6.263604382025823,1.0,0.0,0.0,1.0,1.0,0.0
31,155,2.083960027163537,5.764834257510814,1.0,0.0,1.0,0.0,0.0,0.0
32,155,2.9701819332595374,0.0,0.0,0.0,0.0,0.0,0.0,0.0
33,155,8.095653829118417,9.129855018324044,1.0,1.0,0.0,0.0,1.0,0.0
34,155,11.243147168266429,3.1872052095113736,0.0,0.0,0.0,0.0,0.0,1.0
35,155,6.009179118751661,7.21321879577115,0.0,1.0,0.0,0.0,0.0,0.0
36,155,7.259783925989385,4.138476830636755,1.0,1.0,1.0,0.0,1.0,0.0
37,155,9.633937434010424,0.0,0.0,0.0,1.0,0.0,1.0,1.0
38,155,2.280751844134899,9.677576372680967,0.0,0.0,1.0,0.0,0.0,0.0
39,155,5.327080390813925,2.5255060742602526,0.0,0.0,0.0,1.0,0.0,1.0
0,160,8.151585291076556,2.0129990303073404,0.0,0.0,0.0,1.0,1.0,0.0
1,160,8.705369385828071,2.804054029496936,0.0,1.0,1.0,0.0,0.0,0.0
2,160,2.676239502570473,6.8156961922747445,1.0,0.0,1.0,1.0,1.0,1.0
3,160,12.0,10.324783624926848,1.0,1.0,0.0,0.0,0.0,0.0
4,160,10.109557963997554,0.1595112931552236,0.0,1.0,0.0,0.0,0.0,0.0
5,160,8.80364063268571,10.173020035621631,0.0,1.0,1.0,0.0,1.0,0.0
6,160,6.870752878538182,4.10282318062537,0.0,1.0,0.0,0.0,1.0,0.0
7,160,10.953218517462592,12.0,0.0,0.0,0.0,0.0,1.0,1.0
8,160,2.2815906124211973,0.0,0.0,0.0,1.0,0.0,0.0,1.0
9,160,6.782784544122433,8.813111076197197,1.0,1.0,1.0,0.0,0.0,1.0
10,160,4.385748124347844,1.853760315827964,0.0,0.0,0.0,0.0,0.0,1.0
11,160,9.80889985950753,3.261623893034553,1.0,1.0,0.0,0.0,0.0,1.0
12,160,1.85681875094703,7.474504980937947,1.0,0.0,0.0,0.0,0.0,0.0
13,160,0.2042655106832916,9.064365502185016,0.0,0.0,0.0,0.0,0.0,1.0
14,160,6.516157389098719,5.601488713626088,1.0,0.0,1.0,0.0,0.0,0.0
15,160,5.22843644741777,2.0890089890018624,1.0,0.0,0.0,0.0,0.0,0.0
16,160,2.9439030243316795,11.62698373832189,1.0,0.0,0.0,0.0,1.0,1.0
17,160,8.581857721292474,1.3979686165401324,0.0,0.0,0.0,0.0,0.0,1.0
18,160,0.4236951277139953,5.715844648653087,1.0,0.0,0.0,1.0,0.0,1.0
19,160,5.804771570581813,10.407050494774492,0.0,0.0,1.0,0.0,0.0,0.0
20,160,0.9586476033512674,3.198158632778404,0.0,0.0,1.0,0.0,0.0,1.0
21,160,10.004910885181852,5.0245151321385535,0.0,0.0,1.0,0.0,1.0,0.0
22,160,5.248057568034876,11.603453315658316,1.0,1.0,1.0,0.0,0.0,0.0
23,160,9.27920990444192,1.953325059068972,1.0,0.0,1.0,1.0,0.0,0.0
24,160,8.140464807811455,5.685215920967043,0.0,1.0,0.0,0.0,0.0,1.0
25,160,4.871090776251222,7.308216489580296,0.0,1.0,1.0,0.0,0.0,1.0
26,160,1.7735540505156688,1.5300001106703995,0.0,1.0,1.0,0.0,1.0,0.0
27,160,4.348449399454414,4.6682463511220265,0.0,0.0,0.0,1.0,1.0,1.0
28,160,6.9939958105782525,10.969810446563551,1.0,1.0,0.0,1.0,1.0,1.0
29,160,8.898863191167514,8.453849334018773,1.0,1.0,0.0,0.0,1.0,0.0
30,160,10.868583556849298,6.230794791184239,1.0,0.0,0.0,1.0,1.0,0.0
31,160,2.080465102049897,5.781219413092627,1.0,0.0,1.0,0.0,0.0,0.0
32,160,2.973446382948288,0.0,0.0,0.0,0.0,0.0,0.0,0.0
33,160,8.131784008933703,9.16622945062644,1.0,1.0,0.0,0.0,1.0,0.0
34,160,11.32413419269838,3.172251387452451,0.0,0.0,0.0,0.0,0.0,1.0
35,160,5.91830422033614,7.042175342806982,0.0,1.0,0.0,0.0,0.0,0.0
36,160,7.273120034288525,4.135951140550687,1.0,1.0,1.0,0.0,1.0,0.0
37,160,9.765114499072936,0.0,0.0,0.0,1.0,0.0,1.0,1.0
38,160,2.3310812844378392,9.816371283121333,0.0,0.0,1.0,0.0,0.0,0.0
39,160,5.441111551088573,2.49832321793881,0.0,0.0,0.0,1.0,0.0,1.0
0,165,8.242500410003473,1.9073256351687105,0.0,0.0,0.0,1.0,1.0,0.0
1,165,8.731414988890583,2.83386974341922,0.0,1.0,1.0,0.0,0.0,0.0
2,165,2.6430958471041954,6.75155411818592,1.0,0.0,1.0,1.0,1.0,1.0
3,165,12.0,10.386877400489464,1.0,1.0,0.0,0.0,0.0,0.0
4,165,10.054568880044512,0.1698735539357499,0.0,1.0,0.0,0.0,0.0,0.0
5,165,8.762392267113748,10.22137145106195,0.0,1.0,1.0,0.0,1.0,0.0
6,165,6.954091954148477,3.958333393483489,0.0,1.0,0.0,0.0,1.0,0.0
7,165,11.031663780029666,12.0,0.0,0.0,0.0,0.0,1.0,1.0
8,165,2.348366570390727,0.0,0.0,0.0,1.0,0.0,0.0,1.0
9,165,6.788251380700348,8.814885081778524,1.0,1.0,1.0,0.0,0.0,1.0
10,165,4.379524036005591,1.8521620126130776,0.0,0.0,0.0,0.0,0.0,1.0
11,165,9.740279513180331,3.227273027366586,1.0,1.0,0.0,0.0,0.0,1.0
12,165,1.858754355520928,7.505589210683714,1.0,0.0,0.0,0.0,0.0,0.0
13,165,0.2089031201599482,9.04207809075398,0.0,0.0,0.0,0.0,0.0,1.0
14,165,6.576447205060716,5.670408022698886,1.0,0.0,1.0,0.0,0.0,0.0
15,165,5.299831835476648,1.9865358602179852,1.0,0.0,0.0,0.0,0.0,0.0
16,165,2.910322693101256,11.678070485754748,1.0,0.0,0.0,0.0,1.0,1.0
17,165,8.52694229915681,1.344364033316048,0.0,0.0,0.0,0.0,0.0,1.0
18,165,0.4358423317098404,5.563750302911953,1.0,0.0,0.0,1.0,0.0,1.0
19,165,5.751940964027535,10.28016080500405,0.0,0.0,1.0,0.0,0.0,0.0
20,165,1.0060924196155565,3.1473104869060164,0.0,0.0,1.0,0.0,0.0,1.0
21,165,10.002367094037435,5.01756246120973,0.0,0.0,1.0,0.0,1.0,0.0
22,165,5.272610490096897,11.578240222571573,1.0,1.0,1.0,0.0,0.0,0.0
23,165,9.248572316755087,2.003461802643498,1.0,0.0,1.0,1.0,0.0,0.0
24,165,8.077983226201447,5.7523218889382255,0.0,1.0,0.0,0.0,0.0,1.0
25,165,4.868688204165787,7.301310005196763,0.0,1.0,1.0,0.0,0.0,1.0
26,165,1.7511856465431042,1.5060145078606368,0.0,1.0,1.0,0.0,1.0,0.0
27,165,4.367480010475449,4.700998129579357,0.0,0.0,0.0,1.0,1.0,1.0
28,165,7.000581707756492,10.963559192692427,1.0,1.0,0.0,1.0,1.0,1.0
29,165,8.901172509254263,8.422286048866066,1.0,1.0,0.0,0.0,1.0,0.0
30,165,11.00155131665984,6.1977848341473685,1.0,0.0,0.0,1.0,1.0,0.0
31,165,2.0733675423970186,5.816001602240253,1.0,0.0,1.0,0.0,0.0,0.0
32,165,2.9768826722811026,0.0,0.0,0.0,0.0,0.0,0.0,0.0
33,165,8.179303717716,9.215592364292808,1.0,1.0,0.0,0.0,1.0,0.0
34,165,11.412058109515652,3.152608409206751,0.0,0.0,0.0,0.0,0.0,1.0
35,165,5.821824698802854,6.871040396168189,0.0,1.0,0.0,0.0,0.0,0.0
36,165,7.289136095893041,4.132678444136977,1.0,1.0,1.0,0.0,1.0,0.0
37,165,9.898632568879831,0.0,0.0,0.0,1.0,0.0,1.0,1.0
38,165,2.38350191074003,9.955625850796746,0.0,0.0,1.0,0.0,0.0,0.0
39,165,5.550806839476386,2.470266745310873,0.0,0.0,0.0,1.0,0.0,1.0
0,170,8.338621715523239,1.794271731047515,0.0,0.0,0.0,1.0,1.0,0.0
1,170,8.765570321131088,2.8737143198201034,0.0,1.0,1.0,0.0,0.0,0.0
2,170,2.618953895411038,6.706831384704252,1.0,0.0,1.0,1.0,1.0,1.0
3,170,12.0,10.454205519813907,1.0,1.0,0.0,0.0,0.0,0.0
4,170,10.010334680759566,0.1781612021608721,0.0,1.0,0.0,0.0,0.0,0.0
5,170,8.734043883874183,10.254929904506165,0.0,1.0,1.0,0.0,1.0,0.0
6,170,7.037058775989901,3.816114714736079,0.0,1.0,0.0,0.0,1.0,0.0
7,170,11.104908763514196,12.0,0.0,0.0,0.0,0.0,1.0,1.0
8,170,2.4190900511527693,0.0,0.0,0.0,1.0,0.0,0.0,1.0
9,170,6.791183448462816,8.81572588477078,1.0,1.0,1.0,0.0,0.0,1.0
10,170,4.372623639807692,1.850530487657688,0.0,0.0,0.0,0.0,0.0,1.0
11,170,9.682505018579112,3.1965088915948106,1.0,1.0,0.0,0.0,0.0,1.0
12,170,1.8409256292685765,7.506661853268538,1.0,0.0,0.0,0.0,0.0,0.0
13,170,0.2115821633233339,9.028077020635711,0.0,0.0,0.0,0.0,0.0,1.0
14,170,6.621257547426187,5.719018206089419,1.0,0.0,1.0,0.0,0.0,0.0
15,170,5.386208387457292,1.8646899298123056,1.0,0.0,0.0,0.0,0.0,0.0
16,170,2.893236540985206,11.702674011528174,1.0,0.0,0.0,0.0,1.0,1.0
17,170,8.474668703042525,1.2904959883448168,0.0,0.0,0.0,0.0,0.0,1.0
18,170,0.4469238678866367,5.41257628668389,1.0,0.0,0.0,1.0,0.0,1.0
19,170,5.6984283798840725,10.14759569293808,0.0,0.0,1.0,0.0,0.0,0.0
20,170,1.0537061093849156,3.097198724019134,0.0,0.0,1.0,0.0,0.0,1.0
21,170,9.998489964774237,5.006387226592652,0.0,0.0,1.0,0.0,1.0,0.0
22,170,5.28542563450011,11.564571989790714,1.0,1.0,1.0,0.0,0.0,0.0
23,170,9.229114122226504,2.034263266836867,1.0,0.0,1.0,1.0,0.0,0.0
24,170,8.01628490739991,5.8194721094318735,0.0,1.0,0.0,0.0,0.0,1.0
25,170,4.875686129742066,7.321784121579832,0.0,1.0,1.0,0.0,0.0,1.0
26,170,1.7191025374325548,1.4713311369962772,0.0,1.0,1.0,0.0,1.0,0.0
27,170,4.386269787702023,4.734938505766918,0.0,0.0,0.0,1.0,1.0,1.0
28,170,7.019878854100896,10.945469059724028,1.0,1.0,0.0,1.0,1.0,1.0
29,170,8.903056647232951,8.374540666587173,1.0,1.0,0.0,0.0,1.0,0.0
30,170,11.123900860563843,6.169268727188022,1.0,0.0,0.0,1.0,1.0,0.0
31,170,2.060304328990504,5.875697078059547,1.0,0.0,1.0,0.0,0.0,0.0
32,170,2.982097803503516,0.0,0.0,0.0,0.0,0.0,0.0,0.0
33,170,8.237148168633757,9.27616845753053,1.0,1.0,0.0,0.0,1.0,0.0
34,170,11.480197092566508,3.137364408536249,0.0,0.0,0.0,0.0,0.0,1.0
35,170,5.733322065052045,6.704844434669303,0.0,1.0,0.0,0.0,0.0,0.0
36,170,7.299824793605519,4.13054908477798,1.0,1.0,1.0,0.0,1.0,0.0
37,170,10.044937911715,0.0,0.0,0.0,1.0,0.0,1.0,1.0
38,170,2.448255695272063,10.133138826929896,0.0,0.0,1.0,0.0,0.0,0.0
39,170,5.698889655455621,2.4346554470314885,0.0,0.0,0.0,1.0,0.0,1.0
0,175,8.427606403312632,1.68609813879926,0.0,0.0,0.0,1.0,1.0,0.0
1,175,8.809022488849818,2.925173495810042,0.0,1.0,1.0,0.0,0.0,0.0
2,175,2.595426385043573,6.659283646719494,1.0,0.0,1.0,1.0,1.0,1.0
3,175,12.0,10.54613078012086,1.0,1.0,0.0,0.0,0.0,0.0
4,175,9.987036921568588,0.182288973206376,0.0,1.0,0.0,0.0,0.0,0.0
5,175,8.705128084223587,10.287934984596795,0.0,1.0,1.0,0.0,1.0,0.0
6,175,7.125110821278159,3.6583702705453263,0.0,1.0,0.0,0.0,1.0,0.0
7,175,11.176004532727935,12.0,0.0,0.0,0.0,0.0,1.0,1.0
8,175,2.489233075918532,0.0,0.0,0.0,1.0,0.0,0.0,1.0
9,175,6.807953443756873,8.820540545764459,1.0,1.0,1.0,0.0,0.0,1.0
10,175,4.35739458744717,1.846579553859752,0.0,0.0,0.0,0.0,0.0,1.0
11,175,9.607466398213193,3.156151784895335,1.0,1.0,0.0,0.0,0.0,1.0
12,175,1.8300765961789576,7.507503294690544,1.0,0.0,0.0,0.0,0.0,0.0
13,175,0.2139239036175615,9.028524103598862,0.0,0.0,0.0,0.0,0.0,1.0
14,175,6.682325211644905,5.781777894199059,1.0,0.0,1.0,0.0,0.0,0.0
15,175,5.472673815353636,1.7415652347106212,1.0,0.0,0.0,0.0,0.0,0.0
16,175,2.8726666573232604,11.732007793021838,1.0,0.0,0.0,0.0,1.0,1.0
17,175,8.407402655106115,1.2178887668617042,0.0,0.0,0.0,0.0,0.0,1.0
18,175,0.4575673933925098,5.247336792323709,1.0,0.0,0.0,1.0,0.0,1.0
19,175,5.587413676562215,10.189860507778114,0.0,0.0,1.0,0.0,0.0,0.0
20,175,1.1065254451605449,3.0437766627347584,0.0,0.0,1.0,0.0,0.0,1.0
21,175,9.988138892163338,4.974570728629674,0.0,0.0,1.0,0.0,1.0,0.0
22,175,5.293521179357996,11.556007914371886,1.0,1.0,1.0,0.0,0.0,0.0
23,175,9.222065940201258,2.045468208334396,1.0,0.0,1.0,1.0,0.0,0.0
24,175,7.945682611391157,5.891586056134001,0.0,1.0,0.0,0.0,0.0,1.0
25,175,4.88254946047996,7.341630887402263,0.0,1.0,1.0,0.0,0.0,1.0
26,175,1.6839514535929847,1.430871220706316,0.0,1.0,1.0,0.0,1.0,0.0
27,175,4.410440986623743,4.780907098130436,0.0,0.0,0.0,1.0,1.0,1.0
28,175,7.001080072166799,10.924677275777862,1.0,1.0,0.0,1.0,1.0,1.0
29,175,8.905092973341544,8.32222414218963,1.0,1.0,0.0,0.0,1.0,0.0
30,175,11.256365862131602,6.141083414766066,1.0,0.0,0.0,1.0,1.0,0.0
31,175,2.0454393118086878,5.941273017299867,1.0,0.0,1.0,0.0,0.0,0.0
32,175,2.986765074828567,0.0,0.0,0.0,0.0,0.0,0.0,0.0
33,175,8.287349004225788,9.328931681549337,1.0,1.0,0.0,0.0,1.0,0.0
34,175,11.553958330560546,3.1203820775254774,0.0,0.0,0.0,0.0,0.0,1.0
35,175,5.644853061162524,6.544581033280193,0.0,1.0,0.0,0.0,0.0,0.0
36,175,7.308574952271609,4.128817912757261,1.0,1.0,1.0,0.0,1.0,0.0
37,175,10.178398844930625,0.0,0.0,0.0,1.0,0.0,1.0,1.0
38,175,2.5103398384359545,10.305580459193427,0.0,0.0,1.0,0.0,0.0,0.0
39,175,5.843176923414894,2.404843365502799,0.0,0.0,0.0,1.0,0.0,1.0
0,180,8.510927959373944,1.5843775959690778,0.0,0.0,0.0,1.0,1.0,0.0
1,180,8.843279692535228,2.965220963691786,0.0,1.0,1.0,0.0,0.0,0.0
2,180,2.574188033558014,6.6139350044487335,1.0,0.0,1.0,1.0,1.0,1.0
3,180,12.0,10.634986681196745,1.0,1.0,0.0,0.0,0.0,0.0
4,180,9.955723808281183,0.1876186044139602,0.0,1.0,0.0,0.0,0.0,0.0
5,180,8.684935748464476,10.310303466169554,0.0,1.0,1.0,0.0,1.0,0.0
6,180,7.213351025086812,3.507745721623264,0.0,1.0,0.0,0.0,1.0,0.0
7,180,11.24264393887069,12.0,0.0,0.0,0.0,0.0,1.0,1.0
8,180,2.56737836799315,0.0,0.0,0.0,1.0,0.0,0.0,1.0
9,180,6.823330549219602,8.82501632603197,1.0,1.0,1.0,0.0,0.0,1.0
10,180,4.36101970291649,1.847443852531714,0.0,0.0,0.0,0.0,0.0,1.0
11,180,9.547175885340687,3.122599121524532,1.0,1.0,0.0,0.0,0.0,1.0
12,180,1.808664103729385,7.509474183158864,1.0,0.0,0.0,0.0,0.0,0.0
13,180,0.2212909083107841,9.030009142519232,0.0,0.0,0.0,0.0,0.0,1.0
14,180,6.724517592121654,5.824660465850501,1.0,0.0,1.0,0.0,0.0,0.0
15,180,5.56440690226739,1.6137420880268474,1.0,0.0,0.0,0.0,0.0,0.0
16,180,2.8603715274814534,11.74957078623171,1.0,0.0,0.0,0.0,1.0,1.0
17,180,8.333156588734159,1.1401707522309663,0.0,0.0,0.0,0.0,0.0,1.0
18,180,0.4690665579759568,5.107898119902842,1.0,0.0,0.0,1.0,0.0,1.0
19,180,5.476898857703266,10.23042919800311,0.0,0.0,1.0,0.0,0.0,0.0
20,180,1.166790863616671,2.983323035902772,0.0,0.0,1.0,0.0,0.0,1.0
21,180,10.015945966895757,4.964534662266792,0.0,0.0,1.0,0.0,1.0,0.0
22,180,5.291000780527452,11.558585131340472,1.0,1.0,1.0,0.0,0.0,0.0
23,180,9.216442041189843,2.054049769911672,1.0,0.0,1.0,1.0,0.0,0.0
24,180,7.881789450270081,5.952148995016943,0.0,1.0,0.0,0.0,0.0,1.0
25,180,4.892959656177016,7.373025674664408,0.0,1.0,1.0,0.0,0.0,1.0
26,180,1.6593101658155718,1.403388955569904,0.0,1.0,1.0,0.0,1.0,0.0
27,180,4.4354346619661245,4.829825429003221,0.0,0.0,0.0,1.0,1.0,1.0
28,180,6.9855675666440975,10.908553124310265,1.0,1.0,0.0,1.0,1.0,1.0
29,180,8.908817248876257,8.274316705967893,1.0,1.0,0.0,0.0,1.0,0.0
30,180,11.38468412329125,6.116824717994817,1.0,0.0,0.0,1.0,1.0,0.0
31,180,2.0266856357113854,6.021307686743777,1.0,0.0,1.0,0.0,0.0,0.0
32,180,2.9890129429819603,0.0,0.0,0.0,0.0,0.0,0.0,0.0
33,180,8.333067631962873,9.378089289952856,1.0,1.0,0.0,0.0,1.0,0.0
34,180,11.615775742965791,3.105515935173975,0.0,0.0,0.0,0.0,0.0,1.0
35,180,5.5527202307252885,6.371399132791965,0.0,1.0,0.0,0.0,0.0,0.0
36,180,7.3268036840233695,4.125132633331805,1.0,1.0,1.0,0.0,1.0,0.0
37,180,10.32419701023634,0.0,0.0,0.0,1.0,0.0,1.0,1.0
38,180,2.578938090406388,10.485879913819296,0.0,0.0,1.0,0.0,0.0,0.0
39,180,5.980547103447428,2.379034666147511,0.0,0.0,0.0,1.0,0.0,1.0
0,185,8.611901209372958,1.4625275938313125,0.0,0.0,0.0,1.0,1.0,0.0
1,185,8.866430736882226,2.992693965507784,0.0,1.0,1.0,0.0,0.0,0.0
2,185,2.5637792833822437,6.589164836243356,1.0,0.0,1.0,1.0,1.0,1.0
3,185,12.0,10.72449886629401,1.0,1.0,0.0,0.0,0.0,0.0
4,185,9.92851234202152,0.1919376528987755,0.0,1.0,0.0,0.0,0.0,0.0
5,185,8.685728441261599,10.30942467188278,0.0,1.0,1.0,0.0,1.0,0.0
6,185,7.300915498686169,3.351107785620436,0.0,1.0,0.0,0.0,1.0,0.0
7,185,11.30354931742636,12.0,0.0,0.0,0.0,0.0,1.0,1.0
8,185,2.643665868700354,0.0,0.0,0.0,1.0,0.0,0.0,1.0
9,185,6.825438368285294,8.825592768982716,1.0,1.0,1.0,0.0,0.0,1.0
10,185,4.388361934742828,1.8543608529644957,0.0,0.0,0.0,0.0,0.0,1.0
11,185,9.516523440372248,3.104857017807882,1.0,1.0,0.0,0.0,0.0,1.0
12,185,1.787372605058552,7.511375702516605,1.0,0.0,0.0,0.0,0.0,0.0
13,185,0.2266815977871631,9.031058125377555,0.0,0.0,0.0,0.0,0.0,1.0
14,185,6.772938055974213,5.872581237125215,1.0,0.0,1.0,0.0,0.0,0.0
15,185,5.64145245972343,1.50358788871134,1.0,0.0,0.0,0.0,0.0,0.0
16,185,2.8444299623449574,11.772624381923112,1.0,0.0,0.0,0.0,1.0,1.0
17,185,8.25018079501437,1.0512441577440823,0.0,0.0,0.0,0.0,0.0,1.0
18,185,0.4800472619563305,4.969582254380031,1.0,0.0,0.0,1.0,0.0,1.0
19,185,5.358533086638329,10.275576595275156,0.0,0.0,1.0,0.0,0.0,0.0
20,185,1.220221272307066,2.931345939080242,0.0,0.0,1.0,0.0,0.0,1.0
21,185,10.04616422530418,4.953793255690577,0.0,0.0,1.0,0.0,1.0,0.0
22,185,5.272745111811272,11.576886173589989,1.0,1.0,1.0,0.0,0.0,0.0
23,185,9.222576243416263,2.0453045517274258,1.0,0.0,1.0,1.0,0.0,0.0
24,185,7.815693403578338,6.014172471224267,0.0,1.0,0.0,0.0,0.0,1.0
25,185,4.911054639766515,7.421486874955293,0.0,1.0,1.0,0.0,0.0,1.0
26,185,1.6297202010468368,1.3717681818927767,0.0,1.0,1.0,0.0,1.0,0.0
27,185,4.45385996722738,4.866794830942571,0.0,0.0,0.0,1.0,1.0,1.0
28,185,6.976418415229194,10.899070282982558,1.0,1.0,0.0,1.0,1.0,1.0
29,185,8.913802370278217,8.218260063449273,1.0,1.0,0.0,0.0,1.0,0.0
30,185,11.52882606116445,6.086980373427219,1.0,0.0,0.0,1.0,1.0,0.0
31,185,2.003914565157269,6.105397650094625,1.0,0.0,1.0,0.0,0.0,0.0
32,185,2.9901496870586795,0.0,0.0,0.0,0.0,0.0,0.0,0.0
33,185,8.372193371409047,9.420092731554202,1.0,1.0,0.0,0.0,1.0,0.0
34,185,11.708019571226936,3.0802941633487566,0.0,0.0,0.0,0.0,0.0,1.0
35,185,5.468477568912725,6.19968294861337,0.0,1.0,0.0,0.0,0.0,0.0
36,185,7.329602377248331,4.12459542030332,1.0,1.0,1.0,0.0,1.0,0.0
37,185,10.472676612256238,0.0,0.0,0.0,1.0,0.0,1.0,1.0
38,185,2.640850705100838,10.639413298117326,0.0,0.0,1.0,0.0,0.0,0.0
39,185,6.119813736251793,2.3505885270342883,0.0,0.0,0.0,1.0,0.0,1.0
0,190,8.695939291021006,1.3562750298464896,0.0,0.0,0.0,1.0,1.0,0.0
1,190,8.885166680432182,3.01348389752553,0.0,1.0,1.0,0.0,0.0,0.0
2,190,2.55219037640101,6.562750973206446,1.0,0.0,1.0,1.0,1.0,1.0
3,190,12.0,10.813233303775217,1.0,1.0,0.0,0.0,0.0,0.0
4,190,9.914006374749704,0.1941141598097303,0.0,1.0,0.0,0.0,0.0,0.0
5,190,8.673028396952422,10.323130378741892,0.0,1.0,1.0,0.0,1.0,0.0
6,190,7.386091221706743,3.191215165370087,0.0,1.0,0.0,0.0,1.0,0.0
7,190,11.359224357114696,12.0,0.0,0.0,0.0,0.0,1.0,1.0
8,190,2.7274364907971163,0.0,0.0,0.0,1.0,0.0,0.0,1.0
9,190,6.818901428648373,8.823776036044293,1.0,1.0,1.0,0.0,0.0,1.0
10,190,4.432080411296321,1.8661491713999363,0.0,0.0,0.0,0.0,0.0,1.0
11,190,9.470294185733293,3.077112713816556,1.0,1.0,0.0,0.0,0.0,1.0
12,190,1.7650240956175451,7.513773662810525,1.0,0.0,0.0,0.0,0.0,0.0
13,190,0.2375270932095694,9.033154734357923,0.0,0.0,0.0,0.0,0.0,1.0
14,190,6.809563101240959,5.907435372031095,1.0,0.0,1.0,0.0,0.0,0.0
15,190,5.713300250213215,1.4035617134181535,1.0,0.0,0.0,0.0,0.0,0.0
16,190,2.833592709340317,11.788791824548596,1.0,0.0,0.0,0.0,1.0,1.0
17,190,8.14781281663693,0.9460851079310056,0.0,0.0,0.0,0.0,0.0,1.0
18,190,0.4928493410956311,4.8243535696786335,1.0,0.0,0.0,1.0,0.0,1.0
19,190,5.257948678207501,10.314459103550558,0.0,0.0,1.0,0.0,0.0,0.0
20,190,1.2861575093386803,2.866514858378329,0.0,0.0,1.0,0.0,0.0,1.0
21,190,10.071429826388266,4.945382766996335,0.0,0.0,1.0,0.0,1.0,0.0
22,190,5.260548755212507,11.589508306947817,1.0,1.0,1.0,0.0,0.0,0.0
23,190,9.229228296575297,2.0354850229423804,1.0,0.0,1.0,1.0,0.0,0.0
24,190,7.741470892223506,6.083903842035835,0.0,1.0,0.0,0.0,0.0,1.0
25,190,4.924717466223279,7.460385708388771,0.0,1.0,1.0,0.0,0.0,1.0
26,190,1.5982257703906442,1.337910592100802,0.0,1.0,1.0,0.0,1.0,0.0
27,190,4.477069091884354,4.913152277907495,0.0,0.0,0.0,1.0,1.0,1.0
28,190,6.960684424337304,10.882846748271849,1.0,1.0,0.0,1.0,1.0,1.0
29,190,8.919828672508498,8.16089921458142,1.0,1.0,0.0,0.0,1.0,0.0
30,190,11.677429575274736,6.057695624787506,1.0,0.0,0.0,1.0,1.0,0.0
31,190,1.9791116458717064,6.188132560443004,1.0,0.0,1.0,0.0,0.0,0.0
32,190,2.988960202019517,0.0145872152595368,0.0,0.0,0.0,0.0,0.0,0.0
33,190,8.336090822011256,9.453381930562662,1.0,1.0,0.0,0.0,1.0,0.0
34,190,11.786605518993134,3.057517778333145,0.0,0.0,0.0,0.0,0.0,1.0
35,190,5.392321907130551,6.03805871882597,0.0,1.0,0.0,0.0,0.0,0.0
36,190,7.319424105681295,4.126723240111708,1.0,1.0,1.0,0.0,1.0,0.0
37,190,10.617991916186329,0.0,0.0,0.0,1.0,0.0,1.0,1.0
38,190,2.7095032055567487,10.803727374593963,0.0,0.0,1.0,0.0,0.0,0.0
39,190,6.268991426798857,2.317534577966966,0.0,0.0,0.0,1.0,0.0,1.0
0,195,8.79300856141936,1.234671916524595,0.0,0.0,0.0,1.0,1.0,0.0
1,195,8.888516524610264,3.010337689625443,0.0,1.0,1.0,0.0,0.0,0.0
2,195,2.542538054039845,6.540937330138014,1.0,0.0,1.0,1.0,1.0,1.0
3,195,12.0,10.909694248307009,1.0,1.0,0.0,0.0,0.0,0.0
4,195,9.880105590068606,0.1982439031848111,0.0,1.0,0.0,0.0,0.0,0.0
5,195,8.65868652776191,10.339357796122902,0.0,1.0,1.0,0.0,1.0,0.0
6,195,7.45824378245191,3.0590712255906274,0.0,1.0,0.0,0.0,1.0,0.0
7,195,11.405628945475188,12.0,0.0,0.0,0.0,0.0,1.0,1.0
8,195,2.802551134490092,0.0,0.0,0.0,1.0,0.0,0.0,1.0
9,195,6.801083254367513,8.818753515799335,1.0,1.0,1.0,0.0,0.0,1.0
10,195,4.486768353566542,1.88007918972392,0.0,0.0,0.0,0.0,0.0,1.0
11,195,9.42649826438071,3.0485011716326835,1.0,1.0,0.0,0.0,0.0,1.0
12,195,1.7366801413820536,7.516622768037869,1.0,0.0,0.0,0.0,0.0,0.0
13,195,0.2547735744060995,9.036539877673338,0.0,0.0,0.0,0.0,0.0,1.0
14,195,6.858201310972164,5.955584780169976,1.0,0.0,1.0,0.0,0.0,0.0
15,195,5.780279405208436,1.3074317323989442,1.0,0.0,0.0,0.0,0.0,0.0
16,195,2.823383557568033,11.802398937766112,1.0,0.0,0.0,0.0,1.0,1.0
17,195,8.048451630792606,0.8458397227597677,0.0,0.0,0.0,0.0,0.0,1.0
18,195,0.5043106458983759,4.667389616566545,1.0,0.0,0.0,1.0,0.0,1.0
19,195,5.212759581861242,10.19384846174585,0.0,0.0,1.0,0.0,0.0,0.0
20,195,1.354264474405683,2.7959913533822784,0.0,0.0,1.0,0.0,0.0,1.0
21,195,10.107851404907512,4.933188487256078,0.0,0.0,1.0,0.0,1.0,0.0
22,195,5.240631237410779,11.609822467682452,1.0,1.0,1.0,0.0,0.0,0.0
23,195,9.229207571556527,2.035516877542754,1.0,0.0,1.0,1.0,0.0,0.0
24,195,7.664042900471076,6.153217198799159,0.0,1.0,0.0,0.0,0.0,1.0
25,195,4.936523569442424,7.496539436736625,0.0,1.0,1.0,0.0,0.0,1.0
26,195,1.5882974456939374,1.3270215840471988,0.0,1.0,1.0,0.0,1.0,0.0
27,195,4.502094090579146,4.968131013518555,0.0,0.0,0.0,1.0,1.0,1.0
28,195,6.943796068493247,10.865680353998778,1.0,1.0,0.0,1.0,1.0,1.0
29,195,8.925899016428751,8.103713532531836,1.0,1.0,0.0,0.0,1.0,0.0
30,195,11.811471570474794,6.029191272918693,1.0,0.0,0.0,1.0,1.0,0.0
31,195,1.949897382471892,6.277722645717724,1.0,0.0,1.0,0.0,0.0,0.0
32,195,2.9862172310751656,0.0596627239007608,0.0,0.0,0.0,0.0,0.0,0.0
33,195,8.297121952523907,9.48840724207517,1.0,1.0,0.0,0.0,1.0,0.0
34,195,11.867237324457143,3.0322275226643387,0.0,0.0,0.0,0.0,0.0,1.0
35,195,5.300281391333304,5.833436239557146,0.0,1.0,0.0,0.0,0.0,0.0
36,195,7.320012026476807,4.126601848656508,1.0,1.0,1.0,0.0,1.0,0.0
37,195,10.776305207913122,0.0,0.0,0.0,1.0,0.0,1.0,1.0
38,195,2.7725909701983205,10.95281954981632,0.0,0.0,1.0,0.0,0.0,0.0
39,195,6.457483799416372,2.274222272045196,0.0,0.0,0.0,1.0,0.0,1.0
0,200,8.892039151439,1.1061102342623508,0.0,0.0,0.0,1.0,1.0,0.0
1,200,8.89180150775932,3.007290585282393,0.0,1.0,1.0,0.0,0.0,0.0
2,200,2.5288991384800705,6.507924578027652,1.0,0.0,1.0,1.0,1.0,1.0
3,200,12.0,11.001905710259289,1.0,1.0,0.0,0.0,0.0,0.0
4,200,9.838526400904389,0.2030082633145313,0.0,1.0,0.0,0.0,0.0,0.0
5,200,8.635396900068336,10.366156826877708,0.0,1.0,1.0,0.0,1.0,0.0
6,200,7.538606666151517,2.9114461731632217,0.0,1.0,0.0,0.0,1.0,0.0
7,200,11.435432008704293,12.0,0.0,0.0,0.0,0.0,1.0,1.0
8,200,2.883796216866012,0.0,0.0,0.0,1.0,0.0,0.0,1.0
9,200,6.802572940119691,8.81918132356972,1.0,1.0,1.0,0.0,0.0,1.0
10,200,4.529232371066073,1.8918077241279767,0.0,0.0,0.0,0.0,0.0,1.0
11,200,9.37665159112415,3.015651688038398,1.0,1.0,0.0,0.0,0.0,1.0
12,200,1.7032956410429076,7.519174922060936,1.0,0.0,0.0,0.0,0.0,0.0
13,200,0.2641799930669073,9.03871520191488,0.0,0.0,0.0,0.0,0.0,1.0
14,200,6.906601730913556,6.004814803074269,1.0,0.0,1.0,0.0,0.0,0.0
15,200,5.842525540045504,1.2212099196761237,1.0,0.0,0.0,0.0,0.0,0.0
16,200,2.807850551794127,11.823300359283078,1.0,0.0,0.0,0.0,1.0,1.0
17,200,8.144047478277152,0.7469589569269345,0.0,0.0,0.0,0.0,0.0,1.0
18,200,0.5149251742935992,4.521905303678588,1.0,0.0,0.0,1.0,0.0,1.0
19,200,5.160756353269889,10.074159930655314,0.0,0.0,1.0,0.0,0.0,0.0
20,200,1.4414825575402177,2.703792798115001,0.0,0.0,1.0,0.0,0.0,1.0
21,200,10.165521740092531,4.914385609887385,0.0,0.0,1.0,0.0,1.0,0.0
22,200,5.207326953245692,11.64208147659629,1.0,1.0,1.0,0.0,0.0,0.0
23,200,9.237601962001712,2.0233647772608805,1.0,0.0,1.0,1.0,0.0,0.0
24,200,7.59870403561047,6.208465710410253,0.0,1.0,0.0,0.0,0.0,1.0
25,200,4.947036008312719,7.5267911347668575,0.0,1.0,1.0,0.0,0.0,1.0
26,200,1.575850612358261,1.313424832310106,0.0,1.0,1.0,0.0,1.0,0.0
27,200,4.5308191926005055,5.030137128309762,0.0,0.0,0.0,1.0,1.0,1.0
28,200,6.940422752273251,10.862269497024975,1.0,1.0,0.0,1.0,1.0,1.0
29,200,8.92914256357152,8.072872709441349,1.0,1.0,0.0,0.0,1.0,0.0
30,200,11.944442727924809,5.998727604046685,1.0,0.0,0.0,1.0,1.0,0.0
31,200,1.91942425050792,6.367989408778116,1.0,0.0,1.0,0.0,0.0,0.0
32,200,2.982079662792328,0.1200493960958704,0.0,0.0,0.0,0.0,0.0,0.0
33,200,8.234475380786993,9.544620202796644,1.0,1.0,0.0,0.0,1.0,0.0
34,200,11.945224747690691,3.009089292232556,0.0,0.0,0.0,0.0,0.0,1.0
35,200,5.201402235529292,5.624637165812764,0.0,1.0,0.0,0.0,0.0,0.0
36,200,7.311628389914073,4.128501375565903,1.0,1.0,1.0,0.0,1.0,0.0
37,200,10.939340705456964,0.0,0.0,0.0,1.0,0.0,1.0,1.0
38,200,2.8497207979253103,11.114192518373889,0.0,0.0,1.0,0.0,0.0,0.0
39,200,6.63983592549377,2.2265912317210184,0.0,0.0,0.0,1.0,0.0,1.0
0,205,8.99535388880366,0.9681857697699344,0.0,0.0,0.0,1.0,1.0,0.0
1,205,8.908133483140531,2.991328542726281,0.0,1.0,1.0,0.0,0.0,0.0
2,205,2.5175723322467563,6.480120322396737,1.0,0.0,1.0,1.0,1.0,1.0
3,205,12.0,11.102976307918624,1.0,1.0,0.0,0.0,0.0,0.0
4,205,9.800906321279813,0.2064556046112958,0.0,1.0,0.0,0.0,0.0,0.0
5,205,8.604415798693022,10.401275344847896,0.0,1.0,1.0,0.0,1.0,0.0
6,205,7.62639051055178,2.7456686978684783,0.0,1.0,0.0,0.0,1.0,0.0
7,205,11.478522559601176,12.0,0.0,0.0,0.0,0.0,1.0,1.0
8,205,2.967794789273161,0.0,0.0,0.0,1.0,0.0,0.0,1.0
9,205,6.810993810764552,8.82153663802246,1.0,1.0,1.0,0.0,0.0,1.0
10,205,4.56216296672654,1.9009095485187373,0.0,0.0,0.0,0.0,0.0,1.0
11,205,9.3170557927462,2.975841501795811,1.0,1.0,0.0,0.0,0.0,1.0
12,205,1.6597053011164622,7.522243266747273,1.0,0.0,0.0,0.0,0.0,0.0
13,205,0.281755167454592,9.04288439179465,0.0,0.0,0.0,0.0,0.0,1.0
14,205,6.9341787476181,6.032063612452136,1.0,0.0,1.0,0.0,0.0,0.0
15,205,5.91740077187873,1.120167251157115,1.0,0.0,0.0,0.0,0.0,0.0
16,205,2.7896737493290584,11.84760480191052,1.0,0.0,0.0,0.0,1.0,1.0
17,205,8.25625731875613,0.6311534574660995,0.0,0.0,0.0,0.0,0.0,1.0
18,205,0.5234557882519117,4.373512803565417,1.0,0.0,0.0,1.0,0.0,1.0
19,205,5.102594877653298,9.942900641861163,0.0,0.0,1.0,0.0,0.0,0.0
20,205,1.5355460040976572,2.5998638195228527,0.0,0.0,1.0,0.0,0.0,1.0
21,205,10.218819326433705,4.899020439031642,0.0,0.0,1.0,0.0,1.0,0.0
22,205,5.158127742101444,11.689151556364935,1.0,1.0,1.0,0.0,0.0,0.0
23,205,9.244287293875397,2.01418211655333,1.0,0.0,1.0,1.0,0.0,0.0
24,205,7.543076867785865,6.254001610976077,0.0,1.0,0.0,0.0,0.0,1.0
25,205,4.952685504254918,7.543331185380804,0.0,1.0,1.0,0.0,0.0,1.0
26,205,1.5491268111424228,1.2828067303305124,0.0,1.0,1.0,0.0,1.0,0.0
27,205,4.567651230479196,5.105045215744763,0.0,0.0,0.0,1.0,1.0,1.0
28,205,6.922905341046147,10.844733251857098,1.0,1.0,0.0,1.0,1.0,1.0
29,205,8.933288586976895,8.033492413766051,1.0,1.0,0.0,0.0,1.0,0.0
30,205,12.0,5.967829626965157,1.0,0.0,0.0,1.0,1.0,0.0
31,205,1.8878941955817368,6.465150106898163,1.0,0.0,1.0,0.0,0.0,0.0
32,205,2.9786138660899844,0.166563450927283,0.0,0.0,0.0,0.0,0.0,0.0
33,205,8.171099490278571,9.60158924496421,1.0,1.0,0.0,0.0,1.0,0.0
34,205,12.0,2.98442310321914,0.0,0.0,0.0,0.0,0.0,1.0
35,205,5.109673255217165,5.435853645962004,0.0,1.0,0.0,0.0,0.0,0.0
36,205,7.289810598264584,4.133794345181418,1.0,1.0,1.0,0.0,1.0,0.0
37,205,11.099483753320518,0.0,0.0,0.0,1.0,0.0,1.0,1.0
38,205,2.92451756665332,11.266613709889848,0.0,0.0,1.0,0.0,0.0,0.0
39,205,6.826453002857358,2.181116614881988,0.0,0.0,0.0,1.0,0.0,1.0
0,210,9.10089763890425,0.827086711539758,0.0,0.0,0.0,1.0,1.0,0.0
1,210,8.911381518364845,2.988210075315662,0.0,1.0,1.0,0.0,0.0,0.0
2,210,2.5089530275806604,6.460313082188216,1.0,0.0,1.0,1.0,1.0,1.0
3,210,12.0,11.202822504335549,1.0,1.0,0.0,0.0,0.0,0.0
4,210,9.732356908911765,0.2117435148396358,0.0,1.0,0.0,0.0,0.0,0.0
5,210,8.566794530613073,10.44549960819506,0.0,1.0,1.0,0.0,1.0,0.0
6,210,7.711101188310258,2.5784125543540592,0.0,1.0,0.0,0.0,1.0,0.0
7,210,11.521230332499329,12.0,0.0,0.0,0.0,0.0,1.0,1.0
8,210,3.058195070523644,0.0,0.0,0.0,1.0,0.0,0.0,1.0
9,210,6.815809749011304,8.822947046632938,1.0,1.0,1.0,0.0,0.0,1.0
10,210,4.578235314054017,1.9057925089960817,0.0,0.0,0.0,0.0,0.0,1.0
11,210,9.258936840340985,2.9357823503000184,1.0,1.0,0.0,0.0,0.0,1.0
12,210,1.6136314230920108,7.525280816283756,1.0,0.0,0.0,0.0,0.0,0.0
13,210,0.2764356905888844,9.041509280406649,0.0,0.0,0.0,0.0,0.0,1.0
14,210,6.962844120806355,6.05934459088889,1.0,0.0,1.0,0.0,0.0,0.0
15,210,5.985684837559984,1.0266539021242465,1.0,0.0,0.0,0.0,0.0,0.0
16,210,2.767728987651756,11.878084494765217,1.0,0.0,0.0,0.0,1.0,1.0
17,210,8.381656046112042,0.4999225901835277,0.0,0.0,0.0,0.0,0.0,1.0
18,210,0.5343252551954395,4.221204887277514,1.0,0.0,0.0,1.0,0.0,1.0
19,210,5.046811070690361,9.820894242594685,0.0,0.0,1.0,0.0,0.0,0.0
20,210,1.6198336548956351,2.509664493245073,0.0,0.0,1.0,0.0,0.0,1.0
21,210,10.258387911454935,4.887487849748985,0.0,0.0,1.0,0.0,1.0,0.0
22,210,5.111196782649253,11.733659544190733,1.0,1.0,1.0,0.0,0.0,0.0
23,210,9.25935313594064,1.9934414132682976,1.0,0.0,1.0,1.0,0.0,0.0
24,210,7.4887992390502784,6.300274041109132,0.0,1.0,0.0,0.0,0.0,1.0
25,210,4.950700455327704,7.538012766447498,0.0,1.0,1.0,0.0,0.0,1.0
26,210,1.5158118237382083,1.2441820069999354,0.0,1.0,1.0,0.0,1.0,0.0
27,210,4.596994375295286,5.16226918439283,0.0,0.0,0.0,1.0,1.0,1.0
28,210,6.901930757395602,10.824385870149968,1.0,1.0,0.0,1.0,1.0,1.0
29,210,8.939753688264009,7.986695842402772,1.0,1.0,0.0,0.0,1.0,0.0
30,210,12.0,5.93479183780049,1.0,0.0,0.0,1.0,1.0,0.0
31,210,1.8475968047114768,6.58480000485573,1.0,0.0,1.0,0.0,0.0,0.0
32,210,2.974897467310952,0.2305245667787081,0.0,0.0,0.0,0.0,0.0,0.0
33,210,8.121090158502692,9.646790790961903,1.0,1.0,0.0,0.0,1.0,0.0
34,210,12.0,2.9618928157041897,0.0,0.0,0.0,0.0,0.0,1.0
35,210,5.021951615076223,5.244722071795033,0.0,1.0,0.0,0.0,0.0,0.0
36,210,7.25533353509015,4.1418881916301125,1.0,1.0,1.0,0.0,1.0,0.0
37,210,11.269402835498816,0.0,0.0,0.0,1.0,0.0,1.0,1.0
38,210,3.074756513081561,11.188244807000148,0.0,0.0,1.0,0.0,0.0,0.0
39,210,7.007630865178863,2.135541859250903,0.0,0.0,0.0,1.0,0.0,1.0
0,215,9.198727112764546,0.6939224571625366,0.0,0.0,0.0,1.0,1.0,0.0
1,215,8.919001684150901,2.9809851093981465,0.0,1.0,1.0,0.0,0.0,0.0
2,215,2.502337805847903,6.446356210490428,1.0,0.0,1.0,1.0,1.0,1.0
3,215,12.0,11.279668422565978,1.0,1.0,0.0,0.0,0.0,0.0
4,215,9.678146736355156,0.2167452553828806,0.0,1.0,0.0,0.0,0.0,0.0
5,215,8.519041056173265,10.502789378771594,0.0,1.0,1.0,0.0,1.0,0.0
6,215,7.796256754745649,2.405482675885012,0.0,1.0,0.0,0.0,1.0,0.0
7,215,11.566832973578236,12.0,0.0,0.0,0.0,0.0,1.0,1.0
8,215,3.1326633877933263,0.0,0.0,0.0,1.0,0.0,0.0,1.0
9,215,6.837827873883292,8.829488884824272,1.0,1.0,1.0,0.0,0.0,1.0
10,215,4.600186963577438,1.912632148653364,0.0,0.0,0.0,0.0,0.0,1.0
11,215,9.211286348506132,2.899344720572929,1.0,1.0,0.0,0.0,0.0,1.0
12,215,1.5578930656408485,7.526475839193109,1.0,0.0,0.0,0.0,0.0,0.0
13,215,0.2789043549778444,9.04217140984441,0.0,0.0,0.0,0.0,0.0,1.0
14,215,6.981611928604894,6.077389772263567,1.0,0.0,1.0,0.0,0.0,0.0
15,215,6.061351874442528,0.922367453605318,1.0,0.0,0.0,0.0,0.0,0.0
16,215,2.7550912090383743,11.89463801737333,1.0,0.0,0.0,0.0,1.0,1.0
17,215,8.521774643492925,0.3642118102656176,0.0,0.0,0.0,0.0,0.0,1.0
18,215,0.5452796876309605,4.0791460396327945,1.0,0.0,0.0,1.0,0.0,1.0
19,215,4.993140487899753,9.695570212159804,0.0,0.0,1.0,0.0,0.0,0.0
20,215,1.7264681735164402,2.401636238386837,0.0,0.0,1.0,0.0,0.0,1.0
21,215,10.305201357741796,4.874104063952116,0.0,0.0,1.0,0.0,1.0,0.0
22,215,5.070673826392362,11.773836800480856,1.0,1.0,1.0,0.0,0.0,0.0
23,215,9.27847566651385,1.9665855434191055,1.0,0.0,1.0,1.0,0.0,0.0
24,215,7.442751759219834,6.340478654583376,0.0,1.0,0.0,0.0,0.0,1.0
25,215,4.949811522661887,7.535553381026678,0.0,1.0,1.0,0.0,0.0,1.0
26,215,1.4788084003711903,1.1985434127827548,0.0,1.0,1.0,0.0,1.0,0.0
27,215,4.632459502099447,5.23009313608863,0.0,0.0,0.0,1.0,1.0,1.0
28,215,6.889032494483964,10.81226832433612,1.0,1.0,0.0,1.0,1.0,1.0
29,215,8.943589724543571,7.956938593926258,1.0,1.0,0.0,0.0,1.0,0.0
30,215,12.0,5.903546123336311,1.0,0.0,0.0,1.0,1.0,0.0
31,215,1.7280184055150076,6.545185820681006,1.0,0.0,1.0,0.0,0.0,0.0
32,215,2.972931508892227,0.2836404312099523,0.0,0.0,0.0,0.0,0.0,0.0
33,215,8.077967066394148,9.688032771849326,1.0,1.0,0.0,0.0,1.0,0.0
34,215,12.0,2.9332208869855307,0.0,0.0,0.0,0.0,0.0,1.0
35,215,4.944363111411899,5.076748781538461,0.0,1.0,0.0,0.0,0.0,0.0
36,215,7.214262449796586,4.150201943604281,1.0,1.0,1.0,0.0,1.0,0.0
37,215,11.441043869529995,0.0,0.0,0.0,1.0,0.0,1.0,1.0
38,215,3.213208172775155,11.115704334489465,0.0,0.0,1.0,0.0,0.0,0.0
39,215,7.207229432524909,2.0826688513376728,0.0,0.0,0.0,1.0,0.0,1.0
0,220,9.295580828209609,0.5657815405631319,0.0,0.0,0.0,1.0,1.0,0.0
1,220,8.927325703154821,2.973333659218502,0.0,1.0,1.0,0.0,0.0,0.0
2,220,2.4979878243245404,6.437038122091277,1.0,0.0,1.0,1.0,1.0,1.0
3,220,12.0,11.338546764178536,1.0,1.0,0.0,0.0,0.0,0.0
4,220,9.61699318345573,0.2227199365056141,0.0,1.0,0.0,0.0,0.0,0.0
5,220,8.465793240726208,10.565934712913563,0.0,1.0,1.0,0.0,1.0,0.0
6,220,7.880964745287435,2.2421867413444034,0.0,1.0,0.0,0.0,1.0,0.0
7,220,11.622052710088548,12.0,0.0,0.0,0.0,0.0,1.0,1.0
8,220,3.205100546520306,0.0,0.0,0.0,1.0,0.0,0.0,1.0
9,220,6.850088002642214,8.833326075099789,1.0,1.0,1.0,0.0,0.0,1.0
10,220,4.637749835912283,1.9246500263935664,0.0,0.0,0.0,0.0,0.0,1.0
11,220,9.166996319716093,2.864896806774429,1.0,1.0,0.0,0.0,0.0,1.0
12,220,1.482259733194826,7.528195399485414,1.0,0.0,0.0,0.0,0.0,0.0
13,220,0.2610468500037458,9.036898878908984,0.0,0.0,0.0,0.0,0.0,1.0
14,220,7.004908152389355,6.098619197896496,1.0,0.0,1.0,0.0,0.0,0.0
15,220,6.128975904973614,0.8239722114557964,1.0,0.0,0.0,0.0,0.0,0.0
16,220,2.74108944067497,11.912356990417996,1.0,0.0,0.0,0.0,1.0,1.0
17,220,8.64535423394091,0.2479085815616694,0.0,0.0,0.0,0.0,0.0,1.0
18,220,0.5535149536187033,3.945630977171733,1.0,0.0,0.0,1.0,0.0,1.0
19,220,4.944054984887143,9.580702184248242,0.0,0.0,1.0,0.0,0.0,0.0
20,220,1.8328008755839085,2.301839757897304,0.0,0.0,1.0,0.0,0.0,1.0
21,220,10.327604685255098,4.86759704579793,0.0,0.0,1.0,0.0,1.0,0.0
22,220,5.041975462044912,11.801862648427464,1.0,1.0,1.0,0.0,0.0,0.0
23,220,9.30461428514072,1.928653780137954,1.0,0.0,1.0,1.0,0.0,0.0
24,220,7.391957097411502,6.384464024494939,0.0,1.0,0.0,0.0,0.0,1.0
25,220,4.9521073091530905,7.541371211613691,0.0,1.0,1.0,0.0,0.0,1.0
26,220,1.446015146777066,1.1563268811318217,0.0,1.0,1.0,0.0,1.0,0.0
27,220,4.6702071332265,5.301700377065705,0.0,0.0,0.0,1.0,1.0,1.0
28,220,6.888676539455751,10.811921743497871,1.0,1.0,0.0,1.0,1.0,1.0
29,220,8.947147271132497,7.931735527248631,1.0,1.0,0.0,0.0,1.0,0.0
30,220,12.0,5.873318934136232,1.0,0.0,0.0,1.0,1.0,0.0
31,220,1.608171964101651,6.5058876715759215,1.0,0.0,1.0,0.0,0.0,0.0
32,220,2.972152417197133,0.3379703015266799,0.0,0.0,0.0,0.0,0.0,0.0
33,220,8.018675677844579,9.745302317947427,1.0,1.0,0.0,0.0,1.0,0.0
34,220,12.0,2.903447440178777,0.0,0.0,0.0,0.0,0.0,1.0
35,220,4.86471669968064,4.900802615374275,0.0,1.0,0.0,0.0,0.0,0.0
36,220,7.167520109555608,4.160950111722396,1.0,1.0,1.0,0.0,1.0,0.0
37,220,11.630074181561143,0.0,0.0,0.0,1.0,0.0,1.0,1.0
38,220,3.3433178973164965,11.046870231004135,0.0,0.0,1.0,0.0,0.0,0.0
39,220,7.412045034495902,2.026160075001968,0.0,0.0,0.0,1.0,0.0,1.0
0,225,9.397996779581923,0.4320857566816057,0.0,0.0,0.0,1.0,1.0,0.0
1,225,8.92827763966713,2.9724853056106726,0.0,1.0,1.0,0.0,0.0,0.0
2,225,2.493011641103845,6.42677893284998,1.0,0.0,1.0,1.0,1.0,1.0
3,225,12.0,11.392846172537867,1.0,1.0,0.0,0.0,0.0,0.0
4,225,9.563019412257043,0.228862709094308,0.0,1.0,0.0,0.0,0.0,0.0
5,225,8.418906682681923,10.62031588846011,0.0,1.0,1.0,0.0,1.0,0.0
6,225,7.9604451783038845,2.087292169262413,0.0,1.0,0.0,0.0,1.0,0.0
7,225,11.664914017568297,12.0,0.0,0.0,0.0,0.0,1.0,1.0
8,225,3.278623004570044,0.0,0.0,0.0,1.0,0.0,0.0,1.0
9,225,6.850754469781446,8.833540419851072,1.0,1.0,1.0,0.0,0.0,1.0
10,225,4.665950598509896,1.9339442118282777,0.0,0.0,0.0,0.0,0.0,1.0
11,225,9.110667178998035,2.820513360961008,1.0,1.0,0.0,0.0,0.0,1.0
12,225,1.4031722637809174,7.529949682636779,1.0,0.0,0.0,0.0,0.0,0.0
13,225,0.2301479011453427,9.02791392920878,0.0,0.0,0.0,0.0,0.0,1.0
14,225,7.0223630411439055,6.114464602904615,1.0,0.0,1.0,0.0,0.0,0.0
15,225,6.19345164886674,0.7306043785310686,1.0,0.0,0.0,0.0,0.0,0.0
16,225,2.739585806807704,11.914220925428149,1.0,0.0,0.0,0.0,1.0,1.0
17,225,8.750907710790022,0.1466633682219839,0.0,0.0,0.0,0.0,0.0,1.0
18,225,0.5630918656263644,3.801811758676401,1.0,0.0,0.0,1.0,0.0,1.0
19,225,4.895056816468967,9.469091986380407,0.0,0.0,1.0,0.0,0.0,0.0
20,225,1.9183552994728028,2.2140571329748213,0.0,0.0,1.0,0.0,0.0,1.0
21,225,10.347252593114202,4.862526087984688,0.0,0.0,1.0,0.0,1.0,0.0
22,225,5.0086042775864765,11.833862479452876,1.0,1.0,1.0,0.0,0.0,0.0
23,225,9.332227223230074,1.886412416310194,1.0,0.0,1.0,1.0,0.0,0.0
24,225,7.337970694907922,6.430715261012926,0.0,1.0,0.0,0.0,0.0,1.0
25,225,4.955341904028911,7.549820723639063,0.0,1.0,1.0,0.0,0.0,1.0
26,225,1.4239520473331804,1.1282183529255212,0.0,1.0,1.0,0.0,1.0,0.0
27,225,4.71542206731237,5.380644166432121,0.0,0.0,0.0,1.0,1.0,1.0
28,225,6.891632870948328,10.81471729277531,1.0,1.0,0.0,1.0,1.0,1.0
29,225,8.950431456772487,7.901394623896955,1.0,1.0,0.0,0.0,1.0,0.0
30,225,12.0,5.842478163000385,1.0,0.0,0.0,1.0,1.0,0.0
31,225,1.4649414721128609,6.458841311392529,1.0,0.0,1.0,0.0,0.0,0.0
32,225,2.9733639806730463,0.3884028938102266,0.0,0.0,0.0,0.0,0.0,0.0
33,225,7.95217786352267,9.811883217316511,1.0,1.0,0.0,0.0,1.0,0.0
34,225,12.0,2.8633411989044206,0.0,0.0,0.0,0.0,0.0,1.0
35,225,4.778462886716051,4.727296062555954,0.0,1.0,0.0,0.0,0.0,0.0
36,225,7.109355275377115,4.17363761385617,1.0,1.0,1.0,0.0,1.0,0.0
37,225,11.823987075463611,0.0,0.0,0.0,1.0,0.0,1.0,1.0
38,225,3.4747072646679147,10.978828060696957,0.0,0.0,1.0,0.0,0.0,0.0
39,225,7.602969870374397,1.9767532342399672,0.0,0.0,0.0,1.0,0.0,1.0
0,230,9.477757470276613,0.3243857319495404,0.0,0.0,0.0,1.0,1.0,0.0
1,230,8.912678925313003,2.9862357317150905,0.0,1.0,1.0,0.0,0.0,0.0
2,230,2.484255453064043,6.40818845979192,1.0,0.0,1.0,1.0,1.0,1.0
3,230,12.0,11.438921184870892,1.0,1.0,0.0,0.0,0.0,0.0
4,230,9.506940119653615,0.2358937019679566,0.0,1.0,0.0,0.0,0.0,0.0
5,230,8.36460332083238,10.682527756534096,0.0,1.0,1.0,0.0,1.0,0.0
6,230,8.033234383565825,1.940760212622186,0.0,1.0,0.0,0.0,1.0,0.0
7,230,11.714070146462875,12.0,0.0,0.0,0.0,0.0,1.0,1.0
8,230,3.3475607692830467,0.0,0.0,0.0,1.0,0.0,0.0,1.0
9,230,6.865343743322629,8.838631096533486,1.0,1.0,1.0,0.0,0.0,1.0
10,230,4.6823600600889685,1.940027442916137,0.0,0.0,0.0,0.0,0.0,1.0
11,230,9.042149332428943,2.7656920859861325,1.0,1.0,0.0,0.0,0.0,1.0
12,230,1.3177049776269398,7.529773205894972,1.0,0.0,0.0,0.0,0.0,0.0
13,230,0.2038950626631404,9.020515954965544,0.0,0.0,0.0,0.0,0.0,1.0
14,230,7.041682151532475,6.132268786303315,1.0,0.0,1.0,0.0,0.0,0.0
15,230,6.263188339441755,0.632340097204981,1.0,0.0,0.0,0.0,0.0,0.0
16,230,2.734127036283084,11.920621409281626,1.0,0.0,0.0,0.0,1.0,1.0
17,230,8.87721656503843,0.0261077234038481,0.0,0.0,0.0,0.0,0.0,1.0
18,230,0.571259761838513,3.68670948033333,1.0,0.0,0.0,1.0,0.0,1.0
19,230,4.847581718936453,9.353139665285395,0.0,0.0,1.0,0.0,0.0,0.0
20,230,2.003451555131324,2.124785362779181,0.0,0.0,1.0,0.0,0.0,1.0
21,230,10.345454089707475,4.862982104062457,0.0,0.0,1.0,0.0,1.0,0.0
22,230,4.972223587148892,11.86955778884892,1.0,1.0,1.0,0.0,0.0,0.0
23,230,9.367697110769214,1.8311672399740755,1.0,0.0,1.0,1.0,0.0,0.0
24,230,7.281586439004781,6.478922821242295,0.0,1.0,0.0,0.0,0.0,1.0
25,230,4.961186898852247,7.563594488873835,0.0,1.0,1.0,0.0,0.0,1.0
26,230,1.3894882913191684,1.0818959149995109,0.0,1.0,1.0,0.0,1.0,0.0
27,230,4.769999761842699,5.472978597154339,0.0,0.0,0.0,1.0,1.0,1.0
28,230,6.881090907388488,10.80446500815741,1.0,1.0,0.0,1.0,1.0,1.0
29,230,8.950988528425622,7.897296812778253,1.0,1.0,0.0,0.0,1.0,0.0
30,230,12.0,5.80479486892015,1.0,0.0,0.0,1.0,1.0,0.0
31,230,1.305884255721102,6.404148607201846,1.0,0.0,1.0,0.0,0.0,0.0
32,230,2.9753395339319604,0.4343592309760961,0.0,0.0,0.0,0.0,0.0,0.0
33,230,7.889657963720045,9.87348095996677,1.0,1.0,0.0,0.0,1.0,0.0
34,230,12.0,2.8307973843330005,0.0,0.0,0.0,0.0,0.0,1.0
35,230,4.67773247549636,4.528952806409948,0.0,1.0,0.0,0.0,0.0,0.0
36,230,7.050741762715206,4.1862137287270125,1.0,1.0,1.0,0.0,1.0,0.0
37,230,12.0,0.0,0.0,0.0,1.0,0.0,1.0,1.0
38,230,3.618949125976308,10.902746425270877,0.0,0.0,1.0,0.0,0.0,0.0
39,230,7.785435373166467,1.9292626660497945,0.0,0.0,0.0,1.0,0.0,1.0
0,235,9.553054825096286,0.214509300927602,0.0,0.0,0.0,1.0,1.0,0.0
1,235,8.878067949542693,3.0162943230075907,0.0,1.0,1.0,0.0,0.0,0.0
2,235,2.474621016878462,6.387475464315328,1.0,0.0,1.0,1.0,1.0,1.0
3,235,12.0,11.49037285841986,1.0,1.0,0.0,0.0,0.0,0.0
4,235,9.455591579081192,0.2410544095192677,0.0,1.0,0.0,0.0,0.0,0.0
5,235,8.29997649719249,10.759010977463848,0.0,1.0,1.0,0.0,1.0,0.0
6,235,8.097232901965585,1.7977371213762663,0.0,1.0,0.0,0.0,1.0,0.0
7,235,11.762340371085696,12.0,0.0,0.0,0.0,0.0,1.0,1.0
8,235,3.425757817143911,0.0,0.0,0.0,1.0,0.0,0.0,1.0
9,235,6.885259573077476,8.84501120819201,1.0,1.0,1.0,0.0,0.0,1.0
10,235,4.717300813210499,1.952165257216166,0.0,0.0,0.0,0.0,0.0,1.0
11,235,8.98506143421809,2.7219506622119574,1.0,1.0,0.0,0.0,0.0,1.0
12,235,1.2291578450445793,7.530061103315442,1.0,0.0,0.0,0.0,0.0,0.0
13,235,0.1929907957545334,9.017437159476566,0.0,0.0,0.0,0.0,0.0,1.0
14,235,7.039763431866436,6.130546415647283,1.0,0.0,1.0,0.0,0.0,0.0
15,235,6.325883644720625,0.5447171974608359,1.0,0.0,0.0,0.0,0.0,0.0
16,235,2.7188717792856867,11.939062404366116,1.0,0.0,0.0,0.0,1.0,1.0
17,235,9.024587683312856,0.0,0.0,0.0,0.0,0.0,0.0,1.0
18,235,0.5797098294615594,3.560344267447993,1.0,0.0,0.0,1.0,0.0,1.0
19,235,4.800494303555895,9.239457026530683,0.0,0.0,1.0,0.0,0.0,0.0
20,235,2.0872133456054374,2.037834966565859,0.0,0.0,1.0,0.0,0.0,1.0
21,235,10.341594205375332,4.864041558417881,0.0,0.0,1.0,0.0,1.0,0.0
22,235,4.930610664570796,11.90870908010472,1.0,1.0,1.0,0.0,0.0,0.0
23,235,9.397955504647152,1.7840815146031157,1.0,0.0,1.0,1.0,0.0,0.0
24,235,7.232343086472178,6.52124413893981,0.0,1.0,0.0,0.0,0.0,1.0
25,235,4.959795726808738,7.560087831519202,0.0,1.0,1.0,0.0,0.0,1.0
26,235,1.3554851230314335,1.0367603268135757,0.0,1.0,1.0,0.0,1.0,0.0
27,235,4.822499459435104,5.561673882397881,0.0,0.0,0.0,1.0,1.0,1.0
28,235,6.851625686923043,10.775001510986336,1.0,1.0,0.0,1.0,1.0,1.0
29,235,8.950964038883644,7.897471124813663,1.0,1.0,0.0,0.0,1.0,0.0
30,235,12.0,5.7703821634963175,1.0,0.0,0.0,1.0,1.0,0.0
31,235,1.1376834350404983,6.347090485840604,1.0,0.0,1.0,0.0,0.0,0.0
32,235,2.978492130700864,0.4757753804236462,0.0,0.0,0.0,0.0,0.0,0.0
33,235,7.833793295249606,9.928603129560605,1.0,1.0,0.0,0.0,1.0,0.0
34,235,12.0,2.7957132961820927,0.0,0.0,0.0,0.0,0.0,1.0
35,235,4.566742369623251,4.309259262703203,0.0,1.0,0.0,0.0,0.0,0.0
36,235,7.012286686103316,4.194867671380888,1.0,1.0,1.0,0.0,1.0,0.0
37,235,12.0,0.0,0.0,0.0,1.0,0.0,1.0,1.0
38,235,3.784895088462824,10.818742287841928,0.0,0.0,1.0,0.0,0.0,0.0
39,235,7.956820045460564,1.8816973807739104,0.0,0.0,0.0,1.0,0.0,1.0
0,240,9.619221536701788,0.1123791199712088,0.0,0.0,0.0,1.0,1.0,0.0
1,240,8.819736006474244,3.0674189101911145,0.0,1.0,1.0,0.0,0.0,0.0
2,240,2.470415042318605,6.378332447884904,1.0,0.0,1.0,1.0,1.0,1.0
3,240,12.0,11.562007898995075,1.0,1.0,0.0,0.0,0.0,0.0
4,240,9.38388187553182,0.246570364452927,0.0,1.0,0.0,0.0,0.0,0.0
5,240,8.243550915903144,10.82476104352454,0.0,1.0,1.0,0.0,1.0,0.0
6,240,8.15900541993225,1.644458887355613,0.0,1.0,0.0,0.0,1.0,0.0
7,240,11.800416933139571,12.0,0.0,0.0,0.0,0.0,1.0,1.0
8,240,3.505153570856327,0.0,0.0,0.0,1.0,0.0,0.0,1.0
9,240,6.902708307550032,8.850314996414477,1.0,1.0,1.0,0.0,0.0,1.0
10,240,4.731028841761923,1.957284553865673,0.0,0.0,0.0,0.0,0.0,1.0
11,240,8.907732564532669,2.65952828639258,1.0,1.0,0.0,0.0,0.0,1.0
12,240,1.1412876324048802,7.531051545075453,1.0,0.0,0.0,0.0,0.0,0.0
13,240,0.2000431861540767,9.01968222861969,0.0,0.0,0.0,0.0,0.0,1.0
14,240,7.02899708587628,6.121134454523874,1.0,0.0,1.0,0.0,0.0,0.0
15,240,6.393080839232506,0.4497870329374313,1.0,0.0,0.0,0.0,0.0,0.0
16,240,2.7127153970591817,11.946707048821343,1.0,0.0,0.0,0.0,1.0,1.0
17,240,9.176683733269476,0.0,0.0,0.0,0.0,0.0,0.0,1.0
18,240,0.5848739390782346,3.436814458167429,1.0,0.0,0.0,1.0,0.0,1.0
19,240,4.756606228034531,9.14350634245716,0.0,0.0,1.0,0.0,0.0,0.0
20,240,2.159177861488061,1.961132210757619,0.0,0.0,1.0,0.0,0.0,1.0
21,240,10.307707822527355,4.872888990703354,0.0,0.0,1.0,0.0,1.0,0.0
22,240,4.877171198748576,11.958885964731238,1.0,1.0,1.0,0.0,0.0,0.0
23,240,9.424595497037062,1.743740391083778,1.0,0.0,1.0,1.0,0.0,0.0
24,240,7.180094411512859,6.565499447801293,0.0,1.0,0.0,0.0,0.0,1.0
25,240,4.958698375551779,7.557344214936748,0.0,1.0,1.0,0.0,0.0,1.0
26,240,1.3907434885694825,1.0121527067525726,0.0,1.0,1.0,0.0,1.0,0.0
27,240,4.873268454127342,5.6531978425243095,0.0,0.0,0.0,1.0,1.0,1.0
28,240,6.818397429639648,10.74177947332574,1.0,1.0,0.0,1.0,1.0,1.0
29,240,8.950651080890008,7.899602176642052,1.0,1.0,0.0,0.0,1.0,0.0
30,240,12.0,5.738202685930979,1.0,0.0,0.0,1.0,1.0,0.0
31,240,0.9653887238964544,6.293311322115741,1.0,0.0,1.0,0.0,0.0,0.0
32,240,2.982147935447019,0.5206477702068264,0.0,0.0,0.0,0.0,0.0,0.0
33,240,7.76650757021577,9.992933009599168,1.0,1.0,0.0,0.0,1.0,0.0
34,240,12.0,2.7563623358189924,0.0,0.0,0.0,0.0,0.0,1.0
35,240,4.460627311375991,4.102241295991517,0.0,1.0,0.0,0.0,0.0,0.0
36,240,6.982797614666462,4.2013332973149495,1.0,1.0,1.0,0.0,1.0,0.0
37,240,12.0,0.0,0.0,0.0,1.0,0.0,1.0,1.0
38,240,3.957903441339354,10.73503443646696,0.0,0.0,1.0,0.0,0.0,0.0
39,240,8.139459168996474,1.829090327224831,0.0,0.0,0.0,1.0,0.0,1.0
0,245,9.683945440804049,0.0194067699130159,0.0,0.0,0.0,1.0,1.0,0.0
1,245,8.751552599550276,3.12606778058177,0.0,1.0,1.0,0.0,0.0,0.0
2,245,2.469035766239042,6.375296112622728,1.0,0.0,1.0,1.0,1.0,1.0
3,245,12.0,11.651419062225832,1.0,1.0,0.0,0.0,0.0,0.0
4,245,9.29810359600864,0.2524904398455352,0.0,1.0,0.0,0.0,0.0,0.0
5,245,8.183002118316193,10.894056675356754,0.0,1.0,1.0,0.0,1.0,0.0
6,245,8.226605817038237,1.4920013008158053,0.0,1.0,0.0,0.0,1.0,0.0
7,245,11.836733567254996,12.0,0.0,0.0,0.0,0.0,1.0,1.0
8,245,3.590088195622115,0.0,0.0,0.0,1.0,0.0,0.0,1.0
9,245,6.931350859705193,8.859277486105633,1.0,1.0,1.0,0.0,0.0,1.0
10,245,4.756832633275841,1.9663985303121423,0.0,0.0,0.0,0.0,0.0,1.0
11,245,8.832393853086016,2.596789881940683,1.0,1.0,0.0,0.0,0.0,1.0
12,245,1.045352894331873,7.533796063976923,1.0,0.0,0.0,0.0,0.0,0.0
13,245,0.2079465673562023,9.022558236982452,0.0,0.0,0.0,0.0,0.0,1.0
14,245,7.024517389372222,6.1173063727108525,1.0,0.0,1.0,0.0,0.0,0.0
15,245,6.456592644055806,0.3621777806820512,1.0,0.0,0.0,0.0,0.0,0.0
16,245,2.7074941804782866,11.953134324705536,1.0,0.0,0.0,0.0,1.0,1.0
17,245,9.316214520880363,0.0,0.0,0.0,0.0,0.0,0.0,1.0
18,245,0.5893807508816744,3.318877374442033,1.0,0.0,0.0,1.0,0.0,1.0
19,245,4.721141175091024,9.063070291772036,0.0,0.0,1.0,0.0,0.0,0.0
20,245,2.246920576808709,1.8683771748509472,0.0,0.0,1.0,0.0,0.0,1.0
21,245,10.290725483102516,4.877794104674129,0.0,0.0,1.0,0.0,1.0,0.0
22,245,4.839953118663714,11.99374428642718,1.0,1.0,1.0,0.0,0.0,0.0
23,245,9.452914200231412,1.7024876351344194,1.0,0.0,1.0,1.0,0.0,0.0
24,245,7.130625705594379,6.608464361266844,0.0,1.0,0.0,0.0,0.0,1.0
25,245,4.955623684510663,7.549351293089824,0.0,1.0,1.0,0.0,0.0,1.0
26,245,1.4353566248830862,0.9802267197359398,0.0,1.0,1.0,0.0,1.0,0.0
27,245,4.930365998748399,5.758073801708858,0.0,0.0,0.0,1.0,1.0,1.0
28,245,6.770758630608983,10.697884514216884,1.0,1.0,0.0,1.0,1.0,1.0
29,245,8.947935871730865,7.918608856723599,1.0,1.0,0.0,0.0,1.0,0.0
30,245,12.0,5.704648206695691,1.0,0.0,0.0,1.0,1.0,0.0
31,245,0.7990553983864848,6.238772451185303,1.0,0.0,1.0,0.0,0.0,0.0
32,245,2.9855688535204084,0.564746338954939,0.0,0.0,0.0,0.0,0.0,0.0
33,245,7.690128007048418,10.06466888086163,1.0,1.0,0.0,0.0,1.0,0.0
34,245,12.0,2.71575268608413,0.0,0.0,0.0,0.0,0.0,1.0
35,245,4.352296742762592,3.891145084150192,0.0,1.0,0.0,0.0,0.0,0.0
36,245,6.969222774960635,4.204339233527921,1.0,1.0,1.0,0.0,1.0,0.0
37,245,12.0,0.0,0.0,0.0,1.0,0.0,1.0,1.0
38,245,4.099170402876565,10.664192273116017,0.0,0.0,1.0,0.0,0.0,0.0
39,245,8.339660847424646,1.7762215233413767,0.0,0.0,0.0,1.0,0.0,1.0
0,250,9.736585580490647,0.0,0.0,0.0,0.0,1.0,1.0,0.0
1,250,8.675541811437544,3.192757996210398,0.0,1.0,1.0,0.0,0.0,0.0
2,250,2.461614022109335,6.359487470479745,1.0,0.0,1.0,1.0,1.0,1.0
3,250,12.0,11.737152324457274,1.0,1.0,0.0,0.0,0.0,0.0
4,250,9.212906336091654,0.2599182832306521,0.0,1.0,0.0,0.0,0.0,0.0
5,250,8.13106976598258,10.953356245897476,0.0,1.0,1.0,0.0,1.0,0.0
6,250,8.296408406855544,1.3378275685899303,0.0,1.0,0.0,0.0,1.0,0.0
7,250,11.870549563007502,12.0,0.0,0.0,0.0,0.0,1.0,1.0
8,250,3.678917289418237,0.0,0.0,0.0,1.0,0.0,0.0,1.0
9,250,6.971529216339589,8.87186905846691,1.0,1.0,1.0,0.0,0.0,1.0
10,250,4.758299855647675,1.9669200735094472,0.0,0.0,0.0,0.0,0.0,1.0
11,250,8.748863510361808,2.529885017824238,1.0,1.0,0.0,0.0,0.0,1.0
12,250,0.961511891610196,7.536365888429402,1.0,0.0,0.0,0.0,0.0,0.0
13,250,0.2343782139634197,9.03269493742192,0.0,0.0,0.0,0.0,0.0,1.0
14,250,7.023950660855006,6.116792447973512,1.0,0.0,1.0,0.0,0.0,0.0
15,250,6.356786448187004,0.2917642365988106,1.0,0.0,0.0,0.0,0.0,0.0
16,250,2.7092010942149094,11.951209687965637,1.0,0.0,0.0,0.0,1.0,1.0
17,250,9.447765052219424,0.0,0.0,0.0,0.0,0.0,0.0,1.0
18,250,0.5943091329547897,3.195736159094753,1.0,0.0,0.0,1.0,0.0,1.0
19,250,4.683626379939268,8.972871545887456,0.0,0.0,1.0,0.0,0.0,0.0
20,250,2.33250210050052,1.7808740811062358,0.0,0.0,1.0,0.0,0.0,1.0
21,250,10.280720280770304,4.880409237159314,0.0,0.0,1.0,0.0,1.0,0.0
22,250,4.795815483894857,12.0,1.0,1.0,1.0,0.0,0.0,0.0
23,250,9.488289113768811,1.6484074431281734,1.0,0.0,1.0,1.0,0.0,0.0
24,250,7.070935034576372,6.662125307432075,0.0,1.0,0.0,0.0,0.0,1.0
25,250,4.95966011684945,7.560484269366698,0.0,1.0,1.0,0.0,0.0,1.0
26,250,1.477857429156766,0.9497428143325508,0.0,1.0,1.0,0.0,1.0,0.0
27,250,4.978992036976197,5.845431315440553,0.0,0.0,0.0,1.0,1.0,1.0
28,250,6.713566122656704,10.646350366183716,1.0,1.0,0.0,1.0,1.0,1.0
29,250,8.947482336627747,7.92195814320825,1.0,1.0,0.0,0.0,1.0,0.0
30,250,12.0,5.671433857683771,1.0,0.0,0.0,1.0,1.0,0.0
31,250,0.6424027840571347,6.1857241496258695,1.0,0.0,1.0,0.0,0.0,0.0
32,250,2.989956187194197,0.6236977394448299,0.0,0.0,0.0,0.0,0.0,0.0
33,250,7.608017556261699,10.139731995316954,1.0,1.0,0.0,0.0,1.0,0.0
34,250,12.0,2.820944687285064,0.0,0.0,0.0,0.0,0.0,1.0
35,250,4.2413362480598495,3.657535122898715,0.0,1.0,0.0,0.0,0.0,0.0
36,250,6.953845850047498,4.208158382142377,1.0,1.0,1.0,0.0,1.0,0.0
37,250,12.0,0.0,0.0,0.0,1.0,0.0,1.0,1.0
38,250,4.241317023907375,10.59365689168993,0.0,0.0,1.0,0.0,0.0,0.0
39,250,8.532528228988289,1.720393995020166,0.0,0.0,0.0,1.0,0.0,1.0
0,255,9.777268835552146,0.0,0.0,0.0,0.0,1.0,1.0,0.0
1,255,8.59214148618743,3.2650180339227792,0.0,1.0,1.0,0.0,0.0,0.0
2,255,2.447517414536327,6.329819818834463,1.0,0.0,1.0,1.0,1.0,1.0
3,255,12.0,11.808835334202811,1.0,1.0,0.0,0.0,0.0,0.0
4,255,9.122525666991944,0.266861986523029,0.0,1.0,0.0,0.0,0.0,0.0
5,255,8.086624185360487,11.003617518172032,0.0,1.0,1.0,0.0,1.0,0.0
6,255,8.364023241779835,1.1717772582252437,0.0,1.0,0.0,0.0,1.0,0.0
7,255,11.892836694482494,12.0,0.0,0.0,0.0,0.0,1.0,1.0
8,255,3.779193788627376,0.0,0.0,0.0,1.0,0.0,0.0,1.0
9,255,7.027448481866421,8.888304002243121,1.0,1.0,1.0,0.0,0.0,1.0
10,255,4.757946222968978,1.9667847184908391,0.0,0.0,0.0,0.0,0.0,1.0
11,255,8.637134101539397,2.442920394071136,1.0,1.0,0.0,0.0,0.0,1.0
12,255,0.8725999696498047,7.540508649995001,1.0,0.0,0.0,0.0,0.0,0.0
13,255,0.2689168327767217,9.046807348827045,0.0,0.0,0.0,0.0,0.0,1.0
14,255,7.028783589674728,6.121084627983203,1.0,0.0,1.0,0.0,0.0,0.0
15,255,6.253227454569661,0.2121496900422746,1.0,0.0,0.0,0.0,0.0,0.0
16,255,2.715511112155045,11.943896985192255,1.0,0.0,0.0,0.0,1.0,1.0
17,255,9.587574020936891,0.0,0.0,0.0,0.0,0.0,0.0,1.0
18,255,0.5975091176935031,3.0738781347509554,1.0,0.0,0.0,1.0,0.0,1.0
19,255,4.64630675027734,8.881740658990436,0.0,0.0,1.0,0.0,0.0,0.0
20,255,2.4272024722810226,1.6865491839290154,0.0,0.0,1.0,0.0,0.0,1.0
21,255,10.2859880865058,4.8790049849577946,0.0,0.0,1.0,0.0,1.0,0.0
22,255,4.746691946077555,12.0,1.0,1.0,1.0,0.0,0.0,0.0
23,255,9.531187820007688,1.5799359918194236,1.0,0.0,1.0,1.0,0.0,0.0
24,255,7.007424559018922,6.718920550213484,0.0,1.0,0.0,0.0,0.0,1.0
25,255,4.956443144299798,7.552042097750991,0.0,1.0,1.0,0.0,0.0,1.0
26,255,1.511133365573747,0.9244923406074292,0.0,1.0,1.0,0.0,1.0,0.0
27,255,5.02006117922181,5.919328298528533,0.0,0.0,0.0,1.0,1.0,1.0
28,255,6.6584846117724,10.59731491353991,1.0,1.0,0.0,1.0,1.0,1.0
29,255,8.949749564031043,7.906862776242739,1.0,1.0,0.0,0.0,1.0,0.0
30,255,12.0,5.63784567280102,1.0,0.0,0.0,1.0,1.0,0.0
31,255,0.4841453048143518,6.1281172307487015,1.0,0.0,1.0,0.0,0.0,0.0
32,255,2.9923071182048817,0.6552893604859086,0.0,0.0,0.0,0.0,0.0,0.0
33,255,7.529331406126024,10.213940796545808,1.0,1.0,0.0,0.0,1.0,0.0
34,255,12.0,2.911891994985504,0.0,0.0,0.0,0.0,0.0,1.0
35,255,4.127965171063944,3.42450342352646,0.0,1.0,0.0,0.0,0.0,0.0
36,255,6.95867114403073,4.207060900806295,1.0,1.0,1.0,0.0,1.0,0.0
37,255,12.0,0.0,0.0,0.0,1.0,0.0,1.0,1.0
38,255,4.394620105593782,10.515383304614888,0.0,0.0,1.0,0.0,0.0,0.0
39,255,8.727125657493659,1.6542547449370988,0.0,0.0,0.0,1.0,0.0,1.0
0,260,9.812568728399317,0.0,0.0,0.0,0.0,1.0,1.0,0.0
1,260,8.497949709934298,3.3529395438775635,0.0,1.0,1.0,0.0,0.0,0.0
2,260,2.437786704740226,6.308731048024478,1.0,0.0,1.0,1.0,1.0,1.0
3,260,12.0,11.888491326428538,1.0,1.0,0.0,0.0,0.0,0.0
4,260,9.012257278636085,0.2734582889278454,0.0,1.0,0.0,0.0,0.0,0.0
5,260,8.045811520578452,11.051289728860798,0.0,1.0,1.0,0.0,1.0,0.0
6,260,8.437125600502815,0.985866600503272,0.0,1.0,0.0,0.0,1.0,0.0
7,260,11.910303838742172,12.0,0.0,0.0,0.0,0.0,1.0,1.0
8,260,3.875703125090302,0.0,0.0,0.0,1.0,0.0,0.0,1.0
9,260,7.041286906764839,8.839101565862324,1.0,1.0,1.0,0.0,0.0,1.0
10,260,4.765109292417476,1.969436017331132,0.0,0.0,0.0,0.0,0.0,1.0
11,260,8.52882194684692,2.35723281144055,1.0,1.0,0.0,0.0,0.0,1.0
12,260,0.7871121567700684,7.543569978206302,1.0,0.0,0.0,0.0,0.0,0.0
13,260,0.2933451122847653,9.056753558862274,0.0,0.0,0.0,0.0,0.0,1.0
14,260,7.029121019519245,6.121375452100387,1.0,0.0,1.0,0.0,0.0,0.0
15,260,6.144791703514198,0.1304593370092061,1.0,0.0,0.0,0.0,0.0,0.0
16,260,2.7283485222563755,11.928927209450984,1.0,0.0,0.0,0.0,1.0,1.0
17,260,9.726200965860556,0.0,0.0,0.0,0.0,0.0,0.0,1.0
18,260,0.6011279593782684,2.9453590815710142,1.0,0.0,0.0,1.0,0.0,1.0
19,260,4.608483686422432,8.793103699423037,0.0,0.0,1.0,0.0,0.0,0.0
20,260,2.515821809179838,1.5984585343993054,0.0,0.0,1.0,0.0,0.0,1.0
21,260,10.298810963713576,4.876065635615844,0.0,0.0,1.0,0.0,1.0,0.0
22,260,4.69301534974197,12.0,1.0,1.0,1.0,0.0,0.0,0.0
23,260,9.56838777601496,1.520224475384492,1.0,0.0,1.0,1.0,0.0,0.0
24,260,6.954947784280932,6.768053268954396,0.0,1.0,0.0,0.0,0.0,1.0
25,260,4.946369808762158,7.527692204257254,0.0,1.0,1.0,0.0,0.0,1.0
26,260,1.5307507505085067,0.909459481850352,0.0,1.0,1.0,0.0,1.0,0.0
27,260,5.051559212605858,5.974527349731272,0.0,0.0,0.0,1.0,1.0,1.0
28,260,6.594762369997229,10.541053707907654,1.0,1.0,0.0,1.0,1.0,1.0
29,260,8.949865704355343,7.905900531589634,1.0,1.0,0.0,0.0,1.0,0.0
30,260,12.0,5.5999328247724565,1.0,0.0,0.0,1.0,1.0,0.0
31,260,0.3206340328368723,6.068226573045357,1.0,0.0,1.0,0.0,0.0,0.0
32,260,2.9942057118898044,0.676652024078935,0.0,0.0,0.0,0.0,0.0,0.0
33,260,7.442229055633871,10.29855064880564,1.0,1.0,0.0,0.0,1.0,0.0
34,260,12.0,3.0106735855852103,0.0,0.0,0.0,0.0,0.0,1.0
35,260,4.009863075716942,3.192400420200063,0.0,1.0,0.0,0.0,0.0,0.0
36,260,6.969976492713799,4.204594983143081,1.0,1.0,1.0,0.0,1.0,0.0
37,260,12.0,0.0,0.0,0.0,1.0,0.0,1.0,1.0
38,260,4.550676998665762,10.4317562159757,0.0,0.0,1.0,0.0,0.0,0.0
39,260,8.917789390525396,1.5904129458744365,0.0,0.0,0.0,1.0,0.0,1.0
0,265,9.837334917004457,0.0,0.0,0.0,0.0,1.0,1.0,0.0
1,265,8.411593681734992,3.427364669927593,0.0,1.0,1.0,0.0,0.0,0.0
2,265,2.4242019145324143,6.280622688265927,1.0,0.0,1.0,1.0,1.0,1.0
3,265,12.0,11.983519160971207,1.0,1.0,0.0,0.0,0.0,0.0
4,265,8.898645796558903,0.2802017778881182,0.0,1.0,0.0,0.0,0.0,0.0
5,265,8.004645502430213,11.100942785103214,0.0,1.0,1.0,0.0,1.0,0.0
6,265,8.505176623159636,0.8060004753822012,0.0,1.0,0.0,0.0,1.0,0.0
7,265,11.920268239868111,12.0,0.0,0.0,0.0,0.0,1.0,1.0
8,265,3.975957047515246,0.0,0.0,0.0,1.0,0.0,0.0,1.0
9,265,7.049494379322636,8.810428411477018,1.0,1.0,1.0,0.0,0.0,1.0
10,265,4.7677555116588,1.9703946711778888,0.0,0.0,0.0,0.0,0.0,1.0
11,265,8.428251364431857,2.2780735408939417,1.0,1.0,0.0,0.0,0.0,1.0
12,265,0.7030867091260279,7.545759629505797,1.0,0.0,0.0,0.0,0.0,0.0
13,265,0.3062454643249425,9.06168064039974,0.0,0.0,0.0,0.0,0.0,1.0
14,265,7.02281582587628,6.115872974646957,1.0,0.0,1.0,0.0,0.0,0.0
15,265,6.008950434068888,0.0312550172922549,1.0,0.0,0.0,0.0,0.0,0.0
16,265,2.747823045462092,11.907375010495093,1.0,0.0,0.0,0.0,1.0,1.0
17,265,9.855879542534357,0.0,0.0,0.0,0.0,0.0,0.0,1.0
18,265,0.604351096654397,2.823648305151933,1.0,0.0,0.0,1.0,0.0,1.0
19,265,4.565681986996933,8.692124336225692,0.0,0.0,1.0,0.0,0.0,0.0
20,265,2.621234957033063,1.4890103645748238,0.0,0.0,1.0,0.0,0.0,1.0
21,265,10.298848127163856,4.876055507331228,0.0,0.0,1.0,0.0,1.0,0.0
22,265,4.652897157978657,12.0,1.0,1.0,1.0,0.0,0.0,0.0
23,265,9.606354815655632,1.4608398678435892,1.0,0.0,1.0,1.0,0.0,0.0
24,265,6.890189391522548,6.827824799542087,0.0,1.0,0.0,0.0,0.0,1.0
25,265,4.934905746642254,7.500875036919083,0.0,1.0,1.0,0.0,0.0,1.0
26,265,1.5634803837628033,0.8852618926398818,0.0,1.0,1.0,0.0,1.0,0.0
27,265,5.064142679505792,5.997267753467506,0.0,0.0,0.0,1.0,1.0,1.0
28,265,6.536248433398965,10.48659217201242,1.0,1.0,0.0,1.0,1.0,1.0
29,265,8.951207827523193,7.897110847673743,1.0,1.0,0.0,0.0,1.0,0.0
30,265,12.0,5.558005143096748,1.0,0.0,0.0,1.0,1.0,0.0
31,265,0.1506883665811355,6.010386286871004,1.0,0.0,1.0,0.0,0.0,0.0
32,265,3.000798384556244,0.676123790246603,0.0,0.0,0.0,0.0,0.0,0.0
33,265,7.349176162687841,10.38874668770048,1.0,1.0,0.0,0.0,1.0,0.0
34,265,12.0,3.0921786133659137,0.0,0.0,0.0,0.0,0.0,1.0
35,265,3.8738045071647806,2.95988527953456,0.0,1.0,0.0,0.0,0.0,0.0
36,265,6.979002753950776,4.20276419961452,1.0,1.0,1.0,0.0,1.0,0.0
37,265,12.0,0.0,0.0,0.0,1.0,0.0,1.0,1.0
38,265,4.721674216033884,10.337843260196948,0.0,0.0,1.0,0.0,0.0,0.0
39,265,9.113789425292904,1.527915833384471,0.0,0.0,0.0,1.0,0.0,1.0
0,270,9.859267647756258,0.0,0.0,0.0,0.0,1.0,1.0,0.0
1,270,8.310291845837257,3.513939487821306,0.0,1.0,1.0,0.0,0.0,0.0
2,270,2.410588276761767,6.254323609524496,1.0,0.0,1.0,1.0,1.0,1.0
3,270,12.0,12.0,1.0,1.0,0.0,0.0,0.0,0.0
4,270,8.786281531136032,0.2884399429616077,0.0,1.0,0.0,0.0,0.0,0.0
5,270,7.961749872142978,11.151077515869742,0.0,1.0,1.0,0.0,1.0,0.0
6,270,8.574525139666092,0.6319801258651361,0.0,1.0,0.0,0.0,1.0,0.0
7,270,11.930617500927845,12.0,0.0,0.0,0.0,0.0,1.0,1.0
8,270,4.079980199562955,0.0,0.0,0.0,1.0,0.0,0.0,1.0
9,270,7.059417330993213,8.777832065085683,1.0,1.0,1.0,0.0,0.0,1.0
10,270,4.754054098365027,1.9655629871344744,0.0,0.0,0.0,0.0,0.0,1.0
11,270,8.339029265858567,2.206482137522169,1.0,1.0,0.0,0.0,0.0,1.0
12,270,0.6155659157861102,7.547092553312813,1.0,0.0,0.0,0.0,0.0,0.0
13,270,0.3305178566965051,9.071022871927823,0.0,0.0,0.0,0.0,0.0,1.0
14,270,7.017973423035884,6.111561823766371,1.0,0.0,1.0,0.0,0.0,0.0
15,270,5.868659460437773,0.0,1.0,0.0,0.0,0.0,0.0,0.0
16,270,2.756208721911654,11.898336267728792,1.0,0.0,0.0,0.0,1.0,1.0
17,270,9.988953144790814,0.0,0.0,0.0,0.0,0.0,0.0,1.0
18,270,0.6100239106162323,2.7025346167066298,1.0,0.0,0.0,1.0,0.0,1.0
19,270,4.51862696183546,8.582696616998009,0.0,0.0,1.0,0.0,0.0,0.0
20,270,2.7435421044231108,1.3624972565722806,0.0,0.0,1.0,0.0,0.0,1.0
21,270,10.318777147551664,4.871279234426867,0.0,0.0,1.0,0.0,1.0,0.0
22,270,4.620816168187563,12.0,1.0,1.0,1.0,0.0,0.0,0.0
23,270,9.640343958912696,1.4047820378264206,1.0,0.0,1.0,1.0,0.0,0.0
24,270,6.834879882444713,6.879981877439479,0.0,1.0,0.0,0.0,0.0,1.0
25,270,4.918123083385178,7.462010486566099,0.0,1.0,1.0,0.0,0.0,1.0
26,270,1.5794957701529284,0.8736285711234387,0.0,1.0,1.0,0.0,1.0,0.0
27,270,5.07908393277504,6.025339723600778,0.0,0.0,0.0,1.0,1.0,1.0
28,270,6.479207364449081,10.430641861950148,1.0,1.0,0.0,1.0,1.0,1.0
29,270,8.951161481941185,7.897402290913457,1.0,1.0,0.0,0.0,1.0,0.0
30,270,12.0,5.5173223593692455,1.0,0.0,0.0,1.0,1.0,0.0
31,270,0.0,5.954440974545227,1.0,0.0,1.0,0.0,0.0,0.0
32,270,2.994388103531775,0.6767346801555404,0.0,0.0,0.0,0.0,0.0,0.0
33,270,7.267706307300843,10.467544236833485,1.0,1.0,0.0,0.0,1.0,0.0
34,270,12.0,3.176696902087952,0.0,0.0,0.0,0.0,0.0,1.0
35,270,3.746356977303228,2.7315078643316038,0.0,1.0,0.0,0.0,0.0,0.0
36,270,6.96325356938012,4.205931195516449,1.0,1.0,1.0,0.0,1.0,0.0
37,270,12.0,0.0,0.0,0.0,1.0,0.0,1.0,1.0
38,270,4.904608024465899,10.243306395329943,0.0,0.0,1.0,0.0,0.0,0.0
39,270,9.29025476166802,1.4733412727692992,0.0,0.0,0.0,1.0,0.0,1.0
0,275,9.865914413348198,0.0,0.0,0.0,0.0,1.0,1.0,0.0
1,275,8.231379113909194,3.421719476617475,0.0,1.0,1.0,0.0,0.0,0.0
2,275,2.4014949594471737,6.236440859402873,1.0,0.0,1.0,1.0,1.0,1.0
3,275,12.0,12.0,1.0,1.0,0.0,0.0,0.0,0.0
4,275,8.793694228912534,0.4066706195066024,0.0,1.0,0.0,0.0,0.0,0.0
5,275,7.90884101309901,11.210226479550292,0.0,1.0,1.0,0.0,1.0,0.0
6,275,8.642918129842105,0.4504217722483854,0.0,1.0,0.0,0.0,1.0,0.0
7,275,11.93257614907474,12.0,0.0,0.0,0.0,0.0,1.0,1.0
8,275,4.190573391363042,0.0,0.0,0.0,1.0,0.0,0.0,1.0
9,275,7.068691708332588,8.74761728244574,1.0,1.0,1.0,0.0,0.0,1.0
10,275,4.734841737720413,1.9589507229015133,0.0,0.0,0.0,0.0,0.0,1.0
11,275,8.27251290425878,2.1535670993354192,1.0,1.0,0.0,0.0,0.0,1.0
12,275,0.5318299253095875,7.5461583477640115,1.0,0.0,0.0,0.0,0.0,0.0
13,275,0.3560675981303258,9.081028766972032,0.0,0.0,0.0,0.0,0.0,1.0
14,275,7.012382552372729,6.106527294867919,1.0,0.0,1.0,0.0,0.0,0.0
15,275,5.731047465090152,0.0,1.0,0.0,0.0,0.0,0.0,0.0
16,275,2.764916661545865,11.88909384487016,1.0,0.0,0.0,0.0,1.0,1.0
17,275,10.1274626858727,0.0,0.0,0.0,0.0,0.0,0.0,1.0
18,275,0.6160775449010653,2.576309788511173,1.0,0.0,0.0,1.0,0.0,1.0
19,275,4.466609045628586,8.465256124929775,0.0,0.0,1.0,0.0,0.0,0.0
20,275,2.857322742381799,1.2426434786228857,0.0,0.0,1.0,0.0,0.0,1.0
21,275,10.320241415990616,4.877075523359427,0.0,0.0,1.0,0.0,1.0,0.0
22,275,4.603731842992024,12.0,1.0,1.0,1.0,0.0,0.0,0.0
23,275,9.683584712475582,1.3296205829310717,1.0,0.0,1.0,1.0,0.0,0.0
24,275,6.77441520557771,6.936835132469623,0.0,1.0,0.0,0.0,0.0,1.0
25,275,4.907421403255639,7.437110408991999,0.0,1.0,1.0,0.0,0.0,1.0
26,275,1.607254245848344,0.8521277768118009,0.0,1.0,1.0,0.0,1.0,0.0
27,275,5.101646922827444,6.068676623106074,0.0,0.0,0.0,1.0,1.0,1.0
28,275,6.41160349313816,10.36079343458212,1.0,1.0,0.0,1.0,1.0,1.0
29,275,8.949899582472097,7.906213260220948,1.0,1.0,0.0,0.0,1.0,0.0
30,275,12.0,5.478121159116644,1.0,0.0,0.0,1.0,1.0,0.0
31,275,0.0,5.899162532236987,1.0,0.0,1.0,0.0,0.0,0.0
32,275,3.0067788018767208,0.6758724396255005,0.0,0.0,0.0,0.0,0.0,0.0
33,275,7.171564992465507,10.553243131984717,1.0,1.0,0.0,0.0,1.0,0.0
34,275,12.0,3.2599667510360444,0.0,0.0,0.0,0.0,0.0,1.0
35,275,3.609882575940712,2.4954144640296407,0.0,1.0,0.0,0.0,0.0,0.0
36,275,6.954987147575952,4.207602217309461,1.0,1.0,1.0,0.0,1.0,0.0
37,275,12.0,0.0,0.0,0.0,1.0,0.0,1.0,1.0
38,275,5.081415659221682,10.150092795793832,0.0,0.0,1.0,0.0,0.0,0.0
39,275,9.44907217259741,1.4223425946621064,0.0,0.0,0.0,1.0,0.0,1.0
0,280,9.869653789205977,0.0,0.0,0.0,0.0,1.0,1.0,0.0
1,280,8.158422762749801,3.3363658998296697,0.0,1.0,1.0,0.0,0.0,0.0
2,280,2.3844430122419986,6.204537323067214,1.0,0.0,1.0,1.0,1.0,1.0
3,280,12.0,12.0,1.0,1.0,0.0,0.0,0.0,0.0
4,280,8.802380060457567,0.5447727473168723,0.0,1.0,0.0,0.0,0.0,0.0
5,280,7.864345150638169,11.25851292142214,0.0,1.0,1.0,0.0,1.0,0.0
6,280,8.710638461581595,0.2622525083754188,0.0,1.0,0.0,0.0,1.0,0.0
7,280,11.934930294228614,12.0,0.0,0.0,0.0,0.0,1.0,1.0
8,280,4.30373606341259,0.0,0.0,0.0,1.0,0.0,0.0,1.0
9,280,7.078829071287847,8.715177181235205,1.0,1.0,1.0,0.0,0.0,1.0
10,280,4.72076117036276,1.953984839169854,0.0,0.0,0.0,0.0,0.0,1.0
11,280,8.21174757686693,2.105030879079434,1.0,1.0,0.0,0.0,0.0,1.0
12,280,0.4526426637872549,7.546064474405559,1.0,0.0,0.0,0.0,0.0,0.0
13,280,0.394061712359175,9.095794325503046,0.0,0.0,0.0,0.0,0.0,1.0
14,280,7.0232320279301055,6.115562919700099,1.0,0.0,1.0,0.0,0.0,0.0
15,280,5.599167778934395,0.0,1.0,0.0,0.0,0.0,0.0,0.0
16,280,2.7678478782230997,11.88587318906132,1.0,0.0,0.0,0.0,1.0,1.0
17,280,10.268343560837828,0.0,0.0,0.0,0.0,0.0,0.0,1.0
18,280,0.6198925254014088,2.478956112631173,1.0,0.0,0.0,1.0,0.0,1.0
19,280,4.410269969860846,8.34188294452411,0.0,0.0,1.0,0.0,0.0,0.0
20,280,2.979899335622161,1.1074076976972789,0.0,0.0,1.0,0.0,0.0,1.0
21,280,10.320774952957793,4.879066896369242,0.0,0.0,1.0,0.0,1.0,0.0
22,280,4.580002449355155,12.0,1.0,1.0,1.0,0.0,0.0,0.0
23,280,9.730721065540802,1.2525633595618308,1.0,0.0,1.0,1.0,0.0,0.0
24,280,6.687886081355233,7.020730161546196,0.0,1.0,0.0,0.0,0.0,1.0
25,280,4.8927661402275975,7.402826859743408,0.0,1.0,1.0,0.0,0.0,1.0
26,280,1.6367992308128207,0.8291299207858807,0.0,1.0,1.0,0.0,1.0,0.0
27,280,5.130668015376492,6.122733258231065,0.0,0.0,0.0,1.0,1.0,1.0
28,280,6.350677767075235,10.296022279414906,1.0,1.0,0.0,1.0,1.0,1.0
29,280,8.949050022243396,7.91201070325912,1.0,1.0,0.0,0.0,1.0,0.0
30,280,12.0,5.428997708986822,1.0,0.0,0.0,1.0,1.0,0.0
31,280,0.0,5.850561386017141,1.0,0.0,1.0,0.0,0.0,0.0
32,280,2.995112929676462,0.6764740290604339,0.0,0.0,0.0,0.0,0.0,0.0
33,280,7.096744827668417,10.618839142970431,1.0,1.0,0.0,0.0,1.0,0.0
34,280,12.0,3.358454089423576,0.0,0.0,0.0,0.0,0.0,1.0
35,280,3.4806237641440823,2.269703700640144,0.0,1.0,0.0,0.0,0.0,0.0
36,280,6.942208178692093,4.21032062824121,1.0,1.0,1.0,0.0,1.0,0.0
37,280,12.0,0.0,0.0,0.0,1.0,0.0,1.0,1.0
38,280,5.245911346828488,10.06524541689694,0.0,0.0,1.0,0.0,0.0,0.0
39,280,9.58479504316404,1.3758126562025816,0.0,0.0,0.0,1.0,0.0,1.0
0,285,9.87293894810355,0.0,0.0,0.0,0.0,1.0,1.0,0.0
1,285,8.073266850815683,3.2399324655036863,0.0,1.0,1.0,0.0,0.0,0.0
2,285,2.376846770795217,6.190028784088692,1.0,0.0,1.0,1.0,1.0,1.0
3,285,12.0,12.0,1.0,1.0,0.0,0.0,0.0,0.0
4,285,8.81119441184599,0.701514659100764,0.0,1.0,0.0,0.0,0.0,0.0
5,285,7.819071137922098,11.30409879154862,0.0,1.0,1.0,0.0,1.0,0.0
6,285,8.780590039977513,0.0644973546080076,0.0,1.0,0.0,0.0,1.0,0.0
7,285,11.94951324159678,12.0,0.0,0.0,0.0,0.0,1.0,1.0
8,285,4.407539052016207,0.0,0.0,0.0,1.0,0.0,0.0,1.0
9,285,7.0896027694974375,8.680439211549105,1.0,1.0,1.0,0.0,0.0,1.0
10,285,4.696910285503503,1.945960775303728,0.0,0.0,0.0,0.0,0.0,1.0
11,285,8.170282655337424,2.0715040469522803,1.0,1.0,0.0,0.0,0.0,1.0
12,285,0.3874805059446266,7.5462185389819165,1.0,0.0,0.0,0.0,0.0,0.0
13,285,0.4349647021509576,9.114161493414262,0.0,0.0,0.0,0.0,0.0,1.0
14,285,7.019359499701086,6.112366310917064,1.0,0.0,1.0,0.0,0.0,0.0
15,285,5.460541790828962,0.0,1.0,0.0,0.0,0.0,0.0,0.0
16,285,2.7674839864844043,11.88626470278164,1.0,0.0,0.0,0.0,1.0,1.0
17,285,10.156348503351683,0.0,0.0,0.0,0.0,0.0,0.0,1.0
18,285,0.6265881320054452,2.374453316360745,1.0,0.0,0.0,1.0,0.0,1.0
19,285,4.344453999280964,8.195988500217204,0.0,0.0,1.0,0.0,0.0,0.0
20,285,3.1174110083874176,0.9551395555551568,0.0,0.0,1.0,0.0,0.0,1.0
21,285,10.318603730547409,4.868923519105664,0.0,0.0,1.0,0.0,1.0,0.0
22,285,4.566431162288157,12.0,1.0,1.0,1.0,0.0,0.0,0.0
23,285,9.78561398451876,1.1578065043218084,1.0,0.0,1.0,1.0,0.0,0.0
24,285,6.597101773988015,7.109926914918463,0.0,1.0,0.0,0.0,0.0,1.0
25,285,4.874731603801825,7.358212954697476,0.0,1.0,1.0,0.0,0.0,1.0
26,285,1.6488743077082502,0.8193524103099062,0.0,1.0,1.0,0.0,1.0,0.0
27,285,5.17051251227992,6.190126996533694,0.0,0.0,0.0,1.0,1.0,1.0
28,285,6.272952940545287,10.216676444741775,1.0,1.0,0.0,1.0,1.0,1.0
29,285,8.948017392026815,7.918588609854458,1.0,1.0,0.0,0.0,1.0,0.0
30,285,12.0,5.375808811335507,1.0,0.0,0.0,1.0,1.0,0.0
31,285,0.0,5.805735063701031,1.0,0.0,1.0,0.0,0.0,0.0
32,285,2.977613881497199,0.6771565386104508,0.0,0.0,0.0,0.0,0.0,0.0
33,285,7.026669300852007,10.681582808506114,1.0,1.0,0.0,0.0,1.0,0.0
34,285,12.0,3.423546840493783,0.0,0.0,0.0,0.0,0.0,1.0
35,285,3.3642269861815857,2.058098559176123,0.0,1.0,0.0,0.0,0.0,0.0
36,285,6.931838730444777,4.21239520213047,1.0,1.0,1.0,0.0,1.0,0.0
37,285,12.0,0.0,0.0,0.0,1.0,0.0,1.0,1.0
38,285,5.4122725965067096,9.978699554108964,0.0,0.0,1.0,0.0,0.0,0.0
39,285,9.707443341484748,1.3346345545895828,0.0,0.0,0.0,1.0,0.0,1.0
0,290,9.88478695627908,0.0,0.0,0.0,0.0,1.0,1.0,0.0
1,290,7.977581358923143,3.1346549402568664,0.0,1.0,1.0,0.0,0.0,0.0
2,290,2.3648149586231986,6.16687578485126,1.0,0.0,1.0,1.0,1.0,1.0
3,290,12.0,12.0,1.0,1.0,0.0,0.0,0.0,0.0
4,290,8.816471576629134,0.8577157534019607,0.0,1.0,0.0,0.0,0.0,0.0
5,290,7.790729321993962,11.334071776315294,0.0,1.0,1.0,0.0,1.0,0.0
6,290,8.842809410194857,0.0,0.0,1.0,0.0,0.0,1.0,0.0
7,290,11.968842535600697,12.0,0.0,0.0,0.0,0.0,1.0,1.0
8,290,4.509099641319698,0.0,0.0,0.0,1.0,0.0,0.0,1.0
9,290,7.096669432514226,8.657485502638112,1.0,1.0,1.0,0.0,0.0,1.0
10,290,4.687652445386589,1.942950941608844,0.0,0.0,0.0,0.0,0.0,1.0
11,290,8.14195315727894,2.049587200626504,1.0,1.0,0.0,0.0,0.0,1.0
12,290,0.299201691698411,7.548281835774659,1.0,0.0,0.0,0.0,0.0,0.0
13,290,0.4662708102574857,9.128448623241214,0.0,0.0,0.0,0.0,0.0,1.0
14,290,7.018280811822001,6.113593002396629,1.0,0.0,1.0,0.0,0.0,0.0
15,290,5.318695583683479,0.0,1.0,0.0,0.0,0.0,0.0,0.0
16,290,2.764807171505944,11.889202517938672,1.0,0.0,0.0,0.0,1.0,1.0
17,290,10.042453360932846,0.0,0.0,0.0,0.0,0.0,0.0,1.0
18,290,0.6357513362104389,2.2486150136584944,1.0,0.0,0.0,1.0,0.0,1.0
19,290,4.48291610932628,8.131258700153026,0.0,0.0,1.0,0.0,0.0,0.0
20,290,3.2540956532151823,0.8005588951456984,0.0,0.0,1.0,0.0,0.0,1.0
21,290,10.313807218911002,4.842788491948332,0.0,0.0,1.0,0.0,1.0,0.0
22,290,4.565318455215025,12.0,1.0,1.0,1.0,0.0,0.0,0.0
23,290,9.843632549462567,1.0510391267087336,1.0,0.0,1.0,1.0,0.0,0.0
24,290,6.500740904678211,7.204610413205054,0.0,1.0,0.0,0.0,0.0,1.0
25,290,4.854258610333227,7.30534387103942,0.0,1.0,1.0,0.0,0.0,1.0
26,290,1.64216205196894,0.8250964817859101,0.0,1.0,1.0,0.0,1.0,0.0
27,290,5.217293862036987,6.270864528614964,0.0,0.0,0.0,1.0,1.0,1.0
28,290,6.192578121831359,10.133898856861403,1.0,1.0,0.0,1.0,1.0,1.0
29,290,8.948967139670744,7.91338930973778,1.0,1.0,0.0,0.0,1.0,0.0
30,290,12.0,5.319625357061692,1.0,0.0,0.0,1.0,1.0,0.0
31,290,0.0,5.76584064678307,1.0,0.0,1.0,0.0,0.0,0.0
32,290,2.9638592605894933,0.6783475130268256,0.0,0.0,0.0,0.0,0.0,0.0
33,290,6.965805775405635,10.736215572924404,1.0,1.0,0.0,0.0,1.0,0.0
34,290,12.0,3.477770347513949,0.0,0.0,0.0,0.0,0.0,1.0
35,290,3.2492295656339345,1.856200405399253,0.0,1.0,0.0,0.0,0.0,0.0
36,290,6.946123165650124,4.209811925429483,1.0,1.0,1.0,0.0,1.0,0.0
37,290,12.0,0.0,0.0,0.0,1.0,0.0,1.0,1.0
38,290,5.57591857017675,9.89953767107184,0.0,0.0,1.0,0.0,0.0,0.0
39,290,9.841767235978503,1.2895105003688287,0.0,0.0,0.0,1.0,0.0,1.0
0,295,9.888284892852102,0.0,0.0,0.0,0.0,1.0,1.0,0.0
1,295,7.8747353423493776,3.0214046838134814,0.0,1.0,1.0,0.0,0.0,0.0
2,295,2.353128531588609,6.143205355941489,1.0,0.0,1.0,1.0,1.0,1.0
3,295,12.0,12.0,1.0,1.0,0.0,0.0,0.0,0.0
4,295,8.819146724622753,1.0159558557144064,0.0,1.0,0.0,0.0,0.0,0.0
5,295,7.775780526528118,11.350612121385602,0.0,1.0,1.0,0.0,1.0,0.0
6,295,8.91517968509814,0.0,0.0,1.0,0.0,0.0,1.0,0.0
7,295,11.981778387014224,12.0,0.0,0.0,0.0,0.0,1.0,1.0
8,295,4.616615702533988,0.0,0.0,0.0,1.0,0.0,0.0,1.0
9,295,7.105441112408594,8.628853857754564,1.0,1.0,1.0,0.0,0.0,1.0
10,295,4.687727614292258,1.9429764600073796,0.0,0.0,0.0,0.0,0.0,1.0
11,295,8.111908015135443,2.025020043125437,1.0,1.0,0.0,0.0,0.0,1.0
12,295,0.219850496126724,7.55107389288035,1.0,0.0,0.0,0.0,0.0,0.0
13,295,0.4470116330374586,9.169475425277133,0.0,0.0,0.0,0.0,0.0,1.0
14,295,7.025740841657105,6.105355380286049,1.0,0.0,1.0,0.0,0.0,0.0
15,295,5.158516196680757,0.0,1.0,0.0,0.0,0.0,0.0,0.0
16,295,2.758126753653131,11.896338846158224,1.0,0.0,0.0,0.0,1.0,1.0
17,295,9.934574669634811,0.0,0.0,0.0,0.0,0.0,0.0,1.0
18,295,0.5191387707972861,2.241219689632995,1.0,0.0,0.0,1.0,0.0,1.0
19,295,4.624373177031041,8.063861183694216,0.0,0.0,1.0,0.0,0.0,0.0
20,295,3.382023275076885,0.6555651670724518,0.0,0.0,1.0,0.0,0.0,1.0
21,295,10.310091086164604,4.8230058892987016,0.0,0.0,1.0,0.0,1.0,0.0
22,295,4.553513926175933,12.0,1.0,1.0,1.0,0.0,0.0,0.0
23,295,9.895122822719776,0.9476421980308016,1.0,0.0,1.0,1.0,0.0,0.0
24,295,6.398552715234455,7.307257090859686,0.0,1.0,0.0,0.0,0.0,1.0
25,295,4.836779093832432,7.256984841487932,0.0,1.0,1.0,0.0,0.0,1.0
26,295,1.6532111478102869,0.8155719598353052,0.0,1.0,1.0,0.0,1.0,0.0
27,295,5.267596154498541,6.360472577626215,0.0,0.0,0.0,1.0,1.0,1.0
28,295,6.106981134875976,10.049912778566464,1.0,1.0,0.0,1.0,1.0,1.0
29,295,8.954418661246873,7.879416785259483,1.0,1.0,0.0,0.0,1.0,0.0
30,295,12.0,5.2598202998431605,1.0,0.0,0.0,1.0,1.0,0.0
31,295,0.0,5.726283987824065,1.0,0.0,1.0,0.0,0.0,0.0
32,295,2.964376025137972,0.6783074340118973,0.0,0.0,0.0,0.0,0.0,0.0
33,295,6.901049673774493,10.795120564315027,1.0,1.0,0.0,0.0,1.0,0.0
34,295,12.0,3.530311043426628,0.0,0.0,0.0,0.0,0.0,1.0
35,295,3.1394345814042923,1.6567983207381205,0.0,1.0,0.0,0.0,0.0,0.0
36,295,6.9743672180228575,4.205208543825544,1.0,1.0,1.0,0.0,1.0,0.0
37,295,12.0,0.0,0.0,0.0,1.0,0.0,1.0,1.0
38,295,5.738662760950063,9.820384173653135,0.0,0.0,1.0,0.0,0.0,0.0
39,295,9.988745121695787,1.2480719477432136,0.0,0.0,0.0,1.0,0.0,1.0
