0,0,4.949029631753798,6.978158152352672,0.0,0.0,0.0,0.0,1.0,0.0
1,0,8.960389678397794,3.0151907365703465,0.0,1.0,1.0,0.0,0.0,0.0
2,0,0.0206696252257249,6.950078577463079,0.0,0.0,0.0,0.0,1.0,0.0
3,0,0.0527140559912918,0.0,0.0,0.0,1.0,1.0,1.0,0.0
4,0,4.036223541950208,5.97206332267355,0.0,1.0,1.0,0.0,1.0,1.0
5,0,4.028779028015219,12.0,0.0,0.0,0.0,0.0,0.0,0.0
6,0,7.949314180025492,0.9471472658775985,1.0,0.0,0.0,1.0,0.0,0.0
7,0,7.9408459645281955,5.001581413985175,0.0,1.0,1.0,0.0,1.0,1.0
8,0,2.9369690543244698,0.017199750866245,1.0,0.0,0.0,0.0,1.0,1.0
9,0,6.986345130823112,3.056929029931481,1.0,0.0,0.0,0.0,0.0,1.0
10,0,11.020722919730098,7.031950326830136,0.0,0.0,0.0,0.0,1.0,1.0
11,0,9.0317310685315,3.032278183618667,0.0,1.0,1.0,0.0,0.0,0.0
12,0,6.02698545226881,4.976188197602612,1.0,1.0,0.0,0.0,0.0,0.0
13,0,3.9745674054783295,2.046014675363655,0.0,1.0,1.0,1.0,0.0,1.0
14,0,2.9422394530935363,6.023323839757927,1.0,0.0,1.0,0.0,1.0,0.0
15,0,0.0322890450710984,0.0,1.0,1.0,1.0,1.0,0.0,1.0
16,0,10.048182802329215,6.95495018028978,1.0,1.0,0.0,0.0,1.0,1.0
17,0,12.0,0.051584446893861,0.0,0.0,0.0,0.0,0.0,0.0
18,0,4.97573625782518,4.053740413260982,0.0,1.0,0.0,1.0,0.0,1.0
19,0,11.994591321917405,3.069902251027569,1.0,0.0,0.0,0.0,1.0,1.0
20,0,4.037327859133392,0.9740497646118176,0.0,1.0,0.0,1.0,0.0,1.0
21,0,5.964361850372822,0.0,1.0,0.0,0.0,1.0,0.0,1.0
22,0,8.932094159683345,1.0110846970094771,0.0,0.0,1.0,1.0,0.0,1.0
23,0,8.965269810264846,12.0,0.0,1.0,1.0,0.0,0.0,0.0
24,0,8.041720670180847,4.033596042530089,1.0,1.0,0.0,0.0,0.0,1.0
25,0,2.9687249327900065,4.04603226062366,1.0,0.0,0.0,1.0,1.0,1.0
26,0,0.9780033235220712,4.037008526158789,1.0,1.0,0.0,0.0,0.0,0.0
27,0,2.955232720320461,0.0387156512106537,0.0,0.0,1.0,0.0,0.0,0.0
28,0,11.056881764879884,8.002793659611877,0.0,0.0,0.0,0.0,1.0,1.0
29,0,4.95197029419218,3.021997430980133,0.0,1.0,1.0,0.0,1.0,1.0
30,0,11.049068080506633,2.0050319751303327,1.0,0.0,0.0,0.0,0.0,1.0
31,0,12.0,6.03897313795695,1.0,0.0,1.0,1.0,0.0,1.0
32,0,7.944348871730683,4.961030708748481,0.0,0.0,1.0,0.0,1.0,1.0
33,0,5.002494765178158,2.945065443248182,0.0,1.0,0.0,0.0,1.0,1.0
34,0,5.960995166690956,3.942806120066736,0.0,0.0,0.0,0.0,0.0,1.0
35,0,10.047206826110022,3.0419290289600776,1.0,0.0,1.0,0.0,0.0,0.0
36,0,0.0008203806533659,9.940737381594502,0.0,1.0,0.0,0.0,0.0,0.0
37,0,1.0398888405678548,3.0175812525810173,0.0,1.0,0.0,0.0,0.0,1.0
38,0,12.0,0.0,1.0,0.0,1.0,1.0,0.0,0.0
39,0,5.916982477401358,2.024220447295855,0.0,1.0,0.0,0.0,0.0,0.0
0,5,4.899354294440663,6.955733048877457,0.0,0.0,0.0,0.0,1.0,0.0
1,5,8.922061888639803,3.0283432165837127,0.0,1.0,1.0,0.0,0.0,0.0
2,5,0.0376416979209892,6.908953783847245,0.0,0.0,0.0,0.0,1.0,0.0
3,5,0.1020956611915732,0.0,0.0,0.0,1.0,1.0,1.0,0.0
4,5,4.073067323931039,5.945010619698836,0.0,1.0,1.0,0.0,1.0,1.0
5,5,4.053194464391496,12.0,0.0,0.0,0.0,0.0,0.0,0.0
6,5,7.909174811143435,0.9040640410376912,1.0,0.0,0.0,1.0,0.0,0.0
7,5,7.87434243075739,5.002853101327783,0.0,1.0,1.0,0.0,1.0,1.0
8,5,2.8626319788437207,0.0369642072346769,1.0,0.0,0.0,0.0,1.0,1.0
9,5,6.973168258916985,3.1096847172848463,1.0,0.0,0.0,0.0,0.0,1.0
10,5,11.04144211802648,7.064447955984419,0.0,0.0,0.0,0.0,1.0,1.0
11,5,9.07070859122664,3.0730346424136528,0.0,1.0,1.0,0.0,0.0,0.0
12,5,6.045043374990894,4.960072302129079,1.0,1.0,0.0,0.0,0.0,0.0
13,5,3.943902807946866,2.100261944512451,0.0,1.0,1.0,1.0,0.0,1.0
14,5,2.895882211550404,6.040971824498534,1.0,0.0,1.0,0.0,1.0,0.0
15,5,0.0659217080353686,0.0,1.0,1.0,1.0,1.0,0.0,1.0
16,5,10.10275661029048,6.905419999779935,1.0,1.0,0.0,0.0,1.0,1.0
17,5,12.0,0.1135945794022053,0.0,0.0,0.0,0.0,0.0,0.0
18,5,4.9551560877650624,4.103392388590374,0.0,1.0,0.0,1.0,0.0,1.0
19,5,11.99006354071416,3.119867398582026,1.0,0.0,0.0,0.0,1.0,1.0
20,5,4.074325435590189,0.9472203594622052,0.0,1.0,0.0,1.0,0.0,1.0
21,5,5.927155157528073,0.0,1.0,0.0,0.0,1.0,0.0,1.0
22,5,8.84387208399023,1.02728620709979,0.0,0.0,1.0,1.0,0.0,1.0
23,5,8.936246295114982,12.0,0.0,1.0,1.0,0.0,0.0,0.0
24,5,8.084404463861828,4.067882373306372,1.0,1.0,0.0,0.0,0.0,1.0
25,5,2.9318245365949163,4.103632494545584,1.0,0.0,0.0,1.0,1.0,1.0
26,5,0.951838804059814,4.084333938017031,1.0,1.0,0.0,0.0,0.0,0.0
27,5,2.926389133761618,0.0636132442281478,0.0,0.0,1.0,0.0,0.0,0.0
28,5,11.12376947953628,8.00675069582286,0.0,0.0,0.0,0.0,1.0,1.0
29,5,4.88059750219191,3.0542634029513342,0.0,1.0,1.0,0.0,1.0,1.0
30,5,11.097444113153417,2.009318451767583,1.0,0.0,0.0,0.0,0.0,1.0
31,5,12.0,6.096579047650007,1.0,0.0,1.0,1.0,0.0,1.0
32,5,7.89338325819438,4.925938569628631,0.0,0.0,1.0,0.0,1.0,1.0
33,5,5.003732371388423,2.8794383321408428,0.0,1.0,0.0,0.0,1.0,1.0
34,5,5.904383375799495,3.8615820395952807,0.0,0.0,0.0,0.0,0.0,1.0
35,5,10.075892795377465,3.0671473123998907,1.0,0.0,1.0,0.0,0.0,0.0
36,5,0.0,9.869683552774914,0.0,1.0,0.0,0.0,0.0,0.0
37,5,1.077259579476822,3.0346273045432097,0.0,1.0,0.0,0.0,0.0,1.0
38,5,12.0,0.0,1.0,0.0,1.0,1.0,0.0,0.0
39,5,5.830878777455093,2.0485853609879783,0.0,1.0,0.0,0.0,0.0,0.0
0,10,4.839530092100401,6.92906895085102,0.0,0.0,0.0,0.0,1.0,0.0
1,10,8.902039843553892,3.0352695397490583,0.0,1.0,1.0,0.0,0.0,0.0
2,10,0.0660690874578347,6.842466168252862,0.0,0.0,0.0,0.0,1.0,0.0
3,10,0.1570618455136337,0.0,0.0,0.0,1.0,1.0,1.0,0.0
4,10,4.1075062262586,5.920629678690586,0.0,1.0,1.0,0.0,1.0,1.0
5,10,4.07261554014132,12.0,0.0,0.0,0.0,0.0,0.0,0.0
6,10,7.860808809727743,0.8530920406628674,1.0,0.0,0.0,1.0,0.0,0.0
7,10,7.805068412197665,5.004379785750344,0.0,1.0,1.0,0.0,1.0,1.0
8,10,2.7887530476117366,0.0567518619715655,1.0,0.0,0.0,0.0,1.0,1.0
9,10,6.958698095280116,3.1620749698878874,1.0,0.0,0.0,0.0,0.0,1.0
10,10,11.04894362339416,7.075728634055713,0.0,0.0,0.0,0.0,1.0,1.0
11,10,9.11401439306445,3.117199716498544,0.0,1.0,1.0,0.0,0.0,0.0
12,10,6.048226924747767,4.957344942333705,1.0,1.0,0.0,0.0,0.0,0.0
13,10,3.90978387159149,2.159040576913329,0.0,1.0,1.0,1.0,0.0,1.0
14,10,2.8633843817108806,6.052767202674628,1.0,0.0,1.0,0.0,1.0,0.0
15,10,0.0941437579998228,0.0,1.0,1.0,1.0,1.0,0.0,1.0
16,10,10.151699191663177,6.861844354732768,1.0,1.0,0.0,0.0,1.0,1.0
17,10,12.0,0.1728244224130808,0.0,0.0,0.0,0.0,0.0,0.0
18,10,4.936415049330146,4.146506335922616,0.0,1.0,0.0,1.0,0.0,1.0
19,10,11.98604733436629,3.160632704157428,1.0,0.0,0.0,0.0,1.0,1.0
20,10,4.1109289224784415,0.920425601919646,0.0,1.0,0.0,1.0,0.0,1.0
21,10,5.88745998749125,0.0,1.0,0.0,0.0,1.0,0.0,1.0
22,10,8.724387956091752,1.0474367955951,0.0,0.0,1.0,1.0,0.0,1.0
23,10,8.915267330054192,12.0,0.0,1.0,1.0,0.0,0.0,0.0
24,10,8.133603015900544,4.1084658925256585,1.0,1.0,0.0,0.0,0.0,1.0
25,10,2.891261675595743,4.163025190805297,1.0,0.0,0.0,1.0,1.0,1.0
26,10,0.9245979866268804,4.133232488022775,1.0,1.0,0.0,0.0,0.0,0.0
27,10,2.927381831669705,0.0627749671639131,0.0,0.0,1.0,0.0,0.0,0.0
28,10,11.197958863973628,8.01145760685905,0.0,0.0,0.0,0.0,1.0,1.0
29,10,4.795950519428768,3.092878473882988,0.0,1.0,1.0,0.0,1.0,1.0
30,10,11.155095554479118,2.014381621088647,1.0,0.0,0.0,0.0,0.0,1.0
31,10,12.0,6.1714901271323335,1.0,0.0,1.0,1.0,0.0,1.0
32,10,7.8426696203737,4.890324782706528,0.0,0.0,1.0,0.0,1.0,1.0
33,10,5.005692392959389,2.809463856923708,0.0,1.0,0.0,0.0,1.0,1.0
34,10,5.843148345111561,3.7776871799453007,0.0,0.0,0.0,0.0,0.0,1.0
35,10,10.09341394359541,3.0837326236206626,1.0,0.0,1.0,0.0,0.0,0.0
36,10,0.0001599207022132,9.793519740859946,0.0,1.0,0.0,0.0,0.0,0.0
37,10,1.1270441307147827,3.0586883637856768,0.0,1.0,0.0,0.0,0.0,1.0
38,10,12.0,0.0,1.0,0.0,1.0,1.0,0.0,0.0
39,10,5.714899122002969,2.0835332639277038,0.0,1.0,0.0,0.0,0.0,0.0
0,15,4.7873606563999,6.905590039572256,0.0,0.0,0.0,0.0,1.0,0.0
1,15,8.887112521529428,3.0410465432638865,0.0,1.0,1.0,0.0,0.0,0.0
2,15,0.0997520830885731,6.769026057996151,0.0,0.0,0.0,0.0,1.0,0.0
3,15,0.21787240474935,0.0,0.0,0.0,1.0,1.0,1.0,0.0
4,15,4.111979510469935,5.917664646655487,0.0,1.0,1.0,0.0,1.0,1.0
5,15,4.107408451116304,12.0,0.0,0.0,0.0,0.0,0.0,0.0
6,15,7.820034754424241,0.8075218706263093,1.0,0.0,0.0,1.0,0.0,0.0
7,15,7.756622974071529,5.004764293953192,0.0,1.0,1.0,0.0,1.0,1.0
8,15,2.716124955981119,0.0765766432532129,1.0,0.0,0.0,0.0,1.0,1.0
9,15,6.9397689226323696,3.226005321993248,1.0,0.0,0.0,0.0,0.0,1.0
10,15,11.065783466973643,7.099561966889412,0.0,0.0,0.0,0.0,1.0,1.0
11,15,9.168826987975804,3.1737062767966697,0.0,1.0,1.0,0.0,0.0,0.0
12,15,6.047977203765241,4.957563473625336,1.0,1.0,0.0,0.0,0.0,0.0
13,15,3.8761717646691136,2.2142418397817063,0.0,1.0,1.0,1.0,0.0,1.0
14,15,2.8169202081819225,6.070539135850962,1.0,0.0,1.0,0.0,1.0,0.0
15,15,0.1232043510497129,0.0,1.0,1.0,1.0,1.0,0.0,1.0
16,15,10.211976667558112,6.80997879073608,1.0,1.0,0.0,0.0,1.0,1.0
17,15,12.0,0.2088126452132254,0.0,0.0,0.0,0.0,0.0,0.0
18,15,4.920755023299832,4.18221059172185,0.0,1.0,0.0,1.0,0.0,1.0
19,15,11.982446988628402,3.192576192993669,1.0,0.0,0.0,0.0,1.0,1.0
20,15,4.133909314808671,0.9032579117176288,0.0,1.0,0.0,1.0,0.0,1.0
21,15,5.853829201936764,0.0,1.0,0.0,0.0,1.0,0.0,1.0
22,15,8.601257696107362,1.0676372398745526,0.0,0.0,1.0,1.0,0.0,1.0
23,15,8.888967192210567,12.0,0.0,1.0,1.0,0.0,0.0,0.0
24,15,8.182879417565045,4.14755544848172,1.0,1.0,0.0,0.0,0.0,1.0
25,15,2.838259443569996,4.2382333199442845,1.0,0.0,0.0,1.0,1.0,1.0
26,15,0.8853786682463468,4.204631652278811,1.0,1.0,0.0,0.0,0.0,0.0
27,15,2.913978536730023,0.0740076235738112,0.0,0.0,1.0,0.0,0.0,0.0
28,15,11.19107944536816,8.08996706382706,0.0,0.0,0.0,0.0,1.0,1.0
29,15,4.700372723538216,3.1354126442974515,0.0,1.0,1.0,0.0,1.0,1.0
30,15,11.212988516778903,2.019932381831344,1.0,0.0,0.0,0.0,0.0,1.0
31,15,12.0,6.240705504588708,1.0,0.0,1.0,1.0,0.0,1.0
32,15,7.80442564473363,4.863983699897462,0.0,0.0,1.0,0.0,1.0,1.0
33,15,5.008290575684232,2.75283477405654,0.0,1.0,0.0,0.0,1.0,1.0
34,15,5.777683311183342,3.689914718208917,0.0,0.0,0.0,0.0,0.0,1.0
35,15,10.117517933974602,3.106131100540547,1.0,0.0,1.0,0.0,0.0,0.0
36,15,0.0021001112035932,9.710811378755796,0.0,1.0,0.0,0.0,0.0,0.0
37,15,1.1765556246875908,3.083142887771307,0.0,1.0,0.0,0.0,0.0,1.0
38,15,12.0,0.0,1.0,0.0,1.0,1.0,0.0,0.0
39,15,5.593168093961222,2.120583977941624,0.0,1.0,0.0,0.0,0.0,0.0
0,20,4.743065492608079,6.885673346718771,0.0,0.0,0.0,0.0,1.0,0.0
1,20,8.873749866939692,3.046350306591852,0.0,1.0,1.0,0.0,0.0,0.0
2,20,0.1360070658674158,6.680991783717406,0.0,0.0,0.0,0.0,1.0,0.0
3,20,0.2868961104337464,0.0,0.0,0.0,1.0,1.0,1.0,0.0
4,20,4.11456108863399,5.9159821843330525,0.0,1.0,1.0,0.0,1.0,1.0
5,20,4.142442019529953,12.0,0.0,0.0,0.0,0.0,0.0,0.0
6,20,7.7841570883848865,0.7683139957072453,1.0,0.0,0.0,1.0,0.0,0.0
7,20,7.724123572659366,5.005302982987079,0.0,1.0,1.0,0.0,1.0,1.0
8,20,2.6305537346429304,0.101612914141224,1.0,0.0,0.0,0.0,1.0,1.0
9,20,6.855122133935432,3.1988706668802283,1.0,0.0,0.0,0.0,0.0,1.0
10,20,11.08054781457189,7.120861336466771,0.0,0.0,0.0,0.0,1.0,1.0
11,20,9.21934048263423,3.225284783731005,0.0,1.0,1.0,0.0,0.0,0.0
12,20,6.029856571466154,4.97319397269102,1.0,1.0,0.0,0.0,0.0,0.0
13,20,3.852837854854677,2.252040391476216,0.0,1.0,1.0,1.0,0.0,1.0
14,20,2.751378371563607,6.096687595552311,1.0,0.0,1.0,0.0,1.0,0.0
15,20,0.1468107972609292,0.0,1.0,1.0,1.0,1.0,0.0,1.0
16,20,10.285797793393568,6.741483808853555,1.0,1.0,0.0,0.0,1.0,1.0
17,20,12.0,0.2390256159158069,0.0,0.0,0.0,0.0,0.0,0.0
18,20,4.891489395734431,4.249287221094583,0.0,1.0,0.0,1.0,0.0,1.0
19,20,11.980608175943631,3.2062557411685395,1.0,0.0,0.0,0.0,1.0,1.0
20,20,4.163883372373606,0.8791013318076117,0.0,1.0,0.0,1.0,0.0,1.0
21,20,5.818637410647636,0.0,1.0,0.0,0.0,1.0,0.0,1.0
22,20,8.46890002250674,1.089894208342304,0.0,0.0,1.0,1.0,0.0,1.0
23,20,8.867171034274838,12.0,0.0,1.0,1.0,0.0,0.0,0.0
24,20,8.224832937238865,4.181023630458496,1.0,1.0,0.0,0.0,0.0,1.0
25,20,2.7925438654331325,4.3040030541624175,1.0,0.0,0.0,1.0,1.0,1.0
26,20,0.8512282282204016,4.266256396138103,1.0,1.0,0.0,0.0,0.0,0.0
27,20,2.9064263000923787,0.0803345601585935,0.0,0.0,1.0,0.0,0.0,0.0
28,20,11.183923544711334,8.167594898709433,0.0,0.0,0.0,0.0,1.0,1.0
29,20,4.598088028339742,3.177843560849473,0.0,1.0,1.0,0.0,1.0,1.0
30,20,11.260463559854369,2.0241207366776006,1.0,0.0,0.0,0.0,0.0,1.0
31,20,12.0,6.312281641444927,1.0,0.0,1.0,1.0,0.0,1.0
32,20,7.773605408159598,4.84304009158417,0.0,0.0,1.0,0.0,1.0,1.0
33,20,5.0111513072753135,2.697424377142384,0.0,1.0,0.0,0.0,1.0,1.0
34,20,5.711918863199252,3.603412990020788,0.0,0.0,0.0,0.0,0.0,1.0
35,20,10.14022829705229,3.126719095485445,1.0,0.0,1.0,0.0,0.0,0.0
36,20,0.0039557577201975,9.632493966079348,0.0,1.0,0.0,0.0,0.0,0.0
37,20,1.2343115590331084,3.1076780486348383,0.0,1.0,0.0,0.0,0.0,1.0
38,20,12.0,0.0,1.0,0.0,1.0,1.0,0.0,0.0
39,20,5.485699529069395,2.1519256313988224,0.0,1.0,0.0,0.0,0.0,0.0
0,25,4.693134851505221,6.860999940326352,0.0,0.0,0.0,0.0,1.0,0.0
1,25,8.863382622325986,3.0502038577182744,0.0,1.0,1.0,0.0,0.0,0.0
2,25,0.1717921068265858,6.59814820812589,0.0,0.0,0.0,0.0,1.0,0.0
3,25,0.3424051769279569,0.0,0.0,0.0,1.0,1.0,1.0,0.0
4,25,4.106244469133945,5.9214316927665305,0.0,1.0,1.0,0.0,1.0,1.0
5,25,4.17840052000209,12.0,0.0,0.0,0.0,0.0,0.0,0.0
6,25,7.757189136973467,0.7381110449470432,1.0,0.0,0.0,1.0,0.0,0.0
7,25,7.6999687704489475,5.00627263326927,0.0,1.0,1.0,0.0,1.0,1.0
8,25,2.5439367856602653,0.1287175593819627,1.0,0.0,0.0,0.0,1.0,1.0
9,25,6.787605746345195,3.1809018975302736,1.0,0.0,0.0,0.0,0.0,1.0
10,25,11.092231950073511,7.136601051282973,0.0,0.0,0.0,0.0,1.0,1.0
11,25,9.261802212930656,3.267579283905683,0.0,1.0,1.0,0.0,0.0,0.0
12,25,6.024653970008592,4.977832356084144,1.0,1.0,0.0,0.0,0.0,0.0
13,25,3.831284662562304,2.28681846581004,0.0,1.0,1.0,1.0,0.0,1.0
14,25,2.7153079873851818,6.111006594953897,1.0,0.0,1.0,0.0,1.0,0.0
15,25,0.1728609443491722,0.0,1.0,1.0,1.0,1.0,0.0,1.0
16,25,10.358033008349494,6.675293216041128,1.0,1.0,0.0,0.0,1.0,1.0
17,25,12.0,0.2665191905527193,0.0,0.0,0.0,0.0,0.0,0.0
18,25,4.87112898368811,4.294865770809125,0.0,1.0,0.0,1.0,0.0,1.0
19,25,11.976080056351964,3.2433052236877837,1.0,0.0,0.0,0.0,1.0,1.0
20,25,4.167054047930941,0.8765586664054342,0.0,1.0,0.0,1.0,0.0,1.0
21,25,5.793932067104011,0.0,1.0,0.0,0.0,1.0,0.0,1.0
22,25,8.317335198210815,1.11873306728188,0.0,0.0,1.0,1.0,0.0,1.0
23,25,8.860809463143227,12.0,0.0,1.0,1.0,0.0,0.0,0.0
24,25,8.255510141294737,4.20495949662505,1.0,1.0,0.0,0.0,0.0,1.0
25,25,2.758231166134548,4.353755910273709,1.0,0.0,0.0,1.0,1.0,1.0
26,25,0.8227343568374226,4.316987974450063,1.0,1.0,0.0,0.0,0.0,0.0
27,25,2.900161664506483,0.0854994974118786,0.0,0.0,1.0,0.0,0.0,0.0
28,25,11.174563326467744,8.256958871231927,0.0,0.0,0.0,0.0,1.0,1.0
29,25,4.485171893182526,3.222127437176369,0.0,1.0,1.0,0.0,1.0,1.0
30,25,11.312132238442386,2.0276819256657683,1.0,0.0,0.0,0.0,0.0,1.0
31,25,12.0,6.3925190277811,1.0,0.0,1.0,1.0,0.0,1.0
32,25,7.751664555275797,4.8294705457875695,0.0,0.0,1.0,0.0,1.0,1.0
33,25,5.0138526785348345,2.6443406526786477,0.0,1.0,0.0,0.0,1.0,1.0
34,25,5.638023468726176,3.5056593027944944,0.0,0.0,0.0,0.0,0.0,1.0
35,25,10.148527596673308,3.134471941512648,1.0,0.0,1.0,0.0,0.0,0.0
36,25,0.0071404208292608,9.555964650386674,0.0,1.0,0.0,0.0,0.0,0.0
37,25,1.3161713777112236,3.1400149946886367,0.0,1.0,0.0,0.0,0.0,1.0
38,25,12.0,0.0,1.0,0.0,1.0,1.0,0.0,0.0
39,25,5.3667557806367565,2.188047091860044,0.0,1.0,0.0,0.0,0.0,0.0
0,30,4.632669013728587,6.829543924624404,0.0,0.0,0.0,0.0,1.0,0.0
1,30,8.843483742898487,3.0571748445103624,0.0,1.0,1.0,0.0,0.0,0.0
2,30,0.2064488013405669,6.512200621159169,0.0,0.0,0.0,0.0,1.0,0.0
3,30,0.3915916505712256,0.0,0.0,0.0,1.0,1.0,1.0,0.0
4,30,4.093628823238853,5.929340356511066,0.0,1.0,1.0,0.0,1.0,1.0
5,30,4.207337059833926,12.0,0.0,0.0,0.0,0.0,0.0,0.0
6,30,7.716975849679433,0.6906908260206598,1.0,0.0,0.0,1.0,0.0,0.0
7,30,7.667939094991714,5.007251535149707,0.0,1.0,1.0,0.0,1.0,1.0
8,30,2.449952051113232,0.1587130679867879,1.0,0.0,0.0,0.0,1.0,1.0
9,30,6.722147305784355,3.164049873903827,1.0,0.0,0.0,0.0,0.0,1.0
10,30,11.101636828872984,7.148956949274185,0.0,0.0,0.0,0.0,1.0,1.0
11,30,9.303100762751043,3.310213618607309,0.0,1.0,1.0,0.0,0.0,0.0
12,30,6.016975425648673,4.98478981180396,1.0,1.0,0.0,0.0,0.0,0.0
13,30,3.802615613137449,2.338128368855504,0.0,1.0,1.0,1.0,0.0,1.0
14,30,2.6778628205380857,6.126016961862907,1.0,0.0,1.0,0.0,1.0,0.0
15,30,0.1998398240113245,0.0,1.0,1.0,1.0,1.0,0.0,1.0
16,30,10.426309393125004,6.614388741688403,1.0,1.0,0.0,0.0,1.0,1.0
17,30,12.0,0.3021370716620492,0.0,0.0,0.0,0.0,0.0,0.0
18,30,4.850493179250012,4.342476349287665,0.0,1.0,0.0,1.0,0.0,1.0
19,30,11.97300415426358,3.269190888211258,1.0,0.0,0.0,0.0,1.0,1.0
20,30,4.15717388805996,0.8845028692941734,0.0,1.0,0.0,1.0,0.0,1.0
21,30,5.768080450389409,0.0,1.0,0.0,0.0,1.0,0.0,1.0
22,30,8.148976168233515,1.1556414753512558,0.0,0.0,1.0,1.0,0.0,1.0
23,30,8.835003968595888,12.0,0.0,1.0,1.0,0.0,0.0,0.0
24,30,8.291656242605367,4.231388009204751,1.0,1.0,0.0,0.0,0.0,1.0
25,30,2.7097784971896903,4.418868099590116,1.0,0.0,0.0,1.0,1.0,1.0
26,30,0.7895636243678197,4.374279994508931,1.0,1.0,0.0,0.0,0.0,0.0
27,30,2.8921253795884416,0.0928645466196789,0.0,0.0,1.0,0.0,0.0,0.0
28,30,11.163691733176046,8.347940642417575,0.0,0.0,0.0,0.0,1.0,1.0
29,30,4.383531649924355,3.2644476595677068,0.0,1.0,1.0,0.0,1.0,1.0
30,30,11.381843776765722,2.032997773646212,1.0,0.0,0.0,0.0,0.0,1.0
31,30,12.0,6.46853245464372,1.0,0.0,1.0,1.0,0.0,1.0
32,30,7.714250564436657,4.807039298050221,0.0,0.0,1.0,0.0,1.0,1.0
33,30,5.016483103107081,2.604236815336458,0.0,1.0,0.0,0.0,1.0,1.0
34,30,5.5603611985976045,3.404569235763167,0.0,0.0,0.0,0.0,0.0,1.0
35,30,10.14122270479212,3.127685265871629,1.0,0.0,1.0,0.0,0.0,0.0
36,30,0.0106507550869109,9.460392967854077,0.0,1.0,0.0,0.0,0.0,0.0
37,30,1.389160495544151,3.171130522136878,0.0,1.0,0.0,0.0,0.0,1.0
38,30,12.0,0.0,1.0,0.0,1.0,1.0,0.0,0.0
39,30,5.241390491484436,2.230407650797524,0.0,1.0,0.0,0.0,0.0,0.0
0,35,4.582193990648918,6.802394877618016,0.0,0.0,0.0,0.0,1.0,0.0
1,35,8.819761338027071,3.0655722289616065,0.0,1.0,1.0,0.0,0.0,0.0
2,35,0.2454396700241873,6.421476532474966,0.0,0.0,0.0,0.0,1.0,0.0
3,35,0.447330782634387,0.0,0.0,0.0,1.0,1.0,1.0,0.0
4,35,4.0566649026839805,5.952191588204602,0.0,1.0,1.0,0.0,1.0,1.0
5,35,4.235627823537657,12.0,0.0,0.0,0.0,0.0,0.0,0.0
6,35,7.67258736397805,0.6328263068992693,1.0,0.0,0.0,1.0,0.0,0.0
7,35,7.630747369585698,5.009632509859789,0.0,1.0,1.0,0.0,1.0,1.0
8,35,2.336195319440627,0.1942029600697126,1.0,0.0,0.0,0.0,1.0,1.0
9,35,6.658136986408458,3.147030057708504,1.0,0.0,0.0,0.0,0.0,1.0
10,35,11.104096874002591,7.151984598768088,0.0,0.0,0.0,0.0,1.0,1.0
11,35,9.346621433862246,3.357275398135137,0.0,1.0,1.0,0.0,0.0,0.0
12,35,5.9992595374364575,5.000691484405206,1.0,1.0,0.0,0.0,0.0,0.0
13,35,3.772432124851883,2.389297318700785,0.0,1.0,1.0,1.0,0.0,1.0
14,35,2.6221060880810296,6.146964761989,1.0,0.0,1.0,0.0,1.0,0.0
15,35,0.229538429249193,0.0,1.0,1.0,1.0,1.0,0.0,1.0
16,35,10.477130729190566,6.571828973011915,1.0,1.0,0.0,0.0,1.0,1.0
17,35,12.0,0.3552682348231936,0.0,0.0,0.0,0.0,0.0,0.0
18,35,4.8289034603103005,4.397172266585469,0.0,1.0,0.0,1.0,0.0,1.0
19,35,11.966752668565954,3.321887091770505,1.0,0.0,0.0,0.0,1.0,1.0
20,35,4.148947224719795,0.8917503443237111,0.0,1.0,0.0,1.0,0.0,1.0
21,35,5.733195346634725,0.0,1.0,0.0,0.0,1.0,0.0,1.0
22,35,7.981001340757922,1.1935427761691886,0.0,0.0,1.0,1.0,0.0,1.0
23,35,8.822928265429777,12.0,0.0,1.0,1.0,0.0,0.0,0.0
24,35,8.267484081120923,4.264052163115058,1.0,1.0,0.0,0.0,0.0,1.0
25,35,2.63622446704094,4.518542083770894,1.0,0.0,0.0,1.0,1.0,1.0
26,35,0.7471768838487487,4.445585987646121,1.0,1.0,0.0,0.0,0.0,0.0
27,35,2.8795512147771003,0.1039298369082068,0.0,0.0,1.0,0.0,0.0,0.0
28,35,11.154686398807776,8.435615872840534,0.0,0.0,0.0,0.0,1.0,1.0
29,35,4.283636606909437,3.301981857763018,0.0,1.0,1.0,0.0,1.0,1.0
30,35,11.468941764291674,2.039362394825993,1.0,0.0,0.0,0.0,0.0,1.0
31,35,12.0,6.539598852283637,1.0,0.0,1.0,1.0,0.0,1.0
32,35,7.689080604299622,4.791817615478063,0.0,0.0,1.0,0.0,1.0,1.0
33,35,5.0194722629187,2.574164080449463,0.0,1.0,0.0,0.0,1.0,1.0
34,35,5.488833462472794,3.3129711755996825,0.0,0.0,0.0,0.0,0.0,1.0
35,35,10.130559337976877,3.1178862609782465,1.0,0.0,1.0,0.0,0.0,0.0
36,35,0.0152526236881233,9.356449198877486,0.0,1.0,0.0,0.0,0.0,0.0
37,35,1.4624448375704069,3.203420881413064,0.0,1.0,0.0,0.0,0.0,1.0
38,35,12.0,0.0,1.0,0.0,1.0,1.0,0.0,0.0
39,35,5.11722737466294,2.271724693719081,0.0,1.0,0.0,0.0,0.0,0.0
0,40,4.542505363710222,6.78206728453259,0.0,0.0,0.0,0.0,1.0,0.0
1,40,8.782662376351619,3.079423366218946,0.0,1.0,1.0,0.0,0.0,0.0
2,40,0.2896541249852532,6.320559767145905,0.0,0.0,0.0,0.0,1.0,0.0
3,40,0.4706910396237558,0.0,0.0,0.0,1.0,1.0,1.0,0.0
4,40,4.016402662918359,5.976429773604853,0.0,1.0,1.0,0.0,1.0,1.0
5,40,4.263872777299978,12.0,0.0,0.0,0.0,0.0,0.0,0.0
6,40,7.620574634378689,0.5688117673723938,1.0,0.0,0.0,1.0,0.0,0.0
7,40,7.596932328501874,5.012517181964406,0.0,1.0,1.0,0.0,1.0,1.0
8,40,2.226242174146472,0.2291453474851041,1.0,0.0,0.0,0.0,1.0,1.0
9,40,6.585131392981414,3.12708700351107,1.0,0.0,0.0,0.0,0.0,1.0
10,40,11.104199295584928,7.152113294869703,0.0,0.0,0.0,0.0,1.0,1.0
11,40,9.380586521704757,3.3935353148009115,0.0,1.0,1.0,0.0,0.0,0.0
12,40,5.978668768146591,5.019831494262385,1.0,1.0,0.0,0.0,0.0,0.0
13,40,3.737241297127415,2.448370077044796,0.0,1.0,1.0,1.0,0.0,1.0
14,40,2.553924814341835,6.173539985229095,1.0,0.0,1.0,0.0,1.0,0.0
15,40,0.256328003324531,0.0,1.0,1.0,1.0,1.0,0.0,1.0
16,40,10.520993136350423,6.536017823762817,1.0,1.0,0.0,0.0,1.0,1.0
17,40,12.0,0.42435327842338,0.0,0.0,0.0,0.0,0.0,0.0
18,40,4.803602413992539,4.46225980209857,0.0,1.0,0.0,1.0,0.0,1.0
19,40,11.960911453099245,3.3805492130684707,1.0,0.0,0.0,0.0,1.0,1.0
20,40,4.125709426496877,0.9131882523751031,0.0,1.0,0.0,1.0,0.0,1.0
21,40,5.696489297445512,0.0,1.0,0.0,0.0,1.0,0.0,1.0
22,40,7.8013751157489795,1.2345050051414244,0.0,0.0,1.0,1.0,0.0,1.0
23,40,8.805917476348437,12.0,0.0,1.0,1.0,0.0,0.0,0.0
24,40,8.230293965409826,4.312553084824824,1.0,1.0,0.0,0.0,0.0,1.0
25,40,2.5664121900704235,4.616778075975787,1.0,0.0,0.0,1.0,1.0,1.0
26,40,0.6962413850619904,4.531015001474589,1.0,1.0,0.0,0.0,0.0,0.0
27,40,2.867943255379077,0.1141585624429849,0.0,0.0,1.0,0.0,0.0,0.0
28,40,11.145450130163455,8.522683731779544,0.0,0.0,0.0,0.0,1.0,1.0
29,40,4.1843001158325634,3.3412495423368456,0.0,1.0,1.0,0.0,1.0,1.0
30,40,11.54831949886009,2.04626011984744,1.0,0.0,0.0,0.0,0.0,1.0
31,40,12.0,6.618905014336338,1.0,0.0,1.0,1.0,0.0,1.0
32,40,7.682845268439913,4.788163499438413,0.0,0.0,1.0,0.0,1.0,1.0
33,40,5.023419878141108,2.5344487295265665,0.0,1.0,0.0,0.0,1.0,1.0
34,40,5.414928055140057,3.222834998782337,0.0,0.0,0.0,0.0,0.0,1.0
35,40,10.140436221855737,3.127336633614451,1.0,0.0,1.0,0.0,0.0,0.0
36,40,0.0195995526162574,9.234414135164412,0.0,1.0,0.0,0.0,0.0,0.0
37,40,1.5275458574107803,3.2324527374184915,0.0,1.0,0.0,0.0,0.0,1.0
38,40,12.0,0.0,1.0,0.0,1.0,1.0,0.0,0.0
39,40,4.986422975390707,2.3110805474096465,0.0,1.0,0.0,0.0,0.0,0.0
0,45,4.512097841682627,6.766297693376789,0.0,0.0,0.0,0.0,1.0,0.0
1,45,8.76302305718959,3.086399730562957,0.0,1.0,1.0,0.0,0.0,0.0
2,45,0.3337621739243584,6.2209700090221,0.0,0.0,0.0,0.0,1.0,0.0
3,45,0.4874765370035377,0.0,0.0,0.0,1.0,1.0,1.0,0.0
4,45,3.979978693491028,5.998690053073529,0.0,1.0,1.0,0.0,1.0,1.0
5,45,4.284782198810566,12.0,0.0,0.0,0.0,0.0,0.0,0.0
6,45,7.571326656417671,0.5099130582063826,1.0,0.0,0.0,1.0,0.0,0.0
7,45,7.578242875641229,5.014214447149862,0.0,1.0,1.0,0.0,1.0,1.0
8,45,2.126658076559058,0.2629435533462498,1.0,0.0,0.0,0.0,1.0,1.0
9,45,6.520209477669582,3.108655962391074,1.0,0.0,0.0,0.0,0.0,1.0
10,45,11.097663123499624,7.143741394415758,0.0,0.0,0.0,0.0,1.0,1.0
11,45,9.419375176067373,3.4347213479074346,0.0,1.0,1.0,0.0,0.0,0.0
12,45,5.967717363921484,5.031060095752017,1.0,1.0,0.0,0.0,0.0,0.0
13,45,3.689896884492254,2.5291656757796317,0.0,1.0,1.0,1.0,0.0,1.0
14,45,2.490357399906327,6.19781336085475,1.0,0.0,1.0,0.0,1.0,0.0
15,45,0.2830120703629511,0.0,1.0,1.0,1.0,1.0,0.0,1.0
16,45,10.573735608927796,6.493634879487786,1.0,1.0,0.0,0.0,1.0,1.0
17,45,12.0,0.5023100349396115,0.0,0.0,0.0,0.0,0.0,0.0
18,45,4.772582420149796,4.542142065174003,0.0,1.0,0.0,1.0,0.0,1.0
19,45,11.956159208345648,3.443853808152386,1.0,0.0,0.0,0.0,1.0,1.0
20,45,4.121307124326099,0.9172612010091024,0.0,1.0,0.0,1.0,0.0,1.0
21,45,5.664512331569491,0.0,1.0,0.0,0.0,1.0,0.0,1.0
22,45,7.624395259661514,1.2739274892686383,0.0,0.0,1.0,1.0,0.0,1.0
23,45,8.787676851234869,12.0,0.0,1.0,1.0,0.0,0.0,0.0
24,45,8.19043644205813,4.362888925171997,1.0,1.0,0.0,0.0,0.0,1.0
25,45,2.498294400491762,4.712091742234301,1.0,0.0,0.0,1.0,1.0,1.0
26,45,0.6468430619634684,4.607354657863548,1.0,1.0,0.0,0.0,0.0,0.0
27,45,2.851794067946793,0.1276787970398626,0.0,0.0,1.0,0.0,0.0,0.0
28,45,11.136159954314948,8.599504721216874,0.0,0.0,0.0,0.0,1.0,1.0
29,45,4.224498003805018,3.4434868626960005,0.0,1.0,1.0,0.0,1.0,1.0
30,45,11.651417620475032,2.052318770433744,1.0,0.0,0.0,0.0,0.0,1.0
31,45,12.0,6.691776766695464,1.0,0.0,1.0,1.0,0.0,1.0
32,45,7.683002622714365,4.788250733964954,0.0,0.0,1.0,0.0,1.0,1.0
33,45,5.027451442299005,2.4996628207468725,0.0,1.0,0.0,0.0,1.0,1.0
34,45,5.350313448362434,3.145278542719534,0.0,0.0,0.0,0.0,0.0,1.0
35,45,10.14039999716371,3.1272993529894406,1.0,0.0,1.0,0.0,0.0,0.0
36,45,0.0230678134361957,9.12950582339959,0.0,1.0,0.0,0.0,0.0,0.0
37,45,1.5867691914242477,3.2607567412438154,0.0,1.0,0.0,0.0,0.0,1.0
38,45,12.0,0.0,1.0,0.0,1.0,1.0,0.0,0.0
39,45,4.853281272259061,2.355154319270992,0.0,1.0,0.0,0.0,0.0,0.0
0,50,4.474827965163948,6.746976140903466,0.0,0.0,0.0,0.0,1.0,0.0
1,50,8.739897932615607,3.094074996994489,0.0,1.0,1.0,0.0,0.0,0.0
2,50,0.3779063257744151,6.126838091995124,0.0,0.0,0.0,0.0,1.0,0.0
3,50,0.4919961769567966,0.0,0.0,0.0,1.0,1.0,1.0,0.0
4,50,3.9422103719528474,6.022282646777588,0.0,1.0,1.0,0.0,1.0,1.0
5,50,4.303765343312036,12.0,0.0,0.0,0.0,0.0,0.0,0.0
6,50,7.515856050776936,0.442372575030835,1.0,0.0,0.0,1.0,0.0,0.0
7,50,7.572596164927239,5.014887468598429,0.0,1.0,1.0,0.0,1.0,1.0
8,50,2.0469277548245803,0.290867998063075,1.0,0.0,0.0,0.0,1.0,1.0
9,50,6.480385585576879,3.0976282666040715,1.0,0.0,0.0,0.0,0.0,1.0
10,50,11.083618995068177,7.127089589111265,0.0,0.0,0.0,0.0,1.0,1.0
11,50,9.454951914575382,3.472655303970507,0.0,1.0,1.0,0.0,0.0,0.0
12,50,5.961586394827439,5.037298447580942,1.0,1.0,0.0,0.0,0.0,0.0
13,50,3.643824352405829,2.611384744914511,0.0,1.0,1.0,1.0,0.0,1.0
14,50,2.420246365108216,6.223258693306455,1.0,0.0,1.0,0.0,1.0,0.0
15,50,0.3116402052786588,0.0,1.0,1.0,1.0,1.0,0.0,1.0
16,50,10.657842212700269,6.427654772207782,1.0,1.0,0.0,0.0,1.0,1.0
17,50,12.0,0.5683138060495361,0.0,0.0,0.0,0.0,0.0,0.0
18,50,4.743175237662325,4.615573643237751,0.0,1.0,0.0,1.0,0.0,1.0
19,50,11.95400071962304,3.4814014809843177,1.0,0.0,0.0,0.0,1.0,1.0
20,50,4.114820308736584,0.923497455642872,0.0,1.0,0.0,1.0,0.0,1.0
21,50,5.646536088104503,0.0,1.0,0.0,0.0,1.0,0.0,1.0
22,50,7.4269627950524,1.3279117982438768,0.0,0.0,1.0,1.0,0.0,1.0
23,50,8.779226965365986,12.0,0.0,1.0,1.0,0.0,0.0,0.0
24,50,8.136509365206948,4.432851831179589,1.0,1.0,0.0,0.0,0.0,1.0
25,50,2.4358517888917293,4.801881192119466,1.0,0.0,0.0,1.0,1.0,1.0
26,50,0.5656328915510902,4.555915671245836,1.0,1.0,0.0,0.0,0.0,0.0
27,50,2.8396801741808573,0.1380933211553139,0.0,0.0,1.0,0.0,0.0,0.0
28,50,11.128880772385614,8.681679232012929,0.0,0.0,0.0,0.0,1.0,1.0
29,50,4.256272867785469,3.5232353178255966,0.0,1.0,1.0,0.0,1.0,1.0
30,50,11.754568937133632,2.0547582656877537,1.0,0.0,0.0,0.0,0.0,1.0
31,50,12.0,6.756771685074809,1.0,0.0,1.0,1.0,0.0,1.0
32,50,7.668663739065708,4.779804795578541,0.0,0.0,1.0,0.0,1.0,1.0
33,50,5.032646236151839,2.461714038547689,0.0,1.0,0.0,0.0,1.0,1.0
34,50,5.309878611364672,3.097693307864412,0.0,0.0,0.0,0.0,0.0,1.0
35,50,10.133856223011302,3.120353798752321,1.0,0.0,1.0,0.0,0.0,0.0
36,50,0.0248789401310783,9.035008358131778,0.0,1.0,0.0,0.0,0.0,0.0
37,50,1.6459753160792912,3.289723446136928,0.0,1.0,0.0,0.0,0.0,1.0
38,50,12.0,0.0,1.0,0.0,1.0,1.0,0.0,0.0
39,50,4.970099991287095,2.318789004767642,0.0,1.0,0.0,0.0,0.0,0.0
0,55,4.452880446056904,6.735442628132463,0.0,0.0,0.0,0.0,1.0,0.0
1,55,8.730578895889108,3.097135929669112,0.0,1.0,1.0,0.0,0.0,0.0
2,55,0.4137576937595221,6.048077749037389,0.0,0.0,0.0,0.0,1.0,0.0
3,55,0.4940007071078355,0.0,0.0,0.0,1.0,1.0,1.0,0.0
4,55,3.9117104982994455,6.0436267591331925,0.0,1.0,1.0,0.0,1.0,1.0
5,55,4.333519637118147,12.0,0.0,0.0,0.0,0.0,0.0,0.0
6,55,7.460778070860752,0.3738188514275088,1.0,0.0,0.0,1.0,0.0,0.0
7,55,7.571297276706423,5.001311100819221,0.0,1.0,1.0,0.0,1.0,1.0
8,55,1.949351112626016,0.3241294833314706,1.0,0.0,0.0,0.0,1.0,1.0
9,55,6.443186523520313,3.0864319420195123,1.0,0.0,0.0,0.0,0.0,1.0
10,55,11.103736386922758,7.109996320421475,0.0,0.0,0.0,0.0,1.0,1.0
11,55,9.503824947727674,3.5254987910874984,0.0,1.0,1.0,0.0,0.0,0.0
12,55,5.965542596215717,5.03318652894791,1.0,1.0,0.0,0.0,0.0,0.0
13,55,3.606718809303299,2.679142462654202,0.0,1.0,1.0,1.0,0.0,1.0
14,55,2.3478452682726028,6.249566477947463,1.0,0.0,1.0,0.0,1.0,0.0
15,55,0.3430699122739486,0.0,1.0,1.0,1.0,1.0,0.0,1.0
16,55,10.728320531076632,6.3753484356434695,1.0,1.0,0.0,0.0,1.0,1.0
17,55,12.0,0.6642322462793838,0.0,0.0,0.0,0.0,0.0,0.0
18,55,4.717889275516264,4.681324563386465,0.0,1.0,0.0,1.0,0.0,1.0
19,55,11.951218439306208,3.5148376997293607,1.0,0.0,0.0,0.0,1.0,1.0
20,55,4.103247107388076,0.9342269314078232,0.0,1.0,0.0,1.0,0.0,1.0
21,55,5.618361075804428,0.0,1.0,0.0,0.0,1.0,0.0,1.0
22,55,7.239835824306711,1.381721301987815,0.0,0.0,1.0,1.0,0.0,1.0
23,55,8.762019851192635,12.0,0.0,1.0,1.0,0.0,0.0,0.0
24,55,8.068796240761008,4.519550523925638,1.0,1.0,0.0,0.0,0.0,1.0
25,55,2.3627443050229067,4.906315445100525,1.0,0.0,0.0,1.0,1.0,1.0
26,55,0.4980662583445252,4.512761612699732,1.0,1.0,0.0,0.0,0.0,0.0
27,55,2.83753515296745,0.1399074152744403,0.0,0.0,1.0,0.0,0.0,0.0
28,55,11.119173138293023,8.784815598119403,0.0,0.0,0.0,0.0,1.0,1.0
29,55,4.295058296785028,3.618216981770866,0.0,1.0,1.0,0.0,1.0,1.0
30,55,11.854847700103996,2.059032425660319,1.0,0.0,0.0,0.0,0.0,1.0
31,55,12.0,6.819199031724696,1.0,0.0,1.0,1.0,0.0,1.0
32,55,7.646695324845518,4.765894015636253,0.0,0.0,1.0,0.0,1.0,1.0
33,55,5.035708275056914,2.440416912802366,0.0,1.0,0.0,0.0,1.0,1.0
34,55,5.271387848501774,3.051955379574233,0.0,0.0,0.0,0.0,0.0,1.0
35,55,10.122434642892406,3.108342749695233,1.0,0.0,1.0,0.0,0.0,0.0
36,55,0.0260249979992601,8.943428878999876,0.0,1.0,0.0,0.0,0.0,0.0
37,55,1.6923485408513077,3.312005963188054,0.0,1.0,0.0,0.0,0.0,1.0
38,55,12.0,0.0,1.0,0.0,1.0,1.0,0.0,0.0
39,55,5.087541463982409,2.2805908836877933,0.0,1.0,0.0,0.0,0.0,0.0
0,60,4.424268165077924,6.720790794763103,0.0,0.0,0.0,0.0,1.0,0.0
1,60,8.726281141897267,3.0985078273736915,0.0,1.0,1.0,0.0,0.0,0.0
2,60,0.4536843926886861,5.960500713377076,0.0,0.0,0.0,0.0,1.0,0.0
3,60,0.5140680865615679,0.0,0.0,0.0,1.0,1.0,1.0,0.0
4,60,3.8713937654560895,6.071839269454096,0.0,1.0,1.0,0.0,1.0,1.0
5,60,4.363690419000989,12.0,0.0,0.0,0.0,0.0,0.0,0.0
6,60,7.404069046301287,0.2996922485164884,1.0,0.0,0.0,1.0,0.0,0.0
7,60,7.571157907356365,4.999669799645238,0.0,1.0,1.0,0.0,1.0,1.0
8,60,1.8564549934552417,0.3547344905319656,1.0,0.0,0.0,0.0,1.0,1.0
9,60,6.414340496504685,3.0774143523277293,1.0,0.0,0.0,0.0,0.0,1.0
10,60,11.128064578663915,7.0876481366203015,0.0,0.0,0.0,0.0,1.0,1.0
11,60,9.551355730789451,3.579175332269297,0.0,1.0,1.0,0.0,0.0,0.0
12,60,5.975837394271349,5.022583831124754,1.0,1.0,0.0,0.0,0.0,0.0
13,60,3.5615018141483112,2.7577950508290607,0.0,1.0,1.0,1.0,0.0,1.0
14,60,2.272095896645713,6.276490005097604,1.0,0.0,1.0,0.0,1.0,0.0
15,60,0.3695676461612723,0.0,1.0,1.0,1.0,1.0,0.0,1.0
16,60,10.814891216975534,6.311395226839502,1.0,1.0,0.0,0.0,1.0,1.0
17,60,12.0,0.7449014996800616,0.0,0.0,0.0,0.0,0.0,0.0
18,60,4.690608306397071,4.7577816388582805,0.0,1.0,0.0,1.0,0.0,1.0
19,60,11.947824895348326,3.5561420918122044,1.0,0.0,0.0,0.0,1.0,1.0
20,60,4.091965311496058,0.9454101298835258,0.0,1.0,0.0,1.0,0.0,1.0
21,60,5.610817328751298,0.0,1.0,0.0,0.0,1.0,0.0,1.0
22,60,7.045098998166735,1.43653130211007,0.0,0.0,1.0,1.0,0.0,1.0
23,60,8.74027627418891,12.0,0.0,1.0,1.0,0.0,0.0,0.0
24,60,8.020501913584777,4.581432577143925,1.0,1.0,0.0,0.0,0.0,1.0
25,60,2.289366464101118,5.014639374407309,1.0,0.0,0.0,1.0,1.0,1.0
26,60,0.4473594981194166,4.4837282218686765,1.0,1.0,0.0,0.0,0.0,0.0
27,60,2.8474310733486528,0.1309144615021421,0.0,0.0,1.0,0.0,0.0,0.0
28,60,11.109248296659183,8.881380168844967,0.0,0.0,0.0,0.0,1.0,1.0
29,60,4.34466946172766,3.734145719213698,0.0,1.0,1.0,0.0,1.0,1.0
30,60,11.939736122769624,2.061134611191201,1.0,0.0,0.0,0.0,0.0,1.0
31,60,12.0,6.890447654733064,1.0,0.0,1.0,1.0,0.0,1.0
32,60,7.642965566714693,4.763578813247984,0.0,0.0,1.0,0.0,1.0,1.0
33,60,5.040804930486923,2.3990753973112966,0.0,1.0,0.0,0.0,1.0,1.0
34,60,5.215245469280792,2.984680035325895,0.0,0.0,0.0,0.0,0.0,1.0
35,60,10.122478762922228,3.108389789535045,1.0,0.0,1.0,0.0,0.0,0.0
36,60,0.0260422241838904,8.853441701774102,0.0,1.0,0.0,0.0,0.0,0.0
37,60,1.734006969398175,3.330859416999471,0.0,1.0,0.0,0.0,0.0,1.0
38,60,12.0,0.0,1.0,0.0,1.0,1.0,0.0,0.0
39,60,5.220362853256233,2.2342004627941074,0.0,1.0,0.0,0.0,0.0,0.0
0,65,4.393687237607248,6.705163967480182,0.0,0.0,0.0,0.0,1.0,0.0
1,65,8.721649907553905,3.099873034011112,0.0,1.0,1.0,0.0,0.0,0.0
2,65,0.4842197394611034,5.88857106028666,0.0,0.0,0.0,0.0,1.0,0.0
3,65,0.5063966881115717,0.0004422034681642,0.0,0.0,1.0,1.0,1.0,0.0
4,65,3.8462392419077136,6.088950936331133,0.0,1.0,1.0,0.0,1.0,1.0
5,65,4.404375560803167,12.0,0.0,0.0,0.0,0.0,0.0,0.0
6,65,7.354803404326005,0.2329240360881872,1.0,0.0,0.0,1.0,0.0,0.0
7,65,7.567992216015607,4.973249003008475,0.0,1.0,1.0,0.0,1.0,1.0
8,65,1.7618469287327496,0.3875220809143641,1.0,0.0,0.0,0.0,1.0,1.0
9,65,6.395367899581099,3.0716297686033878,1.0,0.0,0.0,0.0,0.0,1.0
10,65,11.164541884307996,7.057938081253516,0.0,0.0,0.0,0.0,1.0,1.0
11,65,9.588750188980152,3.623450083226897,0.0,1.0,1.0,0.0,0.0,0.0
12,65,5.96904218536165,5.029453382842799,1.0,1.0,0.0,0.0,0.0,0.0
13,65,3.511794565304155,2.838872861851993,0.0,1.0,1.0,1.0,0.0,1.0
14,65,2.200698958538045,6.30131381051588,1.0,0.0,1.0,0.0,1.0,0.0
15,65,0.3968623658390652,0.0,1.0,1.0,1.0,1.0,0.0,1.0
16,65,10.893261981711808,6.253519687959848,1.0,1.0,0.0,0.0,1.0,1.0
17,65,12.0,0.8373853344368937,0.0,0.0,0.0,0.0,0.0,0.0
18,65,4.66484603847914,4.835545090403661,0.0,1.0,0.0,1.0,0.0,1.0
19,65,11.945374373007974,3.589351729127887,1.0,0.0,0.0,0.0,1.0,1.0
20,65,4.073142729502555,0.9641690896088756,0.0,1.0,0.0,1.0,0.0,1.0
21,65,5.594372698357535,0.0,1.0,0.0,0.0,1.0,0.0,1.0
22,65,6.87433604202111,1.4827204615098544,0.0,0.0,1.0,1.0,0.0,1.0
23,65,8.721050668902993,12.0,0.0,1.0,1.0,0.0,0.0,0.0
24,65,7.977711578891637,4.636817829092795,1.0,1.0,0.0,0.0,0.0,1.0
25,65,2.213845072836039,5.131624520646375,1.0,0.0,0.0,1.0,1.0,1.0
26,65,0.3774756031230551,4.442714480079242,1.0,1.0,0.0,0.0,0.0,0.0
27,65,2.8462804071828547,0.1319876959695041,0.0,0.0,1.0,0.0,0.0,0.0
28,65,11.100138766798008,8.960810448571658,0.0,0.0,0.0,0.0,1.0,1.0
29,65,4.385996055628819,3.8312320899846974,0.0,1.0,1.0,0.0,1.0,1.0
30,65,12.0,2.0623338479365407,1.0,0.0,0.0,0.0,0.0,1.0
31,65,12.0,6.958426023338465,1.0,0.0,1.0,1.0,0.0,1.0
32,65,7.634523507697856,4.758416081266184,0.0,0.0,1.0,0.0,1.0,1.0
33,65,5.042173237212109,2.3840015428324945,0.0,1.0,0.0,0.0,1.0,1.0
34,65,5.162160943513795,2.923387983554475,0.0,0.0,0.0,0.0,0.0,1.0
35,65,10.106322916352529,3.091262236552339,1.0,0.0,1.0,0.0,0.0,0.0
36,65,0.0276328768348091,8.76312800294859,0.0,1.0,0.0,0.0,0.0,0.0
37,65,1.7992740875204571,3.3581652060639047,0.0,1.0,0.0,0.0,0.0,1.0
38,65,12.0,0.0,1.0,0.0,1.0,1.0,0.0,0.0
39,65,5.372101724155303,2.1797186632841474,0.0,1.0,0.0,0.0,0.0,0.0
0,70,4.359452623264342,6.688602663948814,0.0,0.0,0.0,0.0,1.0,0.0
1,70,8.692134801115715,3.1082705433985787,0.0,1.0,1.0,0.0,0.0,0.0
2,70,0.5121641677066291,5.8171049033976985,0.0,0.0,0.0,0.0,1.0,0.0
3,70,0.5053470941681877,0.0005184462278861,0.0,0.0,1.0,1.0,1.0,0.0
4,70,3.819102199401349,6.1074567033410645,0.0,1.0,1.0,0.0,1.0,1.0
5,70,4.434791333302917,12.0,0.0,0.0,0.0,0.0,0.0,0.0
6,70,7.305642462104657,0.1666521586344695,1.0,0.0,0.0,1.0,0.0,0.0
7,70,7.564418653765066,4.943076311948249,0.0,1.0,1.0,0.0,1.0,1.0
8,70,1.6755925658291355,0.4180013048137435,1.0,0.0,0.0,0.0,1.0,1.0
9,70,6.357713837020926,3.058843201752023,1.0,0.0,0.0,0.0,0.0,1.0
10,70,11.200456935061553,7.03018028903423,0.0,0.0,0.0,0.0,1.0,1.0
11,70,9.622911443090402,3.663075049834221,0.0,1.0,1.0,0.0,0.0,0.0
12,70,5.95720295193764,5.04029169684752,1.0,1.0,0.0,0.0,0.0,0.0
13,70,3.459912512064193,2.922439816126956,0.0,1.0,1.0,1.0,0.0,1.0
14,70,2.149759650319521,6.318238531195551,1.0,0.0,1.0,0.0,1.0,0.0
15,70,0.4157944418864023,0.0,1.0,1.0,1.0,1.0,0.0,1.0
16,70,10.96818476549887,6.197567537600233,1.0,1.0,0.0,0.0,1.0,1.0
17,70,12.0,0.914994092973892,0.0,0.0,0.0,0.0,0.0,0.0
18,70,4.636834701812029,4.921184231251404,0.0,1.0,0.0,1.0,0.0,1.0
19,70,11.942607351195896,3.6240783091093216,1.0,0.0,0.0,0.0,1.0,1.0
20,70,4.055920623065977,0.9801340760951524,0.0,1.0,0.0,1.0,0.0,1.0
21,70,5.58076971817484,0.0,1.0,0.0,0.0,1.0,0.0,1.0
22,70,6.701345264904074,1.527639752868824,0.0,0.0,1.0,1.0,0.0,1.0
23,70,8.71609192533697,12.0,0.0,1.0,1.0,0.0,0.0,0.0
24,70,7.947995670218763,4.6764942559094695,1.0,1.0,0.0,0.0,0.0,1.0
25,70,2.135620565775651,5.258065631483009,1.0,0.0,0.0,1.0,1.0,1.0
26,70,0.2963520021040453,4.394665357145515,1.0,1.0,0.0,0.0,0.0,0.0
27,70,2.846261465583833,0.1320054714519449,0.0,0.0,1.0,0.0,0.0,0.0
28,70,11.09178916656883,9.044393780947331,0.0,0.0,0.0,0.0,1.0,1.0
29,70,4.417096441041743,3.909508592364944,0.0,1.0,1.0,0.0,1.0,1.0
30,70,12.0,1.983097201431988,1.0,0.0,0.0,0.0,0.0,1.0
31,70,12.0,7.01663183687363,1.0,0.0,1.0,1.0,0.0,1.0
32,70,7.637477342857639,4.760201445788317,0.0,0.0,1.0,0.0,1.0,1.0
33,70,5.042412808960749,2.3820690467319205,0.0,1.0,0.0,0.0,1.0,1.0
34,70,5.110566329529636,2.862795733868104,0.0,0.0,0.0,0.0,0.0,1.0
35,70,10.075634504824205,3.057919271436562,1.0,0.0,1.0,0.0,0.0,0.0
36,70,0.0294717884768481,8.668993563392874,0.0,1.0,0.0,0.0,0.0,0.0
37,70,1.8613993779110043,3.3837054144607657,0.0,1.0,0.0,0.0,0.0,1.0
38,70,12.0,0.0,1.0,0.0,1.0,1.0,0.0,0.0
39,70,5.518566912261007,2.12517046862569,0.0,1.0,0.0,0.0,0.0,0.0
0,75,4.322863450707544,6.671602500524901,0.0,0.0,0.0,0.0,1.0,0.0
1,75,8.656605614852992,3.118577153166277,0.0,1.0,1.0,0.0,0.0,0.0
2,75,0.5395737977965208,5.745568207862922,0.0,0.0,0.0,0.0,1.0,0.0
3,75,0.4828391876054358,0.0016099006083603,0.0,0.0,1.0,1.0,1.0,0.0
4,75,3.791106527185051,6.12679610133191,0.0,1.0,1.0,0.0,1.0,1.0
5,75,4.449365319779277,12.0,0.0,0.0,0.0,0.0,0.0,0.0
6,75,7.271402760973316,0.1191838071353182,1.0,0.0,0.0,1.0,0.0,0.0
7,75,7.559135172390163,4.882943181836275,0.0,1.0,1.0,0.0,1.0,1.0
8,75,1.5768971542873191,0.4554788655652367,1.0,0.0,0.0,0.0,1.0,1.0
9,75,6.309798532515432,3.041555304078124,1.0,0.0,0.0,0.0,0.0,1.0
10,75,11.22591079935779,7.009271184922301,0.0,0.0,0.0,0.0,1.0,1.0
11,75,9.649020562481736,3.695420051662869,0.0,1.0,1.0,0.0,0.0,0.0
12,75,5.930454443996099,5.065741652802869,1.0,1.0,0.0,0.0,0.0,0.0
13,75,3.411778321241744,2.996391667746713,0.0,1.0,1.0,1.0,0.0,1.0
14,75,2.099873329810363,6.334778423596016,1.0,0.0,1.0,0.0,1.0,0.0
15,75,0.4437130594767311,0.0,1.0,1.0,1.0,1.0,0.0,1.0
16,75,11.049559133260102,6.13230454673872,1.0,1.0,0.0,0.0,1.0,1.0
17,75,12.0,0.9921813842822684,0.0,0.0,0.0,0.0,0.0,0.0
18,75,4.603688062350944,5.021354301233516,0.0,1.0,0.0,1.0,0.0,1.0
19,75,11.942070996152742,3.6297537344640856,1.0,0.0,0.0,0.0,1.0,1.0
20,75,4.048823130861236,0.9868040508226716,0.0,1.0,0.0,1.0,0.0,1.0
21,75,5.569875437680175,0.0,1.0,0.0,0.0,1.0,0.0,1.0
22,75,6.547583719726217,1.5685376196514198,0.0,0.0,1.0,1.0,0.0,1.0
23,75,8.712051761587164,12.0,0.0,1.0,1.0,0.0,0.0,0.0
24,75,7.909362524618034,4.728045019844004,1.0,1.0,0.0,0.0,0.0,1.0
25,75,2.0415419683369915,5.416030403653798,1.0,0.0,0.0,1.0,1.0,1.0
26,75,0.2135900236465926,4.348332479871353,1.0,1.0,0.0,0.0,0.0,0.0
27,75,2.8398323539770667,0.1382281627214693,0.0,0.0,1.0,0.0,0.0,0.0
28,75,11.082177301723158,9.142742353758765,0.0,0.0,0.0,0.0,1.0,1.0
29,75,4.446449908577839,3.980632038142596,0.0,1.0,1.0,0.0,1.0,1.0
30,75,12.0,1.9089454633602505,1.0,0.0,0.0,0.0,0.0,1.0
31,75,12.0,7.057211867627368,1.0,0.0,1.0,1.0,0.0,1.0
32,75,7.643648811127476,4.763997636098038,0.0,0.0,1.0,0.0,1.0,1.0
33,75,5.041447290876011,2.3890106314769506,0.0,1.0,0.0,0.0,1.0,1.0
34,75,5.0601118171737465,2.805494013939146,0.0,0.0,0.0,0.0,0.0,1.0
35,75,10.055669517839045,3.035817926541451,1.0,0.0,1.0,0.0,0.0,0.0
36,75,0.0301038362815415,8.579031380487917,0.0,1.0,0.0,0.0,0.0,0.0
37,75,1.924214204556484,3.412271521571018,0.0,1.0,0.0,0.0,0.0,1.0
38,75,12.0,0.0,1.0,0.0,1.0,1.0,0.0,0.0
39,75,5.679371977173333,2.0643350497683297,0.0,1.0,0.0,0.0,0.0,0.0
0,80,4.277426216751428,6.649783636541576,0.0,0.0,0.0,0.0,1.0,0.0
1,80,8.623565760688232,3.1278585162859263,0.0,1.0,1.0,0.0,0.0,0.0
2,80,0.5657779666424079,5.680021252423983,0.0,0.0,0.0,0.0,1.0,0.0
3,80,0.4416722036705211,0.0031039496315369,0.0,0.0,1.0,1.0,1.0,0.0
4,80,3.767387269732597,6.142217682758432,0.0,1.0,1.0,0.0,1.0,1.0
5,80,4.470566499223538,12.0,0.0,0.0,0.0,0.0,0.0,0.0
6,80,7.23556921029195,0.0713596980559554,1.0,0.0,0.0,1.0,0.0,0.0
7,80,7.556243010439375,4.83357400004355,0.0,1.0,1.0,0.0,1.0,1.0
8,80,1.4764231513583632,0.4942429485612516,1.0,0.0,0.0,0.0,1.0,1.0
9,80,6.256925720338779,3.023025272554641,1.0,0.0,0.0,0.0,0.0,1.0
10,80,11.239678974415416,6.998261648171559,0.0,0.0,0.0,0.0,1.0,1.0
11,80,9.676014306350824,3.728159492822534,0.0,1.0,1.0,0.0,0.0,0.0
12,80,5.89132819009592,5.103650280452755,1.0,1.0,0.0,0.0,0.0,0.0
13,80,3.365512453753128,3.070758289487704,0.0,1.0,1.0,1.0,0.0,1.0
14,80,2.059815205722021,6.348863248954404,1.0,0.0,1.0,0.0,1.0,0.0
15,80,0.4773207293270623,0.0,1.0,1.0,1.0,1.0,0.0,1.0
16,80,11.143608098777838,6.053807801406675,1.0,1.0,0.0,0.0,1.0,1.0
17,80,12.0,1.0950727100357756,0.0,0.0,0.0,0.0,0.0,0.0
18,80,4.565492636089983,5.136031825626453,0.0,1.0,0.0,1.0,0.0,1.0
19,80,11.942182374016316,3.627667894317777,1.0,0.0,0.0,0.0,1.0,1.0
20,80,4.046545476239563,0.9889218550831615,0.0,1.0,0.0,1.0,0.0,1.0
21,80,5.550732139088545,0.0,1.0,0.0,0.0,1.0,0.0,1.0
22,80,6.400681766803698,1.6084753271530006,0.0,0.0,1.0,1.0,0.0,1.0
23,80,8.705235822574231,12.0,0.0,1.0,1.0,0.0,0.0,0.0
24,80,7.866314008418443,4.783061729609125,1.0,1.0,0.0,0.0,0.0,1.0
25,80,1.9523328683963923,5.559079779290812,1.0,0.0,0.0,1.0,1.0,1.0
26,80,0.1315649256296512,4.301894921323301,1.0,1.0,0.0,0.0,0.0,0.0
27,80,2.830288568430205,0.1473419649346168,0.0,0.0,1.0,0.0,0.0,0.0
28,80,11.070998722956537,9.246350914905364,0.0,0.0,0.0,0.0,1.0,1.0
29,80,4.468417831964189,4.033208558240443,0.0,1.0,1.0,0.0,1.0,1.0
30,80,12.0,1.850708291375059,1.0,0.0,0.0,0.0,0.0,1.0
31,80,12.0,7.070078221920024,1.0,0.0,1.0,1.0,0.0,1.0
32,80,7.644532198763144,4.76454578472925,0.0,0.0,1.0,0.0,1.0,1.0
33,80,5.039240733169786,2.4047533076596075,0.0,1.0,0.0,0.0,1.0,1.0
34,80,5.003983110674336,2.738573243746633,0.0,0.0,0.0,0.0,0.0,1.0
35,80,10.033066062378374,3.0113925459611437,1.0,0.0,1.0,0.0,0.0,0.0
36,80,0.0304213636580501,8.4943905207429,0.0,1.0,0.0,0.0,0.0,0.0
37,80,1.9799267314122089,3.438381794930369,0.0,1.0,0.0,0.0,0.0,1.0
38,80,12.0,0.0,1.0,0.0,1.0,1.0,0.0,0.0
39,80,5.829438811736906,2.0129652204944826,0.0,1.0,0.0,0.0,0.0,0.0
0,85,4.236318237069344,6.630146761528464,0.0,0.0,0.0,0.0,1.0,0.0
1,85,8.592365131460715,3.136436277348002,0.0,1.0,1.0,0.0,0.0,0.0
2,85,0.6053875612617421,5.59105037573951,0.0,0.0,0.0,0.0,1.0,0.0
3,85,0.4102265071877253,0.0036589736238229,0.0,0.0,1.0,1.0,1.0,0.0
4,85,3.770086071979392,6.140465627854318,0.0,1.0,1.0,0.0,1.0,1.0
5,85,4.478410377184242,12.0,0.0,0.0,0.0,0.0,0.0,0.0
6,85,7.206820277715749,0.0328000583515914,1.0,0.0,0.0,1.0,0.0,0.0
7,85,7.552262374473246,4.789646453937769,0.0,1.0,1.0,0.0,1.0,1.0
8,85,1.380333506060481,0.5320859010574776,1.0,0.0,0.0,0.0,1.0,1.0
9,85,6.206211235135721,3.004844563747449,1.0,0.0,0.0,0.0,0.0,1.0
10,85,11.248421876846711,6.9912144496136674,0.0,0.0,0.0,0.0,1.0,1.0
11,85,9.71230815517379,3.773293089358997,0.0,1.0,1.0,0.0,0.0,0.0
12,85,5.8576073834262825,5.071530359392595,1.0,1.0,0.0,0.0,0.0,0.0
13,85,3.326378961098504,3.1334583922230688,0.0,1.0,1.0,1.0,0.0,1.0
14,85,2.02067340514774,6.362818284538097,1.0,0.0,1.0,0.0,1.0,0.0
15,85,0.5088082292452379,0.0,1.0,1.0,1.0,1.0,0.0,1.0
16,85,11.237530212033173,5.974555942339189,1.0,1.0,0.0,0.0,1.0,1.0
17,85,12.0,1.200410563214077,0.0,0.0,0.0,0.0,0.0,0.0
18,85,4.521133281570196,5.264331130326221,0.0,1.0,0.0,1.0,0.0,1.0
19,85,11.942680203898195,3.6110751838458497,1.0,0.0,0.0,0.0,1.0,1.0
20,85,4.054731829886258,0.9814584586770778,0.0,1.0,0.0,1.0,0.0,1.0
21,85,5.53035453286302,0.0,1.0,0.0,0.0,1.0,0.0,1.0
22,85,6.2820170428575945,1.637308909489127,0.0,0.0,1.0,1.0,0.0,1.0
23,85,8.690487783130179,12.0,0.0,1.0,1.0,0.0,0.0,0.0
24,85,7.82811409791731,4.829057243452238,1.0,1.0,0.0,0.0,0.0,1.0
25,85,1.8645625320300592,5.706710048593592,1.0,0.0,0.0,1.0,1.0,1.0
26,85,0.0364841281279452,4.248235334953263,1.0,1.0,0.0,0.0,0.0,0.0
27,85,2.8176632853613004,0.1587162239268681,0.0,0.0,1.0,0.0,0.0,0.0
28,85,11.056038079680096,9.373265483430822,0.0,0.0,0.0,0.0,1.0,1.0
29,85,4.487190816184609,4.080133085675912,0.0,1.0,1.0,0.0,1.0,1.0
30,85,12.0,1.794866626973784,1.0,0.0,0.0,0.0,0.0,1.0
31,85,12.0,7.081403701544515,1.0,0.0,1.0,1.0,0.0,1.0
32,85,7.6305170782042,4.755685597950347,0.0,0.0,1.0,0.0,1.0,1.0
33,85,5.035220973038869,2.4293944700276664,0.0,1.0,0.0,0.0,1.0,1.0
34,85,4.940108628763855,2.659925654261332,0.0,0.0,0.0,0.0,0.0,1.0
35,85,10.009464124689602,2.985664898466274,1.0,0.0,1.0,0.0,0.0,0.0
36,85,0.0317677158367685,8.404070378827056,0.0,1.0,0.0,0.0,0.0,0.0
37,85,2.04741365511562,3.472373755177596,0.0,1.0,0.0,0.0,0.0,1.0
38,85,12.0,0.0,1.0,0.0,1.0,1.0,0.0,0.0
39,85,6.017692258546955,1.9479253962156844,0.0,1.0,0.0,0.0,0.0,0.0
0,90,4.214662374376599,6.620084088098796,0.0,0.0,0.0,0.0,1.0,0.0
1,90,8.561257310817357,3.14481321591626,0.0,1.0,1.0,0.0,0.0,0.0
2,90,0.6401809298615146,5.510002896154041,0.0,0.0,0.0,0.0,1.0,0.0
3,90,0.3479700857075878,0.0042355499477993,0.0,0.0,1.0,1.0,1.0,0.0
4,90,3.744785673391017,6.1572280531996615,0.0,1.0,1.0,0.0,1.0,1.0
5,90,4.47673090494933,11.998415264279387,0.0,0.0,0.0,0.0,0.0,0.0
6,90,7.164633914579672,0.0,1.0,0.0,0.0,1.0,0.0,0.0
7,90,7.548592161386152,4.751184758403763,0.0,1.0,1.0,0.0,1.0,1.0
8,90,1.2847286147465071,0.5720531607105516,1.0,0.0,0.0,0.0,1.0,1.0
9,90,6.150585465539503,2.9838268559033163,1.0,0.0,0.0,0.0,0.0,1.0
10,90,11.255036495488543,6.985712856945471,0.0,0.0,0.0,0.0,1.0,1.0
11,90,9.751413422025845,3.8223995872404974,0.0,1.0,1.0,0.0,0.0,0.0
12,90,5.836778929576227,5.051150109547334,1.0,1.0,0.0,0.0,0.0,0.0
13,90,3.278332128945036,3.2096530424697933,0.0,1.0,1.0,1.0,0.0,1.0
14,90,1.9696838776661303,6.381018636586182,1.0,0.0,1.0,0.0,1.0,0.0
15,90,0.5358563531525391,0.0,1.0,1.0,1.0,1.0,0.0,1.0
16,90,11.33252065958604,5.896979964937341,1.0,1.0,0.0,0.0,1.0,1.0
17,90,12.0,1.29398460494142,0.0,0.0,0.0,0.0,0.0,0.0
18,90,4.482370902529544,5.3871324422132,0.0,1.0,0.0,1.0,0.0,1.0
19,90,11.9434962811988,3.590521281130542,1.0,0.0,0.0,0.0,1.0,1.0
20,90,4.067890081663088,0.969847124026638,0.0,1.0,0.0,1.0,0.0,1.0
21,90,5.512305582320568,0.0,1.0,0.0,0.0,1.0,0.0,1.0
22,90,6.160428419494849,1.6662925608664687,0.0,0.0,1.0,1.0,0.0,1.0
23,90,8.689409326949756,12.0,0.0,1.0,1.0,0.0,0.0,0.0
24,90,7.76718824852115,4.899100112094071,1.0,1.0,0.0,0.0,0.0,1.0
25,90,1.7789365395808163,5.847776063972743,1.0,0.0,0.0,1.0,1.0,1.0
26,90,0.0926608884101473,4.155432688070475,1.0,1.0,0.0,0.0,0.0,0.0
27,90,2.8209987199176543,0.155749930443704,0.0,0.0,1.0,0.0,0.0,0.0
28,90,11.042802903150047,9.495664993533405,0.0,0.0,0.0,0.0,1.0,1.0
29,90,4.503304975332615,4.120645710581029,0.0,1.0,1.0,0.0,1.0,1.0
30,90,12.0,1.7299766325148933,1.0,0.0,0.0,0.0,0.0,1.0
31,90,11.99891237672489,7.072367016689141,1.0,0.0,1.0,1.0,0.0,1.0
32,90,7.623099614174919,4.751244379859595,0.0,0.0,1.0,0.0,1.0,1.0
33,90,5.033479542227763,2.442665421124905,0.0,1.0,0.0,0.0,1.0,1.0
34,90,4.884976960044456,2.5960618012236694,0.0,0.0,0.0,0.0,0.0,1.0
35,90,9.986230789618835,2.9590924361083544,1.0,0.0,1.0,0.0,0.0,0.0
36,90,0.0318867545027304,8.305479874492411,0.0,1.0,0.0,0.0,0.0,0.0
37,90,2.1317495480931847,3.515650355604825,0.0,1.0,0.0,0.0,0.0,1.0
38,90,12.0,0.0,1.0,0.0,1.0,1.0,0.0,0.0
39,90,6.195886897023036,1.882614871141757,0.0,1.0,0.0,0.0,0.0,0.0
0,95,4.219925690112836,6.622552282646624,0.0,0.0,0.0,0.0,1.0,0.0
1,95,8.532521666674624,3.153109754693317,0.0,1.0,1.0,0.0,0.0,0.0
2,95,0.6814055413007254,5.412080722242267,0.0,0.0,0.0,0.0,1.0,0.0
3,95,0.3492036626463743,0.063684988680035,0.0,0.0,1.0,1.0,1.0,0.0
4,95,3.703170957271763,6.183780501549382,0.0,1.0,1.0,0.0,1.0,1.0
5,95,4.503505651785404,12.0,0.0,0.0,0.0,0.0,0.0,0.0
6,95,7.113828652133549,0.0,1.0,0.0,0.0,1.0,0.0,0.0
7,95,7.543670725254405,4.707724987229115,0.0,1.0,1.0,0.0,1.0,1.0
8,95,1.1818761560492832,0.6154370098349962,1.0,0.0,0.0,0.0,1.0,1.0
9,95,6.094472750222015,2.9645270335489564,1.0,0.0,0.0,0.0,0.0,1.0
10,95,11.264404538241427,6.9776741653013445,0.0,0.0,0.0,0.0,1.0,1.0
11,95,9.802954557520769,3.887272715923029,0.0,1.0,1.0,0.0,0.0,0.0
12,95,5.798908795288544,5.01437924337591,1.0,1.0,0.0,0.0,0.0,0.0
13,95,3.2322677761658825,3.282465532531276,0.0,1.0,1.0,1.0,0.0,1.0
14,95,1.9174990720756049,6.400468994510811,1.0,0.0,1.0,0.0,1.0,0.0
15,95,0.5616490694491462,0.0,1.0,1.0,1.0,1.0,0.0,1.0
16,95,11.438005436456445,5.810056361184234,1.0,1.0,0.0,0.0,1.0,1.0
17,95,12.0,1.3804433285697877,0.0,0.0,0.0,0.0,0.0,0.0
18,95,4.443926548809458,5.498900539923637,0.0,1.0,0.0,1.0,0.0,1.0
19,95,11.944904740288724,3.559715854251451,1.0,0.0,0.0,0.0,1.0,1.0
20,95,4.080565872211359,0.958019744092067,0.0,1.0,0.0,1.0,0.0,1.0
21,95,5.501686664563703,0.0,1.0,0.0,0.0,1.0,0.0,1.0
22,95,6.050633334343232,1.6912036334924343,0.0,0.0,1.0,1.0,0.0,1.0
23,95,8.686820435580575,12.0,0.0,1.0,1.0,0.0,0.0,0.0
24,95,7.700466848637244,4.97449699952628,1.0,1.0,0.0,0.0,0.0,1.0
25,95,1.690280700722111,6.009454478434559,1.0,0.0,0.0,1.0,1.0,1.0
26,95,0.1456637509588608,4.069290803003216,1.0,1.0,0.0,0.0,0.0,0.0
27,95,2.820258932588668,0.1564313666143854,0.0,0.0,1.0,0.0,0.0,0.0
28,95,11.029005870911153,9.61994599152754,0.0,0.0,0.0,0.0,1.0,1.0
29,95,4.524524307435549,4.171711814656552,0.0,1.0,1.0,0.0,1.0,1.0
30,95,12.0,1.6719947900085366,1.0,0.0,0.0,0.0,0.0,1.0
31,95,11.999573343667642,7.077981375515254,1.0,0.0,1.0,1.0,0.0,1.0
32,95,7.615330263817157,4.746677453897782,0.0,0.0,1.0,0.0,1.0,1.0
33,95,5.032019367953764,2.454241969995877,0.0,1.0,0.0,0.0,1.0,1.0
34,95,4.82077772834375,2.521215380348862,0.0,0.0,0.0,0.0,0.0,1.0
35,95,9.945306815084995,2.912877295753647,1.0,0.0,1.0,0.0,0.0,0.0
36,95,0.0346580386648068,8.22519817054184,0.0,1.0,0.0,0.0,0.0,0.0
37,95,2.224445872611984,3.564600094897396,0.0,1.0,0.0,0.0,0.0,1.0
38,95,12.0,0.0,1.0,0.0,1.0,1.0,0.0,0.0
39,95,6.386212536573175,1.8148678931313695,0.0,1.0,0.0,0.0,0.0,0.0
0,100,4.2267515468254375,6.625979424151698,0.0,0.0,0.0,0.0,1.0,0.0
1,100,8.505842647231285,3.16100206510028,0.0,1.0,1.0,0.0,0.0,0.0
2,100,0.7294102822709173,5.298113757352136,0.0,0.0,0.0,0.0,1.0,0.0
3,100,0.3517631303593623,0.1490017407284335,0.0,0.0,1.0,1.0,1.0,0.0
4,100,3.66012104657728,6.211704615223196,0.0,1.0,1.0,0.0,1.0,1.0
5,100,4.536993935036316,12.0,0.0,0.0,0.0,0.0,0.0,0.0
6,100,7.051624029939971,0.0,1.0,0.0,0.0,1.0,0.0,0.0
7,100,7.538353353282349,4.662150140623106,0.0,1.0,1.0,0.0,1.0,1.0
8,100,1.0731771167917383,0.6630299430686342,1.0,0.0,0.0,0.0,1.0,1.0
9,100,6.035923997488663,2.943694515971396,1.0,0.0,0.0,0.0,0.0,1.0
10,100,11.280487778326716,6.963133297306201,0.0,0.0,0.0,0.0,1.0,1.0
11,100,9.854456785997307,3.950131320579484,0.0,1.0,1.0,0.0,0.0,0.0
12,100,5.757956060173518,4.972500906643437,1.0,1.0,0.0,0.0,0.0,0.0
13,100,3.1879671750587057,3.3568310228643923,0.0,1.0,1.0,1.0,0.0,1.0
14,100,1.8620167225101223,6.422240168676386,1.0,0.0,1.0,0.0,1.0,0.0
15,100,0.5899515746357634,0.0,1.0,1.0,1.0,1.0,0.0,1.0
16,100,11.524023009323091,5.737937329799451,1.0,1.0,0.0,0.0,1.0,1.0
17,100,12.0,1.4623009840092935,0.0,0.0,0.0,0.0,0.0,0.0
18,100,4.403328723372507,5.633334457438763,0.0,1.0,0.0,1.0,0.0,1.0
19,100,11.947095563688508,3.5174258915515475,1.0,0.0,0.0,0.0,1.0,1.0
20,100,4.087252898138237,0.9518070642184444,0.0,1.0,0.0,1.0,0.0,1.0
21,100,5.477610287057121,0.0,1.0,0.0,0.0,1.0,0.0,1.0
22,100,5.937165697087805,1.717666180503915,0.0,0.0,1.0,1.0,0.0,1.0
23,100,8.688010198245378,11.998490882227957,0.0,1.0,1.0,0.0,0.0,0.0
24,100,7.645724083617326,5.036025403071578,1.0,1.0,0.0,0.0,0.0,1.0
25,100,1.6026971256671352,6.172192309366878,1.0,0.0,0.0,1.0,1.0,1.0
26,100,0.2135312762169192,3.9581356912617016,1.0,1.0,0.0,0.0,0.0,0.0
27,100,2.826441713212553,0.1504237524395801,0.0,0.0,1.0,0.0,0.0,0.0
28,100,11.019091308373731,9.746215705320074,0.0,0.0,0.0,0.0,1.0,1.0
29,100,4.551817481466982,4.233707672268144,0.0,1.0,1.0,0.0,1.0,1.0
30,100,12.0,1.6241693841437508,1.0,0.0,0.0,0.0,0.0,1.0
31,100,12.0,7.106833249440682,1.0,0.0,1.0,1.0,0.0,1.0
32,100,7.615985117354699,4.747040937025533,0.0,0.0,1.0,0.0,1.0,1.0
33,100,5.03132536183506,2.459170037556215,0.0,1.0,0.0,0.0,1.0,1.0
34,100,4.7426465331438665,2.4257621451096147,0.0,0.0,0.0,0.0,0.0,1.0
35,100,9.897568688180458,2.858654332792683,1.0,0.0,1.0,0.0,0.0,0.0
36,100,0.0378344737284625,8.159499648759352,0.0,1.0,0.0,0.0,0.0,0.0
37,100,2.3205992347722404,3.612912245573354,0.0,1.0,0.0,0.0,0.0,1.0
38,100,12.0,0.0,1.0,0.0,1.0,1.0,0.0,0.0
39,100,6.536290656413111,1.7588821522331826,0.0,1.0,0.0,0.0,0.0,0.0
0,105,4.219301881255961,6.622386435543616,0.0,0.0,0.0,0.0,1.0,0.0
1,105,8.483547116553355,3.1678550417748235,0.0,1.0,1.0,0.0,0.0,0.0
2,105,0.7776971399746936,5.175487634917262,0.0,0.0,0.0,0.0,1.0,0.0
3,105,0.3535497521167482,0.2502774254347609,0.0,0.0,1.0,1.0,1.0,0.0
4,105,3.6009124052644235,6.24618174178833,0.0,1.0,1.0,0.0,1.0,1.0
5,105,4.562392365133785,12.0,0.0,0.0,0.0,0.0,0.0,0.0
6,105,7.000226217656867,0.0,1.0,0.0,0.0,1.0,0.0,0.0
7,105,7.536569561687687,4.644743257705205,0.0,1.0,1.0,0.0,1.0,1.0
8,105,0.9780853912017716,0.7070278795048426,1.0,0.0,0.0,0.0,1.0,1.0
9,105,5.983362512334244,2.924452527748872,1.0,0.0,0.0,0.0,0.0,1.0
10,105,11.315105329498566,6.931013678617472,0.0,0.0,0.0,0.0,1.0,1.0
11,105,9.919786528094,4.027492579557858,0.0,1.0,1.0,0.0,0.0,0.0
12,105,5.713131482581107,5.018210738772825,1.0,1.0,0.0,0.0,0.0,0.0
13,105,3.148135748040436,3.4241534984598587,0.0,1.0,1.0,1.0,0.0,1.0
14,105,1.7937043564807589,6.444948289934097,1.0,0.0,1.0,0.0,1.0,0.0
15,105,0.6254395534877782,0.0,1.0,1.0,1.0,1.0,0.0,1.0
16,105,11.5963025685793,5.677141440330455,1.0,1.0,0.0,0.0,1.0,1.0
17,105,12.0,1.5408297017956134,0.0,0.0,0.0,0.0,0.0,0.0
18,105,4.360059890187053,5.774899165828606,0.0,1.0,0.0,1.0,0.0,1.0
19,105,11.948824635176374,3.472010164690663,1.0,0.0,0.0,0.0,1.0,1.0
20,105,4.098463512421518,0.941770710057524,0.0,1.0,0.0,1.0,0.0,1.0
21,105,5.449380534718405,0.0,1.0,0.0,0.0,1.0,0.0,1.0
22,105,5.823342748407153,1.7418642259131298,0.0,0.0,1.0,1.0,0.0,1.0
23,105,8.695958384488543,11.988700135466578,0.0,1.0,1.0,0.0,0.0,0.0
24,105,7.591094097170185,5.098590879825163,1.0,1.0,0.0,0.0,0.0,1.0
25,105,1.5108585449844598,6.341007982740978,1.0,0.0,0.0,1.0,1.0,1.0
26,105,0.285301915300373,3.839097056698523,1.0,1.0,0.0,0.0,0.0,0.0
27,105,2.830748313108417,0.1461638715765978,0.0,0.0,1.0,0.0,0.0,0.0
28,105,11.008837959401037,9.844637868316276,0.0,0.0,0.0,0.0,1.0,1.0
29,105,4.582223838295317,4.303042911306966,0.0,1.0,1.0,0.0,1.0,1.0
30,105,12.0,1.6099611983806397,1.0,0.0,0.0,0.0,0.0,1.0
31,105,12.0,7.155689967753488,1.0,0.0,1.0,1.0,0.0,1.0
32,105,7.620510052404085,4.749519447220057,0.0,0.0,1.0,0.0,1.0,1.0
33,105,5.0328273532881616,2.4477286701419656,0.0,1.0,0.0,0.0,1.0,1.0
34,105,4.655192466324745,2.322754125405588,0.0,0.0,0.0,0.0,0.0,1.0
35,105,9.841887997762576,2.79458595895075,1.0,0.0,1.0,0.0,0.0,0.0
36,105,0.0431289190174811,8.078523047985911,0.0,1.0,0.0,0.0,0.0,0.0
37,105,2.4040843104456084,3.655656431784879,0.0,1.0,0.0,0.0,0.0,1.0
38,105,12.0,0.0,1.0,0.0,1.0,1.0,0.0,0.0
39,105,6.674649486917887,1.7006093179163866,0.0,1.0,0.0,0.0,0.0,0.0
0,110,4.205923516194982,6.61604371331768,0.0,0.0,0.0,0.0,1.0,0.0
1,110,8.46562145834518,3.173447705061529,0.0,1.0,1.0,0.0,0.0,0.0
2,110,0.8191548018831478,5.072707346369055,0.0,0.0,0.0,0.0,1.0,0.0
3,110,0.3529225562119625,0.3586540335837367,0.0,0.0,1.0,1.0,1.0,0.0
4,110,3.552926944947249,6.274799231904011,0.0,1.0,1.0,0.0,1.0,1.0
5,110,4.578523326639716,12.0,0.0,0.0,0.0,0.0,0.0,0.0
6,110,6.955483041835027,0.0,1.0,0.0,0.0,1.0,0.0,0.0
7,110,7.5509230787796335,4.642910314812421,0.0,1.0,1.0,0.0,1.0,1.0
8,110,0.8876606007822748,0.7497772197911261,1.0,0.0,0.0,0.0,1.0,1.0
9,110,5.943223532724204,2.9094045307645717,1.0,0.0,0.0,0.0,0.0,1.0
10,110,11.361901612383592,6.8869434194509545,0.0,0.0,0.0,0.0,1.0,1.0
11,110,9.99410881347566,4.116073659321101,0.0,1.0,1.0,0.0,0.0,0.0
12,110,5.664999497937264,5.068028446188728,1.0,1.0,0.0,0.0,0.0,0.0
13,110,3.108018519561856,3.4940056883836887,0.0,1.0,1.0,1.0,0.0,1.0
14,110,1.730360607207687,6.466479372454939,1.0,0.0,1.0,0.0,1.0,0.0
15,110,0.6624657390896974,0.0,1.0,1.0,1.0,1.0,0.0,1.0
16,110,11.66337238417133,5.620917997002905,1.0,1.0,0.0,0.0,1.0,1.0
17,110,12.0,1.6263036792470256,0.0,0.0,0.0,0.0,0.0,0.0
18,110,4.317976942338694,5.9105727648124295,0.0,1.0,0.0,1.0,0.0,1.0
19,110,11.951573761695045,3.423965923810276,1.0,0.0,0.0,0.0,1.0,1.0
20,110,4.093605223631671,0.9361179923778928,0.0,1.0,0.0,1.0,0.0,1.0
21,110,5.41577651417852,0.0,1.0,0.0,0.0,1.0,0.0,1.0
22,110,5.70635455871558,1.7683796866765078,0.0,0.0,1.0,1.0,0.0,1.0
23,110,8.711801676350285,11.969650566842375,0.0,1.0,1.0,0.0,0.0,0.0
24,110,7.550900348557325,5.147261033061985,1.0,1.0,0.0,0.0,0.0,1.0
25,110,1.4206973199447508,6.514562095306166,1.0,0.0,0.0,1.0,1.0,1.0
26,110,0.3576867402874851,3.719040912052384,1.0,1.0,0.0,0.0,0.0,0.0
27,110,2.824783989162842,0.1518344508822837,0.0,0.0,1.0,0.0,0.0,0.0
28,110,10.998141581242804,9.937648015914004,0.0,0.0,0.0,0.0,1.0,1.0
29,110,4.605368312018238,4.3611248978124735,0.0,1.0,1.0,0.0,1.0,1.0
30,110,12.0,1.5965779415805892,1.0,0.0,0.0,0.0,0.0,1.0
31,110,12.0,7.220729601821093,1.0,0.0,1.0,1.0,0.0,1.0
32,110,7.652777080909883,4.7674885870701145,0.0,0.0,1.0,0.0,1.0,1.0
33,110,5.032083067102096,2.452837430373785,0.0,1.0,0.0,0.0,1.0,1.0
34,110,4.584151684643152,2.2382672383924653,0.0,0.0,0.0,0.0,0.0,1.0
35,110,9.788764640144462,2.7341059884611423,1.0,0.0,1.0,0.0,0.0,0.0
36,110,0.04695281882435,7.9933148581607485,0.0,1.0,0.0,0.0,0.0,0.0
37,110,2.495387958745423,3.7050668007292415,0.0,1.0,0.0,0.0,0.0,1.0
38,110,12.0,0.0,1.0,0.0,1.0,1.0,0.0,0.0
39,110,6.820945178969812,1.6341089448323356,0.0,1.0,0.0,0.0,0.0,0.0
0,115,4.201367954790976,6.613686447298897,0.0,0.0,0.0,0.0,1.0,0.0
1,115,8.439010957790835,3.181167795980463,0.0,1.0,1.0,0.0,0.0,0.0
2,115,0.86297864138713,4.9518950863697295,0.0,0.0,0.0,0.0,1.0,0.0
3,115,0.3530831767096271,0.4646059657061742,0.0,0.0,1.0,1.0,1.0,0.0
4,115,3.5130267435690308,6.297902705356999,0.0,1.0,1.0,0.0,1.0,1.0
5,115,4.576353052184728,11.997736249058947,0.0,0.0,0.0,0.0,0.0,0.0
6,115,6.91276297648618,0.0,1.0,0.0,0.0,1.0,0.0,0.0
7,115,7.548264178204298,4.643316267598305,0.0,1.0,1.0,0.0,1.0,1.0
8,115,0.8245804670850212,0.7795091368584399,1.0,0.0,0.0,0.0,1.0,1.0
9,115,5.905446594000631,2.893676297720114,1.0,0.0,0.0,0.0,0.0,1.0
10,115,11.41092438527754,6.843669385764361,0.0,0.0,0.0,0.0,1.0,1.0
11,115,10.063608223385026,4.201159149306573,0.0,1.0,1.0,0.0,0.0,0.0
12,115,5.617959415286127,5.117520486833172,1.0,1.0,0.0,0.0,0.0,0.0
13,115,3.0622612697814287,3.574810561156781,0.0,1.0,1.0,1.0,0.0,1.0
14,115,1.6859074739841564,6.481876654284844,1.0,0.0,1.0,0.0,1.0,0.0
15,115,0.7022133015388129,0.0,1.0,1.0,1.0,1.0,0.0,1.0
16,115,11.734936792475631,5.559139761750507,1.0,1.0,0.0,0.0,1.0,1.0
17,115,12.0,1.709533872000532,0.0,0.0,0.0,0.0,0.0,0.0
18,115,4.27982759079119,6.025064419699323,0.0,1.0,0.0,1.0,0.0,1.0
19,115,12.0,3.4262029574440027,1.0,0.0,0.0,0.0,1.0,1.0
20,115,4.0919026191457615,0.9341550389781575,0.0,1.0,0.0,1.0,0.0,1.0
21,115,5.379061787028137,0.0,1.0,0.0,0.0,1.0,0.0,1.0
22,115,5.578911643598847,1.7929941137335588,0.0,0.0,1.0,1.0,0.0,1.0
23,115,8.724907274553452,11.953602791859934,0.0,1.0,1.0,0.0,0.0,0.0
24,115,7.522865068369658,5.180382836222838,1.0,1.0,0.0,0.0,0.0,1.0
25,115,1.335427094682557,6.686021071016262,1.0,0.0,0.0,1.0,1.0,1.0
26,115,0.4362320743195333,3.590763908630593,1.0,1.0,0.0,0.0,0.0,0.0
27,115,2.806586244844841,0.1685801989851733,0.0,0.0,1.0,0.0,0.0,0.0
28,115,10.983865914327202,10.046200812481525,0.0,0.0,0.0,0.0,1.0,1.0
29,115,4.6212310408384045,4.40093809317817,0.0,1.0,1.0,0.0,1.0,1.0
30,115,12.0,1.5850333895684436,1.0,0.0,0.0,0.0,0.0,1.0
31,115,12.0,7.295680905763473,1.0,0.0,1.0,1.0,0.0,1.0
32,115,7.67006883164867,4.777217434130931,0.0,0.0,1.0,0.0,1.0,1.0
33,115,5.031162476720327,2.459935821727219,0.0,1.0,0.0,0.0,1.0,1.0
34,115,4.5136044096058185,2.154377566464812,0.0,0.0,0.0,0.0,0.0,1.0
35,115,9.729484815340646,2.66907151327794,1.0,0.0,1.0,0.0,0.0,0.0
36,115,0.051736664016199,7.920397635559216,0.0,1.0,0.0,0.0,0.0,0.0
37,115,2.578416920272144,3.751457109835673,0.0,1.0,0.0,0.0,0.0,1.0
38,115,12.0,0.0,1.0,0.0,1.0,1.0,0.0,0.0
39,115,6.967082752153137,1.5655823996156413,0.0,1.0,0.0,0.0,0.0,0.0
0,120,4.173545151801482,6.598986114307393,0.0,0.0,0.0,0.0,1.0,0.0
1,120,8.426097779828151,3.1852149489532864,0.0,1.0,1.0,0.0,0.0,0.0
2,120,0.9053024492227916,4.836919065058547,0.0,0.0,0.0,0.0,1.0,0.0
3,120,0.3514878577366029,0.55266792306276,0.0,0.0,1.0,1.0,1.0,0.0
4,120,3.4569689148555267,6.329800092311881,0.0,1.0,1.0,0.0,1.0,1.0
5,120,4.591572823546231,12.0,0.0,0.0,0.0,0.0,0.0,0.0
6,120,6.869834768532381,0.0,1.0,0.0,0.0,1.0,0.0,0.0
7,120,7.52943773555613,4.646676807553832,0.0,1.0,1.0,0.0,1.0,1.0
8,120,0.7665956599793082,0.8090327929293,1.0,0.0,0.0,0.0,1.0,1.0
9,120,5.862090887343981,2.875709833741471,1.0,0.0,0.0,0.0,0.0,1.0
10,120,11.469944135152542,6.791395265061249,0.0,0.0,0.0,0.0,1.0,1.0
11,120,10.139677377781728,4.293225749873421,0.0,1.0,1.0,0.0,0.0,0.0
12,120,5.540697818423162,5.192877360303433,1.0,1.0,0.0,0.0,0.0,0.0
13,120,3.0137914667248515,3.6589828200043737,0.0,1.0,1.0,1.0,0.0,1.0
14,120,1.6520269218931345,6.493261989853371,1.0,0.0,1.0,0.0,1.0,0.0
15,120,0.7487007166174577,0.0,1.0,1.0,1.0,1.0,0.0,1.0
16,120,11.80661246192663,5.492551182161196,1.0,1.0,0.0,0.0,1.0,1.0
17,120,12.0,1.8054047675389768,0.0,0.0,0.0,0.0,0.0,0.0
18,120,4.25117390438638,6.110766758005464,0.0,1.0,0.0,1.0,0.0,1.0
19,120,12.0,3.4276514576242594,1.0,0.0,0.0,0.0,1.0,1.0
20,120,4.09661425968199,0.9395602680193526,0.0,1.0,0.0,1.0,0.0,1.0
21,120,5.341663408615985,0.0,1.0,0.0,0.0,1.0,0.0,1.0
22,120,5.435592403019736,1.8216005410427285,0.0,0.0,1.0,1.0,0.0,1.0
23,120,8.750698529659923,11.922729572431267,0.0,1.0,1.0,0.0,0.0,0.0
24,120,7.495125508572457,5.213857791174032,1.0,1.0,0.0,0.0,0.0,1.0
25,120,1.248071403129418,6.860982901695461,1.0,0.0,0.0,1.0,1.0,1.0
26,120,0.5169660223030358,3.460849453276188,1.0,1.0,0.0,0.0,0.0,0.0
27,120,2.7961944814044,0.1774785423636949,0.0,0.0,1.0,0.0,0.0,0.0
28,120,10.968400718365752,10.161538956099546,0.0,0.0,0.0,0.0,1.0,1.0
29,120,4.63575412249001,4.43335204133823,0.0,1.0,1.0,0.0,1.0,1.0
30,120,11.999779861103343,1.5949514684544466,1.0,0.0,0.0,0.0,0.0,1.0
31,120,12.0,7.382733473928247,1.0,0.0,1.0,1.0,0.0,1.0
32,120,7.684424869148313,4.785449478068258,0.0,0.0,1.0,0.0,1.0,1.0
33,120,5.032990897457471,2.446052713476467,0.0,1.0,0.0,0.0,1.0,1.0
34,120,4.446903883030788,2.0744611162220576,0.0,0.0,0.0,0.0,0.0,1.0
35,120,9.680577094805338,2.6132762950984665,1.0,0.0,1.0,0.0,0.0,0.0
36,120,0.0589623294467702,7.833911359869764,0.0,1.0,0.0,0.0,0.0,0.0
37,120,2.6444071934286897,3.7862522254831696,0.0,1.0,0.0,0.0,0.0,1.0
38,120,12.0,0.0,1.0,0.0,1.0,1.0,0.0,0.0
39,120,7.130550844441158,1.4886860469372265,0.0,1.0,0.0,0.0,0.0,0.0
0,125,4.15087047185778,6.586354426771949,0.0,0.0,0.0,0.0,1.0,0.0
1,125,8.414547324698464,3.188944401822837,0.0,1.0,1.0,0.0,0.0,0.0
2,125,0.9496242884707228,4.720511672544531,0.0,0.0,0.0,0.0,1.0,0.0
3,125,0.3491876982252853,0.6300686541382706,0.0,0.0,1.0,1.0,1.0,0.0
4,125,3.4008453804090304,6.360786439471622,0.0,1.0,1.0,0.0,1.0,1.0
5,125,4.61198554849208,12.0,0.0,0.0,0.0,0.0,0.0,0.0
6,125,6.816970795116147,0.0,1.0,0.0,0.0,1.0,0.0,0.0
7,125,7.506438855767266,4.650578068534711,0.0,1.0,1.0,0.0,1.0,1.0
8,125,0.6967694240978177,0.8444373178719337,1.0,0.0,0.0,0.0,1.0,1.0
9,125,5.831707881217862,2.863225760870856,1.0,0.0,0.0,0.0,0.0,1.0
10,125,11.52468276824082,6.740336846785059,0.0,0.0,0.0,0.0,1.0,1.0
11,125,10.223000087706032,4.400521600073422,0.0,1.0,1.0,0.0,0.0,0.0
12,125,5.477765693388367,5.252216522661439,1.0,1.0,0.0,0.0,0.0,0.0
13,125,2.9603358754903804,3.752756188893033,0.0,1.0,1.0,1.0,0.0,1.0
14,125,1.6206668554398478,6.503273722293065,1.0,0.0,1.0,0.0,1.0,0.0
15,125,0.8022271324921806,0.0,1.0,1.0,1.0,1.0,0.0,1.0
16,125,11.886590277864574,5.414499828714697,1.0,1.0,0.0,0.0,1.0,1.0
17,125,12.0,1.909920061934076,0.0,0.0,0.0,0.0,0.0,0.0
18,125,4.220648907034974,6.195949042557186,0.0,1.0,0.0,1.0,0.0,1.0
19,125,12.0,3.4318735569138905,1.0,0.0,0.0,0.0,1.0,1.0
20,125,4.092418625589613,0.9429960917008504,0.0,1.0,0.0,1.0,0.0,1.0
21,125,5.29938927852514,0.0,1.0,0.0,0.0,1.0,0.0,1.0
22,125,5.275361618081582,1.8529245094258908,0.0,0.0,1.0,1.0,0.0,1.0
23,125,8.770218880295422,11.899164873473929,0.0,1.0,1.0,0.0,0.0,0.0
24,125,7.48197528465477,5.229501688499579,1.0,1.0,0.0,0.0,0.0,1.0
25,125,1.1637206967231115,7.033958444747254,1.0,0.0,0.0,1.0,1.0,1.0
26,125,0.596470078312656,3.326738078509928,1.0,1.0,0.0,0.0,0.0,0.0
27,125,2.773655223019658,0.1976806855872745,0.0,0.0,1.0,0.0,0.0,0.0
28,125,10.952771432895949,10.294688268136268,0.0,0.0,0.0,0.0,1.0,1.0
29,125,4.654896380580138,4.4748941245804135,0.0,1.0,1.0,0.0,1.0,1.0
30,125,11.999786861762464,1.5946673778298592,1.0,0.0,0.0,0.0,0.0,1.0
31,125,12.0,7.470635564364209,1.0,0.0,1.0,1.0,0.0,1.0
32,125,7.688732213391798,4.7877885170850165,0.0,0.0,1.0,0.0,1.0,1.0
33,125,5.036058804105362,2.425480546782277,0.0,1.0,0.0,0.0,1.0,1.0
34,125,4.361919496988284,1.976796392373828,0.0,0.0,0.0,0.0,0.0,1.0
35,125,9.638202055887328,2.562437656925072,1.0,0.0,1.0,0.0,0.0,0.0
36,125,0.0698863686622276,7.718204602911058,0.0,1.0,0.0,0.0,0.0,0.0
37,125,2.7142477951112043,3.8248681680564776,0.0,1.0,0.0,0.0,0.0,1.0
38,125,12.0,0.0,1.0,0.0,1.0,1.0,0.0,0.0
39,125,7.277614150799363,1.4123862921795796,0.0,1.0,0.0,0.0,0.0,0.0
0,130,4.116062133885837,6.566994115898731,0.0,0.0,0.0,0.0,1.0,0.0
1,130,8.412428420293919,3.189599876550597,0.0,1.0,1.0,0.0,0.0,0.0
2,130,0.9947544823280062,4.600614856447817,0.0,0.0,0.0,0.0,1.0,0.0
3,130,0.3474423476536026,0.6852170810261494,0.0,0.0,1.0,1.0,1.0,0.0
4,130,3.343143628699738,6.391789323524417,0.0,1.0,1.0,0.0,1.0,1.0
5,130,4.6297487465178255,12.0,0.0,0.0,0.0,0.0,0.0,0.0
6,130,6.772788800814425,0.0,1.0,0.0,0.0,1.0,0.0,0.0
7,130,7.453579889982501,4.659688583300988,0.0,1.0,1.0,0.0,1.0,1.0
8,130,0.6342159404713804,0.8773450707179449,1.0,0.0,0.0,0.0,1.0,1.0
9,130,5.824940422610811,2.8603449475582217,1.0,0.0,0.0,0.0,0.0,1.0
10,130,11.580859877381751,6.687778861466165,0.0,0.0,0.0,0.0,1.0,1.0
11,130,10.303787847757016,4.504032455886839,0.0,1.0,1.0,0.0,0.0,0.0
12,130,5.431704556324651,5.296103851474856,1.0,1.0,0.0,0.0,0.0,0.0
13,130,2.913947167663244,3.835160876196664,0.0,1.0,1.0,1.0,0.0,1.0
14,130,1.592155113737489,6.512043973934499,1.0,0.0,1.0,0.0,1.0,0.0
15,130,0.8624294588415692,0.0,1.0,1.0,1.0,1.0,0.0,1.0
16,130,11.940310225850324,5.361574108144469,1.0,1.0,0.0,0.0,1.0,1.0
17,130,12.0,2.017488827023952,0.0,0.0,0.0,0.0,0.0,0.0
18,130,4.184512697918082,6.293213633912989,0.0,1.0,0.0,1.0,0.0,1.0
19,130,12.0,3.436418102171033,1.0,0.0,0.0,0.0,1.0,1.0
20,130,4.084035666418421,0.95002526031015,0.0,1.0,0.0,1.0,0.0,1.0
21,130,5.255630048764429,0.0,1.0,0.0,0.0,1.0,0.0,1.0
22,130,5.156869839479764,1.876025693341409,0.0,0.0,1.0,1.0,0.0,1.0
23,130,8.793163749690443,11.872724400145213,0.0,1.0,1.0,0.0,0.0,0.0
24,130,7.4677576269960415,5.247018411551139,1.0,1.0,0.0,0.0,0.0,1.0
25,130,1.083845817799165,7.207754190577641,1.0,0.0,0.0,1.0,1.0,1.0
26,130,0.6756922274341438,3.187140269312424,1.0,1.0,0.0,0.0,0.0,0.0
27,130,2.7347915910550853,0.2339287507447102,0.0,0.0,1.0,0.0,0.0,0.0
28,130,10.941581237578264,10.41582672924498,0.0,0.0,0.0,0.0,1.0,1.0
29,130,4.666664267389183,4.501379819315943,0.0,1.0,1.0,0.0,1.0,1.0
30,130,11.999788244135598,1.606570625505864,1.0,0.0,0.0,0.0,0.0,1.0
31,130,12.0,7.547735563044988,1.0,0.0,1.0,1.0,0.0,1.0
32,130,7.680089388352314,4.782933198539352,0.0,0.0,1.0,0.0,1.0,1.0
33,130,5.038002920407594,2.4126013728006463,0.0,1.0,0.0,0.0,1.0,1.0
34,130,4.280582804204876,1.8778979213418865,0.0,0.0,0.0,0.0,0.0,1.0
35,130,9.60230130194608,2.517325437620005,1.0,0.0,1.0,0.0,0.0,0.0
36,130,0.0837863385748688,7.605992273086395,0.0,1.0,0.0,0.0,0.0,0.0
37,130,2.787876484602964,3.8637519993367087,0.0,1.0,0.0,0.0,0.0,1.0
38,130,12.0,0.0,1.0,0.0,1.0,1.0,0.0,0.0
39,130,7.400570370065511,1.349156744010692,0.0,1.0,0.0,0.0,0.0,0.0
0,135,4.092107390463845,6.553901246746576,0.0,0.0,0.0,0.0,1.0,0.0
1,135,8.416709562984312,3.1882423538771483,0.0,1.0,1.0,0.0,0.0,0.0
2,135,1.047138875094341,4.467297782534814,0.0,0.0,0.0,0.0,1.0,0.0
3,135,0.3444611828903511,0.7629230824929176,0.0,0.0,1.0,1.0,1.0,0.0
4,135,3.2885776262670863,6.422297758947125,0.0,1.0,1.0,0.0,1.0,1.0
5,135,4.632468096520943,12.0,0.0,0.0,0.0,0.0,0.0,0.0
6,135,6.736336204622252,0.0,1.0,0.0,0.0,1.0,0.0,0.0
7,135,7.39909988236278,4.668144540809713,0.0,1.0,1.0,0.0,1.0,1.0
8,135,0.5837467684297389,0.9031018547909336,1.0,0.0,0.0,0.0,1.0,1.0
9,135,5.831104257342124,2.862755327679628,1.0,0.0,0.0,0.0,0.0,1.0
10,135,11.63777996137965,6.631582024582667,0.0,0.0,0.0,0.0,1.0,1.0
11,135,10.392368750880046,4.61572857050055,0.0,1.0,1.0,0.0,0.0,0.0
12,135,5.381268823941366,5.3446914006373785,1.0,1.0,0.0,0.0,0.0,0.0
13,135,2.855289173485668,3.9313965566671465,0.0,1.0,1.0,1.0,0.0,1.0
14,135,1.5540843013915593,6.524421431455375,1.0,0.0,1.0,0.0,1.0,0.0
15,135,0.9155605334328076,0.0,1.0,1.0,1.0,1.0,0.0,1.0
16,135,11.97905237046235,5.321227396833421,1.0,1.0,0.0,0.0,1.0,1.0
17,135,12.0,2.141261161099813,0.0,0.0,0.0,0.0,0.0,0.0
18,135,4.153842629640791,6.375435894939656,0.0,1.0,0.0,1.0,0.0,1.0
19,135,12.0,3.4391951793915188,1.0,0.0,0.0,0.0,1.0,1.0
20,135,4.070835569110434,0.9605437927178472,0.0,1.0,0.0,1.0,0.0,1.0
21,135,5.205849997530867,0.0,1.0,0.0,0.0,1.0,0.0,1.0
22,135,5.03843610213988,1.9000115616066855,0.0,0.0,1.0,1.0,0.0,1.0
23,135,8.825991729658673,11.83456469338711,0.0,1.0,1.0,0.0,0.0,0.0
24,135,7.453537260690597,5.265929528664851,1.0,1.0,0.0,0.0,0.0,1.0
25,135,0.991827964049068,7.396100636337927,1.0,0.0,0.0,1.0,1.0,1.0
26,135,0.774261034398392,3.028792684666984,1.0,1.0,0.0,0.0,0.0,0.0
27,135,2.670537585785393,0.2935404585023364,0.0,0.0,1.0,0.0,0.0,0.0
28,135,10.925562684115617,10.54701386998924,0.0,0.0,0.0,0.0,1.0,1.0
29,135,4.684280635581451,4.54039640214148,0.0,1.0,1.0,0.0,1.0,1.0
30,135,11.999713848159518,1.598339647666274,1.0,0.0,0.0,0.0,0.0,1.0
31,135,12.0,7.647214499746641,1.0,0.0,1.0,1.0,0.0,1.0
32,135,7.66100996784761,4.772672557600739,0.0,0.0,1.0,0.0,1.0,1.0
33,135,5.042354713506889,2.3850737302815395,0.0,1.0,0.0,0.0,1.0,1.0
34,135,4.209708460070584,1.7913643150371916,0.0,0.0,0.0,0.0,0.0,1.0
35,135,9.565088677133256,2.468670189103086,1.0,0.0,1.0,0.0,0.0,0.0
36,135,0.0999505166151134,7.469293368057148,0.0,1.0,0.0,0.0,0.0,0.0
37,135,2.858514509014104,3.902979290033026,0.0,1.0,0.0,0.0,0.0,1.0
38,135,12.0,0.0,1.0,0.0,1.0,1.0,0.0,0.0
39,135,7.516826347716677,1.2908185851794367,0.0,1.0,0.0,0.0,0.0,0.0
0,140,4.076996797817115,6.545808680329321,0.0,0.0,0.0,0.0,1.0,0.0
1,140,8.401218922659032,3.193760456200056,0.0,1.0,1.0,0.0,0.0,0.0
2,140,1.117065807281147,4.281963344710016,0.0,0.0,0.0,0.0,1.0,0.0
3,140,0.3423852902200158,0.8511335328135584,0.0,0.0,1.0,1.0,1.0,0.0
4,140,3.255539215757521,6.358945789233602,0.0,1.0,1.0,0.0,1.0,1.0
5,140,4.641655141962404,12.0,0.0,0.0,0.0,0.0,0.0,0.0
6,140,6.704993883350292,0.0,1.0,0.0,0.0,1.0,0.0,0.0
7,140,7.356915908063639,4.674245871929485,0.0,1.0,1.0,0.0,1.0,1.0
8,140,0.5479175161460662,0.9202538637816464,1.0,0.0,0.0,0.0,1.0,1.0
9,140,5.852386962995806,2.8703692158883243,1.0,0.0,0.0,0.0,0.0,1.0
10,140,11.692259867624148,6.578247943561828,0.0,0.0,0.0,0.0,1.0,1.0
11,140,10.485021562825674,4.733574002596277,0.0,1.0,1.0,0.0,0.0,0.0
12,140,5.324389649159468,5.396942302122656,1.0,1.0,0.0,0.0,0.0,0.0
13,140,2.803668353800912,4.022684926467671,0.0,1.0,1.0,1.0,0.0,1.0
14,140,1.5114537411003406,6.538881034484585,1.0,0.0,1.0,0.0,1.0,0.0
15,140,0.9822477366391016,0.0,1.0,1.0,1.0,1.0,0.0,1.0
16,140,12.0,5.269564775921877,1.0,1.0,0.0,0.0,1.0,1.0
17,140,12.0,2.275361204215045,0.0,0.0,0.0,0.0,0.0,0.0
18,140,4.1204097296284985,6.468543971677384,0.0,1.0,0.0,1.0,0.0,1.0
19,140,12.0,3.4429256242373216,1.0,0.0,0.0,0.0,1.0,1.0
20,140,4.080190624746368,0.953285976251339,0.0,1.0,0.0,1.0,0.0,1.0
21,140,5.14976566401966,0.0,1.0,0.0,0.0,1.0,0.0,1.0
22,140,4.926284297452989,1.9251802364480384,0.0,0.0,1.0,1.0,0.0,1.0
23,140,8.84847902917922,11.808894440388643,0.0,1.0,1.0,0.0,0.0,0.0
24,140,7.437041128783852,5.288080585770642,1.0,1.0,0.0,0.0,0.0,1.0
25,140,0.9090472148445544,7.575588477261801,1.0,0.0,0.0,1.0,1.0,1.0
26,140,0.8761112321514353,2.8639570005807804,1.0,1.0,0.0,0.0,0.0,0.0
27,140,2.6140666046259917,0.3489468840573101,0.0,0.0,1.0,0.0,0.0,0.0
28,140,10.910099864757829,10.675851763557654,0.0,0.0,0.0,0.0,1.0,1.0
29,140,4.712013295427087,4.597405033108524,0.0,1.0,1.0,0.0,1.0,1.0
30,140,11.999699765698946,1.5953785626816033,1.0,0.0,0.0,0.0,0.0,1.0
31,140,12.0,7.758573717495368,1.0,0.0,1.0,1.0,0.0,1.0
32,140,7.627598990148978,4.753717237216778,0.0,0.0,1.0,0.0,1.0,1.0
33,140,5.047180301359417,2.359877530147917,0.0,1.0,0.0,0.0,1.0,1.0
34,140,4.13711260281557,1.7061124370070742,0.0,0.0,0.0,0.0,0.0,1.0
35,140,9.530234954092997,2.4242013244202227,1.0,0.0,1.0,0.0,0.0,0.0
36,140,0.1196997811567584,7.32195734139784,0.0,1.0,0.0,0.0,0.0,0.0
37,140,2.9148727765135467,3.933733108598114,0.0,1.0,0.0,0.0,0.0,1.0
38,140,12.0,0.0,1.0,0.0,1.0,1.0,0.0,0.0
39,140,7.628449548609634,1.2361662472472723,0.0,1.0,0.0,0.0,0.0,0.0
0,145,4.090202591064656,6.55220613859442,0.0,0.0,0.0,0.0,1.0,0.0
1,145,8.408055526968448,3.191319914394895,0.0,1.0,1.0,0.0,0.0,0.0
2,145,1.191626489436407,4.08148975500121,0.0,0.0,0.0,0.0,1.0,0.0
3,145,0.3402878565053479,0.930404816376736,0.0,0.0,1.0,1.0,1.0,0.0
4,145,3.215286348601297,6.285465117154069,0.0,1.0,1.0,0.0,1.0,1.0
5,145,4.654593805367059,12.0,0.0,0.0,0.0,0.0,0.0,0.0
6,145,6.679537460995356,0.0,1.0,0.0,0.0,1.0,0.0,0.0
7,145,7.309692596224219,4.680270438780605,0.0,1.0,1.0,0.0,1.0,1.0
8,145,0.5070419557104677,0.9390403361606552,1.0,0.0,0.0,0.0,1.0,1.0
9,145,5.870841476506497,2.877363221482628,1.0,0.0,0.0,0.0,0.0,1.0
10,145,11.74281730987846,6.528999274442684,0.0,0.0,0.0,0.0,1.0,1.0
11,145,10.589197254013367,4.859969583666721,0.0,1.0,1.0,0.0,0.0,0.0
12,145,5.25376919505506,5.458666295160747,1.0,1.0,0.0,0.0,0.0,0.0
13,145,2.7610309025286925,4.095292788410551,0.0,1.0,1.0,1.0,0.0,1.0
14,145,1.4429215252151897,6.562894046954544,1.0,0.0,1.0,0.0,1.0,0.0
15,145,1.0510595456566596,0.0,1.0,1.0,1.0,1.0,0.0,1.0
16,145,12.0,5.230876432535293,1.0,1.0,0.0,0.0,1.0,1.0
17,145,12.0,2.4131767869486818,0.0,0.0,0.0,0.0,0.0,0.0
18,145,4.086740498343074,6.56834849961716,0.0,1.0,0.0,1.0,0.0,1.0
19,145,12.0,3.446395916573048,1.0,0.0,0.0,0.0,1.0,1.0
20,145,4.088945909804251,0.9463012604816444,0.0,1.0,0.0,1.0,0.0,1.0
21,145,5.07688149718207,0.0,1.0,0.0,0.0,1.0,0.0,1.0
22,145,4.820523314102888,1.9512106777906728,0.0,0.0,1.0,1.0,0.0,1.0
23,145,8.875595912220527,11.776820943369671,0.0,1.0,1.0,0.0,0.0,0.0
24,145,7.422499957466926,5.308788816256948,1.0,1.0,0.0,0.0,0.0,1.0
25,145,0.8316114666531398,7.757078716569234,1.0,0.0,0.0,1.0,1.0,1.0
26,145,0.9818461876880304,2.700998513046048,1.0,1.0,0.0,0.0,0.0,0.0
27,145,2.5457290239635504,0.4159633463072327,0.0,0.0,1.0,0.0,0.0,0.0
28,145,10.89751499194522,10.789053195655844,0.0,0.0,0.0,0.0,1.0,1.0
29,145,4.731892109187458,4.636893698455401,0.0,1.0,1.0,0.0,1.0,1.0
30,145,11.999701843966164,1.5929363540192445,1.0,0.0,0.0,0.0,0.0,1.0
31,145,12.0,7.874385787701732,1.0,0.0,1.0,1.0,0.0,1.0
32,145,7.600163457482229,4.737924485463926,0.0,0.0,1.0,0.0,1.0,1.0
33,145,5.054725456066064,2.319186683110808,0.0,1.0,0.0,0.0,1.0,1.0
34,145,4.060805030387213,1.6175160626303708,0.0,0.0,0.0,0.0,0.0,1.0
35,145,9.49737970229623,2.3810871723796945,1.0,0.0,1.0,0.0,0.0,0.0
36,145,0.1407539275069128,7.187465098625854,0.0,1.0,0.0,0.0,0.0,0.0
37,145,2.979699576716941,3.9694026579550417,0.0,1.0,0.0,0.0,0.0,1.0
38,145,12.0,0.0,1.0,0.0,1.0,1.0,0.0,0.0
39,145,7.744833241909367,1.1747580071504806,0.0,1.0,0.0,0.0,0.0,0.0
0,150,4.105891718317057,6.559881349910129,0.0,0.0,0.0,0.0,1.0,0.0
1,150,8.397281667945421,3.195465594204768,0.0,1.0,1.0,0.0,0.0,0.0
2,150,1.2728349241211032,3.868586649602961,0.0,0.0,0.0,0.0,1.0,0.0
3,150,0.3390736201923527,0.9827714477528052,0.0,0.0,1.0,1.0,1.0,0.0
4,150,3.1745022004217707,6.213273694079308,0.0,1.0,1.0,0.0,1.0,1.0
5,150,4.67756883439074,12.0,0.0,0.0,0.0,0.0,0.0,0.0
6,150,6.650157332651778,0.0,1.0,0.0,0.0,1.0,0.0,0.0
7,150,7.255404031633114,4.689121218340203,0.0,1.0,1.0,0.0,1.0,1.0
8,150,0.4776927173170791,0.952687149712794,1.0,0.0,0.0,0.0,1.0,1.0
9,150,5.902722841567881,2.8900468264254204,1.0,0.0,0.0,0.0,0.0,1.0
10,150,11.802158366199064,6.472985816408517,0.0,0.0,0.0,0.0,1.0,1.0
11,150,10.67161127870108,4.9614456093100525,0.0,1.0,1.0,0.0,0.0,0.0
12,150,5.186035356249668,5.5180454340260345,1.0,1.0,0.0,0.0,0.0,0.0
13,150,2.7159816135771018,4.168454411839353,0.0,1.0,1.0,1.0,0.0,1.0
14,150,1.371813792005924,6.587416469598541,1.0,0.0,1.0,0.0,1.0,0.0
15,150,1.1145536808445538,0.0,1.0,1.0,1.0,1.0,0.0,1.0
16,150,12.0,5.190570115919285,1.0,1.0,0.0,0.0,1.0,1.0
17,150,12.0,2.5529040030028085,0.0,0.0,0.0,0.0,0.0,0.0
18,150,4.049536579533823,6.669503970770547,0.0,1.0,0.0,1.0,0.0,1.0
19,150,12.0,3.450825641345719,1.0,0.0,0.0,0.0,1.0,1.0
20,150,4.106134883214245,0.9321924723617118,0.0,1.0,0.0,1.0,0.0,1.0
21,150,5.003207728979594,0.0,1.0,0.0,0.0,1.0,0.0,1.0
22,150,4.7314140634122674,1.973149698609296,0.0,0.0,1.0,1.0,0.0,1.0
23,150,8.899696842427467,11.748380569116817,0.0,1.0,1.0,0.0,0.0,0.0
24,150,7.403758777282376,5.336257955976308,1.0,1.0,0.0,0.0,0.0,1.0
25,150,0.7634291462422317,7.927536689771217,1.0,0.0,0.0,1.0,1.0,1.0
26,150,1.0949396574435886,2.5213117680825,1.0,1.0,0.0,0.0,0.0,0.0
27,150,2.483090185829837,0.4802503577720417,0.0,0.0,1.0,0.0,0.0,0.0
28,150,10.883026608698655,10.90645640780575,0.0,0.0,0.0,0.0,1.0,1.0
29,150,4.757715217631299,4.691923407652672,0.0,1.0,1.0,0.0,1.0,1.0
30,150,11.999580630618793,1.6067412771878944,1.0,0.0,0.0,0.0,0.0,1.0
31,150,12.0,7.983233796486727,1.0,0.0,1.0,1.0,0.0,1.0
32,150,7.593179638670296,4.734018661380636,0.0,0.0,1.0,0.0,1.0,1.0
33,150,5.060260767367524,2.286414477081528,0.0,1.0,0.0,0.0,1.0,1.0
34,150,3.995084225135973,1.5418446402596933,0.0,0.0,0.0,0.0,0.0,1.0
35,150,9.48580698484825,2.3897633710193387,1.0,0.0,1.0,0.0,0.0,0.0
36,150,0.162493961623433,7.066242173532052,0.0,1.0,0.0,0.0,0.0,0.0
37,150,3.052193024793096,4.009682541587599,0.0,1.0,0.0,0.0,0.0,1.0
38,150,12.0,0.0,1.0,0.0,1.0,1.0,0.0,0.0
39,150,7.875595392056735,1.105630234348719,0.0,1.0,0.0,0.0,0.0,0.0
0,155,4.126993933370568,6.570348674043022,0.0,0.0,0.0,0.0,1.0,0.0
1,155,8.39467630438461,3.196507793647027,0.0,1.0,1.0,0.0,0.0,0.0
2,155,1.348322127855774,3.6900153370815993,0.0,0.0,0.0,0.0,1.0,0.0
3,155,0.3381295045977501,1.0488930720403766,0.0,0.0,1.0,1.0,1.0,0.0
4,155,3.131800369376853,6.136113451894669,0.0,1.0,1.0,0.0,1.0,1.0
5,155,4.693196460077865,12.0,0.0,0.0,0.0,0.0,0.0,0.0
6,155,6.608032240749013,0.0,1.0,0.0,0.0,1.0,0.0,0.0
7,155,7.206621966984382,4.697456477236973,0.0,1.0,1.0,0.0,1.0,1.0
8,155,0.4521528017193467,0.9642860238785635,1.0,0.0,0.0,0.0,1.0,1.0
9,155,5.943102201569832,2.905321669740709,1.0,0.0,0.0,0.0,0.0,1.0
10,155,11.87537387003264,6.406270263631439,0.0,0.0,0.0,0.0,1.0,1.0
11,155,10.762097404408914,5.071458692884855,0.0,1.0,1.0,0.0,0.0,0.0
12,155,5.121003081282756,5.57538167931505,1.0,1.0,0.0,0.0,0.0,0.0
13,155,2.668377342358828,4.247658626136048,0.0,1.0,1.0,1.0,0.0,1.0
14,155,1.3099924420360454,6.6104853664210665,1.0,0.0,1.0,0.0,1.0,0.0
15,155,1.169526488439675,0.0,1.0,1.0,1.0,1.0,0.0,1.0
16,155,12.0,5.162461398258292,1.0,1.0,0.0,0.0,1.0,1.0
17,155,12.0,2.6954791871367965,0.0,0.0,0.0,0.0,0.0,0.0
18,155,4.011224260334491,6.775060432680114,0.0,1.0,0.0,1.0,0.0,1.0
19,155,12.0,3.454450635032207,1.0,0.0,0.0,0.0,1.0,1.0
20,155,4.115518773162137,0.924077753064952,0.0,1.0,0.0,1.0,0.0,1.0
21,155,4.928893330667054,0.0,1.0,0.0,0.0,1.0,0.0,1.0
22,155,4.626612585841933,1.997799772400006,0.0,0.0,1.0,1.0,0.0,1.0
23,155,8.919461074915324,11.725426165916296,0.0,1.0,1.0,0.0,0.0,0.0
24,155,7.434967709756479,5.358265624454429,1.0,1.0,0.0,0.0,0.0,1.0
25,155,0.693317166788172,8.108163233859708,1.0,0.0,0.0,1.0,1.0,1.0
26,155,1.20531708961267,2.353118128570459,1.0,1.0,0.0,0.0,0.0,0.0
27,155,2.426639531928448,0.5361075087213995,0.0,0.0,1.0,0.0,0.0,0.0
28,155,10.868161550386956,11.029598423719849,0.0,0.0,0.0,0.0,1.0,1.0
29,155,4.781531493883613,4.744190639218866,0.0,1.0,1.0,0.0,1.0,1.0
30,155,11.99928953001372,1.6203214708888654,1.0,0.0,0.0,0.0,0.0,1.0
31,155,12.0,8.073288341791157,1.0,0.0,1.0,1.0,0.0,1.0
32,155,7.593984921230739,4.734430151663166,0.0,0.0,1.0,0.0,1.0,1.0
33,155,5.064095754039683,2.264271234463256,0.0,1.0,0.0,0.0,1.0,1.0
34,155,3.923583467711208,1.4619955314358537,0.0,0.0,0.0,0.0,0.0,1.0
35,155,9.47927411484847,2.394466519827766,1.0,0.0,1.0,0.0,0.0,0.0
36,155,0.2797204543064371,7.085734295725202,0.0,1.0,0.0,0.0,0.0,0.0
37,155,3.113484878254403,4.042287601582352,0.0,1.0,0.0,0.0,0.0,1.0
38,155,12.0,0.0,1.0,0.0,1.0,1.0,0.0,0.0
39,155,8.014468748180326,1.0296380115997157,0.0,1.0,0.0,0.0,0.0,0.0
0,160,4.132224148298579,6.572830400451941,0.0,0.0,0.0,0.0,1.0,0.0
1,160,8.390491344085845,3.1980869378309587,0.0,1.0,1.0,0.0,0.0,0.0
2,160,1.4262957281303186,3.523706784584066,0.0,0.0,0.0,0.0,1.0,0.0
3,160,0.3365353581094777,1.1257443086539567,0.0,0.0,1.0,1.0,1.0,0.0
4,160,3.08048302258436,6.0484149736779065,0.0,1.0,1.0,0.0,1.0,1.0
5,160,4.715785688727923,12.0,0.0,0.0,0.0,0.0,0.0,0.0
6,160,6.549045271514254,0.0,1.0,0.0,0.0,1.0,0.0,0.0
7,160,7.155487414826935,4.70591607564816,0.0,1.0,1.0,0.0,1.0,1.0
8,160,0.450767176829525,0.9649016638455647,1.0,0.0,0.0,0.0,1.0,1.0
9,160,5.977979581317514,2.9194020838761143,1.0,0.0,0.0,0.0,0.0,1.0
10,160,11.941622616393476,6.345531223529304,0.0,0.0,0.0,0.0,1.0,1.0
11,160,10.841038533946652,5.164516358454521,0.0,1.0,1.0,0.0,0.0,0.0
12,160,5.048539866752957,5.639652974379057,1.0,1.0,0.0,0.0,0.0,0.0
13,160,2.610904421762654,4.337008900228791,0.0,1.0,1.0,1.0,0.0,1.0
14,160,1.2394124308658248,6.638418701176015,1.0,0.0,1.0,0.0,1.0,0.0
15,160,1.2212714545984946,0.0,1.0,1.0,1.0,1.0,0.0,1.0
16,160,12.0,5.113735797502594,1.0,1.0,0.0,0.0,1.0,1.0
17,160,12.0,2.8327482762482905,0.0,0.0,0.0,0.0,0.0,0.0
18,160,3.97417167479906,6.884807141868872,0.0,1.0,0.0,1.0,0.0,1.0
19,160,11.994740560650136,3.4952885572541903,1.0,0.0,0.0,0.0,1.0,1.0
20,160,4.139337199456187,0.903963025673127,0.0,1.0,0.0,1.0,0.0,1.0
21,160,4.86313114334842,0.0,1.0,0.0,0.0,1.0,0.0,1.0
22,160,4.521295689472436,2.0223927640376447,0.0,0.0,1.0,1.0,0.0,1.0
23,160,8.948212238708606,11.69345414545664,0.0,1.0,1.0,0.0,0.0,0.0
24,160,7.443759845831237,5.364964673875785,1.0,1.0,0.0,0.0,0.0,1.0
25,160,0.6294777207558343,8.28164991047589,1.0,0.0,0.0,1.0,1.0,1.0
26,160,1.3062491926212645,2.192124519067134,1.0,1.0,0.0,0.0,0.0,0.0
27,160,2.3675965830875,0.5921615108278236,0.0,0.0,1.0,0.0,0.0,0.0
28,160,10.852510897826123,11.152644981238607,0.0,0.0,0.0,0.0,1.0,1.0
29,160,4.799233091112135,4.784402160780531,0.0,1.0,1.0,0.0,1.0,1.0
30,160,11.999281291875125,1.6278040412542698,1.0,0.0,0.0,0.0,0.0,1.0
31,160,12.0,8.168556866397138,1.0,0.0,1.0,1.0,0.0,1.0
32,160,7.60865232491622,4.741086656683278,0.0,0.0,1.0,0.0,1.0,1.0
33,160,5.064843019614525,2.2595352373238207,0.0,1.0,0.0,0.0,1.0,1.0
34,160,3.8428326842933793,1.3758328136929507,0.0,0.0,0.0,0.0,0.0,1.0
35,160,9.469965737985603,2.401307667635151,1.0,0.0,1.0,0.0,0.0,0.0
36,160,0.4117320755338117,7.109444688243659,0.0,1.0,0.0,0.0,0.0,0.0
37,160,3.180385786418907,4.079096663486386,0.0,1.0,0.0,0.0,0.0,1.0
38,160,12.0,0.0,1.0,0.0,1.0,1.0,0.0,0.0
39,160,8.152770091254961,0.9557385315029064,0.0,1.0,0.0,0.0,0.0,0.0
0,165,4.127635845632213,6.570722573067761,0.0,0.0,0.0,0.0,1.0,0.0
1,165,8.39485822477948,3.196295118522856,0.0,1.0,1.0,0.0,0.0,0.0
2,165,1.5182648043146598,3.339794540628229,0.0,0.0,0.0,0.0,1.0,0.0
3,165,0.3342954802833569,1.2209482415972557,0.0,0.0,1.0,1.0,1.0,0.0
4,165,3.0322361166010507,5.970907459928394,0.0,1.0,1.0,0.0,1.0,1.0
5,165,4.728376482169206,12.0,0.0,0.0,0.0,0.0,0.0,0.0
6,165,6.492147175494298,0.0,1.0,0.0,0.0,1.0,0.0,0.0
7,165,7.10057520930582,4.715088636217758,0.0,1.0,1.0,0.0,1.0,1.0
8,165,0.4364929853390223,0.9713567181967172,1.0,0.0,0.0,0.0,1.0,1.0
9,165,6.018965598035413,2.9369271845752403,1.0,0.0,0.0,0.0,0.0,1.0
10,165,11.998368616505278,6.295055521920051,0.0,0.0,0.0,0.0,1.0,1.0
11,165,10.928026358337195,5.267324930616767,0.0,1.0,1.0,0.0,0.0,0.0
12,165,4.978803634102006,5.699951535597352,1.0,1.0,0.0,0.0,0.0,0.0
13,165,2.573032552507354,4.394478306901214,0.0,1.0,1.0,1.0,0.0,1.0
14,165,1.2036635625231242,6.652229989692988,1.0,0.0,1.0,0.0,1.0,0.0
15,165,1.2713658485471244,0.0,1.0,1.0,1.0,1.0,0.0,1.0
16,165,12.0,5.056805994846586,1.0,1.0,0.0,0.0,1.0,1.0
17,165,12.0,2.9841699153065004,0.0,0.0,0.0,0.0,0.0,0.0
18,165,3.937648074822099,6.994358395037752,0.0,1.0,0.0,1.0,0.0,1.0
19,165,11.989401187051662,3.538337111078396,1.0,0.0,0.0,0.0,1.0,1.0
20,165,4.161875623917431,0.88420336261934,0.0,1.0,0.0,1.0,0.0,1.0
21,165,4.802668329326512,0.0,1.0,0.0,0.0,1.0,0.0,1.0
22,165,4.419151268496491,2.050293563119744,0.0,0.0,1.0,1.0,0.0,1.0
23,165,8.985046105805123,11.653499056319273,0.0,1.0,1.0,0.0,0.0,0.0
24,165,7.446909753408974,5.367322503279738,1.0,1.0,0.0,0.0,0.0,1.0
25,165,0.56809937531768,8.442106168678254,1.0,0.0,0.0,1.0,1.0,1.0
26,165,1.411879157516208,2.0208144234234457,1.0,1.0,0.0,0.0,0.0,0.0
27,165,2.321342873349431,0.6341444490788343,0.0,0.0,1.0,0.0,0.0,0.0
28,165,10.834255290098584,11.282774829017038,0.0,0.0,0.0,0.0,1.0,1.0
29,165,4.813060213297859,4.812904067938554,0.0,1.0,1.0,0.0,1.0,1.0
30,165,11.99926807297732,1.6284421515769505,1.0,0.0,0.0,0.0,0.0,1.0
31,165,12.0,8.281101272179136,1.0,0.0,1.0,1.0,0.0,1.0
32,165,7.596000058607347,4.73500750293218,0.0,0.0,1.0,0.0,1.0,1.0
33,165,5.063664274532901,2.2684103296051896,0.0,1.0,0.0,0.0,1.0,1.0
34,165,3.762594548738385,1.2904634584547487,0.0,0.0,0.0,0.0,0.0,1.0
35,165,9.445412209042896,2.420011377634028,1.0,0.0,1.0,0.0,0.0,0.0
36,165,0.5247985884603916,7.132311286798346,0.0,1.0,0.0,0.0,0.0,0.0
37,165,3.243951742011125,4.114788102537711,0.0,1.0,0.0,0.0,0.0,1.0
38,165,12.0,0.0,1.0,0.0,1.0,1.0,0.0,0.0
39,165,8.303021726892252,0.8748891691230897,0.0,1.0,0.0,0.0,0.0,0.0
0,170,4.118652912090349,6.566438533301778,0.0,0.0,0.0,0.0,1.0,0.0
1,170,8.395611766521773,3.19598797819475,0.0,1.0,1.0,0.0,0.0,0.0
2,170,1.6025318572196128,3.170312439076464,0.0,0.0,0.0,0.0,1.0,0.0
3,170,0.3330501699314937,1.3043503239701777,0.0,0.0,1.0,1.0,1.0,0.0
4,170,2.970143015324215,5.869253860010686,0.0,1.0,1.0,0.0,1.0,1.0
5,170,4.729811335028044,12.0,0.0,0.0,0.0,0.0,0.0,0.0
6,170,6.449725904585509,0.0,1.0,0.0,0.0,1.0,0.0,0.0
7,170,7.055049755443044,4.722253222851579,0.0,1.0,1.0,0.0,1.0,1.0
8,170,0.4320744868102849,0.9735099353650788,1.0,0.0,0.0,0.0,1.0,1.0
9,170,6.069385050081947,2.9596859364964945,1.0,0.0,0.0,0.0,0.0,1.0
10,170,12.0,6.2632547196863015,0.0,0.0,0.0,0.0,1.0,1.0
11,170,11.020189299966225,5.37565056716663,0.0,1.0,1.0,0.0,0.0,0.0
12,170,4.903284296349901,5.76523625290492,1.0,1.0,0.0,0.0,0.0,0.0
13,170,2.5335737712332587,4.454157501726697,0.0,1.0,1.0,1.0,0.0,1.0
14,170,1.1770270724852392,6.6613191418745,1.0,0.0,1.0,0.0,1.0,0.0
15,170,1.3203019762920978,0.0,1.0,1.0,1.0,1.0,0.0,1.0
16,170,12.0,5.003716149409554,1.0,1.0,0.0,0.0,1.0,1.0
17,170,12.0,3.1465766063157035,0.0,0.0,0.0,0.0,0.0,0.0
18,170,3.905048342612013,7.100275696854308,0.0,1.0,0.0,1.0,0.0,1.0
19,170,11.98722968307012,3.5600435725824324,1.0,0.0,0.0,0.0,1.0,1.0
20,170,4.1749941826087325,0.87224501382797,0.0,1.0,0.0,1.0,0.0,1.0
21,170,4.744630022741435,0.0,1.0,0.0,0.0,1.0,0.0,1.0
22,170,4.2990039440512025,2.084664233982501,0.0,0.0,1.0,1.0,0.0,1.0
23,170,9.031855653661824,11.600732970797392,0.0,1.0,1.0,0.0,0.0,0.0
24,170,7.4572443449462655,5.3756195546420935,1.0,1.0,0.0,0.0,0.0,1.0
25,170,0.4982944045678837,8.623923012617457,1.0,0.0,0.0,1.0,1.0,1.0
26,170,1.5159127869382565,1.8510456269130364,1.0,1.0,0.0,0.0,0.0,0.0
27,170,2.29325081319073,0.6603337301999997,0.0,0.0,1.0,0.0,0.0,0.0
28,170,10.815592105109626,11.42979506341507,0.0,0.0,0.0,0.0,1.0,1.0
29,170,4.827312107364975,4.843472556251957,0.0,1.0,1.0,0.0,1.0,1.0
30,170,11.999117750504883,1.6434674980970836,1.0,0.0,0.0,0.0,0.0,1.0
31,170,12.0,8.373067167766639,1.0,0.0,1.0,1.0,0.0,1.0
32,170,7.573313204444253,4.72348834835339,0.0,0.0,1.0,0.0,1.0,1.0
33,170,5.064638056560516,2.260382085195708,0.0,1.0,0.0,0.0,1.0,1.0
34,170,3.698107268478941,1.2237047759577857,0.0,0.0,0.0,0.0,0.0,1.0
35,170,9.408232460297103,2.449544880032393,1.0,0.0,1.0,0.0,0.0,0.0
36,170,0.6276390727955983,7.152943785246671,0.0,1.0,0.0,0.0,0.0,0.0
37,170,3.2865896326020496,4.13740209437756,0.0,1.0,0.0,0.0,0.0,1.0
38,170,12.0,0.0,1.0,0.0,1.0,1.0,0.0,0.0
39,170,8.45777912147263,0.7814173217042264,0.0,1.0,0.0,0.0,0.0,0.0
0,175,4.1149854194657705,6.564735842358137,0.0,0.0,0.0,0.0,1.0,0.0
1,175,8.40512245537335,3.191916409931216,0.0,1.0,1.0,0.0,0.0,0.0
2,175,1.6921350098662518,2.991596835123698,0.0,0.0,0.0,0.0,1.0,0.0
3,175,0.3312958928540122,1.385612890305982,0.0,0.0,1.0,1.0,1.0,0.0
4,175,2.906378418582288,5.7673761862592485,0.0,1.0,1.0,0.0,1.0,1.0
5,175,4.724578103286741,11.99450091721016,0.0,0.0,0.0,0.0,0.0,0.0
6,175,6.410980464983061,0.0,1.0,0.0,0.0,1.0,0.0,0.0
7,175,6.999468004625468,4.729162644978124,0.0,1.0,1.0,0.0,1.0,1.0
8,175,0.4270238152000548,0.976052653050824,1.0,0.0,0.0,0.0,1.0,1.0
9,175,6.121449536926821,2.984075159801421,1.0,0.0,0.0,0.0,0.0,1.0
10,175,12.0,6.241530274449223,0.0,0.0,0.0,0.0,1.0,1.0
11,175,11.10951574939241,5.483625235815099,0.0,1.0,1.0,0.0,0.0,0.0
12,175,4.819308239513885,5.835090142044844,1.0,1.0,0.0,0.0,0.0,0.0
13,175,2.4798546060851634,4.533204326595897,0.0,1.0,1.0,1.0,0.0,1.0
14,175,1.1389267626229165,6.674054934734787,1.0,0.0,1.0,0.0,1.0,0.0
15,175,1.364992313358205,0.0,1.0,1.0,1.0,1.0,0.0,1.0
16,175,12.0,4.9565020426586965,1.0,1.0,0.0,0.0,1.0,1.0
17,175,12.0,3.2856898776725108,0.0,0.0,0.0,0.0,0.0,0.0
18,175,3.8795095402849,7.199078303962073,0.0,1.0,0.0,1.0,0.0,1.0
19,175,11.981900976097489,3.615277632741456,1.0,0.0,0.0,0.0,1.0,1.0
20,175,4.18742771410286,0.8603653519361147,0.0,1.0,0.0,1.0,0.0,1.0
21,175,4.683698131074971,0.0,1.0,0.0,0.0,1.0,0.0,1.0
22,175,4.167353255985174,2.122267815352586,0.0,0.0,1.0,1.0,0.0,1.0
23,175,9.076466341554614,11.552044502024732,0.0,1.0,1.0,0.0,0.0,0.0
24,175,7.492009028367669,5.402214419062621,1.0,1.0,0.0,0.0,0.0,1.0
25,175,0.4373048399971554,8.785796070108967,1.0,0.0,0.0,1.0,1.0,1.0
26,175,1.6220407057091897,1.6811003442138728,1.0,1.0,0.0,0.0,0.0,0.0
27,175,2.2483824219377144,0.701553694584131,0.0,0.0,1.0,0.0,0.0,0.0
28,175,10.79649743404912,11.57632481895519,0.0,0.0,0.0,0.0,1.0,1.0
29,175,4.841877705967558,4.875764501623887,0.0,1.0,1.0,0.0,1.0,1.0
30,175,11.999078469209367,1.644523122713876,1.0,0.0,0.0,0.0,0.0,1.0
31,175,12.0,8.470704842733902,1.0,0.0,1.0,1.0,0.0,1.0
32,175,7.564259773030226,4.718945343857721,0.0,0.0,1.0,0.0,1.0,1.0
33,175,5.063936199464689,2.265838347291033,0.0,1.0,0.0,0.0,1.0,1.0
34,175,3.633814463280173,1.1572667693874843,0.0,0.0,0.0,0.0,0.0,1.0
35,175,9.384075162566647,2.469157213355029,1.0,0.0,1.0,0.0,0.0,0.0
36,175,0.7147956985717777,7.170138443778646,0.0,1.0,0.0,0.0,0.0,0.0
37,175,3.35389525410325,4.172310250752712,0.0,1.0,0.0,0.0,0.0,1.0
38,175,12.0,0.0,1.0,0.0,1.0,1.0,0.0,0.0
39,175,8.61974530343072,0.6853389004092021,0.0,1.0,0.0,0.0,0.0,0.0
0,180,4.106067835934099,6.5606998656216335,0.0,0.0,0.0,0.0,1.0,0.0
1,180,8.442895324904804,3.175475474674903,0.0,1.0,1.0,0.0,0.0,0.0
2,180,1.7794164433103383,2.818125099834069,0.0,0.0,0.0,0.0,1.0,0.0
3,180,0.3288717388941921,1.4561631204598875,0.0,0.0,1.0,1.0,1.0,0.0
4,180,2.853322618569748,5.676191336205191,0.0,1.0,1.0,0.0,1.0,1.0
5,180,4.710557536664631,11.979839051700424,0.0,0.0,0.0,0.0,0.0,0.0
6,180,6.385481276115326,0.0,1.0,0.0,0.0,1.0,0.0,0.0
7,180,6.952979345737385,4.734422967442506,0.0,1.0,1.0,0.0,1.0,1.0
8,180,0.4150730066513974,0.9818027237414844,1.0,0.0,0.0,0.0,1.0,1.0
9,180,6.168902238945222,3.0043050959580966,1.0,0.0,0.0,0.0,0.0,1.0
10,180,12.0,6.2186000468828135,0.0,0.0,0.0,0.0,1.0,1.0
11,180,11.197310467937506,5.585740754826298,0.0,1.0,1.0,0.0,0.0,0.0
12,180,4.729738478567437,5.908541161183003,1.0,1.0,0.0,0.0,0.0,0.0
13,180,2.430247619016962,4.607521624625753,0.0,1.0,1.0,1.0,0.0,1.0
14,180,1.108748113706621,6.684646698204901,1.0,0.0,1.0,0.0,1.0,0.0
15,180,1.4041847754423007,0.0,1.0,1.0,1.0,1.0,0.0,1.0
16,180,12.0,4.9102162089941,1.0,1.0,0.0,0.0,1.0,1.0
17,180,12.0,3.409315116291657,0.0,0.0,0.0,0.0,0.0,0.0
18,180,3.854330699573533,7.30026267317589,0.0,1.0,0.0,1.0,0.0,1.0
19,180,11.970461827601094,3.707759694522548,1.0,0.0,0.0,0.0,1.0,1.0
20,180,4.190105877257543,0.8577055327320761,0.0,1.0,0.0,1.0,0.0,1.0
21,180,4.632386921889047,0.0,1.0,0.0,0.0,1.0,0.0,1.0
22,180,4.050912683215283,2.15416848802035,0.0,0.0,1.0,1.0,0.0,1.0
23,180,9.116414449112446,11.506669782629936,0.0,1.0,1.0,0.0,0.0,0.0
24,180,7.523341619484819,5.425494707075631,1.0,1.0,0.0,0.0,0.0,1.0
25,180,0.3755331555479084,8.951404082318424,1.0,0.0,0.0,1.0,1.0,1.0
26,180,1.7279948078029712,1.5098942874804993,1.0,1.0,0.0,0.0,0.0,0.0
27,180,2.217277350860664,0.730382290214156,0.0,0.0,1.0,0.0,0.0,0.0
28,180,10.7789488629208,11.709306840985304,0.0,0.0,0.0,0.0,1.0,1.0
29,180,4.857476640372245,4.907568313097638,0.0,1.0,1.0,0.0,1.0,1.0
30,180,11.99948970423343,1.6342112991994209,1.0,0.0,0.0,0.0,0.0,1.0
31,180,12.0,8.558504208307188,1.0,0.0,1.0,1.0,0.0,1.0
32,180,7.560939748969091,4.717358878862094,0.0,0.0,1.0,0.0,1.0,1.0
33,180,5.062366545040053,2.2802630654076013,0.0,1.0,0.0,0.0,1.0,1.0
34,180,3.5745198698073213,1.091017130402101,0.0,0.0,0.0,0.0,0.0,1.0
35,180,9.346168752176393,2.4998191755744736,1.0,0.0,1.0,0.0,0.0,0.0
36,180,0.8051821227796947,7.190578341344951,0.0,1.0,0.0,0.0,0.0,0.0
37,180,3.410309919751197,4.201767296658253,0.0,1.0,0.0,0.0,0.0,1.0
38,180,12.0,0.0,1.0,0.0,1.0,1.0,0.0,0.0
39,180,8.795485750091078,0.5818429174212804,0.0,1.0,0.0,0.0,0.0,0.0
0,185,4.120568373028177,6.567059559894059,0.0,0.0,0.0,0.0,1.0,0.0
1,185,8.490772500841267,3.153830961802273,0.0,1.0,1.0,0.0,0.0,0.0
2,185,1.873119691002632,2.627878333447935,0.0,0.0,0.0,0.0,1.0,0.0
3,185,0.3258142088014493,1.5300181066348046,0.0,0.0,1.0,1.0,1.0,0.0
4,185,2.7580599958737952,5.736844257085444,0.0,1.0,1.0,0.0,1.0,1.0
5,185,4.691830635506081,11.960043007238554,0.0,0.0,0.0,0.0,0.0,0.0
6,185,6.363251739163909,0.0,1.0,0.0,0.0,1.0,0.0,0.0
7,185,6.908298698760093,4.739241545731491,0.0,1.0,1.0,0.0,1.0,1.0
8,185,0.4094444310282519,0.9844686346962508,1.0,0.0,0.0,0.0,1.0,1.0
9,185,6.215555391856115,3.0243560450257525,1.0,0.0,0.0,0.0,0.0,1.0
10,185,12.0,6.210187395204227,0.0,0.0,0.0,0.0,1.0,1.0
11,185,11.274900723733428,5.673513298286069,0.0,1.0,1.0,0.0,0.0,0.0
12,185,4.653458188075553,5.972336826788514,1.0,1.0,0.0,0.0,0.0,0.0
13,185,2.384555304888249,4.672806136407085,0.0,1.0,1.0,1.0,0.0,1.0
14,185,1.0592958736740707,6.703795301816841,1.0,0.0,1.0,0.0,1.0,0.0
15,185,1.4451340049173682,0.0,1.0,1.0,1.0,1.0,0.0,1.0
16,185,12.0,4.866952628307743,1.0,1.0,0.0,0.0,1.0,1.0
17,185,12.0,3.526778228383177,0.0,0.0,0.0,0.0,0.0,0.0
18,185,3.826618459115951,7.410254495867263,0.0,1.0,0.0,1.0,0.0,1.0
19,185,11.961692074411834,3.792709010760054,1.0,0.0,0.0,0.0,1.0,1.0
20,185,4.17526312261633,0.8733742993656984,0.0,1.0,0.0,1.0,0.0,1.0
21,185,4.581370956151072,0.0,1.0,0.0,0.0,1.0,0.0,1.0
22,185,3.9577642131989874,2.178003593732163,0.0,0.0,1.0,1.0,0.0,1.0
23,185,9.151915138151406,11.466525018422807,0.0,1.0,1.0,0.0,0.0,0.0
24,185,7.563156462118376,5.453391564732436,1.0,1.0,0.0,0.0,0.0,1.0
25,185,0.3061558056870982,9.119764152281247,1.0,0.0,0.0,1.0,1.0,1.0
26,185,1.8422610157664825,1.330188546856572,1.0,1.0,0.0,0.0,0.0,0.0
27,185,2.2019398760251456,0.7440530511070591,0.0,0.0,1.0,0.0,0.0,0.0
28,185,10.764845276948968,11.84193880866674,0.0,0.0,0.0,0.0,1.0,1.0
29,185,4.86648379796786,4.928237220149267,0.0,1.0,1.0,0.0,1.0,1.0
30,185,11.999734867145367,1.629905613665285,1.0,0.0,0.0,0.0,0.0,1.0
31,185,12.0,8.662025989953191,1.0,0.0,1.0,1.0,0.0,1.0
32,185,7.554555618037559,4.714237038573405,0.0,0.0,1.0,0.0,1.0,1.0
33,185,5.063295222847138,2.273535970269517,0.0,1.0,0.0,0.0,1.0,1.0
34,185,3.526855807018653,1.0351903619069935,0.0,0.0,0.0,0.0,0.0,1.0
35,185,9.306074181796632,2.5334818352621964,1.0,0.0,1.0,0.0,0.0,0.0
36,185,0.905752848597746,7.212547997553349,0.0,1.0,0.0,0.0,0.0,0.0
37,185,3.4707046370800128,4.233772204887085,0.0,1.0,0.0,0.0,0.0,1.0
38,185,12.0,0.0,1.0,0.0,1.0,1.0,0.0,0.0
39,185,8.97125735984274,0.4823305342685401,0.0,1.0,0.0,0.0,0.0,0.0
0,190,4.135985697171464,6.574010347983449,0.0,0.0,0.0,0.0,1.0,0.0
1,190,8.528245307936283,3.136942045455769,0.0,1.0,1.0,0.0,0.0,0.0
2,190,1.9712330194775431,2.4276342977506298,0.0,0.0,0.0,0.0,1.0,0.0
3,190,0.3241753722088917,1.5917071544127022,0.0,0.0,1.0,1.0,1.0,0.0
4,190,2.662213672592252,5.800213689480319,0.0,1.0,1.0,0.0,1.0,1.0
5,190,4.6854577883970006,11.953019024209906,0.0,0.0,0.0,0.0,0.0,0.0
6,190,6.351158838290006,0.0,1.0,0.0,0.0,1.0,0.0,0.0
7,190,6.8638164367132095,4.745141220402825,0.0,1.0,1.0,0.0,1.0,1.0
8,190,0.4044556797542176,0.986762670129704,1.0,0.0,0.0,0.0,1.0,1.0
9,190,6.2463302333137625,3.037282424743445,1.0,0.0,0.0,0.0,0.0,1.0
10,190,12.0,6.21014957266796,0.0,0.0,0.0,0.0,1.0,1.0
11,190,11.35732295111806,5.770148884501248,0.0,1.0,1.0,0.0,0.0,0.0
12,190,4.5751933583716005,6.032975022502682,1.0,1.0,0.0,0.0,0.0,0.0
13,190,2.3417200778219565,4.733649886184943,0.0,1.0,1.0,1.0,0.0,1.0
14,190,1.0209904052996173,6.718652388359786,1.0,0.0,1.0,0.0,1.0,0.0
15,190,1.4856454304832545,0.0,1.0,1.0,1.0,1.0,0.0,1.0
16,190,12.0,4.8183095925013895,1.0,1.0,0.0,0.0,1.0,1.0
17,190,12.0,3.634893698822694,0.0,0.0,0.0,0.0,0.0,0.0
18,190,3.7991316622641342,7.518148929610556,0.0,1.0,0.0,1.0,0.0,1.0
19,190,11.951413410393435,3.89961066004882,1.0,0.0,0.0,0.0,1.0,1.0
20,190,4.159199403803559,0.8912610280802885,0.0,1.0,0.0,1.0,0.0,1.0
21,190,4.544235891881149,0.0,1.0,0.0,0.0,1.0,0.0,1.0
22,190,3.849538539702631,2.2051126182127976,0.0,0.0,1.0,1.0,0.0,1.0
23,190,9.19546457136929,11.417748056763536,0.0,1.0,1.0,0.0,0.0,0.0
24,190,7.60018440871162,5.479946100884585,1.0,1.0,0.0,0.0,0.0,1.0
25,190,0.2443868184048474,9.269450549231292,1.0,0.0,0.0,1.0,1.0,1.0
26,190,1.9573177880705028,1.1582268990976794,1.0,1.0,0.0,0.0,0.0,0.0
27,190,2.1948605302718565,0.7502168199912289,0.0,0.0,1.0,0.0,0.0,0.0
28,190,10.754357858427433,11.969883949021412,0.0,0.0,0.0,0.0,1.0,1.0
29,190,4.881182586099983,4.963367946252116,0.0,1.0,1.0,0.0,1.0,1.0
30,190,12.0,1.6255020096794324,1.0,0.0,0.0,0.0,0.0,1.0
31,190,12.0,8.748275516218586,1.0,0.0,1.0,1.0,0.0,1.0
32,190,7.545708994849979,4.710101634547823,0.0,0.0,1.0,0.0,1.0,1.0
33,190,5.0620643698169365,2.287115765023564,0.0,1.0,0.0,0.0,1.0,1.0
34,190,3.472421660644782,0.9693123566204288,0.0,0.0,0.0,0.0,0.0,1.0
35,190,9.284287842959534,2.550528194916661,1.0,0.0,1.0,0.0,0.0,0.0
36,190,1.009822742721941,7.235709327607565,0.0,1.0,0.0,0.0,0.0,0.0
37,190,3.5428608304478706,4.271773246047853,0.0,1.0,0.0,0.0,0.0,1.0
38,190,12.0,0.0,1.0,0.0,1.0,1.0,0.0,0.0
39,190,9.163256102344944,0.3796741675634516,0.0,1.0,0.0,0.0,0.0,0.0
0,195,4.150755333347318,6.580743943918883,0.0,0.0,0.0,0.0,1.0,0.0
1,195,8.58834107442879,3.1076224720858763,0.0,1.0,1.0,0.0,0.0,0.0
2,195,2.075192465449432,2.2279102165527043,0.0,0.0,0.0,0.0,1.0,0.0
3,195,0.3224671951184053,1.6774056129991162,0.0,0.0,1.0,1.0,1.0,0.0
4,195,2.5518536387610182,5.870948799392768,0.0,1.0,1.0,0.0,1.0,1.0
5,195,4.671997383770829,11.937569458429572,0.0,0.0,0.0,0.0,0.0,0.0
6,195,6.338812132459765,0.0,1.0,0.0,0.0,1.0,0.0,0.0
7,195,6.824893297206627,4.749455916238553,0.0,1.0,1.0,0.0,1.0,1.0
8,195,0.3850855063595177,0.9952951861314946,1.0,0.0,0.0,0.0,1.0,1.0
9,195,6.269125419526146,3.0481391642270554,1.0,0.0,0.0,0.0,0.0,1.0
10,195,11.994073818584534,6.215190357038753,0.0,0.0,0.0,0.0,1.0,1.0
11,195,11.422033231119435,5.847023048978456,0.0,1.0,1.0,0.0,0.0,0.0
12,195,4.519125293590071,5.959320707988801,1.0,1.0,0.0,0.0,0.0,0.0
13,195,2.292389918191054,4.804250966937928,0.0,1.0,1.0,1.0,0.0,1.0
14,195,0.9678035235675956,6.738742702783329,1.0,0.0,1.0,0.0,1.0,0.0
15,195,1.5232738214422592,0.0,1.0,1.0,1.0,1.0,0.0,1.0
16,195,12.0,4.784076417476973,1.0,1.0,0.0,0.0,1.0,1.0
17,195,12.0,3.76102418542236,0.0,0.0,0.0,0.0,0.0,0.0
18,195,3.777353789503155,7.607417128295571,0.0,1.0,0.0,1.0,0.0,1.0
19,195,11.942848919703897,3.995563594373058,1.0,0.0,0.0,0.0,1.0,1.0
20,195,4.136929519954785,0.9153459706276038,0.0,1.0,0.0,1.0,0.0,1.0
21,195,4.519782379922231,0.0,1.0,0.0,0.0,1.0,0.0,1.0
22,195,3.727674744992178,2.231062020950025,0.0,0.0,1.0,1.0,0.0,1.0
23,195,9.245619640839855,11.35813472741054,0.0,1.0,1.0,0.0,0.0,0.0
24,195,7.644948158161004,5.510144406593009,1.0,1.0,0.0,0.0,0.0,1.0
25,195,0.1847894441128843,9.416865943762916,1.0,0.0,0.0,1.0,1.0,1.0
26,195,2.074722017314328,0.9814049386305896,1.0,1.0,0.0,0.0,0.0,0.0
27,195,2.188499744293501,0.7553429867191884,0.0,0.0,1.0,0.0,0.0,0.0
28,195,10.743518123528668,12.0,0.0,0.0,0.0,0.0,1.0,1.0
29,195,4.88969881386832,4.983845845500365,0.0,1.0,1.0,0.0,1.0,1.0
30,195,12.0,1.6122455251459586,1.0,0.0,0.0,0.0,0.0,1.0
31,195,12.0,8.834453461528478,1.0,0.0,1.0,1.0,0.0,1.0
32,195,7.544965540002871,4.70974951476214,0.0,0.0,1.0,0.0,1.0,1.0
33,195,5.059032676026442,2.3220401118564986,0.0,1.0,0.0,0.0,1.0,1.0
34,195,3.425120483712871,0.913683472283075,0.0,0.0,0.0,0.0,0.0,1.0
35,195,9.264182351969591,2.5670619601987577,1.0,0.0,1.0,0.0,0.0,0.0
36,195,1.1249781597131832,7.264311440383939,0.0,1.0,0.0,0.0,0.0,0.0
37,195,3.631776906093369,4.320083548458514,0.0,1.0,0.0,0.0,0.0,1.0
38,195,12.0,0.0,1.0,0.0,1.0,1.0,0.0,0.0
39,195,9.373691386510078,0.2693996327578434,0.0,1.0,0.0,0.0,0.0,0.0
0,200,4.180473546263296,6.594655988985594,0.0,0.0,0.0,0.0,1.0,0.0
1,200,8.630694336644776,3.086421734834427,0.0,1.0,1.0,0.0,0.0,0.0
2,200,2.2850743537957565,2.341852276235902,0.0,0.0,0.0,0.0,1.0,0.0
3,200,0.3189505031727301,1.754333614736988,0.0,0.0,1.0,1.0,1.0,0.0
4,200,2.435690829525305,5.950461760645598,0.0,1.0,1.0,0.0,1.0,1.0
5,200,4.638506452742892,11.899795071048144,0.0,0.0,0.0,0.0,0.0,0.0
6,200,6.330459442980449,0.0,1.0,0.0,0.0,1.0,0.0,0.0
7,200,6.793392373937524,4.752554594781923,0.0,1.0,1.0,0.0,1.0,1.0
8,200,0.3468890342070892,1.0128832789189497,1.0,0.0,0.0,0.0,1.0,1.0
9,200,6.304538360871792,3.0649537595811625,1.0,0.0,0.0,0.0,0.0,1.0
10,200,11.999150221418809,6.210833631568256,0.0,0.0,0.0,0.0,1.0,1.0
11,200,11.476330536560406,5.912047391718104,0.0,1.0,1.0,0.0,0.0,0.0
12,200,4.462854505249844,5.878810251412386,1.0,1.0,0.0,0.0,0.0,0.0
13,200,2.2517061646755057,4.863846096473314,0.0,1.0,1.0,1.0,0.0,1.0
14,200,0.9183660571544826,6.7576138333898745,1.0,0.0,1.0,0.0,1.0,0.0
15,200,1.4577785060695043,0.0,1.0,1.0,1.0,1.0,0.0,1.0
16,200,12.0,4.756462470702798,1.0,1.0,0.0,0.0,1.0,1.0
17,200,12.0,3.906833393562586,0.0,0.0,0.0,0.0,0.0,0.0
18,200,3.75775981586704,7.689932487522439,0.0,1.0,0.0,1.0,0.0,1.0
19,200,11.934432790595649,4.070925409171372,1.0,0.0,0.0,0.0,1.0,1.0
20,200,4.1022272312656245,0.9557020946399448,0.0,1.0,0.0,1.0,0.0,1.0
21,200,4.499352993952998,0.0,1.0,0.0,0.0,1.0,0.0,1.0
22,200,3.61129331218362,2.252768018507074,0.0,0.0,1.0,1.0,0.0,1.0
23,200,9.305983839956944,11.289061673600738,0.0,1.0,1.0,0.0,0.0,0.0
24,200,7.6862010831295215,5.53884272602561,1.0,1.0,0.0,0.0,0.0,1.0
25,200,0.1222803255940639,9.572586989315614,1.0,0.0,0.0,1.0,1.0,1.0
26,200,2.1901789423287696,0.8000000330033719,1.0,1.0,0.0,0.0,0.0,0.0
27,200,2.1701253543485044,0.7697551655786739,0.0,0.0,1.0,0.0,0.0,0.0
28,200,10.732506190081995,12.0,0.0,0.0,0.0,0.0,1.0,1.0
29,200,4.891452177598506,4.987912811213591,0.0,1.0,1.0,0.0,1.0,1.0
30,200,12.0,1.5790180093148558,1.0,0.0,0.0,0.0,0.0,1.0
31,200,12.0,8.933400727644027,1.0,0.0,1.0,1.0,0.0,1.0
32,200,7.5600475791691,4.716988758168864,0.0,0.0,1.0,0.0,1.0,1.0
33,200,5.0577086021278665,2.3431136511064827,0.0,1.0,0.0,0.0,1.0,1.0
34,200,3.357779785196364,0.8382021372678982,0.0,0.0,0.0,0.0,0.0,1.0
35,200,9.271062418944831,2.561276844977967,1.0,0.0,1.0,0.0,0.0,0.0
36,200,1.21652284615113,7.283846545929914,0.0,1.0,0.0,0.0,0.0,0.0
37,200,3.70208956407829,4.358258971829254,0.0,1.0,0.0,0.0,0.0,1.0
38,200,12.0,0.0,1.0,0.0,1.0,1.0,0.0,0.0
39,200,9.587824255529531,0.1567106663431897,0.0,1.0,0.0,0.0,0.0,0.0
0,205,4.20667728984759,6.606591895940499,0.0,0.0,0.0,0.0,1.0,0.0
1,205,8.654549412970157,3.073934738179563,0.0,1.0,1.0,0.0,0.0,0.0
2,205,2.49798782073266,2.462609660105263,0.0,0.0,0.0,0.0,1.0,0.0
3,205,0.312909372690225,1.844941527348796,0.0,0.0,1.0,1.0,1.0,0.0
4,205,2.3195372919041124,6.031746413504231,0.0,1.0,1.0,0.0,1.0,1.0
5,205,4.604061447265191,11.860615738673529,0.0,0.0,0.0,0.0,0.0,0.0
6,205,6.336271546600293,0.0083713118603405,1.0,0.0,0.0,1.0,0.0,0.0
7,205,6.772037719975188,4.7545570028374655,0.0,1.0,1.0,0.0,1.0,1.0
8,205,0.3157163747095041,1.0266696052173692,1.0,0.0,0.0,0.0,1.0,1.0
9,205,6.365551994884074,3.093448542490493,1.0,0.0,0.0,0.0,0.0,1.0
10,205,12.0,6.198082737198788,0.0,0.0,0.0,0.0,1.0,1.0
11,205,11.528177540399092,5.978733552953819,0.0,1.0,1.0,0.0,0.0,0.0
12,205,4.417295692903605,5.812209074134083,1.0,1.0,0.0,0.0,0.0,0.0
13,205,2.20373459820148,4.935020887594299,0.0,1.0,1.0,1.0,0.0,1.0
14,205,0.873296254986674,6.7762709156808265,1.0,0.0,1.0,0.0,1.0,0.0
15,205,1.3848738688579774,0.0,1.0,1.0,1.0,1.0,0.0,1.0
16,205,12.0,4.731132069684227,1.0,1.0,0.0,0.0,1.0,1.0
17,205,12.0,4.073627155246544,0.0,0.0,0.0,0.0,0.0,0.0
18,205,3.73898828925936,7.766821630562487,0.0,1.0,0.0,1.0,0.0,1.0
19,205,11.927488595139812,4.136056766675494,1.0,0.0,0.0,0.0,1.0,1.0
20,205,4.0613762685151125,1.004633016338943,0.0,1.0,0.0,1.0,0.0,1.0
21,205,4.471134248254114,0.0,1.0,0.0,0.0,1.0,0.0,1.0
22,205,3.492275927555597,2.275266829852596,0.0,0.0,1.0,1.0,0.0,1.0
23,205,9.36569396438608,11.218508285851811,0.0,1.0,1.0,0.0,0.0,0.0
24,205,7.725394446848284,5.567514332912008,1.0,1.0,0.0,0.0,0.0,1.0
25,205,0.0534695864562013,9.737281980891757,1.0,0.0,0.0,1.0,1.0,1.0
26,205,2.3096952946791944,0.6210531150585665,1.0,1.0,0.0,0.0,0.0,0.0
27,205,2.137990545791189,0.7969685151395269,0.0,0.0,1.0,0.0,0.0,0.0
28,205,10.716892708664355,12.0,0.0,0.0,0.0,0.0,1.0,1.0
29,205,4.877853181782014,4.955189709827137,0.0,1.0,1.0,0.0,1.0,1.0
30,205,12.0,1.554137843273305,1.0,0.0,0.0,0.0,0.0,1.0
31,205,12.0,9.039159182653906,1.0,0.0,1.0,1.0,0.0,1.0
32,205,7.573028699964746,4.722544108913699,0.0,0.0,1.0,0.0,1.0,1.0
33,205,5.055521759017419,2.375267161058252,0.0,1.0,0.0,0.0,1.0,1.0
34,205,3.280664203321199,0.75570548950805,0.0,0.0,0.0,0.0,0.0,1.0
35,205,9.283617454186334,2.550592632201744,1.0,0.0,1.0,0.0,0.0,0.0
36,205,1.3203971148812803,7.306330997857023,0.0,1.0,0.0,0.0,0.0,0.0
37,205,3.773256562412064,4.398888478726492,0.0,1.0,0.0,0.0,0.0,1.0
38,205,12.0,0.0,1.0,0.0,1.0,1.0,0.0,0.0
39,205,9.787188940942086,0.0549838531572847,0.0,1.0,0.0,0.0,0.0,0.0
0,210,4.242233440978531,6.622361493000184,0.0,0.0,0.0,0.0,1.0,0.0
1,210,8.681657415747612,3.0586014432090844,0.0,1.0,1.0,0.0,0.0,0.0
2,210,2.7104504657097523,2.590160530430252,0.0,0.0,0.0,0.0,1.0,0.0
3,210,0.3061908143846119,1.9408012027512545,0.0,0.0,1.0,1.0,1.0,0.0
4,210,2.210315515017561,6.102726701766938,0.0,1.0,1.0,0.0,1.0,1.0
5,210,4.577246498779706,11.829078733209112,0.0,0.0,0.0,0.0,0.0,0.0
6,210,6.353650961948163,0.0341696423828497,1.0,0.0,0.0,1.0,0.0,0.0
7,210,6.771086491670193,4.754620897322546,0.0,1.0,1.0,0.0,1.0,1.0
8,210,0.2845111245962094,1.0416017602287917,1.0,0.0,0.0,0.0,1.0,1.0
9,210,6.414194097475997,3.1155587133849467,1.0,0.0,0.0,0.0,0.0,1.0
10,210,12.0,6.181519110073171,0.0,0.0,0.0,0.0,1.0,1.0
11,210,11.578262587132333,6.04382504783313,0.0,1.0,1.0,0.0,0.0,0.0
12,210,4.362235893758811,5.734598618511358,1.0,1.0,0.0,0.0,0.0,0.0
13,210,2.155089038677016,5.007304962927572,0.0,1.0,1.0,1.0,0.0,1.0
14,210,0.8224042122505097,6.796368531420751,1.0,0.0,1.0,0.0,1.0,0.0
15,210,1.3158851521368475,0.0,1.0,1.0,1.0,1.0,0.0,1.0
16,210,12.0,4.720453352953777,1.0,1.0,0.0,0.0,1.0,1.0
17,210,12.0,4.254315565874174,0.0,0.0,0.0,0.0,0.0,0.0
18,210,3.7155250746898663,7.864323085143841,0.0,1.0,0.0,1.0,0.0,1.0
19,210,11.92236348947582,4.190614661536182,1.0,0.0,0.0,0.0,1.0,1.0
20,210,4.024649258451023,1.0496510458633823,0.0,1.0,0.0,1.0,0.0,1.0
21,210,4.432770191894759,0.0,1.0,0.0,0.0,1.0,0.0,1.0
22,210,3.375554045833184,2.292760301408812,0.0,0.0,1.0,1.0,0.0,1.0
23,210,9.439333821968688,11.124742008472635,0.0,1.0,1.0,0.0,0.0,0.0
24,210,7.759676170443671,5.592076228891766,1.0,1.0,0.0,0.0,0.0,1.0
25,210,0.0,9.888031287050694,1.0,0.0,0.0,1.0,1.0,1.0
26,210,2.429086574188285,0.4357915181223429,1.0,1.0,0.0,0.0,0.0,0.0
27,210,2.096197358513346,0.8330409674450072,0.0,0.0,1.0,0.0,0.0,0.0
28,210,10.701289361068936,12.0,0.0,0.0,0.0,0.0,1.0,1.0
29,210,4.862274767535809,4.915964469401832,0.0,1.0,1.0,0.0,1.0,1.0
30,210,12.0,1.523497174950128,1.0,0.0,0.0,0.0,0.0,1.0
31,210,12.0,9.132533216896029,1.0,0.0,1.0,1.0,0.0,1.0
32,210,7.580626727511341,4.7259004279803225,0.0,0.0,1.0,0.0,1.0,1.0
33,210,5.052188024831061,2.4073655844861905,0.0,1.0,0.0,0.0,1.0,1.0
34,210,3.2140535739338225,0.6858660715776819,0.0,0.0,0.0,0.0,0.0,1.0
35,210,9.306046385069877,2.532160892059638,1.0,0.0,1.0,0.0,0.0,0.0
36,210,1.43264930805074,7.328266769633533,0.0,1.0,0.0,0.0,0.0,0.0
37,210,3.839098187528703,4.435176084274952,0.0,1.0,0.0,0.0,0.0,1.0
38,210,12.0,0.0,1.0,0.0,1.0,1.0,0.0,0.0
39,210,9.970624454682104,0.0,0.0,1.0,0.0,0.0,0.0,0.0
0,215,4.2692495259724526,6.634588050696289,0.0,0.0,0.0,0.0,1.0,0.0
1,215,8.730125748968554,3.03114439659832,0.0,1.0,1.0,0.0,0.0,0.0
2,215,2.9350089322178574,2.718184019587171,0.0,0.0,0.0,0.0,1.0,0.0
3,215,0.298705405984143,2.019984513936892,0.0,0.0,1.0,1.0,1.0,0.0
4,215,2.105575071744848,6.167049075687894,0.0,1.0,1.0,0.0,1.0,1.0
5,215,4.560626286488824,11.80826602138698,0.0,0.0,0.0,0.0,0.0,0.0
6,215,6.378392716451835,0.0689791389163911,1.0,0.0,0.0,1.0,0.0,0.0
7,215,6.751621668667197,4.756065004253819,0.0,1.0,1.0,0.0,1.0,1.0
8,215,0.260312742616719,1.05252855466107,1.0,0.0,0.0,0.0,1.0,1.0
9,215,6.462229756613092,3.136847376048832,1.0,0.0,0.0,0.0,0.0,1.0
10,215,12.0,6.177382136605978,0.0,0.0,0.0,0.0,1.0,1.0
11,215,11.636810402459858,6.121486561617277,0.0,1.0,1.0,0.0,0.0,0.0
12,215,4.320056914225212,5.6778146775132905,1.0,1.0,0.0,0.0,0.0,0.0
13,215,2.114982440347976,5.072939300745894,0.0,1.0,1.0,1.0,0.0,1.0
14,215,0.77563711313037,6.814226619099325,1.0,0.0,1.0,0.0,1.0,0.0
15,215,1.254292558360492,0.0,1.0,1.0,1.0,1.0,0.0,1.0
16,215,12.0,4.712925074888068,1.0,1.0,0.0,0.0,1.0,1.0
17,215,12.0,4.447457724056637,0.0,0.0,0.0,0.0,0.0,0.0
18,215,3.69200236276743,7.9605332336287775,0.0,1.0,0.0,1.0,0.0,1.0
19,215,11.918740361202634,4.244257721954438,1.0,0.0,0.0,0.0,1.0,1.0
20,215,3.989361134135498,1.0942940908743728,0.0,1.0,0.0,1.0,0.0,1.0
21,215,4.395237510669878,0.0,1.0,0.0,0.0,1.0,0.0,1.0
22,215,3.2566359625429278,2.311345614421707,0.0,0.0,1.0,1.0,0.0,1.0
23,215,9.509538486713955,11.038806823232692,0.0,1.0,1.0,0.0,0.0,0.0
24,215,7.784882366148245,5.610411092425833,1.0,1.0,0.0,0.0,0.0,1.0
25,215,0.0,10.04480405780773,1.0,0.0,0.0,1.0,1.0,1.0
26,215,2.551339505186132,0.2384550976212191,1.0,1.0,0.0,0.0,0.0,0.0
27,215,2.04851262763061,0.8740951858373338,0.0,0.0,1.0,0.0,0.0,0.0
28,215,10.68566160696888,12.0,0.0,0.0,0.0,0.0,1.0,1.0
29,215,4.844589398423438,4.872536939552456,0.0,1.0,1.0,0.0,1.0,1.0
30,215,12.0,1.486329068588894,1.0,0.0,0.0,0.0,0.0,1.0
31,215,12.0,9.234545238888478,1.0,0.0,1.0,1.0,0.0,1.0
32,215,7.588002417687302,4.7294840543046615,0.0,0.0,1.0,0.0,1.0,1.0
33,215,5.050875316543953,2.419094328329669,0.0,1.0,0.0,0.0,1.0,1.0
34,215,3.138314130191317,0.6072808410448196,0.0,0.0,0.0,0.0,0.0,1.0
35,215,9.31335630251186,2.526283171242093,1.0,0.0,1.0,0.0,0.0,0.0
36,215,1.5536460006358033,7.3569797559825245,0.0,1.0,0.0,0.0,0.0,0.0
37,215,3.876518705391333,4.36399862994258,0.0,1.0,0.0,0.0,0.0,1.0
38,215,12.0,0.0,1.0,0.0,1.0,1.0,0.0,0.0
39,215,10.1605582978375,0.0,0.0,1.0,0.0,0.0,0.0,0.0
0,220,4.274168442279922,6.636712834189601,0.0,0.0,0.0,0.0,1.0,0.0
1,220,8.805189660040368,2.986952557469021,0.0,1.0,1.0,0.0,0.0,0.0
2,220,3.1526968382035894,2.8425120648038344,0.0,0.0,0.0,0.0,1.0,0.0
3,220,0.2893669353973146,2.101410888619287,0.0,0.0,1.0,1.0,1.0,0.0
4,220,2.003025702967956,6.230207182410425,0.0,1.0,1.0,0.0,1.0,1.0
5,220,4.5446765677134096,11.78935923201938,0.0,0.0,0.0,0.0,0.0,0.0
6,220,6.401682244850264,0.1021365841769921,1.0,0.0,0.0,1.0,0.0,0.0
7,220,6.731585393479341,4.757361367339851,0.0,1.0,1.0,0.0,1.0,1.0
8,220,0.2299755441167105,1.0671287297336889,1.0,0.0,0.0,0.0,1.0,1.0
9,220,6.501006148753548,3.153403823973073,1.0,0.0,0.0,0.0,0.0,1.0
10,220,11.99273074938991,6.18335672504153,0.0,0.0,0.0,0.0,1.0,1.0
11,220,11.698940647664548,6.206432650006257,0.0,1.0,1.0,0.0,0.0,0.0
12,220,4.27654572298508,5.616780101784952,1.0,1.0,0.0,0.0,0.0,0.0
13,220,2.0713972951435315,5.141145220633904,0.0,1.0,1.0,1.0,0.0,1.0
14,220,0.7134925041972406,6.83855272144276,1.0,0.0,1.0,0.0,1.0,0.0
15,220,1.1969905790541964,0.0,1.0,1.0,1.0,1.0,0.0,1.0
16,220,11.996068885396925,4.716825068306661,1.0,1.0,0.0,0.0,1.0,1.0
17,220,12.0,4.641107198898592,0.0,0.0,0.0,0.0,0.0,0.0
18,220,3.670637295015233,8.051726054456337,0.0,1.0,0.0,1.0,0.0,1.0
19,220,11.91586006067646,4.290009773497757,1.0,0.0,0.0,0.0,1.0,1.0
20,220,3.954174868011316,1.1399679926538655,0.0,1.0,0.0,1.0,0.0,1.0
21,220,4.35960313737849,0.0,1.0,0.0,0.0,1.0,0.0,1.0
22,220,3.1340353993819576,2.330651141134881,0.0,0.0,1.0,1.0,0.0,1.0
23,220,9.592483635704657,10.937410146853962,0.0,1.0,1.0,0.0,0.0,0.0
24,220,7.805382011439648,5.625713498864773,1.0,1.0,0.0,0.0,0.0,1.0
25,220,0.0,10.209410885017505,1.0,0.0,0.0,1.0,1.0,1.0
26,220,2.6746589150415017,0.0433245835525901,1.0,1.0,0.0,0.0,0.0,0.0
27,220,1.996480705539764,0.922684405609765,0.0,0.0,1.0,0.0,0.0,0.0
28,220,10.673281945830098,12.0,0.0,0.0,0.0,0.0,1.0,1.0
29,220,4.827646492933646,4.8342156529016975,0.0,1.0,1.0,0.0,1.0,1.0
30,220,12.0,1.4379893848170762,1.0,0.0,0.0,0.0,0.0,1.0
31,220,12.0,9.338876803220836,1.0,0.0,1.0,1.0,0.0,1.0
32,220,7.583913893559873,4.72758726327177,0.0,0.0,1.0,0.0,1.0,1.0
33,220,5.050031741186746,2.4282664492923027,0.0,1.0,0.0,0.0,1.0,1.0
34,220,3.062706898198848,0.5336403281411852,0.0,0.0,0.0,0.0,0.0,1.0
35,220,9.327757843656954,2.514507802872516,1.0,0.0,1.0,0.0,0.0,0.0
36,220,1.698166711934824,7.393671981899738,0.0,1.0,0.0,0.0,0.0,0.0
37,220,3.917006132149148,4.2860535303401015,0.0,1.0,0.0,0.0,0.0,1.0
38,220,12.0,0.0,1.0,0.0,1.0,1.0,0.0,0.0
39,220,10.372688401638053,0.0,0.0,1.0,0.0,0.0,0.0,0.0
0,225,4.275821762197952,6.637385287358359,0.0,0.0,0.0,0.0,1.0,0.0
1,225,8.883393341187155,2.940589167739632,0.0,1.0,1.0,0.0,0.0,0.0
2,225,3.375048803288166,2.966177979038309,0.0,0.0,0.0,0.0,1.0,0.0
3,225,0.2036528519383104,2.091753568238436,0.0,0.0,1.0,1.0,1.0,0.0
4,225,1.8999277603973292,6.2932340531437365,0.0,1.0,1.0,0.0,1.0,1.0
5,225,4.5405363268112415,11.784389050324188,0.0,0.0,0.0,0.0,0.0,0.0
6,225,6.4270770636152985,0.1385722281744684,1.0,0.0,0.0,1.0,0.0,0.0
7,225,6.700819302905892,4.758731022883927,0.0,1.0,1.0,0.0,1.0,1.0
8,225,0.1989929985641597,1.0824914681975837,1.0,0.0,0.0,0.0,1.0,1.0
9,225,6.542721493587618,3.173055022474784,1.0,0.0,0.0,0.0,0.0,1.0
10,225,11.982136078582467,6.191932584768058,0.0,0.0,0.0,0.0,1.0,1.0
11,225,11.7581857670262,6.289997895274976,0.0,1.0,1.0,0.0,0.0,0.0
12,225,4.231242958326213,5.552022020700158,1.0,1.0,0.0,0.0,0.0,0.0
13,225,2.0254275621118984,5.21108883296705,0.0,1.0,1.0,1.0,0.0,1.0
14,225,0.6356725196764349,6.869710206864245,1.0,0.0,1.0,0.0,1.0,0.0
15,225,1.1438394804932643,0.0,1.0,1.0,1.0,1.0,0.0,1.0
16,225,11.984591063212363,4.72800547559881,1.0,1.0,0.0,0.0,1.0,1.0
17,225,12.0,4.836910725811379,0.0,0.0,0.0,0.0,0.0,0.0
18,225,3.649721322849093,8.14111585303274,0.0,1.0,0.0,1.0,0.0,1.0
19,225,11.912661643832209,4.3348399136443225,1.0,0.0,0.0,0.0,1.0,1.0
20,225,3.927446164065867,1.1760849023156852,0.0,1.0,0.0,1.0,0.0,1.0
21,225,4.326252780564495,0.0,1.0,0.0,0.0,1.0,0.0,1.0
22,225,3.007988269684798,2.3502037090018137,0.0,0.0,1.0,1.0,0.0,1.0
23,225,9.666105609782676,10.848116583812804,0.0,1.0,1.0,0.0,0.0,0.0
24,225,7.818451737632684,5.634793706097976,1.0,1.0,0.0,0.0,0.0,1.0
25,225,0.0,10.37576083675162,1.0,0.0,0.0,1.0,1.0,1.0
26,225,2.8056932525600726,0.0,1.0,1.0,0.0,0.0,0.0,0.0
27,225,1.9370416756183808,0.9747472784983476,0.0,0.0,1.0,0.0,0.0,0.0
28,225,10.658935588644455,12.0,0.0,0.0,0.0,0.0,1.0,1.0
29,225,4.807316031427384,4.787550091857741,0.0,1.0,1.0,0.0,1.0,1.0
30,225,12.0,1.3764733209183833,1.0,0.0,0.0,0.0,0.0,1.0
31,225,12.0,9.435182188131911,1.0,0.0,1.0,1.0,0.0,1.0
32,225,7.56817173805049,4.720161372584328,0.0,0.0,1.0,0.0,1.0,1.0
33,225,5.050657296442026,2.4188363920119222,0.0,1.0,0.0,0.0,1.0,1.0
34,225,2.9911029068432198,0.4652083784528362,0.0,0.0,0.0,0.0,0.0,1.0
35,225,9.331494674058815,2.5114903779199755,1.0,0.0,1.0,0.0,0.0,0.0
36,225,1.8449696231396453,7.430942198868326,0.0,1.0,0.0,0.0,0.0,0.0
37,225,3.957104774245287,4.209346221066049,0.0,1.0,0.0,0.0,0.0,1.0
38,225,12.0,0.009537442807714,1.0,0.0,1.0,1.0,0.0,0.0
39,225,10.487518448048837,0.2259330546035582,0.0,1.0,0.0,0.0,0.0,0.0
0,230,4.2675506246280746,6.634079313846564,0.0,0.0,0.0,0.0,1.0,0.0
1,230,8.972645861223478,2.8887737500927506,0.0,1.0,1.0,0.0,0.0,0.0
2,230,3.59230915544287,3.085115337051389,0.0,0.0,0.0,0.0,1.0,0.0
3,230,0.1048891588254635,2.080251543776675,0.0,0.0,1.0,1.0,1.0,0.0
4,230,1.814147576291688,6.344972665948292,0.0,1.0,1.0,0.0,1.0,1.0
5,230,4.549115887144663,11.794949553348433,0.0,0.0,0.0,0.0,0.0,0.0
6,230,6.448815238985595,0.1701060824564063,1.0,0.0,0.0,1.0,0.0,0.0
7,230,6.654483515209735,4.759676204711024,0.0,1.0,1.0,0.0,1.0,1.0
8,230,0.1669591128022205,1.099291831165747,1.0,0.0,0.0,0.0,1.0,1.0
9,230,6.579833723395899,3.189361635451249,1.0,0.0,0.0,0.0,0.0,1.0
10,230,11.96738901008208,6.204486320846868,0.0,0.0,0.0,0.0,1.0,1.0
11,230,11.807284820178229,6.3635252349394085,0.0,1.0,1.0,0.0,0.0,0.0
12,230,4.189953061329317,5.493048182633818,1.0,1.0,0.0,0.0,0.0,0.0
13,230,1.980612292662839,5.282956369093352,0.0,1.0,1.0,1.0,0.0,1.0
14,230,0.5475463817797309,6.904231687104106,1.0,0.0,1.0,0.0,1.0,0.0
15,230,1.0973515994992629,0.0,1.0,1.0,1.0,1.0,0.0,1.0
16,230,11.984494813479875,4.728099036737009,1.0,1.0,0.0,0.0,1.0,1.0
17,230,12.0,5.009565682401608,0.0,0.0,0.0,0.0,0.0,0.0
18,230,3.628135378521097,8.227938663541208,0.0,1.0,0.0,1.0,0.0,1.0
19,230,11.906318316571754,4.405532659294738,1.0,0.0,0.0,0.0,1.0,1.0
20,230,3.90864835865974,1.2029043883378536,0.0,1.0,0.0,1.0,0.0,1.0
21,230,4.284745911511148,0.0,1.0,0.0,0.0,1.0,0.0,1.0
22,230,2.875955391191407,2.369041537356355,0.0,0.0,1.0,1.0,0.0,1.0
23,230,9.727548486483254,10.770265023191948,0.0,1.0,1.0,0.0,0.0,0.0
24,230,7.857206380418832,5.662573794353682,1.0,1.0,0.0,0.0,0.0,1.0
25,230,0.0,10.55292564328856,1.0,0.0,0.0,1.0,1.0,1.0
26,230,2.92604846449835,0.0,1.0,1.0,0.0,0.0,0.0,0.0
27,230,1.8576692420293124,1.0441047830388657,0.0,0.0,1.0,0.0,0.0,0.0
28,230,10.642388429115984,12.0,0.0,0.0,0.0,0.0,1.0,1.0
29,230,4.784048810096555,4.732589653612873,0.0,1.0,1.0,0.0,1.0,1.0
30,230,12.0,1.3314090721219,1.0,0.0,0.0,0.0,0.0,1.0
31,230,12.0,9.527911007067225,1.0,0.0,1.0,1.0,0.0,1.0
32,230,7.54847621504663,4.710479803225021,0.0,0.0,1.0,0.0,1.0,1.0
33,230,5.052909826344619,2.38953490282237,0.0,1.0,0.0,0.0,1.0,1.0
34,230,2.92613821305321,0.3994675044136397,0.0,0.0,0.0,0.0,0.0,1.0
35,230,9.331249488589677,2.511691437362073,1.0,0.0,1.0,0.0,0.0,0.0
36,230,2.001787343627211,7.468600824818375,0.0,1.0,0.0,0.0,0.0,0.0
37,230,3.99916911192181,4.12819892449391,0.0,1.0,0.0,0.0,0.0,1.0
38,230,12.0,0.0209224595424499,1.0,0.0,1.0,1.0,0.0,0.0
39,230,10.604380252710255,0.4593441785819606,0.0,1.0,0.0,0.0,0.0,0.0
0,235,4.267091775304901,6.633900208252268,0.0,0.0,0.0,0.0,1.0,0.0
1,235,9.066383388105544,2.833146274027909,0.0,1.0,1.0,0.0,0.0,0.0
2,235,3.824209181734792,3.219256529691912,0.0,0.0,0.0,0.0,1.0,0.0
3,235,0.0,2.0702379514603804,0.0,0.0,1.0,1.0,1.0,0.0
4,235,1.7212174448536264,6.402708398963362,0.0,1.0,1.0,0.0,1.0,1.0
5,235,4.556128246892202,11.803286874182088,0.0,0.0,0.0,0.0,0.0,0.0
6,235,6.479158477338813,0.2140751383624247,1.0,0.0,0.0,1.0,0.0,0.0
7,235,6.604918720114946,4.761252501691223,0.0,1.0,1.0,0.0,1.0,1.0
8,235,0.1283545697477799,1.1199430348874169,1.0,0.0,0.0,0.0,1.0,1.0
9,235,6.625866445645684,3.2109628140020576,1.0,0.0,0.0,0.0,0.0,1.0
10,235,11.958467684066974,6.211806372953353,0.0,0.0,0.0,0.0,1.0,1.0
11,235,11.85434908312124,6.432975678316304,0.0,1.0,1.0,0.0,0.0,0.0
12,235,4.153834746543385,5.440585393810782,1.0,1.0,0.0,0.0,0.0,0.0
13,235,1.942283471659303,5.34342953761918,0.0,1.0,1.0,1.0,0.0,1.0
14,235,0.4514788583555902,6.939098518170269,1.0,0.0,1.0,0.0,1.0,0.0
15,235,1.0540272327879785,0.0,1.0,1.0,1.0,1.0,0.0,1.0
16,235,11.99007827242406,4.722871237371908,1.0,1.0,0.0,0.0,1.0,1.0
17,235,12.0,5.173626092263609,0.0,0.0,0.0,0.0,0.0,0.0
18,235,3.6135665229839926,8.29891807896502,0.0,1.0,0.0,1.0,0.0,1.0
19,235,11.901142918048569,4.4862738802029245,1.0,0.0,0.0,0.0,1.0,1.0
20,235,3.899666239224786,1.2165243028748347,0.0,1.0,0.0,1.0,0.0,1.0
21,235,4.256514976866728,0.0,1.0,0.0,0.0,1.0,0.0,1.0
22,235,2.737920082481284,2.389698432205071,0.0,0.0,1.0,1.0,0.0,1.0
23,235,9.794096138756878,10.685581359882192,0.0,1.0,1.0,0.0,0.0,0.0
24,235,7.900658348556563,5.693599280283284,1.0,1.0,0.0,0.0,0.0,1.0
25,235,0.0,10.732136033586205,1.0,0.0,0.0,1.0,1.0,1.0
26,235,3.0469905127610795,0.0,1.0,1.0,0.0,0.0,0.0,0.0
27,235,1.7602099089164445,1.1272710066430407,0.0,0.0,1.0,0.0,0.0,0.0
28,235,10.621277695170942,12.0,0.0,0.0,0.0,0.0,1.0,1.0
29,235,4.757262868797748,4.671559737663911,0.0,1.0,1.0,0.0,1.0,1.0
30,235,12.0,1.2537719718326354,1.0,0.0,0.0,0.0,0.0,1.0
31,235,12.0,9.594928782560338,1.0,0.0,1.0,1.0,0.0,1.0
32,235,7.531480217264762,4.702126323672056,0.0,0.0,1.0,0.0,1.0,1.0
33,235,5.055507074048569,2.353725656085769,0.0,1.0,0.0,0.0,1.0,1.0
34,235,2.8613838354158494,0.3332020401266532,0.0,0.0,0.0,0.0,0.0,1.0
35,235,9.343932361028964,2.5007604363107983,1.0,0.0,1.0,0.0,0.0,0.0
36,235,2.153301691282195,7.504720618998562,0.0,1.0,0.0,0.0,0.0,0.0
37,235,4.033955716018888,4.062736864077918,0.0,1.0,0.0,0.0,0.0,1.0
38,235,12.0,0.0269488884206134,1.0,0.0,1.0,1.0,0.0,0.0
39,235,10.713082375435263,0.6789198134083815,0.0,1.0,0.0,0.0,0.0,0.0
0,240,4.264402647877674,6.632901390411584,0.0,0.0,0.0,0.0,1.0,0.0
1,240,9.154234180008494,2.780735975348128,0.0,1.0,1.0,0.0,0.0,0.0
2,240,4.058649389969215,3.351526644351986,0.0,0.0,0.0,0.0,1.0,0.0
3,240,0.0,2.061789796112404,0.0,0.0,1.0,1.0,1.0,0.0
4,240,1.6053083018291905,6.474355293893011,0.0,1.0,1.0,0.0,1.0,1.0
5,240,4.56873077394831,11.818499438630711,0.0,0.0,0.0,0.0,0.0,0.0
6,240,6.511949516145056,0.2631658860580927,1.0,0.0,0.0,1.0,0.0,0.0
7,240,6.539418006677044,4.7630674568501465,0.0,1.0,1.0,0.0,1.0,1.0
8,240,0.0950640786436474,1.1383067738732044,1.0,0.0,0.0,0.0,1.0,1.0
9,240,6.687593225002397,3.240119596143455,1.0,0.0,0.0,0.0,0.0,1.0
10,240,11.94063338758858,6.225680905102005,0.0,0.0,0.0,0.0,1.0,1.0
11,240,11.89763303909479,6.500328662740018,0.0,1.0,1.0,0.0,0.0,0.0
12,240,4.112290601513612,5.379106798227601,1.0,1.0,0.0,0.0,0.0,0.0
13,240,1.8976968910824508,5.410608755487861,0.0,1.0,1.0,1.0,0.0,1.0
14,240,0.3617172120965817,6.976483553041838,1.0,0.0,1.0,0.0,1.0,0.0
15,240,1.0037450402983707,0.0,1.0,1.0,1.0,1.0,0.0,1.0
16,240,11.981572628384663,4.730570686721351,1.0,1.0,0.0,0.0,1.0,1.0
17,240,12.0,5.328216150410899,0.0,0.0,0.0,0.0,0.0,0.0
18,240,3.5328023184477826,8.282865073011255,0.0,1.0,0.0,1.0,0.0,1.0
19,240,11.893221145544024,4.580400905000392,1.0,0.0,0.0,0.0,1.0,1.0
20,240,3.892713803217805,1.2269448857152856,0.0,1.0,0.0,1.0,0.0,1.0
21,240,4.22971763458712,0.0,1.0,0.0,0.0,1.0,0.0,1.0
22,240,2.577236857933144,2.411822000346423,0.0,0.0,1.0,1.0,0.0,1.0
23,240,9.861959258481932,10.597226225197256,0.0,1.0,1.0,0.0,0.0,0.0
24,240,7.9396891424493665,5.722459662241283,1.0,1.0,0.0,0.0,0.0,1.0
25,240,0.0,10.895942663410828,1.0,0.0,0.0,1.0,1.0,1.0
26,240,3.159180738693233,0.0,1.0,1.0,0.0,0.0,0.0,0.0
27,240,1.643838365069117,1.219286228645179,0.0,0.0,1.0,0.0,0.0,0.0
28,240,10.596591551546558,12.0,0.0,0.0,0.0,0.0,1.0,1.0
29,240,4.7361461388877135,4.621472926211534,0.0,1.0,1.0,0.0,1.0,1.0
30,240,12.0,1.1838375741712122,1.0,0.0,0.0,0.0,0.0,1.0
31,240,12.0,9.658084147892591,1.0,0.0,1.0,1.0,0.0,1.0
32,240,7.506423304102528,4.689891820733217,0.0,0.0,1.0,0.0,1.0,1.0
33,240,5.057548679646218,2.3190719627611545,0.0,1.0,0.0,0.0,1.0,1.0
34,240,2.806141173571369,0.278190182412829,0.0,0.0,0.0,0.0,0.0,1.0
35,240,9.354245956160304,2.4920020205029165,1.0,0.0,1.0,0.0,0.0,0.0
36,240,2.312604045963475,7.539224036434982,0.0,1.0,0.0,0.0,0.0,0.0
37,240,4.077284539526646,3.9828281966267247,0.0,1.0,0.0,0.0,0.0,1.0
38,240,12.0,0.0558704245637055,1.0,0.0,1.0,1.0,0.0,0.0
39,240,10.83271290437017,0.9074482930903476,0.0,1.0,0.0,0.0,0.0,0.0
0,245,4.254536535644625,6.628764231956699,0.0,0.0,0.0,0.0,1.0,0.0
1,245,9.259577178031575,2.71493378133123,0.0,1.0,1.0,0.0,0.0,0.0
2,245,4.278101701388338,3.482119811828296,0.0,0.0,0.0,0.0,1.0,0.0
3,245,0.0,2.0548347310747173,0.0,0.0,1.0,1.0,1.0,0.0
4,245,1.5218790263294235,6.340939301787478,0.0,1.0,1.0,0.0,1.0,1.0
5,245,4.563793493691696,11.8128147584348,0.0,0.0,0.0,0.0,0.0,0.0
6,245,6.545575223575486,0.3134369046659573,1.0,0.0,0.0,1.0,0.0,0.0
7,245,6.469897219039559,4.766648680281269,0.0,1.0,1.0,0.0,1.0,1.0
8,245,0.0656585814152136,1.153448535692927,1.0,0.0,0.0,0.0,1.0,1.0
9,245,6.754542966235592,3.269725436501753,1.0,0.0,0.0,0.0,0.0,1.0
10,245,11.906931269238545,6.251100113527196,0.0,0.0,0.0,0.0,1.0,1.0
11,245,11.940653996489722,6.569128666401078,0.0,1.0,1.0,0.0,0.0,0.0
12,245,4.071942061983833,5.317783848473894,1.0,1.0,0.0,0.0,0.0,0.0
13,245,1.847324734308783,5.485541349049671,0.0,1.0,1.0,1.0,0.0,1.0
14,245,0.2676188062320962,7.01766753354968,1.0,0.0,1.0,0.0,1.0,0.0
15,245,0.956394859432394,0.0,1.0,1.0,1.0,1.0,0.0,1.0
16,245,11.989640377816922,4.72307313242494,1.0,1.0,0.0,0.0,1.0,1.0
17,245,12.0,5.49683198519934,0.0,0.0,0.0,0.0,0.0,0.0
18,245,3.4443107330308806,8.263415095814603,0.0,1.0,0.0,1.0,0.0,1.0
19,245,11.882292162209668,4.688649198003887,1.0,0.0,0.0,0.0,1.0,1.0
20,245,3.878354442721437,1.2490121223118922,0.0,1.0,0.0,1.0,0.0,1.0
21,245,4.200184760133314,0.0,1.0,0.0,0.0,1.0,0.0,1.0
22,245,2.4123780277660103,2.431885525772448,0.0,0.0,1.0,1.0,0.0,1.0
23,245,9.930365532511004,10.512383154917703,0.0,1.0,1.0,0.0,0.0,0.0
24,245,7.981022799635625,5.753035757567235,1.0,1.0,0.0,0.0,0.0,1.0
25,245,0.0,11.074655225831489,1.0,0.0,0.0,1.0,1.0,1.0
26,245,3.2846507100074924,0.0,1.0,1.0,0.0,0.0,0.0,0.0
27,245,1.5390001245900082,1.3017308016009628,0.0,0.0,1.0,0.0,0.0,0.0
28,245,10.469419901059204,11.97052054904878,0.0,0.0,0.0,0.0,1.0,1.0
29,245,4.709770778449897,4.559212655578494,0.0,1.0,1.0,0.0,1.0,1.0
30,245,12.0,1.1076089153348934,1.0,0.0,0.0,0.0,0.0,1.0
31,245,12.0,9.733535153503606,1.0,0.0,1.0,1.0,0.0,1.0
32,245,7.471326481901064,4.674099714326335,0.0,0.0,1.0,0.0,1.0,1.0
33,245,5.062435426847318,2.2594972443243906,0.0,1.0,0.0,0.0,1.0,1.0
34,245,2.750166465315811,0.2206057171678468,0.0,0.0,0.0,0.0,0.0,1.0
35,245,9.358647019767382,2.4881747041922258,1.0,0.0,1.0,0.0,0.0,0.0
36,245,2.4618096905412368,7.569397090694334,0.0,1.0,0.0,0.0,0.0,0.0
37,245,4.112807403916476,3.917573036663321,0.0,1.0,0.0,0.0,0.0,1.0
38,245,12.0,0.0637749255000973,1.0,0.0,1.0,1.0,0.0,0.0
39,245,10.962341009487991,1.1468813528335962,0.0,1.0,0.0,0.0,0.0,0.0
0,250,4.237920136995383,6.622211486504997,0.0,0.0,0.0,0.0,1.0,0.0
1,250,9.368380483783811,2.6455865628059185,0.0,1.0,1.0,0.0,0.0,0.0
2,250,4.493708022715914,3.6074695507966994,0.0,0.0,0.0,0.0,1.0,0.0
3,250,0.0,2.05039845861842,0.0,0.0,1.0,1.0,1.0,0.0
4,250,1.4549168045018022,6.23435964999807,0.0,1.0,1.0,0.0,1.0,1.0
5,250,4.564818874864686,11.81398940829978,0.0,0.0,0.0,0.0,0.0,0.0
6,250,6.584000343491692,0.3687519487572667,1.0,0.0,0.0,1.0,0.0,0.0
7,250,6.40811595209387,4.771171151456194,0.0,1.0,1.0,0.0,1.0,1.0
8,250,0.05438670899568,1.1591582364482504,1.0,0.0,0.0,0.0,1.0,1.0
9,250,6.813175789760088,3.296464791618384,1.0,0.0,0.0,0.0,0.0,1.0
10,250,11.86041115576054,6.286865722741513,0.0,0.0,0.0,0.0,1.0,1.0
11,250,11.991894766810203,6.646775516350349,0.0,1.0,1.0,0.0,0.0,0.0
12,250,4.045310539661653,5.276572688094182,1.0,1.0,0.0,0.0,0.0,0.0
13,250,1.7791847364363005,5.439586207773042,0.0,1.0,1.0,1.0,0.0,1.0
14,250,0.1798111823292978,7.05504744549016,1.0,0.0,1.0,0.0,1.0,0.0
15,250,0.8893585013614449,0.0,1.0,1.0,1.0,1.0,0.0,1.0
16,250,11.990749901495557,4.722073209107464,1.0,1.0,0.0,0.0,1.0,1.0
17,250,12.0,5.638762648855309,0.0,0.0,0.0,0.0,0.0,0.0
18,250,3.34160486836208,8.24210481967831,0.0,1.0,0.0,1.0,0.0,1.0
19,250,11.870679522403346,4.815101982369274,1.0,0.0,0.0,0.0,1.0,1.0
20,250,3.867071769889677,1.2666467549812568,0.0,1.0,0.0,1.0,0.0,1.0
21,250,4.1692280633080445,0.0,1.0,0.0,0.0,1.0,0.0,1.0
22,250,2.2565489537225125,2.4481113713387983,0.0,0.0,1.0,1.0,0.0,1.0
23,250,9.98736562407228,10.443513805660846,0.0,1.0,1.0,0.0,0.0,0.0
24,250,8.021087689968391,5.782699260234934,1.0,1.0,0.0,0.0,0.0,1.0
25,250,0.0,11.258841774914393,1.0,0.0,0.0,1.0,1.0,1.0
26,250,3.419814746209723,0.0,1.0,1.0,0.0,0.0,0.0,0.0
27,250,1.445268082395429,1.3785886695547709,0.0,0.0,1.0,0.0,0.0,0.0
28,250,10.361438908233424,11.94448835896037,0.0,0.0,0.0,0.0,1.0,1.0
29,250,4.684997936555866,4.502576805354604,0.0,1.0,1.0,0.0,1.0,1.0
30,250,12.0,1.0410656958111024,1.0,0.0,0.0,0.0,0.0,1.0
31,250,12.0,9.806891424954198,1.0,0.0,1.0,1.0,0.0,1.0
32,250,7.43174885891546,4.656029216280623,0.0,0.0,1.0,0.0,1.0,1.0
33,250,5.066355062667048,2.208170575772934,0.0,1.0,0.0,0.0,1.0,1.0
34,250,2.689425195549274,0.1583014977172288,0.0,0.0,0.0,0.0,0.0,1.0
35,250,9.363601627711532,2.484112397031247,1.0,0.0,1.0,0.0,0.0,0.0
36,250,2.588923366684943,7.592985706831867,0.0,1.0,0.0,0.0,0.0,0.0
37,250,4.151910271779663,3.846815771182833,0.0,1.0,0.0,0.0,0.0,1.0
38,250,12.0,0.0812393469350883,1.0,0.0,1.0,1.0,0.0,0.0
39,250,11.09017803076865,1.376474762104475,0.0,1.0,0.0,0.0,0.0,0.0
0,255,4.233897733630274,6.620694566678988,0.0,0.0,0.0,0.0,1.0,0.0
1,255,9.472018210252116,2.5794011272312347,0.0,1.0,1.0,0.0,0.0,0.0
2,255,4.694004109832461,3.725322781359259,0.0,0.0,0.0,0.0,1.0,0.0
3,255,0.0,2.0473078170335284,0.0,0.0,1.0,1.0,1.0,0.0
4,255,1.393253403670318,6.135108904837537,0.0,1.0,1.0,0.0,1.0,1.0
5,255,4.55679274750691,11.804729973783513,0.0,0.0,0.0,0.0,0.0,0.0
6,255,6.627235689854309,0.432626796884575,1.0,0.0,0.0,1.0,0.0,0.0
7,255,6.333990929895418,4.777961424332092,0.0,1.0,1.0,0.0,1.0,1.0
8,255,0.0256569704630341,1.1743321686106944,1.0,0.0,0.0,0.0,1.0,1.0
9,255,6.876776873268355,3.3257795278355133,1.0,0.0,0.0,0.0,0.0,1.0
10,255,11.816745745478825,6.320739931863204,0.0,0.0,0.0,0.0,1.0,1.0
11,255,12.0,6.727494955885085,0.0,1.0,1.0,0.0,0.0,0.0
12,255,4.020632206407469,5.237056986735286,1.0,1.0,0.0,0.0,0.0,0.0
13,255,1.6978391573467555,5.385379665180501,0.0,1.0,1.0,1.0,0.0,1.0
14,255,0.0863127202858103,7.094345525648411,1.0,0.0,1.0,0.0,1.0,0.0
15,255,0.8323867920924655,0.0,1.0,1.0,1.0,1.0,0.0,1.0
16,255,11.990303789290213,4.722483568881718,1.0,1.0,0.0,0.0,1.0,1.0
17,255,12.0,5.788485838031175,0.0,0.0,0.0,0.0,0.0,0.0
18,255,3.237544132357149,8.217282786993925,0.0,1.0,0.0,1.0,0.0,1.0
19,255,11.856210896997268,4.93376515475532,1.0,0.0,0.0,0.0,1.0,1.0
20,255,3.849120862977978,1.2955480706435512,0.0,1.0,0.0,1.0,0.0,1.0
21,255,4.140279704786241,0.0,1.0,0.0,0.0,1.0,0.0,1.0
22,255,2.114456829897013,2.466051662359783,0.0,0.0,1.0,1.0,0.0,1.0
23,255,10.035930069080324,10.382438408289834,0.0,1.0,1.0,0.0,0.0,0.0
24,255,8.062495874939884,5.813786302641777,1.0,1.0,0.0,0.0,0.0,1.0
25,255,0.0,11.431504416489346,1.0,0.0,0.0,1.0,1.0,1.0
26,255,3.5479164045651994,0.0,1.0,1.0,0.0,0.0,0.0,0.0
27,255,1.3610335794452617,1.4464909373350263,0.0,0.0,1.0,0.0,0.0,0.0
28,255,10.244425479050998,11.916695982737789,0.0,0.0,0.0,0.0,1.0,1.0
29,255,4.667190932656065,4.459745057431221,0.0,1.0,1.0,0.0,1.0,1.0
30,255,12.0,0.95415637615742,1.0,0.0,0.0,0.0,0.0,1.0
31,255,12.0,9.875708805560478,1.0,0.0,1.0,1.0,0.0,1.0
32,255,7.385557046734959,4.635067999489455,0.0,0.0,1.0,0.0,1.0,1.0
33,255,5.071171519696823,2.15304641682036,0.0,1.0,0.0,0.0,1.0,1.0
34,255,2.64421092099257,0.1112045735457377,0.0,0.0,0.0,0.0,0.0,1.0
35,255,9.36051155680372,2.4866522973585723,1.0,0.0,1.0,0.0,0.0,0.0
36,255,2.700418436983281,7.6124700359946385,0.0,1.0,0.0,0.0,0.0,0.0
37,255,4.195889021875873,3.767597464406333,0.0,1.0,0.0,0.0,0.0,1.0
38,255,12.0,0.1050741712410882,1.0,0.0,1.0,1.0,0.0,0.0
39,255,11.221319807459668,1.61658735556446,0.0,1.0,0.0,0.0,0.0,0.0
0,260,4.206221053956911,6.610606395658839,0.0,0.0,0.0,0.0,1.0,0.0
1,260,9.557683353924622,2.5255912617170515,0.0,1.0,1.0,0.0,0.0,0.0
2,260,4.893092157180299,3.8368041989982222,0.0,0.0,0.0,0.0,1.0,0.0
3,260,0.0,2.042927217372409,0.0,0.0,1.0,1.0,1.0,0.0
4,260,1.3404864369750629,6.050710095459208,0.0,1.0,1.0,0.0,1.0,1.0
5,260,4.549623990603143,11.796154102622175,0.0,0.0,0.0,0.0,0.0,0.0
6,260,6.668357388363874,0.4939038150469922,1.0,0.0,0.0,1.0,0.0,0.0
7,260,6.236601379135918,4.788736352981328,0.0,1.0,1.0,0.0,1.0,1.0
8,260,0.0022271887590212,1.1874480277225985,1.0,0.0,0.0,0.0,1.0,1.0
9,260,6.929496682272049,3.3488624476651707,1.0,0.0,0.0,0.0,0.0,1.0
10,260,11.778933266153333,6.348535777427797,0.0,0.0,0.0,0.0,1.0,1.0
11,260,12.0,6.81514528192695,0.0,1.0,1.0,0.0,0.0,0.0
12,260,3.9982755112811,5.1980479689815065,1.0,1.0,0.0,0.0,0.0,0.0
13,260,1.626849476202892,5.33911014130741,0.0,1.0,1.0,1.0,0.0,1.0
14,260,0.0,7.140867745145565,1.0,0.0,1.0,0.0,1.0,0.0
15,260,0.7932638768586308,0.0,1.0,1.0,1.0,1.0,0.0,1.0
16,260,11.993824678344165,4.719162964152294,1.0,1.0,0.0,0.0,1.0,1.0
17,260,12.0,5.924476289117554,0.0,0.0,0.0,0.0,0.0,0.0
18,260,3.143429751704733,8.192709247419653,0.0,1.0,0.0,1.0,0.0,1.0
19,260,11.838505424662396,5.050258667614968,1.0,0.0,0.0,0.0,1.0,1.0
20,260,3.827041035019461,1.328834769306256,0.0,1.0,0.0,1.0,0.0,1.0
21,260,4.100792254397983,0.0,1.0,0.0,0.0,1.0,0.0,1.0
22,260,1.9802890519844496,2.483270798650383,0.0,0.0,1.0,1.0,0.0,1.0
23,260,10.09309314593133,10.312734341194972,0.0,1.0,1.0,0.0,0.0,0.0
24,260,8.088040745583617,5.832418541811766,1.0,1.0,0.0,0.0,0.0,1.0
25,260,0.0,11.62060736950426,1.0,0.0,0.0,1.0,1.0,1.0
26,260,3.6770826270147294,0.0,1.0,1.0,0.0,0.0,0.0,0.0
27,260,1.27155120586648,1.5191558747875475,0.0,0.0,1.0,0.0,0.0,0.0
28,260,10.136030088186471,11.891626509653378,0.0,0.0,0.0,0.0,1.0,1.0
29,260,4.642217639734453,4.39989510568399,0.0,1.0,1.0,0.0,1.0,1.0
30,260,12.0,0.8563545804259327,1.0,0.0,0.0,0.0,0.0,1.0
31,260,12.0,9.94234046361366,1.0,0.0,1.0,1.0,0.0,1.0
32,260,7.334297480210839,4.612088414118733,0.0,0.0,1.0,0.0,1.0,1.0
33,260,5.0772362037458585,2.096476364869344,0.0,1.0,0.0,0.0,1.0,1.0
34,260,2.5897593168794373,0.0536826330852806,0.0,0.0,0.0,0.0,0.0,1.0
35,260,9.34796998660349,2.496390036230789,1.0,0.0,1.0,0.0,0.0,0.0
36,260,2.804915186238923,7.630089728768373,0.0,1.0,0.0,0.0,0.0,0.0
37,260,4.237496986709836,3.697211062221319,0.0,1.0,0.0,0.0,0.0,1.0
38,260,12.0,0.1369097030817941,1.0,0.0,1.0,1.0,0.0,0.0
39,260,11.34344263723416,1.8663176998551991,0.0,1.0,0.0,0.0,0.0,0.0
0,265,4.181971081932708,6.602181281438352,0.0,0.0,0.0,0.0,1.0,0.0
1,265,9.639560617129328,2.4725287390689057,0.0,1.0,1.0,0.0,0.0,0.0
2,265,5.108628099731275,3.954664872271065,0.0,0.0,0.0,0.0,1.0,0.0
3,265,0.0,2.0386060365057506,0.0,0.0,1.0,1.0,1.0,0.0
4,265,1.2767314578521716,5.9465000892379045,0.0,1.0,1.0,0.0,1.0,1.0
5,265,4.537964396698937,11.782980954555908,0.0,0.0,0.0,0.0,0.0,0.0
6,265,6.709713174244011,0.5508462490028967,1.0,0.0,0.0,1.0,0.0,0.0
7,265,6.135736350197859,4.797958979253791,0.0,1.0,1.0,0.0,1.0,1.0
8,265,0.0,1.2059590016625543,1.0,0.0,0.0,0.0,1.0,1.0
9,265,6.978587332442093,3.369925788687419,1.0,0.0,0.0,0.0,0.0,1.0
10,265,11.74346230552595,6.372646494305846,0.0,0.0,0.0,0.0,1.0,1.0
11,265,12.0,6.895112054728043,0.0,1.0,1.0,0.0,0.0,0.0
12,265,3.972442272460045,5.152082595760159,1.0,1.0,0.0,0.0,0.0,0.0
13,265,1.56205498917572,5.2958787556329,0.0,1.0,1.0,1.0,0.0,1.0
14,265,0.0,7.19230783743594,1.0,0.0,1.0,0.0,1.0,0.0
15,265,0.7320563587247122,0.0,1.0,1.0,1.0,1.0,0.0,1.0
16,265,11.991147953446893,4.721553544135898,1.0,1.0,0.0,0.0,1.0,1.0
17,265,12.0,6.060880290483472,0.0,0.0,0.0,0.0,0.0,0.0
18,265,3.03911508236202,8.163365473322333,0.0,1.0,0.0,1.0,0.0,1.0
19,265,11.81916845243154,5.186843333489833,1.0,0.0,0.0,0.0,1.0,1.0
20,265,3.811049413316028,1.354405002195863,0.0,1.0,0.0,1.0,0.0,1.0
21,265,4.063324519050468,0.0,1.0,0.0,0.0,1.0,0.0,1.0
22,265,1.8579687982233928,2.493364611212668,0.0,0.0,1.0,1.0,0.0,1.0
23,265,10.13930347256312,10.253424888926764,0.0,1.0,1.0,0.0,0.0,0.0
24,265,8.132343393407231,5.864639526351485,1.0,1.0,0.0,0.0,0.0,1.0
25,265,0.0,11.807944194443849,1.0,0.0,0.0,1.0,1.0,1.0
26,265,3.8499255748518095,0.1258021514221477,1.0,1.0,0.0,0.0,0.0,0.0
27,265,1.184847299590703,1.5903348899511511,0.0,0.0,1.0,0.0,0.0,0.0
28,265,10.028517948414637,11.8635697953201,0.0,0.0,0.0,0.0,1.0,1.0
29,265,4.616127032190032,4.343789747066749,0.0,1.0,1.0,0.0,1.0,1.0
30,265,12.0,0.7593947581008906,1.0,0.0,0.0,0.0,0.0,1.0
31,265,12.0,10.02262609578772,1.0,0.0,1.0,1.0,0.0,1.0
32,265,7.270803084101621,4.582212991208214,0.0,0.0,1.0,0.0,1.0,1.0
33,265,5.083176294017805,2.0310877632617568,0.0,1.0,0.0,0.0,1.0,1.0
34,265,2.530482516484601,0.0,0.0,0.0,0.0,0.0,0.0,1.0
35,265,9.324967963117803,2.515929155797168,1.0,0.0,1.0,0.0,0.0,0.0
36,265,2.9369456897069885,7.651260502631642,0.0,1.0,0.0,0.0,0.0,0.0
37,265,4.28104967669415,3.6221243128437695,0.0,1.0,0.0,0.0,0.0,1.0
38,265,12.0,0.1767762900845124,1.0,0.0,1.0,1.0,0.0,0.0
39,265,11.46950772014232,2.1190290385370214,0.0,1.0,0.0,0.0,0.0,0.0
0,270,4.163620444805751,6.595266118290751,0.0,0.0,0.0,0.0,1.0,0.0
1,270,9.73896708372258,2.4085605724498844,0.0,1.0,1.0,0.0,0.0,0.0
2,270,5.3184483701686585,4.073301040951149,0.0,0.0,0.0,0.0,1.0,0.0
3,270,0.0,2.0369157334144563,0.0,0.0,1.0,1.0,1.0,0.0
4,270,1.2126863264819587,5.84125943244744,0.0,1.0,1.0,0.0,1.0,1.0
5,270,4.531432502509179,11.775438948588688,0.0,0.0,0.0,0.0,0.0,0.0
6,270,6.737341624064673,0.5899917382423776,1.0,0.0,0.0,1.0,0.0,0.0
7,270,6.0570102513654,4.806895668770289,0.0,1.0,1.0,0.0,1.0,1.0
8,270,0.0,1.2314405287042096,1.0,0.0,0.0,0.0,1.0,1.0
9,270,7.027099047427501,3.390006712553315,1.0,0.0,0.0,0.0,0.0,1.0
10,270,11.702372192931362,6.398971789665191,0.0,0.0,0.0,0.0,1.0,1.0
11,270,12.0,6.95702347715372,0.0,1.0,1.0,0.0,0.0,0.0
12,270,3.9539691889457504,5.120438800237002,1.0,1.0,0.0,0.0,0.0,0.0
13,270,1.4654602508960028,5.231382157501347,0.0,1.0,1.0,1.0,0.0,1.0
14,270,0.0,7.241628903262217,1.0,0.0,1.0,0.0,1.0,0.0
15,270,0.662429160707974,0.0,1.0,1.0,1.0,1.0,0.0,1.0
16,270,11.999765878552893,4.713330124598624,1.0,1.0,0.0,0.0,1.0,1.0
17,270,12.0,6.188672702837028,0.0,0.0,0.0,0.0,0.0,0.0
18,270,2.9245424826067747,8.130477932933225,0.0,1.0,0.0,1.0,0.0,1.0
19,270,11.795347624320431,5.342111727047172,1.0,0.0,0.0,0.0,1.0,1.0
20,270,3.7958068585297142,1.3782926191490674,0.0,1.0,0.0,1.0,0.0,1.0
21,270,4.028777915370975,0.0,1.0,0.0,0.0,1.0,0.0,1.0
22,270,1.742408918873268,2.50490927081112,0.0,0.0,1.0,1.0,0.0,1.0
23,270,10.172881655316278,10.207352234998629,0.0,1.0,1.0,0.0,0.0,0.0
24,270,8.18969529667888,5.9064255083908055,1.0,1.0,0.0,0.0,0.0,1.0
25,270,0.0,12.0,1.0,0.0,0.0,1.0,1.0,1.0
26,270,4.0331510502991845,0.2613300694347309,1.0,1.0,0.0,0.0,0.0,0.0
27,270,1.0820836789372923,1.674772306049872,0.0,0.0,1.0,0.0,0.0,0.0
28,270,9.927909578472736,11.837857048079476,0.0,0.0,0.0,0.0,1.0,1.0
29,270,4.584821633668279,4.276231622227692,0.0,1.0,1.0,0.0,1.0,1.0
30,270,12.0,0.6745364564490202,1.0,0.0,0.0,0.0,0.0,1.0
31,270,12.0,10.105455065521843,1.0,0.0,1.0,1.0,0.0,1.0
32,270,7.18872278121728,4.543989053303989,0.0,0.0,1.0,0.0,1.0,1.0
33,270,5.089887869159588,1.9575984367160868,0.0,1.0,0.0,0.0,1.0,1.0
34,270,2.476390944719027,0.0,0.0,0.0,0.0,0.0,0.0,1.0
35,270,9.307135100529386,2.5315603854349704,1.0,0.0,1.0,0.0,0.0,0.0
36,270,3.0664122594291428,7.677911783783079,0.0,1.0,0.0,0.0,0.0,0.0
37,270,4.317727221957977,3.561523381110415,0.0,1.0,0.0,0.0,0.0,1.0
38,270,12.0,0.2286079787790269,1.0,0.0,1.0,1.0,0.0,0.0
39,270,11.592657288823316,2.3796859387126914,0.0,1.0,0.0,0.0,0.0,0.0
0,275,4.133161753163347,6.584127062568424,0.0,0.0,0.0,0.0,1.0,0.0
1,275,9.860192144957889,2.334430768694064,0.0,1.0,1.0,0.0,0.0,0.0
2,275,5.529737366647139,4.196669279924541,0.0,0.0,0.0,0.0,1.0,0.0
3,275,0.0,2.0361685540928844,0.0,0.0,1.0,1.0,1.0,0.0
4,275,1.1546081776485295,5.748230298908716,0.0,1.0,1.0,0.0,1.0,1.0
5,275,4.53253722985814,11.774467084247489,0.0,0.0,0.0,0.0,0.0,0.0
6,275,6.767565652266397,0.6306102606905345,1.0,0.0,0.0,1.0,0.0,0.0
7,275,5.963690576181391,4.819184836497049,0.0,1.0,1.0,0.0,1.0,1.0
8,275,0.0,1.2615320825259906,1.0,0.0,0.0,0.0,1.0,1.0
9,275,7.074119407872858,3.4101959099794903,1.0,0.0,0.0,0.0,0.0,1.0
10,275,11.67197743314306,6.419103396643112,0.0,0.0,0.0,0.0,1.0,1.0
11,275,12.0,7.023137681318538,0.0,1.0,1.0,0.0,0.0,0.0
12,275,3.943640108677028,5.102602270284992,1.0,1.0,0.0,0.0,0.0,0.0
13,275,1.354422252763489,5.160885968098691,0.0,1.0,1.0,1.0,0.0,1.0
14,275,0.0,7.290440916893516,1.0,0.0,1.0,0.0,1.0,0.0
15,275,0.5644215183404955,0.0,1.0,1.0,1.0,1.0,0.0,1.0
16,275,12.0,4.712965798094264,1.0,1.0,0.0,0.0,1.0,1.0
17,275,12.0,6.31005923624042,0.0,0.0,0.0,0.0,0.0,0.0
18,275,2.8187614288747587,8.097049369713577,0.0,1.0,0.0,1.0,0.0,1.0
19,275,11.77098881410712,5.5140549268069385,1.0,0.0,0.0,0.0,1.0,1.0
20,275,3.7891092148823855,1.3887958628244184,0.0,1.0,0.0,1.0,0.0,1.0
21,275,3.984825359632819,0.0,1.0,0.0,0.0,1.0,0.0,1.0
22,275,1.6236767840862347,2.517841064438331,0.0,0.0,1.0,1.0,0.0,1.0
23,275,10.214080653919654,10.150933342883732,0.0,1.0,1.0,0.0,0.0,0.0
24,275,8.2340550592473,5.939599322502157,1.0,1.0,0.0,0.0,0.0,1.0
25,275,0.0,12.0,1.0,0.0,0.0,1.0,1.0,1.0
26,275,4.228707353312977,0.4021401219048481,1.0,1.0,0.0,0.0,0.0,0.0
27,275,0.9843355084326072,1.752497079939777,0.0,0.0,1.0,0.0,0.0,0.0
28,275,9.83774898162718,11.81535369866172,0.0,0.0,0.0,0.0,1.0,1.0
29,275,4.555749801411851,4.212799234280358,0.0,1.0,1.0,0.0,1.0,1.0
30,275,11.997847203684977,0.5815181280891326,1.0,0.0,0.0,0.0,0.0,1.0
31,275,12.0,10.194711750049724,1.0,0.0,1.0,1.0,0.0,1.0
32,275,7.108202832364752,4.507102615221045,0.0,0.0,1.0,0.0,1.0,1.0
33,275,5.093380494041885,1.8857335397913615,0.0,1.0,0.0,0.0,1.0,1.0
34,275,2.414562006126575,0.0,0.0,0.0,0.0,0.0,0.0,1.0
35,275,9.291870125570236,2.544514406214434,1.0,0.0,1.0,0.0,0.0,0.0
36,275,3.198958684171702,7.701746956048072,0.0,1.0,0.0,0.0,0.0,0.0
37,275,4.358476687299313,3.497082048032058,0.0,1.0,0.0,0.0,0.0,1.0
38,275,12.0,0.2871992960926576,1.0,0.0,1.0,1.0,0.0,0.0
39,275,11.702232611546478,2.63276228457465,0.0,1.0,0.0,0.0,0.0,0.0
0,280,4.099123239606806,6.571537181512317,0.0,0.0,0.0,0.0,1.0,0.0
1,280,10.001413180435652,2.250271745204651,0.0,1.0,1.0,0.0,0.0,0.0
2,280,5.726410297638492,4.320723005026218,0.0,0.0,0.0,0.0,1.0,0.0
3,280,0.0,2.035498027762136,0.0,0.0,1.0,1.0,1.0,0.0
4,280,1.1021982602003295,5.660110297220112,0.0,1.0,1.0,0.0,1.0,1.0
5,280,4.541119099157012,11.766615657283246,0.0,0.0,0.0,0.0,0.0,0.0
6,280,6.789465745831849,0.6581787682614593,1.0,0.0,0.0,1.0,0.0,0.0
7,280,5.881459205131326,4.828276509866889,0.0,1.0,1.0,0.0,1.0,1.0
8,280,0.0,1.291715604055422,1.0,0.0,0.0,0.0,1.0,1.0
9,280,7.050483026594562,3.4620035678197603,1.0,0.0,0.0,0.0,0.0,1.0
10,280,11.637268362114648,6.44180481448618,0.0,0.0,0.0,0.0,1.0,1.0
11,280,12.0,7.096182167829895,0.0,1.0,1.0,0.0,0.0,0.0
12,280,3.939381890363271,5.095324143908551,1.0,1.0,0.0,0.0,0.0,0.0
13,280,1.2374183430832677,5.083397580286232,0.0,1.0,1.0,1.0,0.0,1.0
14,280,0.0,7.336296371824158,1.0,0.0,1.0,0.0,1.0,0.0
15,280,0.4447836141290584,0.0,1.0,1.0,1.0,1.0,0.0,1.0
16,280,12.0,4.698823248108189,1.0,1.0,0.0,0.0,1.0,1.0
17,280,12.0,6.412111523759284,0.0,0.0,0.0,0.0,0.0,0.0
18,280,2.711743170853912,8.064397318539513,0.0,1.0,0.0,1.0,0.0,1.0
19,280,11.74476075745558,5.701562030113271,1.0,0.0,0.0,0.0,1.0,1.0
20,280,3.7822829679898975,1.398969022674604,0.0,1.0,0.0,1.0,0.0,1.0
21,280,3.932171718979933,0.0,1.0,0.0,0.0,1.0,0.0,1.0
22,280,1.510613873059103,2.5289863205133227,0.0,0.0,1.0,1.0,0.0,1.0
23,280,10.2415491112858,10.112943344050716,0.0,1.0,1.0,0.0,0.0,0.0
24,280,8.285960886050093,5.978771695441361,1.0,1.0,0.0,0.0,0.0,1.0
25,280,0.0,12.0,1.0,0.0,0.0,1.0,1.0,1.0
26,280,4.42018437688688,0.5405093532145453,1.0,1.0,0.0,0.0,0.0,0.0
27,280,0.8646136691758675,1.8420324740564276,0.0,0.0,1.0,0.0,0.0,0.0
28,280,9.755728630896716,11.795034877064118,0.0,0.0,0.0,0.0,1.0,1.0
29,280,4.5294315016953615,4.153777895721973,0.0,1.0,1.0,0.0,1.0,1.0
30,280,11.99751087124536,0.5025676652683307,1.0,0.0,0.0,0.0,0.0,1.0
31,280,12.0,10.26506981448729,1.0,0.0,1.0,1.0,0.0,1.0
32,280,7.01435948109499,4.466547328961131,0.0,0.0,1.0,0.0,1.0,1.0
33,280,5.09516580346871,1.813645758059195,0.0,1.0,0.0,0.0,1.0,1.0
34,280,2.354997080695882,0.0,0.0,0.0,0.0,0.0,0.0,1.0
35,280,9.278752824364034,2.555356373379124,1.0,0.0,1.0,0.0,0.0,0.0
36,280,3.3347691532984824,7.728794474748497,0.0,1.0,0.0,0.0,0.0,0.0
37,280,4.415761113350405,3.4013193933977965,0.0,1.0,0.0,0.0,0.0,1.0
38,280,12.0,0.3322910891204578,1.0,0.0,1.0,1.0,0.0,0.0
39,280,11.807615703726691,2.865782438943648,0.0,1.0,0.0,0.0,0.0,0.0
0,285,4.081794996034944,6.565321412938223,0.0,0.0,0.0,0.0,1.0,0.0
1,285,10.149351388745467,2.1596124981855525,0.0,1.0,1.0,0.0,0.0,0.0
2,285,5.927426581968677,4.441892652807474,0.0,0.0,0.0,0.0,1.0,0.0
3,285,0.0,2.0355078297626887,0.0,0.0,1.0,1.0,1.0,0.0
4,285,1.0517914788659717,5.576339930893965,0.0,1.0,1.0,0.0,1.0,1.0
5,285,4.560864424828502,11.74996325227102,0.0,0.0,0.0,0.0,0.0,0.0
6,285,6.803136862876705,0.6746469537558166,1.0,0.0,0.0,1.0,0.0,0.0
7,285,5.819384978184085,4.834552213860172,0.0,1.0,1.0,0.0,1.0,1.0
8,285,0.0,1.3251776297313975,1.0,0.0,0.0,0.0,1.0,1.0
9,285,7.027809213524715,3.517216539488409,1.0,0.0,0.0,0.0,0.0,1.0
10,285,11.609537403456876,6.459771602843429,0.0,0.0,0.0,0.0,1.0,1.0
11,285,12.0,7.146364727168923,0.0,1.0,1.0,0.0,0.0,0.0
12,285,3.943232860328904,5.102098580058434,1.0,1.0,0.0,0.0,0.0,0.0
13,285,1.1191484893199526,5.000682569275604,0.0,1.0,1.0,1.0,0.0,1.0
14,285,0.0,7.378005690172982,1.0,0.0,1.0,0.0,1.0,0.0
15,285,0.326981782477493,0.0,1.0,1.0,1.0,1.0,0.0,1.0
16,285,12.0,4.681014884511053,1.0,1.0,0.0,0.0,1.0,1.0
17,285,12.0,6.48967290813209,0.0,0.0,0.0,0.0,0.0,0.0
18,285,2.6126469873211504,8.035411968805114,0.0,1.0,0.0,1.0,0.0,1.0
19,285,11.727169688906589,5.881146772584359,1.0,0.0,0.0,0.0,1.0,1.0
20,285,3.774636267760282,1.4102035830795183,0.0,1.0,0.0,1.0,0.0,1.0
21,285,3.874033560831918,0.0,1.0,0.0,0.0,1.0,0.0,1.0
22,285,1.5245350594982725,2.6493285791211894,0.0,0.0,1.0,1.0,0.0,1.0
23,285,10.275808570649431,10.064498898675682,0.0,1.0,1.0,0.0,0.0,0.0
24,285,8.341658275818752,6.02123388564136,1.0,1.0,0.0,0.0,0.0,1.0
25,285,0.0,12.0,1.0,0.0,0.0,1.0,1.0,1.0
26,285,4.615179987736913,0.6757304193466724,1.0,1.0,0.0,0.0,0.0,0.0
27,285,0.7489699871889344,1.9299704626701728,0.0,0.0,1.0,0.0,0.0,0.0
28,285,9.673902809217315,11.778524367846572,0.0,0.0,0.0,0.0,1.0,1.0
29,285,4.504590837287129,4.098679996013487,0.0,1.0,1.0,0.0,1.0,1.0
30,285,11.99619163744837,0.4383392272600412,1.0,0.0,0.0,0.0,0.0,1.0
31,285,12.0,10.346481488628786,1.0,0.0,1.0,1.0,0.0,1.0
32,285,6.906680004441495,4.423668810621021,0.0,0.0,1.0,0.0,1.0,1.0
33,285,5.096057080158698,1.752303842197821,0.0,1.0,0.0,0.0,1.0,1.0
34,285,2.29106078958841,0.0,0.0,0.0,0.0,0.0,0.0,1.0
35,285,9.265430757676643,2.566551091268575,1.0,0.0,1.0,0.0,0.0,0.0
36,285,3.470981281146523,7.753575182049241,0.0,1.0,0.0,0.0,0.0,0.0
37,285,4.473620822164815,3.3043503501803646,0.0,1.0,0.0,0.0,0.0,1.0
38,285,12.0,0.387062713738305,1.0,0.0,1.0,1.0,0.0,0.0
39,285,11.92463674901826,3.097487416028173,0.0,1.0,0.0,0.0,0.0,0.0
0,290,4.0691038474506245,6.560369646867704,0.0,0.0,0.0,0.0,1.0,0.0
1,290,10.29613940312196,2.071274723982756,0.0,1.0,1.0,0.0,0.0,0.0
2,290,6.142839226907814,4.5650057139109474,0.0,0.0,0.0,0.0,1.0,0.0
3,290,0.0,2.032277261594873,0.0,0.0,1.0,1.0,1.0,0.0
4,290,0.9871068634526938,5.472455082145283,0.0,1.0,1.0,0.0,1.0,1.0
5,290,4.586243707159901,11.728010713231576,0.0,0.0,0.0,0.0,0.0,0.0
6,290,6.830649218599035,0.7061028423391986,1.0,0.0,0.0,1.0,0.0,0.0
7,290,5.753440690010992,4.841197665165631,0.0,1.0,1.0,0.0,1.0,1.0
8,290,0.0,1.3557829244419823,1.0,0.0,0.0,0.0,1.0,1.0
9,290,7.001005897683998,3.581380408492847,1.0,0.0,0.0,0.0,0.0,1.0
10,290,11.582287284198774,6.477217813991613,0.0,0.0,0.0,0.0,1.0,1.0
11,290,12.0,7.205084613659844,0.0,1.0,1.0,0.0,0.0,0.0
12,290,3.935005688377004,5.086805594261903,1.0,1.0,0.0,0.0,0.0,0.0
13,290,0.993100036492418,4.911098155762105,0.0,1.0,1.0,1.0,0.0,1.0
14,290,0.0,7.414855058167571,1.0,0.0,1.0,0.0,1.0,0.0
15,290,0.2128931860926057,0.0,1.0,1.0,1.0,1.0,0.0,1.0
16,290,12.0,4.657454656823404,1.0,1.0,0.0,0.0,1.0,1.0
17,290,12.0,6.550994481308502,0.0,0.0,0.0,0.0,0.0,0.0
18,290,2.509317376716239,8.002477474780395,0.0,1.0,0.0,1.0,0.0,1.0
19,290,11.711384119802998,6.082467752993113,1.0,0.0,0.0,0.0,1.0,1.0
20,290,3.769006936101941,1.4184534993050284,0.0,1.0,0.0,1.0,0.0,1.0
21,290,3.8205000020428814,0.0,1.0,0.0,0.0,1.0,0.0,1.0
22,290,1.5377902213590096,2.768028413363796,0.0,0.0,1.0,1.0,0.0,1.0
23,290,10.30886044016355,10.019417576638306,0.0,1.0,1.0,0.0,0.0,0.0
24,290,8.399853925576647,6.064584610998115,1.0,1.0,0.0,0.0,0.0,1.0
25,290,0.0,12.0,1.0,0.0,0.0,1.0,1.0,1.0
26,290,4.801440589096141,0.7991357407434723,1.0,1.0,0.0,0.0,0.0,0.0
27,290,0.6475021272906514,2.009697429957429,0.0,0.0,1.0,0.0,0.0,0.0
28,290,9.583490987226003,11.761231113415102,0.0,0.0,0.0,0.0,1.0,1.0
29,290,4.479814163259048,4.039719478406262,0.0,1.0,1.0,0.0,1.0,1.0
30,290,11.993915831827708,0.3811451613226131,1.0,0.0,0.0,0.0,0.0,1.0
31,290,12.0,10.415930260807636,1.0,0.0,1.0,1.0,0.0,1.0
32,290,6.793211085833777,4.381282710551403,0.0,0.0,1.0,0.0,1.0,1.0
33,290,5.097328853057634,1.701692580622764,0.0,1.0,0.0,0.0,1.0,1.0
34,290,2.2233843041865526,0.0,0.0,0.0,0.0,0.0,0.0,1.0
35,290,9.260534330811415,2.570813577035104,1.0,0.0,1.0,0.0,0.0,0.0
36,290,3.6009186734578487,7.776431735800209,0.0,1.0,0.0,0.0,0.0,0.0
37,290,4.530484455952839,3.2112233637201038,0.0,1.0,0.0,0.0,0.0,1.0
38,290,12.0,0.4445950679579805,1.0,0.0,1.0,1.0,0.0,0.0
39,290,12.0,3.3334512748537293,0.0,1.0,0.0,0.0,0.0,0.0
0,295,4.083533960349064,6.565944776287298,0.0,0.0,0.0,0.0,1.0,0.0
1,295,10.42481121317919,1.9994453302377817,0.0,1.0,1.0,0.0,0.0,0.0
2,295,6.35926922349369,4.689027349982227,0.0,0.0,0.0,0.0,1.0,0.0
3,295,0.0,2.0262179607705995,0.0,0.0,1.0,1.0,1.0,0.0
4,295,0.9249079583707496,5.373692960079984,0.0,1.0,1.0,0.0,1.0,1.0
5,295,4.604032418062728,11.7122505660352,0.0,0.0,0.0,0.0,0.0,0.0
6,295,6.8567988498793095,0.7363686155391903,1.0,0.0,0.0,1.0,0.0,0.0
7,295,5.666038855206608,4.851524282389122,0.0,1.0,1.0,0.0,1.0,1.0
8,295,0.0,1.3837703989504495,1.0,0.0,0.0,0.0,1.0,1.0
9,295,6.974517415247614,3.6482879699133175,1.0,0.0,0.0,0.0,0.0,1.0
10,295,11.558654769561707,6.493018522153947,0.0,0.0,0.0,0.0,1.0,1.0
11,295,12.0,7.254695514571839,0.0,1.0,1.0,0.0,0.0,0.0
12,295,3.937674851973914,5.091836864828444,1.0,1.0,0.0,0.0,0.0,0.0
13,295,0.8606267346066894,4.820689959680242,0.0,1.0,1.0,1.0,0.0,1.0
14,295,0.0,7.456490273728736,1.0,0.0,1.0,0.0,1.0,0.0
15,295,0.0926550853338474,0.0,1.0,1.0,1.0,1.0,0.0,1.0
16,295,12.0,4.631554848653376,1.0,1.0,0.0,0.0,1.0,1.0
17,295,12.0,6.6079232892649,0.0,0.0,0.0,0.0,0.0,0.0
18,295,2.418717354884239,7.971832455087371,0.0,1.0,0.0,1.0,0.0,1.0
19,295,11.696387808115338,6.285251812315019,1.0,0.0,0.0,0.0,1.0,1.0
20,295,3.757813417157228,1.4349454435623352,0.0,1.0,0.0,1.0,0.0,1.0
21,295,3.770170914369048,0.0,1.0,0.0,0.0,1.0,0.0,1.0
22,295,1.553210333114819,2.883371736695746,0.0,0.0,1.0,1.0,0.0,1.0
23,295,10.356019823059688,9.957824248083297,0.0,1.0,1.0,0.0,0.0,0.0
24,295,8.463543853246552,6.113381214876776,1.0,1.0,0.0,0.0,0.0,1.0
25,295,0.0,12.0,1.0,0.0,0.0,1.0,1.0,1.0
26,295,4.995036997631763,0.9223608468044174,1.0,1.0,0.0,0.0,0.0,0.0
27,295,0.5240401106028414,2.1069520387112246,0.0,0.0,1.0,0.0,0.0,0.0
28,295,9.489847777799906,11.741592054956795,0.0,0.0,0.0,0.0,1.0,1.0
29,295,4.469717636473642,4.017259637226965,0.0,1.0,1.0,0.0,1.0,1.0
30,295,11.99016314835071,0.3107922875814,1.0,0.0,0.0,0.0,0.0,1.0
31,295,12.0,10.489247427502695,1.0,0.0,1.0,1.0,0.0,1.0
32,295,6.696194925897212,4.343858425954925,0.0,0.0,1.0,0.0,1.0,1.0
33,295,5.097419121533977,1.659452914720609,0.0,1.0,0.0,0.0,1.0,1.0
34,295,2.170527518940032,0.0,0.0,0.0,0.0,0.0,0.0,1.0
35,295,9.253657779775116,2.5771946143259687,1.0,0.0,1.0,0.0,0.0,0.0
36,295,3.7195187480437713,7.795647183932219,0.0,1.0,0.0,0.0,0.0,0.0
37,295,4.593133689626758,3.107871068747712,0.0,1.0,0.0,0.0,0.0,1.0
38,295,12.0,0.5185958903678896,1.0,0.0,1.0,1.0,0.0,0.0
39,295,12.0,3.5425899310293336,0.0,1.0,0.0,0.0,0.0,0.0
