0,0,9.071298491382787,1.0117762652027675,0.0,1.0,0.0,0.0,1.0,0.0
1,0,6.022147081891765,0.9603664399471198,0.0,0.0,0.0,1.0,1.0,0.0
2,0,8.943989852086585,11.954326453150218,0.0,0.0,0.0,1.0,0.0,0.0
3,0,0.0114120531618465,9.940206753452232,0.0,1.0,0.0,1.0,0.0,1.0
4,0,6.071628919842756,0.0217304928378426,1.0,1.0,0.0,1.0,1.0,1.0
5,0,1.9425877037894996,0.015508376189963,0.0,0.0,1.0,0.0,0.0,1.0
6,0,2.006484182088323,1.02379090035877,0.0,0.0,0.0,0.0,1.0,0.0
7,0,9.019478847168047,10.940858726213309,0.0,0.0,0.0,0.0,1.0,1.0
8,0,10.061402091192392,12.0,1.0,1.0,1.0,0.0,0.0,0.0
9,0,8.0682422043466,10.015956284807109,0.0,1.0,1.0,0.0,0.0,0.0
10,0,6.950655731212633,10.025573254200244,0.0,0.0,0.0,1.0,0.0,1.0
11,0,8.978086130586755,9.967999110854576,1.0,1.0,1.0,1.0,0.0,1.0
12,0,5.966251418750571,6.040177729307018,1.0,0.0,0.0,0.0,0.0,1.0
13,0,6.987978068842053,7.927347051467706,0.0,0.0,0.0,0.0,1.0,0.0
14,0,1.0340017429489574,8.958190953102916,0.0,0.0,1.0,0.0,1.0,1.0
15,0,7.081169924471908,11.013805566013804,0.0,1.0,1.0,0.0,1.0,1.0
16,0,0.0553221131297674,2.018629422536117,0.0,0.0,1.0,0.0,1.0,1.0
17,0,3.0398618646995743,12.0,0.0,0.0,1.0,0.0,0.0,1.0
18,0,0.0,10.056608190487404,0.0,0.0,0.0,0.0,0.0,0.0
19,0,3.9651287216446223,1.9980945307689888,0.0,1.0,1.0,1.0,0.0,0.0
20,0,0.9922449610631888,3.062779364182103,1.0,0.0,0.0,1.0,1.0,0.0
21,0,3.961873952372709,1.038616315977852,1.0,0.0,0.0,1.0,1.0,0.0
22,0,3.0352835893841874,11.945755783484088,0.0,0.0,0.0,0.0,0.0,0.0
23,0,7.001979674706662,6.025313418788469,1.0,0.0,1.0,0.0,0.0,1.0
24,0,7.054930816507572,7.973820273804731,0.0,1.0,0.0,0.0,1.0,0.0
25,0,9.04668739924882,3.983641593140831,1.0,1.0,0.0,0.0,0.0,1.0
26,0,10.95867183577344,7.955013831495071,1.0,0.0,1.0,1.0,1.0,0.0
27,0,6.927081296060001,8.978033378325868,1.0,0.0,1.0,0.0,1.0,1.0
28,0,2.9611840229725117,10.998708739530551,0.0,1.0,0.0,0.0,1.0,0.0
29,0,9.971827296038414,11.040784946667294,0.0,0.0,1.0,0.0,0.0,0.0
30,0,8.962849388756915,0.9499807843342334,0.0,1.0,1.0,1.0,0.0,1.0
31,0,6.959115458980234,10.047948520627406,0.0,1.0,1.0,1.0,0.0,0.0
32,0,3.0342573432340503,9.027430519651576,1.0,1.0,0.0,0.0,0.0,1.0
33,0,4.994945699041383,7.03655309592812,1.0,0.0,1.0,0.0,0.0,0.0
34,0,6.035748350956233,11.023569223950563,1.0,0.0,0.0,0.0,0.0,0.0
35,0,4.026729312197723,8.95948224202187,1.0,0.0,0.0,1.0,1.0,0.0
36,0,8.983300804099864,10.058950056712176,1.0,0.0,1.0,0.0,0.0,1.0
37,0,4.974520617492461,4.954904763877356,1.0,1.0,0.0,0.0,1.0,0.0
38,0,10.024136161326174,9.050050850747114,1.0,0.0,0.0,0.0,1.0,0.0
39,0,8.967579257636322,0.0679010275490695,0.0,1.0,0.0,1.0,0.0,0.0
0,5,9.155384449962542,1.0273852574504734,0.0,1.0,0.0,0.0,1.0,0.0
1,5,6.058019092487752,0.8992458295500341,0.0,0.0,0.0,1.0,1.0,0.0
2,5,8.874986718516247,11.894725478132177,0.0,0.0,0.0,1.0,0.0,0.0
3,5,0.0184610595641026,9.896553519316996,0.0,1.0,0.0,1.0,0.0,1.0
4,5,6.13544637434366,0.0409684522951859,1.0,1.0,0.0,1.0,1.0,1.0
5,5,1.8571883704062568,0.0386571511129071,0.0,0.0,1.0,0.0,0.0,1.0
6,5,2.016175646762543,1.0600190286849691,0.0,0.0,0.0,0.0,1.0,0.0
7,5,9.0395770658806,10.879133038794116,0.0,0.0,0.0,0.0,1.0,1.0
8,5,10.098829556355644,12.0,1.0,1.0,1.0,0.0,0.0,0.0
9,5,8.130591111727764,10.030703158060156,0.0,1.0,1.0,0.0,0.0,0.0
10,5,6.897838680176902,10.053604062308176,0.0,0.0,0.0,1.0,0.0,1.0
11,5,8.953161717918983,9.931700829152854,1.0,1.0,1.0,1.0,0.0,1.0
12,5,5.932805040197941,6.081859070442569,1.0,0.0,0.0,0.0,0.0,1.0
13,5,6.975525031076742,7.855419234716284,0.0,0.0,0.0,0.0,1.0,0.0
14,5,1.067557937111969,8.915939581249678,0.0,0.0,1.0,0.0,1.0,1.0
15,5,7.153423422882464,11.026984051142463,0.0,1.0,1.0,0.0,1.0,1.0
16,5,0.1010503823176048,2.0337844271799166,0.0,0.0,1.0,0.0,1.0,1.0
17,5,3.0717477688021284,12.0,0.0,0.0,1.0,0.0,0.0,1.0
18,5,0.0,10.1129391926287,0.0,0.0,0.0,0.0,0.0,0.0
19,5,3.9169642676110046,1.9944328659570536,0.0,1.0,1.0,1.0,0.0,0.0
20,5,0.984060862898855,3.125985807444263,1.0,0.0,0.0,1.0,1.0,0.0
21,5,3.937372203788429,1.0630262849471337,1.0,0.0,0.0,1.0,1.0,0.0
22,5,3.0688003655198632,11.892649619036726,0.0,0.0,0.0,0.0,0.0,0.0
23,5,7.004477236214465,6.063756888263007,1.0,0.0,1.0,0.0,0.0,1.0
24,5,7.109596132903558,7.948977495284967,0.0,1.0,0.0,0.0,1.0,0.0
25,5,9.077184338072724,3.972203740472447,1.0,1.0,0.0,0.0,0.0,1.0
26,5,10.924416911768883,7.917289490352755,1.0,0.0,1.0,1.0,1.0,0.0
27,5,6.856890104017864,8.956217469143512,1.0,0.0,1.0,0.0,1.0,1.0
28,5,2.9255718152567263,10.997803545325072,0.0,1.0,0.0,0.0,1.0,0.0
29,5,9.95455588533036,11.06534979807146,0.0,0.0,1.0,0.0,0.0,0.0
30,5,8.91615398531895,0.8890474393136301,0.0,1.0,1.0,1.0,0.0,1.0
31,5,6.910649958174338,10.101949766535014,0.0,1.0,1.0,1.0,0.0,0.0
32,5,3.0626051482526475,9.051511698353876,1.0,1.0,0.0,0.0,0.0,1.0
33,5,4.988356614959301,7.089936906223187,1.0,0.0,1.0,0.0,0.0,0.0
34,5,6.0823655735526,11.054128950735508,1.0,0.0,0.0,0.0,0.0,0.0
35,5,4.056517589565242,8.911724900225424,1.0,0.0,0.0,1.0,1.0,0.0
36,5,8.970301618003209,10.112167620825137,1.0,0.0,1.0,0.0,0.0,1.0
37,5,4.948258785496956,4.9098869222255,1.0,1.0,0.0,0.0,1.0,0.0
38,5,10.047251440599313,9.096262418550964,1.0,0.0,0.0,0.0,1.0,0.0
39,5,8.937598114265912,0.1327769272268176,0.0,1.0,0.0,1.0,0.0,0.0
0,10,9.255508635063816,1.046620991007053,0.0,1.0,0.0,0.0,1.0,0.0
1,10,6.127524827729172,0.9388783563485882,0.0,0.0,0.0,1.0,1.0,0.0
2,10,8.822556500272274,11.852247739459754,0.0,0.0,0.0,1.0,0.0,0.0
3,10,0.0257114300584758,9.853839266364483,0.0,1.0,0.0,1.0,0.0,1.0
4,10,6.1982722888322375,0.0578705538549476,1.0,1.0,0.0,1.0,1.0,1.0
5,10,1.77155100981517,0.0625540931053004,0.0,0.0,1.0,0.0,0.0,1.0
6,10,2.028219189259971,1.1028455000662365,0.0,0.0,0.0,0.0,1.0,0.0
7,10,9.06067053469049,10.81527367671816,0.0,0.0,0.0,0.0,1.0,1.0
8,10,10.13379584863071,12.0,1.0,1.0,1.0,0.0,0.0,0.0
9,10,8.217842235815855,10.050503813952243,0.0,1.0,1.0,0.0,0.0,0.0
10,10,6.839021374363021,10.084283745941404,0.0,0.0,0.0,1.0,0.0,1.0
11,10,8.928691354848507,9.895630282618717,1.0,1.0,1.0,1.0,0.0,1.0
12,10,5.92624397109725,6.090104814046783,1.0,0.0,0.0,0.0,0.0,1.0
13,10,6.966116897114704,7.802148188325452,0.0,0.0,0.0,0.0,1.0,0.0
14,10,1.0889752952318297,8.887307286451993,0.0,0.0,1.0,0.0,1.0,1.0
15,10,7.213871761028227,11.038569748677652,0.0,1.0,1.0,0.0,1.0,1.0
16,10,0.1452056584174063,2.047839945116181,0.0,0.0,1.0,0.0,1.0,1.0
17,10,3.1051452248076408,12.0,0.0,0.0,1.0,0.0,0.0,1.0
18,10,0.0,10.170324097479568,0.0,0.0,0.0,0.0,0.0,0.0
19,10,3.88487449073799,1.9921632967860825,0.0,1.0,1.0,1.0,0.0,0.0
20,10,0.9714697561074674,3.211280859621898,1.0,0.0,0.0,1.0,1.0,0.0
21,10,3.905694761854922,1.0948588934463823,1.0,0.0,0.0,1.0,1.0,0.0
22,10,3.1024279937541266,11.840264888197478,0.0,0.0,0.0,0.0,0.0,0.0
23,10,7.00778738874028,6.10648173522661,1.0,0.0,1.0,0.0,0.0,1.0
24,10,7.17032905368248,7.924110996870606,0.0,1.0,0.0,0.0,1.0,0.0
25,10,9.119876845266509,3.955534557551832,1.0,1.0,0.0,0.0,0.0,1.0
26,10,10.893277350371989,7.881758942770781,1.0,0.0,1.0,1.0,1.0,0.0
27,10,6.791780635154246,8.935311213585996,1.0,0.0,1.0,0.0,1.0,1.0
28,10,2.883705863744921,10.997784549782873,0.0,1.0,0.0,0.0,1.0,0.0
29,10,9.934774269010116,11.09234344340058,0.0,0.0,1.0,0.0,0.0,0.0
30,10,8.868549901290022,0.8275248159858268,0.0,1.0,1.0,1.0,0.0,1.0
31,10,6.867612167697123,10.14976211425726,0.0,1.0,1.0,1.0,0.0,0.0
32,10,3.095204636163997,9.078689710203331,1.0,1.0,0.0,0.0,0.0,1.0
33,10,4.981108160039186,7.152648703564181,1.0,0.0,1.0,0.0,0.0,0.0
34,10,6.144090073763997,11.09371052766626,1.0,0.0,0.0,0.0,0.0,0.0
35,10,4.0993684595034265,8.93824956290433,1.0,0.0,0.0,1.0,1.0,0.0
36,10,8.954640090692523,10.179485680761736,1.0,0.0,1.0,0.0,0.0,1.0
37,10,4.931941956266879,4.882519575821721,1.0,1.0,0.0,0.0,1.0,0.0
38,10,10.0762122874372,9.15716759277757,1.0,0.0,0.0,0.0,1.0,0.0
39,10,8.908710281651583,0.1987849547168894,0.0,1.0,0.0,1.0,0.0,0.0
0,15,9.366379088915924,1.068620317707329,0.0,1.0,0.0,0.0,1.0,0.0
1,15,6.186432837748508,0.971747906721798,0.0,0.0,0.0,1.0,1.0,0.0
2,15,8.762460525962112,11.80408558313146,0.0,0.0,0.0,1.0,0.0,0.0
3,15,0.0317901691336733,9.820445393213404,0.0,1.0,0.0,1.0,0.0,1.0
4,15,6.262252870468966,0.0747625081019749,1.0,1.0,0.0,1.0,1.0,1.0
5,15,1.6732624488372916,0.092797958668477,0.0,0.0,1.0,0.0,0.0,1.0
6,15,2.04006059254693,1.147914909775849,0.0,0.0,0.0,0.0,1.0,0.0
7,15,9.075852441954783,10.766962276622886,0.0,0.0,0.0,0.0,1.0,1.0
8,15,10.1602027004788,12.0,1.0,1.0,1.0,0.0,0.0,0.0
9,15,8.28105099342197,10.065508453546595,0.0,1.0,1.0,0.0,0.0,0.0
10,15,6.800352481160213,10.104682448607472,0.0,0.0,0.0,1.0,0.0,1.0
11,15,8.908733960094155,9.863666456718033,1.0,1.0,1.0,1.0,0.0,1.0
12,15,5.920632391696196,6.097090220406976,1.0,0.0,0.0,0.0,0.0,1.0
13,15,6.95698590052616,7.752283304305378,0.0,0.0,0.0,0.0,1.0,0.0
14,15,1.094109333087702,8.880616209151505,0.0,0.0,1.0,0.0,1.0,1.0
15,15,7.2685939799396495,11.05049918533323,0.0,1.0,1.0,0.0,1.0,1.0
16,15,0.2014019714625863,2.0672660926527,0.0,0.0,1.0,0.0,1.0,1.0
17,15,3.131211169112388,12.0,0.0,0.0,1.0,0.0,0.0,1.0
18,15,0.0,10.232118036899486,0.0,0.0,0.0,0.0,0.0,0.0
19,15,3.832085907181834,1.989050801747734,0.0,1.0,1.0,1.0,0.0,0.0
20,15,0.962244896507038,3.2705203381112757,1.0,0.0,0.0,1.0,1.0,0.0
21,15,3.877398395187846,1.1253561761712316,1.0,0.0,0.0,1.0,1.0,0.0
22,15,3.140206507326069,11.780918860589352,0.0,0.0,0.0,0.0,0.0,0.0
23,15,7.010067189340543,6.145799296968718,1.0,0.0,1.0,0.0,0.0,1.0
24,15,7.241258691288464,7.896198502671382,0.0,1.0,0.0,0.0,1.0,0.0
25,15,9.164521162078742,3.937894714415021,1.0,1.0,0.0,0.0,0.0,1.0
26,15,10.874751194483247,7.860939114411481,1.0,0.0,1.0,1.0,1.0,0.0
27,15,6.743624856780894,8.921116200996762,1.0,0.0,1.0,0.0,1.0,1.0
28,15,2.849077296071008,10.997476726157972,0.0,1.0,0.0,0.0,1.0,0.0
29,15,9.907180774109994,11.12961006135602,0.0,0.0,1.0,0.0,0.0,0.0
30,15,8.811132660118455,0.7570482094186546,0.0,1.0,1.0,1.0,0.0,1.0
31,15,6.812765422070922,10.210174508799067,0.0,1.0,1.0,1.0,0.0,0.0
32,15,3.121072826518335,9.101572802683698,1.0,1.0,0.0,0.0,0.0,1.0
33,15,4.972599984972185,7.219117462460269,1.0,0.0,1.0,0.0,0.0,0.0
34,15,6.191214855328186,11.1243524362302,1.0,0.0,0.0,0.0,0.0,0.0
35,15,4.143684535965529,8.965654627135741,1.0,0.0,0.0,1.0,1.0,0.0
36,15,9.023838475390946,10.195554076543496,1.0,0.0,1.0,0.0,0.0,1.0
37,15,4.920823327432959,4.8635447909222576,1.0,1.0,0.0,0.0,1.0,0.0
38,15,10.114695204119906,9.242753615029695,1.0,0.0,0.0,0.0,1.0,0.0
39,15,8.88492199791602,0.2529802935537404,0.0,1.0,0.0,1.0,0.0,0.0
0,20,9.501793224008262,1.096439894848289,0.0,1.0,0.0,0.0,1.0,0.0
1,20,6.270303668599028,1.0211461484329096,0.0,0.0,0.0,1.0,1.0,0.0
2,20,8.697711304523109,11.74807599430043,0.0,0.0,0.0,1.0,0.0,0.0
3,20,0.0388364945521701,9.78371075427062,0.0,1.0,0.0,1.0,0.0,1.0
4,20,6.322634862507755,0.0894873908377938,1.0,1.0,0.0,1.0,1.0,1.0
5,20,1.572865017715873,0.1261652975793261,0.0,0.0,1.0,0.0,0.0,1.0
6,20,2.049584679285636,1.18196437826437,0.0,0.0,0.0,0.0,1.0,0.0
7,20,9.093764582211223,10.712653166323411,0.0,0.0,0.0,0.0,1.0,1.0
8,20,10.185787362823758,12.0,1.0,1.0,1.0,0.0,0.0,0.0
9,20,8.32842076958789,10.076373939773374,0.0,1.0,1.0,0.0,0.0,0.0
10,20,6.7570354823709815,10.128981695111476,0.0,0.0,0.0,1.0,0.0,1.0
11,20,8.88207342708568,9.820026923696116,1.0,1.0,1.0,1.0,0.0,1.0
12,20,5.91501741070919,6.104251242721128,1.0,0.0,0.0,0.0,0.0,1.0
13,20,6.949488973085908,7.713878724185575,0.0,0.0,0.0,0.0,1.0,0.0
14,20,1.1119107013561698,8.857034642476888,0.0,0.0,1.0,0.0,1.0,1.0
15,20,7.301391337110484,11.057776280762075,0.0,1.0,1.0,0.0,1.0,1.0
16,20,0.2414711453744063,2.08161916137337,0.0,0.0,1.0,0.0,1.0,1.0
17,20,3.149715169663246,12.0,0.0,0.0,1.0,0.0,0.0,1.0
18,20,0.0,10.29226890820034,0.0,0.0,0.0,0.0,0.0,0.0
19,20,3.776084126478655,1.9839657108389368,0.0,1.0,1.0,1.0,0.0,0.0
20,20,0.9500225474958266,3.3497012219756988,1.0,0.0,0.0,1.0,1.0,0.0
21,20,3.84965899625311,1.1548311724500078,1.0,0.0,0.0,1.0,1.0,0.0
22,20,3.174679265416815,11.727021685804424,0.0,0.0,0.0,0.0,0.0,0.0
23,20,7.01237622736873,6.183751012124951,1.0,0.0,1.0,0.0,0.0,1.0
24,20,7.316777230227744,7.866017312313397,0.0,1.0,0.0,0.0,1.0,0.0
25,20,9.210877989770228,3.921234147852652,1.0,1.0,0.0,0.0,0.0,1.0
26,20,10.85829216363464,7.8424980154865,1.0,0.0,1.0,1.0,1.0,0.0
27,20,6.69158365323512,8.905947517999474,1.0,0.0,1.0,0.0,1.0,1.0
28,20,2.843813903625404,10.997425186457178,0.0,1.0,0.0,0.0,1.0,0.0
29,20,9.92234104364726,11.109131466143875,0.0,0.0,1.0,0.0,0.0,0.0
30,20,8.764601129096425,0.699933650886477,0.0,1.0,1.0,1.0,0.0,1.0
31,20,6.76436409351829,10.267238221328563,0.0,1.0,1.0,1.0,0.0,0.0
32,20,3.147249772949781,9.124267818918204,1.0,1.0,0.0,0.0,0.0,1.0
33,20,4.964755968767789,7.277128590881106,1.0,0.0,1.0,0.0,0.0,0.0
34,20,6.240125383848195,11.156654957538432,1.0,0.0,0.0,0.0,0.0,0.0
35,20,4.193937070191315,8.99539261775201,1.0,0.0,0.0,1.0,1.0,0.0
36,20,9.096630651257046,10.213045658553671,1.0,0.0,1.0,0.0,0.0,1.0
37,20,4.911999622481455,4.848489454545659,1.0,1.0,0.0,0.0,1.0,0.0
38,20,10.1586822025653,9.337072083592028,1.0,0.0,0.0,0.0,1.0,0.0
39,20,8.861876074754475,0.3020470775364262,0.0,1.0,0.0,1.0,0.0,0.0
0,25,9.629939681932678,1.1193637946470114,0.0,1.0,0.0,0.0,1.0,0.0
1,25,6.371505463764204,1.0831544892499614,0.0,0.0,0.0,1.0,1.0,0.0
2,25,8.640970328493802,11.698000174242932,0.0,0.0,0.0,1.0,0.0,0.0
3,25,0.0465510529742046,9.743322530117617,0.0,1.0,0.0,1.0,0.0,1.0
4,25,6.381007259587604,0.1030892986654619,1.0,1.0,0.0,1.0,1.0,1.0
5,25,1.6086757342446338,0.2229985181832609,0.0,0.0,1.0,0.0,0.0,1.0
6,25,2.05736849882174,1.2108283175819825,0.0,0.0,0.0,0.0,1.0,0.0
7,25,9.112073094725051,10.654414454298983,0.0,0.0,0.0,0.0,1.0,1.0
8,25,10.215955207675014,12.0,1.0,1.0,1.0,0.0,0.0,0.0
9,25,8.361039786764158,10.084256369351625,0.0,1.0,1.0,0.0,0.0,0.0
10,25,6.710116711136381,10.154941705084635,0.0,0.0,0.0,1.0,0.0,1.0
11,25,8.844972897305635,9.757889532334463,1.0,1.0,1.0,1.0,0.0,1.0
12,25,5.917343049459736,6.101180010839421,1.0,0.0,0.0,0.0,0.0,1.0
13,25,6.943021790284459,7.686171511601884,0.0,0.0,0.0,0.0,1.0,0.0
14,25,1.1249597701541498,8.840213205149931,0.0,0.0,1.0,0.0,1.0,1.0
15,25,7.309579400478102,11.059311776621009,0.0,1.0,1.0,0.0,1.0,1.0
16,25,0.2921490853509276,2.100308497478228,0.0,0.0,1.0,0.0,1.0,1.0
17,25,3.1659678599637564,12.0,0.0,0.0,1.0,0.0,0.0,1.0
18,25,0.0,10.354294631065756,0.0,0.0,0.0,0.0,0.0,0.0
19,25,3.73743097676556,1.9800948491556944,0.0,1.0,1.0,1.0,0.0,0.0
20,25,0.9402709082452948,3.413127515746144,1.0,0.0,0.0,1.0,1.0,0.0
21,25,3.829625181458496,1.1761966981579446,1.0,0.0,0.0,1.0,1.0,0.0
22,25,3.2025467374195253,11.682672295915063,0.0,0.0,0.0,0.0,0.0,0.0
23,25,7.015030429898268,6.224053760092118,1.0,0.0,1.0,0.0,0.0,1.0
24,25,7.407697908571685,7.831273122649842,0.0,1.0,0.0,0.0,1.0,0.0
25,25,9.23571130144942,3.911815463346551,1.0,1.0,0.0,0.0,0.0,1.0
26,25,10.8500858000078,7.833350603925111,1.0,0.0,1.0,1.0,1.0,0.0
27,25,6.708490573303951,8.84260658898518,1.0,0.0,1.0,0.0,1.0,1.0
28,25,2.8350686947676427,10.997284004983284,0.0,1.0,0.0,0.0,1.0,0.0
29,25,9.926839140461055,11.10292505300677,0.0,0.0,1.0,0.0,0.0,0.0
30,25,8.725295382820855,0.6510273345654789,0.0,1.0,1.0,1.0,0.0,1.0
31,25,6.710463966162196,10.329418871968532,0.0,1.0,1.0,1.0,0.0,0.0
32,25,3.163495748968207,9.13834050216566,1.0,1.0,0.0,0.0,0.0,1.0
33,25,4.956975928916654,7.327995185006806,1.0,0.0,1.0,0.0,0.0,0.0
34,25,6.306347508718023,11.201083229787038,1.0,0.0,0.0,0.0,0.0,0.0
35,25,4.257996157121676,9.033973733230503,1.0,0.0,0.0,1.0,1.0,0.0
36,25,9.071161392337489,10.319601739680554,1.0,0.0,1.0,0.0,0.0,1.0
37,25,4.907665797865854,4.840985257872189,1.0,1.0,0.0,0.0,1.0,0.0
38,25,10.191589905083134,9.404154557479574,1.0,0.0,0.0,0.0,1.0,0.0
39,25,8.831047133703972,0.3658207537079334,0.0,1.0,0.0,1.0,0.0,0.0
0,30,9.751710942837349,1.1411712460986123,0.0,1.0,0.0,0.0,1.0,0.0
1,30,6.49755448929933,1.160240164883951,0.0,0.0,0.0,1.0,1.0,0.0
2,30,8.579557916766667,11.643470458596784,0.0,0.0,0.0,1.0,0.0,0.0
3,30,0.0560914991252051,9.688755807453,0.0,1.0,0.0,1.0,0.0,1.0
4,30,6.438568991715368,0.1153214472772762,1.0,1.0,0.0,1.0,1.0,1.0
5,30,1.6429802867921175,0.3191474657721578,0.0,0.0,1.0,0.0,0.0,1.0
6,30,2.065196717653892,1.238495361039289,0.0,0.0,0.0,0.0,1.0,0.0
7,30,9.130507986615578,10.59569598054789,0.0,0.0,0.0,0.0,1.0,1.0
8,30,10.247296603702267,12.0,1.0,1.0,1.0,0.0,0.0,0.0
9,30,8.381461563348948,10.089384691106652,0.0,1.0,1.0,0.0,0.0,0.0
10,30,6.675469427661221,10.175031543873253,0.0,0.0,0.0,1.0,0.0,1.0
11,30,8.802284388190527,9.688230114727205,1.0,1.0,1.0,1.0,0.0,1.0
12,30,5.933933491109288,6.080609403583509,1.0,0.0,0.0,0.0,0.0,1.0
13,30,6.9379296425281245,7.665070640677102,0.0,0.0,0.0,0.0,1.0,0.0
14,30,1.1422381477600092,8.817959059184895,0.0,0.0,1.0,0.0,1.0,1.0
15,30,7.326542524886586,11.062176558347431,0.0,1.0,1.0,0.0,1.0,1.0
16,30,0.3517854069268371,2.1240074629400656,0.0,0.0,1.0,0.0,1.0,1.0
17,30,3.180729109518911,12.0,0.0,0.0,1.0,0.0,0.0,1.0
18,30,0.0,10.384511588183706,0.0,0.0,0.0,0.0,0.0,0.0
19,30,3.70552466709529,1.9763490940031585,0.0,1.0,1.0,1.0,0.0,0.0
20,30,0.9278138208652555,3.500652327343208,1.0,0.0,0.0,1.0,1.0,0.0
21,30,3.802025394640144,1.2062157411764396,1.0,0.0,0.0,1.0,1.0,0.0
22,30,3.234404003104545,11.635146838045229,0.0,0.0,0.0,0.0,0.0,0.0
23,30,7.01764153939278,6.265343593098934,1.0,0.0,1.0,0.0,0.0,1.0
24,30,7.4910754216697955,7.801255704704469,0.0,1.0,0.0,0.0,1.0,0.0
25,30,9.276394096470938,3.897755662009707,1.0,1.0,0.0,0.0,0.0,1.0
26,30,10.836775524453008,7.817351585675524,1.0,0.0,1.0,1.0,1.0,0.0
27,30,6.730174828295108,8.764161064601883,1.0,0.0,1.0,0.0,1.0,1.0
28,30,2.832706402673598,10.997262288578211,0.0,1.0,0.0,0.0,1.0,0.0
29,30,9.940402393025328,11.083366715956569,0.0,0.0,1.0,0.0,0.0,0.0
30,30,8.669258573337117,0.5815288090344453,0.0,1.0,1.0,1.0,0.0,1.0
31,30,6.651281782864562,10.39384473545874,0.0,1.0,1.0,1.0,0.0,0.0
32,30,3.1757181098240004,9.149365904093036,1.0,1.0,0.0,0.0,0.0,1.0
33,30,4.9520112557130105,7.363523224636306,1.0,0.0,1.0,0.0,0.0,0.0
34,30,6.368800032289989,11.245204328595046,1.0,0.0,0.0,0.0,0.0,0.0
35,30,4.308534758954522,9.064046834931352,1.0,0.0,0.0,1.0,1.0,0.0
36,30,9.042148994089729,10.437127631469949,1.0,0.0,1.0,0.0,0.0,1.0
37,30,4.904045901173942,4.834788363134408,1.0,1.0,0.0,0.0,1.0,0.0
38,30,10.227256593151314,9.480473659756068,1.0,0.0,0.0,0.0,1.0,0.0
39,30,8.798567070958507,0.434498724542517,0.0,1.0,0.0,1.0,0.0,0.0
0,35,9.8816367896611,1.163639117251951,0.0,1.0,0.0,0.0,1.0,0.0
1,35,6.624015446944744,1.2384484104804063,0.0,0.0,0.0,1.0,1.0,0.0
2,35,8.512047511218663,11.58241059501782,0.0,0.0,0.0,1.0,0.0,0.0
3,35,0.0632400299311331,9.64345044723327,0.0,1.0,0.0,1.0,0.0,1.0
4,35,6.504367510029135,0.1269860598213059,1.0,1.0,0.0,1.0,1.0,1.0
5,35,1.6813957518263611,0.4263936708016632,0.0,0.0,1.0,0.0,0.0,1.0
6,35,2.074572415045468,1.2696264332945828,0.0,0.0,0.0,0.0,1.0,0.0
7,35,9.14861811499994,10.537477400560649,0.0,0.0,0.0,0.0,1.0,1.0
8,35,10.273898140142007,12.0,1.0,1.0,1.0,0.0,0.0,0.0
9,35,8.374387891306107,10.087590663548614,0.0,1.0,1.0,0.0,0.0,0.0
10,35,6.628399812192672,10.203280080285872,0.0,0.0,0.0,1.0,0.0,1.0
11,35,8.755276927866184,9.612962346948333,1.0,1.0,1.0,1.0,0.0,1.0
12,35,5.9522764523105725,6.057997057409711,1.0,0.0,0.0,0.0,0.0,1.0
13,35,6.935924123844837,7.655164906203399,0.0,0.0,0.0,0.0,1.0,0.0
14,35,1.1513125407677312,8.806246144173329,0.0,0.0,1.0,0.0,1.0,1.0
15,35,7.340638801184042,11.064538552112673,0.0,1.0,1.0,0.0,1.0,1.0
16,35,0.4088986760464956,2.1476457302413885,0.0,0.0,1.0,0.0,1.0,1.0
17,35,3.1893499158789065,12.0,0.0,0.0,1.0,0.0,0.0,1.0
18,35,0.0,10.420340892224578,0.0,0.0,0.0,0.0,0.0,0.0
19,35,3.6752469689459457,1.97353440001742,0.0,1.0,1.0,1.0,0.0,0.0
20,35,0.9170612687424428,3.5853041545357267,1.0,0.0,0.0,1.0,1.0,0.0
21,35,3.779325488899207,1.2304190512086328,1.0,0.0,0.0,1.0,1.0,0.0
22,35,3.2694658908096144,11.581406404222369,0.0,0.0,0.0,0.0,0.0,0.0
23,35,7.019688192035318,6.3142449050929015,1.0,0.0,1.0,0.0,0.0,1.0
24,35,7.569013828133036,7.772242301357473,0.0,1.0,0.0,0.0,1.0,0.0
25,35,9.295700245451206,3.891714245267112,1.0,1.0,0.0,0.0,0.0,1.0
26,35,10.837307324481822,7.817970517803976,1.0,0.0,1.0,1.0,1.0,0.0
27,35,6.7498017751080805,8.694696297829228,1.0,0.0,1.0,0.0,1.0,1.0
28,35,2.825178730531192,10.996942257397228,0.0,1.0,0.0,0.0,1.0,0.0
29,35,9.947166239008132,11.073706567785218,0.0,0.0,1.0,0.0,0.0,0.0
30,35,8.596301018954216,0.4915260999097289,0.0,1.0,1.0,1.0,0.0,1.0
31,35,6.591014265969399,10.463636528891035,0.0,1.0,1.0,1.0,0.0,0.0
32,35,3.184971237500996,9.15703558716147,1.0,1.0,0.0,0.0,0.0,1.0
33,35,4.951478481241323,7.367138118658958,1.0,0.0,1.0,0.0,0.0,0.0
34,35,6.413608474662426,11.27617058874247,1.0,0.0,0.0,0.0,0.0,0.0
35,35,4.344281222768064,9.085830032810495,1.0,0.0,0.0,1.0,1.0,0.0
36,35,9.017410482310256,10.545867930596703,1.0,0.0,1.0,0.0,0.0,1.0
37,35,4.908153142573184,4.841690938464876,1.0,1.0,0.0,0.0,1.0,0.0
38,35,10.268194611429438,9.564484204323984,1.0,0.0,0.0,0.0,1.0,0.0
39,35,8.757934406708438,0.5178251697681852,0.0,1.0,0.0,1.0,0.0,0.0
0,40,10.00885009361563,1.1867693173135827,0.0,1.0,0.0,0.0,1.0,0.0
1,40,6.748032523192903,1.316613724050346,0.0,0.0,0.0,1.0,1.0,0.0
2,40,8.42657542174166,11.50566432598164,0.0,0.0,0.0,1.0,0.0,0.0
3,40,0.0792473860806543,9.55697022012896,0.0,1.0,0.0,1.0,0.0,1.0
4,40,6.560401510158206,0.1357750562082855,1.0,1.0,0.0,1.0,1.0,1.0
5,40,1.7191956377021316,0.5316840167551857,0.0,0.0,1.0,0.0,0.0,1.0
6,40,2.083552629760783,1.300466309621254,0.0,0.0,0.0,0.0,1.0,0.0
7,40,9.163653995079493,10.490844875572408,0.0,0.0,0.0,0.0,1.0,1.0
8,40,10.308125351883302,12.0,1.0,1.0,1.0,0.0,0.0,0.0
9,40,8.352914907360777,10.081234259501883,0.0,1.0,1.0,0.0,0.0,0.0
10,40,6.593539455340072,10.224743862057393,0.0,0.0,0.0,1.0,0.0,1.0
11,40,8.699620280172532,9.522212647432262,1.0,1.0,1.0,1.0,0.0,1.0
12,40,5.959295783613259,6.049027868937371,1.0,0.0,0.0,0.0,0.0,1.0
13,40,6.93328934946164,7.642133631170848,0.0,0.0,0.0,0.0,1.0,0.0
14,40,1.1670323977961845,8.786264576361232,0.0,0.0,1.0,0.0,1.0,1.0
15,40,7.369904171316348,11.070003278640751,0.0,1.0,1.0,0.0,1.0,1.0
16,40,0.4544620078850351,2.169068020664912,0.0,0.0,1.0,0.0,1.0,1.0
17,40,3.1877341705753244,11.998038722862097,0.0,0.0,1.0,0.0,0.0,1.0
18,40,0.0,10.454138709001557,0.0,0.0,0.0,0.0,0.0,0.0
19,40,3.638643412601444,1.9699503562313296,0.0,1.0,1.0,1.0,0.0,0.0
20,40,0.9034008841844304,3.675599418650628,1.0,0.0,0.0,1.0,1.0,0.0
21,40,3.7592442360283824,1.2525429770053844,1.0,0.0,0.0,1.0,1.0,0.0
22,40,3.304065161765099,11.524816160594044,0.0,0.0,0.0,0.0,0.0,0.0
23,40,7.02149431963266,6.359792489600547,1.0,0.0,1.0,0.0,0.0,1.0
24,40,7.66350425079257,7.736985056929651,0.0,1.0,0.0,0.0,1.0,0.0
25,40,9.309530485078175,3.887049423649296,1.0,1.0,0.0,0.0,0.0,1.0
26,40,10.86222093554562,7.847853273881516,1.0,0.0,1.0,1.0,1.0,0.0
27,40,6.774476056881014,8.606292563080286,1.0,0.0,1.0,0.0,1.0,1.0
28,40,2.803056019449349,10.995881438514273,0.0,1.0,0.0,0.0,1.0,0.0
29,40,9.952160352147922,11.066616987598906,0.0,0.0,1.0,0.0,0.0,0.0
30,40,8.500391588396425,0.375451800875867,0.0,1.0,1.0,1.0,0.0,1.0
31,40,6.672306783114002,10.533358634842806,0.0,1.0,1.0,1.0,0.0,0.0
32,40,3.192223674236943,9.163040638138837,1.0,1.0,0.0,0.0,0.0,1.0
33,40,4.949709369089746,7.377040236918343,1.0,0.0,1.0,0.0,0.0,0.0
34,40,6.458606728624924,11.307282676854522,1.0,0.0,0.0,0.0,0.0,0.0
35,40,4.365870082476832,9.099908894258713,1.0,0.0,0.0,1.0,1.0,0.0
36,40,8.994973513001144,10.649597437940482,1.0,0.0,1.0,0.0,0.0,1.0
37,40,4.913151584232382,4.849725313638914,1.0,1.0,0.0,0.0,1.0,0.0
38,40,10.302898275034794,9.640057503736024,1.0,0.0,0.0,0.0,1.0,0.0
39,40,8.71757680652647,0.5950972353962705,0.0,1.0,0.0,1.0,0.0,0.0
0,45,10.145459523690016,1.2092495015021298,0.0,1.0,0.0,0.0,1.0,0.0
1,45,6.859634027702869,1.3893761783625984,0.0,0.0,0.0,1.0,1.0,0.0
2,45,8.336009254114668,11.430519925437151,0.0,0.0,0.0,1.0,0.0,0.0
3,45,0.0918594640671195,9.473597790789553,0.0,1.0,0.0,1.0,0.0,1.0
4,45,6.619484812026463,0.1444586283833641,1.0,1.0,0.0,1.0,1.0,1.0
5,45,1.7532756954631792,0.626742150316731,0.0,0.0,1.0,0.0,0.0,1.0
6,45,2.102049616893224,1.368474718353066,0.0,0.0,0.0,0.0,1.0,0.0
7,45,9.17804691625126,10.4474229019859,0.0,0.0,0.0,0.0,1.0,1.0
8,45,10.335834315618447,12.0,1.0,1.0,1.0,0.0,0.0,0.0
9,45,8.316107585881749,10.0705628118573,0.0,1.0,1.0,0.0,0.0,0.0
10,45,6.5598772609132325,10.246834982954176,0.0,0.0,0.0,1.0,0.0,1.0
11,45,8.638187332575388,9.419578736465482,1.0,1.0,1.0,1.0,0.0,1.0
12,45,5.959286905447245,6.049039604773121,1.0,0.0,0.0,0.0,0.0,1.0
13,45,6.930708813352956,7.6307840703938306,0.0,0.0,0.0,0.0,1.0,0.0
14,45,1.1816146000850445,8.767483099800533,0.0,0.0,1.0,0.0,1.0,1.0
15,45,7.400247536638862,11.074873352381772,0.0,1.0,1.0,0.0,1.0,1.0
16,45,0.4879523672557436,2.1846622741232204,0.0,0.0,1.0,0.0,1.0,1.0
17,45,3.1910060520325354,12.0,0.0,0.0,1.0,0.0,0.0,1.0
18,45,0.0,10.530602526653013,0.0,0.0,0.0,0.0,0.0,0.0
19,45,3.612507380155483,1.9676982551699396,0.0,1.0,1.0,1.0,0.0,0.0
20,45,0.8865134612283673,3.778086308338448,1.0,0.0,0.0,1.0,1.0,0.0
21,45,3.727310326686884,1.288237458977722,1.0,0.0,0.0,1.0,1.0,0.0
22,45,3.3305160622540573,11.478369938863615,0.0,0.0,0.0,0.0,0.0,0.0
23,45,7.022551515126128,6.395527439473378,1.0,0.0,1.0,0.0,0.0,1.0
24,45,7.768916239118037,7.694842839258511,0.0,1.0,0.0,0.0,1.0,0.0
25,45,9.326085162136067,3.881015226801176,1.0,1.0,0.0,0.0,0.0,1.0
26,45,10.894380163000765,7.8837622764218525,1.0,0.0,1.0,1.0,1.0,0.0
27,45,6.798405099223597,8.524786362148705,1.0,0.0,1.0,0.0,1.0,1.0
28,45,2.7888874126160954,10.995380715855438,0.0,1.0,0.0,0.0,1.0,0.0
29,45,9.954746525228822,11.062925663097923,0.0,0.0,1.0,0.0,0.0,0.0
30,45,8.41802303430823,0.2796965406305579,0.0,1.0,1.0,1.0,0.0,1.0
31,45,6.751456324080376,10.59962685432392,0.0,1.0,1.0,1.0,0.0,0.0
32,45,3.194957575100991,9.165339438430454,1.0,1.0,0.0,0.0,0.0,1.0
33,45,4.949136158785504,7.380093440946179,1.0,0.0,1.0,0.0,0.0,0.0
34,45,6.498619103346118,11.33464892279824,1.0,0.0,0.0,0.0,0.0,0.0
35,45,4.372965484591898,9.089488531920138,1.0,0.0,0.0,1.0,1.0,0.0
36,45,8.974825747995549,10.731102184656656,1.0,0.0,1.0,0.0,0.0,1.0
37,45,4.9318004456205005,4.879883014741814,1.0,1.0,0.0,0.0,1.0,0.0
38,45,10.348693935472026,9.734660116822216,1.0,0.0,0.0,0.0,1.0,0.0
39,45,8.677621114015796,0.6670335667692344,0.0,1.0,0.0,1.0,0.0,0.0
0,50,10.301475394844196,1.235956616999662,0.0,1.0,0.0,0.0,1.0,0.0
1,50,6.956436434658575,1.44863969070349,0.0,0.0,0.0,1.0,1.0,0.0
2,50,8.238563045624367,11.347293129393062,0.0,0.0,0.0,1.0,0.0,0.0
3,50,0.1051841074021051,9.379948617759691,0.0,1.0,0.0,1.0,0.0,1.0
4,50,6.662339281699207,0.1508282945891282,1.0,1.0,0.0,1.0,1.0,1.0
5,50,1.788910532583475,0.7251832819936235,0.0,0.0,1.0,0.0,0.0,1.0
6,50,2.0322545498481657,1.386743277310968,0.0,0.0,0.0,0.0,1.0,0.0
7,50,9.19418161287993,10.396985243962126,0.0,0.0,0.0,0.0,1.0,1.0
8,50,10.35620531133556,12.0,1.0,1.0,1.0,0.0,0.0,0.0
9,50,8.293665590592532,10.063620605766392,0.0,1.0,1.0,0.0,0.0,0.0
10,50,6.518992375590185,10.271973085437654,0.0,0.0,0.0,1.0,0.0,1.0
11,50,8.583532999780795,9.327485589081476,1.0,1.0,1.0,1.0,0.0,1.0
12,50,5.97352254590901,6.030078780062672,1.0,0.0,0.0,0.0,0.0,1.0
13,50,6.931036896466635,7.6320927440658,0.0,0.0,0.0,0.0,1.0,0.0
14,50,1.1997338189960118,8.743803886319474,0.0,0.0,1.0,0.0,1.0,1.0
15,50,7.426386084728519,11.07849401059107,0.0,1.0,1.0,0.0,1.0,1.0
16,50,0.526390995378484,2.2017965082453763,0.0,0.0,1.0,0.0,1.0,1.0
17,50,3.198707012468141,12.0,0.0,0.0,1.0,0.0,0.0,1.0
18,50,0.0,10.61638383733282,0.0,0.0,0.0,0.0,0.0,0.0
19,50,3.603145605945072,1.9666985384421616,0.0,1.0,1.0,1.0,0.0,0.0
20,50,0.8715987016029261,3.8650894760599366,1.0,0.0,0.0,1.0,1.0,0.0
21,50,3.7047855668011263,1.314732416355561,1.0,0.0,0.0,1.0,1.0,0.0
22,50,3.3572385407327534,11.431619145212617,0.0,0.0,0.0,0.0,0.0,0.0
23,50,7.021784144509147,6.434223247713024,1.0,0.0,1.0,0.0,0.0,1.0
24,50,7.886228809407034,7.651921904905217,0.0,1.0,0.0,0.0,1.0,0.0
25,50,9.366179243931548,3.8657161879309183,1.0,1.0,0.0,0.0,0.0,1.0
26,50,10.926387458548296,7.919814657123668,1.0,0.0,1.0,1.0,1.0,0.0
27,50,6.830698328232763,8.419769767720013,1.0,0.0,1.0,0.0,1.0,1.0
28,50,2.7576402437052345,10.99383170437926,0.0,1.0,0.0,0.0,1.0,0.0
29,50,9.953655727610675,11.064442317242136,0.0,0.0,1.0,0.0,0.0,0.0
30,50,8.3334898762097,0.1891286496936192,0.0,1.0,1.0,1.0,0.0,1.0
31,50,6.830626686879666,10.666183537559656,0.0,1.0,1.0,1.0,0.0,0.0
32,50,3.1985941241778746,9.168398457407948,1.0,1.0,0.0,0.0,0.0,1.0
33,50,4.952761813326315,7.364507668477399,1.0,0.0,1.0,0.0,0.0,0.0
34,50,6.533244982848622,11.35563958484739,1.0,0.0,0.0,0.0,0.0,0.0
35,50,4.383524534652749,9.0737114351103,1.0,0.0,0.0,1.0,1.0,0.0
36,50,8.961161106983607,10.786292042931375,1.0,0.0,1.0,0.0,0.0,1.0
37,50,4.95645544378711,4.919020132252323,1.0,1.0,0.0,0.0,1.0,0.0
38,50,10.394898746177589,9.833697069919602,1.0,0.0,0.0,0.0,1.0,0.0
39,50,8.63814287807734,0.7385632677300038,0.0,1.0,0.0,1.0,0.0,0.0
0,55,10.451063620642431,1.2626642677352544,0.0,1.0,0.0,0.0,1.0,0.0
1,55,7.049251543453191,1.5080650985849906,0.0,0.0,0.0,1.0,1.0,0.0
2,55,8.139089034305677,11.258898429569618,0.0,0.0,0.0,1.0,0.0,0.0
3,55,0.1167488725173507,9.30101133427034,0.0,1.0,0.0,1.0,0.0,1.0
4,55,6.691729265380553,0.1554287703976117,1.0,1.0,0.0,1.0,1.0,1.0
5,55,1.8204649682684544,0.814443890895959,0.0,0.0,1.0,0.0,0.0,1.0
6,55,1.9632542648646163,1.406119320389846,0.0,0.0,0.0,0.0,1.0,0.0
7,55,9.210014264938184,10.346706186442375,0.0,0.0,0.0,0.0,1.0,1.0
8,55,10.370196738193396,12.0,1.0,1.0,1.0,0.0,0.0,0.0
9,55,8.269898236330732,10.05583573718194,0.0,1.0,1.0,0.0,0.0,0.0
10,55,6.488112041228672,10.291267057605287,0.0,0.0,0.0,1.0,0.0,1.0
11,55,8.531952174027225,9.244079231349865,1.0,1.0,1.0,1.0,0.0,1.0
12,55,5.999094999120526,5.995693991169949,1.0,0.0,0.0,0.0,0.0,1.0
13,55,6.931376362791176,7.633497724255709,0.0,0.0,0.0,0.0,1.0,0.0
14,55,1.2253494845414594,8.763620793511347,0.0,0.0,1.0,0.0,1.0,1.0
15,55,7.437029158118015,11.079889228308978,0.0,1.0,1.0,0.0,1.0,1.0
16,55,0.5681553571579124,2.2206277479562027,0.0,0.0,1.0,0.0,1.0,1.0
17,55,3.192699609466348,11.99281669954761,0.0,0.0,1.0,0.0,0.0,1.0
18,55,0.0,10.714356017466908,0.0,0.0,0.0,0.0,0.0,0.0
19,55,3.5907663883634635,1.9652545393637333,0.0,1.0,1.0,1.0,0.0,0.0
20,55,0.8536963417450569,3.9655630246501623,1.0,0.0,0.0,1.0,1.0,0.0
21,55,3.695346402152214,1.3255588451070868,1.0,0.0,0.0,1.0,1.0,0.0
22,55,3.3853170447552072,11.383009946224348,0.0,0.0,0.0,0.0,0.0,0.0
23,55,7.021013269916927,6.491890815514613,1.0,0.0,1.0,0.0,0.0,1.0
24,55,7.984344604882611,7.61970453644594,0.0,1.0,0.0,0.0,1.0,0.0
25,55,9.398783106668828,3.851878863172464,1.0,1.0,0.0,0.0,0.0,1.0
26,55,10.95549893246798,7.952100365470879,1.0,0.0,1.0,1.0,1.0,0.0
27,55,6.869108241983198,8.294525055862204,1.0,0.0,1.0,0.0,1.0,1.0
28,55,2.73666268330833,10.993094204241537,0.0,1.0,0.0,0.0,1.0,0.0
29,55,9.944237102672847,11.078079353356811,0.0,0.0,1.0,0.0,0.0,0.0
30,55,8.253590457898229,0.0970316314452569,0.0,1.0,1.0,1.0,0.0,1.0
31,55,6.907370603127752,10.730186152827844,0.0,1.0,1.0,1.0,0.0,0.0
32,55,3.2205616760910485,9.18682547612263,1.0,1.0,0.0,0.0,0.0,1.0
33,55,4.957925544533788,7.341371062280108,1.0,0.0,1.0,0.0,0.0,0.0
34,55,6.556621456708418,11.370071831547644,1.0,0.0,0.0,0.0,0.0,0.0
35,55,4.385824453624359,9.07026971621358,1.0,0.0,0.0,1.0,1.0,0.0
36,55,8.950426313830825,10.828818211129416,1.0,0.0,1.0,0.0,0.0,1.0
37,55,4.991274887043154,4.973686664033109,1.0,1.0,0.0,0.0,1.0,0.0
38,55,10.4423783841253,9.93150879731956,1.0,0.0,0.0,0.0,1.0,0.0
39,55,8.591244843789024,0.826613146896571,0.0,1.0,0.0,1.0,0.0,0.0
0,60,10.583287179971238,1.2868725331256254,0.0,1.0,0.0,0.0,1.0,0.0
1,60,7.144065346643952,1.5677699761684305,0.0,0.0,0.0,1.0,1.0,0.0
2,60,8.049842711093133,11.172924276642702,0.0,0.0,0.0,1.0,0.0,0.0
3,60,0.1259731747050665,9.230318590000984,0.0,1.0,0.0,1.0,0.0,1.0
4,60,6.738747101509862,0.1615938783849653,1.0,1.0,0.0,1.0,1.0,1.0
5,60,1.8552208598174804,0.9138002456111484,0.0,0.0,1.0,0.0,0.0,1.0
6,60,1.917861568573028,1.4189617600643278,0.0,0.0,0.0,0.0,1.0,0.0
7,60,9.22253029048268,10.3039142119668,0.0,0.0,0.0,0.0,1.0,1.0
8,60,10.379219640177812,12.0,1.0,1.0,1.0,0.0,0.0,0.0
9,60,8.267601863769436,10.055037844720378,0.0,1.0,1.0,0.0,0.0,0.0
10,60,6.464980763435704,10.305377840362144,0.0,0.0,0.0,1.0,0.0,1.0
11,60,8.475026686638586,9.148139099142604,1.0,1.0,1.0,1.0,0.0,1.0
12,60,6.010870338526646,5.978451794411568,1.0,0.0,0.0,0.0,0.0,1.0
13,60,6.926262972603158,7.614288496668318,0.0,0.0,0.0,0.0,1.0,0.0
14,60,1.245401162277217,8.779508427003998,0.0,0.0,1.0,0.0,1.0,1.0
15,60,7.463219233346575,11.083578017440525,0.0,1.0,1.0,0.0,1.0,1.0
16,60,0.6058182647714452,2.238044644099856,0.0,0.0,1.0,0.0,1.0,1.0
17,60,3.1896525546550496,11.989061213575985,0.0,0.0,1.0,0.0,0.0,1.0
18,60,0.0,10.820330619037058,0.0,0.0,0.0,0.0,0.0,0.0
19,60,3.549474261953496,1.9610108234090065,0.0,1.0,1.0,1.0,0.0,0.0
20,60,0.8365889362388458,4.068612570182046,1.0,0.0,0.0,1.0,1.0,0.0
21,60,3.689745838728742,1.3317304428069217,1.0,0.0,0.0,1.0,1.0,0.0
22,60,3.4224119889382503,11.320583260732814,0.0,0.0,0.0,0.0,0.0,0.0
23,60,7.019469664519193,6.536267736898389,1.0,0.0,1.0,0.0,0.0,1.0
24,60,8.072268781402297,7.59139760418342,0.0,1.0,0.0,0.0,1.0,0.0
25,60,9.42845550323932,3.839250809438812,1.0,1.0,0.0,0.0,0.0,1.0
26,60,10.999429075718794,8.001543654332929,1.0,0.0,1.0,1.0,1.0,0.0
27,60,6.911188273164881,8.159405801574522,1.0,0.0,1.0,0.0,1.0,1.0
28,60,2.6866833824878875,10.990841929482166,0.0,1.0,0.0,0.0,1.0,0.0
29,60,9.948147569991558,11.07259627184055,0.0,0.0,1.0,0.0,0.0,0.0
30,60,8.168657445586636,0.0,0.0,1.0,1.0,1.0,0.0,1.0
31,60,6.968751663251631,10.782172009636705,0.0,1.0,1.0,1.0,0.0,0.0
32,60,3.2406930139556174,9.20338533141872,1.0,1.0,0.0,0.0,0.0,1.0
33,60,4.96459722344037,7.31107965083808,1.0,0.0,1.0,0.0,0.0,0.0
34,60,6.611056082377984,11.402448848996308,1.0,0.0,0.0,0.0,0.0,0.0
35,60,4.38948205378503,9.06471437533088,1.0,0.0,0.0,1.0,1.0,0.0
36,60,8.939434474942189,10.873572954967354,1.0,0.0,1.0,0.0,0.0,1.0
37,60,5.026943221960061,5.033826931093393,1.0,1.0,0.0,0.0,1.0,0.0
38,60,10.49086547376303,10.031319163864977,1.0,0.0,0.0,0.0,1.0,0.0
39,60,8.538837509316453,0.9206163390038088,0.0,1.0,0.0,1.0,0.0,0.0
0,65,10.710079449159156,1.308245727928807,0.0,1.0,0.0,0.0,1.0,0.0
1,65,7.228715254284826,1.6242938697396307,0.0,0.0,0.0,1.0,1.0,0.0
2,65,7.934672579132795,11.061213558697755,0.0,0.0,0.0,1.0,0.0,0.0
3,65,0.1341466376895411,9.162112800933722,0.0,1.0,0.0,1.0,0.0,1.0
4,65,6.773909501660332,0.1658232007622337,1.0,1.0,0.0,1.0,1.0,1.0
5,65,1.889186739286087,1.0056087753219511,0.0,0.0,1.0,0.0,0.0,1.0
6,65,1.883787805357231,1.428528793424332,0.0,0.0,0.0,0.0,1.0,0.0
7,65,9.238162921527062,10.2523454807328,0.0,0.0,0.0,0.0,1.0,1.0
8,65,10.417725840078996,12.0,1.0,1.0,1.0,0.0,0.0,0.0
9,65,8.249018457751365,10.048498696247728,0.0,1.0,1.0,0.0,0.0,0.0
10,65,6.447219165292272,10.31711106524459,0.0,0.0,0.0,1.0,0.0,1.0
11,65,8.41806714587867,9.056422673318991,1.0,1.0,1.0,1.0,0.0,1.0
12,65,6.027411449362333,5.952770363163859,1.0,0.0,0.0,0.0,0.0,1.0
13,65,6.920206393933062,7.591039386316773,0.0,0.0,0.0,0.0,1.0,0.0
14,65,1.2659297507348564,8.795442256353688,0.0,0.0,1.0,0.0,1.0,1.0
15,65,7.506998785346981,11.08902423382669,0.0,1.0,1.0,0.0,1.0,1.0
16,65,0.6491856743281443,2.25846142351563,0.0,0.0,1.0,0.0,1.0,1.0
17,65,3.1895658534329145,11.988951150501418,0.0,0.0,1.0,0.0,0.0,1.0
18,65,0.0,10.93714799214891,0.0,0.0,0.0,0.0,0.0,0.0
19,65,3.4940565204478,1.9561100407891527,0.0,1.0,1.0,1.0,0.0,0.0
20,65,0.8247362931635339,4.150867293643802,1.0,0.0,0.0,1.0,1.0,0.0
21,65,3.689592471140435,1.331911405694372,1.0,0.0,0.0,1.0,1.0,0.0
22,65,3.4565788797916297,11.2632704486314,0.0,0.0,0.0,0.0,0.0,0.0
23,65,7.017125762083048,6.58620989164126,1.0,0.0,1.0,0.0,0.0,1.0
24,65,8.173734707778292,7.559228927615737,0.0,1.0,0.0,0.0,1.0,0.0
25,65,9.459608586616326,3.826528623762567,1.0,1.0,0.0,0.0,0.0,1.0
26,65,11.047280907434349,8.054775328977579,1.0,0.0,1.0,1.0,1.0,0.0
27,65,6.964101571329668,8.004729136991,1.0,0.0,1.0,0.0,1.0,1.0
28,65,2.615033212412588,10.988984316337266,0.0,1.0,0.0,0.0,1.0,0.0
29,65,9.947876823837106,11.07299603361897,0.0,0.0,1.0,0.0,0.0,0.0
30,65,8.075507692155323,0.0,0.0,1.0,1.0,1.0,0.0,1.0
31,65,7.033134245621416,10.83242408422565,0.0,1.0,1.0,1.0,0.0,0.0
32,65,3.261292255605545,9.220598384419928,1.0,1.0,0.0,0.0,0.0,1.0
33,65,4.971004613701597,7.278628643415677,1.0,0.0,1.0,0.0,0.0,0.0
34,65,6.633453875838862,11.41609309489524,1.0,0.0,0.0,0.0,0.0,0.0
35,65,4.401497511021506,9.04620451099425,1.0,0.0,0.0,1.0,1.0,0.0
36,65,8.925881070406149,10.92594014830823,1.0,0.0,1.0,0.0,0.0,1.0
37,65,5.057918560840012,5.0865658348654605,1.0,1.0,0.0,0.0,1.0,0.0
38,65,10.544453547165656,10.135666610026206,1.0,0.0,0.0,0.0,1.0,0.0
39,65,8.4875064013259,1.006046332664864,0.0,1.0,0.0,1.0,0.0,0.0
0,70,10.822712945344255,1.3259726338397575,0.0,1.0,0.0,0.0,1.0,0.0
1,70,7.317735833777918,1.685134715333051,0.0,0.0,0.0,1.0,1.0,0.0
2,70,7.829981580813634,10.963381997420075,0.0,0.0,0.0,1.0,0.0,0.0
3,70,0.1432301563769126,9.09054865406816,0.0,1.0,0.0,1.0,0.0,1.0
4,70,6.814523377721269,0.1704353088965114,1.0,1.0,0.0,1.0,1.0,1.0
5,70,1.9310913098332196,1.1185125260173447,0.0,0.0,1.0,0.0,0.0,1.0
6,70,1.8539456621803612,1.4367011644927516,0.0,0.0,0.0,0.0,1.0,0.0
7,70,9.25782583852915,10.181057528540023,0.0,0.0,0.0,0.0,1.0,1.0
8,70,10.44938779152829,12.0,1.0,1.0,1.0,0.0,0.0,0.0
9,70,8.225218810678617,10.03948177889698,0.0,1.0,1.0,0.0,0.0,0.0
10,70,6.443377636127587,10.31955108647238,0.0,0.0,0.0,1.0,0.0,1.0
11,70,8.366000544102512,8.965164367492495,1.0,1.0,1.0,1.0,0.0,1.0
12,70,6.040179756454187,5.961037563656356,1.0,0.0,0.0,0.0,0.0,1.0
13,70,6.912037845592039,7.561709687106546,0.0,0.0,0.0,0.0,1.0,0.0
14,70,1.2908526914193217,8.814504828873929,0.0,0.0,1.0,0.0,1.0,1.0
15,70,7.545148792937495,11.09433301814162,0.0,1.0,1.0,0.0,1.0,1.0
16,70,0.6704793422684718,2.2684441489191367,0.0,0.0,1.0,0.0,1.0,1.0
17,70,3.188396695983988,11.98743439514384,0.0,0.0,1.0,0.0,0.0,1.0
18,70,0.0,11.07270486864688,0.0,0.0,0.0,0.0,0.0,0.0
19,70,3.4549897501598648,1.952421291878451,0.0,1.0,1.0,1.0,0.0,0.0
20,70,0.8101788642562702,4.252677688940254,1.0,0.0,0.0,1.0,1.0,0.0
21,70,3.698521942275996,1.322041044270154,1.0,0.0,0.0,1.0,1.0,0.0
22,70,3.487606710605369,11.210252101306477,0.0,0.0,0.0,0.0,0.0,0.0
23,70,7.015284792169482,6.63575407065618,1.0,0.0,1.0,0.0,0.0,1.0
24,70,8.268731008591852,7.52992447721772,0.0,1.0,0.0,0.0,1.0,0.0
25,70,9.485883646828198,3.81538873267985,1.0,1.0,0.0,0.0,0.0,1.0
26,70,11.09967597245906,8.11266080236851,1.0,0.0,1.0,1.0,1.0,0.0
27,70,7.017554098900998,7.85120669718224,1.0,0.0,1.0,0.0,1.0,1.0
28,70,2.538081912830992,10.986275448529982,0.0,1.0,0.0,0.0,1.0,0.0
29,70,9.939986316689875,11.08535340379018,0.0,0.0,1.0,0.0,0.0,0.0
30,70,7.990719604885944,0.0,0.0,1.0,1.0,1.0,0.0,1.0
31,70,7.116124198444089,10.89603491174795,0.0,1.0,1.0,1.0,0.0,0.0
32,70,3.2779454605720737,9.234487271592917,1.0,1.0,0.0,0.0,0.0,1.0
33,70,4.97511270159763,7.253450688688796,1.0,0.0,1.0,0.0,0.0,0.0
34,70,6.652035450604917,11.42766993919732,1.0,0.0,0.0,0.0,0.0,0.0
35,70,4.4205013409326455,9.016704835277372,1.0,0.0,0.0,1.0,1.0,0.0
36,70,8.916155575542524,10.965602679039568,1.0,0.0,1.0,0.0,0.0,1.0
37,70,5.084296633248262,5.1305398350142575,1.0,1.0,0.0,0.0,1.0,0.0
38,70,10.602362717633945,10.252482422650536,1.0,0.0,0.0,0.0,1.0,0.0
39,70,8.432741964476097,1.092755551866755,0.0,1.0,0.0,1.0,0.0,0.0
0,75,10.948218405094549,1.3486354625468453,0.0,1.0,0.0,0.0,1.0,0.0
1,75,7.412323020349231,1.7509235046609557,0.0,0.0,0.0,1.0,1.0,0.0
2,75,7.732938928323675,10.874288727429956,0.0,0.0,0.0,1.0,0.0,0.0
3,75,0.1542779828624167,9.011010739555594,0.0,1.0,0.0,1.0,0.0,1.0
4,75,6.866221063307439,0.1763655480019386,1.0,1.0,0.0,1.0,1.0,1.0
5,75,1.9697502321486748,1.2247550223130164,0.0,0.0,1.0,0.0,0.0,1.0
6,75,1.8118232397436336,1.4483881626546509,0.0,0.0,0.0,0.0,1.0,0.0
7,75,9.273052009937034,10.122640990036777,0.0,0.0,0.0,0.0,1.0,1.0
8,75,10.486538796113893,12.0,1.0,1.0,1.0,0.0,0.0,0.0
9,75,8.212378851348268,10.034831266811082,0.0,1.0,1.0,0.0,0.0,0.0
10,75,6.435365723738517,10.324838284397991,0.0,0.0,0.0,1.0,0.0,1.0
11,75,8.321905266801506,8.885669027165454,1.0,1.0,1.0,1.0,0.0,1.0
12,75,6.049746543329542,5.967877590762003,1.0,0.0,0.0,0.0,0.0,1.0
13,75,6.905959479038378,7.541677835480455,0.0,0.0,0.0,0.0,1.0,0.0
14,75,1.3195023655724674,8.836012770774689,0.0,0.0,1.0,0.0,1.0,1.0
15,75,7.6010993653258945,11.101340450187983,0.0,1.0,1.0,0.0,1.0,1.0
16,75,0.6859004845095148,2.276254424221893,0.0,0.0,1.0,0.0,1.0,1.0
17,75,3.1621393122549684,11.953073818701451,0.0,0.0,1.0,0.0,0.0,1.0
18,75,0.0,11.214063359628502,0.0,0.0,0.0,0.0,0.0,0.0
19,75,3.4149029344626025,1.94880451113634,0.0,1.0,1.0,1.0,0.0,0.0
20,75,0.8857249325532309,4.262449681000264,1.0,0.0,0.0,1.0,1.0,0.0
21,75,3.721162245126394,1.2960922522967828,1.0,0.0,0.0,1.0,1.0,0.0
22,75,3.5145670279710868,11.165424285603557,0.0,0.0,0.0,0.0,0.0,0.0
23,75,7.014797519933045,6.665393851849859,1.0,0.0,1.0,0.0,0.0,1.0
24,75,8.354116446303832,7.500074621973908,0.0,1.0,0.0,0.0,1.0,0.0
25,75,9.499990758671723,3.809011724703762,1.0,1.0,0.0,0.0,0.0,1.0
26,75,11.14414082238316,8.159798615474628,1.0,0.0,1.0,1.0,1.0,0.0
27,75,7.065219339315572,7.701456726139781,1.0,0.0,1.0,0.0,1.0,1.0
28,75,2.452796257477342,10.9857419311573,0.0,1.0,0.0,0.0,1.0,0.0
29,75,9.933656241972509,11.095147054719076,0.0,0.0,1.0,0.0,0.0,0.0
30,75,7.901378170377416,0.0,0.0,1.0,1.0,1.0,0.0,1.0
31,75,7.2091863185674,10.96087344892371,0.0,1.0,1.0,1.0,0.0,0.0
32,75,3.295507427488345,9.248901712621242,1.0,1.0,0.0,0.0,0.0,1.0
33,75,4.978065423576624,7.23750832182979,1.0,0.0,1.0,0.0,0.0,0.0
34,75,6.6762943536042885,11.443334682069514,1.0,0.0,0.0,0.0,0.0,0.0
35,75,4.436625144256946,8.990273790452743,1.0,0.0,0.0,1.0,1.0,0.0
36,75,8.90610251017987,11.0092585950192,1.0,0.0,1.0,0.0,0.0,1.0
37,75,5.098829299701941,5.155681793078303,1.0,1.0,0.0,0.0,1.0,0.0
38,75,10.473710416772416,10.313524218340566,1.0,0.0,0.0,0.0,1.0,0.0
39,75,8.535217136867447,1.1563647421862482,0.0,1.0,0.0,1.0,0.0,0.0
0,80,11.073585392425484,1.3702402857232965,0.0,1.0,0.0,0.0,1.0,0.0
1,80,7.503720290372168,1.812869279227304,0.0,0.0,0.0,1.0,1.0,0.0
2,80,7.6462454460648175,10.792408737674748,0.0,0.0,0.0,1.0,0.0,0.0
3,80,0.1663177215218285,8.927495633510551,0.0,1.0,0.0,1.0,0.0,1.0
4,80,6.9290896590824405,0.1844810941259731,1.0,1.0,0.0,1.0,1.0,1.0
5,80,2.01798518428921,1.3480954624366372,0.0,0.0,1.0,0.0,0.0,1.0
6,80,1.7891471953474123,1.4544785689235151,0.0,0.0,0.0,0.0,1.0,0.0
7,80,9.291550911090315,10.04992004174732,0.0,0.0,0.0,0.0,1.0,1.0
8,80,10.526778732272556,12.0,1.0,1.0,1.0,0.0,0.0,0.0
9,80,8.20145160715166,10.066554912884891,0.0,1.0,1.0,0.0,0.0,0.0
10,80,6.438008494226921,10.323062430825663,0.0,0.0,0.0,1.0,0.0,1.0
11,80,8.278195414172504,8.808897376362443,1.0,1.0,1.0,1.0,0.0,1.0
12,80,6.054616655039872,5.971253902902325,1.0,0.0,0.0,0.0,0.0,1.0
13,80,6.890055252621241,7.493581536132202,0.0,0.0,0.0,0.0,1.0,0.0
14,80,1.3265423383828707,8.841233297963953,0.0,0.0,1.0,0.0,1.0,1.0
15,80,7.664015028107556,11.108845077270844,0.0,1.0,1.0,0.0,1.0,1.0
16,80,0.6984794433082426,2.282875251243917,0.0,0.0,1.0,0.0,1.0,1.0
17,80,3.138026400555384,11.919659176144084,0.0,0.0,1.0,0.0,0.0,1.0
18,80,0.0,11.345591957728653,0.0,0.0,0.0,0.0,0.0,0.0
19,80,3.404115493424561,1.9481988947506417,0.0,1.0,1.0,1.0,0.0,0.0
20,80,0.9508700660113684,4.271483639295838,1.0,0.0,0.0,1.0,1.0,0.0
21,80,3.730706145325864,1.2853205880385,1.0,0.0,0.0,1.0,1.0,0.0
22,80,3.5486352644109296,11.109012481186427,0.0,0.0,0.0,0.0,0.0,0.0
23,80,7.0153203123465735,6.710101978739466,1.0,0.0,1.0,0.0,0.0,1.0
24,80,8.450938364869325,7.467107035480352,0.0,1.0,0.0,0.0,1.0,0.0
25,80,9.51131924600294,3.8036457212088712,1.0,1.0,0.0,0.0,0.0,1.0
26,80,11.200302776463255,8.221746881170592,1.0,0.0,1.0,1.0,1.0,0.0
27,80,7.102268517041799,7.560789853308009,1.0,0.0,1.0,0.0,1.0,1.0
28,80,2.362715282508023,10.98656841692788,0.0,1.0,0.0,0.0,1.0,0.0
29,80,9.93230148568644,11.097283870781268,0.0,0.0,1.0,0.0,0.0,0.0
30,80,7.815075176835953,0.0,0.0,1.0,1.0,1.0,0.0,1.0
31,80,7.300096057450608,11.022570906826529,0.0,1.0,1.0,1.0,0.0,0.0
32,80,3.3137007485017267,9.263452245058692,1.0,1.0,0.0,0.0,0.0,1.0
33,80,4.98051940723489,7.222104083300363,1.0,0.0,1.0,0.0,0.0,0.0
34,80,6.709742200735399,11.46570859280008,1.0,0.0,0.0,0.0,0.0,0.0
35,80,4.4512813388637165,8.999642188917832,1.0,0.0,0.0,1.0,1.0,0.0
36,80,8.900637723502681,11.03162574548467,1.0,0.0,1.0,0.0,0.0,1.0
37,80,5.124993279873162,5.20128025980914,1.0,1.0,0.0,0.0,1.0,0.0
38,80,10.347133899056804,10.37513316122069,1.0,0.0,0.0,0.0,1.0,0.0
39,80,8.650865060397704,1.2284153694797288,0.0,1.0,0.0,1.0,0.0,0.0
0,85,11.191804515980971,1.3915309704425851,0.0,1.0,0.0,0.0,1.0,0.0
1,85,7.601770077182702,1.8777507569203284,0.0,0.0,0.0,1.0,1.0,0.0
2,85,7.559407708404653,10.708764610162763,0.0,0.0,0.0,1.0,0.0,0.0
3,85,0.1748405394576963,8.852341216632675,0.0,1.0,0.0,1.0,0.0,1.0
4,85,6.992612573909417,0.1934373896967548,1.0,1.0,0.0,1.0,1.0,1.0
5,85,2.061187936792858,1.4607689673566813,0.0,0.0,1.0,0.0,0.0,1.0
6,85,1.7604819174922903,1.4620643778318538,0.0,0.0,0.0,0.0,1.0,0.0
7,85,9.314397751114308,9.957688725311668,0.0,0.0,0.0,0.0,1.0,1.0
8,85,10.5579860345494,12.0,1.0,1.0,1.0,0.0,0.0,0.0
9,85,8.187360618103176,10.106437279785345,0.0,1.0,1.0,0.0,0.0,0.0
10,85,6.440001364075079,10.321723600795012,0.0,0.0,0.0,1.0,0.0,1.0
11,85,8.227096515865265,8.72531845044572,1.0,1.0,1.0,1.0,0.0,1.0
12,85,6.070860133418633,5.982899776717893,1.0,0.0,0.0,0.0,0.0,1.0
13,85,6.8740380501730405,7.451374757382109,0.0,0.0,0.0,0.0,1.0,0.0
14,85,1.3420123718208408,8.852386915239501,0.0,0.0,1.0,0.0,1.0,1.0
15,85,7.733571099558389,11.119436554642304,0.0,1.0,1.0,0.0,1.0,1.0
16,85,0.7333549653404361,2.302245819056461,0.0,0.0,1.0,0.0,1.0,1.0
17,85,3.1159604023686502,11.889664846919114,0.0,0.0,1.0,0.0,0.0,1.0
18,85,0.0,11.472182915624826,0.0,0.0,0.0,0.0,0.0,0.0
19,85,3.391764669739988,1.9475975459711872,0.0,1.0,1.0,1.0,0.0,0.0
20,85,1.013582855723832,4.282379110711262,1.0,0.0,0.0,1.0,1.0,0.0
21,85,3.73584024180951,1.2795902171723157,1.0,0.0,0.0,1.0,1.0,0.0
22,85,3.572529370120588,11.069202468979084,0.0,0.0,0.0,0.0,0.0,0.0
23,85,7.01648844028917,6.743261993607453,1.0,0.0,1.0,0.0,0.0,1.0
24,85,8.521754910107845,7.4425817720024705,0.0,1.0,0.0,0.0,1.0,0.0
25,85,9.524082340617282,3.7978815104671897,1.0,1.0,0.0,0.0,0.0,1.0
26,85,11.265280844293684,8.290944623379664,1.0,0.0,1.0,1.0,1.0,0.0
27,85,7.140116328193548,7.419053067976433,1.0,0.0,1.0,0.0,1.0,1.0
28,85,2.2702234968514663,10.987293651632436,0.0,1.0,0.0,0.0,1.0,0.0
29,85,9.925099631846091,11.108682380162804,0.0,0.0,1.0,0.0,0.0,0.0
30,85,7.72588125145319,0.0,0.0,1.0,1.0,1.0,0.0,1.0
31,85,7.394092379603167,11.085723390994517,0.0,1.0,1.0,1.0,0.0,0.0
32,85,3.32744558992428,9.2748508109838,1.0,1.0,0.0,0.0,0.0,1.0
33,85,4.982445682254649,7.211725769157148,1.0,0.0,1.0,0.0,0.0,0.0
34,85,6.721255230809752,11.473212437094846,1.0,0.0,0.0,0.0,0.0,0.0
35,85,4.452633483087708,9.000485309226166,1.0,0.0,0.0,1.0,1.0,0.0
36,85,8.89649449104379,11.04908883982546,1.0,0.0,1.0,0.0,0.0,1.0
37,85,5.159414375475183,5.261427060582489,1.0,1.0,0.0,0.0,1.0,0.0
38,85,10.189130725873529,10.451812919563627,1.0,0.0,0.0,0.0,1.0,0.0
39,85,8.77898609011477,1.3093491227232128,0.0,1.0,0.0,1.0,0.0,0.0
0,90,11.289444011520304,1.4116961327293214,0.0,1.0,0.0,0.0,1.0,0.0
1,90,7.72070041011733,1.961955636790116,0.0,0.0,0.0,1.0,1.0,0.0
2,90,7.474849882496041,10.62728708287246,0.0,0.0,0.0,1.0,0.0,0.0
3,90,0.1813344273670177,8.792573768894286,0.0,1.0,0.0,1.0,0.0,1.0
4,90,7.063133197592928,0.2029841980278805,1.0,1.0,0.0,1.0,1.0,1.0
5,90,2.106042187986231,1.582728961781261,0.0,0.0,1.0,0.0,0.0,1.0
6,90,1.742112567693444,1.467334277643423,0.0,0.0,0.0,0.0,1.0,0.0
7,90,9.399060539151524,9.97795841153737,0.0,0.0,0.0,0.0,1.0,1.0
8,90,10.603682636960258,12.0,1.0,1.0,1.0,0.0,0.0,0.0
9,90,8.176544659822927,10.135342154269344,0.0,1.0,1.0,0.0,0.0,0.0
10,90,6.438769036508453,10.32256509749944,0.0,0.0,0.0,1.0,0.0,1.0
11,90,8.169358409761172,8.627766779993369,1.0,1.0,1.0,1.0,0.0,1.0
12,90,6.090038908381308,5.9961774814345015,1.0,0.0,0.0,0.0,0.0,1.0
13,90,6.860845066519792,7.416318829683941,0.0,0.0,0.0,0.0,1.0,0.0
14,90,1.354105791606244,8.861102099673687,0.0,0.0,1.0,0.0,1.0,1.0
15,90,7.803083326416518,11.130511035069398,0.0,1.0,1.0,0.0,1.0,1.0
16,90,0.7698383520890479,2.323222928452145,0.0,0.0,1.0,0.0,1.0,1.0
17,90,3.084212281494776,11.847290373359662,0.0,0.0,1.0,0.0,0.0,1.0
18,90,0.0,11.600566902322312,0.0,0.0,0.0,0.0,0.0,0.0
19,90,3.371187146307555,1.9464715512749395,0.0,1.0,1.0,1.0,0.0,0.0
20,90,1.086019165498008,4.296382001602446,1.0,0.0,0.0,1.0,1.0,0.0
21,90,3.740115599935368,1.2749986589982398,1.0,0.0,0.0,1.0,1.0,0.0
22,90,3.596746429977172,11.026509250704995,0.0,0.0,0.0,0.0,0.0,0.0
23,90,7.018109871921566,6.785062747451322,1.0,0.0,1.0,0.0,0.0,1.0
24,90,8.590035314414608,7.420491356701151,0.0,1.0,0.0,0.0,1.0,0.0
25,90,9.537506488386017,3.7916209062302633,1.0,1.0,0.0,0.0,0.0,1.0
26,90,11.329519080037118,8.358343163394503,1.0,0.0,1.0,1.0,1.0,0.0
27,90,7.1745202133684,7.289429058046148,1.0,0.0,1.0,0.0,1.0,1.0
28,90,2.150590044008449,10.988012253366891,0.0,1.0,0.0,0.0,1.0,0.0
29,90,9.921260029813007,11.115004169991838,0.0,0.0,1.0,0.0,0.0,0.0
30,90,7.642096531404063,0.0,0.0,1.0,1.0,1.0,0.0,1.0
31,90,7.486049854416993,11.149163329393804,0.0,1.0,1.0,1.0,0.0,0.0
32,90,3.3427641127638585,9.287506925581152,1.0,1.0,0.0,0.0,0.0,1.0
33,90,4.983526989307844,7.206728566880488,1.0,0.0,1.0,0.0,0.0,0.0
34,90,6.73004052919045,11.478871218283688,1.0,0.0,0.0,0.0,0.0,0.0
35,90,4.466891402211766,9.009369258504346,1.0,0.0,0.0,1.0,1.0,0.0
36,90,8.891670967473996,11.0680752349446,1.0,0.0,1.0,0.0,0.0,1.0
37,90,5.193071746352157,5.317473689209108,1.0,1.0,0.0,0.0,1.0,0.0
38,90,10.019741759713458,10.5344092525059,1.0,0.0,0.0,0.0,1.0,0.0
39,90,8.91604208035263,1.392989854956876,0.0,1.0,0.0,1.0,0.0,0.0
0,95,11.373384683715807,1.430520084561077,0.0,1.0,0.0,0.0,1.0,0.0
1,95,7.823992422822264,2.036624939047499,0.0,0.0,0.0,1.0,1.0,0.0
2,95,7.402302742633256,10.556617571671673,0.0,0.0,0.0,1.0,0.0,0.0
3,95,0.1856932321654287,8.744046102234902,0.0,1.0,0.0,1.0,0.0,1.0
4,95,7.1115444369206,0.2097244809471229,1.0,1.0,0.0,1.0,1.0,1.0
5,95,2.145717920536161,1.6939931076250727,0.0,0.0,1.0,0.0,0.0,1.0
6,95,1.7521705610036329,1.4643108602736878,0.0,0.0,0.0,0.0,1.0,0.0
7,95,9.483721376506663,9.997465987227084,0.0,0.0,0.0,0.0,1.0,1.0
8,95,10.653896980806186,12.0,1.0,1.0,1.0,0.0,0.0,0.0
9,95,8.176027617407003,10.13663685334361,0.0,1.0,1.0,0.0,0.0,0.0
10,95,6.435572165412023,10.32473395875714,0.0,0.0,0.0,1.0,0.0,1.0
11,95,8.114483188358772,8.54274946078064,1.0,1.0,1.0,1.0,0.0,1.0
12,95,6.097835482840104,6.001562194803973,1.0,0.0,0.0,0.0,0.0,1.0
13,95,6.848567982222605,7.384676734714139,0.0,0.0,0.0,0.0,1.0,0.0
14,95,1.37906789446332,8.87929470226076,0.0,0.0,1.0,0.0,1.0,1.0
15,95,7.883746290845826,11.14354001632863,0.0,1.0,1.0,0.0,1.0,1.0
16,95,0.8275296290632601,2.355562799025084,0.0,0.0,1.0,0.0,1.0,1.0
17,95,3.043454281986109,11.793716324414904,0.0,0.0,1.0,0.0,0.0,1.0
18,95,0.0,11.718673572841864,0.0,0.0,0.0,0.0,0.0,0.0
19,95,3.353836491237906,1.9458031912925864,0.0,1.0,1.0,1.0,0.0,0.0
20,95,1.1754004124996629,4.313820576019693,1.0,0.0,0.0,1.0,1.0,0.0
21,95,3.7457781345551866,1.2685757768561152,1.0,0.0,0.0,1.0,1.0,0.0
22,95,3.621889698618417,10.986032073461184,0.0,0.0,0.0,0.0,0.0,0.0
23,95,7.019834580086288,6.823067583052567,1.0,0.0,1.0,0.0,0.0,1.0
24,95,8.633460582673663,7.406497222632843,0.0,1.0,0.0,0.0,1.0,0.0
25,95,9.536669286529753,3.792037645913996,1.0,1.0,0.0,0.0,0.0,1.0
26,95,11.395679713899527,8.427617280414584,1.0,0.0,1.0,1.0,1.0,0.0
27,95,7.209312305217805,7.167965205528538,1.0,0.0,1.0,0.0,1.0,1.0
28,95,2.047875879516452,10.98711945170202,0.0,1.0,0.0,0.0,1.0,0.0
29,95,9.920251308710831,11.11651480225867,0.0,0.0,1.0,0.0,0.0,0.0
30,95,7.566214539779962,0.0,0.0,1.0,1.0,1.0,0.0,1.0
31,95,7.59040371498356,11.220163711968706,0.0,1.0,1.0,1.0,0.0,0.0
32,95,3.360897635140331,9.302104237041815,1.0,1.0,0.0,0.0,0.0,1.0
33,95,4.986307343938289,7.194497291845439,1.0,0.0,1.0,0.0,0.0,0.0
34,95,6.716121211120943,11.469376267032706,1.0,0.0,0.0,0.0,0.0,0.0
35,95,4.465791852059959,9.008678122448838,1.0,0.0,0.0,1.0,1.0,0.0
36,95,8.8849727678808,11.094427202472664,1.0,0.0,1.0,0.0,0.0,1.0
37,95,5.2155354309839925,5.355039086467922,1.0,1.0,0.0,0.0,1.0,0.0
38,95,9.843790543591671,10.620438145334118,1.0,0.0,0.0,0.0,1.0,0.0
39,95,9.042828410400023,1.4717223144572635,0.0,1.0,0.0,1.0,0.0,0.0
0,100,11.45847619181258,1.4471852679439223,0.0,1.0,0.0,0.0,1.0,0.0
1,100,7.935545421751116,2.119007090379612,0.0,0.0,0.0,1.0,1.0,0.0
2,100,7.335037753987683,10.491970609966408,0.0,0.0,0.0,1.0,0.0,0.0
3,100,0.190875918170329,8.696346598266535,0.0,1.0,0.0,1.0,0.0,1.0
4,100,7.156354530564849,0.2158787930536739,1.0,1.0,0.0,1.0,1.0,1.0
5,100,2.189486152961729,1.8175137877663603,0.0,0.0,1.0,0.0,0.0,1.0
6,100,1.7534468978532924,1.4639139301148163,0.0,0.0,0.0,0.0,1.0,0.0
7,100,9.56552493615502,10.015856331994591,0.0,0.0,0.0,0.0,1.0,1.0
8,100,10.698998373466424,12.0,1.0,1.0,1.0,0.0,0.0,0.0
9,100,8.175886755275823,10.137011321823929,0.0,1.0,1.0,0.0,0.0,0.0
10,100,6.437691506457116,10.323367234605069,0.0,0.0,0.0,1.0,0.0,1.0
11,100,8.053913673332682,8.447820885443916,1.0,1.0,1.0,1.0,0.0,1.0
12,100,6.0995598341937765,6.002779494287565,1.0,0.0,0.0,0.0,0.0,1.0
13,100,6.835511821074681,7.351480072601452,0.0,0.0,0.0,0.0,1.0,0.0
14,100,1.4088384306126642,8.90220254851308,0.0,0.0,1.0,0.0,1.0,1.0
15,100,7.962225828255955,11.154709569558674,0.0,1.0,1.0,0.0,1.0,1.0
16,100,0.8832268472079715,2.3838656079437075,0.0,0.0,1.0,0.0,1.0,1.0
17,100,3.00365472471087,11.740441364204068,0.0,0.0,1.0,0.0,0.0,1.0
18,100,0.0,11.85287037486624,0.0,0.0,0.0,0.0,0.0,0.0
19,100,3.357013636851333,1.945909517862482,0.0,1.0,1.0,1.0,0.0,0.0
20,100,1.2660574202217716,4.332763575843777,1.0,0.0,0.0,1.0,1.0,0.0
21,100,3.751537424853842,1.2617737004564773,1.0,0.0,0.0,1.0,1.0,0.0
22,100,3.6438357611875007,10.95207284218332,0.0,0.0,0.0,0.0,0.0,0.0
23,100,7.022447623167956,6.861599193040639,1.0,0.0,1.0,0.0,0.0,1.0
24,100,8.67190149606591,7.394980325407109,0.0,1.0,0.0,0.0,1.0,0.0
25,100,9.561309574062108,3.780279703227549,1.0,1.0,0.0,0.0,0.0,1.0
26,100,11.46861183903612,8.503588768359917,1.0,0.0,1.0,1.0,1.0,0.0
27,100,7.249008432442997,7.03573131739486,1.0,0.0,1.0,0.0,1.0,1.0
28,100,1.9500509988113248,10.987601368143292,0.0,1.0,0.0,0.0,1.0,0.0
29,100,9.904989481839026,11.138914113079036,0.0,0.0,1.0,0.0,0.0,0.0
30,100,7.487660610262526,0.0,0.0,1.0,1.0,1.0,0.0,1.0
31,100,7.696768320537513,11.289857593659018,0.0,1.0,1.0,1.0,0.0,0.0
32,100,3.3743660477285005,9.313339118545867,1.0,1.0,0.0,0.0,0.0,1.0
33,100,4.997874543601803,7.148360740246412,1.0,0.0,1.0,0.0,0.0,0.0
34,100,6.729065439603934,11.450540065243944,1.0,0.0,0.0,0.0,0.0,0.0
35,100,4.469633061155586,9.011117823937916,1.0,0.0,0.0,1.0,1.0,0.0
36,100,8.881170053585658,11.11206086332775,1.0,0.0,1.0,0.0,0.0,1.0
37,100,5.243572787137406,5.399885696363308,1.0,1.0,0.0,0.0,1.0,0.0
38,100,9.687414262961058,10.703575891276463,1.0,0.0,0.0,0.0,1.0,0.0
39,100,9.170785435125188,1.546995876404743,0.0,1.0,0.0,1.0,0.0,0.0
0,105,11.53892659074415,1.4608620021623482,0.0,1.0,0.0,0.0,1.0,0.0
1,105,8.050364015932077,2.2014430438610684,0.0,0.0,0.0,1.0,1.0,0.0
2,105,7.263935810590132,10.424556138427771,0.0,0.0,0.0,1.0,0.0,0.0
3,105,0.1953159479486204,8.659058249780218,0.0,1.0,0.0,1.0,0.0,1.0
4,105,7.214569691723933,0.2238977101852451,1.0,1.0,0.0,1.0,1.0,1.0
5,105,2.244147241075553,1.96479614263947,0.0,0.0,1.0,0.0,0.0,1.0
6,105,1.765718888565605,1.459708135296512,0.0,0.0,0.0,0.0,1.0,0.0
7,105,9.63928591026816,10.030074028410873,0.0,0.0,0.0,0.0,1.0,1.0
8,105,10.737640061508936,12.0,1.0,1.0,1.0,0.0,0.0,0.0
9,105,8.188048318383368,10.104062414265853,0.0,1.0,1.0,0.0,0.0,0.0
10,105,6.448044769796296,10.316836348447374,0.0,0.0,0.0,1.0,0.0,1.0
11,105,7.994418525855054,8.349559461332392,1.0,1.0,1.0,1.0,0.0,1.0
12,105,6.114137162091694,6.013315999307683,1.0,0.0,0.0,0.0,0.0,1.0
13,105,6.817811616865687,7.30445736163329,0.0,0.0,0.0,0.0,1.0,0.0
14,105,1.430109048556512,8.918941218274677,0.0,0.0,1.0,0.0,1.0,1.0
15,105,8.050112745245304,11.167482420463235,0.0,1.0,1.0,0.0,1.0,1.0
16,105,0.9403344084185064,2.413794298578418,0.0,0.0,1.0,0.0,1.0,1.0
17,105,2.968463778721151,11.693986690812284,0.0,0.0,1.0,0.0,0.0,1.0
18,105,0.0,11.98508959442559,0.0,0.0,0.0,0.0,0.0,0.0
19,105,3.374286364875389,1.9469326045317028,0.0,1.0,1.0,1.0,0.0,0.0
20,105,1.3390822482495914,4.346878784810194,1.0,0.0,0.0,1.0,1.0,0.0
21,105,3.75542217459006,1.2571670175439968,1.0,0.0,0.0,1.0,1.0,0.0
22,105,3.678704745144061,10.899060648420944,0.0,0.0,0.0,0.0,0.0,0.0
23,105,7.023299059377315,6.870051795753432,1.0,0.0,1.0,0.0,0.0,1.0
24,105,8.69606447941555,7.3875855223402995,0.0,1.0,0.0,0.0,1.0,0.0
25,105,9.604389212364454,3.7604366308347017,1.0,1.0,0.0,0.0,0.0,1.0
26,105,11.532488922468143,8.56681072469805,1.0,0.0,1.0,1.0,1.0,0.0
27,105,7.287741153677865,6.903058448716922,1.0,0.0,1.0,0.0,1.0,1.0
28,105,1.8470656210567855,10.988064711132193,0.0,1.0,0.0,0.0,1.0,0.0
29,105,9.897264199979949,11.15039595667103,0.0,0.0,1.0,0.0,0.0,0.0
30,105,7.406377434925356,0.0,0.0,1.0,1.0,1.0,0.0,1.0
31,105,7.798423777582849,11.35763656940647,0.0,1.0,1.0,1.0,0.0,0.0
32,105,3.3979100146717665,9.33281993117476,1.0,1.0,0.0,0.0,0.0,1.0
33,105,5.0048774294798815,7.117256822418505,1.0,0.0,1.0,0.0,0.0,0.0
34,105,6.740753611911378,11.4332315716931,1.0,0.0,0.0,0.0,0.0,0.0
35,105,4.4702488942132375,9.01151907865725,1.0,0.0,0.0,1.0,1.0,0.0
36,105,8.879440887990029,11.120234113032916,1.0,0.0,1.0,0.0,0.0,1.0
37,105,5.266115896703446,5.434968814815467,1.0,1.0,0.0,0.0,1.0,0.0
38,105,9.529425392127475,10.784315359076931,1.0,0.0,0.0,0.0,1.0,0.0
39,105,9.304311751928282,1.6281206680490825,0.0,1.0,0.0,1.0,0.0,0.0
0,110,11.63686638921624,1.476448211062546,0.0,1.0,0.0,0.0,1.0,0.0
1,110,8.133521670890122,2.265369267915938,0.0,0.0,0.0,1.0,1.0,0.0
2,110,7.329477021751337,10.357108626905667,0.0,0.0,0.0,1.0,0.0,0.0
3,110,0.2030417433985754,8.601957133775247,0.0,1.0,0.0,1.0,0.0,1.0
4,110,7.256298761871912,0.2297234196157498,1.0,1.0,0.0,1.0,1.0,1.0
5,110,2.2954005325996287,2.103502576324522,0.0,0.0,1.0,0.0,0.0,1.0
6,110,1.7885151906494616,1.4511862117645595,0.0,0.0,0.0,0.0,1.0,0.0
7,110,9.71226182427718,10.04390678062071,0.0,0.0,0.0,0.0,1.0,1.0
8,110,10.755291674077156,12.0,1.0,1.0,1.0,0.0,0.0,0.0
9,110,8.207390506579287,10.052056823430828,0.0,1.0,1.0,0.0,0.0,0.0
10,110,6.448683238652101,10.316452701608512,0.0,0.0,0.0,1.0,0.0,1.0
11,110,7.935571016463354,8.25037529022831,1.0,1.0,1.0,1.0,0.0,1.0
12,110,6.129119673688443,6.024603911141455,1.0,0.0,0.0,0.0,0.0,1.0
13,110,6.887029725717568,7.278845152307969,0.0,0.0,0.0,0.0,1.0,0.0
14,110,1.4436917767792168,8.92967956720625,0.0,0.0,1.0,0.0,1.0,1.0
15,110,8.137564520482373,11.177304689936529,0.0,1.0,1.0,0.0,1.0,1.0
16,110,0.9961007434859576,2.442538933232328,0.0,0.0,1.0,0.0,1.0,1.0
17,110,2.952983351149073,11.67504075129816,0.0,0.0,1.0,0.0,0.0,1.0
18,110,0.0,12.0,0.0,0.0,0.0,0.0,0.0,0.0
19,110,3.3763259237451817,1.9470865465107376,0.0,1.0,1.0,1.0,0.0,0.0
20,110,1.3982308973576547,4.35699275379893,1.0,0.0,0.0,1.0,1.0,0.0
21,110,3.770444600181044,1.2388129507621777,1.0,0.0,0.0,1.0,1.0,0.0
22,110,3.719660019901239,10.837556395509754,0.0,0.0,0.0,0.0,0.0,0.0
23,110,7.025088903538262,6.887233386550119,1.0,0.0,1.0,0.0,0.0,1.0
24,110,8.72049864912318,7.380383738591385,0.0,1.0,0.0,0.0,1.0,0.0
25,110,9.644041992944752,3.741251474854159,1.0,1.0,0.0,0.0,0.0,1.0
26,110,11.592549392346584,8.62662902556661,1.0,0.0,1.0,1.0,1.0,0.0
27,110,7.325230794872015,6.776257504813259,1.0,0.0,1.0,0.0,1.0,1.0
28,110,1.7410008258865437,10.986369941574358,0.0,1.0,0.0,0.0,1.0,0.0
29,110,9.886280649357316,11.166641237154558,0.0,0.0,1.0,0.0,0.0,0.0
30,110,7.314655383743789,0.0,0.0,1.0,1.0,1.0,0.0,1.0
31,110,7.898055590150364,11.421000607049624,0.0,1.0,1.0,1.0,0.0,0.0
32,110,3.409924349375318,9.343105776387642,1.0,1.0,0.0,0.0,0.0,1.0
33,110,5.05346399718246,7.128460251934003,1.0,0.0,1.0,0.0,0.0,0.0
34,110,6.750292244071286,11.41901251915925,1.0,0.0,0.0,0.0,0.0,0.0
35,110,4.469462103837823,9.01103117986124,1.0,0.0,0.0,1.0,1.0,0.0
36,110,8.87460531020831,11.141469312278131,1.0,0.0,1.0,0.0,0.0,1.0
37,110,5.296800556876999,5.482821790601179,1.0,1.0,0.0,0.0,1.0,0.0
38,110,9.371353650222352,10.87039985935336,1.0,0.0,0.0,0.0,1.0,0.0
39,110,9.449742489603675,1.7121983522830362,0.0,1.0,0.0,1.0,0.0,0.0
0,115,11.725208310081795,1.492247704968637,0.0,1.0,0.0,0.0,1.0,0.0
1,115,8.23282601360179,2.343581028596351,0.0,0.0,0.0,1.0,1.0,0.0
2,115,7.402479141787402,10.284894302716388,0.0,0.0,0.0,1.0,0.0,0.0
3,115,0.2115119054021691,8.538322909556474,0.0,1.0,0.0,1.0,0.0,1.0
4,115,7.305269395478062,0.2359261651184409,1.0,1.0,0.0,1.0,1.0,1.0
5,115,2.3466618557282306,2.246961228679268,0.0,0.0,1.0,0.0,0.0,1.0
6,115,1.8076081814110103,1.444338314049449,0.0,0.0,0.0,0.0,1.0,0.0
7,115,9.773119582332289,10.05567675000032,0.0,0.0,0.0,0.0,1.0,1.0
8,115,10.759054112797612,12.0,1.0,1.0,1.0,0.0,0.0,0.0
9,115,8.222621135738246,10.008907337319949,0.0,1.0,1.0,0.0,0.0,0.0
10,115,6.431729337278376,10.326450325387404,0.0,0.0,0.0,1.0,0.0,1.0
11,115,7.884199218806015,8.159644722041081,1.0,1.0,1.0,1.0,0.0,1.0
12,115,6.148146649684727,6.039416338675517,1.0,0.0,0.0,0.0,0.0,1.0
13,115,6.933757014223826,7.26016257330746,0.0,0.0,0.0,0.0,1.0,0.0
14,115,1.462934254888772,8.9440694336847,0.0,0.0,1.0,0.0,1.0,1.0
15,115,8.230220491315944,11.18802951922195,0.0,1.0,1.0,0.0,1.0,1.0
16,115,1.0473943712293163,2.469305179563289,0.0,0.0,1.0,0.0,1.0,1.0
17,115,2.929178047556681,11.645750001824366,0.0,0.0,1.0,0.0,0.0,1.0
18,115,0.0,12.0,0.0,0.0,0.0,0.0,0.0,0.0
19,115,3.4001695646698997,1.9490669707951471,0.0,1.0,1.0,1.0,0.0,0.0
20,115,1.4666184768262889,4.369463746738594,1.0,0.0,0.0,1.0,1.0,0.0
21,115,3.785748680954328,1.2208834047165924,1.0,0.0,0.0,1.0,1.0,0.0
22,115,3.761971237897232,10.770953643838546,0.0,0.0,0.0,0.0,0.0,0.0
23,115,7.028087915399726,6.909231443320848,1.0,0.0,1.0,0.0,0.0,1.0
24,115,8.743732341577843,7.373108738314709,0.0,1.0,0.0,0.0,1.0,0.0
25,115,9.67087371847287,3.728590032139085,1.0,1.0,0.0,0.0,0.0,1.0
26,115,11.640452771873658,8.672902328646206,1.0,0.0,1.0,1.0,1.0,0.0
27,115,7.357048535036263,6.672643553563421,1.0,0.0,1.0,0.0,1.0,1.0
28,115,1.7387839574162771,11.105050780038772,0.0,1.0,0.0,0.0,1.0,0.0
29,115,9.879856121469397,11.176481182773909,0.0,0.0,1.0,0.0,0.0,0.0
30,115,7.232911206785738,0.0,0.0,1.0,1.0,1.0,0.0,1.0
31,115,8.005766952669923,11.483701923384691,0.0,1.0,1.0,1.0,0.0,0.0
32,115,3.4212089757184434,9.352150261134884,1.0,1.0,0.0,0.0,0.0,1.0
33,115,5.1181340864065,7.143539265561127,1.0,0.0,1.0,0.0,0.0,0.0
34,115,6.769768773327741,11.3895928482972,1.0,0.0,0.0,0.0,0.0,0.0
35,115,4.46741458038952,9.014501042655615,1.0,0.0,0.0,1.0,1.0,0.0
36,115,8.869114882617277,11.165286127031036,1.0,0.0,1.0,0.0,0.0,1.0
37,115,5.323783780978295,5.525733663434084,1.0,1.0,0.0,0.0,1.0,0.0
38,115,9.21594696012318,10.957613250266345,1.0,0.0,0.0,0.0,1.0,0.0
39,115,9.592100931896995,1.7895117551628374,0.0,1.0,0.0,1.0,0.0,0.0
0,120,11.803945430538688,1.50650028601827,0.0,1.0,0.0,0.0,1.0,0.0
1,120,8.3276385580619,2.4207559466345567,0.0,0.0,0.0,1.0,1.0,0.0
2,120,7.473275244616016,10.212747288093508,0.0,0.0,0.0,1.0,0.0,0.0
3,120,0.2201032859440471,8.483116045989869,0.0,1.0,0.0,1.0,0.0,1.0
4,120,7.328946739300405,0.2389165707497634,1.0,1.0,0.0,1.0,1.0,1.0
5,120,2.4025722144379484,2.406259720550568,0.0,0.0,1.0,0.0,0.0,1.0
6,120,1.8269659400312663,1.4374345340022876,0.0,0.0,0.0,0.0,1.0,0.0
7,120,9.857119790442413,10.073244589691196,0.0,0.0,0.0,0.0,1.0,1.0
8,120,10.7727208808635,12.0,1.0,1.0,1.0,0.0,0.0,0.0
9,120,8.239107413413402,9.959107762142056,0.0,1.0,1.0,0.0,0.0,0.0
10,120,6.396830229289042,10.346096571672572,0.0,0.0,0.0,1.0,0.0,1.0
11,120,7.839334569515215,8.081137148224583,1.0,1.0,1.0,1.0,0.0,1.0
12,120,6.16888787630039,6.055319109296403,1.0,0.0,0.0,0.0,0.0,1.0
13,120,6.994333514701224,7.235573159032913,0.0,0.0,0.0,0.0,1.0,0.0
14,120,1.475500916977914,8.953576206662113,0.0,0.0,1.0,0.0,1.0,1.0
15,120,8.32805774207499,11.198586810144072,0.0,1.0,1.0,0.0,1.0,1.0
16,120,1.1064759681422462,2.500180076526575,0.0,0.0,1.0,0.0,1.0,1.0
17,120,2.901468830019038,11.610733059702897,0.0,0.0,1.0,0.0,0.0,1.0
18,120,0.0,12.0,0.0,0.0,0.0,0.0,0.0,0.0
19,120,3.426722552987091,1.9515943424344584,0.0,1.0,1.0,1.0,0.0,0.0
20,120,1.5319935441823738,4.380486849132907,1.0,0.0,0.0,1.0,1.0,0.0
21,120,3.8166123292997463,1.1842935933153136,1.0,0.0,0.0,1.0,1.0,0.0
22,120,3.795954446598064,10.719068801844244,0.0,0.0,0.0,0.0,0.0,0.0
23,120,7.034957508712966,6.948169115863349,1.0,0.0,1.0,0.0,0.0,1.0
24,120,8.774598498246863,7.36336749788256,0.0,1.0,0.0,0.0,1.0,0.0
25,120,9.701374075003132,3.714997240866036,1.0,1.0,0.0,0.0,0.0,1.0
26,120,11.674949138720908,8.70680908738333,1.0,0.0,1.0,1.0,1.0,0.0
27,120,7.384639132824613,6.576544623309644,1.0,0.0,1.0,0.0,1.0,1.0
28,120,1.7346761916122293,11.24303378615488,0.0,1.0,0.0,0.0,1.0,0.0
29,120,9.875572301609637,11.183619414074496,0.0,0.0,1.0,0.0,0.0,0.0
30,120,7.153981317213024,0.0,0.0,1.0,1.0,1.0,0.0,1.0
31,120,8.15135149354614,11.563709431791244,0.0,1.0,1.0,1.0,0.0,0.0
32,120,3.4304564480400206,9.359758525339917,1.0,1.0,0.0,0.0,0.0,1.0
33,120,5.198250379455066,7.158948597556728,1.0,0.0,1.0,0.0,0.0,0.0
34,120,6.789431519400135,11.360959729437385,1.0,0.0,0.0,0.0,0.0,0.0
35,120,4.462367735331963,9.023270994449662,1.0,0.0,0.0,1.0,1.0,0.0
36,120,8.86619112072095,11.177559308098669,1.0,0.0,1.0,0.0,0.0,1.0
37,120,5.357975180736371,5.578753026304402,1.0,1.0,0.0,0.0,1.0,0.0
38,120,9.067989660108234,11.042647625696878,1.0,0.0,0.0,0.0,1.0,0.0
39,120,9.512299626866856,1.946377345233577,0.0,1.0,0.0,1.0,0.0,0.0
0,125,11.882007200601697,1.5226933444875546,0.0,1.0,0.0,0.0,1.0,0.0
1,125,8.409930531794169,2.493352858938261,0.0,0.0,0.0,1.0,1.0,0.0
2,125,7.535766428160447,10.145848713494717,0.0,0.0,0.0,1.0,0.0,0.0
3,125,0.2278486096341904,8.426825482591584,0.0,1.0,0.0,1.0,0.0,1.0
4,125,7.365203746710952,0.2443576985609426,1.0,1.0,0.0,1.0,1.0,1.0
5,125,2.466456637809429,2.5858676545513437,0.0,0.0,1.0,0.0,0.0,1.0
6,125,1.8712908254133156,1.4240739925461412,0.0,0.0,0.0,0.0,1.0,0.0
7,125,9.956141581097777,10.094926429115262,0.0,0.0,0.0,0.0,1.0,1.0
8,125,10.813854314639904,12.0,1.0,1.0,1.0,0.0,0.0,0.0
9,125,8.256050121377479,9.906973154818193,0.0,1.0,1.0,0.0,0.0,0.0
10,125,6.364331625170366,10.364888273346384,0.0,0.0,0.0,1.0,0.0,1.0
11,125,7.796060477155637,8.002641699414067,1.0,1.0,1.0,1.0,0.0,1.0
12,125,6.2054674567858,6.084242435183549,1.0,0.0,0.0,0.0,0.0,1.0
13,125,7.044500199606102,7.215117488899211,0.0,0.0,0.0,0.0,1.0,0.0
14,125,1.4857460918640395,8.961096860897607,0.0,0.0,1.0,0.0,1.0,1.0
15,125,8.420457285590063,11.208344355301804,0.0,1.0,1.0,0.0,1.0,1.0
16,125,1.194565907938328,2.540751223801371,0.0,0.0,1.0,0.0,1.0,1.0
17,125,2.883755669795422,11.588450612366238,0.0,0.0,1.0,0.0,0.0,1.0
18,125,0.0,12.0,0.0,0.0,0.0,0.0,0.0,0.0
19,125,3.4655383544448126,1.9558827284958935,0.0,1.0,1.0,1.0,0.0,0.0
20,125,1.5881901114059784,4.390048768320194,1.0,0.0,0.0,1.0,1.0,0.0
21,125,3.843251332151845,1.1491778775603063,1.0,0.0,0.0,1.0,1.0,0.0
22,125,3.829910003958932,10.6664500348487,0.0,0.0,0.0,0.0,0.0,0.0
23,125,7.043250484383425,6.997150210641222,1.0,0.0,1.0,0.0,0.0,1.0
24,125,8.818676100814056,7.349896079410634,0.0,1.0,0.0,0.0,1.0,0.0
25,125,9.71148337406677,3.710460160236893,1.0,1.0,0.0,0.0,0.0,1.0
26,125,11.702877113870452,8.733034939127393,1.0,0.0,1.0,1.0,1.0,0.0
27,125,7.414197086969811,6.469336835267918,1.0,0.0,1.0,0.0,1.0,1.0
28,125,1.7305515573121752,11.37282650878672,0.0,1.0,0.0,0.0,1.0,0.0
29,125,9.86676824389792,11.197358260674008,0.0,0.0,1.0,0.0,0.0,0.0
30,125,7.060166736001607,0.0,0.0,1.0,1.0,1.0,0.0,1.0
31,125,8.304531747244466,11.650705960119854,0.0,1.0,1.0,1.0,0.0,0.0
32,125,3.447052927132129,9.374043293988226,1.0,1.0,0.0,0.0,0.0,1.0
33,125,5.27015327830409,7.172050532887432,1.0,0.0,1.0,0.0,0.0,0.0
34,125,6.812284026623413,11.3290189085289,1.0,0.0,0.0,0.0,0.0,0.0
35,125,4.448428894569694,9.04729708998434,1.0,0.0,0.0,1.0,1.0,0.0
36,125,8.865917062971139,11.178892506613078,1.0,0.0,1.0,0.0,0.0,1.0
37,125,5.392611223559984,5.63298678820219,1.0,1.0,0.0,0.0,1.0,0.0
38,125,8.918108058618426,11.128507573867005,1.0,0.0,0.0,0.0,1.0,0.0
39,125,9.442769341870717,2.0907245340602825,0.0,1.0,0.0,1.0,0.0,0.0
0,130,11.951492677532263,1.538759913285996,0.0,1.0,0.0,0.0,1.0,0.0
1,130,8.516461634639635,2.586838825295798,0.0,0.0,0.0,1.0,1.0,0.0
2,130,7.596506517086419,10.07776006108794,0.0,0.0,0.0,1.0,0.0,0.0
3,130,0.2734191591623003,8.433523621447518,0.0,1.0,0.0,1.0,0.0,1.0
4,130,7.402862855123866,0.2506995387481309,1.0,1.0,0.0,1.0,1.0,1.0
5,130,2.5364545987326363,2.7753223545130714,0.0,0.0,1.0,0.0,0.0,1.0
6,130,1.9143530668957616,1.4098665117158518,0.0,0.0,0.0,0.0,1.0,0.0
7,130,10.048282265060823,10.114261056145136,0.0,0.0,0.0,0.0,1.0,1.0
8,130,10.833278687557245,12.0,1.0,1.0,1.0,0.0,0.0,0.0
9,130,8.2666678892615,9.876585856132,0.0,1.0,1.0,0.0,0.0,0.0
10,130,6.332089463838038,10.3832001771763,0.0,0.0,0.0,1.0,0.0,1.0
11,130,7.751267812196344,7.921433702660744,1.0,1.0,1.0,1.0,0.0,1.0
12,130,6.237958789621592,6.110280964494928,1.0,0.0,0.0,0.0,0.0,1.0
13,130,7.089831749941077,7.19654265649131,0.0,0.0,0.0,0.0,1.0,0.0
14,130,1.4834393898911316,8.95936813273776,0.0,0.0,1.0,0.0,1.0,1.0
15,130,8.51694067182646,11.219510122308286,0.0,1.0,1.0,0.0,1.0,1.0
16,130,1.2881398544205636,2.5844245846333758,0.0,0.0,1.0,0.0,1.0,1.0
17,130,2.8842944672015225,11.589133142418229,0.0,0.0,1.0,0.0,0.0,1.0
18,130,0.0,12.0,0.0,0.0,0.0,0.0,0.0,0.0
19,130,3.498343225187562,1.9590097740420656,0.0,1.0,1.0,1.0,0.0,0.0
20,130,1.6506843455016151,4.400670879796792,1.0,0.0,0.0,1.0,1.0,0.0
21,130,3.878333639086763,1.1034646368584649,1.0,0.0,0.0,1.0,1.0,0.0
22,130,3.8560372471860416,10.626097544196712,0.0,0.0,0.0,0.0,0.0,0.0
23,130,7.054333002229134,7.048494118166231,1.0,0.0,1.0,0.0,0.0,1.0
24,130,8.85139954689903,7.340090171546477,0.0,1.0,0.0,0.0,1.0,0.0
25,130,9.712403133503782,3.710052066554351,1.0,1.0,0.0,0.0,0.0,1.0
26,130,11.738316032574522,8.766600818341486,1.0,0.0,1.0,1.0,1.0,0.0
27,130,7.451405945327953,6.345864687356069,1.0,0.0,1.0,0.0,1.0,1.0
28,130,1.727959828372854,11.488367143328924,0.0,1.0,0.0,0.0,1.0,0.0
29,130,9.85141673838061,11.220739129981425,0.0,0.0,1.0,0.0,0.0,0.0
30,130,6.96956072952743,0.0,0.0,1.0,1.0,1.0,0.0,1.0
31,130,8.469285398416158,11.748821138199146,0.0,1.0,1.0,1.0,0.0,0.0
32,130,3.451925788038745,9.378300227462807,1.0,1.0,0.0,0.0,0.0,1.0
33,130,5.345440395296036,7.184354338114116,1.0,0.0,1.0,0.0,0.0,0.0
34,130,6.818259869972676,11.320666007566064,1.0,0.0,0.0,0.0,0.0,0.0
35,130,4.471915448324267,9.060488166075135,1.0,0.0,0.0,1.0,1.0,0.0
36,130,8.869228387833545,11.162487036191218,1.0,0.0,1.0,0.0,0.0,1.0
37,130,5.429521012241907,5.691276983862575,1.0,1.0,0.0,0.0,1.0,0.0
38,130,8.770869516351748,11.214220636015378,1.0,0.0,0.0,0.0,1.0,0.0
39,130,9.37719577839885,2.227902026336668,0.0,1.0,0.0,1.0,0.0,0.0
0,135,12.0,1.5554261585223663,0.0,1.0,0.0,0.0,1.0,0.0
1,135,8.631374840368348,2.682197288262684,0.0,0.0,0.0,1.0,1.0,0.0
2,135,7.658638383020947,10.008394124600146,0.0,0.0,0.0,1.0,0.0,0.0
3,135,0.3219648834234452,8.440644565392004,0.0,1.0,0.0,1.0,0.0,1.0
4,135,7.424244201607431,0.2547111485508708,1.0,1.0,0.0,1.0,1.0,1.0
5,135,2.6042632587265038,2.9583346905371712,0.0,0.0,1.0,0.0,0.0,1.0
6,135,1.9609849484872472,1.3929912654607093,0.0,0.0,0.0,0.0,1.0,0.0
7,135,10.122533575975716,10.128933701105634,0.0,0.0,0.0,0.0,1.0,1.0
8,135,10.85744911848353,12.0,1.0,1.0,1.0,0.0,0.0,0.0
9,135,8.275162797677037,9.853247786899828,0.0,1.0,1.0,0.0,0.0,0.0
10,135,6.308712067265395,10.396396856874718,0.0,0.0,0.0,1.0,0.0,1.0
11,135,7.707381198843954,7.838737416900394,1.0,1.0,1.0,1.0,0.0,1.0
12,135,6.296194781237804,6.15837966183741,1.0,0.0,0.0,0.0,0.0,1.0
13,135,7.131324908701176,7.179180912914724,0.0,0.0,0.0,0.0,1.0,0.0
14,135,1.4830565969992542,8.959082151720024,0.0,0.0,1.0,0.0,1.0,1.0
15,135,8.6168385263149,11.22982449531578,0.0,1.0,1.0,0.0,1.0,1.0
16,135,1.3622909559737304,2.620565216723192,0.0,0.0,1.0,0.0,1.0,1.0
17,135,2.8754360849430345,11.578086203665103,0.0,0.0,1.0,0.0,0.0,1.0
18,135,0.0,12.0,0.0,0.0,0.0,0.0,0.0,0.0
19,135,3.530342471025832,1.961830885349456,0.0,1.0,1.0,1.0,0.0,0.0
20,135,1.7142613517034424,4.411339073262435,1.0,0.0,0.0,1.0,1.0,0.0
21,135,3.9263496436543823,1.040504326640186,1.0,0.0,0.0,1.0,1.0,0.0
22,135,3.8782825536747656,10.590010536901874,0.0,0.0,0.0,0.0,0.0,0.0
23,135,7.061982124586125,7.0807280559168975,1.0,0.0,1.0,0.0,0.0,1.0
24,135,8.883064209643209,7.331435022629457,0.0,1.0,0.0,0.0,1.0,0.0
25,135,9.71687407867014,3.708126091349532,1.0,1.0,0.0,0.0,0.0,1.0
26,135,11.77721261532516,8.800815827118436,1.0,0.0,1.0,1.0,1.0,0.0
27,135,7.488197570055581,6.21502095404189,1.0,0.0,1.0,0.0,1.0,1.0
28,135,1.7231238475793922,11.599842494861624,0.0,1.0,0.0,0.0,1.0,0.0
29,135,9.848989526918508,11.224601999228682,0.0,0.0,1.0,0.0,0.0,0.0
30,135,6.87364237788532,0.0,0.0,1.0,1.0,1.0,0.0,1.0
31,135,8.644321928074438,11.854738757469264,0.0,1.0,1.0,1.0,0.0,0.0
32,135,3.4581830582101736,9.383811101302538,1.0,1.0,0.0,0.0,0.0,1.0
33,135,5.420639725834085,7.198143875808439,1.0,0.0,1.0,0.0,0.0,0.0
34,135,6.827527752906515,11.307150133283942,1.0,0.0,0.0,0.0,0.0,0.0
35,135,4.484857542473049,9.06771281606257,1.0,0.0,0.0,1.0,1.0,0.0
36,135,8.876220056645387,11.127564173727391,1.0,0.0,1.0,0.0,0.0,1.0
37,135,5.487905279926985,5.780698893869195,1.0,1.0,0.0,0.0,1.0,0.0
38,135,8.625441890866353,11.302290544455488,1.0,0.0,0.0,0.0,1.0,0.0
39,135,9.319344120361512,2.353910964944593,0.0,1.0,0.0,1.0,0.0,0.0
0,140,12.0,1.5727840984128452,0.0,1.0,0.0,0.0,1.0,0.0
1,140,8.771902261129984,2.794076517659489,0.0,0.0,0.0,1.0,1.0,0.0
2,140,7.719797529658781,9.941325073784714,0.0,0.0,0.0,1.0,0.0,0.0
3,140,0.3644330472564149,8.446440214365778,0.0,1.0,0.0,1.0,0.0,1.0
4,140,7.451636549667028,0.2599480954930062,1.0,1.0,0.0,1.0,1.0,1.0
5,140,2.676705944868581,3.153980606409125,0.0,0.0,1.0,0.0,0.0,1.0
6,140,1.9987118888580928,1.3782167588381906,0.0,0.0,0.0,0.0,1.0,0.0
7,140,10.1849796139827,10.140744021342265,0.0,0.0,0.0,0.0,1.0,1.0
8,140,10.88941424561079,12.0,1.0,1.0,1.0,0.0,0.0,0.0
9,140,8.28534443274926,9.823116151296022,0.0,1.0,1.0,0.0,0.0,0.0
10,140,6.288720151748064,10.407983922242076,0.0,0.0,0.0,1.0,0.0,1.0
11,140,7.659497781460639,7.748560379031625,1.0,1.0,1.0,1.0,0.0,1.0
12,140,6.333943998371924,6.190943172174284,1.0,0.0,0.0,0.0,0.0,1.0
13,140,7.156714956740302,7.167076338918316,0.0,0.0,0.0,0.0,1.0,0.0
14,140,1.4820268958037797,8.95836139177363,0.0,0.0,1.0,0.0,1.0,1.0
15,140,8.70217644757908,11.239740528138835,0.0,1.0,1.0,0.0,1.0,1.0
16,140,1.442623281574582,2.6604884066637826,0.0,0.0,1.0,0.0,1.0,1.0
17,140,2.8760214409486373,11.578793007375667,0.0,0.0,1.0,0.0,0.0,1.0
18,140,0.0,12.0,0.0,0.0,0.0,0.0,0.0,0.0
19,140,3.584951007266125,1.966770176598976,0.0,1.0,1.0,1.0,0.0,0.0
20,140,1.778199789012393,4.421765439264627,1.0,0.0,0.0,1.0,1.0,0.0
21,140,3.954424747476279,1.0026048716848135,1.0,0.0,0.0,1.0,1.0,0.0
22,140,3.901079254056645,10.555635021771762,0.0,0.0,0.0,0.0,0.0,0.0
23,140,7.067316373975391,7.103257821742902,1.0,0.0,1.0,0.0,0.0,1.0
24,140,8.925890589767976,7.319689184360245,0.0,1.0,0.0,0.0,1.0,0.0
25,140,9.72542316474576,3.704425147611944,1.0,1.0,0.0,0.0,0.0,1.0
26,140,11.820592210621296,8.839754000713395,1.0,0.0,1.0,1.0,1.0,0.0
27,140,7.525567642509771,6.075636250731565,1.0,0.0,1.0,0.0,1.0,1.0
28,140,1.715057404678139,11.708764148234104,0.0,1.0,0.0,0.0,1.0,0.0
29,140,9.850969447645635,11.221313494110955,0.0,0.0,1.0,0.0,0.0,0.0
30,140,6.79433892656892,0.0,0.0,1.0,1.0,1.0,0.0,1.0
31,140,8.810772946113653,11.955907011325497,0.0,1.0,1.0,1.0,0.0,0.0
32,140,3.469905780208614,9.394273020837444,1.0,1.0,0.0,0.0,0.0,1.0
33,140,5.496255266375048,7.212533117616194,1.0,0.0,1.0,0.0,0.0,0.0
34,140,6.844858946263739,11.28189616161089,1.0,0.0,0.0,0.0,0.0,0.0
35,140,4.490270325466357,9.070865738725187,1.0,0.0,0.0,1.0,1.0,0.0
36,140,8.88479835326991,11.076843959694024,1.0,0.0,1.0,0.0,0.0,1.0
37,140,5.553461766507923,5.879005851518023,1.0,1.0,0.0,0.0,1.0,0.0
38,140,8.469748643859656,11.396892771549426,1.0,0.0,0.0,0.0,1.0,0.0
39,140,9.263799570573612,2.4775173136789874,0.0,1.0,0.0,1.0,0.0,0.0
0,145,12.0,1.592748828961898,0.0,1.0,0.0,0.0,1.0,0.0
1,145,8.91041343724406,2.905210363490142,0.0,0.0,0.0,1.0,1.0,0.0
2,145,7.784459897970188,9.867070320998696,0.0,0.0,0.0,1.0,0.0,0.0
3,145,0.3899141788030515,8.44909945684476,0.0,1.0,0.0,1.0,0.0,1.0
4,145,7.490210767025752,0.2678724712593356,1.0,1.0,0.0,1.0,1.0,1.0
5,145,2.758688614505335,3.3651594788000447,0.0,0.0,1.0,0.0,0.0,1.0
6,145,2.0426474992233974,1.361995784253339,0.0,0.0,0.0,0.0,1.0,0.0
7,145,10.262159249363846,10.156251348728752,0.0,0.0,0.0,0.0,1.0,1.0
8,145,10.934861894494732,12.0,1.0,1.0,1.0,0.0,0.0,0.0
9,145,8.290493716448022,9.80718271655532,0.0,1.0,1.0,0.0,0.0,0.0
10,145,6.248807183483181,10.431876849149765,0.0,0.0,0.0,1.0,0.0,1.0
11,145,7.606277933191672,7.643923420133992,1.0,1.0,1.0,1.0,0.0,1.0
12,145,6.359393891121881,6.212683824548048,1.0,0.0,0.0,0.0,0.0,1.0
13,145,7.173865189997176,7.158935503989393,0.0,0.0,0.0,0.0,1.0,0.0
14,145,1.4839083281294505,8.959575888350251,0.0,0.0,1.0,0.0,1.0,1.0
15,145,8.766655096361005,11.245033012166688,0.0,1.0,1.0,0.0,1.0,1.0
16,145,1.5451636165788762,2.712865048228948,0.0,0.0,1.0,0.0,1.0,1.0
17,145,2.8806663699368342,11.584884993364776,0.0,0.0,1.0,0.0,0.0,1.0
18,145,0.0,12.0,0.0,0.0,0.0,0.0,0.0,0.0
19,145,3.6542341402867033,1.9736928997583711,0.0,1.0,1.0,1.0,0.0,0.0
20,145,1.8248154614019712,4.428360624483964,1.0,0.0,0.0,1.0,1.0,0.0
21,145,3.981157019579044,0.9670126715952816,1.0,0.0,0.0,1.0,1.0,0.0
22,145,3.924741518340386,10.520441656504252,0.0,0.0,0.0,0.0,0.0,0.0
23,145,7.071652038315665,7.124383678213062,1.0,0.0,1.0,0.0,0.0,1.0
24,145,8.963633401855793,7.309160044626574,0.0,1.0,0.0,0.0,1.0,0.0
25,145,9.72471205566886,3.704723794229357,1.0,1.0,0.0,0.0,0.0,1.0
26,145,11.85371078619256,8.86819360219172,1.0,0.0,1.0,1.0,1.0,0.0
27,145,7.561077469803708,5.943301911799928,1.0,0.0,1.0,0.0,1.0,1.0
28,145,1.7063560238559856,11.829499939632203,0.0,1.0,0.0,0.0,1.0,0.0
29,145,9.860958388262056,11.2036292511064,0.0,0.0,1.0,0.0,0.0,0.0
30,145,6.706432055305238,0.0,0.0,1.0,1.0,1.0,0.0,1.0
31,145,8.985018294380934,12.0,0.0,1.0,1.0,1.0,0.0,0.0
32,145,3.4773291702422124,9.400862177691938,1.0,1.0,0.0,0.0,0.0,1.0
33,145,5.546366673229056,7.221961329485402,1.0,0.0,1.0,0.0,0.0,0.0
34,145,6.860066770129532,11.258961751567703,1.0,0.0,0.0,0.0,0.0,0.0
35,145,4.4952150804436055,9.07387660480376,1.0,0.0,0.0,1.0,1.0,0.0
36,145,8.893570995423863,11.02842902600482,1.0,0.0,1.0,0.0,0.0,1.0
37,145,5.62400390467912,5.9845489901663,1.0,1.0,0.0,0.0,1.0,0.0
38,145,8.323279862651559,11.482738708771842,1.0,0.0,0.0,0.0,1.0,0.0
39,145,9.210585211644329,2.598484086144479,0.0,1.0,0.0,1.0,0.0,0.0
0,150,12.0,1.606290579989363,0.0,1.0,0.0,0.0,1.0,0.0
1,150,9.036213138941196,3.0039699376042144,0.0,0.0,0.0,1.0,1.0,0.0
2,150,7.844740894126061,9.797920591708406,0.0,0.0,0.0,1.0,0.0,0.0
3,150,0.3855958364840098,8.480696813320261,0.0,1.0,0.0,1.0,0.0,1.0
4,150,7.535881151799862,0.2787037583497875,1.0,1.0,0.0,1.0,1.0,1.0
5,150,2.837054481418776,3.564750708039847,0.0,0.0,1.0,0.0,0.0,1.0
6,150,2.0789462879841,1.3488794955153254,0.0,0.0,0.0,0.0,1.0,0.0
7,150,10.340816412128808,10.171737570013914,0.0,0.0,0.0,0.0,1.0,1.0
8,150,10.967075218313378,12.0,1.0,1.0,1.0,0.0,0.0,0.0
9,150,8.295009929448065,9.791994235481075,0.0,1.0,1.0,0.0,0.0,0.0
10,150,6.1911150120002505,10.466245018130987,0.0,0.0,0.0,1.0,0.0,1.0
11,150,7.544515396326084,7.523791206708468,1.0,1.0,1.0,1.0,0.0,1.0
12,150,6.380462183340288,6.230430382998488,1.0,0.0,0.0,0.0,0.0,1.0
13,150,7.170813769441605,7.160334193939562,0.0,0.0,0.0,0.0,1.0,0.0
14,150,1.4959641339648673,8.96715610057839,0.0,0.0,1.0,0.0,1.0,1.0
15,150,8.818696391641588,11.251238309673033,0.0,1.0,1.0,0.0,1.0,1.0
16,150,1.6377784483797972,2.7587875986741173,0.0,0.0,1.0,0.0,1.0,1.0
17,150,2.888724766123457,11.594908014588684,0.0,0.0,1.0,0.0,0.0,1.0
18,150,0.0,12.0,0.0,0.0,0.0,0.0,0.0,0.0
19,150,3.717109136524066,1.9815670618987231,0.0,1.0,1.0,1.0,0.0,0.0
20,150,1.861489473724852,4.433380061569039,1.0,0.0,0.0,1.0,1.0,0.0
21,150,4.0017737131613815,0.9380022343337268,1.0,0.0,0.0,1.0,1.0,0.0
22,150,3.9343056746730634,10.505754909759055,0.0,0.0,0.0,0.0,0.0,0.0
23,150,7.074031600674406,7.136206337609674,1.0,0.0,1.0,0.0,0.0,1.0
24,150,8.97090203189684,7.307156023503008,0.0,1.0,0.0,0.0,1.0,0.0
25,150,9.73150883280752,3.701631999597373,1.0,1.0,0.0,0.0,0.0,1.0
26,150,11.885104298548184,8.895048796964478,1.0,0.0,1.0,1.0,1.0,0.0
27,150,7.595155623990816,5.8120126100833325,1.0,0.0,1.0,0.0,1.0,1.0
28,150,1.6961858303645465,11.962819798948225,0.0,1.0,0.0,0.0,1.0,0.0
29,150,9.875993339400305,11.175530714780727,0.0,0.0,1.0,0.0,0.0,0.0
30,150,6.622395110327397,0.0,0.0,1.0,1.0,1.0,0.0,1.0
31,150,9.142571359078037,12.0,0.0,1.0,1.0,1.0,0.0,0.0
32,150,3.4772224322684,9.400776159862575,1.0,1.0,0.0,0.0,0.0,1.0
33,150,5.581365064766927,7.22783534397843,1.0,0.0,1.0,0.0,0.0,0.0
34,150,6.873894598319794,11.236605476340351,1.0,0.0,0.0,0.0,0.0,0.0
35,150,4.502689807433535,9.078657968716982,1.0,0.0,0.0,1.0,1.0,0.0
36,150,8.90045260038288,10.992180759629816,1.0,0.0,1.0,0.0,0.0,1.0
37,150,5.695743136394297,6.095090373109717,1.0,1.0,0.0,0.0,1.0,0.0
38,150,8.172265372472815,11.56617396231552,1.0,0.0,0.0,0.0,1.0,0.0
39,150,9.158017407324294,2.7245599619771683,0.0,1.0,0.0,1.0,0.0,0.0
0,155,12.0,1.623374104458564,0.0,1.0,0.0,0.0,1.0,0.0
1,155,9.156672633589592,3.0983067832516564,0.0,0.0,0.0,1.0,1.0,0.0
2,155,7.904825276494245,9.72672766941444,0.0,0.0,0.0,1.0,0.0,0.0
3,155,0.3833045683050038,8.49903370301971,0.0,1.0,0.0,1.0,0.0,1.0
4,155,7.583106978078989,0.2912075086012299,1.0,1.0,0.0,1.0,1.0,1.0
5,155,2.919590889007536,3.7717579762997153,0.0,0.0,1.0,0.0,0.0,1.0
6,155,2.141980244781937,1.326240463417343,0.0,0.0,0.0,0.0,1.0,0.0
7,155,10.428571403661383,10.187313778773822,0.0,0.0,0.0,0.0,1.0,1.0
8,155,10.990514055044292,12.0,1.0,1.0,1.0,0.0,0.0,0.0
9,155,8.304266992311208,9.761632462568256,0.0,1.0,1.0,0.0,0.0,0.0
10,155,6.121552099130155,10.51003868152845,0.0,0.0,0.0,1.0,0.0,1.0
11,155,7.495311796521223,7.427273197323007,1.0,1.0,1.0,1.0,0.0,1.0
12,155,6.393988346696333,6.242274971731145,1.0,0.0,0.0,0.0,0.0,1.0
13,155,7.1693309116086406,7.160992286563714,0.0,0.0,0.0,0.0,1.0,0.0
14,155,1.4936003032901195,8.965628854252682,0.0,0.0,1.0,0.0,1.0,1.0
15,155,8.882782689792567,11.25887114298058,0.0,1.0,1.0,0.0,1.0,1.0
16,155,1.7280795013190853,2.803970278489448,0.0,0.0,1.0,0.0,1.0,1.0
17,155,2.8955271791500765,11.603045367501,0.0,0.0,1.0,0.0,0.0,1.0
18,155,0.0,12.0,0.0,0.0,0.0,0.0,0.0,0.0
19,155,3.758574291834888,1.9877096739036784,0.0,1.0,1.0,1.0,0.0,0.0
20,155,1.9072274875469304,4.440721318220064,1.0,0.0,0.0,1.0,1.0,0.0
21,155,3.9591030538019063,0.9098003169854164,1.0,0.0,0.0,1.0,1.0,0.0
22,155,3.93227906837726,10.508897894105072,0.0,0.0,0.0,0.0,0.0,0.0
23,155,7.079207337703692,7.164905436043155,1.0,0.0,1.0,0.0,0.0,1.0
24,155,8.96728974058951,7.308067373433035,0.0,1.0,0.0,0.0,1.0,0.0
25,155,9.733907138361472,3.7005873924354304,1.0,1.0,0.0,0.0,0.0,1.0
26,155,11.90049041852361,8.90830864668484,1.0,0.0,1.0,1.0,1.0,0.0
27,155,7.63247970399009,5.673990448054719,1.0,0.0,1.0,0.0,1.0,1.0
28,155,1.68472031581863,12.0,0.0,1.0,0.0,0.0,1.0,0.0
29,155,9.89200853522994,11.145460769473225,0.0,0.0,1.0,0.0,0.0,0.0
30,155,6.53028648536253,0.0,0.0,1.0,1.0,1.0,0.0,1.0
31,155,9.27386444348946,12.0,0.0,1.0,1.0,1.0,0.0,0.0
32,155,3.4768982667995307,9.4005090855157,1.0,1.0,0.0,0.0,0.0,1.0
33,155,5.606458825264655,7.232634896797935,1.0,0.0,1.0,0.0,0.0,0.0
34,155,6.890637575506653,11.20959936796798,1.0,0.0,0.0,0.0,0.0,0.0
35,155,4.520887480835605,9.090462336237444,1.0,0.0,0.0,1.0,1.0,0.0
36,155,8.905343552331436,10.964173203998136,1.0,0.0,1.0,0.0,0.0,1.0
37,155,5.771982378497223,6.206757705682369,1.0,1.0,0.0,0.0,1.0,0.0
38,155,8.027705956017877,11.651162359830671,1.0,0.0,0.0,0.0,1.0,0.0
39,155,9.100975405740543,2.8585934957931487,0.0,1.0,0.0,1.0,0.0,0.0
0,160,12.0,1.642193833035562,0.0,1.0,0.0,0.0,1.0,0.0
1,160,9.260062598026602,3.1786617513842788,0.0,0.0,0.0,1.0,1.0,0.0
2,160,7.953653724324761,9.669165553514736,0.0,0.0,0.0,1.0,0.0,0.0
3,160,0.3754011079937308,8.547604667969846,0.0,1.0,0.0,1.0,0.0,1.0
4,160,7.631850616684838,0.3043598921935097,1.0,1.0,0.0,1.0,1.0,1.0
5,160,3.015610453594258,3.991052161986873,0.0,0.0,1.0,0.0,0.0,1.0
6,160,2.1734604437797205,1.314944750627924,0.0,0.0,0.0,0.0,1.0,0.0
7,160,10.513536536220832,10.204713962938262,0.0,0.0,0.0,0.0,1.0,1.0
8,160,11.024175608248424,12.0,1.0,1.0,1.0,0.0,0.0,0.0
9,160,8.308587368743993,9.747671593990644,0.0,1.0,1.0,0.0,0.0,0.0
10,160,6.058959809065971,10.54902626046321,0.0,0.0,0.0,1.0,0.0,1.0
11,160,7.443073192198747,7.32074642621536,1.0,1.0,1.0,1.0,0.0,1.0
12,160,6.412650670053048,6.259620793387946,1.0,0.0,0.0,0.0,0.0,1.0
13,160,7.168906178653982,7.161172433805919,0.0,0.0,0.0,0.0,1.0,0.0
14,160,1.4955769336117324,8.966878171616449,0.0,0.0,1.0,0.0,1.0,1.0
15,160,8.963307536558583,11.267751376680843,0.0,1.0,1.0,0.0,1.0,1.0
16,160,1.8332533429788909,2.855300510610724,0.0,0.0,1.0,0.0,1.0,1.0
17,160,2.8981700213515174,11.606108645551258,0.0,0.0,1.0,0.0,0.0,1.0
18,160,0.0,12.0,0.0,0.0,0.0,0.0,0.0,0.0
19,160,3.804163167382537,1.9954312283328128,0.0,1.0,1.0,1.0,0.0,0.0
20,160,1.9528528192361732,4.446544754014902,1.0,0.0,0.0,1.0,1.0,0.0
21,160,3.905932878511025,0.8745350701295693,1.0,0.0,0.0,1.0,1.0,0.0
22,160,3.942288023160089,10.492278487962968,0.0,0.0,0.0,0.0,0.0,0.0
23,160,7.083068242506379,7.185167755368949,1.0,0.0,1.0,0.0,0.0,1.0
24,160,8.979178896416355,7.30488627990724,0.0,1.0,0.0,0.0,1.0,0.0
25,160,9.746687833508048,3.6951890051819687,1.0,1.0,0.0,0.0,0.0,1.0
26,160,11.909807643841226,8.916179817250937,1.0,0.0,1.0,1.0,1.0,0.0
27,160,7.670419416475529,5.529256144873853,1.0,0.0,1.0,0.0,1.0,1.0
28,160,1.675211866720256,12.0,0.0,1.0,0.0,0.0,1.0,0.0
29,160,9.904767945509542,11.12030739617994,0.0,0.0,1.0,0.0,0.0,0.0
30,160,6.444679623535874,0.0,0.0,1.0,1.0,1.0,0.0,1.0
31,160,9.406647064708954,12.0,0.0,1.0,1.0,1.0,0.0,0.0
32,160,3.4862233859077096,9.4080114914198,1.0,1.0,0.0,0.0,0.0,1.0
33,160,5.626330928094102,7.23642336497505,1.0,0.0,1.0,0.0,0.0,0.0
34,160,6.925250883671201,11.153889325319025,1.0,0.0,0.0,0.0,0.0,0.0
35,160,4.5294343027558845,9.09651604338929,1.0,0.0,0.0,1.0,1.0,0.0
36,160,8.913919108749871,10.916335546812018,1.0,0.0,1.0,0.0,0.0,1.0
37,160,5.8449791249244125,6.310356158058348,1.0,1.0,0.0,0.0,1.0,0.0
38,160,7.861368448432159,11.749647688361016,1.0,0.0,0.0,0.0,1.0,0.0
39,160,9.0500357228512,2.974122225255788,0.0,1.0,0.0,1.0,0.0,0.0
0,165,12.0,1.6603083422069984,0.0,1.0,0.0,0.0,1.0,0.0
1,165,9.375448000037505,3.266490990020213,0.0,0.0,0.0,1.0,1.0,0.0
2,165,8.004586218871223,9.607370567199908,0.0,0.0,0.0,1.0,0.0,0.0
3,165,0.3677085584306533,8.599874263252964,0.0,1.0,0.0,1.0,0.0,1.0
4,165,7.688516665716579,0.318196616300948,1.0,1.0,0.0,1.0,1.0,1.0
5,165,3.1164073382502164,4.206948628432643,0.0,0.0,1.0,0.0,0.0,1.0
6,165,2.157949221172868,1.2740503998251538,0.0,0.0,0.0,0.0,1.0,0.0
7,165,10.594426754685166,10.221150706955289,0.0,0.0,0.0,0.0,1.0,1.0
8,165,11.045540775702682,12.0,1.0,1.0,1.0,0.0,0.0,0.0
9,165,8.315713037461983,9.726529320673306,0.0,1.0,1.0,0.0,0.0,0.0
10,165,5.990107626042624,10.593692121375986,0.0,0.0,0.0,1.0,0.0,1.0
11,165,7.397063747098268,7.225066088533178,1.0,1.0,1.0,1.0,0.0,1.0
12,165,6.422179839993473,6.268235725111835,1.0,0.0,0.0,0.0,0.0,1.0
13,165,7.15766870831141,7.166031248359952,0.0,0.0,0.0,0.0,1.0,0.0
14,165,1.5021049294475357,8.97073877639801,0.0,0.0,1.0,0.0,1.0,1.0
15,165,9.066044812709382,11.281100252589116,0.0,1.0,1.0,0.0,1.0,1.0
16,165,1.944838352666901,2.908186930096204,0.0,0.0,1.0,0.0,1.0,1.0
17,165,2.886728412716767,11.592967099533652,0.0,0.0,1.0,0.0,0.0,1.0
18,165,0.0,12.0,0.0,0.0,0.0,0.0,0.0,0.0
19,165,3.860773967769066,2.005779618715178,0.0,1.0,1.0,1.0,0.0,0.0
20,165,1.980947062994128,4.449993396085173,1.0,0.0,0.0,1.0,1.0,0.0
21,165,3.843693484360697,0.8336036700518556,1.0,0.0,0.0,1.0,1.0,0.0
22,165,3.9442719121746617,10.489108039968848,0.0,0.0,0.0,0.0,0.0,0.0
23,165,7.088673433705073,7.218461932411068,1.0,0.0,1.0,0.0,0.0,1.0
24,165,9.02154996381914,7.293646591045169,0.0,1.0,0.0,0.0,1.0,0.0
25,165,9.73518595106846,3.699834742552757,1.0,1.0,0.0,0.0,0.0,1.0
26,165,11.929423168421726,8.933580591437014,1.0,0.0,1.0,1.0,1.0,0.0
27,165,7.704345029768749,5.397385975385034,1.0,0.0,1.0,0.0,1.0,1.0
28,165,1.669900150331375,12.0,0.0,1.0,0.0,0.0,1.0,0.0
29,165,9.911474211782249,11.107964649471947,0.0,0.0,1.0,0.0,0.0,0.0
30,165,6.358919051137539,0.0,0.0,1.0,1.0,1.0,0.0,1.0
31,165,9.531043004176,12.0,0.0,1.0,1.0,1.0,0.0,0.0
32,165,3.512162575295537,9.428463859371185,1.0,1.0,0.0,0.0,0.0,1.0
33,165,5.649128367235025,7.241106989715663,1.0,0.0,1.0,0.0,0.0,0.0
34,165,6.970953384851194,11.081075465110422,1.0,0.0,0.0,0.0,0.0,0.0
35,165,4.522314255262351,9.091461262974113,1.0,0.0,0.0,1.0,1.0,0.0
36,165,8.928201584603626,10.847469836835774,1.0,0.0,1.0,0.0,0.0,1.0
37,165,5.914282394952121,6.406472773826224,1.0,1.0,0.0,0.0,1.0,0.0
38,165,7.704553650014873,11.843819494461451,1.0,0.0,0.0,0.0,1.0,0.0
39,165,9.005743901918725,3.071016516992826,0.0,1.0,0.0,1.0,0.0,0.0
0,170,12.0,1.6780972095126332,0.0,1.0,0.0,0.0,1.0,0.0
1,170,9.493271940055948,3.355208896783984,0.0,0.0,0.0,1.0,1.0,0.0
2,170,8.057976495433254,9.536330266368578,0.0,0.0,0.0,1.0,0.0,0.0
3,170,0.362341832642376,8.640970988834695,0.0,1.0,0.0,1.0,0.0,1.0
4,170,7.741241472020142,0.3311071272153,1.0,1.0,0.0,1.0,1.0,1.0
5,170,3.210078917979062,4.435072580056561,0.0,0.0,1.0,0.0,0.0,1.0
6,170,2.137387618260852,1.2205707303674145,0.0,0.0,0.0,0.0,1.0,0.0
7,170,10.67358008512964,10.235991156751544,0.0,0.0,0.0,0.0,1.0,1.0
8,170,11.049965818125251,12.0,1.0,1.0,1.0,0.0,0.0,0.0
9,170,8.322324108081126,9.706249095011689,0.0,1.0,1.0,0.0,0.0,0.0
10,170,5.9418142666261575,10.525639527789778,0.0,0.0,0.0,1.0,0.0,1.0
11,170,7.333390201738406,7.09531632262268,1.0,1.0,1.0,1.0,0.0,1.0
12,170,6.437733558419106,6.281950401383507,1.0,0.0,0.0,0.0,0.0,1.0
13,170,7.135563209476925,7.175612493762111,0.0,0.0,0.0,0.0,1.0,0.0
14,170,1.495299061503223,8.966596226034158,0.0,0.0,1.0,0.0,1.0,1.0
15,170,9.15895622756667,11.298057483462516,0.0,1.0,1.0,0.0,1.0,1.0
16,170,2.0684570371126987,2.9675906985301608,0.0,0.0,1.0,0.0,1.0,1.0
17,170,2.864242886488765,11.566539530387509,0.0,0.0,1.0,0.0,0.0,1.0
18,170,0.0,12.0,0.0,0.0,0.0,0.0,0.0,0.0
19,170,3.915960379707324,2.0152813274068127,0.0,1.0,1.0,1.0,0.0,0.0
20,170,2.0259936178750904,4.45531994523652,1.0,0.0,0.0,1.0,1.0,0.0
21,170,3.774414906482965,0.7858146751000009,1.0,0.0,0.0,1.0,1.0,0.0
22,170,3.960172527843013,10.463393596599117,0.0,0.0,0.0,0.0,0.0,0.0
23,170,7.094328057938327,7.257400163026949,1.0,0.0,1.0,0.0,0.0,1.0
24,170,9.060885942827973,7.283929092518927,0.0,1.0,0.0,0.0,1.0,0.0
25,170,9.707955568428138,3.7108400540626234,1.0,1.0,0.0,0.0,0.0,1.0
26,170,11.948138246640276,8.949898999676206,1.0,0.0,1.0,1.0,1.0,0.0
27,170,7.732346546753107,5.263488088156895,1.0,0.0,1.0,0.0,1.0,1.0
28,170,1.661235689198451,12.0,0.0,1.0,0.0,0.0,1.0,0.0
29,170,9.927043624669237,11.079267120878294,0.0,0.0,1.0,0.0,0.0,0.0
30,170,6.279975586432118,0.0,0.0,1.0,1.0,1.0,0.0,1.0
31,170,9.653587878585526,12.0,0.0,1.0,1.0,1.0,0.0,0.0
32,170,3.5459056873312225,9.456356860913491,1.0,1.0,0.0,0.0,0.0,1.0
33,170,5.694751219867341,7.250103182617464,1.0,0.0,1.0,0.0,0.0,0.0
34,170,7.014005145169858,11.004821893830467,1.0,0.0,0.0,0.0,0.0,0.0
35,170,4.524921064600506,9.093310902626005,1.0,0.0,0.0,1.0,1.0,0.0
36,170,8.941723089178828,10.784919293009796,1.0,0.0,1.0,0.0,0.0,1.0
37,170,5.979514673910613,6.500974554551249,1.0,1.0,0.0,0.0,1.0,0.0
38,170,7.553872726421346,11.93865520213976,1.0,0.0,0.0,0.0,1.0,0.0
39,170,8.966450893747776,3.157362913994611,0.0,1.0,0.0,1.0,0.0,0.0
0,175,12.0,1.701212707513802,0.0,1.0,0.0,0.0,1.0,0.0
1,175,9.621557094387514,3.4491418325595644,0.0,0.0,0.0,1.0,1.0,0.0
2,175,8.12089098737101,9.456198731250504,0.0,0.0,0.0,1.0,0.0,0.0
3,175,0.3585197725051365,8.679176970291863,0.0,1.0,0.0,1.0,0.0,1.0
4,175,7.809547020777755,0.3481637634828142,1.0,1.0,0.0,1.0,1.0,1.0
5,175,3.322546877017454,4.672400861548941,0.0,0.0,1.0,0.0,0.0,1.0
6,175,2.127138717689336,1.1934826701500234,0.0,0.0,0.0,0.0,1.0,0.0
7,175,10.75533049210028,10.250615365547556,0.0,0.0,0.0,0.0,1.0,1.0
8,175,11.062585538949248,12.0,1.0,1.0,1.0,0.0,0.0,0.0
9,175,8.331915060043226,9.675473366339457,0.0,1.0,1.0,0.0,0.0,0.0
10,175,5.897798725457645,10.466362063976764,0.0,0.0,0.0,1.0,0.0,1.0
11,175,7.262487777929729,6.953525014795563,1.0,1.0,1.0,1.0,0.0,1.0
12,175,6.436357337143282,6.280781987251411,1.0,0.0,0.0,0.0,0.0,1.0
13,175,7.12406571474513,7.180198862583104,0.0,0.0,0.0,0.0,1.0,0.0
14,175,1.4840782277676443,8.959946799456988,0.0,0.0,1.0,0.0,1.0,1.0
15,175,9.209646527820448,11.305632752611192,0.0,1.0,1.0,0.0,1.0,1.0
16,175,2.2076446590077285,3.035866660264426,0.0,0.0,1.0,0.0,1.0,1.0
17,175,2.8357253160962834,11.533315588661,0.0,0.0,1.0,0.0,0.0,1.0
18,175,0.0,12.0,0.0,0.0,0.0,0.0,0.0,0.0
19,175,3.9786281071048633,2.0247018652181565,0.0,1.0,1.0,1.0,0.0,0.0
20,175,2.0583387375616446,4.458782979395209,1.0,0.0,0.0,1.0,1.0,0.0
21,175,3.7229449611638894,0.7513580865366911,1.0,0.0,0.0,1.0,1.0,0.0
22,175,3.971369317323892,10.446173503558768,0.0,0.0,0.0,0.0,0.0,0.0
23,175,7.100527686963278,7.293097613265475,1.0,0.0,1.0,0.0,0.0,1.0
24,175,9.082757771870323,7.278452020229837,0.0,1.0,0.0,0.0,1.0,0.0
25,175,9.679522259545069,3.722455596004973,1.0,1.0,0.0,0.0,0.0,1.0
26,175,11.973589900688156,8.973611718052753,1.0,0.0,1.0,1.0,1.0,0.0
27,175,7.760209923663775,5.11989433279718,1.0,0.0,1.0,0.0,1.0,1.0
28,175,1.6535894229206125,12.0,0.0,1.0,0.0,0.0,1.0,0.0
29,175,9.938237281198925,11.05721149268286,0.0,0.0,1.0,0.0,0.0,0.0
30,175,6.197725157053976,0.0,0.0,1.0,1.0,1.0,0.0,1.0
31,175,9.76748908224648,12.0,0.0,1.0,1.0,1.0,0.0,0.0
32,175,3.563703336339419,9.471329146134014,1.0,1.0,0.0,0.0,0.0,1.0
33,175,5.729641731836063,7.256845592729733,1.0,0.0,1.0,0.0,0.0,0.0
34,175,7.051630581165354,10.938997989659043,1.0,0.0,0.0,0.0,0.0,0.0
35,175,4.534769570566176,9.100615638626431,1.0,0.0,0.0,1.0,1.0,0.0
36,175,8.9552839583492,10.71841788438181,1.0,0.0,1.0,0.0,0.0,1.0
37,175,6.0496480169957225,6.595714237333469,1.0,1.0,0.0,0.0,1.0,0.0
38,175,7.414220407113352,12.0,1.0,0.0,0.0,0.0,1.0,0.0
39,175,8.930106964949953,3.236651935111161,0.0,1.0,0.0,1.0,0.0,0.0
0,180,12.0,1.721342763012477,0.0,1.0,0.0,0.0,1.0,0.0
1,180,9.7447731468341,3.5392719908531545,0.0,0.0,0.0,1.0,1.0,0.0
2,180,8.181351803708221,9.38026222156856,0.0,0.0,0.0,1.0,0.0,0.0
3,180,0.3554321959131533,8.716508509578254,0.0,1.0,0.0,1.0,0.0,1.0
4,180,7.883022922040715,0.365399958342199,1.0,1.0,0.0,1.0,1.0,1.0
5,180,3.443307588145967,4.918827786333183,0.0,0.0,1.0,0.0,0.0,1.0
6,180,2.121578180594628,1.1794145224532266,0.0,0.0,0.0,0.0,1.0,0.0
7,180,10.86129219326854,10.269517014175651,0.0,0.0,0.0,0.0,1.0,1.0
8,180,11.083348351609189,12.0,1.0,1.0,1.0,0.0,0.0,0.0
9,180,8.348469042335301,9.62180902763606,0.0,1.0,1.0,0.0,0.0,0.0
10,180,5.862518959453352,10.419176194863114,0.0,0.0,0.0,1.0,0.0,1.0
11,180,7.193069401026931,6.802653374089825,1.0,1.0,1.0,1.0,0.0,1.0
12,180,6.447046479228146,6.29021765024474,1.0,0.0,0.0,0.0,0.0,1.0
13,180,7.119931290612053,7.181850499992497,0.0,0.0,0.0,0.0,1.0,0.0
14,180,1.4906802483048882,8.964026561917631,0.0,0.0,1.0,0.0,1.0,1.0
15,180,9.278710364907145,11.315683850221289,0.0,1.0,1.0,0.0,1.0,1.0
16,180,2.36492238348281,3.114156656266255,0.0,0.0,1.0,0.0,1.0,1.0
17,180,2.8134882856047283,11.506923939830614,0.0,0.0,1.0,0.0,0.0,1.0
18,180,0.0,12.0,0.0,0.0,0.0,0.0,0.0,0.0
19,180,4.062844240754057,2.035314959970266,0.0,1.0,1.0,1.0,0.0,0.0
20,180,2.106670839309332,4.464726386279114,1.0,0.0,0.0,1.0,1.0,0.0
21,180,3.671024510618521,0.7157687934815601,1.0,0.0,0.0,1.0,1.0,0.0
22,180,3.982254889683754,10.42994982976621,0.0,0.0,0.0,0.0,0.0,0.0
23,180,7.106121004670444,7.328139038685699,1.0,0.0,1.0,0.0,0.0,1.0
24,180,9.115818623142792,7.2710644946853185,0.0,1.0,0.0,0.0,1.0,0.0
25,180,9.647732150329093,3.735227590565612,1.0,1.0,0.0,0.0,0.0,1.0
26,180,12.0,9.002870561407141,1.0,0.0,1.0,1.0,1.0,0.0
27,180,7.791473550156655,4.956867713619015,1.0,0.0,1.0,0.0,1.0,1.0
28,180,1.6430077314753433,12.0,0.0,1.0,0.0,0.0,1.0,0.0
29,180,9.949672704842282,11.034697703231656,0.0,0.0,1.0,0.0,0.0,0.0
30,180,6.105893966630555,0.0,0.0,1.0,1.0,1.0,0.0,1.0
31,180,9.87154035898162,12.0,0.0,1.0,1.0,1.0,0.0,0.0
32,180,3.587955298641353,9.491758035106152,1.0,1.0,0.0,0.0,0.0,1.0
33,180,5.761404484368005,7.262777839104351,1.0,0.0,1.0,0.0,0.0,0.0
34,180,7.078202295416409,10.890413511062285,1.0,0.0,0.0,0.0,0.0,0.0
35,180,4.542168538449599,9.105841894423802,1.0,0.0,0.0,1.0,1.0,0.0
36,180,8.969769554048783,10.648835410177696,1.0,0.0,1.0,0.0,0.0,1.0
37,180,6.12135843880226,6.697067642057545,1.0,1.0,0.0,0.0,1.0,0.0
38,180,7.294510946221762,12.0,1.0,0.0,0.0,0.0,1.0,0.0
39,180,8.893548882209858,3.3211639423322405,0.0,1.0,0.0,1.0,0.0,0.0
0,185,12.0,1.7435542671439614,0.0,1.0,0.0,0.0,1.0,0.0
1,185,9.87090781283233,3.629427596725353,0.0,0.0,0.0,1.0,1.0,0.0
2,185,8.236757851398055,9.3143260010587,0.0,0.0,0.0,1.0,0.0,0.0
3,185,0.3535457433805195,8.737868109895523,0.0,1.0,0.0,1.0,0.0,1.0
4,185,7.967528236378785,0.3840661503473153,1.0,1.0,0.0,1.0,1.0,1.0
5,185,3.562325218635225,5.1559491845851,0.0,0.0,1.0,0.0,0.0,1.0
6,185,2.1240272284440795,1.1857398686291396,0.0,0.0,0.0,0.0,1.0,0.0
7,185,10.975894112024232,10.29306474471906,0.0,0.0,0.0,0.0,1.0,1.0
8,185,11.08289962814049,11.999710919713069,1.0,1.0,1.0,0.0,0.0,0.0
9,185,8.362704308453367,9.57671467974247,0.0,1.0,1.0,0.0,0.0,0.0
10,185,5.821633492607464,10.36662743672038,0.0,0.0,0.0,1.0,0.0,1.0
11,185,7.1165999517524,6.641609520582447,1.0,1.0,1.0,1.0,0.0,1.0
12,185,6.470097888002969,6.309628397680176,1.0,0.0,0.0,0.0,0.0,1.0
13,185,7.122762395159375,7.18070077009629,0.0,0.0,0.0,0.0,1.0,0.0
14,185,1.4832333616374238,8.959505581782,0.0,0.0,1.0,0.0,1.0,1.0
15,185,9.361510139218687,11.327427655576384,0.0,1.0,1.0,0.0,1.0,1.0
16,185,2.5046566990226493,3.184418339388565,0.0,0.0,1.0,0.0,1.0,1.0
17,185,2.802832518651258,11.494820458653995,0.0,0.0,1.0,0.0,0.0,1.0
18,185,0.0,12.0,0.0,0.0,0.0,0.0,0.0,0.0
19,185,4.165277633571208,2.050906348568182,0.0,1.0,1.0,1.0,0.0,0.0
20,185,2.1753401478743557,4.472590199309988,1.0,0.0,0.0,1.0,1.0,0.0
21,185,3.618617433894356,0.6804937000208935,1.0,0.0,0.0,1.0,1.0,0.0
22,185,3.987894728687159,10.421585870836582,0.0,0.0,0.0,0.0,0.0,0.0
23,185,7.113212023555887,7.369452901330547,1.0,0.0,1.0,0.0,0.0,1.0
24,185,9.134319708584004,7.26681175381202,0.0,1.0,0.0,0.0,1.0,0.0
25,185,9.625229284857037,3.7439922572184585,1.0,1.0,0.0,0.0,0.0,1.0
26,185,12.0,9.023934866173262,1.0,0.0,1.0,1.0,1.0,0.0
27,185,7.826556354457047,4.787086145239106,1.0,0.0,1.0,0.0,1.0,1.0
28,185,1.6339228112958235,12.0,0.0,1.0,0.0,0.0,1.0,0.0
29,185,9.952175745063956,11.030066543657137,0.0,0.0,1.0,0.0,0.0,0.0
30,185,6.018518516142017,0.0,0.0,1.0,1.0,1.0,0.0,1.0
31,185,9.970256456063034,12.0,0.0,1.0,1.0,1.0,0.0,0.0
32,185,3.623606854390235,9.521365660728748,1.0,1.0,0.0,0.0,0.0,1.0
33,185,5.8164275389192905,7.271966611383508,1.0,0.0,1.0,0.0,0.0,0.0
34,185,7.10363161203126,10.843890977434048,1.0,0.0,0.0,0.0,0.0,0.0
35,185,4.549672387225556,9.111355335569309,1.0,0.0,0.0,1.0,1.0,0.0
36,185,8.986552704533418,10.565515281119383,1.0,0.0,1.0,0.0,0.0,1.0
37,185,6.190446233495973,6.80052274454209,1.0,1.0,0.0,0.0,1.0,0.0
38,185,7.164778040975519,12.0,1.0,0.0,0.0,0.0,1.0,0.0
39,185,8.857761082874578,3.403055736831841,0.0,1.0,0.0,1.0,0.0,0.0
0,190,12.0,1.7669160119456555,0.0,1.0,0.0,0.0,1.0,0.0
1,190,9.981166966104595,3.711255723371489,0.0,0.0,0.0,1.0,1.0,0.0
2,190,8.289657225924277,9.251550041525144,0.0,0.0,0.0,1.0,0.0,0.0
3,190,0.3503921667924236,8.778517981387525,0.0,1.0,0.0,1.0,0.0,1.0
4,190,8.03363845837965,0.3969066757390449,1.0,1.0,0.0,1.0,1.0,1.0
5,190,3.682907253544972,5.388843230290223,0.0,0.0,1.0,0.0,0.0,1.0
6,190,2.134360934286932,1.21189131443834,0.0,0.0,0.0,0.0,1.0,0.0
7,190,11.082799392258336,10.312436855303304,0.0,0.0,0.0,0.0,1.0,1.0
8,190,11.084726651399272,12.0,1.0,1.0,1.0,0.0,0.0,0.0
9,190,8.36874257987535,9.556711313954835,0.0,1.0,1.0,0.0,0.0,0.0
10,190,5.79111422358196,10.32704476071909,0.0,0.0,0.0,1.0,0.0,1.0
11,190,7.035249150165623,6.470702951230721,1.0,1.0,1.0,1.0,0.0,1.0
12,190,6.489676357857728,6.325776591207347,1.0,0.0,0.0,0.0,0.0,1.0
13,190,7.127900278901164,7.178487171170161,0.0,0.0,0.0,0.0,1.0,0.0
14,190,1.4747057007256612,8.954183364440219,0.0,0.0,1.0,0.0,1.0,1.0
15,190,9.452672439856103,11.342388819279,0.0,1.0,1.0,0.0,1.0,1.0
16,190,2.6319149377633413,3.246319450284437,0.0,0.0,1.0,0.0,1.0,1.0
17,190,2.78806649512836,11.478035618210631,0.0,0.0,1.0,0.0,0.0,1.0
18,190,0.0,12.0,0.0,0.0,0.0,0.0,0.0,0.0
19,190,4.254660300312028,2.0644995725143334,0.0,1.0,1.0,1.0,0.0,0.0
20,190,2.2346586383083062,4.479574686465405,1.0,0.0,0.0,1.0,1.0,0.0
21,190,3.5624117107880924,0.6436144151281107,1.0,0.0,0.0,1.0,1.0,0.0
22,190,3.980504190461134,10.432956878330966,0.0,0.0,0.0,0.0,0.0,0.0
23,190,7.123985481286212,7.430721120690931,1.0,0.0,1.0,0.0,0.0,1.0
24,190,9.13538945369038,7.266574034620827,0.0,1.0,0.0,0.0,1.0,0.0
25,190,9.616251980776264,3.7477702050033295,1.0,1.0,0.0,0.0,0.0,1.0
26,190,12.0,9.041118944464644,1.0,0.0,1.0,1.0,1.0,0.0
27,190,7.86809556671562,4.602984816171732,1.0,0.0,1.0,0.0,1.0,1.0
28,190,1.7691502025903765,12.0,0.0,1.0,0.0,0.0,1.0,0.0
29,190,9.958883864530378,11.017482769054997,0.0,0.0,1.0,0.0,0.0,0.0
30,190,5.941765640452547,0.0,0.0,1.0,1.0,1.0,0.0,1.0
31,190,10.078561236511776,12.0,0.0,1.0,1.0,1.0,0.0,0.0
32,190,3.6635790216272826,9.557045745609296,1.0,1.0,0.0,0.0,0.0,1.0
33,190,5.869104838130191,7.281146609917727,1.0,0.0,1.0,0.0,0.0,0.0
34,190,7.131339947172201,10.797000085379583,1.0,0.0,0.0,0.0,0.0,0.0
35,190,4.542062606858862,9.105718240372216,1.0,0.0,0.0,1.0,1.0,0.0
36,190,9.003311650484946,10.479142827290593,1.0,0.0,1.0,0.0,0.0,1.0
37,190,6.257434364577215,6.904404900205072,1.0,1.0,0.0,0.0,1.0,0.0
38,190,7.022621571058433,12.0,1.0,0.0,0.0,0.0,1.0,0.0
39,190,8.817252457676203,3.501942816718511,0.0,1.0,0.0,1.0,0.0,0.0
0,195,12.0,1.7944403788522152,0.0,1.0,0.0,0.0,1.0,0.0
1,195,10.09488874068261,3.793420258405769,0.0,0.0,0.0,1.0,1.0,0.0
2,195,8.32423827938534,9.212302111638444,0.0,0.0,0.0,1.0,0.0,0.0
3,195,0.3472745395646847,8.835235329435879,0.0,1.0,0.0,1.0,0.0,1.0
4,195,8.09494195972909,0.4102392682151088,1.0,1.0,0.0,1.0,1.0,1.0
5,195,3.798801346102612,5.603765636178376,0.0,0.0,1.0,0.0,0.0,1.0
6,195,2.138071318369183,1.2213135090859362,0.0,0.0,0.0,0.0,1.0,0.0
7,195,11.06306712140369,10.42664102047877,0.0,0.0,0.0,0.0,1.0,1.0
8,195,11.098097711765922,12.0,1.0,1.0,1.0,0.0,0.0,0.0
9,195,8.3759474612092,9.533519622117725,0.0,1.0,1.0,0.0,0.0,0.0
10,195,5.759964681871809,10.28701120729296,0.0,0.0,0.0,1.0,0.0,1.0
11,195,6.962968779024577,6.312218634800609,1.0,1.0,1.0,1.0,0.0,1.0
12,195,6.517414862590046,6.349805372638425,1.0,0.0,0.0,0.0,0.0,1.0
13,195,7.120565676173365,7.181965450604942,0.0,0.0,0.0,0.0,1.0,0.0
14,195,1.4793302534864476,8.957020411921548,0.0,0.0,1.0,0.0,1.0,1.0
15,195,9.560788506435564,11.361667636778629,0.0,1.0,1.0,0.0,1.0,1.0
16,195,2.7640659677090644,3.3061101269085214,0.0,0.0,1.0,0.0,1.0,1.0
17,195,2.767645083659686,11.453980832759578,0.0,0.0,1.0,0.0,0.0,1.0
18,195,0.0,12.0,0.0,0.0,0.0,0.0,0.0,0.0
19,195,4.349088678929525,2.076114403457508,0.0,1.0,1.0,1.0,0.0,0.0
20,195,2.300934050244749,4.48718406634144,1.0,0.0,0.0,1.0,1.0,0.0
21,195,3.5017811794267644,0.6025030126754128,1.0,0.0,0.0,1.0,1.0,0.0
22,195,3.981263165473482,10.431777706747464,0.0,0.0,0.0,0.0,0.0,0.0
23,195,7.132171340912846,7.485156033528328,1.0,0.0,1.0,0.0,0.0,1.0
24,195,9.13967863816664,7.265633706725869,0.0,1.0,0.0,0.0,1.0,0.0
25,195,9.62160089346258,3.7454458180287378,1.0,1.0,0.0,0.0,0.0,1.0
26,195,12.0,9.052118281841643,1.0,0.0,1.0,1.0,1.0,0.0
27,195,7.912667908282592,4.428540264733431,1.0,0.0,1.0,0.0,1.0,1.0
28,195,1.917228002718898,12.0,0.0,1.0,0.0,0.0,1.0,0.0
29,195,9.96084350291625,11.013736654864855,0.0,0.0,1.0,0.0,0.0,0.0
30,195,5.867824426869344,0.0,0.0,1.0,1.0,1.0,0.0,1.0
31,195,10.200625087396302,12.0,0.0,1.0,1.0,1.0,0.0,0.0
32,195,3.708819367723695,9.597638618743312,1.0,1.0,0.0,0.0,0.0,1.0
33,195,5.944630275022499,7.293530917734504,1.0,0.0,1.0,0.0,0.0,0.0
34,195,7.1557471042509375,10.753266258857334,1.0,0.0,0.0,0.0,0.0,0.0
35,195,4.524831166697434,9.093506024741906,1.0,0.0,0.0,1.0,1.0,0.0
36,195,9.018653624513313,10.388162480175092,1.0,0.0,1.0,0.0,0.0,1.0
37,195,6.329602745747851,7.013637846740894,1.0,1.0,0.0,0.0,1.0,0.0
38,195,6.870243665893987,12.0,1.0,0.0,0.0,0.0,1.0,0.0
39,195,8.775274185129794,3.599953007813632,0.0,1.0,0.0,1.0,0.0,0.0
0,200,12.0,1.82758660053634,0.0,1.0,0.0,0.0,1.0,0.0
1,200,10.223571263291618,3.8898125934218033,0.0,0.0,0.0,1.0,1.0,0.0
2,200,8.361242071841218,9.174626285380889,0.0,0.0,0.0,1.0,0.0,0.0
3,200,0.3423556547086875,8.902921240188437,0.0,1.0,0.0,1.0,0.0,1.0
4,200,8.146590057497534,0.4224326745409368,1.0,1.0,0.0,1.0,1.0,1.0
5,200,3.909331230740762,5.804439939551775,0.0,0.0,1.0,0.0,0.0,1.0
6,200,2.1371724375639958,1.219065169474776,0.0,0.0,0.0,0.0,1.0,0.0
7,200,11.037819356674806,10.534960500050827,0.0,0.0,0.0,0.0,1.0,1.0
8,200,11.100041046184169,12.0,1.0,1.0,1.0,0.0,0.0,0.0
9,200,8.384513923635646,9.505721370573438,0.0,1.0,1.0,0.0,0.0,0.0
10,200,5.729666764827081,10.309607160572211,0.0,0.0,0.0,1.0,0.0,1.0
11,200,6.8917439124270325,6.15566705114273,1.0,1.0,1.0,1.0,0.0,1.0
12,200,6.543755668272548,6.37168803651943,1.0,0.0,0.0,0.0,0.0,1.0
13,200,7.09810462047454,7.192368810826917,0.0,0.0,0.0,0.0,1.0,0.0
14,200,1.5059050246460062,8.974218196488952,0.0,0.0,1.0,0.0,1.0,1.0
15,200,9.65622163709144,11.3763117376784,0.0,1.0,1.0,0.0,1.0,1.0
16,200,2.8844272946628493,3.354730406937378,0.0,0.0,1.0,0.0,1.0,1.0
17,200,2.748212476195377,11.43160246404269,0.0,0.0,1.0,0.0,0.0,1.0
18,200,0.0,12.0,0.0,0.0,0.0,0.0,0.0,0.0
19,200,4.463226607712348,2.0912469703189496,0.0,1.0,1.0,1.0,0.0,0.0
20,200,2.3707387225677845,4.495722309154816,1.0,0.0,0.0,1.0,1.0,0.0
21,200,3.448738546060706,0.5674534362252073,1.0,0.0,0.0,1.0,1.0,0.0
22,200,3.978063103302916,10.436500563106913,0.0,0.0,0.0,0.0,0.0,0.0
23,200,7.140419020392977,7.53160330466111,1.0,0.0,1.0,0.0,0.0,1.0
24,200,9.14962780378394,7.263477099798621,0.0,1.0,0.0,0.0,1.0,0.0
25,200,9.647035161008336,3.734813436890948,1.0,1.0,0.0,0.0,0.0,1.0
26,200,11.99935026573085,9.051458430163176,1.0,0.0,1.0,1.0,1.0,0.0
27,200,7.957915927438876,4.250741766368119,1.0,0.0,1.0,0.0,1.0,1.0
28,200,2.080030459868312,12.0,0.0,1.0,0.0,0.0,1.0,0.0
29,200,9.974922011279707,10.986199006305949,0.0,0.0,1.0,0.0,0.0,0.0
30,200,5.794982241739761,0.0,0.0,1.0,1.0,1.0,0.0,1.0
31,200,10.308758142322088,12.0,0.0,1.0,1.0,1.0,0.0,0.0
32,200,3.761397548801597,9.643756041227032,1.0,1.0,0.0,0.0,0.0,1.0
33,200,6.016465817808348,7.307760920521259,1.0,0.0,1.0,0.0,0.0,0.0
34,200,7.188990695144288,10.692773995734443,1.0,0.0,0.0,0.0,0.0,0.0
35,200,4.515524230519951,9.086820404672965,1.0,0.0,0.0,1.0,1.0,0.0
36,200,9.030752084703543,10.318069467055436,1.0,0.0,1.0,0.0,0.0,1.0
37,200,6.39797411051278,7.115812677115569,1.0,1.0,0.0,0.0,1.0,0.0
38,200,6.73336401118177,12.0,1.0,0.0,0.0,0.0,1.0,0.0
39,200,8.727922564801812,3.7070822107889247,0.0,1.0,0.0,1.0,0.0,0.0
0,205,12.0,1.865401143732308,0.0,1.0,0.0,0.0,1.0,0.0
1,205,10.335054267496927,3.9730469212089057,0.0,0.0,0.0,1.0,1.0,0.0
2,205,8.391058435658177,9.144909624744354,0.0,0.0,0.0,1.0,0.0,0.0
3,205,0.3355887818293315,8.975250855677483,0.0,1.0,0.0,1.0,0.0,1.0
4,205,8.192704580296045,0.4332311326445223,1.0,1.0,0.0,1.0,1.0,1.0
5,205,4.0020940425265294,5.978211446226939,0.0,0.0,1.0,0.0,0.0,1.0
6,205,2.140530727791416,1.227464984556248,0.0,0.0,0.0,0.0,1.0,0.0
7,205,11.011137058773643,10.648927713332563,0.0,0.0,0.0,0.0,1.0,1.0
8,205,11.096744794959948,11.99796632252484,1.0,1.0,1.0,0.0,0.0,0.0
9,205,8.393238154532265,9.4803705000379,0.0,1.0,1.0,0.0,0.0,0.0
10,205,5.6910827483049,10.33625381380826,0.0,0.0,0.0,1.0,0.0,1.0
11,205,6.813057746602218,5.984570547547863,1.0,1.0,1.0,1.0,0.0,1.0
12,205,6.566243279012229,6.38990469058352,1.0,0.0,0.0,0.0,0.0,1.0
13,205,7.057189058673193,7.211810205520573,0.0,0.0,0.0,0.0,1.0,0.0
14,205,1.5312120501496287,8.990434642999794,0.0,0.0,1.0,0.0,1.0,1.0
15,205,9.756476466554032,11.390856907692031,0.0,1.0,1.0,0.0,1.0,1.0
16,205,2.994357830730772,3.399494921957521,0.0,0.0,1.0,0.0,1.0,1.0
17,205,2.729162271609865,11.409451846785204,0.0,0.0,1.0,0.0,0.0,1.0
18,205,0.0,12.0,0.0,0.0,0.0,0.0,0.0,0.0
19,205,4.588699582666097,2.1073134151554305,0.0,1.0,1.0,1.0,0.0,0.0
20,205,2.3647340904826226,4.537716845389788,1.0,0.0,0.0,1.0,1.0,0.0
21,205,3.4101451216349066,0.5409437957680409,1.0,0.0,0.0,1.0,1.0,0.0
22,205,3.97356012074246,10.442782207362614,0.0,0.0,0.0,0.0,0.0,0.0
23,205,7.147724643914675,7.567350779943375,1.0,0.0,1.0,0.0,0.0,1.0
24,205,9.165310908079451,7.26037454278782,0.0,1.0,0.0,0.0,1.0,0.0
25,205,9.668493762515944,3.726027379297367,1.0,1.0,0.0,0.0,0.0,1.0
26,205,11.984029035266897,9.035954571976864,1.0,0.0,1.0,1.0,1.0,0.0
27,205,8.000631623342391,4.079407737475155,1.0,0.0,1.0,0.0,1.0,1.0
28,205,2.2487303152463376,12.0,0.0,1.0,0.0,0.0,1.0,0.0
29,205,9.996279027866809,10.943436581095195,0.0,0.0,1.0,0.0,0.0,0.0
30,205,5.737444787923375,0.0,0.0,1.0,1.0,1.0,0.0,1.0
31,205,10.425419172355802,12.0,0.0,1.0,1.0,1.0,0.0,0.0
32,205,3.8094282007206273,9.686975577380558,1.0,1.0,0.0,0.0,0.0,1.0
33,205,6.096187972645527,7.323257342990564,1.0,0.0,1.0,0.0,0.0,0.0
34,205,7.202877254124261,10.665781446036071,1.0,0.0,0.0,0.0,0.0,0.0
35,205,4.521968301279324,9.091548119080588,1.0,0.0,0.0,1.0,1.0,0.0
36,205,9.043363973170331,10.244177405267555,1.0,0.0,1.0,0.0,0.0,1.0
37,205,6.47430089220547,7.228091297934199,1.0,1.0,0.0,0.0,1.0,0.0
38,205,6.606088081140994,12.0,1.0,0.0,0.0,0.0,1.0,0.0
39,205,8.681914880707781,3.819552250915772,0.0,1.0,0.0,1.0,0.0,0.0
0,210,12.0,1.904496869462594,0.0,1.0,0.0,0.0,1.0,0.0
1,210,10.439986778667338,4.051431216975555,0.0,0.0,0.0,1.0,1.0,0.0
2,210,8.413285229548706,9.121672006199937,0.0,0.0,0.0,1.0,0.0,0.0
3,210,0.3317323857072046,9.0445663030322,0.0,1.0,0.0,1.0,0.0,1.0
4,210,8.225417321015431,0.4406990548960636,1.0,1.0,0.0,1.0,1.0,1.0
5,210,4.1032158600840525,6.173537200296779,0.0,0.0,1.0,0.0,0.0,1.0
6,210,2.133980822658944,1.2109266752322652,0.0,0.0,0.0,0.0,1.0,0.0
7,210,10.982567680487865,10.763808859166058,0.0,0.0,0.0,0.0,1.0,1.0
8,210,11.10371252417515,12.0,1.0,1.0,1.0,0.0,0.0,0.0
9,210,8.398438581315224,9.46516554692784,0.0,1.0,1.0,0.0,0.0,0.0
10,210,5.669443730183377,10.35029502450556,0.0,0.0,0.0,1.0,0.0,1.0
11,210,6.73857398814282,5.825407304124911,1.0,1.0,1.0,1.0,0.0,1.0
12,210,6.6055261412418576,6.421315025209384,1.0,0.0,0.0,0.0,0.0,1.0
13,210,7.012568406743987,7.233060479801999,0.0,0.0,0.0,0.0,1.0,0.0
14,210,1.564820951220281,9.012296279276574,0.0,0.0,1.0,0.0,1.0,1.0
15,210,9.85247316562362,11.40349546395476,0.0,1.0,1.0,0.0,1.0,1.0
16,210,3.0945472433907977,3.4398808083809804,0.0,0.0,1.0,0.0,1.0,1.0
17,210,2.709995705463925,11.388069627066283,0.0,0.0,1.0,0.0,0.0,1.0
18,210,0.0,12.0,0.0,0.0,0.0,0.0,0.0,0.0
19,210,4.718568207178881,2.126370978999054,0.0,1.0,1.0,1.0,0.0,0.0
20,210,2.3602508321434343,4.577014438999136,1.0,0.0,0.0,1.0,1.0,0.0
21,210,3.380531433694625,0.5214721273339085,1.0,0.0,0.0,1.0,1.0,0.0
22,210,3.976547630730049,10.438593518382186,0.0,0.0,0.0,0.0,0.0,0.0
23,210,7.1556791883279205,7.60741094415759,1.0,0.0,1.0,0.0,0.0,1.0
24,210,9.17989717028167,7.257441418737137,0.0,1.0,0.0,0.0,1.0,0.0
25,210,9.690968074876617,3.716804623829751,1.0,1.0,0.0,0.0,0.0,1.0
26,210,11.960243545564737,9.013389355827076,1.0,0.0,1.0,1.0,1.0,0.0
27,210,8.035911115282024,3.932662409216041,1.0,0.0,1.0,0.0,1.0,1.0
28,210,2.441256365175937,12.0,0.0,1.0,0.0,0.0,1.0,0.0
29,210,10.019819453917664,10.892699873168691,0.0,0.0,1.0,0.0,0.0,0.0
30,210,5.683963133675135,0.0,0.0,1.0,1.0,1.0,0.0,1.0
31,210,10.54919497284668,12.0,0.0,1.0,1.0,1.0,0.0,0.0
32,210,3.868131309146877,9.738035873073072,1.0,1.0,0.0,0.0,0.0,1.0
33,210,6.171734783822203,7.339696665610402,1.0,0.0,1.0,0.0,0.0,0.0
34,210,7.223987733305753,10.62554299892679,1.0,0.0,0.0,0.0,0.0,0.0
35,210,4.542334310593627,9.106317783054584,1.0,0.0,0.0,1.0,1.0,0.0
36,210,9.054688548767844,10.175160904304388,1.0,0.0,1.0,0.0,0.0,1.0
37,210,6.548885201895775,7.343174861553006,1.0,1.0,0.0,0.0,1.0,0.0
38,210,6.464352368998454,12.0,1.0,0.0,0.0,0.0,1.0,0.0
39,210,8.6344922533573,3.933771633607707,0.0,1.0,0.0,1.0,0.0,0.0
0,215,12.0,1.93690720532992,0.0,1.0,0.0,0.0,1.0,0.0
1,215,10.540370197503528,4.124375958807701,0.0,0.0,0.0,1.0,1.0,0.0
2,215,8.439345802561471,9.095208351137826,0.0,0.0,0.0,1.0,0.0,0.0
3,215,0.3273828555228634,9.128110384564645,0.0,1.0,0.0,1.0,0.0,1.0
4,215,8.250536055146853,0.4461500027721953,1.0,1.0,0.0,1.0,1.0,1.0
5,215,4.2118263952793695,6.376217073985981,0.0,0.0,1.0,0.0,0.0,1.0
6,215,2.123318087691358,1.1826898815084397,0.0,0.0,0.0,0.0,1.0,0.0
7,215,10.953123509068174,10.892014137164937,0.0,0.0,0.0,0.0,1.0,1.0
8,215,11.106830412512496,12.0,1.0,1.0,1.0,0.0,0.0,0.0
9,215,8.404169872740733,9.44709339711754,0.0,1.0,1.0,0.0,0.0,0.0
10,215,5.683780444066559,10.372959722380717,0.0,0.0,0.0,1.0,0.0,1.0
11,215,6.648436786667995,5.653329030093923,1.0,1.0,1.0,1.0,0.0,1.0
12,215,6.642736735943791,6.452066325808353,1.0,0.0,0.0,0.0,0.0,1.0
13,215,6.967350719872404,7.254802134081133,0.0,0.0,0.0,0.0,1.0,0.0
14,215,1.5884172421953318,9.027978679277163,0.0,0.0,1.0,0.0,1.0,1.0
15,215,9.964363123438098,11.41807024110967,0.0,1.0,1.0,0.0,1.0,1.0
16,215,3.210024804767186,3.488000201789926,0.0,0.0,1.0,0.0,1.0,1.0
17,215,2.697808982570167,11.374294079775506,0.0,0.0,1.0,0.0,0.0,1.0
18,215,0.0,12.0,0.0,0.0,0.0,0.0,0.0,0.0
19,215,4.858068615106456,2.146890176522055,0.0,1.0,1.0,1.0,0.0,0.0
20,215,2.356619524168501,4.620581902553749,1.0,0.0,0.0,1.0,1.0,0.0
21,215,3.3549745902449053,0.5048438388615282,1.0,0.0,0.0,1.0,1.0,0.0
22,215,3.975096969955136,10.440746697704697,0.0,0.0,0.0,0.0,0.0,0.0
23,215,7.16757636955404,7.663090818172457,1.0,0.0,1.0,0.0,0.0,1.0
24,215,9.179405032240574,7.257537156420406,0.0,1.0,0.0,0.0,1.0,0.0
25,215,9.709073123815957,3.709464103045103,1.0,1.0,0.0,0.0,0.0,1.0
26,215,11.925265296418331,8.979927719826621,1.0,0.0,1.0,1.0,1.0,0.0
27,215,8.073537629168992,3.7712400823520817,1.0,0.0,1.0,0.0,1.0,1.0
28,215,2.637920692294712,12.0,0.0,1.0,0.0,0.0,1.0,0.0
29,215,10.036209067042696,10.858660105206786,0.0,0.0,1.0,0.0,0.0,0.0
30,215,5.634202223630672,0.0,0.0,1.0,1.0,1.0,0.0,1.0
31,215,10.670953569665665,12.0,0.0,1.0,1.0,1.0,0.0,0.0
32,215,3.934055355623054,9.7936134089329,1.0,1.0,0.0,0.0,0.0,1.0
33,215,6.252909141310562,7.356456449224498,1.0,0.0,1.0,0.0,0.0,0.0
34,215,7.237192174382792,10.59975521182004,1.0,0.0,0.0,0.0,0.0,0.0
35,215,4.558161510583895,9.11771025138805,1.0,0.0,0.0,1.0,1.0,0.0
36,215,9.070781529484757,10.08403344142902,1.0,0.0,1.0,0.0,0.0,1.0
37,215,6.613868175171306,7.445026454105776,1.0,1.0,0.0,0.0,1.0,0.0
38,215,6.331986618357391,12.0,1.0,0.0,0.0,0.0,1.0,0.0
39,215,8.579298177933925,4.064093289752212,0.0,1.0,0.0,1.0,0.0,0.0
0,220,12.0,1.962413149214153,0.0,1.0,0.0,0.0,1.0,0.0
1,220,10.64343854300522,4.201044508632673,0.0,0.0,0.0,1.0,1.0,0.0
2,220,8.465571695804371,9.06856833609208,0.0,0.0,0.0,1.0,0.0,0.0
3,220,0.3218825424937457,9.225626780904632,0.0,1.0,0.0,1.0,0.0,1.0
4,220,8.28137212532192,0.4523039795344833,1.0,1.0,0.0,1.0,1.0,1.0
5,220,4.321546695578412,6.576455816407267,0.0,0.0,1.0,0.0,0.0,1.0
6,220,2.111106440966738,1.146839962534832,0.0,0.0,0.0,0.0,1.0,0.0
7,220,10.916609380017093,11.043702972624825,0.0,0.0,0.0,0.0,1.0,1.0
8,220,11.10681155508458,11.999988221516604,1.0,1.0,1.0,0.0,0.0,0.0
9,220,8.4109562674085,9.424752084357609,0.0,1.0,1.0,0.0,0.0,0.0
10,220,5.701044584827722,10.400911500749851,0.0,0.0,0.0,1.0,0.0,1.0
11,220,6.558504819011028,5.4918834255184175,1.0,1.0,1.0,1.0,0.0,1.0
12,220,6.659509675052961,6.465910302866792,1.0,0.0,0.0,0.0,0.0,1.0
13,220,6.897425733499832,7.287735957491481,0.0,0.0,0.0,0.0,1.0,0.0
14,220,1.6039669348058156,9.038632936345795,0.0,0.0,1.0,0.0,1.0,1.0
15,220,10.054551417571266,11.433637954192848,0.0,1.0,1.0,0.0,1.0,1.0
16,220,3.3217197014387687,3.5341979668270334,0.0,0.0,1.0,0.0,1.0,1.0
17,220,2.695928500447548,11.372211345837307,0.0,0.0,1.0,0.0,0.0,1.0
18,220,0.0,12.0,0.0,0.0,0.0,0.0,0.0,0.0
19,220,4.978508351618565,2.164353957245996,0.0,1.0,1.0,1.0,0.0,0.0
20,220,2.354318294988283,4.650962335740849,1.0,0.0,0.0,1.0,1.0,0.0
21,220,3.3455079387250573,0.4985806641089935,1.0,0.0,0.0,1.0,1.0,0.0
22,220,3.970617286690418,10.446983673269107,0.0,0.0,0.0,0.0,0.0,0.0
23,220,7.17763204955801,7.711175381648217,1.0,0.0,1.0,0.0,0.0,1.0
24,220,9.171800037050842,7.259097843417777,0.0,1.0,0.0,0.0,1.0,0.0
25,220,9.723117293591876,3.7041006224964894,1.0,1.0,0.0,0.0,0.0,1.0
26,220,11.894106512570437,8.94933435273734,1.0,0.0,1.0,1.0,1.0,0.0
27,220,8.111875697214867,3.607685158898474,1.0,0.0,1.0,0.0,1.0,1.0
28,220,2.85675330693114,12.0,0.0,1.0,0.0,0.0,1.0,0.0
29,220,10.051291533258626,10.825542330645003,0.0,0.0,1.0,0.0,0.0,0.0
30,220,5.589556258836574,0.0,0.0,1.0,1.0,1.0,0.0,1.0
31,220,10.789473543072113,12.0,0.0,1.0,1.0,1.0,0.0,0.0
32,220,3.9950786187710734,9.845212338470253,1.0,1.0,0.0,0.0,0.0,1.0
33,220,6.3417395471728,7.372644067757231,1.0,0.0,1.0,0.0,0.0,0.0
34,220,7.241352732506448,10.592124610162578,1.0,0.0,0.0,0.0,0.0,0.0
35,220,4.565054353676774,9.122733358634424,1.0,0.0,0.0,1.0,1.0,0.0
36,220,9.084341132983663,10.00416695619593,1.0,0.0,1.0,0.0,0.0,1.0
37,220,6.686061353850868,7.556103382691129,1.0,1.0,0.0,0.0,1.0,0.0
38,220,6.217807640761943,12.0,1.0,0.0,0.0,0.0,1.0,0.0
39,220,8.521743092594603,4.21207053756022,0.0,1.0,0.0,1.0,0.0,0.0
0,225,12.0,1.992045348341252,0.0,1.0,0.0,0.0,1.0,0.0
1,225,10.750427736811837,4.279450538857511,0.0,0.0,0.0,1.0,1.0,0.0
2,225,8.493932566940195,9.041274636139644,0.0,0.0,0.0,1.0,0.0,0.0
3,225,0.3139641779367839,9.320490806485312,0.0,1.0,0.0,1.0,0.0,1.0
4,225,8.31425780392669,0.4599623256588483,1.0,1.0,0.0,1.0,1.0,1.0
5,225,4.418294335567786,6.763040775349581,0.0,0.0,1.0,0.0,0.0,1.0
6,225,2.1018283823081094,1.1213251478837576,0.0,0.0,0.0,0.0,1.0,0.0
7,225,10.88035368695258,11.199386004206197,0.0,0.0,0.0,0.0,1.0,1.0
8,225,11.119932081947816,12.0,1.0,1.0,1.0,0.0,0.0,0.0
9,225,8.416474332766146,9.403674144100274,0.0,1.0,1.0,0.0,0.0,0.0
10,225,5.736642427931842,10.461742952238351,0.0,0.0,0.0,1.0,0.0,1.0
11,225,6.469413549793304,5.337199393853538,1.0,1.0,1.0,1.0,0.0,1.0
12,225,6.659955814368947,6.466282326686041,1.0,0.0,0.0,0.0,0.0,1.0
13,225,6.809062628873713,7.327266397478938,0.0,0.0,0.0,0.0,1.0,0.0
14,225,1.6260585207935314,9.052981083471655,0.0,0.0,1.0,0.0,1.0,1.0
15,225,10.135110434532686,11.448498407410732,0.0,1.0,1.0,0.0,1.0,1.0
16,225,3.4443635017730103,3.5846539899373844,0.0,0.0,1.0,0.0,1.0,1.0
17,225,2.6984498040566223,11.375084302727164,0.0,0.0,1.0,0.0,0.0,1.0
18,225,0.0,12.0,0.0,0.0,0.0,0.0,0.0,0.0
19,225,5.087413827841996,2.1837580556729037,0.0,1.0,1.0,1.0,0.0,0.0
20,225,2.3518243344772864,4.680437970715859,1.0,0.0,0.0,1.0,1.0,0.0
21,225,3.325176427671872,0.4855355271104096,1.0,0.0,0.0,1.0,1.0,0.0
22,225,3.968253221917872,10.45031543924954,0.0,0.0,0.0,0.0,0.0,0.0
23,225,7.189612214870878,7.760684022653997,1.0,0.0,1.0,0.0,0.0,1.0
24,225,9.201390631537906,7.252044068336485,0.0,1.0,0.0,0.0,1.0,0.0
25,225,9.722479187326035,3.704334635122246,1.0,1.0,0.0,0.0,0.0,1.0
26,225,11.870312432974163,8.925596820290814,1.0,0.0,1.0,1.0,1.0,0.0
27,225,8.154367128035265,3.433556353563557,1.0,0.0,1.0,0.0,1.0,1.0
28,225,3.0803383410516787,12.0,0.0,1.0,0.0,0.0,1.0,0.0
29,225,10.059738232148655,10.807403982474078,0.0,0.0,1.0,0.0,0.0,0.0
30,225,5.544034663427748,0.0,0.0,1.0,1.0,1.0,0.0,1.0
31,225,10.902574256537092,12.0,0.0,1.0,1.0,1.0,0.0,0.0
32,225,4.0335931673170125,9.877852372614424,1.0,1.0,0.0,0.0,0.0,1.0
33,225,6.449318590841055,7.396565903455999,1.0,0.0,1.0,0.0,0.0,0.0
34,225,7.248848780478144,10.57974180557932,1.0,0.0,0.0,0.0,0.0,0.0
35,225,4.556560852972195,9.116973141374851,1.0,0.0,0.0,1.0,1.0,0.0
36,225,9.102748650847882,9.902326799369588,1.0,0.0,1.0,0.0,0.0,1.0
37,225,6.767407375901465,7.679641779434297,1.0,1.0,0.0,0.0,1.0,0.0
38,225,6.105364234096433,12.0,1.0,0.0,0.0,0.0,1.0,0.0
39,225,8.46741427911245,4.358264960941349,0.0,1.0,0.0,1.0,0.0,0.0
0,230,12.0,2.0263510295954736,0.0,1.0,0.0,0.0,1.0,0.0
1,230,10.843501202230271,4.350026982604558,0.0,0.0,0.0,1.0,1.0,0.0
2,230,8.51640594706064,9.020861762458798,0.0,0.0,0.0,1.0,0.0,0.0
3,230,0.301681424069575,9.427040141433924,0.0,1.0,0.0,1.0,0.0,1.0
4,230,8.345985796760583,0.4675265384851191,1.0,1.0,0.0,1.0,1.0,1.0
5,230,4.495641881406927,6.916908219387451,0.0,0.0,1.0,0.0,0.0,1.0
6,230,2.092248483642144,1.095658471172367,0.0,0.0,0.0,0.0,1.0,0.0
7,230,10.841574360036915,11.35648691248205,0.0,0.0,0.0,0.0,1.0,1.0
8,230,11.124610021158851,12.0,1.0,1.0,1.0,0.0,0.0,0.0
9,230,8.42042433581687,9.39084509059618,0.0,1.0,1.0,0.0,0.0,0.0
10,230,5.777058296221691,10.536980572056398,0.0,0.0,0.0,1.0,0.0,1.0
11,230,6.381641541261551,5.1821183532103845,1.0,1.0,1.0,1.0,0.0,1.0
12,230,6.662667738087826,6.468642394528594,1.0,0.0,0.0,0.0,0.0,1.0
13,230,6.716430639686618,7.367682575641225,0.0,0.0,0.0,0.0,1.0,0.0
14,230,1.6564439642370308,9.0735341687529,0.0,0.0,1.0,0.0,1.0,1.0
15,230,10.214280702395694,11.461974347459789,0.0,1.0,1.0,0.0,1.0,1.0
16,230,3.569267093304484,3.638613932487557,0.0,0.0,1.0,0.0,1.0,1.0
17,230,2.706484130967769,11.384289249089834,0.0,0.0,1.0,0.0,0.0,1.0
18,230,0.0,12.0,0.0,0.0,0.0,0.0,0.0,0.0
19,230,5.195592765596694,2.207187583446932,0.0,1.0,1.0,1.0,0.0,0.0
20,230,2.3496107651475264,4.70980177596866,1.0,0.0,0.0,1.0,1.0,0.0
21,230,3.3334784535823814,0.4905608469400466,1.0,0.0,0.0,1.0,1.0,0.0
22,230,3.966012578189422,10.45344315914332,0.0,0.0,0.0,0.0,0.0,0.0
23,230,7.20619523370226,7.818393706273181,1.0,0.0,1.0,0.0,0.0,1.0
24,230,9.217483062265682,7.247868270900332,0.0,1.0,0.0,0.0,1.0,0.0
25,230,9.705341622674966,3.710737066524152,1.0,1.0,0.0,0.0,0.0,1.0
26,230,11.85275939705011,8.908352544405787,1.0,0.0,1.0,1.0,1.0,0.0
27,230,8.20120168770354,3.2479316357875065,1.0,0.0,1.0,0.0,1.0,1.0
28,230,3.326875619598501,12.0,0.0,1.0,0.0,0.0,1.0,0.0
29,230,10.059956390035836,10.806893827699424,0.0,0.0,1.0,0.0,0.0,0.0
30,230,5.49744743423067,0.0,0.0,1.0,1.0,1.0,0.0,1.0
31,230,11.01897671021804,12.0,0.0,1.0,1.0,1.0,0.0,0.0
32,230,4.075127122116967,9.912298150990232,1.0,1.0,0.0,0.0,0.0,1.0
33,230,6.562475636454962,7.424427947890249,1.0,0.0,1.0,0.0,0.0,0.0
34,230,7.268329679257165,10.550257070014018,1.0,0.0,0.0,0.0,0.0,0.0
35,230,4.530968919381505,9.098802087159084,1.0,0.0,0.0,1.0,1.0,0.0
36,230,9.124820797057568,9.788649549974684,1.0,0.0,1.0,0.0,0.0,1.0
37,230,6.852717443832346,7.811102837884222,1.0,1.0,0.0,0.0,1.0,0.0
38,230,5.97856823886945,12.0,1.0,0.0,0.0,0.0,1.0,0.0
39,230,8.407872776222986,4.518083723694534,0.0,1.0,0.0,1.0,0.0,0.0
0,235,12.0,2.0641932762712365,0.0,1.0,0.0,0.0,1.0,0.0
1,235,10.928014642039388,4.415319825929946,0.0,0.0,0.0,1.0,1.0,0.0
2,235,8.528902201796605,9.0099965348011,0.0,0.0,0.0,1.0,0.0,0.0
3,235,0.2905310831842961,9.523501942909151,0.0,1.0,0.0,1.0,0.0,1.0
4,235,8.388661792053249,0.4772153448307843,1.0,1.0,0.0,1.0,1.0,1.0
5,235,4.571020231750575,7.068401196651438,0.0,0.0,1.0,0.0,0.0,1.0
6,235,2.079678351459727,1.0628949632087763,0.0,0.0,0.0,0.0,1.0,0.0
7,235,10.791542956792682,11.527876267705093,0.0,0.0,0.0,0.0,1.0,1.0
8,235,11.120145064206325,11.99757758481783,1.0,1.0,1.0,0.0,0.0,0.0
9,235,8.422344384924566,9.384756567514389,0.0,1.0,1.0,0.0,0.0,0.0
10,235,5.828486353540313,10.629385869818842,0.0,0.0,0.0,1.0,0.0,1.0
11,235,6.2832124415907895,5.003526900802244,1.0,1.0,1.0,1.0,0.0,1.0
12,235,6.661099583812285,6.467263800847002,1.0,0.0,0.0,0.0,0.0,1.0
13,235,6.611790756926176,7.413887416796941,0.0,0.0,0.0,0.0,1.0,0.0
14,235,1.6958461692971742,9.1024785625542,0.0,0.0,1.0,0.0,1.0,1.0
15,235,10.301731861533035,11.478006191338162,0.0,1.0,1.0,0.0,1.0,1.0
16,235,3.700118564007973,3.6927525469285354,0.0,0.0,1.0,0.0,1.0,1.0
17,235,2.7138838846193,11.392487716244686,0.0,0.0,1.0,0.0,0.0,1.0
18,235,0.0,12.0,0.0,0.0,0.0,0.0,0.0,0.0
19,235,5.326992588705072,2.2373881642595927,0.0,1.0,1.0,1.0,0.0,0.0
20,235,2.3480542246531786,4.732512320601316,1.0,0.0,0.0,1.0,1.0,0.0
21,235,3.3585416824902388,0.5055718783210175,1.0,0.0,0.0,1.0,1.0,0.0
22,235,3.968258019505989,10.450519790141083,0.0,0.0,0.0,0.0,0.0,0.0
23,235,7.224248679296472,7.882326352942874,1.0,0.0,1.0,0.0,0.0,1.0
24,235,9.223002275671924,7.246122673015673,0.0,1.0,0.0,0.0,1.0,0.0
25,235,9.679096921641358,3.720224801358413,1.0,1.0,0.0,0.0,0.0,1.0
26,235,11.853436870789112,8.909020870712757,1.0,0.0,1.0,1.0,1.0,0.0
27,235,8.246296837991457,3.0601078388726,1.0,0.0,1.0,0.0,1.0,1.0
28,235,3.561557348791573,12.0,0.0,1.0,0.0,0.0,1.0,0.0
29,235,10.068378284894877,10.786633891591633,0.0,0.0,1.0,0.0,0.0,0.0
30,235,5.452285234967448,0.0,0.0,1.0,1.0,1.0,0.0,1.0
31,235,11.143766791437272,12.0,0.0,1.0,1.0,1.0,0.0,0.0
32,235,4.116881377662947,9.94793906647755,1.0,1.0,0.0,0.0,0.0,1.0
33,235,6.693208998485102,7.459845127832108,1.0,0.0,1.0,0.0,0.0,0.0
34,235,7.282020781294252,10.529188836450778,1.0,0.0,0.0,0.0,0.0,0.0
35,235,4.497790341712769,9.075615793687192,1.0,0.0,0.0,1.0,1.0,0.0
36,235,9.148870198624214,9.662054918922076,1.0,0.0,1.0,0.0,0.0,1.0
37,235,6.939871271904618,7.949181351627226,1.0,1.0,0.0,0.0,1.0,0.0
38,235,5.8515800062536245,12.0,1.0,0.0,0.0,0.0,1.0,0.0
39,235,8.351146545735352,4.6749495579817,0.0,1.0,0.0,1.0,0.0,0.0
0,240,12.0,2.1026990816943827,0.0,1.0,0.0,0.0,1.0,0.0
1,240,11.00872395639078,4.482642931967647,0.0,0.0,0.0,1.0,1.0,0.0
2,240,8.549404778152228,8.992286326794432,0.0,0.0,0.0,1.0,0.0,0.0
3,240,0.2827873493634131,9.610295102181077,0.0,1.0,0.0,1.0,0.0,1.0
4,240,8.419869470279052,0.4853290967378361,1.0,1.0,0.0,1.0,1.0,1.0
5,240,4.636806309782773,7.216578582010447,0.0,0.0,1.0,0.0,0.0,1.0
6,240,2.066529026935476,1.0284824867150346,0.0,0.0,0.0,0.0,1.0,0.0
7,240,10.740760380784192,11.713156210040829,0.0,0.0,0.0,0.0,1.0,1.0
8,240,11.12702336495668,12.0,1.0,1.0,1.0,0.0,0.0,0.0
9,240,8.427822145918672,9.367049369214929,0.0,1.0,1.0,0.0,0.0,0.0
10,240,5.8739568657153765,10.704292157621085,0.0,0.0,0.0,1.0,0.0,1.0
11,240,6.197680748886461,4.847007119350953,1.0,1.0,1.0,1.0,0.0,1.0
12,240,6.664170142613568,6.469715467107873,1.0,0.0,0.0,0.0,0.0,1.0
13,240,6.51313443756139,7.456562386262239,0.0,0.0,0.0,0.0,1.0,0.0
14,240,1.7263449699869209,9.125352599648789,0.0,0.0,1.0,0.0,1.0,1.0
15,240,10.402327666001955,11.49990737006222,0.0,1.0,1.0,0.0,1.0,1.0
16,240,3.8134693790933727,3.741898509577105,0.0,0.0,1.0,0.0,1.0,1.0
17,240,2.7032858469734884,11.381293360746914,0.0,0.0,1.0,0.0,0.0,1.0
18,240,0.0,12.0,0.0,0.0,0.0,0.0,0.0,0.0
19,240,5.466123228646927,2.270582978577779,0.0,1.0,1.0,1.0,0.0,0.0
20,240,2.347926712411433,4.734764331594505,1.0,0.0,0.0,1.0,1.0,0.0
21,240,3.375925323511962,0.5162974653497404,1.0,0.0,0.0,1.0,1.0,0.0
22,240,3.975241066681346,10.441077787557242,0.0,0.0,0.0,0.0,0.0,0.0
23,240,7.251325903085155,7.975973308815567,1.0,0.0,1.0,0.0,0.0,1.0
24,240,9.22463698504517,7.245600220070566,0.0,1.0,0.0,0.0,1.0,0.0
25,240,9.651429348234744,3.7302324271279,1.0,1.0,0.0,0.0,0.0,1.0
26,240,11.88203145182334,8.93635492341115,1.0,0.0,1.0,1.0,1.0,0.0
27,240,8.28385666420062,2.889399360376752,1.0,0.0,1.0,0.0,1.0,1.0
28,240,3.800755342331158,12.0,0.0,1.0,0.0,0.0,1.0,0.0
29,240,10.077289393392393,10.76428834532114,0.0,0.0,1.0,0.0,0.0,0.0
30,240,5.4123880232499095,0.0,0.0,1.0,1.0,1.0,0.0,1.0
31,240,11.272305029298904,12.0,0.0,1.0,1.0,1.0,0.0,0.0
32,240,4.145808719543637,9.97168819421652,1.0,1.0,0.0,0.0,0.0,1.0
33,240,6.832276958779757,7.495910445743362,1.0,0.0,1.0,0.0,0.0,0.0
34,240,7.29854934575808,10.503492304687066,1.0,0.0,0.0,0.0,0.0,0.0
35,240,4.46541289142589,9.053444685422802,1.0,0.0,0.0,1.0,1.0,0.0
36,240,9.171303098227726,9.536455787639214,1.0,0.0,1.0,0.0,0.0,1.0
37,240,7.033179358716079,8.105684170884306,1.0,1.0,0.0,0.0,1.0,0.0
38,240,5.710257405255033,12.0,1.0,0.0,0.0,0.0,1.0,0.0
39,240,8.30092754320585,4.831505996273216,0.0,1.0,0.0,1.0,0.0,0.0
0,245,12.0,2.1451136308583227,0.0,1.0,0.0,0.0,1.0,0.0
1,245,11.085356820531214,4.548736978573819,0.0,0.0,0.0,1.0,1.0,0.0
2,245,8.567592034728033,8.97667172835493,0.0,0.0,0.0,1.0,0.0,0.0
3,245,0.2734497931389427,9.704581986461957,0.0,1.0,0.0,1.0,0.0,1.0
4,245,8.461273033740397,0.4982174028556385,1.0,1.0,0.0,1.0,1.0,1.0
5,245,4.700556952341358,7.355900979052802,0.0,0.0,1.0,0.0,0.0,1.0
6,245,2.0558618670239515,1.0025152316486554,0.0,0.0,0.0,0.0,1.0,0.0
7,245,10.69716724885186,11.891814658248064,0.0,0.0,0.0,0.0,1.0,1.0
8,245,11.111320965442774,11.990982597735533,1.0,1.0,1.0,0.0,0.0,0.0
9,245,8.439817933735036,9.33195537849456,0.0,1.0,1.0,0.0,0.0,0.0
10,245,5.908663469672873,10.76629052091738,0.0,0.0,0.0,1.0,0.0,1.0
11,245,6.117942012915771,4.6949229144928415,1.0,1.0,1.0,1.0,0.0,1.0
12,245,6.669473368323045,6.474040851851161,1.0,0.0,0.0,0.0,0.0,1.0
13,245,6.403391387525314,7.506008015597289,0.0,0.0,0.0,0.0,1.0,0.0
14,245,1.757795712489567,9.148627841364412,0.0,0.0,1.0,0.0,1.0,1.0
15,245,10.498275329515304,11.52092692457544,0.0,1.0,1.0,0.0,1.0,1.0
16,245,3.9231147207295134,3.785469485855608,0.0,0.0,1.0,0.0,1.0,1.0
17,245,2.6934766363061544,11.371114713762092,0.0,0.0,1.0,0.0,0.0,1.0
18,245,0.0,12.0,0.0,0.0,0.0,0.0,0.0,0.0
19,245,5.58256296092932,2.2978058860716777,0.0,1.0,1.0,1.0,0.0,0.0
20,245,2.3481416552277845,4.726867185900664,1.0,0.0,0.0,1.0,1.0,0.0
21,245,3.387423994476181,0.4976152105944785,1.0,0.0,0.0,1.0,1.0,0.0
22,245,3.970022488050967,10.447788227001183,0.0,0.0,0.0,0.0,0.0,0.0
23,245,7.273658051156109,8.058878670531232,1.0,0.0,1.0,0.0,0.0,1.0
24,245,9.248466130299697,7.237336708676991,0.0,1.0,0.0,0.0,1.0,0.0
25,245,9.628518900765696,3.738528252164465,1.0,1.0,0.0,0.0,0.0,1.0
26,245,11.919279327993335,8.973644074823786,1.0,0.0,1.0,1.0,1.0,0.0
27,245,8.326122534009572,2.711515352424464,1.0,0.0,1.0,0.0,1.0,1.0
28,245,4.028820458937391,12.0,0.0,1.0,0.0,0.0,1.0,0.0
29,245,10.08444795672505,10.746551861374936,0.0,0.0,1.0,0.0,0.0,0.0
30,245,5.377382240933438,0.0,0.0,1.0,1.0,1.0,0.0,1.0
31,245,11.394291891420291,12.0,0.0,1.0,1.0,1.0,0.0,0.0
32,245,4.1750881767377255,9.995285632614234,1.0,1.0,0.0,0.0,0.0,1.0
33,245,6.949066307799988,7.528696595212659,1.0,0.0,1.0,0.0,0.0,0.0
34,245,7.301834973492379,10.498340123873612,1.0,0.0,0.0,0.0,0.0,0.0
35,245,4.439837246266755,9.036676801727626,1.0,0.0,0.0,1.0,1.0,0.0
36,245,9.195097009876028,9.412491417903494,1.0,0.0,1.0,0.0,0.0,1.0
37,245,7.1406039329896185,8.288924048306946,1.0,1.0,0.0,0.0,1.0,0.0
38,245,5.579104648783711,12.0,1.0,0.0,0.0,0.0,1.0,0.0
39,245,8.246151510242901,5.010474697061047,0.0,1.0,0.0,1.0,0.0,0.0
0,250,12.0,2.1913049734973287,0.0,1.0,0.0,0.0,1.0,0.0
1,250,11.168373270856684,4.621898844486762,0.0,0.0,0.0,1.0,1.0,0.0
2,250,8.58718238438198,8.959753910300492,0.0,0.0,0.0,1.0,0.0,0.0
3,250,0.2646149117838668,9.780262811671566,0.0,1.0,0.0,1.0,0.0,1.0
4,250,8.498945532516704,0.5090646274001919,1.0,1.0,0.0,1.0,1.0,1.0
5,250,4.7678850542550215,7.499217501975146,0.0,0.0,1.0,0.0,0.0,1.0
6,250,2.037660174155336,0.9582379497150156,0.0,0.0,0.0,0.0,1.0,0.0
7,250,10.661593007199064,12.0,0.0,0.0,0.0,0.0,1.0,1.0
8,250,11.084167500278028,11.97457616693146,1.0,1.0,1.0,0.0,0.0,0.0
9,250,8.453414578102961,9.294080125608817,0.0,1.0,1.0,0.0,0.0,0.0
10,250,5.936572692321503,10.818154093028488,0.0,0.0,0.0,1.0,0.0,1.0
11,250,6.032784667903372,4.539019428454283,1.0,1.0,1.0,1.0,0.0,1.0
12,250,6.657012456429642,6.463610588616902,1.0,0.0,0.0,0.0,0.0,1.0
13,250,6.297940977378279,7.5576275833174,0.0,0.0,0.0,0.0,1.0,0.0
14,250,1.775314385666027,9.161950373251925,0.0,0.0,1.0,0.0,1.0,1.0
15,250,10.594335924034796,11.541408264718797,0.0,1.0,1.0,0.0,1.0,1.0
16,250,4.049067364590842,3.832608655461635,0.0,0.0,1.0,0.0,1.0,1.0
17,250,2.7004269791196,11.37793510265113,0.0,0.0,1.0,0.0,0.0,1.0
18,250,0.0,12.0,0.0,0.0,0.0,0.0,0.0,0.0
19,250,5.68437463504722,2.3237646608609723,0.0,1.0,1.0,1.0,0.0,0.0
20,250,2.3481417321008142,4.726622572033088,1.0,0.0,0.0,1.0,1.0,0.0
21,250,3.39432082365135,0.4871157791621649,1.0,0.0,0.0,1.0,1.0,0.0
22,250,3.972671090598644,10.444191951159135,0.0,0.0,0.0,0.0,0.0,0.0
23,250,7.288336039014198,8.111645742652588,1.0,0.0,1.0,0.0,0.0,1.0
24,250,9.30070035102899,7.219746412122881,0.0,1.0,0.0,0.0,1.0,0.0
25,250,9.619680274826209,3.7135353620318328,1.0,1.0,0.0,0.0,0.0,1.0
26,250,11.971472538295782,9.027136430970367,1.0,0.0,1.0,1.0,1.0,0.0
27,250,8.371494939100305,2.532915220066185,1.0,0.0,1.0,0.0,1.0,1.0
28,250,4.242840118191079,12.0,0.0,1.0,0.0,0.0,1.0,0.0
29,250,10.095272661503808,10.718806975572198,0.0,0.0,1.0,0.0,0.0,0.0
30,250,5.31474612807959,0.0,0.0,1.0,1.0,1.0,0.0,1.0
31,250,11.523571181686984,12.0,0.0,1.0,1.0,1.0,0.0,0.0
32,250,4.196970365963614,10.013644939619663,1.0,1.0,0.0,0.0,0.0,1.0
33,250,7.062891550039113,7.563180317176962,1.0,0.0,1.0,0.0,0.0,0.0
34,250,7.298389990288377,10.50353762206852,1.0,0.0,0.0,0.0,0.0,0.0
35,250,4.409207253852349,9.017471978547617,1.0,0.0,0.0,1.0,1.0,0.0
36,250,9.220539972754295,9.284919503052157,1.0,0.0,1.0,0.0,0.0,1.0
37,250,7.248165801938366,8.476391104365929,1.0,1.0,0.0,0.0,1.0,0.0
38,250,5.463076849379332,12.0,1.0,0.0,0.0,0.0,1.0,0.0
39,250,8.194406201084858,5.186739431383597,0.0,1.0,0.0,1.0,0.0,0.0
0,255,12.0,2.2400100936116187,0.0,1.0,0.0,0.0,1.0,0.0
1,255,11.252922783781525,4.696161232854428,0.0,0.0,0.0,1.0,1.0,0.0
2,255,8.613402533416307,8.93701904095825,0.0,0.0,0.0,1.0,0.0,0.0
3,255,0.259979712682426,9.835451406240558,0.0,1.0,0.0,1.0,0.0,1.0
4,255,8.550910080862867,0.5244156241590069,1.0,1.0,0.0,1.0,1.0,1.0
5,255,4.838463140455295,7.642183652213903,0.0,0.0,1.0,0.0,0.0,1.0
6,255,2.0100530796413167,0.8896203616833305,0.0,0.0,0.0,0.0,1.0,0.0
7,255,10.622937123722012,12.0,0.0,0.0,0.0,0.0,1.0,1.0
8,255,11.053680308341734,11.95620936207076,1.0,1.0,1.0,0.0,0.0,0.0
9,255,8.466523670390565,9.257218696949238,0.0,1.0,1.0,0.0,0.0,0.0
10,255,5.962269705315209,10.864059680442557,0.0,0.0,0.0,1.0,0.0,1.0
11,255,5.960586274810886,4.409121356150423,1.0,1.0,1.0,1.0,0.0,1.0
12,255,6.6446221410116575,6.452857713917575,1.0,0.0,0.0,0.0,0.0,1.0
13,255,6.221256640140662,7.595904005326912,0.0,0.0,0.0,0.0,1.0,0.0
14,255,1.7717281324616343,9.1593010692649,0.0,0.0,1.0,0.0,1.0,1.0
15,255,10.678189567285344,11.560165210854024,0.0,1.0,1.0,0.0,1.0,1.0
16,255,4.189677549663925,3.8890668522358887,0.0,0.0,1.0,0.0,1.0,1.0
17,255,2.7024866372274645,11.380076863971466,0.0,0.0,1.0,0.0,0.0,1.0
18,255,0.0,12.0,0.0,0.0,0.0,0.0,0.0,0.0
19,255,5.7952248960877855,2.353340552357465,0.0,1.0,1.0,1.0,0.0,0.0
20,255,2.348111090088217,4.735527354452952,1.0,0.0,0.0,1.0,1.0,0.0
21,255,3.407076570573252,0.467519794734906,1.0,0.0,0.0,1.0,1.0,0.0
22,255,3.966270705970517,10.452883550321456,0.0,0.0,0.0,0.0,0.0,0.0
23,255,7.304988258847414,8.16955993953216,1.0,0.0,1.0,0.0,0.0,1.0
24,255,9.312113755671662,7.2610085478289585,0.0,1.0,0.0,0.0,1.0,0.0
25,255,9.608550270419808,3.686134999805401,1.0,1.0,0.0,0.0,0.0,1.0
26,255,12.0,9.075320400197809,1.0,0.0,1.0,1.0,1.0,0.0
27,255,8.418828520364702,2.347939598695792,1.0,0.0,1.0,0.0,1.0,1.0
28,255,4.238483631854825,12.0,0.0,1.0,0.0,0.0,1.0,0.0
29,255,10.102475453457949,10.70099298826282,0.0,0.0,1.0,0.0,0.0,0.0
30,255,5.243981226078973,0.0,0.0,1.0,1.0,1.0,0.0,1.0
31,255,11.664267985602292,12.0,0.0,1.0,1.0,1.0,0.0,0.0
32,255,4.223651191582928,10.035881985940035,1.0,1.0,0.0,0.0,0.0,1.0
33,255,7.17696285356104,7.60135649959865,1.0,0.0,1.0,0.0,0.0,0.0
34,255,7.29432810722745,10.510079706174135,1.0,0.0,0.0,0.0,0.0,0.0
35,255,4.395613366636552,9.008783978962132,1.0,0.0,0.0,1.0,1.0,0.0
36,255,9.245747938415766,9.161042530897454,1.0,0.0,1.0,0.0,0.0,1.0
37,255,7.347677685196482,8.64959144437022,1.0,1.0,0.0,0.0,1.0,0.0
38,255,5.38756297957524,11.89601567959584,1.0,0.0,0.0,0.0,1.0,0.0
39,255,8.135508007500816,5.380733729696461,0.0,1.0,0.0,1.0,0.0,0.0
0,260,12.0,2.284429990965001,0.0,1.0,0.0,0.0,1.0,0.0
1,260,11.347509749308127,4.778564002025138,0.0,0.0,0.0,1.0,1.0,0.0
2,260,8.596510355139667,8.917001905902557,0.0,0.0,0.0,1.0,0.0,0.0
3,260,0.2529021617822345,9.903685547215035,0.0,1.0,0.0,1.0,0.0,1.0
4,260,8.611928937324747,0.542043606539171,1.0,1.0,0.0,1.0,1.0,1.0
5,260,4.895392583516911,7.760541112733409,0.0,0.0,1.0,0.0,0.0,1.0
6,260,1.9778586380983445,0.8036068735700341,0.0,0.0,0.0,0.0,1.0,0.0
7,260,10.582719304463977,12.0,0.0,0.0,0.0,0.0,1.0,1.0
8,260,11.023961844915044,11.938040765804752,1.0,1.0,1.0,0.0,0.0,0.0
9,260,8.47864860625476,9.221195692721912,0.0,1.0,1.0,0.0,0.0,0.0
10,260,5.99252483466353,10.915795512687971,0.0,0.0,0.0,1.0,0.0,1.0
11,260,5.8892746295689085,4.28111592577573,1.0,1.0,1.0,1.0,0.0,1.0
12,260,6.642296378255548,6.450922730210021,1.0,0.0,0.0,0.0,0.0,1.0
13,260,6.169491821550327,7.622009223594708,0.0,0.0,0.0,0.0,1.0,0.0
14,260,1.765966831393407,9.154802214076549,0.0,0.0,1.0,0.0,1.0,1.0
15,260,10.759661374833744,11.580123415174311,0.0,1.0,1.0,0.0,1.0,1.0
16,260,4.327774449549494,3.944652508290948,0.0,0.0,1.0,0.0,1.0,1.0
17,260,2.7294828220461587,11.407795907230865,0.0,0.0,1.0,0.0,0.0,1.0
18,260,0.0,12.0,0.0,0.0,0.0,0.0,0.0,0.0
19,260,5.884385576987621,2.3782173348289475,0.0,1.0,1.0,1.0,0.0,0.0
20,260,2.348123911421085,4.73736703917116,1.0,0.0,0.0,1.0,1.0,0.0
21,260,3.425077802259959,0.4793823198366381,1.0,0.0,0.0,1.0,1.0,0.0
22,260,3.95526508852834,10.468012183331403,0.0,0.0,0.0,0.0,0.0,0.0
23,260,7.319537926304622,8.233184930219595,1.0,0.0,1.0,0.0,0.0,1.0
24,260,9.322582944963086,7.294594130236344,0.0,1.0,0.0,0.0,1.0,0.0
25,260,9.600558341763744,3.66758815272716,1.0,1.0,0.0,0.0,0.0,1.0
26,260,12.0,9.133069975926745,1.0,0.0,1.0,1.0,1.0,0.0
27,260,8.463168433584524,2.1658396767632357,1.0,0.0,1.0,0.0,1.0,1.0
28,260,4.230952570736465,12.0,0.0,1.0,0.0,0.0,1.0,0.0
29,260,10.116082866752356,10.665617457465975,0.0,0.0,1.0,0.0,0.0,0.0
30,260,5.181445245113696,0.0,0.0,1.0,1.0,1.0,0.0,1.0
31,260,11.80420921933941,12.0,0.0,1.0,1.0,1.0,0.0,0.0
32,260,4.284388341692057,10.082816721761557,1.0,1.0,0.0,0.0,0.0,1.0
33,260,7.306332232339088,7.640683976676658,1.0,0.0,1.0,0.0,0.0,0.0
34,260,7.312519598987862,10.481004175271702,1.0,0.0,0.0,0.0,0.0,0.0
35,260,4.379104492533894,8.997271621788542,1.0,0.0,0.0,1.0,1.0,0.0
36,260,9.278167017935784,9.018889671180071,1.0,0.0,1.0,0.0,0.0,1.0
37,260,7.447671270272997,8.83114514373409,1.0,1.0,0.0,0.0,1.0,0.0
38,260,5.313883156372613,11.795020999265418,1.0,0.0,0.0,0.0,1.0,0.0
39,260,8.067547851008385,5.591731273778686,0.0,1.0,0.0,1.0,0.0,0.0
0,265,12.0,2.327445705750406,0.0,1.0,0.0,0.0,1.0,0.0
1,265,11.448030872885214,4.868006790632377,0.0,0.0,0.0,1.0,1.0,0.0
2,265,8.583935106844155,8.902038975454744,0.0,0.0,0.0,1.0,0.0,0.0
3,265,0.2447186027679101,9.9729382687138,0.0,1.0,0.0,1.0,0.0,1.0
4,265,8.651666163059842,0.5539072195726493,1.0,1.0,0.0,1.0,1.0,1.0
5,265,4.9518411516610055,7.879211990957771,0.0,0.0,1.0,0.0,0.0,1.0
6,265,1.943970512824083,0.7058734324656368,0.0,0.0,0.0,0.0,1.0,0.0
7,265,10.539309701759333,12.0,0.0,0.0,0.0,0.0,1.0,1.0
8,265,11.005930713489354,11.92713937422284,1.0,1.0,1.0,0.0,0.0,0.0
9,265,8.48842247755567,9.188378016927851,0.0,1.0,1.0,0.0,0.0,0.0
10,265,6.019455694993551,10.960687385383077,0.0,0.0,0.0,1.0,0.0,1.0
11,265,5.827822036014014,4.1716564456092575,1.0,1.0,1.0,1.0,0.0,1.0
12,265,6.6592179240691545,6.465037806825186,1.0,0.0,0.0,0.0,0.0,1.0
13,265,6.116996203450784,7.650094908419735,0.0,0.0,0.0,0.0,1.0,0.0
14,265,1.7603384106181452,9.150303549485038,0.0,0.0,1.0,0.0,1.0,1.0
15,265,10.813721882146842,11.593834074705132,0.0,1.0,1.0,0.0,1.0,1.0
16,265,4.449589864590207,3.996646259201273,0.0,0.0,1.0,0.0,1.0,1.0
17,265,2.757689791394642,11.436822990197756,0.0,0.0,1.0,0.0,0.0,1.0
18,265,0.0,12.0,0.0,0.0,0.0,0.0,0.0,0.0
19,265,5.98291347503021,2.407397912668434,0.0,1.0,1.0,1.0,0.0,0.0
20,265,2.347807823274809,4.714697027585697,1.0,0.0,0.0,1.0,1.0,0.0
21,265,3.4597836303780727,0.503418192126596,1.0,0.0,0.0,1.0,1.0,0.0
22,265,3.940240671906195,10.488891268180332,0.0,0.0,0.0,0.0,0.0,0.0
23,265,7.333704373711924,8.289765734716234,1.0,0.0,1.0,0.0,0.0,1.0
24,265,9.336608463014246,7.339545438677124,0.0,1.0,0.0,0.0,1.0,0.0
25,265,9.595190742982243,3.655373827240196,1.0,1.0,0.0,0.0,0.0,1.0
26,265,12.0,9.18300395739502,1.0,0.0,1.0,1.0,1.0,0.0
27,265,8.508692931160427,1.994384529104123,1.0,0.0,1.0,0.0,1.0,1.0
28,265,4.22180711763722,12.0,0.0,1.0,0.0,0.0,1.0,0.0
29,265,10.131231624593,10.626218445079694,0.0,0.0,1.0,0.0,0.0,0.0
30,265,5.113658006289646,0.0,0.0,1.0,1.0,1.0,0.0,1.0
31,265,11.927659545620456,12.0,0.0,1.0,1.0,1.0,0.0,0.0
32,265,4.34574670585546,10.131700228051573,1.0,1.0,0.0,0.0,0.0,1.0
33,265,7.429230159283184,7.676883153461686,1.0,0.0,1.0,0.0,0.0,0.0
34,265,7.328378219719869,10.45472439584601,1.0,0.0,0.0,0.0,0.0,0.0
35,265,4.3417578357215705,8.97111110026951,1.0,0.0,0.0,1.0,1.0,0.0
36,265,9.315080005325813,8.860531773072333,1.0,0.0,1.0,0.0,0.0,1.0
37,265,7.549618411277004,9.023883527510314,1.0,1.0,0.0,0.0,1.0,0.0
38,265,5.228937888372884,11.680086192457628,1.0,0.0,0.0,0.0,1.0,0.0
39,265,7.99805972399784,5.808213164715828,0.0,1.0,0.0,1.0,0.0,0.0
0,270,12.0,2.370077452730908,0.0,1.0,0.0,0.0,1.0,0.0
1,270,11.566442156632602,4.969102920029487,0.0,0.0,0.0,1.0,1.0,0.0
2,270,8.560955586956007,8.875745740011949,0.0,0.0,0.0,1.0,0.0,0.0
3,270,0.2384660526015093,10.03852671714999,0.0,1.0,0.0,1.0,0.0,1.0
4,270,8.689691616531515,0.5649183546177402,1.0,1.0,0.0,1.0,1.0,1.0
5,270,5.006975362578258,7.982016455808754,0.0,0.0,1.0,0.0,0.0,1.0
6,270,1.9139291090678008,0.6206823017150024,0.0,0.0,0.0,0.0,1.0,0.0
7,270,10.499034256628304,12.0,0.0,0.0,0.0,0.0,1.0,1.0
8,270,10.999183225278436,11.923167003159218,1.0,1.0,1.0,0.0,0.0,0.0
9,270,8.49348747724048,9.169000880663049,0.0,1.0,1.0,0.0,0.0,0.0
10,270,6.056962138507988,11.023087991009596,0.0,0.0,0.0,1.0,0.0,1.0
11,270,5.769560218622655,4.0639668621091385,1.0,1.0,1.0,1.0,0.0,1.0
12,270,6.691509484439607,6.493501275783612,1.0,0.0,0.0,0.0,0.0,1.0
13,270,6.072348593476096,7.674560745866848,0.0,0.0,0.0,0.0,1.0,0.0
14,270,1.7647191638411035,9.153627346093668,0.0,0.0,1.0,0.0,1.0,1.0
15,270,10.85917066262354,11.605197169429362,0.0,1.0,1.0,0.0,1.0,1.0
16,270,4.549652039932027,4.041636830164996,0.0,0.0,1.0,0.0,1.0,1.0
17,270,2.770608722722685,11.450093871398876,0.0,0.0,1.0,0.0,0.0,1.0
18,270,0.0,12.0,0.0,0.0,0.0,0.0,0.0,0.0
19,270,6.075478716262476,2.434235389552559,0.0,1.0,1.0,1.0,0.0,0.0
20,270,2.347363522187752,4.701780066405143,1.0,0.0,0.0,1.0,1.0,0.0
21,270,3.4902590597255982,0.5243898586133618,1.0,0.0,0.0,1.0,1.0,0.0
22,270,3.914559651939649,10.523596067577344,0.0,0.0,0.0,0.0,0.0,0.0
23,270,7.353119256934816,8.369162531856043,1.0,0.0,1.0,0.0,0.0,1.0
24,270,9.347842761639074,7.372990318396367,0.0,1.0,0.0,0.0,1.0,0.0
25,270,9.593838339187268,3.652295970291697,1.0,1.0,0.0,0.0,0.0,1.0
26,270,12.0,9.229771495184368,1.0,0.0,1.0,1.0,1.0,0.0
27,270,8.553479745219798,1.829429416444282,1.0,0.0,1.0,0.0,1.0,1.0
28,270,4.218215191488175,12.0,0.0,1.0,0.0,0.0,1.0,0.0
29,270,10.146699142137734,10.589193956969975,0.0,0.0,1.0,0.0,0.0,0.0
30,270,5.040187652402295,0.0,0.0,1.0,1.0,1.0,0.0,1.0
31,270,12.0,12.0,0.0,1.0,1.0,1.0,0.0,0.0
32,270,4.414712541839647,10.187530213389094,1.0,1.0,0.0,0.0,0.0,1.0
33,270,7.549070216728321,7.712359261592454,1.0,0.0,1.0,0.0,0.0,0.0
34,270,7.341084235191485,10.433054814157718,1.0,0.0,0.0,0.0,0.0,0.0
35,270,4.305644060502417,8.944924906041361,1.0,0.0,0.0,1.0,1.0,0.0
36,270,9.349753867850382,8.700911321144403,1.0,0.0,1.0,0.0,0.0,1.0
37,270,7.649349274207599,9.219201068621784,1.0,1.0,0.0,0.0,1.0,0.0
38,270,5.136996749167994,11.552347164690712,1.0,0.0,0.0,0.0,1.0,0.0
39,270,7.927700566407815,6.023978623945177,0.0,1.0,0.0,1.0,0.0,0.0
0,275,12.0,2.412997590113391,0.0,1.0,0.0,0.0,1.0,0.0
1,275,11.690333199522652,5.08097028173895,0.0,0.0,0.0,1.0,1.0,0.0
2,275,8.546989488381511,8.860276145043418,0.0,0.0,0.0,1.0,0.0,0.0
3,275,0.2290942039607549,10.12027168078592,0.0,1.0,0.0,1.0,0.0,1.0
4,275,8.72376537440841,0.5741838467453977,1.0,1.0,0.0,1.0,1.0,1.0
5,275,5.060252958173416,8.080143997412435,0.0,0.0,1.0,0.0,0.0,1.0
6,275,1.8861714258178348,0.5403453067819161,0.0,0.0,0.0,0.0,1.0,0.0
7,275,10.464797532132396,12.0,0.0,0.0,0.0,0.0,1.0,1.0
8,275,10.994677901965272,11.920438146496618,1.0,1.0,1.0,0.0,0.0,0.0
9,275,8.497209668791662,9.155439364706249,0.0,1.0,1.0,0.0,0.0,0.0
10,275,6.08863243770729,11.07216906479812,0.0,0.0,0.0,1.0,0.0,1.0
11,275,5.708307534639978,3.9484984642799255,1.0,1.0,1.0,1.0,0.0,1.0
12,275,6.735534372167952,6.531857215244891,1.0,0.0,0.0,0.0,0.0,1.0
13,275,6.012592966909771,7.707149782990109,0.0,0.0,0.0,0.0,1.0,0.0
14,275,1.7416575570048665,9.136061927017304,0.0,0.0,1.0,0.0,1.0,1.0
15,275,10.91001843637031,11.61712808261536,0.0,1.0,1.0,0.0,1.0,1.0
16,275,4.641728890309241,4.084239786544582,0.0,0.0,1.0,0.0,1.0,1.0
17,275,2.795265793254795,11.47587016751703,0.0,0.0,1.0,0.0,0.0,1.0
18,275,0.0,12.0,0.0,0.0,0.0,0.0,0.0,0.0
19,275,6.18863335959515,2.4600198225901373,0.0,1.0,1.0,1.0,0.0,0.0
20,275,2.3467984612435284,4.684697018481293,1.0,0.0,0.0,1.0,1.0,0.0
21,275,3.532858396615596,0.5541340269751858,1.0,0.0,0.0,1.0,1.0,0.0
22,275,3.887363867222331,10.559458042954985,0.0,0.0,0.0,0.0,0.0,0.0
23,275,7.368453609608416,8.436718634731404,1.0,0.0,1.0,0.0,0.0,1.0
24,275,9.35884235263794,7.405208711104019,0.0,1.0,0.0,0.0,1.0,0.0
25,275,9.589876583258578,3.6440694360176074,1.0,1.0,0.0,0.0,0.0,1.0
26,275,12.0,9.28447616179181,1.0,0.0,1.0,1.0,1.0,0.0
27,275,8.60016945536119,1.6556201526633578,1.0,0.0,1.0,0.0,1.0,1.0
28,275,4.216729765226975,12.0,0.0,1.0,0.0,0.0,1.0,0.0
29,275,10.165649824297429,10.544228433807207,0.0,0.0,1.0,0.0,0.0,0.0
30,275,4.960103092309313,0.0,0.0,1.0,1.0,1.0,0.0,1.0
31,275,12.0,12.0,0.0,1.0,1.0,1.0,0.0,0.0
32,275,4.4853405335916605,10.242480905838423,1.0,1.0,0.0,0.0,0.0,1.0
33,275,7.665522311542269,7.749492207478586,1.0,0.0,1.0,0.0,0.0,0.0
34,275,7.360492596945733,10.4014273440332,1.0,0.0,0.0,0.0,0.0,0.0
35,275,4.264637262202929,8.91511369486782,1.0,0.0,0.0,1.0,1.0,0.0
36,275,9.378046421455709,8.56319622855324,1.0,0.0,1.0,0.0,0.0,1.0
37,275,7.741908672396264,9.407933514904764,1.0,1.0,0.0,0.0,1.0,0.0
38,275,5.05422568928863,11.4397567536254,1.0,0.0,0.0,0.0,1.0,0.0
39,275,7.860342771039352,6.25077454274602,0.0,1.0,0.0,1.0,0.0,0.0
0,280,12.0,2.446276088024937,0.0,1.0,0.0,0.0,1.0,0.0
1,280,11.824037259929383,5.2031303148804025,0.0,0.0,0.0,1.0,1.0,0.0
2,280,8.526366020532798,8.837555558298158,0.0,0.0,0.0,1.0,0.0,0.0
3,280,0.2210545014556221,10.192574206758698,0.0,1.0,0.0,1.0,0.0,1.0
4,280,8.774920484433698,0.5880589810021901,1.0,1.0,0.0,1.0,1.0,1.0
5,280,5.117617757734486,8.190404429790217,0.0,0.0,1.0,0.0,0.0,1.0
6,280,1.8536602003380216,0.4537976958664285,0.0,0.0,0.0,0.0,1.0,0.0
7,280,10.433966102585234,12.0,0.0,0.0,0.0,0.0,1.0,1.0
8,280,10.972729543643418,11.906890351506457,1.0,1.0,1.0,0.0,0.0,0.0
9,280,8.496122785456324,9.159205674186024,0.0,1.0,1.0,0.0,0.0,0.0
10,280,6.122428859200092,11.125792911054535,0.0,0.0,0.0,1.0,0.0,1.0
11,280,5.642815299404391,3.82547081786184,1.0,1.0,1.0,1.0,0.0,1.0
12,280,6.773937934760545,6.564085666678818,1.0,0.0,0.0,0.0,0.0,1.0
13,280,5.96297660952205,7.732462610855076,0.0,0.0,0.0,0.0,1.0,0.0
14,280,1.7196059168313926,9.119888484706516,0.0,0.0,1.0,0.0,1.0,1.0
15,280,10.95071114898372,11.62707590978368,0.0,1.0,1.0,0.0,1.0,1.0
16,280,4.5936048488383765,4.178719528762822,0.0,0.0,1.0,0.0,1.0,1.0
17,280,2.8242234122033825,11.506335502799338,0.0,0.0,1.0,0.0,0.0,1.0
18,280,0.0,12.0,0.0,0.0,0.0,0.0,0.0,0.0
19,280,6.311486530462358,2.485457113761209,0.0,1.0,1.0,1.0,0.0,0.0
20,280,2.3458308293186083,4.665043579305929,1.0,0.0,0.0,1.0,1.0,0.0
21,280,3.595393355242426,0.5969108453008477,1.0,0.0,0.0,1.0,1.0,0.0
22,280,3.853472790004884,10.606498535659952,0.0,0.0,0.0,0.0,0.0,0.0
23,280,7.381351752225021,8.499917143460287,1.0,0.0,1.0,0.0,0.0,1.0
24,280,9.374111706896278,7.451488584347417,0.0,1.0,0.0,0.0,1.0,0.0
25,280,9.583921216434051,3.6322024683828342,1.0,1.0,0.0,0.0,0.0,1.0
26,280,12.0,9.333018028679186,1.0,0.0,1.0,1.0,1.0,0.0
27,280,8.662079728895778,1.4614958291913482,1.0,0.0,1.0,0.0,1.0,1.0
28,280,4.222464818941488,12.0,0.0,1.0,0.0,0.0,1.0,0.0
29,280,10.182220683969478,10.503454822940911,0.0,0.0,1.0,0.0,0.0,0.0
30,280,4.855110744800255,0.0,0.0,1.0,1.0,1.0,0.0,1.0
31,280,12.0,12.0,0.0,1.0,1.0,1.0,0.0,0.0
32,280,4.557332278867357,10.29999750940562,1.0,1.0,0.0,0.0,0.0,1.0
33,280,7.791008042275466,7.786479224958239,1.0,0.0,1.0,0.0,0.0,0.0
34,280,7.378976551473716,10.372376809714876,1.0,0.0,0.0,0.0,0.0,0.0
35,280,4.23005412479234,8.890860989650148,1.0,0.0,0.0,1.0,1.0,0.0
36,280,9.398321484164551,8.46524588950859,1.0,0.0,1.0,0.0,0.0,1.0
37,280,7.830951682406381,9.58993317955426,1.0,1.0,0.0,0.0,1.0,0.0
38,280,4.979753509797599,11.341508892008402,1.0,0.0,0.0,0.0,1.0,0.0
39,280,7.798379255755203,6.457015055528206,0.0,1.0,0.0,1.0,0.0,0.0
0,285,12.0,2.4673101735952163,0.0,1.0,0.0,0.0,1.0,0.0
1,285,11.950989739544356,5.324964089418827,0.0,0.0,0.0,1.0,1.0,0.0
2,285,8.498035710087944,8.806745766079429,0.0,0.0,0.0,1.0,0.0,0.0
3,285,0.214062911085248,10.250173546934365,0.0,1.0,0.0,1.0,0.0,1.0
4,285,8.832717703786853,0.6037250891592195,1.0,1.0,0.0,1.0,1.0,1.0
5,285,5.181864806390533,8.312846601821583,0.0,0.0,1.0,0.0,0.0,1.0
6,285,1.8281258444072963,0.3785199672726586,0.0,0.0,0.0,0.0,1.0,0.0
7,285,10.408105617489824,12.0,0.0,0.0,0.0,0.0,1.0,1.0
8,285,10.939326803823167,11.886490020746312,1.0,1.0,1.0,0.0,0.0,0.0
9,285,8.488072289724062,9.185307025253188,0.0,1.0,1.0,0.0,0.0,0.0
10,285,6.159156338779219,11.184545418732135,0.0,0.0,0.0,1.0,0.0,1.0
11,285,5.585565178818221,3.7138701270321786,1.0,1.0,1.0,1.0,0.0,1.0
12,285,6.804993201113892,6.590233826246373,1.0,0.0,0.0,0.0,0.0,1.0
13,285,5.921541000836112,7.75265409449724,0.0,0.0,0.0,0.0,1.0,0.0
14,285,1.6880388781333406,9.095944707820578,0.0,0.0,1.0,0.0,1.0,1.0
15,285,11.00134941393024,11.638825023824108,0.0,1.0,1.0,0.0,1.0,1.0
16,285,4.534697755042095,4.28836790660966,0.0,0.0,1.0,0.0,1.0,1.0
17,285,2.8564831420407386,11.538644377802852,0.0,0.0,1.0,0.0,0.0,1.0
18,285,0.0,12.0,0.0,0.0,0.0,0.0,0.0,0.0
19,285,6.445751213102172,2.516656326206681,0.0,1.0,1.0,1.0,0.0,0.0
20,285,2.3437445222051507,4.628669362438124,1.0,0.0,0.0,1.0,1.0,0.0
21,285,3.645599188665116,0.6272416778670676,1.0,0.0,0.0,1.0,1.0,0.0
22,285,3.8143538980539873,10.656479424833323,0.0,0.0,0.0,0.0,0.0,0.0
23,285,7.395605026963055,8.566062864187327,1.0,0.0,1.0,0.0,0.0,1.0
24,285,9.393609767599068,7.51061812638275,0.0,1.0,0.0,0.0,1.0,0.0
25,285,9.58767741597498,3.639793120360924,1.0,1.0,0.0,0.0,0.0,1.0
26,285,12.0,9.389356802899377,1.0,0.0,1.0,1.0,1.0,0.0
27,285,8.715636985579263,1.2769469717317634,1.0,0.0,1.0,0.0,1.0,1.0
28,285,4.223862464497963,12.0,0.0,1.0,0.0,0.0,1.0,0.0
29,285,10.200160242358836,10.45779028850696,0.0,0.0,1.0,0.0,0.0,0.0
30,285,4.752492666413602,0.0,0.0,1.0,1.0,1.0,0.0,1.0
31,285,12.0,12.0,0.0,1.0,1.0,1.0,0.0,0.0
32,285,4.611978152462823,10.345815844715045,1.0,1.0,0.0,0.0,0.0,1.0
33,285,7.92682971887946,7.825549563506372,1.0,0.0,1.0,0.0,0.0,0.0
34,285,7.386382447425931,10.36040161188438,1.0,0.0,0.0,0.0,0.0,0.0
35,285,4.216497933828324,8.880868139141153,1.0,0.0,0.0,1.0,1.0,0.0
36,285,9.421233407834144,8.36030359072896,1.0,0.0,1.0,0.0,0.0,1.0
37,285,7.916285214240384,9.76162499504986,1.0,1.0,0.0,0.0,1.0,0.0
38,285,4.906776277147793,11.25268498786908,1.0,0.0,0.0,0.0,1.0,0.0
39,285,7.739289842213439,6.653809017350682,0.0,1.0,0.0,1.0,0.0,0.0
0,290,12.0,2.490936635931601,0.0,1.0,0.0,0.0,1.0,0.0
1,290,12.0,5.44698998235204,0.0,0.0,0.0,1.0,1.0,0.0
2,290,8.453595678099207,8.758976126178418,0.0,0.0,0.0,1.0,0.0,0.0
3,290,0.2067585492378192,10.31592621343822,0.0,1.0,0.0,1.0,0.0,1.0
4,290,8.877228349052572,0.6145112444539015,1.0,1.0,0.0,1.0,1.0,1.0
5,290,5.251647115899281,8.444568899384059,0.0,0.0,1.0,0.0,0.0,1.0
6,290,1.7968755047512972,0.2826430699678522,0.0,0.0,0.0,0.0,1.0,0.0
7,290,10.382881530456409,12.0,0.0,0.0,0.0,0.0,1.0,1.0
8,290,10.9151639254988,11.87053768406326,1.0,1.0,1.0,0.0,0.0,0.0
9,290,8.480974037577708,9.21156926886288,0.0,1.0,1.0,0.0,0.0,0.0
10,290,6.178668307090916,11.21582504738018,0.0,0.0,0.0,1.0,0.0,1.0
11,290,5.52963445787644,3.603254313945939,1.0,1.0,1.0,1.0,0.0,1.0
12,290,6.82696432890801,6.607577321054246,1.0,0.0,0.0,0.0,0.0,1.0
13,290,5.885743861817191,7.770933875173005,0.0,0.0,0.0,0.0,1.0,0.0
14,290,1.650733513285825,9.068993975088008,0.0,0.0,1.0,0.0,1.0,1.0
15,290,11.03898561070557,11.646792136717169,0.0,1.0,1.0,0.0,1.0,1.0
16,290,4.4686033455003775,4.400540841061389,0.0,0.0,1.0,0.0,1.0,1.0
17,290,2.8830293024238567,11.565806814128218,0.0,0.0,1.0,0.0,0.0,1.0
18,290,0.0,12.0,0.0,0.0,0.0,0.0,0.0,0.0
19,290,6.565903133461815,2.5450305122852286,0.0,1.0,1.0,1.0,0.0,0.0
20,290,2.3391335630899066,4.572328436540524,1.0,0.0,0.0,1.0,1.0,0.0
21,290,3.6834015260585993,0.6494227329875969,1.0,0.0,0.0,1.0,1.0,0.0
22,290,3.776809258149803,10.70421051441196,0.0,0.0,0.0,0.0,0.0,0.0
23,290,7.410989986127439,8.642609679797442,1.0,0.0,1.0,0.0,0.0,1.0
24,290,9.418841933161769,7.585293047821141,0.0,1.0,0.0,0.0,1.0,0.0
25,290,9.60092316809446,3.666858283412836,1.0,1.0,0.0,0.0,0.0,1.0
26,290,12.0,9.327549637226642,1.0,0.0,1.0,1.0,1.0,0.0
27,290,8.757458427672606,1.1350916057731246,1.0,0.0,1.0,0.0,1.0,1.0
28,290,4.230180815663722,12.0,0.0,1.0,0.0,0.0,1.0,0.0
29,290,10.21470669185462,10.420061947819937,0.0,0.0,1.0,0.0,0.0,0.0
30,290,4.648602284594329,0.0,0.0,1.0,1.0,1.0,0.0,1.0
31,290,12.0,12.0,0.0,1.0,1.0,1.0,0.0,0.0
32,290,4.655696543756942,10.289367420760827,1.0,1.0,0.0,0.0,0.0,1.0
33,290,8.055010107263538,7.864131028045747,1.0,0.0,1.0,0.0,0.0,0.0
34,290,7.391619193014011,10.35219934513007,1.0,0.0,0.0,0.0,0.0,0.0
35,290,4.184248676465908,8.85745729974916,1.0,0.0,0.0,1.0,1.0,0.0
36,290,9.440261443034473,8.269092006168245,1.0,0.0,1.0,0.0,0.0,1.0
37,290,8.012409269880887,9.931754428050564,1.0,1.0,0.0,0.0,1.0,0.0
38,290,4.826646964074641,11.161405028641871,1.0,0.0,0.0,0.0,1.0,0.0
39,290,7.682023750761667,6.8424186972307846,0.0,1.0,0.0,1.0,0.0,0.0
0,295,12.0,2.505847034225507,0.0,1.0,0.0,0.0,1.0,0.0
1,295,12.0,5.564571522823215,0.0,0.0,0.0,1.0,1.0,0.0
2,295,8.405872746054595,8.708138537938824,0.0,0.0,0.0,1.0,0.0,0.0
3,295,0.1971447826834705,10.383694457211565,0.0,1.0,0.0,1.0,0.0,1.0
4,295,8.94892036770946,0.6311827224625017,1.0,1.0,0.0,1.0,1.0,1.0
5,295,5.329273931590422,8.58792265877985,0.0,0.0,1.0,0.0,0.0,1.0
6,295,1.7654364600508077,0.192543796509227,0.0,0.0,0.0,0.0,1.0,0.0
7,295,10.362030798749142,12.0,0.0,0.0,0.0,0.0,1.0,1.0
8,295,10.905571821292224,11.86403704088742,1.0,1.0,1.0,0.0,0.0,0.0
9,295,8.472549844595052,9.241631946177243,0.0,1.0,1.0,0.0,0.0,0.0
10,295,6.214425527215568,11.27396580832766,0.0,0.0,0.0,1.0,0.0,1.0
11,295,5.47158780329695,3.4951759107545404,1.0,1.0,1.0,1.0,0.0,1.0
12,295,6.852539324225317,6.627541944641711,1.0,0.0,0.0,0.0,0.0,1.0
13,295,5.846201245692957,7.790787615956114,0.0,0.0,0.0,0.0,1.0,0.0
14,295,1.6215871716692696,9.047363021432297,0.0,0.0,1.0,0.0,1.0,1.0
15,295,11.062744778952018,11.651892363415488,0.0,1.0,1.0,0.0,1.0,1.0
16,295,4.405041040367551,4.509063897464515,0.0,0.0,1.0,0.0,1.0,1.0
17,295,2.9070064168257184,11.590374381127145,0.0,0.0,1.0,0.0,0.0,1.0
18,295,0.0,12.0,0.0,0.0,0.0,0.0,0.0,0.0
19,295,6.69556868253165,2.579177223478616,0.0,1.0,1.0,1.0,0.0,0.0
20,295,2.334743114734865,4.515493832028421,1.0,0.0,0.0,1.0,1.0,0.0
21,295,3.712922401950684,0.6678256958946666,1.0,0.0,0.0,1.0,1.0,0.0
22,295,3.737746044288792,10.754247997315511,0.0,0.0,0.0,0.0,0.0,0.0
23,295,7.428930386009717,8.72814460854113,1.0,0.0,1.0,0.0,0.0,1.0
24,295,9.445985149896602,7.665155416196827,0.0,1.0,0.0,0.0,1.0,0.0
25,295,9.616529689511417,3.6985696736849785,1.0,1.0,0.0,0.0,0.0,1.0
26,295,12.0,9.253039152839348,1.0,0.0,1.0,1.0,1.0,0.0
27,295,8.797594370950684,0.991660290866214,1.0,0.0,1.0,0.0,1.0,1.0
28,295,4.235255755578758,12.0,0.0,1.0,0.0,0.0,1.0,0.0
29,295,10.23067652285998,10.376733651748644,0.0,0.0,1.0,0.0,0.0,0.0
30,295,4.545371137287909,0.0,0.0,1.0,1.0,1.0,0.0,1.0
31,295,12.0,12.0,0.0,1.0,1.0,1.0,0.0,0.0
32,295,4.704251759228071,10.227094788465982,1.0,1.0,0.0,0.0,0.0,1.0
33,295,8.174362977675399,7.899819736526472,1.0,0.0,1.0,0.0,0.0,0.0
34,295,7.39277423099508,10.3502752571504,1.0,0.0,0.0,0.0,0.0,0.0
35,295,4.1427157792376565,8.826314166365824,1.0,0.0,0.0,1.0,1.0,0.0
36,295,9.45989615379072,8.17239092408414,1.0,0.0,1.0,0.0,0.0,1.0
37,295,8.115801165701154,10.119358708869305,1.0,1.0,0.0,0.0,1.0,0.0
38,295,4.748133895851573,11.071086230499043,1.0,0.0,0.0,0.0,1.0,0.0
39,295,7.627880867985308,7.020284780929016,0.0,1.0,0.0,1.0,0.0,0.0
