0,0,7.015236945009255,10.035783343518348,1.0,1.0,0.0,1.0,0.0,0.0
1,0,4.9829509221340285,7.9570608437765795,0.0,1.0,0.0,0.0,0.0,1.0
2,0,8.008270189759726,6.040224872082536,0.0,0.0,1.0,1.0,1.0,0.0
3,0,4.017827249378548,11.044310324087144,0.0,1.0,1.0,0.0,1.0,0.0
4,0,2.942054249065323,4.991695911861725,1.0,0.0,1.0,1.0,0.0,0.0
5,0,8.948822683204623,6.990382524019495,1.0,0.0,0.0,1.0,1.0,0.0
6,0,11.031595509892783,10.949360886335922,0.0,0.0,0.0,0.0,0.0,1.0
7,0,10.03069374659321,4.020710431225213,0.0,1.0,1.0,0.0,1.0,0.0
8,0,1.960011775134456,0.0,0.0,1.0,1.0,0.0,1.0,1.0
9,0,0.0,1.0009344851723367,0.0,0.0,0.0,0.0,1.0,0.0
10,0,11.023904240255856,4.920282511553942,0.0,0.0,1.0,0.0,1.0,1.0
11,0,2.043944270228633,0.0368639992835769,0.0,0.0,0.0,1.0,0.0,0.0
12,0,7.003932997569236,4.934839682739724,1.0,0.0,0.0,1.0,0.0,0.0
13,0,9.061729008656895,10.037299455879277,1.0,0.0,0.0,1.0,0.0,0.0
14,0,12.0,9.930918753574018,1.0,1.0,0.0,1.0,0.0,0.0
15,0,9.961790666799809,8.02710025966366,1.0,0.0,0.0,0.0,1.0,1.0
16,0,2.027478460591632,2.9371918398170003,1.0,1.0,1.0,1.0,0.0,0.0
17,0,6.016988217795367,9.023267234383631,1.0,0.0,0.0,1.0,0.0,0.0
18,0,5.05983314826914,1.029400694672189,1.0,0.0,0.0,1.0,1.0,0.0
19,0,9.007910807953278,8.063666022724183,0.0,1.0,0.0,1.0,0.0,0.0
20,0,4.022120351485334,2.077428065890766,0.0,1.0,1.0,0.0,0.0,1.0
21,0,10.998187781170024,1.9536065636535072,0.0,0.0,1.0,0.0,0.0,0.0
22,0,7.0209816488683074,9.952313761135487,0.0,1.0,1.0,0.0,0.0,1.0
23,0,7.9887442036672125,4.016893706360736,0.0,0.0,0.0,0.0,0.0,1.0
24,0,2.9596608854023234,1.048531414518936,0.0,0.0,0.0,1.0,0.0,0.0
25,0,1.958886686632498,8.969280556181431,0.0,1.0,0.0,0.0,0.0,0.0
26,0,7.992714912361428,5.020546595103451,0.0,1.0,1.0,1.0,0.0,1.0
27,0,1.0579221122990712,6.967112708265031,1.0,0.0,0.0,1.0,0.0,1.0
28,0,6.031392682156185,5.943867514717725,1.0,0.0,1.0,1.0,0.0,0.0
29,0,11.961311120923137,6.995190074377034,0.0,0.0,0.0,1.0,1.0,1.0
30,0,1.9835722582975768,8.952867163796684,0.0,1.0,0.0,0.0,0.0,0.0
31,0,0.0012083866966022,4.9805377731412,1.0,0.0,1.0,1.0,1.0,0.0
32,0,4.924949493191774,12.0,0.0,0.0,0.0,1.0,0.0,1.0
33,0,3.0005361163854087,7.95692920014226,1.0,0.0,0.0,0.0,0.0,0.0
34,0,8.025699777374955,10.03242616877244,1.0,0.0,1.0,0.0,0.0,0.0
35,0,6.940210978338519,9.007587750023005,0.0,1.0,1.0,0.0,0.0,0.0
36,0,3.018101286126268,8.900474042225037,1.0,0.0,0.0,1.0,0.0,1.0
37,0,6.0531216239761125,5.001569492601015,1.0,0.0,0.0,1.0,1.0,0.0
38,0,2.048542426561049,0.0,0.0,1.0,0.0,0.0,0.0,1.0
39,0,0.9954214182403032,7.939773682502409,1.0,1.0,1.0,1.0,0.0,0.0
0,5,7.041165526586317,10.098696444271887,1.0,1.0,0.0,1.0,0.0,0.0
1,5,4.964632551380847,7.910622384871418,0.0,1.0,0.0,0.0,0.0,1.0
2,5,8.014751043831692,6.076492925615993,0.0,0.0,1.0,1.0,1.0,0.0
3,5,4.040296023771719,11.095984875832608,0.0,1.0,1.0,0.0,1.0,0.0
4,5,2.881078116948594,4.982098963428485,1.0,0.0,1.0,1.0,0.0,0.0
5,5,8.90805536477002,6.983687685875457,1.0,0.0,0.0,1.0,1.0,0.0
6,5,11.059380468664887,10.902595275864986,0.0,0.0,0.0,0.0,0.0,1.0
7,5,10.054586740036465,4.03712583907032,0.0,1.0,1.0,0.0,1.0,0.0
8,5,1.91817867038221,0.0,0.0,1.0,1.0,0.0,1.0,1.0
9,5,0.0,0.9998532675128252,0.0,0.0,0.0,0.0,1.0,0.0
10,5,11.05486462097852,4.807382591405249,0.0,0.0,1.0,0.0,1.0,1.0
11,5,2.0813119373184,0.068772538960957,0.0,0.0,0.0,1.0,0.0,0.0
12,5,7.009233906912455,4.8662959196716224,1.0,0.0,0.0,1.0,0.0,0.0
13,5,9.138737951098486,10.085293409731682,1.0,0.0,0.0,1.0,0.0,0.0
14,5,12.0,9.864954393551017,1.0,1.0,0.0,1.0,0.0,0.0
15,5,9.910999890450231,8.066257193776334,1.0,0.0,0.0,0.0,1.0,1.0
16,5,2.0618408470712377,2.861968411097863,1.0,1.0,1.0,1.0,0.0,0.0
17,5,6.031831565186842,9.045187307783593,1.0,0.0,0.0,1.0,0.0,0.0
18,5,5.117678913157334,1.0573722095424594,1.0,0.0,0.0,1.0,1.0,0.0
19,5,9.0159348890625,8.124043400390674,0.0,1.0,0.0,1.0,0.0,0.0
20,5,4.048269916826544,2.168945580281525,0.0,1.0,1.0,0.0,0.0,1.0
21,5,10.996585336890474,1.920693216403536,0.0,0.0,1.0,0.0,0.0,0.0
22,5,7.041033761528993,9.906320667327869,0.0,1.0,1.0,0.0,0.0,1.0
23,5,7.967595252287009,4.048225232262534,0.0,0.0,0.0,0.0,0.0,1.0
24,5,2.928798967819304,1.086338556300695,0.0,0.0,0.0,1.0,0.0,0.0
25,5,1.939823555150532,8.954294713203922,0.0,1.0,0.0,0.0,0.0,0.0
26,5,7.980691123457651,5.053455778113588,0.0,1.0,1.0,1.0,0.0,1.0
27,5,1.123768872751589,6.929156234347477,1.0,0.0,0.0,1.0,0.0,1.0
28,5,6.058002729222002,5.8987554655304,1.0,0.0,1.0,1.0,0.0,0.0
29,5,11.9226045712281,6.990430170433862,0.0,0.0,0.0,1.0,1.0,1.0
30,5,1.965439360015517,8.896949273464836,0.0,1.0,0.0,0.0,0.0,0.0
31,5,0.0049501411674821,4.927056395597984,1.0,0.0,1.0,1.0,1.0,0.0
32,5,4.836970795865052,12.0,0.0,0.0,0.0,1.0,0.0,1.0
33,5,3.001110200911259,7.915208920757987,1.0,0.0,0.0,0.0,0.0,0.0
34,5,8.042420095012462,10.052577872727657,1.0,0.0,1.0,0.0,0.0,0.0
35,5,6.86868830856402,9.017498992369946,0.0,1.0,1.0,0.0,0.0,0.0
36,5,3.0390613873512846,8.787884451272575,1.0,0.0,0.0,1.0,0.0,1.0
37,5,6.092768183734489,5.002372253727707,1.0,0.0,0.0,1.0,1.0,0.0
38,5,2.111318395755866,0.0,0.0,1.0,0.0,0.0,0.0,1.0
39,5,0.9898530539262508,7.878017801036384,1.0,1.0,1.0,1.0,0.0,0.0
0,10,7.0706474792533855,10.174874586305297,1.0,1.0,0.0,1.0,0.0,0.0
1,10,4.945450010172104,7.86053435007009,0.0,1.0,0.0,0.0,0.0,1.0
2,10,8.017554196298507,6.090577748505296,0.0,0.0,1.0,1.0,1.0,0.0
3,10,4.05286782403551,11.126403850273336,0.0,1.0,1.0,0.0,1.0,0.0
4,10,2.8115701307183056,4.970664413723408,1.0,0.0,1.0,1.0,0.0,0.0
5,10,8.875331813557118,6.979696441562563,1.0,0.0,0.0,1.0,1.0,0.0
6,10,11.100948890396792,10.825345210123649,0.0,0.0,0.0,0.0,0.0,1.0
7,10,10.0650549217958,4.044184047511609,0.0,1.0,1.0,0.0,1.0,0.0
8,10,1.8869210738770656,0.0,0.0,1.0,1.0,0.0,1.0,1.0
9,10,0.0,0.9991483793614472,0.0,0.0,0.0,0.0,1.0,0.0
10,10,11.087139136754695,4.693115420946684,0.0,0.0,1.0,0.0,1.0,1.0
11,10,2.110552438003678,0.0944235294610605,0.0,0.0,0.0,1.0,0.0,0.0
12,10,7.015010069865985,4.798069678918751,1.0,0.0,0.0,1.0,0.0,0.0
13,10,9.202344239189266,10.126703952346686,1.0,0.0,0.0,1.0,0.0,0.0
14,10,12.0,9.780821015803708,1.0,1.0,0.0,1.0,0.0,0.0
15,10,9.877139880941815,8.091045576608646,1.0,0.0,0.0,0.0,1.0,1.0
16,10,2.0953121378453665,2.787186733953983,1.0,1.0,1.0,1.0,0.0,0.0
17,10,6.054117681830151,9.076856424881736,1.0,0.0,0.0,1.0,0.0,0.0
18,10,5.190786674460519,1.0935310521305126,1.0,0.0,0.0,1.0,1.0,0.0
19,10,9.02728084950212,8.198694441210742,0.0,1.0,0.0,1.0,0.0,0.0
20,10,4.076967447838497,2.2685672527278515,0.0,1.0,1.0,0.0,0.0,1.0
21,10,10.994225426862672,1.875434492270275,0.0,0.0,1.0,0.0,0.0,0.0
22,10,7.057831335973592,9.866608299574748,0.0,1.0,1.0,0.0,0.0,1.0
23,10,7.9458936774774065,4.078692835943293,0.0,0.0,0.0,0.0,0.0,1.0
24,10,2.9066220308361213,1.1143190106768086,0.0,0.0,0.0,1.0,0.0,0.0
25,10,1.9184388709518887,8.936286738748825,0.0,1.0,0.0,0.0,0.0,0.0
26,10,7.97769641932127,5.061542590329893,0.0,1.0,1.0,1.0,0.0,1.0
27,10,1.1976593855108797,6.8864209111538175,1.0,0.0,0.0,1.0,0.0,1.0
28,10,6.096393808310952,5.836376396695583,1.0,0.0,1.0,1.0,0.0,0.0
29,10,11.875437587745749,6.984933792886721,0.0,0.0,0.0,1.0,1.0,1.0
30,10,1.9471757665016491,8.84080849970734,0.0,1.0,0.0,0.0,0.0,0.0
31,10,0.0114980919732397,4.864760020171331,1.0,0.0,1.0,1.0,1.0,0.0
32,10,4.769906736964448,12.0,0.0,0.0,0.0,1.0,0.0,1.0
33,10,3.001833977635933,7.887087699656419,1.0,0.0,0.0,0.0,0.0,0.0
34,10,8.064461436453662,10.078372654847296,1.0,0.0,1.0,0.0,0.0,0.0
35,10,6.811935053038565,9.024410651824637,0.0,1.0,1.0,0.0,0.0,0.0
36,10,3.056512033872801,8.698547699731922,1.0,0.0,0.0,1.0,0.0,1.0
37,10,6.132675628708201,5.003427896978983,1.0,0.0,0.0,1.0,1.0,0.0
38,10,2.1456100605810184,0.0,0.0,1.0,0.0,0.0,0.0,1.0
39,10,0.9856515096017854,7.803539002490158,1.0,1.0,1.0,1.0,0.0,0.0
0,15,7.103283554141301,10.256757303435805,1.0,1.0,0.0,1.0,0.0,0.0
1,15,4.924836682431905,7.805784215884898,0.0,1.0,0.0,0.0,0.0,1.0
2,15,8.018767587161427,6.097127617053344,0.0,0.0,1.0,1.0,1.0,0.0
3,15,4.06696753678953,11.159737779533067,0.0,1.0,1.0,0.0,1.0,0.0
4,15,2.7496805235585158,4.9593981028928775,1.0,0.0,1.0,1.0,0.0,0.0
5,15,8.818695786562536,6.971768382252211,1.0,0.0,0.0,1.0,1.0,0.0
6,15,11.137347992912575,10.760369522684812,0.0,0.0,0.0,0.0,0.0,1.0
7,15,10.077440446006042,4.052734396348222,0.0,1.0,1.0,0.0,1.0,0.0
8,15,1.8622585033936851,0.0,0.0,1.0,1.0,0.0,1.0,1.0
9,15,0.0,0.9981901387230504,0.0,0.0,0.0,0.0,1.0,0.0
10,15,11.12356375392417,4.566952624784145,0.0,0.0,1.0,0.0,1.0,1.0
11,15,2.1458094188989487,0.1250199690925985,0.0,0.0,0.0,1.0,0.0,0.0
12,15,7.020446585292641,4.732080292945368,1.0,0.0,0.0,1.0,0.0,0.0
13,15,9.26973469005424,10.170352636423528,1.0,0.0,0.0,1.0,0.0,0.0
14,15,12.0,9.704328059003927,1.0,1.0,0.0,1.0,0.0,0.0
15,15,9.847454389461893,8.11331690924083,1.0,0.0,0.0,0.0,1.0,1.0
16,15,2.125463114164042,2.720546739010787,1.0,1.0,1.0,1.0,0.0,0.0
17,15,6.063137768087436,9.089101037129788,1.0,0.0,0.0,1.0,0.0,0.0
18,15,5.264279184902003,1.1301421110613663,1.0,0.0,0.0,1.0,1.0,0.0
19,15,9.03553660599661,8.255475690684733,0.0,1.0,0.0,1.0,0.0,0.0
20,15,4.114118235446467,2.3869781589113503,0.0,1.0,1.0,0.0,0.0,1.0
21,15,10.993510601461782,1.8649922055696253,0.0,0.0,1.0,0.0,0.0,0.0
22,15,7.073227478521745,9.826547190222993,0.0,1.0,1.0,0.0,0.0,1.0
23,15,7.917661352271601,4.118024547604195,0.0,0.0,0.0,0.0,0.0,1.0
24,15,2.884031121069648,1.1448615574102663,0.0,0.0,0.0,1.0,0.0,0.0
25,15,1.8845026792085413,8.908080879284455,0.0,1.0,0.0,0.0,0.0,0.0
26,15,7.973400095879411,5.073742853407688,0.0,1.0,1.0,1.0,0.0,1.0
27,15,1.2680357868633865,6.845169912540824,1.0,0.0,0.0,1.0,0.0,1.0
28,15,6.1364869598557625,5.772689622226537,1.0,0.0,1.0,1.0,0.0,0.0
29,15,11.83178873905566,6.979199471768051,0.0,0.0,0.0,1.0,1.0,1.0
30,15,1.930554087121196,8.793558619683605,0.0,1.0,0.0,0.0,0.0,0.0
31,15,0.0201415986761383,4.797684884035189,1.0,0.0,1.0,1.0,1.0,0.0
32,15,4.700703072587055,12.0,0.0,0.0,0.0,1.0,0.0,1.0
33,15,3.002079438511195,7.847173412148748,1.0,0.0,0.0,0.0,0.0,0.0
34,15,8.096442907633222,10.0522157756555,1.0,0.0,1.0,0.0,0.0,0.0
35,15,6.760147124402393,9.031289286254657,0.0,1.0,1.0,0.0,0.0,0.0
36,15,3.072482084994127,8.622575311404988,1.0,0.0,0.0,1.0,0.0,1.0
37,15,6.211228191993417,5.005967780765154,1.0,0.0,0.0,1.0,1.0,0.0
38,15,2.183034893893707,0.0,0.0,1.0,0.0,0.0,0.0,1.0
39,15,0.9817403329143388,7.722570650087005,1.0,1.0,1.0,1.0,0.0,0.0
0,20,7.130968781798898,10.322028597370773,1.0,1.0,0.0,1.0,0.0,0.0
1,20,4.903763121565381,7.745193954896082,0.0,1.0,0.0,0.0,0.0,1.0
2,20,8.021572430240454,6.110107863047167,0.0,0.0,1.0,1.0,1.0,0.0
3,20,4.078007687319019,11.188511529954695,0.0,1.0,1.0,0.0,1.0,0.0
4,20,2.670259769446941,4.942223795120983,1.0,0.0,1.0,1.0,0.0,0.0
5,20,8.754312330065448,6.965431762400192,1.0,0.0,0.0,1.0,1.0,0.0
6,20,11.17194281911567,10.698220271796895,0.0,0.0,0.0,0.0,0.0,1.0
7,20,10.0924997997646,4.063443965891836,0.0,1.0,1.0,0.0,1.0,0.0
8,20,1.8475076074607204,0.0,0.0,1.0,1.0,0.0,1.0,1.0
9,20,0.0,0.9976747590961024,0.0,0.0,0.0,0.0,1.0,0.0
10,20,11.157866501948718,4.434333921996637,0.0,0.0,1.0,0.0,1.0,1.0
11,20,2.1786653270237104,0.1536392873549055,0.0,0.0,0.0,1.0,0.0,0.0
12,20,7.0234986861863735,4.687837351682916,1.0,0.0,0.0,1.0,0.0,0.0
13,20,9.327859464013272,10.208217052240787,1.0,0.0,0.0,1.0,0.0,0.0
14,20,12.0,9.621662284539152,1.0,1.0,0.0,1.0,0.0,0.0
15,20,9.80208658868393,8.145940946155772,1.0,0.0,0.0,0.0,1.0,1.0
16,20,2.157429406842838,2.651007276712756,1.0,1.0,1.0,1.0,0.0,0.0
17,20,6.077852794244326,9.108724562540615,1.0,0.0,0.0,1.0,0.0,0.0
18,20,5.356016511347639,1.1740914623042318,1.0,0.0,0.0,1.0,1.0,0.0
19,20,9.045329769045644,8.326012436909734,0.0,1.0,0.0,1.0,0.0,0.0
20,20,4.141953562018286,2.4718131135985666,0.0,1.0,1.0,0.0,0.0,1.0
21,20,10.993406049895809,1.8637538415344157,0.0,0.0,1.0,0.0,0.0,0.0
22,20,7.082732522865718,9.802013563373537,0.0,1.0,1.0,0.0,0.0,1.0
23,20,7.892910590518464,4.15231834744708,0.0,0.0,0.0,0.0,0.0,1.0
24,20,2.869731199779185,1.164699915590791,0.0,0.0,0.0,1.0,0.0,0.0
25,20,1.8540739097162375,8.881226654631282,0.0,1.0,0.0,0.0,0.0,0.0
26,20,7.96152597135868,5.103625490839792,0.0,1.0,1.0,1.0,0.0,1.0
27,20,1.3231155527162626,6.812815191463313,1.0,0.0,0.0,1.0,0.0,1.0
28,20,6.175655958632247,5.707681347097893,1.0,0.0,1.0,1.0,0.0,0.0
29,20,11.772876587914102,6.9701205920856015,0.0,0.0,0.0,1.0,1.0,1.0
30,20,1.913826818601097,8.746041845815931,0.0,1.0,0.0,0.0,0.0,0.0
31,20,0.0287044548926473,4.735133840645563,1.0,0.0,1.0,1.0,1.0,0.0
32,20,4.613996144528556,12.0,0.0,0.0,0.0,1.0,0.0,1.0
33,20,3.003579121281292,7.785081382320373,1.0,0.0,0.0,0.0,0.0,0.0
34,20,8.11536163480348,10.036909348638307,1.0,0.0,1.0,0.0,0.0,0.0
35,20,6.719363975254867,9.035344761831304,0.0,1.0,1.0,0.0,0.0,0.0
36,20,3.091921038473125,8.534864535380411,1.0,0.0,0.0,1.0,0.0,1.0
37,20,6.287674354989596,5.008015801742049,1.0,0.0,0.0,1.0,1.0,0.0
38,20,2.2174065492035324,0.0,0.0,1.0,0.0,0.0,0.0,1.0
39,20,0.9779293227183712,7.656515806230866,1.0,1.0,1.0,1.0,0.0,0.0
0,25,7.18721389845013,10.297052925962449,1.0,1.0,0.0,1.0,0.0,0.0
1,25,4.885039846417859,7.687575011359788,0.0,1.0,0.0,0.0,0.0,1.0
2,25,8.023729539976742,6.120023403744979,0.0,0.0,1.0,1.0,1.0,0.0
3,25,4.091316740917836,11.223152975704943,0.0,1.0,1.0,0.0,1.0,0.0
4,25,2.6120284609446336,4.927849444029249,1.0,0.0,1.0,1.0,0.0,0.0
5,25,8.687607623411473,6.959747193955985,1.0,0.0,0.0,1.0,1.0,0.0
6,25,11.198447488960566,10.651188626193788,0.0,0.0,0.0,0.0,0.0,1.0
7,25,10.116366700861352,4.0820766394208405,0.0,1.0,1.0,0.0,1.0,0.0
8,25,1.8300602741469745,0.0,0.0,1.0,1.0,0.0,1.0,1.0
9,25,0.0,0.9980529183860696,0.0,0.0,0.0,0.0,1.0,0.0
10,25,11.191853461822005,4.307440698109386,0.0,0.0,1.0,0.0,1.0,1.0
11,25,2.195087458104768,0.1681285017181123,0.0,0.0,0.0,1.0,0.0,0.0
12,25,7.0259031951622735,4.651699745038847,1.0,0.0,0.0,1.0,0.0,0.0
13,25,9.394010430702249,10.253430157641676,1.0,0.0,0.0,1.0,0.0,0.0
14,25,12.0,9.541149167920349,1.0,1.0,0.0,1.0,0.0,0.0
15,25,9.744749863460756,8.185924015715184,1.0,0.0,0.0,0.0,1.0,1.0
16,25,2.1871076725881164,2.590180189240321,1.0,1.0,1.0,1.0,0.0,0.0
17,25,6.0901925266143815,9.125790775687364,1.0,0.0,0.0,1.0,0.0,0.0
18,25,5.458119027565531,1.2211392518440245,1.0,0.0,0.0,1.0,1.0,0.0
19,25,9.054155878421914,8.42699048907362,0.0,1.0,0.0,1.0,0.0,0.0
20,25,4.172551540354007,2.562121273422416,0.0,1.0,1.0,0.0,0.0,1.0
21,25,10.9917713620258,1.8459213021780465,0.0,0.0,1.0,0.0,0.0,0.0
22,25,7.088849712218104,9.785950129499676,0.0,1.0,1.0,0.0,0.0,1.0
23,25,7.8655101811942,4.19212328506731,0.0,0.0,0.0,0.0,0.0,1.0
24,25,2.8705877681173946,1.1635587611122256,0.0,0.0,0.0,1.0,0.0,0.0
25,25,1.8294802347064525,8.860156480093426,0.0,1.0,0.0,0.0,0.0,0.0
26,25,7.95176108643081,5.130093311752561,0.0,1.0,1.0,1.0,0.0,1.0
27,25,1.3630331629211276,6.78811870811013,1.0,0.0,0.0,1.0,0.0,1.0
28,25,6.200868464787706,5.667664635945934,1.0,0.0,1.0,1.0,0.0,0.0
29,25,11.73236704146762,6.964954614978855,0.0,0.0,0.0,1.0,1.0,1.0
30,25,1.8949543076519737,8.69191947941383,0.0,1.0,0.0,0.0,0.0,0.0
31,25,0.0356886910913471,4.686688868284303,1.0,0.0,1.0,1.0,1.0,0.0
32,25,4.519753385596841,12.0,0.0,0.0,0.0,1.0,0.0,1.0
33,25,3.003454875171037,7.688640566346707,1.0,0.0,0.0,0.0,0.0,0.0
34,25,8.139332902124757,10.017449683616771,1.0,0.0,1.0,0.0,0.0,0.0
35,25,6.677055887931843,9.040377852586971,0.0,1.0,1.0,0.0,0.0,0.0
36,25,3.1079468451506456,8.466626376707554,1.0,0.0,0.0,1.0,0.0,1.0
37,25,6.367928795426732,5.009139300868258,1.0,0.0,0.0,1.0,1.0,0.0
38,25,2.265031323523043,0.0,0.0,1.0,0.0,0.0,0.0,1.0
39,25,0.971702494979242,7.551524223295811,1.0,1.0,1.0,1.0,0.0,0.0
0,30,7.244721749459499,10.27306474960846,1.0,1.0,0.0,1.0,0.0,0.0
1,30,4.865344848038953,7.626115510223599,0.0,1.0,0.0,0.0,0.0,1.0
2,30,8.027976641791792,6.139177924599792,0.0,0.0,1.0,1.0,1.0,0.0
3,30,4.11510462421649,11.28040616266035,0.0,1.0,1.0,0.0,1.0,0.0
4,30,2.5287115468756114,4.910329303088256,1.0,0.0,1.0,1.0,0.0,0.0
5,30,8.615977522076022,6.954194108472197,1.0,0.0,0.0,1.0,1.0,0.0
6,30,11.23059779499916,10.59555914327959,0.0,0.0,0.0,0.0,0.0,1.0
7,30,10.133339367766322,4.09517942431986,0.0,1.0,1.0,0.0,1.0,0.0
8,30,1.8003889736332552,0.0,0.0,1.0,1.0,0.0,1.0,1.0
9,30,0.0,0.9982130199991842,0.0,0.0,0.0,0.0,1.0,0.0
10,30,11.223786351783058,4.183805681527035,0.0,0.0,1.0,0.0,1.0,1.0
11,30,2.20821044957472,0.1798202592526459,0.0,0.0,0.0,1.0,0.0,0.0
12,30,7.029508402342749,4.5983682494626645,1.0,0.0,0.0,1.0,0.0,0.0
13,30,9.450920854595733,10.29080299788757,1.0,0.0,0.0,1.0,0.0,0.0
14,30,12.0,9.465566033026391,1.0,1.0,0.0,1.0,0.0,0.0
15,30,9.706795453976394,8.209611771537965,1.0,0.0,0.0,0.0,1.0,1.0
16,30,2.211293303514629,2.541077089371235,1.0,1.0,1.0,1.0,0.0,0.0
17,30,6.092393483560572,9.128838305165443,1.0,0.0,0.0,1.0,0.0,0.0
18,30,5.54371945876601,1.2607184016023043,1.0,0.0,0.0,1.0,1.0,0.0
19,30,9.063784972010517,8.517566335239994,0.0,1.0,0.0,1.0,0.0,0.0
20,30,4.200395218845946,2.6405374890027997,0.0,1.0,1.0,0.0,0.0,1.0
21,30,10.9909670012313,1.8355336855360984,0.0,0.0,1.0,0.0,0.0,0.0
22,30,7.1031283886122205,9.7501663683332,0.0,1.0,1.0,0.0,0.0,1.0
23,30,7.847260279721247,4.218625988796823,0.0,0.0,0.0,0.0,0.0,1.0
24,30,2.873372253058341,1.1599243550111595,0.0,0.0,0.0,1.0,0.0,0.0
25,30,1.854215529209096,8.830816803060534,0.0,1.0,0.0,0.0,0.0,0.0
26,30,7.937685219870031,5.166291609867594,0.0,1.0,1.0,1.0,0.0,1.0
27,30,1.3916493251942614,6.771069254238062,1.0,0.0,0.0,1.0,0.0,1.0
28,30,6.226631434276283,5.626594276642642,1.0,0.0,1.0,1.0,0.0,0.0
29,30,11.707943729708632,6.961376289992638,0.0,0.0,0.0,1.0,1.0,1.0
30,30,1.8692520325473856,8.62201272285574,0.0,1.0,0.0,0.0,0.0,0.0
31,30,0.0387929179161734,4.663528021760666,1.0,0.0,1.0,1.0,1.0,0.0
32,30,4.418918586558793,12.0,0.0,0.0,0.0,1.0,0.0,1.0
33,30,3.005161986087238,7.5571195601848675,1.0,0.0,0.0,0.0,0.0,0.0
34,30,8.175148428812626,9.987953487970216,1.0,0.0,1.0,0.0,0.0,0.0
35,30,6.631928502733035,9.045101213304845,0.0,1.0,1.0,0.0,0.0,0.0
36,30,3.1246715564256453,8.407431507371864,1.0,0.0,0.0,1.0,0.0,1.0
37,30,6.452748395816853,5.009781142554145,1.0,0.0,0.0,1.0,1.0,0.0
38,30,2.256769864560782,0.0,0.0,1.0,0.0,0.0,0.0,1.0
39,30,0.9667183711598176,7.4470358841198,1.0,1.0,1.0,1.0,0.0,0.0
0,35,7.317400148751981,10.240952700469926,1.0,1.0,0.0,1.0,0.0,0.0
1,35,4.843164235084855,7.55894676527463,0.0,1.0,0.0,0.0,0.0,1.0
2,35,8.035352933248566,6.175047525496014,0.0,0.0,1.0,1.0,1.0,0.0
3,35,4.148144603653336,11.354816632818247,0.0,1.0,1.0,0.0,1.0,0.0
4,35,2.4451627049231344,4.895592191039411,1.0,0.0,1.0,1.0,0.0,0.0
5,35,8.562927282819915,6.949615817316379,1.0,0.0,0.0,1.0,1.0,0.0
6,35,11.25706268943012,10.55130292216584,0.0,0.0,0.0,0.0,0.0,1.0
7,35,10.142013553870049,4.10222357382945,0.0,1.0,1.0,0.0,1.0,0.0
8,35,1.77515801179838,0.0,0.0,1.0,1.0,0.0,1.0,1.0
9,35,0.0,0.9982548018870172,0.0,0.0,0.0,0.0,1.0,0.0
10,35,11.251946912177775,4.065633072936493,0.0,0.0,1.0,0.0,1.0,1.0
11,35,2.2346522275362317,0.2024260208960406,0.0,0.0,0.0,1.0,0.0,0.0
12,35,7.034583948033209,4.535123207293808,1.0,0.0,0.0,1.0,0.0,0.0
13,35,9.50371199398542,10.322925197381512,1.0,0.0,0.0,1.0,0.0,0.0
14,35,11.999872328058167,9.398574106457843,1.0,1.0,0.0,1.0,0.0,0.0
15,35,9.6531741458186,8.243058393766677,1.0,0.0,0.0,0.0,1.0,1.0
16,35,2.245255841803104,2.473775525059147,1.0,1.0,1.0,1.0,0.0,0.0
17,35,6.112527267409546,9.156633921063568,1.0,0.0,0.0,1.0,0.0,0.0
18,35,5.631062929409011,1.2985078631054547,1.0,0.0,0.0,1.0,1.0,0.0
19,35,9.073685722869952,8.603676247511274,0.0,1.0,0.0,1.0,0.0,0.0
20,35,4.221224900819756,2.699537213580973,0.0,1.0,1.0,0.0,0.0,1.0
21,35,10.989067397288196,1.8172846364579027,0.0,0.0,1.0,0.0,0.0,0.0
22,35,7.121812843705076,9.70266570477707,0.0,1.0,1.0,0.0,0.0,1.0
23,35,7.81876855119491,4.2593474491970325,0.0,0.0,0.0,0.0,0.0,1.0
24,35,2.8754303182341245,1.1571695019204322,0.0,0.0,0.0,1.0,0.0,0.0
25,35,1.8790594312828952,8.802417692373298,0.0,1.0,0.0,0.0,0.0,0.0
26,35,7.913922662286883,5.223960995189769,0.0,1.0,1.0,1.0,0.0,1.0
27,35,1.417764379531679,6.755680101660229,1.0,0.0,0.0,1.0,0.0,1.0
28,35,6.2663175068372325,5.564902701281708,1.0,0.0,1.0,1.0,0.0,0.0
29,35,11.670936079126903,6.955596702053693,0.0,0.0,0.0,1.0,1.0,1.0
30,35,1.839809702618212,8.539254991663732,0.0,1.0,0.0,0.0,0.0,0.0
31,35,0.0435881900351729,4.628035436235315,1.0,0.0,1.0,1.0,1.0,0.0
32,35,4.314717219681552,12.0,0.0,0.0,0.0,1.0,0.0,1.0
33,35,3.012114873736677,7.43737483644757,1.0,0.0,0.0,0.0,0.0,0.0
34,35,8.204872744579104,9.963898029488051,1.0,0.0,1.0,0.0,0.0,0.0
35,35,6.584362093473291,9.049838431429489,0.0,1.0,1.0,0.0,0.0,0.0
36,35,3.144284452583498,8.331906054172576,1.0,0.0,0.0,1.0,0.0,1.0
37,35,6.538298543808603,5.008395777303909,1.0,0.0,0.0,1.0,1.0,0.0
38,35,2.248699312354449,0.0,0.0,1.0,0.0,0.0,0.0,1.0
39,35,0.9673614370736674,7.327114588614685,1.0,1.0,1.0,1.0,0.0,0.0
0,40,7.385818498277223,10.209734977924956,1.0,1.0,0.0,1.0,0.0,0.0
1,40,4.818579973255535,7.485936498326339,0.0,1.0,0.0,0.0,0.0,1.0
2,40,8.042001775704675,6.214792463756115,0.0,0.0,1.0,1.0,1.0,0.0
3,40,4.179432949129795,11.429152198279212,0.0,1.0,1.0,0.0,1.0,0.0
4,40,2.3895219516756288,4.8874508669272565,1.0,0.0,1.0,1.0,0.0,0.0
5,40,8.500966520853499,6.943461626981177,1.0,0.0,0.0,1.0,1.0,0.0
6,40,11.291343977789555,10.492646908133512,0.0,0.0,0.0,0.0,0.0,1.0
7,40,10.13731772889397,4.098582736721529,0.0,1.0,1.0,0.0,1.0,0.0
8,40,1.7525813780221635,0.0,0.0,1.0,1.0,0.0,1.0,1.0
9,40,0.0,0.9985651032080044,0.0,0.0,0.0,0.0,1.0,0.0
10,40,11.2837679166424,3.934532803719288,0.0,0.0,1.0,0.0,1.0,1.0
11,40,2.259269039029412,0.2223197933708258,0.0,0.0,0.0,1.0,0.0,0.0
12,40,7.038424582501816,4.4785585932439815,1.0,0.0,0.0,1.0,0.0,0.0
13,40,9.55004895607007,10.349946315516656,1.0,0.0,0.0,1.0,0.0,0.0
14,40,11.998449234610312,9.347047738307104,1.0,1.0,0.0,1.0,0.0,0.0
15,40,9.577330976928152,8.288949097015585,1.0,0.0,0.0,0.0,1.0,1.0
16,40,2.283130601285927,2.394930535491002,1.0,1.0,1.0,1.0,0.0,0.0
17,40,6.141226860859281,9.198602385094503,1.0,0.0,0.0,1.0,0.0,0.0
18,40,5.728623533561967,1.3430704710735335,1.0,0.0,0.0,1.0,1.0,0.0
19,40,9.08586790420362,8.701174552452006,0.0,1.0,0.0,1.0,0.0,0.0
20,40,4.246690581430101,2.774889041910212,0.0,1.0,1.0,0.0,0.0,1.0
21,40,10.98918611932968,1.818515591797473,0.0,0.0,1.0,0.0,0.0,0.0
22,40,7.135410719165793,9.665546242990468,0.0,1.0,1.0,0.0,0.0,1.0
23,40,7.793307876787188,4.297454026891017,0.0,0.0,0.0,0.0,0.0,1.0
24,40,2.875242230291637,1.1574110967396063,0.0,0.0,0.0,1.0,0.0,0.0
25,40,1.911349260696756,8.765273604776075,0.0,1.0,0.0,0.0,0.0,0.0
26,40,7.892819037293176,5.2791257101728615,0.0,1.0,1.0,1.0,0.0,1.0
27,40,1.4409969490974508,6.742321414995714,1.0,0.0,0.0,1.0,0.0,1.0
28,40,6.315797439701278,5.492858511643831,1.0,0.0,1.0,1.0,0.0,0.0
29,40,11.648029941827524,6.951392971397507,0.0,0.0,0.0,1.0,1.0,1.0
30,40,1.81219186077256,8.45938401343292,0.0,1.0,0.0,0.0,0.0,0.0
31,40,0.0495679315171581,4.587642859290968,1.0,0.0,1.0,1.0,1.0,0.0
32,40,4.18755861329388,12.0,0.0,0.0,0.0,1.0,0.0,1.0
33,40,3.0156010175941126,7.292220151857202,1.0,0.0,0.0,0.0,0.0,0.0
34,40,8.239760013789986,9.933976048168134,1.0,0.0,1.0,0.0,0.0,0.0
35,40,6.558434210780026,9.05256832235482,0.0,1.0,1.0,0.0,0.0,0.0
36,40,3.166410261754784,8.246173970478612,1.0,0.0,0.0,1.0,0.0,1.0
37,40,6.613065373377972,5.007221918921338,1.0,0.0,0.0,1.0,1.0,0.0
38,40,2.2372068358082955,0.0,0.0,1.0,0.0,0.0,0.0,1.0
39,40,0.9650805855336754,7.20232562342216,1.0,1.0,1.0,1.0,0.0,0.0
0,45,7.462734742134343,10.174759990156469,1.0,1.0,0.0,1.0,0.0,0.0
1,45,4.792083357957703,7.409399445358708,0.0,1.0,0.0,0.0,0.0,1.0
2,45,8.050413684761475,6.269959834355598,0.0,0.0,1.0,1.0,1.0,0.0
3,45,4.2026325744403765,11.492198244366936,0.0,1.0,1.0,0.0,1.0,0.0
4,45,2.336518982941263,4.879058647627977,1.0,0.0,1.0,1.0,0.0,0.0
5,45,8.442063247444466,6.937438680819761,1.0,0.0,0.0,1.0,1.0,0.0
6,45,11.322729142596398,10.438649173898606,0.0,0.0,0.0,0.0,0.0,1.0
7,45,10.132005621033866,4.09437792016938,0.0,1.0,1.0,0.0,1.0,0.0
8,45,1.728060999062445,0.0,0.0,1.0,1.0,0.0,1.0,1.0
9,45,0.0,0.9992190931633116,0.0,0.0,0.0,0.0,1.0,0.0
10,45,11.312875370600594,3.822918807579236,0.0,0.0,1.0,0.0,1.0,1.0
11,45,2.294171180431664,0.2509750282636901,0.0,0.0,0.0,1.0,0.0,0.0
12,45,7.041117888850605,4.432027991990551,1.0,0.0,0.0,1.0,0.0,0.0
13,45,9.617321866256056,10.389925973332035,1.0,0.0,0.0,1.0,0.0,0.0
14,45,11.996461285183234,9.281666563681638,1.0,1.0,0.0,1.0,0.0,0.0
15,45,9.509796067289138,8.329098526722976,1.0,0.0,0.0,0.0,1.0,1.0
16,45,2.3306641474731373,2.300221775390197,1.0,1.0,1.0,1.0,0.0,0.0
17,45,6.16047263690013,9.22530477440786,1.0,0.0,0.0,1.0,0.0,0.0
18,45,5.82654329786746,1.388176296510118,1.0,0.0,0.0,1.0,1.0,0.0
19,45,9.095531326679088,8.786682541941303,0.0,1.0,0.0,1.0,0.0,0.0
20,45,4.27456414994898,2.8591081579205087,0.0,1.0,1.0,0.0,0.0,1.0
21,45,10.989335091860992,1.8197720958208263,0.0,0.0,1.0,0.0,0.0,0.0
22,45,7.147190914734185,9.634072335190735,0.0,1.0,1.0,0.0,0.0,1.0
23,45,7.760901155701563,4.345433529944589,0.0,0.0,0.0,0.0,0.0,1.0
24,45,2.865502039079679,1.1699205356383493,0.0,0.0,0.0,1.0,0.0,0.0
25,45,1.9409238816264136,8.732383529270846,0.0,1.0,0.0,0.0,0.0,0.0
26,45,7.868679309920908,5.349257312411253,0.0,1.0,1.0,1.0,0.0,1.0
27,45,1.4781873561343746,6.720380303212431,1.0,0.0,0.0,1.0,0.0,1.0
28,45,6.360740144275877,5.424994283606137,1.0,0.0,1.0,1.0,0.0,0.0
29,45,11.63102587487775,6.948427826487677,0.0,0.0,0.0,1.0,1.0,1.0
30,45,1.7848511004582928,8.38019180213765,0.0,1.0,0.0,0.0,0.0,0.0
31,45,0.0573545408564081,4.529306043433353,1.0,0.0,1.0,1.0,1.0,0.0
32,45,4.051595828716538,12.0,0.0,0.0,0.0,1.0,0.0,1.0
33,45,3.016640752222604,7.14090387065549,1.0,0.0,0.0,0.0,0.0,0.0
34,45,8.281553469369985,9.899332442976704,1.0,0.0,1.0,0.0,0.0,0.0
35,45,6.533606131242737,9.054931717523298,0.0,1.0,1.0,0.0,0.0,0.0
36,45,3.189182998499715,8.159728569125322,1.0,0.0,0.0,1.0,0.0,1.0
37,45,6.697672852078648,5.007361349893713,1.0,0.0,0.0,1.0,1.0,0.0
38,45,2.2260509992426094,0.0,0.0,1.0,0.0,0.0,0.0,1.0
39,45,0.9631649510905878,7.050702290580639,1.0,1.0,1.0,1.0,0.0,0.0
0,50,7.535869786237514,10.141877677366724,1.0,1.0,0.0,1.0,0.0,0.0
1,50,4.768684019253002,7.341518669865629,0.0,1.0,0.0,0.0,0.0,1.0
2,50,8.062062278217718,6.344664922847283,0.0,0.0,1.0,1.0,1.0,0.0
3,50,4.229018362246668,11.56741579871716,0.0,1.0,1.0,0.0,1.0,0.0
4,50,2.2580026306025305,4.866896686572554,1.0,0.0,1.0,1.0,0.0,0.0
5,50,8.376784596886367,6.933907903200145,1.0,0.0,0.0,1.0,1.0,0.0
6,50,11.349667874320794,10.392299191822309,0.0,0.0,0.0,0.0,0.0,1.0
7,50,10.124823976901284,4.088688236438006,0.0,1.0,1.0,0.0,1.0,0.0
8,50,1.6993999742897468,0.0,0.0,1.0,1.0,0.0,1.0,1.0
9,50,0.0,1.0003468800322377,0.0,0.0,0.0,0.0,1.0,0.0
10,50,11.34647539245944,3.694054279440363,0.0,0.0,1.0,0.0,1.0,1.0
11,50,2.340666956492102,0.2869803940456105,0.0,0.0,0.0,1.0,0.0,0.0
12,50,7.043236393273218,4.390784074746627,1.0,0.0,0.0,1.0,0.0,0.0
13,50,9.6652943420229,10.417400886224424,1.0,0.0,0.0,1.0,0.0,0.0
14,50,11.993478036548284,9.230931486829304,1.0,1.0,0.0,1.0,0.0,0.0
15,50,9.453726100578894,8.362023801686538,1.0,0.0,0.0,0.0,1.0,1.0
16,50,2.375929054972481,2.211813908887059,1.0,1.0,1.0,1.0,0.0,0.0
17,50,6.17711491819332,9.248393804152586,1.0,0.0,0.0,1.0,0.0,0.0
18,50,5.920171833657872,1.4340910390920465,1.0,0.0,0.0,1.0,1.0,0.0
19,50,9.102998089080504,8.866734703022244,0.0,1.0,0.0,1.0,0.0,0.0
20,50,4.306432278402782,2.9600598647018663,0.0,1.0,1.0,0.0,0.0,1.0
21,50,10.987666344521202,1.8049331938329587,0.0,0.0,1.0,0.0,0.0,0.0
22,50,7.159174664058272,9.60121334654581,0.0,1.0,1.0,0.0,0.0,1.0
23,50,7.73022405940447,4.391622186385852,0.0,0.0,0.0,0.0,0.0,1.0
24,50,2.8651463404854414,1.1703533660372465,0.0,0.0,0.0,1.0,0.0,0.0
25,50,1.9824509950207672,8.68703162303835,0.0,1.0,0.0,0.0,0.0,0.0
26,50,7.841965082972213,5.435091955868532,0.0,1.0,1.0,1.0,0.0,1.0
27,50,1.5051939569741817,6.704690354805785,1.0,0.0,0.0,1.0,0.0,1.0
28,50,6.404136331265189,5.360828502655708,1.0,0.0,1.0,1.0,0.0,0.0
29,50,11.615572397679522,6.94600238817406,0.0,0.0,0.0,1.0,1.0,1.0
30,50,1.7636496281307985,8.318310072272277,0.0,1.0,0.0,0.0,0.0,0.0
31,50,0.066180037106816,4.474517461016002,1.0,0.0,1.0,1.0,1.0,0.0
32,50,3.9116374389962423,12.0,0.0,0.0,0.0,1.0,0.0,1.0
33,50,3.011831769011384,7.003485130702641,1.0,0.0,0.0,0.0,0.0,0.0
34,50,8.316620673976113,9.868543808423322,1.0,0.0,1.0,0.0,0.0,0.0
35,50,6.496810123807749,9.05812099307734,0.0,1.0,1.0,0.0,0.0,0.0
36,50,3.2127711454326264,8.071729539126046,1.0,0.0,0.0,1.0,0.0,1.0
37,50,6.787337417308736,5.008331537099566,1.0,0.0,0.0,1.0,1.0,0.0
38,50,2.216664352944038,0.0,0.0,1.0,0.0,0.0,0.0,1.0
39,50,0.9676835400248212,6.886947916211252,1.0,1.0,1.0,1.0,0.0,0.0
0,55,7.606706251845743,10.107135104178877,1.0,1.0,0.0,1.0,0.0,0.0
1,55,4.74754976106208,7.283132480352125,0.0,1.0,0.0,0.0,0.0,1.0
2,55,8.073091228038182,6.413201172546804,0.0,0.0,1.0,1.0,1.0,0.0
3,55,4.26344153990814,11.663296101885567,0.0,1.0,1.0,0.0,1.0,0.0
4,55,2.188147352969121,4.85540736628833,1.0,0.0,1.0,1.0,0.0,0.0
5,55,8.330437702369796,6.929119511856674,1.0,0.0,0.0,1.0,1.0,0.0
6,55,11.38273164172224,10.335643156887278,0.0,0.0,0.0,0.0,0.0,1.0
7,55,10.102700635787963,4.070998681263136,0.0,1.0,1.0,0.0,1.0,0.0
8,55,1.6758175809749574,0.0,0.0,1.0,1.0,0.0,1.0,1.0
9,55,0.0,1.0010037273697547,0.0,0.0,0.0,0.0,1.0,0.0
10,55,11.383953888941006,3.554106714361215,0.0,0.0,1.0,0.0,1.0,1.0
11,55,2.372363425928991,0.3118168790119946,0.0,0.0,0.0,1.0,0.0,0.0
12,55,7.046075588080671,4.350312267468734,1.0,0.0,0.0,1.0,0.0,0.0
13,55,9.725156601666097,10.45083040728411,1.0,0.0,0.0,1.0,0.0,0.0
14,55,11.98971173260228,9.182461200927872,1.0,1.0,0.0,1.0,0.0,0.0
15,55,9.40924798069094,8.38829537195295,1.0,0.0,0.0,0.0,1.0,1.0
16,55,2.4165222094357484,2.1336597765909944,1.0,1.0,1.0,1.0,0.0,0.0
17,55,6.186564196733492,9.260986151182562,1.0,0.0,0.0,1.0,0.0,0.0
18,55,6.004147972833405,1.4763820499829974,1.0,0.0,0.0,1.0,1.0,0.0
19,55,9.107791018329074,8.912611353727167,0.0,1.0,0.0,1.0,0.0,0.0
20,55,4.332641130992454,3.046124605603486,0.0,1.0,1.0,0.0,0.0,1.0
21,55,10.987185732482002,1.8005093864215571,0.0,0.0,1.0,0.0,0.0,0.0
22,55,7.173310525969247,9.560189747774013,0.0,1.0,1.0,0.0,0.0,1.0
23,55,7.695421216849528,4.444744535089227,0.0,0.0,0.0,0.0,0.0,1.0
24,55,2.871212807623952,1.1624845454776989,0.0,0.0,0.0,1.0,0.0,0.0
25,55,2.0221469723459458,8.641712753180702,0.0,1.0,0.0,0.0,0.0,0.0
26,55,7.812395892186725,5.527223482388252,0.0,1.0,1.0,1.0,0.0,1.0
27,55,1.525298952681558,6.692274072840775,1.0,0.0,0.0,1.0,0.0,1.0
28,55,6.450218188503141,5.296032794974451,1.0,0.0,1.0,1.0,0.0,0.0
29,55,11.607369155103942,6.944443599297551,0.0,0.0,0.0,1.0,1.0,1.0
30,55,1.749872940135616,8.280141387956014,0.0,1.0,0.0,0.0,0.0,0.0
31,55,0.0722938837218986,4.432109265431868,1.0,0.0,1.0,1.0,1.0,0.0
32,55,3.7548349246287303,12.0,0.0,0.0,0.0,1.0,0.0,1.0
33,55,3.004472942579001,6.851869152407944,1.0,0.0,0.0,0.0,0.0,0.0
34,55,8.351536944062593,9.838834720559868,1.0,0.0,1.0,0.0,0.0,0.0
35,55,6.453044618529819,9.061518202903564,0.0,1.0,1.0,0.0,0.0,0.0
36,55,3.2350192172740853,7.995349669289543,1.0,0.0,0.0,1.0,0.0,1.0
37,55,6.877643601468535,5.008776347725807,1.0,0.0,0.0,1.0,1.0,0.0
38,55,2.2055077374751204,0.0,0.0,1.0,0.0,0.0,0.0,1.0
39,55,0.9770962797652588,6.731251838222311,1.0,1.0,1.0,1.0,0.0,0.0
0,60,7.685392256748112,10.069271131098017,1.0,1.0,0.0,1.0,0.0,0.0
1,60,4.731586412785928,7.236513607902479,0.0,1.0,0.0,0.0,0.0,1.0
2,60,8.083739783860437,6.503561854332374,0.0,0.0,1.0,1.0,1.0,0.0
3,60,4.299139656617877,11.764425403698624,0.0,1.0,1.0,0.0,1.0,0.0
4,60,2.1029212580899395,4.842665550560393,1.0,0.0,1.0,1.0,0.0,0.0
5,60,8.28346161933876,6.924802825368876,1.0,0.0,0.0,1.0,1.0,0.0
6,60,11.420000558433536,10.275504356897546,0.0,0.0,0.0,0.0,0.0,1.0
7,60,10.08068255354066,4.052994003964507,0.0,1.0,1.0,0.0,1.0,0.0
8,60,1.6525997042760276,0.0,0.0,1.0,1.0,0.0,1.0,1.0
9,60,0.0,1.0014808143991856,0.0,0.0,0.0,0.0,1.0,0.0
10,60,11.424946505945924,3.392540950078855,0.0,0.0,1.0,0.0,1.0,1.0
11,60,2.403407608453104,0.3362897314987264,0.0,0.0,0.0,1.0,0.0,0.0
12,60,7.047560062338688,4.3233636402871785,1.0,0.0,0.0,1.0,0.0,0.0
13,60,9.795089453142896,10.489803585057448,1.0,0.0,0.0,1.0,0.0,0.0
14,60,11.985618961977089,9.13218571229311,1.0,1.0,0.0,1.0,0.0,0.0
15,60,9.360939869027025,8.416271947959238,1.0,0.0,0.0,0.0,1.0,1.0
16,60,2.450621830156395,2.0691396850549237,1.0,1.0,1.0,1.0,0.0,0.0
17,60,6.188973261773343,9.264350202966549,1.0,0.0,0.0,1.0,0.0,0.0
18,60,6.07649575273908,1.51594236601876,1.0,0.0,0.0,1.0,1.0,0.0
19,60,9.11297344846257,8.966540559058815,0.0,1.0,0.0,1.0,0.0,0.0
20,60,4.3579530471572365,3.126268289973203,0.0,1.0,1.0,0.0,0.0,1.0
21,60,10.987953223770557,1.8078176158113752,0.0,0.0,1.0,0.0,0.0,0.0
22,60,7.192757902440547,9.50942466278379,0.0,1.0,1.0,0.0,0.0,1.0
23,60,7.663145600897824,4.49384529397206,0.0,0.0,0.0,0.0,0.0,1.0
24,60,2.880341980768016,1.151739349508594,0.0,0.0,0.0,1.0,0.0,0.0
25,60,2.058898917598372,8.597580981006221,0.0,1.0,0.0,0.0,0.0,0.0
26,60,7.785745479677704,5.61624075261753,0.0,1.0,1.0,1.0,0.0,1.0
27,60,1.5384028336746445,6.6844771561811305,1.0,0.0,0.0,1.0,0.0,1.0
28,60,6.497555051866853,5.2267586753500215,1.0,0.0,1.0,1.0,0.0,0.0
29,60,11.574219785400665,6.938116252953351,0.0,0.0,0.0,1.0,1.0,1.0
30,60,1.7319521878363962,8.231114603244853,0.0,1.0,0.0,0.0,0.0,0.0
31,60,0.0807856097870133,4.379334136853543,1.0,0.0,1.0,1.0,1.0,0.0
32,60,3.577447199322101,12.0,0.0,0.0,0.0,1.0,0.0,1.0
33,60,2.999564568891474,6.728540485874928,1.0,0.0,0.0,0.0,0.0,0.0
34,60,8.38899050454385,9.807243465536676,1.0,0.0,1.0,0.0,0.0,0.0
35,60,6.414156870218987,9.063140706683598,0.0,1.0,1.0,0.0,0.0,0.0
36,60,3.251706436946372,7.926721751916642,1.0,0.0,0.0,1.0,0.0,1.0
37,60,6.970398080385806,5.009328603356655,1.0,0.0,0.0,1.0,1.0,0.0
38,60,2.198248256043701,0.0,0.0,1.0,0.0,0.0,0.0,1.0
39,60,0.9789811657153232,6.546817533650391,1.0,1.0,1.0,1.0,0.0,0.0
0,65,7.776707043087506,10.024066098999564,1.0,1.0,0.0,1.0,0.0,0.0
1,65,4.718657336561316,7.197088141777041,0.0,1.0,0.0,0.0,0.0,1.0
2,65,8.095019645236446,6.580572044614036,0.0,0.0,1.0,1.0,1.0,0.0
3,65,4.34015446255556,11.876343652167051,0.0,1.0,1.0,0.0,1.0,0.0
4,65,2.039493201197858,4.834591182376138,1.0,0.0,1.0,1.0,0.0,0.0
5,65,8.23465818898656,6.919265028612804,1.0,0.0,0.0,1.0,1.0,0.0
6,65,11.449389278647365,10.230834957526534,0.0,0.0,0.0,0.0,0.0,1.0
7,65,10.05746261067157,4.034360013212574,0.0,1.0,1.0,0.0,1.0,0.0
8,65,1.619458450199433,0.0,0.0,1.0,1.0,0.0,1.0,1.0
9,65,0.0,1.0023756175295158,0.0,0.0,0.0,0.0,1.0,0.0
10,65,11.45729998165704,3.2236400840249333,0.0,0.0,1.0,0.0,1.0,1.0
11,65,2.441719843742538,0.3668856562761882,0.0,0.0,0.0,1.0,0.0,0.0
12,65,7.048362275190807,4.302407375976597,1.0,0.0,0.0,1.0,0.0,0.0
13,65,9.880444679850578,10.543008493156355,1.0,0.0,0.0,1.0,0.0,0.0
14,65,11.981313522164566,9.08114152500469,1.0,1.0,0.0,1.0,0.0,0.0
15,65,9.316389356916408,8.442701899034402,1.0,0.0,0.0,0.0,1.0,1.0
16,65,2.493594978448787,1.9956623034153087,1.0,1.0,1.0,1.0,0.0,0.0
17,65,6.195026418373807,9.272230819970684,1.0,0.0,0.0,1.0,0.0,0.0
18,65,6.155077971199522,1.5618878076146825,1.0,0.0,0.0,1.0,1.0,0.0
19,65,9.121560043700272,9.033862558940132,0.0,1.0,0.0,1.0,0.0,0.0
20,65,4.381759126727192,3.2018840845026477,0.0,1.0,1.0,0.0,0.0,1.0
21,65,10.990215340782084,1.8311759838852888,0.0,0.0,1.0,0.0,0.0,0.0
22,65,7.216011551714574,9.450808552871264,0.0,1.0,1.0,0.0,0.0,1.0
23,65,7.622586279776607,4.556901620313151,0.0,0.0,0.0,0.0,0.0,1.0
24,65,2.875499330191287,1.1576108128579918,0.0,0.0,0.0,1.0,0.0,0.0
25,65,2.109778860029644,8.536663718152104,0.0,1.0,0.0,0.0,0.0,0.0
26,65,7.753594665224078,5.713327832103746,0.0,1.0,1.0,1.0,0.0,1.0
27,65,1.546374221935464,6.679848029714914,1.0,0.0,0.0,1.0,0.0,1.0
28,65,6.553128204549699,5.146964057363039,1.0,0.0,1.0,1.0,0.0,0.0
29,65,11.539908048892668,6.932460559625681,0.0,0.0,0.0,1.0,1.0,1.0
30,65,1.7119839655387088,8.178966764637984,0.0,1.0,0.0,0.0,0.0,0.0
31,65,0.0910277582578001,4.321394265795158,1.0,0.0,1.0,1.0,1.0,0.0
32,65,3.388813930966559,12.0,0.0,0.0,0.0,1.0,0.0,1.0
33,65,2.994961693641573,6.609182290080158,1.0,0.0,0.0,0.0,0.0,0.0
34,65,8.409945954948626,9.789200354749594,1.0,0.0,1.0,0.0,0.0,0.0
35,65,6.370676081581777,9.065250103732035,0.0,1.0,1.0,0.0,0.0,0.0
36,65,3.266536659779162,7.866479867165683,1.0,0.0,0.0,1.0,0.0,1.0
37,65,7.039957872020988,5.011832879117085,1.0,0.0,0.0,1.0,1.0,0.0
38,65,2.1948757567289405,0.0,0.0,1.0,0.0,0.0,0.0,1.0
39,65,0.9837761521443548,6.365150608592489,1.0,1.0,1.0,1.0,0.0,0.0
0,70,7.865302988556772,9.979532463204226,1.0,1.0,0.0,1.0,0.0,0.0
1,70,4.70161350804552,7.144273638994072,0.0,1.0,0.0,0.0,0.0,1.0
2,70,8.103139931467405,6.639615433340089,0.0,0.0,1.0,1.0,1.0,0.0
3,70,4.384089836989314,11.99300580156072,0.0,1.0,1.0,0.0,1.0,0.0
4,70,1.985109353009475,4.827473882458101,1.0,0.0,1.0,1.0,0.0,0.0
5,70,8.185689798373907,6.913648796106542,1.0,0.0,0.0,1.0,1.0,0.0
6,70,11.473193732013218,10.196960460644467,0.0,0.0,0.0,0.0,0.0,1.0
7,70,10.00116308833416,3.9908923627888906,0.0,1.0,1.0,0.0,1.0,0.0
8,70,1.583739393667697,0.0,0.0,1.0,1.0,0.0,1.0,1.0
9,70,6.0709190480047496e-06,1.0023752698103752,0.0,0.0,0.0,0.0,1.0,0.0
10,70,11.485078563057437,3.066994324248426,0.0,0.0,1.0,0.0,1.0,1.0
11,70,2.47150871377952,0.3919663806630841,0.0,0.0,0.0,1.0,0.0,0.0
12,70,7.049111314248245,4.285703829624263,1.0,0.0,0.0,1.0,0.0,0.0
13,70,9.958719355319955,10.59304785512992,1.0,0.0,0.0,1.0,0.0,0.0
14,70,11.975090504845925,9.016102817309749,1.0,1.0,0.0,1.0,0.0,0.0
15,70,9.26975722033994,8.470817423366311,1.0,0.0,0.0,0.0,1.0,1.0
16,70,2.5413750719854247,1.918738387642684,1.0,1.0,1.0,1.0,0.0,0.0
17,70,6.205447957543778,9.286597772712152,1.0,0.0,0.0,1.0,0.0,0.0
18,70,6.256853439225963,1.6225737329634349,1.0,0.0,0.0,1.0,1.0,0.0
19,70,9.133534755538454,9.118063002940136,0.0,1.0,0.0,1.0,0.0,0.0
20,70,4.413647862781883,3.2979690178816954,0.0,1.0,1.0,0.0,0.0,1.0
21,70,10.992395895150691,1.8688882910832465,0.0,0.0,1.0,0.0,0.0,0.0
22,70,7.238948426322922,9.39493625987022,0.0,1.0,1.0,0.0,0.0,1.0
23,70,7.581608226672536,4.620576607026525,0.0,0.0,0.0,0.0,0.0,1.0
24,70,2.8535242092247657,1.184526999037801,0.0,0.0,0.0,1.0,0.0,0.0
25,70,2.1630093870308764,8.46893929790017,0.0,1.0,0.0,0.0,0.0,0.0
26,70,7.710922178792154,5.836334389744338,0.0,1.0,1.0,1.0,0.0,1.0
27,70,1.564010933112748,6.669424987671553,1.0,0.0,0.0,1.0,0.0,1.0
28,70,6.609513190299155,5.066273423363325,1.0,0.0,1.0,1.0,0.0,0.0
29,70,11.48863106721968,6.922849519190925,0.0,0.0,0.0,1.0,1.0,1.0
30,70,1.7010666362614093,8.148385943814292,0.0,1.0,0.0,0.0,0.0,0.0
31,70,0.0995541622592678,4.272193060962953,1.0,0.0,1.0,1.0,1.0,0.0
32,70,3.2057500797689373,12.0,0.0,0.0,0.0,1.0,0.0,1.0
33,70,2.9887323915109927,6.497540868202502,1.0,0.0,0.0,0.0,0.0,0.0
34,70,8.425846218454184,9.776275082560357,1.0,0.0,1.0,0.0,0.0,0.0
35,70,6.322249837688187,9.067914231207164,0.0,1.0,1.0,0.0,0.0,0.0
36,70,3.2855280323283327,7.795920980565531,1.0,0.0,0.0,1.0,0.0,1.0
37,70,7.123555818735381,5.014810844745931,1.0,0.0,0.0,1.0,1.0,0.0
38,70,2.1921335013448147,0.0,0.0,1.0,0.0,0.0,0.0,1.0
39,70,0.9898931295116872,6.188655061118643,1.0,1.0,1.0,1.0,0.0,0.0
0,75,7.956445260111159,9.934687484159385,1.0,1.0,0.0,1.0,0.0,0.0
1,75,4.69151282638552,7.112473488489569,0.0,1.0,0.0,0.0,0.0,1.0
2,75,8.11213636808555,6.705824511296532,0.0,0.0,1.0,1.0,1.0,0.0
3,75,4.421379052652934,12.0,0.0,1.0,1.0,0.0,1.0,0.0
4,75,1.925785101366556,4.820530292881136,1.0,0.0,1.0,1.0,0.0,0.0
5,75,8.137336607958426,6.908405205717569,1.0,0.0,0.0,1.0,1.0,0.0
6,75,11.500409342557017,10.156997241245524,0.0,0.0,0.0,0.0,0.0,1.0
7,75,9.95101766001633,3.9506364597546906,0.0,1.0,1.0,0.0,1.0,0.0
8,75,1.5558468151008116,0.0,0.0,1.0,1.0,0.0,1.0,1.0
9,75,0.0,1.003642126957398,0.0,0.0,0.0,0.0,1.0,0.0
10,75,11.514599876438549,2.9060161327229994,0.0,0.0,1.0,0.0,1.0,1.0
11,75,2.505412796795434,0.4216940207869717,0.0,0.0,0.0,1.0,0.0,0.0
12,75,7.049643039931554,4.264598317047853,1.0,0.0,0.0,1.0,0.0,0.0
13,75,10.010574457121704,10.622679158463406,1.0,0.0,0.0,1.0,0.0,0.0
14,75,11.967535927574254,8.92968470146072,1.0,1.0,0.0,1.0,0.0,0.0
15,75,9.23557274195859,8.491099417576214,1.0,0.0,0.0,0.0,1.0,1.0
16,75,2.584379498310247,1.853276786730781,1.0,1.0,1.0,1.0,0.0,0.0
17,75,6.229036315089444,9.26825952699251,1.0,0.0,0.0,1.0,0.0,0.0
18,75,6.366383212291884,1.6881992006678384,1.0,0.0,0.0,1.0,1.0,0.0
19,75,9.14558662858554,9.210059008034271,0.0,1.0,0.0,1.0,0.0,0.0
20,75,4.443087330562449,3.3895068580514742,0.0,1.0,1.0,0.0,0.0,1.0
21,75,10.995018323068772,1.892841081967239,0.0,0.0,1.0,0.0,0.0,0.0
22,75,7.262805380372996,9.33625943948318,0.0,1.0,1.0,0.0,0.0,1.0
23,75,7.53826297715889,4.690835667726097,0.0,0.0,0.0,0.0,0.0,1.0
24,75,2.8153913359193723,1.2296351056429276,0.0,0.0,0.0,1.0,0.0,0.0
25,75,2.214582804331749,8.406823176943877,0.0,1.0,0.0,0.0,0.0,0.0
26,75,7.663005293960831,5.973379315835409,0.0,1.0,1.0,1.0,0.0,1.0
27,75,1.591414510235326,6.652741123677358,1.0,0.0,0.0,1.0,0.0,1.0
28,75,6.669692981779373,4.974611799411356,1.0,0.0,1.0,1.0,0.0,0.0
29,75,11.427529404801136,6.910751049474112,0.0,0.0,0.0,1.0,1.0,1.0
30,75,1.693373537480802,8.126072201559616,0.0,1.0,0.0,0.0,0.0,0.0
31,75,0.1066991723534353,4.227175374224355,1.0,0.0,1.0,1.0,1.0,0.0
32,75,3.018667587185916,12.0,0.0,0.0,0.0,1.0,0.0,1.0
33,75,2.984069071727065,6.403123459250184,1.0,0.0,0.0,0.0,0.0,0.0
34,75,8.429953615733453,9.773036412269496,1.0,0.0,1.0,0.0,0.0,0.0
35,75,6.303326144470391,9.068716498980365,0.0,1.0,1.0,0.0,0.0,0.0
36,75,3.3027903181914566,7.732197264280905,1.0,0.0,0.0,1.0,0.0,1.0
37,75,7.203086724247076,5.018595343029648,1.0,0.0,0.0,1.0,1.0,0.0
38,75,2.1880040091329,0.0,0.0,1.0,0.0,0.0,0.0,1.0
39,75,0.997696507249212,6.015350325881783,1.0,1.0,1.0,1.0,0.0,0.0
0,80,8.057755830176427,9.885244818029957,1.0,1.0,0.0,1.0,0.0,0.0
1,80,4.680873085426326,7.079808773979245,0.0,1.0,0.0,0.0,0.0,1.0
2,80,8.123270530650393,6.783210308621564,0.0,0.0,1.0,1.0,1.0,0.0
3,80,4.458568663839206,12.0,0.0,1.0,1.0,0.0,1.0,0.0
4,80,1.8726379987700297,4.814832373295699,1.0,0.0,1.0,1.0,0.0,0.0
5,80,8.063997182395639,6.901642188184389,1.0,0.0,0.0,1.0,1.0,0.0
6,80,11.54073242637458,10.09557264464446,0.0,0.0,0.0,0.0,0.0,1.0
7,80,9.889633449885356,3.902872243800079,0.0,1.0,1.0,0.0,1.0,0.0
8,80,1.5309032397415334,0.0,0.0,1.0,1.0,0.0,1.0,1.0
9,80,0.0004452284248702,1.0036112549985208,0.0,0.0,0.0,0.0,1.0,0.0
10,80,11.54437784365875,2.748010539282222,0.0,0.0,1.0,0.0,1.0,1.0
11,80,2.540808821256237,0.4514124662945763,0.0,0.0,0.0,1.0,0.0,0.0
12,80,7.049904055455946,4.236951558795244,1.0,0.0,0.0,1.0,0.0,0.0
13,80,10.071765001455365,10.65713133772662,1.0,0.0,0.0,1.0,0.0,0.0
14,80,11.95955723975571,8.850756115155134,1.0,1.0,0.0,1.0,0.0,0.0
15,80,9.215513497267734,8.503094686479189,1.0,0.0,0.0,0.0,1.0,1.0
16,80,2.6296283509439027,1.7845537597254124,1.0,1.0,1.0,1.0,0.0,0.0
17,80,6.263966781560419,9.24213796856467,1.0,0.0,0.0,1.0,0.0,0.0
18,80,6.4787522024842135,1.7563568245851382,1.0,0.0,0.0,1.0,1.0,0.0
19,80,9.157004335399588,9.293179783122584,0.0,1.0,0.0,1.0,0.0,0.0
20,80,4.477088644859143,3.500330186032381,0.0,1.0,1.0,0.0,0.0,1.0
21,80,10.998833712612354,1.934397243894578,0.0,0.0,1.0,0.0,0.0,0.0
22,80,7.289508666022731,9.269721656151312,0.0,1.0,1.0,0.0,0.0,1.0
23,80,7.4923187829314015,4.766762089729548,0.0,0.0,0.0,0.0,0.0,1.0
24,80,2.780284041476732,1.271702589501475,0.0,0.0,0.0,1.0,0.0,0.0
25,80,2.264210435533464,8.34536984605393,0.0,1.0,0.0,0.0,0.0,0.0
26,80,7.619193518148467,6.097180343126079,0.0,1.0,1.0,1.0,0.0,1.0
27,80,1.620899182501819,6.634646897025279,1.0,0.0,0.0,1.0,0.0,1.0
28,80,6.722662157648494,4.893878788417916,1.0,0.0,1.0,1.0,0.0,0.0
29,80,11.361431686908096,6.896694075906339,0.0,0.0,0.0,1.0,1.0,1.0
30,80,1.6820474355702535,8.094251248095055,0.0,1.0,0.0,0.0,0.0,0.0
31,80,0.1118126091062889,4.191965430180713,1.0,0.0,1.0,1.0,1.0,0.0
32,80,2.826545860136456,12.0,0.0,0.0,0.0,1.0,0.0,1.0
33,80,2.980789021525065,6.309357233968409,1.0,0.0,0.0,0.0,0.0,0.0
34,80,8.431581169439497,9.771748057175657,1.0,0.0,1.0,0.0,0.0,0.0
35,80,6.286550604492235,9.06930971138402,0.0,1.0,1.0,0.0,0.0,0.0
36,80,3.3217606860939584,7.662444815374578,1.0,0.0,0.0,1.0,0.0,1.0
37,80,7.272028236132197,5.02172828596876,1.0,0.0,0.0,1.0,1.0,0.0
38,80,2.186356926364868,0.0,0.0,1.0,0.0,0.0,0.0,1.0
39,80,1.0070786363410238,5.829335567314647,1.0,1.0,1.0,1.0,0.0,0.0
0,85,8.160697215417917,9.834194135484648,1.0,1.0,0.0,1.0,0.0,0.0
1,85,4.676525073184153,7.067105370848602,0.0,1.0,0.0,0.0,0.0,1.0
2,85,8.137136513502785,6.873346677928399,0.0,0.0,1.0,1.0,1.0,0.0
3,85,4.498720900081281,12.0,0.0,1.0,1.0,0.0,1.0,0.0
4,85,1.8197060445642896,4.808413328272081,1.0,0.0,1.0,1.0,0.0,0.0
5,85,7.973458758587052,6.893813849242057,1.0,0.0,0.0,1.0,1.0,0.0
6,85,11.58472375692266,10.026610610318231,0.0,0.0,0.0,0.0,0.0,1.0
7,85,9.832202214171154,3.858207409651112,0.0,1.0,1.0,0.0,1.0,0.0
8,85,1.503866233199094,0.0,0.0,1.0,1.0,0.0,1.0,1.0
9,85,0.0,1.00367223112459,0.0,0.0,0.0,0.0,1.0,0.0
10,85,11.57982159859108,2.5743234265436192,0.0,0.0,1.0,0.0,1.0,1.0
11,85,2.6039582173274134,0.5020038267051349,0.0,0.0,0.0,1.0,0.0,0.0
12,85,7.050346518944983,4.217758852730962,1.0,0.0,0.0,1.0,0.0,0.0
13,85,10.12542058329398,10.687619295501374,1.0,0.0,0.0,1.0,0.0,0.0
14,85,11.95003911302619,8.737520835732129,1.0,1.0,0.0,1.0,0.0,0.0
15,85,9.206882904263116,8.508062721545553,1.0,0.0,0.0,0.0,1.0,1.0
16,85,2.6674236611800306,1.7261835555977965,1.0,1.0,1.0,1.0,0.0,0.0
17,85,6.307429182075415,9.208740949936868,1.0,0.0,0.0,1.0,0.0,0.0
18,85,6.600745853887563,1.8300291637321813,1.0,0.0,0.0,1.0,1.0,0.0
19,85,9.168116085904888,9.364554315351286,0.0,1.0,0.0,1.0,0.0,0.0
20,85,4.516343291321752,3.621760155431265,0.0,1.0,1.0,0.0,0.0,1.0
21,85,11.004006154448156,1.9949917758305984,0.0,0.0,1.0,0.0,0.0,0.0
22,85,7.318243205618581,9.199837447938169,0.0,1.0,1.0,0.0,0.0,1.0
23,85,7.451776694079296,4.83568512228299,0.0,0.0,0.0,0.0,0.0,1.0
24,85,2.7480016007042094,1.3101711379258536,0.0,0.0,0.0,1.0,0.0,0.0
25,85,2.3171021524006705,8.280747120343376,0.0,1.0,0.0,0.0,0.0,0.0
26,85,7.567136261486262,6.237902370162719,0.0,1.0,1.0,1.0,0.0,1.0
27,85,1.63939396465418,6.623439034033769,1.0,0.0,0.0,1.0,0.0,1.0
28,85,6.772930072276752,4.820631299343543,1.0,0.0,1.0,1.0,0.0,0.0
29,85,11.288402152882494,6.880851249916099,0.0,0.0,0.0,1.0,1.0,1.0
30,85,1.6666897274968553,8.054119173747376,0.0,1.0,0.0,0.0,0.0,0.0
31,85,0.1179533806090059,4.153809252692312,1.0,0.0,1.0,1.0,1.0,0.0
32,85,2.6416804818184016,12.0,0.0,0.0,0.0,1.0,0.0,1.0
33,85,2.979255493185449,6.254567260208855,1.0,0.0,0.0,0.0,0.0,0.0
34,85,8.425329150608064,9.776840290148243,1.0,0.0,1.0,0.0,0.0,0.0
35,85,6.264418007126109,9.069674773887144,0.0,1.0,1.0,0.0,0.0,0.0
36,85,3.345234466540754,7.583513820192631,1.0,0.0,0.0,1.0,0.0,1.0
37,85,7.329952192897636,5.02292260305206,1.0,0.0,0.0,1.0,1.0,0.0
38,85,2.182010502096005,0.0,0.0,1.0,0.0,0.0,0.0,1.0
39,85,1.0166656609783025,5.634586331049263,1.0,1.0,1.0,1.0,0.0,0.0
0,90,8.252212827517804,9.787222404553702,1.0,1.0,0.0,1.0,0.0,0.0
1,90,4.672307272694955,7.056192909699595,0.0,1.0,0.0,0.0,0.0,1.0
2,90,8.14853355085946,6.949024396631857,0.0,0.0,1.0,1.0,1.0,0.0
3,90,4.531397225767874,12.0,0.0,1.0,1.0,0.0,1.0,0.0
4,90,1.7528087126359435,4.80182171673394,1.0,0.0,1.0,1.0,0.0,0.0
5,90,7.882504524227698,6.884376815264191,1.0,0.0,0.0,1.0,1.0,0.0
6,90,11.63156206792647,9.954290455606657,0.0,0.0,0.0,0.0,0.0,1.0
7,90,9.792287040664922,3.8280920673802847,0.0,1.0,1.0,0.0,1.0,0.0
8,90,1.4803318213615824,0.0,0.0,1.0,1.0,0.0,1.0,1.0
9,90,0.0,1.0051282349635722,0.0,0.0,0.0,0.0,1.0,0.0
10,90,11.616696772636548,2.4093913624293126,0.0,0.0,1.0,0.0,1.0,1.0
11,90,2.663377313593454,0.549848996991825,0.0,0.0,0.0,1.0,0.0,0.0
12,90,7.050422571916633,4.213814045405228,1.0,0.0,0.0,1.0,0.0,0.0
13,90,10.180792428434769,10.718806380221116,1.0,0.0,0.0,1.0,0.0,0.0
14,90,11.94113520948564,8.624200348015268,1.0,1.0,0.0,1.0,0.0,0.0
15,90,9.2015969178693,8.511075160074043,1.0,0.0,0.0,0.0,1.0,1.0
16,90,2.709971629779832,1.6613188091012965,1.0,1.0,1.0,1.0,0.0,0.0
17,90,6.347736006422827,9.178409316130145,1.0,0.0,0.0,1.0,0.0,0.0
18,90,6.725754391513577,1.9033219572739415,1.0,0.0,0.0,1.0,1.0,0.0
19,90,9.175971676633091,9.419699928284151,0.0,1.0,0.0,1.0,0.0,0.0
20,90,4.5556659165294064,3.743573333098084,0.0,1.0,1.0,0.0,0.0,1.0
21,90,11.008637717925584,2.059034368034696,0.0,0.0,1.0,0.0,0.0,0.0
22,90,7.3478133333953535,9.12567682184042,0.0,1.0,1.0,0.0,0.0,1.0
23,90,7.416261597833114,4.898695769561271,0.0,0.0,0.0,0.0,0.0,1.0
24,90,2.705727019605443,1.3604987919136131,0.0,0.0,0.0,1.0,0.0,0.0
25,90,2.374122075237318,8.208265500893074,0.0,1.0,0.0,0.0,0.0,0.0
26,90,7.51480862307973,6.369568581492035,0.0,1.0,1.0,1.0,0.0,1.0
27,90,1.6492078143240885,6.6168865066605145,1.0,0.0,0.0,1.0,0.0,1.0
28,90,6.823116558089162,4.748817193236912,1.0,0.0,1.0,1.0,0.0,0.0
29,90,11.224682564505796,6.867159775018102,0.0,0.0,0.0,1.0,1.0,1.0
30,90,1.653700303998324,8.019779789862708,0.0,1.0,0.0,0.0,0.0,0.0
31,90,0.1215376977726772,4.132116465544189,1.0,0.0,1.0,1.0,1.0,0.0
32,90,2.476037810839614,12.0,0.0,0.0,0.0,1.0,0.0,1.0
33,90,2.9785944629812477,6.215138451951839,1.0,0.0,0.0,0.0,0.0,0.0
34,90,8.441136401571082,9.764225927279028,1.0,0.0,1.0,0.0,0.0,0.0
35,90,6.218116719328996,9.07162275112879,0.0,1.0,1.0,0.0,0.0,0.0
36,90,3.359065823476336,7.538988535148412,1.0,0.0,0.0,1.0,0.0,1.0
37,90,7.385275744643742,5.0245331420106805,1.0,0.0,0.0,1.0,1.0,0.0
38,90,2.1770672658939625,0.0,0.0,1.0,0.0,0.0,0.0,1.0
39,90,1.0195617901025504,5.432633610664793,1.0,1.0,1.0,1.0,0.0,0.0
0,95,8.35751063819995,9.734420894372697,1.0,1.0,0.0,1.0,0.0,0.0
1,95,4.66794488137386,7.04456370652305,0.0,1.0,0.0,0.0,0.0,1.0
2,95,8.160826545396487,7.024119997307221,0.0,0.0,1.0,1.0,1.0,0.0
3,95,4.566888174082655,12.0,0.0,1.0,1.0,0.0,1.0,0.0
4,95,1.6616569085481427,4.791684843571802,1.0,0.0,1.0,1.0,0.0,0.0
5,95,7.789021271737626,6.874684459638382,1.0,0.0,0.0,1.0,1.0,0.0
6,95,11.683868758798706,9.868721766655998,0.0,0.0,0.0,0.0,0.0,1.0
7,95,9.756331415605802,3.8012476350809887,0.0,1.0,1.0,0.0,1.0,0.0
8,95,1.4673868549612274,0.0,0.0,1.0,1.0,0.0,1.0,1.0
9,95,0.0,1.0057628761961208,0.0,0.0,0.0,0.0,1.0,0.0
10,95,11.649793050211295,2.2651502352939605,0.0,0.0,1.0,0.0,1.0,1.0
11,95,2.7057701316243303,0.5831251138865935,0.0,0.0,0.0,1.0,0.0,0.0
12,95,7.0504305498178725,4.207359503795487,1.0,0.0,0.0,1.0,0.0,0.0
13,95,10.241258647932105,10.752944902960374,1.0,0.0,0.0,1.0,0.0,0.0
14,95,11.933834235608233,8.534444523417692,1.0,1.0,0.0,1.0,0.0,0.0
15,95,9.185406867968458,8.520158119745064,1.0,0.0,0.0,0.0,1.0,1.0
16,95,2.7443911982367344,1.6090229738173518,1.0,1.0,1.0,1.0,0.0,0.0
17,95,6.37630089172365,9.155031223321918,1.0,0.0,0.0,1.0,0.0,0.0
18,95,6.861868157232965,1.98309893256896,1.0,0.0,0.0,1.0,1.0,0.0
19,95,9.184035454919574,9.481479031247318,0.0,1.0,0.0,1.0,0.0,0.0
20,95,4.591585049334769,3.862453123306208,0.0,1.0,1.0,0.0,0.0,1.0
21,95,11.012158386537346,2.123881242497019,0.0,0.0,1.0,0.0,0.0,0.0
22,95,7.386600561814496,9.03597183053476,0.0,1.0,1.0,0.0,0.0,1.0
23,95,7.381413301493561,4.962495174259724,0.0,0.0,0.0,0.0,0.0,1.0
24,95,2.675539256752318,1.3972083872351568,0.0,0.0,0.0,1.0,0.0,0.0
25,95,2.423966149425748,8.14576761250226,0.0,1.0,0.0,0.0,0.0,0.0
26,95,7.466777528964949,6.491675653601234,0.0,1.0,1.0,1.0,0.0,1.0
27,95,1.6601681977805232,6.6090942205127465,1.0,0.0,0.0,1.0,0.0,1.0
28,95,6.870625746976162,4.679465303089808,1.0,0.0,1.0,1.0,0.0,0.0
29,95,11.156557791249668,6.853008112118942,0.0,0.0,0.0,1.0,1.0,1.0
30,95,1.6371097901520646,7.97392099128469,0.0,1.0,0.0,0.0,0.0,0.0
31,95,0.1240536694531778,4.117032849302598,1.0,0.0,1.0,1.0,1.0,0.0
32,95,2.311312952628502,12.0,0.0,0.0,0.0,1.0,0.0,1.0
33,95,2.9784891631377284,6.196702756860201,1.0,0.0,0.0,0.0,0.0,0.0
34,95,8.451964700556896,9.755437824159085,1.0,0.0,1.0,0.0,0.0,0.0
35,95,6.196709029044143,9.072309724394964,0.0,1.0,1.0,0.0,0.0,0.0
36,95,3.377127057335425,7.485209735169822,1.0,0.0,0.0,1.0,0.0,1.0
37,95,7.438013557546454,5.024767209482554,1.0,0.0,0.0,1.0,1.0,0.0
38,95,2.1735609254950283,0.0,0.0,1.0,0.0,0.0,0.0,1.0
39,95,1.0238081126426013,5.242593197476057,1.0,1.0,1.0,1.0,0.0,0.0
0,100,8.444666974052812,9.69028941803844,1.0,1.0,0.0,1.0,0.0,0.0
1,100,4.66655017584599,7.040860694615661,0.0,1.0,0.0,0.0,0.0,1.0
2,100,8.16943022704839,7.092462502676975,0.0,0.0,1.0,1.0,1.0,0.0
3,100,4.602130440108375,12.0,0.0,1.0,1.0,0.0,1.0,0.0
4,100,1.5744813458494125,4.781248463027215,1.0,0.0,1.0,1.0,0.0,0.0
5,100,7.692428503332503,6.865612232732095,1.0,0.0,0.0,1.0,1.0,0.0
6,100,11.738614971280644,9.778971894408684,0.0,0.0,0.0,0.0,0.0,1.0
7,100,9.716871534551286,3.772005039459487,0.0,1.0,1.0,0.0,1.0,0.0
8,100,1.4644921566217728,0.0,0.0,1.0,1.0,0.0,1.0,1.0
9,100,0.0,1.0067521906559125,0.0,0.0,0.0,0.0,1.0,0.0
10,100,11.68196277701182,2.1181520945103607,0.0,0.0,1.0,0.0,1.0,1.0
11,100,2.7437957247892117,0.6132283235836192,0.0,0.0,0.0,1.0,0.0,0.0
12,100,7.050202822259612,4.181382679923021,1.0,0.0,0.0,1.0,0.0,0.0
13,100,10.299099962974786,10.78496590378992,1.0,0.0,0.0,1.0,0.0,0.0
14,100,11.929494713634956,8.454583449749075,1.0,1.0,0.0,1.0,0.0,0.0
15,100,9.170602122734218,8.528276830207385,1.0,0.0,0.0,0.0,1.0,1.0
16,100,2.778336285979038,1.5567548858190208,1.0,1.0,1.0,1.0,0.0,0.0
17,100,6.410328027336368,9.128538645361257,1.0,0.0,0.0,1.0,0.0,0.0
18,100,6.999181375185331,2.0609285907234804,1.0,0.0,0.0,1.0,1.0,0.0
19,100,9.190850694930823,9.542070950119552,0.0,1.0,0.0,1.0,0.0,0.0
20,100,4.628316193107124,3.989552481939722,0.0,1.0,1.0,0.0,0.0,1.0
21,100,11.01734600076676,2.204429617972391,0.0,0.0,1.0,0.0,0.0,0.0
22,100,7.425006930831224,8.948273028673045,0.0,1.0,1.0,0.0,0.0,1.0
23,100,7.351264944215006,5.0218032292305015,0.0,0.0,0.0,0.0,0.0,1.0
24,100,2.6564410577703024,1.4196733060538442,0.0,0.0,0.0,1.0,0.0,0.0
25,100,2.475380955943656,8.081806329508144,0.0,1.0,0.0,0.0,0.0,0.0
26,100,7.412279468079313,6.624361844294063,0.0,1.0,1.0,1.0,0.0,1.0
27,100,1.6801064042925795,6.595423553027249,1.0,0.0,0.0,1.0,0.0,1.0
28,100,6.921438201620082,4.607820180788546,1.0,0.0,1.0,1.0,0.0,0.0
29,100,11.094892025739176,6.840809741795184,0.0,0.0,0.0,1.0,1.0,1.0
30,100,1.6197272835305574,7.927157309729935,0.0,1.0,0.0,0.0,0.0,0.0
31,100,0.1243153814140746,4.115505845979988,1.0,0.0,1.0,1.0,1.0,0.0
32,100,2.153881303560277,12.0,0.0,0.0,0.0,1.0,0.0,1.0
33,100,2.978594844444389,6.186955108770603,1.0,0.0,0.0,0.0,0.0,0.0
34,100,8.463782140299111,9.745807173074429,1.0,0.0,1.0,0.0,0.0,0.0
35,100,6.142708832014402,9.07320120162898,0.0,1.0,1.0,0.0,0.0,0.0
36,100,3.391912478203234,7.440461212736158,1.0,0.0,0.0,1.0,0.0,1.0
37,100,7.513155688156724,5.025135739074089,1.0,0.0,0.0,1.0,1.0,0.0
38,100,2.168066259318675,0.0,0.0,1.0,0.0,0.0,0.0,1.0
39,100,1.0348765364314,5.045537415904996,1.0,1.0,1.0,1.0,0.0,0.0
0,105,8.519885358964881,9.652540132989229,1.0,1.0,0.0,1.0,0.0,0.0
1,105,4.674202939436812,7.06229016649064,0.0,1.0,0.0,0.0,0.0,1.0
2,105,8.178443677879123,7.179912319611459,0.0,0.0,1.0,1.0,1.0,0.0
3,105,4.636973204887447,12.0,0.0,1.0,1.0,0.0,1.0,0.0
4,105,1.475696359167464,4.770002930168251,1.0,0.0,1.0,1.0,0.0,0.0
5,105,7.581171765452858,6.8528793735796265,1.0,0.0,0.0,1.0,1.0,0.0
6,105,11.791749630734524,9.6969622071019,0.0,0.0,0.0,0.0,0.0,1.0
7,105,9.658541917762456,3.7280748032759896,0.0,1.0,1.0,0.0,1.0,0.0
8,105,1.4522429757082007,0.0,0.0,1.0,1.0,0.0,1.0,1.0
9,105,0.0,1.00784880534571,0.0,0.0,0.0,0.0,1.0,0.0
10,105,11.70299974044054,2.0065361518410927,0.0,0.0,1.0,0.0,1.0,1.0
11,105,2.7628594534298245,0.6275733385776647,0.0,0.0,0.0,1.0,0.0,0.0
12,105,7.050263273437654,4.178592042365631,1.0,0.0,0.0,1.0,0.0,0.0
13,105,10.334552105004375,10.805655021382142,1.0,0.0,0.0,1.0,0.0,0.0
14,105,11.924085826494188,8.37309982333211,1.0,1.0,0.0,1.0,0.0,0.0
15,105,9.177458329595837,8.524363179119696,1.0,0.0,0.0,0.0,1.0,1.0
16,105,2.800514946164784,1.52326600377538,1.0,1.0,1.0,1.0,0.0,0.0
17,105,6.436594526459603,9.107185472662296,1.0,0.0,0.0,1.0,0.0,0.0
18,105,7.151635552089222,2.145846568358764,1.0,0.0,0.0,1.0,1.0,0.0
19,105,9.199470588841674,9.622421481149887,0.0,1.0,0.0,1.0,0.0,0.0
20,105,4.663543324434183,4.116716604501676,0.0,1.0,1.0,0.0,0.0,1.0
21,105,11.020885307429747,2.267802900338753,0.0,0.0,1.0,0.0,0.0,0.0
22,105,7.465566798103801,8.85835809157338,0.0,1.0,1.0,0.0,0.0,1.0
23,105,7.319451910742917,5.079525493540938,0.0,0.0,0.0,0.0,0.0,1.0
24,105,2.6502209629555824,1.4269475881965992,0.0,0.0,0.0,1.0,0.0,0.0
25,105,2.529006286820867,8.012729750653804,0.0,1.0,0.0,0.0,0.0,0.0
26,105,7.366268818815119,6.737813376952212,0.0,1.0,1.0,1.0,0.0,1.0
27,105,1.7044041799095837,6.57938751851129,1.0,0.0,0.0,1.0,0.0,1.0
28,105,6.969789429957282,4.5369245501950255,1.0,0.0,1.0,1.0,0.0,0.0
29,105,11.035127968759008,6.828333408233011,0.0,0.0,0.0,1.0,1.0,1.0
30,105,1.5959313777361204,7.862940564511131,0.0,1.0,0.0,0.0,0.0,0.0
31,105,0.1269559137030363,4.101531525349118,1.0,0.0,1.0,1.0,1.0,0.0
32,105,1.9870830923046312,12.0,0.0,0.0,0.0,1.0,0.0,1.0
33,105,2.978597588056485,6.18731475145681,1.0,0.0,0.0,0.0,0.0,0.0
34,105,8.452449135570664,9.75506533275269,1.0,0.0,1.0,0.0,0.0,0.0
35,105,6.078954876213416,9.073962727117138,0.0,1.0,1.0,0.0,0.0,0.0
36,105,3.4084413038423658,7.388130351175596,1.0,0.0,0.0,1.0,0.0,1.0
37,105,7.561467717330223,5.024847898889146,1.0,0.0,0.0,1.0,1.0,0.0
38,105,2.1609455573800287,0.0,0.0,1.0,0.0,0.0,0.0,1.0
39,105,1.0452187361444345,4.8474697799042525,1.0,1.0,1.0,1.0,0.0,0.0
0,110,8.591114415723135,9.61772045120638,1.0,1.0,0.0,1.0,0.0,0.0
1,110,4.686408432152866,7.096900072461608,0.0,1.0,0.0,0.0,0.0,1.0
2,110,8.184119854111204,7.253224448359116,0.0,0.0,1.0,1.0,1.0,0.0
3,110,4.6759785468939485,12.0,0.0,1.0,1.0,0.0,1.0,0.0
4,110,1.3595185559950125,4.756117671595975,1.0,0.0,1.0,1.0,0.0,0.0
5,110,7.461151026046207,6.837630830971756,1.0,0.0,0.0,1.0,1.0,0.0
6,110,11.838172048932677,9.625984570470504,0.0,0.0,0.0,0.0,0.0,1.0
7,110,9.582774169943516,3.669268382229418,0.0,1.0,1.0,0.0,1.0,0.0
8,110,1.4435078059229665,0.0,0.0,1.0,1.0,0.0,1.0,1.0
9,110,0.0038737252954889,1.0075117738471486,0.0,0.0,0.0,0.0,1.0,0.0
10,110,11.717964755650463,1.931861814436103,0.0,0.0,1.0,0.0,1.0,1.0
11,110,2.785407957547481,0.6447433708016834,0.0,0.0,0.0,1.0,0.0,0.0
12,110,7.049747003968984,4.19167164056426,1.0,0.0,0.0,1.0,0.0,0.0
13,110,10.357306269127006,10.818973961092055,1.0,0.0,0.0,1.0,0.0,0.0
14,110,11.917141607302836,8.277456879500747,1.0,1.0,0.0,1.0,0.0,0.0
15,110,9.16615312032897,8.530921454278541,1.0,0.0,0.0,0.0,1.0,1.0
16,110,2.8147550785795885,1.5004670090747176,1.0,1.0,1.0,1.0,0.0,0.0
17,110,6.46611635582924,9.084738011785284,1.0,0.0,0.0,1.0,0.0,0.0
18,110,7.291315041234526,2.2235114412951,1.0,0.0,0.0,1.0,1.0,0.0
19,110,9.207556736371776,9.696794118417827,0.0,1.0,0.0,1.0,0.0,0.0
20,110,4.694670676302516,4.224613344898646,0.0,1.0,1.0,0.0,0.0,1.0
21,110,11.023842269441618,2.317580227553627,0.0,0.0,1.0,0.0,0.0,0.0
22,110,7.515851616762624,8.754904671576844,0.0,1.0,1.0,0.0,0.0,1.0
23,110,7.294517420431179,5.127485915018883,0.0,0.0,0.0,0.0,0.0,1.0
24,110,2.642454371911344,1.4359029969167836,0.0,0.0,0.0,1.0,0.0,0.0
25,110,2.5569965917062505,7.974873044225991,0.0,1.0,0.0,0.0,0.0,0.0
26,110,7.314681460180068,6.858634871756591,0.0,1.0,1.0,1.0,0.0,1.0
27,110,1.7186517756452386,6.600563200668043,1.0,0.0,0.0,1.0,0.0,1.0
28,110,7.01675696923396,4.465560243711826,1.0,0.0,1.0,1.0,0.0,0.0
29,110,10.953555103707954,6.80974978953105,0.0,0.0,0.0,1.0,1.0,1.0
30,110,1.579053111621905,7.815324649662297,0.0,1.0,0.0,0.0,0.0,0.0
31,110,0.132128226375623,4.072520120579971,1.0,0.0,1.0,1.0,1.0,0.0
32,110,1.841634663747124,12.0,0.0,0.0,0.0,1.0,0.0,1.0
33,110,2.978503762610661,6.1987760083028265,1.0,0.0,0.0,0.0,0.0,0.0
34,110,8.434537216332817,9.770189338751464,1.0,0.0,1.0,0.0,0.0,0.0
35,110,6.010527105098896,9.074632762139812,0.0,1.0,1.0,0.0,0.0,0.0
36,110,3.4297585355845657,7.320476959000841,1.0,0.0,0.0,1.0,0.0,1.0
37,110,7.60761171140443,5.024601094670705,1.0,0.0,0.0,1.0,1.0,0.0
38,110,2.1486491504311105,0.0,0.0,1.0,0.0,0.0,0.0,1.0
39,110,1.0639363628423464,4.63884468179232,1.0,1.0,1.0,1.0,0.0,0.0
0,115,8.648094095210883,9.588671731097644,1.0,1.0,0.0,1.0,0.0,0.0
1,115,4.693615945830065,7.115854085536522,0.0,1.0,0.0,0.0,0.0,1.0
2,115,8.189676816185235,7.320566499468501,0.0,0.0,1.0,1.0,1.0,0.0
3,115,4.712921983421458,12.0,0.0,1.0,1.0,0.0,1.0,0.0
4,115,1.2357207836209672,4.741165030137009,1.0,0.0,1.0,1.0,0.0,0.0
5,115,7.343769926365434,6.822394239624244,1.0,0.0,0.0,1.0,1.0,0.0
6,115,11.88266491874877,9.557279289177291,0.0,0.0,0.0,0.0,0.0,1.0
7,115,9.506139670207087,3.613803159126144,0.0,1.0,1.0,0.0,1.0,0.0
8,115,1.4255593941785716,0.0,0.0,1.0,1.0,0.0,1.0,1.0
9,115,0.0,1.009632426694374,0.0,0.0,0.0,0.0,1.0,0.0
10,115,11.731870740935465,1.862318520072217,0.0,0.0,1.0,0.0,1.0,1.0
11,115,2.797353317939695,0.6537565424329228,0.0,0.0,0.0,1.0,0.0,0.0
12,115,7.049065555113008,4.207491723427116,1.0,0.0,0.0,1.0,0.0,0.0
13,115,10.376769080699578,10.829738529113968,1.0,0.0,0.0,1.0,0.0,0.0
14,115,11.910210480117003,8.188325703850177,1.0,1.0,0.0,1.0,0.0,0.0
15,115,9.141132130693451,8.5449344639254,1.0,0.0,0.0,0.0,1.0,1.0
16,115,2.834940350346215,1.4681565512795312,1.0,1.0,1.0,1.0,0.0,0.0
17,115,6.498545097341973,9.06147389558364,1.0,0.0,0.0,1.0,0.0,0.0
18,115,7.439512170206018,2.306783451433326,1.0,0.0,0.0,1.0,1.0,0.0
19,115,9.21537059502139,9.771372714358378,0.0,1.0,0.0,1.0,0.0,0.0
20,115,4.725610354577914,4.33095338249054,0.0,1.0,1.0,0.0,0.0,1.0
21,115,11.026372187454518,2.3585146592473096,0.0,0.0,1.0,0.0,0.0,0.0
22,115,7.571212364048012,8.645197023477596,0.0,1.0,1.0,0.0,0.0,1.0
23,115,7.275592808975385,5.165563194154495,0.0,0.0,0.0,0.0,0.0,1.0
24,115,2.634804344340084,1.4444438594048346,0.0,0.0,0.0,1.0,0.0,0.0
25,115,2.576771728332568,7.946647327685612,0.0,1.0,0.0,0.0,0.0,0.0
26,115,7.273262360155797,6.956943415290951,0.0,1.0,1.0,1.0,0.0,1.0
27,115,1.7358493238862116,6.626035259538331,1.0,0.0,0.0,1.0,0.0,1.0
28,115,7.045439958853587,4.420472923956179,1.0,0.0,1.0,1.0,0.0,0.0
29,115,10.88118902575221,6.791151018501041,0.0,0.0,0.0,1.0,1.0,1.0
30,115,1.5604388935445774,7.7640007586824815,0.0,1.0,0.0,0.0,0.0,0.0
31,115,0.1364716528574502,4.0482219208299846,1.0,0.0,1.0,1.0,1.0,0.0
32,115,1.7247442220493625,12.0,0.0,0.0,0.0,1.0,0.0,1.0
33,115,2.9784856573558725,6.199798704794421,1.0,0.0,0.0,0.0,0.0,0.0
34,115,8.43166588554084,9.772407805567726,1.0,0.0,1.0,0.0,0.0,0.0
35,115,5.911081184255797,9.079030705675429,0.0,1.0,1.0,0.0,0.0,0.0
36,115,3.45228660351446,7.251862361111098,1.0,0.0,0.0,1.0,0.0,1.0
37,115,7.662018364748589,5.0248630910161145,1.0,0.0,0.0,1.0,1.0,0.0
38,115,2.1322692717081613,0.0,0.0,1.0,0.0,0.0,0.0,1.0
39,115,1.081800880996251,4.4320015768039625,1.0,1.0,1.0,1.0,0.0,0.0
0,120,8.700088593567283,9.562432792766575,1.0,1.0,0.0,1.0,0.0,0.0
1,120,4.703788195304714,7.144049650187387,0.0,1.0,0.0,0.0,0.0,1.0
2,120,8.194258794499005,7.371681404958104,0.0,0.0,1.0,1.0,1.0,0.0
3,120,4.749792727036377,12.0,0.0,1.0,1.0,0.0,1.0,0.0
4,120,1.097443741666501,4.7203571388653405,1.0,0.0,1.0,1.0,0.0,0.0
5,120,7.203955333835701,6.805194359778737,1.0,0.0,0.0,1.0,1.0,0.0
6,120,11.932305991437856,9.479349878481578,0.0,0.0,0.0,0.0,0.0,1.0
7,120,9.43553737183079,3.563638362295072,0.0,1.0,1.0,0.0,1.0,0.0
8,120,1.4058827034330654,0.0,0.0,1.0,1.0,0.0,1.0,1.0
9,120,0.0,1.0123448564107775,0.0,0.0,0.0,0.0,1.0,0.0
10,120,11.744337434477703,1.8020336503655745,0.0,0.0,1.0,0.0,1.0,1.0
11,120,2.7919150152289856,0.649909958256832,0.0,0.0,0.0,1.0,0.0,0.0
12,120,7.047350052043102,4.255755978049451,1.0,0.0,0.0,1.0,0.0,0.0
13,120,10.375579927652549,10.829081833572634,1.0,0.0,0.0,1.0,0.0,0.0
14,120,11.9009998387208,8.088074969587492,1.0,1.0,0.0,1.0,0.0,0.0
15,120,9.118822057745698,8.557274904124535,1.0,0.0,0.0,0.0,1.0,1.0
16,120,2.8582915907465503,1.4306281420780935,1.0,1.0,1.0,1.0,0.0,0.0
17,120,6.529813960712404,9.038161147133266,1.0,0.0,0.0,1.0,0.0,0.0
18,120,7.610000575097036,2.397059876136925,1.0,0.0,0.0,1.0,1.0,0.0
19,120,9.221829956313872,9.835668612791366,0.0,1.0,0.0,1.0,0.0,0.0
20,120,4.747968792591542,4.399441199400825,0.0,1.0,1.0,0.0,0.0,1.0
21,120,11.028265339409922,2.390439448901304,0.0,0.0,1.0,0.0,0.0,0.0
22,120,7.630705356260863,8.534273422326205,0.0,1.0,1.0,0.0,0.0,1.0
23,120,7.267930329221508,5.180896862735468,0.0,0.0,0.0,0.0,0.0,1.0
24,120,2.6343186299157204,1.4449707176448845,0.0,0.0,0.0,1.0,0.0,0.0
25,120,2.601604753734584,7.910283094042875,0.0,1.0,0.0,0.0,0.0,0.0
26,120,7.234416372829975,7.056739823012401,0.0,1.0,1.0,1.0,0.0,1.0
27,120,1.753963265066137,6.651989627323402,1.0,0.0,0.0,1.0,0.0,1.0
28,120,7.079666290853798,4.367571572419439,1.0,0.0,1.0,1.0,0.0,0.0
29,120,10.816736852094124,6.777022328050503,0.0,0.0,0.0,1.0,1.0,1.0
30,120,1.542820380304564,7.717496917860676,0.0,1.0,0.0,0.0,0.0,0.0
31,120,0.1404139280106172,4.027595577762478,1.0,0.0,1.0,1.0,1.0,0.0
32,120,1.588251454202942,12.0,0.0,0.0,0.0,1.0,0.0,1.0
33,120,2.978606962325232,6.211676370895525,1.0,0.0,0.0,0.0,0.0,0.0
34,120,8.435851652996577,9.769268404459927,1.0,0.0,1.0,0.0,0.0,0.0
35,120,5.796960204597643,9.085297304530188,0.0,1.0,1.0,0.0,0.0,0.0
36,120,3.474979168684321,7.182006231854936,1.0,0.0,0.0,1.0,0.0,1.0
37,120,7.7097430655010495,5.024976902390468,1.0,0.0,0.0,1.0,1.0,0.0
38,120,2.1223633176301147,0.0,0.0,1.0,0.0,0.0,0.0,1.0
39,120,1.097676606566603,4.20606737455417,1.0,1.0,1.0,1.0,0.0,0.0
0,125,8.742228236977803,9.540524362066076,1.0,1.0,0.0,1.0,0.0,0.0
1,125,4.717823249157361,7.186185689229368,0.0,1.0,0.0,0.0,0.0,1.0
2,125,8.196702202829854,7.402538463884936,0.0,0.0,1.0,1.0,1.0,0.0
3,125,4.787083012674764,12.0,0.0,1.0,1.0,0.0,1.0,0.0
4,125,0.9821381342864144,4.704950232020044,1.0,0.0,1.0,1.0,0.0,0.0
5,125,7.054456924634255,6.786440319932064,1.0,0.0,0.0,1.0,1.0,0.0
6,125,11.985450189389892,9.397009648493968,0.0,0.0,0.0,0.0,0.0,1.0
7,125,9.36362828574224,3.5090938377890684,0.0,1.0,1.0,0.0,1.0,0.0
8,125,1.399230945082559,0.0,0.0,1.0,1.0,0.0,1.0,1.0
9,125,0.0,1.0141047574383588,0.0,0.0,0.0,0.0,1.0,0.0
10,125,11.75605114622772,1.7411311419190802,0.0,0.0,1.0,0.0,1.0,1.0
11,125,2.7825480282320614,0.6433935389742833,0.0,0.0,0.0,1.0,0.0,0.0
12,125,7.046912714617818,4.273713351498106,1.0,0.0,0.0,1.0,0.0,0.0
13,125,10.375318529007806,10.828935536291558,1.0,0.0,0.0,1.0,0.0,0.0
14,125,11.892372822181052,7.975384759748429,1.0,1.0,0.0,1.0,0.0,0.0
15,125,9.09281847810507,8.572071007921355,1.0,0.0,0.0,0.0,1.0,1.0
16,125,2.880230779679808,1.3963299421978348,1.0,1.0,1.0,1.0,0.0,0.0
17,125,6.569687764620359,9.009424725193698,1.0,0.0,0.0,1.0,0.0,0.0
18,125,7.782919748199132,2.4882364887648434,1.0,0.0,0.0,1.0,1.0,0.0
19,125,9.22721166335154,9.896625755462376,0.0,1.0,0.0,1.0,0.0,0.0
20,125,4.7714447158530096,4.473952235286461,0.0,1.0,1.0,0.0,0.0,1.0
21,125,11.03102979581968,2.4297213630986096,0.0,0.0,1.0,0.0,0.0,0.0
22,125,7.688725399429499,8.42036410309143,0.0,1.0,1.0,0.0,0.0,1.0
23,125,7.256958034312436,5.203958012565375,0.0,0.0,0.0,0.0,0.0,1.0
24,125,2.6496224601086125,1.428114645159773,0.0,0.0,0.0,1.0,0.0,0.0
25,125,2.6274830822208943,7.872347652749631,0.0,1.0,0.0,0.0,0.0,0.0
26,125,7.200654408463493,7.13358750413604,0.0,1.0,1.0,1.0,0.0,1.0
27,125,1.7696082844846293,6.673332285296541,1.0,0.0,0.0,1.0,0.0,1.0
28,125,7.104902393708667,4.329139086790578,1.0,0.0,1.0,1.0,0.0,0.0
29,125,10.731412589994331,6.758485629397666,0.0,0.0,0.0,1.0,1.0,1.0
30,125,1.529868895835485,7.684071525809366,0.0,1.0,0.0,0.0,0.0,0.0
31,125,0.1443042015925221,4.008071565624525,1.0,0.0,1.0,1.0,1.0,0.0
32,125,1.4652671697644242,12.0,0.0,0.0,0.0,1.0,0.0,1.0
33,125,2.9793900052009388,6.241896746724447,1.0,0.0,0.0,0.0,0.0,0.0
34,125,8.453702289790689,9.756218833777016,1.0,0.0,1.0,0.0,0.0,0.0
35,125,5.673019795685516,9.092286066885425,0.0,1.0,1.0,0.0,0.0,0.0
36,125,3.5038831860621333,7.100640900949515,1.0,0.0,0.0,1.0,0.0,1.0
37,125,7.753408136274827,5.024861630471116,1.0,0.0,0.0,1.0,1.0,0.0
38,125,2.11694836062648,0.0,0.0,1.0,0.0,0.0,0.0,1.0
39,125,1.1176043472412602,3.973550718857576,1.0,1.0,1.0,1.0,0.0,0.0
0,130,8.762570578560657,9.529420215167004,1.0,1.0,0.0,1.0,0.0,0.0
1,130,4.731183936773485,7.225653256394641,0.0,1.0,0.0,0.0,0.0,1.0
2,130,8.199550186848311,7.444525752308281,0.0,0.0,1.0,1.0,1.0,0.0
3,130,4.821525774220428,12.0,0.0,1.0,1.0,0.0,1.0,0.0
4,130,0.8761515204492338,4.689332653363714,1.0,0.0,1.0,1.0,0.0,0.0
5,130,6.916927861116299,6.766217858520254,1.0,0.0,0.0,1.0,1.0,0.0
6,130,12.0,9.309295105355048,0.0,0.0,0.0,0.0,0.0,1.0
7,130,9.301313160949,3.462195354774495,0.0,1.0,1.0,0.0,1.0,0.0
8,130,1.3910429597302882,0.0,0.0,1.0,1.0,0.0,1.0,1.0
9,130,0.0,1.0157003539407694,0.0,0.0,0.0,0.0,1.0,0.0
10,130,11.765350196496437,1.6884846432230294,0.0,0.0,1.0,0.0,1.0,1.0
11,130,2.76693712739181,0.6328855939751857,0.0,0.0,0.0,1.0,0.0,0.0
12,130,7.046751311130196,4.280997378759642,1.0,0.0,0.0,1.0,0.0,0.0
13,130,10.383066655481654,10.83334398372343,1.0,0.0,0.0,1.0,0.0,0.0
14,130,11.884412992991626,7.857086153979711,1.0,1.0,0.0,1.0,0.0,0.0
15,130,9.060780654097009,8.59031513195821,1.0,0.0,0.0,0.0,1.0,1.0
16,130,2.899013789337971,1.3658571370531158,1.0,1.0,1.0,1.0,0.0,0.0
17,130,6.615585374404668,8.975889731320356,1.0,0.0,0.0,1.0,0.0,0.0
18,130,7.973835725279541,2.5952231567939648,1.0,0.0,0.0,1.0,1.0,0.0
19,130,9.233584895791765,9.9598499342557,0.0,1.0,0.0,1.0,0.0,0.0
20,130,4.794750474830459,4.552704376273545,0.0,1.0,1.0,0.0,0.0,1.0
21,130,11.03600316805916,2.478206944183373,0.0,0.0,1.0,0.0,0.0,0.0
22,130,7.747856243469428,8.299458574791936,0.0,1.0,1.0,0.0,0.0,1.0
23,130,7.249102643386259,5.221310301039894,0.0,0.0,0.0,0.0,0.0,1.0
24,130,2.6611156359227888,1.415416230518899,0.0,0.0,0.0,1.0,0.0,0.0
25,130,2.6601759348027585,7.8241344906858865,0.0,1.0,0.0,0.0,0.0,0.0
26,130,7.168733153516767,7.201434750757643,0.0,1.0,1.0,1.0,0.0,1.0
27,130,1.7857540710256552,6.695632062746165,1.0,0.0,0.0,1.0,0.0,1.0
28,130,7.120755920112466,4.304100466931321,1.0,0.0,1.0,1.0,0.0,0.0
29,130,10.64955691519748,6.741779192091631,0.0,0.0,0.0,1.0,1.0,1.0
30,130,1.516621164839764,7.649657501171231,0.0,1.0,0.0,0.0,0.0,0.0
31,130,0.1469332217656652,3.995309199127484,1.0,0.0,1.0,1.0,1.0,0.0
32,130,1.4946559577030654,12.0,0.0,0.0,0.0,1.0,0.0,1.0
33,130,2.980315591532678,6.276762093200855,1.0,0.0,0.0,0.0,0.0,0.0
34,130,8.487507765693456,9.7321836992535,1.0,0.0,1.0,0.0,0.0,0.0
35,130,5.587837487884305,9.097249556426902,0.0,1.0,1.0,0.0,0.0,0.0
36,130,3.5293781901916006,7.021282144010104,1.0,0.0,0.0,1.0,0.0,1.0
37,130,7.805383803078099,5.023976067005202,1.0,0.0,0.0,1.0,1.0,0.0
38,130,2.110549154920488,0.0,0.0,1.0,0.0,0.0,0.0,1.0
39,130,1.1387910277114126,3.727070655614864,1.0,1.0,1.0,1.0,0.0,0.0
0,135,8.77218204933763,9.52386780363793,1.0,1.0,0.0,1.0,0.0,0.0
1,135,4.740063048170446,7.252925353127004,0.0,1.0,0.0,0.0,0.0,1.0
2,135,8.202680478179468,7.486177918265722,0.0,0.0,1.0,1.0,1.0,0.0
3,135,4.856610449937953,12.0,0.0,1.0,1.0,0.0,1.0,0.0
4,135,0.741522130098878,4.667306054768268,1.0,0.0,1.0,1.0,0.0,0.0
5,135,6.773452650804888,6.7423713450687615,1.0,0.0,0.0,1.0,1.0,0.0
6,135,12.0,9.19899925741201,0.0,0.0,0.0,0.0,0.0,1.0
7,135,9.243563792193342,3.42028360330158,0.0,1.0,1.0,0.0,1.0,0.0
8,135,1.3891450282922184,0.0,0.0,1.0,1.0,0.0,1.0,1.0
9,135,0.0,1.0157551583493047,0.0,0.0,0.0,0.0,1.0,0.0
10,135,11.773365927048852,1.6461871822915062,0.0,0.0,1.0,0.0,1.0,1.0
11,135,2.746694243405682,0.6188106529792536,0.0,0.0,0.0,1.0,0.0,0.0
12,135,7.046754814039935,4.280410295154768,1.0,0.0,0.0,1.0,0.0,0.0
13,135,10.390334370347809,10.837593164480204,1.0,0.0,0.0,1.0,0.0,0.0
14,135,11.874807024989126,7.725013065861258,1.0,1.0,0.0,1.0,0.0,0.0
15,135,9.032611727096503,8.60683708173675,1.0,0.0,0.0,0.0,1.0,1.0
16,135,2.9295858525065945,1.3184392894533998,1.0,1.0,1.0,1.0,0.0,0.0
17,135,6.653333022589004,8.946606670946442,1.0,0.0,0.0,1.0,0.0,0.0
18,135,8.17335086305564,2.7065631342352514,1.0,0.0,0.0,1.0,1.0,0.0
19,135,9.239277803023583,10.023480572547095,0.0,1.0,0.0,1.0,0.0,0.0
20,135,4.816394388682473,4.63104033123504,0.0,1.0,1.0,0.0,0.0,1.0
21,135,11.04237982973329,2.538939257265591,0.0,0.0,1.0,0.0,0.0,0.0
22,135,7.811795691042532,8.17220805936266,0.0,1.0,1.0,0.0,0.0,1.0
23,135,7.238590306815926,5.245025159379507,0.0,0.0,0.0,0.0,0.0,1.0
24,135,2.671559769620055,1.4036969035852236,0.0,0.0,0.0,1.0,0.0,0.0
25,135,2.7008425886867817,7.762339857989601,0.0,1.0,0.0,0.0,0.0,0.0
26,135,7.139823506108389,7.265059291622758,0.0,1.0,1.0,1.0,0.0,1.0
27,135,1.80931392658654,6.727781601933758,1.0,0.0,0.0,1.0,0.0,1.0
28,135,7.123800368791346,4.299342220223417,1.0,0.0,1.0,1.0,0.0,0.0
29,135,10.56921106822102,6.727948324954302,0.0,0.0,0.0,1.0,1.0,1.0
30,135,1.504678882683984,7.616642317728947,0.0,1.0,0.0,0.0,0.0,0.0
31,135,0.1520743132815064,3.9719163997298,1.0,0.0,1.0,1.0,1.0,0.0
32,135,1.5217690692964032,12.0,0.0,0.0,0.0,1.0,0.0,1.0
33,135,2.981069184338732,6.299706400096404,1.0,0.0,0.0,0.0,0.0,0.0
34,135,8.511366678727574,9.716733227095707,1.0,0.0,1.0,0.0,0.0,0.0
35,135,5.503537938784406,9.104201203407714,0.0,1.0,1.0,0.0,0.0,0.0
36,135,3.5502421608869463,6.960480732984846,1.0,0.0,0.0,1.0,0.0,1.0
37,135,7.888046694695606,5.022630386523391,1.0,0.0,0.0,1.0,1.0,0.0
38,135,2.104316242410066,0.0,0.0,1.0,0.0,0.0,0.0,1.0
39,135,1.1682465458805429,3.485128934010242,1.0,1.0,1.0,1.0,0.0,0.0
0,140,8.768176241037768,9.526161037371743,1.0,1.0,0.0,1.0,0.0,0.0
1,140,4.746164292401133,7.271651291599013,0.0,1.0,0.0,0.0,0.0,1.0
2,140,8.205172485998649,7.518926663178398,0.0,0.0,1.0,1.0,1.0,0.0
3,140,4.887504732333449,12.0,0.0,1.0,1.0,0.0,1.0,0.0
4,140,0.5896177515846193,4.642813068139814,1.0,0.0,1.0,1.0,0.0,0.0
5,140,6.629876318126929,6.718474937747804,1.0,0.0,0.0,1.0,1.0,0.0
6,140,12.0,9.089179849000567,0.0,0.0,0.0,0.0,0.0,1.0
7,140,9.189261550522948,3.3811244442778308,0.0,1.0,1.0,0.0,1.0,0.0
8,140,1.3889470876655432,0.0,0.0,1.0,1.0,0.0,1.0,1.0
9,140,0.0,1.0169717500961315,0.0,0.0,0.0,0.0,1.0,0.0
10,140,11.78296833538915,1.5991519463284485,0.0,0.0,1.0,0.0,1.0,1.0
11,140,2.7460560263506437,0.6183752475085871,0.0,0.0,0.0,1.0,0.0,0.0
12,140,7.046952012052945,4.304463885438292,1.0,0.0,0.0,1.0,0.0,0.0
13,140,10.4054020720647,10.84561677615216,1.0,0.0,0.0,1.0,0.0,0.0
14,140,11.868960237424565,7.600713221536648,1.0,1.0,0.0,1.0,0.0,0.0
15,140,8.983403752370837,8.635356686980915,1.0,0.0,0.0,0.0,1.0,1.0
16,140,2.8898754617989524,1.2888284532116403,1.0,1.0,1.0,1.0,0.0,0.0
17,140,6.684008845199928,8.923078957035342,1.0,0.0,0.0,1.0,0.0,0.0
18,140,8.375066487273525,2.8158662130321908,1.0,0.0,0.0,1.0,1.0,0.0
19,140,9.244734806917728,10.073498265138042,0.0,1.0,0.0,1.0,0.0,0.0
20,140,4.827946762242337,4.673696581586253,0.0,1.0,1.0,0.0,0.0,1.0
21,140,11.049633353618916,2.610488889051984,0.0,0.0,1.0,0.0,0.0,0.0
22,140,7.8680714048226434,8.060067791620977,0.0,1.0,1.0,0.0,0.0,1.0
23,140,7.223772336748615,5.278901964550401,0.0,0.0,0.0,0.0,0.0,1.0
24,140,2.6793986236379563,1.3945379683876626,0.0,0.0,0.0,1.0,0.0,0.0
25,140,2.7417940185016536,7.697870408358655,0.0,1.0,0.0,0.0,0.0,0.0
26,140,7.123482513153981,7.299070407858124,0.0,1.0,1.0,1.0,0.0,1.0
27,140,1.8338685162869224,6.759971279477334,1.0,0.0,0.0,1.0,0.0,1.0
28,140,7.1128730467500185,4.316215477842333,1.0,0.0,1.0,1.0,0.0,0.0
29,140,10.480462297314316,6.713423699936109,0.0,0.0,0.0,1.0,1.0,1.0
30,140,1.48738293179731,7.572653309963896,0.0,1.0,0.0,0.0,0.0,0.0
31,140,0.1625143881212951,3.928065945763412,1.0,0.0,1.0,1.0,1.0,0.0
32,140,1.5500881720819146,12.0,0.0,0.0,0.0,1.0,0.0,1.0
33,140,2.981367885359717,6.319558987533886,1.0,0.0,0.0,0.0,0.0,0.0
34,140,8.541263003523015,9.697957790791078,1.0,0.0,1.0,0.0,0.0,0.0
35,140,5.415019225839553,9.110675801609114,0.0,1.0,1.0,0.0,0.0,0.0
36,140,3.5675190753877986,6.9102210064353375,1.0,0.0,0.0,1.0,0.0,1.0
37,140,7.983325354769679,5.021682872427292,1.0,0.0,0.0,1.0,1.0,0.0
38,140,2.091294780161483,0.0,0.0,1.0,0.0,0.0,0.0,1.0
39,140,1.2004327127708407,3.2308535056350656,1.0,1.0,1.0,1.0,0.0,0.0
0,145,8.766380118163454,9.527291277075374,1.0,1.0,0.0,1.0,0.0,0.0
1,145,4.749619760256983,7.283619303435433,0.0,1.0,0.0,0.0,0.0,1.0
2,145,8.207939721471355,7.552426350928229,0.0,0.0,1.0,1.0,1.0,0.0
3,145,4.916581467473909,12.0,0.0,1.0,1.0,0.0,1.0,0.0
4,145,0.4444494824000626,4.618913339203822,1.0,0.0,1.0,1.0,0.0,0.0
5,145,6.611739426101623,6.850736373328669,1.0,0.0,0.0,1.0,1.0,0.0
6,145,12.0,8.957082413577385,0.0,0.0,0.0,0.0,0.0,1.0
7,145,9.116353153218473,3.3289323965371764,0.0,1.0,1.0,0.0,1.0,0.0
8,145,1.383761698266605,0.0,0.0,1.0,1.0,0.0,1.0,1.0
9,145,0.0,1.017843273790357,0.0,0.0,0.0,0.0,1.0,0.0
10,145,11.793218346463007,1.5543584850034735,0.0,0.0,1.0,0.0,1.0,1.0
11,145,2.747749311512985,0.619475469429105,0.0,0.0,0.0,1.0,0.0,0.0
12,145,7.047117462114915,4.32184463006617,1.0,0.0,0.0,1.0,0.0,0.0
13,145,10.41307555967597,10.849754887916838,1.0,0.0,0.0,1.0,0.0,0.0
14,145,11.86369584489803,7.478433956741116,1.0,1.0,0.0,1.0,0.0,0.0
15,145,8.940746322891092,8.659714396886427,1.0,0.0,0.0,0.0,1.0,1.0
16,145,2.8491746007757146,1.259067584182974,1.0,1.0,1.0,1.0,0.0,0.0
17,145,6.72206321521275,8.893699884395756,1.0,0.0,0.0,1.0,0.0,0.0
18,145,8.569212793201652,2.9243308351517534,1.0,0.0,0.0,1.0,1.0,0.0
19,145,9.252989046990054,10.13943673383596,0.0,1.0,0.0,1.0,0.0,0.0
20,145,4.833732902479331,4.6946982870826,0.0,1.0,1.0,0.0,0.0,1.0
21,145,11.05918912209664,2.6929210066239357,0.0,0.0,1.0,0.0,0.0,0.0
22,145,7.924663180887171,7.93976619976852,0.0,1.0,1.0,0.0,0.0,1.0
23,145,7.207789188485379,5.316341843067497,0.0,0.0,0.0,0.0,0.0,1.0
24,145,2.690228906050673,1.3818382024917375,0.0,0.0,0.0,1.0,0.0,0.0
25,145,2.7860204138598244,7.628951848978071,0.0,1.0,0.0,0.0,0.0,0.0
26,145,7.118784308918526,7.309370752413034,0.0,1.0,1.0,1.0,0.0,1.0
27,145,1.8841143053205185,6.820595834221606,1.0,0.0,0.0,1.0,0.0,1.0
28,145,7.102845071057197,4.33184637550671,1.0,0.0,1.0,1.0,0.0,0.0
29,145,10.388205435224643,6.699230652600883,0.0,0.0,0.0,1.0,1.0,1.0
30,145,1.46858506108246,7.525380717487976,0.0,1.0,0.0,0.0,0.0,0.0
31,145,0.1740747834549476,3.877999073348664,1.0,0.0,1.0,1.0,1.0,0.0
32,145,1.5709232464520566,12.0,0.0,0.0,0.0,1.0,0.0,1.0
33,145,2.981628009530616,6.333058028552635,1.0,0.0,0.0,0.0,0.0,0.0
34,145,8.5726626144772,9.678395276068567,1.0,0.0,1.0,0.0,0.0,0.0
35,145,5.314498283380465,9.117437048343763,0.0,1.0,1.0,0.0,0.0,0.0
36,145,3.5834364873794304,6.864062795140501,1.0,0.0,0.0,1.0,0.0,1.0
37,145,8.052480289400576,5.018554050714134,1.0,0.0,0.0,1.0,1.0,0.0
38,145,2.074579620098583,0.0,0.0,1.0,0.0,0.0,0.0,1.0
39,145,1.2316781119115088,2.9636534650160744,1.0,1.0,1.0,1.0,0.0,0.0
0,150,8.776970763767942,9.520827491306616,1.0,1.0,0.0,1.0,0.0,0.0
1,150,4.760089250677185,7.318979567585402,0.0,1.0,0.0,0.0,0.0,1.0
2,150,8.211113535527005,7.592873579182769,0.0,0.0,1.0,1.0,1.0,0.0
3,150,5.0402882358141925,11.968398239310067,0.0,1.0,1.0,0.0,1.0,0.0
4,150,0.2847179022426075,4.594602817299598,1.0,0.0,1.0,1.0,0.0,0.0
5,150,6.595355373429265,6.9876368564079465,1.0,0.0,0.0,1.0,1.0,0.0
6,150,12.0,8.815721072193332,0.0,0.0,0.0,0.0,0.0,1.0
7,150,9.038118503982316,3.2736949648281013,0.0,1.0,1.0,0.0,1.0,0.0
8,150,1.3883998396732895,0.0062934382589534,0.0,1.0,1.0,0.0,1.0,1.0
9,150,0.0,1.017980555208132,0.0,0.0,0.0,0.0,1.0,0.0
10,150,11.804252507171377,1.5029592655226895,0.0,0.0,1.0,0.0,1.0,1.0
11,150,2.747504491456178,0.6193137053484898,0.0,0.0,0.0,1.0,0.0,0.0
12,150,7.047583021034885,4.350863117072487,1.0,0.0,0.0,1.0,0.0,0.0
13,150,10.425304076156364,10.856672448536074,1.0,0.0,0.0,1.0,0.0,0.0
14,150,11.85653914072061,7.354792434507745,1.0,1.0,0.0,1.0,0.0,0.0
15,150,8.902553824033896,8.680679787357912,1.0,0.0,0.0,0.0,1.0,1.0
16,150,2.80956727710288,1.231055929239921,1.0,1.0,1.0,1.0,0.0,0.0
17,150,6.758881801099321,8.864000734346044,1.0,0.0,0.0,1.0,0.0,0.0
18,150,8.766647447208321,3.034835834308512,1.0,0.0,0.0,1.0,1.0,0.0
19,150,9.261582810864232,10.204683447744962,0.0,1.0,0.0,1.0,0.0,0.0
20,150,4.843491503757565,4.729463800472751,0.0,1.0,1.0,0.0,0.0,1.0
21,150,11.07044292354766,2.790040155664896,0.0,0.0,1.0,0.0,0.0,0.0
22,150,7.9754448434845,7.834101821786752,0.0,1.0,1.0,0.0,0.0,1.0
23,150,7.187631998948641,5.360959119659628,0.0,0.0,0.0,0.0,0.0,1.0
24,150,2.6949378150360044,1.3763868042639884,0.0,0.0,0.0,1.0,0.0,0.0
25,150,2.8267967616049487,7.5636388688779075,0.0,1.0,0.0,0.0,0.0,0.0
26,150,7.11189142013201,7.324524802028097,0.0,1.0,1.0,1.0,0.0,1.0
27,150,1.939802060152787,6.887301668336244,1.0,0.0,0.0,1.0,0.0,1.0
28,150,7.091776171675058,4.348341181435353,1.0,0.0,1.0,1.0,0.0,0.0
29,150,10.271853954213933,6.683313856790244,0.0,0.0,0.0,1.0,1.0,1.0
30,150,1.4465883407058802,7.469433414769044,0.0,1.0,0.0,0.0,0.0,0.0
31,150,0.1829776530836282,3.834541805448104,1.0,0.0,1.0,1.0,1.0,0.0
32,150,1.5902827147953489,12.0,0.0,0.0,0.0,1.0,0.0,1.0
33,150,2.981622499239057,6.332385810463547,1.0,0.0,0.0,0.0,0.0,0.0
34,150,8.597884792492472,9.661298425002895,1.0,0.0,1.0,0.0,0.0,0.0
35,150,5.227051306892938,9.122467572909608,0.0,1.0,1.0,0.0,0.0,0.0
36,150,3.594623532303919,6.830896850290275,1.0,0.0,0.0,1.0,0.0,1.0
37,150,8.116968169012095,5.015240102337134,1.0,0.0,0.0,1.0,1.0,0.0
38,150,2.0563772624204746,0.0,0.0,1.0,0.0,0.0,0.0,1.0
39,150,1.2629027327847893,2.7180503188845204,1.0,1.0,1.0,1.0,0.0,0.0
0,155,8.790932037392336,9.512044246506198,1.0,1.0,0.0,1.0,0.0,0.0
1,155,4.772478621793923,7.359052192080143,0.0,1.0,0.0,0.0,0.0,1.0
2,155,8.212477116714982,7.608803064269101,0.0,0.0,1.0,1.0,1.0,0.0
3,155,5.15152235283562,11.940711775425743,0.0,1.0,1.0,0.0,1.0,0.0
4,155,0.1334570733854704,4.567596817257218,1.0,0.0,1.0,1.0,0.0,0.0
5,155,6.58224944565193,7.098399830735444,1.0,0.0,0.0,1.0,1.0,0.0
6,155,12.0,8.660420318177492,0.0,0.0,0.0,0.0,0.0,1.0
7,155,8.971110908257614,3.2267156369750043,0.0,1.0,1.0,0.0,1.0,0.0
8,155,1.3983337453515363,0.0196540954793204,0.0,1.0,1.0,0.0,1.0,1.0
9,155,0.0156395267852118,1.016526998035429,0.0,0.0,0.0,0.0,1.0,0.0
10,155,11.81761463461269,1.4423599873534805,0.0,0.0,1.0,0.0,1.0,1.0
11,155,2.713657767119845,0.5963398707660741,0.0,0.0,0.0,1.0,0.0,0.0
12,155,7.048253956721008,4.3794720530355855,1.0,0.0,0.0,1.0,0.0,0.0
13,155,10.43003444135776,10.85937476998232,1.0,0.0,0.0,1.0,0.0,0.0
14,155,11.84603848365361,7.2238261697644415,1.0,1.0,0.0,1.0,0.0,0.0
15,155,8.879153010507636,8.692150365314532,1.0,0.0,0.0,0.0,1.0,1.0
16,155,2.774010802147312,1.2063910863376508,1.0,1.0,1.0,1.0,0.0,0.0
17,155,6.817675175685238,8.818206622735968,1.0,0.0,0.0,1.0,0.0,0.0
18,155,8.954223420893088,3.14533603868204,1.0,0.0,0.0,1.0,1.0,0.0
19,155,9.269649633569252,10.262460492284578,0.0,1.0,0.0,1.0,0.0,0.0
20,155,4.854100393865845,4.767085926243126,0.0,1.0,1.0,0.0,0.0,1.0
21,155,11.078385119302297,2.861162767642009,0.0,0.0,1.0,0.0,0.0,0.0
22,155,8.03563567856435,7.712909705639743,0.0,1.0,1.0,0.0,0.0,1.0
23,155,7.169083331739033,5.40174478271501,0.0,0.0,0.0,0.0,0.0,1.0
24,155,2.709037780727264,1.360062650013002,0.0,0.0,0.0,1.0,0.0,0.0
25,155,2.862152809991117,7.509000967620563,0.0,1.0,0.0,0.0,0.0,0.0
26,155,7.1061888527244585,7.3378534782801665,0.0,1.0,1.0,1.0,0.0,1.0
27,155,2.0146065250439245,6.9743021171812565,1.0,0.0,0.0,1.0,0.0,1.0
28,155,7.088588405367674,4.353292018940032,1.0,0.0,1.0,1.0,0.0,0.0
29,155,10.170319295298553,6.6718624627691465,0.0,0.0,0.0,1.0,1.0,1.0
30,155,1.4216544442522492,7.410633551451944,0.0,1.0,0.0,0.0,0.0,0.0
31,155,0.1923929168752041,3.78904392304732,1.0,0.0,1.0,1.0,1.0,0.0
32,155,1.602879183784281,12.0,0.0,0.0,0.0,1.0,0.0,1.0
33,155,2.981556828500007,6.346785658309726,1.0,0.0,0.0,0.0,0.0,0.0
34,155,8.617840093340828,9.64748851330978,1.0,0.0,1.0,0.0,0.0,0.0
35,155,5.140303836161136,9.12695532602779,0.0,1.0,1.0,0.0,0.0,0.0
36,155,3.609999298685472,6.786552954025972,1.0,0.0,0.0,1.0,0.0,1.0
37,155,8.174677758027528,5.011493264520615,1.0,0.0,0.0,1.0,1.0,0.0
38,155,2.0409967286444632,0.0,0.0,1.0,0.0,0.0,0.0,1.0
39,155,1.294093961592386,2.4626684816068463,1.0,1.0,1.0,1.0,0.0,0.0
0,160,8.786543965069638,9.51483813492269,1.0,1.0,0.0,1.0,0.0,0.0
1,160,4.778999594434239,7.379884020340157,0.0,1.0,0.0,0.0,0.0,1.0
2,160,8.21605706908096,7.650566960311121,0.0,0.0,1.0,1.0,1.0,0.0
3,160,5.272874680040726,11.912061142002232,0.0,1.0,1.0,0.0,1.0,0.0
4,160,0.0048963446279295,4.545156860383671,1.0,0.0,1.0,1.0,0.0,0.0
5,160,6.566797135231811,7.214546997385586,1.0,0.0,0.0,1.0,1.0,0.0
6,160,12.0,8.512952359139089,0.0,0.0,0.0,0.0,0.0,1.0
7,160,8.907479825050487,3.181222236199284,0.0,1.0,1.0,0.0,1.0,0.0
8,160,1.418116867322829,0.0462577047511473,0.0,1.0,1.0,0.0,1.0,1.0
9,160,0.0256584931155556,1.0156602741283804,0.0,0.0,0.0,0.0,1.0,0.0
10,160,11.830467945705813,1.38023877344444,0.0,0.0,1.0,0.0,1.0,1.0
11,160,2.734579238755414,0.5645886776416139,0.0,0.0,0.0,1.0,0.0,0.0
12,160,7.049112632595998,4.422167379200806,1.0,0.0,0.0,1.0,0.0,0.0
13,160,10.425288384406072,10.85674295272195,1.0,0.0,0.0,1.0,0.0,0.0
14,160,11.837850094623583,7.117214313085075,1.0,1.0,0.0,1.0,0.0,0.0
15,160,8.874432612305366,8.694524180923716,1.0,0.0,0.0,0.0,1.0,1.0
16,160,2.728519410296772,1.173720684644794,1.0,1.0,1.0,1.0,0.0,0.0
17,160,6.871570566624459,8.774522479884736,1.0,0.0,0.0,1.0,0.0,0.0
18,160,9.143467467945904,3.2568794776144125,1.0,0.0,0.0,1.0,1.0,0.0
19,160,9.28072686189084,10.334900353806129,0.0,1.0,0.0,1.0,0.0,0.0
20,160,4.865841570525234,4.804528878434359,0.0,1.0,1.0,0.0,0.0,1.0
21,160,11.087905951480796,2.927557213511954,0.0,0.0,1.0,0.0,0.0,0.0
22,160,8.104383153737244,7.576467831856356,0.0,1.0,1.0,0.0,0.0,1.0
23,160,7.161054808830936,5.418359196453925,0.0,0.0,0.0,0.0,0.0,1.0
24,160,2.732659950695873,1.3320248112625837,0.0,0.0,0.0,1.0,0.0,0.0
25,160,2.8982478406272434,7.448944781845147,0.0,1.0,0.0,0.0,0.0,0.0
26,160,7.1103259284210285,7.3274501992774,0.0,1.0,1.0,1.0,0.0,1.0
27,160,2.095087751733633,7.066288786447052,1.0,0.0,0.0,1.0,0.0,1.0
28,160,7.07897961883848,4.367378235096335,1.0,0.0,1.0,1.0,0.0,0.0
29,160,10.080622179610597,6.662767450251679,0.0,0.0,0.0,1.0,1.0,1.0
30,160,1.3983846516039675,7.355861121505896,0.0,1.0,0.0,0.0,0.0,0.0
31,160,0.2030785788317931,3.733024388399266,1.0,0.0,1.0,1.0,1.0,0.0
32,160,1.621394359712751,12.0,0.0,0.0,0.0,1.0,0.0,1.0
33,160,2.982401903289323,6.380482007112602,1.0,0.0,0.0,0.0,0.0,0.0
34,160,8.63931405030439,9.6330314038185,1.0,0.0,1.0,0.0,0.0,0.0
35,160,5.046404227688351,9.13250275157022,0.0,1.0,1.0,0.0,0.0,0.0
36,160,3.6286508116515273,6.734413243833391,1.0,0.0,0.0,1.0,0.0,1.0
37,160,8.214959789175241,5.009165660572118,1.0,0.0,0.0,1.0,1.0,0.0
38,160,2.0216444536910534,0.0,0.0,1.0,0.0,0.0,0.0,1.0
39,160,1.3243165903074627,2.210025886348653,1.0,1.0,1.0,1.0,0.0,0.0
0,165,8.812603603451363,9.497726438450789,1.0,1.0,0.0,1.0,0.0,0.0
1,165,4.781559138497525,7.387634886529772,0.0,1.0,0.0,0.0,0.0,1.0
2,165,8.22198264967262,7.703392944261879,0.0,0.0,1.0,1.0,1.0,0.0
3,165,5.409510559703236,11.878462657479634,0.0,1.0,1.0,0.0,1.0,0.0
4,165,0.0,4.522702371800652,1.0,0.0,1.0,1.0,0.0,0.0
5,165,6.556197201064511,7.311016175467433,1.0,0.0,0.0,1.0,1.0,0.0
6,165,12.0,8.363561093864808,0.0,0.0,0.0,0.0,0.0,1.0
7,165,8.832565006925208,3.1267013144284608,0.0,1.0,1.0,0.0,1.0,0.0
8,165,1.4397813800856545,0.0759134947766402,0.0,1.0,1.0,0.0,1.0,1.0
9,165,0.0271528024969331,1.0313054398910193,0.0,0.0,0.0,0.0,1.0,0.0
10,165,11.842678674594332,1.3128342497897585,0.0,0.0,1.0,0.0,1.0,1.0
11,165,2.74467611687666,0.5488610792039657,0.0,0.0,0.0,1.0,0.0,0.0
12,165,7.0515807912739215,4.483942404096099,1.0,0.0,0.0,1.0,0.0,0.0
13,165,10.418715724285468,10.852746512570675,1.0,0.0,0.0,1.0,0.0,0.0
14,165,11.830720022248808,7.022392594344959,1.0,1.0,0.0,1.0,0.0,0.0
15,165,8.875315505720577,8.694073173230992,1.0,0.0,0.0,0.0,1.0,1.0
16,165,2.675325406336924,1.1377796191773455,1.0,1.0,1.0,1.0,0.0,0.0
17,165,6.91563009510822,8.738698315623404,1.0,0.0,0.0,1.0,0.0,0.0
18,165,9.340088085847762,3.3702829530591685,1.0,0.0,0.0,1.0,1.0,0.0
19,165,9.287373530014316,10.377870463494766,0.0,1.0,0.0,1.0,0.0,0.0
20,165,4.879404283896281,4.847835538693396,0.0,1.0,1.0,0.0,0.0,1.0
21,165,11.09682597474346,2.985466470546333,0.0,0.0,1.0,0.0,0.0,0.0
22,165,8.17288217250051,7.442659014669561,0.0,1.0,1.0,0.0,0.0,1.0
23,165,7.142677890417515,5.455186464245466,0.0,0.0,0.0,0.0,0.0,1.0
24,165,2.7588632923062573,1.299722253063832,0.0,0.0,0.0,1.0,0.0,0.0
25,165,2.9438728912774463,7.369469825685639,0.0,1.0,0.0,0.0,0.0,0.0
26,165,7.113338861134273,7.319546938825812,0.0,1.0,1.0,1.0,0.0,1.0
27,165,2.182020337785248,7.168605027972449,1.0,0.0,0.0,1.0,0.0,1.0
28,165,7.058166921846812,4.399314089758849,1.0,0.0,1.0,1.0,0.0,0.0
29,165,9.973577781547714,6.652750051244915,0.0,0.0,0.0,1.0,1.0,1.0
30,165,1.3798638410810011,7.309234192390898,0.0,1.0,0.0,0.0,0.0,0.0
31,165,0.2112161996254886,3.686838035756927,1.0,0.0,1.0,1.0,1.0,0.0
32,165,1.640952825766358,12.0,0.0,0.0,0.0,1.0,0.0,1.0
33,165,2.9839161030480152,6.409886809751384,1.0,0.0,0.0,0.0,0.0,0.0
34,165,8.677499275576169,9.607400279194858,1.0,0.0,1.0,0.0,0.0,0.0
35,165,4.97526051745798,9.136043242366666,0.0,1.0,1.0,0.0,0.0,0.0
36,165,3.650392965434588,6.676687574088518,1.0,0.0,0.0,1.0,0.0,1.0
37,165,8.229416575899755,5.0082700225009535,1.0,0.0,0.0,1.0,1.0,0.0
38,165,2.00770984823559,0.0,0.0,1.0,0.0,0.0,0.0,1.0
39,165,1.3572105113624229,1.951375535813073,1.0,1.0,1.0,1.0,0.0,0.0
0,170,8.831982667687418,9.484961422514155,1.0,1.0,0.0,1.0,0.0,0.0
1,170,4.783174568706839,7.392867484940892,0.0,1.0,0.0,0.0,0.0,1.0
2,170,8.226285698973731,7.746806873229848,0.0,0.0,1.0,1.0,1.0,0.0
3,170,5.5367168869562216,11.843670843493314,0.0,1.0,1.0,0.0,1.0,0.0
4,170,0.0,4.498014575478069,1.0,0.0,1.0,1.0,0.0,0.0
5,170,6.54700066332158,7.398542535324158,1.0,0.0,0.0,1.0,1.0,0.0
6,170,12.0,8.225380747313773,0.0,0.0,0.0,0.0,0.0,1.0
7,170,8.770736760201233,3.084778597973473,0.0,1.0,1.0,0.0,1.0,0.0
8,170,1.4672642292203508,0.1146960691045656,0.0,1.0,1.0,0.0,1.0,1.0
9,170,0.0304331435886323,1.0651011289061292,0.0,0.0,0.0,0.0,1.0,0.0
10,170,11.851614426490755,1.268192893275848,0.0,0.0,1.0,0.0,1.0,1.0
11,170,2.759347845588527,0.5256498071626164,0.0,0.0,0.0,1.0,0.0,0.0
12,170,7.052999592887845,4.554773279356671,1.0,0.0,0.0,1.0,0.0,0.0
13,170,10.401937517653744,10.84296654694218,1.0,0.0,0.0,1.0,0.0,0.0
14,170,11.822679616245514,6.929075943439599,1.0,1.0,0.0,1.0,0.0,0.0
15,170,8.879636143896109,8.691815430223356,1.0,0.0,0.0,0.0,1.0,1.0
16,170,2.621993571476135,1.0993431181171889,1.0,1.0,1.0,1.0,0.0,0.0
17,170,6.957121224994105,8.704274575654225,1.0,0.0,0.0,1.0,0.0,0.0
18,170,9.550601053021328,3.4910475533922263,1.0,0.0,0.0,1.0,1.0,0.0
19,170,9.289490029048917,10.392627491405063,0.0,1.0,0.0,1.0,0.0,0.0
20,170,4.885422572364885,4.8669407247692655,0.0,1.0,1.0,0.0,0.0,1.0
21,170,11.112213427454854,3.0725062608194174,0.0,0.0,1.0,0.0,0.0,0.0
22,170,8.250725990877095,7.295571295815302,0.0,1.0,1.0,0.0,0.0,1.0
23,170,7.13673757408329,5.467457368888394,0.0,0.0,0.0,0.0,0.0,1.0
24,170,2.7939825996724967,1.2585237126362547,0.0,0.0,0.0,1.0,0.0,0.0
25,170,2.8676515323705205,7.324280365661607,0.0,1.0,0.0,0.0,0.0,0.0
26,170,7.109099887442669,7.329868591254625,0.0,1.0,1.0,1.0,0.0,1.0
27,170,2.260310857766448,7.260393864071005,1.0,0.0,0.0,1.0,0.0,1.0
28,170,7.046690908108837,4.416772129538519,1.0,0.0,1.0,1.0,0.0,0.0
29,170,9.835310433467464,6.63829894121983,0.0,0.0,0.0,1.0,1.0,1.0
30,170,1.3677242494705928,7.280931890941074,0.0,1.0,0.0,0.0,0.0,0.0
31,170,0.2179377081738461,3.647337402790642,1.0,0.0,1.0,1.0,1.0,0.0
32,170,1.658767557839791,12.0,0.0,0.0,0.0,1.0,0.0,1.0
33,170,2.9846546956434103,6.42916178209949,1.0,0.0,0.0,0.0,0.0,0.0
34,170,8.716395767255078,9.580959142906028,1.0,0.0,1.0,0.0,0.0,0.0
35,170,4.904471686104523,9.141462438283591,0.0,1.0,1.0,0.0,0.0,0.0
36,170,3.708940519789017,6.6980419886714975,1.0,0.0,0.0,1.0,0.0,1.0
37,170,8.248405286983806,5.006975558508474,1.0,0.0,0.0,1.0,1.0,0.0
38,170,1.9928691206726712,0.0,0.0,1.0,0.0,0.0,0.0,1.0
39,170,1.3948253103483783,1.6924035236931607,1.0,1.0,1.0,1.0,0.0,0.0
0,175,8.857484634709662,9.467840969148964,1.0,1.0,0.0,1.0,0.0,0.0
1,175,4.78558052914006,7.400988281875069,0.0,1.0,0.0,0.0,0.0,1.0
2,175,8.229815340330278,7.797829812951583,0.0,0.0,1.0,1.0,1.0,0.0
3,175,5.681757395597977,11.802837648235553,0.0,1.0,1.0,0.0,1.0,0.0
4,175,0.0,4.466326164860785,1.0,0.0,1.0,1.0,0.0,0.0
5,175,6.533427958400067,7.513652963663157,1.0,0.0,0.0,1.0,1.0,0.0
6,175,12.0,8.104952737399632,0.0,0.0,0.0,0.0,0.0,1.0
7,175,8.71095313188391,3.0453595129775723,0.0,1.0,1.0,0.0,1.0,0.0
8,175,1.4985659418632342,0.1548981368100455,0.0,1.0,1.0,0.0,1.0,1.0
9,175,0.0360059822926666,1.1146007058461471,0.0,0.0,0.0,0.0,1.0,0.0
10,175,11.86278297733117,1.2150736944654486,0.0,0.0,1.0,0.0,1.0,1.0
11,175,2.774937885736545,0.5014281279813114,0.0,0.0,0.0,1.0,0.0,0.0
12,175,7.054629198951208,4.614379450295612,1.0,0.0,0.0,1.0,0.0,0.0
13,175,10.385559859960738,10.833377067937722,1.0,0.0,0.0,1.0,0.0,0.0
14,175,11.81461218419643,6.8370576426316365,1.0,1.0,0.0,1.0,0.0,0.0
15,175,8.891726920201723,8.685472444152325,1.0,0.0,0.0,0.0,1.0,1.0
16,175,2.5663383472682546,1.0589398256095437,1.0,1.0,1.0,1.0,0.0,0.0
17,175,7.016563496915118,8.657621489919087,1.0,0.0,0.0,1.0,0.0,0.0
18,175,9.77120956455037,3.621237729897204,1.0,0.0,0.0,1.0,1.0,0.0
19,175,9.293032594882678,10.419394124887916,0.0,1.0,0.0,1.0,0.0,0.0
20,175,4.8882851067423845,4.876329547458901,0.0,1.0,1.0,0.0,0.0,1.0
21,175,11.125566073492225,3.151722184440451,0.0,0.0,1.0,0.0,0.0,0.0
22,175,8.3265543472164,7.158622004507119,0.0,1.0,1.0,0.0,0.0,1.0
23,175,7.129886823146505,5.481819505432157,0.0,0.0,0.0,0.0,0.0,1.0
24,175,2.832244241409314,1.214857186575656,0.0,0.0,0.0,1.0,0.0,0.0
25,175,2.8029049680904663,7.2861730255071455,0.0,1.0,0.0,0.0,0.0,0.0
26,175,7.10818220695323,7.332111217492368,0.0,1.0,1.0,1.0,0.0,1.0
27,175,2.333738138997682,7.348555472594454,1.0,0.0,0.0,1.0,0.0,1.0
28,175,7.03374364394229,4.43642724671365,1.0,0.0,1.0,1.0,0.0,0.0
29,175,9.69967905689041,6.625292157714137,0.0,0.0,0.0,1.0,1.0,1.0
30,175,1.3647703081212714,7.273916839690388,0.0,1.0,0.0,0.0,0.0,0.0
31,175,0.2232994393915514,3.6071958673122326,1.0,0.0,1.0,1.0,1.0,0.0
32,175,1.6819661755889954,12.0,0.0,0.0,0.0,1.0,0.0,1.0
33,175,2.984799588216473,6.438310450860792,1.0,0.0,0.0,0.0,0.0,0.0
34,175,8.761392938633243,9.550815858926184,1.0,0.0,1.0,0.0,0.0,0.0
35,175,4.831883158638992,9.1462415718137,0.0,1.0,1.0,0.0,0.0,0.0
36,175,3.7503653525861855,6.712237485206702,1.0,0.0,0.0,1.0,0.0,1.0
37,175,8.292183312688543,5.003514986813234,1.0,0.0,0.0,1.0,1.0,0.0
38,175,2.028810535474295,0.0,0.0,1.0,0.0,0.0,0.0,1.0
39,175,1.6444864131670809,1.7322143588986938,1.0,1.0,1.0,1.0,0.0,0.0
0,180,8.870170176176481,9.459101913946771,1.0,1.0,0.0,1.0,0.0,0.0
1,180,4.789002733228968,7.412275306380186,0.0,1.0,0.0,0.0,0.0,1.0
2,180,8.233781370853048,7.850257412638122,0.0,0.0,1.0,1.0,1.0,0.0
3,180,5.83012611085366,11.754302792405127,0.0,1.0,1.0,0.0,1.0,0.0
4,180,0.0,4.43519474821089,1.0,0.0,1.0,1.0,0.0,0.0
5,180,6.522612951185038,7.619165137006171,1.0,0.0,0.0,1.0,1.0,0.0
6,180,12.0,7.989552539566072,0.0,0.0,0.0,0.0,0.0,1.0
7,180,8.653009210682187,3.006301070980683,0.0,1.0,1.0,0.0,1.0,0.0
8,180,1.5314599155998627,0.1968471906666715,0.0,1.0,1.0,0.0,1.0,1.0
9,180,0.0417290291309075,1.1664898939853303,0.0,0.0,0.0,0.0,1.0,0.0
10,180,11.874865441312222,1.1494512890457034,0.0,0.0,1.0,0.0,1.0,1.0
11,180,2.793507153226769,0.4736216893719995,0.0,0.0,0.0,1.0,0.0,0.0
12,180,7.057116930506881,4.669449936512727,1.0,0.0,0.0,1.0,0.0,0.0
13,180,10.358938244487804,10.818201800433748,1.0,0.0,0.0,1.0,0.0,0.0
14,180,11.809982355737736,6.765758705789452,1.0,1.0,0.0,1.0,0.0,0.0
15,180,8.89305781584139,8.68472294084809,1.0,0.0,0.0,0.0,1.0,1.0
16,180,2.516232644104277,1.0210102469333069,1.0,1.0,1.0,1.0,0.0,0.0
17,180,7.071869894161645,8.611799613041637,1.0,0.0,0.0,1.0,0.0,0.0
18,180,10.001989292186584,3.7616049352317504,1.0,0.0,0.0,1.0,1.0,0.0
19,180,9.29854236025626,10.463085940134116,0.0,1.0,0.0,1.0,0.0,0.0
20,180,4.881949154403427,4.858007192161079,0.0,1.0,1.0,0.0,0.0,1.0
21,180,11.137170748664744,3.221012208962992,0.0,0.0,1.0,0.0,0.0,0.0
22,180,8.40071586924658,7.015128772454096,0.0,1.0,1.0,0.0,0.0,1.0
23,180,7.121284740654343,5.4982061016281145,0.0,0.0,0.0,0.0,0.0,1.0
24,180,2.8764747466281664,1.1630051864971584,0.0,0.0,0.0,1.0,0.0,0.0
25,180,2.7360966637144792,7.247027743094659,0.0,1.0,0.0,0.0,0.0,0.0
26,180,7.098329984899164,7.355970019245015,0.0,1.0,1.0,1.0,0.0,1.0
27,180,2.3838651527393995,7.408426158480134,1.0,0.0,0.0,1.0,0.0,1.0
28,180,7.021597477194853,4.455164017718765,1.0,0.0,1.0,1.0,0.0,0.0
29,180,9.54793205969922,6.610913844706582,0.0,0.0,0.0,1.0,1.0,1.0
30,180,1.368299365844108,7.281729231982732,0.0,1.0,0.0,0.0,0.0,0.0
31,180,0.2263470914833296,3.585881642239815,1.0,0.0,1.0,1.0,1.0,0.0
32,180,1.707292088187194,12.0,0.0,0.0,0.0,1.0,0.0,1.0
33,180,2.98478542926117,6.446787423843115,1.0,0.0,0.0,0.0,0.0,0.0
34,180,8.809018003678728,9.519528083741363,1.0,0.0,1.0,0.0,0.0,0.0
35,180,4.751012137674007,9.150960581429509,0.0,1.0,1.0,0.0,0.0,0.0
36,180,3.790663136345744,6.726068427071742,1.0,0.0,0.0,1.0,0.0,1.0
37,180,8.326270840569984,5.001942450843901,1.0,0.0,0.0,1.0,1.0,0.0
38,180,2.05999969111194,0.0,0.0,1.0,0.0,0.0,0.0,1.0
39,180,1.9079795455546609,1.7800899106215955,1.0,1.0,1.0,1.0,0.0,0.0
0,185,8.872857964819692,9.457344442119224,1.0,1.0,0.0,1.0,0.0,0.0
1,185,4.805855866736224,7.469790614259087,0.0,1.0,0.0,0.0,0.0,1.0
2,185,8.234316414457078,7.891148279935733,0.0,0.0,1.0,1.0,1.0,0.0
3,185,5.971753878260129,11.70761834678288,0.0,1.0,1.0,0.0,1.0,0.0
4,185,0.0,4.407250704160227,1.0,0.0,1.0,1.0,0.0,0.0
5,185,6.508951118624456,7.7417168286309295,1.0,0.0,0.0,1.0,1.0,0.0
6,185,12.0,7.884106024752522,0.0,0.0,0.0,0.0,0.0,1.0
7,185,8.571640153091082,2.956055793400429,0.0,1.0,1.0,0.0,1.0,0.0
8,185,1.5686975315346183,0.2435631819807643,0.0,1.0,1.0,0.0,1.0,1.0
9,185,0.0473180109991136,1.2258394656469682,0.0,0.0,0.0,0.0,1.0,0.0
10,185,11.889070507958388,1.0750085348975358,0.0,0.0,1.0,0.0,1.0,1.0
11,185,2.826448088032506,0.4244874273867589,0.0,0.0,0.0,1.0,0.0,0.0
12,185,7.059107183970267,4.71610782112808,1.0,0.0,0.0,1.0,0.0,0.0
13,185,10.332878852752488,10.801845767353967,1.0,0.0,0.0,1.0,0.0,0.0
14,185,11.806112616233964,6.693928781068552,1.0,1.0,0.0,1.0,0.0,0.0
15,185,8.887683660066411,8.68790825036193,1.0,0.0,0.0,0.0,1.0,1.0
16,185,2.451942372082291,0.975242984855796,1.0,1.0,1.0,1.0,0.0,0.0
17,185,7.109820333933538,8.578843477775036,1.0,0.0,0.0,1.0,0.0,0.0
18,185,10.237432496691072,3.9121174256923945,1.0,0.0,0.0,1.0,1.0,0.0
19,185,9.302085370025129,10.493405006116872,0.0,1.0,0.0,1.0,0.0,0.0
20,185,4.873110017038966,4.832260512789631,0.0,1.0,1.0,0.0,0.0,1.0
21,185,11.151375483462129,3.303561010946593,0.0,0.0,1.0,0.0,0.0,0.0
22,185,8.473424661568577,6.866368098830422,0.0,1.0,1.0,0.0,0.0,1.0
23,185,7.1121957439232135,5.51536592963712,0.0,0.0,0.0,0.0,0.0,1.0
24,185,2.93014123362953,1.103443004515561,0.0,0.0,0.0,1.0,0.0,0.0
25,185,2.672688211618251,7.210456244968825,0.0,1.0,0.0,0.0,0.0,0.0
26,185,7.089716576746573,7.377053414747639,0.0,1.0,1.0,1.0,0.0,1.0
27,185,2.4265791852274416,7.460399107733372,1.0,0.0,0.0,1.0,0.0,1.0
28,185,7.018109639255623,4.460512672394286,1.0,0.0,1.0,1.0,0.0,0.0
29,185,9.397968165792753,6.5949672428305695,0.0,0.0,0.0,1.0,1.0,1.0
30,185,1.3722111547504283,7.290393613703893,0.0,1.0,0.0,0.0,0.0,0.0
31,185,0.2283714996432726,3.570844181761776,1.0,0.0,1.0,1.0,1.0,0.0
32,185,1.734626246367675,12.0,0.0,0.0,0.0,1.0,0.0,1.0
33,185,2.9849106735623185,6.4397709203343245,1.0,0.0,0.0,0.0,0.0,0.0
34,185,8.860273208052522,9.48635291689343,1.0,0.0,1.0,0.0,0.0,0.0
35,185,4.66323909753058,9.156812943385123,0.0,1.0,1.0,0.0,0.0,0.0
36,185,3.837688188724204,6.743438260565084,1.0,0.0,0.0,1.0,0.0,1.0
37,185,8.367593823067489,5.00038085501819,1.0,0.0,0.0,1.0,1.0,0.0
38,185,2.0860623017876976,0.0,0.0,1.0,0.0,0.0,0.0,1.0
39,185,2.159070601605425,1.829034446854908,1.0,1.0,1.0,1.0,0.0,0.0
0,190,8.852486490772995,9.470861708239532,1.0,1.0,0.0,1.0,0.0,0.0
1,190,4.827607571530946,7.547963208591517,0.0,1.0,0.0,0.0,0.0,1.0
2,190,8.235546195069459,7.944823186169096,0.0,0.0,1.0,1.0,1.0,0.0
3,190,6.086789178027586,11.67018314578828,0.0,1.0,1.0,0.0,1.0,0.0
4,190,0.0,4.384410465688816,1.0,0.0,1.0,1.0,0.0,0.0
5,190,6.494080772124238,7.845598609864538,1.0,0.0,0.0,1.0,1.0,0.0
6,190,12.0,7.783732042009149,0.0,0.0,0.0,0.0,0.0,1.0
7,190,8.486184742043879,2.903159382907383,0.0,1.0,1.0,0.0,1.0,0.0
8,190,1.6013937161543843,0.2852786234414448,0.0,1.0,1.0,0.0,1.0,1.0
9,190,0.0525239767386569,1.289236191873527,0.0,0.0,0.0,0.0,1.0,0.0
10,190,11.903719027812832,0.9914904472481272,0.0,0.0,1.0,0.0,1.0,1.0
11,190,2.857969934160521,0.3728875206615921,0.0,0.0,0.0,1.0,0.0,0.0
12,190,7.060332886411513,4.744408805659339,1.0,0.0,0.0,1.0,0.0,0.0
13,190,10.297726192973451,10.779218931373794,1.0,0.0,0.0,1.0,0.0,0.0
14,190,11.801441499207188,6.61662845751287,1.0,1.0,0.0,1.0,0.0,0.0
15,190,8.89866331301288,8.681278424410843,1.0,0.0,0.0,0.0,1.0,1.0
16,190,2.39063184362392,0.9315851263347504,1.0,1.0,1.0,1.0,0.0,0.0
17,190,7.146796619461614,8.545056469042217,1.0,0.0,0.0,1.0,0.0,0.0
18,190,10.4876432244962,4.079571836448196,1.0,0.0,0.0,1.0,1.0,0.0
19,190,9.304312937633664,10.511185251680772,0.0,1.0,0.0,1.0,0.0,0.0
20,190,4.865697792687747,4.80959361356968,0.0,1.0,1.0,0.0,0.0,1.0
21,190,11.164164584605611,3.3798755244651773,0.0,0.0,1.0,0.0,0.0,0.0
22,190,8.54499405541581,6.719972564941791,0.0,1.0,1.0,0.0,0.0,1.0
23,190,7.105332181965959,5.528383169244488,0.0,0.0,0.0,0.0,0.0,1.0
24,190,2.9697488665452494,1.0596866454726808,0.0,0.0,0.0,1.0,0.0,0.0
25,190,2.594378612385692,7.165554863822876,0.0,1.0,0.0,0.0,0.0,0.0
26,190,7.082458032498726,7.395111950316394,0.0,1.0,1.0,1.0,0.0,1.0
27,190,2.46487452857434,7.509453123114396,1.0,0.0,0.0,1.0,0.0,1.0
28,190,7.033818256108432,4.437228927828168,1.0,0.0,1.0,1.0,0.0,0.0
29,190,9.251387627288286,6.577713948634899,0.0,0.0,0.0,1.0,1.0,1.0
30,190,1.3778055078552462,7.302462650373866,0.0,1.0,0.0,0.0,0.0,0.0
31,190,0.2292686450679078,3.565148717641556,1.0,0.0,1.0,1.0,1.0,0.0
32,190,1.7604799031386438,12.0,0.0,0.0,0.0,1.0,0.0,1.0
33,190,2.984884762314112,6.441514854125418,1.0,0.0,0.0,0.0,0.0,0.0
34,190,8.900159823178386,9.459225141696791,1.0,0.0,1.0,0.0,0.0,0.0
35,190,4.584703208524536,9.163361544980033,0.0,1.0,1.0,0.0,0.0,0.0
36,190,3.882772550131929,6.759891657857465,1.0,0.0,0.0,1.0,0.0,1.0
37,190,8.413515446385372,4.999084155678829,1.0,0.0,0.0,1.0,1.0,0.0
38,190,2.0966195816318667,0.0,0.0,1.0,0.0,0.0,0.0,1.0
39,190,2.4326804659054364,1.8778612323771864,1.0,1.0,1.0,1.0,0.0,0.0
0,195,8.872376200479945,9.457019369673604,1.0,1.0,0.0,1.0,0.0,0.0
1,195,4.851792953916418,7.633169514708755,0.0,1.0,0.0,0.0,0.0,1.0
2,195,8.237106134920246,8.000507317078219,0.0,0.0,1.0,1.0,1.0,0.0
3,195,6.21381114662987,11.632160459613166,0.0,1.0,1.0,0.0,1.0,0.0
4,195,0.0,4.355495991210498,1.0,0.0,1.0,1.0,0.0,0.0
5,195,6.482853031235812,7.935691256224044,1.0,0.0,0.0,1.0,1.0,0.0
6,195,12.0,7.690063865004693,0.0,0.0,0.0,0.0,0.0,1.0
7,195,8.389330649129587,2.838834830583491,0.0,1.0,1.0,0.0,1.0,0.0
8,195,1.629838565443977,0.3233651683322025,0.0,1.0,1.0,0.0,1.0,1.0
9,195,0.05672445170425,1.3386925488766308,0.0,0.0,0.0,0.0,1.0,0.0
10,195,11.913402315281411,0.9286887265910704,0.0,0.0,1.0,0.0,1.0,1.0
11,195,2.9028591925239247,0.2983010242618367,0.0,0.0,0.0,1.0,0.0,0.0
12,195,7.060997180664912,4.766990107065909,1.0,0.0,0.0,1.0,0.0,0.0
13,195,10.24885133647278,10.747280454311758,1.0,0.0,0.0,1.0,0.0,0.0
14,195,11.79515777417251,6.52535840771175,1.0,1.0,0.0,1.0,0.0,0.0
15,195,8.911185673717606,8.674136317712609,1.0,0.0,0.0,0.0,1.0,1.0
16,195,2.31545719400816,0.8801598444927867,1.0,1.0,1.0,1.0,0.0,0.0
17,195,7.184343945542135,8.51046519273331,1.0,0.0,0.0,1.0,0.0,0.0
18,195,10.72961422842521,4.240906575286395,1.0,0.0,0.0,1.0,1.0,0.0
19,195,9.305407952930569,10.522712068404322,0.0,1.0,0.0,1.0,0.0,0.0
20,195,4.8644294945993485,4.805516953248572,0.0,1.0,1.0,0.0,0.0,1.0
21,195,11.1780383085368,3.4500877703651427,0.0,0.0,1.0,0.0,0.0,0.0
22,195,8.618492081023641,6.578123194729037,0.0,1.0,1.0,0.0,0.0,1.0
23,195,7.096267785218295,5.545911161283651,0.0,0.0,0.0,0.0,0.0,1.0
24,195,3.01075744294138,1.0167680396353007,0.0,0.0,0.0,1.0,0.0,0.0
25,195,2.5217107803358747,7.120033439195924,0.0,1.0,0.0,0.0,0.0,0.0
26,195,7.075731213192574,7.411484850206339,0.0,1.0,1.0,1.0,0.0,1.0
27,195,2.494172526139432,7.546313725210027,1.0,0.0,0.0,1.0,0.0,1.0
28,195,7.050068752613715,4.411914286591844,1.0,0.0,1.0,1.0,0.0,0.0
29,195,9.104810563289847,6.563839234851393,0.0,0.0,0.0,1.0,1.0,1.0
30,195,1.38542133682592,7.319875018433663,0.0,1.0,0.0,0.0,0.0,0.0
31,195,0.2305520251100005,3.5556958798613265,1.0,0.0,1.0,1.0,1.0,0.0
32,195,1.7855635049645158,12.0,0.0,0.0,0.0,1.0,0.0,1.0
33,195,2.9849190616640264,6.439790704661991,1.0,0.0,0.0,0.0,0.0,0.0
34,195,8.939109402038842,9.43213332270724,1.0,0.0,1.0,0.0,0.0,0.0
35,195,4.51307577410441,9.16901706325424,0.0,1.0,1.0,0.0,0.0,0.0
36,195,3.9403904332760513,6.780792351384455,1.0,0.0,0.0,1.0,0.0,1.0
37,195,8.502628166813112,4.9963220651603,1.0,0.0,0.0,1.0,1.0,0.0
38,195,2.1059446480398405,0.0,0.0,1.0,0.0,0.0,0.0,1.0
39,195,2.741342724616946,1.9277851600467395,1.0,1.0,1.0,1.0,0.0,0.0
0,200,8.893682705067546,9.442227928518909,1.0,1.0,0.0,1.0,0.0,0.0
1,200,4.882023211945459,7.736207942829124,0.0,1.0,0.0,0.0,0.0,1.0
2,200,8.239847465171183,8.067318363935287,0.0,0.0,1.0,1.0,1.0,0.0
3,200,6.344140631074979,11.592261456770766,0.0,1.0,1.0,0.0,1.0,0.0
4,200,0.0,4.329437377035195,1.0,0.0,1.0,1.0,0.0,0.0
5,200,6.468860335817661,8.03876546645695,1.0,0.0,0.0,1.0,1.0,0.0
6,200,12.0,7.607369067872203,0.0,0.0,0.0,0.0,0.0,1.0
7,200,8.309602016108883,2.7831785980763644,0.0,1.0,1.0,0.0,1.0,0.0
8,200,1.663353648655194,0.3686717378689869,0.0,1.0,1.0,0.0,1.0,1.0
9,200,0.0600546032116308,1.378013331537214,0.0,0.0,0.0,0.0,1.0,0.0
10,200,11.919872434736906,0.8822908094333733,0.0,0.0,1.0,0.0,1.0,1.0
11,200,2.953641793743989,0.2088984683659451,0.0,0.0,0.0,1.0,0.0,0.0
12,200,7.061434520652383,4.785070678417191,1.0,0.0,0.0,1.0,0.0,0.0
13,200,10.179975304333569,10.701538506454748,1.0,0.0,0.0,1.0,0.0,0.0
14,200,11.787469163764111,6.416673680886262,1.0,1.0,0.0,1.0,0.0,0.0
15,200,8.921365987171946,8.668680502077276,1.0,0.0,0.0,0.0,1.0,1.0
16,200,2.2361645116015096,0.8280598581409917,1.0,1.0,1.0,1.0,0.0,0.0
17,200,7.223194431423681,8.474959951937649,1.0,0.0,0.0,1.0,0.0,0.0
18,200,10.965161722285144,4.397217383625795,1.0,0.0,0.0,1.0,1.0,0.0
19,200,9.307306095446316,10.541263021987342,0.0,1.0,0.0,1.0,0.0,0.0
20,200,4.865784144019631,4.809800833525861,0.0,1.0,1.0,0.0,0.0,1.0
21,200,11.190732610991487,3.533599882526857,0.0,0.0,1.0,0.0,0.0,0.0
22,200,8.691725882893138,6.442249454012544,0.0,1.0,1.0,0.0,0.0,1.0
23,200,7.08008444772385,5.577042870897125,0.0,0.0,0.0,0.0,0.0,1.0
24,200,3.04492078237259,0.9798729262266196,0.0,0.0,0.0,1.0,0.0,0.0
25,200,2.4492921286760843,7.076698226831677,0.0,1.0,0.0,0.0,0.0,0.0
26,200,7.079931346264482,7.400844790701738,0.0,1.0,1.0,1.0,0.0,1.0
27,200,2.535950746198467,7.600430772663793,1.0,0.0,0.0,1.0,0.0,1.0
28,200,7.063876194304489,4.389245237944039,1.0,0.0,1.0,1.0,0.0,0.0
29,200,8.961605131306767,6.549297488478891,0.0,0.0,0.0,1.0,1.0,1.0
30,200,1.3912932025308016,7.333259521578909,0.0,1.0,0.0,0.0,0.0,0.0
31,200,0.2322072543715687,3.543654016997138,1.0,0.0,1.0,1.0,1.0,0.0
32,200,1.8069369503066213,12.0,0.0,0.0,0.0,1.0,0.0,1.0
33,200,2.984856874818677,6.442545654887532,1.0,0.0,0.0,0.0,0.0,0.0
34,200,8.971763415207764,9.408732552937147,1.0,0.0,1.0,0.0,0.0,0.0
35,200,4.454930781970405,9.173080279962726,0.0,1.0,1.0,0.0,0.0,0.0
36,200,3.995844906506539,6.802104706397877,1.0,0.0,0.0,1.0,0.0,1.0
37,200,8.60646219020692,4.994963463555763,1.0,0.0,0.0,1.0,1.0,0.0
38,200,2.1285905833437093,0.0,0.0,1.0,0.0,0.0,0.0,1.0
39,200,3.028051759671268,1.972149774602873,1.0,1.0,1.0,1.0,0.0,0.0
0,205,8.910057910872647,9.431776203549996,1.0,1.0,0.0,1.0,0.0,0.0
1,205,4.909087984159412,7.820503359834649,0.0,1.0,0.0,0.0,0.0,1.0
2,205,8.24150544660893,8.109925140385785,0.0,0.0,1.0,1.0,1.0,0.0
3,205,6.493687696224917,11.546942099975436,0.0,1.0,1.0,0.0,1.0,0.0
4,205,0.0,4.308089739477198,1.0,0.0,1.0,1.0,0.0,0.0
5,205,6.452102507567297,8.172560022977873,1.0,0.0,0.0,1.0,1.0,0.0
6,205,12.0,7.510718141845728,0.0,0.0,0.0,0.0,0.0,1.0
7,205,8.230633646314498,2.732479793693237,0.0,1.0,1.0,0.0,1.0,0.0
8,205,1.6969390374412625,0.4143501511653412,0.0,1.0,1.0,0.0,1.0,1.0
9,205,0.0634173094045311,1.4139796070851425,0.0,0.0,0.0,0.0,1.0,0.0
10,205,11.928459163300587,0.8283764512530166,0.0,0.0,1.0,0.0,1.0,1.0
11,205,2.9994104155506167,0.123360076347594,0.0,0.0,0.0,1.0,0.0,0.0
12,205,7.061652171174615,4.793470366856528,1.0,0.0,0.0,1.0,0.0,0.0
13,205,10.08330671563114,10.636720992315434,1.0,0.0,0.0,1.0,0.0,0.0
14,205,11.782375423116246,6.318064920489976,1.0,1.0,0.0,1.0,0.0,0.0
15,205,8.923823181296338,8.667399081515748,1.0,0.0,0.0,0.0,1.0,1.0
16,205,2.12815512154385,0.7582362706220629,1.0,1.0,1.0,1.0,0.0,0.0
17,205,7.252815218475229,8.447432787305761,1.0,0.0,0.0,1.0,0.0,0.0
18,205,11.189171000497277,4.547968661944583,1.0,0.0,0.0,1.0,1.0,0.0
19,205,9.30819348493946,10.55197952218474,0.0,1.0,0.0,1.0,0.0,0.0
20,205,4.864342396394089,4.805257489934783,0.0,1.0,1.0,0.0,0.0,1.0
21,205,11.209722898015045,3.6275175268803896,0.0,0.0,1.0,0.0,0.0,0.0
22,205,8.772474456864261,6.298549221720682,0.0,1.0,1.0,0.0,0.0,1.0
23,205,7.053828261857265,5.626535135386892,0.0,0.0,0.0,0.0,0.0,1.0
24,205,3.0790631758464144,0.9414662067349518,0.0,0.0,0.0,1.0,0.0,0.0
25,205,2.3875640292438995,7.038486501339001,0.0,1.0,0.0,0.0,0.0,0.0
26,205,7.08226800416491,7.39469975245092,0.0,1.0,1.0,1.0,0.0,1.0
27,205,2.5846894831870157,7.664199438957869,1.0,0.0,0.0,1.0,0.0,1.0
28,205,7.069934782401886,4.379296502234758,1.0,0.0,1.0,1.0,0.0,0.0
29,205,8.803110276763325,6.534960487558211,0.0,0.0,0.0,1.0,1.0,1.0
30,205,1.391140106236074,7.332884307559163,0.0,1.0,0.0,0.0,0.0,0.0
31,205,0.2347847995386143,3.525750477172407,1.0,0.0,1.0,1.0,1.0,0.0
32,205,1.82714530716548,12.0,0.0,0.0,0.0,1.0,0.0,1.0
33,205,2.984696959520196,6.458714765836177,1.0,0.0,0.0,0.0,0.0,0.0
34,205,9.010343796218518,9.381386147084598,1.0,0.0,1.0,0.0,0.0,0.0
35,205,4.367201383652652,9.179042573270111,0.0,1.0,1.0,0.0,0.0,0.0
36,205,4.062952831949405,6.82887181244177,1.0,0.0,0.0,1.0,0.0,1.0
37,205,8.714878227316108,4.996000855161083,1.0,0.0,0.0,1.0,1.0,0.0
38,205,2.152552938915846,0.0,0.0,1.0,0.0,0.0,0.0,1.0
39,205,3.308879603486753,2.0184636840922066,1.0,1.0,1.0,1.0,0.0,0.0
0,210,8.899641120194902,9.438378624801391,1.0,1.0,0.0,1.0,0.0,0.0
1,210,4.936859562151097,7.900652049337076,0.0,1.0,0.0,0.0,0.0,1.0
2,210,8.24459455376151,8.167541288389533,0.0,0.0,1.0,1.0,1.0,0.0
3,210,6.638794591360527,11.504177788031628,0.0,1.0,1.0,0.0,1.0,0.0
4,210,0.0,4.29143865844538,1.0,0.0,1.0,1.0,0.0,0.0
5,210,6.4315499422201885,8.319491375964779,1.0,0.0,0.0,1.0,1.0,0.0
6,210,12.0,7.417674922561649,0.0,0.0,0.0,0.0,0.0,1.0
7,210,8.156243478872792,2.684900393478708,0.0,1.0,1.0,0.0,1.0,0.0
8,210,1.7457690743812146,0.3769422782175988,0.0,1.0,1.0,0.0,1.0,1.0
9,210,0.0660786456413803,1.440751353680628,0.0,0.0,0.0,0.0,1.0,0.0
10,210,11.93471651466982,0.7833169682314697,0.0,0.0,1.0,0.0,1.0,1.0
11,210,3.0492026391042044,0.0335847450332619,0.0,0.0,0.0,1.0,0.0,0.0
12,210,7.062185260043173,4.809825246463776,1.0,0.0,0.0,1.0,0.0,0.0
13,210,9.966216769927962,10.5611639182048,1.0,0.0,0.0,1.0,0.0,0.0
14,210,11.777216688064646,6.219250631483429,1.0,1.0,0.0,1.0,0.0,0.0
15,210,8.919818820974779,8.669413149605287,1.0,0.0,0.0,0.0,1.0,1.0
16,210,2.0158847307379,0.6827815276965261,1.0,1.0,1.0,1.0,0.0,0.0
17,210,7.288066005632181,8.412756887950284,1.0,0.0,0.0,1.0,0.0,0.0
18,210,11.41004500910924,4.689752435055118,1.0,0.0,0.0,1.0,1.0,0.0
19,210,9.30649987232248,10.532031965150098,0.0,1.0,0.0,1.0,0.0,0.0
20,210,4.864067151495146,4.804366826253437,0.0,1.0,1.0,0.0,0.0,1.0
21,210,11.230028996480003,3.721549006220284,0.0,0.0,1.0,0.0,0.0,0.0
22,210,8.849599024587683,6.150871113662119,0.0,1.0,1.0,0.0,0.0,1.0
23,210,7.025817232870109,5.682013857361701,0.0,0.0,0.0,0.0,0.0,1.0
24,210,3.1101960127384305,0.906625548269026,0.0,0.0,0.0,1.0,0.0,0.0
25,210,2.326254342586283,7.001292530582307,0.0,1.0,0.0,0.0,0.0,0.0
26,210,7.074701381363237,7.416616258368784,0.0,1.0,1.0,1.0,0.0,1.0
27,210,2.6412706191341053,7.738557338412911,1.0,0.0,0.0,1.0,0.0,1.0
28,210,7.082217004902302,4.359211919722903,1.0,0.0,1.0,1.0,0.0,0.0
29,210,8.651254890283399,6.526625249090894,0.0,0.0,0.0,1.0,1.0,1.0
30,210,1.394799002511488,7.341232672804008,0.0,1.0,0.0,0.0,0.0,0.0
31,210,0.2344854173746376,3.5279354027408107,1.0,0.0,1.0,1.0,1.0,0.0
32,210,1.8496408570255505,12.0,0.0,0.0,0.0,1.0,0.0,1.0
33,210,2.983948254131356,6.5022819239700045,1.0,0.0,0.0,0.0,0.0,0.0
34,210,9.04190540392275,9.35808093294948,1.0,0.0,1.0,0.0,0.0,0.0
35,210,4.281878626840516,9.184135395252634,0.0,1.0,1.0,0.0,0.0,0.0
36,210,4.125036347165379,6.851672382950295,1.0,0.0,0.0,1.0,0.0,1.0
37,210,8.819936273628421,4.9994886566508905,1.0,0.0,0.0,1.0,1.0,0.0
38,210,2.194237643502049,0.0,0.0,1.0,0.0,0.0,0.0,1.0
39,210,3.602966175485515,2.065903609937603,1.0,1.0,1.0,1.0,0.0,0.0
0,215,8.884065892808213,9.44859979776583,1.0,1.0,0.0,1.0,0.0,0.0
1,215,4.955760348933306,7.956912089551819,0.0,1.0,0.0,0.0,0.0,1.0
2,215,8.245943729731717,8.213059392072974,0.0,0.0,1.0,1.0,1.0,0.0
3,215,6.756031139215712,11.47409116814593,0.0,1.0,1.0,0.0,1.0,0.0
4,215,0.0,4.272806469368,1.0,0.0,1.0,1.0,0.0,0.0
5,215,6.411045929038887,8.46401602242925,1.0,0.0,0.0,1.0,1.0,0.0
6,215,12.0,7.329168393751309,0.0,0.0,0.0,0.0,0.0,1.0
7,215,8.091432566970507,2.640928725362754,0.0,1.0,1.0,0.0,1.0,0.0
8,215,1.803673886235045,0.331333512835736,0.0,1.0,1.0,0.0,1.0,1.0
9,215,0.0688332118717518,1.4702352668412273,0.0,0.0,0.0,0.0,1.0,0.0
10,215,11.941442026900772,0.7384051702577479,0.0,0.0,1.0,0.0,1.0,1.0
11,215,3.0963424832767767,0.0,0.0,0.0,0.0,1.0,0.0,0.0
12,215,7.062719976195622,4.841315003167145,1.0,0.0,0.0,1.0,0.0,0.0
13,215,9.842857166019,10.481234264222373,1.0,0.0,0.0,1.0,0.0,0.0
14,215,11.77504270071118,6.123328131423718,1.0,1.0,0.0,1.0,0.0,0.0
15,215,8.898896502529487,8.68016021079578,1.0,0.0,0.0,0.0,1.0,1.0
16,215,1.892494447717668,0.6001017873433724,1.0,1.0,1.0,1.0,0.0,0.0
17,215,7.3298678800886945,8.368114565948321,1.0,0.0,0.0,1.0,0.0,0.0
18,215,11.650691955697244,4.840573222489858,1.0,0.0,0.0,1.0,1.0,0.0
19,215,9.305731280549464,10.517797760702445,0.0,1.0,0.0,1.0,0.0,0.0
20,215,4.863249852458223,4.80163368591311,0.0,1.0,1.0,0.0,0.0,1.0
21,215,11.24757411413088,3.796630524526306,0.0,0.0,1.0,0.0,0.0,0.0
22,215,8.937804113988753,5.987900853435029,0.0,1.0,1.0,0.0,0.0,1.0
23,215,7.00038783071613,5.728243441559381,0.0,0.0,0.0,0.0,0.0,1.0
24,215,3.158025141314942,0.8538143604014433,0.0,0.0,0.0,1.0,0.0,0.0
25,215,2.271514399715513,6.966433714103006,0.0,1.0,0.0,0.0,0.0,0.0
26,215,7.055411073565106,7.471914599840189,0.0,1.0,1.0,1.0,0.0,1.0
27,215,2.708683103584524,7.821049075313159,1.0,0.0,0.0,1.0,0.0,1.0
28,215,7.089899700757504,4.346093015896575,1.0,0.0,1.0,1.0,0.0,0.0
29,215,8.504565361995052,6.520422569722999,0.0,0.0,0.0,1.0,1.0,1.0
30,215,1.406128713355232,7.368110496400296,0.0,1.0,0.0,0.0,0.0,0.0
31,215,0.2364663559050846,3.5137288895978007,1.0,0.0,1.0,1.0,1.0,0.0
32,215,1.8702807537550183,12.0,0.0,0.0,0.0,1.0,0.0,1.0
33,215,2.9824072017213656,6.550699634422558,1.0,0.0,0.0,0.0,0.0,0.0
34,215,9.072042534220811,9.33567518871662,1.0,0.0,1.0,0.0,0.0,0.0
35,215,4.2165450013203625,9.189329706037771,0.0,1.0,1.0,0.0,0.0,0.0
36,215,4.173986252915952,6.869432119915237,1.0,0.0,0.0,1.0,0.0,1.0
37,215,8.92485238750662,5.002895850589838,1.0,0.0,0.0,1.0,1.0,0.0
38,215,2.237125201814944,0.0,0.0,1.0,0.0,0.0,0.0,1.0
39,215,3.895670917952408,2.117236100637347,1.0,1.0,1.0,1.0,0.0,0.0
0,220,8.871011842255,9.45727638257283,1.0,1.0,0.0,1.0,0.0,0.0
1,220,4.975995738789619,8.018181256516337,0.0,1.0,0.0,0.0,0.0,1.0
2,220,8.24684694490008,8.25739670129128,0.0,0.0,1.0,1.0,1.0,0.0
3,220,6.873012455986734,11.442573209515382,0.0,1.0,1.0,0.0,1.0,0.0
4,220,0.0,4.253179645807518,1.0,0.0,1.0,1.0,0.0,0.0
5,220,6.390658611032782,8.624475849762492,1.0,0.0,0.0,1.0,1.0,0.0
6,220,12.0,7.26141727124342,0.0,0.0,0.0,0.0,0.0,1.0
7,220,8.029744458376546,2.601582955225473,0.0,1.0,1.0,0.0,1.0,0.0
8,220,1.8885731558803844,0.2647569854789856,0.0,1.0,1.0,0.0,1.0,1.0
9,220,0.0708056154963441,1.5070675819852664,0.0,0.0,0.0,0.0,1.0,0.0
10,220,11.946655135435591,0.7017494775296216,0.0,0.0,1.0,0.0,1.0,1.0
11,220,3.140131076780352,0.0,0.0,0.0,0.0,1.0,0.0,0.0
12,220,7.064333579559277,4.8850788248522665,1.0,0.0,0.0,1.0,0.0,0.0
13,220,9.72681724810416,10.406592908794,1.0,0.0,0.0,1.0,0.0,0.0
14,220,11.77287198057518,6.027866496622797,1.0,1.0,0.0,1.0,0.0,0.0
15,220,8.883423334537577,8.687302239379807,1.0,0.0,0.0,0.0,1.0,1.0
16,220,1.7761924624224463,0.5189317660104031,1.0,1.0,1.0,1.0,0.0,0.0
17,220,7.352602296909699,8.344758996803053,1.0,0.0,0.0,1.0,0.0,0.0
18,220,11.898787170295304,4.998734753410262,1.0,0.0,0.0,1.0,1.0,0.0
19,220,9.305385555596487,10.505404827543392,0.0,1.0,0.0,1.0,0.0,0.0
20,220,4.860316062611558,4.791636147845006,0.0,1.0,1.0,0.0,0.0,1.0
21,220,11.262762780311306,3.85763077874042,0.0,0.0,1.0,0.0,0.0,0.0
22,220,9.032358961151846,5.829125234639025,0.0,1.0,1.0,0.0,0.0,1.0
23,220,6.97269218630557,5.779782137388432,0.0,0.0,0.0,0.0,0.0,1.0
24,220,3.206037663823273,0.8021447425092374,0.0,0.0,0.0,1.0,0.0,0.0
25,220,2.207175066890942,6.926440096736827,0.0,1.0,0.0,0.0,0.0,0.0
26,220,7.038525502660431,7.518427144551492,0.0,1.0,1.0,1.0,0.0,1.0
27,220,2.770693910043927,7.897818832104006,1.0,0.0,0.0,1.0,0.0,1.0
28,220,7.104102906865574,4.321930373885152,1.0,0.0,1.0,1.0,0.0,0.0
29,220,8.339829832164755,6.511636515812098,0.0,0.0,0.0,1.0,1.0,1.0
30,220,1.412964003051163,7.384866583487584,0.0,1.0,0.0,0.0,0.0,0.0
31,220,0.2422577167609831,3.4784561828093024,1.0,0.0,1.0,1.0,1.0,0.0
32,220,1.8918398594794483,12.0,0.0,0.0,0.0,1.0,0.0,1.0
33,220,2.981745781927557,6.606825474322249,1.0,0.0,0.0,0.0,0.0,0.0
34,220,9.082365700523992,9.327626402576204,1.0,0.0,1.0,0.0,0.0,0.0
35,220,4.172372626508202,9.193498879944492,0.0,1.0,1.0,0.0,0.0,0.0
36,220,4.220819084717107,6.886766257133301,1.0,0.0,0.0,1.0,0.0,1.0
37,220,9.028485140688622,5.005130111558036,1.0,0.0,0.0,1.0,1.0,0.0
38,220,2.27851529640018,0.0,0.0,1.0,0.0,0.0,0.0,1.0
39,220,4.203830465573649,2.1746525398327075,1.0,1.0,1.0,1.0,0.0,0.0
0,225,8.84441373638768,9.475376755915242,1.0,1.0,0.0,1.0,0.0,0.0
1,225,4.997441420969031,8.08596046601955,0.0,1.0,0.0,0.0,0.0,1.0
2,225,8.246390059750954,8.317549157283992,0.0,0.0,1.0,1.0,1.0,0.0
3,225,6.991447953754483,11.41085094396817,0.0,1.0,1.0,0.0,1.0,0.0
4,225,0.0,4.2371611830582765,1.0,0.0,1.0,1.0,0.0,0.0
5,225,6.373110892849396,8.765326708230482,1.0,0.0,0.0,1.0,1.0,0.0
6,225,12.0,7.196160481499832,0.0,0.0,0.0,0.0,0.0,1.0
7,225,7.971052272515623,2.562509319437794,0.0,1.0,1.0,0.0,1.0,0.0
8,225,1.9871099197577051,0.1853155803541359,0.0,1.0,1.0,0.0,1.0,1.0
9,225,0.0733514552055075,1.5580861031876967,0.0,0.0,0.0,0.0,1.0,0.0
10,225,11.94891220813338,0.6871974354736895,0.0,0.0,1.0,0.0,1.0,1.0
11,225,3.1972063508302737,0.0,0.0,0.0,0.0,1.0,0.0,0.0
12,225,7.066997389310957,4.9523478309379145,1.0,0.0,0.0,1.0,0.0,0.0
13,225,9.62772220469792,10.344514206667794,1.0,0.0,0.0,1.0,0.0,0.0
14,225,11.77000676283679,5.950426490872016,1.0,1.0,0.0,1.0,0.0,0.0
15,225,8.866639983513641,8.69495955579989,1.0,0.0,0.0,0.0,1.0,1.0
16,225,1.6497333751676515,0.4301749418041098,1.0,1.0,1.0,1.0,0.0,0.0
17,225,7.357190298387241,8.339938123061843,1.0,0.0,0.0,1.0,0.0,0.0
18,225,12.0,5.154766998363737,1.0,0.0,0.0,1.0,1.0,0.0
19,225,9.305259645208835,10.501421519043626,0.0,1.0,0.0,1.0,0.0,0.0
20,225,4.853354142830924,4.77143450239898,0.0,1.0,1.0,0.0,0.0,1.0
21,225,11.280152386987552,3.926824298073983,0.0,0.0,1.0,0.0,0.0,0.0
22,225,9.108887308775715,5.705757348918523,0.0,1.0,1.0,0.0,0.0,1.0
23,225,6.946937064446143,5.82774532393886,0.0,0.0,0.0,0.0,0.0,1.0
24,225,3.256239408586062,0.7460425850257341,0.0,0.0,0.0,1.0,0.0,0.0
25,225,2.125465281385456,6.877577956475014,0.0,1.0,0.0,0.0,0.0,0.0
26,225,7.012504057461282,7.58478645359774,0.0,1.0,1.0,1.0,0.0,1.0
27,225,2.835832474708933,7.979732158685267,1.0,0.0,0.0,1.0,0.0,1.0
28,225,7.1330240160506255,4.276816974888369,1.0,0.0,1.0,1.0,0.0,0.0
29,225,8.181282038203317,6.505719579273154,0.0,0.0,0.0,1.0,1.0,1.0
30,225,1.424163074341465,7.4131939267366205,0.0,1.0,0.0,0.0,0.0,0.0
31,225,0.2479678411406213,3.4478072613948174,1.0,0.0,1.0,1.0,1.0,0.0
32,225,1.91040092631143,12.0,0.0,0.0,0.0,1.0,0.0,1.0
33,225,2.9815596853615123,6.65413286887912,1.0,0.0,0.0,0.0,0.0,0.0
34,225,9.105766567162002,9.309430078285692,1.0,0.0,1.0,0.0,0.0,0.0
35,225,4.123209894183522,9.197673881872271,0.0,1.0,1.0,0.0,0.0,0.0
36,225,4.2656721037666605,6.904528407189765,1.0,0.0,0.0,1.0,0.0,1.0
37,225,9.145475423834052,5.0055501947359655,1.0,0.0,0.0,1.0,1.0,0.0
38,225,2.32329366245998,0.0,0.0,1.0,0.0,0.0,0.0,1.0
39,225,4.5073618148268,2.227917740053579,1.0,1.0,1.0,1.0,0.0,0.0
0,230,8.823094486848357,9.489736090392665,1.0,1.0,0.0,1.0,0.0,0.0
1,230,5.018142527928822,8.153735706627977,0.0,1.0,0.0,0.0,0.0,1.0
2,230,8.245823410531367,8.383644774985985,0.0,0.0,1.0,1.0,1.0,0.0
3,230,7.075793757612722,11.39022750487797,0.0,1.0,1.0,0.0,1.0,0.0
4,230,0.0,4.219220012469718,1.0,0.0,1.0,1.0,0.0,0.0
5,230,6.356385756748319,8.910490065667732,1.0,0.0,0.0,1.0,1.0,0.0
6,230,12.0,7.140073399682215,0.0,0.0,0.0,0.0,0.0,1.0
7,230,7.924066258210767,2.5308918312967257,0.0,1.0,1.0,0.0,1.0,0.0
8,230,2.0915862574252366,0.1002832148250826,0.0,1.0,1.0,0.0,1.0,1.0
9,230,0.076378711938895,1.6343105940299332,0.0,0.0,0.0,0.0,1.0,0.0
10,230,11.949449300685302,0.6840891726154639,0.0,0.0,1.0,0.0,1.0,1.0
11,230,3.254666123857064,0.0,0.0,0.0,0.0,1.0,0.0,0.0
12,230,7.066189791726634,5.011089380307711,1.0,0.0,0.0,1.0,0.0,0.0
13,230,9.523153051519538,10.28312965777859,1.0,0.0,0.0,1.0,0.0,0.0
14,230,11.863695688517067,5.946153186694117,1.0,1.0,0.0,1.0,0.0,0.0
15,230,8.846770137800236,8.703862707582253,1.0,0.0,0.0,0.0,1.0,1.0
16,230,1.5391092009795588,0.3518735008124821,1.0,1.0,1.0,1.0,0.0,0.0
17,230,7.349470657332541,8.348471950440441,1.0,0.0,0.0,1.0,0.0,0.0
18,230,12.0,5.327221044008736,1.0,0.0,0.0,1.0,1.0,0.0
19,230,9.298111936330082,10.50150874427133,0.0,1.0,0.0,1.0,0.0,0.0
20,230,4.845399065458253,4.747380341193246,0.0,1.0,1.0,0.0,0.0,1.0
21,230,11.292489315786623,3.978917835516543,0.0,0.0,1.0,0.0,0.0,0.0
22,230,9.191150592339818,5.579226981995202,0.0,1.0,1.0,0.0,0.0,1.0
23,230,6.916370364683391,5.886708133009193,0.0,0.0,0.0,0.0,0.0,1.0
24,230,3.2981606973698496,0.7000728612033607,0.0,0.0,0.0,1.0,0.0,0.0
25,230,2.0494397204288117,6.83061066906271,0.0,1.0,0.0,0.0,0.0,0.0
26,230,6.982560669380095,7.666851365120427,0.0,1.0,1.0,1.0,0.0,1.0
27,230,2.8916431636225584,8.0502598512964,1.0,0.0,0.0,1.0,0.0,1.0
28,230,7.174995652819179,4.213451672264945,1.0,0.0,1.0,1.0,0.0,0.0
29,230,8.017153219500498,6.500480079452764,0.0,0.0,0.0,1.0,1.0,1.0
30,230,1.432991586418406,7.437677207186425,0.0,1.0,0.0,0.0,0.0,0.0
31,230,0.2499920649174761,3.4372336804508947,1.0,0.0,1.0,1.0,1.0,0.0
32,230,1.92950816889869,12.0,0.0,0.0,0.0,1.0,0.0,1.0
33,230,2.9809215872040142,6.705566201932658,1.0,0.0,0.0,0.0,0.0,0.0
34,230,9.12431938165414,9.29454489913271,1.0,0.0,1.0,0.0,0.0,0.0
35,230,4.073382502114322,9.202702407150214,0.0,1.0,1.0,0.0,0.0,0.0
36,230,4.333440996730721,6.933962510817177,1.0,0.0,0.0,1.0,0.0,1.0
37,230,9.300572158011674,5.00591801060647,1.0,0.0,0.0,1.0,1.0,0.0
38,230,2.381953372257187,0.0,0.0,1.0,0.0,0.0,0.0,1.0
39,230,4.800855051783421,2.271514146818493,1.0,1.0,1.0,1.0,0.0,0.0
0,235,8.805922296543745,9.500822161319464,1.0,1.0,0.0,1.0,0.0,0.0
1,235,5.033709374321965,8.204516185776328,0.0,1.0,0.0,0.0,0.0,1.0
2,235,8.246582841482883,8.463503308164299,0.0,0.0,1.0,1.0,1.0,0.0
3,235,7.144078789030686,11.372142402604489,0.0,1.0,1.0,0.0,1.0,0.0
4,235,0.0,4.2006076738393565,1.0,0.0,1.0,1.0,0.0,0.0
5,235,6.338064738510264,9.079952654363488,1.0,0.0,0.0,1.0,1.0,0.0
6,235,12.0,7.074970226413459,0.0,0.0,0.0,0.0,0.0,1.0
7,235,7.883482393017839,2.5036345082300766,0.0,1.0,1.0,0.0,1.0,0.0
8,235,2.207927631095567,0.0117532071357824,0.0,1.0,1.0,0.0,1.0,1.0
9,235,0.077563398137852,1.706313044231195,0.0,0.0,0.0,0.0,1.0,0.0
10,235,11.945530083628134,0.7054493859804366,0.0,0.0,1.0,0.0,1.0,1.0
11,235,3.324389127784983,0.0,0.0,0.0,0.0,1.0,0.0,0.0
12,235,7.066402770165203,5.094364885290079,1.0,0.0,0.0,1.0,0.0,0.0
13,235,9.418865984834024,10.220993487069096,1.0,0.0,0.0,1.0,0.0,0.0
14,235,11.939766375313155,5.94080080441855,1.0,1.0,0.0,1.0,0.0,0.0
15,235,8.815278607161119,8.71883550895985,1.0,0.0,0.0,0.0,1.0,1.0
16,235,1.4374913976883563,0.2832271376514572,1.0,1.0,1.0,1.0,0.0,0.0
17,235,7.340755328318987,8.35866482175561,1.0,0.0,0.0,1.0,0.0,0.0
18,235,12.0,5.504092701614568,1.0,0.0,0.0,1.0,1.0,0.0
19,235,9.282081382513018,10.502330471452677,0.0,1.0,0.0,1.0,0.0,0.0
20,235,4.834582653778761,4.71383386701745,0.0,1.0,1.0,0.0,0.0,1.0
21,235,11.305047531612404,4.030732245362273,0.0,0.0,1.0,0.0,0.0,0.0
22,235,9.265899946754717,5.45860115303617,0.0,1.0,1.0,0.0,0.0,1.0
23,235,6.884989448454133,5.945710812798619,0.0,0.0,0.0,0.0,0.0,1.0
24,235,3.3580100759169675,0.6382256953399921,0.0,0.0,0.0,1.0,0.0,0.0
25,235,1.9644403520465143,6.784420977207001,0.0,1.0,0.0,0.0,0.0,0.0
26,235,6.947929937528971,7.762885604322952,0.0,1.0,1.0,1.0,0.0,1.0
27,235,2.95518952058584,8.12924355204661,1.0,0.0,0.0,1.0,0.0,1.0
28,235,7.2115827046207555,4.15914099264371,1.0,0.0,1.0,1.0,0.0,0.0
29,235,7.829149750050045,6.495049852323329,0.0,0.0,0.0,1.0,1.0,1.0
30,235,1.4436230118993862,7.464507853275,0.0,1.0,0.0,0.0,0.0,0.0
31,235,0.2482920826077564,3.4471370891096003,1.0,0.0,1.0,1.0,1.0,0.0
32,235,1.9525750428984172,12.0,0.0,0.0,0.0,1.0,0.0,1.0
33,235,2.978120446563893,6.763932530921445,1.0,0.0,0.0,0.0,0.0,0.0
34,235,9.132628795428422,9.287773783046283,1.0,0.0,1.0,0.0,0.0,0.0
35,235,4.026399059106056,9.205770774013308,0.0,1.0,1.0,0.0,0.0,0.0
36,235,4.385171653058261,6.957271645752557,1.0,0.0,0.0,1.0,0.0,1.0
37,235,9.44244351084564,5.004088431333401,1.0,0.0,0.0,1.0,1.0,0.0
38,235,2.458116777886798,0.0,0.0,1.0,0.0,0.0,0.0,1.0
39,235,5.094434341080273,2.3152892412045567,1.0,1.0,1.0,1.0,0.0,0.0
0,240,8.776182518525967,9.519618599521856,1.0,1.0,0.0,1.0,0.0,0.0
1,240,5.051947361500445,8.262244699521274,0.0,1.0,0.0,0.0,0.0,1.0
2,240,8.246912077114386,8.53763962885471,0.0,0.0,1.0,1.0,1.0,0.0
3,240,7.218395708888026,11.353386045814078,0.0,1.0,1.0,0.0,1.0,0.0
4,240,0.0,4.186480865771951,1.0,0.0,1.0,1.0,0.0,0.0
5,240,6.31993783366328,9.25190725936632,1.0,0.0,0.0,1.0,1.0,0.0
6,240,12.0,7.019037111800144,0.0,0.0,0.0,0.0,0.0,1.0
7,240,7.850249113371578,2.4820561733664177,0.0,1.0,1.0,0.0,1.0,0.0
8,240,2.3280657028901364,0.0,0.0,1.0,1.0,0.0,1.0,1.0
9,240,0.078581681806527,1.7880120428978987,0.0,0.0,0.0,0.0,1.0,0.0
10,240,11.94347688475078,0.7165964408977321,0.0,0.0,1.0,0.0,1.0,1.0
11,240,3.3972034784680867,0.0,0.0,0.0,0.0,1.0,0.0,0.0
12,240,7.068242963338296,5.185973383320963,1.0,0.0,0.0,1.0,0.0,0.0
13,240,9.31713713658448,10.161745081626384,1.0,0.0,0.0,1.0,0.0,0.0
14,240,12.0,5.936970982099073,1.0,1.0,0.0,1.0,0.0,0.0
15,240,8.804848006038975,8.72384466179508,1.0,0.0,0.0,0.0,1.0,1.0
16,240,1.3476402820506348,0.2257634666337735,1.0,1.0,1.0,1.0,0.0,0.0
17,240,7.326052469927847,8.375927922623628,1.0,0.0,0.0,1.0,0.0,0.0
18,240,12.0,5.671404588523651,1.0,0.0,0.0,1.0,1.0,0.0
19,240,9.272504408308484,10.502807497694022,0.0,1.0,0.0,1.0,0.0,0.0
20,240,4.818640783718546,4.6655501476307,0.0,1.0,1.0,0.0,0.0,1.0
21,240,11.314755031205944,4.071538397792661,0.0,0.0,1.0,0.0,0.0,0.0
22,240,9.33454089219792,5.354737775927649,0.0,1.0,1.0,0.0,0.0,1.0
23,240,6.85844052350947,5.997258214618477,0.0,0.0,0.0,0.0,0.0,1.0
24,240,3.413887361647715,0.5760761683464732,0.0,0.0,0.0,1.0,0.0,0.0
25,240,1.8912425168206373,6.7431731384637175,0.0,1.0,0.0,0.0,0.0,0.0
26,240,6.922757050934862,7.837942072927502,0.0,1.0,1.0,1.0,0.0,1.0
27,240,2.885462179878276,8.185861206726225,1.0,0.0,0.0,1.0,0.0,1.0
28,240,7.25480947964563,4.093706111110532,1.0,0.0,1.0,1.0,0.0,0.0
29,240,7.648638803260875,6.4902721656231055,0.0,0.0,0.0,1.0,1.0,1.0
30,240,1.4548896087670775,7.490766443989665,0.0,1.0,0.0,0.0,0.0,0.0
31,240,0.2488589357458399,3.4435215471641536,1.0,0.0,1.0,1.0,1.0,0.0
32,240,1.975221906749567,12.0,0.0,0.0,0.0,1.0,0.0,1.0
33,240,2.975732292666548,6.813106417449949,1.0,0.0,0.0,0.0,0.0,0.0
34,240,9.134666961524104,9.286169148865342,1.0,0.0,1.0,0.0,0.0,0.0
35,240,3.9629588322374247,9.211038149251577,0.0,1.0,1.0,0.0,0.0,0.0
36,240,4.439562298267935,6.981065372629399,1.0,0.0,0.0,1.0,0.0,1.0
37,240,9.576773338838988,5.002912538302286,1.0,0.0,0.0,1.0,1.0,0.0
38,240,2.5306421937080645,0.0,0.0,1.0,0.0,0.0,0.0,1.0
39,240,5.387638757184555,2.367589489286975,1.0,1.0,1.0,1.0,0.0,0.0
0,245,8.762233232099687,9.528590061231624,1.0,1.0,0.0,1.0,0.0,0.0
1,245,5.073179403354043,8.327965091850096,0.0,1.0,0.0,0.0,0.0,1.0
2,245,8.24580888103,8.576852226316271,0.0,0.0,1.0,1.0,1.0,0.0
3,245,7.294826777768104,11.33436112288427,0.0,1.0,1.0,0.0,1.0,0.0
4,245,0.0,4.173172882545465,1.0,0.0,1.0,1.0,0.0,0.0
5,245,6.299002876294435,9.459508885888065,1.0,0.0,0.0,1.0,1.0,0.0
6,245,12.0,6.98144318527731,0.0,0.0,0.0,0.0,0.0,1.0
7,245,7.824678053621315,2.4652305321724133,0.0,1.0,1.0,0.0,1.0,0.0
8,245,2.4517149585651605,0.0,0.0,1.0,1.0,0.0,1.0,1.0
9,245,0.0799698002903535,1.8880608060874189,0.0,0.0,0.0,0.0,1.0,0.0
10,245,11.9398169180175,0.7363231131724479,0.0,0.0,1.0,0.0,1.0,1.0
11,245,3.4767312395465924,0.0,0.0,0.0,0.0,1.0,0.0,0.0
12,245,7.069733311837557,5.3040692744479365,1.0,0.0,0.0,1.0,0.0,0.0
13,245,9.231139407644148,10.113642755395244,1.0,0.0,0.0,1.0,0.0,0.0
14,245,12.0,5.932586835856134,1.0,1.0,0.0,1.0,0.0,0.0
15,245,8.810067010620097,8.721564868838776,1.0,0.0,0.0,0.0,1.0,1.0
16,245,1.2580344749161316,0.170175036271121,1.0,1.0,1.0,1.0,0.0,0.0
17,245,7.32596194985513,8.376028627413655,1.0,0.0,0.0,1.0,0.0,0.0
18,245,12.0,5.843381392815616,1.0,0.0,0.0,1.0,1.0,0.0
19,245,9.254646365580353,10.504201474912918,0.0,1.0,0.0,1.0,0.0,0.0
20,245,4.797630329024554,4.607984028929157,0.0,1.0,1.0,0.0,0.0,1.0
21,245,11.324218399430602,4.10760908566161,0.0,0.0,1.0,0.0,0.0,0.0
22,245,9.410754430257168,5.243911321985145,0.0,1.0,1.0,0.0,0.0,1.0
23,245,6.8454783826022965,6.022438732045556,0.0,0.0,0.0,0.0,0.0,1.0
24,245,3.4649709207784887,0.5202464832688484,0.0,0.0,0.0,1.0,0.0,0.0
25,245,1.816932719196746,6.703340990054999,0.0,1.0,0.0,0.0,0.0,0.0
26,245,6.899553407682009,7.901737114599285,0.0,1.0,1.0,1.0,0.0,1.0
27,245,2.827907741299446,8.231864526051595,1.0,0.0,0.0,1.0,0.0,1.0
28,245,7.298317666517944,4.031023163130313,1.0,0.0,1.0,1.0,0.0,0.0
29,245,7.470721123057312,6.480959854373831,0.0,0.0,0.0,1.0,1.0,1.0
30,245,1.45945558761712,7.501069981509623,0.0,1.0,0.0,0.0,0.0,0.0
31,245,0.2450973714869,3.466442405634261,1.0,0.0,1.0,1.0,1.0,0.0
32,245,1.9912587175141827,12.0,0.0,0.0,0.0,1.0,0.0,1.0
33,245,2.9733286952258173,6.85853117357857,1.0,0.0,0.0,0.0,0.0,0.0
34,245,9.12853218043148,9.29096040431502,1.0,0.0,1.0,0.0,0.0,0.0
35,245,3.8966441978682176,9.216385413617314,0.0,1.0,1.0,0.0,0.0,0.0
36,245,4.507976793062658,7.008399692385281,1.0,0.0,0.0,1.0,0.0,1.0
37,245,9.701879590778343,5.00218028912799,1.0,0.0,0.0,1.0,1.0,0.0
38,245,2.588595741535009,0.0,0.0,1.0,0.0,0.0,0.0,1.0
39,245,5.673827075913551,2.4133997613721485,1.0,1.0,1.0,1.0,0.0,0.0
0,250,8.753567551146284,9.533909397545123,1.0,1.0,0.0,1.0,0.0,0.0
1,250,5.094583880754163,8.394995108862897,0.0,1.0,0.0,0.0,0.0,1.0
2,250,8.244597139846478,8.628001433788967,0.0,0.0,1.0,1.0,1.0,0.0
3,250,7.377162033510494,11.314742128677706,0.0,1.0,1.0,0.0,1.0,0.0
4,250,0.0,4.163713860429435,1.0,0.0,1.0,1.0,0.0,0.0
5,250,6.283667679545965,9.64606775170065,1.0,0.0,0.0,1.0,1.0,0.0
6,250,12.0,6.94168196840782,0.0,0.0,0.0,0.0,0.0,1.0
7,250,7.795044240268518,2.446005633516217,0.0,1.0,1.0,0.0,1.0,0.0
8,250,2.591070676429084,0.0,0.0,1.0,1.0,0.0,1.0,1.0
9,250,0.0826792568486056,1.9841265236004608,0.0,0.0,0.0,0.0,1.0,0.0
10,250,11.93916101192477,0.7404908762867471,0.0,0.0,1.0,0.0,1.0,1.0
11,250,3.541156243109476,0.0,0.0,0.0,0.0,1.0,0.0,0.0
12,250,7.071355540161499,5.427182145941967,1.0,0.0,0.0,1.0,0.0,0.0
13,250,9.15119643430164,10.067516822190044,1.0,0.0,0.0,1.0,0.0,0.0
14,250,12.0,5.927862687607476,1.0,1.0,0.0,1.0,0.0,0.0
15,250,8.830453305527053,8.71283028310908,1.0,0.0,0.0,0.0,1.0,1.0
16,250,1.1667489273900404,0.112566228473664,1.0,1.0,1.0,1.0,0.0,0.0
17,250,7.335096788609663,8.365825921764879,1.0,0.0,0.0,1.0,0.0,0.0
18,250,12.0,5.999809540278765,1.0,0.0,0.0,1.0,1.0,0.0
19,250,9.223841062364873,10.506572127744922,0.0,1.0,0.0,1.0,0.0,0.0
20,250,4.772610774008986,4.538237856006036,0.0,1.0,1.0,0.0,0.0,1.0
21,250,11.34192642029974,4.166648595750165,0.0,0.0,1.0,0.0,0.0,0.0
22,250,9.484266018388986,5.132254511492778,0.0,1.0,1.0,0.0,0.0,1.0
23,250,6.830126206411173,6.053424309176237,0.0,0.0,0.0,0.0,0.0,1.0
24,250,3.523315364918103,0.4531273006326403,0.0,0.0,0.0,1.0,0.0,0.0
25,250,1.728296650135218,6.654564534373676,0.0,1.0,0.0,0.0,0.0,0.0
26,250,6.877004913290363,7.965082875763893,0.0,1.0,1.0,1.0,0.0,1.0
27,250,2.777174765245773,8.27187093787657,1.0,0.0,0.0,1.0,0.0,1.0
28,250,7.343846478579692,3.964989515956514,1.0,0.0,1.0,1.0,0.0,0.0
29,250,7.483274567140361,6.283233538928362,0.0,0.0,0.0,1.0,1.0,1.0
30,250,1.464294048535226,7.513140592482665,0.0,1.0,0.0,0.0,0.0,0.0
31,250,0.240437884666166,3.494302482771508,1.0,0.0,1.0,1.0,1.0,0.0
32,250,2.003960566778635,12.0,0.0,0.0,0.0,1.0,0.0,1.0
33,250,2.972751919565525,6.908336368298306,1.0,0.0,0.0,0.0,0.0,0.0
34,250,9.12458176106489,9.294185084824196,1.0,0.0,1.0,0.0,0.0,0.0
35,250,3.831999813637564,9.219679338751696,0.0,1.0,1.0,0.0,0.0,0.0
36,250,4.581073051001206,7.037695659613305,1.0,0.0,0.0,1.0,0.0,1.0
37,250,9.846313199766788,5.001608867282922,1.0,0.0,0.0,1.0,1.0,0.0
38,250,2.604801483787204,0.0511741603956207,0.0,1.0,0.0,0.0,0.0,1.0
39,250,5.9544588701067305,2.4627208584673985,1.0,1.0,1.0,1.0,0.0,0.0
0,255,8.739821230322395,9.542372611936829,1.0,1.0,0.0,1.0,0.0,0.0
1,255,5.120123751542038,8.471028182937124,0.0,1.0,0.0,0.0,0.0,1.0
2,255,8.241559647350979,8.705299718334887,0.0,0.0,1.0,1.0,1.0,0.0
3,255,7.443379006710179,11.298610701458593,0.0,1.0,1.0,0.0,1.0,0.0
4,255,0.0,4.150427056303488,1.0,0.0,1.0,1.0,0.0,0.0
5,255,6.2693197724629215,9.85777465930994,1.0,0.0,0.0,1.0,1.0,0.0
6,255,12.0,6.950954251313734,0.0,0.0,0.0,0.0,0.0,1.0
7,255,7.769626667794245,2.4302462707055,0.0,1.0,1.0,0.0,1.0,0.0
8,255,2.7357132593655358,0.0,0.0,1.0,1.0,0.0,1.0,1.0
9,255,0.0844951287172688,2.071246678458311,0.0,0.0,0.0,0.0,1.0,0.0
10,255,11.939966292352285,0.7352887425079999,0.0,0.0,1.0,0.0,1.0,1.0
11,255,3.5936457094557324,0.0,0.0,0.0,0.0,1.0,0.0,0.0
12,255,7.073728133768611,5.539340754788089,1.0,0.0,0.0,1.0,0.0,0.0
13,255,9.082729429104852,10.02896229041688,1.0,0.0,0.0,1.0,0.0,0.0
14,255,12.0,5.924401161531194,1.0,1.0,0.0,1.0,0.0,0.0
15,255,8.860149994994876,8.700328766371747,1.0,0.0,0.0,0.0,1.0,1.0
16,255,1.052683833761977,0.0440650082904672,1.0,1.0,1.0,1.0,0.0,0.0
17,255,7.351995914214533,8.346463625950834,1.0,0.0,0.0,1.0,0.0,0.0
18,255,12.0,6.168769353466661,1.0,0.0,0.0,1.0,1.0,0.0
19,255,9.177561965656178,10.510164137067168,0.0,1.0,0.0,1.0,0.0,0.0
20,255,4.747892423767699,4.468257888432306,0.0,1.0,1.0,0.0,0.0,1.0
21,255,11.35828300639194,4.217474474105669,0.0,0.0,1.0,0.0,0.0,0.0
22,255,9.56009171525031,5.024775988317621,0.0,1.0,1.0,0.0,0.0,1.0
23,255,6.818686650026667,6.07621219654741,0.0,0.0,0.0,0.0,0.0,1.0
24,255,3.5857994835222327,0.3799201881521363,0.0,0.0,0.0,1.0,0.0,0.0
25,255,1.6361553981155668,6.607950872645492,0.0,1.0,0.0,0.0,0.0,0.0
26,255,6.850074339726596,8.04107346351115,0.0,1.0,1.0,1.0,0.0,1.0
27,255,2.7115160612932736,8.32490043299288,1.0,0.0,0.0,1.0,0.0,1.0
28,255,7.380452549413358,3.915030481390616,1.0,0.0,1.0,1.0,0.0,0.0
29,255,7.496976239139283,6.089603024749032,0.0,0.0,0.0,1.0,1.0,1.0
30,255,1.4680781541488543,7.523852585513228,0.0,1.0,0.0,0.0,0.0,0.0
31,255,0.2359794899778856,3.5215704362074365,1.0,0.0,1.0,1.0,1.0,0.0
32,255,2.024326872557117,12.0,0.0,0.0,0.0,1.0,0.0,1.0
33,255,2.97326620818398,6.941544794753363,1.0,0.0,0.0,0.0,0.0,0.0
34,255,9.10851918963289,9.307197249785707,1.0,0.0,1.0,0.0,0.0,0.0
35,255,3.776701375425656,9.2239039983065,0.0,1.0,1.0,0.0,0.0,0.0
36,255,4.549157238237829,7.122027132161195,1.0,0.0,0.0,1.0,0.0,1.0
37,255,9.99116903138825,5.00249147217015,1.0,0.0,0.0,1.0,1.0,0.0
38,255,2.617107843809356,0.091756609800087,0.0,1.0,0.0,0.0,0.0,1.0
39,255,6.25994141702214,2.5124207236421885,1.0,1.0,1.0,1.0,0.0,0.0
0,260,8.710294712698941,9.560804957773025,1.0,1.0,0.0,1.0,0.0,0.0
1,260,5.145141467139954,8.544753210390098,0.0,1.0,0.0,0.0,0.0,1.0
2,260,8.239220451312448,8.771428776505143,0.0,0.0,1.0,1.0,1.0,0.0
3,260,7.529148235425293,11.277070351238969,0.0,1.0,1.0,0.0,1.0,0.0
4,260,0.0,4.136491394080741,1.0,0.0,1.0,1.0,0.0,0.0
5,260,6.254081584746439,10.067010909348705,1.0,0.0,0.0,1.0,1.0,0.0
6,260,12.0,6.9576540298865135,0.0,0.0,0.0,0.0,0.0,1.0
7,260,7.755539712293814,2.421449588508876,0.0,1.0,1.0,0.0,1.0,0.0
8,260,2.860541103280414,0.0,0.0,1.0,1.0,0.0,1.0,1.0
9,260,0.0856306048323358,2.165827187781582,0.0,0.0,0.0,0.0,1.0,0.0
10,260,11.936852982995966,0.7517863918721724,0.0,0.0,1.0,0.0,1.0,1.0
11,260,3.660659904734705,0.0,0.0,0.0,0.0,1.0,0.0,0.0
12,260,7.076515879493946,5.633614480040768,1.0,0.0,0.0,1.0,0.0,0.0
13,260,9.021752443560937,9.99553056867323,1.0,0.0,0.0,1.0,0.0,0.0
14,260,12.0,5.921150616428272,1.0,1.0,0.0,1.0,0.0,0.0
15,260,8.872600671482562,8.69496618972852,1.0,0.0,0.0,0.0,1.0,1.0
16,260,0.9518603052030478,0.0,1.0,1.0,1.0,1.0,0.0,0.0
17,260,7.371795382620643,8.322985176139463,1.0,0.0,0.0,1.0,0.0,0.0
18,260,12.0,6.350217863348303,1.0,0.0,0.0,1.0,1.0,0.0
19,260,9.140457689281778,10.513010107456118,0.0,1.0,0.0,1.0,0.0,0.0
20,260,4.724217295317711,4.3977230870436745,0.0,1.0,1.0,0.0,0.0,1.0
21,260,11.370829652523614,4.2546372917455,0.0,0.0,1.0,0.0,0.0,0.0
22,260,9.631904296156344,4.926490798698721,0.0,1.0,1.0,0.0,0.0,1.0
23,260,6.81054916851089,6.093043781179689,0.0,0.0,0.0,0.0,0.0,1.0
24,260,3.657304481833781,0.2943774583272625,0.0,0.0,0.0,1.0,0.0,0.0
25,260,1.5340500964788637,6.558812035898612,0.0,1.0,0.0,0.0,0.0,0.0
26,260,6.814881108460575,8.134454994268598,0.0,1.0,1.0,1.0,0.0,1.0
27,260,2.6512418915004674,8.372272380998247,1.0,0.0,0.0,1.0,0.0,1.0
28,260,7.413605103905932,3.868119800005191,1.0,0.0,1.0,1.0,0.0,0.0
29,260,7.513164784137476,5.887510233082641,0.0,0.0,0.0,1.0,1.0,1.0
30,260,1.4730437816893214,7.537528783934537,0.0,1.0,0.0,0.0,0.0,0.0
31,260,0.2299030367735517,3.5610700502469568,1.0,0.0,1.0,1.0,1.0,0.0
32,260,2.047572918597494,12.0,0.0,0.0,0.0,1.0,0.0,1.0
33,260,2.973245284309641,6.979153339174696,1.0,0.0,0.0,0.0,0.0,0.0
34,260,9.074198653834337,9.335644790762302,1.0,0.0,1.0,0.0,0.0,0.0
35,260,3.7245075219820927,9.22678233820753,0.0,1.0,1.0,0.0,0.0,0.0
36,260,4.5213496859620586,7.197564883580191,1.0,0.0,0.0,1.0,0.0,1.0
37,260,10.131262051444278,5.003333502522842,1.0,0.0,0.0,1.0,1.0,0.0
38,260,2.632257275203575,0.1421907921436693,0.0,1.0,0.0,0.0,0.0,1.0
39,260,6.55339663488152,2.5564701612240706,1.0,1.0,1.0,1.0,0.0,0.0
0,265,8.675799681335553,9.581291703664636,1.0,1.0,0.0,1.0,0.0,0.0
1,265,5.17351876685634,8.62793775251087,0.0,1.0,0.0,0.0,0.0,1.0
2,265,8.235520526065912,8.840234958037769,0.0,0.0,1.0,1.0,1.0,0.0
3,265,7.611871874824733,11.25457758510235,0.0,1.0,1.0,0.0,1.0,0.0
4,265,0.0,4.12021330506674,1.0,0.0,1.0,1.0,0.0,0.0
5,265,6.23590153798553,10.299222288815187,1.0,0.0,0.0,1.0,1.0,0.0
6,265,12.0,6.961682718267381,0.0,0.0,0.0,0.0,0.0,1.0
7,265,7.737905718793964,2.4102920986057828,0.0,1.0,1.0,0.0,1.0,0.0
8,265,2.993266897569104,0.0,0.0,1.0,1.0,0.0,1.0,1.0
9,265,0.085952641719527,2.276238482864244,0.0,0.0,0.0,0.0,1.0,0.0
10,265,11.932573299398236,0.7782699639118937,0.0,0.0,1.0,0.0,1.0,1.0
11,265,3.728458121521313,0.0,0.0,0.0,0.0,1.0,0.0,0.0
12,265,7.076378968093643,5.722803303269293,1.0,0.0,0.0,1.0,0.0,0.0
13,265,8.9664769612112,9.965153252572446,1.0,0.0,0.0,1.0,0.0,0.0
14,265,12.0,5.915522343494885,1.0,1.0,0.0,1.0,0.0,0.0
15,265,8.887644410561782,8.688870788178276,1.0,0.0,0.0,0.0,1.0,1.0
16,265,0.8649140777675147,0.0,1.0,1.0,1.0,1.0,0.0,0.0
17,265,7.387840823943748,8.302983281542362,1.0,0.0,0.0,1.0,0.0,0.0
18,265,12.0,6.533432738291524,1.0,0.0,0.0,1.0,1.0,0.0
19,265,9.102229935445196,10.5155480818806,0.0,1.0,0.0,1.0,0.0,0.0
20,265,4.694746268488333,4.308074062064935,0.0,1.0,1.0,0.0,0.0,1.0
21,265,11.380653273706194,4.2841631986226245,0.0,0.0,1.0,0.0,0.0,0.0
22,265,9.69851791681325,4.830306897514171,0.0,1.0,1.0,0.0,0.0,1.0
23,265,6.801417049313312,6.111528710023856,0.0,0.0,0.0,0.0,0.0,1.0
24,265,3.705679447600661,0.2362236139328375,0.0,0.0,0.0,1.0,0.0,0.0
25,265,1.4235192341760845,6.508135091832978,0.0,1.0,0.0,0.0,0.0,0.0
26,265,6.781879531221495,8.218100433929845,0.0,1.0,1.0,1.0,0.0,1.0
27,265,2.5943206780935872,8.41508906389159,1.0,0.0,0.0,1.0,0.0,1.0
28,265,7.446711844676484,3.820521477518179,1.0,0.0,1.0,1.0,0.0,0.0
29,265,7.524870062722898,5.703041753693075,0.0,0.0,0.0,1.0,1.0,1.0
30,265,1.4798734786298953,7.556597544291307,0.0,1.0,0.0,0.0,0.0,0.0
31,265,0.2266600627895147,3.581912562019373,1.0,0.0,1.0,1.0,1.0,0.0
32,265,2.0703028472888536,12.0,0.0,0.0,0.0,1.0,0.0,1.0
33,265,2.973622354384836,7.0483919061475815,1.0,0.0,0.0,0.0,0.0,0.0
34,265,9.029281224458495,9.374445917320186,1.0,0.0,1.0,0.0,0.0,0.0
35,265,3.703894466297219,9.228178657890547,0.0,1.0,1.0,0.0,0.0,0.0
36,265,4.490195246075102,7.27690491178577,1.0,0.0,0.0,1.0,0.0,1.0
37,265,10.25841329243354,4.998329334750729,1.0,0.0,0.0,1.0,1.0,0.0
38,265,2.6582523896589074,0.2302414957029338,0.0,1.0,0.0,0.0,0.0,1.0
39,265,6.852407890208845,2.5993159743931336,1.0,1.0,1.0,1.0,0.0,0.0
0,270,8.668330553458956,9.586117236306563,1.0,1.0,0.0,1.0,0.0,0.0
1,270,5.200599836258037,8.708686798164125,0.0,1.0,0.0,0.0,0.0,1.0
2,270,8.23172728620182,8.898963197762043,0.0,0.0,1.0,1.0,1.0,0.0
3,270,7.722343231022632,11.225145546435034,0.0,1.0,1.0,0.0,1.0,0.0
4,270,0.0,4.105415455836599,1.0,0.0,1.0,1.0,0.0,0.0
5,270,6.215043754532277,10.4936399112237,1.0,0.0,0.0,1.0,1.0,0.0
6,270,12.0,6.968071243779835,0.0,0.0,0.0,0.0,0.0,1.0
7,270,7.727723629281469,2.404174909246915,0.0,1.0,1.0,0.0,1.0,0.0
8,270,2.896404394567502,0.0,0.0,1.0,1.0,0.0,1.0,1.0
9,270,0.0853811232232445,2.374291602373056,0.0,0.0,0.0,0.0,1.0,0.0
10,270,11.926437456084582,0.8137110017203779,0.0,0.0,1.0,0.0,1.0,1.0
11,270,3.8020794812250847,0.0,0.0,0.0,0.0,1.0,0.0,0.0
12,270,7.077563962506843,5.821370163149481,1.0,0.0,0.0,1.0,0.0,0.0
13,270,8.901889333672381,9.93217949047444,1.0,0.0,0.0,1.0,0.0,0.0
14,270,12.0,5.908852188247365,1.0,1.0,0.0,1.0,0.0,0.0
15,270,8.904652566260944,8.681885254927161,1.0,0.0,0.0,0.0,1.0,1.0
16,270,0.7821676931448532,0.0,1.0,1.0,1.0,1.0,0.0,0.0
17,270,7.4213230641780035,8.262251702915423,1.0,0.0,0.0,1.0,0.0,0.0
18,270,12.0,6.706943945663763,1.0,0.0,0.0,1.0,1.0,0.0
19,270,9.06018923794491,10.51709517089982,0.0,1.0,0.0,1.0,0.0,0.0
20,270,4.664757279004387,4.219079070562569,0.0,1.0,1.0,0.0,0.0,1.0
21,270,11.393064680574527,4.3194755949495285,0.0,0.0,1.0,0.0,0.0,0.0
22,270,9.757325334456851,4.746269516164607,0.0,1.0,1.0,0.0,0.0,1.0
23,270,6.790144176495757,6.134105432859792,0.0,0.0,0.0,0.0,0.0,1.0
24,270,3.762511122825548,0.1714707566672675,0.0,0.0,0.0,1.0,0.0,0.0
25,270,1.2937090101205484,6.447221485303309,0.0,1.0,0.0,0.0,0.0,0.0
26,270,6.751555083195405,8.295550731538741,0.0,1.0,1.0,1.0,0.0,1.0
27,270,2.558963871491029,8.442097421542279,1.0,0.0,0.0,1.0,0.0,1.0
28,270,7.476134990073316,3.7754482899872417,1.0,0.0,1.0,1.0,0.0,0.0
29,270,7.532684304377549,5.511577585976905,0.0,0.0,0.0,1.0,1.0,1.0
30,270,1.4821380687481691,7.562493015769772,0.0,1.0,0.0,0.0,0.0,0.0
31,270,0.220902883930512,3.620734888079204,1.0,0.0,1.0,1.0,1.0,0.0
32,270,2.096162306291969,12.0,0.0,0.0,0.0,1.0,0.0,1.0
33,270,2.973458035865142,7.115917349424063,1.0,0.0,0.0,0.0,0.0,0.0
34,270,9.003047675173141,9.39729628053592,1.0,0.0,1.0,0.0,0.0,0.0
35,270,3.677798282795553,9.229465639786962,0.0,1.0,1.0,0.0,0.0,0.0
36,270,4.461775452432938,7.348526046537652,1.0,0.0,0.0,1.0,0.0,1.0
37,270,10.358591946668056,4.997487555819026,1.0,0.0,0.0,1.0,1.0,0.0
38,270,2.682511264501113,0.3077528702135742,0.0,1.0,0.0,0.0,0.0,1.0
39,270,7.1373511113234605,2.6415449086664817,1.0,1.0,1.0,1.0,0.0,0.0
0,275,8.650320748795219,9.597756791485956,1.0,1.0,0.0,1.0,0.0,0.0
1,275,5.232774223331844,8.803468090941642,0.0,1.0,0.0,0.0,0.0,1.0
2,275,8.225774532119212,8.963408852888573,0.0,0.0,1.0,1.0,1.0,0.0
3,275,7.833501575654671,11.195917017673532,0.0,1.0,1.0,0.0,1.0,0.0
4,275,0.0,4.091926954432622,1.0,0.0,1.0,1.0,0.0,0.0
5,275,6.197093476756229,10.669236549943586,1.0,0.0,0.0,1.0,1.0,0.0
6,275,12.0,6.970878905469466,0.0,0.0,0.0,0.0,0.0,1.0
7,275,7.720604434618904,2.39988614314232,0.0,1.0,1.0,0.0,1.0,0.0
8,275,2.785880900617877,0.0,0.0,1.0,1.0,0.0,1.0,1.0
9,275,0.0838631116347725,2.488302154355184,0.0,0.0,0.0,0.0,1.0,0.0
10,275,11.914198916600425,0.8760191507132153,0.0,0.0,1.0,0.0,1.0,1.0
11,275,3.890411451414796,0.0,0.0,0.0,0.0,1.0,0.0,0.0
12,275,7.081063767160845,5.912118630545352,1.0,0.0,0.0,1.0,0.0,0.0
13,275,8.828897482878798,9.895061433782931,1.0,0.0,0.0,1.0,0.0,0.0
14,275,12.0,5.901026882541133,1.0,1.0,0.0,1.0,0.0,0.0
15,275,8.92902491265193,8.672863204183118,1.0,0.0,0.0,0.0,1.0,1.0
16,275,0.6965760327556922,0.0,1.0,1.0,1.0,1.0,0.0,0.0
17,275,7.450775492488004,8.226634826738888,1.0,0.0,0.0,1.0,0.0,0.0
18,275,12.0,6.882884764853956,1.0,0.0,0.0,1.0,1.0,0.0
19,275,9.009537249985536,10.519064969388152,0.0,1.0,0.0,1.0,0.0,0.0
20,275,4.6351559791703405,4.12649369469546,0.0,1.0,1.0,0.0,0.0,1.0
21,275,11.413455925889078,4.372858751400833,0.0,0.0,1.0,0.0,0.0,0.0
22,275,9.81591703491382,4.66476173090636,0.0,1.0,1.0,0.0,0.0,1.0
23,275,6.787834542110975,6.139222723646165,0.0,0.0,0.0,0.0,0.0,1.0
24,275,3.8237881227284665,0.100696660427285,0.0,0.0,0.0,1.0,0.0,0.0
25,275,1.1601139459077143,6.388430376305481,0.0,1.0,0.0,0.0,0.0,0.0
26,275,6.727827198852125,8.356541538312088,0.0,1.0,1.0,1.0,0.0,1.0
27,275,2.5307783685095893,8.462625074796179,1.0,0.0,0.0,1.0,0.0,1.0
28,275,7.502015875251669,3.7392972953448695,1.0,0.0,1.0,1.0,0.0,0.0
29,275,7.544194129184107,5.307994638231112,0.0,0.0,0.0,1.0,1.0,1.0
30,275,1.4771356202585664,7.550033711440615,0.0,1.0,0.0,0.0,0.0,0.0
31,275,0.2154304981526169,3.657502907286273,1.0,0.0,1.0,1.0,1.0,0.0
32,275,2.11330992761206,12.0,0.0,0.0,0.0,1.0,0.0,1.0
33,275,2.973927894935561,7.172094614640186,1.0,0.0,0.0,0.0,0.0,0.0
34,275,8.959501180197469,9.435929071407614,1.0,0.0,1.0,0.0,0.0,0.0
35,275,3.635354669447769,9.23270589404799,0.0,1.0,1.0,0.0,0.0,0.0
36,275,4.433117321086349,7.420147553835545,1.0,0.0,0.0,1.0,0.0,1.0
37,275,10.439926872547222,4.998341640219637,1.0,0.0,0.0,1.0,1.0,0.0
38,275,2.70208967886974,0.3740293655173065,0.0,1.0,0.0,0.0,0.0,1.0
39,275,7.429581471905151,2.6880104929934325,1.0,1.0,1.0,1.0,0.0,0.0
0,280,8.622607071774965,9.616997164872863,1.0,1.0,0.0,1.0,0.0,0.0
1,280,5.269802892157193,8.912051077542726,0.0,1.0,0.0,0.0,0.0,1.0
2,280,8.222588006537821,8.99371378581846,0.0,0.0,1.0,1.0,1.0,0.0
3,280,7.927289144363824,11.171478448225894,0.0,1.0,1.0,0.0,1.0,0.0
4,280,0.0,4.07885169530027,1.0,0.0,1.0,1.0,0.0,0.0
5,280,6.177417342437006,10.870351320551295,1.0,0.0,0.0,1.0,1.0,0.0
6,280,12.0,6.979687934956475,0.0,0.0,0.0,0.0,0.0,1.0
7,280,7.705448553145568,2.3911035462352213,0.0,1.0,1.0,0.0,1.0,0.0
8,280,2.681875532175771,0.0,0.0,1.0,1.0,0.0,1.0,1.0
9,280,0.0822134260719819,2.600213305726298,0.0,0.0,0.0,0.0,1.0,0.0
10,280,11.900533540752996,0.9556457610277804,0.0,0.0,1.0,0.0,1.0,1.0
11,280,3.96867923420684,0.0,0.0,0.0,0.0,1.0,0.0,0.0
12,280,7.08513330747956,5.988660645164466,1.0,0.0,0.0,1.0,0.0,0.0
13,280,8.768232923171015,9.864300950994757,1.0,0.0,0.0,1.0,0.0,0.0
14,280,12.0,5.893392680179544,1.0,1.0,0.0,1.0,0.0,0.0
15,280,8.959354302300714,8.660837660746024,1.0,0.0,0.0,0.0,1.0,1.0
16,280,0.6142920842246522,0.0,1.0,1.0,1.0,1.0,0.0,0.0
17,280,7.494038508477555,8.174980962598742,1.0,0.0,0.0,1.0,0.0,0.0
18,280,12.0,7.071938017325058,1.0,0.0,0.0,1.0,1.0,0.0
19,280,8.951191663797566,10.520455497277323,0.0,1.0,0.0,1.0,0.0,0.0
20,280,4.606993287268471,4.0384906201457165,0.0,1.0,1.0,0.0,0.0,1.0
21,280,11.428646462042972,4.412116547392039,0.0,0.0,1.0,0.0,0.0,0.0
22,280,9.869820529395888,4.586751261748915,0.0,1.0,1.0,0.0,0.0,1.0
23,280,6.790614708509827,6.132437209610312,0.0,0.0,0.0,0.0,0.0,1.0
24,280,3.8909491918919694,0.0211609662821843,0.0,0.0,0.0,1.0,0.0,0.0
25,280,1.0524534659366642,6.341602601766849,0.0,1.0,0.0,0.0,0.0,0.0
26,280,6.706554912321257,8.409701717018656,0.0,1.0,1.0,1.0,0.0,1.0
27,280,2.519344737755337,8.471317820636791,1.0,0.0,0.0,1.0,0.0,1.0
28,280,7.535590487229101,3.6912653393237616,1.0,0.0,1.0,1.0,0.0,0.0
29,280,7.546565174251408,5.092127479315578,0.0,0.0,0.0,1.0,1.0,1.0
30,280,1.460954307780485,7.509782712679437,0.0,1.0,0.0,0.0,0.0,0.0
31,280,0.2127477534502427,3.67405173833584,1.0,0.0,1.0,1.0,1.0,0.0
32,280,2.1246472808884165,12.0,0.0,0.0,0.0,1.0,0.0,1.0
33,280,2.9747593504981946,7.231680992921847,1.0,0.0,0.0,0.0,0.0,0.0
34,280,8.928877201172588,9.462607661467333,1.0,0.0,1.0,0.0,0.0,0.0
35,280,3.5882193883574978,9.236711571054984,0.0,1.0,1.0,0.0,0.0,0.0
36,280,4.400217520010363,7.502871191736047,1.0,0.0,0.0,1.0,0.0,1.0
37,280,10.539036301307672,5.000091650042837,1.0,0.0,0.0,1.0,1.0,0.0
38,280,2.731385786163251,0.4569095826004717,0.0,1.0,0.0,0.0,0.0,1.0
39,280,7.710228008461876,2.7319967785969164,1.0,1.0,1.0,1.0,0.0,0.0
0,285,8.579074543155006,9.648229753699068,1.0,1.0,0.0,1.0,0.0,0.0
1,285,5.301598809436386,9.00309966152274,0.0,1.0,0.0,0.0,0.0,1.0
2,285,8.219532659098677,9.025908770753396,0.0,0.0,1.0,1.0,1.0,0.0
3,285,8.02776007635804,11.145617742603328,0.0,1.0,1.0,0.0,1.0,0.0
4,285,0.0,4.0626907822356495,1.0,0.0,1.0,1.0,0.0,0.0
5,285,6.153197398375411,11.092345193790225,1.0,0.0,0.0,1.0,1.0,0.0
6,285,11.98675252158968,6.97168380129279,0.0,0.0,0.0,0.0,0.0,1.0
7,285,7.696042595916609,2.385505689914308,0.0,1.0,1.0,0.0,1.0,0.0
8,285,2.576148168812939,0.0,0.0,1.0,1.0,0.0,1.0,1.0
9,285,0.0777285575569797,2.7092103578335176,0.0,0.0,0.0,0.0,1.0,0.0
10,285,11.882821003316838,1.0537709331540854,0.0,0.0,1.0,0.0,1.0,1.0
11,285,4.052625107729826,0.0,0.0,0.0,0.0,1.0,0.0,0.0
12,285,7.087310595029237,6.08673645917515,1.0,0.0,0.0,1.0,0.0,0.0
13,285,8.70755199368798,9.830171860180858,1.0,0.0,0.0,1.0,0.0,0.0
14,285,12.0,5.884710889351682,1.0,1.0,0.0,1.0,0.0,0.0
15,285,9.00179975867488,8.643693000936645,1.0,0.0,0.0,0.0,1.0,1.0
16,285,0.5423761559657675,0.0,1.0,1.0,1.0,1.0,0.0,0.0
17,285,7.542841668091925,8.116954547900335,1.0,0.0,0.0,1.0,0.0,0.0
18,285,12.0,7.266276921359446,1.0,0.0,0.0,1.0,1.0,0.0
19,285,8.884858447137912,10.522596697164207,0.0,1.0,0.0,1.0,0.0,0.0
20,285,4.572485054980144,3.9272909311603166,0.0,1.0,1.0,0.0,0.0,1.0
21,285,11.44522880123845,4.458820914598637,0.0,0.0,1.0,0.0,0.0,0.0
22,285,9.926368642899511,4.50373605238434,0.0,1.0,1.0,0.0,0.0,1.0
23,285,6.782872935813959,6.151267125844097,0.0,0.0,0.0,0.0,0.0,1.0
24,285,3.969662758323225,0.0,0.0,0.0,0.0,1.0,0.0,0.0
25,285,0.9223753123432624,6.289240548379184,0.0,1.0,0.0,0.0,0.0,0.0
26,285,6.685563369897272,8.464623618985899,0.0,1.0,1.0,1.0,0.0,1.0
27,285,2.513577400350183,8.4759214630628,1.0,0.0,0.0,1.0,0.0,1.0
28,285,7.564121581497224,3.65124322299648,1.0,0.0,1.0,1.0,0.0,0.0
29,285,7.543669216988264,4.891848292405629,0.0,0.0,0.0,1.0,1.0,1.0
30,285,1.4487299658285282,7.480144460768786,0.0,1.0,0.0,0.0,0.0,0.0
31,285,0.2097345567047654,3.69467144320939,1.0,0.0,1.0,1.0,1.0,0.0
32,285,2.1416864653386805,12.0,0.0,0.0,0.0,1.0,0.0,1.0
33,285,2.976660895478692,7.318028753998141,1.0,0.0,0.0,0.0,0.0,0.0
34,285,8.903359475114467,9.486084495994474,1.0,0.0,1.0,0.0,0.0,0.0
35,285,3.529902951883164,9.241493080085563,0.0,1.0,1.0,0.0,0.0,0.0
36,285,4.367477847126673,7.578311326436319,1.0,0.0,0.0,1.0,0.0,1.0
37,285,10.64315148442553,5.00043486843579,1.0,0.0,0.0,1.0,1.0,0.0
38,285,2.764187558049248,0.5565107122966522,0.0,1.0,0.0,0.0,0.0,1.0
39,285,8.004292972084066,2.7825233304884494,1.0,1.0,1.0,1.0,0.0,0.0
0,290,8.53105570134712,9.682203807382091,1.0,1.0,0.0,1.0,0.0,0.0
1,290,5.3296188851971,9.087829595363129,0.0,1.0,0.0,0.0,0.0,1.0
2,290,8.215448793213973,9.0750642766201,0.0,0.0,1.0,1.0,1.0,0.0
3,290,8.136085114570246,11.117402128592378,0.0,1.0,1.0,0.0,1.0,0.0
4,290,0.0,4.043190824366222,1.0,0.0,1.0,1.0,0.0,0.0
5,290,6.127988893124453,11.299009133267628,1.0,0.0,0.0,1.0,1.0,0.0
6,290,11.956196355947249,6.952012015152799,0.0,0.0,0.0,0.0,0.0,1.0
7,290,7.680243933103801,2.3763385795367085,0.0,1.0,1.0,0.0,1.0,0.0
8,290,2.452643199812945,0.0,0.0,1.0,1.0,0.0,1.0,1.0
9,290,0.071142676636694,2.835966240800682,0.0,0.0,0.0,0.0,1.0,0.0
10,290,11.865436459733669,1.15024135872337,0.0,0.0,1.0,0.0,1.0,1.0
11,290,4.140490455190208,0.0,0.0,0.0,0.0,1.0,0.0,0.0
12,290,7.0888379493090765,6.164991415565007,1.0,0.0,0.0,1.0,0.0,0.0
13,290,8.633783908574651,9.791152843791336,1.0,0.0,0.0,1.0,0.0,0.0
14,290,12.0,5.875523939757779,1.0,1.0,0.0,1.0,0.0,0.0
15,290,9.056586920326868,8.620354761178847,1.0,0.0,0.0,0.0,1.0,1.0
16,290,0.4693545561120886,0.0,1.0,1.0,1.0,1.0,0.0,0.0
17,290,7.604809455324808,8.044013919983097,1.0,0.0,0.0,1.0,0.0,0.0
18,290,12.0,7.460978013415284,1.0,0.0,0.0,1.0,1.0,0.0
19,290,8.819335749955536,10.525091777926626,0.0,1.0,0.0,1.0,0.0,0.0
20,290,4.54772747259747,3.838570508157911,0.0,1.0,1.0,0.0,0.0,1.0
21,290,11.456461630660357,4.488673840726935,0.0,0.0,1.0,0.0,0.0,0.0
22,290,9.986615828541272,4.417993975875281,0.0,1.0,1.0,0.0,0.0,1.0
23,290,6.766657687392508,6.188672913453033,0.0,0.0,0.0,0.0,0.0,1.0
24,290,4.049746297766102,0.0,0.0,0.0,0.0,1.0,0.0,0.0
25,290,0.7874381515787123,6.231534228834754,0.0,1.0,0.0,0.0,0.0,0.0
26,290,6.670157341905925,8.505956168971675,0.0,1.0,1.0,1.0,0.0,1.0
27,290,2.510282112664433,8.478625969391727,1.0,0.0,0.0,1.0,0.0,1.0
28,290,7.59637757501927,3.6036203277324415,1.0,0.0,1.0,1.0,0.0,0.0
29,290,7.543906169057972,4.696107675088586,0.0,0.0,0.0,1.0,1.0,1.0
30,290,1.4377480975176022,7.451530836067937,0.0,1.0,0.0,0.0,0.0,0.0
31,290,0.2045314538223806,3.733872297139104,1.0,0.0,1.0,1.0,1.0,0.0
32,290,2.158763924815156,12.0,0.0,0.0,0.0,1.0,0.0,1.0
33,290,2.9800590861948537,7.378047248797381,1.0,0.0,0.0,0.0,0.0,0.0
34,290,8.888827792248852,9.499849547945802,1.0,0.0,1.0,0.0,0.0,0.0
35,290,3.4615127327904105,9.246646027514355,0.0,1.0,1.0,0.0,0.0,0.0
36,290,4.338175268835776,7.645552530443435,1.0,0.0,0.0,1.0,0.0,1.0
37,290,10.75358283725694,4.99899501504474,1.0,0.0,0.0,1.0,1.0,0.0
38,290,2.801454828019579,0.676348964910709,0.0,1.0,0.0,0.0,0.0,1.0
39,290,8.286611986392622,2.829489155104848,1.0,1.0,1.0,1.0,0.0,0.0
0,295,8.495555326142991,9.70866119143368,1.0,1.0,0.0,1.0,0.0,0.0
1,295,5.354475955451131,9.168187266939544,0.0,1.0,0.0,0.0,0.0,1.0
2,295,8.21338754366204,9.128618645139264,0.0,0.0,1.0,1.0,1.0,0.0
3,295,8.253103411663107,11.08466152731038,0.0,1.0,1.0,0.0,1.0,0.0
4,295,0.0,4.02434891125464,1.0,0.0,1.0,1.0,0.0,0.0
5,295,6.101210439447495,11.508584998370296,1.0,0.0,0.0,1.0,1.0,0.0
6,295,11.938709216538372,6.940603831142075,0.0,0.0,0.0,0.0,0.0,1.0
7,295,7.667763238564432,2.3689767008960305,0.0,1.0,1.0,0.0,1.0,0.0
8,295,2.332285445637741,0.0,0.0,1.0,1.0,0.0,1.0,1.0
9,295,0.0667126120761203,2.9536277436720004,0.0,0.0,0.0,0.0,1.0,0.0
10,295,11.844145606165243,1.266951657304497,0.0,0.0,1.0,0.0,1.0,1.0
11,295,4.239704186813057,0.0,0.0,0.0,0.0,1.0,0.0,0.0
12,295,7.091043070256874,6.238366728127432,1.0,0.0,0.0,1.0,0.0,0.0
13,295,8.564066073537672,9.752389046612016,1.0,0.0,0.0,1.0,0.0,0.0
14,295,12.0,5.868162992658257,1.0,1.0,0.0,1.0,0.0,0.0
15,295,9.110726678494723,8.59579579752896,1.0,0.0,0.0,0.0,1.0,1.0
16,295,0.3801713046187437,0.0,1.0,1.0,1.0,1.0,0.0,0.0
17,295,7.665275542326751,7.974560927575854,1.0,0.0,0.0,1.0,0.0,0.0
18,295,12.0,7.641439250134396,1.0,0.0,0.0,1.0,1.0,0.0
19,295,8.740848101408366,10.52753015024154,0.0,1.0,0.0,1.0,0.0,0.0
20,295,4.5232563005202175,3.748621935313466,0.0,1.0,1.0,0.0,0.0,1.0
21,295,11.463855121149106,4.508739667120239,0.0,0.0,1.0,0.0,0.0,0.0
22,295,10.040443754916742,4.336875313820117,0.0,1.0,1.0,0.0,0.0,1.0
23,295,6.742744431208181,6.245206071157172,0.0,0.0,0.0,0.0,0.0,1.0
24,295,4.116120790603806,0.0,0.0,0.0,0.0,1.0,0.0,0.0
25,295,0.6578323333569941,6.178137097556289,0.0,1.0,0.0,0.0,0.0,0.0
26,295,6.658166016233342,8.538375215450637,0.0,1.0,1.0,1.0,0.0,1.0
27,295,2.501807218552199,8.485772470344351,1.0,0.0,0.0,1.0,0.0,1.0
28,295,7.6364878882272285,3.545549862156264,1.0,0.0,1.0,1.0,0.0,0.0
29,295,7.547525508843085,4.500002557308169,0.0,0.0,0.0,1.0,1.0,1.0
30,295,1.4265169939765727,7.422161249683783,0.0,1.0,0.0,0.0,0.0,0.0
31,295,0.1977881078282427,3.787770777434591,1.0,0.0,1.0,1.0,1.0,0.0
32,295,2.1773972838070668,12.0,0.0,0.0,0.0,1.0,0.0,1.0
33,295,2.984901487952055,7.448326580507421,1.0,0.0,0.0,0.0,0.0,0.0
34,295,8.88160908696056,9.506862403351995,1.0,0.0,1.0,0.0,0.0,0.0
35,295,3.3970299564557846,9.252336278660708,0.0,1.0,1.0,0.0,0.0,0.0
36,295,4.306638243279989,7.713676912093444,1.0,0.0,0.0,1.0,0.0,1.0
37,295,10.873904250349309,4.996088517825694,1.0,0.0,0.0,1.0,1.0,0.0
38,295,2.835395509424922,0.7892788575024582,0.0,1.0,0.0,0.0,0.0,1.0
39,295,8.566104258933484,2.8837460555312053,1.0,1.0,1.0,1.0,0.0,0.0
