0,0,12.0,9.97865193726989,0.0,1.0,0.0,0.0,1.0,0.0
1,0,5.970514213417265,10.016296072559944,0.0,1.0,0.0,0.0,0.0,0.0
2,0,9.06483911010089,5.020250341247623,1.0,0.0,0.0,1.0,1.0,0.0
3,0,2.0544342110536955,9.98172346528744,0.0,0.0,0.0,1.0,1.0,1.0
4,0,2.9287295952555032,0.995220058179242,0.0,0.0,0.0,0.0,1.0,1.0
5,0,4.043949785527355,2.993021980272861,0.0,0.0,0.0,1.0,1.0,1.0
6,0,7.034674406053203,0.0441906700996586,1.0,1.0,0.0,0.0,0.0,1.0
7,0,6.032994648521819,3.945221629589776,0.0,0.0,0.0,0.0,0.0,0.0
8,0,10.98219452139726,1.0491122387094227,0.0,0.0,1.0,0.0,1.0,1.0
9,0,0.9319462278220892,1.0416908351727132,1.0,0.0,0.0,1.0,0.0,1.0
10,0,12.0,8.968654812383946,0.0,1.0,1.0,1.0,1.0,0.0
11,0,3.9893857642039134,1.937891559467962,1.0,0.0,1.0,0.0,0.0,0.0
12,0,11.009871953423747,12.0,1.0,0.0,1.0,1.0,0.0,1.0
13,0,5.967801272538002,5.994697341352542,0.0,1.0,0.0,1.0,1.0,1.0
14,0,7.04458649919217,1.95997798524808,0.0,1.0,0.0,0.0,0.0,0.0
15,0,1.963527969481312,12.0,1.0,0.0,1.0,1.0,0.0,1.0
16,0,2.9948389435340053,7.068884166707354,0.0,0.0,1.0,0.0,0.0,0.0
17,0,12.0,6.99801932116943,0.0,0.0,1.0,0.0,1.0,1.0
18,0,0.0013773118634105,0.0,0.0,1.0,1.0,1.0,0.0,0.0
19,0,11.014441465433922,5.055712176460491,0.0,0.0,0.0,0.0,0.0,0.0
20,0,9.055370252000303,1.0193811767705272,1.0,1.0,1.0,0.0,1.0,0.0
21,0,10.942488915708797,10.980849859248606,0.0,1.0,1.0,0.0,0.0,1.0
22,0,1.9672189127054116,1.0413668751194445,1.0,0.0,1.0,1.0,1.0,0.0
23,0,0.0665344663910714,6.017712778840147,0.0,0.0,1.0,0.0,0.0,0.0
24,0,10.03085963532647,0.9387073532007482,1.0,0.0,1.0,1.0,0.0,0.0
25,0,8.053285598589953,4.996871448472885,1.0,1.0,0.0,1.0,0.0,0.0
26,0,3.040456063210005,1.9761302016179612,1.0,0.0,1.0,0.0,1.0,1.0
27,0,6.939708393074076,7.010342229339971,1.0,0.0,0.0,0.0,0.0,1.0
28,0,12.0,0.0684675112566177,0.0,0.0,0.0,0.0,1.0,0.0
29,0,9.976243345453474,7.038035282859298,0.0,0.0,0.0,1.0,1.0,0.0
30,0,11.02155972445547,0.9371798207095752,1.0,1.0,1.0,0.0,1.0,0.0
31,0,1.0274048377964238,2.06860316155674,1.0,0.0,0.0,1.0,0.0,1.0
32,0,6.960212166753738,10.98376908867931,0.0,0.0,0.0,0.0,0.0,0.0
33,0,8.070574826592303,3.0098773866088617,1.0,1.0,1.0,1.0,1.0,0.0
34,0,3.977377874128925,11.973362977727117,1.0,1.0,0.0,1.0,0.0,0.0
35,0,1.994314509149976,11.944464041109876,0.0,1.0,0.0,0.0,0.0,0.0
36,0,9.929669826720746,11.047924033007764,0.0,1.0,0.0,0.0,1.0,0.0
37,0,1.0750057462859637,4.987422407973005,0.0,0.0,0.0,1.0,0.0,0.0
38,0,11.964891217011685,10.05574711894454,0.0,1.0,0.0,0.0,0.0,1.0
39,0,7.9934654790845725,2.041596730678892,1.0,0.0,1.0,0.0,0.0,1.0
0,5,12.0,9.95422360096282,0.0,1.0,0.0,0.0,1.0,0.0
1,5,5.9286096772370005,10.03982046873236,0.0,1.0,0.0,0.0,0.0,0.0
2,5,9.10983124345188,5.035105504754523,1.0,0.0,0.0,1.0,1.0,0.0
3,5,2.1263667165935014,9.956457313382966,0.0,0.0,0.0,1.0,1.0,1.0
4,5,2.849090714654126,0.9926260863191644,0.0,0.0,0.0,0.0,1.0,1.0
5,5,4.105694256738448,2.9821367362695232,0.0,0.0,0.0,1.0,1.0,1.0
6,5,7.066748689361147,0.0844316145459963,1.0,1.0,0.0,0.0,0.0,1.0
7,5,6.061232419524517,3.897235663109768,0.0,0.0,0.0,0.0,0.0,0.0
8,5,10.95726490562454,1.119581648111916,0.0,0.0,1.0,0.0,1.0,1.0
9,5,0.8676527208096307,1.0812057969756723,1.0,0.0,0.0,1.0,0.0,1.0
10,5,12.0,8.932019751494956,0.0,1.0,1.0,1.0,1.0,0.0
11,5,3.981595572476117,1.892104505178551,1.0,0.0,1.0,0.0,0.0,0.0
12,5,11.01733489748564,12.0,1.0,0.0,1.0,1.0,0.0,1.0
13,5,5.919199466374221,5.986414160879405,0.0,1.0,0.0,1.0,1.0,1.0
14,5,7.06712383086533,1.938876269873424,0.0,1.0,0.0,0.0,0.0,0.0
15,5,1.9302010831466616,12.0,1.0,0.0,1.0,1.0,0.0,1.0
16,5,2.989105037015681,7.148557428623191,0.0,0.0,1.0,0.0,0.0,0.0
17,5,12.0,6.996301645101534,0.0,0.0,1.0,0.0,1.0,1.0
18,5,0.0012276091089032,0.0,0.0,1.0,1.0,1.0,0.0,0.0
19,5,11.023091283551542,5.092074559019218,0.0,0.0,0.0,0.0,0.0,0.0
20,5,9.117145919270351,1.0395865180817263,1.0,1.0,1.0,0.0,1.0,0.0
21,5,10.887724450356709,10.961843531574925,0.0,1.0,1.0,0.0,0.0,1.0
22,5,1.928701868439299,1.0936921652855671,1.0,0.0,1.0,1.0,1.0,0.0
23,5,0.0787359252092032,5.973377035617499,0.0,0.0,1.0,0.0,0.0,0.0
24,5,10.058879102520088,0.8830642097078453,1.0,0.0,1.0,1.0,0.0,0.0
25,5,8.10174713138963,4.994898739389551,1.0,1.0,0.0,1.0,0.0,0.0
26,5,3.0742901502244515,1.9557675526004816,1.0,0.0,1.0,0.0,1.0,1.0
27,5,6.888978621970431,7.019882823407994,1.0,0.0,0.0,0.0,0.0,1.0
28,5,12.0,0.1407759853077877,0.0,0.0,0.0,0.0,1.0,0.0
29,5,9.965083386792784,7.056218057957851,0.0,0.0,0.0,1.0,1.0,0.0
30,5,11.046507357454049,0.8655424431325444,1.0,1.0,1.0,0.0,1.0,0.0
31,5,1.0505023947677723,2.123779820262394,1.0,0.0,0.0,1.0,0.0,1.0
32,5,6.93501444282703,10.974569202721495,0.0,0.0,0.0,0.0,0.0,0.0
33,5,8.15255342418697,3.021204927078701,1.0,1.0,1.0,1.0,1.0,0.0
34,5,3.9479368037462503,11.939742176347348,1.0,1.0,0.0,1.0,0.0,0.0
35,5,1.9900414451091075,11.89433199926424,0.0,1.0,0.0,0.0,0.0,0.0
36,5,9.852862461923769,11.101682527032674,0.0,1.0,0.0,0.0,1.0,0.0
37,5,1.1289807522655364,4.979074999055537,0.0,0.0,0.0,1.0,0.0,0.0
38,5,11.917657567531752,10.135235613239884,0.0,1.0,0.0,0.0,0.0,1.0
39,5,7.983845743261478,2.108270020766565,1.0,0.0,1.0,0.0,0.0,1.0
0,10,12.0,9.929941154766642,0.0,1.0,0.0,0.0,1.0,0.0
1,10,5.868242340993333,10.073685286702377,0.0,1.0,0.0,0.0,0.0,0.0
2,10,9.16692172914732,5.054749124790914,1.0,0.0,0.0,1.0,1.0,0.0
3,10,2.209223780559374,9.9286559131281,0.0,0.0,0.0,1.0,1.0,1.0
4,10,2.7733781346789392,0.9909294232871116,0.0,0.0,0.0,0.0,1.0,1.0
5,10,4.1740583734809,2.970485839942979,0.0,0.0,0.0,1.0,1.0,1.0
6,10,7.101833998022139,0.1294716899177961,1.0,1.0,0.0,0.0,0.0,1.0
7,10,6.093815122819809,3.842077738406812,0.0,0.0,0.0,0.0,0.0,0.0
8,10,10.93017946551367,1.1933130784374388,0.0,0.0,1.0,0.0,1.0,1.0
9,10,0.8090593142172847,1.116642485514411,1.0,0.0,0.0,1.0,0.0,1.0
10,10,12.0,8.892262369264229,0.0,1.0,1.0,1.0,1.0,0.0
11,10,3.970398230638783,1.8299572653611045,1.0,0.0,1.0,0.0,0.0,0.0
12,10,11.022369722497274,12.0,1.0,0.0,1.0,1.0,0.0,1.0
13,10,5.856698975727818,5.975596517573462,0.0,1.0,0.0,1.0,1.0,1.0
14,10,7.094976808325395,1.912187681937647,0.0,1.0,0.0,0.0,0.0,0.0
15,10,1.8998033284815343,12.0,1.0,0.0,1.0,1.0,0.0,1.0
16,10,2.9829606505073776,7.23279735842687,0.0,0.0,1.0,0.0,0.0,0.0
17,10,12.0,6.993002880245408,0.0,0.0,1.0,0.0,1.0,1.0
18,10,0.0,0.0,0.0,1.0,1.0,1.0,0.0,0.0
19,10,11.032086818379671,5.132924054385725,0.0,0.0,0.0,0.0,0.0,0.0
20,10,9.175287119053683,1.0573477944411642,1.0,1.0,1.0,0.0,1.0,0.0
21,10,10.827176448054328,10.941207709360947,0.0,1.0,1.0,0.0,0.0,1.0
22,10,1.877978661572816,1.1643095082788544,1.0,0.0,1.0,1.0,1.0,0.0
23,10,0.089006605364714,5.938979300877556,0.0,0.0,1.0,0.0,0.0,0.0
24,10,10.094199734419414,0.814705655380104,1.0,0.0,1.0,1.0,0.0,0.0
25,10,8.150398650059575,4.991949451232274,1.0,1.0,0.0,1.0,0.0,0.0
26,10,3.109090932151782,1.9339779351187552,1.0,0.0,1.0,0.0,1.0,1.0
27,10,6.866335105897687,7.023512968756447,1.0,0.0,0.0,0.0,0.0,1.0
28,10,12.0,0.2310192331491135,0.0,0.0,0.0,0.0,1.0,0.0
29,10,9.97535335549495,7.039417865598338,0.0,0.0,0.0,1.0,1.0,0.0
30,10,11.071093444146792,0.7901506079827656,1.0,1.0,1.0,0.0,1.0,0.0
31,10,1.082043314425142,2.2017730850556614,1.0,0.0,0.0,1.0,0.0,1.0
32,10,6.918864650833061,10.96846680817826,0.0,0.0,0.0,0.0,0.0,0.0
33,10,8.228036441974936,3.031972860851405,1.0,1.0,1.0,1.0,1.0,0.0
34,10,3.916634198430028,11.906172959378654,1.0,1.0,0.0,1.0,0.0,0.0
35,10,1.9866320997195568,11.844006615033797,0.0,1.0,0.0,0.0,0.0,0.0
36,10,9.78391810071664,11.14991035962307,0.0,1.0,0.0,0.0,1.0,0.0
37,10,1.1717953984832787,4.973045651992516,0.0,0.0,0.0,1.0,0.0,0.0
38,10,11.87827854038188,10.202422400702869,0.0,1.0,0.0,0.0,0.0,1.0
39,10,7.970176706008552,2.194236982243859,1.0,0.0,1.0,0.0,0.0,1.0
0,15,12.0,9.906542020105933,0.0,1.0,0.0,0.0,1.0,0.0
1,15,5.762063993739612,10.127547213452058,0.0,1.0,0.0,0.0,0.0,0.0
2,15,9.212300979667503,5.070851225330473,1.0,0.0,0.0,1.0,1.0,0.0
3,15,2.292772902356842,9.900732787699962,0.0,0.0,0.0,1.0,1.0,1.0
4,15,2.682896931171873,0.9875749428680912,0.0,0.0,0.0,0.0,1.0,1.0
5,15,4.239002123333007,2.960828754271565,0.0,0.0,0.0,1.0,1.0,1.0
6,15,7.139675706862776,0.1766300706712031,1.0,1.0,0.0,0.0,0.0,1.0
7,15,6.139916968924428,3.764938064556568,0.0,0.0,0.0,0.0,0.0,0.0
8,15,10.901270792043436,1.2680899870642646,0.0,0.0,1.0,0.0,1.0,1.0
9,15,0.7383916984438013,1.1580453129670405,1.0,0.0,0.0,1.0,0.0,1.0
10,15,12.0,8.857374878252582,0.0,1.0,1.0,1.0,1.0,0.0
11,15,3.961797932361819,1.775074760820676,1.0,0.0,1.0,0.0,0.0,0.0
12,15,11.024031942726165,12.0,1.0,0.0,1.0,1.0,0.0,1.0
13,15,5.8124779527315455,5.96834418240346,0.0,1.0,0.0,1.0,1.0,1.0
14,15,7.127816410904281,1.8797485033331176,0.0,1.0,0.0,0.0,0.0,0.0
15,15,1.8717371905093276,12.0,1.0,0.0,1.0,1.0,0.0,1.0
16,15,2.979219596234687,7.30358724219155,0.0,0.0,1.0,0.0,0.0,0.0
17,15,12.0,6.990076486872772,0.0,0.0,1.0,0.0,1.0,1.0
18,15,0.0,0.0,0.0,1.0,1.0,1.0,0.0,0.0
19,15,11.044773337072186,5.188592972153883,0.0,0.0,0.0,0.0,0.0,0.0
20,15,9.244100529178098,1.0772464283951158,1.0,1.0,1.0,0.0,1.0,0.0
21,15,10.77366262473424,10.924431443954614,0.0,1.0,1.0,0.0,0.0,1.0
22,15,1.8314468881348955,1.2306612778239925,1.0,0.0,1.0,1.0,1.0,0.0
23,15,0.0956516514730937,5.91628577536262,0.0,0.0,1.0,0.0,0.0,0.0
24,15,10.127279130354475,0.7527874807557807,1.0,0.0,1.0,1.0,0.0,0.0
25,15,8.20642312287328,4.988396803428805,1.0,1.0,0.0,1.0,0.0,0.0
26,15,3.1481113965196714,1.9083538727891691,1.0,0.0,1.0,0.0,1.0,1.0
27,15,6.842122989283063,7.027826006777278,1.0,0.0,0.0,0.0,0.0,1.0
28,15,12.0,0.3358690526638851,0.0,0.0,0.0,0.0,1.0,0.0
29,15,9.976461969807424,7.037596238335132,0.0,0.0,0.0,1.0,1.0,0.0
30,15,11.097590947004672,0.7106641845918796,1.0,1.0,1.0,0.0,1.0,0.0
31,15,1.1176349388511604,2.2833755797433644,1.0,0.0,0.0,1.0,0.0,1.0
32,15,6.900545683406303,10.961227172873803,0.0,0.0,0.0,0.0,0.0,0.0
33,15,8.309312613733894,3.0468699278396145,1.0,1.0,1.0,1.0,1.0,0.0
34,15,3.871176676794668,11.856043451363297,1.0,1.0,0.0,1.0,0.0,0.0
35,15,1.9849781171731664,11.813858158065194,0.0,1.0,0.0,0.0,0.0,0.0
36,15,9.703464425118408,11.203614865490286,0.0,1.0,0.0,0.0,1.0,0.0
37,15,1.228609738088119,4.96466022988169,0.0,0.0,0.0,1.0,0.0,0.0
38,15,11.835776230591252,10.277030572822166,0.0,1.0,0.0,0.0,0.0,1.0
39,15,7.95315341545785,2.2992377960480086,1.0,0.0,1.0,0.0,0.0,1.0
0,20,12.0,9.881316225669256,0.0,1.0,0.0,0.0,1.0,0.0
1,20,5.651579773784956,10.18464271433053,0.0,1.0,0.0,0.0,0.0,0.0
2,20,9.25815191373592,5.087369029231095,1.0,0.0,0.0,1.0,1.0,0.0
3,20,2.3676769514395923,9.872356403880216,0.0,0.0,0.0,1.0,1.0,1.0
4,20,2.60207555910852,0.9860387951156784,0.0,0.0,0.0,0.0,1.0,1.0
5,20,4.311495712883817,2.9493490828877853,0.0,0.0,0.0,1.0,1.0,1.0
6,20,7.169830276047159,0.2135411075319609,1.0,1.0,0.0,0.0,0.0,1.0
7,20,6.195953159303682,3.6700789655899553,0.0,0.0,0.0,0.0,0.0,0.0
8,20,10.871861270175188,1.3447094881635633,0.0,0.0,1.0,0.0,1.0,1.0
9,20,0.6712334159581287,1.1969798799781086,1.0,0.0,0.0,1.0,0.0,1.0
10,20,12.0,8.834296520605845,0.0,1.0,1.0,1.0,1.0,0.0
11,20,3.954140033113452,1.7247653944766674,1.0,0.0,1.0,0.0,0.0,0.0
12,20,11.024322070349603,12.0,1.0,0.0,1.0,1.0,0.0,1.0
13,20,5.753195337321791,5.959380367568744,0.0,1.0,0.0,1.0,1.0,1.0
14,20,7.163312155844338,1.844146339597251,0.0,1.0,0.0,0.0,0.0,0.0
15,20,1.8517183658281475,12.0,1.0,0.0,1.0,1.0,0.0,1.0
16,20,2.9724621235672424,7.408348548558802,0.0,0.0,1.0,0.0,0.0,0.0
17,20,12.0,6.986866176615656,0.0,0.0,1.0,0.0,1.0,1.0
18,20,0.0,0.0,0.0,1.0,1.0,1.0,0.0,0.0
19,20,11.058160954953545,5.245822229608543,0.0,0.0,0.0,0.0,0.0,0.0
20,20,9.314864241657874,1.097084580038145,1.0,1.0,1.0,0.0,1.0,0.0
21,20,10.727700709623427,10.910575741578722,0.0,1.0,1.0,0.0,0.0,1.0
22,20,1.7779887247739474,1.30254262875286,1.0,0.0,1.0,1.0,1.0,0.0
23,20,0.1010670423351636,5.898980926179091,0.0,0.0,1.0,0.0,0.0,0.0
24,20,10.159626023260774,0.6922037141938198,1.0,0.0,1.0,1.0,0.0,0.0
25,20,8.26040697223216,4.984689060841362,1.0,1.0,0.0,1.0,0.0,0.0
26,20,3.183786485088801,1.884006549597042,1.0,0.0,1.0,0.0,1.0,1.0
27,20,6.812741000088746,7.032583286394354,1.0,0.0,0.0,0.0,0.0,1.0
28,20,12.0,0.4498649312895378,0.0,0.0,0.0,0.0,1.0,0.0
29,20,9.980247207065588,7.031342664249301,0.0,0.0,0.0,1.0,1.0,0.0
30,20,11.130092448503836,0.6164705590751549,1.0,1.0,1.0,0.0,1.0,0.0
31,20,1.1536713003150478,2.364375960465181,1.0,0.0,0.0,1.0,0.0,1.0
32,20,6.892508233318555,10.95798534763498,0.0,0.0,0.0,0.0,0.0,0.0
33,20,8.390282078251756,3.06220572373854,1.0,1.0,1.0,1.0,1.0,0.0
34,20,3.824293590889692,11.804580318444817,1.0,1.0,0.0,1.0,0.0,0.0
35,20,1.983427005318998,11.788071156478573,0.0,1.0,0.0,0.0,0.0,0.0
36,20,9.63265896832257,11.250487720955135,0.0,1.0,0.0,0.0,1.0,0.0
37,20,1.2792627737644686,4.956099172469242,0.0,0.0,0.0,1.0,0.0,0.0
38,20,11.796760578988088,10.347089510165326,0.0,1.0,0.0,0.0,0.0,1.0
39,20,7.936697403006539,2.3880625915394624,1.0,0.0,1.0,0.0,0.0,1.0
0,25,12.0,9.857103967223232,0.0,1.0,0.0,0.0,1.0,0.0
1,25,5.548684298681059,10.236520387224797,0.0,1.0,0.0,0.0,0.0,0.0
2,25,9.305271866224478,5.103759812416335,1.0,0.0,0.0,1.0,1.0,0.0
3,25,2.469688098388258,9.83435209965835,0.0,0.0,0.0,1.0,1.0,1.0
4,25,2.539101980146228,0.985870256268652,0.0,0.0,0.0,0.0,1.0,1.0
5,25,4.385179492180861,2.937126336964382,0.0,0.0,0.0,1.0,1.0,1.0
6,25,7.2080432288158365,0.2594794632474373,1.0,1.0,0.0,0.0,0.0,1.0
7,25,6.250051356700884,3.583151024504848,0.0,0.0,0.0,0.0,0.0,0.0
8,25,10.840842065387752,1.4330578525259683,0.0,0.0,1.0,0.0,1.0,1.0
9,25,0.5978941381911401,1.2409616601257916,1.0,0.0,0.0,1.0,0.0,1.0
10,25,12.0,8.814266736602496,0.0,1.0,1.0,1.0,1.0,0.0
11,25,3.946290419432284,1.6712219456486852,1.0,0.0,1.0,0.0,0.0,0.0
12,25,11.025991742946642,12.0,1.0,0.0,1.0,1.0,0.0,1.0
13,25,5.6791271837739785,5.9467940743708905,0.0,1.0,0.0,1.0,1.0,1.0
14,25,7.200516877289363,1.8061507814691016,0.0,1.0,0.0,0.0,0.0,0.0
15,25,1.81748756267163,12.0,1.0,0.0,1.0,1.0,0.0,1.0
16,25,2.9642523637313443,7.512396842344179,0.0,0.0,1.0,0.0,0.0,0.0
17,25,12.0,6.984854401231441,0.0,0.0,1.0,0.0,1.0,1.0
18,25,0.0,0.0,0.0,1.0,1.0,1.0,0.0,0.0
19,25,11.077295249648364,5.320410994812649,0.0,0.0,0.0,0.0,0.0,0.0
20,25,9.36587819237108,1.114174618786037,1.0,1.0,1.0,0.0,1.0,0.0
21,25,10.702637099545605,10.903535083242074,0.0,1.0,1.0,0.0,0.0,1.0
22,25,1.7166043517039689,1.3815872823571838,1.0,0.0,1.0,1.0,1.0,0.0
23,25,0.1028306955582306,5.893819393225484,0.0,0.0,1.0,0.0,0.0,0.0
24,25,10.198483952061082,0.6205949318126842,1.0,0.0,1.0,1.0,0.0,0.0
25,25,8.310799854606971,4.98233529446615,1.0,1.0,0.0,1.0,0.0,0.0
26,25,3.2187754679668306,1.861310053826576,1.0,0.0,1.0,0.0,1.0,1.0
27,25,6.791820431433035,7.035930445519037,1.0,0.0,0.0,0.0,0.0,1.0
28,25,12.0,0.561191603891273,0.0,0.0,0.0,0.0,1.0,0.0
29,25,9.985496814981564,7.022822471795622,0.0,0.0,0.0,1.0,1.0,0.0
30,25,11.156908317422143,0.5379582473296886,1.0,1.0,1.0,0.0,1.0,0.0
31,25,1.184170040185675,2.4349215406353037,1.0,0.0,0.0,1.0,0.0,1.0
32,25,6.879357570042993,10.952269114261105,0.0,0.0,0.0,0.0,0.0,0.0
33,25,8.469114674730163,3.075644098309417,1.0,1.0,1.0,1.0,1.0,0.0
34,25,3.77142991411963,11.749183445247372,1.0,1.0,0.0,1.0,0.0,0.0
35,25,1.9819937443842928,11.766166827293572,0.0,1.0,0.0,0.0,0.0,0.0
36,25,9.552376050931136,11.302273526193089,0.0,1.0,0.0,0.0,1.0,0.0
37,25,1.313838920591846,4.950689028414643,0.0,0.0,0.0,1.0,0.0,0.0
38,25,11.76750518811532,10.398119208444308,0.0,1.0,0.0,0.0,0.0,1.0
39,25,7.921286848517236,2.479120525448221,1.0,0.0,1.0,0.0,0.0,1.0
0,30,12.0,9.83825374130659,0.0,1.0,0.0,0.0,1.0,0.0
1,30,5.439241027078739,10.291131988540386,0.0,1.0,0.0,0.0,0.0,0.0
2,30,9.360314693020218,5.12182018781956,1.0,0.0,0.0,1.0,1.0,0.0
3,30,2.595785566087927,9.790602529875937,0.0,0.0,0.0,1.0,1.0,1.0
4,30,2.4698502770531707,0.9861124478143906,0.0,0.0,0.0,0.0,1.0,1.0
5,30,4.444366928182819,2.92577515239024,0.0,0.0,0.0,1.0,1.0,1.0
6,30,7.250196404775145,0.3102055985187174,1.0,1.0,0.0,0.0,0.0,1.0
7,30,6.310430073021388,3.4881516320679244,0.0,0.0,0.0,0.0,0.0,0.0
8,30,10.811838045910472,1.5142020283597788,0.0,0.0,1.0,0.0,1.0,1.0
9,30,0.5256854028270729,1.2830886646498108,1.0,0.0,0.0,1.0,0.0,1.0
10,30,12.0,8.795481260204465,0.0,1.0,1.0,1.0,1.0,0.0
11,30,3.937179977858495,1.6077649229658248,1.0,0.0,1.0,0.0,0.0,0.0
12,30,11.02517932220575,11.99342219409257,1.0,0.0,1.0,1.0,0.0,1.0
13,30,5.602562448085901,5.936558139118895,0.0,1.0,0.0,1.0,1.0,1.0
14,30,7.165301919254386,1.773060912194464,0.0,1.0,0.0,0.0,0.0,0.0
15,30,1.7853087701314223,12.0,1.0,0.0,1.0,1.0,0.0,1.0
16,30,2.954409704650681,7.624745864630102,0.0,0.0,1.0,0.0,0.0,0.0
17,30,12.0,6.982896232172082,0.0,0.0,1.0,0.0,1.0,1.0
18,30,0.0,0.0,0.0,1.0,1.0,1.0,0.0,0.0
19,30,11.095377062174537,5.391097436914349,0.0,0.0,0.0,0.0,0.0,0.0
20,30,9.425201767432124,1.1327317229166232,1.0,1.0,1.0,0.0,1.0,0.0
21,30,10.688662448404294,10.89979797738652,0.0,1.0,1.0,0.0,0.0,1.0
22,30,1.6528015384907595,1.468819161384347,1.0,0.0,1.0,1.0,1.0,0.0
23,30,0.1072833834049273,5.881250829273224,0.0,0.0,1.0,0.0,0.0,0.0
24,30,10.240798617568004,0.5404918320475559,1.0,0.0,1.0,1.0,0.0,0.0
25,30,8.362970643315128,4.979991486733501,1.0,1.0,0.0,1.0,0.0,0.0
26,30,3.2637364311800905,1.8312276363068465,1.0,0.0,1.0,0.0,1.0,1.0
27,30,6.775173735719825,7.03895529857155,1.0,0.0,0.0,0.0,0.0,1.0
28,30,12.0,0.672440434036736,0.0,0.0,0.0,0.0,1.0,0.0
29,30,9.98743282310344,7.019938040748967,0.0,0.0,0.0,1.0,1.0,0.0
30,30,11.186629582895662,0.4447087553436028,1.0,1.0,1.0,0.0,1.0,0.0
31,30,1.2172973763407295,2.5091541233474195,1.0,0.0,0.0,1.0,0.0,1.0
32,30,6.8617279089766585,10.94514753013917,0.0,0.0,0.0,0.0,0.0,0.0
33,30,8.542015418925466,3.086547896834649,1.0,1.0,1.0,1.0,1.0,0.0
34,30,3.7103214986956425,11.684381730580911,1.0,1.0,0.0,1.0,0.0,0.0
35,30,1.9802427199033883,11.746498077537556,0.0,1.0,0.0,0.0,0.0,0.0
36,30,9.478723322588952,11.35090507683636,0.0,1.0,0.0,0.0,1.0,0.0
37,30,1.357938928137144,4.944082148466474,0.0,0.0,0.0,1.0,0.0,0.0
38,30,11.751893713539664,10.426025204126768,0.0,1.0,0.0,0.0,0.0,1.0
39,30,7.908495985539978,2.5576337789738317,1.0,0.0,1.0,0.0,0.0,1.0
0,35,12.0,9.831309580929052,0.0,1.0,0.0,0.0,1.0,0.0
1,35,5.346550884434793,10.33711210244246,0.0,1.0,0.0,0.0,0.0,0.0
2,35,9.41729296315624,5.140392630116192,1.0,0.0,0.0,1.0,1.0,0.0
3,35,2.712316006023204,9.74890801413293,0.0,0.0,0.0,1.0,1.0,1.0
4,35,2.389886865970204,0.9864166772604468,0.0,0.0,0.0,0.0,1.0,1.0
5,35,4.50019683796164,2.915521673412554,0.0,0.0,0.0,1.0,1.0,1.0
6,35,7.309085889131608,0.3816076742472301,1.0,1.0,0.0,0.0,0.0,1.0
7,35,6.369588185958303,3.3985396917628896,0.0,0.0,0.0,0.0,0.0,0.0
8,35,10.778437726526876,1.6105106131414573,0.0,0.0,1.0,0.0,1.0,1.0
9,35,0.4449106306054174,1.3291897573057263,1.0,0.0,0.0,1.0,0.0,1.0
10,35,12.0,8.761285737253116,0.0,1.0,1.0,1.0,1.0,0.0
11,35,3.926937902381996,1.5395344870626464,1.0,0.0,1.0,0.0,0.0,0.0
12,35,11.023971929766672,11.984984993999497,1.0,0.0,1.0,1.0,0.0,1.0
13,35,5.542826452287995,5.926333513202038,0.0,1.0,0.0,1.0,1.0,1.0
14,35,7.135351737884315,1.744923508026334,0.0,1.0,0.0,0.0,0.0,0.0
15,35,1.74226036494611,12.0,1.0,0.0,1.0,1.0,0.0,1.0
16,35,2.946050185398279,7.737828732537349,0.0,0.0,1.0,0.0,0.0,0.0
17,35,12.0,6.982386348232157,0.0,0.0,1.0,0.0,1.0,1.0
18,35,0.0,0.0,0.0,1.0,1.0,1.0,0.0,0.0
19,35,11.114530665592248,5.46201799324093,0.0,0.0,0.0,0.0,0.0,0.0
20,35,9.469715497934551,1.1463792646815625,1.0,1.0,1.0,0.0,1.0,0.0
21,35,10.664909203812435,10.894085215039247,0.0,1.0,1.0,0.0,0.0,1.0
22,35,1.6030598483829177,1.5356113005627166,1.0,0.0,1.0,1.0,1.0,0.0
23,35,0.1034134875431378,5.892534291708561,0.0,0.0,1.0,0.0,0.0,0.0
24,35,10.284212703010152,0.4602447492188904,1.0,0.0,1.0,1.0,0.0,0.0
25,35,8.414923367042604,4.977056742214407,1.0,1.0,0.0,1.0,0.0,0.0
26,35,3.301573497393672,1.8046428105445915,1.0,0.0,1.0,0.0,1.0,1.0
27,35,6.788674170972013,7.036530694741718,1.0,0.0,0.0,0.0,0.0,1.0
28,35,12.0,0.7802013063967267,0.0,0.0,0.0,0.0,1.0,0.0
29,35,9.979755427993442,7.031250458714221,0.0,0.0,0.0,1.0,1.0,0.0
30,35,11.21961128259306,0.3393491399006945,1.0,1.0,1.0,0.0,1.0,0.0
31,35,1.2502110333415577,2.578755159356892,1.0,0.0,0.0,1.0,0.0,1.0
32,35,6.826309175123933,10.93155320222648,0.0,0.0,0.0,0.0,0.0,0.0
33,35,8.614328690753041,3.0971456051892594,1.0,1.0,1.0,1.0,1.0,0.0
34,35,3.649115972301628,11.618981639006073,1.0,1.0,0.0,1.0,0.0,0.0
35,35,1.9784998292034333,11.729778563471656,0.0,1.0,0.0,0.0,0.0,0.0
36,35,9.394555771953463,11.405767393451038,0.0,1.0,0.0,0.0,1.0,0.0
37,35,1.4011390151092262,4.936817733852048,0.0,0.0,0.0,1.0,0.0,0.0
38,35,11.731489074529508,10.462575898652233,0.0,1.0,0.0,0.0,0.0,1.0
39,35,7.896758131896989,2.6273939882339272,1.0,0.0,1.0,0.0,0.0,1.0
0,40,12.0,9.821495405338858,0.0,1.0,0.0,0.0,1.0,0.0
1,40,5.28041014108198,10.368782678219493,0.0,1.0,0.0,0.0,0.0,0.0
2,40,9.471909217989923,5.158552367639542,1.0,0.0,0.0,1.0,1.0,0.0
3,40,2.8612105633354337,9.698756720827834,0.0,0.0,0.0,1.0,1.0,1.0
4,40,2.3288671795316924,0.9871124083732796,0.0,0.0,0.0,0.0,1.0,1.0
5,40,4.514458646793607,2.912931782501909,0.0,0.0,0.0,1.0,1.0,1.0
6,40,7.365485507218475,0.4519570492061267,1.0,1.0,0.0,0.0,0.0,1.0
7,40,6.428973566594387,3.3091837524041354,0.0,0.0,0.0,0.0,0.0,0.0
8,40,10.74630949335462,1.700601650674928,0.0,0.0,1.0,0.0,1.0,1.0
9,40,0.3626309824389337,1.375628406653299,1.0,0.0,0.0,1.0,0.0,1.0
10,40,12.0,8.710980984621518,0.0,1.0,1.0,1.0,1.0,0.0
11,40,3.914767359228384,1.4689311053260656,1.0,0.0,1.0,0.0,0.0,0.0
12,40,11.021956548970742,11.971066450639658,1.0,0.0,1.0,1.0,0.0,1.0
13,40,5.504458807119353,5.920239198772679,0.0,1.0,0.0,1.0,1.0,1.0
14,40,7.09840398965824,1.7103043654646808,0.0,1.0,0.0,0.0,0.0,0.0
15,40,1.677238177560645,12.0,1.0,0.0,1.0,1.0,0.0,1.0
16,40,2.94030100787287,7.858510931830115,0.0,0.0,1.0,0.0,0.0,0.0
17,40,12.0,6.982450270183611,0.0,0.0,1.0,0.0,1.0,1.0
18,40,0.0,0.0,0.0,1.0,1.0,1.0,0.0,0.0
19,40,11.13958928796434,5.557562248944525,0.0,0.0,0.0,0.0,0.0,0.0
20,40,9.520920803746838,1.1609921014919886,1.0,1.0,1.0,0.0,1.0,0.0
21,40,10.64261867701423,10.888947922953864,0.0,1.0,1.0,0.0,0.0,1.0
22,40,1.5573032257293329,1.599825637818022,1.0,0.0,1.0,1.0,1.0,0.0
23,40,0.1023622041883854,5.896002225831248,0.0,0.0,1.0,0.0,0.0,0.0
24,40,10.32545833980167,0.3835812790214483,1.0,0.0,1.0,1.0,0.0,0.0
25,40,8.475519178587907,4.976880782820137,1.0,1.0,0.0,1.0,0.0,0.0
26,40,3.341228263883341,1.7766640563934029,1.0,0.0,1.0,0.0,1.0,1.0
27,40,6.80704663561216,7.033199576732063,1.0,0.0,0.0,0.0,0.0,1.0
28,40,12.0,0.8806897699198019,0.0,0.0,0.0,0.0,1.0,0.0
29,40,9.97424659873642,7.03883729406227,0.0,0.0,0.0,1.0,1.0,0.0
30,40,11.256919518589678,0.227482644503858,1.0,1.0,1.0,0.0,1.0,0.0
31,40,1.2804144571743423,2.640695788123199,1.0,0.0,0.0,1.0,0.0,1.0
32,40,6.791097668764379,10.9173551718637,0.0,0.0,0.0,0.0,0.0,0.0
33,40,8.699427647098172,3.110578403297895,1.0,1.0,1.0,1.0,1.0,0.0
34,40,3.5963134542225323,11.562455703674772,1.0,1.0,0.0,1.0,0.0,0.0
35,40,1.975887390281856,11.706206935910393,0.0,1.0,0.0,0.0,0.0,0.0
36,40,9.319816557123495,11.453134500240678,0.0,1.0,0.0,0.0,1.0,0.0
37,40,1.4447073019922263,4.927793938750954,0.0,0.0,0.0,1.0,0.0,0.0
38,40,11.704392660948514,10.512099208727024,0.0,1.0,0.0,0.0,0.0,1.0
39,40,7.880307562186704,2.71659770067614,1.0,0.0,1.0,0.0,0.0,1.0
0,45,12.0,9.79764561218,0.0,1.0,0.0,0.0,1.0,0.0
1,45,5.211771256531685,10.402119550751795,0.0,1.0,0.0,0.0,0.0,0.0
2,45,9.520089760003758,5.174304296408985,1.0,0.0,0.0,1.0,1.0,0.0
3,45,3.0173763840274046,9.6460290748022,0.0,0.0,0.0,1.0,1.0,1.0
4,45,2.292921153990137,0.9864444546486676,0.0,0.0,0.0,0.0,1.0,1.0
5,45,4.496921386613551,2.915944089675672,0.0,0.0,0.0,1.0,1.0,1.0
6,45,7.434009535615924,0.5345734218283982,1.0,1.0,0.0,0.0,0.0,1.0
7,45,6.489093826805784,3.220771151314997,0.0,0.0,0.0,0.0,0.0,0.0
8,45,10.712005709968684,1.8010261377581351,0.0,0.0,1.0,0.0,1.0,1.0
9,45,0.2912506726433614,1.4175416058948993,1.0,0.0,0.0,1.0,0.0,1.0
10,45,12.0,8.65489726001401,0.0,1.0,1.0,1.0,1.0,0.0
11,45,3.84568523930323,1.4813571243137906,1.0,0.0,1.0,0.0,0.0,0.0
12,45,11.018639843902829,11.938829573037133,1.0,0.0,1.0,1.0,0.0,1.0
13,45,5.435812702406015,5.908065809071829,0.0,1.0,0.0,1.0,1.0,1.0
14,45,7.047212100870666,1.6626830977863702,0.0,1.0,0.0,0.0,0.0,0.0
15,45,1.615953582351818,12.0,1.0,0.0,1.0,1.0,0.0,1.0
16,45,2.932973870429513,7.977361207623068,0.0,0.0,1.0,0.0,0.0,0.0
17,45,11.991484873994114,6.982203040889663,0.0,0.0,1.0,0.0,1.0,1.0
18,45,0.0,0.0,0.0,1.0,1.0,1.0,0.0,0.0
19,45,11.166199876317052,5.657326144760273,0.0,0.0,0.0,0.0,0.0,0.0
20,45,9.560007128557638,1.1718931388507627,1.0,1.0,1.0,0.0,1.0,0.0
21,45,10.6200341207347,10.883639657908915,0.0,1.0,1.0,0.0,0.0,1.0
22,45,1.517692278751503,1.654737419820374,1.0,0.0,1.0,1.0,1.0,0.0
23,45,0.0978414907864386,5.912224455669079,0.0,0.0,1.0,0.0,0.0,0.0
24,45,10.36311259233217,0.3061508786012033,1.0,0.0,1.0,1.0,0.0,0.0
25,45,8.521498020363179,4.977569958725113,1.0,1.0,0.0,1.0,0.0,0.0
26,45,3.389159429168287,1.745775977147325,1.0,0.0,1.0,0.0,1.0,1.0
27,45,6.826104599201408,7.02946961319494,1.0,0.0,0.0,0.0,0.0,1.0
28,45,12.0,0.9955057190607364,0.0,0.0,0.0,0.0,1.0,0.0
29,45,9.957163300209828,7.061131078515533,0.0,0.0,0.0,1.0,1.0,0.0
30,45,11.293529792662437,0.1162387435733679,1.0,1.0,1.0,0.0,1.0,0.0
31,45,1.312555457076075,2.705584240809227,1.0,0.0,0.0,1.0,0.0,1.0
32,45,6.7559151475467765,10.902822234499576,0.0,0.0,0.0,0.0,0.0,0.0
33,45,8.776140243567152,3.125003912315334,1.0,1.0,1.0,1.0,1.0,0.0
34,45,3.545178949781377,11.50386277754964,1.0,1.0,0.0,1.0,0.0,0.0
35,45,1.9739651362402744,11.686974414374298,0.0,1.0,0.0,0.0,0.0,0.0
36,45,9.24855827326547,11.498822496600573,0.0,1.0,0.0,0.0,1.0,0.0
37,45,1.5010937253004824,4.916728062774495,0.0,0.0,0.0,1.0,0.0,0.0
38,45,11.687182300317549,10.54440775655747,0.0,1.0,0.0,0.0,0.0,1.0
39,45,7.856759028609058,2.822056353907056,1.0,0.0,1.0,0.0,0.0,1.0
0,50,12.0,9.776691865925793,0.0,1.0,0.0,0.0,1.0,0.0
1,50,5.132120700123166,10.440483269968182,0.0,1.0,0.0,0.0,0.0,0.0
2,50,9.564604109901635,5.188862930684785,1.0,0.0,0.0,1.0,1.0,0.0
3,50,3.1676429963958888,9.58877804580168,0.0,0.0,0.0,1.0,1.0,1.0
4,50,2.2676237883160426,0.9856358550659776,0.0,0.0,0.0,0.0,1.0,1.0
5,50,4.496789022199,2.9159648297883924,0.0,0.0,0.0,1.0,1.0,1.0
6,50,7.496064032785392,0.6068884836714337,1.0,1.0,0.0,0.0,0.0,1.0
7,50,6.560968400551842,3.1222147486322007,0.0,0.0,0.0,0.0,0.0,0.0
8,50,10.6716514218296,1.9140338861172783,0.0,0.0,1.0,0.0,1.0,1.0
9,50,0.2101201975673927,1.4620477805782743,1.0,0.0,0.0,1.0,0.0,1.0
10,50,12.0,8.603756004857662,0.0,1.0,1.0,1.0,1.0,0.0
11,50,3.77822989576447,1.4940974840840824,1.0,0.0,1.0,0.0,0.0,0.0
12,50,11.017402484717651,11.92584256886694,1.0,0.0,1.0,1.0,0.0,1.0
13,50,5.377518870013063,5.8974514826899975,0.0,1.0,0.0,1.0,1.0,1.0
14,50,7.003349459093766,1.6187659606900773,0.0,1.0,0.0,0.0,0.0,0.0
15,50,1.542595860617784,12.0,1.0,0.0,1.0,1.0,0.0,1.0
16,50,2.921459302429936,8.121988299169443,0.0,0.0,1.0,0.0,0.0,0.0
17,50,11.982460527632751,6.981979475305035,0.0,0.0,1.0,0.0,1.0,1.0
18,50,0.0,0.0001633550876303,0.0,1.0,1.0,1.0,0.0,0.0
19,50,11.190909707902405,5.748338280064396,0.0,0.0,0.0,0.0,0.0,0.0
20,50,9.600845716990808,1.18341007788111,1.0,1.0,1.0,0.0,1.0,0.0
21,50,10.598077494504674,10.878154755911298,0.0,1.0,1.0,0.0,0.0,1.0
22,50,1.4700935393080747,1.7178036923388058,1.0,0.0,1.0,1.0,1.0,0.0
23,50,0.0962307503923831,5.918187219235637,0.0,0.0,1.0,0.0,0.0,0.0
24,50,10.408334677333352,0.2158262036694109,1.0,0.0,1.0,1.0,0.0,0.0
25,50,8.564954152881905,4.977619051701713,1.0,1.0,0.0,1.0,0.0,0.0
26,50,3.446115121429058,1.7076274903816806,1.0,0.0,1.0,0.0,1.0,1.0
27,50,6.8268440091535965,7.029343291077357,1.0,0.0,0.0,0.0,0.0,1.0
28,50,12.0,1.0969210337599238,0.0,0.0,0.0,0.0,1.0,0.0
29,50,9.931980002466956,7.092287296078549,0.0,0.0,0.0,1.0,1.0,0.0
30,50,11.329257669445552,0.0145890013136793,1.0,1.0,1.0,0.0,1.0,0.0
31,50,1.3496740609444875,2.7820475696118754,1.0,0.0,0.0,1.0,0.0,1.0
32,50,6.709284824376266,10.88322365589204,0.0,0.0,0.0,0.0,0.0,0.0
33,50,8.867268034099668,3.1425336069482133,1.0,1.0,1.0,1.0,1.0,0.0
34,50,3.497448017042301,11.447676755716836,1.0,1.0,0.0,1.0,0.0,0.0
35,50,1.9729756452908151,11.674175525029002,0.0,1.0,0.0,0.0,0.0,0.0
36,50,9.195734097387582,11.532648358329114,0.0,1.0,0.0,0.0,1.0,0.0
37,50,1.5635520467033015,4.904423618812752,0.0,0.0,0.0,1.0,0.0,0.0
38,50,11.663693283773336,10.585670449017822,0.0,1.0,0.0,0.0,0.0,1.0
39,50,7.829061201544141,2.94910947290144,1.0,0.0,1.0,0.0,0.0,1.0
0,55,12.0,9.7634826221269,0.0,1.0,0.0,0.0,1.0,0.0
1,55,5.055646301906623,10.47842561921816,0.0,1.0,0.0,0.0,0.0,0.0
2,55,9.621743302590986,5.207540789098108,1.0,0.0,0.0,1.0,1.0,0.0
3,55,3.3095208650535626,9.532342952488314,0.0,0.0,0.0,1.0,1.0,1.0
4,55,2.258626904939001,0.9854727940824586,0.0,0.0,0.0,0.0,1.0,1.0
5,55,4.475742199649198,2.919399903175649,0.0,0.0,0.0,1.0,1.0,1.0
6,55,7.549350042310916,0.6709950615213288,1.0,1.0,0.0,0.0,0.0,1.0
7,55,6.629393542524739,3.027495694325701,0.0,0.0,0.0,0.0,0.0,0.0
8,55,10.629213432294533,2.0312041140801487,0.0,0.0,1.0,0.0,1.0,1.0
9,55,0.1314419991654448,1.5029782496184512,1.0,0.0,0.0,1.0,0.0,1.0
10,55,12.0,8.561903049102318,0.0,1.0,1.0,1.0,1.0,0.0
11,55,3.7107085247951903,1.5067959065559426,1.0,0.0,1.0,0.0,0.0,0.0
12,55,11.017064590279976,11.922568033818107,1.0,0.0,1.0,1.0,0.0,1.0
13,55,5.317465111030556,5.886084477950506,0.0,1.0,0.0,1.0,1.0,1.0
14,55,6.930092220221504,1.5496410364304394,0.0,1.0,0.0,0.0,0.0,0.0
15,55,1.4666325884501,12.0,1.0,0.0,1.0,1.0,0.0,1.0
16,55,2.908982771359617,8.267804827511439,0.0,0.0,1.0,0.0,0.0,0.0
17,55,12.0,6.9825882485436574,0.0,0.0,1.0,0.0,1.0,1.0
18,55,0.0,0.0001226557938134,0.0,1.0,1.0,1.0,0.0,0.0
19,55,11.21796028325395,5.849417181028955,0.0,0.0,0.0,0.0,0.0,0.0
20,55,9.640278854631388,1.194630020163214,1.0,1.0,1.0,0.0,1.0,0.0
21,55,10.555030546280266,10.867115550001245,0.0,1.0,1.0,0.0,0.0,1.0
22,55,1.417781971781433,1.7864515204306164,1.0,0.0,1.0,1.0,1.0,0.0
23,55,0.0973197180604513,5.913872043323621,0.0,0.0,1.0,0.0,0.0,0.0
24,55,10.444332533795787,0.140375490622288,1.0,0.0,1.0,1.0,0.0,0.0
25,55,8.602261426997478,4.976893281317437,1.0,1.0,0.0,1.0,0.0,0.0
26,55,3.4924638531766505,1.780328179624084,1.0,0.0,1.0,0.0,1.0,1.0
27,55,6.840345988019954,7.027219194139356,1.0,0.0,0.0,0.0,0.0,1.0
28,55,12.0,1.185512325944381,0.0,0.0,0.0,0.0,1.0,0.0
29,55,9.890600094631347,7.142778323654452,0.0,0.0,0.0,1.0,1.0,0.0
30,55,11.371022154196188,0.0,1.0,1.0,1.0,0.0,1.0,0.0
31,55,1.3894442111163543,2.865270000186049,1.0,0.0,0.0,1.0,0.0,1.0
32,55,6.677176177079113,10.869727505189724,0.0,0.0,0.0,0.0,0.0,0.0
33,55,8.956749562398358,3.159979822956938,1.0,1.0,1.0,1.0,1.0,0.0
34,55,3.456036501902074,11.399432662286635,1.0,1.0,0.0,1.0,0.0,0.0
35,55,1.9695565534090125,11.636530061300224,0.0,1.0,0.0,0.0,0.0,0.0
36,55,9.127698966295895,11.577590366262696,0.0,1.0,0.0,0.0,1.0,0.0
37,55,1.6292490231606347,4.891357862120745,0.0,0.0,0.0,1.0,0.0,0.0
38,55,11.643671973987455,10.620628104616369,0.0,1.0,0.0,0.0,0.0,1.0
39,55,7.794717770665315,3.0958075200832997,1.0,0.0,1.0,0.0,0.0,1.0
0,60,12.0,9.757330084500063,0.0,1.0,0.0,0.0,1.0,0.0
1,60,4.998627776385321,10.507683765020127,0.0,1.0,0.0,0.0,0.0,0.0
2,60,9.685941937730329,5.230529157490248,1.0,0.0,0.0,1.0,1.0,0.0
3,60,3.460050007897034,9.47675623961474,0.0,0.0,0.0,1.0,1.0,1.0
4,60,2.2374079530401185,0.9850289097329668,0.0,0.0,0.0,0.0,1.0,1.0
5,60,4.473031223145667,2.9198443747390868,0.0,0.0,0.0,1.0,1.0,1.0
6,60,7.594990735460759,0.7236162977566662,1.0,1.0,0.0,0.0,0.0,1.0
7,60,6.69543698562094,2.9352375906093484,0.0,0.0,0.0,0.0,0.0,0.0
8,60,10.592128534811414,2.13603759233668,0.0,0.0,1.0,0.0,1.0,1.0
9,60,0.0695723730287185,1.5330290045511172,1.0,0.0,0.0,1.0,0.0,1.0
10,60,12.0,8.613970048614247,0.0,1.0,1.0,1.0,1.0,0.0
11,60,3.651040181010101,1.5174055021624897,1.0,0.0,1.0,0.0,0.0,0.0
12,60,11.018584035410164,11.9396843404181,1.0,0.0,1.0,1.0,0.0,1.0
13,60,5.265340999257441,5.875297764337122,0.0,1.0,0.0,1.0,1.0,1.0
14,60,6.837761948316671,1.462180624003101,0.0,1.0,0.0,0.0,0.0,0.0
15,60,1.3829042912643097,12.0,1.0,0.0,1.0,1.0,0.0,1.0
16,60,2.8990664577835314,8.397048195493257,0.0,0.0,1.0,0.0,0.0,0.0
17,60,12.0,6.982654341823255,0.0,0.0,1.0,0.0,1.0,1.0
18,60,0.0,0.0001609701540381,0.0,1.0,1.0,1.0,0.0,0.0
19,60,11.243846950090049,5.942828572658034,0.0,0.0,0.0,0.0,0.0,0.0
20,60,9.703403405298449,1.2145086026314982,1.0,1.0,1.0,0.0,1.0,0.0
21,60,10.508022622351174,10.855543197913514,0.0,1.0,1.0,0.0,0.0,1.0
22,60,1.361795974089977,1.8597328981303896,1.0,0.0,1.0,1.0,1.0,0.0
23,60,0.1009521215769679,5.899883792921576,0.0,0.0,1.0,0.0,0.0,0.0
24,60,10.47361959503843,0.081673309299028,1.0,0.0,1.0,1.0,0.0,0.0
25,60,8.64110125872076,4.9766294703384695,1.0,1.0,0.0,1.0,0.0,0.0
26,60,3.5362627880323974,1.8521551689712128,1.0,0.0,1.0,0.0,1.0,1.0
27,60,6.863114669371455,7.023484510880725,1.0,0.0,0.0,0.0,0.0,1.0
28,60,12.0,1.268178156226495,0.0,0.0,0.0,0.0,1.0,0.0
29,60,9.8621894574573,7.177963153237136,0.0,0.0,0.0,1.0,1.0,0.0
30,60,11.40982762108928,0.0,1.0,1.0,1.0,0.0,1.0,0.0
31,60,1.4282942294241392,2.943389173031217,1.0,0.0,0.0,1.0,0.0,1.0
32,60,6.653816692550697,10.860232803786728,0.0,0.0,0.0,0.0,0.0,0.0
33,60,9.06786061870372,3.1828375332334606,1.0,1.0,1.0,1.0,1.0,0.0
34,60,3.4101428009776624,11.346525879870104,1.0,1.0,0.0,1.0,0.0,0.0
35,60,1.9677788434385952,11.617708074325533,0.0,1.0,0.0,0.0,0.0,0.0
36,60,9.066996219370392,11.614715385125448,0.0,1.0,0.0,0.0,1.0,0.0
37,60,1.6941316495741554,4.878597338494998,0.0,0.0,0.0,1.0,0.0,0.0
38,60,11.620862092331157,10.66051445166418,0.0,1.0,0.0,0.0,0.0,1.0
39,60,7.756979835406292,3.2441204930296026,1.0,0.0,1.0,0.0,0.0,1.0
0,65,11.98551932285525,9.768012851423878,0.0,1.0,0.0,0.0,1.0,0.0
1,65,4.944207504683676,10.537111920325232,0.0,1.0,0.0,0.0,0.0,0.0
2,65,9.725759520758642,5.245658535757714,1.0,0.0,0.0,1.0,1.0,0.0
3,65,3.604950152749404,9.42081627506612,0.0,0.0,0.0,1.0,1.0,1.0
4,65,2.19701135599804,0.9846746354365248,0.0,0.0,0.0,0.0,1.0,1.0
5,65,4.4455011664574,2.924499938607452,0.0,0.0,0.0,1.0,1.0,1.0
6,65,7.64814042577401,0.7852981634334497,1.0,1.0,0.0,0.0,0.0,1.0
7,65,6.780173408940837,2.81944950468811,0.0,0.0,0.0,0.0,0.0,0.0
8,65,10.54654952202084,2.264628087138854,0.0,0.0,1.0,0.0,1.0,1.0
9,65,0.011182599520428,1.5617414526680096,1.0,0.0,0.0,1.0,0.0,1.0
10,65,12.0,8.662116907689253,0.0,1.0,1.0,1.0,1.0,0.0
11,65,3.5934485114980173,1.52629337554673,1.0,0.0,1.0,0.0,0.0,0.0
12,65,11.018984493013829,11.945680916091352,1.0,0.0,1.0,1.0,0.0,1.0
13,65,5.202326305925448,5.862846824011228,0.0,1.0,0.0,1.0,1.0,1.0
14,65,6.734781620747694,1.3638986349999105,0.0,1.0,0.0,0.0,0.0,0.0
15,65,1.2955548066564857,12.0,1.0,0.0,1.0,1.0,0.0,1.0
16,65,2.891077055160982,8.53265181864013,0.0,0.0,1.0,0.0,0.0,0.0
17,65,12.0,6.983043903910747,0.0,0.0,1.0,0.0,1.0,1.0
18,65,0.0,0.0003303082439818,0.0,1.0,1.0,1.0,0.0,0.0
19,65,11.273196240100235,6.0534256936902,0.0,0.0,0.0,0.0,0.0,0.0
20,65,9.76650175402776,1.2326178357400026,1.0,1.0,1.0,0.0,1.0,0.0
21,65,10.46909319837252,10.847217015647187,0.0,1.0,1.0,0.0,0.0,1.0
22,65,1.30827385681158,1.9346491179375809,1.0,0.0,1.0,1.0,1.0,0.0
23,65,0.1091322999031579,5.868313245657154,0.0,0.0,1.0,0.0,0.0,0.0
24,65,10.499245902316712,0.0316393353788975,1.0,0.0,1.0,1.0,0.0,0.0
25,65,8.694249465344603,4.976320629410202,1.0,1.0,0.0,1.0,0.0,0.0
26,65,3.619616099643709,1.8005115950011454,1.0,0.0,1.0,0.0,1.0,1.0
27,65,6.89014832370276,7.019231015627325,1.0,0.0,0.0,0.0,0.0,1.0
28,65,12.0,1.3432250499327902,0.0,0.0,0.0,0.0,1.0,0.0
29,65,9.846724918597838,7.196626656052482,0.0,0.0,0.0,1.0,1.0,0.0
30,65,11.4568479156216,0.0,1.0,1.0,1.0,0.0,1.0,0.0
31,65,1.4807739837220355,3.040216283217599,1.0,0.0,0.0,1.0,0.0,1.0
32,65,6.582324127327767,10.833728250536966,0.0,0.0,0.0,0.0,0.0,0.0
33,65,9.185789106046016,3.208430862206327,1.0,1.0,1.0,1.0,1.0,0.0
34,65,3.363321747701468,11.290268499728947,1.0,1.0,0.0,1.0,0.0,0.0
35,65,1.964614077896509,11.585065032643891,0.0,1.0,0.0,0.0,0.0,0.0
36,65,8.997189717926213,11.655413592733249,0.0,1.0,0.0,0.0,1.0,0.0
37,65,1.7663107018497044,4.863354119123112,0.0,0.0,0.0,1.0,0.0,0.0
38,65,11.594879371083522,10.70446561141692,0.0,1.0,0.0,0.0,0.0,1.0
39,65,7.723099700039371,3.376823885835997,1.0,0.0,1.0,0.0,0.0,1.0
0,70,11.973008624146573,9.777070128695426,0.0,1.0,0.0,0.0,1.0,0.0
1,70,4.887741828495296,10.566545991075914,0.0,1.0,0.0,0.0,0.0,0.0
2,70,9.777592169071688,5.264903119996712,1.0,0.0,0.0,1.0,1.0,0.0
3,70,3.738754572087851,9.373299511971108,0.0,0.0,0.0,1.0,1.0,1.0
4,70,2.178528721016166,0.9846603634442044,0.0,0.0,0.0,0.0,1.0,1.0
5,70,4.407289150714369,2.9305765803916857,0.0,0.0,0.0,1.0,1.0,1.0
6,70,7.701948152347493,0.8423447450654933,1.0,1.0,0.0,0.0,0.0,1.0
7,70,6.851501094783366,2.7185190624043587,0.0,0.0,0.0,0.0,0.0,0.0
8,70,10.496196772158507,2.403210579476473,0.0,0.0,1.0,0.0,1.0,1.0
9,70,0.0,1.5926435784873885,1.0,0.0,0.0,1.0,0.0,1.0
10,70,12.0,8.7083228113965,0.0,1.0,1.0,1.0,1.0,0.0
11,70,3.5590057397657566,1.5296998685576966,1.0,0.0,1.0,0.0,0.0,0.0
12,70,11.019901785037796,11.957936387732213,1.0,0.0,1.0,1.0,0.0,1.0
13,70,5.123521100862317,5.846642242492011,0.0,1.0,0.0,1.0,1.0,1.0
14,70,6.63538762680597,1.2681135992276833,0.0,1.0,0.0,0.0,0.0,0.0
15,70,1.214345805989639,12.0,1.0,0.0,1.0,1.0,0.0,1.0
16,70,2.8840921042843326,8.663251358273575,0.0,0.0,1.0,0.0,0.0,0.0
17,70,12.0,6.983159106469154,0.0,0.0,1.0,0.0,1.0,1.0
18,70,0.0040699971052326,0.0002911171758968,0.0,1.0,1.0,1.0,0.0,0.0
19,70,11.300714505365708,6.173246207026966,0.0,0.0,0.0,0.0,0.0,0.0
20,70,9.818921715196382,1.246311255619569,1.0,1.0,1.0,0.0,1.0,0.0
21,70,10.423286694264815,10.83690683468437,0.0,1.0,1.0,0.0,0.0,1.0
22,70,1.25247104530717,2.0155018421660853,1.0,0.0,1.0,1.0,1.0,0.0
23,70,0.1164555368963301,5.839018355295036,0.0,0.0,1.0,0.0,0.0,0.0
24,70,10.518205861895838,0.0,1.0,0.0,1.0,1.0,0.0,0.0
25,70,8.767606190971987,4.976589699367886,1.0,1.0,0.0,1.0,0.0,0.0
26,70,3.689066784271385,1.7579296818388397,1.0,0.0,1.0,0.0,1.0,1.0
27,70,6.921075998302659,7.015050193542136,1.0,0.0,0.0,0.0,0.0,1.0
28,70,12.0,1.4417869469216724,0.0,0.0,0.0,0.0,1.0,0.0
29,70,9.8330379036662,7.213027522355084,0.0,0.0,0.0,1.0,1.0,0.0
30,70,11.502265480491312,0.0,1.0,1.0,1.0,0.0,1.0,0.0
31,70,1.5367362219520524,3.1413208091458067,1.0,0.0,0.0,1.0,0.0,1.0
32,70,6.521570432848864,10.811073230350685,0.0,0.0,0.0,0.0,0.0,0.0
33,70,9.30857296442876,3.234337426735515,1.0,1.0,1.0,1.0,1.0,0.0
34,70,3.312490129783628,11.231094400570887,1.0,1.0,0.0,1.0,0.0,0.0
35,70,1.959451975898366,11.524139148116516,0.0,1.0,0.0,0.0,0.0,0.0
36,70,8.92143609407684,11.700286453186049,0.0,1.0,0.0,0.0,1.0,0.0
37,70,1.807644215061724,4.855256914883721,0.0,0.0,0.0,1.0,0.0,0.0
38,70,11.571971383799513,10.741323489733354,0.0,1.0,0.0,0.0,0.0,1.0
39,70,7.68626741473701,3.5122233042013717,1.0,0.0,1.0,0.0,0.0,1.0
0,75,11.972584867996964,9.777367635660852,0.0,1.0,0.0,0.0,1.0,0.0
1,75,4.82563556918304,10.59725579810687,0.0,1.0,0.0,0.0,0.0,0.0
2,75,9.817937929001577,5.281044449185924,1.0,0.0,0.0,1.0,1.0,0.0
3,75,3.8303889112161498,9.338131466287836,0.0,0.0,0.0,1.0,1.0,1.0
4,75,2.148303763496736,0.984304426095376,0.0,0.0,0.0,0.0,1.0,1.0
5,75,4.357644303209606,2.938007075819488,0.0,0.0,0.0,1.0,1.0,1.0
6,75,7.7541583441012065,0.8984031073108297,1.0,1.0,0.0,0.0,0.0,1.0
7,75,6.917962148492013,2.6232061792120285,0.0,0.0,0.0,0.0,0.0,0.0
8,75,10.441072410521889,2.5436791365244926,0.0,0.0,1.0,0.0,1.0,1.0
9,75,0.0,1.6290438252499944,1.0,0.0,0.0,1.0,0.0,1.0
10,75,12.0,8.74759925738574,0.0,1.0,1.0,1.0,1.0,0.0
11,75,3.527826383393564,1.5327774357448758,1.0,0.0,1.0,0.0,0.0,0.0
12,75,11.02352141441513,12.0,1.0,0.0,1.0,1.0,0.0,1.0
13,75,5.045253599353518,5.83106962973263,0.0,1.0,0.0,1.0,1.0,1.0
14,75,6.53222002847447,1.167262443041754,0.0,1.0,0.0,0.0,0.0,0.0
15,75,1.133010780169707,12.0,1.0,0.0,1.0,1.0,0.0,1.0
16,75,2.8778406270038017,8.825093692439394,0.0,0.0,1.0,0.0,0.0,0.0
17,75,12.0,6.983151073242943,0.0,0.0,1.0,0.0,1.0,1.0
18,75,0.0,0.0006660905693261,0.0,1.0,1.0,1.0,0.0,0.0
19,75,11.328180426607137,6.295387506919384,0.0,0.0,0.0,0.0,0.0,0.0
20,75,9.893799542499998,1.266464312707744,1.0,1.0,1.0,0.0,1.0,0.0
21,75,10.373454977197447,10.823943333142957,0.0,1.0,1.0,0.0,0.0,1.0
22,75,1.1955597706794117,2.097486539888127,1.0,0.0,1.0,1.0,1.0,0.0
23,75,0.1209950563079288,5.818332295705649,0.0,0.0,1.0,0.0,0.0,0.0
24,75,10.535048280067649,0.0,1.0,0.0,1.0,1.0,0.0,0.0
25,75,8.84013973829458,4.975520732899553,1.0,1.0,0.0,1.0,0.0,0.0
26,75,3.755212119749524,1.7163772836717748,1.0,0.0,1.0,0.0,1.0,1.0
27,75,6.959757993634367,7.011132472443963,1.0,0.0,0.0,0.0,0.0,1.0
28,75,12.0,1.5297563992499703,0.0,0.0,0.0,0.0,1.0,0.0
29,75,9.84000898274967,7.204726226366975,0.0,0.0,0.0,1.0,1.0,0.0
30,75,11.54422141687728,0.0,1.0,1.0,1.0,0.0,1.0,0.0
31,75,1.5973406237111571,3.242565942697232,1.0,0.0,0.0,1.0,0.0,1.0
32,75,6.474795574616722,10.794592504393677,0.0,0.0,0.0,0.0,0.0,0.0
33,75,9.445309617857474,3.2638743452640564,1.0,1.0,1.0,1.0,1.0,0.0
34,75,3.267417923859252,11.177090194967562,1.0,1.0,0.0,1.0,0.0,0.0
35,75,1.9543274277180969,11.476909505299506,0.0,1.0,0.0,0.0,0.0,0.0
36,75,8.844051028090472,11.745914451394349,0.0,1.0,0.0,0.0,1.0,0.0
37,75,1.8396887037693588,4.848655131409001,0.0,0.0,0.0,1.0,0.0,0.0
38,75,11.544935782142584,10.785152060622709,0.0,1.0,0.0,0.0,0.0,1.0
39,75,7.651742968964259,3.641151576793068,1.0,0.0,1.0,0.0,0.0,1.0
0,80,11.96035428261012,9.786390209938151,0.0,1.0,0.0,0.0,1.0,0.0
1,80,4.767789182477783,10.627178871521968,0.0,1.0,0.0,0.0,0.0,0.0
2,80,9.86498096543855,5.298580177426274,1.0,0.0,0.0,1.0,1.0,0.0
3,80,3.793087891260664,9.238325098896787,0.0,0.0,0.0,1.0,1.0,1.0
4,80,2.1368014906393467,0.983983661595706,0.0,0.0,0.0,0.0,1.0,1.0
5,80,4.30874985213342,2.9458123590495484,0.0,0.0,0.0,1.0,1.0,1.0
6,80,7.806127377153465,0.9569898025819752,1.0,1.0,0.0,0.0,0.0,1.0
7,80,6.991948002354771,2.513554470352389,0.0,0.0,0.0,0.0,0.0,0.0
8,80,10.383061258510336,2.681624767915166,0.0,0.0,1.0,0.0,1.0,1.0
9,80,0.0,1.662522334116723,1.0,0.0,0.0,1.0,0.0,1.0
10,80,12.0,8.780186232977492,0.0,1.0,1.0,1.0,1.0,0.0
11,80,3.487135280217556,1.5365821174030192,1.0,0.0,1.0,0.0,0.0,0.0
12,80,11.028597858653788,12.0,1.0,0.0,1.0,1.0,0.0,1.0
13,80,4.946806048469011,5.813522468050506,0.0,1.0,0.0,1.0,1.0,1.0
14,80,6.404901824203,1.045405128376392,0.0,1.0,0.0,0.0,0.0,0.0
15,80,1.0378990930458445,12.0,1.0,0.0,1.0,1.0,0.0,1.0
16,80,2.869139695991807,9.005489277503141,0.0,0.0,1.0,0.0,0.0,0.0
17,80,12.0,6.983431504134777,0.0,0.0,1.0,0.0,1.0,1.0
18,80,0.0,0.0008703523461251,0.0,1.0,1.0,1.0,0.0,0.0
19,80,11.35320622529647,6.395947437508333,0.0,0.0,0.0,0.0,0.0,0.0
20,80,9.96409529512082,1.28311500430564,1.0,1.0,1.0,0.0,1.0,0.0
21,80,10.318276228795492,10.81044519693154,0.0,1.0,1.0,0.0,0.0,1.0
22,80,1.1386775208828082,2.1830294009460287,1.0,0.0,1.0,1.0,1.0,0.0
23,80,0.1274180913472048,5.789988806921946,0.0,0.0,1.0,0.0,0.0,0.0
24,80,10.550317832457145,0.0,1.0,0.0,1.0,1.0,0.0,0.0
25,80,8.894915874202914,4.974494333595672,1.0,1.0,0.0,1.0,0.0,0.0
26,80,3.8265050560850415,1.6699856718504649,1.0,0.0,1.0,0.0,1.0,1.0
27,80,6.995803144155947,7.008611936414918,1.0,0.0,0.0,0.0,0.0,1.0
28,80,12.0,1.629314620346693,0.0,0.0,0.0,0.0,1.0,0.0
29,80,9.850286402351877,7.192154094538926,0.0,0.0,0.0,1.0,1.0,0.0
30,80,11.58644247853094,0.0,1.0,1.0,1.0,0.0,1.0,0.0
31,80,1.6594436125658203,3.3476910643859803,1.0,0.0,0.0,1.0,0.0,1.0
32,80,6.440198489028891,10.781538841629333,0.0,0.0,0.0,0.0,0.0,0.0
33,80,9.552550495378217,3.2873920692142824,1.0,1.0,1.0,1.0,1.0,0.0
34,80,3.2110952572137985,11.109029132875955,1.0,1.0,0.0,1.0,0.0,0.0
35,80,1.9515550166354012,11.447550613963005,0.0,1.0,0.0,0.0,0.0,0.0
36,80,8.753989937599902,11.799034989360154,0.0,1.0,0.0,0.0,1.0,0.0
37,80,1.865047853087458,4.84379531003558,0.0,0.0,0.0,1.0,0.0,0.0
38,80,11.530701822117877,10.808696470488025,0.0,1.0,0.0,0.0,0.0,1.0
39,80,7.614310102412194,3.783244625506364,1.0,0.0,1.0,0.0,0.0,1.0
0,85,11.944347606540928,9.797861892212005,0.0,1.0,0.0,0.0,1.0,0.0
1,85,4.732351403793992,10.64582087955143,0.0,1.0,0.0,0.0,0.0,0.0
2,85,9.896764704890607,5.310503621663701,1.0,0.0,0.0,1.0,1.0,0.0
3,85,3.7554890724793553,9.129940378111822,0.0,0.0,0.0,1.0,1.0,1.0
4,85,2.121529873873463,0.9838400650182624,0.0,0.0,0.0,0.0,1.0,1.0
5,85,4.248437785726256,2.9568904182673865,0.0,0.0,0.0,1.0,1.0,1.0
6,85,7.853417923364658,1.0124755839305708,1.0,1.0,0.0,0.0,0.0,1.0
7,85,7.075454362387669,2.3875205101374086,0.0,0.0,0.0,0.0,0.0,0.0
8,85,10.321795715849294,2.818813149462681,0.0,0.0,1.0,0.0,1.0,1.0
9,85,0.0,1.706925853443224,1.0,0.0,0.0,1.0,0.0,1.0
10,85,12.0,8.794651543442596,0.0,1.0,1.0,1.0,1.0,0.0
11,85,3.4332692488893564,1.542161162680326,1.0,0.0,1.0,0.0,0.0,0.0
12,85,11.032346038281643,12.0,1.0,0.0,1.0,1.0,0.0,1.0
13,85,4.835283578395,5.790707952185324,0.0,1.0,0.0,1.0,1.0,1.0
14,85,6.2725315001252335,0.9194309572312648,0.0,1.0,0.0,0.0,0.0,0.0
15,85,0.9395792652809926,12.0,1.0,0.0,1.0,1.0,0.0,1.0
16,85,2.8575199369136413,9.177007051681308,0.0,0.0,1.0,0.0,0.0,0.0
17,85,11.995331823347236,6.983301709714362,0.0,0.0,1.0,0.0,1.0,1.0
18,85,0.0038412810084119,0.0007714101298859,0.0,1.0,1.0,1.0,0.0,0.0
19,85,11.372619266247304,6.478767450842285,0.0,0.0,0.0,0.0,0.0,0.0
20,85,10.052471543685288,1.303774510087592,1.0,1.0,1.0,0.0,1.0,0.0
21,85,10.29635040735505,10.804742146578455,0.0,1.0,1.0,0.0,0.0,1.0
22,85,1.0792000369807884,2.26952315324338,1.0,0.0,1.0,1.0,1.0,0.0
23,85,0.134315034576448,5.756750634414676,0.0,0.0,1.0,0.0,0.0,0.0
24,85,10.575545794243553,0.0,1.0,0.0,1.0,1.0,0.0,0.0
25,85,8.897129925724771,5.025121736987714,1.0,1.0,0.0,1.0,0.0,0.0
26,85,3.884740733200381,1.631575550269681,1.0,0.0,1.0,0.0,1.0,1.0
27,85,7.056402938456059,7.004398955165741,1.0,0.0,0.0,0.0,0.0,1.0
28,85,12.0,1.711717754528452,0.0,0.0,0.0,0.0,1.0,0.0
29,85,9.876795899557113,7.160086113260232,0.0,0.0,0.0,1.0,1.0,0.0
30,85,11.625558592699903,0.0,1.0,1.0,1.0,0.0,1.0,0.0
31,85,1.728504613261104,3.465378808680371,1.0,0.0,0.0,1.0,0.0,1.0
32,85,6.401753200235287,10.767046501314011,0.0,0.0,0.0,0.0,0.0,0.0
33,85,9.639168552128732,3.3073568568766687,1.0,1.0,1.0,1.0,1.0,0.0
34,85,3.151052749538906,11.038370010718833,1.0,1.0,0.0,1.0,0.0,0.0
35,85,1.9488338476996865,11.415882590401251,0.0,1.0,0.0,0.0,0.0,0.0
36,85,8.665861476318739,11.849857369900391,0.0,1.0,0.0,0.0,1.0,0.0
37,85,1.8844881941350704,4.839927960506511,0.0,0.0,0.0,1.0,0.0,0.0
38,85,11.509986193703472,10.844566481464517,0.0,1.0,0.0,0.0,0.0,1.0
39,85,7.579488148849585,3.930410321230044,1.0,0.0,1.0,0.0,0.0,1.0
0,90,11.917263187295998,9.816759635013836,0.0,1.0,0.0,0.0,1.0,0.0
1,90,4.699430999560419,10.662613270247627,0.0,1.0,0.0,0.0,0.0,0.0
2,90,9.933307982288598,5.323666384076764,1.0,0.0,0.0,1.0,1.0,0.0
3,90,3.7148032297849,9.018124855327228,0.0,0.0,0.0,1.0,1.0,1.0
4,90,2.0986674167086443,0.9839280097379508,0.0,0.0,0.0,0.0,1.0,1.0
5,90,4.175664436621828,2.968678167999576,0.0,0.0,0.0,1.0,1.0,1.0
6,90,7.92227426838499,1.09444128612687,1.0,1.0,0.0,0.0,0.0,1.0
7,90,7.158027040118222,2.265540795316863,0.0,0.0,0.0,0.0,0.0,0.0
8,90,10.256217231616874,2.971582815094871,0.0,0.0,1.0,0.0,1.0,1.0
9,90,0.0,1.7453018616149554,1.0,0.0,0.0,1.0,0.0,1.0
10,90,12.0,8.810613165621364,0.0,1.0,1.0,1.0,1.0,0.0
11,90,3.387192386613602,1.5483543984366246,1.0,0.0,1.0,0.0,0.0,0.0
12,90,11.03814622854128,12.0,1.0,0.0,1.0,1.0,0.0,1.0
13,90,4.728066869055723,5.765921315894602,0.0,1.0,0.0,1.0,1.0,1.0
14,90,6.128800927103312,0.785258361024614,0.0,1.0,0.0,0.0,0.0,0.0
15,90,0.8361382789713424,12.0,1.0,0.0,1.0,1.0,0.0,1.0
16,90,2.840713244184742,9.35261814666956,0.0,0.0,1.0,0.0,0.0,0.0
17,90,11.969768718312029,6.982120972826196,0.0,0.0,1.0,0.0,1.0,1.0
18,90,0.020864607406084,0.0002069272690355,0.0,1.0,1.0,1.0,0.0,0.0
19,90,11.391007802987836,6.574490767772105,0.0,0.0,0.0,0.0,0.0,0.0
20,90,10.160595838712917,1.3259600358708947,1.0,1.0,1.0,0.0,1.0,0.0
21,90,10.302862012061892,10.779915157058351,0.0,1.0,1.0,0.0,0.0,1.0
22,90,1.0185501752303836,2.359879169057624,1.0,0.0,1.0,1.0,1.0,0.0
23,90,0.147987213943787,5.702114585714788,0.0,0.0,1.0,0.0,0.0,0.0
24,90,10.60862123997628,0.0,1.0,0.0,1.0,1.0,0.0,0.0
25,90,8.89993032107176,5.106966112448554,1.0,1.0,0.0,1.0,0.0,0.0
26,90,3.9369160008709945,1.597977111647555,1.0,0.0,1.0,0.0,1.0,1.0
27,90,7.10823266972293,7.000899349287346,1.0,0.0,0.0,0.0,0.0,1.0
28,90,12.0,1.8109796094926116,0.0,0.0,0.0,0.0,1.0,0.0
29,90,9.881193033906522,7.154529997822056,0.0,0.0,0.0,1.0,1.0,0.0
30,90,11.661177193702182,0.0,1.0,1.0,1.0,0.0,1.0,0.0
31,90,1.795402557212943,3.575823463399843,1.0,0.0,0.0,1.0,0.0,1.0
32,90,6.335218458170067,10.742981366774837,0.0,0.0,0.0,0.0,0.0,0.0
33,90,9.70991552225344,3.322283710283545,1.0,1.0,1.0,1.0,1.0,0.0
34,90,3.07745916376868,10.950340152022976,1.0,1.0,0.0,1.0,0.0,0.0
35,90,1.947018879196326,11.380860332129483,0.0,1.0,0.0,0.0,0.0,0.0
36,90,8.589644934097947,11.89641465591976,0.0,1.0,0.0,0.0,1.0,0.0
37,90,1.9073969068368932,4.835453167242797,0.0,0.0,0.0,1.0,0.0,0.0
38,90,11.47323091902648,10.905479317008764,0.0,1.0,0.0,0.0,0.0,1.0
39,90,7.54044837576368,4.084178687129571,1.0,0.0,1.0,0.0,0.0,1.0
0,95,11.901740562595966,9.827938685267933,0.0,1.0,0.0,0.0,1.0,0.0
1,95,4.637598805486899,10.694813325236042,0.0,1.0,0.0,0.0,0.0,0.0
2,95,9.943945478230471,5.327474714629876,1.0,0.0,0.0,1.0,1.0,0.0
3,95,3.677503825211991,8.914106462245089,0.0,0.0,0.0,1.0,1.0,1.0
4,95,2.06342976055959,0.9842339188857115,0.0,0.0,0.0,0.0,1.0,1.0
5,95,4.070281213205191,2.984216890894664,0.0,0.0,0.0,1.0,1.0,1.0
6,95,7.990911570342369,1.176191743398293,1.0,1.0,0.0,0.0,0.0,1.0
7,95,7.243134859610961,2.1430034838277634,0.0,0.0,0.0,0.0,0.0,0.0
8,95,10.18936061311902,3.1250830124336955,0.0,0.0,1.0,0.0,1.0,1.0
9,95,0.0,1.7941452706238663,1.0,0.0,0.0,1.0,0.0,1.0
10,95,12.0,8.837741141184702,0.0,1.0,1.0,1.0,1.0,0.0
11,95,3.3179899301433617,1.5577461721332209,1.0,0.0,1.0,0.0,0.0,0.0
12,95,11.045635686696482,12.0,1.0,0.0,1.0,1.0,0.0,1.0
13,95,4.628403406395335,5.74177412705637,0.0,1.0,0.0,1.0,1.0,1.0
14,95,5.974245401542685,0.6485499730351973,0.0,1.0,0.0,0.0,0.0,0.0
15,95,0.7409765171498326,12.0,1.0,0.0,1.0,1.0,0.0,1.0
16,95,2.82271679621757,9.552962905224948,0.0,0.0,1.0,0.0,0.0,0.0
17,95,11.922724227303668,6.979793699623894,0.0,0.0,1.0,0.0,1.0,1.0
18,95,0.029401437404614,0.000143850559608,0.0,1.0,1.0,1.0,0.0,0.0
19,95,11.413197403011422,6.686121201653777,0.0,0.0,0.0,0.0,0.0,0.0
20,95,10.270784715280737,1.3494403311589378,1.0,1.0,1.0,0.0,1.0,0.0
21,95,10.309477553505124,10.75505702797713,0.0,1.0,1.0,0.0,0.0,1.0
22,95,0.9441181564886588,2.4686867272900987,1.0,0.0,1.0,1.0,1.0,0.0
23,95,0.1569684287677966,5.670388847387772,0.0,0.0,1.0,0.0,0.0,0.0
24,95,10.638337339334562,0.0,1.0,0.0,1.0,1.0,0.0,0.0
25,95,8.902671844553248,5.216304429827321,1.0,1.0,0.0,1.0,0.0,0.0
26,95,3.981223443070765,1.569967076467377,1.0,0.0,1.0,0.0,1.0,1.0
27,95,7.163637738891012,6.996950338613524,1.0,0.0,0.0,0.0,0.0,1.0
28,95,12.0,1.899543761664168,0.0,0.0,0.0,0.0,1.0,0.0
29,95,9.872145113031644,7.165243526413313,0.0,0.0,0.0,1.0,1.0,0.0
30,95,11.703235772672016,0.0,1.0,1.0,1.0,0.0,1.0,0.0
31,95,1.8580956837424885,3.6800191937358298,1.0,0.0,0.0,1.0,0.0,1.0
32,95,6.271804470679422,10.719517324569251,0.0,0.0,0.0,0.0,0.0,0.0
33,95,9.797950595716529,3.343043989573049,1.0,1.0,1.0,1.0,1.0,0.0
34,95,3.001226274450952,10.864652245329337,1.0,1.0,0.0,1.0,0.0,0.0
35,95,1.943700298453631,11.31431103585192,0.0,1.0,0.0,0.0,0.0,0.0
36,95,8.494698301478552,11.956474305165983,0.0,1.0,0.0,0.0,1.0,0.0
37,95,1.9191019994321377,4.833332920113806,0.0,0.0,0.0,1.0,0.0,0.0
38,95,11.439473927028333,10.961314716664326,0.0,1.0,0.0,0.0,0.0,1.0
39,95,7.497418160485973,4.2425541346856726,1.0,0.0,1.0,0.0,0.0,1.0
0,100,11.910581951886709,9.821445190403455,0.0,1.0,0.0,0.0,1.0,0.0
1,100,4.5828492203914735,10.724430889758208,0.0,1.0,0.0,0.0,0.0,0.0
2,100,9.9539910606095,5.330917951217464,1.0,0.0,0.0,1.0,1.0,0.0
3,100,3.639146655315322,8.806828217918836,0.0,0.0,0.0,1.0,1.0,1.0
4,100,2.019877989153879,0.9825501867819108,0.0,0.0,0.0,0.0,1.0,1.0
5,100,3.968006023174807,2.9994726543884824,0.0,0.0,0.0,1.0,1.0,1.0
6,100,8.047620862813973,1.2447471205895095,1.0,1.0,0.0,0.0,0.0,1.0
7,100,7.328894382319842,2.0180572592527035,0.0,0.0,0.0,0.0,0.0,0.0
8,100,10.12129085746226,3.276032296444181,0.0,0.0,1.0,0.0,1.0,1.0
9,100,0.0,1.8534974893776428,1.0,0.0,0.0,1.0,0.0,1.0
10,100,12.0,8.867503869493923,0.0,1.0,1.0,1.0,1.0,0.0
11,100,3.272276629643702,1.5634045300773276,1.0,0.0,1.0,0.0,0.0,0.0
12,100,11.05219760051857,12.0,1.0,0.0,1.0,1.0,0.0,1.0
13,100,4.497106848966458,5.707945306499962,0.0,1.0,0.0,1.0,1.0,1.0
14,100,5.824565344445303,0.5177636641150429,0.0,1.0,0.0,0.0,0.0,0.0
15,100,0.6475540759800117,12.0,1.0,0.0,1.0,1.0,0.0,1.0
16,100,2.804443498313866,9.768983079388644,0.0,0.0,1.0,0.0,0.0,0.0
17,100,11.881445519856786,6.977964808645659,0.0,0.0,1.0,0.0,1.0,1.0
18,100,0.0517490085340173,9.498581264249877e-08,0.0,1.0,1.0,1.0,0.0,0.0
19,100,11.431032233772155,6.776293378846668,0.0,0.0,0.0,0.0,0.0,0.0
20,100,10.37489475168405,1.3670081725522496,1.0,1.0,1.0,0.0,1.0,0.0
21,100,10.312638209715365,10.743405880364262,0.0,1.0,1.0,0.0,0.0,1.0
22,100,0.877815307316595,2.560876125831247,1.0,0.0,1.0,1.0,1.0,0.0
23,100,0.1628721484987758,5.650998912145004,0.0,0.0,1.0,0.0,0.0,0.0
24,100,10.669571232622417,0.0,1.0,0.0,1.0,1.0,0.0,0.0
25,100,8.906093584501702,5.317429194910141,1.0,1.0,0.0,1.0,0.0,0.0
26,100,4.017968262412225,1.5472907243603085,1.0,0.0,1.0,0.0,1.0,1.0
27,100,7.203583091519977,6.99416346531718,1.0,0.0,0.0,0.0,0.0,1.0
28,100,12.0,2.0109323428389274,0.0,0.0,0.0,0.0,1.0,0.0
29,100,9.857092829850002,7.1832786537986815,0.0,0.0,0.0,1.0,1.0,0.0
30,100,11.74887832210967,0.0,1.0,1.0,1.0,0.0,1.0,0.0
31,100,1.9144415793935885,3.7746364471693625,1.0,0.0,0.0,1.0,0.0,1.0
32,100,6.195356975082169,10.692086281596357,0.0,0.0,0.0,0.0,0.0,0.0
33,100,9.885610370013554,3.364107246115221,1.0,1.0,1.0,1.0,1.0,0.0
34,100,2.9260348675872927,10.778464536870514,1.0,1.0,0.0,1.0,0.0,0.0
35,100,1.937609088109912,11.221614316405445,0.0,1.0,0.0,0.0,0.0,0.0
36,100,8.386530998770699,12.0,0.0,1.0,0.0,0.0,1.0,0.0
37,100,1.912918387958459,4.799221984679098,0.0,0.0,0.0,1.0,0.0,0.0
38,100,11.39636663810467,11.0303665193714,0.0,1.0,0.0,0.0,0.0,1.0
39,100,7.460063753453148,4.392202204542582,1.0,0.0,1.0,0.0,0.0,1.0
0,105,11.914870165274802,9.81834365432636,0.0,1.0,0.0,0.0,1.0,0.0
1,105,4.522036802881322,10.757999375599326,0.0,1.0,0.0,0.0,0.0,0.0
2,105,9.978643859311983,5.339182332710969,1.0,0.0,0.0,1.0,1.0,0.0
3,105,3.608103471445903,8.719755940302484,0.0,0.0,0.0,1.0,1.0,1.0
4,105,1.99818526917265,0.9817351774988136,0.0,0.0,0.0,0.0,1.0,1.0
5,105,3.8631001845819695,3.0160898735551536,0.0,0.0,0.0,1.0,1.0,1.0
6,105,8.097033490212366,1.3074427973014255,1.0,1.0,0.0,0.0,0.0,1.0
7,105,7.413985997835642,1.8935273423310908,0.0,0.0,0.0,0.0,0.0,0.0
8,105,10.044613991251826,3.4334055514570805,0.0,0.0,1.0,0.0,1.0,1.0
9,105,0.0,1.9072157233880205,1.0,0.0,0.0,1.0,0.0,1.0
10,105,12.0,8.903367929326116,0.0,1.0,1.0,1.0,1.0,0.0
11,105,3.24445166231567,1.5669756183201484,1.0,0.0,1.0,0.0,0.0,0.0
12,105,11.056964689890386,12.0,1.0,0.0,1.0,1.0,0.0,1.0
13,105,4.370242794874515,5.676607448890094,0.0,1.0,0.0,1.0,1.0,1.0
14,105,5.682761468521074,0.3962814894988766,0.0,1.0,0.0,0.0,0.0,0.0
15,105,0.5619825535283237,12.0,1.0,0.0,1.0,1.0,0.0,1.0
16,105,2.7854816573475225,9.97795135238731,0.0,0.0,1.0,0.0,0.0,0.0
17,105,11.836274600245485,6.97580515372334,0.0,0.0,1.0,0.0,1.0,1.0
18,105,0.0690444891937162,0.0,0.0,1.0,1.0,1.0,0.0,0.0
19,105,11.45139847903689,6.867101338819819,0.0,0.0,0.0,0.0,0.0,0.0
20,105,10.474871938320156,1.3850571877065674,1.0,1.0,1.0,0.0,1.0,0.0
21,105,10.320336377243748,10.715408145719438,0.0,1.0,1.0,0.0,0.0,1.0
22,105,0.8113830014619917,2.6520402195349995,1.0,0.0,1.0,1.0,1.0,0.0
23,105,0.1638385735304007,5.647773252057029,0.0,0.0,1.0,0.0,0.0,0.0
24,105,10.697107413441888,0.0,1.0,0.0,1.0,1.0,0.0,0.0
25,105,8.915435629039843,5.438695657803216,1.0,1.0,0.0,1.0,0.0,0.0
26,105,4.061741817219742,1.5199627851027986,1.0,0.0,1.0,0.0,1.0,1.0
27,105,7.239161133817815,6.9917432957222445,1.0,0.0,0.0,0.0,0.0,1.0
28,105,12.0,2.117214016717373,0.0,0.0,0.0,0.0,1.0,0.0
29,105,9.837058964167356,7.207837486125657,0.0,0.0,0.0,1.0,1.0,0.0
30,105,11.799316832925118,0.0,1.0,1.0,1.0,0.0,1.0,0.0
31,105,1.9689287637311768,3.869356201167824,1.0,0.0,0.0,1.0,0.0,1.0
32,105,6.108667941357713,10.663673074243626,0.0,0.0,0.0,0.0,0.0,0.0
33,105,9.975598572476075,3.386342357597901,1.0,1.0,1.0,1.0,1.0,0.0
34,105,2.8457152034996565,10.684681014494492,1.0,1.0,0.0,1.0,0.0,0.0
35,105,1.92774400636125,11.111216645875023,0.0,1.0,0.0,0.0,0.0,0.0
36,105,8.256115996562889,12.0,0.0,1.0,0.0,0.0,1.0,0.0
37,105,1.9036345499914975,4.751956314038603,0.0,0.0,0.0,1.0,0.0,0.0
38,105,11.35803394394489,11.088257698466574,0.0,1.0,0.0,0.0,0.0,1.0
39,105,7.426235508693755,4.53026236028103,1.0,0.0,1.0,0.0,0.0,1.0
0,110,11.925863089788882,9.810019914025988,0.0,1.0,0.0,0.0,1.0,0.0
1,110,4.46265086413236,10.789144453234652,0.0,1.0,0.0,0.0,0.0,0.0
2,110,10.012375775585276,5.350587061403552,1.0,0.0,0.0,1.0,1.0,0.0
3,110,3.577090693649083,8.637805231248533,0.0,0.0,0.0,1.0,1.0,1.0
4,110,1.9672928426242509,0.979871222326292,0.0,0.0,0.0,0.0,1.0,1.0
5,110,3.755037331078859,3.031502202859216,0.0,0.0,0.0,1.0,1.0,1.0
6,110,8.152894503102559,1.374110040657925,1.0,1.0,0.0,0.0,0.0,1.0
7,110,7.495866646335296,1.7739886317245233,0.0,0.0,0.0,0.0,0.0,0.0
8,110,9.969479767453338,3.5971970345160584,0.0,0.0,1.0,0.0,1.0,1.0
9,110,0.0,1.954802410285732,1.0,0.0,0.0,1.0,0.0,1.0
10,110,12.0,8.920789871976648,0.0,1.0,1.0,1.0,1.0,0.0
11,110,3.2088937401453483,1.572416711035672,1.0,0.0,1.0,0.0,0.0,0.0
12,110,11.06062077752486,12.0,1.0,0.0,1.0,1.0,0.0,1.0
13,110,4.250216105819031,5.6479353655321365,0.0,1.0,0.0,1.0,1.0,1.0
14,110,5.546507078993471,0.284404917524957,0.0,1.0,0.0,0.0,0.0,0.0
15,110,0.4760263686571904,12.0,1.0,0.0,1.0,1.0,0.0,1.0
16,110,2.770242805976705,10.17802874650876,0.0,0.0,1.0,0.0,0.0,0.0
17,110,11.770951502479058,6.972742868576778,0.0,0.0,1.0,0.0,1.0,1.0
18,110,0.102331695049075,0.0,0.0,1.0,1.0,1.0,0.0,0.0
19,110,11.469624657601058,6.948884730618355,0.0,0.0,0.0,0.0,0.0,0.0
20,110,10.58437392413805,1.4060134389306258,1.0,1.0,1.0,0.0,1.0,0.0
21,110,10.326815882597602,10.691115570803152,0.0,1.0,1.0,0.0,0.0,1.0
22,110,0.7421103786757022,2.742168047342239,1.0,0.0,1.0,1.0,1.0,0.0
23,110,0.1684533882074043,5.631119556231543,0.0,0.0,1.0,0.0,0.0,0.0
24,110,10.73056388945653,0.0,1.0,0.0,1.0,1.0,0.0,0.0
25,110,8.921328695127288,5.56965474176175,1.0,1.0,0.0,1.0,0.0,0.0
26,110,4.113875680225688,1.489269640184301,1.0,0.0,1.0,0.0,1.0,1.0
27,110,7.277326218075439,6.988566084779744,1.0,0.0,0.0,0.0,0.0,1.0
28,110,12.0,2.224703001702441,0.0,0.0,0.0,0.0,1.0,0.0
29,110,9.819659287915458,7.229762268310291,0.0,0.0,0.0,1.0,1.0,0.0
30,110,11.848588991511068,0.0,1.0,1.0,1.0,0.0,1.0,0.0
31,110,2.0154707712105355,3.949005316834768,1.0,0.0,0.0,1.0,0.0,1.0
32,110,6.030828709466845,10.63837023730778,0.0,0.0,0.0,0.0,0.0,0.0
33,110,10.048341768696949,3.404797484815138,1.0,1.0,1.0,1.0,1.0,0.0
34,110,2.7666493040096314,10.592081826530393,1.0,1.0,0.0,1.0,0.0,0.0
35,110,1.920446957840348,10.98606350757792,0.0,1.0,0.0,0.0,0.0,0.0
36,110,8.151435033341034,12.0,0.0,1.0,0.0,0.0,1.0,0.0
37,110,1.8944030022006315,4.694890795063588,0.0,0.0,0.0,1.0,0.0,0.0
38,110,11.314831359668604,11.15396897372912,0.0,1.0,0.0,0.0,0.0,1.0
39,110,7.394538863617991,4.659224428608568,1.0,0.0,1.0,0.0,0.0,1.0
0,115,11.95960471264972,9.784379510897187,0.0,1.0,0.0,0.0,1.0,0.0
1,115,4.408660107699764,10.817623397876751,0.0,1.0,0.0,0.0,0.0,0.0
2,115,10.053530742431253,5.3666780605353255,1.0,0.0,0.0,1.0,1.0,0.0
3,115,3.5415234484552194,8.548494969804134,0.0,0.0,0.0,1.0,1.0,1.0
4,115,1.9469239266399956,0.979086766565948,0.0,0.0,0.0,0.0,1.0,1.0
5,115,3.6473373233441184,3.048021572829068,0.0,0.0,0.0,1.0,1.0,1.0
6,115,8.213951936090234,1.4392702732625249,1.0,1.0,0.0,0.0,0.0,1.0
7,115,7.577163569718148,1.6488722037865535,0.0,0.0,0.0,0.0,0.0,0.0
8,115,9.89184968801818,3.7638403912742886,0.0,0.0,1.0,0.0,1.0,1.0
9,115,0.0,2.004279512190022,1.0,0.0,0.0,1.0,0.0,1.0
10,115,12.0,8.946561538467558,0.0,1.0,1.0,1.0,1.0,0.0
11,115,3.160185198090988,1.578942307853903,1.0,0.0,1.0,0.0,0.0,0.0
12,115,11.068379292264144,12.0,1.0,0.0,1.0,1.0,0.0,1.0
13,115,4.143741096771646,5.624400630257265,0.0,1.0,0.0,1.0,1.0,1.0
14,115,5.403344437466624,0.1661161014173793,0.0,1.0,0.0,0.0,0.0,0.0
15,115,0.4165964465744542,12.0,1.0,0.0,1.0,1.0,0.0,1.0
16,115,2.7526338772386723,10.412872086423109,0.0,0.0,1.0,0.0,0.0,0.0
17,115,11.713396682496253,6.970484007249823,0.0,0.0,1.0,0.0,1.0,1.0
18,115,0.1332373919602309,0.0,0.0,1.0,1.0,1.0,0.0,0.0
19,115,11.489043509700336,7.040049676459671,0.0,0.0,0.0,0.0,0.0,0.0
20,115,10.71400960524229,1.4332803917769248,1.0,1.0,1.0,0.0,1.0,0.0
21,115,10.33692245816706,10.651722901324847,0.0,1.0,1.0,0.0,0.0,1.0
22,115,0.6708902174223589,2.838885277302827,1.0,0.0,1.0,1.0,1.0,0.0
23,115,0.1757507244388542,5.605101266304024,0.0,0.0,1.0,0.0,0.0,0.0
24,115,10.765210530937166,0.0,1.0,0.0,1.0,1.0,0.0,0.0
25,115,8.92681183937378,5.694781138439036,1.0,1.0,0.0,1.0,0.0,0.0
26,115,4.169426560448317,1.4566140116815964,1.0,0.0,1.0,0.0,1.0,1.0
27,115,7.316194742295309,6.985040242535158,1.0,0.0,0.0,0.0,0.0,1.0
28,115,12.0,2.31119025324254,0.0,0.0,0.0,0.0,1.0,0.0
29,115,9.799101180332244,7.255496149560378,0.0,0.0,0.0,1.0,1.0,0.0
30,115,11.900439446789704,0.0,1.0,1.0,1.0,0.0,1.0,0.0
31,115,2.0459963802526757,4.000554255166533,1.0,0.0,0.0,1.0,0.0,1.0
32,115,5.939707201032974,10.607304106327984,0.0,0.0,0.0,0.0,0.0,0.0
33,115,10.118176688032516,3.422123424648821,1.0,1.0,1.0,1.0,1.0,0.0
34,115,2.682993161831027,10.486832675926951,1.0,1.0,0.0,1.0,0.0,0.0
35,115,1.9119504410755908,10.843089146519102,0.0,1.0,0.0,0.0,0.0,0.0
36,115,8.06181012941629,12.0,0.0,1.0,0.0,0.0,1.0,0.0
37,115,1.887340734916019,4.650475614801069,0.0,0.0,0.0,1.0,0.0,0.0
38,115,11.258637530271054,11.241177664927347,0.0,1.0,0.0,0.0,0.0,1.0
39,115,7.359743912224097,4.784928423057023,1.0,0.0,1.0,0.0,0.0,1.0
0,120,11.977577445125489,9.771828723615169,0.0,1.0,0.0,0.0,1.0,0.0
1,120,4.3273877671256535,10.856772831230954,0.0,1.0,0.0,0.0,0.0,0.0
2,120,10.074744821101342,5.375196144586978,1.0,0.0,0.0,1.0,1.0,0.0
3,120,3.5020049283166776,8.442510543092537,0.0,0.0,0.0,1.0,1.0,1.0
4,120,1.9590542813896576,0.9791996784245084,0.0,0.0,0.0,0.0,1.0,1.0
5,120,3.5525896934110626,3.060599291108065,0.0,0.0,0.0,1.0,1.0,1.0
6,120,8.279973377157319,1.5107979356213832,1.0,1.0,0.0,0.0,0.0,1.0
7,120,7.667739612471112,1.51354639142952,0.0,0.0,0.0,0.0,0.0,0.0
8,120,9.808075851264311,3.9307474865766174,0.0,0.0,1.0,0.0,1.0,1.0
9,120,0.0,2.049085707787773,1.0,0.0,0.0,1.0,0.0,1.0
10,120,12.0,8.976984287468156,0.0,1.0,1.0,1.0,1.0,0.0
11,120,3.12768633610914,1.58290367955045,1.0,0.0,1.0,0.0,0.0,0.0
12,120,11.08133898904299,12.0,1.0,0.0,1.0,1.0,0.0,1.0
13,120,4.0535936109800375,5.605673381700581,0.0,1.0,0.0,1.0,1.0,1.0
14,120,5.260400568858673,0.0472401430812069,0.0,1.0,0.0,0.0,0.0,0.0
15,120,0.3546802523601131,12.0,1.0,0.0,1.0,1.0,0.0,1.0
16,120,2.736940639432241,10.630393071565004,0.0,0.0,1.0,0.0,0.0,0.0
17,120,11.659667466540077,6.9677909548012025,0.0,0.0,1.0,0.0,1.0,1.0
18,120,0.1550549075955221,0.0,0.0,1.0,1.0,1.0,0.0,0.0
19,120,11.503681435096858,7.107814569326632,0.0,0.0,0.0,0.0,0.0,0.0
20,120,10.844955279545278,1.462328554998426,1.0,1.0,1.0,0.0,1.0,0.0
21,120,10.344736903977982,10.621538851599508,0.0,1.0,1.0,0.0,0.0,1.0
22,120,0.6073728240649404,2.925715618068696,1.0,0.0,1.0,1.0,1.0,0.0
23,120,0.1878864421883382,5.559259028815976,0.0,0.0,1.0,0.0,0.0,0.0
24,120,10.80290172878901,0.0,1.0,0.0,1.0,1.0,0.0,0.0
25,120,8.933203763646524,5.819147614148041,1.0,1.0,0.0,1.0,0.0,0.0
26,120,4.236281478617183,1.417270895769284,1.0,0.0,1.0,0.0,1.0,1.0
27,120,7.328788605939382,6.9839920259904975,1.0,0.0,0.0,0.0,0.0,1.0
28,120,12.0,2.412286783484774,0.0,0.0,0.0,0.0,1.0,0.0
29,120,9.783070547181884,7.275559623414025,0.0,0.0,0.0,1.0,1.0,0.0
30,120,11.955303779610087,0.0,1.0,1.0,1.0,0.0,1.0,0.0
31,120,2.082844236303133,4.063974028263992,1.0,0.0,0.0,1.0,0.0,1.0
32,120,5.856402841340011,10.579531670119373,0.0,0.0,0.0,0.0,0.0,0.0
33,120,10.180492107878356,3.4378485384979323,1.0,1.0,1.0,1.0,1.0,0.0
34,120,2.599554121683787,10.379882384942016,1.0,1.0,0.0,1.0,0.0,0.0
35,120,1.9066636705358535,10.695020900507531,0.0,1.0,0.0,0.0,0.0,0.0
36,120,7.993056124548918,12.0,0.0,1.0,0.0,0.0,1.0,0.0
37,120,1.8800693428517232,4.607018401173578,0.0,0.0,0.0,1.0,0.0,0.0
38,120,11.202316354377258,11.329729641112715,0.0,1.0,0.0,0.0,0.0,1.0
39,120,7.325792398091536,4.918414744867526,1.0,0.0,1.0,0.0,0.0,1.0
0,125,11.988180207317033,9.764180001156207,0.0,1.0,0.0,0.0,1.0,0.0
1,125,4.252912805983082,10.892359477458667,0.0,1.0,0.0,0.0,0.0,0.0
2,125,10.100192829127714,5.385185547180281,1.0,0.0,0.0,1.0,1.0,0.0
3,125,3.456114718950054,8.316112325099155,0.0,0.0,0.0,1.0,1.0,1.0
4,125,1.9925963481521172,0.9798698767801716,0.0,0.0,0.0,0.0,1.0,1.0
5,125,3.4534919931165664,3.07162174812656,0.0,0.0,0.0,1.0,1.0,1.0
6,125,8.354846422773395,1.590691767500484,1.0,1.0,0.0,0.0,0.0,1.0
7,125,7.770669742478151,1.3607796103328291,0.0,0.0,0.0,0.0,0.0,0.0
8,125,9.713897051053335,4.107860126831412,0.0,0.0,1.0,0.0,1.0,1.0
9,125,0.0,2.1181059001326967,1.0,0.0,0.0,1.0,0.0,1.0
10,125,12.0,9.01027740282427,0.0,1.0,1.0,1.0,1.0,0.0
11,125,3.116982833352234,1.5843990995866797,1.0,0.0,1.0,0.0,0.0,0.0
12,125,11.095211288067237,12.0,1.0,0.0,1.0,1.0,0.0,1.0
13,125,3.9611017284187136,5.584104875938614,0.0,1.0,0.0,1.0,1.0,1.0
14,125,5.119260979820748,0.0,0.0,1.0,0.0,0.0,0.0,0.0
15,125,0.2825686143670391,12.0,1.0,0.0,1.0,1.0,0.0,1.0
16,125,2.7267724555207136,10.833752861606463,0.0,0.0,1.0,0.0,0.0,0.0
17,125,11.625663081110549,6.966263203878014,0.0,0.0,1.0,0.0,1.0,1.0
18,125,0.202837724037937,0.0,0.0,1.0,1.0,1.0,0.0,0.0
19,125,11.517114032275757,7.167238161999687,0.0,0.0,0.0,0.0,0.0,0.0
20,125,10.963638892856505,1.493667194352319,1.0,1.0,1.0,0.0,1.0,0.0
21,125,10.344369098647292,10.623073564208804,0.0,1.0,1.0,0.0,0.0,1.0
22,125,0.5548700421108337,2.995845358828293,1.0,0.0,1.0,1.0,1.0,0.0
23,125,0.1962470316207827,5.527460477019289,0.0,0.0,1.0,0.0,0.0,0.0
24,125,10.84546966279121,0.0,1.0,0.0,1.0,1.0,0.0,0.0
25,125,8.941949248743278,5.958903117514054,1.0,1.0,0.0,1.0,0.0,0.0
26,125,4.276350018065249,1.395044854292798,1.0,0.0,1.0,0.0,1.0,1.0
27,125,7.341713365193955,6.982834835889867,1.0,0.0,0.0,0.0,0.0,1.0
28,125,12.0,2.5081641669588204,0.0,0.0,0.0,0.0,1.0,0.0
29,125,9.758235950796536,7.307193933509579,0.0,0.0,0.0,1.0,1.0,0.0
30,125,12.0,0.0,1.0,1.0,1.0,0.0,1.0,0.0
31,125,2.12076814444641,4.135673237833601,1.0,0.0,0.0,1.0,0.0,1.0
32,125,5.791871155873328,10.558431466807804,0.0,0.0,0.0,0.0,0.0,0.0
33,125,10.251708507052452,3.45759487135246,1.0,1.0,1.0,1.0,1.0,0.0
34,125,2.505897853162537,10.260866311972228,1.0,1.0,0.0,1.0,0.0,0.0
35,125,1.898644124158674,10.555214911572785,0.0,1.0,0.0,0.0,0.0,0.0
36,125,7.918270196130018,12.0,0.0,1.0,0.0,0.0,1.0,0.0
37,125,1.872747293256081,4.567592808356242,0.0,0.0,0.0,1.0,0.0,0.0
38,125,11.146393950645209,11.42091480774564,0.0,1.0,0.0,0.0,0.0,1.0
39,125,7.296400805124073,5.031109133406176,1.0,0.0,1.0,0.0,0.0,1.0
0,130,11.998268146081276,9.757215869112953,0.0,1.0,0.0,0.0,1.0,0.0
1,130,4.1859613440336405,10.92445974271179,0.0,1.0,0.0,0.0,0.0,0.0
2,130,10.11415391165654,5.390832608404626,1.0,0.0,0.0,1.0,1.0,0.0
3,130,3.405182257540782,8.181521099349105,0.0,0.0,0.0,1.0,1.0,1.0
4,130,2.0448132302641318,0.9787727826067132,0.0,0.0,0.0,0.0,1.0,1.0
5,130,3.355148801219317,3.080767307903594,0.0,0.0,0.0,1.0,1.0,1.0
6,130,8.424796364166053,1.6650387995537037,1.0,1.0,0.0,0.0,0.0,1.0
7,130,7.881314098858848,1.2013353163851384,0.0,0.0,0.0,0.0,0.0,0.0
8,130,9.61591523883303,4.287274208066908,0.0,0.0,1.0,0.0,1.0,1.0
9,130,0.0,2.187937011016688,1.0,0.0,0.0,1.0,0.0,1.0
10,130,12.0,9.044128049357626,0.0,1.0,1.0,1.0,1.0,0.0
11,130,3.119991232049359,1.5840429833678875,1.0,0.0,1.0,0.0,0.0,0.0
12,130,11.109078095532452,12.0,1.0,0.0,1.0,1.0,0.0,1.0
13,130,3.886407832172822,5.568195506125712,0.0,1.0,0.0,1.0,1.0,1.0
14,130,4.975319523182857,0.0,0.0,1.0,0.0,0.0,0.0,0.0
15,130,0.219778496156263,12.0,1.0,0.0,1.0,1.0,0.0,1.0
16,130,2.7120857743155606,11.032915982412623,0.0,0.0,1.0,0.0,0.0,0.0
17,130,11.594335943616592,6.964950066665296,0.0,0.0,1.0,0.0,1.0,1.0
18,130,0.2650040542373396,0.0,0.0,1.0,1.0,1.0,0.0,0.0
19,130,11.52575517786902,7.211425366780907,0.0,0.0,0.0,0.0,0.0,0.0
20,130,11.0709964588746,1.521158157970371,1.0,1.0,1.0,0.0,1.0,0.0
21,130,10.344745432248883,10.621516901209183,0.0,1.0,1.0,0.0,0.0,1.0
22,130,0.4898019285591569,3.080858395533043,1.0,0.0,1.0,1.0,1.0,0.0
23,130,0.2047511315067549,5.49616169401332,0.0,0.0,1.0,0.0,0.0,0.0
24,130,10.882447727801509,0.0,1.0,0.0,1.0,1.0,0.0,0.0
25,130,8.95455042559041,6.118482206202565,1.0,1.0,0.0,1.0,0.0,0.0
26,130,4.307958658034332,1.3783595506207444,1.0,0.0,1.0,0.0,1.0,1.0
27,130,7.347483494141544,6.982155115971066,1.0,0.0,0.0,0.0,0.0,1.0
28,130,12.0,2.613611950338555,0.0,0.0,0.0,0.0,1.0,0.0
29,130,9.734663960869709,7.336894874189744,0.0,0.0,0.0,1.0,1.0,0.0
30,130,12.0,0.0,1.0,1.0,1.0,0.0,1.0,0.0
31,130,2.1576870245716653,4.204207130257538,1.0,0.0,0.0,1.0,0.0,1.0
32,130,5.741538997693175,10.541329384873752,0.0,0.0,0.0,0.0,0.0,0.0
33,130,10.336636721360284,3.481963927725753,1.0,1.0,1.0,1.0,1.0,0.0
34,130,2.401079429713441,10.132006156475557,1.0,1.0,0.0,1.0,0.0,0.0
35,130,1.8881619967271197,10.42871635374455,0.0,1.0,0.0,0.0,0.0,0.0
36,130,7.852225151324337,12.0,0.0,1.0,0.0,0.0,1.0,0.0
37,130,1.8667228517496883,4.533363316813722,0.0,0.0,0.0,1.0,0.0,0.0
38,130,11.087885334967574,11.517142317325057,0.0,1.0,0.0,0.0,0.0,1.0
39,130,7.272753676773541,5.122233303764379,1.0,0.0,1.0,0.0,0.0,1.0
0,135,12.0,9.740345873220098,0.0,1.0,0.0,0.0,1.0,0.0
1,135,4.11078329523036,10.963180016771416,0.0,1.0,0.0,0.0,0.0,0.0
2,135,10.089121027580262,5.38114861279436,1.0,0.0,0.0,1.0,1.0,0.0
3,135,3.3490475439728598,8.042810500609162,0.0,0.0,0.0,1.0,1.0,1.0
4,135,2.0919972467769243,0.9780265857933638,0.0,0.0,0.0,0.0,1.0,1.0
5,135,3.248924516109628,3.091383374522487,0.0,0.0,0.0,1.0,1.0,1.0
6,135,8.516778255109122,1.7607380027023607,1.0,1.0,0.0,0.0,0.0,1.0
7,135,7.978413950968904,1.063124213488051,0.0,0.0,0.0,0.0,0.0,0.0
8,135,9.513631612506812,4.46338402889293,0.0,0.0,1.0,0.0,1.0,1.0
9,135,0.0,2.2567945950252826,1.0,0.0,0.0,1.0,0.0,1.0
10,135,12.0,9.085999526805532,0.0,1.0,1.0,1.0,1.0,0.0
11,135,3.1198082852369806,1.5840651214810806,1.0,0.0,1.0,0.0,0.0,0.0
12,135,11.133606696226956,12.0,1.0,0.0,1.0,1.0,0.0,1.0
13,135,3.798401245171032,5.548317549996479,0.0,1.0,0.0,1.0,1.0,1.0
14,135,4.841797740614193,0.0,0.0,1.0,0.0,0.0,0.0,0.0
15,135,0.1515294785101474,12.0,1.0,0.0,1.0,1.0,0.0,1.0
16,135,2.687370740385877,11.241608899822806,0.0,0.0,1.0,0.0,0.0,0.0
17,135,11.5590715767834,6.963712749617307,0.0,0.0,1.0,0.0,1.0,1.0
18,135,0.3252279817311748,0.0,0.0,1.0,1.0,1.0,0.0,0.0
19,135,11.536557623645017,7.271994680460063,0.0,0.0,0.0,0.0,0.0,0.0
20,135,11.19474915800437,1.551340652125757,1.0,1.0,1.0,0.0,1.0,0.0
21,135,10.345992000022944,10.616142418134592,0.0,1.0,1.0,0.0,0.0,1.0
22,135,0.4212716880438258,3.1722901545243563,1.0,0.0,1.0,1.0,1.0,0.0
23,135,0.2088547743252803,5.481513991311763,0.0,0.0,1.0,0.0,0.0,0.0
24,135,10.923598920583808,0.0,1.0,0.0,1.0,1.0,0.0,0.0
25,135,8.963183367715178,6.266827249138715,1.0,1.0,0.0,1.0,0.0,0.0
26,135,4.353088555510633,1.353417293836458,1.0,0.0,1.0,0.0,1.0,1.0
27,135,7.344242672691292,6.954636403118389,1.0,0.0,0.0,0.0,0.0,1.0
28,135,12.0,2.703372175027158,0.0,0.0,0.0,0.0,1.0,0.0
29,135,9.720910057317049,7.354421378188271,0.0,0.0,0.0,1.0,1.0,0.0
30,135,12.0,0.0,1.0,1.0,1.0,0.0,1.0,0.0
31,135,2.182946400539364,4.251151182869657,1.0,0.0,0.0,1.0,0.0,1.0
32,135,5.704549382810973,10.528557393357575,0.0,0.0,0.0,0.0,0.0,0.0
33,135,10.412652725622245,3.504980052664548,1.0,1.0,1.0,1.0,1.0,0.0
34,135,2.2934332931792247,9.998373354369306,1.0,1.0,0.0,1.0,0.0,0.0
35,135,1.8811191429937857,10.32003635095391,0.0,1.0,0.0,0.0,0.0,0.0
36,135,7.7664879225780465,12.0,0.0,1.0,0.0,0.0,1.0,0.0
37,135,1.859660424946572,4.492262295852498,0.0,0.0,0.0,1.0,0.0,0.0
38,135,11.026898325154878,11.620550225352424,0.0,1.0,0.0,0.0,0.0,1.0
39,135,7.248565507009204,5.224160767366486,1.0,0.0,1.0,0.0,0.0,1.0
0,140,11.99363948027353,9.744279429576723,0.0,1.0,0.0,0.0,1.0,0.0
1,140,4.051622554349858,10.992636359817732,0.0,1.0,0.0,0.0,0.0,0.0
2,140,10.048713086860229,5.367142211433321,1.0,0.0,0.0,1.0,1.0,0.0
3,140,3.2864525060595056,7.889753643798317,0.0,0.0,0.0,1.0,1.0,1.0
4,140,2.150241356923056,0.9772842078772798,0.0,0.0,0.0,0.0,1.0,1.0
5,140,3.151599321751521,3.1024452426397056,0.0,0.0,0.0,1.0,1.0,1.0
6,140,8.611004478659284,1.856333622484563,1.0,1.0,0.0,0.0,0.0,1.0
7,140,8.07345926622551,0.9270956690805586,0.0,0.0,0.0,0.0,0.0,0.0
8,140,9.417386620156297,4.639369030379172,0.0,0.0,1.0,0.0,1.0,1.0
9,140,0.0,2.3186371265630568,1.0,0.0,0.0,1.0,0.0,1.0
10,140,12.0,9.121016826476923,0.0,1.0,1.0,1.0,1.0,0.0
11,140,3.126730089021708,1.5832345483820796,1.0,0.0,1.0,0.0,0.0,0.0
12,140,11.155914269511769,12.0,1.0,0.0,1.0,1.0,0.0,1.0
13,140,3.7211070823768337,5.531493427117479,0.0,1.0,0.0,1.0,1.0,1.0
14,140,4.695686031611697,0.0,0.0,1.0,0.0,0.0,0.0,0.0
15,140,0.0844515375709017,12.0,1.0,0.0,1.0,1.0,0.0,1.0
16,140,2.6660992973796693,11.452266870558764,0.0,0.0,1.0,0.0,0.0,0.0
17,140,11.525148496731518,6.962040782101138,0.0,0.0,1.0,0.0,1.0,1.0
18,140,0.3715371575859139,0.0,0.0,1.0,1.0,1.0,0.0,0.0
19,140,11.54737189172077,7.325852995454896,0.0,0.0,0.0,0.0,0.0,0.0
20,140,11.322714716634758,1.581513283748669,1.0,1.0,1.0,0.0,1.0,0.0
21,140,10.340985744722795,10.636257327844817,0.0,1.0,1.0,0.0,0.0,1.0
22,140,0.3669056414291864,3.246800681686165,1.0,0.0,1.0,1.0,1.0,0.0
23,140,0.223880384372234,5.433460910163481,0.0,0.0,1.0,0.0,0.0,0.0
24,140,10.97197292933108,0.0,1.0,0.0,1.0,1.0,0.0,0.0
25,140,8.97238747149836,6.421540630053772,1.0,1.0,0.0,1.0,0.0,0.0
26,140,4.403241399138591,1.3279590700227153,1.0,0.0,1.0,0.0,1.0,1.0
27,140,7.341183345617338,6.92643422788129,1.0,0.0,0.0,0.0,0.0,1.0
28,140,12.0,2.7990472056410347,0.0,0.0,0.0,0.0,1.0,0.0
29,140,9.687231828574882,7.395388862586661,0.0,0.0,0.0,1.0,1.0,0.0
30,140,12.0,0.0,1.0,1.0,1.0,0.0,1.0,0.0
31,140,2.2116354370362794,4.303455741388016,1.0,0.0,0.0,1.0,0.0,1.0
32,140,5.682332556248761,10.520735955707275,0.0,0.0,0.0,0.0,0.0,0.0
33,140,10.4963686745812,3.531224993593479,1.0,1.0,1.0,1.0,1.0,0.0
34,140,2.191217699384281,9.8643152249944,1.0,1.0,0.0,1.0,0.0,0.0
35,140,1.8778487347949244,10.20564819194754,0.0,1.0,0.0,0.0,0.0,0.0
36,140,7.666167027736025,12.0,0.0,1.0,0.0,0.0,1.0,0.0
37,140,1.8513138316716515,4.44181384112517,0.0,0.0,0.0,1.0,0.0,0.0
38,140,10.97359891814554,11.720381583551516,0.0,1.0,0.0,0.0,0.0,1.0
39,140,7.217906848667579,5.351506898963983,1.0,0.0,1.0,0.0,0.0,1.0
0,145,11.994757808285286,9.74360360132574,0.0,1.0,0.0,0.0,1.0,0.0
1,145,3.98733675623458,11.023532790427248,0.0,1.0,0.0,0.0,0.0,0.0
2,145,10.022144176960175,5.358631544699799,1.0,0.0,0.0,1.0,1.0,0.0
3,145,3.221169314731877,7.728289887875955,0.0,0.0,0.0,1.0,1.0,1.0
4,145,2.224384754935382,0.9760853414250772,0.0,0.0,0.0,0.0,1.0,1.0
5,145,3.0737507755745,3.1133007998664053,0.0,0.0,0.0,1.0,1.0,1.0
6,145,8.706346539551928,1.9456123840908848,1.0,1.0,0.0,0.0,0.0,1.0
7,145,8.154785550541103,0.8099661208776457,0.0,0.0,0.0,0.0,0.0,0.0
8,145,9.33056641599396,4.794105144580008,0.0,0.0,1.0,0.0,1.0,1.0
9,145,0.0,2.3678008901884264,1.0,0.0,0.0,1.0,0.0,1.0
10,145,12.0,9.149811060556935,0.0,1.0,1.0,1.0,1.0,0.0
11,145,3.1314108876809086,1.5826194359533907,1.0,0.0,1.0,0.0,0.0,0.0
12,145,11.17753105621031,12.0,1.0,0.0,1.0,1.0,0.0,1.0
13,145,3.6646761967438257,5.5197897400706335,0.0,1.0,0.0,1.0,1.0,1.0
14,145,4.553664950709692,0.0,0.0,1.0,0.0,0.0,0.0,0.0
15,145,0.0162065272821006,12.0,1.0,0.0,1.0,1.0,0.0,1.0
16,145,2.64083253263436,11.656326887605948,0.0,0.0,1.0,0.0,0.0,0.0
17,145,11.48478703922128,6.959855122626405,0.0,0.0,1.0,0.0,1.0,1.0
18,145,0.4367971333200147,0.0,0.0,1.0,1.0,1.0,0.0,0.0
19,145,11.556998173598371,7.368800033710297,0.0,0.0,0.0,0.0,0.0,0.0
20,145,11.4672096183262,1.615123113161398,1.0,1.0,1.0,0.0,1.0,0.0
21,145,10.335599214675794,10.658201631988614,0.0,1.0,1.0,0.0,0.0,1.0
22,145,0.3103101480688762,3.324073541419175,1.0,0.0,1.0,1.0,1.0,0.0
23,145,0.235931187774694,5.39067737957056,0.0,0.0,1.0,0.0,0.0,0.0
24,145,11.028585352539032,0.0,1.0,0.0,1.0,1.0,0.0,0.0
25,145,8.981555431221256,6.576996519018233,1.0,1.0,0.0,1.0,0.0,0.0
26,145,4.444407784911709,1.3071242572943282,1.0,0.0,1.0,0.0,1.0,1.0
27,145,7.336267649970831,6.8823657554222,1.0,0.0,0.0,0.0,0.0,1.0
28,145,12.0,2.8870617868499884,0.0,0.0,0.0,0.0,1.0,0.0
29,145,9.648012459754458,7.4427320955658045,0.0,0.0,0.0,1.0,1.0,0.0
30,145,12.0,0.0,1.0,1.0,1.0,0.0,1.0,0.0
31,145,2.2520727307484707,4.3752651016383615,1.0,0.0,0.0,1.0,0.0,1.0
32,145,5.637401119699162,10.504803111018466,0.0,0.0,0.0,0.0,0.0,0.0
33,145,10.576624930332262,3.554646157242943,1.0,1.0,1.0,1.0,1.0,0.0
34,145,2.090642842953057,9.730813593971728,1.0,1.0,0.0,1.0,0.0,0.0
35,145,1.876576691342479,10.085593246884564,0.0,1.0,0.0,0.0,0.0,0.0
36,145,7.552758517805602,12.0,0.0,1.0,0.0,0.0,1.0,0.0
37,145,1.8436673040175409,4.394978482028479,0.0,0.0,0.0,1.0,0.0,0.0
38,145,10.918576888852945,11.824323664577928,0.0,1.0,0.0,0.0,0.0,1.0
39,145,7.190196621159395,5.48031365242495,1.0,0.0,1.0,0.0,0.0,1.0
0,150,12.0,9.736548947567911,0.0,1.0,0.0,0.0,1.0,0.0
1,150,3.910175174101838,11.06256795446914,0.0,1.0,0.0,0.0,0.0,0.0
2,150,10.012113880472272,5.355476443247206,1.0,0.0,0.0,1.0,1.0,0.0
3,150,3.157155970167235,7.558308439798207,0.0,0.0,0.0,1.0,1.0,1.0
4,150,2.3068409648196475,0.9767691718598605,0.0,0.0,0.0,0.0,1.0,1.0
5,150,2.996770657442896,3.1241611923314934,0.0,0.0,0.0,1.0,1.0,1.0
6,150,8.791207283226957,2.0276654840648187,1.0,1.0,0.0,0.0,0.0,1.0
7,150,8.228326294346429,0.6993569796909556,0.0,0.0,0.0,0.0,0.0,0.0
8,150,9.24533059642247,4.945433350889902,0.0,0.0,1.0,0.0,1.0,1.0
9,150,0.0,2.4314221060526124,1.0,0.0,0.0,1.0,0.0,1.0
10,150,12.0,9.177390738312116,0.0,1.0,1.0,1.0,1.0,0.0
11,150,3.140729715887621,1.5813251333266043,1.0,0.0,1.0,0.0,0.0,0.0
12,150,11.195274705805945,12.0,1.0,0.0,1.0,1.0,0.0,1.0
13,150,3.613162228024646,5.50827562163852,0.0,1.0,0.0,1.0,1.0,1.0
14,150,4.413000591644598,0.0,0.0,1.0,0.0,0.0,0.0,0.0
15,150,0.0,12.0,1.0,0.0,1.0,1.0,0.0,1.0
16,150,2.6179677755547086,11.840950152913411,0.0,0.0,1.0,0.0,0.0,0.0
17,150,11.434344331706596,6.956766088649333,0.0,0.0,1.0,0.0,1.0,1.0
18,150,0.5126506278904334,0.0,0.0,1.0,1.0,1.0,0.0,0.0
19,150,11.562158907450094,7.393234150610921,0.0,0.0,0.0,0.0,0.0,0.0
20,150,11.49730344164952,1.4818649736586726,1.0,1.0,1.0,0.0,1.0,0.0
21,150,10.329817161095322,10.682515664755025,0.0,1.0,1.0,0.0,0.0,1.0
22,150,0.2516992300390692,3.401942658434586,1.0,0.0,1.0,1.0,1.0,0.0
23,150,0.2512125788738744,5.3303123992494585,0.0,0.0,1.0,0.0,0.0,0.0
24,150,11.088955946266903,0.0,1.0,0.0,1.0,1.0,0.0,0.0
25,150,8.989453010949134,6.724379499580936,1.0,1.0,0.0,1.0,0.0,0.0
26,150,4.472822690006976,1.2931543828396896,1.0,0.0,1.0,0.0,1.0,1.0
27,150,7.330481282781746,6.828365317582859,1.0,0.0,0.0,0.0,0.0,1.0
28,150,12.0,2.989305642403545,0.0,0.0,0.0,0.0,1.0,0.0
29,150,9.608804456832166,7.491797336138985,0.0,0.0,0.0,1.0,1.0,0.0
30,150,12.0,0.0,1.0,1.0,1.0,0.0,1.0,0.0
31,150,2.290717394363019,4.443630713334957,1.0,0.0,0.0,1.0,0.0,1.0
32,150,5.615545388256107,10.496574137022863,0.0,0.0,0.0,0.0,0.0,0.0
33,150,10.66174856710246,3.58049915927974,1.0,1.0,1.0,1.0,1.0,0.0
34,150,1.9858228491545336,9.590610037402977,1.0,1.0,0.0,1.0,0.0,0.0
35,150,1.875078783139964,9.973330870530416,0.0,1.0,0.0,0.0,0.0,0.0
36,150,7.414643395970777,12.0,0.0,1.0,0.0,0.0,1.0,0.0
37,150,1.8349909450106403,4.339129285944491,0.0,0.0,0.0,1.0,0.0,0.0
38,150,10.855627466475614,11.9406777393477,0.0,1.0,0.0,0.0,0.0,1.0
39,150,7.162478121262155,5.612586456463642,1.0,0.0,1.0,0.0,0.0,1.0
0,155,12.0,9.72065490875341,0.0,1.0,0.0,0.0,1.0,0.0
1,155,3.845400957409302,11.096753394141787,0.0,1.0,0.0,0.0,0.0,0.0
2,155,9.98563683276793,5.3478385603102,1.0,0.0,0.0,1.0,1.0,0.0
3,155,3.097025152674675,7.397345065360218,0.0,0.0,0.0,1.0,1.0,1.0
4,155,2.3857662007628866,0.9758536470208584,0.0,0.0,0.0,0.0,1.0,1.0
5,155,2.9171117778888607,3.133589772194368,0.0,0.0,0.0,1.0,1.0,1.0
6,155,8.871788603327992,2.101563284494869,1.0,1.0,0.0,0.0,0.0,1.0
7,155,8.114602871517976,0.6213536733288259,0.0,0.0,0.0,0.0,0.0,0.0
8,155,9.163204774640974,5.092792314945999,0.0,0.0,1.0,0.0,1.0,1.0
9,155,0.0,2.497975798031464,1.0,0.0,0.0,1.0,0.0,1.0
10,155,12.0,9.21210471168193,0.0,1.0,1.0,1.0,1.0,0.0
11,155,3.141851349988356,1.5811781235866855,1.0,0.0,1.0,0.0,0.0,0.0
12,155,11.208677218694366,12.0,1.0,0.0,1.0,1.0,0.0,1.0
13,155,3.559436979373344,5.49776987252565,0.0,1.0,0.0,1.0,1.0,1.0
14,155,4.282271197799974,0.0,0.0,1.0,0.0,0.0,0.0,0.0
15,155,0.0,12.0,1.0,0.0,1.0,1.0,0.0,1.0
16,155,2.600569624394205,12.0,0.0,0.0,1.0,0.0,0.0,0.0
17,155,11.380578296226318,6.954257983811094,0.0,0.0,1.0,0.0,1.0,1.0
18,155,0.5923930659074289,0.0,0.0,1.0,1.0,1.0,0.0,0.0
19,155,11.565936163919028,7.411143860569772,0.0,0.0,0.0,0.0,0.0,0.0
20,155,11.528240608538797,1.349071178159046,1.0,1.0,1.0,0.0,1.0,0.0
21,155,10.32657272547624,10.695761631206675,0.0,1.0,1.0,0.0,0.0,1.0
22,155,0.1910873662905438,3.4870767338859934,1.0,0.0,1.0,1.0,1.0,0.0
23,155,0.2688801314026821,5.259098820692273,0.0,0.0,1.0,0.0,0.0,0.0
24,155,11.146983169181402,0.0,1.0,0.0,1.0,1.0,0.0,0.0
25,155,8.998441188727652,6.872702175328255,1.0,1.0,0.0,1.0,0.0,0.0
26,155,4.4954573634979935,1.2810455775149705,1.0,0.0,1.0,0.0,1.0,1.0
27,155,7.322492310023006,6.754490911423386,1.0,0.0,0.0,0.0,0.0,1.0
28,155,12.0,3.071522285649453,0.0,0.0,0.0,0.0,1.0,0.0
29,155,9.561705212582416,7.553683672647766,0.0,0.0,0.0,1.0,1.0,0.0
30,155,12.0,0.0,1.0,1.0,1.0,0.0,1.0,0.0
31,155,2.3297396450184653,4.514403139041217,1.0,0.0,0.0,1.0,0.0,1.0
32,155,5.5905624567700745,10.487153839567972,0.0,0.0,0.0,0.0,0.0,0.0
33,155,10.749425488222869,3.60606754128297,1.0,1.0,1.0,1.0,1.0,0.0
34,155,1.8859462711875776,9.451038658043576,1.0,1.0,0.0,1.0,0.0,0.0
35,155,1.874879187253268,9.849360316318608,0.0,1.0,0.0,0.0,0.0,0.0
36,155,7.28558844002833,12.0,0.0,1.0,0.0,0.0,1.0,0.0
37,155,1.8326991101652264,4.322887615431289,0.0,0.0,0.0,1.0,0.0,0.0
38,155,10.787715444369304,12.0,0.0,1.0,0.0,0.0,0.0,1.0
39,155,7.134160584558601,5.748964209628709,1.0,0.0,1.0,0.0,0.0,1.0
0,160,12.0,9.709831402673492,0.0,1.0,0.0,0.0,1.0,0.0
1,160,3.78956019363382,11.125038999911586,0.0,1.0,0.0,0.0,0.0,0.0
2,160,9.938219233560035,5.334527846535105,1.0,0.0,0.0,1.0,1.0,0.0
3,160,3.043214026332976,7.244529009006502,0.0,0.0,0.0,1.0,1.0,1.0
4,160,2.433567791409176,0.9761459167412182,0.0,0.0,0.0,0.0,1.0,1.0
5,160,2.8225896952779888,3.1465971032665667,0.0,0.0,0.0,1.0,1.0,1.0
6,160,8.948545519086178,2.1742121885809294,1.0,1.0,0.0,0.0,0.0,1.0
7,160,7.996253875909471,0.5427293499632824,0.0,0.0,0.0,0.0,0.0,0.0
8,160,9.085176975959616,5.232785781030581,0.0,0.0,1.0,0.0,1.0,1.0
9,160,0.0,2.56013540591413,1.0,0.0,0.0,1.0,0.0,1.0
10,160,12.0,9.24832693372014,0.0,1.0,1.0,1.0,1.0,0.0
11,160,3.145167004696772,1.5806927121685836,1.0,0.0,1.0,0.0,0.0,0.0
12,160,11.165470975818968,12.0,1.0,0.0,1.0,1.0,0.0,1.0
13,160,3.501972196219707,5.485363428271852,0.0,1.0,0.0,1.0,1.0,1.0
14,160,4.154796927940239,0.0,0.0,1.0,0.0,0.0,0.0,0.0
15,160,0.0,12.0,1.0,0.0,1.0,1.0,0.0,1.0
16,160,2.583279723368436,12.0,0.0,0.0,1.0,0.0,0.0,0.0
17,160,11.349436792199718,6.952833870014198,0.0,0.0,1.0,0.0,1.0,1.0
18,160,0.6594839834828382,0.0,0.0,1.0,1.0,1.0,0.0,0.0
19,160,11.566993435922088,7.415797049436265,0.0,0.0,0.0,0.0,0.0,0.0
20,160,11.55780643359014,1.21639789030398,1.0,1.0,1.0,0.0,1.0,0.0
21,160,10.327775917364674,10.689920100063532,0.0,1.0,1.0,0.0,0.0,1.0
22,160,0.1364975790347617,3.563961184381736,1.0,0.0,1.0,1.0,1.0,0.0
23,160,0.2886597999068783,5.17943929380962,0.0,0.0,1.0,0.0,0.0,0.0
24,160,11.200174289840936,0.0,1.0,0.0,1.0,1.0,0.0,0.0
25,160,9.007306583515668,7.013970351709665,1.0,1.0,0.0,1.0,0.0,0.0
26,160,4.521803409431289,1.2655378801542103,1.0,0.0,1.0,0.0,1.0,1.0
27,160,7.312352745743697,6.663005766711141,1.0,0.0,0.0,0.0,0.0,1.0
28,160,12.0,3.156371541144404,0.0,0.0,0.0,0.0,1.0,0.0
29,160,9.503928967965008,7.625916450460973,0.0,0.0,0.0,1.0,1.0,0.0
30,160,12.0,0.0,1.0,1.0,1.0,0.0,1.0,0.0
31,160,2.376692224679664,4.601927984851714,1.0,0.0,0.0,1.0,0.0,1.0
32,160,5.582958176442682,10.484110893772243,0.0,0.0,0.0,0.0,0.0,0.0
33,160,10.854080035536954,3.637247850588368,1.0,1.0,1.0,1.0,1.0,0.0
34,160,1.78963870786816,9.31647700073062,1.0,1.0,0.0,1.0,0.0,0.0
35,160,1.8753844187483348,9.711339913778758,0.0,1.0,0.0,0.0,0.0,0.0
36,160,7.162169152472871,12.0,0.0,1.0,0.0,0.0,1.0,0.0
37,160,1.8264071111046083,4.2807455603974285,0.0,0.0,0.0,1.0,0.0,0.0
38,160,10.723323186906528,12.0,0.0,1.0,0.0,0.0,0.0,1.0
39,160,7.104830139020734,5.883732027234574,1.0,0.0,1.0,0.0,0.0,1.0
0,165,12.0,9.702786758509705,0.0,1.0,0.0,0.0,1.0,0.0
1,165,3.7348513776358487,11.152491246992458,0.0,1.0,0.0,0.0,0.0,0.0
2,165,9.905814805676345,5.3256112459127545,1.0,0.0,0.0,1.0,1.0,0.0
3,165,2.972704497211872,7.061676762146375,0.0,0.0,0.0,1.0,1.0,1.0
4,165,2.4630737746189197,0.9768251345946376,0.0,0.0,0.0,0.0,1.0,1.0
5,165,2.719355013117053,3.160411804011827,0.0,0.0,0.0,1.0,1.0,1.0
6,165,9.011833913004187,2.234202931644833,1.0,1.0,0.0,0.0,0.0,1.0
7,165,7.879360937802825,0.4666048610129443,0.0,0.0,0.0,0.0,0.0,0.0
8,165,9.004604632736383,5.37725445990006,0.0,0.0,1.0,0.0,1.0,1.0
9,165,0.0,2.625435209897847,1.0,0.0,0.0,1.0,0.0,1.0
10,165,12.0,9.28083758022618,0.0,1.0,1.0,1.0,1.0,0.0
11,165,3.132964083822968,1.582522754850323,1.0,0.0,1.0,0.0,0.0,0.0
12,165,11.109552169526646,12.0,1.0,0.0,1.0,1.0,0.0,1.0
13,165,3.444963248694733,5.469984737688792,0.0,1.0,0.0,1.0,1.0,1.0
14,165,4.014470509695343,0.0,0.0,1.0,0.0,0.0,0.0,0.0
15,165,0.0,12.0,1.0,0.0,1.0,1.0,0.0,1.0
16,165,2.571429930580581,12.0,0.0,0.0,1.0,0.0,0.0,0.0
17,165,11.34045018307768,6.952617206608632,0.0,0.0,1.0,0.0,1.0,1.0
18,165,0.7239971358528572,0.0,0.0,1.0,1.0,1.0,0.0,0.0
19,165,11.566148478667314,7.411630397033894,0.0,0.0,0.0,0.0,0.0,0.0
20,165,11.58494560440715,1.095271972238873,1.0,1.0,1.0,0.0,1.0,0.0
21,165,10.328428836536416,10.686591228206442,0.0,1.0,1.0,0.0,0.0,1.0
22,165,0.0668068674412136,3.657161170233147,1.0,0.0,1.0,1.0,1.0,0.0
23,165,0.3015268764872882,5.119488708485632,0.0,0.0,1.0,0.0,0.0,0.0
24,165,11.241041118900451,0.0,1.0,0.0,1.0,1.0,0.0,0.0
25,165,9.014695152017966,7.162623288657826,1.0,1.0,0.0,1.0,0.0,0.0
26,165,4.5477828434031045,1.249800495763964,1.0,0.0,1.0,0.0,1.0,1.0
27,165,7.303087413958963,6.5621314193084,1.0,0.0,0.0,0.0,0.0,1.0
28,165,12.0,3.222841209199536,0.0,0.0,0.0,0.0,1.0,0.0
29,165,9.451548058952476,7.69148704338343,0.0,0.0,0.0,1.0,1.0,0.0
30,165,12.0,0.0,1.0,1.0,1.0,0.0,1.0,0.0
31,165,2.416754723050249,4.679068616293847,1.0,0.0,0.0,1.0,0.0,1.0
32,165,5.570429981400776,10.478700763999855,0.0,0.0,0.0,0.0,0.0,0.0
33,165,10.970290595391184,3.675492762860437,1.0,1.0,1.0,1.0,1.0,0.0
34,165,1.7008569744693192,9.191107445690598,1.0,1.0,0.0,1.0,0.0,0.0
35,165,1.8744606844637637,9.590831830303816,0.0,1.0,0.0,0.0,0.0,0.0
36,165,7.041577607648485,12.0,0.0,1.0,0.0,0.0,1.0,0.0
37,165,1.8189417065717877,4.224091137204438,0.0,0.0,0.0,1.0,0.0,0.0
38,165,10.651640320166765,12.0,0.0,1.0,0.0,0.0,0.0,1.0
39,165,7.076910339484499,6.014114330407382,1.0,0.0,1.0,0.0,0.0,1.0
0,170,12.0,9.698076851745853,0.0,1.0,0.0,0.0,1.0,0.0
1,170,3.683737248598612,11.17871860436637,0.0,1.0,0.0,0.0,0.0,0.0
2,170,9.86511424438218,5.314560189857648,1.0,0.0,0.0,1.0,1.0,0.0
3,170,2.8992794793919683,6.8841597912160255,0.0,0.0,0.0,1.0,1.0,1.0
4,170,2.522141756499778,0.9792766242525526,0.0,0.0,0.0,0.0,1.0,1.0
5,170,2.6137446831959297,3.174290294169452,0.0,0.0,0.0,1.0,1.0,1.0
6,170,9.07477763341256,2.294019558799337,1.0,1.0,0.0,0.0,0.0,1.0
7,170,7.770675091621401,0.3970942326649012,0.0,0.0,0.0,0.0,0.0,0.0
8,170,8.928191806543765,5.510953409690461,0.0,0.0,1.0,0.0,1.0,1.0
9,170,0.0,2.68515086940934,1.0,0.0,0.0,1.0,0.0,1.0
10,170,12.0,9.320728358790728,0.0,1.0,1.0,1.0,1.0,0.0
11,170,3.095377830337464,1.5878014639025366,1.0,0.0,1.0,0.0,0.0,0.0
12,170,11.044475070416109,12.0,1.0,0.0,1.0,1.0,0.0,1.0
13,170,3.3682262088250483,5.44791436695528,0.0,1.0,0.0,1.0,1.0,1.0
14,170,3.897356486471649,0.0,0.0,1.0,0.0,0.0,0.0,0.0
15,170,0.0,12.0,1.0,0.0,1.0,1.0,0.0,1.0
16,170,2.5578594785505557,12.0,0.0,0.0,1.0,0.0,0.0,0.0
17,170,11.313316139093253,6.952023357262219,0.0,0.0,1.0,0.0,1.0,1.0
18,170,0.806912904716418,0.0,0.0,1.0,1.0,1.0,0.0,0.0
19,170,11.56711816423891,7.416211267508592,0.0,0.0,0.0,0.0,0.0,0.0
20,170,11.609628157306148,0.9848149123383564,1.0,1.0,1.0,0.0,1.0,0.0
21,170,10.334379336530665,10.653091373646664,0.0,1.0,1.0,0.0,0.0,1.0
22,170,0.0,3.75256644991923,1.0,0.0,1.0,1.0,1.0,0.0
23,170,0.3096440704224464,5.085232891854542,0.0,0.0,1.0,0.0,0.0,0.0
24,170,11.297445919299246,0.0,1.0,0.0,1.0,1.0,0.0,0.0
25,170,9.024237807574162,7.319354513802147,1.0,1.0,0.0,1.0,0.0,0.0
26,170,4.567677990733507,1.2378878894767176,1.0,0.0,1.0,0.0,1.0,1.0
27,170,7.297063592715841,6.466838460790743,1.0,0.0,0.0,0.0,0.0,1.0
28,170,12.0,3.2556699619310865,0.0,0.0,0.0,0.0,1.0,0.0
29,170,9.39011845318933,7.763871992799254,0.0,0.0,0.0,1.0,1.0,0.0
30,170,12.0,0.0,1.0,1.0,1.0,0.0,1.0,0.0
31,170,2.4535873232680143,4.747493290572754,1.0,0.0,0.0,1.0,0.0,1.0
32,170,5.55638456838123,10.472733850010492,0.0,0.0,0.0,0.0,0.0,0.0
33,170,11.093966823111744,3.7141343309613983,1.0,1.0,1.0,1.0,1.0,0.0
34,170,1.6227940406803434,9.077469773466891,1.0,1.0,0.0,1.0,0.0,0.0
35,170,1.8727974397616864,9.479736650228258,0.0,1.0,0.0,0.0,0.0,0.0
36,170,6.925435270785976,12.0,0.0,1.0,0.0,0.0,1.0,0.0
37,170,1.8061167836036116,4.148365268463204,0.0,0.0,0.0,1.0,0.0,0.0
38,170,10.585273564037,12.0,0.0,1.0,0.0,0.0,0.0,1.0
39,170,7.0510176486362965,6.136046386871676,1.0,0.0,1.0,0.0,0.0,1.0
0,175,12.0,9.693887776750882,0.0,1.0,0.0,0.0,1.0,0.0
1,175,3.629383811681967,11.20791981725221,0.0,1.0,0.0,0.0,0.0,0.0
2,175,9.8564232014855,5.347067279598424,1.0,0.0,0.0,1.0,1.0,0.0
3,175,2.830356059682281,6.724426514474043,0.0,0.0,0.0,1.0,1.0,1.0
4,175,2.609155792777051,0.9803381299384574,0.0,0.0,0.0,0.0,1.0,1.0
5,175,2.494415111424891,3.186722898588957,0.0,0.0,0.0,1.0,1.0,1.0
6,175,9.132741404084854,2.34935505240576,1.0,1.0,0.0,0.0,0.0,1.0
7,175,7.663250211637311,0.3272741331940538,0.0,0.0,0.0,0.0,0.0,0.0
8,175,8.846438671489864,5.660093059240594,0.0,0.0,1.0,0.0,1.0,1.0
9,175,0.0,2.75369919260369,1.0,0.0,0.0,1.0,0.0,1.0
10,175,12.0,9.352112028408811,0.0,1.0,1.0,1.0,1.0,0.0
11,175,3.0457026698168908,1.5942896309372656,1.0,0.0,1.0,0.0,0.0,0.0
12,175,10.978479914137417,12.0,1.0,0.0,1.0,1.0,0.0,1.0
13,175,3.2614855282773187,5.4167738521940585,0.0,1.0,0.0,1.0,1.0,1.0
14,175,3.7821164454190312,0.0,0.0,1.0,0.0,0.0,0.0,0.0
15,175,0.0,12.0,1.0,0.0,1.0,1.0,0.0,1.0
16,175,2.549124402456015,12.0,0.0,0.0,1.0,0.0,0.0,0.0
17,175,11.272727888921146,6.951878199954389,0.0,0.0,1.0,0.0,1.0,1.0
18,175,0.8703058533552961,0.0,0.0,1.0,1.0,1.0,0.0,0.0
19,175,11.571453772809598,7.437868226999958,0.0,0.0,0.0,0.0,0.0,0.0
20,175,11.636758126404834,0.8725803572817135,1.0,1.0,1.0,0.0,1.0,0.0
21,175,10.338208924449884,10.633860722982073,0.0,1.0,1.0,0.0,0.0,1.0
22,175,0.0,3.8730475849305854,1.0,0.0,1.0,1.0,1.0,0.0
23,175,0.3157517718007497,5.061379074176801,0.0,0.0,1.0,0.0,0.0,0.0
24,175,11.356649704844916,0.0,1.0,0.0,1.0,1.0,0.0,0.0
25,175,9.031012357098646,7.483323858870016,1.0,1.0,0.0,1.0,0.0,0.0
26,175,4.568834943713964,1.2371731690205838,1.0,0.0,1.0,0.0,1.0,1.0
27,175,7.291590433831087,6.392229258812541,1.0,0.0,0.0,0.0,0.0,1.0
28,175,12.0,3.266600988712701,0.0,0.0,0.0,0.0,1.0,0.0
29,175,9.337844200498568,7.822869193722363,0.0,0.0,0.0,1.0,1.0,0.0
30,175,12.0,0.0,1.0,1.0,1.0,0.0,1.0,0.0
31,175,2.492615244894559,4.81586286448207,1.0,0.0,0.0,1.0,0.0,1.0
32,175,5.521512537098838,10.458727160047989,0.0,0.0,0.0,0.0,0.0,0.0
33,175,11.058530960158311,3.827292302300069,1.0,1.0,1.0,1.0,1.0,0.0
34,175,1.5405702902587182,8.959534654244635,1.0,1.0,0.0,1.0,0.0,0.0
35,175,1.873171383482618,9.369116779714108,0.0,1.0,0.0,0.0,0.0,0.0
36,175,6.817670468055712,12.0,0.0,1.0,0.0,0.0,1.0,0.0
37,175,1.7886451832800272,4.060173888903513,0.0,0.0,0.0,1.0,0.0,0.0
38,175,10.516313975513524,12.0,0.0,1.0,0.0,0.0,0.0,1.0
39,175,7.029220527211001,6.257969060807838,1.0,0.0,1.0,0.0,0.0,1.0
0,180,12.0,9.686915296942598,0.0,1.0,0.0,0.0,1.0,0.0
1,180,3.5712949065381907,11.23986549493434,0.0,1.0,0.0,0.0,0.0,0.0
2,180,9.84136517576776,5.408847315165513,1.0,0.0,0.0,1.0,1.0,0.0
3,180,2.7629910466519,6.566535792905507,0.0,0.0,0.0,1.0,1.0,1.0
4,180,2.694423191508116,0.980733661876817,0.0,0.0,0.0,0.0,1.0,1.0
5,180,2.3763312194127737,3.196549315419664,0.0,0.0,0.0,1.0,1.0,1.0
6,180,9.198255741484722,2.4106435538708024,1.0,1.0,0.0,0.0,0.0,1.0
7,180,7.571947667106513,0.2668657427317122,0.0,0.0,0.0,0.0,0.0,0.0
8,180,8.77429710472774,5.799787495697845,0.0,0.0,1.0,0.0,1.0,1.0
9,180,0.0,2.8342185868379857,1.0,0.0,0.0,1.0,0.0,1.0
10,180,12.0,9.380729534548632,0.0,1.0,1.0,1.0,1.0,0.0
11,180,2.9860763400989945,1.600563808287801,1.0,0.0,1.0,0.0,0.0,0.0
12,180,10.891879414322712,12.0,1.0,0.0,1.0,1.0,0.0,1.0
13,180,3.1709795738038093,5.3910943577254455,0.0,1.0,0.0,1.0,1.0,1.0
14,180,3.68791623871994,0.0,0.0,1.0,0.0,0.0,0.0,0.0
15,180,0.0,12.0,1.0,0.0,1.0,1.0,0.0,1.0
16,180,2.5356742161987027,12.0,0.0,0.0,1.0,0.0,0.0,0.0
17,180,11.222759792954118,6.9524556276642135,0.0,0.0,1.0,0.0,1.0,1.0
18,180,0.9221195799062836,0.0,0.0,1.0,1.0,1.0,0.0,0.0
19,180,11.574732603989911,7.454854804713328,0.0,0.0,0.0,0.0,0.0,0.0
20,180,11.668018085000382,0.7390371272455902,1.0,1.0,1.0,0.0,1.0,0.0
21,180,10.34420768298978,10.603531015969653,0.0,1.0,1.0,0.0,0.0,1.0
22,180,0.0,3.999282339603888,1.0,0.0,1.0,1.0,1.0,0.0
23,180,0.3281962953096058,5.016196136609856,0.0,0.0,1.0,0.0,0.0,0.0
24,180,11.415281811198197,0.0,1.0,0.0,1.0,1.0,0.0,0.0
25,180,9.040121287558724,7.643281958752909,1.0,1.0,0.0,1.0,0.0,0.0
26,180,4.571094697374448,1.2358542795640055,1.0,0.0,1.0,0.0,1.0,1.0
27,180,7.283454078436448,6.307406124088868,1.0,0.0,0.0,0.0,0.0,1.0
28,180,12.0,3.273609270600761,0.0,0.0,0.0,0.0,1.0,0.0
29,180,9.27537333976497,7.893885682989798,0.0,0.0,0.0,1.0,1.0,0.0
30,180,12.0,0.0,1.0,1.0,1.0,0.0,1.0,0.0
31,180,2.5229915747456992,4.872678381991894,1.0,0.0,0.0,1.0,0.0,1.0
32,180,5.506002327972285,10.452683674728826,0.0,0.0,0.0,0.0,0.0,0.0
33,180,11.021885883962412,3.945169345173102,1.0,1.0,1.0,1.0,1.0,0.0
34,180,1.6691200932135508,8.85878675447202,1.0,1.0,0.0,1.0,0.0,0.0
35,180,1.8757216152309573,9.257585695220603,0.0,1.0,0.0,0.0,0.0,0.0
36,180,6.7042363407749805,12.0,0.0,1.0,0.0,0.0,1.0,0.0
37,180,1.7714174016653577,3.9649778830240896,0.0,0.0,0.0,1.0,0.0,0.0
38,180,10.445514285748317,12.0,0.0,1.0,0.0,0.0,0.0,1.0
39,180,7.01101608854188,6.364473392813086,1.0,0.0,1.0,0.0,0.0,1.0
0,185,12.0,9.68542497102466,0.0,1.0,0.0,0.0,1.0,0.0
1,185,3.4904102134792434,11.285007519451275,0.0,1.0,0.0,0.0,0.0,0.0
2,185,9.820837080158269,5.485843199459071,1.0,0.0,0.0,1.0,1.0,0.0
3,185,2.699453044412629,6.4214849587450535,0.0,0.0,0.0,1.0,1.0,1.0
4,185,2.781958654180331,0.9828492337353132,0.0,0.0,0.0,0.0,1.0,1.0
5,185,2.242041347798348,3.206737863968483,0.0,0.0,0.0,1.0,1.0,1.0
6,185,9.263599907867867,2.4721784659487107,1.0,1.0,0.0,0.0,0.0,1.0
7,185,7.485970452103325,0.2093940308869847,0.0,0.0,0.0,0.0,0.0,0.0
8,185,8.69987929588429,5.937998278755329,0.0,0.0,1.0,0.0,1.0,1.0
9,185,0.0,2.916422733692932,1.0,0.0,0.0,1.0,0.0,1.0
10,185,12.0,9.40615043032874,0.0,1.0,1.0,1.0,1.0,0.0
11,185,2.9153409971919286,1.6063504365902015,1.0,0.0,1.0,0.0,0.0,0.0
12,185,10.811916176209188,12.0,1.0,0.0,1.0,1.0,0.0,1.0
13,185,3.0907620769403654,5.369184509603516,0.0,1.0,0.0,1.0,1.0,1.0
14,185,3.5768043996733665,0.0,0.0,1.0,0.0,0.0,0.0,0.0
15,185,0.0,12.0,1.0,0.0,1.0,1.0,0.0,1.0
16,185,2.527362882942631,12.0,0.0,0.0,1.0,0.0,0.0,0.0
17,185,11.177999476904306,6.953658921475963,0.0,0.0,1.0,0.0,1.0,1.0
18,185,0.9604607743693672,0.0,0.0,1.0,1.0,1.0,0.0,0.0
19,185,11.57865194995454,7.473355794366672,0.0,0.0,0.0,0.0,0.0,0.0
20,185,11.701531511584344,0.6072298519480406,1.0,1.0,1.0,0.0,1.0,0.0
21,185,10.350460053068014,10.57330354170084,0.0,1.0,1.0,0.0,0.0,1.0
22,185,0.0,4.149563616910079,1.0,0.0,1.0,1.0,1.0,0.0
23,185,0.3419610111460978,4.962845782960958,0.0,0.0,1.0,0.0,0.0,0.0
24,185,11.486048416055008,0.0,1.0,0.0,1.0,1.0,0.0,0.0
25,185,9.046157162125938,7.7931074105247955,1.0,1.0,0.0,1.0,0.0,0.0
26,185,4.569731114911153,1.2366036495473731,1.0,0.0,1.0,0.0,1.0,1.0
27,185,7.274513085836799,6.217815338640587,1.0,0.0,0.0,0.0,0.0,1.0
28,185,12.0,3.280124635448429,0.0,0.0,0.0,0.0,1.0,0.0
29,185,9.219731411894251,7.961090996993619,0.0,0.0,0.0,1.0,1.0,0.0
30,185,12.0,0.0,1.0,1.0,1.0,0.0,1.0,0.0
31,185,2.55772030884446,4.936344409740006,1.0,0.0,0.0,1.0,0.0,1.0
32,185,5.496565783839071,10.448814252252422,0.0,0.0,0.0,0.0,0.0,0.0
33,185,10.979837822574575,4.079919740754946,1.0,1.0,1.0,1.0,1.0,0.0
34,185,1.7830179341786672,8.763291105788044,1.0,1.0,0.0,1.0,0.0,0.0
35,185,1.8774792230289137,9.16031279168942,0.0,1.0,0.0,0.0,0.0,0.0
36,185,6.600129092177671,12.0,0.0,1.0,0.0,0.0,1.0,0.0
37,185,1.7511613848324603,3.8665776060233226,0.0,0.0,0.0,1.0,0.0,0.0
38,185,10.370366889978849,12.0,0.0,1.0,0.0,0.0,0.0,1.0
39,185,6.991968983968081,6.475493074693735,1.0,0.0,1.0,0.0,0.0,1.0
0,190,12.0,9.682685858633285,0.0,1.0,0.0,0.0,1.0,0.0
1,190,3.4268629247476,11.322867477062571,0.0,1.0,0.0,0.0,0.0,0.0
2,190,9.79673703208515,5.577261306109701,1.0,0.0,0.0,1.0,1.0,0.0
3,190,2.639353614463121,6.286292735969637,0.0,0.0,0.0,1.0,1.0,1.0
4,190,2.874990658565077,0.9838845763684874,0.0,0.0,0.0,0.0,1.0,1.0
5,190,2.126449995217674,3.214850216061917,0.0,0.0,0.0,1.0,1.0,1.0
6,190,9.33193630278302,2.536018109670377,1.0,1.0,0.0,0.0,0.0,1.0
7,190,7.400746454046144,0.1505487043867316,0.0,0.0,0.0,0.0,0.0,0.0
8,190,8.629549440566397,6.0662628207871325,0.0,0.0,1.0,0.0,1.0,1.0
9,190,0.0,2.9872123770880106,1.0,0.0,0.0,1.0,0.0,1.0
10,190,12.0,9.435524990988329,0.0,1.0,1.0,1.0,1.0,0.0
11,190,2.8441051154783348,1.6101194016657996,1.0,0.0,1.0,0.0,0.0,0.0
12,190,10.728143861818149,12.0,1.0,0.0,1.0,1.0,0.0,1.0
13,190,2.991425405355145,5.344533510753458,0.0,1.0,0.0,1.0,1.0,1.0
14,190,3.473697884999736,0.0,0.0,1.0,0.0,0.0,0.0,0.0
15,190,0.0,12.0,1.0,0.0,1.0,1.0,0.0,1.0
16,190,2.5172978810319617,12.0,0.0,0.0,1.0,0.0,0.0,0.0
17,190,11.148558297637756,6.954645270665981,0.0,0.0,1.0,0.0,1.0,1.0
18,190,1.008199551968993,0.0,0.0,1.0,1.0,1.0,0.0,0.0
19,190,11.5785621724535,7.472849918468481,0.0,0.0,0.0,0.0,0.0,0.0
20,190,11.732921881431205,0.4780589137095931,1.0,1.0,1.0,0.0,1.0,0.0
21,190,10.357165439154564,10.542324671158552,0.0,1.0,1.0,0.0,0.0,1.0
22,190,0.0,4.309837945337778,1.0,0.0,1.0,1.0,1.0,0.0
23,190,0.3543449116528332,4.9166883268405845,0.0,0.0,1.0,0.0,0.0,0.0
24,190,11.566321198713196,0.0,1.0,0.0,1.0,1.0,0.0,0.0
25,190,9.053909530710298,7.9506539002186205,1.0,1.0,0.0,1.0,0.0,0.0
26,190,4.560738479075262,1.2413308955613995,1.0,0.0,1.0,0.0,1.0,1.0
27,190,7.267589197410421,6.128347832876701,1.0,0.0,0.0,0.0,0.0,1.0
28,190,11.999979747812969,3.2887837492797987,0.0,0.0,0.0,0.0,1.0,0.0
29,190,9.147802065354066,8.045186825996467,0.0,0.0,0.0,1.0,1.0,0.0
30,190,12.0,0.0,1.0,1.0,1.0,0.0,1.0,0.0
31,190,2.5869523883550007,4.989288289657291,1.0,0.0,0.0,1.0,0.0,1.0
32,190,5.497696819072466,10.449327942346263,0.0,0.0,0.0,0.0,0.0,0.0
33,190,10.936743945803958,4.223910290058353,1.0,1.0,1.0,1.0,1.0,0.0
34,190,1.891521966565197,8.671282309908973,1.0,1.0,0.0,1.0,0.0,0.0
35,190,1.88074100425735,9.08366376123666,0.0,1.0,0.0,0.0,0.0,0.0
36,190,6.500841630138633,12.0,0.0,1.0,0.0,0.0,1.0,0.0
37,190,1.7282734459884774,3.758942713464797,0.0,0.0,0.0,1.0,0.0,0.0
38,190,10.31148499462863,12.0,0.0,1.0,0.0,0.0,0.0,1.0
39,190,6.966243753217221,6.606817459872569,1.0,0.0,1.0,0.0,0.0,1.0
0,195,11.991456514520763,9.68780772571192,0.0,1.0,0.0,0.0,1.0,0.0
1,195,3.358082152862781,11.364468694178049,0.0,1.0,0.0,0.0,0.0,0.0
2,195,9.773073184185565,5.666603065401771,1.0,0.0,0.0,1.0,1.0,0.0
3,195,2.5790994308646438,6.150874360125124,0.0,0.0,0.0,1.0,1.0,1.0
4,195,2.974073176428625,0.9873315757535042,0.0,0.0,0.0,0.0,1.0,1.0
5,195,2.02428523677822,3.219788604508965,0.0,0.0,0.0,1.0,1.0,1.0
6,195,9.412997524839549,2.612712784647734,1.0,1.0,0.0,0.0,0.0,1.0
7,195,7.311394002871668,0.0914459036059795,0.0,0.0,0.0,0.0,0.0,0.0
8,195,8.552268723481939,6.206313043174563,0.0,0.0,1.0,0.0,1.0,1.0
9,195,0.0,3.05779954953399,1.0,0.0,0.0,1.0,0.0,1.0
10,195,12.0,9.473579620410012,0.0,1.0,1.0,1.0,1.0,0.0
11,195,2.766366152818846,1.6145812943381317,1.0,0.0,1.0,0.0,0.0,0.0
12,195,10.61269228743795,12.0,1.0,0.0,1.0,1.0,0.0,1.0
13,195,2.8948941600688363,5.321615594058278,0.0,1.0,0.0,1.0,1.0,1.0
14,195,3.3546737156756965,0.0,0.0,1.0,0.0,0.0,0.0,0.0
15,195,0.0,12.0,1.0,0.0,1.0,1.0,0.0,1.0
16,195,2.5075292890727816,12.0,0.0,0.0,1.0,0.0,0.0,0.0
17,195,11.114904640037864,6.956360257622976,0.0,0.0,1.0,0.0,1.0,1.0
18,195,1.0625350308844408,0.0,0.0,1.0,1.0,1.0,0.0,0.0
19,195,11.577107269791348,7.464692881596127,0.0,0.0,0.0,0.0,0.0,0.0
20,195,11.76584888813892,0.3463023579657794,1.0,1.0,1.0,0.0,1.0,0.0
21,195,10.361277248928328,10.523515294609586,0.0,1.0,1.0,0.0,0.0,1.0
22,195,0.0,4.4582430245884455,1.0,0.0,1.0,1.0,1.0,0.0
23,195,0.3560877469711841,4.910665205169631,0.0,0.0,1.0,0.0,0.0,0.0
24,195,11.657092634373106,0.0,1.0,0.0,1.0,1.0,0.0,0.0
25,195,9.055658487480006,8.098738633381382,1.0,1.0,0.0,1.0,0.0,0.0
26,195,4.553062007082095,1.2452535116570174,1.0,0.0,1.0,0.0,1.0,1.0
27,195,7.25857008593964,6.029686869976837,1.0,0.0,0.0,0.0,0.0,1.0
28,195,12.0,3.310642915476801,0.0,0.0,0.0,0.0,1.0,0.0
29,195,9.06809754293726,8.138617098647716,0.0,0.0,0.0,1.0,1.0,0.0
30,195,12.0,0.0,1.0,1.0,1.0,0.0,1.0,0.0
31,195,2.6101462736472087,5.035117454793,1.0,0.0,0.0,1.0,0.0,1.0
32,195,5.523237640861298,10.4601042008861,0.0,0.0,0.0,0.0,0.0,0.0
33,195,10.88537332101126,4.37524846725799,1.0,1.0,1.0,1.0,1.0,0.0
34,195,1.991343083611003,8.582990076834555,1.0,1.0,0.0,1.0,0.0,0.0
35,195,1.883665566650312,9.011845508819924,0.0,1.0,0.0,0.0,0.0,0.0
36,195,6.395048351511908,12.0,0.0,1.0,0.0,0.0,1.0,0.0
37,195,1.7023549609141986,3.648289709778436,0.0,0.0,0.0,1.0,0.0,0.0
38,195,10.255690737400242,12.0,0.0,1.0,0.0,0.0,0.0,1.0
39,195,6.938805130263726,6.735788832464448,1.0,0.0,1.0,0.0,0.0,1.0
0,200,11.99559105056417,9.685191868106578,0.0,1.0,0.0,0.0,1.0,0.0
1,200,3.2655312966989074,11.421574224761525,0.0,1.0,0.0,0.0,0.0,0.0
2,200,9.748219482636902,5.755326139124366,1.0,0.0,0.0,1.0,1.0,0.0
3,200,2.5111523418845607,5.999817583450061,0.0,0.0,0.0,1.0,1.0,1.0
4,200,3.0721464463799126,0.9908984067144122,0.0,0.0,0.0,0.0,1.0,1.0
5,200,1.9233795370380555,3.2258414768254964,0.0,0.0,0.0,1.0,1.0,1.0
6,200,9.488766956336017,2.682470806606783,1.0,1.0,0.0,0.0,0.0,1.0
7,200,7.211126260263364,0.0228546281463158,0.0,0.0,0.0,0.0,0.0,0.0
8,200,8.479492869514383,6.331871608837317,0.0,0.0,1.0,0.0,1.0,1.0
9,200,0.0,3.124686392175657,1.0,0.0,0.0,1.0,0.0,1.0
10,200,12.0,9.532273037183923,0.0,1.0,1.0,1.0,1.0,0.0
11,200,2.72123712186192,1.616309293266883,1.0,0.0,1.0,0.0,0.0,0.0
12,200,10.500894058240377,12.0,1.0,0.0,1.0,1.0,0.0,1.0
13,200,2.8090570328947613,5.300201596415224,0.0,1.0,0.0,1.0,1.0,1.0
14,200,3.21757184145616,0.0,0.0,1.0,0.0,0.0,0.0,0.0
15,200,0.0,12.0,1.0,0.0,1.0,1.0,0.0,1.0
16,200,2.4954125312017115,12.0,0.0,0.0,1.0,0.0,0.0,0.0
17,200,11.072759658460518,6.958051922957664,0.0,0.0,1.0,0.0,1.0,1.0
18,200,1.1081488321477506,0.0,0.0,1.0,1.0,1.0,0.0,0.0
19,200,11.577382311601363,7.46623400088336,0.0,0.0,0.0,0.0,0.0,0.0
20,200,11.794234316825095,0.2303743633618695,1.0,1.0,1.0,0.0,1.0,0.0
21,200,10.369248398574587,10.490546885446738,0.0,1.0,1.0,0.0,0.0,1.0
22,200,0.0,4.62398361281961,1.0,0.0,1.0,1.0,1.0,0.0
23,200,0.3559056906817372,4.911355294458681,0.0,0.0,1.0,0.0,0.0,0.0
24,200,11.7490845074134,0.0,1.0,0.0,1.0,1.0,0.0,0.0
25,200,9.056998339688402,8.248825220178789,1.0,1.0,0.0,1.0,0.0,0.0
26,200,4.556321188777776,1.2436369238972236,1.0,0.0,1.0,0.0,1.0,1.0
27,200,7.252923856332318,5.942301109021625,1.0,0.0,0.0,0.0,0.0,1.0
28,200,11.999940337843311,3.3363785219362496,0.0,0.0,0.0,0.0,1.0,0.0
29,200,8.975622238937692,8.246253246574279,0.0,0.0,0.0,1.0,1.0,0.0
30,200,12.0,0.0,1.0,1.0,1.0,0.0,1.0,0.0
31,200,2.624803817467096,5.066025139064172,1.0,0.0,0.0,1.0,0.0,1.0
32,200,5.527171006465865,10.46178990479854,0.0,0.0,0.0,0.0,0.0,0.0
33,200,10.833694424129384,4.531255965173586,1.0,1.0,1.0,1.0,1.0,0.0
34,200,2.0826674523975286,8.502225582382067,1.0,1.0,0.0,1.0,0.0,0.0
35,200,1.885933503054747,8.93941437014023,0.0,1.0,0.0,0.0,0.0,0.0
36,200,6.297754450836306,12.0,0.0,1.0,0.0,0.0,1.0,0.0
37,200,1.6655840385826677,3.5144253464732453,0.0,0.0,0.0,1.0,0.0,0.0
38,200,10.192028589209542,12.0,0.0,1.0,0.0,0.0,0.0,1.0
39,200,6.918017959029819,6.839493431543549,1.0,0.0,1.0,0.0,0.0,1.0
0,205,11.98248410756664,9.693854423547505,0.0,1.0,0.0,0.0,1.0,0.0
1,205,3.1737593288516286,11.480410343754803,0.0,1.0,0.0,0.0,0.0,0.0
2,205,9.724481240154711,5.831676340224309,1.0,0.0,0.0,1.0,1.0,0.0
3,205,2.4442498709054075,5.849042456569928,0.0,0.0,0.0,1.0,1.0,1.0
4,205,3.1927216248435286,0.9940962126637356,0.0,0.0,0.0,0.0,1.0,1.0
5,205,1.8222306905076724,3.230447408270694,0.0,0.0,0.0,1.0,1.0,1.0
6,205,9.561202169315353,2.74881526608878,1.0,1.0,0.0,0.0,0.0,1.0
7,205,7.1146230724587,0.0,0.0,0.0,0.0,0.0,0.0,0.0
8,205,8.403810534615356,6.461416068828241,0.0,0.0,1.0,0.0,1.0,1.0
9,205,0.0,3.185142758927579,1.0,0.0,0.0,1.0,0.0,1.0
10,205,12.0,9.57849216590092,0.0,1.0,1.0,1.0,1.0,0.0
11,205,2.682008354922325,1.6182769685923892,1.0,0.0,1.0,0.0,0.0,0.0
12,205,10.40547326687576,12.0,1.0,0.0,1.0,1.0,0.0,1.0
13,205,2.726351202061615,5.277772831624732,0.0,1.0,0.0,1.0,1.0,1.0
14,205,3.093707754748162,0.0,0.0,1.0,0.0,0.0,0.0,0.0
15,205,0.0,12.0,1.0,0.0,1.0,1.0,0.0,1.0
16,205,2.482628296230497,12.0,0.0,0.0,1.0,0.0,0.0,0.0
17,205,11.018345263736713,6.957942941825667,0.0,0.0,1.0,0.0,1.0,1.0
18,205,1.149840400396327,0.0,0.0,1.0,1.0,1.0,0.0,0.0
19,205,11.577096099815751,7.464661449076869,0.0,0.0,0.0,0.0,0.0,0.0
20,205,11.822917930991766,0.1054191230297938,1.0,1.0,1.0,0.0,1.0,0.0
21,205,10.383761570667096,10.426526243025922,0.0,1.0,1.0,0.0,0.0,1.0
22,205,0.0,4.77778707580922,1.0,0.0,1.0,1.0,1.0,0.0
23,205,0.3626954517697779,4.888040580937172,0.0,0.0,1.0,0.0,0.0,0.0
24,205,11.845121866485831,0.0,1.0,0.0,1.0,1.0,0.0,0.0
25,205,9.059391843707512,8.388198365717479,1.0,1.0,0.0,1.0,0.0,0.0
26,205,4.537468993329115,1.2527021890104686,1.0,0.0,1.0,0.0,1.0,1.0
27,205,7.248597346490955,5.857364118104835,1.0,0.0,0.0,0.0,0.0,1.0
28,205,11.999740781795532,3.346704195861865,0.0,0.0,0.0,0.0,1.0,0.0
29,205,8.875584742188828,8.36151908395901,0.0,0.0,0.0,1.0,1.0,0.0
30,205,12.0,0.0,1.0,1.0,1.0,0.0,1.0,0.0
31,205,2.640938228554372,5.101584708195427,1.0,0.0,0.0,1.0,0.0,1.0
32,205,5.536773691468571,10.465825914436918,0.0,0.0,0.0,0.0,0.0,0.0
33,205,10.775321322583034,4.696225275651246,1.0,1.0,1.0,1.0,1.0,0.0
34,205,2.1686281321623566,8.425343055013043,1.0,1.0,0.0,1.0,0.0,0.0
35,205,1.8901754248061384,8.869353041854911,0.0,1.0,0.0,0.0,0.0,0.0
36,205,6.204821090600633,12.0,0.0,1.0,0.0,0.0,1.0,0.0
37,205,1.628375017566486,3.383119594233528,0.0,0.0,0.0,1.0,0.0,0.0
38,205,10.13492166372517,12.0,0.0,1.0,0.0,0.0,0.0,1.0
39,205,6.898921490590542,6.9373020319947525,1.0,0.0,1.0,0.0,0.0,1.0
0,210,11.97921274058103,9.696066079911516,0.0,1.0,0.0,0.0,1.0,0.0
1,210,3.096696625963094,11.530309349346451,0.0,1.0,0.0,0.0,0.0,0.0
2,210,9.703649205775276,5.898846830022774,1.0,0.0,0.0,1.0,1.0,0.0
3,210,2.371096668738628,5.674656357481505,0.0,0.0,0.0,1.0,1.0,1.0
4,210,3.3056362253497493,0.9955886798803107,0.0,0.0,0.0,0.0,1.0,1.0
5,210,1.7286398251925137,3.232492330864781,0.0,0.0,0.0,1.0,1.0,1.0
6,210,9.632905379888872,2.8217908697523213,1.0,1.0,0.0,0.0,0.0,1.0
7,210,7.019083075865212,0.0,0.0,0.0,0.0,0.0,0.0,0.0
8,210,8.329962954408257,6.589880588969402,0.0,0.0,1.0,0.0,1.0,1.0
9,210,0.0,3.2465198902412142,1.0,0.0,0.0,1.0,0.0,1.0
10,210,12.0,9.610883639822095,0.0,1.0,1.0,1.0,1.0,0.0
11,210,2.6266123098284653,1.6213474180360294,1.0,0.0,1.0,0.0,0.0,0.0
12,210,10.31507148150922,12.0,1.0,0.0,1.0,1.0,0.0,1.0
13,210,2.660976533438008,5.26048178386487,0.0,1.0,0.0,1.0,1.0,1.0
14,210,2.9736040026211383,0.0,0.0,1.0,0.0,0.0,0.0,0.0
15,210,0.0,12.0,1.0,0.0,1.0,1.0,0.0,1.0
16,210,2.472624768636112,12.0,0.0,0.0,1.0,0.0,0.0,0.0
17,210,10.965987074368757,6.956814924005053,0.0,0.0,1.0,0.0,1.0,1.0
18,210,1.187995870630599,0.0,0.0,1.0,1.0,1.0,0.0,0.0
19,210,11.579457178652362,7.479628216705648,0.0,0.0,0.0,0.0,0.0,0.0
20,210,11.8543219777964,0.0,1.0,1.0,1.0,0.0,1.0,0.0
21,210,10.395808255935837,10.369152589855284,0.0,1.0,1.0,0.0,0.0,1.0
22,210,0.0,4.911034183020015,1.0,0.0,1.0,1.0,1.0,0.0
23,210,0.3623571348682859,4.889151915405608,0.0,0.0,1.0,0.0,0.0,0.0
24,210,11.938564469565376,0.0,1.0,0.0,1.0,1.0,0.0,0.0
25,210,9.061675138082904,8.545387696531197,1.0,1.0,0.0,1.0,0.0,0.0
26,210,4.519574607163144,1.2615106093092598,1.0,0.0,1.0,0.0,1.0,1.0
27,210,7.246873316835609,5.803772962244604,1.0,0.0,0.0,0.0,0.0,1.0
28,210,11.999193116156146,3.362824708917217,0.0,0.0,0.0,0.0,1.0,0.0
29,210,8.778624135547895,8.479894481200065,0.0,0.0,0.0,1.0,1.0,0.0
30,210,12.0,0.0,1.0,1.0,1.0,0.0,1.0,0.0
31,210,2.664368177712801,5.152108086657375,1.0,0.0,0.0,1.0,0.0,1.0
32,210,5.546282433829083,10.469405659794,0.0,0.0,0.0,0.0,0.0,0.0
33,210,10.716609928221663,4.855470730243382,1.0,1.0,1.0,1.0,1.0,0.0
34,210,2.2498709490490905,8.355288968803318,1.0,1.0,0.0,1.0,0.0,0.0
35,210,1.8943127587668729,8.79946142612131,0.0,1.0,0.0,0.0,0.0,0.0
36,210,6.123046141143544,12.0,0.0,1.0,0.0,0.0,1.0,0.0
37,210,1.5902399248924968,3.2384746795077644,0.0,0.0,0.0,1.0,0.0,0.0
38,210,10.080213400227535,12.0,0.0,1.0,0.0,0.0,0.0,1.0
39,210,6.882803240469748,7.0305778487378205,1.0,0.0,1.0,0.0,0.0,1.0
0,215,11.9800905154583,9.695425410020352,0.0,1.0,0.0,0.0,1.0,0.0
1,215,3.016040015970983,11.584256935542063,0.0,1.0,0.0,0.0,0.0,0.0
2,215,9.683295436378472,5.970300115328919,1.0,0.0,0.0,1.0,1.0,0.0
3,215,2.294093479698948,5.484798163465229,0.0,0.0,0.0,1.0,1.0,1.0
4,215,3.457345825253584,0.9948318937419636,0.0,0.0,0.0,0.0,1.0,1.0
5,215,1.6388248232178777,3.2345785033356007,0.0,0.0,0.0,1.0,1.0,1.0
6,215,9.719079164468909,2.9092779473655863,1.0,1.0,0.0,0.0,0.0,1.0
7,215,6.939243051038534,0.0,0.0,0.0,0.0,0.0,0.0,0.0
8,215,8.259611905160412,6.718762322061778,0.0,0.0,1.0,0.0,1.0,1.0
9,215,0.0,3.317435514073308,1.0,0.0,0.0,1.0,0.0,1.0
10,215,12.0,9.64923094248702,0.0,1.0,1.0,1.0,1.0,0.0
11,215,2.567062337507991,1.6242876405497582,1.0,0.0,1.0,0.0,0.0,0.0
12,215,10.218149483499296,12.0,1.0,0.0,1.0,1.0,0.0,1.0
13,215,2.5838072291677614,5.2403728029678325,0.0,1.0,0.0,1.0,1.0,1.0
14,215,2.8414226066669444,0.0,0.0,1.0,0.0,0.0,0.0,0.0
15,215,0.0,12.0,1.0,0.0,1.0,1.0,0.0,1.0
16,215,2.4592800795252074,12.0,0.0,0.0,1.0,0.0,0.0,0.0
17,215,10.896894712672182,6.956343891733999,0.0,0.0,1.0,0.0,1.0,1.0
18,215,1.222908874953224,0.0,0.0,1.0,1.0,1.0,0.0,0.0
19,215,11.582490484957598,7.500206875341504,0.0,0.0,0.0,0.0,0.0,0.0
20,215,11.894390633737968,0.0,1.0,1.0,1.0,0.0,1.0,0.0
21,215,10.404299955126849,10.328190249890216,0.0,1.0,1.0,0.0,0.0,1.0
22,215,0.0,5.042527834345973,1.0,0.0,1.0,1.0,1.0,0.0
23,215,0.3586169435558405,4.901489035066906,0.0,0.0,1.0,0.0,0.0,0.0
24,215,12.0,0.0,1.0,0.0,1.0,1.0,0.0,0.0
25,215,9.060831572422163,8.684429069955895,1.0,1.0,0.0,1.0,0.0,0.0
26,215,4.503924614955115,1.2688963404415168,1.0,0.0,1.0,0.0,1.0,1.0
27,215,7.243930136951285,5.745975626011291,1.0,0.0,0.0,0.0,0.0,1.0
28,215,11.999450169437573,3.347060594042457,0.0,0.0,0.0,0.0,1.0,0.0
29,215,8.691090967286495,8.587987883882791,0.0,0.0,0.0,1.0,1.0,0.0
30,215,12.0,0.0,1.0,1.0,1.0,0.0,1.0,0.0
31,215,2.6856567506258417,5.200437928154194,1.0,0.0,0.0,1.0,0.0,1.0
32,215,5.558591971522853,10.473924604799317,0.0,0.0,0.0,0.0,0.0,0.0
33,215,10.659411941560943,5.014496003365192,1.0,1.0,1.0,1.0,1.0,0.0
34,215,2.342198293783946,8.274435835332646,1.0,1.0,0.0,1.0,0.0,0.0
35,215,1.898043992589667,8.755927449772855,0.0,1.0,0.0,0.0,0.0,0.0
36,215,6.020994159998581,12.0,0.0,1.0,0.0,0.0,1.0,0.0
37,215,1.561012679869448,3.113963706601296,0.0,0.0,0.0,1.0,0.0,0.0
38,215,10.024747138784283,12.0,0.0,1.0,0.0,0.0,0.0,1.0
39,215,6.867451712264541,7.127495814165326,1.0,0.0,1.0,0.0,0.0,1.0
0,220,11.966081640806204,9.705702040371415,0.0,1.0,0.0,0.0,1.0,0.0
1,220,2.9420339502054897,11.632661337557217,0.0,1.0,0.0,0.0,0.0,0.0
2,220,9.672861929523428,6.006067207750805,1.0,0.0,0.0,1.0,1.0,0.0
3,220,2.209217587232603,5.283701989457772,0.0,0.0,0.0,1.0,1.0,1.0
4,220,3.640497932430097,0.9946892650294422,0.0,0.0,0.0,0.0,1.0,1.0
5,220,1.5442547124901222,3.235615214260714,0.0,0.0,0.0,1.0,1.0,1.0
6,220,9.807941759156092,3.005287036902001,1.0,1.0,0.0,0.0,0.0,1.0
7,220,6.852190910718825,0.0,0.0,0.0,0.0,0.0,0.0,0.0
8,220,8.192694613100036,6.853764208336018,0.0,0.0,1.0,0.0,1.0,1.0
9,220,0.0,3.385035482134217,1.0,0.0,0.0,1.0,0.0,1.0
10,220,12.0,9.689755843743551,0.0,1.0,1.0,1.0,1.0,0.0
11,220,2.505947962050883,1.626882579453014,1.0,0.0,1.0,0.0,0.0,0.0
12,220,10.108520064754778,12.0,1.0,0.0,1.0,1.0,0.0,1.0
13,220,2.5158494701644845,5.222359385190537,0.0,1.0,0.0,1.0,1.0,1.0
14,220,2.6833506894848216,0.0,0.0,1.0,0.0,0.0,0.0,0.0
15,220,0.0,12.0,1.0,0.0,1.0,1.0,0.0,1.0
16,220,2.447621015906581,12.0,0.0,0.0,1.0,0.0,0.0,0.0
17,220,10.835924219339804,6.956175891980474,0.0,0.0,1.0,0.0,1.0,1.0
18,220,1.259857989624687,0.0,0.0,1.0,1.0,1.0,0.0,0.0
19,220,11.584631692185956,7.514081216207995,0.0,0.0,0.0,0.0,0.0,0.0
20,220,11.930861801936585,0.0,1.0,1.0,1.0,0.0,1.0,0.0
21,220,10.414405227711942,10.278883414011911,0.0,1.0,1.0,0.0,0.0,1.0
22,220,0.0,5.166690535784916,1.0,0.0,1.0,1.0,1.0,0.0
23,220,0.3620982794360107,4.888622400908864,0.0,0.0,1.0,0.0,0.0,0.0
24,220,12.0,0.0,1.0,0.0,1.0,1.0,0.0,0.0
25,220,9.059620619544363,8.822296177425335,1.0,1.0,0.0,1.0,0.0,0.0
26,220,4.491253068808293,1.2750676747706131,1.0,0.0,1.0,0.0,1.0,1.0
27,220,7.2403431214168625,5.673428005661926,1.0,0.0,0.0,0.0,0.0,1.0
28,220,11.999530187433384,3.32608286985746,0.0,0.0,0.0,0.0,1.0,0.0
29,220,8.59667200532892,8.705908244270615,0.0,0.0,0.0,1.0,1.0,0.0
30,220,12.0,0.0,1.0,1.0,1.0,0.0,1.0,0.0
31,220,2.687699945581857,5.205268882976706,1.0,0.0,0.0,1.0,0.0,1.0
32,220,5.586166942588599,10.48394708914138,0.0,0.0,0.0,0.0,0.0,0.0
33,220,10.606657518364564,5.1608304000804965,1.0,1.0,1.0,1.0,1.0,0.0
34,220,2.415047270084965,8.208815787259583,1.0,1.0,0.0,1.0,0.0,0.0
35,220,1.9019177247524324,8.710051810081518,0.0,1.0,0.0,0.0,0.0,0.0
36,220,5.921087034760856,12.0,0.0,1.0,0.0,0.0,1.0,0.0
37,220,1.5328712444012795,2.989618897522996,0.0,0.0,0.0,1.0,0.0,0.0
38,220,9.965371900282106,12.0,0.0,1.0,0.0,0.0,0.0,1.0
39,220,6.847720619902642,7.236228928283904,1.0,0.0,1.0,0.0,0.0,1.0
0,225,11.958773668937049,9.710914697686867,0.0,1.0,0.0,0.0,1.0,0.0
1,225,2.8631004930507404,11.683857718901088,0.0,1.0,0.0,0.0,0.0,0.0
2,225,9.666136639294516,6.028695847196207,1.0,0.0,0.0,1.0,1.0,0.0
3,225,2.1272476005021077,5.098579780211328,0.0,0.0,0.0,1.0,1.0,1.0
4,225,3.8164633381392,0.9949251142748958,0.0,0.0,0.0,0.0,1.0,1.0
5,225,1.4379150510055585,3.2381229743182165,0.0,0.0,0.0,1.0,1.0,1.0
6,225,9.886218884238444,3.09199509988745,1.0,1.0,0.0,0.0,0.0,1.0
7,225,6.7526772414696,0.0,0.0,0.0,0.0,0.0,0.0,0.0
8,225,8.116227284536862,7.001917172538403,0.0,0.0,1.0,0.0,1.0,1.0
9,225,0.0,3.455808433913508,1.0,0.0,0.0,1.0,0.0,1.0
10,225,12.0,9.722621092609064,0.0,1.0,1.0,1.0,1.0,0.0
11,225,2.508419914187851,1.6612532861940423,1.0,0.0,1.0,0.0,0.0,0.0
12,225,9.975028983123217,12.0,1.0,0.0,1.0,1.0,0.0,1.0
13,225,2.4672193078689637,5.209865525028772,0.0,1.0,0.0,1.0,1.0,1.0
14,225,2.5152803392127003,0.0,0.0,1.0,0.0,0.0,0.0,0.0
15,225,0.0,12.0,1.0,0.0,1.0,1.0,0.0,1.0
16,225,2.4327449983351657,12.0,0.0,0.0,1.0,0.0,0.0,0.0
17,225,10.76532377085788,6.955555010322208,0.0,0.0,1.0,0.0,1.0,1.0
18,225,1.308362338818316,0.0,0.0,1.0,1.0,1.0,0.0,0.0
19,225,11.587770733570457,7.536822351685872,0.0,0.0,0.0,0.0,0.0,0.0
20,225,11.96220717993126,0.0,1.0,1.0,1.0,0.0,1.0,0.0
21,225,10.426233261615517,10.214150197837494,0.0,1.0,1.0,0.0,0.0,1.0
22,225,0.0,5.274081123003858,1.0,0.0,1.0,1.0,1.0,0.0
23,225,0.3620343517228637,4.888834020020424,0.0,0.0,1.0,0.0,0.0,0.0
24,225,11.842894336198013,0.0,1.0,0.0,1.0,1.0,0.0,0.0
25,225,9.05735746477015,8.97243715190717,1.0,1.0,0.0,1.0,0.0,0.0
26,225,4.497197597397615,1.286619981803471,1.0,0.0,1.0,0.0,1.0,1.0
27,225,7.237718152123296,5.602945938798497,1.0,0.0,0.0,0.0,0.0,1.0
28,225,11.999460356986742,3.336101247525977,0.0,0.0,0.0,0.0,1.0,0.0
29,225,8.503788770254069,8.82042925465072,0.0,0.0,0.0,1.0,1.0,0.0
30,225,12.0,0.0,1.0,1.0,1.0,0.0,1.0,0.0
31,225,2.6922052114952963,5.215076710010794,1.0,0.0,0.0,1.0,0.0,1.0
32,225,5.602020123496101,10.489980821911294,0.0,0.0,0.0,0.0,0.0,0.0
33,225,10.553393736993296,5.315904679016222,1.0,1.0,1.0,1.0,1.0,0.0
34,225,2.493181082375629,8.139325060619298,1.0,1.0,0.0,1.0,0.0,0.0
35,225,1.904984215071116,8.67152575137593,0.0,1.0,0.0,0.0,0.0,0.0
36,225,5.822984036719251,12.0,0.0,1.0,0.0,0.0,1.0,0.0
37,225,1.5055268991544926,2.875956270457609,0.0,0.0,0.0,1.0,0.0,0.0
38,225,9.90671987577102,12.0,0.0,1.0,0.0,0.0,0.0,1.0
39,225,6.824810761323215,7.345984064099628,1.0,0.0,1.0,0.0,0.0,1.0
0,230,11.958391574557218,9.711196050810331,0.0,1.0,0.0,0.0,1.0,0.0
1,230,2.77754724115188,11.738032239097238,0.0,1.0,0.0,0.0,0.0,0.0
2,230,9.66260117002411,6.040561707675279,1.0,0.0,0.0,1.0,1.0,0.0
3,230,2.043420398816005,4.925282304795461,0.0,0.0,0.0,1.0,1.0,1.0
4,230,3.975301079352409,0.9963332904220032,0.0,0.0,0.0,0.0,1.0,1.0
5,230,1.3232095698027306,3.2407399662396164,0.0,0.0,0.0,1.0,1.0,1.0
6,230,9.972114541130454,3.191086591506069,1.0,1.0,0.0,0.0,0.0,1.0
7,230,6.660645757750216,0.0,0.0,0.0,0.0,0.0,0.0,0.0
8,230,8.034047541296614,7.156272069752092,0.0,0.0,1.0,0.0,1.0,1.0
9,230,0.0,3.533932182034641,1.0,0.0,0.0,1.0,0.0,1.0
10,230,12.0,9.758954909059398,0.0,1.0,1.0,1.0,1.0,0.0
11,230,2.50880321325276,1.6648246983136654,1.0,0.0,1.0,0.0,0.0,0.0
12,230,9.862281479172507,12.0,1.0,0.0,1.0,1.0,0.0,1.0
13,230,2.406982998739362,5.194129634257824,0.0,1.0,0.0,1.0,1.0,1.0
14,230,2.337688797382353,0.0,0.0,1.0,0.0,0.0,0.0,0.0
15,230,0.0,12.0,1.0,0.0,1.0,1.0,0.0,1.0
16,230,2.4166400470716374,12.0,0.0,0.0,1.0,0.0,0.0,0.0
17,230,10.694072345585212,6.955227050839312,0.0,0.0,1.0,0.0,1.0,1.0
18,230,1.327371021893707,0.0,0.0,1.0,1.0,1.0,0.0,0.0
19,230,11.591766676146696,7.563377493785488,0.0,0.0,0.0,0.0,0.0,0.0
20,230,12.0,0.0,1.0,1.0,1.0,0.0,1.0,0.0
21,230,10.438276105946589,10.148950956381778,0.0,1.0,1.0,0.0,0.0,1.0
22,230,0.0,5.370907484398809,1.0,0.0,1.0,1.0,1.0,0.0
23,230,0.3586834831373696,4.900303771415198,0.0,0.0,1.0,0.0,0.0,0.0
24,230,11.68609648725181,0.0,1.0,0.0,1.0,1.0,0.0,0.0
25,230,9.054751080076612,9.095970146336414,1.0,1.0,0.0,1.0,0.0,0.0
26,230,4.501071164064557,1.2935780432800303,1.0,0.0,1.0,0.0,1.0,1.0
27,230,7.234467454872949,5.538623572303813,1.0,0.0,0.0,0.0,0.0,1.0
28,230,11.99949326279589,3.3331946249862576,0.0,0.0,0.0,0.0,1.0,0.0
29,230,8.399000375370706,8.944829669490673,0.0,0.0,0.0,1.0,1.0,0.0
30,230,12.0,0.0,1.0,1.0,1.0,0.0,1.0,0.0
31,230,2.694966206565971,5.220955979382011,1.0,0.0,0.0,1.0,0.0,1.0
32,230,5.61855993254957,10.496342337518398,0.0,0.0,0.0,0.0,0.0,0.0
33,230,10.498213552756097,5.4986217416632766,1.0,1.0,1.0,1.0,1.0,0.0
34,230,2.5687492714475884,8.070351031037369,1.0,1.0,0.0,1.0,0.0,0.0
35,230,1.907924185627546,8.646011631042844,0.0,1.0,0.0,0.0,0.0,0.0
36,230,5.723811588683598,12.0,0.0,1.0,0.0,0.0,1.0,0.0
37,230,1.478353013900256,2.7606548825942,0.0,0.0,0.0,1.0,0.0,0.0
38,230,9.85359541807181,12.0,0.0,1.0,0.0,0.0,0.0,1.0
39,230,6.804315016722018,7.440225673762568,1.0,0.0,1.0,0.0,0.0,1.0
0,235,11.95313716013752,9.71501165027755,0.0,1.0,0.0,0.0,1.0,0.0
1,235,2.700622235186793,11.78595802355273,0.0,1.0,0.0,0.0,0.0,0.0
2,235,9.659969206080534,6.048885001688009,1.0,0.0,0.0,1.0,1.0,0.0
3,235,1.9600991451685537,4.7460805745549965,0.0,0.0,0.0,1.0,1.0,1.0
4,235,4.131638511546122,0.9962007925310592,0.0,0.0,0.0,0.0,1.0,1.0
5,235,1.239267865880887,3.239922730072033,0.0,0.0,0.0,1.0,1.0,1.0
6,235,10.057630075629165,3.2872262006105424,1.0,1.0,0.0,0.0,0.0,1.0
7,235,6.591487782148116,0.0,0.0,0.0,0.0,0.0,0.0,0.0
8,235,7.96914155607955,7.282984750008529,0.0,0.0,1.0,0.0,1.0,1.0
9,235,0.0,3.6085549093785256,1.0,0.0,0.0,1.0,0.0,1.0
10,235,12.0,9.793408000318903,0.0,1.0,1.0,1.0,1.0,0.0
11,235,2.5087708138278075,1.6644226834298643,1.0,0.0,1.0,0.0,0.0,0.0
12,235,9.769521433129055,12.0,1.0,0.0,1.0,1.0,0.0,1.0
13,235,2.342591763451902,5.176390580780556,0.0,1.0,0.0,1.0,1.0,1.0
14,235,2.165099287729538,0.0,0.0,1.0,0.0,0.0,0.0,0.0
15,235,0.0,12.0,1.0,0.0,1.0,1.0,0.0,1.0
16,235,2.403948526780744,12.0,0.0,0.0,1.0,0.0,0.0,0.0
17,235,10.607817733965875,6.955654327348324,0.0,0.0,1.0,0.0,1.0,1.0
18,235,1.339457878748363,0.0,0.0,1.0,1.0,1.0,0.0,0.0
19,235,11.595316454009057,7.590376665847469,0.0,0.0,0.0,0.0,0.0,0.0
20,235,12.0,0.0,1.0,1.0,1.0,0.0,1.0,0.0
21,235,10.451092195804328,10.0844937468273,0.0,1.0,1.0,0.0,0.0,1.0
22,235,0.0,5.469572821633229,1.0,0.0,1.0,1.0,1.0,0.0
23,235,0.3544121468563638,4.915197025618526,0.0,0.0,1.0,0.0,0.0,0.0
24,235,11.508458043223692,0.0,1.0,0.0,1.0,1.0,0.0,0.0
25,235,9.048648614105993,9.220233025109591,1.0,1.0,0.0,1.0,0.0,0.0
26,235,4.50368151165233,1.2982465239991905,1.0,0.0,1.0,0.0,1.0,1.0
27,235,7.231603979329826,5.468434607871945,1.0,0.0,0.0,0.0,0.0,1.0
28,235,11.999232045638497,3.3456333811772896,0.0,0.0,0.0,0.0,1.0,0.0
29,235,8.295188371140947,9.066307150826342,0.0,0.0,0.0,1.0,1.0,0.0
30,235,12.0,0.0,1.0,1.0,1.0,0.0,1.0,0.0
31,235,2.6986904231478133,5.228700274366497,1.0,0.0,0.0,1.0,0.0,1.0
32,235,5.623788467655255,10.498475506738195,0.0,0.0,0.0,0.0,0.0,0.0
33,235,10.444944610005336,5.679455374260536,1.0,1.0,1.0,1.0,1.0,0.0
34,235,2.6268267290670053,8.01694262088418,1.0,1.0,0.0,1.0,0.0,0.0
35,235,1.9085011602780808,8.641521490806992,0.0,1.0,0.0,0.0,0.0,0.0
36,235,5.629206340696735,12.0,0.0,1.0,0.0,0.0,1.0,0.0
37,235,1.4494231250251408,2.637833874889668,0.0,0.0,0.0,1.0,0.0,0.0
38,235,9.802698096046337,12.0,0.0,1.0,0.0,0.0,0.0,1.0
39,235,6.784164993447051,7.534171579646514,1.0,0.0,1.0,0.0,0.0,1.0
0,240,11.951248859791324,9.716259045505458,0.0,1.0,0.0,0.0,1.0,0.0
1,240,2.6178314281008017,11.839813658685111,0.0,1.0,0.0,0.0,0.0,0.0
2,240,9.658768516640215,6.048524124952521,1.0,0.0,0.0,1.0,1.0,0.0
3,240,1.8671085496689557,4.540416233482628,0.0,0.0,0.0,1.0,1.0,1.0
4,240,4.286777881767446,0.9966526476761852,0.0,0.0,0.0,0.0,1.0,1.0
5,240,1.1451088375559346,3.2395384039969874,0.0,0.0,0.0,1.0,1.0,1.0
6,240,10.1460864140393,3.388908680242916,1.0,1.0,0.0,0.0,0.0,1.0
7,240,6.547766065444664,0.0,0.0,0.0,0.0,0.0,0.0,0.0
8,240,7.894011983432638,7.425313081290535,0.0,0.0,1.0,0.0,1.0,1.0
9,240,0.0,3.692863567729933,1.0,0.0,0.0,1.0,0.0,1.0
10,240,12.0,9.834601350783409,0.0,1.0,1.0,1.0,1.0,0.0
11,240,2.508292850289733,1.6564668659429551,1.0,0.0,1.0,0.0,0.0,0.0
12,240,9.688369846157864,12.0,1.0,0.0,1.0,1.0,0.0,1.0
13,240,2.2610605846833898,5.15110078599238,0.0,1.0,0.0,1.0,1.0,1.0
14,240,1.9779340308540176,0.0,0.0,1.0,0.0,0.0,0.0,0.0
15,240,0.0,12.0,1.0,0.0,1.0,1.0,0.0,1.0
16,240,2.3966665442161705,12.0,0.0,0.0,1.0,0.0,0.0,0.0
17,240,10.512801044758463,6.954386847285723,0.0,0.0,1.0,0.0,1.0,1.0
18,240,1.3418273933275482,0.0,0.0,1.0,1.0,1.0,0.0,0.0
19,240,11.59981251459248,7.623283051758264,0.0,0.0,0.0,0.0,0.0,0.0
20,240,12.0,0.0391449020040363,1.0,1.0,1.0,0.0,1.0,0.0
21,240,10.464763661661443,10.016453567888204,0.0,1.0,1.0,0.0,0.0,1.0
22,240,0.0,5.551493621618039,1.0,0.0,1.0,1.0,1.0,0.0
23,240,0.3488640698111471,4.934168392755442,0.0,0.0,1.0,0.0,0.0,0.0
24,240,11.34693955481636,0.0,1.0,0.0,1.0,1.0,0.0,0.0
25,240,9.042052559809532,9.374334342085753,1.0,1.0,0.0,1.0,0.0,0.0
26,240,4.513590589826486,1.315635841911741,1.0,0.0,1.0,0.0,1.0,1.0
27,240,7.229306406318909,5.406175464813758,1.0,0.0,0.0,0.0,0.0,1.0
28,240,11.999146716347258,3.3562381331183277,0.0,0.0,0.0,0.0,1.0,0.0
29,240,8.18397606885299,9.199851851844445,0.0,0.0,0.0,1.0,1.0,0.0
30,240,12.0,0.0,1.0,1.0,1.0,0.0,1.0,0.0
31,240,2.7042408921074435,5.240820900406892,1.0,0.0,0.0,1.0,0.0,1.0
32,240,5.62969593220001,10.500908174031368,0.0,0.0,0.0,0.0,0.0,0.0
33,240,10.273879708674668,5.631202413040047,1.0,1.0,1.0,1.0,1.0,0.0
34,240,2.6750440849281016,7.971159099273388,1.0,1.0,0.0,1.0,0.0,0.0
35,240,1.9093930199469231,8.634996653043752,0.0,1.0,0.0,0.0,0.0,0.0
36,240,5.548235380472093,12.0,0.0,1.0,0.0,0.0,1.0,0.0
37,240,1.4278170547132116,2.531302523664109,0.0,0.0,0.0,1.0,0.0,0.0
38,240,9.744003257453953,12.0,0.0,1.0,0.0,0.0,0.0,1.0
39,240,6.757368502385309,7.643764888629022,1.0,0.0,1.0,0.0,0.0,1.0
0,245,11.949485591454172,9.71743215817525,0.0,1.0,0.0,0.0,1.0,0.0
1,245,2.5463558150288668,11.886791159891937,0.0,1.0,0.0,0.0,0.0,0.0
2,245,9.671141460269991,6.051913289176677,1.0,0.0,0.0,1.0,1.0,0.0
3,245,1.7692920157086989,4.336045191585716,0.0,0.0,0.0,1.0,1.0,1.0
4,245,4.435624757515003,0.9991608805690972,0.0,0.0,0.0,0.0,1.0,1.0
5,245,1.0208617213031033,3.238762807910692,0.0,0.0,0.0,1.0,1.0,1.0
6,245,10.210837145004986,3.4612655796836016,1.0,1.0,0.0,0.0,0.0,1.0
7,245,6.500793073465801,0.0,0.0,0.0,0.0,0.0,0.0,0.0
8,245,7.81959610400298,7.5654705383695555,0.0,0.0,1.0,0.0,1.0,1.0
9,245,0.0,3.774890301276473,1.0,0.0,0.0,1.0,0.0,1.0
10,245,12.0,9.88224247917836,0.0,1.0,1.0,1.0,1.0,0.0
11,245,2.507300003739356,1.642663596314184,1.0,0.0,1.0,0.0,0.0,0.0
12,245,9.599858939372274,12.0,1.0,0.0,1.0,1.0,0.0,1.0
13,245,2.1785891167881184,5.124212256840035,0.0,1.0,0.0,1.0,1.0,1.0
14,245,1.799605278361025,0.0,0.0,1.0,0.0,0.0,0.0,0.0
15,245,0.0,12.0,1.0,0.0,1.0,1.0,0.0,1.0
16,245,2.381014377653342,12.0,0.0,0.0,1.0,0.0,0.0,0.0
17,245,10.419559332723528,6.953644719518333,0.0,0.0,1.0,0.0,1.0,1.0
18,245,1.3403512504595545,0.0003562513752357,0.0,1.0,1.0,1.0,0.0,0.0
19,245,11.606137345638254,7.670619094537279,0.0,0.0,0.0,0.0,0.0,0.0
20,245,12.0,0.0749915539068135,1.0,1.0,1.0,0.0,1.0,0.0
21,245,10.48026544259506,9.938314669666845,0.0,1.0,1.0,0.0,0.0,1.0
22,245,0.0,5.618819842047556,1.0,0.0,1.0,1.0,1.0,0.0
23,245,0.3506837636836167,4.928040538721579,0.0,0.0,1.0,0.0,0.0,0.0
24,245,11.193015462096014,0.0,1.0,0.0,1.0,1.0,0.0,0.0
25,245,9.034673162083871,9.535615343647546,1.0,1.0,0.0,1.0,0.0,0.0
26,245,4.529220249498126,1.3438496309581434,1.0,0.0,1.0,0.0,1.0,1.0
27,245,7.226774531093555,5.361769589787395,1.0,0.0,0.0,0.0,0.0,1.0
28,245,11.99884531485622,3.387896771084785,0.0,0.0,0.0,0.0,1.0,0.0
29,245,8.09236410357141,9.311335030002915,0.0,0.0,0.0,1.0,1.0,0.0
30,245,12.0,0.0,1.0,1.0,1.0,0.0,1.0,0.0
31,245,2.7152802660871376,5.265825178905306,1.0,0.0,0.0,1.0,0.0,1.0
32,245,5.639887692136641,10.504885794619884,0.0,0.0,0.0,0.0,0.0,0.0
33,245,10.089013913264646,5.582005769060655,1.0,1.0,1.0,1.0,1.0,0.0
34,245,2.729277250669388,7.920318455966397,1.0,1.0,0.0,1.0,0.0,0.0
35,245,1.9075039509050196,8.649576820990404,0.0,1.0,0.0,0.0,0.0,0.0
36,245,5.448855819076552,12.0,0.0,1.0,0.0,0.0,1.0,0.0
37,245,1.40523882093312,2.4247944576434617,0.0,0.0,0.0,1.0,0.0,0.0
38,245,9.689149449489424,12.0,0.0,1.0,0.0,0.0,0.0,1.0
39,245,6.730068147819731,7.762208776377747,1.0,0.0,1.0,0.0,0.0,1.0
0,250,11.954490725465236,9.714196527469513,0.0,1.0,0.0,0.0,1.0,0.0
1,250,2.459422040828217,11.94035152651815,0.0,1.0,0.0,0.0,0.0,0.0
2,250,9.6580665254975,6.048375399031,1.0,0.0,0.0,1.0,1.0,0.0
3,250,1.6668306295761814,4.129395074286168,0.0,0.0,0.0,1.0,1.0,1.0
4,250,4.58510630101921,1.003173746315864,0.0,0.0,0.0,0.0,1.0,1.0
5,250,0.8753117199657489,3.236463524932682,0.0,0.0,0.0,1.0,1.0,1.0
6,250,10.254599115993472,3.5110248644407416,1.0,1.0,0.0,0.0,0.0,1.0
7,250,6.455505811614317,0.0,0.0,0.0,0.0,0.0,0.0,0.0
8,250,7.755656870061865,7.702933758931235,0.0,0.0,1.0,0.0,1.0,1.0
9,250,0.0,3.840178586100798,1.0,0.0,0.0,1.0,0.0,1.0
10,250,12.0,9.920350666255912,0.0,1.0,1.0,1.0,1.0,0.0
11,250,2.506716572315366,1.6345882529742983,1.0,0.0,1.0,0.0,0.0,0.0
12,250,9.504630433861122,12.0,1.0,0.0,1.0,1.0,0.0,1.0
13,250,2.0958573705343477,5.096492406593528,0.0,1.0,0.0,1.0,1.0,1.0
14,250,1.6214750512417613,0.0,0.0,1.0,0.0,0.0,0.0,0.0
15,250,0.0,12.0,1.0,0.0,1.0,1.0,0.0,1.0
16,250,2.3743353945219337,12.0,0.0,0.0,1.0,0.0,0.0,0.0
17,250,10.31400391601032,6.951273673046352,0.0,0.0,1.0,0.0,1.0,1.0
18,250,1.347099671074835,0.0,0.0,1.0,1.0,1.0,0.0,0.0
19,250,11.611410919095963,7.706775546837707,0.0,0.0,0.0,0.0,0.0,0.0
20,250,12.0,0.0998073782626782,1.0,1.0,1.0,0.0,1.0,0.0
21,250,10.495146975598136,9.861462626600156,0.0,1.0,1.0,0.0,0.0,1.0
22,250,0.0,5.69109186350693,1.0,0.0,1.0,1.0,1.0,0.0
23,250,0.3556187336778894,4.911146424483176,0.0,0.0,1.0,0.0,0.0,0.0
24,250,11.043249426058532,0.0,1.0,0.0,1.0,1.0,0.0,0.0
25,250,9.031029850571564,9.678449795954675,1.0,1.0,0.0,1.0,0.0,0.0
26,250,4.549863992497057,1.3827630287645034,1.0,0.0,1.0,0.0,1.0,1.0
27,250,7.2235242321158175,5.306256379629558,1.0,0.0,0.0,0.0,0.0,1.0
28,250,11.998553341953176,3.4257968389788003,0.0,0.0,0.0,0.0,1.0,0.0
29,250,7.998573807534535,9.431651109050724,0.0,0.0,0.0,1.0,1.0,0.0
30,250,12.0,0.0,1.0,1.0,1.0,0.0,1.0,0.0
31,250,2.7485633019951745,5.250993140663794,1.0,0.0,0.0,1.0,0.0,1.0
32,250,5.662957139372041,10.513233281637897,0.0,0.0,0.0,0.0,0.0,0.0
33,250,9.909217902007995,5.528767331937326,1.0,1.0,1.0,1.0,1.0,0.0
34,250,2.79583378848709,7.854413283103523,1.0,1.0,0.0,1.0,0.0,0.0
35,250,1.907534996632977,8.649297622419038,0.0,1.0,0.0,0.0,0.0,0.0
36,250,5.353598489210829,12.0,0.0,1.0,0.0,0.0,1.0,0.0
37,250,1.3852584966880934,2.342494520365094,0.0,0.0,0.0,1.0,0.0,0.0
38,250,9.633708563308158,12.0,0.0,1.0,0.0,0.0,0.0,1.0
39,250,6.7029817099498565,7.884224510663973,1.0,0.0,1.0,0.0,0.0,1.0
0,255,11.95700096323356,9.712635003232863,0.0,1.0,0.0,0.0,1.0,0.0
1,255,2.379371701358244,11.988130388214568,0.0,1.0,0.0,0.0,0.0,0.0
2,255,9.62281612592109,6.037390678277127,1.0,0.0,0.0,1.0,1.0,0.0
3,255,1.8525397946466549,4.041525826571419,0.0,0.0,0.0,1.0,1.0,1.0
4,255,4.72372432434635,1.007439025710404,0.0,0.0,0.0,0.0,1.0,1.0
5,255,0.7593687298635837,3.2344256944006298,0.0,0.0,0.0,1.0,1.0,1.0
6,255,10.296099368665349,3.556794119679008,1.0,1.0,0.0,0.0,0.0,1.0
7,255,6.412238095903975,0.0,0.0,0.0,0.0,0.0,0.0,0.0
8,255,7.695174847606869,7.830493169379545,0.0,0.0,1.0,0.0,1.0,1.0
9,255,0.0,3.895681770959553,1.0,0.0,0.0,1.0,0.0,1.0
10,255,12.0,9.959796071020046,0.0,1.0,1.0,1.0,1.0,0.0
11,255,2.5057584226712337,1.6170322579728875,1.0,0.0,1.0,0.0,0.0,0.0
12,255,9.413247304511485,12.0,1.0,0.0,1.0,1.0,0.0,1.0
13,255,1.9875421117937784,5.060812558414624,0.0,1.0,0.0,1.0,1.0,1.0
14,255,1.433364501268555,0.0,0.0,1.0,0.0,0.0,0.0,0.0
15,255,0.0,12.0,1.0,0.0,1.0,1.0,0.0,1.0
16,255,2.368206030838081,12.0,0.0,0.0,1.0,0.0,0.0,0.0
17,255,10.207364917064302,6.947250388404323,0.0,0.0,1.0,0.0,1.0,1.0
18,255,1.350435275699533,0.0,0.0,1.0,1.0,1.0,0.0,0.0
19,255,11.616441080634338,7.746812077672949,0.0,0.0,0.0,0.0,0.0,0.0
20,255,12.0,0.1279796659077432,1.0,1.0,1.0,0.0,1.0,0.0
21,255,10.51250981132909,9.773292172331178,0.0,1.0,1.0,0.0,0.0,1.0
22,255,0.0,5.785269670414176,1.0,0.0,1.0,1.0,1.0,0.0
23,255,0.3616954121273038,4.888279115376694,0.0,0.0,1.0,0.0,0.0,0.0
24,255,10.875907451997383,0.0,1.0,0.0,1.0,1.0,0.0,0.0
25,255,9.023309181212085,9.808730063047015,1.0,1.0,0.0,1.0,0.0,0.0
26,255,4.57682474316163,1.4346499484455115,1.0,0.0,1.0,0.0,1.0,1.0
27,255,7.218296887444681,5.249415601748271,1.0,0.0,0.0,0.0,0.0,1.0
28,255,11.999342373035544,3.456833709848352,0.0,0.0,0.0,0.0,1.0,0.0
29,255,7.895265776411464,9.55858875423858,0.0,0.0,0.0,1.0,1.0,0.0
30,255,12.0,0.0,1.0,1.0,1.0,0.0,1.0,0.0
31,255,2.7940732843403584,5.230348528353023,1.0,0.0,0.0,1.0,0.0,1.0
32,255,5.662503226540796,10.513082532948502,0.0,0.0,0.0,0.0,0.0,0.0
33,255,9.72667206379126,5.471236400261589,1.0,1.0,1.0,1.0,1.0,0.0
34,255,2.856108879193999,7.792943549798638,1.0,1.0,0.0,1.0,0.0,0.0
35,255,1.9081149280403704,8.644622641519163,0.0,1.0,0.0,0.0,0.0,0.0
36,255,5.258716789175487,12.0,0.0,1.0,0.0,0.0,1.0,0.0
37,255,1.367742953273655,2.2652968331865004,0.0,0.0,0.0,1.0,0.0,0.0
38,255,9.582328453096762,12.0,0.0,1.0,0.0,0.0,0.0,1.0
39,255,6.671259151559941,8.017257730439699,1.0,0.0,1.0,0.0,0.0,1.0
0,260,11.957981748904423,9.71202352608748,0.0,1.0,0.0,0.0,1.0,0.0
1,260,2.2752520138716683,12.0,0.0,1.0,0.0,0.0,0.0,0.0
2,260,9.595193453870548,6.028416284886599,1.0,0.0,0.0,1.0,1.0,0.0
3,260,2.048483967447776,3.948016452119571,0.0,0.0,0.0,1.0,1.0,1.0
4,260,4.848796799575248,1.008780647425449,0.0,0.0,0.0,0.0,1.0,1.0
5,260,0.6336554268352836,3.23091565042377,0.0,0.0,0.0,1.0,1.0,1.0
6,260,10.331524885949335,3.596997072392562,1.0,1.0,0.0,0.0,0.0,1.0
7,260,6.3519882408309405,0.0,0.0,0.0,0.0,0.0,0.0,0.0
8,260,7.635389075284285,7.959998403730329,0.0,0.0,1.0,0.0,1.0,1.0
9,260,0.0,3.9399425905900376,1.0,0.0,0.0,1.0,0.0,1.0
10,260,12.0,9.93428561230132,0.0,1.0,1.0,1.0,1.0,0.0
11,260,2.504746838384761,1.599445183057745,1.0,0.0,1.0,0.0,0.0,0.0
12,260,9.332107023635077,12.0,1.0,0.0,1.0,1.0,0.0,1.0
13,260,1.8692053313127177,5.026376136801585,0.0,1.0,0.0,1.0,1.0,1.0
14,260,1.2286139573548602,0.0,0.0,1.0,0.0,0.0,0.0,0.0
15,260,0.0,12.0,1.0,0.0,1.0,1.0,0.0,1.0
16,260,2.354806925322313,12.0,0.0,0.0,1.0,0.0,0.0,0.0
17,260,10.11625396338924,6.942943913988124,0.0,0.0,1.0,0.0,1.0,1.0
18,260,1.337949115119208,0.0030687868326418,0.0,1.0,1.0,1.0,0.0,0.0
19,260,11.617335353918689,7.755936309930754,0.0,0.0,0.0,0.0,0.0,0.0
20,260,12.0,0.1486878963579934,1.0,1.0,1.0,0.0,1.0,0.0
21,260,10.527030914273316,9.686902374693604,0.0,1.0,1.0,0.0,0.0,1.0
22,260,0.0,5.882206631890885,1.0,0.0,1.0,1.0,1.0,0.0
23,260,0.3647698784118886,4.876711723224724,0.0,0.0,1.0,0.0,0.0,0.0
24,260,10.710024689980065,0.0,1.0,0.0,1.0,1.0,0.0,0.0
25,260,9.017384199845566,9.926206984583658,1.0,1.0,0.0,1.0,0.0,0.0
26,260,4.607499907901094,1.4931747644197242,1.0,0.0,1.0,0.0,1.0,1.0
27,260,7.216178762633784,5.221101349687938,1.0,0.0,0.0,0.0,0.0,1.0
28,260,11.999552913892812,3.4731758642032085,0.0,0.0,0.0,0.0,1.0,0.0
29,260,7.791289401740106,9.69306981044596,0.0,0.0,0.0,1.0,1.0,0.0
30,260,12.0,0.0,1.0,1.0,1.0,0.0,1.0,0.0
31,260,2.8319070199887686,5.2124608921106885,1.0,0.0,0.0,1.0,0.0,1.0
32,260,5.642458857162342,10.506378439424434,0.0,0.0,0.0,0.0,0.0,0.0
33,260,9.544128378839623,5.415322850452811,1.0,1.0,1.0,1.0,1.0,0.0
34,260,2.9350233711117544,7.713509739957918,1.0,1.0,0.0,1.0,0.0,0.0
35,260,1.9114429801917745,8.620164714520552,0.0,1.0,0.0,0.0,0.0,0.0
36,260,5.15206056352526,12.0,0.0,1.0,0.0,0.0,1.0,0.0
37,260,1.3489222449870182,2.172339950852826,0.0,0.0,0.0,1.0,0.0,0.0
38,260,9.535021773633677,12.0,0.0,1.0,0.0,0.0,0.0,1.0
39,260,6.639307977503048,8.178682976726108,1.0,0.0,1.0,0.0,0.0,1.0
0,265,11.95768841884841,9.712211601753156,0.0,1.0,0.0,0.0,1.0,0.0
1,265,2.1847901557638645,12.0,0.0,1.0,0.0,0.0,0.0,0.0
2,265,9.580290253912954,6.023857184059946,1.0,0.0,0.0,1.0,1.0,0.0
3,265,2.2540944453297165,3.8492062985119486,0.0,0.0,0.0,1.0,1.0,1.0
4,265,4.957030651203367,1.0063953241171162,0.0,0.0,0.0,0.0,1.0,1.0
5,265,0.5124208110705305,3.2261460386036944,0.0,0.0,0.0,1.0,1.0,1.0
6,265,10.364608580980455,3.634964871690408,1.0,1.0,0.0,0.0,0.0,1.0
7,265,6.279877153140733,0.0,0.0,0.0,0.0,0.0,0.0,0.0
8,265,7.576939683148368,8.088482362328195,0.0,0.0,1.0,0.0,1.0,1.0
9,265,0.0,3.985271994711936,1.0,0.0,0.0,1.0,0.0,1.0
10,265,12.0,9.883745950248958,0.0,1.0,1.0,1.0,1.0,0.0
11,265,2.502618725666582,1.5615696868222415,1.0,0.0,1.0,0.0,0.0,0.0
12,265,9.269658965131288,12.0,1.0,0.0,1.0,1.0,0.0,1.0
13,265,1.7643783732452425,4.991931370299582,0.0,1.0,0.0,1.0,1.0,1.0
14,265,1.0181848435302063,0.0,0.0,1.0,0.0,0.0,0.0,0.0
15,265,0.0,12.0,1.0,0.0,1.0,1.0,0.0,1.0
16,265,2.3386970265382883,12.0,0.0,0.0,1.0,0.0,0.0,0.0
17,265,10.039693277870464,6.94090612841659,0.0,0.0,1.0,0.0,1.0,1.0
18,265,1.3577343377636153,0.0,0.0,1.0,1.0,1.0,0.0,0.0
19,265,11.616253232929596,7.746027562034932,0.0,0.0,0.0,0.0,0.0,0.0
20,265,12.0,0.1670002788450785,1.0,1.0,1.0,0.0,1.0,0.0
21,265,10.542920687252712,9.596669932279196,0.0,1.0,1.0,0.0,0.0,1.0
22,265,0.0,6.002571685996656,1.0,0.0,1.0,1.0,1.0,0.0
23,265,0.3695261614452525,4.856744791945048,0.0,0.0,1.0,0.0,0.0,0.0
24,265,10.541844276440584,0.0,1.0,0.0,1.0,1.0,0.0,0.0
25,265,9.01054773986074,10.036087383215737,1.0,1.0,0.0,1.0,0.0,0.0
26,265,4.647094684025697,1.5689821267605686,1.0,0.0,1.0,0.0,1.0,1.0
27,265,7.214802821365672,5.2058955845956,1.0,0.0,0.0,0.0,0.0,1.0
28,265,11.999560771423797,3.5133474529132864,0.0,0.0,0.0,0.0,1.0,0.0
29,265,7.698368869939227,9.812642349371822,0.0,0.0,0.0,1.0,1.0,0.0
30,265,12.0,0.0,1.0,1.0,1.0,0.0,1.0,0.0
31,265,2.8768034909996283,5.190423712838008,1.0,0.0,0.0,1.0,0.0,1.0
32,265,5.630078388660083,10.502226572749136,0.0,0.0,0.0,0.0,0.0,0.0
33,265,9.35817368524362,5.3666943021760725,1.0,1.0,1.0,1.0,1.0,0.0
34,265,3.018946434239456,7.630621700592119,1.0,1.0,0.0,1.0,0.0,0.0
35,265,1.915094001600588,8.594636949301636,0.0,1.0,0.0,0.0,0.0,0.0
36,265,5.053736449801311,12.0,0.0,1.0,0.0,0.0,1.0,0.0
37,265,1.3340936467858413,2.093741130881624,0.0,0.0,0.0,1.0,0.0,0.0
38,265,9.496553362785646,12.0,0.0,1.0,0.0,0.0,0.0,1.0
39,265,6.6120948853262655,8.319157157299422,1.0,0.0,1.0,0.0,0.0,1.0
0,270,11.936337284621224,9.725579071196616,0.0,1.0,0.0,0.0,1.0,0.0
1,270,2.098015571410029,12.0,0.0,1.0,0.0,0.0,0.0,0.0
2,270,9.565052751779856,6.019462595893754,1.0,0.0,0.0,1.0,1.0,0.0
3,270,2.453868660946401,3.750183761137393,0.0,0.0,0.0,1.0,1.0,1.0
4,270,5.060925621697368,1.0024433305771832,0.0,0.0,0.0,0.0,1.0,1.0
5,270,0.3905140089060043,3.21902908068322,0.0,0.0,0.0,1.0,1.0,1.0
6,270,10.39901336138926,3.671918111197254,1.0,1.0,0.0,0.0,0.0,1.0
7,270,6.202659249207547,0.0,0.0,0.0,0.0,0.0,0.0,0.0
8,270,7.520010091884671,8.213574631684859,0.0,0.0,1.0,0.0,1.0,1.0
9,270,0.0,4.04798372106047,1.0,0.0,0.0,1.0,0.0,1.0
10,270,12.0,9.819676704613794,0.0,1.0,1.0,1.0,1.0,0.0
11,270,2.498971365327213,1.4980225522004076,1.0,0.0,1.0,0.0,0.0,0.0
12,270,9.221241975226471,12.0,1.0,0.0,1.0,1.0,0.0,1.0
13,270,1.659150072247265,4.958894080461995,0.0,1.0,0.0,1.0,1.0,1.0
14,270,0.7982155393548813,0.0,0.0,1.0,0.0,0.0,0.0,0.0
15,270,0.0,12.0,1.0,0.0,1.0,1.0,0.0,1.0
16,270,2.316442211537948,12.0,0.0,0.0,1.0,0.0,0.0,0.0
17,270,9.943163248715708,6.936709979382033,0.0,0.0,1.0,0.0,1.0,1.0
18,270,1.3698878638191192,0.0,0.0,1.0,1.0,1.0,0.0,0.0
19,270,11.61487330368202,7.733863698284256,0.0,0.0,0.0,0.0,0.0,0.0
20,270,12.0,0.1849611649225916,1.0,1.0,1.0,0.0,1.0,0.0
21,270,10.558473777292113,9.511375605421762,0.0,1.0,1.0,0.0,0.0,1.0
22,270,0.0,6.109875966866897,1.0,0.0,1.0,1.0,1.0,0.0
23,270,0.3735054835951356,4.838526203699565,0.0,0.0,1.0,0.0,0.0,0.0
24,270,10.393010609298688,0.0,1.0,0.0,1.0,1.0,0.0,0.0
25,270,9.003359844468555,10.131961967513876,1.0,1.0,0.0,1.0,0.0,0.0
26,270,4.673123675893835,1.6174437650376403,1.0,0.0,1.0,0.0,1.0,1.0
27,270,7.211505111960548,5.1731794347784525,1.0,0.0,0.0,0.0,0.0,1.0
28,270,11.99911451612454,3.5546940478596283,0.0,0.0,0.0,0.0,1.0,0.0
29,270,7.606393266644262,9.931144714780114,0.0,0.0,0.0,1.0,1.0,0.0
30,270,12.0,0.0,1.0,1.0,1.0,0.0,1.0,0.0
31,270,2.934957578384759,5.1623623038572575,1.0,0.0,0.0,1.0,0.0,1.0
32,270,5.612459632521274,10.496055225994937,0.0,0.0,0.0,0.0,0.0,0.0
33,270,9.179353876707092,5.321740536982719,1.0,1.0,1.0,1.0,1.0,0.0
34,270,3.1219345695425296,7.532610403604189,1.0,1.0,0.0,1.0,0.0,0.0
35,270,1.915797318621186,8.589118079261961,0.0,1.0,0.0,0.0,0.0,0.0
36,270,4.954017012585208,12.0,0.0,1.0,0.0,0.0,1.0,0.0
37,270,1.3215001676988938,2.0390134446785075,0.0,0.0,0.0,1.0,0.0,0.0
38,270,9.454970416519195,12.0,0.0,1.0,0.0,0.0,0.0,1.0
39,270,6.589045307423773,8.437056525755997,1.0,0.0,1.0,0.0,0.0,1.0
0,275,11.92448420158737,9.7328816221807,0.0,1.0,0.0,0.0,1.0,0.0
1,275,2.0118061192322023,12.0,0.0,1.0,0.0,0.0,0.0,0.0
2,275,9.537696866478576,6.011981971659729,1.0,0.0,0.0,1.0,1.0,0.0
3,275,2.65253829472607,3.659261338094799,0.0,0.0,0.0,1.0,1.0,1.0
4,275,5.193146487819,0.993074809383082,0.0,0.0,0.0,0.0,1.0,1.0
5,275,0.2428470837952732,3.2101386705831807,0.0,0.0,0.0,1.0,1.0,1.0
6,275,10.426910459104745,3.702558605243372,1.0,1.0,0.0,0.0,0.0,1.0
7,275,6.127246763842378,0.0,0.0,0.0,0.0,0.0,0.0,0.0
8,275,7.463610089211092,8.334828991868925,0.0,0.0,1.0,0.0,1.0,1.0
9,275,0.0,4.107598508620248,1.0,0.0,0.0,1.0,0.0,1.0
10,275,12.0,9.756604104103324,0.0,1.0,1.0,1.0,1.0,0.0
11,275,2.496484784079067,1.436408969998881,1.0,0.0,1.0,0.0,0.0,0.0
12,275,9.189915957535444,12.0,1.0,0.0,1.0,1.0,0.0,1.0
13,275,1.5591010491352266,4.927830787967963,0.0,1.0,0.0,1.0,1.0,1.0
14,275,0.5701721920379417,0.0,0.0,1.0,0.0,0.0,0.0,0.0
15,275,0.0,12.0,1.0,0.0,1.0,1.0,0.0,1.0
16,275,2.294837101671198,12.0,0.0,0.0,1.0,0.0,0.0,0.0
17,275,9.824671807253042,6.931812125905373,0.0,0.0,1.0,0.0,1.0,1.0
18,275,1.3700583082505158,0.0,0.0,1.0,1.0,1.0,0.0,0.0
19,275,11.612607954481666,7.710961861542314,0.0,0.0,0.0,0.0,0.0,0.0
20,275,12.0,0.2008421022921499,1.0,1.0,1.0,0.0,1.0,0.0
21,275,10.57847664345227,9.418688546244676,0.0,1.0,1.0,0.0,0.0,1.0
22,275,0.0,6.216322023110727,1.0,0.0,1.0,1.0,1.0,0.0
23,275,0.3749701249697462,4.831298926542349,0.0,0.0,1.0,0.0,0.0,0.0
24,275,10.219813409874725,0.0,1.0,0.0,1.0,1.0,0.0,0.0
25,275,8.995468513823612,10.233388811001795,1.0,1.0,0.0,1.0,0.0,0.0
26,275,4.683729806365174,1.6369722091454204,1.0,0.0,1.0,0.0,1.0,1.0
27,275,7.208365009711856,5.138099199508751,1.0,0.0,0.0,0.0,0.0,1.0
28,275,11.999960559687008,3.593359237547864,0.0,0.0,0.0,0.0,1.0,0.0
29,275,7.525757550927365,10.038464654421174,0.0,0.0,0.0,1.0,1.0,0.0
30,275,12.0,0.0,1.0,1.0,1.0,0.0,1.0,0.0
31,275,2.995747091060456,5.132159772661061,1.0,0.0,0.0,1.0,0.0,1.0
32,275,5.60463400086369,10.51751972837955,0.0,0.0,0.0,0.0,0.0,0.0
33,275,8.994523591100423,5.27627612186,1.0,1.0,1.0,1.0,1.0,0.0
34,275,3.23955854469142,7.415215916392366,1.0,1.0,0.0,1.0,0.0,0.0
35,275,1.9046069522218607,8.587671224411002,0.0,1.0,0.0,0.0,0.0,0.0
36,275,4.850344747050021,12.0,0.0,1.0,0.0,0.0,1.0,0.0
37,275,1.314310101960375,2.006656408576692,0.0,0.0,0.0,1.0,0.0,0.0
38,275,9.406720462688666,12.0,0.0,1.0,0.0,0.0,0.0,1.0
39,275,6.568531207594293,8.552863249200099,1.0,0.0,1.0,0.0,0.0,1.0
0,280,11.913691221749298,9.73952921561451,0.0,1.0,0.0,0.0,1.0,0.0
1,280,1.9380360112174495,12.0,0.0,1.0,0.0,0.0,0.0,0.0
2,280,9.500167030217186,5.999841223384789,1.0,0.0,0.0,1.0,1.0,0.0
3,280,2.834528486419272,3.575347061051808,0.0,0.0,0.0,1.0,1.0,1.0
4,280,5.3216731426743165,0.9856831931837776,0.0,0.0,0.0,0.0,1.0,1.0
5,280,0.0909322170373655,3.2051864665092493,0.0,0.0,0.0,1.0,1.0,1.0
6,280,10.433127635001126,3.709666481001133,1.0,1.0,0.0,0.0,0.0,1.0
7,280,6.047595986293447,0.0,0.0,0.0,0.0,0.0,0.0,0.0
8,280,7.389527648067188,8.483687346953806,0.0,0.0,1.0,0.0,1.0,1.0
9,280,0.0,4.1750104245456106,1.0,0.0,0.0,1.0,0.0,1.0
10,280,12.0,9.698515558768062,0.0,1.0,1.0,1.0,1.0,0.0
11,280,2.4946851098970657,1.3984580288576165,1.0,0.0,1.0,0.0,0.0,0.0
12,280,9.152888345269886,12.0,1.0,0.0,1.0,1.0,0.0,1.0
13,280,1.4568910942247677,4.892785723991136,0.0,1.0,0.0,1.0,1.0,1.0
14,280,0.3567609202756928,0.0,0.0,1.0,0.0,0.0,0.0,0.0
15,280,0.0,12.0,1.0,0.0,1.0,1.0,0.0,1.0
16,280,2.2752701918476084,12.0,0.0,0.0,1.0,0.0,0.0,0.0
17,280,9.70999973944506,6.922506661208357,0.0,0.0,1.0,0.0,1.0,1.0
18,280,1.3844149382832942,0.0,0.0,1.0,1.0,1.0,0.0,0.0
19,280,11.611184589018537,7.695259855440801,0.0,0.0,0.0,0.0,0.0,0.0
20,280,12.0,0.2124474531564476,1.0,1.0,1.0,0.0,1.0,0.0
21,280,10.599490026438318,9.327456440655432,0.0,1.0,1.0,0.0,0.0,1.0
22,280,0.0,6.311787934995229,1.0,0.0,1.0,1.0,1.0,0.0
23,280,0.3745664159592592,4.833563886228048,0.0,0.0,1.0,0.0,0.0,0.0
24,280,10.015353748555016,0.0,1.0,0.0,1.0,1.0,0.0,0.0
25,280,8.989203012540134,10.334207967709665,1.0,1.0,0.0,1.0,0.0,0.0
26,280,4.703461124446519,1.6723957324364715,1.0,0.0,1.0,0.0,1.0,1.0
27,280,7.206325827316049,5.112877229915638,1.0,0.0,0.0,0.0,0.0,1.0
28,280,12.0,3.6120657625929367,0.0,0.0,0.0,0.0,1.0,0.0
29,280,7.448198537875459,10.141170690822513,0.0,0.0,0.0,1.0,1.0,0.0
30,280,12.0,0.0,1.0,1.0,1.0,0.0,1.0,0.0
31,280,3.052679962858993,5.105336340270946,1.0,0.0,0.0,1.0,0.0,1.0
32,280,5.601263839689779,10.526290931162524,0.0,0.0,0.0,0.0,0.0,0.0
33,280,8.807213165662708,5.233165109571381,1.0,1.0,1.0,1.0,1.0,0.0
34,280,3.357154936766925,7.291624425321972,1.0,1.0,0.0,1.0,0.0,0.0
35,280,1.8828344036009443,8.584964115984143,0.0,1.0,0.0,0.0,0.0,0.0
36,280,4.74714503550782,12.0,0.0,1.0,0.0,0.0,1.0,0.0
37,280,1.3008267432728358,1.9512186208806168,0.0,0.0,0.0,1.0,0.0,0.0
38,280,9.356257020092407,12.0,0.0,1.0,0.0,0.0,0.0,1.0
39,280,6.551064811271641,8.655754656771043,1.0,0.0,1.0,0.0,0.0,1.0
0,285,11.884297733244704,9.757506750874938,0.0,1.0,0.0,0.0,1.0,0.0
1,285,1.8576833015436705,12.0,0.0,1.0,0.0,0.0,0.0,0.0
2,285,9.448238715667792,5.981887736031156,1.0,0.0,0.0,1.0,1.0,0.0
3,285,2.989930000732338,3.5011055260007478,0.0,0.0,0.0,1.0,1.0,1.0
4,285,5.456024868275088,0.9803365546526688,0.0,0.0,0.0,0.0,1.0,1.0
5,285,0.0,3.197899802318812,0.0,0.0,0.0,1.0,1.0,1.0
6,285,10.437157779985762,3.7143445814907294,1.0,1.0,0.0,0.0,0.0,1.0
7,285,5.941987163107453,0.0,0.0,0.0,0.0,0.0,0.0,0.0
8,285,7.310986199046331,8.640364099561653,0.0,0.0,1.0,0.0,1.0,1.0
9,285,0.0,4.2379091230141,1.0,0.0,0.0,1.0,0.0,1.0
10,285,12.0,9.643705863604223,0.0,1.0,1.0,1.0,1.0,0.0
11,285,2.4919233690563507,1.354609118665596,1.0,0.0,1.0,0.0,0.0,0.0
12,285,9.093489198826054,12.0,1.0,0.0,1.0,1.0,0.0,1.0
13,285,1.3509913845464625,4.858609415488248,0.0,1.0,0.0,1.0,1.0,1.0
14,285,0.169815134818291,0.0,0.0,1.0,0.0,0.0,0.0,0.0
15,285,0.0002534059403087,12.0,1.0,0.0,1.0,1.0,0.0,1.0
16,285,2.2506982690432964,12.0,0.0,0.0,1.0,0.0,0.0,0.0
17,285,9.574957582018913,6.909862916614385,0.0,0.0,1.0,0.0,1.0,1.0
18,285,1.3643008953074265,0.0053794112562028,0.0,1.0,1.0,1.0,0.0,0.0
19,285,11.609365923033623,7.678364563566376,0.0,0.0,0.0,0.0,0.0,0.0
20,285,12.0,0.2231367970040734,1.0,1.0,1.0,0.0,1.0,0.0
21,285,10.62637157699556,9.22615358778821,0.0,1.0,1.0,0.0,0.0,1.0
22,285,0.0,6.401108302998419,1.0,0.0,1.0,1.0,1.0,0.0
23,285,0.3761985997551912,4.824537639010941,0.0,0.0,1.0,0.0,0.0,0.0
24,285,9.80660987669724,0.0,1.0,0.0,1.0,1.0,0.0,0.0
25,285,8.983632521076693,10.4428234274657,1.0,1.0,0.0,1.0,0.0,0.0
26,285,4.721307583797322,1.7037054381689134,1.0,0.0,1.0,0.0,1.0,1.0
27,285,7.203151735862799,5.076882821619149,1.0,0.0,0.0,0.0,0.0,1.0
28,285,12.0,3.643654921018717,0.0,0.0,0.0,0.0,1.0,0.0
29,285,7.377050243527176,10.23542035860777,0.0,0.0,0.0,1.0,1.0,0.0
30,285,12.0,0.0,1.0,1.0,1.0,0.0,1.0,0.0
31,285,3.116804966687946,5.075286785970143,1.0,0.0,0.0,1.0,0.0,1.0
32,285,5.602105661574791,10.52425793108926,0.0,0.0,0.0,0.0,0.0,0.0
33,285,8.634100496000153,5.194579354980193,1.0,1.0,1.0,1.0,1.0,0.0
34,285,3.457593240149635,7.184529532586657,1.0,1.0,0.0,1.0,0.0,0.0
35,285,1.8552088193269056,8.58149211537754,0.0,1.0,0.0,0.0,0.0,0.0
36,285,4.665099431523103,12.0,0.0,1.0,0.0,0.0,1.0,0.0
37,285,1.2824895806279029,1.880722707207609,0.0,0.0,0.0,1.0,0.0,0.0
38,285,9.302471812557464,12.0,0.0,1.0,0.0,0.0,0.0,1.0
39,285,6.535564781754464,8.742954092263547,1.0,0.0,1.0,0.0,0.0,1.0
0,290,11.866927182847368,9.76798320637153,0.0,1.0,0.0,0.0,1.0,0.0
1,290,1.7552494570960684,12.0,0.0,1.0,0.0,0.0,0.0,0.0
2,290,9.399325740794335,5.966505585744128,1.0,0.0,0.0,1.0,1.0,0.0
3,290,3.117696655370721,3.441998376613318,0.0,0.0,0.0,1.0,1.0,1.0
4,290,5.587648247944547,0.9762054423247772,0.0,0.0,0.0,0.0,1.0,1.0
5,290,0.0,3.188503549466339,0.0,0.0,0.0,1.0,1.0,1.0
6,290,10.432132044300928,3.708777016611525,1.0,1.0,0.0,0.0,0.0,1.0
7,290,5.801825086088917,0.0,0.0,0.0,0.0,0.0,0.0,0.0
8,290,7.235945766442747,8.796129962733783,0.0,0.0,1.0,0.0,1.0,1.0
9,290,0.0,4.2983702985549,1.0,0.0,0.0,1.0,0.0,1.0
10,290,12.0,9.583099986824864,0.0,1.0,1.0,1.0,1.0,0.0
11,290,2.4882852698256634,1.2979761878477611,1.0,0.0,1.0,0.0,0.0,0.0
12,290,9.036285187815771,12.0,1.0,0.0,1.0,1.0,0.0,1.0
13,290,1.2609455101462388,4.828147631036804,0.0,1.0,0.0,1.0,1.0,1.0
14,290,0.0132643068598936,0.1759889608043751,0.0,1.0,0.0,0.0,0.0,0.0
15,290,0.0,11.986189206772565,1.0,0.0,1.0,1.0,0.0,1.0
16,290,2.223817439380668,12.0,0.0,0.0,1.0,0.0,0.0,0.0
17,290,9.47881174151636,6.901434740045266,0.0,0.0,1.0,0.0,1.0,1.0
18,290,1.3499932312740386,0.0095182316691737,0.0,1.0,1.0,1.0,0.0,0.0
19,290,11.607201265970804,7.660119523982216,0.0,0.0,0.0,0.0,0.0,0.0
20,290,12.0,0.2273414194266386,1.0,1.0,1.0,0.0,1.0,0.0
21,290,10.50354108488712,9.194862708513345,0.0,1.0,1.0,0.0,0.0,1.0
22,290,0.0,6.50019442372616,1.0,0.0,1.0,1.0,1.0,0.0
23,290,0.3757257519075697,4.827176461426044,0.0,0.0,1.0,0.0,0.0,0.0
24,290,9.597763655721248,0.0,1.0,0.0,1.0,1.0,0.0,0.0
25,290,8.977192873947986,10.562891077107595,1.0,1.0,0.0,1.0,0.0,0.0
26,290,4.734335348315685,1.7264440185208805,1.0,0.0,1.0,0.0,1.0,1.0
27,290,7.199907310196767,5.040644649386495,1.0,0.0,0.0,0.0,0.0,1.0
28,290,12.0,3.6785169983933534,0.0,0.0,0.0,0.0,1.0,0.0
29,290,7.311034816076694,10.325396309479196,0.0,0.0,0.0,1.0,1.0,0.0
30,290,12.0,0.0,1.0,1.0,1.0,0.0,1.0,0.0
31,290,3.178122140505202,5.049409459812919,1.0,0.0,0.0,1.0,0.0,1.0
32,290,5.606084794137159,10.513899728858924,0.0,0.0,0.0,0.0,0.0,0.0
33,290,8.462924807077881,5.16092102585616,1.0,1.0,1.0,1.0,1.0,0.0
34,290,3.5706927638966457,7.072597028964898,1.0,1.0,0.0,1.0,0.0,0.0
35,290,1.8295359214707445,8.579068139791115,0.0,1.0,0.0,0.0,0.0,0.0
36,290,4.573839913395134,12.0,0.0,1.0,0.0,0.0,1.0,0.0
37,290,1.2625125325640256,1.804140566190256,0.0,0.0,0.0,1.0,0.0,0.0
38,290,9.252920702588844,12.0,0.0,1.0,0.0,0.0,0.0,1.0
39,290,6.521205784656649,8.829351135043611,1.0,0.0,1.0,0.0,0.0,1.0
0,295,11.851846876346062,9.775966218512078,0.0,1.0,0.0,0.0,1.0,0.0
1,295,1.6423983529479864,12.0,0.0,1.0,0.0,0.0,0.0,0.0
2,295,9.314501151224976,5.93790335696623,1.0,0.0,0.0,1.0,1.0,0.0
3,295,3.251659819503676,3.377659886721706,0.0,0.0,0.0,1.0,1.0,1.0
4,295,5.716414376440601,0.9709048717829576,0.0,0.0,0.0,0.0,1.0,1.0
5,295,0.0,3.177743514975784,0.0,0.0,0.0,1.0,1.0,1.0
6,295,10.413463223780177,3.688590977443851,1.0,1.0,0.0,0.0,0.0,1.0
7,295,5.666635127337799,0.0,0.0,0.0,0.0,0.0,0.0,0.0
8,295,7.163330741111742,8.94090313141991,0.0,0.0,1.0,0.0,1.0,1.0
9,295,0.0,4.348760141053857,1.0,0.0,0.0,1.0,0.0,1.0
10,295,12.0,9.52095857304701,0.0,1.0,1.0,1.0,1.0,0.0
11,295,2.48357092716095,1.2366638835972268,1.0,0.0,1.0,0.0,0.0,0.0
12,295,8.989163672565123,12.0,1.0,0.0,1.0,1.0,0.0,1.0
13,295,1.1893971825555751,4.803342194064167,0.0,1.0,0.0,1.0,1.0,1.0
14,295,0.0,0.3503967008477603,0.0,1.0,0.0,0.0,0.0,0.0
15,295,0.0,11.975818209838868,1.0,0.0,1.0,1.0,0.0,1.0
16,295,2.200673487306931,12.0,0.0,0.0,1.0,0.0,0.0,0.0
17,295,9.40041538435185,6.893435506982123,0.0,0.0,1.0,0.0,1.0,1.0
18,295,1.3333701360950243,0.0144859291709275,0.0,1.0,1.0,1.0,0.0,0.0
19,295,11.605580177837192,7.647694177876053,0.0,0.0,0.0,0.0,0.0,0.0
20,295,12.0,0.2325188531132168,1.0,1.0,1.0,0.0,1.0,0.0
21,295,10.38992935891827,9.166421891558432,0.0,1.0,1.0,0.0,0.0,1.0
22,295,0.0,6.605077738678722,1.0,0.0,1.0,1.0,1.0,0.0
23,295,0.3756846334034451,4.827362172003154,0.0,0.0,1.0,0.0,0.0,0.0
24,295,9.39033789865445,0.0,1.0,0.0,1.0,1.0,0.0,0.0
25,295,8.967936947205505,10.698571505557515,1.0,1.0,0.0,1.0,0.0,0.0
26,295,4.751582330869211,1.7575967568083457,1.0,0.0,1.0,0.0,1.0,1.0
27,295,7.196940454949569,4.995876188633491,1.0,0.0,0.0,0.0,0.0,1.0
28,295,12.0,3.7074900971408127,0.0,0.0,0.0,0.0,1.0,0.0
29,295,7.240986099073352,10.423475305091328,0.0,0.0,0.0,1.0,1.0,0.0
30,295,12.0,0.0,1.0,1.0,1.0,0.0,1.0,0.0
31,295,3.236588570672128,5.024570434108965,1.0,0.0,0.0,1.0,0.0,1.0
32,295,5.618122582306401,10.484016426061208,0.0,0.0,0.0,0.0,0.0,0.0
33,295,8.288051926451685,5.1284235307711,1.0,1.0,1.0,1.0,1.0,0.0
34,295,3.687854740738246,6.96125668994022,1.0,1.0,0.0,1.0,0.0,0.0
35,295,1.793842920726365,8.57733924453979,0.0,1.0,0.0,0.0,0.0,0.0
36,295,4.461787964197435,12.0,0.0,1.0,0.0,0.0,1.0,0.0
37,295,1.2389200681001808,1.7116390799229828,0.0,0.0,0.0,1.0,0.0,0.0
38,295,9.20530354986359,12.0,0.0,1.0,0.0,0.0,0.0,1.0
39,295,6.507936547432567,8.908115138667826,1.0,0.0,1.0,0.0,0.0,1.0
