0,0,9.9650018248466,0.0533269099081447,0.0,1.0,0.0,1.0,0.0,1.0
1,0,8.042414569458556,5.01143011159953,0.0,0.0,0.0,0.0,0.0,0.0
2,0,3.998279437117269,2.0850846464890123,1.0,0.0,0.0,0.0,0.0,1.0
3,0,4.981623449795043,12.0,0.0,1.0,1.0,1.0,0.0,1.0
4,0,11.04056929430601,6.034048559515703,0.0,1.0,0.0,1.0,1.0,0.0
5,0,6.934522804300054,4.96171266200335,0.0,1.0,0.0,1.0,1.0,0.0
6,0,1.9581863461955973,4.005740679654932,1.0,1.0,0.0,0.0,1.0,0.0
7,0,8.055698660473325,9.983260143748668,0.0,0.0,0.0,1.0,1.0,1.0
8,0,2.989141788787308,10.039683772406567,0.0,1.0,0.0,1.0,1.0,0.0
9,0,2.95987820801591,8.00982857510941,0.0,1.0,0.0,0.0,1.0,1.0
10,0,2.0554286652679408,0.0456707926489816,1.0,1.0,0.0,1.0,0.0,0.0
11,0,5.998472028069079,4.043606729607936,1.0,0.0,1.0,1.0,1.0,1.0
12,0,11.959270718656905,10.969814967068498,1.0,1.0,1.0,0.0,1.0,1.0
13,0,10.019857589812402,7.973999972051655,1.0,0.0,1.0,0.0,0.0,0.0
14,0,5.0533972333103545,6.971631441362607,1.0,0.0,1.0,0.0,1.0,1.0
15,0,3.998578527493784,2.94666079887655,1.0,0.0,1.0,1.0,0.0,0.0
16,0,1.9755073552836544,2.956477023281274,1.0,1.0,0.0,0.0,0.0,1.0
17,0,7.95128736392021,11.068563513902408,0.0,0.0,1.0,0.0,1.0,0.0
18,0,3.99683277915496,1.0484075552413024,0.0,0.0,1.0,1.0,0.0,0.0
19,0,8.089281720324069,1.9864588699281636,0.0,1.0,1.0,1.0,1.0,0.0
20,0,5.948156534534887,0.0385639889245674,0.0,0.0,1.0,1.0,0.0,0.0
21,0,2.9936952772822227,0.0,0.0,1.0,1.0,0.0,1.0,0.0
22,0,1.938522181677752,12.0,0.0,1.0,1.0,0.0,1.0,0.0
23,0,5.976429129319656,1.0690889295655517,1.0,0.0,0.0,0.0,0.0,0.0
24,0,4.030582057088388,10.011783414954555,0.0,1.0,0.0,1.0,0.0,0.0
25,0,4.9874233711418245,3.054665340110418,0.0,1.0,1.0,0.0,1.0,0.0
26,0,7.985834393410705,0.0,0.0,0.0,0.0,0.0,0.0,0.0
27,0,11.056608069641538,9.022398663459304,1.0,1.0,0.0,0.0,0.0,1.0
28,0,8.017693391105118,8.945683751972407,0.0,0.0,0.0,0.0,0.0,0.0
29,0,8.936907349151127,9.00994081272094,1.0,0.0,0.0,0.0,0.0,1.0
30,0,4.034248469232211,12.0,1.0,0.0,0.0,0.0,0.0,1.0
31,0,10.964847757467588,11.01583095456608,0.0,0.0,1.0,1.0,1.0,0.0
32,0,8.997463357263328,3.065189179997532,1.0,0.0,1.0,1.0,0.0,1.0
33,0,0.0,11.055532743710712,0.0,0.0,0.0,0.0,0.0,1.0
34,0,5.967351294356805,11.030653690864762,0.0,0.0,0.0,1.0,1.0,1.0
35,0,0.999558792563978,7.055413539260619,0.0,0.0,0.0,0.0,1.0,1.0
36,0,2.020265572538216,3.9574554128535886,1.0,0.0,0.0,1.0,0.0,0.0
37,0,11.026227790109788,8.927698269902063,0.0,1.0,1.0,0.0,1.0,0.0
38,0,1.0007061934734955,9.04280391746003,0.0,0.0,0.0,1.0,0.0,1.0
39,0,10.036409637811149,5.993773579229506,1.0,0.0,1.0,1.0,0.0,1.0
0,5,9.9256212381065,0.112880498530997,0.0,1.0,0.0,1.0,0.0,1.0
1,5,8.115754799259705,5.032816799442493,0.0,0.0,0.0,0.0,0.0,0.0
2,5,3.995839790723029,2.157286966594221,1.0,0.0,0.0,0.0,0.0,1.0
3,5,4.958601662250224,12.0,0.0,1.0,1.0,1.0,0.0,1.0
4,5,11.074448602482825,6.061529241208705,0.0,1.0,0.0,1.0,1.0,0.0
5,5,6.84803192238647,4.913559101683495,0.0,1.0,0.0,1.0,1.0,0.0
6,5,1.916317011115933,4.011717448638234,1.0,1.0,0.0,0.0,1.0,0.0
7,5,8.092690485389095,9.970817183030409,0.0,0.0,0.0,1.0,1.0,1.0
8,5,2.978178853810572,10.078442086010226,0.0,1.0,0.0,1.0,1.0,0.0
9,5,2.905799896922441,8.021974313405993,0.0,1.0,0.0,0.0,1.0,1.0
10,5,2.097770480746954,0.0800731193089389,1.0,1.0,0.0,1.0,0.0,0.0
11,5,5.996197971590901,4.090288699727576,1.0,0.0,1.0,1.0,1.0,1.0
12,5,11.930108654743751,10.948651521074238,1.0,1.0,1.0,0.0,1.0,1.0
13,5,10.041780879617388,7.943493625572325,1.0,0.0,1.0,0.0,0.0,0.0
14,5,5.104337566543097,6.943307778348544,1.0,0.0,1.0,0.0,1.0,1.0
15,5,3.995210201363163,2.882393557371276,1.0,0.0,1.0,1.0,0.0,0.0
16,5,1.9284106760279336,2.983197819867919,1.0,1.0,0.0,0.0,0.0,1.0
17,5,7.9098248457165745,11.12409659000291,0.0,0.0,1.0,0.0,1.0,0.0
18,5,3.993238514289154,1.0979467602692303,0.0,0.0,1.0,1.0,0.0,0.0
19,5,8.18883177534821,1.9708894913785548,0.0,1.0,1.0,1.0,1.0,0.0
20,5,5.899697560212337,0.0750491139730923,0.0,0.0,1.0,1.0,0.0,0.0
21,5,2.988622503077352,0.0,0.0,1.0,1.0,0.0,1.0,0.0
22,5,1.8962521984278533,12.0,0.0,1.0,1.0,0.0,1.0,0.0
23,5,5.951138728685216,1.1344157714841208,1.0,0.0,0.0,0.0,0.0,0.0
24,5,4.069105487848202,10.02593876351828,0.0,1.0,0.0,1.0,0.0,0.0
25,5,4.974467308907504,3.1098278597167943,0.0,1.0,1.0,0.0,1.0,0.0
26,5,7.97448517155888,0.0,0.0,0.0,0.0,0.0,0.0,0.0
27,5,11.127661245566909,9.04998074676566,1.0,1.0,0.0,0.0,0.0,1.0
28,5,8.033639402134863,8.892874117414614,0.0,0.0,0.0,0.0,0.0,0.0
29,5,8.86712705821453,9.022595578193854,1.0,0.0,0.0,0.0,0.0,1.0
30,5,4.065059001465359,12.0,1.0,0.0,0.0,0.0,0.0,1.0
31,5,10.942041517376524,11.025646030291137,0.0,0.0,1.0,1.0,1.0,0.0
32,5,8.995338150106974,3.14522615273237,1.0,0.0,1.0,1.0,0.0,1.0
33,5,0.0,11.124359767393816,0.0,0.0,0.0,0.0,0.0,1.0
34,5,5.938226181975418,11.058540102448433,0.0,0.0,0.0,1.0,1.0,1.0
35,5,0.9981838861071912,7.108945652617567,0.0,0.0,0.0,0.0,1.0,1.0
36,5,2.028710098960876,3.93972347727515,1.0,0.0,0.0,1.0,0.0,0.0
37,5,11.047015420161229,8.866581363553326,0.0,1.0,1.0,0.0,1.0,0.0
38,5,1.0017990091877864,9.098325233326287,0.0,0.0,0.0,1.0,0.0,1.0
39,5,10.088473862759605,5.984535200753959,1.0,0.0,1.0,1.0,0.0,1.0
0,10,9.895866958994908,0.1559753272141534,0.0,1.0,0.0,1.0,0.0,1.0
1,10,8.189714164805489,5.053369720802912,0.0,0.0,0.0,0.0,0.0,0.0
2,10,3.994469337382918,2.2255258663392943,1.0,0.0,0.0,0.0,0.0,1.0
3,10,4.932314861933101,12.0,0.0,1.0,1.0,1.0,0.0,1.0
4,10,11.118086094140008,6.097917684007903,0.0,1.0,0.0,1.0,1.0,0.0
5,10,6.775084632920319,4.872932255154635,0.0,1.0,0.0,1.0,1.0,0.0
6,10,1.868395998036566,4.018313381654403,1.0,1.0,0.0,0.0,1.0,0.0
7,10,8.12510891354741,9.96060362352185,0.0,0.0,0.0,1.0,1.0,1.0
8,10,2.966033402860862,10.124930539370412,0.0,1.0,0.0,1.0,1.0,0.0
9,10,2.8280537710681646,8.039163638756353,0.0,1.0,0.0,0.0,1.0,1.0
10,10,2.161822585331615,0.1294296799074926,1.0,1.0,0.0,1.0,0.0,0.0
11,10,5.994426349567017,4.154639397431079,1.0,0.0,1.0,1.0,1.0,1.0
12,10,11.897262903243558,10.925537567312746,1.0,1.0,1.0,0.0,1.0,1.0
13,10,10.061336663764887,7.917127640024535,1.0,0.0,1.0,0.0,0.0,0.0
14,10,5.143913607614217,6.92009010880042,1.0,0.0,1.0,0.0,1.0,1.0
15,10,3.992016897466681,2.8382562949002117,1.0,0.0,1.0,1.0,0.0,0.0
16,10,1.8761419657781964,3.013790332169114,1.0,1.0,0.0,0.0,0.0,1.0
17,10,7.861593548436391,11.189797030668688,0.0,0.0,1.0,0.0,1.0,0.0
18,10,3.9891470214654743,1.153863729189317,0.0,0.0,1.0,1.0,0.0,0.0
19,10,8.309989001305489,1.9515158234943548,0.0,1.0,1.0,1.0,1.0,0.0
20,10,5.856858969798397,0.1080739399575955,0.0,0.0,1.0,1.0,0.0,0.0
21,10,2.986340166873542,0.0,0.0,1.0,1.0,0.0,1.0,0.0
22,10,1.875842892439525,12.0,0.0,1.0,1.0,0.0,1.0,0.0
23,10,5.921186860379538,1.2110057343358267,1.0,0.0,0.0,0.0,0.0,0.0
24,10,4.123733551035183,10.04530697960814,0.0,1.0,0.0,1.0,0.0,0.0
25,10,4.961107758855668,3.174532596297601,0.0,1.0,1.0,0.0,1.0,0.0
26,10,7.962992012837146,0.0,0.0,0.0,0.0,0.0,0.0,0.0
27,10,11.193550387184173,9.077846742608267,1.0,1.0,0.0,0.0,0.0,1.0
28,10,8.049678412734165,8.840646581951383,0.0,0.0,0.0,0.0,0.0,0.0
29,10,8.796406520935678,9.037758649813396,1.0,0.0,0.0,0.0,0.0,1.0
30,10,4.124084908575817,12.0,1.0,0.0,0.0,0.0,0.0,1.0
31,10,10.923483230671286,11.033534797120044,0.0,0.0,1.0,1.0,1.0,0.0
32,10,8.99718928606224,3.215586583487436,1.0,0.0,1.0,1.0,0.0,1.0
33,10,0.0,11.201690544960693,0.0,0.0,0.0,0.0,0.0,1.0
34,10,5.928761855627234,11.067283919476504,0.0,0.0,0.0,1.0,1.0,1.0
35,10,0.995973912909862,7.157059987796343,0.0,0.0,0.0,0.0,1.0,1.0
36,10,2.040069053146691,3.916411566294394,1.0,0.0,0.0,1.0,0.0,0.0
37,10,11.064167552116247,8.81538143221306,0.0,1.0,1.0,0.0,1.0,0.0
38,10,1.0042576554862055,9.157726136740015,0.0,0.0,0.0,1.0,0.0,1.0
39,10,10.122370788988295,5.978717486121855,1.0,0.0,1.0,1.0,0.0,1.0
0,15,9.857458145221145,0.2083530617369372,0.0,1.0,0.0,1.0,0.0,1.0
1,15,8.253152265411023,5.072755285973798,0.0,0.0,0.0,0.0,0.0,0.0
2,15,3.9940695511073128,2.289524786735506,1.0,0.0,0.0,0.0,0.0,1.0
3,15,4.906823555815662,12.0,0.0,1.0,1.0,1.0,0.0,1.0
4,15,11.16004021274054,6.131470021552938,0.0,1.0,0.0,1.0,1.0,0.0
5,15,6.703390198458494,4.831337163330401,0.0,1.0,0.0,1.0,1.0,0.0
6,15,1.8077088913155184,4.02723905491896,1.0,1.0,0.0,0.0,1.0,0.0
7,15,8.148627439071856,9.953716718913263,0.0,0.0,0.0,1.0,1.0,1.0
8,15,2.947829663657437,10.1957172598686,0.0,1.0,0.0,1.0,1.0,0.0
9,15,2.741945935112044,8.057302483937379,0.0,1.0,0.0,0.0,1.0,1.0
10,15,2.230597117521105,0.1845439385136151,1.0,1.0,0.0,1.0,0.0,0.0
11,15,5.991966726420412,4.237081701404546,1.0,0.0,1.0,1.0,1.0,1.0
12,15,11.848529531995016,10.892779270677902,1.0,1.0,1.0,0.0,1.0,1.0
13,15,10.079025549949144,7.893720258631718,1.0,0.0,1.0,0.0,0.0,0.0
14,15,5.189155598507779,6.894669676410742,1.0,0.0,1.0,0.0,1.0,1.0
15,15,3.9882397423328886,2.7814917898927023,1.0,0.0,1.0,1.0,0.0,0.0
16,15,1.823620652128722,3.0435102532448197,1.0,1.0,0.0,0.0,0.0,1.0
17,15,7.818642417245202,11.250088218827075,0.0,0.0,1.0,0.0,1.0,0.0
18,15,3.9843617534062,1.2077940165153769,0.0,0.0,1.0,1.0,0.0,0.0
19,15,8.437792539780341,1.9299844687103376,0.0,1.0,1.0,1.0,1.0,0.0
20,15,5.811220000482728,0.1432162539399114,0.0,0.0,1.0,1.0,0.0,0.0
21,15,2.984266502197376,0.0,0.0,1.0,1.0,0.0,1.0,0.0
22,15,1.868553960438156,12.0,0.0,1.0,1.0,0.0,1.0,0.0
23,15,5.889928868772797,1.2983407248145424,1.0,0.0,0.0,0.0,0.0,0.0
24,15,4.173532701391677,10.062943981787088,0.0,1.0,0.0,1.0,0.0,0.0
25,15,4.943165577955156,3.2571811234290773,0.0,1.0,1.0,0.0,1.0,0.0
26,15,7.954167162748206,0.0,0.0,0.0,0.0,0.0,0.0,0.0
27,15,11.251721462618052,9.104398550398107,1.0,1.0,0.0,0.0,0.0,1.0
28,15,8.058938165686506,8.8125989489287,0.0,0.0,0.0,0.0,0.0,0.0
29,15,8.726942777873893,9.050336993279757,1.0,0.0,0.0,0.0,0.0,1.0
30,15,4.16860075940095,12.0,1.0,0.0,0.0,0.0,0.0,1.0
31,15,10.910798833302913,11.038891946226528,0.0,0.0,1.0,1.0,1.0,0.0
32,15,8.999677984326308,3.266259833175231,1.0,0.0,1.0,1.0,0.0,1.0
33,15,0.0,11.276718814082846,0.0,0.0,0.0,0.0,0.0,1.0
34,15,5.908144468829621,11.086612304138638,0.0,0.0,0.0,1.0,1.0,1.0
35,15,0.9923096591794,7.233279511967157,0.0,0.0,0.0,0.0,1.0,1.0
36,15,2.0508441388837517,3.8928908486470535,1.0,0.0,0.0,1.0,0.0,0.0
37,15,11.08000446110072,8.760065329914342,0.0,1.0,1.0,0.0,1.0,0.0
38,15,1.0073637194665317,9.229223556511483,0.0,0.0,0.0,1.0,0.0,1.0
39,15,10.166483511002715,5.971867586481308,1.0,0.0,1.0,1.0,0.0,1.0
0,20,9.917286417731004,0.2516636636413546,0.0,1.0,0.0,1.0,0.0,1.0
1,20,8.313888793090724,5.0917201960139264,0.0,0.0,0.0,0.0,0.0,0.0
2,20,3.991132367471904,2.3560343780535318,1.0,0.0,0.0,0.0,0.0,1.0
3,20,4.880717148400967,12.0,0.0,1.0,1.0,1.0,0.0,1.0
4,20,11.202103840555836,6.163949834547949,0.0,1.0,0.0,1.0,1.0,0.0
5,20,6.646053124358322,4.798900013378768,0.0,1.0,0.0,1.0,1.0,0.0
6,20,1.737154179148182,4.037102345478428,1.0,1.0,0.0,0.0,1.0,0.0
7,20,8.162791008238797,9.948772767407974,0.0,0.0,0.0,1.0,1.0,1.0
8,20,2.933952758679666,10.249661336826566,0.0,1.0,0.0,1.0,1.0,0.0
9,20,2.66108537066784,8.071662166293674,0.0,1.0,0.0,0.0,1.0,1.0
10,20,2.2800734881130618,0.2270055804544184,1.0,1.0,0.0,1.0,0.0,0.0
11,20,5.990648630258295,4.315146016904996,1.0,0.0,1.0,1.0,1.0,1.0
12,20,11.813762942731769,10.867974336464618,1.0,1.0,1.0,0.0,1.0,1.0
13,20,10.103942722723392,7.859809465786763,1.0,0.0,1.0,0.0,0.0,0.0
14,20,5.238471195013192,6.867878186427177,1.0,0.0,1.0,0.0,1.0,1.0
15,20,3.98646960133215,2.7300913045695414,1.0,0.0,1.0,1.0,0.0,0.0
16,20,1.7733719047573098,3.0720951773454064,1.0,1.0,0.0,0.0,0.0,1.0
17,20,7.786827963985502,11.295389786187757,0.0,0.0,1.0,0.0,1.0,0.0
18,20,3.979497393956389,1.2653439226722325,0.0,0.0,1.0,1.0,0.0,0.0
19,20,8.583270376719257,1.9046543455970464,0.0,1.0,1.0,1.0,1.0,0.0
20,20,5.76375092855636,0.1817635569953921,0.0,0.0,1.0,1.0,0.0,0.0
21,20,2.981222741332998,0.0,0.0,1.0,1.0,0.0,1.0,0.0
22,20,1.8657603946665076,12.0,0.0,1.0,1.0,0.0,1.0,0.0
23,20,5.855603556457652,1.3928704663009936,1.0,0.0,0.0,0.0,0.0,0.0
24,20,4.225940257146929,10.079507992879249,0.0,1.0,0.0,1.0,0.0,0.0
25,20,4.926156172533509,3.337841338973468,0.0,1.0,1.0,0.0,1.0,0.0
26,20,7.938244152569531,0.0,0.0,0.0,0.0,0.0,0.0,0.0
27,20,11.312809453744508,9.131022890758947,1.0,1.0,0.0,0.0,0.0,1.0
28,20,8.072404870703414,8.769844405202893,0.0,0.0,0.0,0.0,0.0,0.0
29,20,8.643179048955316,9.068305103558242,1.0,0.0,0.0,0.0,0.0,1.0
30,20,4.187300869879312,12.0,1.0,0.0,0.0,0.0,0.0,1.0
31,20,10.879267447975144,11.051829075095052,0.0,0.0,1.0,1.0,1.0,0.0
32,20,9.002602424924302,3.3076213594944344,1.0,0.0,1.0,1.0,0.0,1.0
33,20,0.0,11.345489310726329,0.0,0.0,0.0,0.0,0.0,1.0
34,20,5.8788931181822095,11.115120195935283,0.0,0.0,0.0,1.0,1.0,1.0
35,20,0.9876205061910402,7.316440537879637,0.0,0.0,0.0,0.0,1.0,1.0
36,20,2.056486434854679,3.8798347974779848,1.0,0.0,0.0,1.0,0.0,0.0
37,20,11.0978173815285,8.700449933266311,0.0,1.0,1.0,0.0,1.0,0.0
38,20,1.0098642242437528,9.29493014946653,0.0,0.0,0.0,1.0,0.0,1.0
39,20,10.20471989152484,5.965266010897061,1.0,0.0,1.0,1.0,0.0,1.0
0,25,9.96408696847953,0.2871343150146889,0.0,1.0,0.0,1.0,0.0,1.0
1,25,8.375232516238626,5.110409170405903,0.0,0.0,0.0,0.0,0.0,0.0
2,25,3.984984804786391,2.4235826446628006,1.0,0.0,0.0,0.0,0.0,1.0
3,25,4.858061928874991,12.0,0.0,1.0,1.0,1.0,0.0,1.0
4,25,11.23818787040568,6.192064508640519,0.0,1.0,0.0,1.0,1.0,0.0
5,25,6.601141417650878,4.772674670998968,0.0,1.0,0.0,1.0,1.0,0.0
6,25,1.6696018324278143,4.0469578433140825,1.0,1.0,0.0,0.0,1.0,0.0
7,25,8.182130151726513,9.942226033599791,0.0,0.0,0.0,1.0,1.0,1.0
8,25,2.91763061316808,10.313542297775353,0.0,1.0,0.0,1.0,1.0,0.0
9,25,2.5884426930766504,8.084721708234303,0.0,1.0,0.0,0.0,1.0,1.0
10,25,2.322746912760953,0.2652737041513986,1.0,1.0,0.0,1.0,0.0,0.0
11,25,5.987903420653361,4.379273522659487,1.0,0.0,1.0,1.0,1.0,1.0
12,25,11.792946733823603,10.852978832920046,1.0,1.0,1.0,0.0,1.0,1.0
13,25,10.148438870571226,7.797497040785799,1.0,0.0,1.0,0.0,0.0,0.0
14,25,5.291542688753129,6.839333134999138,1.0,0.0,1.0,0.0,1.0,1.0
15,25,3.985473251842112,2.687704222909045,1.0,0.0,1.0,1.0,0.0,0.0
16,25,1.7106758092370882,3.1081405243721423,1.0,1.0,0.0,0.0,0.0,1.0
17,25,7.769908242788755,11.319240066947842,0.0,0.0,1.0,0.0,1.0,0.0
18,25,3.9738299456502872,1.3211921376299995,0.0,0.0,1.0,1.0,0.0,0.0
19,25,8.716183142597572,1.881253330468558,0.0,1.0,1.0,1.0,1.0,0.0
20,25,5.719947665462711,0.2189404301136905,0.0,0.0,1.0,1.0,0.0,0.0
21,25,2.978065321375973,0.0,0.0,1.0,1.0,0.0,1.0,0.0
22,25,1.8462877015693688,12.0,0.0,1.0,1.0,0.0,1.0,0.0
23,25,5.820570756769619,1.4830313719296444,1.0,0.0,0.0,0.0,0.0,0.0
24,25,4.289503462855992,10.099217573066422,0.0,1.0,0.0,1.0,0.0,0.0
25,25,4.90687922443789,3.4219745915445614,0.0,1.0,1.0,0.0,1.0,0.0
26,25,7.920902487371899,0.0,0.0,0.0,0.0,0.0,0.0,0.0
27,25,11.357619890518064,9.151451677717608,1.0,1.0,0.0,0.0,0.0,1.0
28,25,8.089604027431438,8.72058783953345,0.0,0.0,0.0,0.0,0.0,0.0
29,25,8.554906669172848,9.086313261415231,1.0,0.0,0.0,0.0,0.0,1.0
30,25,4.216603885833153,12.0,1.0,0.0,0.0,0.0,0.0,1.0
31,25,10.842898136348524,11.06666464340888,0.0,0.0,1.0,1.0,1.0,0.0
32,25,9.005190455168872,3.345797794853502,1.0,0.0,1.0,1.0,0.0,1.0
33,25,0.0,11.423582379806549,0.0,0.0,0.0,0.0,0.0,1.0
34,25,5.850498323038668,11.143635712590063,0.0,0.0,0.0,1.0,1.0,1.0
35,25,0.9834498635525926,7.386431940693747,0.0,0.0,0.0,0.0,1.0,1.0
36,25,2.0718855749393983,3.843091427632006,1.0,0.0,0.0,1.0,0.0,0.0
37,25,11.112130722272592,8.65337025901938,0.0,1.0,1.0,0.0,1.0,0.0
38,25,1.0124876363700384,9.354585953261502,0.0,0.0,0.0,1.0,0.0,1.0
39,25,10.220520149109555,5.962579717479348,1.0,0.0,1.0,1.0,0.0,1.0
0,30,10.020435973965435,0.3307396953477268,0.0,1.0,0.0,1.0,0.0,1.0
1,30,8.429886876539195,5.126908042909523,0.0,0.0,0.0,0.0,0.0,0.0
2,30,3.979286163616702,2.474417891865756,1.0,0.0,0.0,0.0,0.0,1.0
3,30,4.836250770959375,12.0,0.0,1.0,1.0,1.0,0.0,1.0
4,30,11.27061245565911,6.216954978422731,0.0,1.0,0.0,1.0,1.0,0.0
5,30,6.561794140566486,4.748513660425319,0.0,1.0,0.0,1.0,1.0,0.0
6,30,1.587088285242999,4.060747359690935,1.0,1.0,0.0,0.0,1.0,0.0
7,30,8.192163153752908,9.938785134770324,0.0,0.0,0.0,1.0,1.0,1.0
8,30,2.89794124802857,10.391026389104985,0.0,1.0,0.0,1.0,1.0,0.0
9,30,2.5386678087964207,8.094203235480123,0.0,1.0,0.0,0.0,1.0,1.0
10,30,2.3773937207176203,0.3143050784237335,1.0,1.0,0.0,1.0,0.0,0.0
11,30,5.983299149423712,4.473880567233606,1.0,0.0,1.0,1.0,1.0,1.0
12,30,11.774879125821831,10.840576601436098,1.0,1.0,1.0,0.0,1.0,1.0
13,30,10.202640182393443,7.724419517815949,1.0,0.0,1.0,0.0,0.0,0.0
14,30,5.337092143328362,6.813574488432626,1.0,0.0,1.0,0.0,1.0,1.0
15,30,3.9850195827944312,2.649504284338571,1.0,0.0,1.0,1.0,0.0,0.0
16,30,1.630490052656478,3.154249935310908,1.0,1.0,0.0,0.0,0.0,1.0
17,30,7.758624704234643,11.335064062408843,0.0,0.0,1.0,0.0,1.0,0.0
18,30,3.967482388943156,1.389858759412299,0.0,0.0,1.0,1.0,0.0,0.0
19,30,8.845990206360042,1.859523412105262,0.0,1.0,1.0,1.0,1.0,0.0
20,30,5.692354962690987,0.2426820534278724,0.0,0.0,1.0,1.0,0.0,0.0
21,30,2.9754041237786684,0.0,0.0,1.0,1.0,0.0,1.0,0.0
22,30,1.842353828478486,12.0,0.0,1.0,1.0,0.0,1.0,0.0
23,30,5.792400213590225,1.5568861039192838,1.0,0.0,0.0,0.0,0.0,0.0
24,30,4.371823015819683,10.12279339673962,0.0,1.0,0.0,1.0,0.0,0.0
25,30,4.8874934277865965,3.5043431526900224,0.0,1.0,1.0,0.0,1.0,0.0
26,30,7.907608718812079,0.0,0.0,0.0,0.0,0.0,0.0,0.0
27,30,11.403144660535531,9.170813180874584,1.0,1.0,0.0,0.0,0.0,1.0
28,30,8.10500629200071,8.673477691731943,0.0,0.0,0.0,0.0,0.0,0.0
29,30,8.43130887008142,9.107661973926025,1.0,0.0,0.0,0.0,0.0,1.0
30,30,4.229179584560394,12.0,1.0,0.0,0.0,0.0,0.0,1.0
31,30,10.80074627479954,11.08330887742667,0.0,0.0,1.0,1.0,1.0,0.0
32,30,9.006764477429746,3.375819210682025,1.0,0.0,1.0,1.0,0.0,1.0
33,30,0.0,11.53308662289642,0.0,0.0,0.0,0.0,0.0,1.0
34,30,5.806355177168121,11.186202144350975,0.0,0.0,0.0,1.0,1.0,1.0
35,30,0.979362522729358,7.470931041139839,0.0,0.0,0.0,0.0,1.0,1.0
36,30,2.0759444651613905,3.833250529877249,1.0,0.0,0.0,1.0,0.0,0.0
37,30,11.12044651934151,8.621160169557847,0.0,1.0,1.0,0.0,1.0,0.0
38,30,1.0147787951182166,9.412691638717844,0.0,0.0,0.0,1.0,0.0,1.0
39,30,10.209025419355571,5.964503687864553,1.0,0.0,1.0,1.0,0.0,1.0
0,35,10.067774126134172,0.3658229573880455,0.0,1.0,0.0,1.0,0.0,1.0
1,35,8.508116950824023,5.15155851516821,0.0,0.0,0.0,0.0,0.0,0.0
2,35,3.9742601697256825,2.5241660382094757,1.0,0.0,0.0,0.0,0.0,1.0
3,35,4.81187912141188,12.0,0.0,1.0,1.0,1.0,0.0,1.0
4,35,11.295983959889224,6.2371784689884135,0.0,1.0,0.0,1.0,1.0,0.0
5,35,6.525570063902934,4.726705444992153,0.0,1.0,0.0,1.0,1.0,0.0
6,35,1.5002763829178956,4.0758773768785685,1.0,1.0,0.0,0.0,1.0,0.0
7,35,8.211473157487806,9.932066167461343,0.0,0.0,0.0,1.0,1.0,1.0
8,35,2.879682040574672,10.469104857181971,0.0,1.0,0.0,1.0,1.0,0.0
9,35,2.485069722718019,8.104552008965612,0.0,1.0,0.0,0.0,1.0,1.0
10,35,2.4228216977749297,0.3573653001465986,1.0,1.0,0.0,1.0,0.0,0.0
11,35,5.978211742378989,4.5794166501483335,1.0,0.0,1.0,1.0,1.0,1.0
12,35,11.7685856306325,10.835972901404752,1.0,1.0,1.0,0.0,1.0,1.0
13,35,10.252230574533254,7.6611687240527475,1.0,0.0,1.0,0.0,0.0,0.0
14,35,5.3723642891345404,6.793085362658593,1.0,0.0,1.0,0.0,1.0,1.0
15,35,3.985230969813272,2.6373181451477654,1.0,0.0,1.0,1.0,0.0,0.0
16,35,1.5537586502152585,3.196915524811826,1.0,1.0,0.0,0.0,0.0,1.0
17,35,7.753354721551718,11.342857245214562,0.0,0.0,1.0,0.0,1.0,0.0
18,35,3.960781917158755,1.460794603105352,0.0,0.0,1.0,1.0,0.0,0.0
19,35,8.970465684995581,1.8371583077874745,0.0,1.0,1.0,1.0,1.0,0.0
20,35,5.662481882659161,0.2687028428681358,0.0,0.0,1.0,1.0,0.0,0.0
21,35,2.969618794353223,0.0,0.0,1.0,1.0,0.0,1.0,0.0
22,35,1.8452772190821185,11.999821807233358,0.0,1.0,1.0,0.0,1.0,0.0
23,35,5.763250549060618,1.6314557966274914,1.0,0.0,0.0,0.0,0.0,0.0
24,35,4.467758733674818,10.153696188429851,0.0,1.0,0.0,1.0,0.0,0.0
25,35,4.865346897422556,3.6180145222886497,0.0,1.0,1.0,0.0,1.0,0.0
26,35,7.885511268718065,0.0,0.0,0.0,0.0,0.0,0.0,0.0
27,35,11.463056833982636,9.196864979036636,1.0,1.0,0.0,0.0,0.0,1.0
28,35,8.125955299557853,8.602679355559303,0.0,0.0,0.0,0.0,0.0,0.0
29,35,8.319547235229196,9.126535346986346,1.0,0.0,0.0,0.0,0.0,1.0
30,35,4.235008566013494,12.0,1.0,0.0,0.0,0.0,0.0,1.0
31,35,10.768882951199853,11.095683161122958,0.0,0.0,1.0,1.0,1.0,0.0
32,35,9.007543141626057,3.396343304788205,1.0,0.0,1.0,1.0,0.0,1.0
33,35,0.0,11.64807404144509,0.0,0.0,0.0,0.0,0.0,1.0
34,35,5.76408910568736,11.22804657695679,0.0,0.0,0.0,1.0,1.0,1.0
35,35,0.9782288361170884,7.535434355619515,0.0,0.0,0.0,0.0,1.0,1.0
36,35,2.080013541844853,3.822851520159155,1.0,0.0,0.0,1.0,0.0,0.0
37,35,11.129148625775592,8.589023492671915,0.0,1.0,1.0,0.0,1.0,0.0
38,35,1.0148434822332304,9.478980573783712,0.0,0.0,0.0,1.0,0.0,1.0
39,35,10.197944331659611,5.966374080325386,1.0,0.0,1.0,1.0,0.0,1.0
0,40,10.120044500945,0.4069573089665449,0.0,1.0,0.0,1.0,0.0,1.0
1,40,8.579969539209923,5.175393760734284,0.0,0.0,0.0,0.0,0.0,0.0
2,40,3.970386473998973,2.5612371476397837,1.0,0.0,0.0,0.0,0.0,1.0
3,40,4.788097347098849,12.0,0.0,1.0,1.0,1.0,0.0,1.0
4,40,11.331583269904474,6.265918362148414,0.0,1.0,0.0,1.0,1.0,0.0
5,40,6.504119613842775,4.713304693805459,0.0,1.0,0.0,1.0,1.0,0.0
6,40,1.3871549258565956,4.094639514409035,1.0,1.0,0.0,0.0,1.0,0.0
7,40,8.224917403228266,9.92751368619184,0.0,0.0,0.0,1.0,1.0,1.0
8,40,2.866308019538686,10.53259225824672,0.0,1.0,0.0,1.0,1.0,0.0
9,40,2.421261569632263,8.115573973938751,0.0,1.0,0.0,0.0,1.0,1.0
10,40,2.458224112525864,0.3905631546015227,1.0,1.0,0.0,1.0,0.0,0.0
11,40,5.97543496913448,4.691881081458972,1.0,0.0,1.0,1.0,1.0,1.0
12,40,11.750333171551535,10.822076913698297,1.0,1.0,1.0,0.0,1.0,1.0
13,40,10.293525915715264,7.609403415514997,1.0,0.0,1.0,0.0,0.0,0.0
14,40,5.425426481661253,6.760643701147963,1.0,0.0,1.0,0.0,1.0,1.0
15,40,3.985104653542324,2.6462197768192035,1.0,0.0,1.0,1.0,0.0,0.0
16,40,1.4605827844636083,3.2474189090861683,1.0,1.0,0.0,0.0,0.0,1.0
17,40,7.74963201506497,11.34842332274506,0.0,0.0,1.0,0.0,1.0,0.0
18,40,3.9546622385271792,1.5317697593894368,0.0,0.0,1.0,1.0,0.0,0.0
19,40,9.10327225591412,1.8157853639087511,0.0,1.0,1.0,1.0,1.0,0.0
20,40,5.634311224704685,0.2941345066257257,0.0,0.0,1.0,1.0,0.0,0.0
21,40,2.9629755828777333,0.0,0.0,1.0,1.0,0.0,1.0,0.0
22,40,1.8219328018202527,12.0,0.0,1.0,1.0,0.0,1.0,0.0
23,40,5.73592095981701,1.697826614437821,1.0,0.0,0.0,0.0,0.0,0.0
24,40,4.533341901868666,10.173786552119708,0.0,1.0,0.0,1.0,0.0,0.0
25,40,4.8460018668982565,3.717860329146586,0.0,1.0,1.0,0.0,1.0,0.0
26,40,7.865486628562937,0.0,0.0,0.0,0.0,0.0,0.0,0.0
27,40,11.523691750752096,9.22379241525057,1.0,1.0,0.0,0.0,0.0,1.0
28,40,8.143464781714362,8.547041288945731,0.0,0.0,0.0,0.0,0.0,0.0
29,40,8.228503567548552,9.14281453601636,1.0,0.0,0.0,0.0,0.0,1.0
30,40,4.225040683686647,11.999076485817133,1.0,0.0,0.0,0.0,0.0,1.0
31,40,10.727095509734692,11.1109789087975,0.0,0.0,1.0,1.0,1.0,0.0
32,40,9.007357710145126,3.39271362914844,1.0,0.0,1.0,1.0,0.0,1.0
33,40,0.0,11.7546266841452,0.0,0.0,0.0,0.0,0.0,1.0
34,40,5.725468283933819,11.26394477729226,0.0,0.0,0.0,1.0,1.0,1.0
35,40,0.977632922189708,7.605207440374403,0.0,0.0,0.0,0.0,1.0,1.0
36,40,2.0886954131313047,3.800043199645215,1.0,0.0,0.0,1.0,0.0,0.0
37,40,11.135727103800948,8.565291914009622,0.0,1.0,1.0,0.0,1.0,0.0
38,40,1.0142535424955843,9.52934493807306,0.0,0.0,0.0,1.0,0.0,1.0
39,40,10.203014690334372,5.965680277101172,1.0,0.0,1.0,1.0,0.0,1.0
0,45,10.169050166781226,0.4459147584305628,0.0,1.0,0.0,1.0,0.0,1.0
1,45,8.674374246634967,5.205335517454547,0.0,0.0,0.0,0.0,0.0,0.0
2,45,3.967785226600692,2.58631541198834,1.0,0.0,0.0,0.0,0.0,1.0
3,45,4.761758603445076,12.0,0.0,1.0,1.0,1.0,0.0,1.0
4,45,11.341995533186797,6.27410585658636,0.0,1.0,0.0,1.0,1.0,0.0
5,45,6.495755384266031,4.708028609949266,0.0,1.0,0.0,1.0,1.0,0.0
6,45,1.266285382395841,4.11441475521994,1.0,1.0,0.0,0.0,1.0,0.0
7,45,8.244472819448658,9.920986053639094,0.0,0.0,0.0,1.0,1.0,1.0
8,45,2.8535024123216792,10.597337562999254,0.0,1.0,0.0,1.0,1.0,0.0
9,45,2.367538387425163,8.123656170043525,0.0,1.0,0.0,0.0,1.0,1.0
10,45,2.502240497894889,0.4316551201677513,1.0,1.0,0.0,1.0,0.0,0.0
11,45,5.971761527182144,4.790514039136931,1.0,0.0,1.0,1.0,1.0,1.0
12,45,11.739974932804566,10.814566624657052,1.0,1.0,1.0,0.0,1.0,1.0
13,45,10.33348421375099,7.5568764203959695,1.0,0.0,1.0,0.0,0.0,0.0
14,45,5.470940866532297,6.733381397174876,1.0,0.0,1.0,0.0,1.0,1.0
15,45,3.984912261896833,2.671737007583024,1.0,0.0,1.0,1.0,0.0,0.0
16,45,1.377509486088911,3.2947292897021843,1.0,1.0,0.0,0.0,0.0,1.0
17,45,7.7461499691654225,11.353454038173028,0.0,0.0,1.0,0.0,1.0,0.0
18,45,3.9502453764589296,1.6007569104281212,0.0,0.0,1.0,1.0,0.0,0.0
19,45,9.228222728428038,1.8010902190834024,0.0,1.0,1.0,1.0,1.0,0.0
20,45,5.619463715351235,0.306641146330959,0.0,0.0,1.0,1.0,0.0,0.0
21,45,2.952490449764514,0.0,0.0,1.0,1.0,0.0,1.0,0.0
22,45,1.800551112362813,12.0,0.0,1.0,1.0,0.0,1.0,0.0
23,45,5.70600463664685,1.7813847365260909,1.0,0.0,0.0,0.0,0.0,0.0
24,45,4.619492432586821,10.201942254236537,0.0,1.0,0.0,1.0,0.0,0.0
25,45,4.828759500129565,3.7964434983875615,0.0,1.0,1.0,0.0,1.0,0.0
26,45,7.849366256408265,0.0,0.0,0.0,0.0,0.0,0.0,0.0
27,45,11.595653327816,9.2551055713658,1.0,1.0,0.0,0.0,0.0,1.0
28,45,8.160351697918783,8.49339608408201,0.0,0.0,0.0,0.0,0.0,0.0
29,45,8.153270798449626,9.156954770067662,1.0,0.0,0.0,0.0,0.0,1.0
30,45,4.209669410225279,11.997475802559867,1.0,0.0,0.0,0.0,0.0,1.0
31,45,10.68130801976615,11.126326180938833,0.0,0.0,1.0,1.0,1.0,0.0
32,45,9.009826713671936,3.4191790106913897,1.0,0.0,1.0,1.0,0.0,1.0
33,45,0.0,11.848295440712295,0.0,0.0,0.0,0.0,0.0,1.0
34,45,5.708035908953975,11.280025690239327,0.0,0.0,0.0,1.0,1.0,1.0
35,45,0.9765160625705268,7.680645552920661,0.0,0.0,0.0,0.0,1.0,1.0
36,45,2.094615635651389,3.785989224213184,1.0,0.0,0.0,1.0,0.0,0.0
37,45,11.150579052874429,8.512534888583183,0.0,1.0,1.0,0.0,1.0,0.0
38,45,1.013853036899235,9.598166026395416,0.0,0.0,0.0,1.0,0.0,1.0
39,45,10.201060478123892,5.965925540961047,1.0,0.0,1.0,1.0,0.0,1.0
0,50,10.223331515258298,0.4895636716065912,0.0,1.0,0.0,1.0,0.0,1.0
1,50,8.751695093702676,5.227177642288843,0.0,0.0,0.0,0.0,0.0,0.0
2,50,3.967301199575696,2.590905317107686,1.0,0.0,0.0,0.0,0.0,1.0
3,50,4.738672500109307,12.0,0.0,1.0,1.0,1.0,0.0,1.0
4,50,11.36261197829712,6.290156341296404,0.0,1.0,0.0,1.0,1.0,0.0
5,50,6.493147482961883,4.7063690747096025,0.0,1.0,0.0,1.0,1.0,0.0
6,50,1.1338889667608063,4.136628772833422,1.0,1.0,0.0,0.0,1.0,0.0
7,50,8.27130524549018,9.911672499694102,0.0,0.0,0.0,1.0,1.0,1.0
8,50,2.8356812665869056,10.68345113397182,0.0,1.0,0.0,1.0,1.0,0.0
9,50,2.3178494890502246,8.132441041176122,0.0,1.0,0.0,0.0,1.0,1.0
10,50,2.5471528304785744,0.4744093322325121,1.0,1.0,0.0,1.0,0.0,0.0
11,50,5.970443823192483,4.903130002187435,1.0,0.0,1.0,1.0,1.0,1.0
12,50,11.744995397887443,10.818051411516548,1.0,1.0,1.0,0.0,1.0,1.0
13,50,10.372777999832309,7.50447115826842,1.0,0.0,1.0,0.0,0.0,0.0
14,50,5.514377498752004,6.705872418551536,1.0,0.0,1.0,0.0,1.0,1.0
15,50,3.9851969280397537,2.702348244008468,1.0,0.0,1.0,1.0,0.0,0.0
16,50,1.2965339705511647,3.3433706742288374,1.0,1.0,0.0,0.0,0.0,1.0
17,50,7.755796855829505,11.340065174895322,0.0,0.0,1.0,0.0,1.0,0.0
18,50,3.947181302718864,1.6559596151987694,0.0,0.0,1.0,1.0,0.0,0.0
19,50,9.355205869223578,1.786705487393091,0.0,1.0,1.0,1.0,1.0,0.0
20,50,5.614696058405161,0.3107479395448523,0.0,0.0,1.0,1.0,0.0,0.0
21,50,2.940302964409505,0.0,0.0,1.0,1.0,0.0,1.0,0.0
22,50,1.7650523552644637,12.0,0.0,1.0,1.0,0.0,1.0,0.0
23,50,5.68486218669835,1.8438975591367184,1.0,0.0,0.0,0.0,0.0,0.0
24,50,4.714482155810131,10.236796377345312,0.0,1.0,0.0,1.0,0.0,0.0
25,50,4.809808223765212,3.890513532933935,0.0,1.0,1.0,0.0,1.0,0.0
26,50,7.833923131032923,0.0,0.0,0.0,0.0,0.0,0.0,0.0
27,50,11.646472866691294,9.278627551106345,1.0,1.0,0.0,0.0,0.0,1.0
28,50,8.185957816624795,8.414286529631866,0.0,0.0,0.0,0.0,0.0,0.0
29,50,8.0981549420443,9.16610877357428,1.0,0.0,0.0,0.0,0.0,1.0
30,50,4.221247301347981,11.998738741019537,1.0,0.0,0.0,0.0,0.0,1.0
31,50,10.63058355881406,11.143495507138876,0.0,0.0,1.0,1.0,1.0,0.0
32,50,9.01269760484526,3.448028647887998,1.0,0.0,1.0,1.0,0.0,1.0
33,50,0.0,11.952427439679624,0.0,0.0,0.0,0.0,0.0,1.0
34,50,5.68453488542352,11.30093456243103,0.0,0.0,0.0,1.0,1.0,1.0
35,50,0.9768561920013896,7.743448308596317,0.0,0.0,0.0,0.0,1.0,1.0
36,50,2.088461819596295,3.799095989462556,1.0,0.0,0.0,1.0,0.0,0.0
37,50,11.165387482349036,8.455125263853938,0.0,1.0,1.0,0.0,1.0,0.0
38,50,1.01278173744124,9.659558250995415,0.0,0.0,0.0,1.0,0.0,1.0
39,50,10.191809945316423,5.967202581838249,1.0,0.0,1.0,1.0,0.0,1.0
0,55,10.295173064940329,0.5456263574333419,0.0,1.0,0.0,1.0,0.0,1.0
1,55,8.844548864569754,5.25132962920543,0.0,0.0,0.0,0.0,0.0,0.0
2,55,3.9652284159479314,2.612477993566511,1.0,0.0,0.0,0.0,0.0,1.0
3,55,4.812860675399527,12.0,0.0,1.0,1.0,1.0,0.0,1.0
4,55,11.378957330460535,6.302488161460112,0.0,1.0,0.0,1.0,1.0,0.0
5,55,6.504833421629003,4.713807863138719,0.0,1.0,0.0,1.0,1.0,0.0
6,55,1.0044649772095318,4.158975266933985,1.0,1.0,0.0,0.0,1.0,0.0
7,55,8.295152201879425,9.903127060488302,0.0,0.0,0.0,1.0,1.0,1.0
8,55,2.819707322905248,10.753712946823333,0.0,1.0,0.0,1.0,1.0,0.0
9,55,2.263523243275266,8.142087137111835,0.0,1.0,0.0,0.0,1.0,1.0
10,55,2.581622275323097,0.5061432211443598,1.0,1.0,0.0,1.0,0.0,0.0
11,55,5.969258273666715,5.019394517616943,1.0,0.0,1.0,1.0,1.0,1.0
12,55,11.756558945701578,10.82613297874017,1.0,1.0,1.0,0.0,1.0,1.0
13,55,10.41939852954256,7.442211986483278,1.0,0.0,1.0,0.0,0.0,0.0
14,55,5.565034366073138,6.6730209350396,1.0,0.0,1.0,0.0,1.0,1.0
15,55,3.985497594782361,2.7453236593966377,1.0,0.0,1.0,1.0,0.0,0.0
16,55,1.220678712898965,3.3901431792526613,1.0,1.0,0.0,0.0,0.0,1.0
17,55,7.76107916760557,11.333286239464632,0.0,0.0,1.0,0.0,1.0,0.0
18,55,3.9452297226506015,1.7086195626332108,0.0,0.0,1.0,1.0,0.0,0.0
19,55,9.477368887040146,1.7745293640784594,0.0,1.0,1.0,1.0,1.0,0.0
20,55,5.60454753201387,0.3197782573080933,0.0,0.0,1.0,1.0,0.0,0.0
21,55,2.928165773145317,0.0,0.0,1.0,1.0,0.0,1.0,0.0
22,55,1.719067842530627,12.0,0.0,1.0,1.0,0.0,1.0,0.0
23,55,5.664246205769752,1.909775189402913,1.0,0.0,0.0,0.0,0.0,0.0
24,55,4.819600425734459,10.272612443010049,0.0,1.0,0.0,1.0,0.0,0.0
25,55,4.787528489170976,3.99071759346388,0.0,1.0,1.0,0.0,1.0,0.0
26,55,7.823100002865624,0.0,0.0,0.0,0.0,0.0,0.0,0.0
27,55,11.698100412675688,9.301869615486256,1.0,1.0,0.0,0.0,0.0,1.0
28,55,8.204459895732553,8.34986891545618,0.0,0.0,0.0,0.0,0.0,0.0
29,55,8.041874291505145,9.176298581474564,1.0,0.0,0.0,0.0,0.0,1.0
30,55,4.22440446328525,11.99904152973038,1.0,0.0,0.0,0.0,0.0,1.0
31,55,10.589258860837196,11.158163132465036,0.0,0.0,1.0,1.0,1.0,0.0
32,55,9.014514335057104,3.469190791105569,1.0,0.0,1.0,1.0,0.0,1.0
33,55,0.0,12.0,0.0,0.0,0.0,0.0,0.0,1.0
34,55,5.662469989091069,11.321542030025398,0.0,0.0,0.0,1.0,1.0,1.0
35,55,0.9773113322987046,7.8125008193389425,0.0,0.0,0.0,0.0,1.0,1.0
36,55,2.079398503115269,3.81872835531148,1.0,0.0,0.0,1.0,0.0,0.0
37,55,11.17945397133049,8.399287719926708,0.0,1.0,1.0,0.0,1.0,0.0
38,55,1.012729325297825,9.708077966892278,0.0,0.0,0.0,1.0,0.0,1.0
39,55,10.182441657513476,5.968414781848207,1.0,0.0,1.0,1.0,0.0,1.0
0,60,10.377695472060436,0.6071030427366486,0.0,1.0,0.0,1.0,0.0,1.0
1,60,8.935175238282639,5.278132351343669,0.0,0.0,0.0,0.0,0.0,0.0
2,60,3.96597924167337,2.604378008066161,1.0,0.0,0.0,0.0,0.0,1.0
3,60,4.881870737344605,12.0,0.0,1.0,1.0,1.0,0.0,1.0
4,60,11.4145699811989,6.329768041238676,0.0,1.0,0.0,1.0,1.0,0.0
5,60,6.532152901709729,4.732406582059479,0.0,1.0,0.0,1.0,1.0,0.0
6,60,0.8614980750762605,4.177620705484059,1.0,1.0,0.0,0.0,1.0,0.0
7,60,8.318147681015182,9.894945957293574,0.0,0.0,0.0,1.0,1.0,1.0
8,60,2.8009235793489604,10.824549030116025,0.0,1.0,0.0,1.0,1.0,0.0
9,60,2.2163647489305025,8.149513183191702,0.0,1.0,0.0,0.0,1.0,1.0
10,60,2.615067674047561,0.5348035539237659,1.0,1.0,0.0,1.0,0.0,0.0
11,60,5.966864135140644,5.1255835514460175,1.0,0.0,1.0,1.0,1.0,1.0
12,60,11.780531233292026,10.84170633832231,1.0,1.0,1.0,0.0,1.0,1.0
13,60,10.46203934010151,7.38704105736091,1.0,0.0,1.0,0.0,0.0,0.0
14,60,5.585391237411952,6.659822707624275,1.0,0.0,1.0,0.0,1.0,1.0
15,60,3.986672350519746,2.774952279760976,1.0,0.0,1.0,1.0,0.0,0.0
16,60,1.1509015659940312,3.4349405064995984,1.0,1.0,0.0,0.0,0.0,1.0
17,60,7.776319650848762,11.31447308062395,0.0,0.0,1.0,0.0,1.0,0.0
18,60,3.942279048549004,1.7712929563367332,0.0,0.0,1.0,1.0,0.0,0.0
19,60,9.591315586233476,1.760722757206049,0.0,1.0,1.0,1.0,1.0,0.0
20,60,5.58746502846873,0.3357802171585819,0.0,0.0,1.0,1.0,0.0,0.0
21,60,2.9135880353480763,0.0,0.0,1.0,1.0,0.0,1.0,0.0
22,60,1.652478177661679,12.0,0.0,1.0,1.0,0.0,1.0,0.0
23,60,5.640426052816937,1.9921297400047464,1.0,0.0,0.0,0.0,0.0,0.0
24,60,4.926979214174145,10.309111826537592,0.0,1.0,0.0,1.0,0.0,0.0
25,60,4.762340296604129,4.10138347128646,0.0,1.0,1.0,0.0,1.0,0.0
26,60,7.8101374869057505,0.0,0.0,0.0,0.0,0.0,0.0,0.0
27,60,11.749368326409549,9.324796706658637,1.0,1.0,0.0,0.0,0.0,1.0
28,60,8.222749699709896,8.282055092076131,0.0,0.0,0.0,0.0,0.0,0.0
29,60,7.995090447188977,9.184548704455686,1.0,0.0,0.0,0.0,0.0,1.0
30,60,4.217987945466783,11.998339074417116,1.0,0.0,0.0,0.0,0.0,1.0
31,60,10.549392191587252,11.172474808190753,0.0,0.0,1.0,1.0,1.0,0.0
32,60,9.015285395349714,3.4778217987033524,1.0,0.0,1.0,1.0,0.0,1.0
33,60,0.0,12.0,0.0,0.0,0.0,0.0,0.0,1.0
34,60,5.618027680956543,11.362266677330558,0.0,0.0,0.0,1.0,1.0,1.0
35,60,0.9777860139100008,7.87402468710713,0.0,0.0,0.0,0.0,1.0,1.0
36,60,2.060633216099079,3.861037446297967,1.0,0.0,0.0,1.0,0.0,0.0
37,60,11.194068150638596,8.343283630437917,0.0,1.0,1.0,0.0,1.0,0.0
38,60,1.0807976405462545,9.710475812887656,0.0,0.0,0.0,1.0,0.0,1.0
39,60,10.19032752570102,5.967443536837369,1.0,0.0,1.0,1.0,0.0,1.0
0,65,10.465491478199626,0.6752378141374931,0.0,1.0,0.0,1.0,0.0,1.0
1,65,9.035563075065244,5.308659339162017,0.0,0.0,0.0,0.0,0.0,0.0
2,65,3.9662396556994297,2.6018589469126847,1.0,0.0,0.0,0.0,0.0,1.0
3,65,4.9317106453280095,12.0,0.0,1.0,1.0,1.0,0.0,1.0
4,65,11.439751770657937,6.349464825131534,0.0,1.0,0.0,1.0,1.0,0.0
5,65,6.564220911898715,4.755594563426682,0.0,1.0,0.0,1.0,1.0,0.0
6,65,0.703104478448121,4.199071994860076,1.0,1.0,0.0,0.0,1.0,0.0
7,65,8.32659972997347,9.891867303835896,0.0,0.0,0.0,1.0,1.0,1.0
8,65,2.779232094414948,10.900115218470823,0.0,1.0,0.0,1.0,1.0,0.0
9,65,2.162206953455348,8.158282000781503,0.0,1.0,0.0,0.0,1.0,1.0
10,65,2.6569115591667303,0.5718090217042409,1.0,1.0,0.0,1.0,0.0,0.0
11,65,5.964751224245977,5.2201468954425465,1.0,0.0,1.0,1.0,1.0,1.0
12,65,11.789130095675848,10.847139846250942,1.0,1.0,1.0,0.0,1.0,1.0
13,65,10.511572891533302,7.321201337066566,1.0,0.0,1.0,0.0,0.0,0.0
14,65,5.597182270192473,6.652460311695012,1.0,0.0,1.0,0.0,1.0,1.0
15,65,3.986388634850027,2.8003553831503445,1.0,0.0,1.0,1.0,0.0,0.0
16,65,1.0801977547647332,3.477846722143706,1.0,1.0,0.0,0.0,0.0,1.0
17,65,7.791744152375198,11.295342743957796,0.0,0.0,1.0,0.0,1.0,0.0
18,65,3.940123480132309,1.816784889411591,0.0,0.0,1.0,1.0,0.0,0.0
19,65,9.730688839338203,1.743892056386567,0.0,1.0,1.0,1.0,1.0,0.0
20,65,5.564896296954391,0.3574912211607971,0.0,0.0,1.0,1.0,0.0,0.0
21,65,2.899164817671172,0.0,0.0,1.0,1.0,0.0,1.0,0.0
22,65,1.5738695304868462,12.0,0.0,1.0,1.0,0.0,1.0,0.0
23,65,5.616400812244569,2.070845619344744,1.0,0.0,0.0,0.0,0.0,0.0
24,65,5.0345147691564405,10.347988080630907,0.0,1.0,0.0,1.0,0.0,0.0
25,65,4.740274358780445,4.195238492655781,0.0,1.0,1.0,0.0,1.0,0.0
26,65,7.796163582875512,0.0,0.0,0.0,0.0,0.0,0.0,0.0
27,65,11.79249282122764,9.345766654163134,1.0,1.0,0.0,0.0,0.0,1.0
28,65,8.241466727239683,8.214521175315385,0.0,0.0,0.0,0.0,0.0,0.0
29,65,7.9386755512639295,9.193000017690924,1.0,0.0,0.0,0.0,0.0,1.0
30,65,4.198033311643504,11.99545457350841,1.0,0.0,0.0,0.0,0.0,1.0
31,65,10.513520899215466,11.184558371668343,0.0,0.0,1.0,1.0,1.0,0.0
32,65,9.015087108422842,3.4751204332296712,1.0,0.0,1.0,1.0,0.0,1.0
33,65,0.0,12.0,0.0,0.0,0.0,0.0,0.0,1.0
34,65,5.586810462516612,11.39073418108114,0.0,0.0,0.0,1.0,1.0,1.0
35,65,0.978773274632671,7.922949283621183,0.0,0.0,0.0,0.0,1.0,1.0
36,65,2.0421273038247456,3.899792681572322,1.0,0.0,0.0,1.0,0.0,0.0
37,65,11.209627726216606,8.284236040736843,0.0,1.0,1.0,0.0,1.0,0.0
38,65,1.1615315760158271,9.71242097898945,0.0,0.0,0.0,1.0,0.0,1.0
39,65,10.205638746473529,5.965184352317759,1.0,0.0,1.0,1.0,0.0,1.0
0,70,10.573838754560771,0.7582054273220985,0.0,1.0,0.0,1.0,0.0,1.0
1,70,9.116360051310576,5.33370952260637,0.0,0.0,0.0,0.0,0.0,0.0
2,70,3.9660207612963054,2.604206997937935,1.0,0.0,0.0,0.0,0.0,1.0
3,70,4.972683624839145,12.0,0.0,1.0,1.0,1.0,0.0,1.0
4,70,11.459964722597476,6.364824609170851,0.0,1.0,0.0,1.0,1.0,0.0
5,70,6.593627689527966,4.77651011413522,0.0,1.0,0.0,1.0,1.0,0.0
6,70,0.5259568258253317,4.222627465888101,1.0,1.0,0.0,0.0,1.0,0.0
7,70,8.332687843225967,9.88952150527964,0.0,0.0,0.0,1.0,1.0,1.0
8,70,2.760735551266269,10.971877318013956,0.0,1.0,0.0,1.0,1.0,0.0
9,70,2.091547866981981,8.168299079082855,0.0,1.0,0.0,0.0,1.0,1.0
10,70,2.697937001041349,0.606951719004295,1.0,1.0,0.0,1.0,0.0,0.0
11,70,5.965204351309301,5.307948085460656,1.0,0.0,1.0,1.0,1.0,1.0
12,70,11.816115777171683,10.86459866535586,1.0,1.0,1.0,0.0,1.0,1.0
13,70,10.55865933005458,7.260185114156004,1.0,0.0,1.0,0.0,0.0,0.0
14,70,5.610816344186835,6.643809836407297,1.0,0.0,1.0,0.0,1.0,1.0
15,70,3.984773634475867,2.8334157930261874,1.0,0.0,1.0,1.0,0.0,0.0
16,70,1.0078565511263775,3.52402902774893,1.0,1.0,0.0,0.0,0.0,1.0
17,70,7.790463508096804,11.296925790043517,0.0,0.0,1.0,0.0,1.0,0.0
18,70,3.937030661197841,1.866356224776796,0.0,0.0,1.0,1.0,0.0,0.0
19,70,9.855914479908492,1.7254701840155946,0.0,1.0,1.0,1.0,1.0,0.0
20,70,5.544498061087432,0.3787556107960515,0.0,0.0,1.0,1.0,0.0,0.0
21,70,2.889275952832916,0.0,0.0,1.0,1.0,0.0,1.0,0.0
22,70,1.4952489415220545,12.0,0.0,1.0,1.0,0.0,1.0,0.0
23,70,5.603961431932259,2.113629535917882,1.0,0.0,0.0,0.0,0.0,0.0
24,70,5.1413061370567945,10.386996489343533,0.0,1.0,0.0,1.0,0.0,0.0
25,70,4.720302882811862,4.287524989797267,0.0,1.0,1.0,0.0,1.0,0.0
26,70,7.785167635149815,0.0,0.0,0.0,0.0,0.0,0.0,0.0
27,70,11.844538044694664,9.369197308742054,1.0,1.0,0.0,0.0,0.0,1.0
28,70,8.260772031955641,8.14415357435187,0.0,0.0,0.0,0.0,0.0,0.0
29,70,7.883557132186583,9.201545758717872,1.0,0.0,0.0,0.0,0.0,1.0
30,70,4.191086240502287,11.99447474450043,1.0,0.0,0.0,0.0,0.0,1.0
31,70,10.482405357497283,11.194598380156055,0.0,0.0,1.0,1.0,1.0,0.0
32,70,9.015177625193282,3.476129253588705,1.0,0.0,1.0,1.0,0.0,1.0
33,70,0.0,12.0,0.0,0.0,0.0,0.0,0.0,1.0
34,70,5.571153112874676,11.40475306579355,0.0,0.0,0.0,1.0,1.0,1.0
35,70,0.9800901211343334,7.998277492387751,0.0,0.0,0.0,0.0,1.0,1.0
36,70,2.062896440917866,3.910306776435689,1.0,0.0,0.0,1.0,0.0,0.0
37,70,11.226736175768488,8.22779202465356,0.0,1.0,1.0,0.0,1.0,0.0
38,70,1.2278198733418235,9.715490969348329,0.0,0.0,0.0,1.0,0.0,1.0
39,70,10.19540076484453,5.9669095814659645,1.0,0.0,1.0,1.0,0.0,1.0
0,75,10.690057395575517,0.8486869273568366,0.0,1.0,0.0,1.0,0.0,1.0
1,75,9.183976962346364,5.355020276178404,0.0,0.0,0.0,0.0,0.0,0.0
2,75,3.9652325936572175,2.611353357644447,1.0,0.0,0.0,0.0,0.0,1.0
3,75,5.022745077565016,12.0,0.0,1.0,1.0,1.0,0.0,1.0
4,75,11.485122296690196,6.38325096119792,0.0,1.0,0.0,1.0,1.0,0.0
5,75,6.612291620268548,4.79122965390382,0.0,1.0,0.0,1.0,1.0,0.0
6,75,0.3429187759849156,4.245000448800132,1.0,1.0,0.0,0.0,1.0,0.0
7,75,8.356715456946004,9.88128198035206,0.0,0.0,0.0,1.0,1.0,1.0
8,75,2.7457609521350728,11.025996127438278,0.0,1.0,0.0,1.0,1.0,0.0
9,75,2.028434702340982,8.17653837466131,0.0,1.0,0.0,0.0,1.0,1.0
10,75,2.7416131571411686,0.6444736992631633,1.0,1.0,0.0,1.0,0.0,0.0
11,75,5.9652808170381215,5.402393345154584,1.0,0.0,1.0,1.0,1.0,1.0
12,75,11.851968337112927,10.886919685921669,1.0,1.0,1.0,0.0,1.0,1.0
13,75,10.616941133340337,7.187436717919508,1.0,0.0,1.0,0.0,0.0,0.0
14,75,5.629760455867868,6.631708173235347,1.0,0.0,1.0,0.0,1.0,1.0
15,75,3.984454774373596,2.843458329950885,1.0,0.0,1.0,1.0,0.0,0.0
16,75,0.926454419007126,3.574348775064392,1.0,1.0,0.0,0.0,0.0,1.0
17,75,7.787122170192501,11.301076294077143,0.0,0.0,1.0,0.0,1.0,0.0
18,75,3.935205741932862,1.9045395551001527,0.0,0.0,1.0,1.0,0.0,0.0
19,75,9.980601314719244,1.7088966178820826,0.0,1.0,1.0,1.0,1.0,0.0
20,75,5.510994095006318,0.4158893741422229,0.0,0.0,1.0,1.0,0.0,0.0
21,75,2.8793879469951875,0.0,0.0,1.0,1.0,0.0,1.0,0.0
22,75,1.4132700481501068,12.0,0.0,1.0,1.0,0.0,1.0,0.0
23,75,5.58898645674123,2.1639229012946304,1.0,0.0,0.0,0.0,0.0,0.0
24,75,5.240122508663562,10.42167620276224,0.0,1.0,0.0,1.0,0.0,0.0
25,75,4.696285156331695,4.395130573704545,0.0,1.0,1.0,0.0,1.0,0.0
26,75,7.774451370583949,0.0,0.0,0.0,0.0,0.0,0.0,0.0
27,75,11.894964530146062,9.390281501623468,1.0,1.0,0.0,0.0,0.0,1.0
28,75,8.276316750744584,8.083653202965634,0.0,0.0,0.0,0.0,0.0,0.0
29,75,7.820874091716361,9.208739089208423,1.0,0.0,0.0,0.0,0.0,1.0
30,75,4.177428934402067,11.99223354845802,1.0,0.0,0.0,0.0,0.0,1.0
31,75,10.460339531953275,11.20102692870433,0.0,0.0,1.0,1.0,1.0,0.0
32,75,9.01315442100361,3.458659205324893,1.0,0.0,1.0,1.0,0.0,1.0
33,75,0.0,12.0,0.0,0.0,0.0,0.0,0.0,1.0
34,75,5.555772674580704,11.419012598959885,0.0,0.0,0.0,1.0,1.0,1.0
35,75,0.9791758308591444,8.068835209442721,0.0,0.0,0.0,0.0,1.0,1.0
36,75,2.0866987349308745,3.921878502393125,1.0,0.0,0.0,1.0,0.0,0.0
37,75,11.245028549263314,8.164880122868519,0.0,1.0,1.0,0.0,1.0,0.0
38,75,1.2901105435197069,9.71820147931055,0.0,0.0,0.0,1.0,0.0,1.0
39,75,10.20897749181778,5.964789883012158,1.0,0.0,1.0,1.0,0.0,1.0
0,80,10.790903784732242,0.9262119057726272,0.0,1.0,0.0,1.0,0.0,1.0
1,80,9.264532177047982,5.380471327321067,0.0,0.0,0.0,0.0,0.0,0.0
2,80,3.963760268983259,2.624301460920802,1.0,0.0,0.0,0.0,0.0,1.0
3,80,5.077914054948344,12.0,0.0,1.0,1.0,1.0,0.0,1.0
4,80,11.508661113447138,6.400485405779823,0.0,1.0,0.0,1.0,1.0,0.0
5,80,6.622909157952336,4.799313527584229,0.0,1.0,0.0,1.0,1.0,0.0
6,80,0.1684782100716257,4.26672590630031,1.0,1.0,0.0,0.0,1.0,0.0
7,80,8.384470320173955,9.871717170106214,0.0,0.0,0.0,1.0,1.0,1.0
8,80,2.736442364584076,11.062065942911678,0.0,1.0,0.0,1.0,1.0,0.0
9,80,1.949843741814005,8.18523031939789,0.0,1.0,0.0,0.0,1.0,1.0
10,80,2.7833928369636194,0.6810356363055364,1.0,1.0,0.0,1.0,0.0,0.0
11,80,5.966231970952904,5.492021220549359,1.0,0.0,1.0,1.0,1.0,1.0
12,80,11.880111792053146,10.904515728755449,1.0,1.0,1.0,0.0,1.0,1.0
13,80,10.673843770164297,7.115613435176114,1.0,0.0,1.0,0.0,0.0,0.0
14,80,5.64644461351643,6.621413521601471,1.0,0.0,1.0,0.0,1.0,1.0
15,80,3.984195735906164,2.849995900894156,1.0,0.0,1.0,1.0,0.0,0.0
16,80,0.8282214690209365,3.6312210406919303,1.0,1.0,0.0,0.0,0.0,1.0
17,80,7.789237307284366,11.29849101901516,0.0,0.0,1.0,0.0,1.0,0.0
18,80,3.933223447522313,1.9280898782963336,0.0,0.0,1.0,1.0,0.0,0.0
19,80,9.959730878234929,1.5682562787894474,0.0,1.0,1.0,1.0,1.0,0.0
20,80,5.46722913520359,0.4645789423196825,0.0,0.0,1.0,1.0,0.0,0.0
21,80,2.8707763969665168,0.0,0.0,1.0,1.0,0.0,1.0,0.0
22,80,1.33714248683884,12.0,0.0,1.0,1.0,0.0,1.0,0.0
23,80,5.574807196343952,2.2140132028205715,1.0,0.0,0.0,0.0,0.0,0.0
24,80,5.317676928065121,10.449823053954306,0.0,1.0,0.0,1.0,0.0,0.0
25,80,4.667497526013882,4.505543242813767,0.0,1.0,1.0,0.0,1.0,0.0
26,80,7.765787537001389,0.0,0.0,0.0,0.0,0.0,0.0,0.0
27,80,11.936643554100788,9.40795554546117,1.0,1.0,0.0,0.0,0.0,1.0
28,80,8.295082703001057,8.01827647888136,0.0,0.0,0.0,0.0,0.0,0.0
29,80,7.748491596201613,9.215519551948526,1.0,0.0,0.0,0.0,0.0,1.0
30,80,4.172198271452031,11.991324688623582,1.0,0.0,0.0,0.0,0.0,1.0
31,80,10.455976724791698,11.2023760264057,0.0,0.0,1.0,1.0,1.0,0.0
32,80,9.011164334743942,3.435895049382628,1.0,0.0,1.0,1.0,0.0,1.0
33,80,0.0,12.0,0.0,0.0,0.0,0.0,0.0,1.0
34,80,5.530390863826472,11.441403423897464,0.0,0.0,0.0,1.0,1.0,1.0
35,80,0.978279731316564,8.148351941391459,0.0,0.0,0.0,0.0,1.0,1.0
36,80,2.108487196678165,3.932281189816445,1.0,0.0,0.0,1.0,0.0,0.0
37,80,11.259284950107077,8.108212737864196,0.0,1.0,1.0,0.0,1.0,0.0
38,80,1.3653687377022026,9.721094790953185,0.0,0.0,0.0,1.0,0.0,1.0
39,80,10.239068778255064,5.95968797937886,1.0,0.0,1.0,1.0,0.0,1.0
0,85,10.883612699806854,0.9956076341658404,0.0,1.0,0.0,1.0,0.0,1.0
1,85,9.334926360198429,5.402945312619523,0.0,0.0,0.0,0.0,0.0,0.0
2,85,3.958660936815304,2.6674861804590115,1.0,0.0,0.0,0.0,0.0,1.0
3,85,5.14463625555367,12.0,0.0,1.0,1.0,1.0,0.0,1.0
4,85,11.538165324120158,6.423008086609879,0.0,1.0,0.0,1.0,1.0,0.0
5,85,6.600047362750514,4.782448304209287,0.0,1.0,0.0,1.0,1.0,0.0
6,85,0.015581109014011,4.284306384270307,1.0,1.0,0.0,0.0,1.0,0.0
7,85,8.425452229524975,9.85732969859034,0.0,0.0,0.0,1.0,1.0,1.0
8,85,2.7289616605321267,11.088705120459323,0.0,1.0,0.0,1.0,1.0,0.0
9,85,1.838734765104176,8.19651436060276,0.0,1.0,0.0,0.0,1.0,1.0
10,85,2.841251946054755,0.7269568707068579,1.0,1.0,0.0,1.0,0.0,0.0
11,85,5.964818238905273,5.5777609012649645,1.0,0.0,1.0,1.0,1.0,1.0
12,85,11.910176899784284,10.922732781731511,1.0,1.0,1.0,0.0,1.0,1.0
13,85,10.726848538230987,7.04734270049252,1.0,0.0,1.0,0.0,0.0,0.0
14,85,5.664721649311256,6.609038892908946,1.0,0.0,1.0,0.0,1.0,1.0
15,85,3.984417693268977,2.841197489079144,1.0,0.0,1.0,1.0,0.0,0.0
16,85,0.7257844983612277,3.6898728725585888,1.0,1.0,0.0,0.0,0.0,1.0
17,85,7.794528637348501,11.291442178200873,0.0,0.0,1.0,0.0,1.0,0.0
18,85,3.930960558127436,1.9536344574549636,0.0,0.0,1.0,1.0,0.0,0.0
19,85,9.938868812266689,1.4249585416206498,0.0,1.0,1.0,1.0,1.0,0.0
20,85,5.425034602773776,0.5119253012754101,0.0,0.0,1.0,1.0,0.0,0.0
21,85,2.8585403170439903,0.0,0.0,1.0,1.0,0.0,1.0,0.0
22,85,1.2689164205063936,12.0,0.0,1.0,1.0,0.0,1.0,0.0
23,85,5.563946620966124,2.2555392760722284,1.0,0.0,0.0,0.0,0.0,0.0
24,85,5.375514282974134,10.4696292544244,0.0,1.0,0.0,1.0,0.0,0.0
25,85,4.643445434274612,4.619841702114997,0.0,1.0,1.0,0.0,1.0,0.0
26,85,7.75654970520517,0.0,0.0,0.0,0.0,0.0,0.0,0.0
27,85,12.0,9.43620445037454,1.0,1.0,0.0,0.0,0.0,1.0
28,85,8.319790708292192,7.934765169622822,0.0,0.0,0.0,0.0,0.0,0.0
29,85,7.6736598940579555,9.22267165327732,1.0,0.0,0.0,0.0,0.0,1.0
30,85,4.17185208012549,11.99126666238966,1.0,0.0,0.0,0.0,0.0,1.0
31,85,10.477464298525764,11.195726963590106,0.0,0.0,1.0,1.0,1.0,0.0
32,85,9.007929488429047,3.3993583906545632,1.0,0.0,1.0,1.0,0.0,1.0
33,85,0.0,12.0,0.0,0.0,0.0,0.0,0.0,1.0
34,85,5.513825180315985,11.455300970341732,0.0,0.0,0.0,1.0,1.0,1.0
35,85,0.9773835303436986,8.222595043201148,0.0,0.0,0.0,0.0,1.0,1.0
36,85,2.14363928200081,3.9506096315895833,1.0,0.0,0.0,1.0,0.0,0.0
37,85,11.271956655138611,8.062624342571487,0.0,1.0,1.0,0.0,1.0,0.0
38,85,1.4399241699478222,9.725344110282204,0.0,0.0,0.0,1.0,0.0,1.0
39,85,10.262700657279584,5.955816730179571,1.0,0.0,1.0,1.0,0.0,1.0
0,90,10.98998546060723,1.0747422262604232,0.0,1.0,0.0,1.0,0.0,1.0
1,90,9.406546217214386,5.428010004220469,0.0,0.0,0.0,0.0,0.0,0.0
2,90,3.955432595781453,2.7006433363449043,1.0,0.0,0.0,0.0,0.0,1.0
3,90,5.222595388437699,12.0,0.0,1.0,1.0,1.0,0.0,1.0
4,90,11.557451185592052,6.436866226193295,0.0,1.0,0.0,1.0,1.0,0.0
5,90,6.578518535518238,4.765982373410703,0.0,1.0,0.0,1.0,1.0,0.0
6,90,0.0,4.299730502358199,1.0,1.0,0.0,0.0,1.0,0.0
7,90,8.481634539836227,9.836669327581308,0.0,0.0,0.0,1.0,1.0,1.0
8,90,2.721715399132709,11.113496405447943,0.0,1.0,0.0,1.0,1.0,0.0
9,90,1.7475021905171133,8.206190310947399,0.0,1.0,0.0,0.0,1.0,1.0
10,90,2.873096609361039,0.7532496188801583,1.0,1.0,0.0,1.0,0.0,0.0
11,90,5.961933027080064,5.649124176750578,1.0,0.0,1.0,1.0,1.0,1.0
12,90,11.946620662151595,10.943667839059293,1.0,1.0,1.0,0.0,1.0,1.0
13,90,10.63353788201026,6.974018675085657,1.0,0.0,1.0,0.0,0.0,0.0
14,90,5.672241340920505,6.60411108564743,1.0,0.0,1.0,0.0,1.0,1.0
15,90,3.9842484940801866,2.853672742854756,1.0,0.0,1.0,1.0,0.0,0.0
16,90,0.6152060947557776,3.754138616322281,1.0,1.0,0.0,0.0,0.0,1.0
17,90,7.796707936360903,11.288322288911768,0.0,0.0,1.0,0.0,1.0,0.0
18,90,3.928856900934508,1.9732128257771224,0.0,0.0,1.0,1.0,0.0,0.0
19,90,9.92224031758293,1.265040144067938,0.0,1.0,1.0,1.0,1.0,0.0
20,90,5.368048139782892,0.5762780383123866,0.0,0.0,1.0,1.0,0.0,0.0
21,90,2.840130681977524,0.0,0.0,1.0,1.0,0.0,1.0,0.0
22,90,1.263836231808844,11.93698993346801,0.0,1.0,1.0,0.0,1.0,0.0
23,90,5.554790961075343,2.286756031966611,1.0,0.0,0.0,0.0,0.0,0.0
24,90,5.416945056572166,10.483107903522477,0.0,1.0,0.0,1.0,0.0,0.0
25,90,4.614982463659577,4.764799743648368,0.0,1.0,1.0,0.0,1.0,0.0
26,90,7.744565755336318,0.0,0.0,0.0,0.0,0.0,0.0,0.0
27,90,12.0,9.467239366196502,1.0,1.0,0.0,0.0,0.0,1.0
28,90,8.343423954838487,7.854130811902325,0.0,0.0,0.0,0.0,0.0,0.0
29,90,7.599448792681114,9.229948245575969,1.0,0.0,0.0,0.0,0.0,1.0
30,90,4.165611932996564,11.990270450790131,1.0,0.0,0.0,0.0,0.0,1.0
31,90,10.481968716194512,11.194433570323833,0.0,0.0,1.0,1.0,1.0,0.0
32,90,9.005272088397676,3.363262284992492,1.0,0.0,1.0,1.0,0.0,1.0
33,90,0.0,12.0,0.0,0.0,0.0,0.0,0.0,1.0
34,90,5.502561943179013,11.46482742885511,0.0,0.0,0.0,1.0,1.0,1.0
35,90,0.975665798925318,8.301688337764938,0.0,0.0,0.0,0.0,1.0,1.0
36,90,2.183463722667605,3.9703941857820064,1.0,0.0,0.0,1.0,0.0,0.0
37,90,11.282451062368144,8.025752469904653,0.0,1.0,1.0,0.0,1.0,0.0
38,90,1.501068981553527,9.728060388582392,0.0,0.0,0.0,1.0,0.0,1.0
39,90,10.301419982866392,5.947832636464131,1.0,0.0,1.0,1.0,0.0,1.0
0,95,11.103605071615943,1.1605531999505896,0.0,1.0,0.0,1.0,0.0,1.0
1,95,9.478639403296366,5.454742675942047,0.0,0.0,0.0,0.0,0.0,0.0
2,95,3.950306518978033,2.7517918036591933,1.0,0.0,0.0,0.0,0.0,1.0
3,95,5.307613556348576,12.0,0.0,1.0,1.0,1.0,0.0,1.0
4,95,11.574012961493455,6.4481433862987245,0.0,1.0,0.0,1.0,1.0,0.0
5,95,6.544692622143317,4.741134360288164,0.0,1.0,0.0,1.0,1.0,0.0
6,95,0.0,4.317427110302135,1.0,1.0,0.0,0.0,1.0,0.0
7,95,8.536107514385249,9.816488405544408,0.0,0.0,0.0,1.0,1.0,1.0
8,95,2.709336923871262,11.155828555387984,0.0,1.0,0.0,1.0,1.0,0.0
9,95,1.6418527933087046,8.218831727239724,0.0,1.0,0.0,0.0,1.0,1.0
10,95,2.899248399106015,0.7748452012932867,1.0,1.0,0.0,1.0,0.0,0.0
11,95,5.959977310689306,5.702355690268731,1.0,0.0,1.0,1.0,1.0,1.0
12,95,11.991995843091356,10.971279827319885,1.0,1.0,1.0,0.0,1.0,1.0
13,95,10.545203296849246,6.906589779238712,1.0,0.0,1.0,0.0,0.0,0.0
14,95,5.6995297206827535,6.586472623132426,1.0,0.0,1.0,0.0,1.0,1.0
15,95,3.98429872320197,2.851741751217026,1.0,0.0,1.0,1.0,0.0,0.0
16,95,0.5027655585023093,3.8230097402938936,1.0,1.0,0.0,0.0,0.0,1.0
17,95,7.803440342160955,11.27799219812313,0.0,0.0,1.0,0.0,1.0,0.0
18,95,3.926825135530546,1.9923660154659009,0.0,0.0,1.0,1.0,0.0,0.0
19,95,9.902166067909786,1.097955313485152,0.0,1.0,1.0,1.0,1.0,0.0
20,95,5.311568881101754,0.6408201788031946,0.0,0.0,1.0,1.0,0.0,0.0
21,95,2.8202267518060693,0.0,0.0,1.0,1.0,0.0,1.0,0.0
22,95,1.2571963530719683,11.86494067021368,0.0,1.0,1.0,0.0,1.0,0.0
23,95,5.539610452308231,2.3372043125374486,1.0,0.0,0.0,0.0,0.0,0.0
24,95,5.460796097938856,10.495939910012815,0.0,1.0,0.0,1.0,0.0,0.0
25,95,4.587400704792141,4.920751619881643,0.0,1.0,1.0,0.0,1.0,0.0
26,95,7.729577644282696,0.0,0.0,0.0,0.0,0.0,0.0,0.0
27,95,12.0,9.496442162679088,1.0,1.0,0.0,0.0,0.0,1.0
28,95,8.362932584271123,7.784040155286991,0.0,0.0,0.0,0.0,0.0,0.0
29,95,7.538119375000228,9.235747306799754,1.0,0.0,0.0,0.0,0.0,1.0
30,95,4.158570000537857,11.98900747911776,1.0,0.0,0.0,0.0,0.0,1.0
31,95,10.481545817078038,11.194551776930147,0.0,0.0,1.0,1.0,1.0,0.0
32,95,9.0035010190271,3.3345908879208883,1.0,0.0,1.0,1.0,0.0,1.0
33,95,0.0,12.0,0.0,0.0,0.0,0.0,0.0,1.0
34,95,5.498531498925047,11.468307412301025,0.0,0.0,0.0,1.0,1.0,1.0
35,95,0.9754260472273713,8.371399610662618,0.0,0.0,0.0,0.0,1.0,1.0
36,95,2.2273844545584898,3.99265465403832,1.0,0.0,0.0,1.0,0.0,0.0
37,95,11.286710449495471,8.011581975295904,0.0,1.0,1.0,0.0,1.0,0.0
38,95,1.6007406593053992,9.73270600383261,0.0,0.0,0.0,1.0,0.0,1.0
39,95,10.343375623408294,5.939190272689962,1.0,0.0,1.0,1.0,0.0,1.0
0,100,11.199691592723848,1.232695123258024,0.0,1.0,0.0,1.0,0.0,1.0
1,100,9.56525117099507,5.489128884714065,0.0,0.0,0.0,0.0,0.0,0.0
2,100,3.946432192761765,2.800602223568087,1.0,0.0,0.0,0.0,0.0,1.0
3,100,5.408176776859533,12.0,0.0,1.0,1.0,1.0,0.0,1.0
4,100,11.590551931780476,6.4596795223554,0.0,1.0,0.0,1.0,1.0,0.0
5,100,6.520693185810625,4.723729469818659,0.0,1.0,0.0,1.0,1.0,0.0
6,100,0.0,4.33706521679352,1.0,1.0,0.0,0.0,1.0,0.0
7,100,8.615854202361124,9.785640313652046,0.0,0.0,0.0,1.0,1.0,1.0
8,100,2.697174769471628,11.19801863097401,0.0,1.0,0.0,1.0,1.0,0.0
9,100,1.529173292122334,8.229785157958625,0.0,1.0,0.0,0.0,1.0,1.0
10,100,2.9312526230532603,0.8011373155861753,1.0,1.0,0.0,1.0,0.0,0.0
11,100,5.957922104132022,5.761239226587263,1.0,0.0,1.0,1.0,1.0,1.0
12,100,12.0,10.985331665812678,1.0,1.0,1.0,0.0,1.0,1.0
13,100,10.46464196752616,6.843822410847672,1.0,0.0,1.0,0.0,0.0,0.0
14,100,5.737321634103217,6.562361946564248,1.0,0.0,1.0,0.0,1.0,1.0
15,100,3.984407727088544,2.848304421068171,1.0,0.0,1.0,1.0,0.0,0.0
16,100,0.4050559578417275,3.8885265931536495,1.0,1.0,0.0,0.0,0.0,1.0
17,100,7.811692758001913,11.265544810716404,0.0,0.0,1.0,0.0,1.0,0.0
18,100,3.924910242591316,2.009348713032913,0.0,0.0,1.0,1.0,0.0,0.0
19,100,9.884512655750118,0.9141329876683746,0.0,1.0,1.0,1.0,1.0,0.0
20,100,5.271589443019471,0.6864877340585887,0.0,0.0,1.0,1.0,0.0,0.0
21,100,2.80301628606338,0.0,0.0,1.0,1.0,0.0,1.0,0.0
22,100,1.2487025816649475,11.78505735745066,0.0,1.0,1.0,0.0,1.0,0.0
23,100,5.5299826757172665,2.370796620282726,1.0,0.0,0.0,0.0,0.0,0.0
24,100,5.525540371513066,10.51553338788966,0.0,1.0,0.0,1.0,0.0,0.0
25,100,4.562410784601505,5.07339026203584,0.0,1.0,1.0,0.0,1.0,0.0
26,100,7.713361511625354,0.0,0.0,0.0,0.0,0.0,0.0,0.0
27,100,12.0,9.522076223199088,1.0,1.0,0.0,0.0,0.0,1.0
28,100,8.384018766566754,7.707573643160544,0.0,0.0,0.0,0.0,0.0,0.0
29,100,7.491209411923062,9.239356384241091,1.0,0.0,0.0,0.0,0.0,1.0
30,100,4.151424609237508,11.987482160942566,1.0,0.0,0.0,0.0,0.0,1.0
31,100,10.489839707261831,11.192150972892716,0.0,0.0,1.0,1.0,1.0,0.0
32,100,9.001658899395926,3.30095213140783,1.0,0.0,1.0,1.0,0.0,1.0
33,100,0.0,12.0,0.0,0.0,0.0,0.0,0.0,1.0
34,100,5.496402701521252,11.47009272717644,0.0,0.0,0.0,1.0,1.0,1.0
35,100,0.9756510358696974,8.437098006852173,0.0,0.0,0.0,0.0,1.0,1.0
36,100,2.261182901121511,4.009332585121573,1.0,0.0,0.0,1.0,0.0,0.0
37,100,11.28861610871435,8.004663655529116,0.0,1.0,1.0,0.0,1.0,0.0
38,100,1.7019769952136197,9.736882300673631,0.0,0.0,0.0,1.0,0.0,1.0
39,100,10.376979956776449,5.931891379949691,1.0,0.0,1.0,1.0,0.0,1.0
0,105,11.304158301557711,1.3132652110271446,0.0,1.0,0.0,1.0,0.0,1.0
1,105,9.625936826589118,5.513383308046502,0.0,0.0,0.0,0.0,0.0,0.0
2,105,3.942976237333182,2.8479244748613537,1.0,0.0,0.0,0.0,0.0,1.0
3,105,5.520093334812004,12.0,0.0,1.0,1.0,1.0,0.0,1.0
4,105,11.61539954663003,6.477648184979486,0.0,1.0,0.0,1.0,1.0,0.0
5,105,6.484216579372,4.6958815928891084,0.0,1.0,0.0,1.0,1.0,0.0
6,105,0.0,4.349502121053604,1.0,1.0,0.0,0.0,1.0,0.0
7,105,8.687595234120277,9.757837662075154,0.0,0.0,0.0,1.0,1.0,1.0
8,105,2.6806283178341546,11.25827246727724,0.0,1.0,0.0,1.0,1.0,0.0
9,105,1.3899343584341717,8.242855222879589,0.0,1.0,0.0,0.0,1.0,1.0
10,105,2.960215562086452,0.8252406901134566,1.0,1.0,0.0,1.0,0.0,0.0
11,105,5.956244345831792,5.825198517478188,1.0,0.0,1.0,1.0,1.0,1.0
12,105,12.0,10.991608241827846,1.0,1.0,1.0,0.0,1.0,1.0
13,105,10.378535574698695,6.777196862502922,1.0,0.0,1.0,0.0,0.0,0.0
14,105,5.784062660885279,6.531778539307633,1.0,0.0,1.0,0.0,1.0,1.0
15,105,3.9853372128712503,2.813946281169676,1.0,0.0,1.0,1.0,0.0,0.0
16,105,0.3122526931171918,3.950681125463462,1.0,1.0,0.0,0.0,0.0,1.0
17,105,7.814297977860856,11.261322020010054,0.0,0.0,1.0,0.0,1.0,0.0
18,105,3.923714730409007,2.020690426765921,0.0,0.0,1.0,1.0,0.0,0.0
19,105,9.87598782642368,0.7213899587289909,0.0,1.0,1.0,1.0,1.0,0.0
20,105,5.234590565978747,0.727256778037812,0.0,0.0,1.0,1.0,0.0,0.0
21,105,2.7836189313966573,0.0,0.0,1.0,1.0,0.0,1.0,0.0
22,105,1.2425447162554466,11.725754219317508,0.0,1.0,1.0,0.0,1.0,0.0
23,105,5.522045180394362,2.3971513640735407,1.0,0.0,0.0,0.0,0.0,0.0
24,105,5.587834622748063,10.53549362981615,0.0,1.0,0.0,1.0,0.0,0.0
25,105,4.539017656989661,5.223450559572314,0.0,1.0,1.0,0.0,1.0,0.0
26,105,7.695081740321577,0.0,0.0,0.0,0.0,0.0,0.0,0.0
27,105,12.0,9.540721432953797,1.0,1.0,0.0,0.0,0.0,1.0
28,105,8.410789901616731,7.61562967126001,0.0,0.0,0.0,0.0,0.0,0.0
29,105,7.453229698069319,9.241652742217758,1.0,0.0,0.0,0.0,0.0,1.0
30,105,4.132176484556978,11.982791506370134,1.0,0.0,0.0,0.0,0.0,1.0
31,105,10.499852439810615,11.189038201255649,0.0,0.0,1.0,1.0,1.0,0.0
32,105,8.998811687297165,3.2568709749992197,1.0,0.0,1.0,1.0,0.0,1.0
33,105,0.0,12.0,0.0,0.0,0.0,0.0,0.0,1.0
34,105,5.508936067517334,11.459961434581816,0.0,0.0,0.0,1.0,1.0,1.0
35,105,0.9750469714395515,8.509535316407826,0.0,0.0,0.0,0.0,1.0,1.0
36,105,2.276818326929351,4.017048234044285,1.0,0.0,0.0,1.0,0.0,0.0
37,105,11.291933653965696,7.992527238593641,0.0,1.0,1.0,0.0,1.0,0.0
38,105,1.8109127273310517,9.740531382242631,0.0,0.0,0.0,1.0,0.0,1.0
39,105,10.424332609906095,5.921919433484574,1.0,0.0,1.0,1.0,0.0,1.0
0,110,11.41613450389124,1.3984536227105977,0.0,1.0,0.0,1.0,0.0,1.0
1,110,9.692562066603696,5.541138533486549,0.0,0.0,0.0,0.0,0.0,0.0
2,110,3.9388123620588646,2.9069692242461125,1.0,0.0,0.0,0.0,0.0,1.0
3,110,5.663042910812663,12.0,0.0,1.0,1.0,1.0,0.0,1.0
4,110,11.662033833659818,6.512870141366508,0.0,1.0,0.0,1.0,1.0,0.0
5,110,6.449519927883357,4.669877750192356,0.0,1.0,0.0,1.0,1.0,0.0
6,110,0.0,4.360574418319828,1.0,1.0,0.0,0.0,1.0,0.0
7,110,8.731778452376792,9.741780303388609,0.0,0.0,0.0,1.0,1.0,1.0
8,110,2.652602124818064,11.34406225488789,0.0,1.0,0.0,1.0,1.0,0.0
9,110,1.2405690506911216,8.255254315648052,0.0,1.0,0.0,0.0,1.0,1.0
10,110,2.9831844155438256,0.8442487268570948,1.0,1.0,0.0,1.0,0.0,0.0
11,110,5.954522145278675,5.87009189034994,1.0,0.0,1.0,1.0,1.0,1.0
12,110,12.0,10.992435507458143,1.0,1.0,1.0,0.0,1.0,1.0
13,110,10.2901503299032,6.710603498439041,1.0,0.0,1.0,0.0,0.0,0.0
14,110,5.815216645810255,6.512047122582317,1.0,0.0,1.0,0.0,1.0,1.0
15,110,3.985939425614649,2.7932231530806297,1.0,0.0,1.0,1.0,0.0,0.0
16,110,0.2165925275029376,4.014450195672624,1.0,1.0,0.0,0.0,0.0,1.0
17,110,7.806723402578324,11.273240690335031,0.0,0.0,1.0,0.0,1.0,0.0
18,110,3.922756465742259,2.0279023669400704,0.0,0.0,1.0,1.0,0.0,0.0
19,110,9.866196592506776,0.5309640769601831,0.0,1.0,1.0,1.0,1.0,0.0
20,110,5.197559317182288,0.7674412193166935,0.0,0.0,1.0,1.0,0.0,0.0
21,110,2.770192863561817,0.0,0.0,1.0,1.0,0.0,1.0,0.0
22,110,1.2359063048781485,11.673941510117771,0.0,1.0,1.0,0.0,1.0,0.0
23,110,5.518108867799366,2.411375559614536,1.0,0.0,0.0,0.0,0.0,0.0
24,110,5.633389602338973,10.550388914731554,0.0,1.0,0.0,1.0,0.0,0.0
25,110,4.514447121799585,5.376649506697114,0.0,1.0,1.0,0.0,1.0,0.0
26,110,7.678091609899333,0.0,0.0,0.0,0.0,0.0,0.0,0.0
27,110,12.0,9.552915957489017,1.0,1.0,0.0,0.0,0.0,1.0
28,110,8.440381585181438,7.519630193616401,0.0,0.0,0.0,0.0,0.0,0.0
29,110,7.399658738801301,9.245367092314488,1.0,0.0,0.0,0.0,0.0,1.0
30,110,4.111749045773799,11.97793919817212,1.0,0.0,0.0,0.0,0.0,1.0
31,110,10.50032978986787,11.190633445098417,0.0,0.0,1.0,1.0,1.0,0.0
32,110,8.997560702892656,3.2202205794994616,1.0,0.0,1.0,1.0,0.0,1.0
33,110,0.0,12.0,0.0,0.0,0.0,0.0,0.0,1.0
34,110,5.520755755986854,11.450445843675494,0.0,0.0,0.0,1.0,1.0,1.0
35,110,0.9737803143934636,8.594261298418516,0.0,0.0,0.0,0.0,1.0,1.0
36,110,2.304085521073917,4.031141443331854,1.0,0.0,0.0,1.0,0.0,0.0
37,110,11.292404551836908,7.990878993649026,0.0,1.0,1.0,0.0,1.0,0.0
38,110,1.8909318943312543,9.743530463075627,0.0,0.0,0.0,1.0,0.0,1.0
39,110,10.460502852921794,5.913993853757368,1.0,0.0,1.0,1.0,0.0,1.0
0,115,11.545073590701918,1.4966943766116698,0.0,1.0,0.0,1.0,0.0,1.0
1,115,9.768947320590213,5.57292865474591,0.0,0.0,0.0,0.0,0.0,0.0
2,115,3.935556709693232,2.95120617282865,1.0,0.0,0.0,0.0,0.0,1.0
3,115,5.807599978568519,12.0,0.0,1.0,1.0,1.0,0.0,1.0
4,115,11.68778863021345,6.532935836373479,0.0,1.0,0.0,1.0,1.0,0.0
5,115,6.410016797653881,4.641455507820085,0.0,1.0,0.0,1.0,1.0,0.0
6,115,0.0,4.369307803038422,1.0,1.0,0.0,0.0,1.0,0.0
7,115,8.782353977951411,9.721225301738686,0.0,0.0,0.0,1.0,1.0,1.0
8,115,2.6232771016915613,11.438272327584691,0.0,1.0,0.0,1.0,1.0,0.0
9,115,1.0869184146013526,8.265081973100306,0.0,1.0,0.0,0.0,1.0,1.0
10,115,2.9883855030872586,0.8487525608654992,1.0,1.0,0.0,1.0,0.0,0.0
11,115,5.952343955082285,5.906344157073181,1.0,0.0,1.0,1.0,1.0,1.0
12,115,12.0,10.9969994914548,1.0,1.0,1.0,0.0,1.0,1.0
13,115,10.370037422449435,6.606948505136548,1.0,0.0,1.0,0.0,0.0,0.0
14,115,5.830886404612008,6.501845755427103,1.0,0.0,1.0,0.0,1.0,1.0
15,115,3.9871538815663303,2.744970455636342,1.0,0.0,1.0,1.0,0.0,0.0
16,115,0.1286838348626204,4.075502795947621,1.0,1.0,0.0,0.0,0.0,1.0
17,115,7.805386524924532,11.27543944171411,0.0,0.0,1.0,0.0,1.0,0.0
18,115,3.92594554314551,2.0025851181777075,0.0,0.0,1.0,1.0,0.0,0.0
19,115,9.851416734526197,0.3297050730868881,0.0,1.0,1.0,1.0,1.0,0.0
20,115,5.144930164144804,0.825868688937814,0.0,0.0,1.0,1.0,0.0,0.0
21,115,2.7559831235824843,0.0,0.0,1.0,1.0,0.0,1.0,0.0
22,115,1.2271359986390669,11.618516177996502,0.0,1.0,1.0,0.0,1.0,0.0
23,115,5.512072905662564,2.433993987687664,1.0,0.0,0.0,0.0,0.0,0.0
24,115,5.688137337225585,10.569588513847805,0.0,1.0,0.0,1.0,0.0,0.0
25,115,4.493562564318234,5.517622856368921,0.0,1.0,1.0,0.0,1.0,0.0
26,115,7.665197266620555,0.0,0.0,0.0,0.0,0.0,0.0,0.0
27,115,12.0,9.556224683685777,1.0,1.0,0.0,0.0,0.0,1.0
28,115,8.464368971022719,7.443669754867514,0.0,0.0,0.0,0.0,0.0,0.0
29,115,7.3660861803596385,9.24706973854339,1.0,0.0,0.0,0.0,0.0,1.0
30,115,4.076616319624585,11.969856415245866,1.0,0.0,0.0,0.0,0.0,1.0
31,115,10.498650197993705,11.18448757529562,0.0,0.0,1.0,1.0,1.0,0.0
32,115,8.99440659753665,3.170706211071528,1.0,0.0,1.0,1.0,0.0,1.0
33,115,0.0037025034646371,11.984109716626232,0.0,0.0,0.0,0.0,0.0,1.0
34,115,5.541412038141373,11.4340107031728,0.0,0.0,0.0,1.0,1.0,1.0
35,115,0.9711339374955332,8.702753585284125,0.0,0.0,0.0,0.0,1.0,1.0
36,115,2.322570892834822,4.040795698772501,1.0,0.0,0.0,1.0,0.0,0.0
37,115,11.291568562652865,7.993706212982709,0.0,1.0,1.0,0.0,1.0,0.0
38,115,1.9811738003289825,9.743997572084844,0.0,0.0,0.0,1.0,0.0,1.0
39,115,10.496353238413588,5.905669157496785,1.0,0.0,1.0,1.0,0.0,1.0
0,120,11.6816981596975,1.6000791983328615,0.0,1.0,0.0,1.0,0.0,1.0
1,120,9.853702771274437,5.61117868193265,0.0,0.0,0.0,0.0,0.0,0.0
2,120,3.93134275738968,2.9993147908881643,1.0,0.0,0.0,0.0,0.0,1.0
3,120,5.911498391404628,12.0,0.0,1.0,1.0,1.0,0.0,1.0
4,120,11.70641617221662,6.547012376512932,0.0,1.0,0.0,1.0,1.0,0.0
5,120,6.368875845215685,4.612694141075665,0.0,1.0,0.0,1.0,1.0,0.0
6,120,0.0,4.377269819290504,1.0,1.0,0.0,0.0,1.0,0.0
7,120,8.82075408300867,9.705517102506205,0.0,0.0,0.0,1.0,1.0,1.0
8,120,2.5925776733379404,11.526503597284306,0.0,1.0,0.0,1.0,1.0,0.0
9,120,0.939144476789003,8.27458264231935,0.0,1.0,0.0,0.0,1.0,1.0
10,120,3.0146728395829703,0.8703979424592243,1.0,1.0,0.0,1.0,0.0,0.0
11,120,5.950664040838411,5.939119455726897,1.0,0.0,1.0,1.0,1.0,1.0
12,120,12.0,11.011507953488714,1.0,1.0,1.0,0.0,1.0,1.0
13,120,10.448443373282451,6.502500290672571,1.0,0.0,1.0,0.0,0.0,0.0
14,120,5.860649544705665,6.483154914234503,1.0,0.0,1.0,0.0,1.0,1.0
15,120,3.98745955530393,2.7126643097217453,1.0,0.0,1.0,1.0,0.0,0.0
16,120,0.0339365743707316,4.138938831697234,1.0,1.0,0.0,0.0,0.0,1.0
17,120,7.789480621803355,11.302442584516722,0.0,0.0,1.0,0.0,1.0,0.0
18,120,3.928069072421786,1.985406421626271,0.0,0.0,1.0,1.0,0.0,0.0
19,120,9.83333822256126,0.1419068649526654,0.0,1.0,1.0,1.0,1.0,0.0
20,120,5.077676848120294,0.8998596618375697,0.0,0.0,1.0,1.0,0.0,0.0
21,120,2.7392659165333506,0.0,0.0,1.0,1.0,0.0,1.0,0.0
22,120,1.2194377898466242,11.57011110138125,0.0,1.0,1.0,0.0,1.0,0.0
23,120,5.492778641122298,2.4289208486439127,1.0,0.0,0.0,0.0,0.0,0.0
24,120,5.758784042712808,10.593288035748431,0.0,1.0,0.0,1.0,0.0,0.0
25,120,4.470582888557025,5.669309968056643,0.0,1.0,1.0,0.0,1.0,0.0
26,120,7.655903239915201,0.0,0.0,0.0,0.0,0.0,0.0,0.0
27,120,12.0,9.563217108137517,1.0,1.0,0.0,0.0,0.0,1.0
28,120,8.484448831900501,7.377194693176266,0.0,0.0,0.0,0.0,0.0,0.0
29,120,7.328808472935793,9.248853239583717,1.0,0.0,0.0,0.0,0.0,1.0
30,120,4.031275198999504,11.95896470675905,1.0,0.0,0.0,0.0,0.0,1.0
31,120,10.491522892645229,11.160396400218218,0.0,0.0,1.0,1.0,1.0,0.0
32,120,8.99214536245177,3.136325475251444,1.0,0.0,1.0,1.0,0.0,1.0
33,120,0.0066954232034028,11.970093083806963,0.0,0.0,0.0,0.0,0.0,1.0
34,120,5.552920389804468,11.425158543529442,0.0,0.0,0.0,1.0,1.0,1.0
35,120,0.9662455585834924,8.825996963732832,0.0,0.0,0.0,0.0,1.0,1.0
36,120,2.3464284293875317,4.053772307405138,1.0,0.0,0.0,1.0,0.0,0.0
37,120,11.289266063715898,8.001476228031986,0.0,1.0,1.0,0.0,1.0,0.0
38,120,2.0663290968427286,9.743545032348884,0.0,0.0,0.0,1.0,0.0,1.0
39,120,10.555399704205795,5.891196029181246,1.0,0.0,1.0,1.0,0.0,1.0
0,125,11.813308516265865,1.6959158732588229,0.0,1.0,0.0,1.0,0.0,1.0
1,125,9.930729511020711,5.644200473204377,0.0,0.0,0.0,0.0,0.0,0.0
2,125,3.927202076841435,3.0535033009082206,1.0,0.0,0.0,0.0,0.0,1.0
3,125,6.002202134754673,12.0,0.0,1.0,1.0,1.0,0.0,1.0
4,125,11.729369931618578,6.564689427400994,0.0,1.0,0.0,1.0,1.0,0.0
5,125,6.317300123303047,4.576282248434304,0.0,1.0,0.0,1.0,1.0,0.0
6,125,0.0,4.382728269826799,1.0,1.0,0.0,0.0,1.0,0.0
7,125,8.833361251377879,9.700639930107334,0.0,0.0,0.0,1.0,1.0,1.0
8,125,2.559590328198434,11.619602198490986,0.0,1.0,0.0,1.0,1.0,0.0
9,125,0.9295189267166551,8.127268948178031,0.0,1.0,0.0,0.0,1.0,1.0
10,125,3.039036706758899,0.8906358559113703,1.0,1.0,0.0,1.0,0.0,0.0
11,125,5.950371393242215,5.964165175595979,1.0,0.0,1.0,1.0,1.0,1.0
12,125,12.0,11.02079052717235,1.0,1.0,1.0,0.0,1.0,1.0
13,125,10.516618018490352,6.410070749915742,1.0,0.0,1.0,0.0,0.0,0.0
14,125,5.873952784049399,6.474652659243948,1.0,0.0,1.0,0.0,1.0,1.0
15,125,3.987397907162836,2.697616097811295,1.0,0.0,1.0,1.0,0.0,0.0
16,125,0.0,4.19353837722228,1.0,1.0,0.0,0.0,0.0,1.0
17,125,7.783431390277306,11.312720136999072,0.0,0.0,1.0,0.0,1.0,0.0
18,125,3.957967864984114,1.9893316494170743,0.0,0.0,1.0,1.0,0.0,0.0
19,125,9.811953451899878,0.0,0.0,1.0,1.0,1.0,1.0,0.0
20,125,5.021101296897407,0.9624982084184928,0.0,0.0,1.0,1.0,0.0,0.0
21,125,2.72234097805822,0.0,0.0,1.0,1.0,0.0,1.0,0.0
22,125,1.2129931556462594,11.519856706874046,0.0,1.0,1.0,0.0,1.0,0.0
23,125,5.48637836212225,2.427144009505155,1.0,0.0,0.0,0.0,0.0,0.0
24,125,5.848662124950702,10.621698102467375,0.0,1.0,0.0,1.0,0.0,0.0
25,125,4.445512657045327,5.834596608734859,0.0,1.0,1.0,0.0,1.0,0.0
26,125,7.650608034299417,0.0,0.0,0.0,0.0,0.0,0.0,0.0
27,125,12.0,9.570509441234602,1.0,1.0,0.0,0.0,0.0,1.0
28,125,8.507766427125274,7.301749150346076,0.0,0.0,0.0,0.0,0.0,0.0
29,125,7.313094992668066,9.249162012090128,1.0,0.0,0.0,0.0,0.0,1.0
30,125,3.9675576504689913,11.944908934892128,1.0,0.0,0.0,0.0,0.0,1.0
31,125,10.489502034598372,11.152954131599046,0.0,0.0,1.0,1.0,1.0,0.0
32,125,8.990047068032766,3.097637427609436,1.0,0.0,1.0,1.0,0.0,1.0
33,125,0.0112465006589808,11.949614231705278,0.0,0.0,0.0,0.0,0.0,1.0
34,125,5.557946495230196,11.42137348284836,0.0,0.0,0.0,1.0,1.0,1.0
35,125,0.9604954604466556,8.953787888374517,0.0,0.0,0.0,0.0,1.0,1.0
36,125,2.385113903626775,4.075303667322148,1.0,0.0,0.0,1.0,0.0,0.0
37,125,11.288531358681192,8.003985511499113,0.0,1.0,1.0,0.0,1.0,0.0
38,125,2.1522977472981246,9.7409518121279,0.0,0.0,0.0,1.0,0.0,1.0
39,125,10.623280138945749,5.876175750415404,1.0,0.0,1.0,1.0,0.0,1.0
0,130,11.942094593019473,1.7895037311840092,0.0,1.0,0.0,1.0,0.0,1.0
1,130,9.993004578616231,5.669546800167377,0.0,0.0,0.0,0.0,0.0,0.0
2,130,3.923159583197362,3.098821890346707,1.0,0.0,0.0,0.0,0.0,1.0
3,130,6.088468570132092,12.0,0.0,1.0,1.0,1.0,0.0,1.0
4,130,11.762754955197996,6.590154456738564,0.0,1.0,0.0,1.0,1.0,0.0
5,130,6.267709447083111,4.54193345964,0.0,1.0,0.0,1.0,1.0,0.0
6,130,0.0,4.391740247212662,1.0,1.0,0.0,0.0,1.0,0.0
7,130,8.852787659862399,9.693065472783294,0.0,0.0,0.0,1.0,1.0,1.0
8,130,2.534634262127685,11.69394594592443,0.0,1.0,0.0,1.0,1.0,0.0
9,130,0.9188580940463698,7.987054777622247,0.0,1.0,0.0,0.0,1.0,1.0
10,130,3.055215407603493,0.9040551247486348,1.0,1.0,0.0,1.0,0.0,0.0
11,130,5.950280736043749,5.97467608187554,1.0,0.0,1.0,1.0,1.0,1.0
12,130,12.0,11.02100326292261,1.0,1.0,1.0,0.0,1.0,1.0
13,130,10.586294368304578,6.318091599051742,1.0,0.0,1.0,0.0,0.0,0.0
14,130,5.864125282440141,6.480991191559454,1.0,0.0,1.0,0.0,1.0,1.0
15,130,3.9873536230665567,2.6947785737494288,1.0,0.0,1.0,1.0,0.0,0.0
16,130,0.0507032186124955,4.265089808101726,1.0,1.0,0.0,0.0,0.0,1.0
17,130,7.784159979317365,11.311439067188555,0.0,0.0,1.0,0.0,1.0,0.0
18,130,3.987207894603404,1.9939060404517648,0.0,0.0,1.0,1.0,0.0,0.0
19,130,9.787730316387494,0.0,0.0,1.0,1.0,1.0,1.0,0.0
20,130,4.962712526654626,1.0281979499121063,0.0,0.0,1.0,1.0,0.0,0.0
21,130,2.7031704092373987,0.0,0.0,1.0,1.0,0.0,1.0,0.0
22,130,1.2097950343612132,11.494616352281904,0.0,1.0,1.0,0.0,1.0,0.0
23,130,5.500307527049882,2.430706253451796,1.0,0.0,0.0,0.0,0.0,0.0
24,130,5.948993790960658,10.652424017872962,0.0,1.0,0.0,1.0,0.0,0.0
25,130,4.426205015891881,5.993725336163069,0.0,1.0,1.0,0.0,1.0,0.0
26,130,7.649114244012171,0.0,0.0,0.0,0.0,0.0,0.0,0.0
27,130,12.0,9.571856297837387,1.0,1.0,0.0,0.0,0.0,1.0
28,130,8.53970098968265,7.207824862573443,0.0,0.0,0.0,0.0,0.0,0.0
29,130,7.275417845036088,9.25027963193904,1.0,0.0,0.0,0.0,0.0,1.0
30,130,3.9088184889439512,11.933296082584285,1.0,0.0,0.0,0.0,0.0,1.0
31,130,10.48466882078652,11.135113269757948,0.0,0.0,1.0,1.0,1.0,0.0
32,130,8.987717748127213,3.0627673828698567,1.0,0.0,1.0,1.0,0.0,1.0
33,130,0.0224680363730864,11.90835138603864,0.0,0.0,0.0,0.0,0.0,1.0
34,130,5.590963174859008,11.396355892751226,0.0,0.0,0.0,1.0,1.0,1.0
35,130,0.9541477633922816,9.058712056276065,0.0,0.0,0.0,0.0,1.0,1.0
36,130,2.4339364565534134,4.102107829192751,1.0,0.0,0.0,1.0,0.0,0.0
37,130,11.28981131977616,7.999492890690537,0.0,1.0,1.0,0.0,1.0,0.0
38,130,2.2534622093970014,9.738372850828084,0.0,0.0,0.0,1.0,0.0,1.0
39,130,10.692379640345926,5.861070300361784,1.0,0.0,1.0,1.0,0.0,1.0
0,135,12.0,1.8837601130473367,0.0,1.0,0.0,1.0,0.0,1.0
1,135,10.060519125103507,5.69840885478673,0.0,0.0,0.0,0.0,0.0,0.0
2,135,3.916840018070973,3.158285225066911,1.0,0.0,0.0,0.0,0.0,1.0
3,135,6.201476111257756,12.0,0.0,1.0,1.0,1.0,0.0,1.0
4,135,11.784567085029494,6.606665268887864,0.0,1.0,0.0,1.0,1.0,0.0
5,135,6.224070931776895,4.511395843888447,0.0,1.0,0.0,1.0,1.0,0.0
6,135,0.0,4.406318499482962,1.0,1.0,0.0,0.0,1.0,0.0
7,135,8.85798657199444,9.690993220262314,0.0,0.0,0.0,1.0,1.0,1.0
8,135,2.508856453946388,11.77505562213991,0.0,1.0,0.0,1.0,1.0,0.0
9,135,0.9029025402468048,7.847460796315733,0.0,1.0,0.0,0.0,1.0,1.0
10,135,3.051709902911387,0.9010172176912954,1.0,1.0,0.0,1.0,0.0,0.0
11,135,5.950455105403931,5.983424574586718,1.0,0.0,1.0,1.0,1.0,1.0
12,135,12.0,11.026414648846108,1.0,1.0,1.0,0.0,1.0,1.0
13,135,10.679743651208293,6.201256735602013,1.0,0.0,1.0,0.0,0.0,0.0
14,135,5.857888123065363,6.485201795146,1.0,0.0,1.0,0.0,1.0,1.0
15,135,3.987631982617024,2.7090847256704285,1.0,0.0,1.0,1.0,0.0,0.0
16,135,0.1013056457057055,4.335294533216456,1.0,1.0,0.0,0.0,0.0,1.0
17,135,7.772032759385842,11.333038252872662,0.0,0.0,1.0,0.0,1.0,0.0
18,135,4.036180197413182,2.0010846758774488,0.0,0.0,1.0,1.0,0.0,0.0
19,135,9.760859441458251,0.0,0.0,1.0,1.0,1.0,1.0,0.0
20,135,4.907047095091808,1.0879379634010935,0.0,0.0,1.0,1.0,0.0,0.0
21,135,2.6869770771138626,0.0,0.0,1.0,1.0,0.0,1.0,0.0
22,135,1.204666748269967,11.448536851061188,0.0,1.0,1.0,0.0,1.0,0.0
23,135,5.523291394311727,2.436482179656323,1.0,0.0,0.0,0.0,0.0,0.0
24,135,6.049650827539117,10.682941113392058,0.0,1.0,0.0,1.0,0.0,0.0
25,135,4.408485759635436,6.150324526027899,0.0,1.0,1.0,0.0,1.0,0.0
26,135,7.647462786560473,0.0,0.0,0.0,0.0,0.0,0.0,0.0
27,135,11.991548088112848,9.56837076277554,1.0,1.0,0.0,0.0,0.0,1.0
28,135,8.571791205421862,7.105994849947055,0.0,0.0,0.0,0.0,0.0,0.0
29,135,7.238122109340651,9.25175465331233,1.0,0.0,0.0,0.0,0.0,1.0
30,135,3.836966143911944,11.918958878142949,1.0,0.0,0.0,0.0,0.0,1.0
31,135,10.48350120015105,11.13090092549025,0.0,0.0,1.0,1.0,1.0,0.0
32,135,8.98638222217747,3.0417844822829805,1.0,0.0,1.0,1.0,0.0,1.0
33,135,0.0310167471388002,11.878694643949345,0.0,0.0,0.0,0.0,0.0,1.0
34,135,5.606749267908817,11.384612040677684,0.0,0.0,0.0,1.0,1.0,1.0
35,135,0.9443987938100848,9.164450528206284,0.0,0.0,0.0,0.0,1.0,1.0
36,135,2.489341972772001,4.132561447722014,1.0,0.0,0.0,1.0,0.0,0.0
37,135,11.292621019397508,7.990034183735071,0.0,1.0,1.0,0.0,1.0,0.0
38,135,2.338523721559857,9.735633374035478,0.0,0.0,0.0,1.0,0.0,1.0
39,135,10.774696470390095,5.842354291270505,1.0,0.0,1.0,1.0,0.0,1.0
0,140,12.0,1.9635713210432395,0.0,1.0,0.0,1.0,0.0,1.0
1,140,10.128268226991034,5.726732731208702,0.0,0.0,0.0,0.0,0.0,0.0
2,140,3.911915042601256,3.211936475666509,1.0,0.0,0.0,0.0,0.0,1.0
3,140,6.319966029179175,12.0,0.0,1.0,1.0,1.0,0.0,1.0
4,140,11.792418589482445,6.613107510317078,0.0,1.0,0.0,1.0,1.0,0.0
5,140,6.183595802194066,4.482373417244982,0.0,1.0,0.0,1.0,1.0,0.0
6,140,0.0,4.421532587783075,1.0,1.0,0.0,0.0,1.0,0.0
7,140,8.858014877895197,9.690980652494645,0.0,0.0,0.0,1.0,1.0,1.0
8,140,2.4797607241401214,11.858255372160007,0.0,1.0,0.0,1.0,1.0,0.0
9,140,0.8908392664442772,7.705360034636437,0.0,1.0,0.0,0.0,1.0,1.0
10,140,3.062849506914668,0.9112660630382708,1.0,1.0,0.0,1.0,0.0,0.0
11,140,5.95063096020152,6.002265379709273,1.0,0.0,1.0,1.0,1.0,1.0
12,140,12.0,11.044355097479045,1.0,1.0,1.0,0.0,1.0,1.0
13,140,10.769553315536696,6.093447697210316,1.0,0.0,1.0,0.0,0.0,0.0
14,140,5.85362191993508,6.488178059073704,1.0,0.0,1.0,0.0,1.0,1.0
15,140,3.988201350007352,2.738057626226622,1.0,0.0,1.0,1.0,0.0,0.0
16,140,0.1665211626208627,4.424477153668071,1.0,1.0,0.0,0.0,0.0,1.0
17,140,7.767459814870508,11.34100117569349,0.0,0.0,1.0,0.0,1.0,0.0
18,140,4.118413914803376,2.012823734919152,0.0,0.0,1.0,1.0,0.0,0.0
19,140,9.735712062089036,0.0,0.0,1.0,1.0,1.0,1.0,0.0
20,140,4.828735429453419,1.1731967569575668,0.0,0.0,1.0,1.0,0.0,0.0
21,140,2.6691297571702943,0.0,0.0,1.0,1.0,0.0,1.0,0.0
22,140,1.200430768705368,11.40585955418649,0.0,1.0,1.0,0.0,1.0,0.0
23,140,5.533260823404611,2.439056166189843,1.0,0.0,0.0,0.0,0.0,0.0
24,140,6.158161926242911,10.713829389047396,0.0,1.0,0.0,1.0,0.0,0.0
25,140,4.3893244228086425,6.313544518732607,0.0,1.0,1.0,0.0,1.0,0.0
26,140,7.644589999749117,0.0,0.0,0.0,0.0,0.0,0.0,0.0
27,140,11.972036403735164,9.560465395760906,1.0,1.0,0.0,0.0,0.0,1.0
28,140,8.60522526605096,6.997790207338206,0.0,0.0,0.0,0.0,0.0,0.0
29,140,7.200853729285319,9.252598374628926,1.0,0.0,0.0,0.0,0.0,1.0
30,140,3.759321354686581,11.90648900794184,1.0,0.0,0.0,0.0,0.0,1.0
31,140,10.475404859650803,11.09933356042374,0.0,0.0,1.0,1.0,1.0,0.0
32,140,8.985142314368577,3.0153470299927663,1.0,0.0,1.0,1.0,0.0,1.0
33,140,0.0403230337305481,11.845329643398951,0.0,0.0,0.0,0.0,0.0,1.0
34,140,5.6088493679464895,11.383064884971846,0.0,0.0,0.0,1.0,1.0,1.0
35,140,0.9332546880767484,9.278615271746183,0.0,0.0,0.0,0.0,1.0,1.0
36,140,2.515162867154031,4.147266122346539,1.0,0.0,0.0,1.0,0.0,0.0
37,140,11.298054526958111,7.971000975121552,0.0,1.0,1.0,0.0,1.0,0.0
38,140,2.4308493292052047,9.73386044257704,0.0,0.0,0.0,1.0,0.0,1.0
39,140,10.870841221739886,5.8189031742886135,1.0,0.0,1.0,1.0,0.0,1.0
0,145,12.0,2.0455391794212345,0.0,1.0,0.0,1.0,0.0,1.0
1,145,10.206943336186349,5.758862577458276,0.0,0.0,0.0,0.0,0.0,0.0
2,145,3.906623887751989,3.2593646771481124,1.0,0.0,0.0,0.0,0.0,1.0
3,145,6.464713658211767,12.0,0.0,1.0,1.0,1.0,0.0,1.0
4,145,11.819337452217994,6.63533035063735,0.0,1.0,0.0,1.0,1.0,0.0
5,145,6.137944654388152,4.449876977946078,0.0,1.0,0.0,1.0,1.0,0.0
6,145,0.0,4.4358928854842,1.0,1.0,0.0,0.0,1.0,0.0
7,145,8.884833045464616,9.678807512982496,0.0,0.0,0.0,1.0,1.0,1.0
8,145,2.4442635177257945,11.96264976530632,0.0,1.0,0.0,1.0,1.0,0.0
9,145,0.8791540273017829,7.57971194509734,0.0,1.0,0.0,0.0,1.0,1.0
10,145,3.060991106445025,0.9095083123375884,1.0,1.0,0.0,1.0,0.0,0.0
11,145,5.950677781221334,6.031134376747409,1.0,0.0,1.0,1.0,1.0,1.0
12,145,12.0,11.055272403625835,1.0,1.0,1.0,0.0,1.0,1.0
13,145,10.857166663572452,5.988520492251364,1.0,0.0,1.0,0.0,0.0,0.0
14,145,5.851089735485467,6.489961190352992,1.0,0.0,1.0,0.0,1.0,1.0
15,145,3.988325279777848,2.7731911590807363,1.0,0.0,1.0,1.0,0.0,0.0
16,145,0.2374083724253868,4.517020542734423,1.0,1.0,0.0,0.0,0.0,1.0
17,145,7.747092478173028,11.376734878868715,0.0,0.0,1.0,0.0,1.0,0.0
18,145,4.200556290917738,2.024261703914447,0.0,0.0,1.0,1.0,0.0,0.0
19,145,9.709042342074136,0.0,0.0,1.0,1.0,1.0,1.0,0.0
20,145,4.757778515178032,1.2516347974031805,0.0,0.0,1.0,1.0,0.0,0.0
21,145,2.658636189009106,0.0,0.0,1.0,1.0,0.0,1.0,0.0
22,145,1.196067624846001,11.372477149416152,0.0,1.0,1.0,0.0,1.0,0.0
23,145,5.551893806447138,2.44422896972695,1.0,0.0,0.0,0.0,0.0,0.0
24,145,6.274061900925174,10.746440941136145,0.0,1.0,0.0,1.0,0.0,0.0
25,145,4.377729656829939,6.452742792481683,0.0,1.0,1.0,0.0,1.0,0.0
26,145,7.6406617196027105,0.0,0.0,0.0,0.0,0.0,0.0,0.0
27,145,11.948314284553708,9.550046842742054,1.0,1.0,0.0,0.0,0.0,1.0
28,145,8.652375979704864,6.860963909431154,0.0,0.0,0.0,0.0,0.0,0.0
29,145,7.16004376909982,9.253409853409426,1.0,0.0,0.0,0.0,0.0,1.0
30,145,3.672459378783625,11.893016080951204,1.0,0.0,0.0,0.0,0.0,1.0
31,145,10.463386813744853,11.0510457007231,0.0,0.0,1.0,1.0,1.0,0.0
32,145,8.984021268351894,2.9968545051827915,1.0,0.0,1.0,1.0,0.0,1.0
33,145,0.0476817913039541,11.817955223657462,0.0,0.0,0.0,0.0,0.0,1.0
34,145,5.62274832987764,11.37309513945529,0.0,0.0,0.0,1.0,1.0,1.0
35,145,0.9257103828943344,9.371351387458857,0.0,0.0,0.0,0.0,1.0,1.0
36,145,2.5494929849678294,4.166568618452238,1.0,0.0,0.0,1.0,0.0,0.0
37,145,11.307230676940048,7.940586207370282,0.0,1.0,1.0,0.0,1.0,0.0
38,145,2.5169125779791,9.73243064180738,0.0,0.0,0.0,1.0,0.0,1.0
39,145,10.971492424769735,5.793300803982888,1.0,0.0,1.0,1.0,0.0,1.0
0,150,12.0,2.1192544254953893,0.0,1.0,0.0,1.0,0.0,1.0
1,150,10.291523093013836,5.796802487428572,0.0,0.0,0.0,0.0,0.0,0.0
2,150,3.896381475339217,3.32512795166265,1.0,0.0,0.0,0.0,0.0,1.0
3,150,6.619098508226677,12.0,0.0,1.0,1.0,1.0,0.0,1.0
4,150,11.837799062180723,6.650784334208296,0.0,1.0,0.0,1.0,1.0,0.0
5,150,6.096149939072478,4.42076457433461,0.0,1.0,0.0,1.0,1.0,0.0
6,150,0.0,4.449171152343321,1.0,1.0,0.0,0.0,1.0,0.0
7,150,8.91832257310521,9.662991318144597,0.0,0.0,0.0,1.0,1.0,1.0
8,150,2.402328965638437,12.0,0.0,1.0,0.0,1.0,1.0,0.0
9,150,0.8650628710192818,7.46820632553192,0.0,1.0,0.0,0.0,1.0,1.0
10,150,3.066315305926635,0.9144350372361914,1.0,1.0,0.0,1.0,0.0,0.0
11,150,5.950892681325636,6.055966008472964,1.0,0.0,1.0,1.0,1.0,1.0
12,150,12.0,11.081283213068868,1.0,1.0,1.0,0.0,1.0,1.0
13,150,10.94636421327384,5.881424475736238,1.0,0.0,1.0,0.0,0.0,0.0
14,150,5.85000355135923,6.490748698395263,1.0,0.0,1.0,0.0,1.0,1.0
15,150,3.98845411153858,2.786023666246664,1.0,0.0,1.0,1.0,0.0,0.0
16,150,0.304426312681709,4.605584189624523,1.0,1.0,0.0,0.0,0.0,1.0
17,150,7.733039008900018,11.400985128155396,0.0,0.0,1.0,0.0,1.0,0.0
18,150,4.271290748729268,2.033415058861144,0.0,0.0,1.0,1.0,0.0,0.0
19,150,9.688533611511035,0.0,0.0,1.0,1.0,1.0,1.0,0.0
20,150,4.684742288809984,1.328521965829828,0.0,0.0,1.0,1.0,0.0,0.0
21,150,2.653781871667508,0.0,0.0,1.0,1.0,0.0,1.0,0.0
22,150,1.1926197117562094,11.341823596105604,0.0,1.0,1.0,0.0,1.0,0.0
23,150,5.573217885323934,2.4505396248949003,1.0,0.0,0.0,0.0,0.0,0.0
24,150,6.379894001613465,10.77887571876979,0.0,1.0,0.0,1.0,0.0,0.0
25,150,4.368169738104196,6.590022544388667,0.0,1.0,1.0,0.0,1.0,0.0
26,150,7.642048328172098,0.003595923914874,0.0,0.0,0.0,0.0,0.0,0.0
27,150,11.952838066782268,9.55207560722528,1.0,1.0,0.0,0.0,0.0,1.0
28,150,8.70378211344964,6.719200124294443,0.0,0.0,0.0,0.0,0.0,0.0
29,150,7.149203252847888,9.253567957558031,1.0,0.0,0.0,0.0,0.0,1.0
30,150,3.592662291890881,11.880424410612456,1.0,0.0,0.0,0.0,0.0,1.0
31,150,10.454167211484188,11.01078276807342,0.0,0.0,1.0,1.0,1.0,0.0
32,150,8.984665333029477,3.008172622212168,1.0,0.0,1.0,1.0,0.0,1.0
33,150,0.0545484100710114,11.791211336652502,0.0,0.0,0.0,0.0,0.0,1.0
34,150,5.643001755844246,11.359513709974788,0.0,0.0,0.0,1.0,1.0,1.0
35,150,0.9160141505233188,9.484070276900216,0.0,0.0,0.0,0.0,1.0,1.0
36,150,2.5812979710310926,4.185150353492674,1.0,0.0,0.0,1.0,0.0,0.0
37,150,11.31386153194106,7.917979724855196,0.0,1.0,1.0,0.0,1.0,0.0
38,150,2.5956638050694734,9.728992159834323,0.0,0.0,0.0,1.0,0.0,1.0
39,150,11.060275345822522,5.771493344142087,1.0,0.0,1.0,1.0,0.0,1.0
0,155,12.0,2.195428451739578,0.0,1.0,0.0,1.0,0.0,1.0
1,155,10.382287053427229,5.836950562343288,0.0,0.0,0.0,0.0,0.0,0.0
2,155,3.8814651604576342,3.41192255405524,1.0,0.0,0.0,0.0,0.0,1.0
3,155,6.767838473710255,12.0,0.0,1.0,1.0,1.0,0.0,1.0
4,155,11.851343871554883,6.661589028927255,0.0,1.0,0.0,1.0,1.0,0.0
5,155,6.058637097305462,4.394144011487466,0.0,1.0,0.0,1.0,1.0,0.0
6,155,0.0,4.465489677189839,1.0,1.0,0.0,0.0,1.0,0.0
7,155,8.943807941739403,9.651719574625956,0.0,0.0,0.0,1.0,1.0,1.0
8,155,2.3583536482382947,12.0,0.0,1.0,0.0,1.0,1.0,0.0
9,155,0.8522973124265663,7.368465343442165,0.0,1.0,0.0,0.0,1.0,1.0
10,155,3.0636761963276604,0.911963971499232,1.0,1.0,0.0,1.0,0.0,0.0
11,155,5.9509123615069,6.076635355984043,1.0,0.0,1.0,1.0,1.0,1.0
12,155,12.0,11.098021073829877,1.0,1.0,1.0,0.0,1.0,1.0
13,155,11.0186375656966,5.794248457946742,1.0,0.0,1.0,0.0,0.0,0.0
14,155,5.851247547054118,6.489801571049814,1.0,0.0,1.0,0.0,1.0,1.0
15,155,3.9886462158076776,2.791661929271857,1.0,0.0,1.0,1.0,0.0,0.0
16,155,0.3685082864537449,4.693735980400191,1.0,1.0,0.0,0.0,0.0,1.0
17,155,7.715459509441106,11.4332846138333,0.0,0.0,1.0,0.0,1.0,0.0
18,155,4.339037623950349,2.040835627444193,0.0,0.0,1.0,1.0,0.0,0.0
19,155,9.661873492724522,0.0,0.0,1.0,1.0,1.0,1.0,0.0
20,155,4.604379477549719,1.4103418404943842,0.0,0.0,1.0,1.0,0.0,0.0
21,155,2.651405823327332,0.0,0.0,1.0,1.0,0.0,1.0,0.0
22,155,1.186772831887933,11.301337545712384,0.0,1.0,1.0,0.0,1.0,0.0
23,155,5.595759620851049,2.4564902704484117,1.0,0.0,0.0,0.0,0.0,0.0
24,155,6.475780827395074,10.80959166404033,0.0,1.0,0.0,1.0,0.0,0.0
25,155,4.357063950168218,6.719586558820945,0.0,1.0,1.0,0.0,1.0,0.0
26,155,7.645015678650279,0.011555117717127,0.0,0.0,0.0,0.0,0.0,0.0
27,155,11.973052707059564,9.560391240344249,1.0,1.0,0.0,0.0,0.0,1.0
28,155,8.7522716716453,6.579153761865303,0.0,0.0,0.0,0.0,0.0,0.0
29,155,7.120977939919356,9.253839265508208,1.0,0.0,0.0,0.0,0.0,1.0
30,155,3.501200379291013,11.866295427955354,1.0,0.0,0.0,0.0,0.0,1.0
31,155,10.445836822729497,10.973073660328785,0.0,0.0,1.0,1.0,1.0,0.0
32,155,8.98413703597561,3.002302943717354,1.0,0.0,1.0,1.0,0.0,1.0
33,155,0.0578353402316192,11.77824613533046,0.0,0.0,0.0,0.0,0.0,1.0
34,155,5.648948124111401,11.355426793234589,0.0,0.0,0.0,1.0,1.0,1.0
35,155,0.9119884585479904,9.604213174329129,0.0,0.0,0.0,0.0,1.0,1.0
36,155,2.6195391120546128,4.207600483760508,1.0,0.0,0.0,1.0,0.0,0.0
37,155,11.322105076860003,7.887463438357919,0.0,1.0,1.0,0.0,1.0,0.0
38,155,2.671707251504409,9.72550336816366,0.0,0.0,0.0,1.0,0.0,1.0
39,155,11.148445785285864,5.750538433614076,1.0,0.0,1.0,1.0,0.0,1.0
0,160,12.0,2.2697398320806976,0.0,1.0,0.0,1.0,0.0,1.0
1,160,10.47559580821454,5.876506419058851,0.0,0.0,0.0,0.0,0.0,0.0
2,160,3.865428628257781,3.50189843136687,1.0,0.0,0.0,0.0,0.0,1.0
3,160,6.904803128675559,12.0,0.0,1.0,1.0,1.0,0.0,1.0
4,160,11.857262290570224,6.666418002572326,0.0,1.0,0.0,1.0,1.0,0.0
5,160,6.021638911093583,4.367800519851338,0.0,1.0,0.0,1.0,1.0,0.0
6,160,0.0,4.477687264242859,1.0,1.0,0.0,0.0,1.0,0.0
7,160,8.960435867609238,9.64448211915015,0.0,0.0,0.0,1.0,1.0,1.0
8,160,2.322444662600949,12.0,0.0,1.0,0.0,1.0,1.0,0.0
9,160,0.8419172842003295,7.258631364769967,0.0,1.0,0.0,0.0,1.0,1.0
10,160,3.0663179516771764,0.9143205428677272,1.0,1.0,0.0,1.0,0.0,0.0
11,160,5.951974298439158,6.136169952238268,1.0,0.0,1.0,1.0,1.0,1.0
12,160,12.0,11.116258217835387,1.0,1.0,1.0,0.0,1.0,1.0
13,160,11.095517057395758,5.702487435128046,1.0,0.0,1.0,0.0,0.0,0.0
14,160,5.857368290355359,6.484959989007528,1.0,0.0,1.0,0.0,1.0,1.0
15,160,3.988378070796315,2.781122149865166,1.0,0.0,1.0,1.0,0.0,0.0
16,160,0.4411196351358739,4.795174196524854,1.0,1.0,0.0,0.0,0.0,1.0
17,160,7.693490867671288,11.47223101198358,0.0,0.0,1.0,0.0,1.0,0.0
18,160,4.409326476317659,2.047852374244329,0.0,0.0,1.0,1.0,0.0,0.0
19,160,9.635211570415448,0.0,0.0,1.0,1.0,1.0,1.0,0.0
20,160,4.508861384911692,1.5018611455329478,0.0,0.0,1.0,1.0,0.0,0.0
21,160,2.6585751916104345,0.0306287663082187,0.0,1.0,1.0,0.0,1.0,0.0
22,160,1.1806888025160602,11.26227282687543,0.0,1.0,1.0,0.0,1.0,0.0
23,160,5.610976377221468,2.460786729407805,1.0,0.0,0.0,0.0,0.0,0.0
24,160,6.579122974395118,10.841006213135172,0.0,1.0,0.0,1.0,0.0,0.0
25,160,4.343047176242842,6.848643662486238,0.0,1.0,1.0,0.0,1.0,0.0
26,160,7.652808007687364,0.0312489977625005,0.0,0.0,0.0,0.0,0.0,0.0
27,160,11.998201618496354,9.570817149082004,1.0,1.0,0.0,0.0,0.0,1.0
28,160,8.801737865031376,6.436879160399217,0.0,0.0,0.0,0.0,0.0,0.0
29,160,7.122742066832626,9.25383197179944,1.0,0.0,0.0,0.0,0.0,1.0
30,160,3.4198984834738195,11.855157149191554,1.0,0.0,0.0,0.0,0.0,1.0
31,160,10.43681205278894,10.927828161516716,0.0,0.0,1.0,1.0,1.0,0.0
32,160,8.982401294155538,2.9878695014797567,1.0,0.0,1.0,1.0,0.0,1.0
33,160,0.0627484376193197,11.759436711457386,0.0,0.0,0.0,0.0,0.0,1.0
34,160,5.641071539222875,11.3606204497174,0.0,0.0,0.0,1.0,1.0,1.0
35,160,0.9078057450625374,9.714355611944145,0.0,0.0,0.0,0.0,1.0,1.0
36,160,2.6473182323646847,4.224086767652345,1.0,0.0,0.0,1.0,0.0,0.0
37,160,11.335878018857056,7.8344300607507,0.0,1.0,1.0,0.0,1.0,0.0
38,160,2.7430844248084787,9.721636856118868,0.0,0.0,0.0,1.0,0.0,1.0
39,160,11.21018985667071,5.736238132337984,1.0,0.0,1.0,1.0,0.0,1.0
0,165,12.0,2.340104102360199,0.0,1.0,0.0,1.0,0.0,1.0
1,165,10.580571653808423,5.924052993843929,0.0,0.0,0.0,0.0,0.0,0.0
2,165,3.8511914524970248,3.584139210918476,1.0,0.0,0.0,0.0,0.0,1.0
3,165,7.0518711417499125,12.0,0.0,1.0,1.0,1.0,0.0,1.0
4,165,11.871458291090438,6.677003397644234,0.0,1.0,0.0,1.0,1.0,0.0
5,165,5.980278512678508,4.337638932772571,0.0,1.0,0.0,1.0,1.0,0.0
6,165,0.0,4.489837427971373,1.0,1.0,0.0,0.0,1.0,0.0
7,165,8.993085893378682,9.629844263909728,0.0,0.0,0.0,1.0,1.0,1.0
8,165,2.2926183573403742,12.0,0.0,1.0,0.0,1.0,1.0,0.0
9,165,0.8344404312443816,7.161461428311373,0.0,1.0,0.0,0.0,1.0,1.0
10,165,3.0466265717806977,0.8973072512304144,1.0,1.0,0.0,1.0,0.0,0.0
11,165,5.953690145750636,6.2025066814172165,1.0,0.0,1.0,1.0,1.0,1.0
12,165,12.0,11.14097890446865,1.0,1.0,1.0,0.0,1.0,1.0
13,165,11.164649313150225,5.625783708085932,1.0,0.0,1.0,0.0,0.0,0.0
14,165,5.877240620113691,6.468742991866712,1.0,0.0,1.0,0.0,1.0,1.0
15,165,3.9873198024336753,2.7605825204975782,1.0,0.0,1.0,1.0,0.0,0.0
16,165,0.5145217588360864,4.893351475690956,1.0,1.0,0.0,0.0,0.0,1.0
17,165,7.675576687624727,11.501414724442308,0.0,0.0,1.0,0.0,1.0,0.0
18,165,4.485930715055133,2.056631460553194,0.0,0.0,1.0,1.0,0.0,0.0
19,165,9.616212759099913,0.0,0.0,1.0,1.0,1.0,1.0,0.0
20,165,4.420620348380055,1.587419173439851,0.0,0.0,1.0,1.0,0.0,0.0
21,165,2.6647256235939283,0.0573622433338552,0.0,1.0,1.0,0.0,1.0,0.0
22,165,1.1748385608600795,11.2281551777678,0.0,1.0,1.0,0.0,1.0,0.0
23,165,5.639484518075283,2.468486932147259,1.0,0.0,0.0,0.0,0.0,0.0
24,165,6.654662058891996,10.86431180512844,0.0,1.0,0.0,1.0,0.0,0.0
25,165,4.327549702557605,6.995004802810436,0.0,1.0,1.0,0.0,1.0,0.0
26,165,7.659269422452149,0.0467969053397042,0.0,0.0,0.0,0.0,0.0,0.0
27,165,12.0,9.578070611975258,1.0,1.0,0.0,0.0,0.0,1.0
28,165,8.844025575378138,6.3012987959271,0.0,0.0,0.0,0.0,0.0,0.0
29,165,7.150102421168703,9.254787378863371,1.0,0.0,0.0,0.0,0.0,1.0
30,165,3.339685235012827,11.843129574047245,1.0,0.0,0.0,0.0,0.0,1.0
31,165,10.43059579367322,10.89804513860732,0.0,0.0,1.0,1.0,1.0,0.0
32,165,8.980503966306369,2.9712228526323177,1.0,0.0,1.0,1.0,0.0,1.0
33,165,0.0681965524736046,11.738131538757298,0.0,0.0,0.0,0.0,0.0,1.0
34,165,5.638265306558098,11.3624462618484,0.0,0.0,0.0,1.0,1.0,1.0
35,165,0.9027615415532328,9.841517163835118,0.0,0.0,0.0,0.0,1.0,1.0
36,165,2.6820008764338934,4.2464426760534,1.0,0.0,0.0,1.0,0.0,0.0
37,165,11.347583152713971,7.788288647661118,0.0,1.0,1.0,0.0,1.0,0.0
38,165,2.808983896117188,9.715427528152924,0.0,0.0,0.0,1.0,0.0,1.0
39,165,11.270941546216598,5.721918035341474,1.0,0.0,1.0,1.0,0.0,1.0
0,170,12.0,2.391455296235276,0.0,1.0,0.0,1.0,0.0,1.0
1,170,10.687088027676278,5.97103872436791,0.0,0.0,0.0,0.0,0.0,0.0
2,170,3.833841802650845,3.681367847928108,1.0,0.0,0.0,0.0,0.0,1.0
3,170,7.199527494263375,12.0,0.0,1.0,1.0,1.0,0.0,1.0
4,170,11.893512036611869,6.693250435473413,0.0,1.0,0.0,1.0,1.0,0.0
5,170,5.947591881874422,4.314629575942697,0.0,1.0,0.0,1.0,1.0,0.0
6,170,0.0,4.502295013826344,1.0,1.0,0.0,0.0,1.0,0.0
7,170,9.018598533910422,9.618137109079964,0.0,0.0,0.0,1.0,1.0,1.0
8,170,2.26066713689468,12.0,0.0,1.0,0.0,1.0,1.0,0.0
9,170,0.8277229310985657,7.061527189050315,0.0,1.0,0.0,0.0,1.0,1.0
10,170,3.029354601455612,0.8824450583069747,1.0,1.0,0.0,1.0,0.0,0.0
11,170,5.953617181292804,6.262880416308494,1.0,0.0,1.0,1.0,1.0,1.0
12,170,12.0,11.16039511341366,1.0,1.0,1.0,0.0,1.0,1.0
13,170,11.230456277548177,5.55631821895289,1.0,0.0,1.0,0.0,0.0,0.0
14,170,5.881758022362408,6.464965110283823,1.0,0.0,1.0,0.0,1.0,1.0
15,170,3.985157872699733,2.730135460640839,1.0,0.0,1.0,1.0,0.0,0.0
16,170,0.5918776904907554,4.996620318833564,1.0,1.0,0.0,0.0,0.0,1.0
17,170,7.651772381169534,11.541563213219106,0.0,0.0,1.0,0.0,1.0,0.0
18,170,4.552633697177935,2.0650960682409,0.0,0.0,1.0,1.0,0.0,0.0
19,170,9.596057608400235,0.0,0.0,1.0,1.0,1.0,1.0,0.0
20,170,4.350755765132406,1.6549750765796392,0.0,0.0,1.0,1.0,0.0,0.0
21,170,2.6708057703653254,0.0841053586241499,0.0,1.0,1.0,0.0,1.0,0.0
22,170,1.1657615944407842,11.176568740141978,0.0,1.0,1.0,0.0,1.0,0.0
23,170,5.672656007572368,2.477210690004968,1.0,0.0,0.0,0.0,0.0,0.0
24,170,6.722379361109307,10.884673764110952,0.0,1.0,0.0,1.0,0.0,0.0
25,170,4.307334609973747,7.159105194971366,0.0,1.0,1.0,0.0,1.0,0.0
26,170,7.663000214571649,0.0555560337544893,0.0,0.0,0.0,0.0,0.0,0.0
27,170,12.0,9.587418433941956,1.0,1.0,0.0,0.0,0.0,1.0
28,170,8.892403831098507,6.151177595226403,0.0,0.0,0.0,0.0,0.0,0.0
29,170,7.184669200732689,9.256524314438726,1.0,0.0,0.0,0.0,0.0,1.0
30,170,3.286139510529642,11.83480839226797,1.0,0.0,0.0,0.0,0.0,1.0
31,170,10.422217011546334,10.859668748654872,0.0,0.0,1.0,1.0,1.0,0.0
32,170,8.979433854967054,2.959828310691208,1.0,0.0,1.0,1.0,0.0,1.0
33,170,0.0712149167785074,11.727586459134647,0.0,0.0,0.0,0.0,0.0,1.0
34,170,5.625561789383584,11.370609618867446,0.0,0.0,0.0,1.0,1.0,1.0
35,170,0.8956243755723375,9.964106568507816,0.0,0.0,0.0,0.0,1.0,1.0
36,170,2.7237179743303046,4.274245545042291,1.0,0.0,0.0,1.0,0.0,0.0
37,170,11.36084494181374,7.736350361610533,0.0,1.0,1.0,0.0,1.0,0.0
38,170,2.857468713350325,9.710613232782508,0.0,0.0,0.0,1.0,0.0,1.0
39,170,11.33019023435049,5.704875555387581,1.0,0.0,1.0,1.0,0.0,1.0
0,175,12.0,2.4321770028063923,0.0,1.0,0.0,1.0,0.0,1.0
1,175,10.768359317933754,6.009205197173308,0.0,0.0,0.0,0.0,0.0,0.0
2,175,3.805435792800593,3.8118760627505073,1.0,0.0,0.0,0.0,0.0,1.0
3,175,7.330103072337636,12.0,0.0,1.0,1.0,1.0,0.0,1.0
4,175,11.927752131119076,6.7195747117908216,0.0,1.0,0.0,1.0,1.0,0.0
5,175,5.925189336130199,4.298850472313375,0.0,1.0,0.0,1.0,1.0,0.0
6,175,0.0,4.52033928320179,1.0,1.0,0.0,0.0,1.0,0.0
7,175,9.016395249701851,9.613430090715116,0.0,0.0,0.0,1.0,1.0,1.0
8,175,2.2325711098400736,12.0,0.0,1.0,0.0,1.0,1.0,0.0
9,175,0.8201185085004502,6.932916655111733,0.0,1.0,0.0,0.0,1.0,1.0
10,175,3.0133576438447665,0.8684518473717892,1.0,1.0,0.0,1.0,0.0,0.0
11,175,5.953368757358903,6.316104288221993,1.0,0.0,1.0,1.0,1.0,1.0
12,175,12.0,11.191941981472844,1.0,1.0,1.0,0.0,1.0,1.0
13,175,11.295813520046632,5.491937573693217,1.0,0.0,1.0,0.0,0.0,0.0
14,175,5.89015995377123,6.457901597122059,1.0,0.0,1.0,0.0,1.0,1.0
15,175,3.984768879071038,2.717108807588866,1.0,0.0,1.0,1.0,0.0,0.0
16,175,0.664628247892274,5.09987907325643,1.0,1.0,0.0,0.0,0.0,1.0
17,175,7.624161597689673,11.587171918766904,0.0,0.0,1.0,0.0,1.0,0.0
18,175,4.613807875448157,2.0756233276603275,0.0,0.0,1.0,1.0,0.0,0.0
19,175,9.573007642677055,0.0,0.0,1.0,1.0,1.0,1.0,0.0
20,175,4.288469277360189,1.7148327641611054,0.0,0.0,1.0,1.0,0.0,0.0
21,175,2.675548282178843,0.1053599858523813,0.0,1.0,1.0,0.0,1.0,0.0
22,175,1.1561899545288066,11.124905395963658,0.0,1.0,1.0,0.0,1.0,0.0
23,175,5.697808582065234,2.48375356985263,1.0,0.0,0.0,0.0,0.0,0.0
24,175,6.771123544096723,10.9005588761297,0.0,1.0,0.0,1.0,0.0,0.0
25,175,4.290789512133588,7.295299240237123,0.0,1.0,1.0,0.0,1.0,0.0
26,175,7.669133484878952,0.0702011821274556,0.0,0.0,0.0,0.0,0.0,0.0
27,175,12.0,9.601407401110423,1.0,1.0,0.0,0.0,0.0,1.0
28,175,8.940342843387777,6.0058664173609575,0.0,0.0,0.0,0.0,0.0,0.0
29,175,7.222643960301906,9.258218419007015,1.0,0.0,0.0,0.0,0.0,1.0
30,175,3.2435405401600166,11.828507795815373,1.0,0.0,0.0,0.0,0.0,1.0
31,175,10.413496674182198,10.816447035660342,0.0,0.0,1.0,1.0,1.0,0.0
32,175,8.979469729765576,2.9601825029505244,1.0,0.0,1.0,1.0,0.0,1.0
33,175,0.0773306070536004,11.70563019754053,0.0,0.0,0.0,0.0,0.0,1.0
34,175,5.61067307567559,11.380762062409168,0.0,0.0,0.0,1.0,1.0,1.0
35,175,0.889530468620454,10.090568676439256,0.0,0.0,0.0,0.0,1.0,1.0
36,175,2.792700668465759,4.321917874436423,1.0,0.0,0.0,1.0,0.0,0.0
37,175,11.372563209394317,7.688924346295942,0.0,1.0,1.0,0.0,1.0,0.0
38,175,2.90751274543289,9.706174843308842,0.0,0.0,0.0,1.0,0.0,1.0
39,175,11.390503443792202,5.686840155024352,1.0,0.0,1.0,1.0,0.0,1.0
0,180,12.0,2.473752975353161,0.0,1.0,0.0,1.0,0.0,1.0
1,180,10.842882254463795,6.042034229137692,0.0,0.0,0.0,0.0,0.0,0.0
2,180,3.784120606383883,3.942037693921964,1.0,0.0,0.0,0.0,0.0,1.0
3,180,7.45815954904879,12.0,0.0,1.0,1.0,1.0,0.0,1.0
4,180,11.902666953608392,6.751635901775218,0.0,1.0,0.0,1.0,1.0,0.0
5,180,5.908448380695577,4.287618820541723,0.0,1.0,0.0,1.0,1.0,0.0
6,180,0.0,4.542174837206672,1.0,1.0,0.0,0.0,1.0,0.0
7,180,9.01699751555247,9.61463176742294,0.0,0.0,0.0,1.0,1.0,1.0
8,180,2.2008109135081897,12.0,0.0,1.0,0.0,1.0,1.0,0.0
9,180,0.816872154966221,6.808187868850597,0.0,1.0,0.0,0.0,1.0,1.0
10,180,2.9994104324462527,0.8557349147015059,1.0,1.0,0.0,1.0,0.0,0.0
11,180,5.953298254418404,6.367157144504257,1.0,0.0,1.0,1.0,1.0,1.0
12,180,12.0,11.22781722188827,1.0,1.0,1.0,0.0,1.0,1.0
13,180,11.35677625379152,5.430520973034586,1.0,0.0,1.0,0.0,0.0,0.0
14,180,5.885846823742458,6.461446006223998,1.0,0.0,1.0,0.0,1.0,1.0
15,180,3.984809306130134,2.7257347267375183,1.0,0.0,1.0,1.0,0.0,0.0
16,180,0.7280576283226408,5.191384937555807,1.0,1.0,0.0,0.0,0.0,1.0
17,180,7.601860802448521,11.62414723303791,0.0,0.0,1.0,0.0,1.0,0.0
18,180,4.685454933894398,2.088287148741596,0.0,0.0,1.0,1.0,0.0,0.0
19,180,9.551981262996952,0.0,0.0,1.0,1.0,1.0,1.0,0.0
20,180,4.239478944945996,1.7613511390172285,0.0,0.0,1.0,1.0,0.0,0.0
21,180,2.6804970813338183,0.1267093336152066,0.0,1.0,1.0,0.0,1.0,0.0
22,180,1.1440285236833332,11.055213230192122,0.0,1.0,1.0,0.0,1.0,0.0
23,180,5.717400808793212,2.4892586543266337,1.0,0.0,0.0,0.0,0.0,0.0
24,180,6.829399155282355,10.921293913210404,0.0,1.0,0.0,1.0,0.0,0.0
25,180,4.269302031316724,7.426039871081043,0.0,1.0,1.0,0.0,1.0,0.0
26,180,7.669264353140785,0.070521319316798,0.0,0.0,0.0,0.0,0.0,0.0
27,180,12.0,9.61252377221503,1.0,1.0,0.0,0.0,0.0,1.0
28,180,8.986138815906857,5.86788540731797,0.0,0.0,0.0,0.0,0.0,0.0
29,180,7.273187426086918,9.26033693876491,1.0,0.0,0.0,0.0,0.0,1.0
30,180,3.2137887634164737,11.823660429371616,1.0,0.0,0.0,0.0,0.0,1.0
31,180,10.405618073705265,10.77011321881898,0.0,0.0,1.0,1.0,1.0,0.0
32,180,8.978067658390575,2.94618353220158,1.0,0.0,1.0,1.0,0.0,1.0
33,180,0.0778415688185105,11.703801040152998,0.0,0.0,0.0,0.0,0.0,1.0
34,180,5.5955076245232025,11.390555370874178,0.0,0.0,0.0,1.0,1.0,1.0
35,180,0.8829181797906843,10.229436233782378,0.0,0.0,0.0,0.0,1.0,1.0
36,180,2.8563517980182205,4.364474957785281,1.0,0.0,0.0,1.0,0.0,0.0
37,180,11.380250437421068,7.655988226618915,0.0,1.0,1.0,0.0,1.0,0.0
38,180,2.9472824349598863,9.70238938447287,0.0,0.0,0.0,1.0,0.0,1.0
39,180,11.43912116085135,5.673365718440787,1.0,0.0,1.0,1.0,0.0,1.0
0,185,12.0,2.5152075679812493,0.0,1.0,0.0,1.0,0.0,1.0
1,185,10.9192120947084,6.07771409658935,0.0,0.0,0.0,0.0,0.0,0.0
2,185,3.75757646470976,4.077998037810368,1.0,0.0,0.0,0.0,0.0,1.0
3,185,7.583875542356002,12.0,0.0,1.0,1.0,1.0,0.0,1.0
4,185,11.887364712206995,6.771472015237981,0.0,1.0,0.0,1.0,1.0,0.0
5,185,5.884767396202809,4.271464047883676,0.0,1.0,0.0,1.0,1.0,0.0
6,185,0.0,4.558614674377116,1.0,1.0,0.0,0.0,1.0,0.0
7,185,9.016077272680748,9.61279315808462,0.0,0.0,0.0,1.0,1.0,1.0
8,185,2.1774767841570024,12.0,0.0,1.0,0.0,1.0,1.0,0.0
9,185,0.8124136446699233,6.689973223173505,0.0,1.0,0.0,0.0,1.0,1.0
10,185,2.9834500315150505,0.8413088996310981,1.0,1.0,0.0,1.0,0.0,0.0
11,185,5.953516656249327,6.395116275402257,1.0,0.0,1.0,1.0,1.0,1.0
12,185,12.0,11.263679568869854,1.0,1.0,1.0,0.0,1.0,1.0
13,185,11.412742537114132,5.374010296243995,1.0,0.0,1.0,0.0,0.0,0.0
14,185,5.898409826759806,6.451521861633008,1.0,0.0,1.0,0.0,1.0,1.0
15,185,3.984774209051479,2.722712455970564,1.0,0.0,1.0,1.0,0.0,0.0
16,185,0.784905957131297,5.27548089508334,1.0,1.0,0.0,0.0,0.0,1.0
17,185,7.572760103117903,11.67010669649803,0.0,0.0,1.0,0.0,1.0,0.0
18,185,4.760545114542858,2.102492317169699,0.0,0.0,1.0,1.0,0.0,0.0
19,185,9.53115855422656,0.0,0.0,1.0,1.0,1.0,1.0,0.0
20,185,4.201406918990984,1.7996464127117504,0.0,0.0,1.0,1.0,0.0,0.0
21,185,2.68366589022874,0.1399577325490472,0.0,1.0,1.0,0.0,1.0,0.0
22,185,1.1316957938148766,10.98882814220561,0.0,1.0,1.0,0.0,1.0,0.0
23,185,5.749087048854125,2.497938366395731,1.0,0.0,0.0,0.0,0.0,0.0
24,185,6.886779498593536,10.94028584908347,0.0,1.0,0.0,1.0,0.0,0.0
25,185,4.248466366523251,7.588700152905562,0.0,1.0,1.0,0.0,1.0,0.0
26,185,7.661780929125848,0.0542916725599675,0.0,0.0,0.0,0.0,0.0,0.0
27,185,12.0,9.640273380301236,1.0,1.0,0.0,0.0,0.0,1.0
28,185,9.035454644898817,5.720031017828594,0.0,0.0,0.0,0.0,0.0,0.0
29,185,7.308796482228793,9.262150674429384,1.0,0.0,0.0,0.0,0.0,1.0
30,185,3.214525592345192,11.823765820416993,1.0,0.0,0.0,0.0,0.0,1.0
31,185,10.39793811874747,10.716258404436704,0.0,0.0,1.0,1.0,1.0,0.0
32,185,8.975567277159287,2.921468144904564,1.0,0.0,1.0,1.0,0.0,1.0
33,185,0.0745894314309633,11.71501087324432,0.0,0.0,0.0,0.0,0.0,1.0
34,185,5.578196888550702,11.401777109135734,0.0,0.0,0.0,1.0,1.0,1.0
35,185,0.8728720368542906,10.377001820486406,0.0,0.0,0.0,0.0,1.0,1.0
36,185,2.916965065274944,4.405800442087686,1.0,0.0,0.0,1.0,0.0,0.0
37,185,11.386131886089608,7.630810498378138,0.0,1.0,1.0,0.0,1.0,0.0
38,185,2.99729816536083,9.696556442309102,0.0,0.0,0.0,1.0,0.0,1.0
39,185,11.44484582127671,5.671576422233122,1.0,0.0,1.0,1.0,0.0,1.0
0,190,12.0,2.5577524576393107,0.0,1.0,0.0,1.0,0.0,1.0
1,190,10.989817073446623,6.111721575125833,0.0,0.0,0.0,0.0,0.0,0.0
2,190,3.726755062142857,4.210341894600663,1.0,0.0,0.0,0.0,0.0,1.0
3,190,7.685403149630481,12.0,0.0,1.0,1.0,1.0,0.0,1.0
4,190,11.860122832886136,6.8051130923659,0.0,1.0,0.0,1.0,1.0,0.0
5,190,5.866831014214432,4.259298954842829,0.0,1.0,0.0,1.0,1.0,0.0
6,190,0.0,4.582475490471171,1.0,1.0,0.0,0.0,1.0,0.0
7,190,9.020767207143424,9.622289670262488,0.0,0.0,0.0,1.0,1.0,1.0
8,190,2.1534114074347417,12.0,0.0,1.0,0.0,1.0,1.0,0.0
9,190,0.8076096858183888,6.568238027723532,0.0,1.0,0.0,0.0,1.0,1.0
10,190,2.963222517255873,0.8241748185131615,1.0,1.0,0.0,1.0,0.0,0.0
11,190,5.953097778961489,6.414909487593832,1.0,0.0,1.0,1.0,1.0,1.0
12,190,12.0,11.312844190875056,1.0,1.0,1.0,0.0,1.0,1.0
13,190,11.465391718646147,5.320679724448135,1.0,0.0,1.0,0.0,0.0,0.0
14,190,5.918464020137638,6.435267037681551,1.0,0.0,1.0,0.0,1.0,1.0
15,190,3.9852581258443935,2.7382323191321523,1.0,0.0,1.0,1.0,0.0,0.0
16,190,0.8393821564626023,5.358487065591172,1.0,1.0,0.0,0.0,0.0,1.0
17,190,7.542249064494242,11.720320009072822,0.0,0.0,1.0,0.0,1.0,0.0
18,190,4.842768511725035,2.1155965000397683,0.0,0.0,1.0,1.0,0.0,0.0
19,190,9.50896982266196,0.0,0.0,1.0,1.0,1.0,1.0,0.0
20,190,4.167188314403008,1.8337895756286584,0.0,0.0,1.0,1.0,0.0,0.0
21,190,2.6897939799464297,0.1664683076581697,0.0,1.0,1.0,0.0,1.0,0.0
22,190,1.1198155899987556,10.931577179143812,0.0,1.0,1.0,0.0,1.0,0.0
23,190,5.808301664545168,2.514383594328542,1.0,0.0,0.0,0.0,0.0,0.0
24,190,6.953844307296468,10.963341611706577,0.0,1.0,0.0,1.0,0.0,0.0
25,190,4.2232175768902,7.757438858763639,0.0,1.0,1.0,0.0,1.0,0.0
26,190,7.665438332870165,0.0624892856594637,0.0,0.0,0.0,0.0,0.0,0.0
27,190,12.0,9.670451645686152,1.0,1.0,0.0,0.0,0.0,1.0
28,190,9.088256146505124,5.565779439947402,0.0,0.0,0.0,0.0,0.0,0.0
29,190,7.382304916089191,9.26414338201708,1.0,0.0,0.0,0.0,0.0,1.0
30,190,3.2139364914011748,11.823695211247973,1.0,0.0,0.0,0.0,0.0,1.0
31,190,10.392813432838478,10.682766039636462,0.0,0.0,1.0,1.0,1.0,0.0
32,190,8.970973317085305,2.869437060159022,1.0,0.0,1.0,1.0,0.0,1.0
33,190,0.0776541070124316,11.704241298389617,0.0,0.0,0.0,0.0,0.0,1.0
34,190,5.556492487543199,11.416495292035544,0.0,0.0,0.0,1.0,1.0,1.0
35,190,0.8638688971002562,10.544105348866031,0.0,0.0,0.0,0.0,1.0,1.0
36,190,2.990984937799376,4.457808177152464,1.0,0.0,0.0,1.0,0.0,0.0
37,190,11.390015172745246,7.614709266602062,0.0,1.0,1.0,0.0,1.0,0.0
38,190,3.0366923555888388,9.691215614424864,0.0,0.0,0.0,1.0,0.0,1.0
39,190,11.43424309541645,5.675100640827913,1.0,0.0,1.0,1.0,0.0,1.0
0,195,12.0,2.5969003736204272,0.0,1.0,0.0,1.0,0.0,1.0
1,195,11.054847899854176,6.14349864502085,0.0,0.0,0.0,0.0,0.0,0.0
2,195,3.689564351404601,4.34673903868878,1.0,0.0,0.0,0.0,0.0,1.0
3,195,7.795474983136768,12.0,0.0,1.0,1.0,1.0,0.0,1.0
4,195,11.840186690023064,6.830392507822213,0.0,1.0,0.0,1.0,1.0,0.0
5,195,5.845275810534056,4.2447428770908,0.0,1.0,0.0,1.0,1.0,0.0
6,195,0.0,4.611200300532749,1.0,1.0,0.0,0.0,1.0,0.0
7,195,9.02121554630247,9.623183223779868,0.0,0.0,0.0,1.0,1.0,1.0
8,195,2.132081127557509,12.0,0.0,1.0,0.0,1.0,1.0,0.0
9,195,0.8017485740499202,6.454025246470344,0.0,1.0,0.0,0.0,1.0,1.0
10,195,2.9430095611046028,0.8078134503200781,1.0,1.0,0.0,1.0,0.0,0.0
11,195,5.952895997918771,6.426796885126491,1.0,0.0,1.0,1.0,1.0,1.0
12,195,12.0,11.36237723653193,1.0,1.0,1.0,0.0,1.0,1.0
13,195,11.492116981273218,5.291103802298631,1.0,0.0,1.0,0.0,0.0,0.0
14,195,5.948567783600945,6.410642228756426,1.0,0.0,1.0,0.0,1.0,1.0
15,195,3.986138416154096,2.7627275371479225,1.0,0.0,1.0,1.0,0.0,0.0
16,195,0.9008272389622292,5.443319786479164,1.0,1.0,0.0,0.0,0.0,1.0
17,195,7.51057355121361,11.775545533450504,0.0,0.0,1.0,0.0,1.0,0.0
18,195,4.913464538090377,2.125698438594156,0.0,0.0,1.0,1.0,0.0,0.0
19,195,9.488653509563107,0.0,0.0,1.0,1.0,1.0,1.0,0.0
20,195,4.132222904399962,1.8680391406864425,0.0,0.0,1.0,1.0,0.0,0.0
21,195,2.7022671811919152,0.2151182173495142,0.0,1.0,1.0,0.0,1.0,0.0
22,195,1.1005292513586085,10.846453972381486,0.0,1.0,1.0,0.0,1.0,0.0
23,195,5.858255272185917,2.529459384179963,1.0,0.0,0.0,0.0,0.0,0.0
24,195,7.031539079994156,10.99128639176399,0.0,1.0,0.0,1.0,0.0,0.0
25,195,4.1954590828109,7.940524473391033,0.0,1.0,1.0,0.0,1.0,0.0
26,195,7.662249953431629,0.05535034586605,0.0,0.0,0.0,0.0,0.0,0.0
27,195,12.0,9.702402665896114,1.0,1.0,0.0,0.0,0.0,1.0
28,195,9.150215466846651,5.391979821402787,0.0,0.0,0.0,0.0,0.0,0.0
29,195,7.476845977220266,9.264956010536276,1.0,0.0,0.0,0.0,0.0,1.0
30,195,3.229364683933898,11.82564485252509,1.0,0.0,0.0,0.0,0.0,1.0
31,195,10.387606173156849,10.647944468635233,0.0,0.0,1.0,1.0,1.0,0.0
32,195,8.967258903930095,2.813461994827801,1.0,0.0,1.0,1.0,0.0,1.0
33,195,0.0831529023914733,11.685180507197844,0.0,0.0,0.0,0.0,0.0,1.0
34,195,5.528936161950732,11.434371115153215,0.0,0.0,0.0,1.0,1.0,1.0
35,195,0.8569351195923699,10.715719758668415,0.0,0.0,0.0,0.0,1.0,1.0
36,195,3.0597881528918074,4.507877706359841,1.0,0.0,0.0,1.0,0.0,0.0
37,195,11.396816352488926,7.585674296572318,0.0,1.0,1.0,0.0,1.0,0.0
38,195,3.0833243669916506,9.684807402303468,0.0,0.0,0.0,1.0,0.0,1.0
39,195,11.40554152833541,5.6847075062821615,1.0,0.0,1.0,1.0,0.0,1.0
0,200,12.0,2.630025406416906,0.0,1.0,0.0,1.0,0.0,1.0
1,200,11.131426828490683,6.179233138768702,0.0,0.0,0.0,0.0,0.0,0.0
2,200,3.654458975394652,4.46303873404841,1.0,0.0,0.0,0.0,0.0,1.0
3,200,7.886910050950068,12.0,0.0,1.0,1.0,1.0,0.0,1.0
4,200,11.802030174644642,6.882303697184266,0.0,1.0,0.0,1.0,1.0,0.0
5,200,5.832510947488722,4.236123416574951,0.0,1.0,0.0,1.0,1.0,0.0
6,200,0.0,4.637221970316307,1.0,1.0,0.0,0.0,1.0,0.0
7,200,9.029166811165156,9.63859890231004,0.0,0.0,0.0,1.0,1.0,1.0
8,200,2.1190668881643018,12.0,0.0,1.0,0.0,1.0,1.0,0.0
9,200,0.7971072820440479,6.3630847950443385,0.0,1.0,0.0,0.0,1.0,1.0
10,200,2.9120615474756995,0.7841253654074448,1.0,1.0,0.0,1.0,0.0,0.0
11,200,5.952210057705092,6.442984077291364,1.0,0.0,1.0,1.0,1.0,1.0
12,200,12.0,11.41202160282353,1.0,1.0,1.0,0.0,1.0,1.0
13,200,11.52411077632036,5.25396616495784,1.0,0.0,1.0,0.0,0.0,0.0
14,200,5.980405386709434,6.3843247493489805,1.0,0.0,1.0,0.0,1.0,1.0
15,200,3.987180859562336,2.78288277061064,1.0,0.0,1.0,1.0,0.0,0.0
16,200,0.977381599870534,5.544973582352728,1.0,1.0,0.0,0.0,0.0,1.0
17,200,7.475582555978827,11.839207957830524,0.0,0.0,1.0,0.0,1.0,0.0
18,200,4.979821952848891,2.1356856011357648,0.0,0.0,1.0,1.0,0.0,0.0
19,200,9.4624196456632,0.0,0.0,1.0,1.0,1.0,1.0,0.0
20,200,4.095148382781078,1.9047879730588608,0.0,0.0,1.0,1.0,0.0,0.0
21,200,2.713167025557592,0.2594938472410545,0.0,1.0,1.0,0.0,1.0,0.0
22,200,1.0818855649610972,10.76339788103591,0.0,1.0,1.0,0.0,1.0,0.0
23,200,5.921899399827504,2.5495538253835424,1.0,0.0,0.0,0.0,0.0,0.0
24,200,7.087354015839422,11.010494762413456,0.0,1.0,0.0,1.0,0.0,0.0
25,200,4.170191531903152,8.120587993558269,0.0,1.0,1.0,0.0,1.0,0.0
26,200,7.658044105773053,0.0462821650977535,0.0,0.0,0.0,0.0,0.0,0.0
27,200,12.0,9.732169909513816,1.0,1.0,0.0,0.0,0.0,1.0
28,200,9.212772706414931,5.209390441252934,0.0,0.0,0.0,0.0,0.0,0.0
29,200,7.540993924484412,9.26553852335342,1.0,0.0,0.0,0.0,0.0,1.0
30,200,3.240285046522182,11.826659841504162,1.0,0.0,0.0,0.0,0.0,1.0
31,200,10.382725606379813,10.61387420295163,0.0,0.0,1.0,1.0,1.0,0.0
32,200,8.963396347334879,2.759406685557056,1.0,0.0,1.0,1.0,0.0,1.0
33,200,0.0922067940437643,11.650373891653455,0.0,0.0,0.0,0.0,0.0,1.0
34,200,5.525963223064034,11.43630093333919,0.0,0.0,0.0,1.0,1.0,1.0
35,200,0.8532171296236237,10.884859767400725,0.0,0.0,0.0,0.0,1.0,1.0
36,200,3.1232647328276992,4.554506543778476,1.0,0.0,0.0,1.0,0.0,0.0
37,200,11.400636877924692,7.570994736990774,0.0,1.0,1.0,0.0,1.0,0.0
38,200,3.1384276471276227,9.675413037544589,0.0,0.0,0.0,1.0,0.0,1.0
39,200,11.370822967279857,5.69622403761924,1.0,0.0,1.0,1.0,0.0,1.0
0,205,12.0,2.6631130877521296,0.0,1.0,0.0,1.0,0.0,1.0
1,205,11.204359914633466,6.212576771837474,0.0,0.0,0.0,0.0,0.0,0.0
2,205,3.620401759580621,4.565883760325264,1.0,0.0,0.0,0.0,0.0,1.0
3,205,7.964577470080172,12.0,0.0,1.0,1.0,1.0,0.0,1.0
4,205,11.778734007147095,6.915548544163236,0.0,1.0,0.0,1.0,1.0,0.0
5,205,5.825764550386944,4.231446278513093,0.0,1.0,0.0,1.0,1.0,0.0
6,205,0.0,4.666634087473936,1.0,1.0,0.0,0.0,1.0,0.0
7,205,9.048088706890775,9.674605166987703,0.0,0.0,0.0,1.0,1.0,1.0
8,205,2.1033633597697934,12.0,0.0,1.0,0.0,1.0,1.0,0.0
9,205,0.7917943324780314,6.280486252386257,0.0,1.0,0.0,0.0,1.0,1.0
10,205,2.8844803851669742,0.7634294327619744,1.0,1.0,0.0,1.0,0.0,0.0
11,205,5.951763404504293,6.456377432445532,1.0,0.0,1.0,1.0,1.0,1.0
12,205,12.0,11.476751953822578,1.0,1.0,1.0,0.0,1.0,1.0
13,205,11.551415864035478,5.22113452591491,1.0,0.0,1.0,0.0,0.0,0.0
14,205,6.006038454411841,6.36265616086967,1.0,0.0,1.0,0.0,1.0,1.0
15,205,3.9875853437805975,2.798420566268654,1.0,0.0,1.0,1.0,0.0,0.0
16,205,1.0359352199697516,5.616546292669809,1.0,1.0,0.0,0.0,0.0,1.0
17,205,7.425716098385509,11.925985982905384,0.0,0.0,1.0,0.0,1.0,0.0
18,205,5.062448899566949,2.147697464498958,0.0,0.0,1.0,1.0,0.0,0.0
19,205,9.437512053385973,0.0,0.0,1.0,1.0,1.0,1.0,0.0
20,205,4.055500189190585,1.9448401545897172,0.0,0.0,1.0,1.0,0.0,0.0
21,205,2.7275165003753443,0.3145362536016195,0.0,1.0,1.0,0.0,1.0,0.0
22,205,1.061103791285242,10.662567677164432,0.0,1.0,1.0,0.0,1.0,0.0
23,205,5.976057050413765,2.5699848265727314,1.0,0.0,0.0,0.0,0.0,0.0
24,205,7.1376759098114775,11.02705279567059,0.0,1.0,0.0,1.0,0.0,0.0
25,205,4.146632310144118,8.32363470049795,0.0,1.0,1.0,0.0,1.0,0.0
26,205,7.648038260899638,0.0245970174699197,0.0,0.0,0.0,0.0,0.0,0.0
27,205,12.0,9.76891779459155,1.0,1.0,0.0,0.0,0.0,1.0
28,205,9.273125365961173,5.027514884917479,0.0,0.0,0.0,0.0,0.0,0.0
29,205,7.635227693566708,9.268331505093606,1.0,0.0,0.0,0.0,0.0,1.0
30,205,3.2586069254843166,11.82857213457055,1.0,0.0,0.0,0.0,0.0,1.0
31,205,10.37700237439377,10.573079029293783,0.0,0.0,1.0,1.0,1.0,0.0
32,205,8.961602682496224,2.732540357749199,1.0,0.0,1.0,1.0,0.0,1.0
33,205,0.1017531741372071,11.610075468009695,0.0,0.0,0.0,0.0,0.0,1.0
34,205,5.525440801022628,11.436647683082878,0.0,0.0,0.0,1.0,1.0,1.0
35,205,0.8534199476043174,11.050001595354138,0.0,0.0,0.0,0.0,1.0,1.0
36,205,3.180291461120038,4.592355937435793,1.0,0.0,0.0,1.0,0.0,0.0
37,205,11.400493955683356,7.571590743441565,0.0,1.0,1.0,0.0,1.0,0.0
38,205,3.1953754729332693,9.666948252682252,0.0,0.0,0.0,1.0,0.0,1.0
39,205,11.32123730199132,5.712878353914156,1.0,0.0,1.0,1.0,0.0,1.0
0,210,12.0,2.700531964992456,0.0,1.0,0.0,1.0,0.0,1.0
1,210,11.274538507341392,6.244552876004621,0.0,0.0,0.0,0.0,0.0,0.0
2,210,3.5899552769839302,4.663885038198319,1.0,0.0,0.0,0.0,0.0,1.0
3,210,8.048236881530045,12.0,0.0,1.0,1.0,1.0,0.0,1.0
4,210,11.75822187947186,6.945551090418803,0.0,1.0,0.0,1.0,1.0,0.0
5,210,5.81747253676621,4.226173111618199,0.0,1.0,0.0,1.0,1.0,0.0
6,210,0.0,4.695641634012837,1.0,1.0,0.0,0.0,1.0,0.0
7,210,9.06297403617811,9.702617527921577,0.0,0.0,0.0,1.0,1.0,1.0
8,210,2.094163127417556,12.0,0.0,1.0,0.0,1.0,1.0,0.0
9,210,0.7861517770563873,6.197887918252508,0.0,1.0,0.0,0.0,1.0,1.0
10,210,2.871821217936507,0.7536500939236459,1.0,1.0,0.0,1.0,0.0,0.0
11,210,5.951849074634179,6.451687399841661,1.0,0.0,1.0,1.0,1.0,1.0
12,210,12.0,11.544371886268422,1.0,1.0,1.0,0.0,1.0,1.0
13,210,11.585494219852432,5.18144348871578,1.0,0.0,1.0,0.0,0.0,0.0
14,210,6.028635095496504,6.341921222929016,1.0,0.0,1.0,0.0,1.0,1.0
15,210,3.987924078272053,2.82662785174363,1.0,0.0,1.0,1.0,0.0,0.0
16,210,1.0895770366261666,5.682993627785486,1.0,1.0,0.0,0.0,0.0,1.0
17,210,7.366961732833305,12.0,0.0,0.0,1.0,0.0,1.0,0.0
18,210,5.147896962546188,2.160528255653967,0.0,0.0,1.0,1.0,0.0,0.0
19,210,9.410009170976757,0.0,0.0,1.0,1.0,1.0,1.0,0.0
20,210,4.0166606085439005,1.9832868783577204,0.0,0.0,1.0,1.0,0.0,0.0
21,210,2.741134320015979,0.3685600501740906,0.0,1.0,1.0,0.0,1.0,0.0
22,210,1.0394939483500234,10.562636702938716,0.0,1.0,1.0,0.0,1.0,0.0
23,210,6.030175881354307,2.5892732082611096,1.0,0.0,0.0,0.0,0.0,0.0
24,210,7.178457475825725,11.041205768060568,0.0,1.0,0.0,1.0,0.0,0.0
25,210,4.124724255255849,8.500813332147628,0.0,1.0,1.0,0.0,1.0,0.0
26,210,7.652754636670935,0.0347660024078713,0.0,0.0,0.0,0.0,0.0,0.0
27,210,12.0,9.809081477367494,1.0,1.0,0.0,0.0,0.0,1.0
28,210,9.468917904332434,5.09032970777641,0.0,0.0,0.0,0.0,0.0,0.0
29,210,7.723965893202449,9.269658519084066,1.0,0.0,0.0,0.0,0.0,1.0
30,210,3.290325928191895,11.83228595867726,1.0,0.0,0.0,0.0,0.0,1.0
31,210,10.36937680570229,10.513144685974892,0.0,0.0,1.0,1.0,1.0,0.0
32,210,8.960130529825353,2.7105325263105704,1.0,0.0,1.0,1.0,0.0,1.0
33,210,0.1083180242389381,11.582239143027437,0.0,0.0,0.0,0.0,0.0,1.0
34,210,5.536489951583507,11.42892947727409,0.0,0.0,0.0,1.0,1.0,1.0
35,210,0.8553613628828094,11.217662005685463,0.0,0.0,0.0,0.0,1.0,1.0
36,210,3.258438174034453,4.64363040291202,1.0,0.0,0.0,1.0,0.0,0.0
37,210,11.39723435132205,7.584070830183163,0.0,1.0,1.0,0.0,1.0,0.0
38,210,3.249699356709322,9.65910648811094,0.0,0.0,0.0,1.0,0.0,1.0
39,210,11.27441044043836,5.727792392704187,1.0,0.0,1.0,1.0,0.0,1.0
0,215,12.0,2.74338396191454,0.0,1.0,0.0,1.0,0.0,1.0
1,215,11.359241022927892,6.2839853208880925,0.0,0.0,0.0,0.0,0.0,0.0
2,215,3.560347182795361,4.761933063532847,1.0,0.0,0.0,0.0,0.0,1.0
3,215,8.09287312388172,12.0,0.0,1.0,1.0,1.0,0.0,1.0
4,215,11.731558237213624,6.986432257732458,0.0,1.0,0.0,1.0,1.0,0.0
5,215,5.810994965831485,4.222256480943337,0.0,1.0,0.0,1.0,1.0,0.0
6,215,0.0,4.729110186856412,1.0,1.0,0.0,0.0,1.0,0.0
7,215,9.071167304352151,9.719064919818909,0.0,0.0,0.0,1.0,1.0,1.0
8,215,2.0760931837802907,12.0,0.0,1.0,0.0,1.0,1.0,0.0
9,215,0.780105804472357,6.119554976624428,0.0,1.0,0.0,0.0,1.0,1.0
10,215,2.8657004027682573,0.748720876716477,1.0,1.0,0.0,1.0,0.0,0.0
11,215,5.951812860100991,6.453366752989926,1.0,0.0,1.0,1.0,1.0,1.0
12,215,12.0,11.610329949885736,1.0,1.0,1.0,0.0,1.0,1.0
13,215,11.619472056307025,5.143924576633655,1.0,0.0,1.0,0.0,0.0,0.0
14,215,6.047397223825821,6.32442372444011,1.0,0.0,1.0,0.0,1.0,1.0
15,215,3.98797970907938,2.85659126298652,1.0,0.0,1.0,1.0,0.0,0.0
16,215,1.1393046595109584,5.744775439543104,1.0,1.0,0.0,0.0,0.0,1.0
17,215,7.310676935747831,12.0,0.0,0.0,1.0,0.0,1.0,0.0
18,215,5.212726423507006,2.1710440962602706,0.0,0.0,1.0,1.0,0.0,0.0
19,215,9.38265193566448,0.0,0.0,1.0,1.0,1.0,1.0,0.0
20,215,3.986785196680772,2.0106500075449563,0.0,0.0,1.0,1.0,0.0,0.0
21,215,2.746351881882092,0.3903437739476411,0.0,1.0,1.0,0.0,1.0,0.0
22,215,1.0189743644737796,10.458842195968137,0.0,1.0,1.0,0.0,1.0,0.0
23,215,6.091845738387376,2.6134760185171766,1.0,0.0,0.0,0.0,0.0,0.0
24,215,7.221327834413646,11.056375489843669,0.0,1.0,0.0,1.0,0.0,0.0
25,215,4.098525647353124,8.666123307385734,0.0,1.0,1.0,0.0,1.0,0.0
26,215,7.661215180969576,0.0527069282652759,0.0,0.0,0.0,0.0,0.0,0.0
27,215,12.0,9.849597886253864,1.0,1.0,0.0,0.0,0.0,1.0
28,215,9.673894262446533,5.152329349471498,0.0,0.0,0.0,0.0,0.0,0.0
29,215,7.81762507219524,9.269652480735196,1.0,0.0,0.0,0.0,0.0,1.0
30,215,3.334395965134253,11.83813098043037,1.0,0.0,0.0,0.0,0.0,1.0
31,215,10.359391338183384,10.442934530885738,0.0,0.0,1.0,1.0,1.0,0.0
32,215,8.95701816259444,2.6792114618673746,1.0,0.0,1.0,1.0,0.0,1.0
33,215,0.117108963874703,11.546632534164146,0.0,0.0,0.0,0.0,0.0,1.0
34,215,5.524963754652911,11.436998161262323,0.0,0.0,0.0,1.0,1.0,1.0
35,215,0.8566344277140956,11.387538813045811,0.0,0.0,0.0,0.0,1.0,1.0
36,215,3.3427466547929945,4.700076979079661,1.0,0.0,0.0,1.0,0.0,0.0
37,215,11.391680979418023,7.60255347438112,0.0,1.0,1.0,0.0,1.0,0.0
38,215,3.3110412967879803,9.64964322659,0.0,0.0,0.0,1.0,0.0,1.0
39,215,11.239564514469556,5.739949019082049,1.0,0.0,1.0,1.0,0.0,1.0
0,220,12.0,2.78278442926055,0.0,1.0,0.0,1.0,0.0,1.0
1,220,11.459151647870392,6.328555210354348,0.0,0.0,0.0,0.0,0.0,0.0
2,220,3.533026211071709,4.850738982049031,1.0,0.0,0.0,0.0,0.0,1.0
3,220,8.13222698169248,12.0,0.0,1.0,1.0,1.0,0.0,1.0
4,220,11.691183322626308,7.04778915736384,0.0,1.0,0.0,1.0,1.0,0.0
5,220,5.7951045944956485,4.213385914712657,0.0,1.0,0.0,1.0,1.0,0.0
6,220,0.0,4.774405972407926,1.0,1.0,0.0,0.0,1.0,0.0
7,220,9.078559921504556,9.734438349072049,0.0,0.0,0.0,1.0,1.0,1.0
8,220,2.0679935339957454,12.0,0.0,1.0,0.0,1.0,1.0,0.0
9,220,0.7738608906849478,6.016755750979576,0.0,1.0,0.0,0.0,1.0,1.0
10,220,2.870843784355009,0.7528580006668855,1.0,1.0,0.0,1.0,0.0,0.0
11,220,5.951828031306119,6.452702626175418,1.0,0.0,1.0,1.0,1.0,1.0
12,220,12.0,11.675428000085294,1.0,1.0,1.0,0.0,1.0,1.0
13,220,11.656344069801188,5.100644000381436,1.0,0.0,1.0,0.0,0.0,0.0
14,220,6.07877599601983,6.293915111326669,1.0,0.0,1.0,0.0,1.0,1.0
15,220,3.987359542027643,2.9173604997317883,1.0,0.0,1.0,1.0,0.0,0.0
16,220,1.1710853805799748,5.785926548360809,1.0,1.0,0.0,0.0,0.0,1.0
17,220,7.254248205168761,12.0,0.0,0.0,1.0,0.0,1.0,0.0
18,220,5.26875281057593,2.1811691188334312,0.0,0.0,1.0,1.0,0.0,0.0
19,220,9.345802721695376,0.0,0.0,1.0,1.0,1.0,1.0,0.0
20,220,3.959673293139865,2.0343916917343807,0.0,0.0,1.0,1.0,0.0,0.0
21,220,2.706512376615468,0.4003887880505549,0.0,1.0,1.0,0.0,1.0,0.0
22,220,1.0034398711101702,10.377157925140878,0.0,1.0,1.0,0.0,1.0,0.0
23,220,6.165288840939527,2.642369771605517,1.0,0.0,0.0,0.0,0.0,0.0
24,220,7.281506224467866,11.07677641082268,0.0,1.0,0.0,1.0,0.0,0.0
25,220,4.070083925280357,8.86102204808111,0.0,1.0,1.0,0.0,1.0,0.0
26,220,7.673343749216472,0.0793400624844672,0.0,0.0,0.0,0.0,0.0,0.0
27,220,12.0,9.881868363241727,1.0,1.0,0.0,0.0,0.0,1.0
28,220,9.895833534454946,5.218194101480373,0.0,0.0,0.0,0.0,0.0,0.0
29,220,7.895183070663625,9.267391544518974,1.0,0.0,0.0,0.0,0.0,1.0
30,220,3.380683787696866,11.844081891349315,1.0,0.0,0.0,0.0,0.0,1.0
31,220,10.347808778378772,10.359734286049315,0.0,0.0,1.0,1.0,1.0,0.0
32,220,8.953314644259715,2.6450780294699707,1.0,0.0,1.0,1.0,0.0,1.0
33,220,0.1327980611193429,11.485283864621596,0.0,0.0,0.0,0.0,0.0,1.0
34,220,5.539743201025013,11.42744347196228,0.0,0.0,0.0,1.0,1.0,1.0
35,220,0.8574835937901498,11.549129877156073,0.0,0.0,0.0,0.0,1.0,1.0
36,220,3.450407280772203,4.77406558085668,1.0,0.0,0.0,1.0,0.0,0.0
37,220,11.384619953274708,7.625253342316892,0.0,1.0,1.0,0.0,1.0,0.0
38,220,3.365802336967352,9.641560356093404,0.0,0.0,0.0,1.0,0.0,1.0
39,220,11.20782260090221,5.750852853426495,1.0,0.0,1.0,1.0,0.0,1.0
0,225,12.0,2.833452380805652,0.0,1.0,0.0,1.0,0.0,1.0
1,225,11.565919002618973,6.374717262341879,0.0,0.0,0.0,0.0,0.0,0.0
2,225,3.501071833699918,4.94648590579717,1.0,0.0,0.0,0.0,0.0,1.0
3,225,8.200427699939729,12.0,0.0,1.0,1.0,1.0,0.0,1.0
4,225,11.654807104071285,7.104134255747972,0.0,1.0,0.0,1.0,1.0,0.0
5,225,5.79229171801848,4.211837327826556,0.0,1.0,0.0,1.0,1.0,0.0
6,225,0.0,4.821066586662645,1.0,1.0,0.0,0.0,1.0,0.0
7,225,9.087517862141729,9.753342811283868,0.0,0.0,0.0,1.0,1.0,1.0
8,225,2.059933909506519,12.0,0.0,1.0,0.0,1.0,1.0,0.0
9,225,0.7684394658897798,5.882755067065067,0.0,1.0,0.0,0.0,1.0,1.0
10,225,2.8867677994662166,0.7649871330546104,1.0,1.0,0.0,1.0,0.0,0.0
11,225,5.9529010567009335,6.422873548815732,1.0,0.0,1.0,1.0,1.0,1.0
12,225,12.0,11.749748671607325,1.0,1.0,1.0,0.0,1.0,1.0
13,225,11.694701114031629,5.054356623783868,1.0,0.0,1.0,0.0,0.0,0.0
14,225,6.107710070116183,6.267179940003619,1.0,0.0,1.0,0.0,1.0,1.0
15,225,3.988119420187249,2.96562494821862,1.0,0.0,1.0,1.0,0.0,0.0
16,225,1.2107064406408488,5.834110696267624,1.0,1.0,0.0,0.0,0.0,1.0
17,225,7.203326218394204,12.0,0.0,0.0,1.0,0.0,1.0,0.0
18,225,5.320362394484906,2.1897391711931644,0.0,0.0,1.0,1.0,0.0,0.0
19,225,9.311056263769212,0.0,0.0,1.0,1.0,1.0,1.0,0.0
20,225,3.940233123465626,2.051424823448175,0.0,0.0,1.0,1.0,0.0,0.0
21,225,2.655913879339065,0.4149304151257581,0.0,1.0,1.0,0.0,1.0,0.0
22,225,0.9863914284349872,10.298524083135083,0.0,1.0,1.0,0.0,1.0,0.0
23,225,6.1345339269474985,2.722717635015081,1.0,0.0,0.0,0.0,0.0,0.0
24,225,7.361474021172925,11.10283721309007,0.0,1.0,0.0,1.0,0.0,0.0
25,225,4.043248956798171,9.058724322056683,0.0,1.0,1.0,0.0,1.0,0.0
26,225,7.683570836824388,0.1019997268076691,0.0,0.0,0.0,0.0,0.0,0.0
27,225,12.0,9.910861963960654,1.0,1.0,0.0,0.0,0.0,1.0
28,225,10.099714863343142,5.280884336167079,0.0,0.0,0.0,0.0,0.0,0.0
29,225,7.982212917805831,9.264793488503631,1.0,0.0,0.0,0.0,0.0,1.0
30,225,3.413366701933294,11.84904099031698,1.0,0.0,0.0,0.0,0.0,1.0
31,225,10.33359734154468,10.28132307266664,0.0,0.0,1.0,1.0,1.0,0.0
32,225,8.950194907557453,2.614611429575545,1.0,0.0,1.0,1.0,0.0,1.0
33,225,0.1495197660543602,11.411556101095764,0.0,0.0,0.0,0.0,0.0,1.0
34,225,5.564198264126446,11.411487497426387,0.0,0.0,0.0,1.0,1.0,1.0
35,225,0.8610649517469157,11.697683248272485,0.0,0.0,0.0,0.0,1.0,1.0
36,225,3.546210903868686,4.841806445453317,1.0,0.0,0.0,1.0,0.0,0.0
37,225,11.379924162240863,7.639312629056143,0.0,1.0,1.0,0.0,1.0,0.0
38,225,3.437651458959651,9.630864992675315,0.0,0.0,0.0,1.0,0.0,1.0
39,225,11.177247246553184,5.762081362921801,1.0,0.0,1.0,1.0,0.0,1.0
0,230,12.0,2.8948503710775566,0.0,1.0,0.0,1.0,0.0,1.0
1,230,11.680588236626834,6.42401651876303,0.0,0.0,0.0,0.0,0.0,0.0
2,230,3.4699544330506464,5.044237710362438,1.0,0.0,0.0,0.0,0.0,1.0
3,230,8.274170043913895,12.0,0.0,1.0,1.0,1.0,0.0,1.0
4,230,11.63442350617854,7.1359052533179375,0.0,1.0,0.0,1.0,1.0,0.0
5,230,5.806449447121179,4.219577203539104,0.0,1.0,0.0,1.0,1.0,0.0
6,230,0.0,4.859029433672634,1.0,1.0,0.0,0.0,1.0,0.0
7,230,9.09972483426496,9.779645890231103,0.0,0.0,0.0,1.0,1.0,1.0
8,230,2.048283634597339,12.0,0.0,1.0,0.0,1.0,1.0,0.0
9,230,0.7626914293743063,5.763706066215797,0.0,1.0,0.0,0.0,1.0,1.0
10,230,2.9184541781069173,0.7886618695794106,1.0,1.0,0.0,1.0,0.0,0.0
11,230,5.95353606326674,6.39661966202398,1.0,0.0,1.0,1.0,1.0,1.0
12,230,12.0,11.802636397869987,1.0,1.0,1.0,0.0,1.0,1.0
13,230,11.728431075003966,5.015258909362258,1.0,0.0,1.0,0.0,0.0,0.0
14,230,6.146439981858163,6.23186835393772,1.0,0.0,1.0,0.0,1.0,1.0
15,230,3.990041555022219,3.0142766857962644,1.0,0.0,1.0,1.0,0.0,0.0
16,230,1.246866209599337,5.877440483793793,1.0,1.0,0.0,0.0,0.0,1.0
17,230,7.135547998199068,12.0,0.0,0.0,1.0,0.0,1.0,0.0
18,230,5.3699297391266345,2.19877882102622,0.0,0.0,1.0,1.0,0.0,0.0
19,230,9.273679902355251,0.0,0.0,1.0,1.0,1.0,1.0,0.0
20,230,3.913001367604226,2.0744333785567544,0.0,0.0,1.0,1.0,0.0,0.0
21,230,2.5985752571181555,0.4300132993146089,0.0,1.0,1.0,0.0,1.0,0.0
22,230,0.9678381096479244,10.208016762991427,0.0,1.0,1.0,0.0,1.0,0.0
23,230,6.108683325048303,2.7902234027525794,1.0,0.0,0.0,0.0,0.0,0.0
24,230,7.436823884684236,11.127554211739636,0.0,1.0,0.0,1.0,0.0,0.0
25,230,4.017369772198086,9.266205255938583,0.0,1.0,1.0,0.0,1.0,0.0
26,230,7.6895836138929825,0.1161639289436173,0.0,0.0,0.0,0.0,0.0,0.0
27,230,12.0,9.940748662013055,1.0,1.0,0.0,0.0,0.0,1.0
28,230,10.285856220801383,5.333765842971412,0.0,0.0,0.0,0.0,0.0,0.0
29,230,8.079494623770056,9.26152786981677,1.0,0.0,0.0,0.0,0.0,1.0
30,230,3.418334009483482,11.84985578382352,1.0,0.0,0.0,0.0,0.0,1.0
31,230,10.322747701165367,10.213399878112597,0.0,0.0,1.0,1.0,1.0,0.0
32,230,8.946370452420727,2.5789246696280763,1.0,0.0,1.0,1.0,0.0,1.0
33,230,0.1623700288267875,11.348257446311578,0.0,0.0,0.0,0.0,0.0,1.0
34,230,5.6021310817141705,11.386068679511965,0.0,0.0,0.0,1.0,1.0,1.0
35,230,0.8658729853305532,11.82224825555974,0.0,0.0,0.0,0.0,1.0,1.0
36,230,3.638270195292632,4.906584900986898,1.0,0.0,0.0,1.0,0.0,0.0
37,230,11.374675771586316,7.655649270293165,0.0,1.0,1.0,0.0,1.0,0.0
38,230,3.5186082653514434,9.619949824994537,0.0,0.0,0.0,1.0,0.0,1.0
39,230,11.153857683959414,5.770731235466949,1.0,0.0,1.0,1.0,0.0,1.0
0,235,12.0,2.955875458305498,0.0,1.0,0.0,1.0,0.0,1.0
1,235,11.807326222689712,6.474347460381817,0.0,0.0,0.0,0.0,0.0,0.0
2,235,3.446248876597699,5.125100434221673,1.0,0.0,0.0,0.0,0.0,1.0
3,235,8.35971733031638,12.0,0.0,1.0,1.0,1.0,0.0,1.0
4,235,11.612100082561632,7.1707580148046,0.0,1.0,0.0,1.0,1.0,0.0
5,235,5.804690719623264,4.218629234703927,0.0,1.0,0.0,1.0,1.0,0.0
6,235,0.0,4.904721651342777,1.0,1.0,0.0,0.0,1.0,0.0
7,235,9.11287365035452,9.808132696056536,0.0,0.0,0.0,1.0,1.0,1.0
8,235,2.029235695308297,12.0,0.0,1.0,0.0,1.0,1.0,0.0
9,235,0.7587282911852232,5.65171155452626,0.0,1.0,0.0,0.0,1.0,1.0
10,235,2.952691791623258,0.8129068473822193,1.0,1.0,0.0,1.0,0.0,0.0
11,235,5.9532771722805045,6.366030626853492,1.0,0.0,1.0,1.0,1.0,1.0
12,235,12.0,11.855680951715993,1.0,1.0,1.0,0.0,1.0,1.0
13,235,11.765989448403689,4.970946961693956,1.0,0.0,1.0,0.0,0.0,0.0
14,235,6.186153923227423,6.196491660819721,1.0,0.0,1.0,0.0,1.0,1.0
15,235,3.991141969722433,3.044784989616578,1.0,0.0,1.0,1.0,0.0,0.0
16,235,1.278949653187036,5.913899012173778,1.0,1.0,0.0,0.0,0.0,1.0
17,235,7.078884923094172,12.0,0.0,0.0,1.0,0.0,1.0,0.0
18,235,5.375012546140997,2.166451894474556,0.0,0.0,1.0,1.0,0.0,0.0
19,235,9.240780564673384,0.0,0.0,1.0,1.0,1.0,1.0,0.0
20,235,3.897713966586936,2.087026290636852,0.0,0.0,1.0,1.0,0.0,0.0
21,235,2.54729014115622,0.4420737839394784,0.0,1.0,1.0,0.0,1.0,0.0
22,235,0.9469667612921644,10.113224613602984,0.0,1.0,1.0,0.0,1.0,0.0
23,235,6.078430593473995,2.873635926508457,1.0,0.0,0.0,0.0,0.0,0.0
24,235,7.507387154707561,11.150675398758706,0.0,1.0,0.0,1.0,0.0,0.0
25,235,3.990835107698886,9.46889575957609,0.0,1.0,1.0,0.0,1.0,0.0
26,235,7.703079857187639,0.1481130570559953,0.0,0.0,0.0,0.0,0.0,0.0
27,235,12.0,9.968579545187724,1.0,1.0,0.0,0.0,0.0,1.0
28,235,10.4771577553508,5.388401416941599,0.0,0.0,0.0,0.0,0.0,0.0
29,235,8.168042092991701,9.25924645558128,1.0,0.0,0.0,0.0,0.0,1.0
30,235,3.43158367779908,11.852125409301614,1.0,0.0,0.0,0.0,0.0,1.0
31,235,10.310666870392216,10.12345188597302,0.0,0.0,1.0,1.0,1.0,0.0
32,235,8.943675020062209,2.551943898300853,1.0,0.0,1.0,1.0,0.0,1.0
33,235,0.1781510121989484,11.277081087136432,0.0,0.0,0.0,0.0,0.0,1.0
34,235,5.629483310660478,11.366578840186245,0.0,0.0,0.0,1.0,1.0,1.0
35,235,0.8684821800374255,11.93446776103999,0.0,0.0,0.0,0.0,1.0,1.0
36,235,3.736697205674621,4.9737069915279335,1.0,0.0,0.0,1.0,0.0,0.0
37,235,11.37306606329946,7.660966027324485,0.0,1.0,1.0,0.0,1.0,0.0
38,235,3.5976476667982618,9.609438271147626,0.0,0.0,0.0,1.0,0.0,1.0
39,235,11.128383723314798,5.780411828973664,1.0,0.0,1.0,1.0,0.0,1.0
0,240,12.0,3.021442465531476,0.0,1.0,0.0,1.0,0.0,1.0
1,240,11.92724667458791,6.523158073233446,0.0,0.0,0.0,0.0,0.0,0.0
2,240,3.42699854521536,5.185792144385667,1.0,0.0,0.0,0.0,0.0,1.0
3,240,8.442582725274995,12.0,0.0,1.0,1.0,1.0,0.0,1.0
4,240,11.577263511780217,7.223566646631483,0.0,1.0,0.0,1.0,1.0,0.0
5,240,5.809504762283364,4.221133819840025,0.0,1.0,0.0,1.0,1.0,0.0
6,240,0.0,4.9481318212619305,1.0,1.0,0.0,0.0,1.0,0.0
7,240,9.123972243600033,9.831598122674668,0.0,0.0,0.0,1.0,1.0,1.0
8,240,2.0076837350316485,12.0,0.0,1.0,0.0,1.0,1.0,0.0
9,240,0.7555655579618784,5.533036044679918,0.0,1.0,0.0,0.0,1.0,1.0
10,240,2.988538126117437,0.8395362377718418,1.0,1.0,0.0,1.0,0.0,0.0
11,240,5.953098296988435,6.350131133845311,1.0,0.0,1.0,1.0,1.0,1.0
12,240,12.0,11.909976336837044,1.0,1.0,1.0,0.0,1.0,1.0
13,240,11.804476351054754,4.922310896827196,1.0,0.0,1.0,0.0,0.0,0.0
14,240,6.2322655717339375,6.154197062907173,1.0,0.0,1.0,0.0,1.0,1.0
15,240,3.992049807192039,3.0813215787807984,1.0,0.0,1.0,1.0,0.0,0.0
16,240,1.316184520828534,5.958737171502782,1.0,1.0,0.0,0.0,0.0,1.0
17,240,7.029460790802552,12.0,0.0,0.0,1.0,0.0,1.0,0.0
18,240,5.381278342424372,2.114902150921825,0.0,0.0,1.0,1.0,0.0,0.0
19,240,9.207010490024777,0.0,0.0,1.0,1.0,1.0,1.0,0.0
20,240,3.888851209140233,2.0944297986619222,0.0,0.0,1.0,1.0,0.0,0.0
21,240,2.5003049585862054,0.4525765811205648,0.0,1.0,1.0,0.0,1.0,0.0
22,240,0.9269824176164868,10.012214432385877,0.0,1.0,1.0,0.0,1.0,0.0
23,240,6.052035961431027,2.9489162826761257,1.0,0.0,0.0,0.0,0.0,0.0
24,240,7.571996446150587,11.16921544838446,0.0,1.0,0.0,1.0,0.0,0.0
25,240,3.9624203506843902,9.672245325611865,0.0,1.0,1.0,0.0,1.0,0.0
26,240,7.720051573402801,0.1893623487765389,0.0,0.0,0.0,0.0,0.0,0.0
27,240,12.0,9.926109469568386,1.0,1.0,0.0,0.0,0.0,1.0
28,240,10.702920808004036,5.450339652231652,0.0,0.0,0.0,0.0,0.0,0.0
29,240,8.220160785987714,9.257967159793791,1.0,0.0,0.0,0.0,0.0,1.0
30,240,3.468197438620141,11.858825903087196,1.0,0.0,0.0,0.0,0.0,1.0
31,240,10.297783046479909,10.023321864543668,0.0,0.0,1.0,1.0,1.0,0.0
32,240,8.941036145162757,2.521621751098421,1.0,0.0,1.0,1.0,0.0,1.0
33,240,0.1899144966478743,11.227337968971298,0.0,0.0,0.0,0.0,0.0,1.0
34,240,5.659877461797011,11.345636555876569,0.0,0.0,0.0,1.0,1.0,1.0
35,240,0.8682327958863706,12.0,0.0,0.0,0.0,0.0,1.0,1.0
36,240,3.827830665830925,5.033605787759091,1.0,0.0,0.0,1.0,0.0,0.0
37,240,11.37345705169573,7.659706769921511,0.0,1.0,1.0,0.0,1.0,0.0
38,240,3.681764445841596,9.598354429300574,0.0,0.0,0.0,1.0,0.0,1.0
39,240,11.07742022533583,5.800077480596592,1.0,0.0,1.0,1.0,0.0,1.0
0,245,12.0,3.083937381749983,0.0,1.0,0.0,1.0,0.0,1.0
1,245,12.0,6.573217142001128,0.0,0.0,0.0,0.0,0.0,0.0
2,245,3.412244906849057,5.230446866467783,1.0,0.0,0.0,0.0,0.0,1.0
3,245,8.533562412603032,12.0,0.0,1.0,1.0,1.0,0.0,1.0
4,245,11.546793476784265,7.272667810226645,0.0,1.0,0.0,1.0,1.0,0.0
5,245,5.839535975994343,4.23604563126506,0.0,1.0,0.0,1.0,1.0,0.0
6,245,0.0,4.993581242188131,1.0,1.0,0.0,0.0,1.0,0.0
7,245,9.132044916920409,9.849268114711396,0.0,0.0,0.0,1.0,1.0,1.0
8,245,1.9798571082840977,12.0,0.0,1.0,0.0,1.0,1.0,0.0
9,245,0.7558298851740606,5.417402452686628,0.0,1.0,0.0,0.0,1.0,1.0
10,245,3.0337795374830328,0.874433155893111,1.0,1.0,0.0,1.0,0.0,0.0
11,245,5.952988915461999,6.339176643487676,1.0,0.0,1.0,1.0,1.0,1.0
12,245,12.0,11.967023539134486,1.0,1.0,1.0,0.0,1.0,1.0
13,245,11.84537855982627,4.868681738150091,1.0,0.0,1.0,0.0,0.0,0.0
14,245,6.289795972333238,6.102941460586702,1.0,0.0,1.0,0.0,1.0,1.0
15,245,3.9929777913265054,3.10481236090896,1.0,0.0,1.0,1.0,0.0,0.0
16,245,1.3566407799808438,6.006837957702339,1.0,1.0,0.0,0.0,0.0,1.0
17,245,6.980222517043804,12.0,0.0,0.0,1.0,0.0,1.0,0.0
18,245,5.386265854354528,2.0681404092949567,0.0,0.0,1.0,1.0,0.0,0.0
19,245,9.176547179121108,0.0,0.0,1.0,1.0,1.0,1.0,0.0
20,245,3.869136500593783,2.1114505732978297,0.0,0.0,1.0,1.0,0.0,0.0
21,245,2.4593068199002484,0.462550873897795,0.0,1.0,1.0,0.0,1.0,0.0
22,245,0.906519905062764,9.913647688079164,0.0,1.0,1.0,0.0,1.0,0.0
23,245,6.030534617073818,3.00752975011678,1.0,0.0,0.0,0.0,0.0,0.0
24,245,7.631421846962958,11.187553581022804,0.0,1.0,0.0,1.0,0.0,0.0
25,245,3.9374869373671713,9.836631871338676,0.0,1.0,1.0,0.0,1.0,0.0
26,245,7.732918557404353,0.2224112086298161,0.0,0.0,0.0,0.0,0.0,0.0
27,245,12.0,9.877533042985418,1.0,1.0,0.0,0.0,0.0,1.0
28,245,10.939334764001469,5.515875615928303,0.0,0.0,0.0,0.0,0.0,0.0
29,245,8.261034086630866,9.257767511542015,1.0,0.0,0.0,0.0,0.0,1.0
30,245,3.5312412374970137,11.869603156508854,1.0,0.0,0.0,0.0,0.0,1.0
31,245,10.287739972626962,9.930220496401189,0.0,0.0,1.0,1.0,1.0,0.0
32,245,8.93821876157298,2.4969559937791086,1.0,0.0,1.0,1.0,0.0,1.0
33,245,0.2079917165588456,11.1588014225485,0.0,0.0,0.0,0.0,0.0,1.0
34,245,5.6808006721167255,11.330948380362967,0.0,0.0,0.0,1.0,1.0,1.0
35,245,0.8690520999448033,12.0,0.0,0.0,0.0,0.0,1.0,1.0
36,245,3.9257290831710168,5.101536821762632,1.0,0.0,0.0,1.0,0.0,0.0
37,245,11.367209355174356,7.67944461436169,0.0,1.0,1.0,0.0,1.0,0.0
38,245,3.774535154880335,9.584644680478416,0.0,0.0,0.0,1.0,0.0,1.0
39,245,11.044066522055564,5.813326493702623,1.0,0.0,1.0,1.0,0.0,1.0
0,250,12.0,3.137114617394917,0.0,1.0,0.0,1.0,0.0,1.0
1,250,12.0,6.620424330364183,0.0,0.0,0.0,0.0,0.0,0.0
2,250,3.4047448910305578,5.251743244247851,1.0,0.0,0.0,0.0,0.0,1.0
3,250,8.620426809691091,12.0,0.0,1.0,1.0,1.0,0.0,1.0
4,250,11.522579578582008,7.311239864460775,0.0,1.0,0.0,1.0,1.0,0.0
5,250,5.8609517458320735,4.246103168497839,0.0,1.0,0.0,1.0,1.0,0.0
6,250,0.0,5.031778068344539,1.0,1.0,0.0,0.0,1.0,0.0
7,250,9.138053378600675,9.862149083886152,0.0,0.0,0.0,1.0,1.0,1.0
8,250,1.9573942162780105,12.0,0.0,1.0,0.0,1.0,1.0,0.0
9,250,0.7531576145754122,5.295520831375277,0.0,1.0,0.0,0.0,1.0,1.0
10,250,3.1065873048812485,0.9276075250007766,1.0,1.0,0.0,1.0,0.0,0.0
11,250,5.9529102922313095,6.332291422110913,1.0,0.0,1.0,1.0,1.0,1.0
12,250,12.0,12.0,1.0,1.0,1.0,0.0,1.0,1.0
13,250,11.88418389204578,4.811980919867094,1.0,0.0,1.0,0.0,0.0,0.0
14,250,6.351386317079695,6.046404882777065,1.0,0.0,1.0,0.0,1.0,1.0
15,250,3.9946391043319145,3.1482704655974367,1.0,0.0,1.0,1.0,0.0,0.0
16,250,1.410213448242189,6.0691632411853,1.0,1.0,0.0,0.0,0.0,1.0
17,250,6.936441543215992,12.0,0.0,0.0,1.0,0.0,1.0,0.0
18,250,5.392125212645117,2.013189288992026,0.0,0.0,1.0,1.0,0.0,0.0
19,250,9.145016285654338,0.0,0.0,1.0,1.0,1.0,1.0,0.0
20,250,3.8611855722134103,2.117901838821976,0.0,0.0,1.0,1.0,0.0,0.0
21,250,2.421602221409646,0.4725310794482833,0.0,1.0,1.0,0.0,1.0,0.0
22,250,0.886404099549778,9.822917131182669,0.0,1.0,1.0,0.0,1.0,0.0
23,250,6.0124659626735495,3.0585067945831432,1.0,0.0,0.0,0.0,0.0,0.0
24,250,7.675704758743212,11.200426144651413,0.0,1.0,0.0,1.0,0.0,0.0
25,250,3.9058730541583806,10.026963808162048,0.0,1.0,1.0,0.0,1.0,0.0
26,250,7.753231158401397,0.2736949375775626,0.0,0.0,0.0,0.0,0.0,0.0
27,250,12.0,9.851327013052453,1.0,1.0,0.0,0.0,0.0,1.0
28,250,11.188938341509752,5.585783248172742,0.0,0.0,0.0,0.0,0.0,0.0
29,250,8.32237515055969,9.25625603135263,1.0,0.0,0.0,0.0,0.0,1.0
30,250,3.597103409274734,11.880085129198545,1.0,0.0,0.0,0.0,0.0,1.0
31,250,10.276460825405128,9.824076013915985,0.0,0.0,1.0,1.0,1.0,0.0
32,250,8.936438120547106,2.476453495313497,1.0,0.0,1.0,1.0,0.0,1.0
33,250,0.2253525093740547,11.095379139515112,0.0,0.0,0.0,0.0,0.0,1.0
34,250,5.69755977200295,11.319056258069876,0.0,0.0,0.0,1.0,1.0,1.0
35,250,0.8690217184068453,12.0,0.0,0.0,0.0,0.0,1.0,1.0
36,250,4.0297584919188845,5.172950078527416,1.0,0.0,0.0,1.0,0.0,0.0
37,250,11.357653023786176,7.711764823015902,0.0,1.0,1.0,0.0,1.0,0.0
38,250,3.838670635646705,9.57437376028084,0.0,0.0,0.0,1.0,0.0,1.0
39,250,11.01661107472666,5.823940712768475,1.0,0.0,1.0,1.0,0.0,1.0
0,255,12.0,3.1959900190554893,0.0,1.0,0.0,1.0,0.0,1.0
1,255,12.0,6.677275622274901,0.0,0.0,0.0,0.0,0.0,0.0
2,255,3.406915829623608,5.246133970245098,1.0,0.0,0.0,0.0,0.0,1.0
3,255,8.709637765961723,12.0,0.0,1.0,1.0,1.0,0.0,1.0
4,255,11.491076262816229,7.361062219305487,0.0,1.0,0.0,1.0,1.0,0.0
5,255,5.903489273964516,4.267777389638632,0.0,1.0,0.0,1.0,1.0,0.0
6,255,0.0,5.070481534610366,1.0,1.0,0.0,0.0,1.0,0.0
7,255,9.147354609141765,9.881578884346958,0.0,0.0,0.0,1.0,1.0,1.0
8,255,1.9413132806814728,12.0,0.0,1.0,0.0,1.0,1.0,0.0
9,255,0.747680285209278,5.165011356648415,0.0,1.0,0.0,0.0,1.0,1.0
10,255,3.186474606560992,0.9888023285257456,1.0,1.0,0.0,1.0,0.0,0.0
11,255,5.9528115070212015,6.326417065058791,1.0,0.0,1.0,1.0,1.0,1.0
12,255,12.0,12.0,1.0,1.0,1.0,0.0,1.0,1.0
13,255,11.92111507231885,4.757406219205702,1.0,0.0,1.0,0.0,0.0,0.0
14,255,6.40125011356962,6.002977884702355,1.0,0.0,1.0,0.0,1.0,1.0
15,255,3.995909010419439,3.180568130190601,1.0,0.0,1.0,1.0,0.0,0.0
16,255,1.4723069745530304,6.141600481534566,1.0,1.0,0.0,0.0,0.0,1.0
17,255,6.898331660537703,12.0,0.0,0.0,1.0,0.0,1.0,0.0
18,255,5.3995688298800975,1.935265734641419,0.0,0.0,1.0,1.0,0.0,0.0
19,255,9.1100627994947,0.0,0.0,1.0,1.0,1.0,1.0,0.0
20,255,3.8496320580303047,2.127424500309313,0.0,0.0,1.0,1.0,0.0,0.0
21,255,2.392955405668865,0.4793029759708944,0.0,1.0,1.0,0.0,1.0,0.0
22,255,0.8683661934709974,9.747930419095717,0.0,1.0,1.0,0.0,1.0,0.0
23,255,5.996796899796991,3.104294994891322,1.0,0.0,0.0,0.0,0.0,0.0
24,255,7.708782470680052,11.211108941301502,0.0,1.0,0.0,1.0,0.0,0.0
25,255,3.873623023963277,10.213267224471329,0.0,1.0,1.0,0.0,1.0,0.0
26,255,7.771795271359497,0.3242104530331217,0.0,0.0,0.0,0.0,0.0,0.0
27,255,12.0,9.823759516985051,1.0,1.0,0.0,0.0,0.0,1.0
28,255,11.446813191038796,5.657904156733913,0.0,0.0,0.0,0.0,0.0,0.0
29,255,8.363787168478408,9.25533375485629,1.0,0.0,0.0,0.0,0.0,1.0
30,255,3.661568108469275,11.892461565428755,1.0,0.0,0.0,0.0,0.0,1.0
31,255,10.26590279906432,9.693439377829408,0.0,0.0,1.0,1.0,1.0,0.0
32,255,8.934792694001846,2.4556444216192017,1.0,0.0,1.0,1.0,0.0,1.0
33,255,0.2401890211537947,11.039993652788503,0.0,0.0,0.0,0.0,0.0,1.0
34,255,5.692177669053187,11.322900742973005,0.0,0.0,0.0,1.0,1.0,1.0
35,255,0.8675091000973485,12.0,0.0,0.0,0.0,0.0,1.0,1.0
36,255,4.1301039877671375,5.243337700950954,1.0,0.0,0.0,1.0,0.0,0.0
37,255,11.350870269798657,7.737678667573131,0.0,1.0,1.0,0.0,1.0,0.0
38,255,3.8470852892374734,9.626766012254082,0.0,0.0,0.0,1.0,0.0,1.0
39,255,10.98493649563872,5.836432380694467,1.0,0.0,1.0,1.0,0.0,1.0
0,260,12.0,3.250738589824285,0.0,1.0,0.0,1.0,0.0,1.0
1,260,12.0,6.73528045138672,0.0,0.0,0.0,0.0,0.0,0.0
2,260,3.403393669664372,5.254448851421451,1.0,0.0,0.0,0.0,0.0,1.0
3,260,8.768373092161363,12.0,0.0,1.0,1.0,1.0,0.0,1.0
4,260,11.459217665545236,7.413973905585381,0.0,1.0,0.0,1.0,1.0,0.0
5,260,5.956344918766502,4.293239088071051,0.0,1.0,0.0,1.0,1.0,0.0
6,260,0.0,5.109283919526897,1.0,1.0,0.0,0.0,1.0,0.0
7,260,9.15527042625862,9.897808107735278,0.0,0.0,0.0,1.0,1.0,1.0
8,260,1.934751793762265,12.0,0.0,1.0,0.0,1.0,1.0,0.0
9,260,0.7427283072143988,5.050721317992493,0.0,1.0,0.0,0.0,1.0,1.0
10,260,3.269747138625971,1.0496348439836525,1.0,1.0,0.0,1.0,0.0,0.0
11,260,5.952180769648576,6.299431956167918,1.0,0.0,1.0,1.0,1.0,1.0
12,260,12.0,12.0,1.0,1.0,1.0,0.0,1.0,1.0
13,260,11.944525662411314,4.723489638358371,1.0,0.0,1.0,0.0,0.0,0.0
14,260,6.435461087945365,5.973524177995209,1.0,0.0,1.0,0.0,1.0,1.0
15,260,3.996917361575284,3.22803940867283,1.0,0.0,1.0,1.0,0.0,0.0
16,260,1.541853307733979,6.223176487057928,1.0,1.0,0.0,0.0,0.0,1.0
17,260,6.867041657530379,12.0,0.0,0.0,1.0,0.0,1.0,0.0
18,260,5.406739052625091,1.8275319136420576,0.0,0.0,1.0,1.0,0.0,0.0
19,260,9.068307382278922,0.0,0.0,1.0,1.0,1.0,1.0,0.0
20,260,3.8376459173825,2.137475219217904,0.0,0.0,1.0,1.0,0.0,0.0
21,260,2.36804636113371,0.4856674337335588,0.0,1.0,1.0,0.0,1.0,0.0
22,260,0.8434004466012274,9.647964010779503,0.0,1.0,1.0,0.0,1.0,0.0
23,260,5.9820364920311775,3.1480870543762065,1.0,0.0,0.0,0.0,0.0,0.0
24,260,7.750644066730413,11.225252734176754,0.0,1.0,0.0,1.0,0.0,0.0
25,260,3.850086250025576,10.389340253954906,0.0,1.0,1.0,0.0,1.0,0.0
26,260,7.7934725244099505,0.3812836175305414,0.0,0.0,0.0,0.0,0.0,0.0
27,260,12.0,9.791049476462538,1.0,1.0,0.0,0.0,0.0,1.0
28,260,11.70252987591314,5.728747469265877,0.0,0.0,0.0,0.0,0.0,0.0
29,260,8.381011243980163,9.255056316242818,1.0,0.0,0.0,0.0,0.0,1.0
30,260,3.715958392409545,11.901956232431026,1.0,0.0,0.0,0.0,0.0,1.0
31,260,10.261044202839612,9.567136519961911,0.0,0.0,1.0,1.0,1.0,0.0
32,260,8.932954668941369,2.425768092422976,1.0,0.0,1.0,1.0,0.0,1.0
33,260,0.2538593181129395,10.986650117980242,0.0,0.0,0.0,0.0,0.0,1.0
34,260,5.675790611755189,11.334423373563606,0.0,0.0,0.0,1.0,1.0,1.0
35,260,0.8677806840762191,12.0,0.0,0.0,0.0,0.0,1.0,1.0
36,260,4.231680783526223,5.315832143303839,1.0,0.0,0.0,1.0,0.0,0.0
37,260,11.347716229548109,7.747439845689043,0.0,1.0,1.0,0.0,1.0,0.0
38,260,3.8581815967064608,9.69167999808956,0.0,0.0,0.0,1.0,0.0,1.0
39,260,10.942065033744427,5.853592418092466,1.0,0.0,1.0,1.0,0.0,1.0
0,265,12.0,3.30857070085627,0.0,1.0,0.0,1.0,0.0,1.0
1,265,12.0,6.798093568453965,0.0,0.0,0.0,0.0,0.0,0.0
2,265,3.3947203992258026,5.274990220145348,1.0,0.0,0.0,0.0,0.0,1.0
3,265,8.852021188288948,12.0,0.0,1.0,1.0,1.0,0.0,1.0
4,265,11.510376552960023,7.445174979395034,0.0,1.0,0.0,1.0,1.0,0.0
5,265,6.035821370103575,4.331622958897526,0.0,1.0,0.0,1.0,1.0,0.0
6,265,0.0,5.156503455639784,1.0,1.0,0.0,0.0,1.0,0.0
7,265,9.163129714730488,9.913917412374936,0.0,0.0,0.0,1.0,1.0,1.0
8,265,1.92330649730682,12.0,0.0,1.0,0.0,1.0,1.0,0.0
9,265,0.7387567057923141,4.9411595881958,0.0,1.0,0.0,0.0,1.0,1.0
10,265,3.377406628756706,1.131658525463081,1.0,1.0,0.0,1.0,0.0,0.0
11,265,5.9519370843753,6.285471373486391,1.0,0.0,1.0,1.0,1.0,1.0
12,265,12.0,12.0,1.0,1.0,1.0,0.0,1.0,1.0
13,265,11.97202928554551,4.682364537567556,1.0,0.0,1.0,0.0,0.0,0.0
14,265,6.480957049022306,5.934027927574294,1.0,0.0,1.0,0.0,1.0,1.0
15,265,3.998124461509029,3.265233689693022,1.0,0.0,1.0,1.0,0.0,0.0
16,265,1.6176117976068114,6.307576555136487,1.0,1.0,0.0,0.0,0.0,1.0
17,265,6.82033413828737,12.0,0.0,0.0,1.0,0.0,1.0,0.0
18,265,5.412880076368774,1.72413698801835,0.0,0.0,1.0,1.0,0.0,0.0
19,265,9.0265820299321,0.0,0.0,1.0,1.0,1.0,1.0,0.0
20,265,3.837086863229701,2.1379301833186166,0.0,0.0,1.0,1.0,0.0,0.0
21,265,2.372905919285913,0.4843544281900785,0.0,1.0,1.0,0.0,1.0,0.0
22,265,0.8210558509135701,9.559145214821802,0.0,1.0,1.0,0.0,1.0,0.0
23,265,5.967360907709282,3.1927774020149347,1.0,0.0,0.0,0.0,0.0,0.0
24,265,7.795859329350597,11.24099833192608,0.0,1.0,0.0,1.0,0.0,0.0
25,265,3.828372583504567,10.547638142996576,0.0,1.0,1.0,0.0,1.0,0.0
26,265,7.817007887200694,0.446232591751046,0.0,0.0,0.0,0.0,0.0,0.0
27,265,12.0,9.743895031950656,1.0,1.0,0.0,0.0,0.0,1.0
28,265,11.957195468761585,5.797385901513144,0.0,0.0,0.0,0.0,0.0,0.0
29,265,8.408605114496627,9.25555433979662,1.0,0.0,0.0,0.0,0.0,1.0
30,265,3.7777771566055303,11.914163901885852,1.0,0.0,0.0,0.0,0.0,1.0
31,265,10.25322763288384,9.425377207309932,0.0,0.0,1.0,1.0,1.0,0.0
32,265,8.931906257902071,2.4017877029620625,1.0,0.0,1.0,1.0,0.0,1.0
33,265,0.2683325223053861,10.934967558725711,0.0,0.0,0.0,0.0,0.0,1.0
34,265,5.666083528100365,11.341495729796211,0.0,0.0,0.0,1.0,1.0,1.0
35,265,0.8665824724469579,12.0,0.0,0.0,0.0,0.0,1.0,1.0
36,265,4.334603242427297,5.392888641918885,1.0,0.0,0.0,1.0,0.0,0.0
37,265,11.332052221565906,7.792005657498437,0.0,1.0,1.0,0.0,1.0,0.0
38,265,3.8706806686003854,9.757976404610464,0.0,0.0,0.0,1.0,0.0,1.0
39,265,10.884646855426816,5.878537576042682,1.0,0.0,1.0,1.0,0.0,1.0
0,270,12.0,3.3715403166400595,0.0,1.0,0.0,1.0,0.0,1.0
1,270,12.0,6.859889396007653,0.0,0.0,0.0,0.0,0.0,0.0
2,270,3.3872492333879194,5.2927649684650415,1.0,0.0,0.0,0.0,0.0,1.0
3,270,8.949175483665464,12.0,0.0,1.0,1.0,1.0,0.0,1.0
4,270,11.577624512565473,7.487553161810137,0.0,1.0,0.0,1.0,1.0,0.0
5,270,6.123977891395861,4.375143529065001,0.0,1.0,0.0,1.0,1.0,0.0
6,270,0.0,5.1956287280076126,1.0,1.0,0.0,0.0,1.0,0.0
7,270,9.17779062238798,9.942155143733528,0.0,0.0,0.0,1.0,1.0,1.0
8,270,1.90982223877911,12.0,0.0,1.0,0.0,1.0,1.0,0.0
9,270,0.7337930928951886,4.82855078508215,0.0,1.0,0.0,0.0,1.0,1.0
10,270,3.4922584267250536,1.2222044357717432,1.0,1.0,0.0,1.0,0.0,0.0
11,270,5.951764865301535,6.272820225380052,1.0,0.0,1.0,1.0,1.0,1.0
12,270,12.0,12.0,1.0,1.0,1.0,0.0,1.0,1.0
13,270,11.99871367288823,4.642648390359024,1.0,0.0,1.0,0.0,0.0,0.0
14,270,6.541197130189124,5.881063962167657,1.0,0.0,1.0,0.0,1.0,1.0
15,270,3.999009165048817,3.317614268712162,1.0,0.0,1.0,1.0,0.0,0.0
16,270,1.6936103334014718,6.394901667659018,1.0,1.0,0.0,0.0,0.0,1.0
17,270,6.773911849640408,12.0,0.0,0.0,1.0,0.0,1.0,0.0
18,270,5.422576423977447,1.6030261786662623,0.0,0.0,1.0,1.0,0.0,0.0
19,270,8.983562913363695,0.0,0.0,1.0,1.0,1.0,1.0,0.0
20,270,3.839718383745827,2.135786488468068,0.0,0.0,1.0,1.0,0.0,0.0
21,270,2.375520641896144,0.4836387010497976,0.0,1.0,1.0,0.0,1.0,0.0
22,270,0.7989191914405983,9.468475468452269,0.0,1.0,1.0,0.0,1.0,0.0
23,270,5.950217840691244,3.2415766934278,1.0,0.0,0.0,0.0,0.0,0.0
24,270,7.812561888416169,11.246900065589214,0.0,1.0,0.0,1.0,0.0,0.0
25,270,3.809364138688805,10.685817795249104,0.0,1.0,1.0,0.0,1.0,0.0
26,270,7.844646982285753,0.5180102702180438,0.0,0.0,0.0,0.0,0.0,0.0
27,270,12.0,9.679255356973416,1.0,1.0,0.0,0.0,0.0,1.0
28,270,12.0,5.86104720739246,0.0,0.0,0.0,0.0,0.0,0.0
29,270,8.43955946714137,9.255548219581428,1.0,0.0,0.0,0.0,0.0,1.0
30,270,3.849657194773532,11.9280484449672,1.0,0.0,0.0,0.0,0.0,1.0
31,270,10.247717189796877,9.28846193719352,0.0,0.0,1.0,1.0,1.0,0.0
32,270,8.930590915668924,2.3760933079669195,1.0,0.0,1.0,1.0,0.0,1.0
33,270,0.2836869847109863,10.884350990011589,0.0,0.0,0.0,0.0,0.0,1.0
34,270,5.659407917529561,11.346505693637203,0.0,0.0,0.0,1.0,1.0,1.0
35,270,0.8655352721765305,12.0,0.0,0.0,0.0,0.0,1.0,1.0
36,270,4.43674639044226,5.468970835430435,1.0,0.0,0.0,1.0,0.0,0.0
37,270,11.309549709062038,7.858083626739329,0.0,1.0,1.0,0.0,1.0,0.0
38,270,3.8820493833966014,9.8124098655111,0.0,0.0,0.0,1.0,0.0,1.0
39,270,10.863034994017278,5.887856031344557,1.0,0.0,1.0,1.0,0.0,1.0
0,275,12.0,3.423833947936792,0.0,1.0,0.0,1.0,0.0,1.0
1,275,12.0,6.914903551483,0.0,0.0,0.0,0.0,0.0,0.0
2,275,3.372371562923506,5.330083549373367,1.0,0.0,0.0,0.0,0.0,1.0
3,275,9.063481907245931,12.0,0.0,1.0,1.0,1.0,0.0,1.0
4,275,11.648723799120411,7.534219872291993,0.0,1.0,0.0,1.0,1.0,0.0
5,275,6.215425525675307,4.418830912319934,0.0,1.0,0.0,1.0,1.0,0.0
6,275,0.0,5.232623216482702,1.0,1.0,0.0,0.0,1.0,0.0
7,275,9.177943364991066,9.942459032804187,0.0,0.0,0.0,1.0,1.0,1.0
8,275,1.8862823717648367,12.0,0.0,1.0,0.0,1.0,1.0,0.0
9,275,0.7298326168830815,4.730712631873397,0.0,1.0,0.0,0.0,1.0,1.0
10,275,3.606033677963064,1.309891252099345,1.0,1.0,0.0,1.0,0.0,0.0
11,275,5.951620840712768,6.248238953808947,1.0,0.0,1.0,1.0,1.0,1.0
12,275,12.0,12.0,1.0,1.0,1.0,0.0,1.0,1.0
13,275,12.0,4.609602273879766,1.0,0.0,1.0,0.0,0.0,0.0
14,275,6.599085534343414,5.828878465805534,1.0,0.0,1.0,0.0,1.0,1.0
15,275,3.999647737764362,3.3722373549469,1.0,0.0,1.0,1.0,0.0,0.0
16,275,1.7881151538700668,6.503000406938173,1.0,1.0,0.0,0.0,0.0,1.0
17,275,6.717612032387926,12.0,0.0,0.0,1.0,0.0,1.0,0.0
18,275,5.43372945077907,1.497703017062512,0.0,0.0,1.0,1.0,0.0,0.0
19,275,8.933870496756844,0.0,0.0,1.0,1.0,1.0,1.0,0.0
20,275,3.844752543751928,2.1316603397400384,0.0,0.0,1.0,1.0,0.0,0.0
21,275,2.374005701462067,0.4840192379389895,0.0,1.0,1.0,0.0,1.0,0.0
22,275,0.7765237924902798,9.385620465354055,0.0,1.0,1.0,0.0,1.0,0.0
23,275,5.917794916177972,3.3265623639895407,1.0,0.0,0.0,0.0,0.0,0.0
24,275,7.838841660571092,11.254940995696472,0.0,1.0,0.0,1.0,0.0,0.0
25,275,3.783931597273393,10.849754636457796,0.0,1.0,1.0,0.0,1.0,0.0
26,275,7.879314223652807,0.6056202552845209,0.0,0.0,0.0,0.0,0.0,0.0
27,275,12.0,9.61050313912002,1.0,1.0,0.0,0.0,0.0,1.0
28,275,12.0,5.933964690978347,0.0,0.0,0.0,0.0,0.0,0.0
29,275,8.475431932166462,9.256103542727256,1.0,0.0,0.0,0.0,0.0,1.0
30,275,3.902074201267312,11.936862925733932,1.0,0.0,0.0,0.0,0.0,1.0
31,275,10.242568535546308,9.151971228458422,0.0,0.0,1.0,1.0,1.0,0.0
32,275,8.927748702417063,2.338747035569572,1.0,0.0,1.0,1.0,0.0,1.0
33,275,0.2966699369679944,10.837134323676812,0.0,0.0,0.0,0.0,0.0,1.0
34,275,5.644805152143624,11.357456345136027,0.0,0.0,0.0,1.0,1.0,1.0
35,275,0.8652260475968666,12.0,0.0,0.0,0.0,0.0,1.0,1.0
36,275,4.538022277234733,5.544557836712064,1.0,0.0,0.0,1.0,0.0,0.0
37,275,11.289607019636444,7.91400762374829,0.0,1.0,1.0,0.0,1.0,0.0
38,275,3.893031132291549,9.868728785746178,0.0,0.0,0.0,1.0,0.0,1.0
39,275,10.834402765507413,5.899810586639642,1.0,0.0,1.0,1.0,0.0,1.0
0,280,12.0,3.4787928773442687,0.0,1.0,0.0,1.0,0.0,1.0
1,280,12.0,6.966133982849156,0.0,0.0,0.0,0.0,0.0,0.0
2,280,3.3521735679115765,5.387792899473733,1.0,0.0,0.0,0.0,0.0,1.0
3,280,9.184559715410144,12.0,0.0,1.0,1.0,1.0,0.0,1.0
4,280,11.705777404786284,7.57010576978537,0.0,1.0,0.0,1.0,1.0,0.0
5,280,6.308332102397484,4.464372356583945,0.0,1.0,0.0,1.0,1.0,0.0
6,280,0.0,5.280855344697027,1.0,1.0,0.0,0.0,1.0,0.0
7,280,9.16424911755388,9.91464846655998,0.0,0.0,0.0,1.0,1.0,1.0
8,280,1.8641609709082032,12.0,0.0,1.0,0.0,1.0,1.0,0.0
9,280,0.7259554088295292,4.638499313980727,0.0,1.0,0.0,0.0,1.0,1.0
10,280,3.71746931992675,1.3984255383298412,1.0,1.0,0.0,1.0,0.0,0.0
11,280,5.951436841551552,6.237629914070536,1.0,0.0,1.0,1.0,1.0,1.0
12,280,12.0,12.0,1.0,1.0,1.0,0.0,1.0,1.0
13,280,12.0,4.592038658961152,1.0,0.0,1.0,0.0,0.0,0.0
14,280,6.637923153045823,5.79512820658427,1.0,0.0,1.0,0.0,1.0,1.0
15,280,3.998234595364964,3.4406500602370227,1.0,0.0,1.0,1.0,0.0,0.0
16,280,1.8739216075926568,6.596845213894944,1.0,1.0,0.0,0.0,0.0,1.0
17,280,6.670332503679369,12.0,0.0,0.0,1.0,0.0,1.0,0.0
18,280,5.4435902346012455,1.3791349521049876,0.0,0.0,1.0,1.0,0.0,0.0
19,280,8.871153111755495,0.0,0.0,1.0,1.0,1.0,1.0,0.0
20,280,3.853081241871311,2.1246117661629675,0.0,0.0,1.0,1.0,0.0,0.0
21,280,2.365647464162785,0.4860736155378132,0.0,1.0,1.0,0.0,1.0,0.0
22,280,0.7553795400588293,9.317722366563029,0.0,1.0,1.0,0.0,1.0,0.0
23,280,5.8883495699611705,3.3987753509787217,1.0,0.0,0.0,0.0,0.0,0.0
24,280,7.838581784997366,11.25487309454718,0.0,1.0,0.0,1.0,0.0,0.0
25,280,3.761178228542371,10.992124187622071,0.0,1.0,1.0,0.0,1.0,0.0
26,280,7.908137027116846,0.6806868840132075,0.0,0.0,0.0,0.0,0.0,0.0
27,280,12.0,9.536354085968007,1.0,1.0,0.0,0.0,0.0,1.0
28,280,12.0,6.006103136738283,0.0,0.0,0.0,0.0,0.0,0.0
29,280,8.497072482582421,9.256222878459118,1.0,0.0,0.0,0.0,0.0,1.0
30,280,3.960337318505266,11.944895428429373,1.0,0.0,0.0,0.0,0.0,1.0
31,280,10.238115363033709,9.018784452903096,0.0,0.0,1.0,1.0,1.0,0.0
32,280,8.88619887950002,2.341967603378961,1.0,0.0,1.0,1.0,0.0,1.0
33,280,0.310223050342362,10.789004140204849,0.0,0.0,0.0,0.0,0.0,1.0
34,280,5.637903871841928,11.362625815397069,0.0,0.0,0.0,1.0,1.0,1.0
35,280,0.8652530535906784,12.0,0.0,0.0,0.0,0.0,1.0,1.0
36,280,4.635798383102695,5.619656874122226,1.0,0.0,0.0,1.0,0.0,0.0
37,280,11.267187276703144,7.979231211787422,0.0,1.0,1.0,0.0,1.0,0.0
38,280,3.9034488753459,9.928445467972104,0.0,0.0,0.0,1.0,0.0,1.0
39,280,10.824441466287904,5.904248391062728,1.0,0.0,1.0,1.0,0.0,1.0
0,285,12.0,3.535189270271467,0.0,1.0,0.0,1.0,0.0,1.0
1,285,12.0,7.024023491467347,0.0,0.0,0.0,0.0,0.0,0.0
2,285,3.3361556299036463,5.433374921509185,1.0,0.0,0.0,0.0,0.0,1.0
3,285,9.300695517927611,12.0,0.0,1.0,1.0,1.0,0.0,1.0
4,285,11.756266585211929,7.601323722654413,0.0,1.0,0.0,1.0,1.0,0.0
5,285,6.414441334364944,4.516542512047761,0.0,1.0,0.0,1.0,1.0,0.0
6,285,0.0,5.3311181492252615,1.0,1.0,0.0,0.0,1.0,0.0
7,285,9.148507367342113,9.88337793495642,0.0,0.0,0.0,1.0,1.0,1.0
8,285,1.83589389967118,12.0,0.0,1.0,0.0,1.0,1.0,0.0
9,285,0.7223620321122886,4.562536916012335,0.0,1.0,0.0,0.0,1.0,1.0
10,285,3.843551883269434,1.4956086434824698,1.0,1.0,0.0,1.0,0.0,0.0
11,285,5.951542004386666,6.230332492237187,1.0,0.0,1.0,1.0,1.0,1.0
12,285,12.0,12.0,1.0,1.0,1.0,0.0,1.0,1.0
13,285,12.0,4.568266980151412,1.0,0.0,1.0,0.0,0.0,0.0
14,285,6.682379218848595,5.755198768737167,1.0,0.0,1.0,0.0,1.0,1.0
15,285,3.996699163045565,3.54481195129262,1.0,0.0,1.0,1.0,0.0,0.0
16,285,1.9697097421776892,6.696164322983295,1.0,1.0,0.0,0.0,0.0,1.0
17,285,6.626393762638347,12.0,0.0,0.0,1.0,0.0,1.0,0.0
18,285,5.454364453434396,1.2622438509438083,0.0,0.0,1.0,1.0,0.0,0.0
19,285,8.803091203749833,0.0,0.0,1.0,1.0,1.0,1.0,0.0
20,285,3.851316004729618,2.1260829192502806,0.0,0.0,1.0,1.0,0.0,0.0
21,285,2.3536800717542343,0.4887221805440633,0.0,1.0,1.0,0.0,1.0,0.0
22,285,0.7272059605807445,9.2277353432733,0.0,1.0,1.0,0.0,1.0,0.0
23,285,5.854397722840033,3.483466919608897,1.0,0.0,0.0,0.0,0.0,0.0
24,285,7.839406931048006,11.25507365005642,0.0,1.0,0.0,1.0,0.0,0.0
25,285,3.626371813261175,10.972890218508766,0.0,1.0,1.0,0.0,1.0,0.0
26,285,7.930833929375396,0.7409739940896043,0.0,0.0,0.0,0.0,0.0,0.0
27,285,12.0,9.450620793635554,1.0,1.0,0.0,0.0,0.0,1.0
28,285,12.0,6.082597092032191,0.0,0.0,0.0,0.0,0.0,0.0
29,285,8.514235727174672,9.256467599238215,1.0,0.0,0.0,0.0,0.0,1.0
30,285,4.016140220243639,11.953293242642491,1.0,0.0,0.0,0.0,0.0,1.0
31,285,10.238193320605784,8.877043964152346,0.0,0.0,1.0,1.0,1.0,0.0
32,285,8.866884804145153,2.3437467176241404,1.0,0.0,1.0,1.0,0.0,1.0
33,285,0.3205751256783412,10.75274327415189,0.0,0.0,0.0,0.0,0.0,1.0
34,285,5.618644066682712,11.37621847567242,0.0,0.0,0.0,1.0,1.0,1.0
35,285,0.8663004349313759,12.0,0.0,0.0,0.0,0.0,1.0,1.0
36,285,4.729465654712069,5.690597151339223,1.0,0.0,0.0,1.0,0.0,0.0
37,285,11.24063074239444,8.059015774338452,0.0,1.0,1.0,0.0,1.0,0.0
38,285,3.913569561151719,9.98643725695058,0.0,0.0,0.0,1.0,0.0,1.0
39,285,10.813510367674766,5.909263590615035,1.0,0.0,1.0,1.0,0.0,1.0
0,290,12.0,3.605380374590601,0.0,1.0,0.0,1.0,0.0,1.0
1,290,12.0,7.082713772139261,0.0,0.0,0.0,0.0,0.0,0.0
2,290,3.323289380454499,5.469652326931589,1.0,0.0,0.0,0.0,0.0,1.0
3,290,9.429039776230754,12.0,0.0,1.0,1.0,1.0,0.0,1.0
4,290,11.801039459283922,7.627299860003929,0.0,1.0,0.0,1.0,1.0,0.0
5,290,6.52036217782478,4.565989508025827,0.0,1.0,0.0,1.0,1.0,0.0
6,290,0.0,5.3816259008316445,1.0,1.0,0.0,0.0,1.0,0.0
7,290,9.140738311120003,9.867654305812772,0.0,0.0,0.0,1.0,1.0,1.0
8,290,1.8108397310359512,12.0,0.0,1.0,0.0,1.0,1.0,0.0
9,290,0.7203669757820605,4.476915666374112,0.0,1.0,0.0,0.0,1.0,1.0
10,290,3.9594532192500473,1.5873688012324063,1.0,1.0,0.0,1.0,0.0,0.0
11,290,5.951601358918291,6.220414527842546,1.0,0.0,1.0,1.0,1.0,1.0
12,290,12.0,12.0,1.0,1.0,1.0,0.0,1.0,1.0
13,290,12.0,4.527899844250154,1.0,0.0,1.0,0.0,0.0,0.0
14,290,6.734013874609484,5.709014607711195,1.0,0.0,1.0,0.0,1.0,1.0
15,290,3.994819731379229,3.645453062571933,1.0,0.0,1.0,1.0,0.0,0.0
16,290,2.064789595445622,6.799195326351733,1.0,1.0,0.0,0.0,0.0,1.0
17,290,6.565817623022337,12.0,0.0,0.0,1.0,0.0,1.0,0.0
18,290,5.334125575429817,1.2503013309180666,0.0,0.0,1.0,1.0,0.0,0.0
19,290,8.736325505864844,0.0,0.0,1.0,1.0,1.0,1.0,0.0
20,290,3.850951820121746,2.1263695934713693,0.0,0.0,1.0,1.0,0.0,0.0
21,290,2.33180947138385,0.4939690892420437,0.0,1.0,1.0,0.0,1.0,0.0
22,290,0.698969187779947,9.134323215945743,0.0,1.0,1.0,0.0,1.0,0.0
23,290,5.819253111501022,3.569280468337334,1.0,0.0,0.0,0.0,0.0,0.0
24,290,7.8435235057312145,11.256119390746168,0.0,1.0,0.0,1.0,0.0,0.0
25,290,3.49052273040496,10.953839424832683,0.0,1.0,1.0,0.0,1.0,0.0
26,290,7.962053186005987,0.8239568779332558,0.0,0.0,0.0,0.0,0.0,0.0
27,290,12.0,9.373954661838694,1.0,1.0,0.0,0.0,0.0,1.0
28,290,12.0,6.165539109021913,0.0,0.0,0.0,0.0,0.0,0.0
29,290,8.574274393663535,9.255676852155256,1.0,0.0,0.0,0.0,0.0,1.0
30,290,4.068766948359465,11.96026027260777,1.0,0.0,0.0,0.0,0.0,1.0
31,290,10.23947901053219,8.748766319506654,0.0,0.0,1.0,1.0,1.0,0.0
32,290,8.83914206416337,2.346553892252196,1.0,0.0,1.0,1.0,0.0,1.0
33,290,0.3346841005529355,10.69330076390442,0.0,0.0,0.0,0.0,0.0,1.0
34,290,5.585446687588425,11.400368166687487,0.0,0.0,0.0,1.0,1.0,1.0
35,290,0.8690593139269883,12.0,0.0,0.0,0.0,0.0,1.0,1.0
36,290,4.817742054168297,5.757369450700852,1.0,0.0,0.0,1.0,0.0,0.0
37,290,11.219856538761022,8.122613981253176,0.0,1.0,1.0,0.0,1.0,0.0
38,290,3.925450298562779,10.051440660868424,0.0,0.0,0.0,1.0,0.0,1.0
39,290,10.802750000314084,5.913852318512646,1.0,0.0,1.0,1.0,0.0,1.0
0,295,12.0,3.687029240050857,0.0,1.0,0.0,1.0,0.0,1.0
1,295,12.0,7.148862607691956,0.0,0.0,0.0,0.0,0.0,0.0
2,295,3.309293955353957,5.5062968182857706,1.0,0.0,0.0,0.0,0.0,1.0
3,295,9.569772113700242,12.0,0.0,1.0,1.0,1.0,0.0,1.0
4,295,11.832777355507488,7.645003135115089,0.0,1.0,0.0,1.0,1.0,0.0
5,295,6.646912705486806,4.625383156938781,0.0,1.0,0.0,1.0,1.0,0.0
6,295,0.0,5.4333315912462,1.0,1.0,0.0,0.0,1.0,0.0
7,295,9.130531639396027,9.847445743887354,0.0,0.0,0.0,1.0,1.0,1.0
8,295,1.7837016664738663,12.0,0.0,1.0,0.0,1.0,1.0,0.0
9,295,0.7167939879757644,4.402712490249058,0.0,1.0,0.0,0.0,1.0,1.0
10,295,4.085707073069062,1.6837167357237537,1.0,1.0,0.0,1.0,0.0,0.0
11,295,5.951591303461841,6.220780354634282,1.0,0.0,1.0,1.0,1.0,1.0
12,295,12.0,12.0,1.0,1.0,1.0,0.0,1.0,1.0
13,295,12.0,4.480155774697439,1.0,0.0,1.0,0.0,0.0,0.0
14,295,6.784298049964466,5.664003026270313,1.0,0.0,1.0,0.0,1.0,1.0
15,295,3.9957821656826433,3.7403196535001606,1.0,0.0,1.0,1.0,0.0,0.0
16,295,2.140717841172634,6.876611813889606,1.0,1.0,0.0,0.0,0.0,1.0
17,295,6.5135713150134285,12.0,0.0,0.0,1.0,0.0,1.0,0.0
18,295,5.214667168975385,1.2356449137140264,0.0,0.0,1.0,1.0,0.0,0.0
19,295,8.672294530233318,0.0,0.0,1.0,1.0,1.0,1.0,0.0
20,295,3.859801871126616,2.119374419109089,0.0,0.0,1.0,1.0,0.0,0.0
21,295,2.3027503518946446,0.5003624496284442,0.0,1.0,1.0,0.0,1.0,0.0
22,295,0.6637068325310758,9.032376695875447,0.0,1.0,1.0,0.0,1.0,0.0
23,295,5.779862881588121,3.660752156397794,1.0,0.0,0.0,0.0,0.0,0.0
24,295,7.842894284489607,11.255946666893708,0.0,1.0,0.0,1.0,0.0,0.0
25,295,3.351959589907555,10.932680438529935,0.0,1.0,1.0,0.0,1.0,0.0
26,295,7.977867340528805,0.8644188094065971,0.0,0.0,0.0,0.0,0.0,0.0
27,295,12.0,9.307989166684692,1.0,1.0,0.0,0.0,0.0,1.0
28,295,12.0,6.262007087782447,0.0,0.0,0.0,0.0,0.0,0.0
29,295,8.637338007463743,9.253421772927062,1.0,0.0,0.0,0.0,0.0,1.0
30,295,4.106751857417367,11.96600987820534,1.0,0.0,0.0,0.0,0.0,1.0
31,295,10.242849171199133,8.630758280366498,0.0,0.0,1.0,1.0,1.0,0.0
32,295,8.838156580357381,2.346681019213059,1.0,0.0,1.0,1.0,0.0,1.0
33,295,0.3463126611368585,10.64627130653522,0.0,0.0,0.0,0.0,0.0,1.0
34,295,5.546628912716049,11.426718377975265,0.0,0.0,0.0,1.0,1.0,1.0
35,295,0.8706259396717201,12.0,0.0,0.0,0.0,0.0,1.0,1.0
36,295,4.916591208422912,5.831069993641933,1.0,0.0,0.0,1.0,0.0,0.0
37,295,11.197436483899205,8.183688241790996,0.0,1.0,1.0,0.0,1.0,0.0
38,295,3.9357827429757015,10.115030971368473,0.0,0.0,0.0,1.0,0.0,1.0
39,295,10.79915759481974,5.915315942856493,1.0,0.0,1.0,1.0,0.0,1.0
