0,0,1.9290967818043587,7.009620340209185,0.0,0.0,0.0,1.0,0.0,1.0
1,0,10.996381047489118,4.015471053186095,1.0,0.0,1.0,0.0,0.0,0.0
2,0,7.949602142777103,10.951830227396982,0.0,1.0,0.0,1.0,0.0,0.0
3,0,0.0438648916804861,7.998194289920291,1.0,1.0,0.0,1.0,0.0,1.0
4,0,4.026863438342715,9.944132387268269,0.0,0.0,0.0,0.0,0.0,1.0
5,0,9.015805257396558,2.9503369537117905,1.0,1.0,1.0,0.0,1.0,0.0
6,0,7.072643991245535,6.017564002098418,0.0,0.0,0.0,0.0,0.0,0.0
7,0,4.005882429994999,4.056887885870364,0.0,1.0,0.0,1.0,1.0,0.0
8,0,4.044619662537363,11.03345915089884,0.0,1.0,1.0,1.0,1.0,0.0
9,0,2.9683005138864917,10.056658816416622,0.0,0.0,1.0,1.0,1.0,0.0
10,0,1.944938805532868,1.0013605465512418,1.0,1.0,1.0,0.0,0.0,0.0
11,0,8.06598010234007,9.968778405675764,1.0,0.0,0.0,0.0,0.0,1.0
12,0,9.941769777871432,6.995179878422782,0.0,0.0,0.0,1.0,0.0,0.0
13,0,2.9652570731768573,8.95573852012945,1.0,0.0,1.0,0.0,1.0,0.0
14,0,1.0133402919439607,12.0,1.0,1.0,0.0,1.0,0.0,0.0
15,0,10.038761278392496,8.96979014364903,1.0,1.0,0.0,0.0,0.0,0.0
16,0,1.927869559678144,4.026237664799508,1.0,0.0,0.0,1.0,1.0,1.0
17,0,9.966380542449578,4.970990705877401,0.0,0.0,0.0,0.0,1.0,1.0
18,0,6.983786701587242,11.923149434825737,0.0,0.0,0.0,0.0,1.0,1.0
19,0,0.0,9.957636811641368,0.0,0.0,1.0,0.0,0.0,0.0
20,0,3.975233276707404,1.9621443902334856,1.0,1.0,0.0,1.0,0.0,1.0
21,0,10.05011163962219,1.9948651057554487,0.0,0.0,0.0,1.0,0.0,0.0
22,0,4.056935089779873,0.0419330848438788,0.0,1.0,0.0,0.0,0.0,0.0
23,0,4.033223437788363,1.9806598985354225,0.0,0.0,0.0,0.0,0.0,0.0
24,0,4.968698617776632,7.944463070643616,1.0,0.0,1.0,1.0,1.0,0.0
25,0,3.007216752583987,8.961053707531281,0.0,1.0,0.0,0.0,1.0,1.0
26,0,9.974274658675476,9.9538159261771,1.0,0.0,1.0,1.0,0.0,0.0
27,0,3.985612370568855,7.0340591327761,0.0,1.0,0.0,1.0,1.0,0.0
28,0,4.941750597266879,5.995648268164993,1.0,0.0,1.0,1.0,0.0,0.0
29,0,1.0161642064006589,2.05369206445982,0.0,0.0,0.0,0.0,0.0,1.0
30,0,5.0216645432609575,9.05147618461763,0.0,1.0,1.0,0.0,0.0,1.0
31,0,3.042513441292485,2.0308118761250817,0.0,1.0,1.0,0.0,1.0,0.0
32,0,3.994608427273075,9.025585461583878,0.0,0.0,1.0,0.0,1.0,0.0
33,0,12.0,4.960165874086522,0.0,0.0,0.0,0.0,0.0,1.0
34,0,5.963715415419552,6.970814860391362,1.0,1.0,0.0,0.0,1.0,0.0
35,0,6.027763286267354,9.960236052734688,1.0,1.0,1.0,1.0,1.0,0.0
36,0,6.080487103229952,0.9954189416616068,0.0,1.0,0.0,1.0,1.0,0.0
37,0,2.01545182371408,4.962147408889203,0.0,0.0,1.0,0.0,1.0,0.0
38,0,1.979005398104292,8.979785311184374,0.0,0.0,1.0,0.0,0.0,0.0
39,0,1.0118660864632738,1.9592073834243289,1.0,0.0,1.0,1.0,1.0,0.0
0,5,1.8568557729718975,7.018577857766988,0.0,0.0,0.0,1.0,0.0,1.0
1,5,10.990135568046083,4.043118103228646,1.0,0.0,1.0,0.0,0.0,0.0
2,5,7.89383197451177,10.894108517774727,0.0,1.0,0.0,1.0,0.0,0.0
3,5,0.0403533753567875,7.939608761499086,1.0,1.0,0.0,1.0,0.0,1.0
4,5,4.05339501029396,9.892892405974637,0.0,0.0,0.0,0.0,0.0,1.0
5,5,9.025120495963511,2.920400744571504,1.0,1.0,1.0,0.0,1.0,0.0
6,5,7.147575008890871,6.03701486857227,0.0,0.0,0.0,0.0,0.0,0.0
7,5,4.014453454209607,4.121661886086503,0.0,1.0,0.0,1.0,1.0,0.0
8,5,4.106731800082542,11.077766404513138,0.0,1.0,1.0,1.0,1.0,0.0
9,5,2.934649830185143,10.1169338815875,0.0,0.0,1.0,1.0,1.0,0.0
10,5,1.879614716395396,1.0044197219153457,1.0,1.0,1.0,0.0,0.0,0.0
11,5,8.122858773233997,9.94332419721257,1.0,0.0,0.0,0.0,0.0,1.0
12,5,9.907873113498813,6.991558181335478,0.0,0.0,0.0,1.0,0.0,0.0
13,5,2.9304767766026147,8.909662600279521,1.0,0.0,1.0,0.0,1.0,0.0
14,5,1.024355767233631,12.0,1.0,1.0,0.0,1.0,0.0,0.0
15,5,10.050716144367303,8.9611200831187,1.0,1.0,0.0,0.0,0.0,0.0
16,5,1.86367233694702,4.051050735945075,1.0,0.0,0.0,1.0,1.0,1.0
17,5,9.905182885614424,4.917721009043039,0.0,0.0,0.0,0.0,1.0,1.0
18,5,6.966607683757106,11.84285263930378,0.0,0.0,0.0,0.0,1.0,1.0
19,5,0.0,9.923636847028115,0.0,0.0,1.0,0.0,0.0,0.0
20,5,3.948499460653014,1.9205011389836169,1.0,1.0,0.0,1.0,0.0,1.0
21,5,10.094769915853592,1.989245788674412,0.0,0.0,0.0,1.0,0.0,0.0
22,5,4.11580573461328,0.0877796448683428,0.0,1.0,0.0,0.0,0.0,0.0
23,5,4.077563943279235,1.9527287337991508,0.0,0.0,0.0,0.0,0.0,0.0
24,5,4.945496768322083,7.902900910394872,1.0,0.0,1.0,1.0,1.0,0.0
25,5,3.0114594339233203,8.93859853119577,0.0,1.0,0.0,0.0,1.0,1.0
26,5,9.957866110963094,9.924525575437151,1.0,0.0,1.0,1.0,0.0,0.0
27,5,3.9750392118382414,7.056334277206267,0.0,1.0,0.0,1.0,1.0,0.0
28,5,4.908353421816252,5.993423463750345,1.0,0.0,1.0,1.0,0.0,0.0
29,5,1.0265756810103113,2.0864032981591043,0.0,0.0,0.0,0.0,0.0,1.0
30,5,5.046574142240427,9.111509607390223,0.0,1.0,1.0,0.0,0.0,1.0
31,5,3.075362117684433,2.0546851152541232,0.0,1.0,1.0,0.0,1.0,0.0
32,5,3.994841881885195,9.024529119970332,0.0,0.0,1.0,0.0,1.0,0.0
33,5,12.0,4.905809427157614,0.0,0.0,0.0,0.0,0.0,1.0
34,5,5.948189500097089,6.958373445094772,1.0,1.0,0.0,0.0,1.0,0.0
35,5,6.045821642487154,9.93278873550142,1.0,1.0,1.0,1.0,1.0,0.0
36,5,6.161524853956114,0.9901104622156836,0.0,1.0,0.0,1.0,1.0,0.0
37,5,2.0210135676899785,4.949281530354639,0.0,0.0,1.0,0.0,1.0,0.0
38,5,1.9619802217103344,8.962772000701564,0.0,0.0,1.0,0.0,0.0,0.0
39,5,1.0182431338057467,1.9377099142062888,1.0,0.0,1.0,1.0,1.0,0.0
0,10,1.7731812391463038,7.029637167091027,0.0,0.0,0.0,1.0,0.0,1.0
1,10,10.97964600580945,4.082947456719237,1.0,0.0,1.0,0.0,0.0,0.0
2,10,7.829516847316139,10.8295016818207,0.0,1.0,0.0,1.0,0.0,0.0
3,10,0.0387359058226884,7.883322261772109,1.0,1.0,0.0,1.0,0.0,1.0
4,10,4.07665658382957,9.84683510938265,0.0,0.0,0.0,0.0,0.0,1.0
5,10,9.044635880365457,2.858353479264777,1.0,1.0,1.0,0.0,1.0,0.0
6,10,7.223314242248041,6.0556660876127895,0.0,0.0,0.0,0.0,0.0,0.0
7,10,4.020353906637695,4.167641010200489,0.0,1.0,0.0,1.0,1.0,0.0
8,10,4.165256358851502,11.122508333254162,0.0,1.0,1.0,1.0,1.0,0.0
9,10,2.904378576863508,10.17237337785186,0.0,0.0,1.0,1.0,1.0,0.0
10,10,1.809998377940561,1.007739206445237,1.0,1.0,1.0,0.0,0.0,0.0
11,10,8.191305580456827,9.91110320217292,1.0,0.0,0.0,0.0,0.0,1.0
12,10,9.907046519439769,6.991485082901483,0.0,0.0,0.0,1.0,0.0,0.0
13,10,2.8883276146600028,8.855918044144097,1.0,0.0,1.0,0.0,1.0,0.0
14,10,1.0319634942516371,12.0,1.0,1.0,0.0,1.0,0.0,0.0
15,10,10.059393102003138,8.955042766934923,1.0,1.0,0.0,0.0,0.0,0.0
16,10,1.8216925621674664,4.067034572054475,1.0,0.0,0.0,1.0,1.0,1.0
17,10,9.835409581027202,4.857234579140414,0.0,0.0,0.0,0.0,1.0,1.0
18,10,6.9518243636017845,11.773311073916943,0.0,0.0,0.0,0.0,1.0,1.0
19,10,0.0,9.878058063894205,0.0,0.0,1.0,0.0,0.0,0.0
20,10,3.932775994841447,1.893375420914784,1.0,1.0,0.0,1.0,0.0,1.0
21,10,10.12197590189704,1.9854736674319644,0.0,0.0,0.0,1.0,0.0,0.0
22,10,4.170621000343456,0.1301981743890406,0.0,1.0,0.0,0.0,0.0,0.0
23,10,4.13381434268023,1.9182208866700652,0.0,0.0,0.0,0.0,0.0,0.0
24,10,4.915431034047508,7.848325981876274,1.0,0.0,1.0,1.0,1.0,0.0
25,10,3.0154723982832743,8.918531611281848,0.0,1.0,0.0,0.0,1.0,1.0
26,10,9.940926406222344,9.893390990524384,1.0,0.0,1.0,1.0,0.0,0.0
27,10,3.970018225522701,7.067129427161902,0.0,1.0,0.0,1.0,1.0,0.0
28,10,4.88398443608373,5.992087164155662,1.0,0.0,1.0,1.0,0.0,0.0
29,10,1.0357590632500469,2.114070577564676,0.0,0.0,0.0,0.0,0.0,1.0
30,10,5.073936413773131,9.176628231829683,0.0,1.0,1.0,0.0,0.0,1.0
31,10,3.099076072815404,2.0719040541637868,0.0,1.0,1.0,0.0,1.0,0.0
32,10,3.9946035034297473,9.025551332625083,0.0,0.0,1.0,0.0,1.0,0.0
33,10,12.0,4.859355648434715,0.0,0.0,0.0,0.0,0.0,1.0
34,10,5.9406904738547714,6.95236617772857,1.0,1.0,0.0,0.0,1.0,0.0
35,10,6.0641982492106905,9.906437533038966,1.0,1.0,1.0,1.0,1.0,0.0
36,10,6.240158341330959,0.9841503680409196,0.0,1.0,0.0,1.0,1.0,0.0
37,10,2.0177952840374744,4.95644682552329,0.0,0.0,1.0,0.0,1.0,0.0
38,10,1.9493396021698668,8.950732304646579,0.0,0.0,1.0,0.0,0.0,0.0
39,10,1.0285399703812623,1.903846554452445,1.0,0.0,1.0,1.0,1.0,0.0
0,15,1.6710976902280956,7.042431260242678,0.0,0.0,0.0,1.0,0.0,1.0
1,15,10.969350091743028,4.119503337432214,1.0,0.0,1.0,0.0,0.0,0.0
2,15,7.776680945525983,10.775461213578389,0.0,1.0,0.0,1.0,0.0,0.0
3,15,0.0372342139137506,7.817509490134547,1.0,1.0,0.0,1.0,0.0,1.0
4,15,4.0938298749208055,9.811685151309277,0.0,0.0,0.0,0.0,0.0,1.0
5,15,9.06727363173264,2.7900162507331268,1.0,1.0,1.0,0.0,1.0,0.0
6,15,7.29445754728544,6.075721615709946,0.0,0.0,0.0,0.0,0.0,0.0
7,15,4.024714468190873,4.200638553917796,0.0,1.0,0.0,1.0,1.0,0.0
8,15,4.19540574737279,11.1443504740232,0.0,1.0,1.0,1.0,1.0,0.0
9,15,2.8701566233342786,10.234638401424746,0.0,0.0,1.0,1.0,1.0,0.0
10,15,1.709901138174732,1.0118206228562172,1.0,1.0,1.0,0.0,0.0,0.0
11,15,8.25249497295413,9.884676445300991,1.0,0.0,0.0,0.0,0.0,1.0
12,15,9.906891455284876,6.991474392524937,0.0,0.0,0.0,1.0,0.0,0.0
13,15,2.855629571593893,8.814078172457702,1.0,0.0,1.0,0.0,1.0,0.0
14,15,1.0465917485665566,12.0,1.0,1.0,0.0,1.0,0.0,0.0
15,15,10.06124232498082,8.953723502451687,1.0,1.0,0.0,0.0,0.0,0.0
16,15,1.7433376669264722,4.099489111378443,1.0,0.0,0.0,1.0,1.0,1.0
17,15,9.754626258260044,4.786814600863175,0.0,0.0,0.0,0.0,1.0,1.0
18,15,6.934848432647308,11.6881415276732,0.0,0.0,0.0,0.0,1.0,1.0
19,15,0.0,9.833341146276991,0.0,0.0,1.0,0.0,0.0,0.0
20,15,3.922045043444165,1.8751487763859696,1.0,1.0,0.0,1.0,0.0,1.0
21,15,10.166976178620477,1.979354664150328,0.0,0.0,0.0,1.0,0.0,0.0
22,15,4.202241174173633,0.1548512064840025,0.0,1.0,0.0,0.0,0.0,0.0
23,15,4.195703496735433,1.8817464829036168,0.0,0.0,0.0,0.0,0.0,0.0
24,15,4.880318648273798,7.788905273548976,1.0,0.0,1.0,1.0,1.0,0.0
25,15,3.0213774103462696,8.891944801209915,0.0,1.0,0.0,0.0,1.0,1.0
26,15,9.926411322714513,9.86752016672722,1.0,0.0,1.0,1.0,0.0,0.0
27,15,3.9707644292927182,7.065650077168611,0.0,1.0,0.0,1.0,1.0,0.0
28,15,4.857304974406679,5.9911051649575215,1.0,0.0,1.0,1.0,0.0,0.0
29,15,1.0435638960831266,2.1367064173767023,0.0,0.0,0.0,0.0,0.0,1.0
30,15,5.102856703184137,9.24919119128682,0.0,1.0,1.0,0.0,0.0,1.0
31,15,3.138798286627257,2.101606914540579,0.0,1.0,1.0,0.0,1.0,0.0
32,15,3.9889298156542488,9.049291984628422,0.0,0.0,1.0,0.0,1.0,0.0
33,15,12.0,4.80252648580783,0.0,0.0,0.0,0.0,0.0,1.0
34,15,5.937664188284169,6.949992272032304,1.0,1.0,0.0,0.0,1.0,0.0
35,15,6.076904662516438,9.888744358610738,1.0,1.0,1.0,1.0,1.0,0.0
36,15,6.3252798695922925,0.9760987555547898,0.0,1.0,0.0,1.0,1.0,0.0
37,15,2.0067725319095104,4.98043453143476,0.0,0.0,1.0,0.0,1.0,0.0
38,15,1.930345935654803,8.932781058546906,0.0,0.0,1.0,0.0,0.0,0.0
39,15,1.0482688642268,1.8393562763837168,1.0,0.0,1.0,1.0,1.0,0.0
0,20,1.5963292439455703,7.050792357384176,0.0,0.0,0.0,1.0,0.0,1.0
1,20,10.957892558013526,4.162034957685839,1.0,0.0,1.0,0.0,0.0,0.0
2,20,7.71909614684122,10.715264169025565,0.0,1.0,0.0,1.0,0.0,0.0
3,20,0.0346386575575327,7.74510022957609,1.0,1.0,0.0,1.0,0.0,1.0
4,20,4.111403377261907,9.776505319199336,0.0,0.0,0.0,0.0,0.0,1.0
5,20,9.08820504607834,2.728042180333361,1.0,1.0,1.0,0.0,1.0,0.0
6,20,7.371403040716281,6.095873798218947,0.0,0.0,0.0,0.0,0.0,0.0
7,20,4.026957046655091,4.219546337734862,0.0,1.0,0.0,1.0,1.0,0.0
8,20,4.21721380229379,11.160812986039804,0.0,1.0,1.0,1.0,1.0,0.0
9,20,2.834235297921389,10.29670202358763,0.0,0.0,1.0,1.0,1.0,0.0
10,20,1.602100533899649,1.015942294527256,1.0,1.0,1.0,0.0,0.0,0.0
11,20,8.317728536108765,9.854102407579369,1.0,0.0,0.0,0.0,0.0,1.0
12,20,9.919339912014015,6.992428256560557,0.0,0.0,0.0,1.0,0.0,0.0
13,20,2.8132323944528737,8.758332846096527,1.0,0.0,1.0,0.0,1.0,0.0
14,20,1.0684402534419677,12.0,1.0,1.0,0.0,1.0,0.0,0.0
15,20,10.071040195950497,8.946803922020974,1.0,1.0,0.0,0.0,0.0,0.0
16,20,1.6835219943590969,4.12309398459313,1.0,0.0,0.0,1.0,1.0,1.0
17,20,9.673696366397078,4.714642771465427,0.0,0.0,0.0,0.0,1.0,1.0
18,20,7.015962871736615,11.671826403177311,0.0,0.0,0.0,0.0,1.0,1.0
19,20,0.0,9.796237725396631,0.0,0.0,1.0,0.0,0.0,0.0
20,20,3.911467636425473,1.8563069322620007,1.0,1.0,0.0,1.0,0.0,1.0
21,20,10.174738132781409,1.9783191658505692,0.0,0.0,0.0,1.0,0.0,0.0
22,20,4.230050087025432,0.1773879472485948,0.0,1.0,0.0,0.0,0.0,0.0
23,20,4.240077468158037,1.8540617760431355,0.0,0.0,0.0,0.0,0.0,0.0
24,20,4.850017255641012,7.736753685005185,1.0,0.0,1.0,1.0,1.0,0.0
25,20,3.0286697721853835,8.860636620011357,0.0,1.0,0.0,0.0,1.0,1.0
26,20,9.9123643153638,9.842953682481433,1.0,0.0,1.0,1.0,0.0,0.0
27,20,3.969195668210216,7.068936010973441,0.0,1.0,0.0,1.0,1.0,0.0
28,20,4.828580997859155,5.989438791340376,1.0,0.0,1.0,1.0,0.0,0.0
29,20,1.0548593712863703,2.1680278171417497,0.0,0.0,0.0,0.0,0.0,1.0
30,20,5.124089149661225,9.303807171245982,0.0,1.0,1.0,0.0,0.0,1.0
31,20,3.1619103583222308,2.1180962583020877,0.0,1.0,1.0,0.0,1.0,0.0
32,20,3.978969245832888,9.086806974309422,0.0,0.0,1.0,0.0,1.0,0.0
33,20,12.0,4.73744613977986,0.0,0.0,0.0,0.0,0.0,1.0
34,20,5.939433993919157,6.947634110472942,1.0,1.0,0.0,0.0,1.0,0.0
35,20,6.094105631303842,9.865713097814796,1.0,1.0,1.0,1.0,1.0,0.0
36,20,6.396789073471183,0.966239907548386,0.0,1.0,0.0,1.0,1.0,0.0
37,20,1.987531889481266,5.024476424749829,0.0,0.0,1.0,0.0,1.0,0.0
38,20,1.9127044917121536,8.91632702065472,0.0,0.0,1.0,0.0,0.0,0.0
39,20,1.062618820461264,1.7890973117916935,1.0,0.0,1.0,1.0,1.0,0.0
0,25,1.5042004363839252,7.058763317955864,0.0,0.0,0.0,1.0,0.0,1.0
1,25,10.945907555484256,4.202773076018539,1.0,0.0,1.0,0.0,0.0,0.0
2,25,7.636465372576119,10.626936623045196,0.0,1.0,0.0,1.0,0.0,0.0
3,25,0.0323210055217183,7.687638765139861,1.0,1.0,0.0,1.0,0.0,1.0
4,25,4.127634906691692,9.743619013347192,0.0,0.0,0.0,0.0,0.0,1.0
5,25,9.107963112944343,2.664815678601169,1.0,1.0,1.0,0.0,1.0,0.0
6,25,7.469592702161721,6.122578919967974,0.0,0.0,0.0,0.0,0.0,0.0
7,25,4.027506058221832,4.226099284852514,0.0,1.0,0.0,1.0,1.0,0.0
8,25,4.232398827393722,11.172617484935834,0.0,1.0,1.0,1.0,1.0,0.0
9,25,2.809847544474479,10.335989426334754,0.0,0.0,1.0,1.0,1.0,0.0
10,25,1.474154047466817,1.0216908935929565,1.0,1.0,1.0,0.0,0.0,0.0
11,25,8.279171388071015,9.774250990141706,1.0,0.0,0.0,0.0,0.0,1.0
12,25,9.93653488279118,6.993467785309039,0.0,0.0,0.0,1.0,0.0,0.0
13,25,2.761185108994842,8.68984361240525,1.0,0.0,1.0,0.0,1.0,0.0
14,25,1.0911743197568944,12.0,1.0,1.0,0.0,1.0,0.0,0.0
15,25,10.068393750950111,8.948695230840608,1.0,1.0,0.0,0.0,0.0,0.0
16,25,1.6156374091931411,4.146070564128987,1.0,0.0,0.0,1.0,1.0,1.0
17,25,9.61271408555868,4.658027335387073,0.0,0.0,0.0,0.0,1.0,1.0
18,25,7.0981259503531495,11.65690132960865,0.0,0.0,0.0,0.0,1.0,1.0
19,25,0.0,9.771532790011843,0.0,0.0,1.0,0.0,0.0,0.0
20,25,3.902019735990352,1.8385148731550944,1.0,1.0,0.0,1.0,0.0,1.0
21,25,10.210328373202522,1.9723427178385409,0.0,0.0,0.0,1.0,0.0,0.0
22,25,4.259614654985523,0.2006385026781576,0.0,1.0,0.0,0.0,0.0,0.0
23,25,4.286088638859136,1.8245907243458208,0.0,0.0,0.0,0.0,0.0,0.0
24,25,4.815757123989862,7.676959130832329,1.0,0.0,1.0,1.0,1.0,0.0
25,25,3.0340653002561546,8.83786447211871,0.0,1.0,0.0,0.0,1.0,1.0
26,25,9.897255887945343,9.81605275890201,1.0,0.0,1.0,1.0,0.0,0.0
27,25,3.9642108883862,7.079585728948874,0.0,1.0,0.0,1.0,1.0,0.0
28,25,4.805575129927899,5.987984108800669,1.0,0.0,1.0,1.0,0.0,0.0
29,25,1.0641508265867867,2.1936518823122384,0.0,0.0,0.0,0.0,0.0,1.0
30,25,5.140861250823704,9.345701819975876,0.0,1.0,1.0,0.0,0.0,1.0
31,25,3.191314499052289,2.139492828387553,0.0,1.0,1.0,0.0,1.0,0.0
32,25,3.970790009299213,9.11535150744922,0.0,0.0,1.0,0.0,1.0,0.0
33,25,12.0,4.669425436453306,0.0,0.0,0.0,0.0,0.0,1.0
34,25,5.933464917094311,6.955654984046926,1.0,1.0,0.0,0.0,1.0,0.0
35,25,6.116993551723148,9.834592517967216,1.0,1.0,1.0,1.0,1.0,0.0
36,25,6.487803794700953,0.9544147217865104,0.0,1.0,0.0,1.0,1.0,0.0
37,25,1.9691906220028903,5.066955489741388,0.0,0.0,1.0,0.0,1.0,0.0
38,25,1.914470345479796,8.917970693749645,0.0,0.0,1.0,0.0,0.0,0.0
39,25,1.0821487088995896,1.7254081317261722,1.0,0.0,1.0,1.0,1.0,0.0
0,30,1.3727792024255,7.070969305858282,0.0,0.0,0.0,1.0,0.0,1.0
1,30,10.938099626686542,4.228658724959414,1.0,0.0,1.0,0.0,0.0,0.0
2,30,7.555186195404289,10.542678192478997,0.0,1.0,0.0,1.0,0.0,0.0
3,30,0.0306971320244114,7.6407798062373375,1.0,1.0,0.0,1.0,0.0,1.0
4,30,4.145623809377488,9.709377363126652,0.0,0.0,0.0,0.0,0.0,1.0
5,30,9.12567917506595,2.604400769645267,1.0,1.0,1.0,0.0,1.0,0.0
6,30,7.562387816581994,6.146423660845232,0.0,0.0,0.0,0.0,0.0,0.0
7,30,4.0264841503471,4.215454541365536,0.0,1.0,0.0,1.0,1.0,0.0
8,30,4.2455867267432295,11.182713616973023,0.0,1.0,1.0,1.0,1.0,0.0
9,30,2.783627369077082,10.377333785195376,0.0,0.0,1.0,1.0,1.0,0.0
10,30,1.339786831624768,1.0290140735240778,1.0,1.0,1.0,0.0,0.0,0.0
11,30,8.23367489007655,9.678333090642893,1.0,0.0,0.0,0.0,0.0,1.0
12,30,9.94269633579674,6.993664311325313,0.0,0.0,0.0,1.0,0.0,0.0
13,30,2.7023843915330272,8.614142823531692,1.0,0.0,1.0,0.0,1.0,0.0
14,30,1.1102797474572583,12.0,1.0,1.0,0.0,1.0,0.0,0.0
15,30,10.056232186150996,8.957642179271009,1.0,1.0,0.0,0.0,0.0,0.0
16,30,1.5665574806554594,4.1637995948469975,1.0,0.0,0.0,1.0,1.0,1.0
17,30,9.677177821432856,4.5910808328807,0.0,0.0,0.0,0.0,1.0,1.0
18,30,7.114687363024816,11.740161760620545,0.0,0.0,0.0,0.0,1.0,1.0
19,30,0.0,9.722109150858982,0.0,0.0,1.0,0.0,0.0,0.0
20,30,3.8940367318343703,1.823355526065564,1.0,1.0,0.0,1.0,0.0,1.0
21,30,10.2338417299527,1.968095838836159,0.0,0.0,0.0,1.0,0.0,0.0
22,30,4.2842448457810285,0.2207196372128172,0.0,1.0,0.0,0.0,0.0,0.0
23,30,4.32507942279354,1.8023575165257024,0.0,0.0,0.0,0.0,0.0,0.0
24,30,4.780946862878665,7.616974469280492,1.0,0.0,1.0,1.0,1.0,0.0
25,30,3.03820772859898,8.819596157712791,0.0,1.0,0.0,0.0,1.0,1.0
26,30,9.890042904574807,9.803190943244806,1.0,0.0,1.0,1.0,0.0,0.0
27,30,3.9611620106958334,7.085810538750547,0.0,1.0,0.0,1.0,1.0,0.0
28,30,4.768804918629037,5.98672202477038,1.0,0.0,1.0,1.0,0.0,0.0
29,30,1.0783002097628254,2.23191561496737,0.0,0.0,0.0,0.0,0.0,1.0
30,30,5.165929619925453,9.405228417829088,0.0,1.0,1.0,0.0,0.0,1.0
31,30,3.215668477141877,2.1591800150795226,0.0,1.0,1.0,0.0,1.0,0.0
32,30,3.9629034779191006,9.143159833028152,0.0,0.0,1.0,0.0,1.0,0.0
33,30,12.0,4.594194344328933,0.0,0.0,0.0,0.0,0.0,1.0
34,30,5.936232709951322,6.951755419605956,1.0,1.0,0.0,0.0,1.0,0.0
35,30,6.135711250299051,9.810797978879474,1.0,1.0,1.0,1.0,1.0,0.0
36,30,6.583292770698948,0.9405982924691676,0.0,1.0,0.0,1.0,1.0,0.0
37,30,1.9470066184535648,5.119806794046401,0.0,0.0,1.0,0.0,1.0,0.0
38,30,1.9125448615893408,8.91620992594917,0.0,0.0,1.0,0.0,0.0,0.0
39,30,1.1027256031283597,1.6560903283938333,1.0,0.0,1.0,1.0,1.0,0.0
0,35,1.2197635877512687,7.082905726314827,0.0,0.0,0.0,1.0,0.0,1.0
1,35,10.928702691040767,4.259087193449569,1.0,0.0,1.0,0.0,0.0,0.0
2,35,7.469233199777174,10.452492037274403,0.0,1.0,0.0,1.0,0.0,0.0
3,35,0.0292818575170862,7.575649256264163,1.0,1.0,0.0,1.0,0.0,1.0
4,35,4.164623580907795,9.674976004514082,0.0,0.0,0.0,0.0,0.0,1.0
5,35,9.147401547598674,2.533915369044631,1.0,1.0,1.0,0.0,1.0,0.0
6,35,7.664506077164016,6.174247163437351,0.0,0.0,0.0,0.0,0.0,0.0
7,35,4.026451604047082,4.215162346336825,0.0,1.0,0.0,1.0,1.0,0.0
8,35,4.2530640643349615,11.188543382811446,0.0,1.0,1.0,1.0,1.0,0.0
9,35,2.760201265350619,10.411566985083262,0.0,0.0,1.0,1.0,1.0,0.0
10,35,1.2012074565015085,1.032627694020667,1.0,1.0,1.0,0.0,0.0,0.0
11,35,8.192661021816466,9.594532498523217,1.0,0.0,0.0,0.0,0.0,1.0
12,35,9.930205916979942,6.992758502490995,0.0,0.0,0.0,1.0,0.0,0.0
13,35,2.6520845446879626,8.55172596358273,1.0,0.0,1.0,0.0,1.0,0.0
14,35,1.1295754319531173,12.0,1.0,1.0,0.0,1.0,0.0,0.0
15,35,10.045724116203353,8.96538679083237,1.0,1.0,0.0,0.0,0.0,0.0
16,35,1.5108723032127436,4.184468718707479,1.0,0.0,0.0,1.0,1.0,1.0
17,35,9.612149407588204,4.529635085001129,0.0,0.0,0.0,0.0,1.0,1.0
18,35,7.134376967289713,11.839274617450986,0.0,0.0,0.0,0.0,1.0,1.0
19,35,0.0,9.679076606397702,0.0,0.0,1.0,0.0,0.0,0.0
20,35,3.8808270136315226,1.798001651328487,1.0,1.0,0.0,1.0,0.0,1.0
21,35,10.25924517790621,1.9627061393301253,0.0,0.0,0.0,1.0,0.0,0.0
22,35,4.317308308254358,0.2471206672081306,0.0,1.0,0.0,0.0,0.0,0.0
23,35,4.368940998667401,1.7784587484790515,0.0,0.0,0.0,0.0,0.0,0.0
24,35,4.745656842119137,7.554465660802446,1.0,0.0,1.0,1.0,1.0,0.0
25,35,3.0461011196648218,8.787667026975706,0.0,1.0,0.0,0.0,1.0,1.0
26,35,9.886313117333833,9.7965990983506,1.0,0.0,1.0,1.0,0.0,0.0
27,35,3.9546600279767294,7.099309488736543,0.0,1.0,0.0,1.0,1.0,0.0
28,35,4.729828843043633,5.985580794194152,1.0,0.0,1.0,1.0,0.0,0.0
29,35,1.0862741218164065,2.254661997466544,0.0,0.0,0.0,0.0,0.0,1.0
30,35,5.1977620834796285,9.477650505294031,0.0,1.0,1.0,0.0,0.0,1.0
31,35,3.2439268820287874,2.182753484767668,0.0,1.0,1.0,0.0,1.0,0.0
32,35,3.953465678606828,9.177642556625182,0.0,0.0,1.0,0.0,1.0,0.0
33,35,12.0,4.514480677328848,0.0,0.0,0.0,0.0,0.0,1.0
34,35,5.939598760398736,6.946993224369687,1.0,1.0,0.0,0.0,1.0,0.0
35,35,6.150491946269595,9.792504000828194,1.0,1.0,1.0,1.0,1.0,0.0
36,35,6.670670256519823,0.9291601106368182,0.0,1.0,0.0,1.0,1.0,0.0
37,35,1.9172140434571845,5.194735709844783,0.0,0.0,1.0,0.0,1.0,0.0
38,35,1.9204862097986248,8.923581377876035,0.0,0.0,1.0,0.0,0.0,0.0
39,35,1.1236626308630873,1.5922834090233584,1.0,0.0,1.0,1.0,1.0,0.0
0,40,1.0578055556689143,7.096201934359674,0.0,0.0,0.0,1.0,0.0,1.0
1,40,10.92062496077436,4.284040517475903,1.0,0.0,1.0,0.0,0.0,0.0
2,40,7.386998483306278,10.363124308640844,0.0,1.0,0.0,1.0,0.0,0.0
3,40,0.0295854617792538,7.505167657205782,1.0,1.0,0.0,1.0,0.0,1.0
4,40,4.189293199834216,9.631809432320804,0.0,0.0,0.0,0.0,0.0,1.0
5,40,9.169842065544072,2.4613808744009744,1.0,1.0,1.0,0.0,1.0,0.0
6,40,7.758840200938895,6.202272877672153,0.0,0.0,0.0,0.0,0.0,0.0
7,40,4.024246525948996,4.195465790402341,0.0,1.0,0.0,1.0,1.0,0.0
8,40,4.25733196043165,11.19177037513367,0.0,1.0,1.0,1.0,1.0,0.0
9,40,2.75032158658257,10.425701676081452,0.0,0.0,1.0,1.0,1.0,0.0
10,40,1.0632894448552836,1.036544336544385,1.0,1.0,1.0,0.0,0.0,0.0
11,40,8.140305946896525,9.482491861390988,1.0,0.0,0.0,0.0,0.0,1.0
12,40,9.918941769281483,6.991984363784447,0.0,0.0,0.0,1.0,0.0,0.0
13,40,2.600850655416705,8.487270693533615,1.0,0.0,1.0,0.0,1.0,0.0
14,40,1.14173289903419,12.0,1.0,1.0,0.0,1.0,0.0,0.0
15,40,10.031581259299216,8.975287179302962,1.0,1.0,0.0,0.0,0.0,0.0
16,40,1.442435446141102,4.207730270711938,1.0,0.0,0.0,1.0,1.0,1.0
17,40,9.5450504518237,4.464928929566266,0.0,0.0,0.0,0.0,1.0,1.0
18,40,7.156094027892161,11.937645203092432,0.0,0.0,0.0,0.0,1.0,1.0
19,40,0.0,9.645797766869862,0.0,0.0,1.0,0.0,0.0,0.0
20,40,3.866941062170918,1.7717486193629397,1.0,1.0,0.0,1.0,0.0,1.0
21,40,10.250174923451183,1.917619503164269,0.0,0.0,0.0,1.0,0.0,0.0
22,40,4.360690069997456,0.2831132078862898,0.0,1.0,0.0,0.0,0.0,0.0
23,40,4.42117070853584,1.7506855425645194,0.0,0.0,0.0,0.0,0.0,0.0
24,40,4.708782048555828,7.486621407628226,1.0,0.0,1.0,1.0,1.0,0.0
25,40,3.052046258333844,8.765071028315985,0.0,1.0,0.0,0.0,1.0,1.0
26,40,9.88044084981858,9.786192915503603,1.0,0.0,1.0,1.0,0.0,0.0
27,40,3.9472052978513887,7.1141897846884055,0.0,1.0,0.0,1.0,1.0,0.0
28,40,4.665953103431743,5.983936992873892,1.0,0.0,1.0,1.0,0.0,0.0
29,40,1.100840863729076,2.298569356927796,0.0,0.0,0.0,0.0,0.0,1.0
30,40,5.233287306767997,9.5583777023903,0.0,1.0,1.0,0.0,0.0,1.0
31,40,3.2604537653301278,2.19651500506394,0.0,1.0,1.0,0.0,1.0,0.0
32,40,3.942321318473237,9.213610630843746,0.0,0.0,1.0,0.0,1.0,0.0
33,40,12.0,4.437056323515563,0.0,0.0,0.0,0.0,0.0,1.0
34,40,5.936444288358435,6.951569495923294,1.0,1.0,0.0,0.0,1.0,0.0
35,40,6.153891456422088,9.788312035837048,1.0,1.0,1.0,1.0,1.0,0.0
36,40,6.772750367428064,0.9172319982288714,0.0,1.0,0.0,1.0,1.0,0.0
37,40,1.8891265704850932,5.26859797459694,0.0,0.0,1.0,0.0,1.0,0.0
38,40,1.9425658509958077,8.944003348878356,0.0,0.0,1.0,0.0,0.0,0.0
39,40,1.1406790280549504,1.5403536931774957,1.0,0.0,1.0,1.0,1.0,0.0
0,45,0.891254286569226,7.106802304741642,0.0,0.0,0.0,1.0,0.0,1.0
1,45,10.922990027521058,4.2768104162735625,1.0,0.0,1.0,0.0,0.0,0.0
2,45,7.297790140032426,10.266498970046715,0.0,1.0,0.0,1.0,0.0,0.0
3,45,0.0300119434417439,7.438166412924287,1.0,1.0,0.0,1.0,0.0,1.0
4,45,4.210737133781308,9.594188326308622,0.0,0.0,0.0,0.0,0.0,1.0
5,45,9.187013800332872,2.407703504253455,1.0,1.0,1.0,0.0,1.0,0.0
6,45,7.841197487526569,6.22462438383629,0.0,0.0,0.0,0.0,0.0,0.0
7,45,4.0234462093032,4.1893502609076165,0.0,1.0,0.0,1.0,1.0,0.0
8,45,4.252902870110392,11.1883083695889,0.0,1.0,1.0,1.0,1.0,0.0
9,45,2.7470817938601546,10.430273939910997,0.0,0.0,1.0,1.0,1.0,0.0
10,45,0.9203980506876116,1.0394360279182675,1.0,1.0,1.0,0.0,0.0,0.0
11,45,8.088586287823206,9.373059080573729,1.0,0.0,0.0,0.0,0.0,1.0
12,45,9.92687526398868,6.992557087915384,0.0,0.0,0.0,1.0,0.0,0.0
13,45,2.542857911573293,8.413402346288853,1.0,0.0,1.0,0.0,1.0,0.0
14,45,1.1494339909461924,12.0,1.0,1.0,0.0,1.0,0.0,0.0
15,45,10.03415175639217,8.97350344480315,1.0,1.0,0.0,0.0,0.0,0.0
16,45,1.3907678476202434,4.22473346150651,1.0,0.0,0.0,1.0,1.0,1.0
17,45,9.45857023429559,4.384036367676603,0.0,0.0,0.0,0.0,1.0,1.0
18,45,7.178004034218477,12.0,0.0,0.0,0.0,0.0,1.0,1.0
19,45,0.0,9.624438558055752,0.0,0.0,1.0,0.0,0.0,0.0
20,45,3.890354828103949,1.7589180380793104,1.0,1.0,0.0,1.0,0.0,1.0
21,45,10.239608306264037,1.8650290144247204,0.0,0.0,0.0,1.0,0.0,0.0
22,45,4.404174220575842,0.3183601707814258,0.0,1.0,0.0,0.0,0.0,0.0
23,45,4.484152910065412,1.717665890758712,0.0,0.0,0.0,0.0,0.0,0.0
24,45,4.6753850569857365,7.4273943254050465,1.0,0.0,1.0,1.0,1.0,0.0
25,45,3.051239463251512,8.767840530103529,0.0,1.0,0.0,0.0,1.0,1.0
26,45,9.88290627791596,9.79072289436528,1.0,0.0,1.0,1.0,0.0,0.0
27,45,3.938786449591074,7.130233317976979,0.0,1.0,0.0,1.0,1.0,0.0
28,45,4.613431611519795,5.982134629681673,1.0,0.0,1.0,1.0,0.0,0.0
29,45,1.110703401321303,2.328519063623269,0.0,0.0,0.0,0.0,0.0,1.0
30,45,5.270785439298938,9.642719569718793,0.0,1.0,1.0,0.0,0.0,1.0
31,45,3.2925288911427177,2.222782097460469,0.0,1.0,1.0,0.0,1.0,0.0
32,45,3.930284780654041,9.248426575100767,0.0,0.0,1.0,0.0,1.0,0.0
33,45,12.0,4.369724500942396,0.0,0.0,0.0,0.0,0.0,1.0
34,45,5.924345801113319,6.969528628178872,1.0,1.0,0.0,0.0,1.0,0.0
35,45,6.161935587230818,9.778238475625562,1.0,1.0,1.0,1.0,1.0,0.0
36,45,6.896343464500298,0.9022087343105932,0.0,1.0,0.0,1.0,1.0,0.0
37,45,1.860175965414483,5.36234623502789,0.0,0.0,1.0,0.0,1.0,0.0
38,45,1.957005954205226,8.95729598367534,0.0,0.0,1.0,0.0,0.0,0.0
39,45,1.1553506136193314,1.4973648199949054,1.0,0.0,1.0,1.0,1.0,0.0
0,50,0.7165982203707425,7.11804058742376,0.0,0.0,0.0,1.0,0.0,1.0
1,50,10.92695251510874,4.265658617436858,1.0,0.0,1.0,0.0,0.0,0.0
2,50,7.208091206112127,10.1748661134974,0.0,1.0,0.0,1.0,0.0,0.0
3,50,0.0313386871325364,7.351613656629089,1.0,1.0,0.0,1.0,0.0,1.0
4,50,4.23660103242173,9.547487803551656,0.0,0.0,0.0,0.0,0.0,1.0
5,50,9.199022895641098,2.3700890638390018,1.0,1.0,1.0,0.0,1.0,0.0
6,50,7.915765198287781,6.244031186372934,0.0,0.0,0.0,0.0,0.0,0.0
7,50,4.019861678042177,4.163091522225623,0.0,1.0,0.0,1.0,1.0,0.0
8,50,4.25457643846279,11.18959176492225,0.0,1.0,1.0,1.0,1.0,0.0
9,50,2.752163848344995,10.422493544365738,0.0,0.0,1.0,1.0,1.0,0.0
10,50,0.9208664639870742,0.8756518792487028,1.0,1.0,1.0,0.0,0.0,0.0
11,50,8.046612156152461,9.282111418490704,1.0,0.0,0.0,0.0,0.0,1.0
12,50,9.941508668885424,6.99375629743123,0.0,0.0,0.0,1.0,0.0,0.0
13,50,2.4707560846835763,8.319459664656005,1.0,0.0,1.0,0.0,1.0,0.0
14,50,1.1592479829136777,12.0,1.0,1.0,0.0,1.0,0.0,0.0
15,50,10.02521803981523,8.97945078434931,1.0,1.0,0.0,0.0,0.0,0.0
16,50,1.3612444277973992,4.2338111216975856,1.0,0.0,0.0,1.0,1.0,1.0
17,50,9.37688868652458,4.309962989264329,0.0,0.0,0.0,0.0,1.0,1.0
18,50,7.265292806824992,11.975397763305478,0.0,0.0,0.0,0.0,1.0,1.0
19,50,0.0,9.589788613983805,0.0,0.0,1.0,0.0,0.0,0.0
20,50,3.902269993244954,1.7525684929082337,1.0,1.0,0.0,1.0,0.0,1.0
21,50,10.22664226007531,1.7985262192318825,0.0,0.0,0.0,1.0,0.0,0.0
22,50,4.428738083593418,0.3380322171245017,0.0,1.0,0.0,0.0,0.0,0.0
23,50,4.54092836605169,1.689650916686014,0.0,0.0,0.0,0.0,0.0,0.0
24,50,4.658949571813781,7.396617749934169,1.0,0.0,1.0,1.0,1.0,0.0
25,50,3.0551285010659748,8.754290099463983,0.0,1.0,0.0,0.0,1.0,1.0
26,50,9.889201339444831,9.802122921265331,1.0,0.0,1.0,1.0,0.0,0.0
27,50,3.9302155111250463,7.14533084772949,0.0,1.0,0.0,1.0,1.0,0.0
28,50,4.552426289486448,5.979381116910744,1.0,0.0,1.0,1.0,0.0,0.0
29,50,1.1324564965590898,2.3210690786947934,0.0,0.0,0.0,0.0,0.0,1.0
30,50,5.315701575064995,9.746288084374044,0.0,1.0,1.0,0.0,0.0,1.0
31,50,3.3193293203112915,2.2452271759953173,0.0,1.0,1.0,0.0,1.0,0.0
32,50,3.919026851265001,9.282462736111349,0.0,0.0,1.0,0.0,1.0,0.0
33,50,12.0,4.306438274611046,0.0,0.0,0.0,0.0,0.0,1.0
34,50,5.922063951715987,6.972824810566587,1.0,1.0,0.0,0.0,1.0,0.0
35,50,6.158392627939223,9.782466348579469,1.0,1.0,1.0,1.0,1.0,0.0
36,50,7.007596723668985,0.8887025063809424,0.0,1.0,0.0,1.0,1.0,0.0
37,50,1.8293121724925616,5.461870729407427,0.0,0.0,1.0,0.0,1.0,0.0
38,50,1.9796585454106528,8.978100354092097,0.0,0.0,1.0,0.0,0.0,0.0
39,50,1.1709641714580852,1.4550798257950612,1.0,0.0,1.0,1.0,1.0,0.0
0,55,0.5678249096751441,7.125757428956692,0.0,0.0,0.0,1.0,0.0,1.0
1,55,10.924424899493124,4.273359090762819,1.0,0.0,1.0,0.0,0.0,0.0
2,55,7.111289959906864,10.08181017433466,0.0,1.0,0.0,1.0,0.0,0.0
3,55,0.0324735904269933,7.28159847767422,1.0,1.0,0.0,1.0,0.0,1.0
4,55,4.260217325296916,9.506406972125616,0.0,0.0,0.0,0.0,0.0,1.0
5,55,9.21073284801748,2.332941537515214,1.0,1.0,1.0,0.0,1.0,0.0
6,55,7.959877360948144,6.254278908696797,0.0,0.0,0.0,0.0,0.0,0.0
7,55,4.012493024650863,4.116984424693755,0.0,1.0,0.0,1.0,1.0,0.0
8,55,4.254988263974824,11.189916920397962,0.0,1.0,1.0,1.0,1.0,0.0
9,55,2.746788004592023,10.431090998422269,0.0,0.0,1.0,1.0,1.0,0.0
10,55,0.9248070168137734,0.7048556500147991,1.0,1.0,1.0,0.0,0.0,0.0
11,55,8.005484959852637,9.187987852240475,1.0,0.0,0.0,0.0,0.0,1.0
12,55,9.951221515454682,6.994233209351347,0.0,0.0,0.0,1.0,0.0,0.0
13,55,2.404217266926032,8.227135163914301,1.0,0.0,1.0,0.0,1.0,0.0
14,55,1.1643412759724436,12.0,1.0,1.0,0.0,1.0,0.0,0.0
15,55,10.019149928237002,8.983587228666334,1.0,1.0,0.0,0.0,0.0,0.0
16,55,1.3260530560960886,4.2449779954426345,1.0,0.0,0.0,1.0,1.0,1.0
17,55,9.2756403855835,4.222834880315536,0.0,0.0,0.0,0.0,1.0,1.0
18,55,7.3305234310636065,11.957851547781592,0.0,0.0,0.0,0.0,1.0,1.0
19,55,0.0,9.550472609289042,0.0,0.0,1.0,0.0,0.0,0.0
20,55,3.906750839780736,1.7502113477841683,1.0,1.0,0.0,1.0,0.0,1.0
21,55,10.216269211727893,1.742674810458057,0.0,0.0,0.0,1.0,0.0,0.0
22,55,4.43168796437081,0.3405181314431236,0.0,1.0,0.0,0.0,0.0,0.0
23,55,4.59387246775187,1.6626676920990506,0.0,0.0,0.0,0.0,0.0,0.0
24,55,4.642274607041168,7.367447942902434,1.0,0.0,1.0,1.0,1.0,0.0
25,55,3.0635883865526963,8.721980849609729,0.0,1.0,0.0,0.0,1.0,1.0
26,55,9.901917457132368,9.825858756373655,1.0,0.0,1.0,1.0,0.0,0.0
27,55,3.928270399770051,7.14878460283671,0.0,1.0,0.0,1.0,1.0,0.0
28,55,4.501339476567537,5.978368045450307,1.0,0.0,1.0,1.0,0.0,0.0
29,55,1.1580585012978877,2.3128569900468343,0.0,0.0,0.0,0.0,0.0,1.0
30,55,5.421928629660547,9.699577323308477,0.0,1.0,1.0,0.0,0.0,1.0
31,55,3.348888049698969,2.270685710772656,0.0,1.0,1.0,0.0,1.0,0.0
32,55,3.90987419509034,9.31093647460586,0.0,0.0,1.0,0.0,1.0,0.0
33,55,12.0,4.240573198698672,0.0,0.0,0.0,0.0,0.0,1.0
34,55,5.919077120654482,6.97733180106448,1.0,1.0,0.0,0.0,1.0,0.0
35,55,6.129448928541049,9.817390050950651,1.0,1.0,1.0,1.0,1.0,0.0
36,55,7.116035013446942,0.8748020039117876,0.0,1.0,0.0,1.0,1.0,0.0
37,55,1.798139057829774,5.557212218348102,0.0,0.0,1.0,0.0,1.0,0.0
38,55,1.98351749896894,8.981682484557936,0.0,0.0,1.0,0.0,0.0,0.0
39,55,1.1886850275721543,1.4110287140812228,1.0,0.0,1.0,1.0,1.0,0.0
0,60,0.4114575459810305,7.132951779871445,0.0,0.0,0.0,1.0,0.0,1.0
1,60,10.922350994036028,4.280389450765808,1.0,0.0,1.0,0.0,0.0,0.0
2,60,7.019797621170228,9.994751103744136,0.0,1.0,0.0,1.0,0.0,0.0
3,60,0.0318270634444366,7.195379865113498,1.0,1.0,0.0,1.0,0.0,1.0
4,60,4.288836208887524,9.45682417821032,0.0,0.0,0.0,0.0,0.0,1.0
5,60,9.224525701638491,2.2872933533056248,1.0,1.0,1.0,0.0,1.0,0.0
6,60,8.002096258475364,6.2656282272294535,0.0,0.0,0.0,0.0,0.0,0.0
7,60,4.006198595597737,4.076352884489691,0.0,1.0,0.0,1.0,1.0,0.0
8,60,4.259301521189662,11.193342195010583,0.0,1.0,1.0,1.0,1.0,0.0
9,60,2.737695374871093,10.445299543422085,0.0,0.0,1.0,1.0,1.0,0.0
10,60,0.929552312022235,0.5347594181826254,1.0,1.0,1.0,0.0,0.0,0.0
11,60,7.976025305248154,9.110213700207408,1.0,0.0,0.0,0.0,0.0,1.0
12,60,9.977640290022435,6.995456705784427,0.0,0.0,0.0,1.0,0.0,0.0
13,60,2.3334655860251305,8.130332860829562,1.0,0.0,1.0,0.0,1.0,0.0
14,60,1.16243293620793,11.993818022757766,1.0,1.0,0.0,1.0,0.0,0.0
15,60,9.995144445176209,9.000295773342643,1.0,1.0,0.0,0.0,0.0,0.0
16,60,1.2729251014176657,4.263587699613298,1.0,0.0,0.0,1.0,1.0,1.0
17,60,9.170384378012653,4.135941679766448,0.0,0.0,0.0,0.0,1.0,1.0
18,60,7.377950670852115,11.945620252924234,0.0,0.0,0.0,0.0,1.0,1.0
19,60,0.0,9.518616417849389,0.0,0.0,1.0,0.0,0.0,0.0
20,60,3.899551092680456,1.754014055036655,1.0,1.0,0.0,1.0,0.0,1.0
21,60,10.204602003899089,1.6779065357322684,0.0,0.0,0.0,1.0,0.0,0.0
22,60,4.430087860603727,0.339174173493187,0.0,1.0,0.0,0.0,0.0,0.0
23,60,4.651230019960683,1.6353555043312906,0.0,0.0,0.0,0.0,0.0,0.0
24,60,4.620730358367829,7.330562751932558,1.0,0.0,1.0,1.0,1.0,0.0
25,60,3.0757005076526367,8.675596797721388,0.0,1.0,0.0,0.0,1.0,1.0
26,60,9.913667078671784,9.847072132513356,1.0,0.0,1.0,1.0,0.0,0.0
27,60,3.9249795173332154,7.154956851958296,0.0,1.0,0.0,1.0,1.0,0.0
28,60,4.468176663314679,5.977689930016823,1.0,0.0,1.0,1.0,0.0,0.0
29,60,1.1727259716020937,2.307942014039682,0.0,0.0,0.0,0.0,0.0,1.0
30,60,5.53677938590415,9.644574755432586,0.0,1.0,1.0,0.0,0.0,1.0
31,60,3.3721849952322254,2.2414853471004115,0.0,1.0,1.0,0.0,1.0,0.0
32,60,3.900624104039924,9.340504167918406,0.0,0.0,1.0,0.0,1.0,0.0
33,60,12.0,4.168330136578186,0.0,0.0,0.0,0.0,0.0,1.0
34,60,5.914062346785971,6.985026601645544,1.0,1.0,0.0,0.0,1.0,0.0
35,60,6.09861354854009,9.853710970227944,1.0,1.0,1.0,1.0,1.0,0.0
36,60,7.206464853068708,0.8612345159489864,0.0,1.0,0.0,1.0,1.0,0.0
37,60,1.7720548268604548,5.642469561743125,0.0,0.0,1.0,0.0,1.0,0.0
38,60,1.989754315527855,8.987063799693825,0.0,0.0,1.0,0.0,0.0,0.0
39,60,1.2001423819367767,1.3795174328620832,1.0,0.0,1.0,1.0,1.0,0.0
0,65,0.2739091692317168,7.1398008281037,0.0,0.0,0.0,1.0,0.0,1.0
1,65,10.922527899413598,4.279802587132574,1.0,0.0,1.0,0.0,0.0,0.0
2,65,6.937152168232277,9.920347286287845,0.0,1.0,0.0,1.0,0.0,0.0
3,65,0.0301844248444275,7.130090416638446,1.0,1.0,0.0,1.0,0.0,1.0
4,65,4.310181034090985,9.417262593580196,0.0,0.0,0.0,0.0,0.0,1.0
5,65,9.238794152638476,2.237712120418693,1.0,1.0,1.0,0.0,1.0,0.0
6,65,8.036670009758733,6.274656302602577,0.0,0.0,0.0,0.0,0.0,0.0
7,65,4.00100328885414,4.044924719134494,0.0,1.0,0.0,1.0,1.0,0.0
8,65,4.281832908768846,11.210869350978044,0.0,1.0,1.0,1.0,1.0,0.0
9,65,2.7184963251596286,10.47654418941359,0.0,0.0,1.0,1.0,1.0,0.0
10,65,0.935182333607512,0.3559083499951542,1.0,1.0,1.0,0.0,0.0,0.0
11,65,7.951359468307904,9.046735315958111,1.0,0.0,0.0,0.0,0.0,1.0
12,65,10.007888416273431,6.996219441564845,0.0,0.0,0.0,1.0,0.0,0.0
13,65,2.261011212028264,8.030163207083849,1.0,0.0,1.0,0.0,1.0,0.0
14,65,1.1623528566935406,11.993565020240585,1.0,1.0,0.0,1.0,0.0,0.0
15,65,9.94918718699064,9.031558498003523,1.0,1.0,0.0,0.0,0.0,0.0
16,65,1.2145536707497326,4.282802368436026,1.0,0.0,0.0,1.0,1.0,1.0
17,65,9.07910823327189,4.0613437572793165,0.0,0.0,0.0,0.0,1.0,1.0
18,65,7.413246198103241,11.936462474833482,0.0,0.0,0.0,0.0,1.0,1.0
19,65,0.0,9.49013314922006,0.0,0.0,1.0,0.0,0.0,0.0
20,65,3.9112808425682255,1.7475752645679106,1.0,1.0,0.0,1.0,0.0,1.0
21,65,10.19347510608686,1.6289128836269864,0.0,0.0,0.0,1.0,0.0,0.0
22,65,4.428238005230828,0.3375805623808632,0.0,1.0,0.0,0.0,0.0,0.0
23,65,4.7145318848254,1.6048087375313935,0.0,0.0,0.0,0.0,0.0,0.0
24,65,4.605982366965814,7.30450992513431,1.0,0.0,1.0,1.0,1.0,0.0
25,65,3.0899761988246395,8.621759565234552,0.0,1.0,0.0,0.0,1.0,1.0
26,65,9.927311745094949,9.87173754056484,1.0,0.0,1.0,1.0,0.0,0.0
27,65,3.9288335794476574,7.147572907307206,0.0,1.0,0.0,1.0,1.0,0.0
28,65,4.422753298119273,5.975625106070408,1.0,0.0,1.0,1.0,0.0,0.0
29,65,1.1903201855651342,2.301856197116535,0.0,0.0,0.0,0.0,0.0,1.0
30,65,5.661022533992737,9.582210872054349,0.0,1.0,1.0,0.0,0.0,1.0
31,65,3.3909935155432085,2.2187468116288884,0.0,1.0,1.0,0.0,1.0,0.0
32,65,3.886893164242085,9.383762910521057,0.0,0.0,1.0,0.0,1.0,0.0
33,65,12.0,4.102030103446789,0.0,0.0,0.0,0.0,0.0,1.0
34,65,5.907816706248436,6.994029346599246,1.0,1.0,0.0,0.0,1.0,0.0
35,65,6.065108554566486,9.89411920745319,1.0,1.0,1.0,1.0,1.0,0.0
36,65,7.300413863272889,0.8449376869659826,0.0,1.0,0.0,1.0,1.0,0.0
37,65,1.7457341547100849,5.730583174263355,0.0,0.0,1.0,0.0,1.0,0.0
38,65,1.98466221819458,8.982593015823428,0.0,0.0,1.0,0.0,0.0,0.0
39,65,1.2098290480607918,1.3526324090902797,1.0,0.0,1.0,1.0,1.0,0.0
0,70,0.126668689009798,7.146533415840857,0.0,0.0,0.0,1.0,0.0,1.0
1,70,10.923492903022376,4.276987180193538,1.0,0.0,1.0,0.0,0.0,0.0
2,70,6.865138235579085,9.851348848773627,0.0,1.0,0.0,1.0,0.0,0.0
3,70,0.0270972771152892,7.051354156006799,1.0,1.0,0.0,1.0,0.0,1.0
4,70,4.321454251473039,9.39454660850926,0.0,0.0,0.0,0.0,0.0,1.0
5,70,9.25708095454889,2.1805302693108963,1.0,1.0,1.0,0.0,1.0,0.0
6,70,8.094021817043439,6.288064558514448,0.0,0.0,0.0,0.0,0.0,0.0
7,70,3.99521578863397,4.009605657902603,0.0,1.0,0.0,1.0,1.0,0.0
8,70,4.307139232925604,11.2306482936988,0.0,1.0,1.0,1.0,1.0,0.0
9,70,2.700574021221978,10.506271531642527,0.0,0.0,1.0,1.0,1.0,0.0
10,70,0.9375503932059892,0.1817797810000834,1.0,1.0,1.0,0.0,0.0,0.0
11,70,7.928766948971633,8.989876937464425,1.0,0.0,0.0,0.0,0.0,1.0
12,70,10.020957466123514,6.996102155953803,0.0,0.0,0.0,1.0,0.0,0.0
13,70,2.1806523780898206,7.923493649459084,1.0,0.0,1.0,0.0,1.0,0.0
14,70,1.1592767417138548,11.983033448525658,1.0,1.0,0.0,1.0,0.0,0.0
15,70,9.902639401000474,9.063709633778206,1.0,1.0,0.0,0.0,0.0,0.0
16,70,1.129242094748729,4.311093852575106,1.0,0.0,0.0,1.0,1.0,1.0
17,70,8.996908800917309,3.991757786951588,0.0,0.0,0.0,0.0,1.0,1.0
18,70,7.471413252086191,11.922123181021568,0.0,0.0,0.0,0.0,1.0,1.0
19,70,0.0,9.45359772859565,0.0,0.0,1.0,0.0,0.0,0.0
20,70,3.929219323315884,1.7377856209982592,1.0,1.0,0.0,1.0,0.0,1.0
21,70,10.180777417370312,1.5780597176652758,0.0,0.0,0.0,1.0,0.0,0.0
22,70,4.421994833732038,0.3322800306235625,0.0,1.0,0.0,0.0,0.0,0.0
23,70,4.801283247894747,1.5668593563336082,0.0,0.0,0.0,0.0,0.0,0.0
24,70,4.602073506787188,7.297801985503473,1.0,0.0,1.0,1.0,1.0,0.0
25,70,3.1044164595439447,8.568511832892456,0.0,1.0,0.0,0.0,1.0,1.0
26,70,9.94435683046104,9.903409977522024,1.0,0.0,1.0,1.0,0.0,0.0
27,70,3.933768888749658,7.13807303375145,0.0,1.0,0.0,1.0,1.0,0.0
28,70,4.392978279512344,5.973460259395773,1.0,0.0,1.0,1.0,0.0,0.0
29,70,1.225205192212772,2.291058509687107,0.0,0.0,0.0,0.0,0.0,1.0
30,70,5.75681724754235,9.535530687861842,0.0,1.0,1.0,0.0,0.0,1.0
31,70,3.4235964976414497,2.181292681258993,0.0,1.0,1.0,0.0,1.0,0.0
32,70,3.880210635262744,9.403941529312952,0.0,0.0,1.0,0.0,1.0,0.0
33,70,12.0,4.034481825330141,0.0,0.0,0.0,0.0,0.0,1.0
34,70,5.905262803998848,6.997729447708378,1.0,1.0,0.0,0.0,1.0,0.0
35,70,6.0167071288635015,9.951656085326048,1.0,1.0,1.0,1.0,1.0,0.0
36,70,7.404341361853478,0.8280328679317633,0.0,1.0,0.0,1.0,1.0,0.0
37,70,1.7158025079521335,5.820509165456966,0.0,0.0,1.0,0.0,1.0,0.0
38,70,1.9839566700923128,8.981991965078928,0.0,0.0,1.0,0.0,0.0,0.0
39,70,1.2249692246066897,1.3100452233874231,1.0,0.0,1.0,1.0,1.0,0.0
0,75,0.0015943456452092,7.152435331038957,0.0,0.0,0.0,1.0,0.0,1.0
1,75,10.928372000562485,4.262047146451479,1.0,0.0,1.0,0.0,0.0,0.0
2,75,6.787530044417621,9.773785068303306,0.0,1.0,0.0,1.0,0.0,0.0
3,75,0.0234599991990823,6.976865198279355,1.0,1.0,0.0,1.0,0.0,1.0
4,75,4.333800020564169,9.400396049122593,0.0,0.0,0.0,0.0,0.0,1.0
5,75,9.280105025457836,2.111401249139241,1.0,1.0,1.0,0.0,1.0,0.0
6,75,8.165216341482312,6.3057448258096604,0.0,0.0,0.0,0.0,0.0,0.0
7,75,3.9924597454599806,3.992394227572989,0.0,1.0,0.0,1.0,1.0,0.0
8,75,4.346813544800841,11.264037342994866,0.0,1.0,1.0,1.0,1.0,0.0
9,75,2.6930892387184358,10.518965935639448,0.0,0.0,1.0,1.0,1.0,0.0
10,75,0.9390538545608328,0.0100563317230636,1.0,1.0,1.0,0.0,0.0,0.0
11,75,7.908256278862306,8.940791558764174,1.0,0.0,0.0,0.0,0.0,1.0
12,75,10.024866266841531,6.996029605728436,0.0,0.0,0.0,1.0,0.0,0.0
13,75,2.0931299176737754,7.814146807938427,1.0,0.0,1.0,0.0,1.0,0.0
14,75,1.1552281373790203,11.970724859718963,1.0,1.0,0.0,1.0,0.0,0.0
15,75,9.841176188675057,9.106553177268928,1.0,1.0,0.0,0.0,0.0,0.0
16,75,1.0559630947875478,4.335543726366513,1.0,0.0,0.0,1.0,1.0,1.0
17,75,8.908143786976396,3.916975609339948,0.0,0.0,0.0,0.0,1.0,1.0
18,75,7.534049497682673,11.906298353448156,0.0,0.0,0.0,0.0,1.0,1.0
19,75,0.0,9.427264396990635,0.0,0.0,1.0,0.0,0.0,0.0
20,75,3.952661303988168,1.7247549133651534,1.0,1.0,0.0,1.0,0.0,1.0
21,75,10.168247659192623,1.526368981988865,0.0,0.0,0.0,1.0,0.0,0.0
22,75,4.385407355212428,0.3010656708668039,0.0,1.0,0.0,0.0,0.0,0.0
23,75,4.857839981854242,1.5407195406277818,0.0,0.0,0.0,0.0,0.0,0.0
24,75,4.602089995141877,7.297830211420695,1.0,0.0,1.0,1.0,1.0,0.0
25,75,3.1202934485477294,8.511690167931464,0.0,1.0,0.0,0.0,1.0,1.0
26,75,9.965563956797348,9.943340723742116,1.0,0.0,1.0,1.0,0.0,0.0
27,75,3.944125146481519,7.117776855015012,0.0,1.0,0.0,1.0,1.0,0.0
28,75,4.389336997973948,6.01077733773745,1.0,0.0,1.0,1.0,0.0,0.0
29,75,1.2514666155153389,2.283259356388109,0.0,0.0,0.0,0.0,0.0,1.0
30,75,5.832182467652853,9.49598093537905,0.0,1.0,1.0,0.0,0.0,1.0
31,75,3.478823376265914,2.119892424600127,0.0,1.0,1.0,0.0,1.0,0.0
32,75,3.869015715165322,9.43777646135137,0.0,0.0,1.0,0.0,1.0,0.0
33,75,12.0,3.973909080527901,0.0,0.0,0.0,0.0,0.0,1.0
34,75,5.897480412113645,7.008505809855837,1.0,1.0,0.0,0.0,1.0,0.0
35,75,5.973324270389766,10.002486476338936,1.0,1.0,1.0,1.0,1.0,0.0
36,75,7.5090368327481185,0.8098423397275105,0.0,1.0,0.0,1.0,1.0,0.0
37,75,1.686453020282636,5.910476917535763,0.0,0.0,1.0,0.0,1.0,0.0
38,75,1.991702422605735,8.988844431115938,0.0,0.0,1.0,0.0,0.0,0.0
39,75,1.2356630249405371,1.2803911468963551,1.0,0.0,1.0,1.0,1.0,0.0
0,80,0.0,7.159779425992058,0.0,0.0,0.0,1.0,0.0,1.0
1,80,10.934142534302724,4.24515019728255,1.0,0.0,1.0,0.0,0.0,0.0
2,80,6.697641628837295,9.679610567352896,0.0,1.0,0.0,1.0,0.0,0.0
3,80,0.0200457431105216,6.879771746857569,1.0,1.0,0.0,1.0,0.0,1.0
4,80,4.350786764518235,9.408321641731428,0.0,0.0,0.0,0.0,0.0,1.0
5,80,9.301673152496964,2.048829884277327,1.0,1.0,1.0,0.0,1.0,0.0
6,80,8.241906872200504,6.324408689458154,0.0,0.0,0.0,0.0,0.0,0.0
7,80,3.991848542781116,3.98787652254009,0.0,1.0,0.0,1.0,1.0,0.0
8,80,4.369344204630763,11.28275441461922,0.0,1.0,1.0,1.0,1.0,0.0
9,80,2.6863451841899773,10.52977141170867,0.0,0.0,1.0,1.0,1.0,0.0
10,80,0.9395445805665232,0.0,1.0,1.0,1.0,0.0,0.0,0.0
11,80,7.886880099518144,8.887656002649168,1.0,0.0,0.0,0.0,0.0,1.0
12,80,10.030535787575577,6.995860626719413,0.0,0.0,0.0,1.0,0.0,0.0
13,80,2.0116054714900997,7.711554622767864,1.0,0.0,1.0,0.0,1.0,0.0
14,80,1.156952213608412,11.97654019152332,1.0,1.0,0.0,1.0,0.0,0.0
15,80,9.77087381502835,9.155490385315424,1.0,1.0,0.0,0.0,0.0,0.0
16,80,0.9728132982384516,4.362285764590115,1.0,0.0,0.0,1.0,1.0,1.0
17,80,8.807259249115894,3.8382844706844335,0.0,0.0,0.0,0.0,1.0,1.0
18,80,7.587678932457503,11.89324522408632,0.0,0.0,0.0,0.0,1.0,1.0
19,80,0.0,9.379664625108694,0.0,0.0,1.0,0.0,0.0,0.0
20,80,3.986648017240349,1.707173580316372,1.0,1.0,0.0,1.0,0.0,1.0
21,80,10.156547261680776,1.4664205936807728,0.0,0.0,0.0,1.0,0.0,0.0
22,80,4.364565723547364,0.2819880153219141,0.0,1.0,0.0,0.0,0.0,0.0
23,80,4.921570059253768,1.5095559680416355,0.0,0.0,0.0,0.0,0.0,0.0
24,80,4.59781201458548,7.290933284912387,1.0,0.0,1.0,1.0,1.0,0.0
25,80,3.135633338644504,8.458359668544253,0.0,1.0,0.0,0.0,1.0,1.0
26,80,9.992145340876707,9.993618780804368,1.0,0.0,1.0,1.0,0.0,0.0
27,80,3.958458622712328,7.089467689171496,0.0,1.0,0.0,1.0,1.0,0.0
28,80,4.386488358298587,6.029464217523542,1.0,0.0,1.0,1.0,0.0,0.0
29,80,1.2922701892733006,2.2713888147890846,0.0,0.0,0.0,0.0,0.0,1.0
30,80,5.912049069898189,9.453694859778787,0.0,1.0,1.0,0.0,0.0,1.0
31,80,3.520565761474032,2.0722285832299963,0.0,1.0,1.0,0.0,1.0,0.0
32,80,3.859314435797344,9.464906594355716,0.0,0.0,1.0,0.0,1.0,0.0
33,80,12.0,3.907140083009926,0.0,0.0,0.0,0.0,0.0,1.0
34,80,5.889228428833952,7.019715263024777,1.0,1.0,0.0,0.0,1.0,0.0
35,80,5.937312736830511,10.044323401071305,1.0,1.0,1.0,1.0,1.0,0.0
36,80,7.613354721376639,0.7879581276514447,0.0,1.0,0.0,1.0,1.0,0.0
37,80,1.6542400194487814,5.997237469989941,0.0,0.0,1.0,0.0,1.0,0.0
38,80,1.9995721897517469,8.995837717217896,0.0,0.0,1.0,0.0,0.0,0.0
39,80,1.2391850908590585,1.2701661364255763,1.0,0.0,1.0,1.0,1.0,0.0
0,85,0.0,7.166671161109494,0.0,0.0,0.0,1.0,0.0,1.0
1,85,10.93421742473864,4.244950447270441,1.0,0.0,1.0,0.0,0.0,0.0
2,85,6.6092896397828085,9.585230765817032,0.0,1.0,0.0,1.0,0.0,0.0
3,85,0.0167306611480592,6.790789648820288,1.0,1.0,0.0,1.0,0.0,1.0
4,85,4.389809528318698,9.426329399576993,0.0,0.0,0.0,0.0,0.0,1.0
5,85,9.317039806143184,2.00203323387776,1.0,1.0,1.0,0.0,1.0,0.0
6,85,8.296896107071733,6.338910230664969,0.0,0.0,0.0,0.0,0.0,0.0
7,85,3.986539561179574,3.946421527386244,0.0,1.0,0.0,1.0,1.0,0.0
8,85,4.415525123072304,11.320129897634365,0.0,1.0,1.0,1.0,1.0,0.0
9,85,2.6847604500992635,10.53226445457868,0.0,0.0,1.0,1.0,1.0,0.0
10,85,0.94046516983098,0.0,1.0,1.0,1.0,0.0,0.0,0.0
11,85,7.863215548523922,8.828651583152265,1.0,0.0,0.0,0.0,0.0,1.0
12,85,10.016355512663338,6.996318310239031,0.0,0.0,0.0,1.0,0.0,0.0
13,85,1.9220640217873048,7.59922547100082,1.0,0.0,1.0,0.0,1.0,0.0
14,85,1.1576037628910851,11.978742240865508,1.0,1.0,0.0,1.0,0.0,0.0
15,85,9.684073503511302,9.21414346111262,1.0,1.0,0.0,0.0,0.0,0.0
16,85,0.8818587101503963,4.391333276647815,1.0,0.0,0.0,1.0,1.0,1.0
17,85,8.71271877323294,3.761756818187256,0.0,0.0,0.0,0.0,1.0,1.0
18,85,7.64452126862983,11.87903344244808,0.0,0.0,0.0,0.0,1.0,1.0
19,85,0.0,9.32609571225746,0.0,0.0,1.0,0.0,0.0,0.0
20,85,4.019859490050339,1.689467463133476,1.0,1.0,0.0,1.0,0.0,1.0
21,85,10.147360326523703,1.419118980272702,0.0,0.0,0.0,1.0,0.0,0.0
22,85,4.357428689435332,0.2751479158516527,0.0,1.0,0.0,0.0,0.0,0.0
23,85,4.993010504666109,1.4772057474718072,0.0,0.0,0.0,0.0,0.0,0.0
24,85,4.598523323415521,7.29211512741971,1.0,0.0,1.0,1.0,1.0,0.0
25,85,3.1582277682600286,8.38715070847496,0.0,1.0,0.0,0.0,1.0,1.0
26,85,10.022942913726624,10.054897136363817,1.0,0.0,1.0,1.0,0.0,0.0
27,85,3.974929503808814,7.056197978083572,0.0,1.0,0.0,1.0,1.0,0.0
28,85,4.386183539442449,6.031857222330341,1.0,0.0,1.0,1.0,0.0,0.0
29,85,1.336711402477871,2.2587409198471224,0.0,0.0,0.0,0.0,0.0,1.0
30,85,5.990417752576884,9.41142054028824,0.0,1.0,1.0,0.0,0.0,1.0
31,85,3.5544965789293457,2.031985479819544,0.0,1.0,1.0,0.0,1.0,0.0
32,85,3.8598649356258328,9.463519015600584,0.0,0.0,1.0,0.0,1.0,0.0
33,85,12.0,3.850226968289864,0.0,0.0,0.0,0.0,0.0,1.0
34,85,5.878943082817042,7.032998815299464,1.0,1.0,0.0,0.0,1.0,0.0
35,85,5.888431507360856,10.101760183975436,1.0,1.0,1.0,1.0,1.0,0.0
36,85,7.716349833194921,0.7680241294323915,0.0,1.0,0.0,1.0,1.0,0.0
37,85,1.6198667294907527,6.096016024715484,0.0,0.0,1.0,0.0,1.0,0.0
38,85,2.002698124619702,8.998472961484028,0.0,0.0,1.0,0.0,0.0,0.0
39,85,1.236494990496143,1.2774935258119295,1.0,0.0,1.0,1.0,1.0,0.0
0,90,0.0,7.173707367979214,0.0,0.0,0.0,1.0,0.0,1.0
1,90,10.930495955066965,4.254147297215086,1.0,0.0,1.0,0.0,0.0,0.0
2,90,6.50696834962492,9.475408958870904,0.0,1.0,0.0,1.0,0.0,0.0
3,90,0.0138836393359296,6.708629597839121,1.0,1.0,0.0,1.0,0.0,1.0
4,90,4.41973460173862,9.440888359015643,0.0,0.0,0.0,0.0,0.0,1.0
5,90,9.328272962362346,1.9681566033426927,1.0,1.0,1.0,0.0,1.0,0.0
6,90,8.35124521431934,6.35316208668569,0.0,0.0,0.0,0.0,0.0,0.0
7,90,3.986259702233582,3.943473780841495,0.0,1.0,0.0,1.0,1.0,0.0
8,90,4.453004802114276,11.351153687857126,0.0,1.0,1.0,1.0,1.0,0.0
9,90,2.6766554859362253,10.545910399686864,0.0,0.0,1.0,1.0,1.0,0.0
10,90,0.942422837954484,0.0,1.0,1.0,1.0,0.0,0.0,0.0
11,90,7.83209834845213,8.751519074453904,1.0,0.0,0.0,0.0,0.0,1.0
12,90,10.004647864354894,6.996767925087648,0.0,0.0,0.0,1.0,0.0,0.0
13,90,1.8419560531982235,7.4992564251946945,1.0,0.0,1.0,0.0,1.0,0.0
14,90,1.1555660348700962,11.970888344121745,1.0,1.0,0.0,1.0,0.0,0.0
15,90,9.608154700966471,9.264961721165315,1.0,1.0,0.0,0.0,0.0,0.0
16,90,0.7839234681923715,4.420995221481034,1.0,0.0,0.0,1.0,1.0,1.0
17,90,8.62945072415057,3.692312712270524,0.0,0.0,0.0,0.0,1.0,1.0
18,90,7.711838197006946,11.86025711220382,0.0,0.0,0.0,0.0,1.0,1.0
19,90,0.0,9.274294394192763,0.0,0.0,1.0,0.0,0.0,0.0
20,90,4.047197501924403,1.67451256110963,1.0,1.0,0.0,1.0,0.0,1.0
21,90,10.14282271070105,1.3922579599582636,0.0,0.0,0.0,1.0,0.0,0.0
22,90,4.3653854975651045,0.2826765380457472,0.0,1.0,0.0,0.0,0.0,0.0
23,90,5.071310150440641,1.4386001711711365,0.0,0.0,0.0,0.0,0.0,0.0
24,90,4.595275574277044,7.286729590567912,1.0,0.0,1.0,1.0,1.0,0.0
25,90,3.1858838162358807,8.301555963306374,0.0,1.0,0.0,0.0,1.0,1.0
26,90,10.061633149617997,10.130368335457623,1.0,0.0,1.0,1.0,0.0,0.0
27,90,3.989599625159068,7.025732631403993,0.0,1.0,0.0,1.0,1.0,0.0
28,90,4.388479762693948,6.016326362148698,1.0,0.0,1.0,1.0,0.0,0.0
29,90,1.4065850509213609,2.237107963530508,0.0,0.0,0.0,0.0,0.0,1.0
30,90,6.067603669890644,9.36907352673272,0.0,1.0,1.0,0.0,0.0,1.0
31,90,3.577615416856182,2.003022680514203,0.0,1.0,1.0,0.0,1.0,0.0
32,90,3.8543188087039058,9.476390127394602,0.0,0.0,1.0,0.0,1.0,0.0
33,90,12.0,3.77831649758512,0.0,0.0,0.0,0.0,0.0,1.0
34,90,5.857445949350837,7.060998977203035,1.0,1.0,0.0,0.0,1.0,0.0
35,90,5.832014942305808,10.169002463073758,1.0,1.0,1.0,1.0,1.0,0.0
36,90,7.853125528424309,0.7416134448100152,0.0,1.0,0.0,1.0,1.0,0.0
37,90,1.5785697117272643,6.207203177428774,0.0,0.0,1.0,0.0,1.0,0.0
38,90,1.9953674436176772,8.992587505778463,0.0,0.0,1.0,0.0,0.0,0.0
39,90,1.237954515591455,1.2735256593139237,1.0,0.0,1.0,1.0,1.0,0.0
0,95,0.0,7.187814280614744,0.0,0.0,0.0,1.0,0.0,1.0
1,95,10.919097792032485,4.279079602152407,1.0,0.0,1.0,0.0,0.0,0.0
2,95,6.390021251581723,9.35185986943891,0.0,1.0,0.0,1.0,0.0,0.0
3,95,0.0127239569872051,6.624669320994505,1.0,1.0,0.0,1.0,0.0,1.0
4,95,4.454740988324542,9.459757443305548,0.0,0.0,0.0,0.0,0.0,1.0
5,95,9.338915951609414,1.939898245758713,1.0,1.0,1.0,0.0,1.0,0.0
6,95,8.419339329622344,6.3720586208055865,0.0,0.0,0.0,0.0,0.0,0.0
7,95,3.985165100252114,3.93001556728534,0.0,1.0,0.0,1.0,1.0,0.0
8,95,4.4873727714486185,11.38016213073174,0.0,1.0,1.0,1.0,1.0,0.0
9,95,2.670978134350257,10.555065503219016,0.0,0.0,1.0,1.0,1.0,0.0
10,95,0.9444305414894244,0.0,1.0,1.0,1.0,0.0,0.0,0.0
11,95,7.801570606867572,8.676953332412081,1.0,0.0,0.0,0.0,0.0,1.0
12,95,9.996161835946753,6.996982772430632,0.0,0.0,0.0,1.0,0.0,0.0
13,95,1.76406766025383,7.401149304468078,1.0,0.0,1.0,0.0,1.0,0.0
14,95,1.1588122571631172,11.982246725520636,1.0,1.0,0.0,1.0,0.0,0.0
15,95,9.51966375779595,9.329132098025225,1.0,1.0,0.0,0.0,0.0,0.0
16,95,0.6962011677720468,4.44281450012568,1.0,0.0,0.0,1.0,1.0,1.0
17,95,8.558031074133403,3.632845912931056,0.0,0.0,0.0,0.0,1.0,1.0
18,95,7.78021882954164,11.841940037177617,0.0,0.0,0.0,0.0,1.0,1.0
19,95,0.0,9.208225693718298,0.0,0.0,1.0,0.0,0.0,0.0
20,95,4.072693921768483,1.6612742075176068,1.0,1.0,0.0,1.0,0.0,1.0
21,95,10.138418982325849,1.3676394681083437,0.0,0.0,0.0,1.0,0.0,0.0
22,95,4.367516855360963,0.2845695108163916,0.0,1.0,0.0,0.0,0.0,0.0
23,95,5.145241180004107,1.4021537053065978,0.0,0.0,0.0,0.0,0.0,0.0
24,95,4.593361435930457,7.283319136987167,1.0,0.0,1.0,1.0,1.0,0.0
25,95,3.2068747243954787,8.240090112542587,0.0,1.0,0.0,0.0,1.0,1.0
26,95,10.101914121200725,10.21141064287536,1.0,0.0,1.0,1.0,0.0,0.0
27,95,3.996434897256393,7.011372409210988,0.0,1.0,0.0,1.0,1.0,0.0
28,95,4.388446763915595,6.016551099874341,1.0,0.0,1.0,1.0,0.0,0.0
29,95,1.4656413291494002,2.2203784346908715,0.0,0.0,0.0,0.0,0.0,1.0
30,95,6.150324856638844,9.326168903574594,0.0,1.0,1.0,0.0,0.0,1.0
31,95,3.6020899219853555,1.9723069391543224,0.0,1.0,1.0,0.0,1.0,0.0
32,95,3.852940494547516,9.479563062750156,0.0,0.0,1.0,0.0,1.0,0.0
33,95,12.0,3.718931871325983,0.0,0.0,0.0,0.0,0.0,1.0
34,95,5.825608041870842,7.104435556443242,1.0,1.0,0.0,0.0,1.0,0.0
35,95,5.79630658952689,10.214108637534748,1.0,1.0,1.0,1.0,1.0,0.0
36,95,7.985331603294942,0.7126813792365947,0.0,1.0,0.0,1.0,1.0,0.0
37,95,1.532177032230972,6.327732406699357,0.0,0.0,1.0,0.0,1.0,0.0
38,95,2.0009398830089733,8.996957470960808,0.0,0.0,1.0,0.0,0.0,0.0
39,95,1.2273629543278697,1.3005881891664797,1.0,0.0,1.0,1.0,1.0,0.0
0,100,0.0,7.200636769989727,0.0,0.0,0.0,1.0,0.0,1.0
1,100,10.922190067371195,4.272260035617217,1.0,0.0,1.0,0.0,0.0,0.0
2,100,6.257410673236912,9.213580602975798,0.0,1.0,0.0,1.0,0.0,0.0
3,100,0.0130420395270102,6.518854741065445,1.0,1.0,0.0,1.0,0.0,1.0
4,100,4.491461241146747,9.479661481289057,0.0,0.0,0.0,0.0,0.0,1.0
5,100,9.346453023755624,1.9192226952137208,1.0,1.0,1.0,0.0,1.0,0.0
6,100,8.455868535767763,6.382259745847057,0.0,0.0,0.0,0.0,0.0,0.0
7,100,3.983131497659223,3.9077327878133934,0.0,1.0,0.0,1.0,1.0,0.0
8,100,4.504394743793974,11.394796583416408,0.0,1.0,1.0,1.0,1.0,0.0
9,100,2.66871812059354,10.558536370534911,0.0,0.0,1.0,1.0,1.0,0.0
10,100,0.9445812052202368,0.0,1.0,1.0,1.0,0.0,0.0,0.0
11,100,7.76780075103854,8.592145526401394,1.0,0.0,0.0,0.0,0.0,1.0
12,100,9.997392483823772,6.996962374324999,0.0,0.0,0.0,1.0,0.0,0.0
13,100,1.6885071739721598,7.306611441201665,1.0,0.0,1.0,0.0,1.0,0.0
14,100,1.1654329291465009,12.0,1.0,1.0,0.0,1.0,0.0,0.0
15,100,9.423923401377907,9.396826757868231,1.0,1.0,0.0,0.0,0.0,0.0
16,100,0.5906162146241486,4.467957546483422,1.0,0.0,0.0,1.0,1.0,1.0
17,100,8.469157981433707,3.5606649324522883,0.0,0.0,0.0,0.0,1.0,1.0
18,100,7.8366344459618595,11.826502756979211,0.0,0.0,0.0,0.0,1.0,1.0
19,100,0.0,9.159010626884514,0.0,0.0,1.0,0.0,0.0,0.0
20,100,4.091310700150344,1.6509453645343533,1.0,1.0,0.0,1.0,0.0,1.0
21,100,10.13338104665802,1.3348776369533777,0.0,0.0,0.0,1.0,0.0,0.0
22,100,4.377019734889336,0.2933595184471131,0.0,1.0,0.0,0.0,0.0,0.0
23,100,5.207281902647626,1.3703644146476106,0.0,0.0,0.0,0.0,0.0,0.0
24,100,4.58721676130481,7.272206689006163,1.0,0.0,1.0,1.0,1.0,0.0
25,100,3.2396593724580685,8.147536064201086,0.0,1.0,0.0,0.0,1.0,1.0
26,100,10.140072470109097,10.289867090221795,1.0,0.0,1.0,1.0,0.0,0.0
27,100,4.003612113488148,6.996539878920167,0.0,1.0,0.0,1.0,1.0,0.0
28,100,4.391465148440781,5.99535950622701,1.0,0.0,1.0,1.0,0.0,0.0
29,100,1.541220504079624,2.19828069283204,0.0,0.0,0.0,0.0,0.0,1.0
30,100,6.236231577240806,9.277733937224353,0.0,1.0,1.0,0.0,0.0,1.0
31,100,3.642747507998976,1.924493801278829,0.0,1.0,1.0,0.0,1.0,0.0
32,100,3.8590775324890063,9.466518834929852,0.0,0.0,1.0,0.0,1.0,0.0
33,100,12.0,3.6581180762946497,0.0,0.0,0.0,0.0,0.0,1.0
34,100,5.792123464650719,7.151936882565127,1.0,1.0,0.0,0.0,1.0,0.0
35,100,5.760139580181693,10.26020406269656,1.0,1.0,1.0,1.0,1.0,0.0
36,100,8.123252200843522,0.6804219355502986,0.0,1.0,0.0,1.0,1.0,0.0
37,100,1.4784455383286208,6.469881605124472,0.0,0.0,1.0,0.0,1.0,0.0
38,100,2.01047440148467,9.004627330631447,0.0,0.0,1.0,0.0,0.0,0.0
39,100,1.2168068255479356,1.328164121069762,1.0,0.0,1.0,1.0,1.0,0.0
0,105,0.0,7.210660920778528,0.0,0.0,0.0,1.0,0.0,1.0
1,105,10.9328569056681,4.24926427595179,1.0,0.0,1.0,0.0,0.0,0.0
2,105,6.113451818129716,9.06309912255499,0.0,1.0,0.0,1.0,0.0,0.0
3,105,0.0151909734790656,6.429707394078615,1.0,1.0,0.0,1.0,0.0,1.0
4,105,4.520917850119692,9.49510958285585,0.0,0.0,0.0,0.0,0.0,1.0
5,105,9.349947821371638,1.908902828319064,1.0,1.0,1.0,0.0,1.0,0.0
6,105,8.484959712037769,6.389354086359681,0.0,0.0,0.0,0.0,0.0,0.0
7,105,3.981766473916847,3.890187350125911,0.0,1.0,0.0,1.0,1.0,0.0
8,105,4.532293946358844,11.41875998725013,0.0,1.0,1.0,1.0,1.0,0.0
9,105,2.658941489373196,10.573828281510655,0.0,0.0,1.0,1.0,1.0,0.0
10,105,0.9460061924545866,0.0,1.0,1.0,1.0,0.0,0.0,0.0
11,105,7.721131485028481,8.485422775579693,1.0,0.0,0.0,0.0,0.0,1.0
12,105,9.99405223018506,6.997038964143908,0.0,0.0,0.0,1.0,0.0,0.0
13,105,1.6054508781619237,7.1996800651775885,1.0,0.0,1.0,0.0,1.0,0.0
14,105,1.1757151569301945,12.0,1.0,1.0,0.0,1.0,0.0,0.0
15,105,9.32717538898954,9.46529483687464,1.0,1.0,0.0,0.0,0.0,0.0
16,105,0.4927935145180319,4.492384718469721,1.0,0.0,0.0,1.0,1.0,1.0
17,105,8.393891296972809,3.4990399791415787,0.0,0.0,0.0,0.0,1.0,1.0
18,105,7.881078488250777,11.81304029671694,0.0,0.0,0.0,0.0,1.0,1.0
19,105,0.0,9.093189255391296,0.0,0.0,1.0,0.0,0.0,0.0
20,105,4.095939829859692,1.64841337799941,1.0,1.0,0.0,1.0,0.0,1.0
21,105,10.130105698242788,1.3160540947118535,0.0,0.0,0.0,1.0,0.0,0.0
22,105,4.364535374865173,0.2818364037727944,0.0,1.0,0.0,0.0,0.0,0.0
23,105,5.271924659243283,1.3396913895158964,0.0,0.0,0.0,0.0,0.0,0.0
24,105,4.576849485451608,7.253216122097695,1.0,0.0,1.0,1.0,1.0,0.0
25,105,3.283152236764852,8.028478204143337,0.0,1.0,0.0,0.0,1.0,1.0
26,105,10.174715064119264,10.359011153271911,1.0,0.0,1.0,1.0,0.0,0.0
27,105,4.021386045143625,6.961913318384433,0.0,1.0,0.0,1.0,1.0,0.0
28,105,4.395771222795403,5.968101858224431,1.0,0.0,1.0,1.0,0.0,0.0
29,105,1.5909504699476071,2.184305470008625,0.0,0.0,0.0,0.0,0.0,1.0
30,105,6.303863688825345,9.239133110277118,0.0,1.0,1.0,0.0,0.0,1.0
31,105,3.67610238713241,1.8860527916436096,0.0,1.0,1.0,0.0,1.0,0.0
32,105,3.860274250000954,9.463750152877044,0.0,0.0,1.0,0.0,1.0,0.0
33,105,12.0,3.5948835084419666,0.0,0.0,0.0,0.0,0.0,1.0
34,105,5.761372027729288,7.194829996606804,1.0,1.0,0.0,0.0,1.0,0.0
35,105,5.726289959316628,10.300955474369962,1.0,1.0,1.0,1.0,1.0,0.0
36,105,8.255155511856957,0.6471699689093209,0.0,1.0,0.0,1.0,1.0,0.0
37,105,1.4258024886973304,6.604400403482836,0.0,0.0,1.0,0.0,1.0,0.0
38,105,2.023424409168065,9.014286268363923,0.0,0.0,1.0,0.0,0.0,0.0
39,105,1.2089849373958397,1.349296171979516,1.0,0.0,1.0,1.0,1.0,0.0
0,110,0.0,7.215649113345653,0.0,0.0,0.0,1.0,0.0,1.0
1,110,10.94460350167438,4.223776019471565,1.0,0.0,1.0,0.0,0.0,0.0
2,110,5.966093120069899,8.914727078894012,0.0,1.0,0.0,1.0,0.0,0.0
3,110,0.019362435408278,6.339996033879388,1.0,1.0,0.0,1.0,0.0,1.0
4,110,4.533656953582341,9.501838988350586,0.0,0.0,0.0,0.0,0.0,1.0
5,110,9.352950890637988,1.899006389286539,1.0,1.0,1.0,0.0,1.0,0.0
6,110,8.498399803552365,6.39294372645076,0.0,0.0,0.0,0.0,0.0,0.0
7,110,3.9802499936519578,3.865414280827818,0.0,1.0,0.0,1.0,1.0,0.0
8,110,4.544126970059743,11.428819525906151,0.0,1.0,1.0,1.0,1.0,0.0
9,110,2.650194739400228,10.58716305882906,0.0,0.0,1.0,1.0,1.0,0.0
10,110,0.9474524456671628,0.0,1.0,1.0,1.0,0.0,0.0,0.0
11,110,7.668923143172873,8.37082986173695,1.0,0.0,0.0,0.0,0.0,1.0
12,110,10.006461765799436,6.996859726150707,0.0,0.0,0.0,1.0,0.0,0.0
13,110,1.5197546592756848,7.090922892916443,1.0,0.0,1.0,0.0,1.0,0.0
14,110,1.1894277911045608,12.0,1.0,1.0,0.0,1.0,0.0,0.0
15,110,9.233510510545887,9.533688930871108,1.0,1.0,0.0,0.0,0.0,0.0
16,110,0.390619234280381,4.519800244669406,1.0,0.0,0.0,1.0,1.0,1.0
17,110,8.334690026951867,3.450402893139374,0.0,0.0,0.0,0.0,1.0,1.0
18,110,7.918729534178545,11.800869520403314,0.0,0.0,0.0,0.0,1.0,1.0
19,110,0.0,9.021927544131556,0.0,0.0,1.0,0.0,0.0,0.0
20,110,4.094406123712911,1.6493077463328178,1.0,1.0,0.0,1.0,0.0,1.0
21,110,10.134462478788622,1.3435510898112382,0.0,0.0,0.0,1.0,0.0,0.0
22,110,4.355847185698699,0.2732724551159309,0.0,1.0,0.0,0.0,0.0,0.0
23,110,5.343795661066282,1.3059699270731808,0.0,0.0,0.0,0.0,0.0,0.0
24,110,4.5591579322657925,7.222100307712564,1.0,0.0,1.0,1.0,1.0,0.0
25,110,3.322253247089748,7.919887685264226,0.0,1.0,0.0,0.0,1.0,1.0
26,110,10.211576301099996,10.43893585989636,1.0,0.0,1.0,1.0,0.0,0.0
27,110,4.0454217724961365,6.919395804167088,0.0,1.0,0.0,1.0,1.0,0.0
28,110,4.399432936435473,5.9435841276269405,1.0,0.0,1.0,1.0,0.0,0.0
29,110,1.6324593200994433,2.1723717686841617,0.0,0.0,0.0,0.0,0.0,1.0
30,110,6.363934837086759,9.203171970450768,0.0,1.0,1.0,0.0,0.0,1.0
31,110,3.72169569755704,1.8344271709772768,0.0,1.0,1.0,0.0,1.0,0.0
32,110,3.8530349780576567,9.480501294218367,0.0,0.0,1.0,0.0,1.0,0.0
33,110,12.0,3.5311117550208904,0.0,0.0,0.0,0.0,0.0,1.0
34,110,5.733178216365192,7.237307739214226,1.0,1.0,0.0,0.0,1.0,0.0
35,110,5.701244501641531,10.330968757394986,1.0,1.0,1.0,1.0,1.0,0.0
36,110,8.374363907351263,0.6156521706416931,0.0,1.0,0.0,1.0,1.0,0.0
37,110,1.372768491692807,6.746808508249366,0.0,0.0,1.0,0.0,1.0,0.0
38,110,2.0386385739879804,9.02540257973034,0.0,0.0,1.0,0.0,0.0,0.0
39,110,1.197350427791836,1.3810682778545074,1.0,0.0,1.0,1.0,1.0,0.0
0,115,0.0,7.2189985014134574,0.0,0.0,0.0,1.0,0.0,1.0
1,115,10.956337677113371,4.198516687078673,1.0,0.0,1.0,0.0,0.0,0.0
2,115,5.821516679601217,8.771018892744403,0.0,1.0,0.0,1.0,0.0,0.0
3,115,0.0253124970049503,6.228838850006383,1.0,1.0,0.0,1.0,0.0,1.0
4,115,4.541236924858833,9.505668588710815,0.0,0.0,0.0,0.0,0.0,1.0
5,115,9.357010256802036,1.885446275475425,1.0,1.0,1.0,0.0,1.0,0.0
6,115,8.518342426938299,6.398097967418045,0.0,0.0,0.0,0.0,0.0,0.0
7,115,3.978529520960439,3.8341861961771473,0.0,1.0,0.0,1.0,1.0,0.0
8,115,4.553832950406125,11.43697824396315,0.0,1.0,1.0,1.0,1.0,0.0
9,115,2.643483487514218,10.59762109722414,0.0,0.0,1.0,1.0,1.0,0.0
10,115,0.9476729038086336,0.0,1.0,1.0,1.0,0.0,0.0,0.0
11,115,7.611070624864394,8.243478342447371,1.0,0.0,0.0,0.0,0.0,1.0
12,115,10.024345709060904,6.996328705954598,0.0,0.0,0.0,1.0,0.0,0.0
13,115,1.4399311050354204,6.989148969090803,1.0,0.0,1.0,0.0,1.0,0.0
14,115,1.2010099648983148,12.0,1.0,1.0,0.0,1.0,0.0,0.0
15,115,9.137520216701052,9.608027095697866,1.0,1.0,0.0,0.0,0.0,0.0
16,115,0.2765742608214068,4.549306465817402,1.0,0.0,0.0,1.0,1.0,1.0
17,115,8.26975990258639,3.3965954976922084,0.0,0.0,0.0,0.0,1.0,1.0
18,115,7.952286899884976,11.790419108995366,0.0,0.0,0.0,0.0,1.0,1.0
19,115,0.0,8.957581728640658,0.0,0.0,1.0,0.0,0.0,0.0
20,115,4.089291394272776,1.652366453689083,1.0,1.0,0.0,1.0,0.0,1.0
21,115,10.138081184526085,1.3668161836719448,0.0,0.0,0.0,1.0,0.0,0.0
22,115,4.3701231307730986,0.2871938863663564,0.0,1.0,0.0,0.0,0.0,0.0
23,115,5.410363965929186,1.2759299170023866,0.0,0.0,0.0,0.0,0.0,0.0
24,115,4.545691621928421,7.198997875159282,1.0,0.0,1.0,1.0,1.0,0.0
25,115,3.365630850847637,7.806632979373018,0.0,1.0,0.0,0.0,1.0,1.0
26,115,10.254656536599402,10.530111279055802,1.0,0.0,1.0,1.0,0.0,0.0
27,115,4.073500621223761,6.869437442920319,0.0,1.0,0.0,1.0,1.0,0.0
28,115,4.40259232324526,5.919123382225257,1.0,0.0,1.0,1.0,0.0,0.0
29,115,1.663556700703009,2.163264310570491,0.0,0.0,0.0,0.0,0.0,1.0
30,115,6.441305445712581,9.153404082186492,0.0,1.0,1.0,0.0,0.0,1.0
31,115,3.777151650717404,1.7718089649212203,0.0,1.0,1.0,0.0,1.0,0.0
32,115,3.8473253085630015,9.494261039426558,0.0,0.0,1.0,0.0,1.0,0.0
33,115,12.0,3.477636566796312,0.0,0.0,0.0,0.0,0.0,1.0
34,115,5.715715848454875,7.26474195454585,1.0,1.0,0.0,0.0,1.0,0.0
35,115,5.698196164858639,10.33460852487014,1.0,1.0,1.0,1.0,1.0,0.0
36,115,8.484941029437316,0.5862246086300826,0.0,1.0,0.0,1.0,1.0,0.0
37,115,1.3202415669130294,6.891554593837039,0.0,0.0,1.0,0.0,1.0,0.0
38,115,2.059350179880879,9.039545705908136,0.0,0.0,1.0,0.0,0.0,0.0
39,115,1.1811177660584675,1.4295314187246675,1.0,0.0,1.0,1.0,1.0,0.0
0,120,0.0,7.221547465115452,0.0,0.0,0.0,1.0,0.0,1.0
1,120,10.955541547211904,4.200153163013672,1.0,0.0,1.0,0.0,0.0,0.0
2,120,5.666484489083668,8.61327504118615,0.0,1.0,0.0,1.0,0.0,0.0
3,120,0.0331776311082687,6.109817445309622,1.0,1.0,0.0,1.0,0.0,1.0
4,120,4.546265160594313,9.508041629744,0.0,0.0,0.0,0.0,0.0,1.0
5,120,9.363023561396634,1.8646178589175613,1.0,1.0,1.0,0.0,1.0,0.0
6,120,8.575938527809637,6.411618976081932,0.0,0.0,0.0,0.0,0.0,0.0
7,120,3.9788770105150695,3.839582185099877,0.0,1.0,0.0,1.0,1.0,0.0
8,120,4.560746325455117,11.44299572306416,0.0,1.0,1.0,1.0,1.0,0.0
9,120,2.629748801807231,10.619669058370247,0.0,0.0,1.0,1.0,1.0,0.0
10,120,0.9495746637774422,0.0,1.0,1.0,1.0,0.0,0.0,0.0
11,120,7.543637635956055,8.101344180566796,1.0,0.0,0.0,0.0,0.0,1.0
12,120,10.05297337955854,6.994842366635629,0.0,0.0,0.0,1.0,0.0,0.0
13,120,1.3713926457404184,6.902241214491464,1.0,0.0,1.0,0.0,1.0,0.0
14,120,1.2124238143468762,12.0,1.0,1.0,0.0,1.0,0.0,0.0
15,120,9.04642906901984,9.68041186290803,1.0,1.0,0.0,0.0,0.0,0.0
16,120,0.1557109527574058,4.578462467791314,1.0,0.0,0.0,1.0,1.0,1.0
17,120,8.197528373104564,3.335570047636691,0.0,0.0,0.0,0.0,1.0,1.0
18,120,8.017252601786106,11.76954913235828,0.0,0.0,0.0,0.0,1.0,1.0
19,120,0.0,8.882037883861706,0.0,0.0,1.0,0.0,0.0,0.0
20,120,4.072251127184924,1.662496888944946,1.0,1.0,0.0,1.0,0.0,1.0
21,120,10.140154039882944,1.382555171080638,0.0,0.0,0.0,1.0,0.0,0.0
22,120,4.38647962642402,0.3021928760930439,0.0,1.0,0.0,0.0,0.0,0.0
23,120,5.490410177186197,1.241254309775761,0.0,0.0,0.0,0.0,0.0,0.0
24,120,4.595431323225133,7.168942945613656,1.0,0.0,1.0,1.0,1.0,0.0
25,120,3.415822169012894,7.676445686268313,0.0,1.0,0.0,0.0,1.0,1.0
26,120,10.293117250396266,10.611327465883358,1.0,0.0,1.0,1.0,0.0,0.0
27,120,4.110482245360386,6.801930240752498,0.0,1.0,0.0,1.0,1.0,0.0
28,120,4.405515204164604,5.894877534157417,1.0,0.0,1.0,1.0,0.0,0.0
29,120,1.6806303306570274,2.158686769869849,0.0,0.0,0.0,0.0,0.0,1.0
30,120,6.521112613069433,9.100723846560951,0.0,1.0,1.0,0.0,0.0,1.0
31,120,3.835329379640372,1.7053831761093146,0.0,1.0,1.0,0.0,1.0,0.0
32,120,3.839442931646674,9.512008330946626,0.0,0.0,1.0,0.0,1.0,0.0
33,120,12.0,3.430425099115673,0.0,0.0,0.0,0.0,0.0,1.0
34,120,5.700182171124011,7.28982074464795,1.0,1.0,0.0,0.0,1.0,0.0
35,120,5.69436689002448,10.339033347313784,1.0,1.0,1.0,1.0,1.0,0.0
36,120,8.600408459825406,0.554836385095026,0.0,1.0,0.0,1.0,1.0,0.0
37,120,1.2759970575681698,7.0043105134443,0.0,0.0,1.0,0.0,1.0,0.0
38,120,2.091893980234925,9.06199678916646,0.0,0.0,1.0,0.0,0.0,0.0
39,120,1.267775748823147,1.4590371908494812,1.0,0.0,1.0,1.0,1.0,0.0
0,125,0.0,7.222773695992572,0.0,0.0,0.0,1.0,0.0,1.0
1,125,10.949289274978934,4.213377735154874,1.0,0.0,1.0,0.0,0.0,0.0
2,125,5.498478022962597,8.438410833697755,0.0,1.0,0.0,1.0,0.0,0.0
3,125,0.0399446586981294,5.998824940015126,1.0,1.0,0.0,1.0,0.0,1.0
4,125,4.554080843084544,9.51166277170111,0.0,0.0,0.0,0.0,0.0,1.0
5,125,9.36510273124578,1.8569416189372865,1.0,1.0,1.0,0.0,1.0,0.0
6,125,8.649349553781253,6.428848869585701,0.0,0.0,0.0,0.0,0.0,0.0
7,125,3.979145416547395,3.842967390030657,0.0,1.0,0.0,1.0,1.0,0.0
8,125,4.552200784553944,11.435633236490297,0.0,1.0,1.0,1.0,1.0,0.0
9,125,2.621794045356893,10.632631773523077,0.0,0.0,1.0,1.0,1.0,0.0
10,125,0.9506041239474594,0.0,1.0,1.0,1.0,0.0,0.0,0.0
11,125,7.483578019429967,7.978159843880372,1.0,0.0,0.0,0.0,0.0,1.0
12,125,10.087576353510386,6.992487997106541,0.0,0.0,0.0,1.0,0.0,0.0
13,125,1.2962388354730547,6.806356784513797,1.0,0.0,1.0,0.0,1.0,0.0
14,125,1.2229024177833283,12.0,1.0,1.0,0.0,1.0,0.0,0.0
15,125,8.941834163815408,9.762125199622252,1.0,1.0,0.0,0.0,0.0,0.0
16,125,0.1896689848976495,4.717737935243089,1.0,0.0,0.0,1.0,1.0,1.0
17,125,8.116420324653397,3.2674854301577763,0.0,0.0,0.0,0.0,1.0,1.0
18,125,8.05665035664632,11.755524020681774,0.0,0.0,0.0,0.0,1.0,1.0
19,125,0.0,8.784611006707213,0.0,0.0,1.0,0.0,0.0,0.0
20,125,4.045033076503147,1.6793944161800682,1.0,1.0,0.0,1.0,0.0,1.0
21,125,10.140777227296986,1.387535982263657,0.0,0.0,0.0,1.0,0.0,0.0
22,125,4.403711548639203,0.3180819886923722,0.0,1.0,0.0,0.0,0.0,0.0
23,125,5.571413516556988,1.2069200698933815,0.0,0.0,0.0,0.0,0.0,0.0
24,125,4.650685386947461,7.135007354238415,1.0,0.0,1.0,1.0,1.0,0.0
25,125,3.468208025554592,7.546287128289225,0.0,1.0,0.0,0.0,1.0,1.0
26,125,10.336249588544296,10.706155201001732,1.0,0.0,1.0,1.0,0.0,0.0
27,125,4.141729463107272,6.747271214623332,0.0,1.0,0.0,1.0,1.0,0.0
28,125,4.409816423534073,5.861775213157397,1.0,0.0,1.0,1.0,0.0,0.0
29,125,1.6909250604344328,2.1559001596739105,0.0,0.0,0.0,0.0,0.0,1.0
30,125,6.605840583343458,9.04481744886036,0.0,1.0,1.0,0.0,0.0,1.0
31,125,3.901916312117751,1.6324221226285032,0.0,1.0,1.0,0.0,1.0,0.0
32,125,3.8277814741398246,9.537349590303004,0.0,0.0,1.0,0.0,1.0,0.0
33,125,12.0,3.384021226550811,0.0,0.0,0.0,0.0,0.0,1.0
34,125,5.681178711720018,7.322385183644724,1.0,1.0,0.0,0.0,1.0,0.0
35,125,5.690982733681363,10.342790191789264,1.0,1.0,1.0,1.0,1.0,0.0
36,125,8.703237689052353,0.5292798585031157,0.0,1.0,0.0,1.0,1.0,0.0
37,125,1.228951797677388,7.122728163642395,0.0,0.0,1.0,0.0,1.0,0.0
38,125,2.125780532733571,9.084257392621211,0.0,0.0,1.0,0.0,0.0,0.0
39,125,1.349578303656485,1.487242916614376,1.0,0.0,1.0,1.0,1.0,0.0
0,130,0.0,7.22456282113079,0.0,0.0,0.0,1.0,0.0,1.0
1,130,10.940123672063526,4.234201043122827,1.0,0.0,1.0,0.0,0.0,0.0
2,130,5.3149371426578185,8.261615787733056,0.0,1.0,0.0,1.0,0.0,0.0
3,130,0.043047124244867,5.912983706010212,1.0,1.0,0.0,1.0,0.0,1.0
4,130,4.551414559934787,9.510334396197766,0.0,0.0,0.0,0.0,0.0,1.0
5,130,9.369416445817077,1.843142922031051,1.0,1.0,1.0,0.0,1.0,0.0
6,130,8.710521029909584,6.441127147045836,0.0,0.0,0.0,0.0,0.0,0.0
7,130,3.980534146393184,3.8590803014002777,0.0,1.0,0.0,1.0,1.0,0.0
8,130,4.560550958352435,11.442330601640524,0.0,1.0,1.0,1.0,1.0,0.0
9,130,2.616020802926138,10.642238685718064,0.0,0.0,1.0,1.0,1.0,0.0
10,130,0.947884208592856,0.0,1.0,1.0,1.0,0.0,0.0,0.0
11,130,7.437951765904255,7.877376646908728,1.0,0.0,0.0,0.0,0.0,1.0
12,130,10.131593019017528,6.98982372498497,0.0,0.0,0.0,1.0,0.0,0.0
13,130,1.2185352646316616,6.705059352544301,1.0,0.0,1.0,0.0,1.0,0.0
14,130,1.2340891920478072,12.0,1.0,1.0,0.0,1.0,0.0,0.0
15,130,8.823351734683103,9.852820075104733,1.0,1.0,0.0,0.0,0.0,0.0
16,130,0.2176545035191536,4.847755485521025,1.0,0.0,0.0,1.0,1.0,1.0
17,130,8.058281512528184,3.2174237065707194,0.0,0.0,0.0,0.0,1.0,1.0
18,130,8.088577933979535,11.743161894133037,0.0,0.0,0.0,0.0,1.0,1.0
19,130,0.0,8.679576134476788,0.0,0.0,1.0,0.0,0.0,0.0
20,130,4.009990232069951,1.7000170976736344,1.0,1.0,0.0,1.0,0.0,1.0
21,130,10.136060433353435,1.387948692487292,0.0,0.0,0.0,1.0,0.0,0.0
22,130,4.425046424108329,0.3376109593337701,0.0,1.0,0.0,0.0,0.0,0.0
23,130,5.650883951543229,1.170524536886008,0.0,0.0,0.0,0.0,0.0,0.0
24,130,4.726184922011694,7.088966451298513,1.0,0.0,1.0,1.0,1.0,0.0
25,130,3.5290693548694376,7.402609317784659,0.0,1.0,0.0,0.0,1.0,1.0
26,130,10.379309376896623,10.79928288195407,1.0,0.0,1.0,1.0,0.0,0.0
27,130,4.171633104342422,6.692902934602564,0.0,1.0,0.0,1.0,1.0,0.0
28,130,4.412659958238401,5.838206824160513,1.0,0.0,1.0,1.0,0.0,0.0
29,130,1.7178408848923796,2.1480354158692827,0.0,0.0,0.0,0.0,0.0,1.0
30,130,6.6956862998840725,8.987424097766143,0.0,1.0,1.0,0.0,0.0,1.0
31,130,3.9653994779416593,1.5603273283378856,0.0,1.0,1.0,0.0,1.0,0.0
32,130,3.817210624665328,9.5589832552844,0.0,0.0,1.0,0.0,1.0,0.0
33,130,12.0,3.336382801404501,0.0,0.0,0.0,0.0,0.0,1.0
34,130,5.662110420016047,7.356179525555853,1.0,1.0,0.0,0.0,1.0,0.0
35,130,5.702803070747403,10.32951545108246,1.0,1.0,1.0,1.0,1.0,0.0
36,130,8.798118000042605,0.5046999154640543,0.0,1.0,0.0,1.0,1.0,0.0
37,130,1.1883239169977202,7.231219242923903,0.0,0.0,1.0,0.0,1.0,0.0
38,130,2.171091557878265,9.114641039958965,0.0,0.0,1.0,0.0,0.0,0.0
39,130,1.4179389019909527,1.5126024786555334,1.0,0.0,1.0,1.0,1.0,0.0
0,135,0.0,7.224285618713908,0.0,0.0,0.0,1.0,0.0,1.0
1,135,10.918760448349897,4.287346644956784,1.0,0.0,1.0,0.0,0.0,0.0
2,135,5.131523478551227,8.086348120106084,0.0,1.0,0.0,1.0,0.0,0.0
3,135,0.0465741613034722,5.840495604016029,1.0,1.0,0.0,1.0,0.0,1.0
4,135,4.540402253512451,9.504656606524003,0.0,0.0,0.0,0.0,0.0,1.0
5,135,9.372827570762428,1.832463605291468,1.0,1.0,1.0,0.0,1.0,0.0
6,135,8.801747746582059,6.459956766214626,0.0,0.0,0.0,0.0,0.0,0.0
7,135,3.980524461411584,3.858985494680313,0.0,1.0,0.0,1.0,1.0,0.0
8,135,4.57916325435413,11.45698042125052,0.0,1.0,1.0,1.0,1.0,0.0
9,135,2.6143653544616585,10.644985156998333,0.0,0.0,1.0,1.0,1.0,0.0
10,135,0.9423583071973304,0.0,1.0,1.0,1.0,0.0,0.0,0.0
11,135,7.391072151287235,7.771195923942765,1.0,0.0,0.0,0.0,0.0,1.0
12,135,10.161395412434574,6.988000548386667,0.0,0.0,0.0,1.0,0.0,0.0
13,135,1.1454697783789916,6.609859244210261,1.0,0.0,1.0,0.0,1.0,0.0
14,135,1.2456343986681966,12.0,1.0,1.0,0.0,1.0,0.0,0.0
15,135,8.707632964356073,9.94115959528298,1.0,1.0,0.0,0.0,0.0,0.0
16,135,0.2458696748600065,4.996329890603232,1.0,0.0,0.0,1.0,1.0,1.0
17,135,8.019971959100982,3.184408486055832,0.0,0.0,0.0,0.0,1.0,1.0
18,135,8.117358898002145,11.731650508944629,0.0,0.0,0.0,0.0,1.0,1.0
19,135,0.0,8.577471929118621,0.0,0.0,1.0,0.0,0.0,0.0
20,135,3.970639249708949,1.7239332876658875,1.0,1.0,0.0,1.0,0.0,1.0
21,135,10.13135457444751,1.388249744535977,0.0,0.0,0.0,1.0,0.0,0.0
22,135,4.4418886383013625,0.3529653077969092,0.0,1.0,0.0,0.0,0.0,0.0
23,135,5.729918753746207,1.1330558067754917,0.0,0.0,0.0,0.0,0.0,0.0
24,135,4.786738522661807,7.051083046971223,1.0,0.0,1.0,1.0,1.0,0.0
25,135,3.590197271779179,7.255035063028961,0.0,1.0,0.0,0.0,1.0,1.0
26,135,10.423508730100629,10.888608926571628,1.0,0.0,1.0,1.0,0.0,0.0
27,135,4.205172597419441,6.629260124428075,0.0,1.0,0.0,1.0,1.0,0.0
28,135,4.381558307545321,5.834668110424941,1.0,0.0,1.0,1.0,0.0,0.0
29,135,1.7604952300429282,2.13529378795031,0.0,0.0,0.0,0.0,0.0,1.0
30,135,6.778387092562685,8.935017433965308,0.0,1.0,1.0,0.0,0.0,1.0
31,135,4.043034697740367,1.4717936535096736,0.0,1.0,1.0,0.0,1.0,0.0
32,135,3.807722074983656,9.579255687945247,0.0,0.0,1.0,0.0,1.0,0.0
33,135,12.0,3.2842588613445507,0.0,0.0,0.0,0.0,0.0,1.0
34,135,5.642288481913608,7.390261508606801,1.0,1.0,0.0,0.0,1.0,0.0
35,135,5.707888511119603,10.324092725515634,1.0,1.0,1.0,1.0,1.0,0.0
36,135,8.897791499926834,0.4805984340884627,0.0,1.0,0.0,1.0,1.0,0.0
37,135,1.1450231648282507,7.34763752973531,0.0,0.0,1.0,0.0,1.0,0.0
38,135,2.216119228300887,9.14370498317328,0.0,0.0,1.0,0.0,0.0,0.0
39,135,1.4678399679404583,1.531353637119918,1.0,0.0,1.0,1.0,1.0,0.0
0,140,0.0,7.224329835380242,0.0,0.0,0.0,1.0,0.0,1.0
1,140,10.896592995663044,4.348958156953034,1.0,0.0,1.0,0.0,0.0,0.0
2,140,4.935418950161067,7.90250507116873,0.0,1.0,0.0,1.0,0.0,0.0
3,140,0.0501937513566559,5.775401260447973,1.0,1.0,0.0,1.0,0.0,1.0
4,140,4.51038321233812,9.48874761809492,0.0,0.0,0.0,0.0,0.0,1.0
5,140,9.374294970907243,1.828127453265234,1.0,1.0,1.0,0.0,1.0,0.0
6,140,8.91102977403821,6.481820218079182,0.0,0.0,0.0,0.0,0.0,0.0
7,140,3.979256427397477,3.8487918119730176,0.0,1.0,0.0,1.0,1.0,0.0
8,140,4.60231871796702,11.475781400200294,0.0,1.0,1.0,1.0,1.0,0.0
9,140,2.602828333921106,10.663833805029734,0.0,0.0,1.0,1.0,1.0,0.0
10,140,0.9364912091348944,0.0,1.0,1.0,1.0,0.0,0.0,0.0
11,140,7.34089076661522,7.658038173273689,1.0,0.0,0.0,0.0,0.0,1.0
12,140,10.194800293018629,6.9864311023282974,0.0,0.0,0.0,1.0,0.0,0.0
13,140,1.0547701219036538,6.487531616231699,1.0,0.0,1.0,0.0,1.0,0.0
14,140,1.2595282025037138,12.0,1.0,1.0,0.0,1.0,0.0,0.0
15,140,8.585195922321237,10.035932571821268,1.0,1.0,0.0,0.0,0.0,0.0
16,140,0.2769657367497771,5.152954906333026,1.0,0.0,0.0,1.0,1.0,1.0
17,140,7.9844586065220975,3.1542777552864383,0.0,0.0,0.0,0.0,1.0,1.0
18,140,8.142496702766168,11.720836882795444,0.0,0.0,0.0,0.0,1.0,1.0
19,140,0.0,8.48368400348783,0.0,0.0,1.0,0.0,0.0,0.0
20,140,3.9283180893807055,1.7494807947803388,1.0,1.0,0.0,1.0,0.0,1.0
21,140,10.127290004079752,1.388503471609791,0.0,0.0,0.0,1.0,0.0,0.0
22,140,4.4503000089638105,0.3608036624186231,0.0,1.0,0.0,0.0,0.0,0.0
23,140,5.803036368388281,1.0984161964528256,0.0,0.0,0.0,0.0,0.0,0.0
24,140,4.852197207141916,7.007535386511412,1.0,0.0,1.0,1.0,1.0,0.0
25,140,3.651083984272932,7.115399102116814,0.0,1.0,0.0,0.0,1.0,1.0
26,140,10.468679738298922,10.980451603143107,1.0,0.0,1.0,1.0,0.0,0.0
27,140,4.241767642878757,6.560687085413025,0.0,1.0,0.0,1.0,1.0,0.0
28,140,4.335246666264797,5.83170405967354,1.0,0.0,1.0,1.0,0.0,0.0
29,140,1.7935430654389604,2.1250284737335527,0.0,0.0,0.0,0.0,0.0,1.0
30,140,6.864771015025869,8.881548880172357,0.0,1.0,1.0,0.0,0.0,1.0
31,140,4.132901661969816,1.3713443207408669,0.0,1.0,1.0,0.0,1.0,0.0
32,140,3.7991115561356503,9.5974085806217,0.0,0.0,1.0,0.0,1.0,0.0
33,140,12.0,3.2296965050770408,0.0,0.0,0.0,0.0,0.0,1.0
34,140,5.630207683249293,7.412870153574389,1.0,1.0,0.0,0.0,1.0,0.0
35,140,5.727602692195752,10.303432375300432,1.0,1.0,1.0,1.0,1.0,0.0
36,140,8.984394387662267,0.4591509054726444,0.0,1.0,0.0,1.0,1.0,0.0
37,140,1.1015030499487533,7.475135330020745,0.0,0.0,1.0,0.0,1.0,0.0
38,140,2.264444958752137,9.176353217951494,0.0,0.0,1.0,0.0,0.0,0.0
39,140,1.500225969815705,1.5438485544448832,1.0,0.0,1.0,1.0,1.0,0.0
0,145,0.0,7.224602080882158,0.0,0.0,0.0,1.0,0.0,1.0
1,145,10.878832627350135,4.39743663113134,1.0,0.0,1.0,0.0,0.0,0.0
2,145,4.724971399472534,7.705650123263311,0.0,1.0,0.0,1.0,0.0,0.0
3,145,0.0551994772236402,5.700524227404764,1.0,1.0,0.0,1.0,0.0,1.0
4,145,4.478322032718082,9.470805798410357,0.0,0.0,0.0,0.0,0.0,1.0
5,145,9.372375615895937,1.8347634169676916,1.0,1.0,1.0,0.0,1.0,0.0
6,145,9.019807909209169,6.502563896200793,0.0,0.0,0.0,0.0,0.0,0.0
7,145,3.981032207019396,3.863727659921116,0.0,1.0,0.0,1.0,1.0,0.0
8,145,4.640381360284849,11.505993194412667,0.0,1.0,1.0,1.0,1.0,0.0
9,145,2.601417790408705,10.666111278277947,0.0,0.0,1.0,1.0,1.0,0.0
10,145,0.9278403220151574,0.0,1.0,1.0,1.0,0.0,0.0,0.0
11,145,7.288680946072091,7.541255012723098,1.0,0.0,0.0,0.0,0.0,1.0
12,145,10.246853384875331,6.983707706823268,0.0,0.0,0.0,1.0,0.0,0.0
13,145,0.9657483204735486,6.368719114621791,1.0,0.0,1.0,0.0,1.0,0.0
14,145,1.2754753035117532,12.0,1.0,1.0,0.0,1.0,0.0,0.0
15,145,8.473163883439335,10.121031747112712,1.0,1.0,0.0,0.0,0.0,0.0
16,145,0.3154686943221877,5.327743028915164,1.0,0.0,0.0,1.0,1.0,1.0
17,145,7.948237488118169,3.1228517963071805,0.0,0.0,0.0,0.0,1.0,1.0
18,145,8.16533593275186,11.71142056887043,0.0,0.0,0.0,0.0,1.0,1.0
19,145,0.0,8.415667272871737,0.0,0.0,1.0,0.0,0.0,0.0
20,145,3.875668734811256,1.7815731163692898,1.0,1.0,0.0,1.0,0.0,1.0
21,145,10.11863528782765,1.389012777225603,0.0,0.0,0.0,1.0,0.0,0.0
22,145,4.449128230310177,0.3597388795053755,0.0,1.0,0.0,0.0,0.0,0.0
23,145,5.862850419331599,1.0691592538968513,0.0,0.0,0.0,0.0,0.0,0.0
24,145,4.896707144775054,6.975966496575663,1.0,0.0,1.0,1.0,1.0,0.0
25,145,3.4958034462936234,7.043118103964265,0.0,1.0,0.0,0.0,1.0,1.0
26,145,10.509736433610636,11.070345796569978,1.0,0.0,1.0,1.0,0.0,0.0
27,145,4.276108199249905,6.4961255116355625,0.0,1.0,0.0,1.0,1.0,0.0
28,145,4.309353731508991,5.830485108665133,1.0,0.0,1.0,1.0,0.0,0.0
29,145,1.833214811651148,2.112941933351137,0.0,0.0,0.0,0.0,0.0,1.0
30,145,6.9518505007236,8.828946809533374,0.0,1.0,1.0,0.0,0.0,1.0
31,145,4.22913674999242,1.2635377749264904,0.0,1.0,1.0,0.0,1.0,0.0
32,145,3.778295239594512,9.642311804006928,0.0,0.0,1.0,0.0,1.0,0.0
33,145,12.0,3.1917619432127635,0.0,0.0,0.0,0.0,0.0,1.0
34,145,5.621189812413747,7.429628576724354,1.0,1.0,0.0,0.0,1.0,0.0
35,145,5.752438729880051,10.276793137083288,1.0,1.0,1.0,1.0,1.0,0.0
36,145,9.084209020445403,0.434365390772076,0.0,1.0,0.0,1.0,1.0,0.0
37,145,1.056933346344347,7.619749656387909,0.0,0.0,1.0,0.0,1.0,0.0
38,145,2.282788395188934,9.188896534292804,0.0,0.0,1.0,0.0,0.0,0.0
39,145,1.5399330251353018,1.560327235447843,1.0,0.0,1.0,1.0,1.0,0.0
0,150,0.0,7.224874398455385,0.0,0.0,0.0,1.0,0.0,1.0
1,150,10.86191737511141,4.441562491932348,1.0,0.0,1.0,0.0,0.0,0.0
2,150,4.536966147147395,7.516392987865486,0.0,1.0,0.0,1.0,0.0,0.0
3,150,0.0588472299202759,5.642109433426434,1.0,1.0,0.0,1.0,0.0,1.0
4,150,4.430823872895735,9.444896481240438,0.0,0.0,0.0,0.0,0.0,1.0
5,150,9.368359944257367,1.8483078063314609,1.0,1.0,1.0,0.0,1.0,0.0
6,150,9.136993834548903,6.525595878343859,0.0,0.0,0.0,0.0,0.0,0.0
7,150,3.983108575533277,3.879574210446094,0.0,1.0,0.0,1.0,1.0,0.0
8,150,4.688477459868609,11.545628616299387,0.0,1.0,1.0,1.0,1.0,0.0
9,150,2.599103275788423,10.67022937000311,0.0,0.0,1.0,1.0,1.0,0.0
10,150,0.919733214136365,0.0,1.0,1.0,1.0,0.0,0.0,0.0
11,150,7.235422704903271,7.430248699482498,1.0,0.0,0.0,0.0,0.0,1.0
12,150,10.302522156320222,6.9822673364439645,0.0,0.0,0.0,1.0,0.0,0.0
13,150,0.8807637977658955,6.249599331224679,1.0,0.0,1.0,0.0,1.0,0.0
14,150,1.292147707791467,12.0,1.0,1.0,0.0,1.0,0.0,0.0
15,150,8.366484150878657,10.199057343524624,1.0,1.0,0.0,0.0,0.0,0.0
16,150,0.3536146906168034,5.508791199532085,1.0,0.0,0.0,1.0,1.0,1.0
17,150,7.90272585751381,3.084805419376016,0.0,0.0,0.0,0.0,1.0,1.0
18,150,8.202249597286503,11.696208879417584,0.0,0.0,0.0,0.0,1.0,1.0
19,150,0.0,8.348331333363067,0.0,0.0,1.0,0.0,0.0,0.0
20,150,3.82140596930256,1.8169376685077656,1.0,1.0,0.0,1.0,0.0,1.0
21,150,10.122426740469104,1.3888598929887694,0.0,0.0,0.0,1.0,0.0,0.0
22,150,4.464317727826644,0.3735793103937001,0.0,1.0,0.0,0.0,0.0,0.0
23,150,5.936783024579005,1.0351985255850185,0.0,0.0,0.0,0.0,0.0,0.0
24,150,4.942064046669457,6.942722081776364,1.0,0.0,1.0,1.0,1.0,0.0
25,150,3.34169969993186,6.975165807524069,0.0,1.0,0.0,0.0,1.0,1.0
26,150,10.561331136047022,11.176786556057758,1.0,0.0,1.0,1.0,0.0,0.0
27,150,4.312515916232396,6.433225379272113,0.0,1.0,0.0,1.0,1.0,0.0
28,150,4.277855033379134,5.828518654375909,1.0,0.0,1.0,1.0,0.0,0.0
29,150,1.8670047460257184,2.102345469104066,0.0,0.0,0.0,0.0,0.0,1.0
30,150,7.022710155863132,8.783402385969218,0.0,1.0,1.0,0.0,0.0,1.0
31,150,4.332887804470939,1.1547447477636388,0.0,1.0,1.0,0.0,1.0,0.0
32,150,3.756270499005333,9.689241332079542,0.0,0.0,1.0,0.0,1.0,0.0
33,150,12.0,3.1554211479522056,0.0,0.0,0.0,0.0,0.0,1.0
34,150,5.615006758718576,7.441207907906238,1.0,1.0,0.0,0.0,1.0,0.0
35,150,5.765407568463089,10.262964767374289,1.0,1.0,1.0,1.0,1.0,0.0
36,150,9.171239828969966,0.412699809183857,0.0,1.0,0.0,1.0,1.0,0.0
37,150,1.016198183082439,7.756564724504303,0.0,0.0,1.0,0.0,1.0,0.0
38,150,2.293186076570755,9.195828620581274,0.0,0.0,1.0,0.0,0.0,0.0
39,150,1.5788367386576805,1.575714232405078,1.0,0.0,1.0,1.0,1.0,0.0
0,155,0.0,7.225410056354022,0.0,0.0,0.0,1.0,0.0,1.0
1,155,10.843276440885653,4.488252019967682,1.0,0.0,1.0,0.0,0.0,0.0
2,155,4.345952714693639,7.32214957753996,0.0,1.0,0.0,1.0,0.0,0.0
3,155,0.0613513972528755,5.580939852469538,1.0,1.0,0.0,1.0,0.0,1.0
4,155,4.375041466283959,9.414628860413474,0.0,0.0,0.0,0.0,0.0,1.0
5,155,9.37331917759953,1.832090917396609,1.0,1.0,1.0,0.0,1.0,0.0
6,155,9.244270075329878,6.546036468929112,0.0,0.0,0.0,0.0,0.0,0.0
7,155,3.9831283643212094,3.8798006338516102,0.0,1.0,0.0,1.0,1.0,0.0
8,155,4.727350327345724,11.57716590020334,0.0,1.0,1.0,1.0,1.0,0.0
9,155,2.593339166634476,10.680598640258642,0.0,0.0,1.0,1.0,1.0,0.0
10,155,0.9125537044979214,0.0,1.0,1.0,1.0,0.0,0.0,0.0
11,155,7.182438761802164,7.315029767277399,1.0,0.0,0.0,0.0,0.0,1.0
12,155,10.369827900880496,6.982021732031842,0.0,0.0,0.0,1.0,0.0,0.0
13,155,0.7909526883687353,6.120288772235749,1.0,0.0,1.0,0.0,1.0,0.0
14,155,1.3047181516785822,12.0,1.0,1.0,0.0,1.0,0.0,0.0
15,155,8.26598006126162,10.275811158838176,1.0,1.0,0.0,0.0,0.0,0.0
16,155,0.391308062766646,5.67562635167827,1.0,0.0,0.0,1.0,1.0,1.0
17,155,7.865607983141015,3.053820292535911,0.0,0.0,0.0,0.0,1.0,1.0
18,155,8.258101619341376,11.672516209414551,0.0,0.0,0.0,0.0,1.0,1.0
19,155,0.0,8.276545459377608,0.0,0.0,1.0,0.0,0.0,0.0
20,155,3.7684163195162994,1.8528808261498648,1.0,1.0,0.0,1.0,0.0,1.0
21,155,10.109986398714886,1.3891378233441305,0.0,0.0,0.0,1.0,0.0,0.0
22,155,4.472528653939161,0.3809727108643432,0.0,1.0,0.0,0.0,0.0,0.0
23,155,6.02913931462966,0.9947186449912232,0.0,0.0,0.0,0.0,0.0,0.0
24,155,5.0232370366442085,6.881971266101907,1.0,0.0,1.0,1.0,1.0,0.0
25,155,3.169143334396087,6.896507688493196,0.0,1.0,0.0,0.0,1.0,1.0
26,155,10.61537166504164,11.285685326022817,1.0,0.0,1.0,1.0,0.0,0.0
27,155,4.357148471467341,6.356446534302293,0.0,1.0,0.0,1.0,1.0,0.0
28,155,4.246119821717324,5.826480196632462,1.0,0.0,1.0,1.0,0.0,0.0
29,155,1.9048085332315683,2.091090796039566,0.0,0.0,0.0,0.0,0.0,1.0
30,155,7.086780939070565,8.742644918181977,0.0,1.0,1.0,0.0,0.0,1.0
31,155,4.447103430959301,1.0433837570479634,0.0,1.0,1.0,0.0,1.0,0.0
32,155,3.7335395694868128,9.739884726085188,0.0,0.0,1.0,0.0,1.0,0.0
33,155,12.0,3.1297979361924138,0.0,0.0,0.0,0.0,0.0,1.0
34,155,5.612376340895846,7.446286983792904,1.0,1.0,0.0,0.0,1.0,0.0
35,155,5.793626290653733,10.234761178100916,1.0,1.0,1.0,1.0,1.0,0.0
36,155,9.2528708209297,0.391344010903422,0.0,1.0,0.0,1.0,1.0,0.0
37,155,0.9785099058281892,7.877464323177192,0.0,0.0,1.0,0.0,1.0,0.0
38,155,2.293995086995225,9.196342183386468,0.0,0.0,1.0,0.0,0.0,0.0
39,155,1.6235232238271733,1.592171962394242,1.0,0.0,1.0,1.0,1.0,0.0
0,160,0.0,7.226057588083318,0.0,0.0,0.0,1.0,0.0,1.0
1,160,10.821661793185454,4.541157203287118,1.0,0.0,1.0,0.0,0.0,0.0
2,160,4.15129053026344,7.109670062750017,0.0,1.0,0.0,1.0,0.0,0.0
3,160,0.0625318625239094,5.5401155798621735,1.0,1.0,0.0,1.0,0.0,1.0
4,160,4.309191774240023,9.378413238088532,0.0,0.0,0.0,0.0,0.0,1.0
5,160,9.37816171745107,1.8168690712184383,1.0,1.0,1.0,0.0,1.0,0.0
6,160,9.347921889021013,6.566902620397602,0.0,0.0,0.0,0.0,0.0,0.0
7,160,3.982788056616307,3.876053848482435,0.0,1.0,0.0,1.0,1.0,0.0
8,160,4.765369105091267,11.60738001639368,0.0,1.0,1.0,1.0,1.0,0.0
9,160,2.593445670424797,10.680408124545082,0.0,0.0,1.0,1.0,1.0,0.0
10,160,0.9063062502136274,0.0,1.0,1.0,1.0,0.0,0.0,0.0
11,160,7.1205199201157,7.181531611329854,1.0,0.0,0.0,0.0,0.0,1.0
12,160,10.435379041031291,6.981077831199122,0.0,0.0,0.0,1.0,0.0,0.0
13,160,0.7093433945506015,6.001389863381755,1.0,0.0,1.0,0.0,1.0,0.0
14,160,1.3164202424332945,12.0,1.0,1.0,0.0,1.0,0.0,0.0
15,160,8.180538318981739,10.346621528204803,1.0,1.0,0.0,0.0,0.0,0.0
16,160,0.4250408524072201,5.826470827339499,1.0,0.0,0.0,1.0,1.0,1.0
17,160,7.821959601734856,3.0154360722314384,0.0,0.0,0.0,0.0,1.0,1.0
18,160,8.306506128165857,11.650851517878143,0.0,0.0,0.0,0.0,1.0,1.0
19,160,0.0,8.210713986095753,0.0,0.0,1.0,0.0,0.0,0.0
20,160,3.724319352045885,1.883112884477268,1.0,1.0,0.0,1.0,0.0,1.0
21,160,10.114215502860368,1.3889841620852723,0.0,0.0,0.0,1.0,0.0,0.0
22,160,4.480117021075994,0.3879301907017617,0.0,1.0,0.0,0.0,0.0,0.0
23,160,6.119195048922634,0.954373567207604,0.0,0.0,0.0,0.0,0.0,0.0
24,160,5.105385912616686,6.82151687051489,1.0,0.0,1.0,1.0,1.0,0.0
25,160,2.993772341130734,6.817322279934508,0.0,1.0,0.0,0.0,1.0,1.0
26,160,10.671888335109829,11.402073426242064,1.0,0.0,1.0,1.0,0.0,0.0
27,160,4.410549978558574,6.262460559872192,0.0,1.0,0.0,1.0,1.0,0.0
28,160,4.2596447710416685,5.827156964662757,1.0,0.0,1.0,1.0,0.0,0.0
29,160,1.9421179077252555,2.080523122448418,0.0,0.0,0.0,0.0,0.0,1.0
30,160,7.161674064044015,8.696739721297664,0.0,1.0,1.0,0.0,0.0,1.0
31,160,4.5332507137573534,0.9596743924568358,0.0,1.0,1.0,0.0,1.0,0.0
32,160,3.714792036506526,9.779252677495055,0.0,0.0,1.0,0.0,1.0,0.0
33,160,12.0,3.099133524950644,0.0,0.0,0.0,0.0,0.0,1.0
34,160,5.61268870703131,7.445693467869384,1.0,1.0,0.0,0.0,1.0,0.0
35,160,5.815363005227228,10.21240106961288,1.0,1.0,1.0,1.0,1.0,0.0
36,160,9.329059009289162,0.3694939286123699,0.0,1.0,0.0,1.0,1.0,0.0
37,160,0.9432835312600784,7.9991005012657,0.0,0.0,1.0,0.0,1.0,0.0
38,160,2.3008622697205303,9.20066714611363,0.0,0.0,1.0,0.0,0.0,0.0
39,160,1.6443439004701328,1.5359806649279704,1.0,0.0,1.0,1.0,1.0,0.0
0,165,0.0,7.226759101166461,0.0,0.0,0.0,1.0,0.0,1.0
1,165,10.804254876987413,4.579815104089668,1.0,0.0,1.0,0.0,0.0,0.0
2,165,3.9551708789587865,6.89366023014869,0.0,1.0,0.0,1.0,0.0,0.0
3,165,0.0642533809735328,5.500300274797345,1.0,1.0,0.0,1.0,0.0,1.0
4,165,4.236470262441629,9.337864125213745,0.0,0.0,0.0,0.0,0.0,1.0
5,165,9.383142608659526,1.800636528059656,1.0,1.0,1.0,0.0,1.0,0.0
6,165,9.450888341962909,6.587635668739684,0.0,0.0,0.0,0.0,0.0,0.0
7,165,3.9825469391937593,3.873905599294103,0.0,1.0,0.0,1.0,1.0,0.0
8,165,4.798421742706334,11.633991697075391,0.0,1.0,1.0,1.0,1.0,0.0
9,165,2.596240623675436,10.675366619580174,0.0,0.0,1.0,1.0,1.0,0.0
10,165,0.901497122356952,0.0,1.0,1.0,1.0,0.0,0.0,0.0
11,165,7.054000806628922,7.046207948491422,1.0,0.0,0.0,0.0,0.0,1.0
12,165,10.50432162000363,6.978844958316575,0.0,0.0,0.0,1.0,0.0,0.0
13,165,0.6247155918753324,5.884463394790103,1.0,0.0,1.0,0.0,1.0,0.0
14,165,1.3274515504588005,12.0,1.0,1.0,0.0,1.0,0.0,0.0
15,165,8.09137227359644,10.423247109585628,1.0,1.0,0.0,0.0,0.0,0.0
16,165,0.4515142040557266,5.942212212799761,1.0,0.0,0.0,1.0,1.0,1.0
17,165,7.782128129964591,2.980224106499743,0.0,0.0,0.0,0.0,1.0,1.0
18,165,8.35057759823258,11.63209189718154,0.0,0.0,0.0,0.0,1.0,1.0
19,165,0.0,8.139669321632958,0.0,0.0,1.0,0.0,0.0,0.0
20,165,3.674031901636692,1.9180570800144223,1.0,1.0,0.0,1.0,0.0,1.0
21,165,10.105188259590388,1.3893229972539731,0.0,0.0,0.0,1.0,0.0,0.0
22,165,4.480674435106418,0.3884127322516949,0.0,1.0,0.0,0.0,0.0,0.0
23,165,6.22890253808924,0.9053389045270218,0.0,0.0,0.0,0.0,0.0,0.0
24,165,5.202004392481996,6.754905971962151,1.0,0.0,1.0,1.0,1.0,0.0
25,165,2.829456057912969,6.737948292549335,0.0,1.0,0.0,0.0,1.0,1.0
26,165,10.72748841832845,11.518831357513516,1.0,0.0,1.0,1.0,0.0,0.0
27,165,4.461623533070482,6.177814862156656,0.0,1.0,0.0,1.0,1.0,0.0
28,165,4.269092508623353,5.827935543727127,1.0,0.0,1.0,1.0,0.0,0.0
29,165,1.9888624675417013,2.0675639712825564,0.0,0.0,0.0,0.0,0.0,1.0
30,165,7.235133458826559,8.648565805846903,0.0,1.0,1.0,0.0,0.0,1.0
31,165,4.616073216291343,0.8837622189350092,0.0,1.0,1.0,0.0,1.0,0.0
32,165,3.7026553191389633,9.805884876102692,0.0,0.0,1.0,0.0,1.0,0.0
33,165,12.0,3.0624673886789084,0.0,0.0,0.0,0.0,0.0,1.0
34,165,5.610910190583295,7.44899259891354,1.0,1.0,0.0,0.0,1.0,0.0
35,165,5.8274630586005,10.19998231386895,1.0,1.0,1.0,1.0,1.0,0.0
36,165,9.4014197510347,0.3482793787889859,0.0,1.0,0.0,1.0,1.0,0.0
37,165,0.9103312840318004,8.113677348299072,0.0,0.0,1.0,0.0,1.0,0.0
38,165,2.3024468629142016,9.20162819446944,0.0,0.0,1.0,0.0,0.0,0.0
39,165,1.6714274687480648,1.460305703190151,1.0,0.0,1.0,1.0,1.0,0.0
0,170,0.0,7.229206072696581,0.0,0.0,0.0,1.0,0.0,1.0
1,170,10.789805861580035,4.613209720447921,1.0,0.0,1.0,0.0,0.0,0.0
2,170,3.743534805239324,6.661596597240633,0.0,1.0,0.0,1.0,0.0,0.0
3,170,0.0647348308655372,5.470659214978714,1.0,1.0,0.0,1.0,0.0,1.0
4,170,4.173798536086656,9.299587176053544,0.0,0.0,0.0,0.0,0.0,1.0
5,170,9.391454392744684,1.7734041500108413,1.0,1.0,1.0,0.0,1.0,0.0
6,170,9.55594182567296,6.612301929228708,0.0,0.0,0.0,0.0,0.0,0.0
7,170,3.980313126567901,3.852698981595249,0.0,1.0,0.0,1.0,1.0,0.0
8,170,4.827500503929223,11.657554949772225,0.0,1.0,1.0,1.0,1.0,0.0
9,170,2.5927928749075115,10.68152760401005,0.0,0.0,1.0,1.0,1.0,0.0
10,170,0.8959284873187461,0.0,1.0,1.0,1.0,0.0,0.0,0.0
11,170,6.9775128838734695,6.896261217536789,1.0,0.0,0.0,0.0,0.0,1.0
12,170,10.568393161464654,6.9753770981337215,0.0,0.0,0.0,1.0,0.0,0.0
13,170,0.5329196615328293,5.761433337502292,1.0,0.0,1.0,0.0,1.0,0.0
14,170,1.3413481103260414,12.0,1.0,1.0,0.0,1.0,0.0,0.0
15,170,8.010522120594207,10.49276467536178,1.0,1.0,0.0,0.0,0.0,0.0
16,170,0.4798333035846541,6.060208854862788,1.0,0.0,0.0,1.0,1.0,1.0
17,170,7.742205298813667,2.9448027078649206,0.0,0.0,0.0,0.0,1.0,1.0
18,170,8.39855302426993,11.610692371304136,0.0,0.0,0.0,0.0,1.0,1.0
19,170,0.0,8.080099022701951,0.0,0.0,1.0,0.0,0.0,0.0
20,170,3.614802564442504,1.9569290399778971,1.0,1.0,0.0,1.0,0.0,1.0
21,170,10.096061884164875,1.3895320384512886,0.0,0.0,0.0,1.0,0.0,0.0
22,170,4.48777007575229,0.3942783438347237,0.0,1.0,0.0,0.0,0.0,0.0
23,170,6.357927327830424,0.84913817859675,0.0,0.0,0.0,0.0,0.0,0.0
24,170,5.293530807588256,6.692948844257003,1.0,0.0,1.0,1.0,1.0,0.0
25,170,2.664062242761779,6.65708284917444,0.0,1.0,0.0,0.0,1.0,1.0
26,170,10.785228617722924,11.638019551169858,1.0,0.0,1.0,1.0,0.0,0.0
27,170,4.508530007320324,6.100313207099855,0.0,1.0,0.0,1.0,1.0,0.0
28,170,4.28850935912073,5.829308425873766,1.0,0.0,1.0,1.0,0.0,0.0
29,170,2.0238718175372035,2.0577389634883105,0.0,0.0,0.0,0.0,0.0,1.0
30,170,7.298413639523359,8.607274050345806,0.0,1.0,1.0,0.0,0.0,1.0
31,170,4.700287376474219,0.8086602738396907,0.0,1.0,1.0,0.0,1.0,0.0
32,170,3.689317121970788,9.83583256192744,0.0,0.0,1.0,0.0,1.0,0.0
33,170,12.0,3.0323276552233964,0.0,0.0,0.0,0.0,0.0,1.0
34,170,5.595226014075063,7.478360540313552,1.0,1.0,0.0,0.0,1.0,0.0
35,170,5.852557583171463,10.173290153046276,1.0,1.0,1.0,1.0,1.0,0.0
36,170,9.468136351702146,0.3297746952669709,0.0,1.0,0.0,1.0,1.0,0.0
37,170,0.8781995092232454,8.224121034189313,0.0,0.0,1.0,0.0,1.0,0.0
38,170,2.304858756235793,9.203108873186313,0.0,0.0,1.0,0.0,0.0,0.0
39,170,1.705726657724347,1.3730926013052125,1.0,0.0,1.0,1.0,1.0,0.0
0,175,0.0,7.231962710550552,0.0,0.0,0.0,1.0,0.0,1.0
1,175,10.77974180335645,4.636011523015643,1.0,0.0,1.0,0.0,0.0,0.0
2,175,3.5239235720225466,6.422668015412801,0.0,1.0,0.0,1.0,0.0,0.0
3,175,0.0646446723283473,5.450244074886933,1.0,1.0,0.0,1.0,0.0,1.0
4,175,4.114072220455193,9.263257856526025,0.0,0.0,0.0,0.0,0.0,1.0
5,175,9.39852069759087,1.7505292905333685,1.0,1.0,1.0,0.0,1.0,0.0
6,175,9.65500333902489,6.634478179858659,0.0,0.0,0.0,0.0,0.0,0.0
7,175,3.979037479399505,3.8430150094077344,0.0,1.0,0.0,1.0,1.0,0.0
8,175,4.849177557429631,11.675939014854023,0.0,1.0,1.0,1.0,1.0,0.0
9,175,2.5861440653371,10.693284879352683,0.0,0.0,1.0,1.0,1.0,0.0
10,175,0.8907200620472245,0.0,1.0,1.0,1.0,0.0,0.0,0.0
11,175,6.916493131253422,6.773857014495956,1.0,0.0,0.0,0.0,0.0,1.0
12,175,10.629514936674967,6.970778680361776,0.0,0.0,0.0,1.0,0.0,0.0
13,175,0.438998272923745,5.638203481170154,1.0,0.0,1.0,0.0,1.0,0.0
14,175,1.3657155533917096,12.0,1.0,1.0,0.0,1.0,0.0,0.0
15,175,7.939608451134493,10.552444290912511,1.0,1.0,0.0,0.0,0.0,0.0
16,175,0.5080991140660301,6.192885298518579,1.0,0.0,0.0,1.0,1.0,1.0
17,175,7.700828587512527,2.909232193716176,0.0,0.0,0.0,0.0,1.0,1.0
18,175,8.434332544367814,11.594874842681277,0.0,0.0,0.0,0.0,1.0,1.0
19,175,0.0,8.025735098894415,0.0,0.0,1.0,0.0,0.0,0.0
20,175,3.572919800873425,1.9833506507374965,1.0,1.0,0.0,1.0,0.0,1.0
21,175,10.07687080020467,1.3896351031565408,0.0,0.0,0.0,1.0,0.0,0.0
22,175,4.485812969569209,0.3925972446907725,0.0,1.0,0.0,0.0,0.0,0.0
23,175,6.486342532005841,0.7936343547101188,0.0,0.0,0.0,0.0,0.0,0.0
24,175,5.398953584278967,6.62308553358062,1.0,0.0,1.0,1.0,1.0,0.0
25,175,2.5183077562119967,6.585645676575148,0.0,1.0,0.0,0.0,1.0,1.0
26,175,10.84642595998482,11.762410899437294,1.0,0.0,1.0,1.0,0.0,0.0
27,175,4.554077917611709,6.020187540610335,0.0,1.0,0.0,1.0,1.0,0.0
28,175,4.298662679022785,5.830233160294381,1.0,0.0,1.0,1.0,0.0,0.0
29,175,2.069234267771476,2.045891480559761,0.0,0.0,0.0,0.0,0.0,1.0
30,175,7.360233036376137,8.566236736797327,0.0,1.0,1.0,0.0,0.0,1.0
31,175,4.782574739421363,0.7375965892775458,0.0,1.0,1.0,0.0,1.0,0.0
32,175,3.681517356587964,9.853427356901904,0.0,0.0,1.0,0.0,1.0,0.0
33,175,12.0,3.008181057360812,0.0,0.0,0.0,0.0,0.0,1.0
34,175,5.587464674901273,7.492004721360744,1.0,1.0,0.0,0.0,1.0,0.0
35,175,5.868461170248616,10.156930937539231,1.0,1.0,1.0,1.0,1.0,0.0
36,175,9.558676388053032,0.3058790844425983,0.0,1.0,0.0,1.0,1.0,0.0
37,175,0.844315208683703,8.344931632386453,0.0,0.0,1.0,0.0,1.0,0.0
38,175,2.319209924330578,9.211842504230749,0.0,0.0,1.0,0.0,0.0,0.0
39,175,1.7330142499542969,1.3037438552995624,1.0,0.0,1.0,1.0,1.0,0.0
0,180,0.0,7.236155309536788,0.0,0.0,0.0,1.0,0.0,1.0
1,180,10.763047066050634,4.672909974148255,1.0,0.0,1.0,0.0,0.0,0.0
2,180,3.305856004613485,6.193928314771112,0.0,1.0,0.0,1.0,0.0,0.0
3,180,0.0643500535148337,5.441461467405296,1.0,1.0,0.0,1.0,0.0,1.0
4,180,4.058075943893714,9.22922149299486,0.0,0.0,0.0,0.0,0.0,1.0
5,180,9.40859420098518,1.718257133998977,1.0,1.0,1.0,0.0,1.0,0.0
6,180,9.752278561049232,6.658460834292937,0.0,0.0,0.0,0.0,0.0,0.0
7,180,3.9750361320347145,3.819202524173541,0.0,1.0,0.0,1.0,1.0,0.0
8,180,4.873760147164154,11.696668494824769,0.0,1.0,1.0,1.0,1.0,0.0
9,180,2.611244830896809,10.706795884299822,0.0,0.0,1.0,1.0,1.0,0.0
10,180,0.8830514768747624,0.0,1.0,1.0,1.0,0.0,0.0,0.0
11,180,6.858037799806894,6.659521289753287,1.0,0.0,0.0,0.0,0.0,1.0
12,180,10.694148931827346,6.968123721840515,0.0,0.0,0.0,1.0,0.0,0.0
13,180,0.3357590336228173,5.499268763219829,1.0,0.0,1.0,0.0,1.0,0.0
14,180,1.396874970877395,12.0,1.0,1.0,0.0,1.0,0.0,0.0
15,180,7.8640253186017794,10.617648543099945,1.0,1.0,0.0,0.0,0.0,0.0
16,180,0.5341375529986941,6.325634579692275,1.0,0.0,0.0,1.0,1.0,1.0
17,180,7.667543936167748,2.8802697017304104,0.0,0.0,0.0,0.0,1.0,1.0
18,180,8.47244590020035,11.57793275852466,0.0,0.0,0.0,0.0,1.0,1.0
19,180,0.0,7.971450442440468,0.0,0.0,1.0,0.0,0.0,0.0
20,180,3.5454170848228403,2.00039155779409,1.0,1.0,0.0,1.0,0.0,1.0
21,180,10.071293167193977,1.3896847227384137,0.0,0.0,0.0,1.0,0.0,0.0
22,180,4.485516957920443,0.3923407202359993,0.0,1.0,0.0,0.0,0.0,0.0
23,180,6.629312062810295,0.73038497547262,0.0,0.0,0.0,0.0,0.0,0.0
24,180,5.518500053280729,6.539693725434526,1.0,0.0,1.0,1.0,1.0,0.0
25,180,2.362753308122324,6.511001109743487,0.0,1.0,0.0,0.0,1.0,1.0
26,180,10.91042557780366,11.890360408157749,1.0,0.0,1.0,1.0,0.0,0.0
27,180,4.595465964954597,5.945745465604297,0.0,1.0,0.0,1.0,1.0,0.0
28,180,4.30120439966454,5.803101360946425,1.0,0.0,1.0,1.0,0.0,0.0
29,180,2.105432591383823,2.0358103775600487,0.0,0.0,0.0,0.0,0.0,1.0
30,180,7.426648652012008,8.521938362123041,0.0,1.0,1.0,0.0,0.0,1.0
31,180,4.853220723414998,0.6722961594007706,0.0,1.0,1.0,0.0,1.0,0.0
32,180,3.677482830840495,9.86161723522419,0.0,0.0,1.0,0.0,1.0,0.0
33,180,12.0,2.9847003829131835,0.0,0.0,0.0,0.0,0.0,1.0
34,180,5.584360287512854,7.497618666934786,1.0,1.0,0.0,0.0,1.0,0.0
35,180,5.89699870280449,10.127838951587185,1.0,1.0,1.0,1.0,1.0,0.0
36,180,9.647780409061538,0.2789641410277591,0.0,1.0,0.0,1.0,1.0,0.0
37,180,0.8101709474872446,8.465212458593285,0.0,0.0,1.0,0.0,1.0,0.0
38,180,2.323419313386818,9.214332238072938,0.0,0.0,1.0,0.0,0.0,0.0
39,180,1.7619293576218185,1.2320783028012292,1.0,0.0,1.0,1.0,1.0,0.0
0,185,0.0,7.2418724847849,0.0,0.0,0.0,1.0,0.0,1.0
1,185,10.7531958677047,4.694366408458175,1.0,0.0,1.0,0.0,0.0,0.0
2,185,3.064346907408522,5.950983287114885,0.0,1.0,0.0,1.0,0.0,0.0
3,185,0.0639297779922254,5.418403379369669,1.0,1.0,0.0,1.0,0.0,1.0
4,185,3.989742053513577,9.18925935706828,0.0,0.0,0.0,0.0,0.0,1.0
5,185,9.413024592252825,1.704390979733818,1.0,1.0,1.0,0.0,1.0,0.0
6,185,9.850247694689878,6.683580864649247,0.0,0.0,0.0,0.0,0.0,0.0
7,185,3.969080777066007,3.7807028327500207,0.0,1.0,0.0,1.0,1.0,0.0
8,185,4.880995763486418,11.702767936618944,0.0,1.0,1.0,1.0,1.0,0.0
9,185,2.63593958707737,10.720209063614483,0.0,0.0,1.0,1.0,1.0,0.0
10,185,0.8755489772195398,0.0,1.0,1.0,1.0,0.0,0.0,0.0
11,185,6.796442010120507,6.531597788051091,1.0,0.0,0.0,0.0,0.0,1.0
12,185,10.769151817317873,6.9662673526620695,0.0,0.0,0.0,1.0,0.0,0.0
13,185,0.2417173181092889,5.363299901049846,1.0,0.0,1.0,0.0,1.0,0.0
14,185,1.426804342678105,12.0,1.0,1.0,0.0,1.0,0.0,0.0
15,185,7.78868259530287,10.684296300169985,1.0,1.0,0.0,0.0,0.0,0.0
16,185,0.5626853455467136,6.459075685362016,1.0,0.0,0.0,1.0,1.0,1.0
17,185,7.637924325431414,2.853553812682956,0.0,0.0,0.0,0.0,1.0,1.0
18,185,8.521954282526595,11.555257982696617,0.0,0.0,0.0,0.0,1.0,1.0
19,185,0.0,7.912004631392305,0.0,0.0,1.0,0.0,0.0,0.0
20,185,3.5409358634269066,2.003264754696642,1.0,1.0,0.0,1.0,0.0,1.0
21,185,10.081126681832302,1.3897248540454474,0.0,0.0,0.0,1.0,0.0,0.0
22,185,4.485727058268727,0.3925224180375548,0.0,1.0,0.0,0.0,0.0,0.0
23,185,6.77745144117232,0.6651185440125382,0.0,0.0,0.0,0.0,0.0,0.0
24,185,5.63632291817641,6.458912893174392,1.0,0.0,1.0,1.0,1.0,0.0
25,185,2.2037932737030896,6.442897638340402,0.0,1.0,0.0,0.0,1.0,1.0
26,185,10.98175824144332,12.0,1.0,0.0,1.0,1.0,0.0,0.0
27,185,4.635431606039305,5.8769558270595,0.0,1.0,0.0,1.0,1.0,0.0
28,185,4.303197803194523,5.776468523031352,1.0,0.0,1.0,1.0,0.0,0.0
29,185,2.1255680326939834,2.0300995082432216,0.0,0.0,0.0,0.0,0.0,1.0
30,185,7.48786271563208,8.483062172721901,0.0,1.0,1.0,0.0,0.0,1.0
31,185,4.929160306667829,0.6025900322475015,0.0,1.0,1.0,0.0,1.0,0.0
32,185,3.662117651094563,9.89232126076976,0.0,0.0,1.0,0.0,1.0,0.0
33,185,12.0,2.9617402156873007,0.0,0.0,0.0,0.0,0.0,1.0
34,185,5.573154110498394,7.517482303618981,1.0,1.0,0.0,0.0,1.0,0.0
35,185,5.923435738518246,10.101546511204944,1.0,1.0,1.0,1.0,1.0,0.0
36,185,9.725682201357024,0.2575591544934665,0.0,1.0,0.0,1.0,1.0,0.0
37,185,0.7801677704231438,8.574340684339212,0.0,0.0,1.0,0.0,1.0,0.0
38,185,2.3206782159152923,9.212748659376496,0.0,0.0,1.0,0.0,0.0,0.0
39,185,1.7809832981044238,1.189419033907274,1.0,0.0,1.0,1.0,1.0,0.0
0,190,0.0,7.248322172579441,0.0,0.0,0.0,1.0,0.0,1.0
1,190,10.745482444996822,4.712219113796282,1.0,0.0,1.0,0.0,0.0,0.0
2,190,2.8265918584551515,5.717122131384907,0.0,1.0,0.0,1.0,0.0,0.0
3,190,0.0643189501928532,5.386253708519328,1.0,1.0,0.0,1.0,0.0,1.0
4,190,3.899088264516329,9.138355431042738,0.0,0.0,0.0,0.0,0.0,1.0
5,190,9.413853813179896,1.7018510165370944,1.0,1.0,1.0,0.0,1.0,0.0
6,190,9.941978639469202,6.704768685587349,0.0,0.0,0.0,0.0,0.0,0.0
7,190,3.96163871752584,3.7227208208532936,0.0,1.0,0.0,1.0,1.0,0.0
8,190,4.900476257337294,11.718558017000008,0.0,1.0,1.0,1.0,1.0,0.0
9,190,2.6553168997711394,10.730782325837872,0.0,0.0,1.0,1.0,1.0,0.0
10,190,0.8661413632959392,0.0,1.0,1.0,1.0,0.0,0.0,0.0
11,190,6.731401505873594,6.403768140185301,1.0,0.0,0.0,0.0,0.0,1.0
12,190,10.859047727297169,6.964026817534063,0.0,0.0,0.0,1.0,0.0,0.0
13,190,0.1592811414979973,5.2448066171803385,1.0,0.0,1.0,0.0,1.0,0.0
14,190,1.4551796604664406,12.0,1.0,1.0,0.0,1.0,0.0,0.0
15,190,7.699710080210449,10.7634983949297,1.0,1.0,0.0,0.0,0.0,0.0
16,190,0.5931093242332057,6.591414089591034,1.0,0.0,0.0,1.0,1.0,1.0
17,190,7.613424951026534,2.833132508440096,0.0,0.0,0.0,0.0,1.0,1.0
18,190,8.589565411213552,11.52522063317616,0.0,0.0,0.0,0.0,1.0,1.0
19,190,0.0,7.845184246576043,0.0,0.0,1.0,0.0,0.0,0.0
20,190,3.5596800743496426,1.9915495748593568,1.0,1.0,0.0,1.0,0.0,1.0
21,190,10.080968941221665,1.4174049336324437,0.0,0.0,0.0,1.0,0.0,0.0
22,190,4.490679991263823,0.3968758395622736,0.0,1.0,0.0,0.0,0.0,0.0
23,190,6.94208521839562,0.5959754671242866,0.0,0.0,0.0,0.0,0.0,0.0
24,190,5.75696213790557,6.3714297699573965,1.0,0.0,1.0,1.0,1.0,0.0
25,190,2.051576672420619,6.376224945818428,0.0,1.0,0.0,0.0,1.0,1.0
26,190,11.045800374384449,12.0,1.0,0.0,1.0,1.0,0.0,0.0
27,190,4.686795318422289,5.793563722344854,0.0,1.0,0.0,1.0,1.0,0.0
28,190,4.306093747163972,5.74060426887141,1.0,0.0,1.0,1.0,0.0,0.0
29,190,2.1406003424465205,2.025778142681721,0.0,0.0,0.0,0.0,0.0,1.0
30,190,7.560113895174418,8.438440219116103,0.0,1.0,1.0,0.0,0.0,1.0
31,190,5.005374885338281,0.5331303547474737,0.0,1.0,1.0,0.0,1.0,0.0
32,190,3.651025919497096,9.914030206177108,0.0,0.0,1.0,0.0,1.0,0.0
33,190,12.0,2.9460534978306345,0.0,0.0,0.0,0.0,0.0,1.0
34,190,5.559983011230554,7.539111001823149,1.0,1.0,0.0,0.0,1.0,0.0
35,190,5.947433387924462,10.076762518155462,1.0,1.0,1.0,1.0,1.0,0.0
36,190,9.799569243827715,0.2382893114324616,0.0,1.0,0.0,1.0,1.0,0.0
37,190,0.7593276959062646,8.650361670196316,0.0,0.0,1.0,0.0,1.0,0.0
38,190,2.323624370735156,9.214463437671926,0.0,0.0,1.0,0.0,0.0,0.0
39,190,1.8096769296310768,1.124033904156374,1.0,0.0,1.0,1.0,1.0,0.0
0,195,0.0,7.258641934336605,0.0,0.0,0.0,1.0,0.0,1.0
1,195,10.74237661174682,4.719780940583378,1.0,0.0,1.0,0.0,0.0,0.0
2,195,2.5633502183780346,5.464778731726734,0.0,1.0,0.0,1.0,0.0,0.0
3,195,0.0654699988530245,5.341620179787357,1.0,1.0,0.0,1.0,0.0,1.0
4,195,3.813073696780913,9.091444284760968,0.0,0.0,0.0,0.0,0.0,1.0
5,195,9.417424628587662,1.6907862566264096,1.0,1.0,1.0,0.0,1.0,0.0
6,195,10.026207966083833,6.722734550335139,0.0,0.0,0.0,0.0,0.0,0.0
7,195,3.9535086549957215,3.671695476169412,0.0,1.0,0.0,1.0,1.0,0.0
8,195,4.909935559209658,11.725810190588629,0.0,1.0,1.0,1.0,1.0,0.0
9,195,2.680015447655272,10.744997427526364,0.0,0.0,1.0,1.0,1.0,0.0
10,195,0.857019127993232,0.0,1.0,1.0,1.0,0.0,0.0,0.0
11,195,6.663798015672563,6.276632802461744,1.0,0.0,0.0,0.0,0.0,1.0
12,195,10.934247348542376,6.965034219360414,0.0,0.0,0.0,1.0,0.0,0.0
13,195,0.0688381563165089,5.118200632293574,1.0,0.0,1.0,0.0,1.0,0.0
14,195,1.4837623590435811,12.0,1.0,1.0,0.0,1.0,0.0,0.0
15,195,7.62006443109385,10.831206316901936,1.0,1.0,0.0,0.0,0.0,0.0
16,195,0.6169342366070382,6.704591880752891,1.0,0.0,0.0,1.0,1.0,1.0
17,195,7.590485240751253,2.8132534416324173,0.0,0.0,0.0,0.0,1.0,1.0
18,195,8.655952096320132,11.4938904943029,0.0,0.0,0.0,0.0,1.0,1.0
19,195,0.0,7.77907078938238,0.0,0.0,1.0,0.0,0.0,0.0
20,195,3.559423121807648,1.991715312791564,1.0,1.0,0.0,1.0,0.0,1.0
21,195,10.081139188835644,1.4454560334301796,0.0,0.0,0.0,1.0,0.0,0.0
22,195,4.498136309689473,0.4034991360644537,0.0,1.0,0.0,0.0,0.0,0.0
23,195,7.093430578656466,0.5299516821072645,0.0,0.0,0.0,0.0,0.0,0.0
24,195,5.876273089972886,6.287882120233348,1.0,0.0,1.0,1.0,1.0,0.0
25,195,1.906992762675448,6.316294870260424,0.0,1.0,0.0,0.0,1.0,1.0
26,195,11.115252747462192,12.0,1.0,0.0,1.0,1.0,0.0,0.0
27,195,4.744608521954846,5.702945586127168,0.0,1.0,0.0,1.0,1.0,0.0
28,195,4.308404428759306,5.712607097669248,1.0,0.0,1.0,1.0,0.0,0.0
29,195,2.180849116390767,2.014769341273648,0.0,0.0,0.0,0.0,0.0,1.0
30,195,7.628587913506225,8.395549581966792,0.0,1.0,1.0,0.0,0.0,1.0
31,195,5.073198553151971,0.4731598182818938,0.0,1.0,1.0,0.0,1.0,0.0
32,195,3.625173337340248,9.901810856736514,0.0,0.0,1.0,0.0,1.0,0.0
33,195,12.0,2.921337703589639,0.0,0.0,0.0,0.0,0.0,1.0
34,195,5.552080828947744,7.552172485080685,1.0,1.0,0.0,0.0,1.0,0.0
35,195,5.9831245091138445,10.039967661058803,1.0,1.0,1.0,1.0,1.0,0.0
36,195,9.88026001106391,0.2164264994522408,0.0,1.0,0.0,1.0,1.0,0.0
37,195,0.7401076870405963,8.724000040112541,0.0,0.0,1.0,0.0,1.0,0.0
38,195,2.3463274530509293,9.227110683873873,0.0,0.0,1.0,0.0,0.0,0.0
39,195,1.8328845752295664,1.0691486206327443,1.0,0.0,1.0,1.0,1.0,0.0
0,200,0.0,7.269047134716029,0.0,0.0,0.0,1.0,0.0,1.0
1,200,10.73782857853116,4.730780070791802,1.0,0.0,1.0,0.0,0.0,0.0
2,200,2.2930064752764934,5.205149592978527,0.0,1.0,0.0,1.0,0.0,0.0
3,200,0.0681827621935903,5.279605631819233,1.0,1.0,0.0,1.0,0.0,1.0
4,200,3.727605066060891,9.04437167044302,0.0,0.0,0.0,0.0,0.0,1.0
5,200,9.424915639383531,1.667627067476963,1.0,1.0,1.0,0.0,1.0,0.0
6,200,10.121732965545885,6.742374831196492,0.0,0.0,0.0,0.0,0.0,0.0
7,200,3.945060386079012,3.616863498080798,0.0,1.0,0.0,1.0,1.0,0.0
8,200,4.91108497480404,11.726656043896762,0.0,1.0,1.0,1.0,1.0,0.0
9,200,2.701555623223832,10.75782715134782,0.0,0.0,1.0,1.0,1.0,0.0
10,200,0.9529665814005585,0.0,1.0,1.0,1.0,0.0,0.0,0.0
11,200,6.596291995898076,6.155772098134695,1.0,0.0,0.0,0.0,0.0,1.0
12,200,11.00859512124628,6.9670094772903575,0.0,0.0,0.0,1.0,0.0,0.0
13,200,0.0,4.976415166405213,1.0,0.0,1.0,0.0,1.0,0.0
14,200,1.5773377108088718,11.96269387173378,1.0,1.0,0.0,1.0,0.0,0.0
15,200,7.532584395337333,10.903010066805852,1.0,1.0,0.0,0.0,0.0,0.0
16,200,0.6464124064147139,6.822761645046035,1.0,0.0,0.0,1.0,1.0,1.0
17,200,7.5639383682165295,2.790458480171361,0.0,0.0,0.0,0.0,1.0,1.0
18,200,8.72392235233931,11.459380782419492,0.0,0.0,0.0,0.0,1.0,1.0
19,200,0.0,7.746658498729216,0.0,0.0,1.0,0.0,0.0,0.0
20,200,3.5463381083473964,2.0001673972028384,1.0,1.0,0.0,1.0,0.0,1.0
21,200,10.081683128437149,1.492752559351887,0.0,0.0,0.0,1.0,0.0,0.0
22,200,4.499895031206256,0.4051240652837118,0.0,1.0,0.0,0.0,0.0,0.0
23,200,7.23544259609992,0.4717569447586398,0.0,0.0,0.0,0.0,0.0,0.0
24,200,6.00880006954036,6.188816779519226,1.0,0.0,1.0,1.0,1.0,0.0
25,200,1.7708858710876494,6.2538344250490265,0.0,1.0,0.0,0.0,1.0,1.0
26,200,11.18221502339794,12.0,1.0,0.0,1.0,1.0,0.0,0.0
27,200,4.811916741869006,5.603083103884493,0.0,1.0,0.0,1.0,1.0,0.0
28,200,4.309415358070009,5.699158559277448,1.0,0.0,1.0,1.0,0.0,0.0
29,200,2.206751611681772,2.0070852516321334,0.0,0.0,0.0,0.0,0.0,1.0
30,200,7.703569888086855,8.349489273477666,0.0,1.0,1.0,0.0,0.0,1.0
31,200,5.140032361695015,0.4132696820710785,0.0,1.0,1.0,0.0,1.0,0.0
32,200,3.5854513948411477,9.88332636032629,0.0,0.0,1.0,0.0,1.0,0.0
33,200,12.0,2.898074000906489,0.0,0.0,0.0,0.0,0.0,1.0
34,200,5.547506395679871,7.55992433162876,1.0,1.0,0.0,0.0,1.0,0.0
35,200,6.022245683031081,10.00037255154613,1.0,1.0,1.0,1.0,1.0,0.0
36,200,9.971168918937098,0.1926813014269763,0.0,1.0,0.0,1.0,1.0,0.0
37,200,0.7205392886028851,8.798281658505704,0.0,0.0,1.0,0.0,1.0,0.0
38,200,2.351784126706838,9.230170732015248,0.0,0.0,1.0,0.0,0.0,0.0
39,200,1.8637115720858235,1.0012158907530688,1.0,0.0,1.0,1.0,1.0,0.0
0,205,0.0,7.281150884072925,0.0,0.0,0.0,1.0,0.0,1.0
1,205,10.734538597990165,4.738826028956962,1.0,0.0,1.0,0.0,0.0,0.0
2,205,2.0490120197613386,4.961679677737347,0.0,1.0,0.0,1.0,0.0,0.0
3,205,0.0697773662892157,5.228915892500916,1.0,1.0,0.0,1.0,0.0,1.0
4,205,3.628099262127713,8.987718291343867,0.0,0.0,0.0,0.0,0.0,1.0
5,205,9.437596975728932,1.6297829027751711,1.0,1.0,1.0,0.0,1.0,0.0
6,205,10.211636198688144,6.759022295015384,0.0,0.0,0.0,0.0,0.0,0.0
7,205,3.936065575851166,3.5554982596726803,0.0,1.0,0.0,1.0,1.0,0.0
8,205,4.915802492328003,11.730347762937145,0.0,1.0,1.0,1.0,1.0,0.0
9,205,2.7324810243499096,10.775362286733984,0.0,0.0,1.0,1.0,1.0,0.0
10,205,1.0549050216118931,0.0,1.0,1.0,1.0,0.0,0.0,0.0
11,205,6.526952122991641,6.032236103216687,1.0,0.0,0.0,0.0,0.0,1.0
12,205,11.083918361041263,6.970171487589775,0.0,0.0,0.0,1.0,0.0,0.0
13,205,0.0,4.8396257337939375,1.0,0.0,1.0,0.0,1.0,0.0
14,205,1.6724889293067873,11.927407708514178,1.0,1.0,0.0,1.0,0.0,0.0
15,205,7.455994958980275,10.96555998672432,1.0,1.0,0.0,0.0,0.0,0.0
16,205,0.6730431960995612,6.922927063859898,1.0,0.0,0.0,1.0,1.0,1.0
17,205,7.547762952823779,2.776654790983218,0.0,0.0,0.0,0.0,1.0,1.0
18,205,8.790782654027636,11.424098205763975,0.0,0.0,0.0,0.0,1.0,1.0
19,205,0.0,7.717385220037134,0.0,0.0,1.0,0.0,0.0,0.0
20,205,3.523933813397641,2.0152237793325933,1.0,1.0,0.0,1.0,0.0,1.0
21,205,10.081191946696718,1.554651434354886,0.0,0.0,0.0,1.0,0.0,0.0
22,205,4.507748643802811,0.4121681277625493,0.0,1.0,0.0,0.0,0.0,0.0
23,205,7.362015059771342,0.4160803908255668,0.0,0.0,0.0,0.0,0.0,0.0
24,205,6.139090308116901,6.091838046012531,1.0,0.0,1.0,1.0,1.0,0.0
25,205,1.6558745981681435,6.201009143348046,0.0,1.0,0.0,0.0,1.0,1.0
26,205,11.245846309328067,12.0,1.0,0.0,1.0,1.0,0.0,0.0
27,205,4.886901894621083,5.492409267647624,0.0,1.0,0.0,1.0,1.0,0.0
28,205,4.31094126479118,5.669937130725991,1.0,0.0,1.0,1.0,0.0,0.0
29,205,2.2459268484435047,1.9950600576964928,0.0,0.0,0.0,0.0,0.0,1.0
30,205,7.789735375653534,8.294861606519932,0.0,1.0,1.0,0.0,0.0,1.0
31,205,5.188714921949356,0.3699238780234386,0.0,1.0,1.0,0.0,1.0,0.0
32,205,3.538930104007668,9.86066381294389,0.0,0.0,1.0,0.0,1.0,0.0
33,205,12.0,2.8765728210104764,0.0,0.0,0.0,0.0,0.0,1.0
34,205,5.548178925775145,7.558763841812878,1.0,1.0,0.0,0.0,1.0,0.0
35,205,6.059510404748453,9.96536545519013,1.0,1.0,1.0,1.0,1.0,0.0
36,205,10.036272220945149,0.1759071579041334,0.0,1.0,0.0,1.0,1.0,0.0
37,205,0.7078571669000702,8.843991779277298,0.0,0.0,1.0,0.0,1.0,0.0
38,205,2.3639883858770623,9.237064397450002,0.0,0.0,1.0,0.0,0.0,0.0
39,205,1.903759609233056,0.9117664023913352,1.0,0.0,1.0,1.0,1.0,0.0
0,210,0.0,7.294035122896266,0.0,0.0,0.0,1.0,0.0,1.0
1,210,10.734685049869316,4.738486616813109,1.0,0.0,1.0,0.0,0.0,0.0
2,210,1.7957461231229073,4.710226571170288,0.0,1.0,0.0,1.0,0.0,0.0
3,210,0.0703364172010483,5.172621967751157,1.0,1.0,0.0,1.0,0.0,1.0
4,210,3.5236334039375,8.92689403336782,0.0,0.0,0.0,0.0,0.0,1.0
5,210,9.444870597081335,1.608432334671996,1.0,1.0,1.0,0.0,1.0,0.0
6,210,10.294965744318564,6.772296505519993,0.0,0.0,0.0,0.0,0.0,0.0
7,210,3.927262062994334,3.4947412132220643,0.0,1.0,0.0,1.0,1.0,0.0
8,210,4.9230927539997085,11.73607833671032,0.0,1.0,1.0,1.0,1.0,0.0
9,210,2.762090577830437,10.792777414378348,0.0,0.0,1.0,1.0,1.0,0.0
10,210,1.1610171400377678,0.0,1.0,1.0,1.0,0.0,0.0,0.0
11,210,6.461636976978289,5.916956210372891,1.0,0.0,0.0,0.0,0.0,1.0
12,210,11.153119804485785,6.9737166034105815,0.0,0.0,0.0,1.0,0.0,0.0
13,210,0.0,4.709419044709551,1.0,0.0,1.0,0.0,1.0,0.0
14,210,1.771378704881156,11.891186124123005,1.0,1.0,0.0,1.0,0.0,0.0
15,210,7.39707672190485,11.016600471910706,1.0,1.0,0.0,0.0,0.0,0.0
16,210,0.7006711535501249,7.024541395274135,1.0,0.0,0.0,1.0,1.0,1.0
17,210,7.544070019639917,2.7735155864601464,0.0,0.0,0.0,0.0,1.0,1.0
18,210,8.855928345336476,11.389077409581336,0.0,0.0,0.0,0.0,1.0,1.0
19,210,0.0,7.694286935566793,0.0,0.0,1.0,0.0,0.0,0.0
20,210,3.491234623452697,2.0358218232195857,1.0,1.0,0.0,1.0,0.0,1.0
21,210,10.077039368731988,1.6318946056382373,0.0,0.0,0.0,1.0,0.0,0.0
22,210,4.498573482546732,0.4040011574369218,0.0,1.0,0.0,0.0,0.0,0.0
23,210,7.48892985063751,0.3600812118999174,0.0,0.0,0.0,0.0,0.0,0.0
24,210,6.277317403024723,5.989545295530864,1.0,0.0,1.0,1.0,1.0,0.0
25,210,1.5613690999990804,6.157533504046287,0.0,1.0,0.0,0.0,1.0,1.0
26,210,11.295165190528373,12.0,1.0,0.0,1.0,1.0,0.0,0.0
27,210,4.979762618173761,5.360171178298781,0.0,1.0,0.0,1.0,1.0,0.0
28,210,4.313386469231051,5.62902467349589,1.0,0.0,1.0,1.0,0.0,0.0
29,210,2.27031195324077,1.987490245564636,0.0,0.0,0.0,0.0,0.0,1.0
30,210,7.870157438899722,8.243449208928732,0.0,1.0,1.0,0.0,0.0,1.0
31,210,5.235397246227263,0.3317177631320098,0.0,1.0,1.0,0.0,1.0,0.0
32,210,3.493228716576869,9.836960656179816,0.0,0.0,1.0,0.0,1.0,0.0
33,210,12.0,2.845313635968388,0.0,0.0,0.0,0.0,0.0,1.0
34,210,5.548239471641775,7.558655480188186,1.0,1.0,0.0,0.0,1.0,0.0
35,210,6.098151421239813,9.927009714107792,1.0,1.0,1.0,1.0,1.0,0.0
36,210,10.099521981407738,0.1581921910408041,0.0,1.0,0.0,1.0,1.0,0.0
37,210,0.6877818328470678,8.913045259514902,0.0,0.0,1.0,0.0,1.0,0.0
38,210,2.3486717769872567,9.229006619987905,0.0,0.0,1.0,0.0,0.0,0.0
39,210,1.938548124551752,0.8342913502325968,1.0,0.0,1.0,1.0,1.0,0.0
0,215,0.0,7.309764249427882,0.0,0.0,0.0,1.0,0.0,1.0
1,215,10.735646429104692,4.736370548977841,1.0,0.0,1.0,0.0,0.0,0.0
2,215,1.540022638566005,4.455534695105265,0.0,1.0,0.0,1.0,0.0,0.0
3,215,0.0726264975436017,5.122178899489187,1.0,1.0,0.0,1.0,0.0,1.0
4,215,3.4280470425486884,8.87401950546848,0.0,0.0,0.0,0.0,0.0,1.0
5,215,9.451308020064424,1.5882565847082182,1.0,1.0,1.0,0.0,1.0,0.0
6,215,10.376477470051157,6.786586864609867,0.0,0.0,0.0,0.0,0.0,0.0
7,215,3.920450006141757,3.44816302751943,0.0,1.0,0.0,1.0,1.0,0.0
8,215,4.9088607431810924,11.725518258186192,0.0,1.0,1.0,1.0,1.0,0.0
9,215,2.778753248121064,10.802600225782632,0.0,0.0,1.0,1.0,1.0,0.0
10,215,1.2674186914311183,0.0,1.0,1.0,1.0,0.0,0.0,0.0
11,215,6.403913928888741,5.819651641857046,1.0,0.0,0.0,0.0,0.0,1.0
12,215,11.214137084263454,6.976970778567863,0.0,0.0,0.0,1.0,0.0,0.0
13,215,0.0,4.590245542973356,1.0,0.0,1.0,0.0,1.0,0.0
14,215,1.855876212244589,11.8603767973487,1.0,1.0,0.0,1.0,0.0,0.0
15,215,7.350866500266131,11.056570475330671,1.0,1.0,0.0,0.0,0.0,0.0
16,215,0.7305690448599056,7.138737014516671,1.0,0.0,0.0,1.0,1.0,1.0
17,215,7.536405597212902,2.767365279308967,0.0,0.0,0.0,0.0,1.0,1.0
18,215,8.912437097541885,11.35989167496964,0.0,0.0,0.0,0.0,1.0,1.0
19,215,0.0,7.658151696544585,0.0,0.0,1.0,0.0,0.0,0.0
20,215,3.457459199544888,2.056115442100772,1.0,1.0,0.0,1.0,0.0,1.0
21,215,10.07353346308747,1.708452984410267,0.0,0.0,0.0,1.0,0.0,0.0
22,215,4.490907288328844,0.4129629045869463,0.0,1.0,0.0,0.0,0.0,0.0
23,215,7.613735969540434,0.3039735651556943,0.0,0.0,0.0,0.0,0.0,0.0
24,215,6.410578413089806,5.883045206940799,1.0,0.0,1.0,1.0,1.0,0.0
25,215,1.4655555056865186,6.109617271521927,0.0,1.0,0.0,0.0,1.0,1.0
26,215,11.348182834233764,12.0,1.0,0.0,1.0,1.0,0.0,0.0
27,215,5.077329412024786,5.227007625298566,0.0,1.0,0.0,1.0,1.0,0.0
28,215,4.315977777640344,5.583261329432983,1.0,0.0,1.0,1.0,0.0,0.0
29,215,2.298349794199332,1.978482018756691,0.0,0.0,0.0,0.0,0.0,1.0
30,215,7.956756042802234,8.188472637551929,0.0,1.0,1.0,0.0,0.0,1.0
31,215,5.261675795710815,0.310282748044856,0.0,1.0,1.0,0.0,1.0,0.0
32,215,3.4539896314607708,9.816332323409627,0.0,0.0,1.0,0.0,1.0,0.0
33,215,12.0,2.8255129058843766,0.0,0.0,0.0,0.0,0.0,1.0
34,215,5.55479417223493,7.546315676238657,1.0,1.0,0.0,0.0,1.0,0.0
35,215,6.11920228287737,9.906033061729833,1.0,1.0,1.0,1.0,1.0,0.0
36,215,10.163075330589834,0.1401478822234698,0.0,1.0,0.0,1.0,1.0,0.0
37,215,0.6703955582433899,8.975263367733788,0.0,0.0,1.0,0.0,1.0,0.0
38,215,2.3244125685672112,9.215751387843644,0.0,0.0,1.0,0.0,0.0,0.0
39,215,1.9736514109378445,0.7570764881821985,1.0,0.0,1.0,1.0,1.0,0.0
0,220,0.0,7.324752306836639,0.0,0.0,0.0,1.0,0.0,1.0
1,220,10.72605659975518,4.757895468028461,1.0,0.0,1.0,0.0,0.0,0.0
2,220,1.300809840435201,4.216767525202238,0.0,1.0,0.0,1.0,0.0,0.0
3,220,0.0740595222320916,5.070718324443429,1.0,1.0,0.0,1.0,0.0,1.0
4,220,3.328535201150119,8.818252344868286,0.0,0.0,0.0,0.0,0.0,1.0
5,220,9.459393074292237,1.5634760394675475,1.0,1.0,1.0,0.0,1.0,0.0
6,220,10.439211731682931,6.797657474201226,0.0,0.0,0.0,0.0,0.0,0.0
7,220,3.916259339200128,3.420307473097739,0.0,1.0,0.0,1.0,1.0,0.0
8,220,4.895736392306855,11.715956854240138,0.0,1.0,1.0,1.0,1.0,0.0
9,220,2.7938931661825928,10.811668597751275,0.0,0.0,1.0,1.0,1.0,0.0
10,220,1.37134139267722,0.0,1.0,1.0,1.0,0.0,0.0,0.0
11,220,6.358458863716398,5.743666098168564,1.0,0.0,0.0,0.0,0.0,1.0
12,220,11.293285846484975,6.984120663571794,0.0,0.0,0.0,1.0,0.0,0.0
13,220,0.0,4.473537687395157,1.0,0.0,1.0,0.0,1.0,0.0
14,220,1.945044734674783,11.827909371875334,1.0,1.0,0.0,1.0,0.0,0.0
15,220,7.3040631707701,11.094930212628425,1.0,1.0,0.0,0.0,0.0,0.0
16,220,0.7708302421488429,7.287695204566007,1.0,0.0,0.0,1.0,1.0,1.0
17,220,7.548438083694255,2.777137367028319,0.0,0.0,0.0,0.0,1.0,1.0
18,220,8.96865792109143,11.331341211768294,0.0,0.0,0.0,0.0,1.0,1.0
19,220,0.0,7.599374124265486,0.0,0.0,1.0,0.0,0.0,0.0
20,220,3.413387710186172,2.0844366795871214,1.0,1.0,0.0,1.0,0.0,1.0
21,220,10.06753290469148,1.7758374264850558,0.0,0.0,0.0,1.0,0.0,0.0
22,220,4.483321506922117,0.4224063388824985,0.0,1.0,0.0,0.0,0.0,0.0
23,220,7.736017591761989,0.2493685462075102,0.0,0.0,0.0,0.0,0.0,0.0
24,220,6.5621632135540215,5.765741642543845,1.0,0.0,1.0,1.0,1.0,0.0
25,220,1.3790677887633376,6.069373540376727,0.0,1.0,0.0,0.0,1.0,1.0
26,220,11.399975847596023,12.0,1.0,0.0,1.0,1.0,0.0,0.0
27,220,5.164751264343127,5.105252524546399,0.0,1.0,0.0,1.0,1.0,0.0
28,220,4.31869540907811,5.536050397129946,1.0,0.0,1.0,1.0,0.0,0.0
29,220,2.334515576296013,1.966375142980936,0.0,0.0,0.0,0.0,0.0,1.0
30,220,8.047064841850103,8.131056259007574,0.0,1.0,1.0,0.0,0.0,1.0
31,220,5.271779969964363,0.3021146799062483,0.0,1.0,1.0,0.0,1.0,0.0
32,220,3.416196169137614,9.797219739604566,0.0,0.0,1.0,0.0,1.0,0.0
33,220,12.0,2.8106983752383288,0.0,0.0,0.0,0.0,0.0,1.0
34,220,5.561524454216845,7.533637129526285,1.0,1.0,0.0,0.0,1.0,0.0
35,220,6.14280464887642,9.881886342446396,1.0,1.0,1.0,1.0,1.0,0.0
36,220,10.21278584518633,0.1264075001506372,0.0,1.0,0.0,1.0,1.0,0.0
37,220,0.6539991818552314,9.03128346994898,0.0,0.0,1.0,0.0,1.0,0.0
38,220,2.317323246261127,9.21197064124967,0.0,0.0,1.0,0.0,0.0,0.0
39,220,2.007670429387553,0.6816975334145028,1.0,0.0,1.0,1.0,1.0,0.0
0,225,0.0,7.337203369832915,0.0,0.0,0.0,1.0,0.0,1.0
1,225,10.706392314982764,4.805067082964621,1.0,0.0,1.0,0.0,0.0,0.0
2,225,1.0574294541379126,3.976742262152372,0.0,1.0,0.0,1.0,0.0,0.0
3,225,0.1221948117692682,5.072090155457544,1.0,1.0,0.0,1.0,0.0,1.0
4,225,3.2391513385452524,8.771119796076471,0.0,0.0,0.0,0.0,0.0,1.0
5,225,9.467747180396538,1.5422086995158308,1.0,1.0,1.0,0.0,1.0,0.0
6,225,10.487544156825978,6.80689457011125,0.0,0.0,0.0,0.0,0.0,0.0
7,225,3.912011940853153,3.394635164895375,0.0,1.0,0.0,1.0,1.0,0.0
8,225,4.894686279965513,11.715208883607676,0.0,1.0,1.0,1.0,1.0,0.0
9,225,2.805235681779956,10.79395936870652,0.0,0.0,1.0,1.0,1.0,0.0
10,225,1.4691213239094845,0.0,1.0,1.0,1.0,0.0,0.0,0.0
11,225,6.313843239474269,5.663013931510292,1.0,0.0,0.0,0.0,0.0,1.0
12,225,11.300966498299726,6.885349800454556,0.0,0.0,0.0,1.0,0.0,0.0
13,225,0.0,4.3736744185197365,1.0,0.0,1.0,0.0,1.0,0.0
14,225,2.058220378529697,11.786242508608792,1.0,1.0,0.0,1.0,0.0,0.0
15,225,7.267738277956203,11.124823410449414,1.0,1.0,0.0,0.0,0.0,0.0
16,225,0.8030072595435666,7.401982709269395,1.0,0.0,0.0,1.0,1.0,1.0
17,225,7.571485911031874,2.794982227995228,0.0,0.0,0.0,0.0,1.0,1.0
18,225,9.016764402943236,11.30681902510336,0.0,0.0,0.0,0.0,1.0,1.0
19,225,0.0,7.514695941158908,0.0,0.0,1.0,0.0,0.0,0.0
20,225,3.376030739914164,2.107576869741,1.0,1.0,0.0,1.0,0.0,1.0
21,225,10.062652754107692,1.8392797185915584,0.0,0.0,0.0,1.0,0.0,0.0
22,225,4.4499204237239685,0.4647356049894652,0.0,1.0,0.0,0.0,0.0,0.0
23,225,7.8721690869717955,0.1908861380157105,0.0,0.0,0.0,0.0,0.0,0.0
24,225,6.703722885409311,5.660052996569586,1.0,0.0,1.0,1.0,1.0,0.0
25,225,1.2885813039626623,6.025142832000626,0.0,1.0,0.0,0.0,1.0,1.0
26,225,11.453390616992614,12.0,1.0,0.0,1.0,1.0,0.0,0.0
27,225,5.256720842819661,4.971741133120287,0.0,1.0,0.0,1.0,1.0,0.0
28,225,4.354322584154748,5.537556739890811,1.0,0.0,1.0,1.0,0.0,0.0
29,225,2.379954735060711,1.9505987844613453,0.0,0.0,0.0,0.0,0.0,1.0
30,225,8.120755515564474,8.08306889822673,0.0,1.0,1.0,0.0,0.0,1.0
31,225,5.2859756693870406,0.2905731454953167,0.0,1.0,1.0,0.0,1.0,0.0
32,225,3.388532769193972,9.785097144759334,0.0,0.0,1.0,0.0,1.0,0.0
33,225,12.0,2.779061368002917,0.0,0.0,0.0,0.0,0.0,1.0
34,225,5.5669513451237735,7.523008825609614,1.0,1.0,0.0,0.0,1.0,0.0
35,225,6.171334485136648,9.91038727423147,1.0,1.0,1.0,1.0,1.0,0.0
36,225,10.276871279733324,0.1090160632157604,0.0,1.0,0.0,1.0,1.0,0.0
37,225,0.6370671858337116,9.08873765394307,0.0,0.0,1.0,0.0,1.0,0.0
38,225,2.303012993540328,9.203829905082577,0.0,0.0,1.0,0.0,0.0,0.0
39,225,2.0547878652142173,0.5806526994187227,1.0,0.0,1.0,1.0,1.0,0.0
0,230,0.0,7.347321638875313,0.0,0.0,0.0,1.0,0.0,1.0
1,230,10.689557895302036,4.847076906100876,1.0,0.0,1.0,0.0,0.0,0.0
2,230,0.8228005010504804,3.745429741587235,0.0,1.0,0.0,1.0,0.0,0.0
3,230,0.1602505433483137,5.073451940723008,1.0,1.0,0.0,1.0,0.0,1.0
4,230,3.1402547067126965,8.719393648522576,0.0,0.0,0.0,0.0,0.0,1.0
5,230,9.470868840814134,1.5337098228211692,1.0,1.0,1.0,0.0,1.0,0.0
6,230,10.549787054582929,6.817083833565414,0.0,0.0,0.0,0.0,0.0,0.0
7,230,3.9090095395786655,3.37928556119226,0.0,1.0,0.0,1.0,1.0,0.0
8,230,4.876218730439344,11.702679856073573,0.0,1.0,1.0,1.0,1.0,0.0
9,230,2.8172568828621034,10.775350088295523,0.0,0.0,1.0,1.0,1.0,0.0
10,230,1.577193315840004,0.0,1.0,1.0,1.0,0.0,0.0,0.0
11,230,6.265448767246546,5.575965574019818,1.0,0.0,0.0,0.0,0.0,1.0
12,230,11.307832975208797,6.79206753180755,0.0,0.0,0.0,1.0,0.0,0.0
13,230,0.0,4.263077876880517,1.0,0.0,1.0,0.0,1.0,0.0
14,230,2.166242446437505,11.743112050316489,1.0,1.0,0.0,1.0,0.0,0.0
15,230,7.226357735525289,11.159904562782128,1.0,1.0,0.0,0.0,0.0,0.0
16,230,0.8309436766263723,7.515687923728487,1.0,0.0,0.0,1.0,1.0,1.0
17,230,7.59470382731498,2.813018839338665,0.0,0.0,0.0,0.0,1.0,1.0
18,230,9.071191005010498,11.279364814430703,0.0,0.0,0.0,0.0,1.0,1.0
19,230,0.0,7.452828465700931,0.0,0.0,1.0,0.0,0.0,0.0
20,230,3.3323924436623527,2.1337408140829663,1.0,1.0,0.0,1.0,0.0,1.0
21,230,10.058537745880486,1.904318743162468,0.0,0.0,0.0,1.0,0.0,0.0
22,230,4.402286190561641,0.5241834476656216,0.0,1.0,0.0,0.0,0.0,0.0
23,230,8.009347531225504,0.1330739151666671,0.0,0.0,0.0,0.0,0.0,0.0
24,230,6.837635464087924,5.559893469390661,1.0,0.0,1.0,1.0,1.0,0.0
25,230,1.2080789084594417,5.98424508542445,0.0,1.0,0.0,0.0,1.0,1.0
26,230,11.51081154044035,12.0,1.0,0.0,1.0,1.0,0.0,0.0
27,230,5.3444065814923984,4.846133674612373,0.0,1.0,0.0,1.0,1.0,0.0
28,230,4.387772917282411,5.539494051184558,1.0,0.0,1.0,1.0,0.0,0.0
29,230,2.430613513046867,1.932865549396652,0.0,0.0,0.0,0.0,0.0,1.0
30,230,8.191058557428525,8.036998356819609,0.0,1.0,1.0,0.0,0.0,1.0
31,230,5.297435640975631,0.2807884948458395,0.0,1.0,1.0,0.0,1.0,0.0
32,230,3.3495802565636645,9.767833241787027,0.0,0.0,1.0,0.0,1.0,0.0
33,230,12.0,2.755530593728759,0.0,0.0,0.0,0.0,0.0,1.0
34,230,5.570514299070418,7.515982627500785,1.0,1.0,0.0,0.0,1.0,0.0
35,230,6.204423494477471,9.944459020222446,1.0,1.0,1.0,1.0,1.0,0.0
36,230,10.332158884056035,0.0941554015143934,0.0,1.0,0.0,1.0,1.0,0.0
37,230,0.6167161067984875,9.15989836484981,0.0,0.0,1.0,0.0,1.0,0.0
38,230,2.296650800796816,9.200196727360048,0.0,0.0,1.0,0.0,0.0,0.0
39,230,2.102498604250884,0.4762007257775371,1.0,0.0,1.0,1.0,1.0,0.0
0,235,0.0,7.355429375890226,0.0,0.0,0.0,1.0,0.0,1.0
1,235,10.678855314859677,4.874298224481029,1.0,0.0,1.0,0.0,0.0,0.0
2,235,0.5931026075941089,3.518119569252076,0.0,1.0,0.0,1.0,0.0,0.0
3,235,0.1960866879800277,5.075249143709704,1.0,1.0,0.0,1.0,0.0,1.0
4,235,3.049517620677025,8.669717143504839,0.0,0.0,0.0,0.0,0.0,1.0
5,235,9.47191287172424,1.5309375403428074,1.0,1.0,1.0,0.0,1.0,0.0
6,235,10.619540137964629,6.826535033348798,0.0,0.0,0.0,0.0,0.0,0.0
7,235,3.909159031790832,3.3801192652571777,0.0,1.0,0.0,1.0,1.0,0.0
8,235,4.832324176109525,11.672924859305605,0.0,1.0,1.0,1.0,1.0,0.0
9,235,2.8270734755136,10.760060216392576,0.0,0.0,1.0,1.0,1.0,0.0
10,235,1.7051002085434843,0.0,1.0,1.0,1.0,0.0,0.0,0.0
11,235,6.212938793463126,5.480537284287416,1.0,0.0,0.0,0.0,0.0,1.0
12,235,11.312945498537406,6.709861799792704,0.0,0.0,0.0,1.0,0.0,0.0
13,235,0.0,4.152597932020836,1.0,0.0,1.0,0.0,1.0,0.0
14,235,2.284547234971763,11.695716545547944,1.0,1.0,0.0,1.0,0.0,0.0
15,235,7.173185645452386,11.2069239934469,1.0,1.0,0.0,0.0,0.0,0.0
16,235,0.8611803929242587,7.634176855769974,1.0,0.0,0.0,1.0,1.0,1.0
17,235,7.618239599912909,2.8306785263364302,0.0,0.0,0.0,0.0,1.0,1.0
18,235,9.124259100796252,11.25199322667687,0.0,0.0,0.0,0.0,1.0,1.0
19,235,0.0,7.390970561132363,0.0,0.0,1.0,0.0,0.0,0.0
20,235,3.2846642522146383,2.161655048920329,1.0,1.0,0.0,1.0,0.0,1.0
21,235,10.056167396247425,1.9573811800999683,0.0,0.0,0.0,1.0,0.0,0.0
22,235,4.351017243862177,0.5910982947258793,0.0,1.0,0.0,0.0,0.0,0.0
23,235,8.162407815160945,0.0650974436188262,0.0,0.0,0.0,0.0,0.0,0.0
24,235,6.9784914577777055,5.463301990276821,1.0,0.0,1.0,1.0,1.0,0.0
25,235,1.1552202932072833,5.957518551994402,0.0,1.0,0.0,0.0,1.0,1.0
26,235,11.561159592226993,12.0,1.0,0.0,1.0,1.0,0.0,0.0
27,235,5.437408585302109,4.705908785839775,0.0,1.0,0.0,1.0,1.0,0.0
28,235,4.426872434611952,5.541865154192933,1.0,0.0,1.0,1.0,0.0,0.0
29,235,2.48122709480322,1.917023382528402,0.0,0.0,0.0,0.0,0.0,1.0
30,235,8.254841285771484,7.994689444967727,0.0,1.0,1.0,0.0,0.0,1.0
31,235,5.300688037895847,0.2779336810315531,0.0,1.0,1.0,0.0,1.0,0.0
32,235,3.316012412239357,9.752184162827238,0.0,0.0,1.0,0.0,1.0,0.0
33,235,12.0,2.728891060031593,0.0,0.0,0.0,0.0,0.0,1.0
34,235,5.580353724164221,7.496901706800761,1.0,1.0,0.0,0.0,1.0,0.0
35,235,6.228892325690246,9.969426353179244,1.0,1.0,1.0,1.0,1.0,0.0
36,235,10.383931153296372,0.0805105476684521,0.0,1.0,0.0,1.0,1.0,0.0
37,235,0.6038214430935619,9.207158488160152,0.0,0.0,1.0,0.0,1.0,0.0
38,235,2.2783462853806804,9.232106312105872,0.0,0.0,1.0,0.0,0.0,0.0
39,235,2.1612332303693123,0.3525018717351357,1.0,0.0,1.0,1.0,1.0,0.0
0,240,0.0,7.362911643959092,0.0,0.0,0.0,1.0,0.0,1.0
1,240,10.674607681701543,4.886057654253872,1.0,0.0,1.0,0.0,0.0,0.0
2,240,0.3561539082171882,3.2788380618970234,0.0,1.0,0.0,1.0,0.0,0.0
3,240,0.2539500769742269,5.0759339025599015,1.0,1.0,0.0,1.0,0.0,1.0
4,240,2.967416853975525,8.6221458321797,0.0,0.0,0.0,0.0,0.0,1.0
5,240,9.471913688012526,1.5309353470172642,1.0,1.0,1.0,0.0,1.0,0.0
6,240,10.693353793499014,6.838371358768702,0.0,0.0,0.0,0.0,0.0,0.0
7,240,3.911198724707765,3.391690493795448,0.0,1.0,0.0,1.0,1.0,0.0
8,240,4.749702075677871,11.61985027119722,0.0,1.0,1.0,1.0,1.0,0.0
9,240,2.832751883281398,10.750723282842722,0.0,0.0,1.0,1.0,1.0,0.0
10,240,1.8533819072500213,0.0,1.0,1.0,1.0,0.0,0.0,0.0
11,240,6.14853755470924,5.365076316887023,1.0,0.0,0.0,0.0,0.0,1.0
12,240,11.317285574525702,6.641931129790118,0.0,0.0,0.0,1.0,0.0,0.0
13,240,0.0,4.049398499899628,1.0,0.0,1.0,0.0,1.0,0.0
14,240,2.4143998328363745,11.64729804634942,1.0,1.0,0.0,1.0,0.0,0.0
15,240,7.142791223352903,11.234334505373,1.0,1.0,0.0,0.0,0.0,0.0
16,240,0.8976681300092577,7.765138029848547,1.0,0.0,0.0,1.0,1.0,1.0
17,240,7.666583200644896,2.8640226595945526,0.0,0.0,0.0,0.0,1.0,1.0
18,240,9.181358471475413,11.22300806538524,0.0,0.0,0.0,0.0,1.0,1.0
19,240,0.0,7.323493454833981,0.0,0.0,1.0,0.0,0.0,0.0
20,240,3.2458257735964766,2.184909104850965,1.0,1.0,0.0,1.0,0.0,1.0
21,240,10.052573360261375,2.009693396068803,0.0,0.0,0.0,1.0,0.0,0.0
22,240,4.2954935672941215,0.6612635415830777,0.0,1.0,0.0,0.0,0.0,0.0
23,240,8.326857943939682,0.0,0.0,0.0,0.0,0.0,0.0,0.0
24,240,7.121728458570007,5.366898085185483,1.0,0.0,1.0,1.0,1.0,0.0
25,240,1.1091849804098493,5.9333333407004,0.0,1.0,0.0,0.0,1.0,1.0
26,240,11.61477331587251,12.0,1.0,0.0,1.0,1.0,0.0,0.0
27,240,5.52745787465796,4.573852035028235,0.0,1.0,0.0,1.0,1.0,0.0
28,240,4.465181990574142,5.544648713933209,1.0,0.0,1.0,1.0,0.0,0.0
29,240,2.5376918075002743,1.90043938559657,0.0,0.0,0.0,0.0,0.0,1.0
30,240,8.321712413563018,7.951782795265875,0.0,1.0,1.0,0.0,0.0,1.0
31,240,5.292403453519884,0.2847113855493107,0.0,1.0,1.0,0.0,1.0,0.0
32,240,3.2802001067563418,9.735652117491156,0.0,0.0,1.0,0.0,1.0,0.0
33,240,12.0,2.706025963179503,0.0,0.0,0.0,0.0,0.0,1.0
34,240,5.584870980438289,7.48771369875143,1.0,1.0,0.0,0.0,1.0,0.0
35,240,6.258556417622063,9.998997103352764,1.0,1.0,1.0,1.0,1.0,0.0
36,240,10.429775091744215,0.0696826244453693,0.0,1.0,0.0,1.0,1.0,0.0
37,240,0.5933819818620144,9.243547736507873,0.0,0.0,1.0,0.0,1.0,0.0
38,240,2.245924952899303,9.288269921897452,0.0,0.0,1.0,0.0,0.0,0.0
39,240,2.2180129491928047,0.2366323307107143,1.0,0.0,1.0,1.0,1.0,0.0
0,245,0.0,7.37129014743549,0.0,0.0,0.0,1.0,0.0,1.0
1,245,10.673474141712076,4.889135120468074,1.0,0.0,1.0,0.0,0.0,0.0
2,245,0.123927017420341,3.0489606353923016,0.0,1.0,0.0,1.0,0.0,0.0
3,245,0.3228169484229297,5.074669076554137,1.0,1.0,0.0,1.0,0.0,1.0
4,245,2.881521227436157,8.573815384475665,0.0,0.0,0.0,0.0,0.0,1.0
5,245,9.473162502011991,1.527601292233446,1.0,1.0,1.0,0.0,1.0,0.0
6,245,10.757540630910212,6.850044547393008,0.0,0.0,0.0,0.0,0.0,0.0
7,245,3.9133657886906272,3.4034212697555755,0.0,1.0,0.0,1.0,1.0,0.0
8,245,4.661880665113497,11.561860841675104,0.0,1.0,1.0,1.0,1.0,0.0
9,245,2.8277561926649226,10.7589620025606,0.0,0.0,1.0,1.0,1.0,0.0
10,245,1.8667909203966384,0.1463237934981994,1.0,1.0,1.0,0.0,0.0,0.0
11,245,6.084969538964221,5.247490119155231,1.0,0.0,0.0,0.0,0.0,1.0
12,245,11.319624550280242,6.57556114366401,0.0,0.0,0.0,1.0,0.0,0.0
13,245,0.0,3.9462003454819863,1.0,0.0,1.0,0.0,1.0,0.0
14,245,2.551097435943149,11.596298290908042,1.0,1.0,0.0,1.0,0.0,0.0
15,245,7.105845660568819,11.26798038506637,1.0,1.0,0.0,0.0,0.0,0.0
16,245,0.926029845705005,7.86896687759357,1.0,0.0,0.0,1.0,1.0,1.0
17,245,7.736092158035173,2.9118506139619686,0.0,0.0,0.0,0.0,1.0,1.0
18,245,9.248318242204368,11.189472293605496,0.0,0.0,0.0,0.0,1.0,1.0
19,245,0.0,7.253468496310651,0.0,0.0,1.0,0.0,0.0,0.0
20,245,3.2098549666645275,2.20562546462914,1.0,1.0,0.0,1.0,0.0,1.0
21,245,10.05099550901832,2.063357833175633,0.0,0.0,0.0,1.0,0.0,0.0
22,245,4.238438544847777,0.7341850859084896,0.0,1.0,0.0,0.0,0.0,0.0
23,245,8.488158306057576,0.0,0.0,0.0,0.0,0.0,0.0,0.0
24,245,7.266885845306293,5.270258344054404,1.0,0.0,1.0,1.0,1.0,0.0
25,245,1.0633511114149916,5.90863873589475,0.0,1.0,0.0,0.0,1.0,1.0
26,245,11.655797535437888,12.0,1.0,0.0,1.0,1.0,0.0,0.0
27,245,5.652778989039324,4.656540455106581,0.0,1.0,0.0,1.0,1.0,0.0
28,245,4.511318479434647,5.548537443810074,1.0,0.0,1.0,1.0,0.0,0.0
29,245,2.5902151562232194,1.885528215929568,0.0,0.0,0.0,0.0,0.0,1.0
30,245,8.384985223217596,7.913273018453427,0.0,1.0,1.0,0.0,0.0,1.0
31,245,5.281080204970252,0.2940866662721674,0.0,1.0,1.0,0.0,1.0,0.0
32,245,3.2243974175499286,9.710887337333595,0.0,0.0,1.0,0.0,1.0,0.0
33,245,12.0,2.67436731765987,0.0,0.0,0.0,0.0,0.0,1.0
34,245,5.581767662255353,7.494081902917791,1.0,1.0,0.0,0.0,1.0,0.0
35,245,6.306707806190603,10.045452418697602,1.0,1.0,1.0,1.0,1.0,0.0
36,245,10.46169676645976,0.0622974227074372,0.0,1.0,0.0,1.0,1.0,0.0
37,245,0.5840514984405246,9.278255696847523,0.0,0.0,1.0,0.0,1.0,0.0
38,245,2.228631341044627,9.31980672761258,0.0,0.0,1.0,0.0,0.0,0.0
39,245,2.275270027140361,0.1241448370360191,1.0,0.0,1.0,1.0,1.0,0.0
0,250,0.0,7.377719634912522,0.0,0.0,0.0,1.0,0.0,1.0
1,250,10.667118124289956,4.905519550163851,1.0,0.0,1.0,0.0,0.0,0.0
2,250,0.0,2.8284529304939032,0.0,1.0,0.0,1.0,0.0,0.0
3,250,0.3641805786937556,5.072042849961233,1.0,1.0,0.0,1.0,0.0,1.0
4,250,2.7741797312144945,8.511219426130403,0.0,0.0,0.0,0.0,0.0,1.0
5,250,9.47822430221346,1.514421584824925,1.0,1.0,1.0,0.0,1.0,0.0
6,250,10.837086568076591,6.863751879343077,0.0,0.0,0.0,0.0,0.0,0.0
7,250,3.916516508258385,3.4203089564110245,0.0,1.0,0.0,1.0,1.0,0.0
8,250,4.57026889374469,11.501133479134902,0.0,1.0,1.0,1.0,1.0,0.0
9,250,2.8304582536884757,10.754796803537078,0.0,0.0,1.0,1.0,1.0,0.0
10,250,1.882291980012802,0.2988045552308475,1.0,1.0,1.0,0.0,0.0,0.0
11,250,6.024331610581645,5.12939149667066,1.0,0.0,0.0,0.0,0.0,1.0
12,250,11.320296582700786,6.513645406864059,0.0,0.0,0.0,1.0,0.0,0.0
13,250,0.0,3.852401069966553,1.0,0.0,1.0,0.0,1.0,0.0
14,250,2.679468356374336,11.551526686548804,1.0,1.0,0.0,1.0,0.0,0.0
15,250,7.0788467706370914,11.29234217055419,1.0,1.0,0.0,0.0,0.0,0.0
16,250,0.9652785564711236,8.004968608308442,1.0,0.0,0.0,1.0,1.0,1.0
17,250,7.79753357425895,2.953264493875643,0.0,0.0,0.0,0.0,1.0,1.0
18,250,9.291186445073455,11.167954817543444,0.0,0.0,0.0,0.0,1.0,1.0
19,250,0.0,7.187592456105947,0.0,0.0,1.0,0.0,0.0,0.0
20,250,3.184493617476928,2.2201203934920293,1.0,1.0,0.0,1.0,0.0,1.0
21,250,10.050807224913433,2.126308886214866,0.0,0.0,0.0,1.0,0.0,0.0
22,250,4.1687599807268905,0.8246322089985071,0.0,1.0,0.0,0.0,0.0,0.0
23,250,8.659835602970785,0.0,0.0,0.0,0.0,0.0,0.0,0.0
24,250,7.436724224407515,5.152912895887797,1.0,0.0,1.0,1.0,1.0,0.0
25,250,1.0132243939407215,5.881905841902128,0.0,1.0,0.0,0.0,1.0,1.0
26,250,11.705760701415349,12.0,1.0,0.0,1.0,1.0,0.0,0.0
27,250,5.77827363879226,4.742498113178516,0.0,1.0,0.0,1.0,1.0,0.0
28,250,4.544789395015376,5.550971138256532,1.0,0.0,1.0,1.0,0.0,0.0
29,250,2.636033079522491,1.8726017394963528,0.0,0.0,0.0,0.0,0.0,1.0
30,250,8.457169742573905,7.86965115436887,0.0,1.0,1.0,0.0,0.0,1.0
31,250,5.262703690784183,0.3088133616566561,0.0,1.0,1.0,0.0,1.0,0.0
32,250,3.1586780924249696,9.68149236650532,0.0,0.0,1.0,0.0,1.0,0.0
33,250,12.0,2.6408757059888326,0.0,0.0,0.0,0.0,0.0,1.0
34,250,5.575367796269469,7.506974167807782,1.0,1.0,0.0,0.0,1.0,0.0
35,250,6.3566862807248725,10.09168469263478,1.0,1.0,1.0,1.0,1.0,0.0
36,250,10.462584470243112,0.0621150221813941,0.0,1.0,0.0,1.0,1.0,0.0
37,250,0.5720029184292542,9.324721044138771,0.0,0.0,1.0,0.0,1.0,0.0
38,250,2.22067646507518,9.334156613356985,0.0,0.0,1.0,0.0,0.0,0.0
39,250,2.3384889483340494,0.0028083205128613,1.0,0.0,1.0,1.0,1.0,0.0
0,255,0.0,7.380923857096296,0.0,0.0,0.0,1.0,0.0,1.0
1,255,10.66223935906281,4.917300345609779,1.0,0.0,1.0,0.0,0.0,0.0
2,255,0.0,2.606177070093332,0.0,1.0,0.0,1.0,0.0,0.0
3,255,0.414230210008399,5.069533433256392,1.0,1.0,0.0,1.0,0.0,1.0
4,255,2.6880215076077327,8.46100296614108,0.0,0.0,0.0,0.0,0.0,1.0
5,255,9.492858966162135,1.4749785951609156,1.0,1.0,1.0,0.0,1.0,0.0
6,255,10.919578398020304,6.876737808253588,0.0,0.0,0.0,0.0,0.0,0.0
7,255,3.920563224379691,3.4427051376860094,0.0,1.0,0.0,1.0,1.0,0.0
8,255,4.4841000033838485,11.44873233979636,0.0,1.0,1.0,1.0,1.0,0.0
9,255,2.839388122375683,10.741325992585416,0.0,0.0,1.0,1.0,1.0,0.0
10,255,1.8956384354758409,0.4395741808145924,1.0,1.0,1.0,0.0,0.0,0.0
11,255,5.96565744871022,5.01055263123898,1.0,0.0,0.0,0.0,0.0,1.0
12,255,11.32403534168974,6.425105880160545,0.0,0.0,0.0,1.0,0.0,0.0
13,255,0.0,3.755051324868308,1.0,0.0,1.0,0.0,1.0,0.0
14,255,2.80155867900819,11.510717408727826,1.0,1.0,0.0,1.0,0.0,0.0
15,255,7.040040485449612,11.327951358473126,1.0,1.0,0.0,0.0,0.0,0.0
16,255,1.004977189627479,8.133790266704795,1.0,0.0,0.0,1.0,1.0,1.0
17,255,7.861102749697803,2.99982112080541,0.0,0.0,0.0,0.0,1.0,1.0
18,255,9.34321340036612,11.143561944072644,0.0,0.0,0.0,0.0,1.0,1.0
19,255,0.0,7.112706455587686,0.0,0.0,1.0,0.0,0.0,0.0
20,255,3.2096821293350217,2.263817826438881,1.0,1.0,0.0,1.0,0.0,1.0
21,255,10.050709719511971,2.193653741962036,0.0,0.0,0.0,1.0,0.0,0.0
22,255,4.107898265048574,0.9078612986013046,0.0,1.0,0.0,0.0,0.0,0.0
23,255,8.831416247910193,0.0,0.0,0.0,0.0,0.0,0.0,0.0
24,255,7.598284911212095,5.042180512494386,1.0,0.0,1.0,1.0,1.0,0.0
25,255,0.9535802251591924,5.849799609785176,0.0,1.0,0.0,0.0,1.0,1.0
26,255,11.758922956592873,12.0,1.0,0.0,1.0,1.0,0.0,0.0
27,255,5.899303704350155,4.824252654317167,0.0,1.0,0.0,1.0,1.0,0.0
28,255,4.5725400819976265,5.552541098999681,1.0,0.0,1.0,1.0,0.0,0.0
29,255,2.677444994015045,1.8616562390700384,0.0,0.0,0.0,0.0,0.0,1.0
30,255,8.525122506090204,7.829182508441897,0.0,1.0,1.0,0.0,0.0,1.0
31,255,5.23140465012677,0.3334534685789988,0.0,1.0,1.0,0.0,1.0,0.0
32,255,3.1033035246737377,9.655175247420429,0.0,0.0,1.0,0.0,1.0,0.0
33,255,12.0,2.597111374780868,0.0,0.0,0.0,0.0,0.0,1.0
34,255,5.566752085508002,7.524921056386669,1.0,1.0,0.0,0.0,1.0,0.0
35,255,6.415243259206915,10.146300820113565,1.0,1.0,1.0,1.0,1.0,0.0
36,255,10.453109331024722,0.06396679366178,0.0,1.0,0.0,1.0,1.0,0.0
37,255,0.5563535077716517,9.385348157171514,0.0,0.0,1.0,0.0,1.0,0.0
38,255,2.2025948925801435,9.366217445059757,0.0,0.0,1.0,0.0,0.0,0.0
39,255,2.40448318885669,0.0,1.0,0.0,1.0,1.0,1.0,0.0
0,260,0.0,7.387440090034103,0.0,0.0,0.0,1.0,0.0,1.0
1,260,10.657545090211771,4.9293872081666255,1.0,0.0,1.0,0.0,0.0,0.0
2,260,0.0,2.38856078578688,0.0,1.0,0.0,1.0,0.0,0.0
3,260,0.4638820638712756,5.065877422568504,1.0,1.0,0.0,1.0,0.0,1.0
4,260,2.610782290186926,8.416903640996324,0.0,0.0,0.0,0.0,0.0,1.0
5,260,9.511774518267282,1.424101059231483,1.0,1.0,1.0,0.0,1.0,0.0
6,260,11.002262984717811,6.8907312170779,0.0,0.0,0.0,0.0,0.0,0.0
7,260,3.9231890446366826,3.459095085247034,0.0,1.0,0.0,1.0,1.0,0.0
8,260,4.398599407415287,11.39555025415219,0.0,1.0,1.0,1.0,1.0,0.0
9,260,2.8372562499067357,10.744430163591533,0.0,0.0,1.0,1.0,1.0,0.0
10,260,1.9064716825278116,0.577338648204818,1.0,1.0,1.0,0.0,0.0,0.0
11,260,5.913812038204743,4.907134461070759,1.0,0.0,0.0,0.0,0.0,1.0
12,260,11.328791599636713,6.327443674611956,0.0,0.0,0.0,1.0,0.0,0.0
13,260,0.0,3.658632655137687,1.0,0.0,1.0,0.0,1.0,0.0
14,260,2.926793166588016,11.47235325030534,1.0,1.0,0.0,1.0,0.0,0.0
15,260,7.00124559156199,11.364637287170035,1.0,1.0,0.0,0.0,0.0,0.0
16,260,1.0432186700499666,8.254070825895237,1.0,0.0,0.0,1.0,1.0,1.0
17,260,7.914754060046275,3.03989113270032,0.0,0.0,0.0,0.0,1.0,1.0
18,260,9.394496100984536,11.12005139611869,0.0,0.0,0.0,0.0,1.0,1.0
19,260,0.0,7.038972888724509,0.0,0.0,1.0,0.0,0.0,0.0
20,260,3.24365129623364,2.3204998381227004,1.0,1.0,0.0,1.0,0.0,1.0
21,260,10.051900057947217,2.27062623843245,0.0,0.0,0.0,1.0,0.0,0.0
22,260,4.052149855932595,0.9802850580397884,0.0,1.0,0.0,0.0,0.0,0.0
23,260,9.013443182650096,0.0,0.0,0.0,0.0,0.0,0.0,0.0
24,260,7.762476737720818,4.9255965945649045,1.0,0.0,1.0,1.0,1.0,0.0
25,260,0.8950446621611207,5.81861589928639,0.0,1.0,0.0,0.0,1.0,1.0
26,260,11.80462763130936,12.0,1.0,0.0,1.0,1.0,0.0,0.0
27,260,6.019505502830875,4.9041227691135925,0.0,1.0,0.0,1.0,1.0,0.0
28,260,4.5847222580917135,5.553380718847771,1.0,0.0,1.0,1.0,0.0,0.0
29,260,2.720550238597175,1.8488247864795808,0.0,0.0,0.0,0.0,0.0,1.0
30,260,8.583077916587605,7.795334343349161,0.0,1.0,1.0,0.0,0.0,1.0
31,260,5.200230655966317,0.3593494111841926,0.0,1.0,1.0,0.0,1.0,0.0
32,260,3.0448275281182324,9.627639625554725,0.0,0.0,1.0,0.0,1.0,0.0
33,260,12.0,2.54973011441173,0.0,0.0,0.0,0.0,0.0,1.0
34,260,5.546843833049936,7.564908615319624,1.0,1.0,0.0,0.0,1.0,0.0
35,260,6.46716414716788,10.192835040788646,1.0,1.0,1.0,1.0,1.0,0.0
36,260,10.447215070516975,0.0652564196087795,0.0,1.0,0.0,1.0,1.0,0.0
37,260,0.538343113304106,9.448266864496755,0.0,0.0,1.0,0.0,1.0,0.0
38,260,2.1794904559319543,9.406345413719414,0.0,0.0,1.0,0.0,0.0,0.0
39,260,2.474634496514194,0.0,1.0,0.0,1.0,1.0,1.0,0.0
0,265,0.0,7.393032113033175,0.0,0.0,0.0,1.0,0.0,1.0
1,265,10.652734001044458,4.94087968022486,1.0,0.0,1.0,0.0,0.0,0.0
2,265,0.0,2.1827329009451284,0.0,1.0,0.0,1.0,0.0,0.0
3,265,0.512172370855043,5.06238263131278,1.0,1.0,0.0,1.0,0.0,1.0
4,265,2.549202477531453,8.380878645863486,0.0,0.0,0.0,0.0,0.0,1.0
5,265,9.52761206737184,1.382227492848926,1.0,1.0,1.0,0.0,1.0,0.0
6,265,11.097887800233044,6.905353217291597,0.0,0.0,0.0,0.0,0.0,0.0
7,265,3.928496985073293,3.4924957918792305,0.0,1.0,0.0,1.0,1.0,0.0
8,265,4.298231235875385,11.333335740677974,0.0,1.0,1.0,1.0,1.0,0.0
9,265,2.8340810133205374,10.748803461811823,0.0,0.0,1.0,1.0,1.0,0.0
10,265,1.918440099199092,0.7057343214130889,1.0,1.0,1.0,0.0,0.0,0.0
11,265,5.859917262029656,4.803406950960121,1.0,0.0,0.0,0.0,0.0,1.0
12,265,11.332493714228056,6.227254389062825,0.0,0.0,0.0,1.0,0.0,0.0
13,265,0.0,3.5832694438117607,1.0,0.0,1.0,0.0,1.0,0.0
14,265,3.046012758550317,11.44245714892313,1.0,1.0,0.0,1.0,0.0,0.0
15,265,6.965070796800006,11.397563463330489,1.0,1.0,0.0,0.0,0.0,0.0
16,265,1.0890853422355518,8.398389990287363,1.0,0.0,0.0,1.0,1.0,1.0
17,265,7.9662364638698655,3.078287698427236,0.0,0.0,0.0,0.0,1.0,1.0
18,265,9.434736952979002,11.099883779435586,0.0,0.0,0.0,0.0,1.0,1.0
19,265,0.0,6.948460555979037,0.0,0.0,1.0,0.0,0.0,0.0
20,265,3.283880385399642,2.392134959037832,1.0,1.0,0.0,1.0,0.0,1.0
21,265,10.052259117047226,2.380083948960056,0.0,0.0,0.0,1.0,0.0,0.0
22,265,3.989240340211672,1.0597985422413327,0.0,1.0,0.0,0.0,0.0,0.0
23,265,9.199649784223473,0.0,0.0,0.0,0.0,0.0,0.0,0.0
24,265,7.937186663850323,4.80056779325873,1.0,0.0,1.0,1.0,1.0,0.0
25,265,0.8125036597448317,5.775381773641522,0.0,1.0,0.0,0.0,1.0,1.0
26,265,11.852629631814338,12.0,1.0,0.0,1.0,1.0,0.0,0.0
27,265,6.147770395170813,4.998433184377405,0.0,1.0,0.0,1.0,1.0,0.0
28,265,4.6055344890391,5.554367264796624,1.0,0.0,1.0,1.0,0.0,0.0
29,265,2.764754789718836,1.8356475018438212,0.0,0.0,0.0,0.0,0.0,1.0
30,265,8.644111478189414,7.7569093810847,0.0,1.0,1.0,0.0,0.0,1.0
31,265,5.182920722576016,0.3740721745527994,0.0,1.0,1.0,0.0,1.0,0.0
32,265,2.967495475707229,9.590139454057653,0.0,0.0,1.0,0.0,1.0,0.0
33,265,12.0,2.5003846956296774,0.0,0.0,0.0,0.0,0.0,1.0
34,265,5.523596082987573,7.616290019900274,1.0,1.0,0.0,0.0,1.0,0.0
35,265,6.508064724521047,10.22840302184408,1.0,1.0,1.0,1.0,1.0,0.0
36,265,10.463580579791293,0.0617708026969842,0.0,1.0,0.0,1.0,1.0,0.0
37,265,0.5245020774586461,9.49522201739745,0.0,0.0,1.0,0.0,1.0,0.0
38,265,2.1498939224088507,9.45883690959689,0.0,0.0,1.0,0.0,0.0,0.0
39,265,2.5606559135415115,0.0,1.0,0.0,1.0,1.0,1.0,0.0
0,270,0.0,7.397362168447259,0.0,0.0,0.0,1.0,0.0,1.0
1,270,10.640765147836774,4.969608837032329,1.0,0.0,1.0,0.0,0.0,0.0
2,270,0.0,1.9800966490334964,0.0,1.0,0.0,1.0,0.0,0.0
3,270,0.531008087591398,5.06107720888282,1.0,1.0,0.0,1.0,0.0,1.0
4,270,2.4919207019346943,8.347505253181358,0.0,0.0,0.0,0.0,0.0,1.0
5,270,9.541799995762997,1.3443500020851424,1.0,1.0,1.0,0.0,1.0,0.0
6,270,11.169595878574452,6.914875072021053,0.0,0.0,0.0,0.0,0.0,0.0
7,270,3.9345871719272782,3.538549655109761,0.0,1.0,0.0,1.0,1.0,0.0
8,270,4.198951081037585,11.274603522211615,0.0,1.0,1.0,1.0,1.0,0.0
9,270,2.843776259193022,10.73563379662423,0.0,0.0,1.0,1.0,1.0,0.0
10,270,1.9319428512408128,0.8614322565636139,1.0,1.0,1.0,0.0,0.0,0.0
11,270,5.807596705723994,4.7025399352400425,1.0,0.0,0.0,0.0,0.0,1.0
12,270,11.338539706855078,6.129460270648085,0.0,0.0,0.0,1.0,0.0,0.0
13,270,0.0,3.5175710645763663,1.0,0.0,1.0,0.0,1.0,0.0
14,270,3.1574588004828468,11.40979156563868,1.0,1.0,0.0,1.0,0.0,0.0
15,270,6.917315153811825,11.439183389180032,1.0,1.0,0.0,0.0,0.0,0.0
16,270,1.137151093788054,8.540742922746901,1.0,0.0,0.0,1.0,1.0,1.0
17,270,8.017773808544248,3.1149594961400013,0.0,0.0,0.0,0.0,1.0,1.0
18,270,9.486350221429474,11.073042431457113,0.0,0.0,0.0,0.0,1.0,1.0
19,270,0.0,6.866378216798873,0.0,0.0,1.0,0.0,0.0,0.0
20,270,3.350462754163154,2.35398397910966,1.0,1.0,0.0,1.0,0.0,1.0
21,270,10.052134345871297,2.4903571280866363,0.0,0.0,0.0,1.0,0.0,0.0
22,270,3.924449208387194,1.1457307046311176,0.0,1.0,0.0,0.0,0.0,0.0
23,270,9.357651517094116,0.0,0.0,0.0,0.0,0.0,0.0,0.0
24,270,8.110957324673974,4.683762600708202,1.0,0.0,1.0,1.0,1.0,0.0
25,270,0.7164414428596938,5.726005927122941,0.0,1.0,0.0,0.0,1.0,1.0
26,270,11.89950911151891,12.0,1.0,0.0,1.0,1.0,0.0,0.0
27,270,6.272895836782083,5.089635113970638,0.0,1.0,0.0,1.0,1.0,0.0
28,270,4.62863505638302,5.555316165965336,1.0,0.0,1.0,1.0,0.0,0.0
29,270,2.808673293057348,1.822649211818045,0.0,0.0,0.0,0.0,0.0,1.0
30,270,8.732268680998953,7.699628992445581,0.0,1.0,1.0,0.0,0.0,1.0
31,270,5.180194996666789,0.3762999438331003,0.0,1.0,1.0,0.0,1.0,0.0
32,270,2.890019375470973,9.553749834255523,0.0,0.0,1.0,0.0,1.0,0.0
33,270,12.0,2.452952487692197,0.0,0.0,0.0,0.0,0.0,1.0
34,270,5.506026742304091,7.653344614235779,1.0,1.0,0.0,0.0,1.0,0.0
35,270,6.542708020312543,10.258532064656206,1.0,1.0,1.0,1.0,1.0,0.0
36,270,10.474651728947793,0.059421838689065,0.0,1.0,0.0,1.0,1.0,0.0
37,270,0.5154356649157048,9.528044218330573,0.0,0.0,1.0,0.0,1.0,0.0
38,270,2.117175192507725,9.51868459125794,0.0,0.0,1.0,0.0,0.0,0.0
39,270,2.65482663371329,0.0,1.0,0.0,1.0,1.0,1.0,0.0
0,275,0.0,7.400433508794943,0.0,0.0,0.0,1.0,0.0,1.0
1,275,10.625212774332438,5.005021860676006,1.0,0.0,1.0,0.0,0.0,0.0
2,275,0.0,1.7583678933319538,0.0,1.0,0.0,1.0,0.0,0.0
3,275,0.5196952493426269,5.061894829173786,1.0,1.0,0.0,1.0,0.0,1.0
4,275,2.435841172613578,8.315753424282729,0.0,0.0,0.0,0.0,0.0,1.0
5,275,9.551751315936244,1.3176645966813672,1.0,1.0,1.0,0.0,1.0,0.0
6,275,11.236087940989488,6.921774852882385,0.0,0.0,0.0,0.0,0.0,0.0
7,275,3.941337028023947,3.5949918286212066,0.0,1.0,0.0,1.0,1.0,0.0
8,275,4.106443956815305,11.216829364412238,0.0,1.0,1.0,1.0,1.0,0.0
9,275,2.8501225854943097,10.726596505091978,0.0,0.0,1.0,1.0,1.0,0.0
10,275,1.9389143718378596,1.0185944505069913,1.0,1.0,1.0,0.0,0.0,0.0
11,275,5.751824006668222,4.597422452512012,1.0,0.0,0.0,0.0,0.0,1.0
12,275,11.34516930479338,6.043361490062965,0.0,0.0,0.0,1.0,0.0,0.0
13,275,0.0,3.447987489266224,1.0,0.0,1.0,0.0,1.0,0.0
14,275,3.2623322432145065,11.38081999576183,1.0,1.0,0.0,1.0,0.0,0.0
15,275,6.8539965211068825,11.4965838319286,1.0,1.0,0.0,0.0,0.0,0.0
16,275,1.1827953953318957,8.664374011608373,1.0,0.0,0.0,1.0,1.0,1.0
17,275,8.069757871874605,3.1536591938397867,0.0,0.0,0.0,0.0,1.0,1.0
18,275,9.530036957386214,11.05102702587009,0.0,0.0,0.0,0.0,1.0,1.0
19,275,0.0,6.785835436638946,0.0,0.0,1.0,0.0,0.0,0.0
20,275,3.423527447831555,2.31453886990944,1.0,1.0,0.0,1.0,0.0,1.0
21,275,10.052549049453038,2.636350870502969,0.0,0.0,0.0,1.0,0.0,0.0
22,275,3.848180545494785,1.2489583485675162,0.0,1.0,0.0,0.0,0.0,0.0
23,275,9.53864144151328,0.0,0.0,0.0,0.0,0.0,0.0,0.0
24,275,8.279194228863172,4.565906513247462,1.0,0.0,1.0,1.0,1.0,0.0
25,275,0.6388787283146296,5.683287968603911,0.0,1.0,0.0,0.0,1.0,1.0
26,275,11.949002663631642,12.0,1.0,0.0,1.0,1.0,0.0,0.0
27,275,6.390831104086191,5.183051473146611,0.0,1.0,0.0,1.0,1.0,0.0
28,275,4.650552178695208,5.555845945864476,1.0,0.0,1.0,1.0,0.0,0.0
29,275,2.8253949632911284,1.8175446562224244,0.0,0.0,0.0,0.0,0.0,1.0
30,275,8.817544340897163,7.641894079550618,0.0,1.0,1.0,0.0,0.0,1.0
31,275,5.170296057008794,0.3842654803040944,0.0,1.0,1.0,0.0,1.0,0.0
32,275,2.8213773409769125,9.52103107000749,0.0,0.0,1.0,0.0,1.0,0.0
33,275,12.0,2.402496927296675,0.0,0.0,0.0,0.0,0.0,1.0
34,275,5.492269426997972,7.679944722113061,1.0,1.0,0.0,0.0,1.0,0.0
35,275,6.594909149266004,10.302273879552816,1.0,1.0,1.0,1.0,1.0,0.0
36,275,10.477019375302827,0.0588904830431367,0.0,1.0,0.0,1.0,1.0,0.0
37,275,0.5025208738932234,9.574614625061823,0.0,0.0,1.0,0.0,1.0,0.0
38,275,2.086773045567446,9.574857094011865,0.0,0.0,1.0,0.0,0.0,0.0
39,275,2.761195709827453,0.0,1.0,0.0,1.0,1.0,1.0,0.0
0,280,0.0,7.403240510867088,0.0,0.0,0.0,1.0,0.0,1.0
1,280,10.609786486823946,5.041653804582621,1.0,0.0,1.0,0.0,0.0,0.0
2,280,0.0,1.5456444810451373,0.0,1.0,0.0,1.0,0.0,0.0
3,280,0.517282514502306,5.062109832541071,1.0,1.0,0.0,1.0,0.0,1.0
4,280,2.383870895790713,8.285477410263814,0.0,0.0,0.0,0.0,0.0,1.0
5,280,9.564407287438446,1.2853936117222426,1.0,1.0,1.0,0.0,1.0,0.0
6,280,11.31201623605097,6.929521980618717,0.0,0.0,0.0,0.0,0.0,0.0
7,280,3.9452677699071823,3.6263684730335006,0.0,1.0,0.0,1.0,1.0,0.0
8,280,4.018665313323144,11.159550232409494,0.0,1.0,1.0,1.0,1.0,0.0
9,280,2.8669739220186554,10.701134350293596,0.0,0.0,1.0,1.0,1.0,0.0
10,280,1.9503709851978777,1.1757641339074305,1.0,1.0,1.0,0.0,0.0,0.0
11,280,5.690670856220243,4.480009391121995,1.0,0.0,0.0,0.0,0.0,1.0
12,280,11.350477951931772,5.974168178424609,0.0,0.0,0.0,1.0,0.0,0.0
13,280,0.0,3.4016759535779437,1.0,0.0,1.0,0.0,1.0,0.0
14,280,3.378390681788838,11.347597136465987,1.0,1.0,0.0,1.0,0.0,0.0
15,280,6.7949736499205375,11.552777271751616,1.0,1.0,0.0,0.0,0.0,0.0
16,280,1.2311162475595816,8.796099306202285,1.0,0.0,0.0,1.0,1.0,1.0
17,280,8.122039687777285,3.1938674435387924,0.0,0.0,0.0,0.0,1.0,1.0
18,280,9.5773618555551,11.02584981704761,0.0,0.0,0.0,0.0,1.0,1.0
19,280,0.0,6.705419273631593,0.0,0.0,1.0,0.0,0.0,0.0
20,280,3.4887696871800524,2.2785575181778235,1.0,1.0,0.0,1.0,0.0,1.0
21,280,10.05056821488376,2.7670884733088217,0.0,0.0,0.0,1.0,0.0,0.0
22,280,3.770118817299808,1.3495564049347704,0.0,1.0,0.0,0.0,0.0,0.0
23,280,9.728713507931475,0.0,0.0,0.0,0.0,0.0,0.0,0.0
24,280,8.420919604688992,4.465383653403538,1.0,0.0,1.0,1.0,1.0,0.0
25,280,0.5525104716384626,5.635277020511354,0.0,1.0,0.0,0.0,1.0,1.0
26,280,12.0,12.0,1.0,0.0,1.0,1.0,0.0,0.0
27,280,6.498120121923652,5.266320928942805,0.0,1.0,0.0,1.0,1.0,0.0
28,280,4.663339984461776,5.556254691177333,1.0,0.0,1.0,1.0,0.0,0.0
29,280,2.8445653509480366,1.811935537013812,0.0,0.0,0.0,0.0,0.0,1.0
30,280,8.90580740982164,7.58071145295557,0.0,1.0,1.0,0.0,0.0,1.0
31,280,5.151489724265434,0.3984460326584564,0.0,1.0,1.0,0.0,1.0,0.0
32,280,2.7457761235810207,9.484772213703415,0.0,0.0,1.0,0.0,1.0,0.0
33,280,12.0,2.3566998514521966,0.0,0.0,0.0,0.0,0.0,1.0
34,280,5.481144774700975,7.702647447977959,1.0,1.0,0.0,0.0,1.0,0.0
35,280,6.646020205956569,10.345401993436251,1.0,1.0,1.0,1.0,1.0,0.0
36,280,10.465841244471497,0.0614573335466021,0.0,1.0,0.0,1.0,1.0,0.0
37,280,0.4937056805993894,9.608179099599482,0.0,0.0,1.0,0.0,1.0,0.0
38,280,2.055221776279673,9.635073656151937,0.0,0.0,1.0,0.0,0.0,0.0
39,280,2.86623493633756,0.0,1.0,0.0,1.0,1.0,1.0,0.0
0,285,0.0,7.407442966764599,0.0,0.0,0.0,1.0,0.0,1.0
1,285,10.593108674179687,5.08136310268073,1.0,0.0,1.0,0.0,0.0,0.0
2,285,0.0,1.329273527787222,0.0,1.0,0.0,1.0,0.0,0.0
3,285,0.5155255692819274,5.062256795266129,1.0,1.0,0.0,1.0,0.0,1.0
4,285,2.320812230227016,8.250335629413144,0.0,0.0,0.0,0.0,0.0,1.0
5,285,9.56864288060546,1.2748565123736806,1.0,1.0,1.0,0.0,1.0,0.0
6,285,11.3953751872168,6.936229652301925,0.0,0.0,0.0,0.0,0.0,0.0
7,285,3.950485930627304,3.671389963686912,0.0,1.0,0.0,1.0,1.0,0.0
8,285,3.91227506398976,11.0898281781805,0.0,1.0,1.0,1.0,1.0,0.0
9,285,2.880006484527176,10.680398092542852,0.0,0.0,1.0,1.0,1.0,0.0
10,285,1.9575485990729304,1.31994912106895,1.0,1.0,1.0,0.0,0.0,0.0
11,285,5.6379629730346,4.377120601958057,1.0,0.0,0.0,0.0,0.0,1.0
12,285,11.353982506387185,5.919786123523103,0.0,0.0,0.0,1.0,0.0,0.0
13,285,0.0,3.3648982390009183,1.0,0.0,1.0,0.0,1.0,0.0
14,285,3.50872528728733,11.311789218818523,1.0,1.0,0.0,1.0,0.0,0.0
15,285,6.745421440345833,11.599583010742318,1.0,1.0,0.0,0.0,0.0,0.0
16,285,1.2804161754429737,8.937326598712255,1.0,0.0,0.0,1.0,1.0,1.0
17,285,8.161682813924685,3.224321188921979,0.0,0.0,0.0,0.0,1.0,1.0
18,285,9.598356305612608,11.013523230650712,0.0,0.0,0.0,0.0,1.0,1.0
19,285,0.0,6.641320999774119,0.0,0.0,1.0,0.0,0.0,0.0
20,285,3.5619801656764274,2.2387529160194646,1.0,1.0,0.0,1.0,0.0,1.0
21,285,10.0459514258981,2.909347913988744,0.0,0.0,0.0,1.0,0.0,0.0
22,285,3.694879012369804,1.4504746049111583,0.0,1.0,0.0,0.0,0.0,0.0
23,285,9.910226546572144,0.0,0.0,0.0,0.0,0.0,0.0,0.0
24,285,8.5473588697383,4.371657828399729,1.0,0.0,1.0,1.0,1.0,0.0
25,285,0.6550386691189923,5.690474255295406,0.0,1.0,0.0,0.0,1.0,1.0
26,285,12.0,12.0,1.0,0.0,1.0,1.0,0.0,0.0
27,285,6.602759733269861,5.343060556583796,0.0,1.0,0.0,1.0,1.0,0.0
28,285,4.680606574587525,5.556740634670304,1.0,0.0,1.0,1.0,0.0,0.0
29,285,2.877563031547562,1.8019675221989435,0.0,0.0,0.0,0.0,0.0,1.0
30,285,9.006395176636502,7.51467996530061,0.0,1.0,1.0,0.0,0.0,1.0
31,285,5.131710404761014,0.4129365481809897,0.0,1.0,1.0,0.0,1.0,0.0
32,285,2.68441383692294,9.455473461985918,0.0,0.0,1.0,0.0,1.0,0.0
33,285,12.0,2.3135063154916056,0.0,0.0,0.0,0.0,0.0,1.0
34,285,5.469290369441735,7.726775632360288,1.0,1.0,0.0,0.0,1.0,0.0
35,285,6.698090585676983,10.389944242892213,1.0,1.0,1.0,1.0,1.0,0.0
36,285,10.458878501489178,0.0629713490504933,0.0,1.0,0.0,1.0,1.0,0.0
37,285,0.4798728098355165,9.660886724830982,0.0,0.0,1.0,0.0,1.0,0.0
38,285,2.0231286794185106,9.699181893262004,0.0,0.0,1.0,0.0,0.0,0.0
39,285,2.973286653700147,0.0,1.0,0.0,1.0,1.0,1.0,0.0
0,290,0.0,7.409715350618054,0.0,0.0,0.0,1.0,0.0,1.0
1,290,10.572344712861222,5.134490160093141,1.0,0.0,1.0,0.0,0.0,0.0
2,290,0.0,1.1058549018202368,0.0,1.0,0.0,1.0,0.0,0.0
3,290,0.4969019148428321,5.064188309027269,1.0,1.0,0.0,1.0,0.0,1.0
4,290,2.2797135429025506,8.227147542631045,0.0,0.0,0.0,0.0,0.0,1.0
5,290,9.58319459784013,1.2379493190663609,1.0,1.0,1.0,0.0,1.0,0.0
6,290,11.469887911746891,6.944167801584858,0.0,0.0,0.0,0.0,0.0,0.0
7,290,3.958376054394943,3.731362976175735,0.0,1.0,0.0,1.0,1.0,0.0
8,290,3.819157205742584,11.025957541620446,0.0,1.0,1.0,1.0,1.0,0.0
9,290,2.884133600130021,10.674214735287409,0.0,0.0,1.0,1.0,1.0,0.0
10,290,1.9633186382986847,1.4433491423923694,1.0,1.0,1.0,0.0,0.0,0.0
11,290,5.595082988450517,4.286544140255579,1.0,0.0,0.0,0.0,0.0,1.0
12,290,11.35972872845582,5.85315860400401,0.0,0.0,0.0,1.0,0.0,0.0
13,290,0.0,3.331360859064256,1.0,0.0,1.0,0.0,1.0,0.0
14,290,3.6445672078899607,11.272184803938192,1.0,1.0,0.0,1.0,0.0,0.0
15,290,6.71168029911336,11.631294635043876,1.0,1.0,0.0,0.0,0.0,0.0
16,290,1.323132060336214,9.060462010342668,1.0,0.0,0.0,1.0,1.0,1.0
17,290,8.19968609054779,3.253621159279328,0.0,0.0,0.0,0.0,1.0,1.0
18,290,9.616476089113553,11.002515146878745,0.0,0.0,0.0,0.0,1.0,1.0
19,290,0.0,6.570805696248492,0.0,0.0,1.0,0.0,0.0,0.0
20,290,3.633054332792317,2.201075405889301,1.0,1.0,0.0,1.0,0.0,1.0
21,290,10.04317557920165,3.0386496797528912,0.0,0.0,0.0,1.0,0.0,0.0
22,290,3.6278386898288426,1.5370690421307995,0.0,1.0,0.0,0.0,0.0,0.0
23,290,10.10361354163418,0.0,0.0,0.0,0.0,0.0,0.0,0.0
24,290,8.677755666958166,4.274266410065318,1.0,0.0,1.0,1.0,1.0,0.0
25,290,0.7532284919314003,5.7436289411378745,0.0,1.0,0.0,0.0,1.0,1.0
26,290,12.0,12.0,1.0,0.0,1.0,1.0,0.0,0.0
27,290,6.713223754902478,5.420649601864548,0.0,1.0,0.0,1.0,1.0,0.0
28,290,4.679785000186533,5.583660926596016,1.0,0.0,1.0,1.0,0.0,0.0
29,290,2.8979369073217507,1.796627914850628,0.0,0.0,0.0,0.0,0.0,1.0
30,290,9.09143366171937,7.458349630890539,0.0,1.0,1.0,0.0,0.0,1.0
31,290,5.093382108797288,0.4428695644864519,0.0,1.0,1.0,0.0,1.0,0.0
32,290,2.610767106868937,9.422243763282529,0.0,0.0,1.0,0.0,1.0,0.0
33,290,12.0,2.2722979393574043,0.0,0.0,0.0,0.0,0.0,1.0
34,290,5.457817968148,7.74934190941257,1.0,1.0,0.0,0.0,1.0,0.0
35,290,6.757406200458377,10.441999858124298,1.0,1.0,1.0,1.0,1.0,0.0
36,290,10.47343437854212,0.0595871696332225,0.0,1.0,0.0,1.0,1.0,0.0
37,290,0.4573183720448358,9.736036679846436,0.0,0.0,1.0,0.0,1.0,0.0
38,290,1.987875886163569,9.770536207787035,0.0,0.0,1.0,0.0,0.0,0.0
39,290,3.075144179010507,0.0,1.0,0.0,1.0,1.0,1.0,0.0
0,295,0.0,7.412717403596488,0.0,0.0,0.0,1.0,0.0,1.0
1,295,10.555935319498834,5.175966492514301,1.0,0.0,1.0,0.0,0.0,0.0
2,295,0.0,0.8908145177976002,0.0,1.0,0.0,1.0,0.0,0.0
3,295,0.4588829939058597,5.068260328405663,1.0,1.0,0.0,1.0,0.0,1.0
4,295,2.2358520447698136,8.201781146979759,0.0,0.0,0.0,0.0,0.0,1.0
5,295,9.59517261241187,1.2055250077953503,1.0,1.0,1.0,0.0,1.0,0.0
6,295,11.520435704153188,6.94895334518766,0.0,0.0,0.0,0.0,0.0,0.0
7,295,3.9664954584641374,3.783084609558468,0.0,1.0,0.0,1.0,1.0,0.0
8,295,3.734114227432344,10.966605728054056,0.0,1.0,1.0,1.0,1.0,0.0
9,295,2.8763273188415144,10.686209215857136,0.0,0.0,1.0,1.0,1.0,0.0
10,295,1.9681301553505064,1.5662799847266946,1.0,1.0,1.0,0.0,0.0,0.0
11,295,5.557122814330764,4.205659265516509,1.0,0.0,0.0,0.0,0.0,1.0
12,295,11.364591167013597,5.794675244765609,0.0,0.0,0.0,1.0,0.0,0.0
13,295,0.0,3.294026276848921,1.0,0.0,1.0,0.0,1.0,0.0
14,295,3.768495954117161,11.236840428592192,1.0,1.0,0.0,1.0,0.0,0.0
15,295,6.700393819889838,11.641677704916807,1.0,1.0,0.0,0.0,0.0,0.0
16,295,1.3605743458785482,9.166180853738716,1.0,0.0,0.0,1.0,1.0,1.0
17,295,8.240794339568376,3.285154021643641,0.0,0.0,0.0,0.0,1.0,1.0
18,295,9.638178549706618,11.039379056799005,0.0,0.0,0.0,0.0,1.0,1.0
19,295,0.0,6.514176577103454,0.0,0.0,1.0,0.0,0.0,0.0
20,295,3.711921560128537,2.1591264231277,1.0,1.0,0.0,1.0,0.0,1.0
21,295,10.037496363635354,3.1763491504098624,0.0,0.0,0.0,1.0,0.0,0.0
22,295,3.5652695403730177,1.6165113889031846,0.0,1.0,0.0,0.0,0.0,0.0
23,295,10.300517385720283,0.0,0.0,0.0,0.0,0.0,0.0,0.0
24,295,8.788053154036783,4.193695071790341,1.0,0.0,1.0,1.0,1.0,0.0
25,295,0.8433008552361575,5.79096454020637,0.0,1.0,0.0,0.0,1.0,1.0
26,295,12.0,12.0,1.0,0.0,1.0,1.0,0.0,0.0
27,295,6.8159117925643375,5.494450069222368,0.0,1.0,0.0,1.0,1.0,0.0
28,295,4.678245513590586,5.611655105810795,1.0,0.0,1.0,1.0,0.0,0.0
29,295,2.912352236740946,1.793127685645496,0.0,0.0,0.0,0.0,0.0,1.0
30,295,9.17757592607583,7.399815870263347,0.0,1.0,1.0,0.0,0.0,1.0
31,295,5.029981918998617,0.4895137433212035,0.0,1.0,1.0,0.0,1.0,0.0
32,295,2.52645806832039,9.3873415281676,0.0,0.0,1.0,0.0,1.0,0.0
33,295,12.0,2.2227675621951533,0.0,0.0,0.0,0.0,0.0,1.0
34,295,5.448479311825228,7.768839915051673,1.0,1.0,0.0,0.0,1.0,0.0
35,295,6.801872898988634,10.479897358450597,1.0,1.0,1.0,1.0,1.0,0.0
36,295,10.475298121869528,0.0591547827599678,0.0,1.0,0.0,1.0,1.0,0.0
37,295,0.4383891653621386,9.800726807978492,0.0,0.0,1.0,0.0,1.0,0.0
38,295,1.9477726338280053,9.8491882928625,0.0,0.0,1.0,0.0,0.0,0.0
39,295,3.175263019659371,0.0,1.0,0.0,1.0,1.0,1.0,0.0
