0,0,5.976954661423049,6.049545536814909,0.0,0.0,0.0,1.0,0.0,0.0
1,0,8.920479890683175,5.987728693514175,0.0,0.0,1.0,0.0,1.0,0.0
2,0,9.046245644917189,7.995343365358095,1.0,0.0,0.0,0.0,1.0,0.0
3,0,7.019026502841943,1.0337349623213756,0.0,0.0,1.0,0.0,1.0,1.0
4,0,10.951096448357614,9.978208263573093,0.0,0.0,0.0,0.0,0.0,0.0
5,0,0.0,8.027887739509422,1.0,0.0,1.0,1.0,0.0,0.0
6,0,7.965779231837597,5.039326196695368,0.0,1.0,0.0,1.0,0.0,0.0
7,0,5.006347868108436,0.0681411896920526,0.0,1.0,1.0,1.0,0.0,1.0
8,0,5.018135589384394,9.979353861865548,0.0,0.0,0.0,0.0,0.0,0.0
9,0,6.06247919927898,3.0349946573592126,1.0,1.0,1.0,0.0,0.0,0.0
10,0,6.047933099562603,3.004011029485825,0.0,0.0,0.0,1.0,0.0,0.0
11,0,7.040732570866303,7.98237679494878,1.0,1.0,1.0,0.0,1.0,0.0
12,0,4.008609511108148,11.95109959759088,1.0,0.0,0.0,1.0,0.0,1.0
13,0,1.9497049843212568,6.008575784444223,0.0,0.0,1.0,0.0,1.0,0.0
14,0,3.038069547283796,11.9530683168591,1.0,0.0,0.0,1.0,0.0,1.0
15,0,7.98191877964623,8.974021245494807,0.0,1.0,0.0,0.0,1.0,1.0
16,0,6.990701752477356,7.93211828696969,0.0,1.0,1.0,0.0,0.0,0.0
17,0,5.045856230985359,3.009122313443658,0.0,0.0,1.0,0.0,0.0,0.0
18,0,4.959982644386069,0.0144721716225309,0.0,1.0,1.0,0.0,0.0,0.0
19,0,7.930940334594968,3.035264604680345,1.0,0.0,0.0,1.0,0.0,1.0
20,0,2.0550463045386644,0.0,0.0,0.0,1.0,1.0,0.0,0.0
21,0,8.068197028541912,9.98641882830537,0.0,1.0,0.0,0.0,1.0,1.0
22,0,4.034180346605356,12.0,1.0,0.0,0.0,1.0,1.0,0.0
23,0,7.931453027629021,4.014677116825525,0.0,0.0,1.0,0.0,0.0,0.0
24,0,8.97908785975433,2.988989056896105,1.0,1.0,0.0,0.0,0.0,1.0
25,0,2.970943824290268,10.064603539602116,0.0,0.0,0.0,0.0,1.0,1.0
26,0,8.029090615570361,12.0,0.0,1.0,0.0,0.0,0.0,1.0
27,0,10.992636477773983,5.943000690633142,1.0,0.0,0.0,1.0,1.0,1.0
28,0,0.0,9.959380117284203,0.0,0.0,0.0,0.0,1.0,1.0
29,0,0.0,0.0,0.0,1.0,0.0,1.0,0.0,1.0
30,0,5.009428096478191,3.056368920691238,1.0,0.0,0.0,0.0,1.0,1.0
31,0,11.010434751075875,0.0,0.0,1.0,1.0,1.0,1.0,0.0
32,0,0.9720076683144008,2.9664864098192103,0.0,1.0,0.0,0.0,0.0,1.0
33,0,0.971604912831427,1.0345770688776934,1.0,1.0,0.0,1.0,0.0,0.0
34,0,8.043440287224085,1.9631842558876875,1.0,0.0,0.0,1.0,1.0,0.0
35,0,3.978643508963146,6.964743535509219,1.0,0.0,0.0,0.0,1.0,0.0
36,0,5.010890110479963,10.051480213480982,1.0,1.0,1.0,0.0,1.0,1.0
37,0,9.970246266960256,1.9949900868628136,1.0,1.0,1.0,0.0,1.0,1.0
38,0,3.0076501051200006,7.946780441268494,0.0,1.0,0.0,0.0,1.0,0.0
39,0,10.042470697043052,6.042474332324023,0.0,1.0,1.0,0.0,0.0,0.0
0,5,5.95352624870828,6.099783303294674,0.0,0.0,0.0,1.0,0.0,0.0
1,5,8.845507655783956,5.975069416677843,0.0,0.0,1.0,0.0,1.0,0.0
2,5,9.100976551675974,7.991660135188539,1.0,0.0,0.0,0.0,1.0,0.0
3,5,7.041858540006989,1.07281593664519,0.0,0.0,1.0,0.0,1.0,1.0
4,5,10.907432404281211,9.95916704164894,0.0,0.0,0.0,0.0,0.0,0.0
5,5,0.0,8.059175723229007,1.0,0.0,1.0,1.0,0.0,0.0
6,5,7.923167821994784,5.087416984739428,0.0,1.0,0.0,1.0,0.0,0.0
7,5,5.011278912630139,0.119284554585504,0.0,1.0,1.0,1.0,0.0,1.0
8,5,5.031506693068839,9.96412821788104,0.0,0.0,0.0,0.0,0.0,0.0
9,5,6.138842793140953,3.076685860108713,1.0,1.0,1.0,0.0,0.0,0.0
10,5,6.105573240328685,3.0102074570777244,0.0,0.0,0.0,1.0,0.0,0.0
11,5,7.075848712739632,7.967940364547722,1.0,1.0,1.0,0.0,1.0,0.0
12,5,4.014261256279608,11.912359676926584,1.0,0.0,0.0,1.0,0.0,1.0
13,5,1.899886331117444,6.017308842571997,0.0,0.0,1.0,0.0,1.0,0.0
14,5,3.0765902239365737,11.906512221299812,1.0,0.0,0.0,1.0,0.0,1.0
15,5,7.956004645182986,8.93604962594151,0.0,1.0,0.0,0.0,1.0,1.0
16,5,6.983584238215284,7.877161907866414,0.0,1.0,1.0,0.0,0.0,0.0
17,5,5.086088808017718,3.0172644697175337,0.0,0.0,1.0,0.0,0.0,0.0
18,5,4.918855719940711,0.0307826310732415,0.0,1.0,1.0,0.0,0.0,0.0
19,5,7.844375046841916,3.0805788119644424,1.0,0.0,0.0,1.0,0.0,1.0
20,5,2.097828855199897,0.0,0.0,0.0,1.0,1.0,0.0,0.0
21,5,8.159762535148744,9.968867659697937,0.0,1.0,0.0,0.0,1.0,1.0
22,5,4.066226368148844,12.0,1.0,0.0,0.0,1.0,1.0,0.0
23,5,7.863828301380213,4.028949046043753,0.0,0.0,1.0,0.0,0.0,0.0
24,5,8.937146697984415,2.968076003555963,1.0,1.0,0.0,0.0,0.0,1.0
25,5,2.9429124718091586,10.127553638572458,0.0,0.0,0.0,0.0,1.0,1.0
26,5,8.069261478129231,12.0,0.0,1.0,0.0,0.0,0.0,1.0
27,5,10.986617739798897,5.898628288884117,1.0,0.0,0.0,1.0,1.0,1.0
28,5,0.0,9.913057205334688,0.0,0.0,0.0,0.0,1.0,1.0
29,5,0.0,0.0,0.0,1.0,0.0,1.0,0.0,1.0
30,5,5.019858047811792,3.1258263031167663,1.0,0.0,0.0,0.0,1.0,1.0
31,5,11.019353772378429,0.0,0.0,1.0,1.0,1.0,1.0,0.0
32,5,0.9374755146285738,2.925921245222898,0.0,1.0,0.0,0.0,0.0,1.0
33,5,0.9566888986017684,1.052403928309776,1.0,1.0,0.0,1.0,0.0,0.0
34,5,8.078213729788642,1.9333272293352128,1.0,0.0,0.0,1.0,1.0,0.0
35,5,3.958719981618629,6.934151526365953,1.0,0.0,0.0,0.0,1.0,0.0
36,5,5.029259638778502,10.12995032417689,1.0,1.0,1.0,0.0,1.0,1.0
37,5,9.949251788977982,1.991605409429219,1.0,1.0,1.0,0.0,1.0,1.0
38,5,3.019485189992124,7.871493140738796,0.0,1.0,0.0,0.0,1.0,0.0
39,5,10.088737333489034,6.088113826153904,0.0,1.0,1.0,0.0,0.0,0.0
0,10,5.9346424093691015,6.138859024581506,0.0,0.0,0.0,1.0,0.0,0.0
1,10,8.75642160309719,5.958807654769334,0.0,0.0,1.0,0.0,1.0,0.0
2,10,9.15379768805931,7.986989466003958,1.0,0.0,0.0,0.0,1.0,0.0
3,10,7.064983233506848,1.1130587368992124,0.0,0.0,1.0,0.0,1.0,1.0
4,10,10.841346007720547,9.927674408766524,0.0,0.0,0.0,0.0,0.0,0.0
5,10,0.0,8.08644420896873,1.0,0.0,1.0,1.0,0.0,0.0
6,10,7.879695977124351,5.13803217088233,0.0,1.0,0.0,1.0,0.0,0.0
7,10,5.014226446874326,0.1517894571137865,0.0,1.0,1.0,1.0,0.0,1.0
8,10,5.038379203829334,9.95629574956948,0.0,0.0,0.0,0.0,0.0,0.0
9,10,6.24074486993947,3.1289845165578023,1.0,1.0,1.0,0.0,0.0,0.0
10,10,6.1531225563637335,3.015778448359466,0.0,0.0,0.0,1.0,0.0,0.0
11,10,7.110612741838932,7.953652483388495,1.0,1.0,1.0,0.0,1.0,0.0
12,10,4.023081395144034,11.863421222928462,1.0,0.0,0.0,1.0,0.0,1.0
13,10,1.8348608534499693,6.028934483664656,0.0,0.0,1.0,0.0,1.0,0.0
14,10,3.124696415829563,11.845070859314776,1.0,0.0,0.0,1.0,0.0,1.0
15,10,7.934663692888267,8.905760735170208,0.0,1.0,0.0,0.0,1.0,1.0
16,10,6.973220935452616,7.806477696472517,0.0,1.0,1.0,0.0,0.0,0.0
17,10,5.109400491041782,3.022194190171685,0.0,0.0,1.0,0.0,0.0,0.0
18,10,4.884959311171558,0.0432893291502041,0.0,1.0,1.0,0.0,0.0,0.0
19,10,7.730276916543421,3.13789514172098,1.0,0.0,0.0,1.0,0.0,1.0
20,10,2.127282826427804,0.0,0.0,0.0,1.0,1.0,0.0,0.0
21,10,8.249707657063173,9.953054752118025,0.0,1.0,0.0,0.0,1.0,1.0
22,10,4.098685224781882,12.0,1.0,0.0,0.0,1.0,1.0,0.0
23,10,7.789302774958179,4.046144627836909,0.0,0.0,1.0,0.0,0.0,0.0
24,10,8.901616668589602,2.950891440937708,1.0,1.0,0.0,0.0,0.0,1.0
25,10,2.916430694802889,10.185774020648704,0.0,0.0,0.0,0.0,1.0,1.0
26,10,8.109288946089366,12.0,0.0,1.0,0.0,0.0,0.0,1.0
27,10,10.980699808062615,5.863538012914881,1.0,0.0,0.0,1.0,1.0,1.0
28,10,0.0,9.859441714021902,0.0,0.0,0.0,0.0,1.0,1.0
29,10,0.0,0.0,0.0,1.0,0.0,1.0,0.0,1.0
30,10,5.028684128398911,3.188268301006312,1.0,0.0,0.0,0.0,1.0,1.0
31,10,11.02977754534228,0.0,0.0,1.0,1.0,1.0,1.0,0.0
32,10,0.8942591888120435,2.874677162963786,0.0,1.0,0.0,0.0,0.0,1.0
33,10,0.9416201731837364,1.0709154816086288,1.0,1.0,0.0,1.0,0.0,0.0
34,10,8.109070023526069,1.9083660116347412,1.0,0.0,0.0,1.0,1.0,0.0
35,10,3.9391065986119926,6.903959076197654,1.0,0.0,0.0,0.0,1.0,0.0
36,10,5.044453992493095,10.197567743385692,1.0,1.0,1.0,0.0,1.0,1.0
37,10,9.921739207670829,1.9867918189507503,1.0,1.0,1.0,0.0,1.0,1.0
38,10,3.0334042110255384,7.786580781663551,0.0,1.0,0.0,0.0,1.0,0.0
39,10,10.127836565295327,6.126881115884303,0.0,1.0,1.0,0.0,0.0,0.0
0,15,5.929456491584003,6.149775419758183,0.0,0.0,0.0,1.0,0.0,0.0
1,15,8.658510071147354,5.940525499766944,0.0,0.0,1.0,0.0,1.0,0.0
2,15,9.219460228470796,7.97983900595789,1.0,0.0,0.0,0.0,1.0,0.0
3,15,7.096898997761444,1.173838190823038,0.0,0.0,1.0,0.0,1.0,1.0
4,15,10.775676595135996,9.895245406230895,0.0,0.0,0.0,0.0,0.0,0.0
5,15,0.0,8.125775729126266,1.0,0.0,1.0,1.0,0.0,0.0
6,15,7.834200468291669,5.1928935579256486,0.0,1.0,0.0,1.0,0.0,0.0
7,15,5.017924220009051,0.1953425506123064,0.0,1.0,1.0,1.0,0.0,1.0
8,15,5.037183425744949,9.957544520419734,0.0,0.0,0.0,0.0,0.0,0.0
9,15,6.31906510525023,3.167358567337501,1.0,1.0,1.0,0.0,0.0,0.0
10,15,6.202224261512535,3.0219039723469203,0.0,0.0,0.0,1.0,0.0,0.0
11,15,7.149828324244757,7.936585315973572,1.0,1.0,1.0,0.0,1.0,0.0
12,15,4.032161605492036,11.805122941319924,1.0,0.0,0.0,1.0,0.0,1.0
13,15,1.7709550203125863,6.040461693126721,0.0,0.0,1.0,0.0,1.0,0.0
14,15,3.1564542118232706,11.80430753544014,1.0,0.0,0.0,1.0,0.0,1.0
15,15,7.901475230032559,8.855519458258573,0.0,1.0,0.0,0.0,1.0,1.0
16,15,6.960942581883568,7.732452733632923,0.0,1.0,1.0,0.0,0.0,0.0
17,15,5.106719771938942,3.02167884070822,0.0,0.0,1.0,0.0,0.0,0.0
18,15,4.868933075041912,0.0494161516076235,0.0,1.0,1.0,0.0,0.0,0.0
19,15,7.622357680536895,3.190303549679464,1.0,0.0,0.0,1.0,0.0,1.0
20,15,2.1704660761976045,0.0,0.0,0.0,1.0,1.0,0.0,0.0
21,15,8.316683127521689,9.94013512947546,0.0,1.0,0.0,0.0,1.0,1.0
22,15,4.143394012993048,12.0,1.0,0.0,0.0,1.0,1.0,0.0
23,15,7.694937436543334,4.066326841527935,0.0,0.0,1.0,0.0,0.0,0.0
24,15,8.873329123920021,2.937601869671313,1.0,1.0,0.0,0.0,0.0,1.0
25,15,2.8876825748445456,10.244601455172496,0.0,0.0,0.0,0.0,1.0,1.0
26,15,8.147342705798021,12.0,0.0,1.0,0.0,0.0,0.0,1.0
27,15,10.97106378693618,5.8075651521751785,1.0,0.0,0.0,1.0,1.0,1.0
28,15,0.0,9.805642394120673,0.0,0.0,0.0,0.0,1.0,1.0
29,15,0.0,0.0,0.0,1.0,0.0,1.0,0.0,1.0
30,15,5.038781970692717,3.2582728019288254,1.0,0.0,0.0,0.0,1.0,1.0
31,15,11.04003903487032,0.0,0.0,1.0,1.0,1.0,1.0,0.0
32,15,0.86699657268627,2.84342899620407,0.0,1.0,0.0,0.0,0.0,1.0
33,15,0.9226509391967666,1.093786902304683,1.0,1.0,0.0,1.0,0.0,0.0
34,15,8.141064061778712,1.8819009566414315,1.0,0.0,0.0,1.0,1.0,0.0
35,15,3.920944059302433,6.874418717456741,1.0,0.0,0.0,0.0,1.0,0.0
36,15,5.0604978375745935,10.276727188004076,1.0,1.0,1.0,0.0,1.0,1.0
37,15,9.903128450319642,1.9835832981279948,1.0,1.0,1.0,0.0,1.0,1.0
38,15,3.04429390397537,7.711603742479636,0.0,1.0,0.0,0.0,1.0,0.0
39,15,10.145507821122088,6.143959863944289,0.0,1.0,1.0,0.0,0.0,0.0
0,20,5.929561458502151,6.149562804416051,0.0,0.0,0.0,1.0,0.0,0.0
1,20,8.585147251897906,5.926553745954839,0.0,0.0,1.0,0.0,1.0,0.0
2,20,9.262739005024525,7.975633043704991,1.0,0.0,0.0,0.0,1.0,0.0
3,20,7.122564695607913,1.226568501185456,0.0,0.0,1.0,0.0,1.0,1.0
4,20,10.697603899314732,9.85793261827754,0.0,0.0,0.0,0.0,0.0,0.0
5,20,0.0,8.168561039705809,1.0,0.0,1.0,1.0,0.0,0.0
6,20,7.781119584679567,5.252388654797877,0.0,1.0,0.0,1.0,0.0,0.0
7,20,5.023059160443599,0.2438020915492155,0.0,1.0,1.0,1.0,0.0,1.0
8,20,5.0573087671181645,9.93583202804188,0.0,0.0,0.0,0.0,0.0,0.0
9,20,6.393517150768109,3.2057297676972256,1.0,1.0,1.0,0.0,0.0,0.0
10,20,6.24656006126154,3.027083790579881,0.0,0.0,0.0,1.0,0.0,0.0
11,20,7.186316172479436,7.920830241204334,1.0,1.0,1.0,0.0,1.0,0.0
12,20,4.0390411150247205,11.748620401633495,1.0,0.0,0.0,1.0,0.0,1.0
13,20,1.6881145653262388,6.053749075718077,0.0,0.0,1.0,0.0,1.0,0.0
14,20,3.1938803976494627,11.757119879234372,1.0,0.0,0.0,1.0,0.0,1.0
15,20,7.877862260269159,8.818245610446475,0.0,1.0,0.0,0.0,1.0,1.0
16,20,6.95331852473577,7.678537656821202,0.0,1.0,1.0,0.0,0.0,0.0
17,20,5.110700618644718,3.0224107081899,0.0,0.0,1.0,0.0,0.0,0.0
18,20,4.833914652041695,0.0636265484549699,0.0,1.0,1.0,0.0,0.0,0.0
19,20,7.5126059356157695,3.2408133179302725,1.0,0.0,0.0,1.0,0.0,1.0
20,20,2.216942904338588,0.0,0.0,0.0,1.0,1.0,0.0,0.0
21,20,8.378790058816401,9.927447332232047,0.0,1.0,0.0,0.0,1.0,1.0
22,20,4.179318817645062,12.0,1.0,0.0,0.0,1.0,1.0,0.0
23,20,7.599766477387918,4.085040886054875,0.0,0.0,1.0,0.0,0.0,0.0
24,20,8.839137897798313,2.9223262222183264,1.0,1.0,0.0,0.0,0.0,1.0
25,20,2.868335363313143,10.283981951357704,0.0,0.0,0.0,0.0,1.0,1.0
26,20,8.18945536920937,12.0,0.0,1.0,0.0,0.0,0.0,1.0
27,20,10.962458027601093,5.753402495791258,1.0,0.0,0.0,1.0,1.0,1.0
28,20,0.0,9.7497419665764,0.0,0.0,0.0,0.0,1.0,1.0
29,20,0.035924096984311,0.0,0.0,1.0,0.0,1.0,0.0,1.0
30,20,5.1065076290329765,3.2482643821955826,1.0,0.0,0.0,0.0,1.0,1.0
31,20,11.046463144450136,0.0,0.0,1.0,1.0,1.0,1.0,0.0
32,20,0.8450976790297617,2.81865463218818,0.0,1.0,0.0,0.0,0.0,1.0
33,20,0.8822059504723007,1.142062068458483,1.0,1.0,0.0,1.0,0.0,0.0
34,20,8.160117652257401,1.865915087583961,1.0,0.0,0.0,1.0,1.0,0.0
35,20,3.9142267235811863,6.863704873878219,1.0,0.0,0.0,0.0,1.0,0.0
36,20,5.075324537780039,10.34810212052756,1.0,1.0,1.0,0.0,1.0,1.0
37,20,9.902223545043132,1.98341842061008,1.0,1.0,1.0,0.0,1.0,1.0
38,20,3.055817824078892,7.633566891600081,0.0,1.0,0.0,0.0,1.0,0.0
39,20,10.15969912779348,6.158419579398254,0.0,1.0,1.0,0.0,0.0,0.0
0,25,5.915555309552177,6.178107239087646,0.0,0.0,0.0,1.0,0.0,0.0
1,25,8.52426452375519,5.91427461497118,0.0,0.0,1.0,0.0,1.0,0.0
2,25,9.328278429656452,7.970196786842997,1.0,0.0,0.0,0.0,1.0,0.0
3,25,7.153635612812915,1.2880647544039967,0.0,0.0,1.0,0.0,1.0,1.0
4,25,10.635983754953273,9.827027374254955,0.0,0.0,0.0,0.0,0.0,0.0
5,25,0.0,8.217820127501952,1.0,0.0,1.0,1.0,0.0,0.0
6,25,7.738055674877143,5.298779843969713,0.0,1.0,0.0,1.0,0.0,0.0
7,25,5.029170559549478,0.3059363535547466,0.0,1.0,1.0,1.0,0.0,1.0
8,25,5.075121339098767,9.9170560711115,0.0,0.0,0.0,0.0,0.0,0.0
9,25,6.448329233154364,3.2334653424234587,1.0,1.0,1.0,0.0,0.0,0.0
10,25,6.31167068460455,3.034196700828299,0.0,0.0,0.0,1.0,0.0,0.0
11,25,7.216219950073983,7.90898020326312,1.0,1.0,1.0,0.0,1.0,0.0
12,25,4.04358391798913,11.697267312966604,1.0,0.0,0.0,1.0,0.0,1.0
13,25,1.6212787247929743,6.0643311075772255,0.0,0.0,1.0,0.0,1.0,0.0
14,25,3.220272809295037,11.724401490559536,1.0,0.0,0.0,1.0,0.0,1.0
15,25,7.854463436868198,8.780411798169398,0.0,1.0,0.0,0.0,1.0,1.0
16,25,6.942559946810143,7.61645898025786,0.0,1.0,1.0,0.0,0.0,0.0
17,25,5.102291292939203,3.0208667145617403,0.0,0.0,1.0,0.0,0.0,0.0
18,25,4.800183406021263,0.0768160077005,0.0,1.0,1.0,0.0,0.0,0.0
19,25,7.400458462610025,3.2921123995856063,1.0,0.0,0.0,1.0,0.0,1.0
20,25,2.254736735254921,0.0,0.0,0.0,1.0,1.0,0.0,0.0
21,25,8.463216736520641,9.911337665016935,0.0,1.0,0.0,0.0,1.0,1.0
22,25,4.2148395995162655,12.0,1.0,0.0,0.0,1.0,1.0,0.0
23,25,7.50495498513366,4.102139872882995,0.0,0.0,1.0,0.0,0.0,0.0
24,25,8.810716717552953,2.910054618834537,1.0,1.0,0.0,0.0,0.0,1.0
25,25,2.840579942316121,10.341004255904815,0.0,0.0,0.0,0.0,1.0,1.0
26,25,8.225898872140863,12.0,0.0,1.0,0.0,0.0,0.0,1.0
27,25,10.959962862093844,5.73501957322955,1.0,0.0,0.0,1.0,1.0,1.0
28,25,0.0,9.688692649116318,0.0,0.0,0.0,0.0,1.0,1.0
29,25,0.0611733279088076,0.0466445045311398,0.0,1.0,0.0,1.0,0.0,1.0
30,25,5.1695357779563,3.240201017310488,1.0,0.0,0.0,0.0,1.0,1.0
31,25,11.053134316278928,0.0,0.0,1.0,1.0,1.0,1.0,0.0
32,25,0.8108245904548291,2.779012016938408,0.0,1.0,0.0,0.0,0.0,1.0
33,25,0.8434630845450269,1.1894745085128948,1.0,1.0,0.0,1.0,0.0,0.0
34,25,8.1784100651916,1.8510079358830496,1.0,0.0,0.0,1.0,1.0,0.0
35,25,3.88951430732536,6.826232453663712,1.0,0.0,0.0,0.0,1.0,0.0
36,25,5.090488709716155,10.42024075408789,1.0,1.0,1.0,0.0,1.0,1.0
37,25,9.908219177241278,1.984553374367949,1.0,1.0,1.0,0.0,1.0,1.0
38,25,3.072081449395467,7.543278112350216,0.0,1.0,0.0,0.0,1.0,0.0
39,25,10.18520062163425,6.184081043016562,0.0,1.0,1.0,0.0,0.0,0.0
0,30,5.9060831041503175,6.198122116187267,0.0,0.0,0.0,1.0,0.0,0.0
1,30,8.462833838212944,5.902040967812529,0.0,0.0,1.0,0.0,1.0,0.0
2,30,9.395232209381437,7.964084596100901,1.0,0.0,0.0,0.0,1.0,0.0
3,30,7.182587947304605,1.3417417334640334,0.0,0.0,1.0,0.0,1.0,1.0
4,30,10.57004139374664,9.793040897824936,0.0,0.0,0.0,0.0,0.0,0.0
5,30,0.0,8.25707396857168,1.0,0.0,1.0,1.0,0.0,0.0
6,30,7.695125823644931,5.344630966225104,0.0,1.0,0.0,1.0,0.0,0.0
7,30,5.037038704539599,0.3764855486420964,0.0,1.0,1.0,1.0,0.0,1.0
8,30,5.097415266357686,9.892828176611344,0.0,0.0,0.0,0.0,0.0,0.0
9,30,6.491573843739244,3.2533231490308268,1.0,1.0,1.0,0.0,0.0,0.0
10,30,6.37744818515259,3.041708704586947,0.0,0.0,0.0,1.0,0.0,0.0
11,30,7.222996598003979,7.906324445307022,1.0,1.0,1.0,0.0,1.0,0.0
12,30,4.050258768869362,11.633449656540185,1.0,0.0,0.0,1.0,0.0,1.0
13,30,1.5449054091153356,6.075835734473492,0.0,0.0,1.0,0.0,1.0,0.0
14,30,3.2422946106380883,11.698271361782751,1.0,0.0,0.0,1.0,0.0,1.0
15,30,7.836379510611393,8.751915945788232,0.0,1.0,0.0,0.0,1.0,1.0
16,30,6.928824472408455,7.5386858418086256,0.0,1.0,1.0,0.0,0.0,0.0
17,30,5.096796804020992,3.0198533575368107,0.0,0.0,1.0,0.0,0.0,0.0
18,30,4.796725607388341,0.0781677393410381,0.0,1.0,1.0,0.0,0.0,0.0
19,30,7.298812782837528,3.338035552828684,1.0,0.0,0.0,1.0,0.0,1.0
20,30,2.304627137554651,0.0,0.0,0.0,1.0,1.0,0.0,0.0
21,30,8.56173103360924,9.889913948532095,0.0,1.0,0.0,0.0,1.0,1.0
22,30,4.240519161843672,12.0,1.0,0.0,0.0,1.0,1.0,0.0
23,30,7.411557179049607,4.12092687511978,0.0,0.0,1.0,0.0,0.0,0.0
24,30,8.79174948756447,2.901377071071344,1.0,1.0,0.0,0.0,0.0,1.0
25,30,2.8160971895308977,10.389758910410988,0.0,0.0,0.0,0.0,1.0,1.0
26,30,8.254256094426088,12.0,0.0,1.0,0.0,0.0,0.0,1.0
27,30,10.95732080857636,5.716415089047938,1.0,0.0,0.0,1.0,1.0,1.0
28,30,0.0,9.632172245939255,0.0,0.0,0.0,0.0,1.0,1.0
29,30,0.0825067565650382,0.0855471265479856,0.0,1.0,0.0,1.0,0.0,1.0
30,30,5.234132847119563,3.2318035480149936,1.0,0.0,0.0,0.0,1.0,1.0
31,30,11.059410345977842,0.0,0.0,1.0,1.0,1.0,1.0,0.0
32,30,0.7752501315040521,2.738791157039106,0.0,1.0,0.0,0.0,0.0,1.0
33,30,0.8158451841804335,1.2235515514661286,1.0,1.0,0.0,1.0,0.0,0.0
34,30,8.191960756170982,1.840244514939644,1.0,0.0,0.0,1.0,1.0,0.0
35,30,3.866464392905226,6.7923242245428845,1.0,0.0,0.0,0.0,1.0,0.0
36,30,5.104421394457563,10.480708256307242,1.0,1.0,1.0,0.0,1.0,1.0
37,30,9.90447845303463,1.9838870720093564,1.0,1.0,1.0,0.0,1.0,1.0
38,30,3.0846489480001287,7.469090576385347,0.0,1.0,0.0,0.0,1.0,0.0
39,30,10.22526498598714,6.223736150200179,0.0,1.0,1.0,0.0,0.0,0.0
0,35,5.892356744313814,6.226991856213664,0.0,0.0,0.0,1.0,0.0,0.0
1,35,8.381413993670893,5.88743431627898,0.0,0.0,1.0,0.0,1.0,0.0
2,35,9.448775705218416,7.958809474139997,1.0,0.0,0.0,0.0,1.0,0.0
3,35,7.209275666352262,1.3889205161825322,0.0,0.0,1.0,0.0,1.0,1.0
4,35,10.494677910018666,9.7528210962802,0.0,0.0,0.0,0.0,0.0,0.0
5,35,0.0,8.295209440506436,1.0,0.0,1.0,1.0,0.0,0.0
6,35,7.648929831491908,5.3954087881071935,0.0,1.0,0.0,1.0,0.0,0.0
7,35,5.045479406704893,0.4402447879982214,0.0,1.0,1.0,1.0,0.0,1.0
8,35,5.119827951575647,9.86737255789542,0.0,0.0,0.0,0.0,0.0,0.0
9,35,6.536435007206174,3.2751214703213782,1.0,1.0,1.0,0.0,0.0,0.0
10,35,6.438206379889651,3.0488880622769368,0.0,0.0,0.0,1.0,0.0,0.0
11,35,7.233989620555703,7.902060953437314,1.0,1.0,1.0,0.0,1.0,0.0
12,35,4.057769785390184,11.571953099992768,1.0,0.0,0.0,1.0,0.0,1.0
13,35,1.472438746567031,6.087917243539901,0.0,0.0,1.0,0.0,1.0,0.0
14,35,3.266475646125232,11.669901041381644,1.0,0.0,0.0,1.0,0.0,1.0
15,35,7.815126296328804,8.718411332128078,0.0,1.0,0.0,0.0,1.0,1.0
16,35,6.91634074554624,7.471487470939292,0.0,1.0,1.0,0.0,0.0,0.0
17,35,5.083280490313506,3.017644680987459,0.0,0.0,1.0,0.0,0.0,0.0
18,35,4.793045946891077,0.0796747483746148,0.0,1.0,1.0,0.0,0.0,0.0
19,35,7.207791546475467,3.379555733427523,1.0,0.0,0.0,1.0,0.0,1.0
20,35,2.336598596897631,0.0,0.0,0.0,1.0,1.0,0.0,0.0
21,35,8.660195229155647,9.869753697905333,0.0,1.0,0.0,0.0,1.0,1.0
22,35,4.269132910492376,12.0,1.0,0.0,0.0,1.0,1.0,0.0
23,35,7.298432556904421,4.145675957602274,0.0,0.0,1.0,0.0,0.0,0.0
24,35,8.760165269253648,2.887171918326053,1.0,1.0,0.0,0.0,0.0,1.0
25,35,2.7836251430823733,10.454602216974637,0.0,0.0,0.0,0.0,1.0,1.0
26,35,8.290921911132054,12.0,0.0,1.0,0.0,0.0,0.0,1.0
27,35,10.952222744411522,5.682749232690551,1.0,0.0,0.0,1.0,1.0,1.0
28,35,0.0,9.57355889120637,0.0,0.0,0.0,0.0,1.0,1.0
29,35,0.0993666881238413,0.1142297600237725,0.0,1.0,0.0,1.0,0.0,1.0
30,35,5.291669635923125,3.2245203204248725,1.0,0.0,0.0,0.0,1.0,1.0
31,35,11.063903056412752,0.0,0.0,1.0,1.0,1.0,1.0,0.0
32,35,0.7469307517162185,2.707321036175631,0.0,1.0,0.0,0.0,0.0,1.0
33,35,0.7936530236160033,1.2499978396012337,1.0,1.0,0.0,1.0,0.0,0.0
34,35,8.198718787538049,1.8348211123394615,1.0,0.0,0.0,1.0,1.0,0.0
35,35,3.844557507964274,6.76306974352673,1.0,0.0,0.0,0.0,1.0,0.0
36,35,5.117913157930695,10.54034314461664,1.0,1.0,1.0,0.0,1.0,1.0
37,35,9.916211642947411,1.986175370491133,1.0,1.0,1.0,0.0,1.0,1.0
38,35,3.0979393266941258,7.396320512229294,0.0,1.0,0.0,0.0,1.0,0.0
39,35,10.2638339169912,6.262055871356437,0.0,1.0,1.0,0.0,0.0,0.0
0,40,5.877283072559023,6.259907440769433,0.0,0.0,0.0,1.0,0.0,0.0
1,40,8.318151319336403,5.877025652046413,0.0,0.0,1.0,0.0,1.0,0.0
2,40,9.499424201250182,7.954162653174255,1.0,0.0,0.0,0.0,1.0,0.0
3,40,7.248153893273727,1.4553265022379782,0.0,0.0,1.0,0.0,1.0,1.0
4,40,10.413912895737871,9.711504119292318,0.0,0.0,0.0,0.0,0.0,0.0
5,40,0.0,8.324452201423949,1.0,0.0,1.0,1.0,0.0,0.0
6,40,7.589118758954846,5.458777175060677,0.0,1.0,0.0,1.0,0.0,0.0
7,40,5.054784764027708,0.5105045106878529,0.0,1.0,1.0,1.0,0.0,1.0
8,40,5.142743266552312,9.84086806003284,0.0,0.0,0.0,0.0,0.0,0.0
9,40,6.569839417633198,3.2915657473676987,1.0,1.0,1.0,0.0,0.0,0.0
10,40,6.511464950776593,3.0568972610228777,0.0,0.0,0.0,1.0,0.0,0.0
11,40,7.279856774149215,7.885638798757178,1.0,1.0,1.0,0.0,1.0,0.0
12,40,4.0652609863016025,11.507660406979468,1.0,0.0,0.0,1.0,0.0,1.0
13,40,1.3980644102163908,6.101491515875271,0.0,0.0,1.0,0.0,1.0,0.0
14,40,3.293164448511272,11.640185067122712,1.0,0.0,0.0,1.0,0.0,1.0
15,40,7.79319859516567,8.68282475878382,0.0,1.0,0.0,0.0,1.0,1.0
16,40,6.9083818274865925,7.420192996126661,0.0,1.0,1.0,0.0,0.0,0.0
17,40,5.083783886379157,3.0177340768556293,0.0,0.0,1.0,0.0,0.0,0.0
18,40,4.800106128882755,0.0769711637610878,0.0,1.0,1.0,0.0,0.0,0.0
19,40,7.123668806296784,3.4196968845125806,1.0,0.0,0.0,1.0,0.0,1.0
20,40,2.38431133235003,0.0,0.0,0.0,1.0,1.0,0.0,0.0
21,40,8.762497899947327,9.84785315130902,0.0,1.0,0.0,0.0,1.0,1.0
22,40,4.307182055806718,12.0,1.0,0.0,0.0,1.0,1.0,0.0
23,40,7.175387843059427,4.176444410763917,0.0,0.0,1.0,0.0,0.0,0.0
24,40,8.734370741466803,2.8751033528602146,1.0,1.0,0.0,0.0,0.0,1.0
25,40,2.7536668861430886,10.51320335006663,0.0,0.0,0.0,0.0,1.0,1.0
26,40,8.31858304136281,12.0,0.0,1.0,0.0,0.0,0.0,1.0
27,40,10.945246109303696,5.62567811904324,1.0,0.0,0.0,1.0,1.0,1.0
28,40,0.0,9.521401574697336,0.0,0.0,0.0,0.0,1.0,1.0
29,40,0.1144716310810102,0.1390836434325185,0.0,1.0,0.0,1.0,0.0,1.0
30,40,5.353059366816653,3.217339276656597,1.0,0.0,0.0,0.0,1.0,1.0
31,40,11.070599778492664,0.0,0.0,1.0,1.0,1.0,1.0,0.0
32,40,0.7150413963691679,2.6721584639219187,0.0,1.0,0.0,0.0,0.0,1.0
33,40,0.7708118996070422,1.2788033508840486,1.0,1.0,0.0,1.0,0.0,0.0
34,40,8.19476709952525,1.837962978944095,1.0,0.0,0.0,1.0,1.0,0.0
35,40,3.8165418135033775,6.725625595906988,1.0,0.0,0.0,0.0,1.0,0.0
36,40,5.131271598409861,10.597435081120588,1.0,1.0,1.0,0.0,1.0,1.0
37,40,9.921172249365677,1.987192206562142,1.0,1.0,1.0,0.0,1.0,1.0
38,40,3.115944793610177,7.307197968612812,0.0,1.0,0.0,0.0,1.0,0.0
39,40,10.320807008977733,6.320427494010002,0.0,1.0,1.0,0.0,0.0,0.0
0,45,5.864228451456579,6.288558309054968,0.0,0.0,0.0,1.0,0.0,0.0
1,45,8.265296367090137,5.868484200494818,0.0,0.0,1.0,0.0,1.0,0.0
2,45,9.529186956626988,7.951979622964228,1.0,0.0,0.0,0.0,1.0,0.0
3,45,7.285408111150107,1.5186748077840977,0.0,0.0,1.0,0.0,1.0,1.0
4,45,10.328635937670374,9.666677758659477,0.0,0.0,0.0,0.0,0.0,0.0
5,45,0.0,8.359297214723448,1.0,0.0,1.0,1.0,0.0,0.0
6,45,7.514874857028046,5.539155919690597,0.0,1.0,0.0,1.0,0.0,0.0
7,45,5.063710913500287,0.5904740469636326,0.0,1.0,1.0,1.0,0.0,1.0
8,45,5.158144291357197,9.822616454019638,0.0,0.0,0.0,0.0,0.0,0.0
9,45,6.594451818754596,3.3039988541819665,1.0,1.0,1.0,0.0,0.0,0.0
10,45,6.596740777001821,3.064240040455227,0.0,0.0,0.0,1.0,0.0,0.0
11,45,7.316224997391317,7.87271486720239,1.0,1.0,1.0,0.0,1.0,0.0
12,45,4.077040510068625,11.423554055971056,1.0,0.0,0.0,1.0,0.0,1.0
13,45,1.316367162193002,6.116756813011776,0.0,0.0,1.0,0.0,1.0,0.0
14,45,3.3168508347987,11.612742082544024,1.0,0.0,0.0,1.0,0.0,1.0
15,45,7.754755187901688,8.62017463110475,0.0,1.0,0.0,0.0,1.0,1.0
16,45,6.955774734322225,7.411857179678467,0.0,1.0,1.0,0.0,0.0,0.0
17,45,5.093191836800894,3.019522269011663,0.0,0.0,1.0,0.0,0.0,0.0
18,45,4.8236132508374405,0.0671386330732363,0.0,1.0,1.0,0.0,0.0,0.0
19,45,7.050081313920825,3.455403465949506,1.0,0.0,0.0,1.0,0.0,1.0
20,45,2.4419584648089416,0.0,0.0,0.0,1.0,1.0,0.0,0.0
21,45,8.883267689052804,9.82315783372174,0.0,1.0,0.0,0.0,1.0,1.0
22,45,4.346628687305918,12.0,1.0,0.0,0.0,1.0,1.0,0.0
23,45,7.061181094326196,4.212630789372284,0.0,0.0,1.0,0.0,0.0,0.0
24,45,8.716026389986586,2.8666000894248183,1.0,1.0,0.0,0.0,0.0,1.0
25,45,2.7181914025038934,10.585949306836238,0.0,0.0,0.0,0.0,1.0,1.0
26,45,8.346806030245805,12.0,0.0,1.0,0.0,0.0,0.0,1.0
27,45,10.938975721067878,5.574317407648959,1.0,0.0,0.0,1.0,1.0,1.0
28,45,0.0,9.4748019411777,0.0,0.0,0.0,0.0,1.0,1.0
29,45,0.1373415049955826,0.1776648753820075,0.0,1.0,0.0,1.0,0.0,1.0
30,45,5.401700075010092,3.212455515092048,1.0,0.0,0.0,0.0,1.0,1.0
31,45,11.074373155085478,0.0,0.0,1.0,1.0,1.0,1.0,0.0
32,45,0.6970912171112035,2.652980162385,0.0,1.0,0.0,0.0,0.0,1.0
33,45,0.7461739351578859,1.3098340653287297,1.0,1.0,0.0,1.0,0.0,0.0
34,45,8.177914042355187,1.85174862367557,1.0,0.0,0.0,1.0,1.0,0.0
35,45,3.7861652155718857,6.686053450166272,1.0,0.0,0.0,0.0,1.0,0.0
36,45,5.142949097641936,10.659157013613935,1.0,1.0,1.0,0.0,1.0,1.0
37,45,9.914290445878898,1.98573977269807,1.0,1.0,1.0,0.0,1.0,1.0
38,45,3.1407120402511346,7.18960495260977,0.0,1.0,0.0,0.0,1.0,0.0
39,45,10.36632496336715,6.367978546171072,0.0,1.0,1.0,0.0,0.0,0.0
0,50,5.847700717736235,6.326113253946806,0.0,0.0,0.0,1.0,0.0,0.0
1,50,8.218843873507678,5.860012143487947,0.0,0.0,1.0,0.0,1.0,0.0
2,50,9.525582358422666,7.910922500462935,1.0,0.0,0.0,0.0,1.0,0.0
3,50,7.317556056132406,1.5743641823401076,0.0,0.0,1.0,0.0,1.0,1.0
4,50,10.248155371116946,9.621214036326531,0.0,0.0,0.0,0.0,0.0,0.0
5,50,0.0,8.385735301406156,1.0,0.0,1.0,1.0,0.0,0.0
6,50,7.436206332228562,5.622485920947249,0.0,1.0,0.0,1.0,0.0,0.0
7,50,5.074822920118047,0.6674796850515993,0.0,1.0,1.0,1.0,0.0,1.0
8,50,5.186446509700361,9.787016923374548,0.0,0.0,0.0,0.0,0.0,0.0
9,50,6.617803553008862,3.3158509856695693,1.0,1.0,1.0,0.0,0.0,0.0
10,50,6.66376390874314,3.0709306349405754,0.0,0.0,0.0,1.0,0.0,0.0
11,50,7.351232315206676,7.859775814361665,1.0,1.0,1.0,0.0,1.0,0.0
12,50,4.085389376041534,11.354429612580772,1.0,0.0,0.0,1.0,0.0,1.0
13,50,1.2284646764702325,6.133608250943744,0.0,0.0,1.0,0.0,1.0,0.0
14,50,3.328193771428292,11.600091939345656,1.0,0.0,0.0,1.0,0.0,1.0
15,50,7.84448440501609,8.568462978157237,0.0,1.0,0.0,0.0,1.0,1.0
16,50,7.003954150110859,7.403733783162118,0.0,1.0,1.0,0.0,0.0,0.0
17,50,5.103799940809141,3.021274031002569,0.0,0.0,1.0,0.0,0.0,0.0
18,50,4.847574787275656,0.0566312077068342,0.0,1.0,1.0,0.0,0.0,0.0
19,50,6.989686857719624,3.485646267200349,1.0,0.0,0.0,1.0,0.0,1.0
20,50,2.513803705529879,0.0,0.0,0.0,1.0,1.0,0.0,0.0
21,50,9.004539464385147,9.797626856772576,0.0,1.0,0.0,0.0,1.0,1.0
22,50,4.372394977547679,12.0,1.0,0.0,0.0,1.0,1.0,0.0
23,50,6.956278032014388,4.246576057392803,0.0,0.0,1.0,0.0,0.0,0.0
24,50,8.702741756333328,2.860274051105588,1.0,1.0,0.0,0.0,0.0,1.0
25,50,2.6822493016992723,10.658589531357864,0.0,0.0,0.0,0.0,1.0,1.0
26,50,8.373450238704368,12.0,0.0,1.0,0.0,0.0,0.0,1.0
27,50,10.929662433039718,5.49096038968049,1.0,0.0,0.0,1.0,1.0,1.0
28,50,0.0,9.438392561235707,0.0,0.0,0.0,0.0,1.0,1.0
29,50,0.1619383192040024,0.2215069059249299,0.0,1.0,0.0,1.0,0.0,1.0
30,50,5.438229818299355,3.208843100239578,1.0,0.0,0.0,0.0,1.0,1.0
31,50,11.076599984049144,0.0,0.0,1.0,1.0,1.0,1.0,0.0
32,50,0.68018700416149,2.634017752043312,0.0,1.0,0.0,0.0,0.0,1.0
33,50,0.7149175908956319,1.3479013806204478,1.0,1.0,0.0,1.0,0.0,0.0
34,50,8.16584890161032,1.861831442635669,1.0,0.0,0.0,1.0,1.0,0.0
35,50,3.737526267108886,6.721696337179141,1.0,0.0,0.0,0.0,1.0,0.0
36,50,5.152969533847927,10.713830939636718,1.0,1.0,1.0,0.0,1.0,1.0
37,50,9.898591381099823,1.9828061031341693,1.0,1.0,1.0,0.0,1.0,1.0
38,50,3.1633648723225503,7.088813331353878,0.0,1.0,0.0,0.0,1.0,0.0
39,50,10.42404972214616,6.428990825038373,0.0,1.0,1.0,0.0,0.0,0.0
0,55,5.831249745271979,6.365272521943783,0.0,0.0,0.0,1.0,0.0,0.0
1,55,8.180126983896855,5.853073071323816,0.0,0.0,1.0,0.0,1.0,0.0
2,55,9.522652806577833,7.873173253188779,1.0,0.0,0.0,0.0,1.0,0.0
3,55,7.351891486633216,1.629036241529385,0.0,0.0,1.0,0.0,1.0,1.0
4,55,10.16078692288652,9.56891322637645,0.0,0.0,0.0,0.0,0.0,0.0
5,55,0.0,8.418627049486018,1.0,0.0,1.0,1.0,0.0,0.0
6,55,7.363086636258795,5.69436017122735,0.0,1.0,0.0,1.0,0.0,0.0
7,55,5.087611813577361,0.7644077996629712,0.0,1.0,1.0,1.0,0.0,1.0
8,55,5.203287324763491,9.766860881187224,0.0,0.0,0.0,0.0,0.0,0.0
9,55,6.639035844894538,3.326289809580401,1.0,1.0,1.0,0.0,0.0,0.0
10,55,6.735034802200004,3.0796043694697244,0.0,0.0,0.0,1.0,0.0,0.0
11,55,7.3924553951401,7.84441448671952,1.0,1.0,1.0,0.0,1.0,0.0
12,55,4.095407101268137,11.266859171524718,1.0,0.0,0.0,1.0,0.0,1.0
13,55,1.1483800056004638,6.147508850028084,0.0,0.0,1.0,0.0,1.0,0.0
14,55,3.347659908002716,11.5781431662469,1.0,0.0,0.0,1.0,0.0,1.0
15,55,7.958805076119661,8.501509003576968,0.0,1.0,0.0,0.0,1.0,1.0
16,55,7.034500297698861,7.398209550572252,0.0,1.0,1.0,0.0,0.0,0.0
17,55,5.124023968180146,3.024454770380044,0.0,0.0,1.0,0.0,0.0,0.0
18,55,4.866866346618083,0.0486864712351666,0.0,1.0,1.0,0.0,0.0,0.0
19,55,6.944576631899253,3.507365175054039,1.0,0.0,0.0,1.0,0.0,1.0
20,55,2.567618182186968,0.0,0.0,0.0,1.0,1.0,0.0,0.0
21,55,9.138874794704504,9.770832893314422,0.0,1.0,0.0,0.0,1.0,1.0
22,55,4.397365998590663,12.0,1.0,0.0,0.0,1.0,1.0,0.0
23,55,6.851140075098973,4.278818337701789,0.0,0.0,1.0,0.0,0.0,0.0
24,55,8.693468678999206,2.855932588152184,1.0,1.0,0.0,0.0,0.0,1.0
25,55,2.652042254712053,10.718204976528536,0.0,0.0,0.0,0.0,1.0,1.0
26,55,8.389403426327462,12.0,0.0,1.0,0.0,0.0,0.0,1.0
27,55,10.921016337237084,5.422984517405708,1.0,0.0,0.0,1.0,1.0,1.0
28,55,0.0,9.391501096420578,0.0,0.0,0.0,0.0,1.0,1.0
29,55,0.1943576209145705,0.2781470289513678,0.0,1.0,0.0,1.0,0.0,1.0
30,55,5.472355654666797,3.205142842280136,1.0,0.0,0.0,0.0,1.0,1.0
31,55,11.08015251699848,0.0,0.0,1.0,1.0,1.0,1.0,0.0
32,55,0.6645653388519679,2.616371429499668,0.0,1.0,0.0,0.0,0.0,1.0
33,55,0.677372500584702,1.39149629899276,1.0,1.0,0.0,1.0,0.0,0.0
34,55,8.143199584581318,1.880024389484993,1.0,0.0,0.0,1.0,1.0,0.0
35,55,3.690841624409343,6.755022011880115,1.0,0.0,0.0,0.0,1.0,0.0
36,55,5.20581034287084,10.704495557198674,1.0,1.0,1.0,0.0,1.0,1.0
37,55,9.877654566298991,1.978860865410103,1.0,1.0,1.0,0.0,1.0,1.0
38,55,3.1911327256731816,6.96986952264687,0.0,1.0,0.0,0.0,1.0,0.0
39,55,10.471318796661874,6.480288714231545,0.0,1.0,1.0,0.0,0.0,0.0
0,60,5.807076216737148,6.42099220113258,0.0,0.0,0.0,1.0,0.0,0.0
1,60,8.142638179577743,5.84503723119447,0.0,0.0,1.0,0.0,1.0,0.0
2,60,9.520939132214536,7.849371213362399,1.0,0.0,0.0,0.0,1.0,0.0
3,60,7.370557604795867,1.658397267128637,0.0,0.0,1.0,0.0,1.0,1.0
4,60,10.07038367618005,9.515376977052757,0.0,0.0,0.0,0.0,0.0,0.0
5,60,0.0,8.454874356658797,1.0,0.0,1.0,1.0,0.0,0.0
6,60,7.283871413736737,5.768479974769459,0.0,1.0,0.0,1.0,0.0,0.0
7,60,5.099223214114401,0.8542165475130071,0.0,1.0,1.0,1.0,0.0,1.0
8,60,5.21887872539225,9.746757519571222,0.0,0.0,0.0,0.0,0.0,0.0
9,60,6.677021121153728,3.344979730608092,1.0,1.0,1.0,0.0,0.0,0.0
10,60,6.826892179769124,3.0931117484147967,0.0,0.0,0.0,1.0,0.0,0.0
11,60,7.433587074566363,7.829933002676705,1.0,1.0,1.0,0.0,1.0,0.0
12,60,4.108034389040098,11.181387753414167,1.0,0.0,0.0,1.0,0.0,1.0
13,60,1.0722963854437342,6.159391895965818,0.0,0.0,1.0,0.0,1.0,0.0
14,60,3.3742542190766533,11.547874336211388,1.0,0.0,0.0,1.0,0.0,1.0
15,60,8.078881839421607,8.432216982667223,0.0,1.0,0.0,0.0,1.0,1.0
16,60,7.058411583484299,7.394721592263518,0.0,1.0,1.0,0.0,0.0,0.0
17,60,5.148115509443697,3.029485065674043,0.0,0.0,1.0,0.0,0.0,0.0
18,60,4.902599659843798,0.0343110260825618,0.0,1.0,1.0,0.0,0.0,0.0
19,60,6.887518011996943,3.534705244691774,1.0,0.0,0.0,1.0,0.0,1.0
20,60,2.63201125302592,0.0,0.0,0.0,1.0,1.0,0.0,0.0
21,60,9.27191417743352,9.74812093538039,0.0,1.0,0.0,0.0,1.0,1.0
22,60,4.418810207087723,12.0,1.0,0.0,0.0,1.0,1.0,0.0
23,60,6.752980945578918,4.312018639459868,0.0,0.0,1.0,0.0,0.0,0.0
24,60,8.670362161949486,2.8455099733807723,1.0,1.0,0.0,0.0,0.0,1.0
25,60,2.626354828719476,10.771587456997622,0.0,0.0,0.0,0.0,1.0,1.0
26,60,8.405275312698727,12.0,0.0,1.0,0.0,0.0,0.0,1.0
27,60,10.908970589210204,5.353338756786945,1.0,0.0,0.0,1.0,1.0,1.0
28,60,0.0,9.340862884602078,0.0,0.0,0.0,0.0,1.0,1.0
29,60,0.2281433318723195,0.3366051458610615,0.0,1.0,0.0,1.0,0.0,1.0
30,60,5.499118414036814,3.202317097961537,1.0,0.0,0.0,0.0,1.0,1.0
31,60,11.086430521522036,0.0,0.0,1.0,1.0,1.0,1.0,0.0
32,60,0.664808435311814,2.6166388600092887,0.0,1.0,0.0,0.0,0.0,1.0
33,60,0.6428448439572476,1.430631599695943,1.0,1.0,0.0,1.0,0.0,0.0
34,60,8.131046855313123,1.8901262894651412,1.0,0.0,0.0,1.0,1.0,0.0
35,60,3.659749453557045,6.776158982711754,1.0,0.0,0.0,0.0,1.0,0.0
36,60,5.246215095283668,10.696798899465035,1.0,1.0,1.0,0.0,1.0,1.0
37,60,9.856715927506544,1.9748353393518168,1.0,1.0,1.0,0.0,1.0,1.0
38,60,3.222199715746386,6.8457862758692345,0.0,1.0,0.0,0.0,1.0,0.0
39,60,10.51305585972526,6.526680570030828,0.0,1.0,1.0,0.0,0.0,0.0
0,65,5.788254189103353,6.463811089357532,0.0,0.0,0.0,1.0,0.0,0.0
1,65,8.103834582566527,5.837314390797708,0.0,0.0,1.0,0.0,1.0,0.0
2,65,9.51925650572896,7.821837236053472,1.0,0.0,0.0,0.0,1.0,0.0
3,65,7.392137023149135,1.6914247321009388,0.0,0.0,1.0,0.0,1.0,1.0
4,65,9.983008206061754,9.463275171772873,0.0,0.0,0.0,0.0,0.0,0.0
5,65,0.0,8.495814398498139,1.0,0.0,1.0,1.0,0.0,0.0
6,65,7.187772478887699,5.853862033101774,0.0,1.0,0.0,1.0,0.0,0.0
7,65,5.111274148900697,0.9550734859868888,0.0,1.0,1.0,1.0,0.0,1.0
8,65,5.24693423167678,9.709861190822386,0.0,0.0,0.0,0.0,0.0,0.0
9,65,6.711021584864223,3.362299017516604,1.0,1.0,1.0,0.0,0.0,0.0
10,65,6.9401940181822095,3.1109331644133147,0.0,0.0,0.0,1.0,0.0,0.0
11,65,7.484926455977747,7.811292238364747,1.0,1.0,1.0,0.0,1.0,0.0
12,65,4.119109830299943,11.108073079958018,1.0,0.0,0.0,1.0,0.0,1.0
13,65,0.9815572924347424,6.176890921024352,0.0,0.0,1.0,0.0,1.0,0.0
14,65,3.3377013809840155,11.513806971971556,1.0,0.0,0.0,1.0,0.0,1.0
15,65,8.205342312204307,8.36079334692386,0.0,1.0,0.0,0.0,1.0,1.0
16,65,7.0541574520515455,7.395521379233068,0.0,1.0,1.0,0.0,0.0,0.0
17,65,5.188501176768333,3.037976026409524,0.0,0.0,1.0,0.0,0.0,0.0
18,65,4.9136849617222165,0.0301114099706908,0.0,1.0,1.0,0.0,0.0,0.0
19,65,6.82956734428691,3.5597170100068927,1.0,0.0,0.0,1.0,0.0,1.0
20,65,2.7026655169535307,0.0,0.0,0.0,1.0,1.0,0.0,0.0
21,65,9.398871582059163,9.725444228488662,0.0,1.0,0.0,0.0,1.0,1.0
22,65,4.411810688733036,11.996134878713947,1.0,0.0,0.0,1.0,1.0,0.0
23,65,6.665894271339503,4.341324624059208,0.0,0.0,1.0,0.0,0.0,0.0
24,65,8.632627507416412,2.8287985275525718,1.0,1.0,0.0,0.0,0.0,1.0
25,65,2.5987893745112958,10.8263363699848,0.0,0.0,0.0,0.0,1.0,1.0
26,65,8.428426334546337,12.0,0.0,1.0,0.0,0.0,0.0,1.0
27,65,10.899903110639867,5.297020462978076,1.0,0.0,0.0,1.0,1.0,1.0
28,65,0.0,9.292606234932329,0.0,0.0,0.0,0.0,1.0,1.0
29,65,0.2630407347659911,0.3988584575316671,0.0,1.0,0.0,1.0,0.0,1.0
30,65,5.556643964622179,3.196222022560157,1.0,0.0,0.0,0.0,1.0,1.0
31,65,11.09342344729257,0.0,0.0,1.0,1.0,1.0,1.0,0.0
32,65,0.6627938862581121,2.6143890483492207,0.0,1.0,0.0,0.0,0.0,1.0
33,65,0.6085338030794889,1.4702177431543737,1.0,1.0,0.0,1.0,0.0,0.0
34,65,8.11824518628486,1.900304286509507,1.0,0.0,0.0,1.0,1.0,0.0
35,65,3.6012541276898413,6.81636767386669,1.0,0.0,0.0,0.0,1.0,0.0
36,65,5.240085753700551,10.667714033293812,1.0,1.0,1.0,0.0,1.0,1.0
37,65,9.818486754526836,1.966657874279871,1.0,1.0,1.0,0.0,1.0,1.0
38,65,3.2527532092892635,6.716533706337186,0.0,1.0,0.0,0.0,1.0,0.0
39,65,10.55470191781885,6.571930314076234,0.0,1.0,1.0,0.0,0.0,0.0
0,70,5.762472538898918,6.521710917301719,0.0,0.0,0.0,1.0,0.0,0.0
1,70,8.074367929307346,5.831103279152236,0.0,0.0,1.0,0.0,1.0,0.0
2,70,9.518042305044244,7.8040996293779585,1.0,0.0,0.0,0.0,1.0,0.0
3,70,7.41511545292623,1.7248658921556252,0.0,0.0,1.0,0.0,1.0,1.0
4,70,9.906666447467751,9.415621477614554,0.0,0.0,0.0,0.0,0.0,0.0
5,70,0.0,8.534074073347782,1.0,0.0,1.0,1.0,0.0,0.0
6,70,7.084852102927835,5.950500949140474,0.0,1.0,0.0,1.0,0.0,0.0
7,70,5.121336389566368,1.0576298127237544,0.0,1.0,1.0,1.0,0.0,1.0
8,70,5.27882730562563,9.666946143388644,0.0,0.0,0.0,0.0,0.0,0.0
9,70,6.750285359219698,3.3820179532478853,1.0,1.0,1.0,0.0,0.0,0.0
10,70,7.047474591131319,3.127347680906981,0.0,0.0,0.0,1.0,0.0,0.0
11,70,7.548212791747575,7.787805232454918,1.0,1.0,1.0,0.0,1.0,0.0
12,70,4.130767071152021,11.014580458383314,1.0,0.0,0.0,1.0,0.0,1.0
13,70,0.9015674243299548,6.193467604516393,0.0,0.0,1.0,0.0,1.0,0.0
14,70,3.3005183889259984,11.479985941148726,1.0,0.0,0.0,1.0,0.0,1.0
15,70,8.328208247182385,8.295161911573635,0.0,1.0,0.0,0.0,1.0,1.0
16,70,7.061840839484886,7.393985648819475,0.0,1.0,1.0,0.0,0.0,0.0
17,70,5.242782283531797,3.0504789863106314,0.0,0.0,1.0,0.0,0.0,0.0
18,70,4.928520083448359,0.0245106412440803,0.0,1.0,1.0,0.0,0.0,0.0
19,70,6.777505940957845,3.5811381946738745,1.0,0.0,0.0,1.0,0.0,1.0
20,70,2.771823485482984,0.0,0.0,0.0,1.0,1.0,0.0,0.0
21,70,9.558258166171033,9.698205362144606,0.0,1.0,0.0,0.0,1.0,1.0
22,70,4.381837174991614,11.979269403161853,1.0,0.0,0.0,1.0,1.0,0.0
23,70,6.580643884862271,4.371674718618721,0.0,0.0,1.0,0.0,0.0,0.0
24,70,8.610117483038678,2.819012154328404,1.0,1.0,0.0,0.0,0.0,1.0
25,70,2.573325798880198,10.8755503996514,0.0,0.0,0.0,0.0,1.0,1.0
26,70,8.450269464719593,12.0,0.0,1.0,0.0,0.0,0.0,1.0
27,70,10.892532169524053,5.2481805350930095,1.0,0.0,0.0,1.0,1.0,1.0
28,70,0.0,9.244923538875453,0.0,0.0,0.0,0.0,1.0,1.0
29,70,0.2886897374655662,0.4479355284713583,0.0,1.0,0.0,1.0,0.0,1.0
30,70,5.630550158168071,3.1890097531574595,1.0,0.0,0.0,0.0,1.0,1.0
31,70,11.100963873212493,0.0,0.0,1.0,1.0,1.0,1.0,0.0
32,70,0.6495703107194609,2.5989057314338044,0.0,1.0,0.0,0.0,0.0,1.0
33,70,0.5735151114384374,1.5109983984645787,1.0,1.0,0.0,1.0,0.0,0.0
34,70,8.106374195526847,1.910231934417117,1.0,0.0,0.0,1.0,1.0,0.0
35,70,3.5476223270705307,6.8544465859116,1.0,0.0,0.0,0.0,1.0,0.0
36,70,5.237650286174653,10.656754673833476,1.0,1.0,1.0,0.0,1.0,1.0
37,70,9.771209988648728,1.95670022384086,1.0,1.0,1.0,0.0,1.0,1.0
38,70,3.2805755151044376,6.606805640809223,0.0,1.0,0.0,0.0,1.0,0.0
39,70,10.601289807996777,6.622785861221638,0.0,1.0,1.0,0.0,0.0,0.0
0,75,5.7380711988794735,6.580323917279068,0.0,0.0,0.0,1.0,0.0,0.0
1,75,8.044472080847138,5.824915196452446,0.0,0.0,1.0,0.0,1.0,0.0
2,75,9.517185361717528,7.788313663105035,1.0,0.0,0.0,0.0,1.0,0.0
3,75,7.4377872630208755,1.7581123373930343,0.0,0.0,1.0,0.0,1.0,1.0
4,75,9.8277530094981,9.369411278780047,0.0,0.0,0.0,0.0,0.0,0.0
5,75,0.0,8.564513948142924,1.0,0.0,1.0,1.0,0.0,0.0
6,75,6.985014970227719,6.042328591451483,0.0,1.0,0.0,1.0,0.0,0.0
7,75,5.131420015690613,1.1690632293093652,0.0,1.0,1.0,1.0,0.0,1.0
8,75,5.3099346630045545,9.622321183412266,0.0,0.0,0.0,0.0,0.0,0.0
9,75,6.781172332566756,3.3968260212914423,1.0,1.0,1.0,0.0,0.0,0.0
10,75,7.145807806475742,3.1440883815260827,0.0,0.0,0.0,1.0,0.0,0.0
11,75,7.617742003428749,7.762093687900975,1.0,1.0,1.0,0.0,1.0,0.0
12,75,4.140209367192965,10.93178240843326,1.0,0.0,0.0,1.0,0.0,1.0
13,75,0.8311592345757604,6.207800204842389,0.0,0.0,1.0,0.0,1.0,0.0
14,75,3.2619329215517587,11.444647762135013,1.0,0.0,0.0,1.0,0.0,1.0
15,75,8.46343351264125,8.22210477146834,0.0,1.0,0.0,0.0,1.0,1.0
16,75,7.077350327090178,7.390196141569035,0.0,1.0,1.0,0.0,0.0,0.0
17,75,5.318302249281765,3.068722584744621,0.0,0.0,1.0,0.0,0.0,0.0
18,75,4.953683554179522,0.0158251871087654,0.0,1.0,1.0,0.0,0.0,0.0
19,75,6.724252079137793,3.604007163830942,1.0,0.0,0.0,1.0,0.0,1.0
20,75,2.8541564100050665,0.0,0.0,0.0,1.0,1.0,0.0,0.0
21,75,9.720942866680671,9.672754498992331,0.0,1.0,0.0,0.0,1.0,1.0
22,75,4.358572842850671,11.9669254254715,1.0,0.0,0.0,1.0,1.0,0.0
23,75,6.519005844599293,4.392253044702187,0.0,0.0,1.0,0.0,0.0,0.0
24,75,8.561159539882013,2.799065904174168,1.0,1.0,0.0,0.0,0.0,1.0
25,75,2.556123234161197,10.91003830630618,0.0,0.0,0.0,0.0,1.0,1.0
26,75,8.478005652538492,12.0,0.0,1.0,0.0,0.0,0.0,1.0
27,75,10.877967696654256,5.174280825455249,1.0,0.0,0.0,1.0,1.0,1.0
28,75,0.0,9.193159176133944,0.0,0.0,0.0,0.0,1.0,1.0
29,75,0.3125705396192162,0.4925515573847402,0.0,1.0,0.0,1.0,0.0,1.0
30,75,5.715013280756229,3.181037828337889,1.0,0.0,0.0,0.0,1.0,1.0
31,75,11.11085898725912,0.0,0.0,1.0,1.0,1.0,1.0,0.0
32,75,0.6447359061071881,2.592803855762706,0.0,1.0,0.0,0.0,0.0,1.0
33,75,0.5231494048340543,1.57135033684182,1.0,1.0,0.0,1.0,0.0,0.0
34,75,8.093450626265202,1.9210231920599163,1.0,0.0,0.0,1.0,1.0,0.0
35,75,3.48968767087132,6.896080395011941,1.0,0.0,0.0,0.0,1.0,0.0
36,75,5.234434058451154,10.64114873189761,1.0,1.0,1.0,0.0,1.0,1.0
37,75,9.717276724689444,1.9459194463018623,1.0,1.0,1.0,0.0,1.0,1.0
38,75,3.310295022702708,6.485595016763865,0.0,1.0,0.0,0.0,1.0,0.0
39,75,10.643399919720776,6.665926426275678,0.0,1.0,1.0,0.0,0.0,0.0
0,80,5.706854422275153,6.654434746483616,0.0,0.0,0.0,1.0,0.0,0.0
1,80,8.040361048323089,5.84435310369087,0.0,0.0,1.0,0.0,1.0,0.0
2,80,9.517851661552944,7.803402931699304,1.0,0.0,0.0,0.0,1.0,0.0
3,80,7.466056381878492,1.7979110244371,0.0,0.0,1.0,0.0,1.0,1.0
4,80,9.742687447761751,9.321294597907468,0.0,0.0,0.0,0.0,0.0,0.0
5,80,0.0,8.580246113593226,1.0,0.0,1.0,1.0,0.0,0.0
6,80,6.865203806970394,6.153578474970851,0.0,1.0,0.0,1.0,0.0,0.0
7,80,5.141397010434018,1.300789823088733,0.0,1.0,1.0,1.0,0.0,1.0
8,80,5.345041283150994,9.570007099676966,0.0,0.0,0.0,0.0,0.0,0.0
9,80,6.813209531651841,3.4111911555641976,1.0,1.0,1.0,0.0,0.0,0.0
10,80,7.218571541983437,3.154845224629084,0.0,0.0,0.0,1.0,0.0,0.0
11,80,7.682193430039146,7.737406720122596,1.0,1.0,1.0,0.0,1.0,0.0
12,80,4.150770457328867,10.85151952736271,1.0,0.0,0.0,1.0,0.0,1.0
13,80,0.7539604276183421,6.2228535586533305,0.0,0.0,1.0,0.0,1.0,0.0
14,80,3.230953706393489,11.417340859490675,1.0,0.0,0.0,1.0,0.0,1.0
15,80,8.605858161005079,8.146174693207866,0.0,1.0,0.0,0.0,1.0,1.0
16,80,7.07301091944582,7.391150187527898,0.0,1.0,1.0,0.0,0.0,0.0
17,80,5.385048140658376,3.082804664652664,0.0,0.0,1.0,0.0,0.0,0.0
18,80,4.974171944247523,0.0084371076711161,0.0,1.0,1.0,0.0,0.0,0.0
19,80,6.689439769736867,3.618854348697586,1.0,0.0,0.0,1.0,0.0,1.0
20,80,2.9649131364378185,0.0,0.0,0.0,1.0,1.0,0.0,0.0
21,80,9.901974895443487,9.645145915795055,0.0,1.0,0.0,0.0,1.0,1.0
22,80,4.332677050364061,11.954310568903864,1.0,0.0,0.0,1.0,1.0,0.0
23,80,6.4449911217263525,4.419748238004051,0.0,0.0,1.0,0.0,0.0,0.0
24,80,8.504795017148524,2.776991541620057,1.0,1.0,0.0,0.0,0.0,1.0
25,80,2.538030985496456,10.942837882417532,0.0,0.0,0.0,0.0,1.0,1.0
26,80,8.488547651734917,12.0,0.0,1.0,0.0,0.0,0.0,1.0
27,80,10.863650911534329,5.104306762903323,1.0,0.0,0.0,1.0,1.0,1.0
28,80,0.0,9.144354717205813,0.0,0.0,0.0,0.0,1.0,1.0
29,80,0.3374208197390488,0.5385298427590492,0.0,1.0,0.0,1.0,0.0,1.0
30,80,5.816094098423552,3.1707292592699003,1.0,0.0,0.0,0.0,1.0,1.0
31,80,11.118811705853316,0.0,0.0,1.0,1.0,1.0,1.0,0.0
32,80,0.6471739960759263,2.5958430483976875,0.0,1.0,0.0,0.0,0.0,1.0
33,80,0.4717887603847607,1.628699921007315,1.0,1.0,0.0,1.0,0.0,0.0
34,80,8.095294511883836,1.9194757497233923,1.0,0.0,0.0,1.0,1.0,0.0
35,80,3.4274757009106183,6.942106334549302,1.0,0.0,0.0,0.0,1.0,0.0
36,80,5.229332467111559,10.614982723877606,1.0,1.0,1.0,0.0,1.0,1.0
37,80,9.669350169266304,1.936695643897916,1.0,1.0,1.0,0.0,1.0,1.0
38,80,3.3380522545947,6.363520900813546,0.0,1.0,0.0,0.0,1.0,0.0
39,80,10.700556365706923,6.726243340269139,0.0,1.0,1.0,0.0,0.0,0.0
0,85,5.668564948076613,6.7468025851056215,0.0,0.0,0.0,1.0,0.0,0.0
1,85,8.031577607959964,5.881827536312266,0.0,0.0,1.0,0.0,1.0,0.0
2,85,9.518146779445926,7.821355757757904,1.0,0.0,0.0,0.0,1.0,0.0
3,85,7.487286600463105,1.8279978492767743,0.0,0.0,1.0,0.0,1.0,1.0
4,85,9.646211245589914,9.267296515411417,0.0,0.0,0.0,0.0,0.0,0.0
5,85,0.0,8.599842309026474,1.0,0.0,1.0,1.0,0.0,0.0
6,85,6.726460867353847,6.272370638875112,0.0,1.0,0.0,1.0,0.0,0.0
7,85,5.150975976768573,1.4451915853330566,0.0,1.0,1.0,1.0,0.0,1.0
8,85,5.392237811529843,9.50257818460393,0.0,0.0,0.0,0.0,0.0,0.0
9,85,6.853620488594357,3.429363717286296,1.0,1.0,1.0,0.0,0.0,0.0
10,85,7.3281718444881,3.1727149580881098,0.0,0.0,0.0,1.0,0.0,0.0
11,85,7.748490715705459,7.711953465555178,1.0,1.0,1.0,0.0,1.0,0.0
12,85,4.161061824092931,10.758455317496148,1.0,0.0,0.0,1.0,0.0,1.0
13,85,0.6707222171676838,6.2400601143354,0.0,0.0,1.0,0.0,1.0,0.0
14,85,3.208865324593245,11.396550323152091,1.0,0.0,0.0,1.0,0.0,1.0
15,85,8.760925009335477,8.059269047585294,0.0,1.0,0.0,0.0,1.0,1.0
16,85,7.0927506596544445,7.386412407855715,0.0,1.0,1.0,0.0,0.0,0.0
17,85,5.421223237947086,3.0900542359555327,0.0,0.0,1.0,0.0,0.0,0.0
18,85,5.023213368462868,0.0,0.0,1.0,1.0,0.0,0.0,0.0
19,85,6.657887229957152,3.632727692245284,1.0,0.0,0.0,1.0,0.0,1.0
20,85,3.098968810373181,0.0,0.0,0.0,1.0,1.0,0.0,0.0
21,85,10.074874197631472,9.623031612585104,0.0,1.0,0.0,0.0,1.0,1.0
22,85,4.309240092622265,11.942391849121131,1.0,0.0,0.0,1.0,1.0,0.0
23,85,6.382055031052329,4.442989900135765,0.0,0.0,1.0,0.0,0.0,0.0
24,85,8.460962781317077,2.75982727754534,1.0,1.0,0.0,0.0,0.0,1.0
25,85,2.510118024458932,10.994448776331987,0.0,0.0,0.0,0.0,1.0,1.0
26,85,8.521306728187383,12.0,0.0,1.0,0.0,0.0,0.0,1.0
27,85,10.850079226315389,5.033492891747469,1.0,0.0,0.0,1.0,1.0,1.0
28,85,0.0,9.09933332599678,0.0,0.0,0.0,0.0,1.0,1.0
29,85,0.379845606700282,0.5156914806266824,0.0,1.0,0.0,1.0,0.0,1.0
30,85,5.924856721151946,3.1610202795548843,1.0,0.0,0.0,0.0,1.0,1.0
31,85,11.126340049594502,0.0,0.0,1.0,1.0,1.0,1.0,0.0
32,85,0.6292192409201469,2.5744799132680507,0.0,1.0,0.0,0.0,0.0,1.0
33,85,0.4229064852443915,1.6807142269129995,1.0,1.0,0.0,1.0,0.0,0.0
34,85,8.11002932134592,1.9069606341172165,1.0,0.0,0.0,1.0,1.0,0.0
35,85,3.3555247784506688,6.99555595808566,1.0,0.0,0.0,0.0,1.0,0.0
36,85,5.2259402855061605,10.595378484229997,1.0,1.0,1.0,0.0,1.0,1.0
37,85,9.633907830267,1.929333930618606,1.0,1.0,1.0,0.0,1.0,1.0
38,85,3.3648026401209794,6.242595828727417,0.0,1.0,0.0,0.0,1.0,0.0
39,85,10.760009756699942,6.791587998763261,0.0,1.0,1.0,0.0,0.0,0.0
0,90,5.634982154990117,6.831964032487208,0.0,0.0,0.0,1.0,0.0,0.0
1,90,8.022598866273109,5.917647979976276,0.0,0.0,1.0,0.0,1.0,0.0
2,90,9.51772444050544,7.846672703665631,1.0,0.0,0.0,0.0,1.0,0.0
3,90,7.506199742338297,1.853181151027707,0.0,0.0,1.0,0.0,1.0,1.0
4,90,9.556734993934136,9.217019139796774,0.0,0.0,0.0,0.0,0.0,0.0
5,90,0.0,8.619578025946858,1.0,0.0,1.0,1.0,0.0,0.0
6,90,6.604922151502453,6.382002090586891,0.0,1.0,0.0,1.0,0.0,0.0
7,90,5.159223201262205,1.5795044575333477,0.0,1.0,1.0,1.0,0.0,1.0
8,90,5.431170272074739,9.447549172009994,0.0,0.0,0.0,0.0,0.0,0.0
9,90,6.890428126399518,3.445101237200078,1.0,1.0,1.0,0.0,0.0,0.0
10,90,7.4526347422148,3.191988109030212,0.0,0.0,0.0,1.0,0.0,0.0
11,90,7.820695067519752,7.683873022907159,1.0,1.0,1.0,0.0,1.0,0.0
12,90,4.171254084989538,10.662865290275167,1.0,0.0,0.0,1.0,0.0,1.0
13,90,0.6143096884209925,6.251321288370177,0.0,0.0,1.0,0.0,1.0,0.0
14,90,3.177743830688852,11.368009324594816,1.0,0.0,0.0,1.0,0.0,1.0
15,90,8.9067560209489,7.9805065513283004,0.0,1.0,0.0,0.0,1.0,1.0
16,90,7.128140855931029,7.378120389229272,0.0,1.0,1.0,0.0,0.0,0.0
17,90,5.4782748292385,3.1006761604279105,0.0,0.0,1.0,0.0,0.0,0.0
18,90,5.050342015835201,0.0,0.0,1.0,1.0,0.0,0.0,0.0
19,90,6.614526201836838,3.651644812686557,1.0,0.0,0.0,1.0,0.0,1.0
20,90,3.2452025888823544,0.0,0.0,0.0,1.0,1.0,0.0,0.0
21,90,10.235195597668538,9.602869421366597,0.0,1.0,0.0,0.0,1.0,1.0
22,90,4.274900410770357,11.925509391707545,1.0,0.0,0.0,1.0,1.0,0.0
23,90,6.331894117500813,4.461524599680385,0.0,0.0,1.0,0.0,0.0,0.0
24,90,8.40985061867591,2.740843109174784,1.0,1.0,0.0,0.0,0.0,1.0
25,90,2.4822881819807363,11.042844343615773,0.0,0.0,0.0,0.0,1.0,1.0
26,90,8.56883928397627,12.0,0.0,1.0,0.0,0.0,0.0,1.0
27,90,10.83552016539169,4.954773184019409,1.0,0.0,0.0,1.0,1.0,1.0
28,90,0.0,9.066683539047114,0.0,0.0,0.0,0.0,1.0,1.0
29,90,0.4056483963833143,0.5013888251402113,0.0,1.0,0.0,1.0,0.0,1.0
30,90,6.02127145090318,3.1534872119852912,1.0,0.0,0.0,0.0,1.0,1.0
31,90,11.13246938378144,0.0,0.0,1.0,1.0,1.0,1.0,0.0
32,90,0.6269188261731958,2.5718112530923958,0.0,1.0,0.0,0.0,0.0,1.0
33,90,0.3720613667864002,1.7353289011996014,1.0,1.0,0.0,1.0,0.0,0.0
34,90,8.11567640366187,1.9021144874209512,1.0,0.0,0.0,1.0,1.0,0.0
35,90,3.2759749130392084,7.052458494886141,1.0,0.0,0.0,0.0,1.0,0.0
36,90,5.217482154860324,10.550583414631769,1.0,1.0,1.0,0.0,1.0,1.0
37,90,9.598220822922324,1.92192924372528,1.0,1.0,1.0,0.0,1.0,1.0
38,90,3.3955662099255624,6.108901198415753,0.0,1.0,0.0,0.0,1.0,0.0
39,90,10.82632173676236,6.865575159068139,0.0,1.0,1.0,0.0,0.0,0.0
0,95,5.608728755228519,6.894925318043383,0.0,0.0,0.0,1.0,0.0,0.0
1,95,8.013042472181892,5.956097022477481,0.0,0.0,1.0,0.0,1.0,0.0
2,95,9.517709463908696,7.851273822961322,1.0,0.0,0.0,0.0,1.0,0.0
3,95,7.531211776965527,1.882813171507656,0.0,0.0,1.0,0.0,1.0,1.0
4,95,9.471852747927732,9.168686010572848,0.0,0.0,0.0,0.0,0.0,0.0
5,95,0.0,8.639193772502885,1.0,0.0,1.0,1.0,0.0,0.0
6,95,6.485117011632115,6.481108255266,0.0,1.0,0.0,1.0,0.0,0.0
7,95,5.164868115038114,1.72800022438218,0.0,1.0,1.0,1.0,0.0,1.0
8,95,5.4685257098117575,9.394690120928203,0.0,0.0,0.0,0.0,0.0,0.0
9,95,6.9468773926296015,3.4691215965735323,1.0,1.0,1.0,0.0,0.0,0.0
10,95,7.564027743166321,3.210517210905063,0.0,0.0,0.0,1.0,0.0,0.0
11,95,7.903921256595937,7.652344370905896,1.0,1.0,1.0,0.0,1.0,0.0
12,95,4.18042249363354,10.565106858445343,1.0,0.0,0.0,1.0,0.0,1.0
13,95,0.5423994886291761,6.264374316799139,0.0,0.0,1.0,0.0,1.0,0.0
14,95,3.1509137287426463,11.343125765655056,1.0,0.0,0.0,1.0,0.0,1.0
15,95,9.050124190156344,7.90202168029399,0.0,1.0,0.0,0.0,1.0,1.0
16,95,7.133625448287431,7.401346111653304,0.0,1.0,1.0,0.0,0.0,0.0
17,95,5.546105586139856,3.114297693287038,0.0,0.0,1.0,0.0,0.0,0.0
18,95,5.079254305047482,0.0,0.0,1.0,1.0,0.0,0.0,0.0
19,95,6.562319887396403,3.6737094428509582,1.0,0.0,0.0,1.0,0.0,1.0
20,95,3.4162958792553355,0.0,0.0,0.0,1.0,1.0,0.0,0.0
21,95,10.399156073340173,9.576381396959846,0.0,1.0,0.0,0.0,1.0,1.0
22,95,4.218303544621255,11.899117757345572,1.0,0.0,0.0,1.0,1.0,0.0
23,95,6.2755745118292925,4.482695965932091,0.0,0.0,1.0,0.0,0.0,0.0
24,95,8.36516808590767,2.7232540907666976,1.0,1.0,0.0,0.0,0.0,1.0
25,95,2.460995195355908,11.079794451386208,0.0,0.0,0.0,0.0,1.0,1.0
26,95,8.632769240202276,12.0,0.0,1.0,0.0,0.0,0.0,1.0
27,95,10.819998628807694,4.872375918919715,1.0,0.0,0.0,1.0,1.0,1.0
28,95,0.0,9.036756190972657,0.0,0.0,0.0,0.0,1.0,1.0
29,95,0.4180092463500551,0.4945913342899918,0.0,1.0,0.0,1.0,0.0,1.0
30,95,6.13667136051027,3.145527427448508,1.0,0.0,0.0,0.0,1.0,1.0
31,95,11.131385801320963,0.0,0.0,1.0,1.0,1.0,1.0,0.0
32,95,0.6365568476018085,2.583186572134764,0.0,1.0,0.0,0.0,0.0,1.0
33,95,0.3222356130017939,1.7878710695572262,1.0,1.0,0.0,1.0,0.0,0.0
34,95,8.110323306155777,1.9069493407742335,1.0,0.0,0.0,1.0,1.0,0.0
35,95,3.199065147436209,7.107889783473804,1.0,0.0,0.0,0.0,1.0,0.0
36,95,5.208315570832571,10.501700947905814,1.0,1.0,1.0,0.0,1.0,1.0
37,95,9.58177052120676,1.9180915431511492,1.0,1.0,1.0,0.0,1.0,1.0
38,95,3.425934809019965,5.9646098456682095,0.0,1.0,0.0,0.0,1.0,0.0
39,95,10.888553152364771,6.93882236133478,0.0,1.0,1.0,0.0,0.0,0.0
0,100,5.590581808184203,6.93809584118742,0.0,0.0,0.0,1.0,0.0,0.0
1,100,7.998566166278517,6.015088778393966,0.0,0.0,1.0,0.0,1.0,0.0
2,100,9.517565147180072,7.874911020667302,1.0,0.0,0.0,0.0,1.0,0.0
3,100,7.5565840463528735,1.9133097001496715,0.0,0.0,1.0,0.0,1.0,1.0
4,100,9.37027928684913,9.111712386458777,0.0,0.0,0.0,0.0,0.0,0.0
5,100,0.0,8.653606271118157,1.0,0.0,1.0,1.0,0.0,0.0
6,100,6.3620304387531705,6.5834620859614015,0.0,1.0,0.0,1.0,0.0,0.0
7,100,5.171973329143917,1.880713431888298,0.0,1.0,1.0,1.0,0.0,1.0
8,100,5.514724227674923,9.324689050291294,0.0,0.0,0.0,0.0,0.0,0.0
9,100,7.004430792340947,3.4941037949018647,1.0,1.0,1.0,0.0,0.0,0.0
10,100,7.688828536958713,3.227321052573771,0.0,0.0,0.0,1.0,0.0,0.0
11,100,7.988809624614732,7.619478897297232,1.0,1.0,1.0,0.0,1.0,0.0
12,100,4.187583941153307,10.490573331373906,1.0,0.0,0.0,1.0,0.0,1.0
13,100,0.4663128273127327,6.278604752905147,0.0,0.0,1.0,0.0,1.0,0.0
14,100,3.1087446861242167,11.303627531040837,1.0,0.0,0.0,1.0,0.0,1.0
15,100,9.161121883380964,7.838021347447293,0.0,1.0,0.0,0.0,1.0,1.0
16,100,7.1341765157382495,7.403554069423394,0.0,1.0,1.0,0.0,0.0,0.0
17,100,5.589617314303712,3.123206674884793,0.0,0.0,1.0,0.0,0.0,0.0
18,100,5.114791852200583,0.0,0.0,1.0,1.0,0.0,0.0,0.0
19,100,6.49388557130652,3.705116889090608,1.0,0.0,0.0,1.0,0.0,1.0
20,100,3.581877366080036,0.0,0.0,0.0,1.0,1.0,0.0,0.0
21,100,10.566653613275278,9.549034619777812,0.0,1.0,0.0,0.0,1.0,1.0
22,100,4.152789660732884,11.868633218409986,1.0,0.0,0.0,1.0,1.0,0.0
23,100,6.206198570264384,4.508760234513556,0.0,0.0,1.0,0.0,0.0,0.0
24,100,8.30198180647846,2.6985796056285656,1.0,1.0,0.0,0.0,0.0,1.0
25,100,2.454444502635143,11.091290020041134,0.0,0.0,0.0,0.0,1.0,1.0
26,100,8.706381273131198,12.0,0.0,1.0,0.0,0.0,0.0,1.0
27,100,10.805002404448947,4.792321712238489,1.0,0.0,0.0,1.0,1.0,1.0
28,100,0.0,8.999297444110649,0.0,0.0,0.0,0.0,1.0,1.0
29,100,0.4441491701675304,0.4800858200337055,0.0,1.0,0.0,1.0,0.0,1.0
30,100,6.25682719083651,3.135734563067382,1.0,0.0,0.0,0.0,1.0,1.0
31,100,11.130718891272195,0.0,0.0,1.0,1.0,1.0,1.0,0.0
32,100,0.6448318661801042,2.5932898030282145,0.0,1.0,0.0,0.0,0.0,1.0
33,100,0.2651569609034296,1.846508537849711,1.0,1.0,0.0,1.0,0.0,0.0
34,100,8.098325837976144,1.9177582507590527,1.0,0.0,0.0,1.0,1.0,0.0
35,100,3.1236335943129125,7.161844712496672,1.0,0.0,0.0,0.0,1.0,0.0
36,100,5.198468829110169,10.447260030212435,1.0,1.0,1.0,0.0,1.0,1.0
37,100,9.563372785387028,1.9132206928417443,1.0,1.0,1.0,0.0,1.0,1.0
38,100,3.4524256823810715,5.840092580903308,0.0,1.0,0.0,0.0,1.0,0.0
39,100,10.946901438692764,7.005208120032153,0.0,1.0,1.0,0.0,0.0,0.0
0,105,5.560721766651022,7.007890075648039,0.0,0.0,0.0,1.0,0.0,0.0
1,105,7.983474162091656,6.076088859973061,0.0,0.0,1.0,0.0,1.0,0.0
2,105,9.5174918264007,7.885320970007772,1.0,0.0,0.0,0.0,1.0,0.0
3,105,7.589433816820986,1.9557492982107183,0.0,0.0,1.0,0.0,1.0,1.0
4,105,9.257018210213658,9.049784876478537,0.0,0.0,0.0,0.0,0.0,0.0
5,105,0.0,8.669335351788698,1.0,0.0,1.0,1.0,0.0,0.0
6,105,6.254934413422562,6.668546533828302,0.0,1.0,0.0,1.0,0.0,0.0
7,105,5.182891157095073,2.050799045071268,0.0,1.0,1.0,1.0,0.0,1.0
8,105,5.549773293039497,9.27223689356138,0.0,0.0,0.0,0.0,0.0,0.0
9,105,7.060919619446263,3.5192044362646726,1.0,1.0,1.0,0.0,0.0,0.0
10,105,7.835275319540128,3.2441364540715165,0.0,0.0,0.0,1.0,0.0,0.0
11,105,8.060996971700416,7.593108607632491,1.0,1.0,1.0,0.0,1.0,0.0
12,105,4.194833509788128,10.408054493675593,1.0,0.0,0.0,1.0,0.0,1.0
13,105,0.4113365101398892,6.289272528573085,0.0,0.0,1.0,0.0,1.0,0.0
14,105,3.078728371040341,11.276867613917636,1.0,0.0,0.0,1.0,0.0,1.0
15,105,9.27347084662515,7.774854576087683,0.0,1.0,0.0,0.0,1.0,1.0
16,105,7.132665253017708,7.397232114473287,0.0,1.0,1.0,0.0,0.0,0.0
17,105,5.620970070304811,3.129748946746862,0.0,0.0,1.0,0.0,0.0,0.0
18,105,5.145772590570785,0.0,0.0,1.0,1.0,0.0,0.0,0.0
19,105,6.411178256745592,3.742236347518824,1.0,0.0,0.0,1.0,0.0,1.0
20,105,3.726265420324967,0.0,0.0,0.0,1.0,1.0,0.0,0.0
21,105,10.72972137216036,9.525082588910482,0.0,1.0,0.0,0.0,1.0,1.0
22,105,4.088414627788746,11.839462171628508,1.0,0.0,0.0,1.0,1.0,0.0
23,105,6.130546041146657,4.536578065335241,0.0,0.0,1.0,0.0,0.0,0.0
24,105,8.237056537382873,2.671692629224901,1.0,1.0,0.0,0.0,0.0,1.0
25,105,2.450449652298824,11.098017959298993,0.0,0.0,0.0,0.0,1.0,1.0
26,105,8.783552707315065,12.0,0.0,1.0,0.0,0.0,0.0,1.0
27,105,10.78648790183062,4.706764274199717,1.0,0.0,0.0,1.0,1.0,1.0
28,105,0.0,8.960718644555579,0.0,0.0,0.0,0.0,1.0,1.0
29,105,0.4687138652605026,0.4670297518822244,0.0,1.0,0.0,1.0,0.0,1.0
30,105,6.363299422943229,3.1294311581426406,1.0,0.0,0.0,0.0,1.0,1.0
31,105,11.127379888463286,0.0,0.0,1.0,1.0,1.0,1.0,0.0
32,105,0.6287068301896815,2.606988686306997,0.0,1.0,0.0,0.0,0.0,1.0
33,105,0.2020131251108505,1.911010155124755,1.0,1.0,0.0,1.0,0.0,0.0
34,105,8.091845538621516,1.923482691969619,1.0,0.0,0.0,1.0,1.0,0.0
35,105,3.1867028066503043,7.2479117607428,1.0,0.0,0.0,0.0,1.0,0.0
36,105,5.183613973930148,10.373560249407468,1.0,1.0,1.0,0.0,1.0,1.0
37,105,9.53586398165174,1.904910709003059,1.0,1.0,1.0,0.0,1.0,1.0
38,105,3.481520275043932,5.718722351164579,0.0,1.0,0.0,0.0,1.0,0.0
39,105,11.00541944511049,7.069521527611562,0.0,1.0,1.0,0.0,0.0,0.0
0,110,5.534775106783174,7.073898937524245,0.0,0.0,0.0,1.0,0.0,0.0
1,110,7.966529928749473,6.139843899721601,0.0,0.0,1.0,0.0,1.0,0.0
2,110,9.517740924989033,7.896058900748896,1.0,0.0,0.0,0.0,1.0,0.0
3,110,7.604311978378785,1.9744750820889487,0.0,0.0,1.0,0.0,1.0,1.0
4,110,9.121303830920578,8.969246459649218,0.0,0.0,0.0,0.0,0.0,0.0
5,110,0.0,8.689137553039771,1.0,0.0,1.0,1.0,0.0,0.0
6,110,6.171566612248302,6.730587931297838,0.0,1.0,0.0,1.0,0.0,0.0
7,110,5.190252675941985,2.189902480408364,0.0,1.0,1.0,1.0,0.0,1.0
8,110,5.588046745963206,9.21444571322897,0.0,0.0,0.0,0.0,0.0,0.0
9,110,7.11662455311062,3.543201395106403,1.0,1.0,1.0,0.0,0.0,0.0
10,110,7.990498318207578,3.2659167547904144,0.0,0.0,0.0,1.0,0.0,0.0
11,110,8.147026744545215,7.560357727668131,1.0,1.0,1.0,0.0,1.0,0.0
12,110,4.202568673370281,10.329949146552805,1.0,0.0,0.0,1.0,0.0,1.0
13,110,0.3535929132772137,6.300822616780687,0.0,0.0,1.0,0.0,1.0,0.0
14,110,3.0223364700507074,11.228977346349533,1.0,0.0,0.0,1.0,0.0,1.0
15,110,9.391582080470718,7.7067048317344256,0.0,1.0,0.0,0.0,1.0,1.0
16,110,7.127494741576574,7.374143792731669,0.0,1.0,1.0,0.0,0.0,0.0
17,110,5.634863793924533,3.132943713179615,0.0,0.0,1.0,0.0,0.0,0.0
18,110,5.181641283408721,0.0,0.0,1.0,1.0,0.0,0.0,0.0
19,110,6.318388611989725,3.783348768721953,1.0,0.0,0.0,1.0,0.0,1.0
20,110,3.86813391922962,0.0,0.0,0.0,1.0,1.0,0.0,0.0
21,110,10.9002108757234,9.495346508386309,0.0,1.0,0.0,0.0,1.0,1.0
22,110,4.025599211666877,11.81154657885062,1.0,0.0,0.0,1.0,1.0,0.0
23,110,6.065930317626657,4.5596641917992144,0.0,0.0,1.0,0.0,0.0,0.0
24,110,8.166819826574239,2.645113323277632,1.0,1.0,0.0,0.0,0.0,1.0
25,110,2.454526548332409,11.091221412882057,0.0,0.0,0.0,0.0,1.0,1.0
26,110,8.84922265428832,12.0,0.0,1.0,0.0,0.0,0.0,1.0
27,110,10.766475132171244,4.608429398627387,1.0,0.0,0.0,1.0,1.0,1.0
28,110,0.0,8.935412958682448,0.0,0.0,0.0,0.0,1.0,1.0
29,110,0.4878065938398729,0.4559754135428557,0.0,1.0,0.0,1.0,0.0,1.0
30,110,6.480393105726597,3.1200528295662706,1.0,0.0,0.0,0.0,1.0,1.0
31,110,11.126964199037852,0.0,0.0,1.0,1.0,1.0,1.0,0.0
32,110,0.6147993900151328,2.6185440746059787,0.0,1.0,0.0,0.0,0.0,1.0
33,110,0.147814000295958,1.9663742779283768,1.0,1.0,0.0,1.0,0.0,0.0
34,110,8.065315871380857,1.9466237465029417,1.0,0.0,0.0,1.0,1.0,0.0
35,110,3.263714215319369,7.351073579362145,1.0,0.0,0.0,0.0,1.0,0.0
36,110,5.1662255260836965,10.29355660864343,1.0,1.0,1.0,0.0,1.0,1.0
37,110,9.51295072446958,1.8982467917104875,1.0,1.0,1.0,0.0,1.0,1.0
38,110,3.511284604791452,5.585547489198408,0.0,1.0,0.0,0.0,1.0,0.0
39,110,11.065401191662382,7.131743455448038,0.0,1.0,1.0,0.0,0.0,0.0
0,115,5.501143981143499,7.165078792120505,0.0,0.0,0.0,1.0,0.0,0.0
1,115,7.947068837362748,6.213885118450427,0.0,0.0,1.0,0.0,1.0,0.0
2,115,9.518371590096937,7.908049059023231,1.0,0.0,0.0,0.0,1.0,0.0
3,115,7.622151690433901,1.997804415293133,0.0,0.0,1.0,0.0,1.0,1.0
4,115,8.96409196841854,8.8774090910821,0.0,0.0,0.0,0.0,0.0,0.0
5,115,0.0,8.710096736546744,1.0,0.0,1.0,1.0,0.0,0.0
6,115,6.084708181089394,6.79173992624907,0.0,1.0,0.0,1.0,0.0,0.0
7,115,5.195786227782432,2.327337214338067,0.0,1.0,1.0,1.0,0.0,1.0
8,115,5.630048133946603,9.152098777714036,0.0,0.0,0.0,0.0,0.0,0.0
9,115,7.163960684798199,3.563766660639617,1.0,1.0,1.0,0.0,0.0,0.0
10,115,8.140505197523185,3.285905106257297,0.0,0.0,0.0,1.0,0.0,0.0
11,115,8.21630800810248,7.532505312887282,1.0,1.0,1.0,0.0,1.0,0.0
12,115,4.210208455449047,10.248365760991389,1.0,0.0,0.0,1.0,0.0,1.0
13,115,0.2929965388242,6.313334869306922,0.0,0.0,1.0,0.0,1.0,0.0
14,115,2.951627822235764,11.169576226802604,1.0,0.0,0.0,1.0,0.0,1.0
15,115,9.515234114486637,7.634928365350854,0.0,1.0,0.0,0.0,1.0,1.0
16,115,7.123267643895588,7.3538076856932495,0.0,1.0,1.0,0.0,0.0,0.0
17,115,5.671488264459345,3.141548126238228,0.0,0.0,1.0,0.0,0.0,0.0
18,115,5.206284495646871,0.0,0.0,1.0,1.0,0.0,0.0,0.0
19,115,6.225469295230941,3.827044003651521,1.0,0.0,0.0,1.0,0.0,1.0
20,115,4.012189197607856,0.0,0.0,0.0,1.0,1.0,0.0,0.0
21,115,11.062903647589524,9.46767145069386,0.0,1.0,0.0,0.0,1.0,1.0
22,115,3.95275163316677,11.779133208402502,1.0,0.0,0.0,1.0,1.0,0.0
23,115,5.997480465813455,4.586327872740677,0.0,0.0,1.0,0.0,0.0,0.0
24,115,8.091877588437077,2.617790537187968,1.0,1.0,0.0,0.0,0.0,1.0
25,115,2.449483056977868,11.099481422376249,0.0,0.0,0.0,0.0,1.0,1.0
26,115,8.924933364408174,12.0,0.0,1.0,0.0,0.0,0.0,1.0
27,115,10.74440795092054,4.497519603828739,1.0,0.0,0.0,1.0,1.0,1.0
28,115,0.0,8.909341774274615,0.0,0.0,0.0,0.0,1.0,1.0
29,115,0.5259836120033716,0.4336661418176122,0.0,1.0,0.0,1.0,0.0,1.0
30,115,6.599306719882486,3.1123689010681863,1.0,0.0,0.0,0.0,1.0,1.0
31,115,11.06081166707784,0.0003026096643009,0.0,1.0,1.0,1.0,1.0,0.0
32,115,0.6047792784679661,2.626707219158566,0.0,1.0,0.0,0.0,0.0,1.0
33,115,0.0805834907948694,2.0343623093894614,1.0,1.0,0.0,1.0,0.0,0.0
34,115,8.035423721391037,1.9711981930039704,1.0,0.0,0.0,1.0,1.0,0.0
35,115,3.348730083239172,7.4680328193433185,1.0,0.0,0.0,0.0,1.0,0.0
36,115,5.14985329950876,10.216689661530388,1.0,1.0,1.0,0.0,1.0,1.0
37,115,9.481399135358224,1.889866275031954,1.0,1.0,1.0,0.0,1.0,1.0
38,115,3.533670507710214,5.472624247337826,0.0,1.0,0.0,0.0,1.0,0.0
39,115,11.12991638386179,7.196317553340491,0.0,1.0,1.0,0.0,0.0,0.0
0,120,5.463479146568692,7.265557293975419,0.0,0.0,0.0,1.0,0.0,0.0
1,120,7.920204670348322,6.314391657085116,0.0,0.0,1.0,0.0,1.0,0.0
2,120,9.518891040170946,7.91612920463113,1.0,0.0,0.0,0.0,1.0,0.0
3,120,7.629628735020057,2.007739799309303,0.0,0.0,1.0,0.0,1.0,1.0
4,120,8.795357546203146,8.773779803488004,0.0,0.0,0.0,0.0,0.0,0.0
5,120,0.0,8.738200690521259,1.0,0.0,1.0,1.0,0.0,0.0
6,120,5.999533287561705,6.851705879314085,0.0,1.0,0.0,1.0,0.0,0.0
7,120,5.203762296022333,2.470239890158687,0.0,1.0,1.0,1.0,0.0,1.0
8,120,5.667406908714403,9.096863508153804,0.0,0.0,0.0,0.0,0.0,0.0
9,120,7.218819862171456,3.586445059678994,1.0,1.0,1.0,0.0,0.0,0.0
10,120,8.281670627604715,3.303861634333199,0.0,0.0,0.0,1.0,0.0,0.0
11,120,8.27807052173638,7.50855033052456,1.0,1.0,1.0,0.0,1.0,0.0
12,120,4.219079221394898,10.163331152484488,1.0,0.0,0.0,1.0,0.0,1.0
13,120,0.2346466531154311,6.324718537329561,0.0,0.0,1.0,0.0,1.0,0.0
14,120,2.8776229013918133,11.107589727530751,1.0,0.0,0.0,1.0,0.0,1.0
15,120,9.638891171098797,7.568594266678609,0.0,1.0,0.0,0.0,1.0,1.0
16,120,7.117986825796333,7.331125273648939,0.0,1.0,1.0,0.0,0.0,0.0
17,120,5.695676920639361,3.147808004547349,0.0,0.0,1.0,0.0,0.0,0.0
18,120,5.24671195263312,0.0,0.0,1.0,1.0,0.0,0.0,0.0
19,120,6.148764622357895,3.863860420873315,1.0,0.0,0.0,1.0,0.0,1.0
20,120,4.148607736346401,0.0,0.0,0.0,1.0,1.0,0.0,0.0
21,120,11.239430690603546,9.439028321755057,0.0,1.0,0.0,0.0,1.0,1.0
22,120,3.8667648772775993,11.742879458126737,1.0,0.0,0.0,1.0,1.0,0.0
23,120,5.936888206686101,4.611005206114162,0.0,0.0,1.0,0.0,0.0,0.0
24,120,8.01835973368805,2.5907754387076025,1.0,1.0,0.0,0.0,0.0,1.0
25,120,2.451813145652362,11.095730775706116,0.0,0.0,0.0,0.0,1.0,1.0
26,120,8.994043340971862,12.0,0.0,1.0,0.0,0.0,0.0,1.0
27,120,10.72332913861256,4.38394073500405,1.0,0.0,0.0,1.0,1.0,1.0
28,120,0.0,8.884535532765279,0.0,0.0,0.0,0.0,1.0,1.0
29,120,0.5688114054149096,0.4091045097921905,0.0,1.0,0.0,1.0,0.0,1.0
30,120,6.727756845415253,3.101446153358596,1.0,0.0,0.0,0.0,1.0,1.0
31,120,10.97894030636849,0.002035776509596,0.0,1.0,1.0,1.0,1.0,0.0
32,120,0.5906941285274812,2.6382529936439174,0.0,1.0,0.0,0.0,0.0,1.0
33,120,0.0050229888351238,2.1123273036271475,1.0,1.0,0.0,1.0,0.0,0.0
34,120,8.017673131398052,1.985769245227314,1.0,0.0,0.0,1.0,1.0,0.0
35,120,3.449945935801391,7.611115753460203,1.0,0.0,0.0,0.0,1.0,0.0
36,120,5.134787871415968,10.141863500551024,1.0,1.0,1.0,0.0,1.0,1.0
37,120,9.452376182472138,1.882242456195413,1.0,1.0,1.0,0.0,1.0,1.0
38,120,3.553250099963513,5.370745949649902,0.0,1.0,0.0,0.0,1.0,0.0
39,120,11.187025266295985,7.251995096142763,0.0,1.0,1.0,0.0,0.0,0.0
0,125,5.418422417686304,7.376336476544206,0.0,0.0,0.0,1.0,0.0,0.0
1,125,7.8889707254082015,6.428406451162656,0.0,0.0,1.0,0.0,1.0,0.0
2,125,9.522557208215918,7.9658600192074065,1.0,0.0,0.0,0.0,1.0,0.0
3,125,7.643885495411771,2.0285489250232085,0.0,0.0,1.0,0.0,1.0,1.0
4,125,8.617569136218464,8.663752259121008,0.0,0.0,0.0,0.0,0.0,0.0
5,125,0.0,8.762506294635696,1.0,0.0,1.0,1.0,0.0,0.0
6,125,5.917527418767477,6.9102820339665865,0.0,1.0,0.0,1.0,0.0,0.0
7,125,5.207778035307438,2.594310467931834,0.0,1.0,1.0,1.0,0.0,1.0
8,125,5.706890719258811,9.0415512271817,0.0,0.0,0.0,0.0,0.0,0.0
9,125,7.260751629856999,3.6028246608124324,1.0,1.0,1.0,0.0,0.0,0.0
10,125,8.39172242308983,3.3209729592050614,0.0,0.0,0.0,1.0,0.0,0.0
11,125,8.339937386094354,7.486421486599188,1.0,1.0,1.0,0.0,1.0,0.0
12,125,4.227632914606508,10.083915300002642,1.0,0.0,0.0,1.0,0.0,1.0
13,125,0.1422168653891306,6.340043065562634,0.0,0.0,1.0,0.0,1.0,0.0
14,125,2.813209244664971,11.052831275450076,1.0,0.0,0.0,1.0,0.0,1.0
15,125,9.759091168307744,7.503910616348412,0.0,1.0,0.0,0.0,1.0,1.0
16,125,7.11501203247952,7.318221548911413,0.0,1.0,1.0,0.0,0.0,0.0
17,125,5.702832868052141,3.149763647922972,0.0,0.0,1.0,0.0,0.0,0.0
18,125,5.27375907870108,0.0,0.0,1.0,1.0,0.0,0.0,0.0
19,125,6.083641142834147,3.8967206498410696,1.0,0.0,0.0,1.0,0.0,1.0
20,125,4.274030412076115,0.0,0.0,0.0,1.0,1.0,0.0,0.0
21,125,11.39781284564558,9.412257967886989,0.0,1.0,0.0,0.0,1.0,1.0
22,125,3.7906663995695022,11.708317355592955,1.0,0.0,0.0,1.0,1.0,0.0
23,125,5.877442703479422,4.636246573217927,0.0,0.0,1.0,0.0,0.0,0.0
24,125,7.964417054291471,2.5695066734474428,1.0,1.0,0.0,0.0,0.0,1.0
25,125,2.4726684260617704,11.063753033412452,0.0,0.0,0.0,0.0,1.0,1.0
26,125,9.0787866273086,12.0,0.0,1.0,0.0,0.0,0.0,1.0
27,125,10.705995039382858,4.290944964287552,1.0,0.0,0.0,1.0,1.0,1.0
28,125,0.0,8.858874358469985,0.0,0.0,0.0,0.0,1.0,1.0
29,125,0.5911736054203273,0.3964923845664581,0.0,1.0,0.0,1.0,0.0,1.0
30,125,6.839352703046447,3.08885656783664,1.0,0.0,0.0,0.0,1.0,1.0
31,125,10.876656534982413,0.0025645599750216,0.0,1.0,1.0,1.0,1.0,0.0
32,125,0.5831152670058032,2.644544154423626,0.0,1.0,0.0,0.0,0.0,1.0
33,125,0.0,2.208665158586557,1.0,1.0,0.0,1.0,0.0,0.0
34,125,8.00973428089273,1.9927654772911472,1.0,0.0,0.0,1.0,1.0,0.0
35,125,3.5432339200442686,7.742069792122232,1.0,0.0,0.0,0.0,1.0,0.0
36,125,5.120787316203362,10.072979476444528,1.0,1.0,1.0,0.0,1.0,1.0
37,125,9.411254269349524,1.87189352318237,1.0,1.0,1.0,0.0,1.0,1.0
38,125,3.57337169230908,5.2694930134498765,0.0,1.0,0.0,0.0,1.0,0.0
39,125,11.230793601333234,7.293040775844574,0.0,1.0,1.0,0.0,0.0,0.0
0,130,5.367792943258895,7.502930538312364,0.0,0.0,0.0,1.0,0.0,0.0
1,130,7.8532369744862525,6.5374328387539045,0.0,0.0,1.0,0.0,1.0,0.0
2,130,9.527292875639771,8.02230876019099,1.0,0.0,0.0,0.0,1.0,0.0
3,130,7.666628856195008,2.060636031193949,0.0,0.0,1.0,0.0,1.0,1.0
4,130,8.443709679059983,8.557063280787908,0.0,0.0,0.0,0.0,0.0,0.0
5,130,0.0,8.788814973669602,1.0,0.0,1.0,1.0,0.0,0.0
6,130,5.828988589024423,6.972406228170022,0.0,1.0,0.0,1.0,0.0,0.0
7,130,5.2146167100416845,2.7404946606865748,0.0,1.0,1.0,1.0,0.0,1.0
8,130,5.749570774222307,8.98322442839251,0.0,0.0,0.0,0.0,0.0,0.0
9,130,7.286549788676948,3.6126661549664303,1.0,1.0,1.0,0.0,0.0,0.0
10,130,8.50104688502497,3.338515201016276,0.0,0.0,0.0,1.0,0.0,0.0
11,130,8.393044859889534,7.467136368642051,1.0,1.0,1.0,0.0,1.0,0.0
12,130,4.236617153649641,9.996155713213303,1.0,0.0,0.0,1.0,0.0,1.0
13,130,0.0511842826369082,6.352786838696312,0.0,0.0,1.0,0.0,1.0,0.0
14,130,2.7323053129666706,10.984011994466467,1.0,0.0,0.0,1.0,0.0,1.0
15,130,9.878706585211637,7.444678422626593,0.0,1.0,0.0,0.0,1.0,1.0
16,130,7.11067391977066,7.298297077501115,0.0,1.0,1.0,0.0,0.0,0.0
17,130,5.691409212814063,3.146786439178876,0.0,0.0,1.0,0.0,0.0,0.0
18,130,5.321258230992397,0.0,0.0,1.0,1.0,0.0,0.0,0.0
19,130,6.006950154304056,3.933689417006781,1.0,0.0,0.0,1.0,0.0,1.0
20,130,4.400250848156697,0.0,0.0,0.0,1.0,1.0,0.0,0.0
21,130,11.5438857501428,9.38534140026056,0.0,1.0,0.0,0.0,1.0,1.0
22,130,3.7142182201768255,11.671451228170453,1.0,0.0,0.0,1.0,1.0,0.0
23,130,5.80125609170948,4.671649631633208,0.0,0.0,1.0,0.0,0.0,0.0
24,130,7.907910914091155,2.548891912276868,1.0,1.0,0.0,0.0,0.0,1.0
25,130,2.4857221200424995,11.04237324355686,0.0,0.0,0.0,0.0,1.0,1.0
26,130,9.17036237036528,12.0,0.0,1.0,0.0,0.0,0.0,1.0
27,130,10.678763185606886,4.169139261904012,1.0,0.0,0.0,1.0,1.0,1.0
28,130,0.0,8.838402315442568,0.0,0.0,0.0,0.0,1.0,1.0
29,130,0.6161489573078307,0.3818318041043556,0.0,1.0,0.0,1.0,0.0,1.0
30,130,6.941837519295616,3.077676330905563,1.0,0.0,0.0,0.0,1.0,1.0
31,130,10.758275049734326,0.0010967562161395,0.0,1.0,1.0,1.0,1.0,0.0
32,130,0.5651939042052416,2.658319845356385,0.0,1.0,0.0,0.0,0.0,1.0
33,130,0.0,2.30403932248998,1.0,1.0,0.0,1.0,0.0,0.0
34,130,7.986301531139247,2.013656319683125,1.0,0.0,0.0,1.0,1.0,0.0
35,130,3.6297116916635535,7.859793028755382,1.0,0.0,0.0,0.0,1.0,0.0
36,130,5.103048148745767,9.99475586145762,1.0,1.0,1.0,0.0,1.0,1.0
37,130,9.36967230118278,1.86076795438178,1.0,1.0,1.0,0.0,1.0,1.0
38,130,3.589482181910704,5.184246482492902,0.0,1.0,0.0,0.0,1.0,0.0
39,130,11.26348362572745,7.323884111808153,0.0,1.0,1.0,0.0,0.0,0.0
0,135,5.313712299008695,7.638441728180992,0.0,0.0,0.0,1.0,0.0,0.0
1,135,7.825654711404486,6.629581389387436,0.0,0.0,1.0,0.0,1.0,0.0
2,135,9.529002975010906,8.040593774359289,1.0,0.0,0.0,0.0,1.0,0.0
3,135,7.688442609911482,2.0913499614944198,0.0,0.0,1.0,0.0,1.0,1.0
4,135,8.258235427839674,8.439049406053764,0.0,0.0,0.0,0.0,0.0,0.0
5,135,0.0,8.814157188962646,1.0,0.0,1.0,1.0,0.0,0.0
6,135,5.741799220465084,7.032066500585595,0.0,1.0,0.0,1.0,0.0,0.0
7,135,5.226226011444891,2.915432119212383,0.0,1.0,1.0,1.0,0.0,1.0
8,135,5.785563841775876,8.933259250620889,0.0,0.0,0.0,0.0,0.0,0.0
9,135,7.313354505693711,3.6220949808685146,1.0,1.0,1.0,0.0,0.0,0.0
10,135,8.628361974031959,3.357117603427043,0.0,0.0,0.0,1.0,0.0,0.0
11,135,8.435685286513714,7.451413290970686,1.0,1.0,1.0,0.0,1.0,0.0
12,135,4.245047185010837,9.912912766426158,1.0,0.0,0.0,1.0,0.0,1.0
13,135,0.0,6.367394258363955,0.0,0.0,1.0,0.0,1.0,0.0
14,135,2.653589367906413,10.913832484275185,1.0,0.0,0.0,1.0,0.0,1.0
15,135,9.999243255954129,7.389164596480102,0.0,1.0,0.0,0.0,1.0,1.0
16,135,7.109019496064238,7.291489963532746,0.0,1.0,1.0,0.0,0.0,0.0
17,135,5.664844659080513,3.139457059581524,0.0,0.0,1.0,0.0,0.0,0.0
18,135,5.370645800622206,0.0,0.0,1.0,1.0,0.0,0.0,0.0
19,135,5.9343949005638255,3.97043469087326,1.0,0.0,0.0,1.0,0.0,1.0
20,135,4.52428868773996,0.0,0.0,0.0,1.0,1.0,0.0,0.0
21,135,11.699448203375145,9.35345789801512,0.0,1.0,0.0,0.0,1.0,1.0
22,135,3.661271506529791,11.784107739857612,1.0,0.0,0.0,1.0,1.0,0.0
23,135,5.706606755118161,4.712554604982245,0.0,0.0,1.0,0.0,0.0,0.0
24,135,7.8589212829044515,2.53052881072864,1.0,1.0,0.0,0.0,0.0,1.0
25,135,2.497714926451919,11.02289686041936,0.0,0.0,0.0,0.0,1.0,1.0
26,135,9.262640629438488,12.0,0.0,1.0,0.0,0.0,0.0,1.0
27,135,10.653569312508129,4.061589339426453,1.0,0.0,0.0,1.0,1.0,1.0
28,135,0.0,8.83104822980651,0.0,0.0,0.0,0.0,1.0,1.0
29,135,0.6418628264720604,0.3664211027935638,0.0,1.0,0.0,1.0,0.0,1.0
30,135,7.048583864928913,3.0672574876940826,1.0,0.0,0.0,0.0,1.0,1.0
31,135,10.64725395837008,0.0,0.0,1.0,1.0,1.0,1.0,0.0
32,135,0.5462808557097724,2.6722695790155933,0.0,1.0,0.0,0.0,0.0,1.0
33,135,0.0,2.3751021425147174,1.0,1.0,0.0,1.0,0.0,0.0
34,135,7.97322740379829,2.025947309915596,1.0,0.0,0.0,1.0,1.0,0.0
35,135,3.7665616112678064,7.759972590882785,1.0,0.0,0.0,0.0,1.0,0.0
36,135,5.08485201985878,9.920919097992371,1.0,1.0,1.0,0.0,1.0,1.0
37,135,9.314414373604222,1.8464929490230784,1.0,1.0,1.0,0.0,1.0,1.0
38,135,3.6078581791912314,5.0897184051301645,0.0,1.0,0.0,0.0,1.0,0.0
39,135,11.293714142427888,7.351874020064687,0.0,1.0,1.0,0.0,0.0,0.0
0,140,5.252699998418051,7.793313327464634,0.0,0.0,0.0,1.0,0.0,0.0
1,140,7.794202914225146,6.730899710234001,0.0,0.0,1.0,0.0,1.0,0.0
2,140,9.53199806108356,8.076134144363373,1.0,0.0,0.0,0.0,1.0,0.0
3,140,7.709541975680239,2.121118535384449,0.0,0.0,1.0,0.0,1.0,1.0
4,140,8.078620279142038,8.324325043390491,0.0,0.0,0.0,0.0,0.0,0.0
5,140,0.0,8.855231165205685,1.0,0.0,1.0,1.0,0.0,0.0
6,140,5.660905635995343,7.087679110353748,0.0,1.0,0.0,1.0,0.0,0.0
7,140,5.240378283794491,3.1255617665994158,0.0,1.0,1.0,1.0,0.0,1.0
8,140,5.8331678366002935,8.865461511410501,0.0,0.0,0.0,0.0,0.0,0.0
9,140,7.34487513912999,3.633230697226608,1.0,1.0,1.0,0.0,0.0,0.0
10,140,8.768828416566349,3.3794494786634623,0.0,0.0,0.0,1.0,0.0,0.0
11,140,8.482086707979231,7.433872729012124,1.0,1.0,1.0,0.0,1.0,0.0
12,140,4.253159795845456,9.829912407859313,1.0,0.0,0.0,1.0,0.0,1.0
13,140,0.0,6.384101169306985,0.0,0.0,1.0,0.0,1.0,0.0
14,140,2.5915160161509827,10.85344352900348,1.0,0.0,0.0,1.0,0.0,1.0
15,140,10.116114956562928,7.337578189964149,0.0,1.0,0.0,0.0,1.0,1.0
16,140,7.107317650435862,7.284687826530717,0.0,1.0,1.0,0.0,0.0,0.0
17,140,5.627564748839215,3.129664023065959,0.0,0.0,1.0,0.0,0.0,0.0
18,140,5.4302908835486345,0.0,0.0,1.0,1.0,0.0,0.0,0.0
19,140,5.893021862224924,3.991034665242125,1.0,0.0,0.0,1.0,0.0,1.0
20,140,4.629187054242784,0.0,0.0,0.0,1.0,1.0,0.0,0.0
21,140,11.879414229285477,9.320063154467986,0.0,1.0,0.0,0.0,1.0,1.0
22,140,3.602910248775375,11.89906470971257,1.0,0.0,0.0,1.0,1.0,0.0
23,140,5.609020417446415,4.753154142977542,0.0,0.0,1.0,0.0,0.0,0.0
24,140,7.811833569371094,2.5121700357102847,1.0,1.0,0.0,0.0,0.0,1.0
25,140,2.5143387974466385,10.995229209757191,0.0,0.0,0.0,0.0,1.0,1.0
26,140,9.355448492435585,12.0,0.0,1.0,0.0,0.0,0.0,1.0
27,140,10.63020185965125,3.963302014176157,1.0,0.0,0.0,1.0,1.0,1.0
28,140,0.0,8.820844385017118,0.0,0.0,0.0,0.0,1.0,1.0
29,140,0.6715055515899977,0.3484686672141606,0.0,1.0,0.0,1.0,0.0,1.0
30,140,7.163810447078528,3.0530234047450007,1.0,0.0,0.0,0.0,1.0,1.0
31,140,10.536464235967854,0.0,0.0,1.0,1.0,1.0,1.0,0.0
32,140,0.5220215626230872,2.689789078026951,0.0,1.0,0.0,0.0,0.0,1.0
33,140,0.0,2.446813127883837,1.0,1.0,0.0,1.0,0.0,0.0
34,140,7.945063901210447,2.053151499674008,1.0,0.0,0.0,1.0,1.0,0.0
35,140,3.9042427134381703,7.659127207392535,1.0,0.0,0.0,0.0,1.0,0.0
36,140,5.067634288497372,9.845759920623196,1.0,1.0,1.0,0.0,1.0,1.0
37,140,9.26405267271839,1.8341972086472016,1.0,1.0,1.0,0.0,1.0,1.0
38,140,3.624938566716149,4.992494386198247,0.0,1.0,0.0,0.0,1.0,0.0
39,140,11.34415941024485,7.397583087866109,0.0,1.0,1.0,0.0,0.0,0.0
0,145,5.401634715317509,7.851443547607755,0.0,0.0,0.0,1.0,0.0,0.0
1,145,7.759165411597181,6.838385946258423,0.0,0.0,1.0,0.0,1.0,0.0
2,145,9.535115481199275,8.110736123729332,1.0,0.0,0.0,0.0,1.0,0.0
3,145,7.725028300206055,2.14226792160217,0.0,0.0,1.0,0.0,1.0,1.0
4,145,7.908332812244359,8.21776237229321,0.0,0.0,0.0,0.0,0.0,0.0
5,145,0.0,8.902198164102106,1.0,0.0,1.0,1.0,0.0,0.0
6,145,5.57509376654455,7.14750322073558,0.0,1.0,0.0,1.0,0.0,0.0
7,145,5.258983617841527,3.342377187439824,0.0,1.0,1.0,1.0,0.0,1.0
8,145,5.895927983470432,8.779494085618037,0.0,0.0,0.0,0.0,0.0,0.0
9,145,7.374532555431286,3.643342243988148,1.0,1.0,1.0,0.0,0.0,0.0
10,145,8.909350961887775,3.401030212114096,0.0,0.0,0.0,1.0,0.0,0.0
11,145,8.547243153415105,7.4096860524203985,1.0,1.0,1.0,0.0,1.0,0.0
12,145,4.261174408052483,9.738046785569308,1.0,0.0,0.0,1.0,0.0,1.0
13,145,0.0,6.403244297209444,0.0,0.0,1.0,0.0,1.0,0.0
14,145,2.5237191490792394,10.78574793044822,1.0,0.0,0.0,1.0,0.0,1.0
15,145,10.24409443000519,7.284361671357561,0.0,1.0,0.0,0.0,1.0,1.0
16,145,7.100945548251072,7.260101868935049,0.0,1.0,1.0,0.0,0.0,0.0
17,145,5.600873709060776,3.1221762331793466,0.0,0.0,1.0,0.0,0.0,0.0
18,145,5.473983414631066,0.0,0.0,1.0,1.0,0.0,0.0,0.0
19,145,5.861425142642935,4.00580873230539,1.0,0.0,0.0,1.0,0.0,1.0
20,145,4.727710040179147,0.0,0.0,0.0,1.0,1.0,0.0,0.0
21,145,12.0,9.289845553560236,0.0,1.0,0.0,0.0,1.0,1.0
22,145,3.546063859126176,12.0,1.0,0.0,0.0,1.0,1.0,0.0
23,145,5.516365106545195,4.789555044385397,0.0,0.0,1.0,0.0,0.0,0.0
24,145,7.769778540927214,2.495953458840334,1.0,1.0,0.0,0.0,0.0,1.0
25,145,2.540314998377256,10.954431247205244,0.0,0.0,0.0,0.0,1.0,1.0
26,145,9.458205316634473,12.0,0.0,1.0,0.0,0.0,0.0,1.0
27,145,10.609609911146444,3.851841091978083,1.0,0.0,0.0,1.0,1.0,1.0
28,145,0.0,8.810562416035655,0.0,0.0,0.0,0.0,1.0,1.0
29,145,0.7180261264501878,0.3198366295071426,0.0,1.0,0.0,1.0,0.0,1.0
30,145,7.282145016869233,3.039279928786464,1.0,0.0,0.0,0.0,1.0,1.0
31,145,10.411644610830548,0.0,0.0,1.0,1.0,1.0,1.0,0.0
32,145,0.4823225560600793,2.7177014970873725,0.0,1.0,0.0,0.0,0.0,1.0
33,145,0.0,2.532398624967857,1.0,1.0,0.0,1.0,0.0,0.0
34,145,7.914666611900948,2.0829215565140067,1.0,0.0,0.0,1.0,1.0,0.0
35,145,4.036278357857772,7.56017821245753,1.0,0.0,0.0,0.0,1.0,0.0
36,145,5.047454038068768,9.761371840054473,1.0,1.0,1.0,0.0,1.0,1.0
37,145,9.210531305740274,1.8226965539669693,1.0,1.0,1.0,0.0,1.0,1.0
38,145,3.638748857736486,4.914500745368906,0.0,1.0,0.0,0.0,1.0,0.0
39,145,11.388787268904418,7.4395748679987825,0.0,1.0,1.0,0.0,0.0,0.0
0,150,5.538811964735022,7.908613241566169,0.0,0.0,0.0,1.0,0.0,0.0
1,150,7.72163936010666,6.96076216537167,0.0,0.0,1.0,0.0,1.0,0.0
2,150,9.540203228944758,8.162287220746574,1.0,0.0,0.0,0.0,1.0,0.0
3,150,7.742418986208061,2.165588072145506,0.0,0.0,1.0,0.0,1.0,1.0
4,150,7.74398090860939,8.114850576778256,0.0,0.0,0.0,0.0,0.0,0.0
5,150,0.0,8.953179900727324,1.0,0.0,1.0,1.0,0.0,0.0
6,150,5.505443986272608,7.197577747709934,0.0,1.0,0.0,1.0,0.0,0.0
7,150,5.272723795422026,3.5580446821753564,0.0,1.0,1.0,1.0,0.0,1.0
8,150,5.974674934509339,8.673852806391583,0.0,0.0,0.0,0.0,0.0,0.0
9,150,7.415805373782565,3.6584227534636415,1.0,1.0,1.0,0.0,0.0,0.0
10,150,9.055251236961997,3.421215681098942,0.0,0.0,0.0,1.0,0.0,0.0
11,150,8.610715530340881,7.38558706196932,1.0,1.0,1.0,0.0,1.0,0.0
12,150,4.267484393967948,9.654155811978702,1.0,0.0,0.0,1.0,0.0,1.0
13,150,0.0,6.417672825542954,0.0,0.0,1.0,0.0,1.0,0.0
14,150,2.4632561279449243,10.724523593724498,1.0,0.0,0.0,1.0,0.0,1.0
15,150,10.369154414146829,7.237184417824167,0.0,1.0,0.0,0.0,1.0,1.0
16,150,7.092909766672136,7.228730669280911,0.0,1.0,1.0,0.0,0.0,0.0
17,150,5.566770565423076,3.1126783194091927,0.0,0.0,1.0,0.0,0.0,0.0
18,150,5.523284838623442,0.0,0.0,1.0,1.0,0.0,0.0,0.0
19,150,5.831062439883222,4.019838365108948,1.0,0.0,0.0,1.0,0.0,1.0
20,150,4.839009142836049,0.0,0.0,0.0,1.0,1.0,0.0,0.0
21,150,12.0,9.261358695213913,0.0,1.0,0.0,0.0,1.0,1.0
22,150,3.491021902689293,12.0,1.0,0.0,0.0,1.0,1.0,0.0
23,150,5.400575339407607,4.83412784344981,0.0,0.0,1.0,0.0,0.0,0.0
24,150,7.740481790524321,2.4842798122549508,1.0,1.0,0.0,0.0,0.0,1.0
25,150,2.562760020973935,10.91892938282112,0.0,0.0,0.0,0.0,1.0,1.0
26,150,9.5467359894898,12.0,0.0,1.0,0.0,0.0,0.0,1.0
27,150,10.582809914323049,3.713977107095563,1.0,0.0,0.0,1.0,1.0,1.0
28,150,0.0,8.793389968913916,0.0,0.0,0.0,0.0,1.0,1.0
29,150,0.7425965182131737,0.3052522924698096,0.0,1.0,0.0,1.0,0.0,1.0
30,150,7.42393516696012,3.0210720589319258,1.0,0.0,0.0,0.0,1.0,1.0
31,150,10.278207877803814,0.0,0.0,1.0,1.0,1.0,1.0,0.0
32,150,0.4278262358765248,2.756477804232922,0.0,1.0,0.0,0.0,0.0,1.0
33,150,0.0,2.605844132859836,1.0,1.0,0.0,1.0,0.0,0.0
34,150,7.886329743330594,2.1114307591902435,1.0,0.0,0.0,1.0,1.0,0.0
35,150,4.162882332972626,7.462958094476807,1.0,0.0,0.0,0.0,1.0,0.0
36,150,5.02785011744491,9.68321474479388,1.0,1.0,1.0,0.0,1.0,1.0
37,150,9.16748821262811,1.812431316324667,1.0,1.0,1.0,0.0,1.0,1.0
38,150,3.650492666529878,4.849621295876777,0.0,1.0,0.0,0.0,1.0,0.0
39,150,11.45229733469916,7.501297548255029,0.0,1.0,1.0,0.0,0.0,0.0
0,155,5.671648352821026,7.963899713368906,0.0,0.0,0.0,1.0,0.0,0.0
1,155,7.682579585378673,7.084642142098518,0.0,0.0,1.0,0.0,1.0,0.0
2,155,9.543592002289644,8.205563656279283,1.0,0.0,0.0,0.0,1.0,0.0
3,155,7.775870761627559,2.2128343162660387,0.0,0.0,1.0,0.0,1.0,1.0
4,155,7.565847496745216,8.002819992885698,0.0,0.0,0.0,0.0,0.0,0.0
5,155,0.0,8.99963599666288,1.0,0.0,1.0,1.0,0.0,0.0
6,155,5.439736735621369,7.244100054781608,0.0,1.0,0.0,1.0,0.0,0.0
7,155,5.29161722368332,3.80455199692713,0.0,1.0,1.0,1.0,0.0,1.0
8,155,6.0529339744005455,8.572959032700249,0.0,0.0,0.0,0.0,0.0,0.0
9,155,7.461333331395794,3.676208331095932,1.0,1.0,1.0,0.0,0.0,0.0
10,155,9.192231381940614,3.4430166526110355,0.0,0.0,0.0,1.0,0.0,0.0
11,155,8.691451644345337,7.35276827625757,1.0,1.0,1.0,0.0,1.0,0.0
12,155,4.274383188680615,9.584900931759613,1.0,0.0,0.0,1.0,0.0,1.0
13,155,0.0,6.43328157089247,0.0,0.0,1.0,0.0,1.0,0.0
14,155,2.398027568795664,10.661320329669724,1.0,0.0,0.0,1.0,0.0,1.0
15,155,10.49829495799355,7.188098566241616,0.0,1.0,0.0,0.0,1.0,1.0
16,155,7.085216750817512,7.198661573099597,0.0,1.0,1.0,0.0,0.0,0.0
17,155,5.526827570350963,3.1003684518084755,0.0,0.0,1.0,0.0,0.0,0.0
18,155,5.604242138165154,0.0,0.0,1.0,1.0,0.0,0.0,0.0
19,155,5.80152388846524,4.03275711749841,1.0,0.0,0.0,1.0,0.0,1.0
20,155,4.954993509050767,0.0,0.0,0.0,1.0,1.0,0.0,0.0
21,155,12.0,9.2326197759399,0.0,1.0,0.0,0.0,1.0,1.0
22,155,3.4340228767191863,12.0,1.0,0.0,0.0,1.0,1.0,0.0
23,155,5.287948447857239,4.878478677818131,0.0,0.0,1.0,0.0,0.0,0.0
24,155,7.686694828581489,2.4642986115244607,1.0,1.0,0.0,0.0,0.0,1.0
25,155,2.5808619618870345,10.890559596420696,0.0,0.0,0.0,0.0,1.0,1.0
26,155,9.628782354020762,12.0,0.0,1.0,0.0,0.0,0.0,1.0
27,155,10.55896016100698,3.572620375440425,1.0,0.0,0.0,1.0,1.0,1.0
28,155,0.0,8.777036928593718,0.0,0.0,0.0,0.0,1.0,1.0
29,155,0.7518690434694528,0.2997676196051116,0.0,1.0,0.0,1.0,0.0,1.0
30,155,7.555031178230524,3.008350306540732,1.0,0.0,0.0,0.0,1.0,1.0
31,155,10.12736703495536,0.0,0.0,1.0,1.0,1.0,1.0,0.0
32,155,0.3776640762305196,2.792149760025683,0.0,1.0,0.0,0.0,0.0,1.0
33,155,0.0,2.679519514204972,1.0,1.0,0.0,1.0,0.0,0.0
34,155,7.858666893000964,2.138769494377578,1.0,0.0,0.0,1.0,1.0,0.0
35,155,4.282452816526421,7.368913419087659,1.0,0.0,0.0,0.0,1.0,0.0
36,155,5.012733642696306,9.621672657594004,1.0,1.0,1.0,0.0,1.0,1.0
37,155,9.115236727701044,1.799306645433767,1.0,1.0,1.0,0.0,1.0,1.0
38,155,3.6590998110486215,4.800358846433693,0.0,1.0,0.0,0.0,1.0,0.0
39,155,11.526102081503906,7.568617391615032,0.0,1.0,1.0,0.0,0.0,0.0
0,160,5.797751878907676,8.015126660618174,0.0,0.0,0.0,1.0,0.0,0.0
1,160,7.647031146398235,7.197904892772082,0.0,0.0,1.0,0.0,1.0,0.0
2,160,9.54657249638962,8.238185670441974,1.0,0.0,0.0,0.0,1.0,0.0
3,160,7.810203466058686,2.25826579026704,0.0,0.0,1.0,0.0,1.0,1.0
4,160,7.386212760566235,7.89662884612172,0.0,0.0,0.0,0.0,0.0,0.0
5,160,0.0,9.05461909223012,1.0,0.0,1.0,1.0,0.0,0.0
6,160,5.40540526751804,7.2688540444069,0.0,1.0,0.0,1.0,0.0,0.0
7,160,5.31433666728507,4.033634256108844,0.0,1.0,1.0,1.0,0.0,1.0
8,160,6.128727555508989,8.472903334946416,0.0,0.0,0.0,0.0,0.0,0.0
9,160,7.501974478748855,3.691878886029505,1.0,1.0,1.0,0.0,0.0,0.0
10,160,9.32591782447946,3.4582931927724365,0.0,0.0,0.0,1.0,0.0,0.0
11,160,8.77396762702327,7.319718566779051,1.0,1.0,1.0,0.0,1.0,0.0
12,160,4.278515731854263,9.544681358656872,1.0,0.0,0.0,1.0,0.0,1.0
13,160,0.0,6.4499656380279085,0.0,0.0,1.0,0.0,1.0,0.0
14,160,2.3426395273678047,10.607220997205491,1.0,0.0,0.0,1.0,0.0,1.0
15,160,10.635923992436831,7.136672872681974,0.0,1.0,0.0,0.0,1.0,1.0
16,160,7.075820738785228,7.163438059510656,0.0,1.0,1.0,0.0,0.0,0.0
17,160,5.479013161168329,3.0856422629630544,0.0,0.0,1.0,0.0,0.0,0.0
18,160,5.673070849211426,0.0,0.0,1.0,1.0,0.0,0.0,0.0
19,160,5.771381500177026,4.046413503264894,1.0,0.0,0.0,1.0,0.0,1.0
20,160,5.067462897025913,0.0,0.0,0.0,1.0,1.0,0.0,0.0
21,160,12.0,9.199911944139291,0.0,1.0,0.0,0.0,1.0,1.0
22,160,3.381295084039343,12.0,1.0,0.0,0.0,1.0,1.0,0.0
23,160,5.201106757476111,4.911535788191981,0.0,0.0,1.0,0.0,0.0,0.0
24,160,7.612912988548836,2.435140207468458,1.0,1.0,0.0,0.0,0.0,1.0
25,160,2.6016465166888683,10.859443829922544,0.0,0.0,0.0,0.0,1.0,1.0
26,160,9.714786738807511,12.0,0.0,1.0,0.0,0.0,0.0,1.0
27,160,10.52784989872982,3.4019005346753164,1.0,0.0,0.0,1.0,1.0,1.0
28,160,0.0,8.762301132233832,0.0,0.0,0.0,0.0,1.0,1.0
29,160,0.7684136578988673,0.2900116690073201,0.0,1.0,0.0,1.0,0.0,1.0
30,160,7.679796138358969,2.996591385837751,1.0,0.0,0.0,0.0,1.0,1.0
31,160,9.970791410156467,0.0,0.0,1.0,1.0,1.0,1.0,0.0
32,160,0.3138211802520175,2.8388787517147964,0.0,1.0,0.0,0.0,0.0,1.0
33,160,0.0,2.75243126746805,1.0,1.0,0.0,1.0,0.0,0.0
34,160,7.836457760870584,2.1606459814808896,1.0,0.0,0.0,1.0,1.0,0.0
35,160,4.403248703437494,7.268231175114213,1.0,0.0,0.0,0.0,1.0,0.0
36,160,4.994838585167677,9.544457939008565,1.0,1.0,1.0,0.0,1.0,1.0
37,160,9.041968705820487,1.7825168349209997,1.0,1.0,1.0,0.0,1.0,1.0
38,160,3.669054986662,4.73534487815023,0.0,1.0,0.0,0.0,1.0,0.0
39,160,11.599626469994057,7.638001672633829,0.0,1.0,1.0,0.0,0.0,0.0
0,165,5.908323631882044,8.06591350120496,0.0,0.0,0.0,1.0,0.0,0.0
1,165,7.609729287415414,7.315364085665613,0.0,0.0,1.0,0.0,1.0,0.0
2,165,9.551408363479824,8.28615597934351,1.0,0.0,0.0,0.0,1.0,0.0
3,165,7.845230654300494,2.3015930319138915,0.0,0.0,1.0,0.0,1.0,1.0
4,165,7.2087380012495155,7.792106821010269,0.0,0.0,0.0,0.0,0.0,0.0
5,165,0.0,9.124196099883097,1.0,0.0,1.0,1.0,0.0,0.0
6,165,5.384628986702522,7.283750331623769,0.0,1.0,0.0,1.0,0.0,0.0
7,165,5.087053340678806,4.0530681049108415,0.0,1.0,1.0,1.0,0.0,1.0
8,165,6.191215786521681,8.390270099863079,0.0,0.0,0.0,0.0,0.0,0.0
9,165,7.5651769167353,3.715439725451002,1.0,1.0,1.0,0.0,0.0,0.0
10,165,9.46878214071804,3.4726183588253416,0.0,0.0,0.0,1.0,0.0,0.0
11,165,8.856419214452236,7.286287291724911,1.0,1.0,1.0,0.0,1.0,0.0
12,165,4.280900528713194,9.509949723824002,1.0,0.0,0.0,1.0,0.0,1.0
13,165,0.0,6.468005287230196,0.0,0.0,1.0,0.0,1.0,0.0
14,165,2.2770123684427266,10.543617145652696,1.0,0.0,0.0,1.0,0.0,1.0
15,165,10.780434879336688,7.080793188750952,0.0,1.0,0.0,0.0,1.0,1.0
16,165,7.065053538074694,7.121130231640208,0.0,1.0,1.0,0.0,0.0,0.0
17,165,5.447320617337294,3.076642683955485,0.0,0.0,1.0,0.0,0.0,0.0
18,165,5.731380200215504,0.0,0.0,1.0,1.0,0.0,0.0,0.0
19,165,5.752914982853787,4.054873004599031,1.0,0.0,0.0,1.0,0.0,1.0
20,165,5.174006998409784,0.0,0.0,0.0,1.0,1.0,0.0,0.0
21,165,12.0,9.164290137795817,0.0,1.0,0.0,0.0,1.0,1.0
22,165,3.336111989232088,12.0,1.0,0.0,0.0,1.0,1.0,0.0
23,165,5.120990365556668,4.940413381199439,0.0,0.0,1.0,0.0,0.0,0.0
24,165,7.5136916244367935,2.395491572780504,1.0,1.0,0.0,0.0,0.0,1.0
25,165,2.6298576962131017,10.81922483338952,0.0,0.0,0.0,0.0,1.0,1.0
26,165,9.79892421904678,12.0,0.0,1.0,0.0,0.0,0.0,1.0
27,165,10.492887705202069,3.2279186789294823,1.0,0.0,0.0,1.0,1.0,1.0
28,165,0.0030379967136732,8.764056712775622,0.0,0.0,0.0,0.0,1.0,1.0
29,165,0.7804649050283268,0.282716209982718,0.0,1.0,0.0,1.0,0.0,1.0
30,165,7.789791847861701,2.9835870149838843,1.0,0.0,0.0,0.0,1.0,1.0
31,165,9.829991581015848,0.0,0.0,1.0,1.0,1.0,1.0,0.0
32,165,0.2504628981202962,2.886000648378752,0.0,1.0,0.0,0.0,0.0,1.0
33,165,0.0,2.810185985652553,1.0,1.0,0.0,1.0,0.0,0.0
34,165,7.806116186225299,2.190058301473127,1.0,0.0,0.0,1.0,1.0,0.0
35,165,4.524386569546565,7.1695156233571335,1.0,0.0,0.0,0.0,1.0,0.0
36,165,4.971312034339087,9.452128165435974,1.0,1.0,1.0,0.0,1.0,1.0
37,165,8.948456951384227,1.7600772021869664,1.0,1.0,1.0,0.0,1.0,1.0
38,165,3.67664647764992,4.683442412910645,0.0,1.0,0.0,0.0,1.0,0.0
39,165,11.674882496804928,7.704616025820191,0.0,1.0,1.0,0.0,0.0,0.0
0,170,6.022387835550446,8.116090636275024,0.0,0.0,0.0,1.0,0.0,0.0
1,170,7.57268022221938,7.424532202553911,0.0,0.0,1.0,0.0,1.0,0.0
2,170,9.55425397066443,8.313562844507514,1.0,0.0,0.0,0.0,1.0,0.0
3,170,7.874747534930134,2.3402576466036358,0.0,0.0,1.0,0.0,1.0,1.0
4,170,7.018494951362535,7.680561157259355,0.0,0.0,0.0,0.0,0.0,0.0
5,170,0.0,9.19085288448557,1.0,0.0,1.0,1.0,0.0,0.0
6,170,5.358811727344019,7.304103930456363,0.0,1.0,0.0,1.0,0.0,0.0
7,170,4.849613555219976,4.064459257276305,0.0,1.0,1.0,1.0,0.0,1.0
8,170,6.248217727368685,8.31681654194425,0.0,0.0,0.0,0.0,0.0,0.0
9,170,7.596477190534135,3.726645907669809,1.0,1.0,1.0,0.0,0.0,0.0
10,170,9.455313310037209,3.611971839490373,0.0,0.0,0.0,1.0,0.0,0.0
11,170,8.93695625389129,7.252413105404122,1.0,1.0,1.0,0.0,1.0,0.0
12,170,4.281633508425456,9.498642705048562,1.0,0.0,0.0,1.0,0.0,1.0
13,170,0.0,6.482654146644079,0.0,0.0,1.0,0.0,1.0,0.0
14,170,2.229693522830737,10.495705340964829,1.0,0.0,0.0,1.0,0.0,1.0
15,170,10.93585481348476,7.024154141103933,0.0,1.0,0.0,0.0,1.0,1.0
16,170,7.06094135428737,7.10187428691602,0.0,1.0,1.0,0.0,0.0,0.0
17,170,5.427002972007449,3.0712274495243896,0.0,0.0,1.0,0.0,0.0,0.0
18,170,5.780151871626223,0.0,0.0,1.0,1.0,0.0,0.0,0.0
19,170,5.753335293412192,4.054682507333268,1.0,0.0,0.0,1.0,0.0,1.0
20,170,5.279850720957575,0.0,0.0,0.0,1.0,1.0,0.0,0.0
21,170,12.0,9.13350810959856,0.0,1.0,0.0,0.0,1.0,1.0
22,170,3.297512372737443,12.0,1.0,0.0,0.0,1.0,1.0,0.0
23,170,5.0331734251368845,4.9707414701600205,0.0,0.0,1.0,0.0,0.0,0.0
24,170,7.40077502225147,2.3500862623987926,1.0,1.0,0.0,0.0,0.0,1.0
25,170,2.6546316168442328,10.783864081791965,0.0,0.0,0.0,0.0,1.0,1.0
26,170,9.87839408347561,12.0,0.0,1.0,0.0,0.0,0.0,1.0
27,170,10.45558784396348,3.060855939130687,1.0,0.0,0.0,1.0,1.0,1.0
28,170,0.0031882943631586,8.764146110614607,0.0,0.0,0.0,0.0,1.0,1.0
29,170,0.8022085655576224,0.2690284318860689,0.0,1.0,0.0,1.0,0.0,1.0
30,170,7.89694386856669,2.969118228576124,1.0,0.0,0.0,0.0,1.0,1.0
31,170,9.69836873372422,0.0,0.0,1.0,1.0,1.0,1.0,0.0
32,170,0.1918769310752853,2.930828293361603,0.0,1.0,0.0,0.0,0.0,1.0
33,170,0.0,2.8735251129481143,1.0,1.0,0.0,1.0,0.0,0.0
34,170,7.776028347147373,2.2181056574792564,1.0,0.0,0.0,1.0,1.0,0.0
35,170,4.655454026970779,7.070834087870383,1.0,0.0,0.0,0.0,1.0,0.0
36,170,4.94746382097762,9.352813748926582,1.0,1.0,1.0,0.0,1.0,1.0
37,170,8.83938837470572,1.7332373738154805,1.0,1.0,1.0,0.0,1.0,1.0
38,170,3.6811514007264816,4.650757071265254,0.0,1.0,0.0,0.0,1.0,0.0
39,170,11.746002857563386,7.769036215183717,0.0,1.0,1.0,0.0,0.0,0.0
0,175,6.159335938673153,8.18060188626422,0.0,0.0,0.0,1.0,0.0,0.0
1,175,7.538433171240178,7.528811700759351,0.0,0.0,1.0,0.0,1.0,0.0
2,175,9.5564576038561,8.332335407814238,1.0,0.0,0.0,0.0,1.0,0.0
3,175,7.902399001635826,2.3777129854789774,0.0,0.0,1.0,0.0,1.0,1.0
4,175,6.83855207107986,7.572356304049399,0.0,0.0,0.0,0.0,0.0,0.0
5,175,0.0,9.252485533684435,1.0,0.0,1.0,1.0,0.0,0.0
6,175,5.325072933833322,7.329994418332773,0.0,1.0,0.0,1.0,0.0,0.0
7,175,4.612784750409706,4.069941743553453,0.0,1.0,1.0,1.0,0.0,1.0
8,175,6.292366428695479,8.260846276954988,0.0,0.0,0.0,0.0,0.0,0.0
9,175,7.618800718069512,3.7347454522672567,1.0,1.0,1.0,0.0,0.0,0.0
10,175,9.43983430279975,3.757999883535827,0.0,0.0,0.0,1.0,0.0,0.0
11,175,9.00088208888689,7.225901235678009,1.0,1.0,1.0,0.0,1.0,0.0
12,175,4.2814168798615615,9.50216112195946,1.0,0.0,0.0,1.0,0.0,1.0
13,175,0.0,6.495170415371231,0.0,0.0,1.0,0.0,1.0,0.0
14,175,2.179949826485218,10.445497096463876,1.0,0.0,0.0,1.0,0.0,1.0
15,175,11.097686593644132,6.961836823884515,0.0,1.0,0.0,0.0,1.0,1.0
16,175,7.055909089615177,7.07864574139085,0.0,1.0,1.0,0.0,0.0,0.0
17,175,5.36728142818602,3.05553913135674,0.0,0.0,1.0,0.0,0.0,0.0
18,175,5.855357969506948,0.0,0.0,1.0,1.0,0.0,0.0,0.0
19,175,5.763275455058657,4.050124632463558,1.0,0.0,0.0,1.0,0.0,1.0
20,175,5.381870511677531,0.0,0.0,0.0,1.0,1.0,0.0,0.0
21,175,12.0,9.097939210496996,0.0,1.0,0.0,0.0,1.0,1.0
22,175,3.248049780573893,12.0,1.0,0.0,0.0,1.0,1.0,0.0
23,175,4.976788982799161,4.9910089168519205,0.0,0.0,1.0,0.0,0.0,0.0
24,175,7.284417940882274,2.3007340084985186,1.0,1.0,0.0,0.0,0.0,1.0
25,175,2.677158134409253,10.751423471324935,0.0,0.0,0.0,0.0,1.0,1.0
26,175,9.951957623932271,12.0,0.0,1.0,0.0,0.0,0.0,1.0
27,175,10.426190764134391,2.9211475032546708,1.0,0.0,0.0,1.0,1.0,1.0
28,175,0.0283187825853545,8.779208264064923,0.0,0.0,0.0,0.0,1.0,1.0
29,175,0.8323780583542263,0.2493075198682827,0.0,1.0,0.0,1.0,0.0,1.0
30,175,7.995267304342517,2.955460779082036,1.0,0.0,0.0,0.0,1.0,1.0
31,175,9.591146023297432,0.0,0.0,1.0,1.0,1.0,1.0,0.0
32,175,0.127995256155543,2.979040284843612,0.0,1.0,0.0,0.0,0.0,1.0
33,175,0.0,2.943793420758098,1.0,1.0,0.0,1.0,0.0,0.0
34,175,7.747556022772878,2.245518824701477,1.0,0.0,0.0,1.0,1.0,0.0
35,175,4.778554380279718,6.980550274300668,1.0,0.0,0.0,0.0,1.0,0.0
36,175,4.915305314603718,9.217593506871356,1.0,1.0,1.0,0.0,1.0,1.0
37,175,8.738825428308193,1.7106085101418194,1.0,1.0,1.0,0.0,1.0,1.0
38,175,3.683351548692692,4.630460217076565,0.0,1.0,0.0,0.0,1.0,0.0
39,175,11.824854585214082,7.841356410114259,0.0,1.0,1.0,0.0,0.0,0.0
0,180,6.306725997734604,8.245964776908332,0.0,0.0,0.0,1.0,0.0,0.0
1,180,7.499150271139114,7.653525303229127,0.0,0.0,1.0,0.0,1.0,0.0
2,180,9.55932699517729,8.357040576223975,1.0,0.0,0.0,0.0,1.0,0.0
3,180,7.933299629382222,2.418988797272821,0.0,0.0,1.0,0.0,1.0,1.0
4,180,6.634028007048438,7.455459967303322,0.0,0.0,0.0,0.0,0.0,0.0
5,180,0.0,9.32411417909296,1.0,0.0,1.0,1.0,0.0,0.0
6,180,5.291334660047438,7.355989909567446,0.0,1.0,0.0,1.0,0.0,0.0
7,180,4.384261330755994,4.072620221242802,0.0,1.0,1.0,1.0,0.0,1.0
8,180,6.336107849080198,8.204749920854134,0.0,0.0,0.0,0.0,0.0,0.0
9,180,7.648646330445673,3.745398938440847,1.0,1.0,1.0,0.0,0.0,0.0
10,180,9.428974747014063,3.888499008020765,0.0,0.0,0.0,1.0,0.0,0.0
11,180,9.057626609451033,7.20255617474876,1.0,1.0,1.0,0.0,1.0,0.0
12,180,4.281685236527404,9.499215185130932,1.0,0.0,0.0,1.0,0.0,1.0
13,180,0.0,6.50716733910156,0.0,0.0,1.0,0.0,1.0,0.0
14,180,2.1461950284397653,10.410071593227496,1.0,0.0,0.0,1.0,0.0,1.0
15,180,11.2678930969244,6.895447272920179,0.0,1.0,0.0,0.0,1.0,1.0
16,180,7.0868905806883165,7.072424455696465,0.0,1.0,1.0,0.0,0.0,0.0
17,180,5.331344783107942,3.045721204308777,0.0,0.0,1.0,0.0,0.0,0.0
18,180,5.940578351209374,0.0,0.0,1.0,1.0,0.0,0.0,0.0
19,180,5.772491940119808,4.046011940205885,1.0,0.0,0.0,1.0,0.0,1.0
20,180,5.480559266939057,0.0,0.0,0.0,1.0,1.0,0.0,0.0
21,180,12.0,9.069411663489088,0.0,1.0,0.0,0.0,1.0,1.0
22,180,3.199956896846309,12.0,1.0,0.0,0.0,1.0,1.0,0.0
23,180,4.914931140874048,5.013569439570428,0.0,0.0,1.0,0.0,0.0,0.0
24,180,7.173085970997796,2.2550302876310964,1.0,1.0,0.0,0.0,0.0,1.0
25,180,2.6904850736260757,10.73300394665705,0.0,0.0,0.0,0.0,1.0,1.0
26,180,10.02287785238124,12.0,0.0,1.0,0.0,0.0,0.0,1.0
27,180,10.394626738530237,2.795695379693707,1.0,0.0,0.0,1.0,1.0,1.0
28,180,0.035562044942696,8.783564864877443,0.0,0.0,0.0,0.0,1.0,1.0
29,180,0.8716600383306137,0.2248992304986777,0.0,1.0,0.0,1.0,0.0,1.0
30,180,8.087244489702165,2.938890001605691,1.0,0.0,0.0,0.0,1.0,1.0
31,180,9.466580877422272,0.0,0.0,1.0,1.0,1.0,1.0,0.0
32,180,0.0641734425485218,3.025512454632749,0.0,1.0,0.0,0.0,0.0,1.0
33,180,0.0,3.0218381196362327,1.0,1.0,0.0,1.0,0.0,0.0
34,180,7.729728840179192,2.2628818359696354,1.0,0.0,0.0,1.0,1.0,0.0
35,180,4.90615688783271,6.882634902637463,1.0,0.0,0.0,0.0,1.0,0.0
36,180,4.887692420846191,9.102293711972996,1.0,1.0,1.0,0.0,1.0,1.0
37,180,8.62264121816669,1.6791644004384665,1.0,1.0,1.0,0.0,1.0,1.0
38,180,3.684990719393701,4.616161203529567,0.0,1.0,0.0,0.0,1.0,0.0
39,180,11.892941799001246,7.903621756631979,0.0,1.0,1.0,0.0,0.0,0.0
0,185,6.4519894430961,8.312476854589748,0.0,0.0,0.0,1.0,0.0,0.0
1,185,7.457011998084239,7.782625694861321,0.0,0.0,1.0,0.0,1.0,0.0
2,185,9.561255514722436,8.373254673518677,1.0,0.0,0.0,0.0,1.0,0.0
3,185,7.955697543262443,2.4494959433073453,0.0,0.0,1.0,0.0,1.0,1.0
4,185,6.440464713052157,7.342124246700839,0.0,0.0,0.0,0.0,0.0,0.0
5,185,0.0,9.40153484174892,1.0,0.0,1.0,1.0,0.0,0.0
6,185,5.24968238857353,7.389403967660258,0.0,1.0,0.0,1.0,0.0,0.0
7,185,4.162260369134403,4.074882528413899,0.0,1.0,1.0,1.0,0.0,1.0
8,185,6.376354188796921,8.152933521737388,0.0,0.0,0.0,0.0,0.0,0.0
9,185,7.687904331489541,3.760108953087287,1.0,1.0,1.0,0.0,0.0,0.0
10,185,9.41512771821985,4.019486940424255,0.0,0.0,0.0,1.0,0.0,0.0
11,185,9.136684885482092,7.1729642786903165,1.0,1.0,1.0,0.0,1.0,0.0
12,185,4.282992465184909,9.484079420825996,1.0,0.0,0.0,1.0,0.0,1.0
13,185,0.0,6.519094787716564,0.0,0.0,1.0,0.0,1.0,0.0
14,185,2.1063719035312856,10.36754826110879,1.0,0.0,0.0,1.0,0.0,1.0
15,185,11.422176114181122,6.83543973171972,0.0,1.0,0.0,0.0,1.0,1.0
16,185,7.1263420407653095,7.064683020321261,0.0,1.0,1.0,0.0,0.0,0.0
17,185,5.306221996749919,3.0386983266932392,0.0,0.0,1.0,0.0,0.0,0.0
18,185,6.032376447837142,0.0,0.0,1.0,1.0,0.0,0.0,0.0
19,185,5.779957011967849,4.042796859174657,1.0,0.0,0.0,1.0,0.0,1.0
20,185,5.588277696465127,0.0,0.0,0.0,1.0,1.0,0.0,0.0
21,185,12.0,9.047199102837844,0.0,1.0,0.0,0.0,1.0,1.0
22,185,3.1531756912977102,12.0,1.0,0.0,0.0,1.0,1.0,0.0
23,185,4.846367929085136,5.038487174569175,0.0,0.0,1.0,0.0,0.0,0.0
24,185,7.052345832095943,2.2033201028630174,1.0,1.0,0.0,0.0,0.0,1.0
25,185,2.725695481942397,10.68304037436566,0.0,0.0,0.0,0.0,1.0,1.0
26,185,10.08331028911359,12.0,0.0,1.0,0.0,0.0,0.0,1.0
27,185,10.356296028352103,2.6510461154552964,1.0,0.0,0.0,1.0,1.0,1.0
28,185,0.0522048934767217,8.794277309325233,0.0,0.0,0.0,0.0,1.0,1.0
29,185,0.9337373963972104,0.1863302548371195,0.0,1.0,0.0,1.0,0.0,1.0
30,185,8.188122427933466,2.922030527197718,1.0,0.0,0.0,0.0,1.0,1.0
31,185,9.349661437428235,0.0,0.0,1.0,1.0,1.0,1.0,0.0
32,185,0.0,3.080640601943037,0.0,1.0,0.0,0.0,0.0,1.0
33,185,0.0,3.104961679890194,1.0,1.0,0.0,1.0,0.0,0.0
34,185,7.717846113221962,2.274659572864136,1.0,0.0,0.0,1.0,1.0,0.0
35,185,5.064793782128602,6.764002097103719,1.0,0.0,0.0,0.0,1.0,0.0
36,185,4.862495904970997,9.004017845810171,1.0,1.0,1.0,0.0,1.0,1.0
37,185,8.538303638613742,1.654542562449095,1.0,1.0,1.0,0.0,1.0,1.0
38,185,3.6867669282815063,4.601914054012573,0.0,1.0,0.0,0.0,1.0,0.0
39,185,11.94750096255552,7.954953478319894,0.0,1.0,1.0,0.0,0.0,0.0
0,190,6.624217848038038,8.392580902699956,0.0,0.0,0.0,1.0,0.0,0.0
1,190,7.41859756976571,7.903968857367727,0.0,0.0,1.0,0.0,1.0,0.0
2,190,9.562834561408502,8.385423311542297,1.0,0.0,0.0,0.0,1.0,0.0
3,190,7.9902805412411295,2.4939500670983468,0.0,0.0,1.0,0.0,1.0,1.0
4,190,6.2452428305110015,7.223815924686749,0.0,0.0,0.0,0.0,0.0,0.0
5,190,0.0,9.474475002393586,1.0,0.0,1.0,1.0,0.0,0.0
6,190,5.210894056776312,7.420634492796431,0.0,1.0,0.0,1.0,0.0,0.0
7,190,3.930674306047469,4.073281779292801,0.0,1.0,1.0,1.0,0.0,1.0
8,190,6.423068961198841,8.094391713002665,0.0,0.0,0.0,0.0,0.0,0.0
9,190,7.745942590051736,3.7797754088028936,1.0,1.0,1.0,0.0,0.0,0.0
10,190,9.399142063155605,4.155136183855741,0.0,0.0,0.0,1.0,0.0,0.0
11,190,9.232447799722609,7.137641179162051,1.0,1.0,1.0,0.0,1.0,0.0
12,190,4.285739290031068,9.454658338533324,1.0,0.0,0.0,1.0,0.0,1.0
13,190,0.0,6.525787704878784,0.0,0.0,1.0,0.0,1.0,0.0
14,190,2.056618135378589,10.31565139223561,1.0,0.0,0.0,1.0,0.0,1.0
15,190,11.588473518577258,6.770088899893831,0.0,1.0,0.0,0.0,1.0,1.0
16,190,7.16500624192422,7.05716219360238,0.0,1.0,1.0,0.0,0.0,0.0
17,190,5.289412340991857,3.033829608417224,0.0,0.0,1.0,0.0,0.0,0.0
18,190,6.148138675276377,0.0,0.0,1.0,1.0,0.0,0.0,0.0
19,190,5.810344292771286,4.029568737404056,1.0,0.0,0.0,1.0,0.0,1.0
20,190,5.706915661220712,0.0,0.0,0.0,1.0,1.0,0.0,0.0
21,190,12.0,9.022282339863647,0.0,1.0,0.0,0.0,1.0,1.0
22,190,3.096855872084983,12.0,1.0,0.0,0.0,1.0,1.0,0.0
23,190,4.787102148350647,5.062348886232191,0.0,0.0,1.0,0.0,0.0,0.0
24,190,6.941461850334851,2.15771149547782,1.0,1.0,0.0,0.0,0.0,1.0
25,190,2.757589377732593,10.638132073105574,0.0,0.0,0.0,0.0,1.0,1.0
26,190,10.152312387418428,12.0,0.0,1.0,0.0,0.0,0.0,1.0
27,190,10.318863209930608,2.503284554739983,1.0,0.0,0.0,1.0,1.0,1.0
28,190,0.0727374028608459,8.807227222601535,0.0,0.0,0.0,0.0,1.0,1.0
29,190,0.99522120064749,0.1488513460277248,0.0,1.0,0.0,1.0,0.0,1.0
30,190,8.284778987408714,2.9076573765951244,1.0,0.0,0.0,0.0,1.0,1.0
31,190,9.218071965649278,0.0,0.0,1.0,1.0,1.0,1.0,0.0
32,190,0.0,3.1374257685699534,0.0,1.0,0.0,0.0,0.0,1.0
33,190,0.1049828710465308,3.215455210953237,1.0,1.0,0.0,1.0,0.0,0.0
34,190,7.696697376756836,2.294968547185691,1.0,0.0,0.0,1.0,1.0,0.0
35,190,5.213304315599292,6.656340572586201,1.0,0.0,0.0,0.0,1.0,0.0
36,190,4.844243010739949,8.926292647578013,1.0,1.0,1.0,0.0,1.0,1.0
37,190,8.449365084148205,1.6285037148720969,1.0,1.0,1.0,0.0,1.0,1.0
38,190,3.685594629204071,4.611951152123724,0.0,1.0,0.0,0.0,1.0,0.0
39,190,12.0,8.04177364569772,0.0,1.0,1.0,0.0,0.0,0.0
0,195,6.777615104703145,8.46927094483563,0.0,0.0,0.0,1.0,0.0,0.0
1,195,7.385971314375952,8.007704180627435,0.0,0.0,1.0,0.0,1.0,0.0
2,195,9.564221015404607,8.399141461004977,1.0,0.0,0.0,0.0,1.0,0.0
3,195,8.035317261709173,2.548809899548322,0.0,0.0,1.0,0.0,1.0,1.0
4,195,6.050304982008041,7.109422406151072,0.0,0.0,0.0,0.0,0.0,0.0
5,195,0.0,9.55129788974854,1.0,0.0,1.0,1.0,0.0,0.0
6,195,5.1695277257138965,7.454126388489834,0.0,1.0,0.0,1.0,0.0,0.0
7,195,3.6832357102154742,4.068649941836779,0.0,1.0,1.0,1.0,0.0,1.0
8,195,6.470704886018227,8.034300070066395,0.0,0.0,0.0,0.0,0.0,0.0
9,195,7.765155751353965,3.721202759009981,1.0,1.0,1.0,0.0,0.0,0.0
10,195,9.387699049547184,4.281914279718107,0.0,0.0,0.0,1.0,0.0,0.0
11,195,9.337018191758412,7.09818385303606,1.0,1.0,1.0,0.0,1.0,0.0
12,195,4.287730241898058,9.423999057605863,1.0,0.0,0.0,1.0,0.0,1.0
13,195,0.0,6.531070404973603,0.0,0.0,1.0,0.0,1.0,0.0
14,195,2.0170616630646685,10.273269902295969,1.0,0.0,0.0,1.0,0.0,1.0
15,195,11.735860093894749,6.710507407471115,0.0,1.0,0.0,0.0,1.0,1.0
16,195,7.190317014397821,7.053557766233182,0.0,1.0,1.0,0.0,0.0,0.0
17,195,5.27491964243289,3.029601447810108,0.0,0.0,1.0,0.0,0.0,0.0
18,195,6.260076089042968,0.0,0.0,1.0,1.0,0.0,0.0,0.0
19,195,5.85436945506508,4.012001319842066,1.0,0.0,0.0,1.0,0.0,1.0
20,195,5.813689914942669,0.0,0.0,0.0,1.0,1.0,0.0,0.0
21,195,12.0,8.991644455413304,0.0,1.0,0.0,0.0,1.0,1.0
22,195,3.037942436052927,12.0,1.0,0.0,0.0,1.0,1.0,0.0
23,195,4.737710044212397,5.083812105150124,0.0,0.0,1.0,0.0,0.0,0.0
24,195,6.8313073092909775,2.1147835679821445,1.0,1.0,0.0,0.0,0.0,1.0
25,195,2.789409202611594,10.594087208549512,0.0,0.0,0.0,0.0,1.0,1.0
26,195,10.220114475631004,12.0,0.0,1.0,0.0,0.0,0.0,1.0
27,195,10.284436749030954,2.3627065698310727,1.0,0.0,0.0,1.0,1.0,1.0
28,195,0.1070026278846909,8.828528814952216,0.0,0.0,0.0,0.0,1.0,1.0
29,195,1.055850351930082,0.1110964180704757,0.0,1.0,0.0,1.0,0.0,1.0
30,195,8.384818308046771,2.8914648650614385,1.0,0.0,0.0,0.0,1.0,1.0
31,195,9.083910495792631,0.0,0.0,1.0,1.0,1.0,1.0,0.0
32,195,0.0,3.202497189585417,0.0,1.0,0.0,0.0,0.0,1.0
33,195,0.2140652810976802,3.32981683000231,1.0,1.0,0.0,1.0,0.0,0.0
34,195,7.6529942440137795,2.337249161694477,1.0,0.0,0.0,1.0,1.0,0.0
35,195,5.359502673844792,6.55054415641422,1.0,0.0,0.0,0.0,1.0,0.0
36,195,4.826091061929201,8.845707655667145,1.0,1.0,1.0,0.0,1.0,1.0
37,195,8.35388773414891,1.597954946416389,1.0,1.0,1.0,0.0,1.0,1.0
38,195,3.683566560201318,4.630783689017623,0.0,1.0,0.0,0.0,1.0,0.0
39,195,12.0,8.126166875344646,0.0,1.0,1.0,0.0,0.0,0.0
0,200,6.918655444706707,8.538145137865532,0.0,0.0,0.0,1.0,0.0,0.0
1,200,7.354196838899837,8.109650953471567,0.0,0.0,1.0,0.0,1.0,0.0
2,200,9.565070987753536,8.406762491726003,1.0,0.0,0.0,0.0,1.0,0.0
3,200,8.071258987195886,2.5924774398430697,0.0,0.0,1.0,0.0,1.0,1.0
4,200,5.864961476315846,7.002036143607864,0.0,0.0,0.0,0.0,0.0,0.0
5,200,0.0,9.614649611077674,1.0,0.0,1.0,1.0,0.0,0.0
6,200,5.133724389392571,7.483591533009256,0.0,1.0,0.0,1.0,0.0,0.0
7,200,3.434061578708896,4.062462394964513,0.0,1.0,1.0,1.0,0.0,1.0
8,200,6.534182805487084,7.95457693279697,0.0,0.0,0.0,0.0,0.0,0.0
9,200,7.78661654852638,3.653952875047385,1.0,1.0,1.0,0.0,0.0,0.0
10,200,9.377497213079234,4.417079981552536,0.0,0.0,0.0,1.0,0.0,0.0
11,200,9.4418141990019,7.059965184963219,1.0,1.0,1.0,0.0,1.0,0.0
12,200,4.290033198946452,9.385298316636709,1.0,0.0,0.0,1.0,0.0,1.0
13,200,0.0,6.538611699681388,0.0,0.0,1.0,0.0,1.0,0.0
14,200,1.9826458820762067,10.23757987859716,1.0,0.0,0.0,1.0,0.0,1.0
15,200,11.882711485164505,6.651511549475932,0.0,1.0,0.0,0.0,1.0,1.0
16,200,7.2249303361917585,7.049180842991952,0.0,1.0,1.0,0.0,0.0,0.0
17,200,5.280562255408677,3.0313841672126274,0.0,0.0,1.0,0.0,0.0,0.0
18,200,6.346230543427332,0.0,0.0,1.0,1.0,0.0,0.0,0.0
19,200,5.896127562268917,3.995105620940887,1.0,0.0,0.0,1.0,0.0,1.0
20,200,5.9114697019863485,0.0,0.0,0.0,1.0,1.0,0.0,0.0
21,200,12.0,8.960499591794184,0.0,1.0,0.0,0.0,1.0,1.0
22,200,2.979967713049234,12.0,1.0,0.0,0.0,1.0,1.0,0.0
23,200,4.692127642452802,5.105368180246658,0.0,0.0,1.0,0.0,0.0,0.0
24,200,6.735747531148765,2.076453914074089,1.0,1.0,0.0,0.0,0.0,1.0
25,200,2.811843899374752,10.564515527446812,0.0,0.0,0.0,0.0,1.0,1.0
26,200,10.29049404080634,12.0,0.0,1.0,0.0,0.0,0.0,1.0
27,200,10.251155475746106,2.224844953814612,1.0,0.0,0.0,1.0,1.0,1.0
28,200,0.1497822986062026,8.854811590291131,0.0,0.0,0.0,0.0,1.0,1.0
29,200,1.1169185625257665,0.0744372225668553,0.0,1.0,0.0,1.0,0.0,1.0
30,200,8.501855892872625,2.872910043692995,1.0,0.0,0.0,0.0,1.0,1.0
31,200,8.945424912795373,0.0,0.0,1.0,1.0,1.0,1.0,0.0
32,200,0.0,3.266418361587885,0.0,1.0,0.0,0.0,0.0,1.0
33,200,0.3184511664586475,3.431498253626308,1.0,1.0,0.0,1.0,0.0,0.0
34,200,7.620625595194069,2.367816300682056,1.0,0.0,0.0,1.0,1.0,0.0
35,200,5.502181389198248,6.448556100034312,1.0,0.0,0.0,0.0,1.0,0.0
36,200,4.808463978259264,8.768896319255255,1.0,1.0,1.0,0.0,1.0,1.0
37,200,8.252153914248044,1.5669606255938433,1.0,1.0,1.0,0.0,1.0,1.0
38,200,3.683276865794335,4.634556000414736,0.0,1.0,0.0,0.0,1.0,0.0
39,200,12.0,8.215263578576906,0.0,1.0,1.0,0.0,0.0,0.0
0,205,7.07015758408816,8.609241212545404,0.0,0.0,0.0,1.0,0.0,0.0
1,205,7.320013478903713,8.216188468564745,0.0,0.0,1.0,0.0,1.0,0.0
2,205,9.565777476211252,8.413602071209084,1.0,0.0,0.0,0.0,1.0,0.0
3,205,8.091155450331645,2.615491249581038,0.0,0.0,1.0,0.0,1.0,1.0
4,205,5.678737413984256,6.894357261143724,0.0,0.0,0.0,0.0,0.0,0.0
5,205,0.0,9.6832259952529,1.0,0.0,1.0,1.0,0.0,0.0
6,205,5.1109000529842925,7.502294079643083,0.0,1.0,0.0,1.0,0.0,0.0
7,205,3.19323513450439,4.053162535617931,0.0,1.0,1.0,1.0,0.0,1.0
8,205,6.597485804305541,7.874493719956852,0.0,0.0,0.0,0.0,0.0,0.0
9,205,7.8110946590990045,3.574141341008822,1.0,1.0,1.0,0.0,0.0,0.0
10,205,9.368088070984074,4.550840271883256,0.0,0.0,0.0,1.0,0.0,0.0
11,205,9.57695064013736,7.0152834456454185,1.0,1.0,1.0,0.0,1.0,0.0
12,205,4.291560887295666,9.357965809262636,1.0,0.0,0.0,1.0,0.0,1.0
13,205,0.0,6.545724745262925,0.0,0.0,1.0,0.0,1.0,0.0
14,205,1.9560864544537704,10.211302832970462,1.0,0.0,0.0,1.0,0.0,1.0
15,205,12.0,6.600538933891405,0.0,1.0,0.0,0.0,1.0,1.0
16,205,7.2615573899442145,7.045298941753365,0.0,1.0,1.0,0.0,0.0,0.0
17,205,5.28191074803717,3.03183286161012,0.0,0.0,1.0,0.0,0.0,0.0
18,205,6.464901411983023,0.0,0.0,1.0,1.0,0.0,0.0,0.0
19,205,5.917434715469928,3.986534659747192,1.0,0.0,0.0,1.0,0.0,1.0
20,205,6.021325065847986,0.0,0.0,0.0,1.0,1.0,0.0,0.0
21,205,12.0,8.92947872506825,0.0,1.0,0.0,0.0,1.0,1.0
22,205,2.923785212337932,12.0,1.0,0.0,0.0,1.0,1.0,0.0
23,205,4.646207584469926,5.12672011602303,0.0,0.0,1.0,0.0,0.0,0.0
24,205,6.627806692835319,2.0339459775287567,1.0,1.0,0.0,0.0,0.0,1.0
25,205,2.8377123779384696,10.528738435287025,0.0,0.0,0.0,0.0,1.0,1.0
26,205,10.345112048360622,12.0,0.0,1.0,0.0,0.0,0.0,1.0
27,205,10.212600266005396,2.08023414507374,1.0,0.0,0.0,1.0,1.0,1.0
28,205,0.2013153284563844,8.88602568165775,0.0,0.0,0.0,0.0,1.0,1.0
29,205,1.1963560062068783,0.0252050401626467,0.0,1.0,0.0,1.0,0.0,1.0
30,205,8.605771965548056,2.8563194499723505,1.0,0.0,0.0,0.0,1.0,1.0
31,205,8.800932611193701,0.0,0.0,1.0,1.0,1.0,1.0,0.0
32,205,0.0,3.3454030718846437,0.0,1.0,0.0,0.0,0.0,1.0
33,205,0.4270108958013176,3.5411929858159112,1.0,1.0,0.0,1.0,0.0,0.0
34,205,7.592156872412366,2.394723689016072,1.0,0.0,0.0,1.0,1.0,0.0
35,205,5.656427185584247,6.343106254274029,1.0,0.0,0.0,0.0,1.0,0.0
36,205,4.791035091486907,8.6904490515183,1.0,1.0,1.0,0.0,1.0,1.0
37,205,8.13125984412187,1.5325347320015992,1.0,1.0,1.0,0.0,1.0,1.0
38,205,3.6801859974995166,4.66492097006749,0.0,1.0,0.0,0.0,1.0,0.0
39,205,12.0,8.303882647591687,0.0,1.0,1.0,0.0,0.0,0.0
0,210,7.224818971763116,8.681632738178688,0.0,0.0,0.0,1.0,0.0,0.0
1,210,7.286907716162432,8.314786082793153,0.0,0.0,1.0,0.0,1.0,0.0
2,210,9.56484564357964,8.405284352576391,1.0,0.0,0.0,0.0,1.0,0.0
3,210,8.128947683502231,2.65883336407714,0.0,0.0,1.0,0.0,1.0,1.0
4,210,5.526139277170817,6.806674138794288,0.0,0.0,0.0,0.0,0.0,0.0
5,210,0.0,9.75757081574178,1.0,0.0,1.0,1.0,0.0,0.0
6,210,5.094029565850393,7.517003209231685,0.0,1.0,0.0,1.0,0.0,0.0
7,210,2.965545987654124,4.039767615077158,0.0,1.0,1.0,1.0,0.0,1.0
8,210,6.659945339377737,7.797456452391576,0.0,0.0,0.0,0.0,0.0,0.0
9,210,7.840819396126361,3.477936015979764,1.0,1.0,1.0,0.0,0.0,0.0
10,210,9.353496816436712,4.678560613920632,0.0,0.0,0.0,1.0,0.0,0.0
11,210,9.724979949954598,6.969987889841851,1.0,1.0,1.0,0.0,1.0,0.0
12,210,4.292582011791727,9.341342278949709,1.0,0.0,0.0,1.0,0.0,1.0
13,210,0.0,6.550717528905251,0.0,0.0,1.0,0.0,1.0,0.0
14,210,1.915370748628796,10.169690979997176,1.0,0.0,0.0,1.0,0.0,1.0
15,210,12.0,6.551096243562138,0.0,1.0,0.0,0.0,1.0,1.0
16,210,7.308986194601565,7.0398996707773485,0.0,1.0,1.0,0.0,0.0,0.0
17,210,5.284590313273172,3.032769012752784,0.0,0.0,1.0,0.0,0.0,0.0
18,210,6.575593934555877,0.0,0.0,1.0,1.0,0.0,0.0,0.0
19,210,5.953035612338505,3.97140199530193,1.0,0.0,0.0,1.0,0.0,1.0
20,210,6.115297538512613,0.0,0.0,0.0,1.0,1.0,0.0,0.0
21,210,12.0,8.897172299542373,0.0,1.0,0.0,0.0,1.0,1.0
22,210,2.86574371007506,12.0,1.0,0.0,0.0,1.0,1.0,0.0
23,210,4.583158093629754,5.156156461229136,0.0,0.0,1.0,0.0,0.0,0.0
24,210,6.519306596081614,1.9901551598637697,1.0,1.0,0.0,0.0,0.0,1.0
25,210,2.8669495937806437,10.48729495546881,0.0,0.0,0.0,0.0,1.0,1.0
26,210,10.39753953173649,12.0,0.0,1.0,0.0,0.0,0.0,1.0
27,210,10.171256073259624,1.9248793016792831,1.0,0.0,0.0,1.0,1.0,1.0
28,210,0.24918451638178,8.91567752532583,0.0,0.0,0.0,0.0,1.0,1.0
29,210,1.3012828558618197,0.0,0.0,1.0,0.0,1.0,0.0,1.0
30,210,8.693352590504093,2.8430195616922656,1.0,0.0,0.0,0.0,1.0,1.0
31,210,8.665931525050668,0.0,0.0,1.0,1.0,1.0,1.0,0.0
32,210,0.0,3.4274154890004054,0.0,1.0,0.0,0.0,0.0,1.0
33,210,0.5395850257368818,3.6513687004820894,1.0,1.0,0.0,1.0,0.0,0.0
34,210,7.560261881487438,2.423831216553782,1.0,0.0,0.0,1.0,1.0,0.0
35,210,5.801040817728145,6.246295754955336,1.0,0.0,0.0,0.0,1.0,0.0
36,210,4.774975210352559,8.617942666573304,1.0,1.0,1.0,0.0,1.0,1.0
37,210,7.995716558044119,1.4953300571690409,1.0,1.0,1.0,0.0,1.0,1.0
38,210,3.675380373965061,4.704098412504941,0.0,1.0,0.0,0.0,1.0,0.0
39,210,12.0,8.38917594159652,0.0,1.0,1.0,0.0,0.0,0.0
0,215,7.376884799523254,8.754209827464795,0.0,0.0,0.0,1.0,0.0,0.0
1,215,7.25433977791175,8.414517709212756,0.0,0.0,1.0,0.0,1.0,0.0
2,215,9.564101911198236,8.397156419212493,1.0,0.0,0.0,0.0,1.0,0.0
3,215,8.171092769681735,2.7125272164368712,0.0,0.0,1.0,0.0,1.0,1.0
4,215,5.359956582251978,6.71113957898433,0.0,0.0,0.0,0.0,0.0,0.0
5,215,0.0,9.824357135178264,1.0,0.0,1.0,1.0,0.0,0.0
6,215,5.0956624628023945,7.515613729144314,0.0,1.0,0.0,1.0,0.0,0.0
7,215,2.732226691634776,4.026995400259868,0.0,1.0,1.0,1.0,0.0,1.0
8,215,6.714513659505922,7.728149372346932,0.0,0.0,0.0,0.0,0.0,0.0
9,215,7.867676669058363,3.3791513032480096,1.0,1.0,1.0,0.0,0.0,0.0
10,215,9.339140044606246,4.787417995375763,0.0,0.0,0.0,1.0,0.0,0.0
11,215,9.8898987746548,6.924027552839128,1.0,1.0,1.0,0.0,1.0,0.0
12,215,4.293202198000143,9.327827245372298,1.0,0.0,0.0,1.0,0.0,1.0
13,215,0.0,6.556607629205539,0.0,0.0,1.0,0.0,1.0,0.0
14,215,1.8681678742385164,10.121995673034895,1.0,0.0,0.0,1.0,0.0,1.0
15,215,12.0,6.506178979648634,0.0,1.0,0.0,0.0,1.0,1.0
16,215,7.355237650459017,7.034548916603154,0.0,1.0,1.0,0.0,0.0,0.0
17,215,5.2698496414737575,3.0280423187821497,0.0,0.0,1.0,0.0,0.0,0.0
18,215,6.681189882647362,0.0,0.0,1.0,1.0,0.0,0.0,0.0
19,215,5.98647882807942,3.956907607567988,1.0,0.0,0.0,1.0,0.0,1.0
20,215,6.188422322479372,0.0,0.0,0.0,1.0,1.0,0.0,0.0
21,215,12.0,8.861786808938875,0.0,1.0,0.0,0.0,1.0,1.0
22,215,2.8024753603423918,12.0,1.0,0.0,0.0,1.0,1.0,0.0
23,215,4.52106446585025,5.185661873291004,0.0,0.0,1.0,0.0,0.0,0.0
24,215,6.407333969304604,1.9509026078227976,1.0,1.0,0.0,0.0,0.0,1.0
25,215,2.888227307074985,10.456025818056546,0.0,0.0,0.0,0.0,1.0,1.0
26,215,10.448960162345712,12.0,0.0,1.0,0.0,0.0,0.0,1.0
27,215,10.13584025872791,1.7881143121255385,1.0,0.0,0.0,1.0,1.0,1.0
28,215,0.2889241468248128,8.939359779452708,0.0,0.0,0.0,0.0,1.0,1.0
29,215,1.4053260581898226,0.0,0.0,1.0,0.0,1.0,0.0,1.0
30,215,8.781510438192415,2.8307840648975917,1.0,0.0,0.0,0.0,1.0,1.0
31,215,8.531220605020831,0.0,0.0,1.0,1.0,1.0,1.0,0.0
32,215,0.0,3.501312494669771,0.0,1.0,0.0,0.0,0.0,1.0
33,215,0.6527721459754716,3.769382743003028,1.0,1.0,0.0,1.0,0.0,0.0
34,215,7.517928893120341,2.461911001967452,1.0,0.0,0.0,1.0,1.0,0.0
35,215,5.930015598905992,6.1567811594130575,1.0,0.0,0.0,0.0,1.0,0.0
36,215,4.7565281125533305,8.535832822749375,1.0,1.0,1.0,0.0,1.0,1.0
37,215,7.8576106151969425,1.4603543992782173,1.0,1.0,1.0,0.0,1.0,1.0
38,215,3.670980751152728,4.740344941863492,0.0,1.0,0.0,0.0,1.0,0.0
39,215,12.0,8.468550404449598,0.0,1.0,1.0,0.0,0.0,0.0
0,220,7.557429900318729,8.837198979960561,0.0,0.0,0.0,1.0,0.0,0.0
1,220,7.228912737082335,8.493144954186082,0.0,0.0,1.0,0.0,1.0,0.0
2,220,9.564106161875024,8.397196218474662,1.0,0.0,0.0,0.0,1.0,0.0
3,220,8.211527811613276,2.7617974917068167,0.0,0.0,1.0,0.0,1.0,1.0
4,220,5.201078114178795,6.624327569629312,0.0,0.0,0.0,0.0,0.0,0.0
5,220,0.0,9.912618256594556,1.0,0.0,1.0,1.0,0.0,0.0
6,220,5.096274539126313,7.515120694395755,0.0,1.0,0.0,1.0,0.0,0.0
7,220,2.515869803970696,4.016031188211182,0.0,1.0,1.0,1.0,0.0,1.0
8,220,6.762871160890011,7.667197439860651,0.0,0.0,0.0,0.0,0.0,0.0
9,220,7.893068372891121,3.291224589326472,1.0,1.0,1.0,0.0,0.0,0.0
10,220,9.326632584067353,4.883046070577166,0.0,0.0,0.0,1.0,0.0,0.0
11,220,10.034253365605991,6.882595482015391,1.0,1.0,1.0,0.0,1.0,0.0
12,220,4.293707146604986,9.314943734609487,1.0,0.0,0.0,1.0,0.0,1.0
13,220,0.0,6.562605372218888,0.0,0.0,1.0,0.0,1.0,0.0
14,220,1.8198663944410585,10.07511438290086,1.0,0.0,0.0,1.0,0.0,1.0
15,220,12.0,6.453366757841121,0.0,1.0,0.0,0.0,1.0,1.0
16,220,7.388772060814231,7.030421045233342,0.0,1.0,1.0,0.0,0.0,0.0
17,220,5.262471864850503,3.0257276399061994,0.0,0.0,1.0,0.0,0.0,0.0
18,220,6.802920047174825,0.0,0.0,1.0,1.0,0.0,0.0,0.0
19,220,6.050060903292843,3.928006355369124,1.0,0.0,0.0,1.0,0.0,1.0
20,220,6.240987217261607,0.0,0.0,0.0,1.0,1.0,0.0,0.0
21,220,12.0,8.818963651452698,0.0,1.0,0.0,0.0,1.0,1.0
22,220,2.742193096826019,12.0,1.0,0.0,0.0,1.0,1.0,0.0
23,220,4.468438013238026,5.210998885843697,0.0,0.0,1.0,0.0,0.0,0.0
24,220,6.3087847295961526,1.9158343146672587,1.0,1.0,0.0,0.0,0.0,1.0
25,220,2.8980118538296,10.44013152694611,0.0,0.0,0.0,0.0,1.0,1.0
26,220,10.386868570603886,12.0,0.0,1.0,0.0,0.0,0.0,1.0
27,220,10.1017753998607,1.6451794617834836,1.0,0.0,0.0,1.0,1.0,1.0
28,220,0.3242754849524436,8.961380656226615,0.0,0.0,0.0,0.0,1.0,1.0
29,220,1.5013505027254697,0.0,0.0,1.0,0.0,1.0,0.0,1.0
30,220,8.873376161264622,2.816098806706075,1.0,0.0,0.0,0.0,1.0,1.0
31,220,8.386973251685935,0.0,0.0,1.0,1.0,1.0,1.0,0.0
32,220,0.0,3.5956792853698976,0.0,1.0,0.0,0.0,0.0,1.0
33,220,0.7566357182092316,3.880304573586086,1.0,1.0,0.0,1.0,0.0,0.0
34,220,7.484841905941237,2.490603638923365,1.0,0.0,0.0,1.0,1.0,0.0
35,220,6.068742705610594,6.057372794491552,1.0,0.0,0.0,0.0,1.0,0.0
36,220,4.734562944560188,8.450889635259298,1.0,1.0,1.0,0.0,1.0,1.0
37,220,7.712654994817512,1.423993316678118,1.0,1.0,1.0,0.0,1.0,1.0
38,220,3.6654181665561754,4.78211329140411,0.0,1.0,0.0,0.0,1.0,0.0
39,220,12.0,8.551973813039758,0.0,1.0,1.0,0.0,0.0,0.0
0,225,7.744701223717127,8.926662472881068,0.0,0.0,0.0,1.0,0.0,0.0
1,225,7.199478306876622,8.583550232915435,0.0,0.0,1.0,0.0,1.0,0.0
2,225,9.564439693138548,8.400420538151092,1.0,0.0,0.0,0.0,1.0,0.0
3,225,8.243710841556869,2.80250085251316,0.0,0.0,1.0,0.0,1.0,1.0
4,225,5.031083187129614,6.527127397598168,0.0,0.0,0.0,0.0,0.0,0.0
5,225,0.0,10.003239040904814,1.0,0.0,1.0,1.0,0.0,0.0
6,225,5.084792628517228,7.525328881433128,0.0,1.0,0.0,1.0,0.0,0.0
7,225,2.3146897741584103,4.000193042275985,0.0,1.0,1.0,1.0,0.0,1.0
8,225,6.792346770789498,7.631035838162662,0.0,0.0,0.0,0.0,0.0,0.0
9,225,7.918857515451885,3.203022303835544,1.0,1.0,1.0,0.0,0.0,0.0
10,225,9.31139752683852,5.004593595779789,0.0,0.0,0.0,1.0,0.0,0.0
11,225,10.163724954648556,6.842979837900463,1.0,1.0,1.0,0.0,1.0,0.0
12,225,4.2938872445452425,9.310604082463875,1.0,0.0,0.0,1.0,0.0,1.0
13,225,0.0,6.566591308633053,0.0,0.0,1.0,0.0,1.0,0.0
14,225,1.7838938261710575,10.040234845252671,1.0,0.0,0.0,1.0,0.0,1.0
15,225,12.0,6.390512323994208,0.0,1.0,0.0,0.0,1.0,1.0
16,225,7.424811271383127,7.026171160531576,0.0,1.0,1.0,0.0,0.0,0.0
17,225,5.243867121749801,3.0198863784709573,0.0,0.0,1.0,0.0,0.0,0.0
18,225,6.903987487250396,0.0,0.0,1.0,1.0,0.0,0.0,0.0
19,225,6.115029145934494,3.8970583685578872,1.0,0.0,0.0,1.0,0.0,1.0
20,225,6.303558104143903,0.0,0.0,0.0,1.0,1.0,0.0,0.0
21,225,12.0,8.783991367852007,0.0,1.0,0.0,0.0,1.0,1.0
22,225,2.685312710747123,12.0,1.0,0.0,0.0,1.0,1.0,0.0
23,225,4.423708991370119,5.232099975624542,0.0,0.0,1.0,0.0,0.0,0.0
24,225,6.195001872980542,1.876236264524336,1.0,1.0,0.0,0.0,0.0,1.0
25,225,2.9067608829337823,10.426257218248535,0.0,0.0,0.0,0.0,1.0,1.0
26,225,10.32503681344182,12.0,0.0,1.0,0.0,0.0,0.0,1.0
27,225,10.06694410099612,1.4920524170221996,1.0,0.0,0.0,1.0,1.0,1.0
28,225,0.3437775260316161,8.973568109513268,0.0,0.0,0.0,0.0,1.0,1.0
29,225,1.5748655595389616,0.0,0.0,1.0,0.0,1.0,0.0,1.0
30,225,8.979087971502125,2.8019002671856765,1.0,0.0,0.0,0.0,1.0,1.0
31,225,8.248562039508945,0.0,0.0,1.0,1.0,1.0,1.0,0.0
32,225,0.0,3.675435402289764,0.0,1.0,0.0,0.0,0.0,1.0
33,225,0.867519674800587,3.9948324486145705,1.0,1.0,0.0,1.0,0.0,0.0
34,225,7.47278594867208,2.5009342542119497,1.0,0.0,0.0,1.0,1.0,0.0
35,225,6.217903668705403,5.9509104967623285,1.0,0.0,0.0,0.0,1.0,0.0
36,225,4.707808787498474,8.353342002960012,1.0,1.0,1.0,0.0,1.0,1.0
37,225,7.584801597118916,1.391070846602511,1.0,1.0,1.0,0.0,1.0,1.0
38,225,3.6605283413704903,4.82297025236725,0.0,1.0,0.0,0.0,1.0,0.0
39,225,12.0,8.619482348839341,0.0,1.0,1.0,0.0,0.0,0.0
0,230,7.925066360258548,9.014833646804345,0.0,0.0,0.0,1.0,0.0,0.0
1,230,7.173494653884061,8.666188392124706,0.0,0.0,1.0,0.0,1.0,0.0
2,230,9.566587087854728,8.417910043442655,1.0,0.0,0.0,0.0,1.0,0.0
3,230,8.26771079018229,2.833142267247083,0.0,0.0,1.0,0.0,1.0,1.0
4,230,4.863485930254116,6.426418236552927,0.0,0.0,0.0,0.0,0.0,0.0
5,230,0.0,10.083812038651882,1.0,0.0,1.0,1.0,0.0,0.0
6,230,5.057470949115975,7.549926493582568,0.0,1.0,0.0,1.0,0.0,0.0
7,230,2.119115750953144,3.990497907918544,0.0,1.0,1.0,1.0,0.0,1.0
8,230,6.817442177518116,7.598864363497765,0.0,0.0,0.0,0.0,0.0,0.0
9,230,7.937377507753586,3.1374109102014764,1.0,1.0,1.0,0.0,0.0,0.0
10,230,9.29363123373393,5.10486091629668,0.0,0.0,0.0,1.0,0.0,0.0
11,230,10.281900596381986,6.805986010148879,1.0,1.0,1.0,0.0,1.0,0.0
12,230,4.293786746411079,9.315903698549908,1.0,0.0,0.0,1.0,0.0,1.0
13,230,0.0,6.567202032387529,0.0,0.0,1.0,0.0,1.0,0.0
14,230,1.740950792864301,9.998184095972931,1.0,0.0,0.0,1.0,0.0,1.0
15,230,12.0,6.329323728209878,0.0,1.0,0.0,0.0,1.0,1.0
16,230,7.465849297881702,7.020977556083934,0.0,1.0,1.0,0.0,0.0,0.0
17,230,5.241023911226278,3.0189214230195023,0.0,0.0,1.0,0.0,0.0,0.0
18,230,7.012651207809355,0.0,0.0,1.0,1.0,0.0,0.0,0.0
19,230,6.181982852304828,3.8640819422610058,1.0,0.0,0.0,1.0,0.0,1.0
20,230,6.380039206610353,0.0,0.0,0.0,1.0,1.0,0.0,0.0
21,230,12.0,8.748955879168173,0.0,1.0,0.0,0.0,1.0,1.0
22,230,2.637667920256925,12.0,1.0,0.0,0.0,1.0,1.0,0.0
23,230,4.385550587982621,5.250929378259941,0.0,0.0,1.0,0.0,0.0,0.0
24,230,6.075150857856137,1.832876544788816,1.0,1.0,0.0,0.0,0.0,1.0
25,230,2.905093239440973,10.42886281454632,0.0,0.0,0.0,0.0,1.0,1.0
26,230,10.256359928739338,12.0,0.0,1.0,0.0,0.0,0.0,1.0
27,230,10.042391440561708,1.3669329793294664,1.0,0.0,0.0,1.0,1.0,1.0
28,230,0.3546152162635601,8.979984555504195,0.0,0.0,0.0,0.0,1.0,1.0
29,230,1.651578470545146,0.0,0.0,1.0,0.0,1.0,0.0,1.0
30,230,9.09222030282187,2.7871056585038128,1.0,0.0,0.0,0.0,1.0,1.0
31,230,8.112242042282594,0.0,0.0,1.0,1.0,1.0,1.0,0.0
32,230,0.0,3.7533354928283247,0.0,1.0,0.0,0.0,0.0,1.0
33,230,0.9676442989859404,4.102374014399778,1.0,1.0,0.0,1.0,0.0,0.0
34,230,7.443141341564756,2.526524194955977,1.0,0.0,0.0,1.0,1.0,0.0
35,230,6.372847472823274,5.834069464075305,1.0,0.0,0.0,0.0,1.0,0.0
36,230,4.68123875454284,8.255294925089128,1.0,1.0,1.0,0.0,1.0,1.0
37,230,7.449904849518515,1.3551408791120283,1.0,1.0,1.0,0.0,1.0,1.0
38,230,3.653639733674401,4.868312637172597,0.0,1.0,0.0,0.0,1.0,0.0
39,230,11.93446754446392,8.681527861671102,0.0,1.0,1.0,0.0,0.0,0.0
0,235,8.113693927864567,9.113557868375336,0.0,0.0,0.0,1.0,0.0,0.0
1,235,7.145387858109859,8.752744451205734,0.0,0.0,1.0,0.0,1.0,0.0
2,235,9.567794932036414,8.429212812557925,1.0,0.0,0.0,0.0,1.0,0.0
3,235,8.282509029777476,2.8534212976795605,0.0,0.0,1.0,0.0,1.0,1.0
4,235,4.704776825875597,6.3251394344665455,0.0,0.0,0.0,0.0,0.0,0.0
5,235,0.0,10.170523721738462,1.0,0.0,1.0,1.0,0.0,0.0
6,235,5.05138821189941,7.555648788439073,0.0,1.0,0.0,1.0,0.0,0.0
7,235,1.925853394613677,3.974933206726823,0.0,1.0,1.0,1.0,0.0,1.0
8,235,6.830184508744473,7.583277609094819,0.0,0.0,0.0,0.0,0.0,0.0
9,235,7.950766493166042,3.0904301142017685,1.0,1.0,1.0,0.0,0.0,0.0
10,235,9.271807160435248,5.229368564661521,0.0,0.0,0.0,1.0,0.0,0.0
11,235,10.243644415631094,6.6840917760252365,1.0,1.0,1.0,0.0,1.0,0.0
12,235,4.293901091946328,9.310324714232472,1.0,0.0,0.0,1.0,0.0,1.0
13,235,0.0,6.568804933960629,0.0,0.0,1.0,0.0,1.0,0.0
14,235,1.6990666630775035,9.959172071427238,1.0,0.0,0.0,1.0,0.0,1.0
15,235,12.0,6.2602998685166105,0.0,1.0,0.0,0.0,1.0,1.0
16,235,7.491179119432797,7.017911418409386,0.0,1.0,1.0,0.0,0.0,0.0
17,235,5.246243455928417,3.020767934374368,0.0,0.0,1.0,0.0,0.0,0.0
18,235,7.117956936385073,0.0,0.0,1.0,1.0,0.0,0.0,0.0
19,235,6.255268116535292,3.831039120690496,1.0,0.0,0.0,1.0,0.0,1.0
20,235,6.4410516719950985,0.0,0.0,0.0,1.0,1.0,0.0,0.0
21,235,12.0,8.714318223084105,0.0,1.0,0.0,0.0,1.0,1.0
22,235,2.586999496574936,12.0,1.0,0.0,0.0,1.0,1.0,0.0
23,235,4.331932550806162,5.277184128372699,0.0,0.0,1.0,0.0,0.0,0.0
24,235,5.962463700529183,1.7906844490850826,1.0,1.0,0.0,0.0,0.0,1.0
25,235,2.908009324723814,10.42468835599246,0.0,0.0,0.0,0.0,1.0,1.0
26,235,10.183396648249788,12.0,0.0,1.0,0.0,0.0,0.0,1.0
27,235,10.022931161030971,1.2440187488529764,1.0,0.0,0.0,1.0,1.0,1.0
28,235,0.3794262187686928,8.993803551108579,0.0,0.0,0.0,0.0,1.0,1.0
29,235,1.7192944621878343,0.0,0.0,1.0,0.0,1.0,0.0,1.0
30,235,9.193826248732128,2.774029923868671,1.0,0.0,0.0,0.0,1.0,1.0
31,235,7.991641547337702,0.0,0.0,1.0,1.0,1.0,1.0,0.0
32,235,0.0,3.827760845853303,0.0,1.0,0.0,0.0,0.0,1.0
33,235,1.0632914572181191,4.205147209051379,1.0,1.0,0.0,1.0,0.0,0.0
34,235,7.414896192953073,2.5502665143708847,1.0,0.0,0.0,1.0,1.0,0.0
35,235,6.532598049985512,5.71223871371397,1.0,0.0,0.0,0.0,1.0,0.0
36,235,4.657842122963635,8.169011236912267,1.0,1.0,1.0,0.0,1.0,1.0
37,235,7.292758446261463,1.3126945224496789,1.0,1.0,1.0,0.0,1.0,1.0
38,235,3.6504267727403454,4.889168143668316,0.0,1.0,0.0,0.0,1.0,0.0
39,235,11.857118718002368,8.751846107659945,0.0,1.0,1.0,0.0,0.0,0.0
0,240,8.28817407651824,9.201110160991314,0.0,0.0,0.0,1.0,0.0,0.0
1,240,7.11949039592263,8.833904462602716,0.0,0.0,1.0,0.0,1.0,0.0
2,240,9.56777417830898,8.428963674011554,1.0,0.0,0.0,0.0,1.0,0.0
3,240,8.298091768686083,2.875891540611629,0.0,0.0,1.0,0.0,1.0,1.0
4,240,4.563704534912724,6.232955446348664,0.0,0.0,0.0,0.0,0.0,0.0
5,240,0.0,10.252257948671296,1.0,0.0,1.0,1.0,0.0,0.0
6,240,5.040213739709023,7.566157752346776,0.0,1.0,0.0,1.0,0.0,0.0
7,240,1.7497435764757725,3.964078558301654,0.0,1.0,1.0,1.0,0.0,1.0
8,240,6.841070874304541,7.571231408364275,0.0,0.0,0.0,0.0,0.0,0.0
9,240,7.965900901530442,3.0359959236037626,1.0,1.0,1.0,0.0,0.0,0.0
10,240,9.25418773843741,5.335520854876964,0.0,0.0,0.0,1.0,0.0,0.0
11,240,10.203073931732812,6.548975877674558,1.0,1.0,1.0,0.0,1.0,0.0
12,240,4.294572355584142,9.29178985009029,1.0,0.0,0.0,1.0,0.0,1.0
13,240,0.0,6.569138042970621,0.0,0.0,1.0,0.0,1.0,0.0
14,240,1.65848265648981,9.92340147811416,1.0,0.0,0.0,1.0,0.0,1.0
15,240,12.0,6.193556651186309,0.0,1.0,0.0,0.0,1.0,1.0
16,240,7.501392201756001,7.016519067278141,0.0,1.0,1.0,0.0,0.0,0.0
17,240,5.248176637273193,3.021453004808179,0.0,0.0,1.0,0.0,0.0,0.0
18,240,7.227824862128453,0.0,0.0,1.0,1.0,0.0,0.0,0.0
19,240,6.316964658702308,3.800899817748341,1.0,0.0,0.0,1.0,0.0,1.0
20,240,6.52136936473714,0.0,0.0,0.0,1.0,1.0,0.0,0.0
21,240,12.0,8.67700248494637,0.0,1.0,0.0,0.0,1.0,1.0
22,240,2.536117362870091,12.0,1.0,0.0,0.0,1.0,1.0,0.0
23,240,4.286908642183633,5.302119603560977,0.0,0.0,1.0,0.0,0.0,0.0
24,240,5.8479518851378085,1.7477047103647858,1.0,1.0,0.0,0.0,0.0,1.0
25,240,2.909100833442104,10.423114379605805,0.0,0.0,0.0,0.0,1.0,1.0
26,240,10.10012306584277,12.0,0.0,1.0,0.0,0.0,0.0,1.0
27,240,10.008197664784667,1.128498772580129,1.0,0.0,0.0,1.0,1.0,1.0
28,240,0.3954982130351743,9.002822603558919,0.0,0.0,0.0,0.0,1.0,1.0
29,240,1.7939657171763608,0.0,0.0,1.0,0.0,1.0,0.0,1.0
30,240,9.295879094337009,2.761563066540273,1.0,0.0,0.0,0.0,1.0,1.0
31,240,7.880793570741218,0.0,0.0,1.0,1.0,1.0,1.0,0.0
32,240,0.0,3.9014983761980897,0.0,1.0,0.0,0.0,0.0,1.0
33,240,1.168252219897743,4.316504710148632,1.0,1.0,0.0,1.0,0.0,0.0
34,240,7.391629532800963,2.5706593949619503,1.0,0.0,0.0,1.0,1.0,0.0
35,240,6.686142160948156,5.598145872004478,1.0,0.0,0.0,0.0,1.0,0.0
36,240,4.629699952065114,8.06157730497063,1.0,1.0,1.0,0.0,1.0,1.0
37,240,7.148468897146678,1.268748666653471,1.0,1.0,1.0,0.0,1.0,1.0
38,240,3.647787168991269,4.911280646142844,0.0,1.0,0.0,0.0,1.0,0.0
39,240,11.78271120222232,8.81856461667306,0.0,1.0,1.0,0.0,0.0,0.0
0,245,8.476972629697066,9.28937638815903,0.0,0.0,0.0,1.0,0.0,0.0
1,245,7.093819264338835,8.914300444881768,0.0,0.0,1.0,0.0,1.0,0.0
2,245,9.568692550580709,8.439879578225199,1.0,0.0,0.0,0.0,1.0,0.0
3,245,8.304723337168713,2.885896306118891,0.0,0.0,1.0,0.0,1.0,1.0
4,245,4.424562120106113,6.144163252795548,0.0,0.0,0.0,0.0,0.0,0.0
5,245,0.0,10.344705664488474,1.0,0.0,1.0,1.0,0.0,0.0
6,245,5.009000271189647,7.596810732461796,0.0,1.0,0.0,1.0,0.0,0.0
7,245,1.5803143697057689,3.954357183804979,0.0,1.0,1.0,1.0,0.0,1.0
8,245,6.849535041650196,7.561696531517159,0.0,0.0,0.0,0.0,0.0,0.0
9,245,7.980664223638889,2.9881190106439104,1.0,1.0,1.0,0.0,0.0,0.0
10,245,9.232787802255856,5.4498800663531375,0.0,0.0,0.0,1.0,0.0,0.0
11,245,10.164574224605804,6.416144004765925,1.0,1.0,1.0,0.0,1.0,0.0
12,245,4.294388526920235,9.29893989938055,1.0,0.0,0.0,1.0,0.0,1.0
13,245,0.0,6.570460278465812,0.0,0.0,1.0,0.0,1.0,0.0
14,245,1.601216632606606,9.873160960766684,1.0,0.0,0.0,1.0,0.0,1.0
15,245,12.0,6.129048017399308,0.0,1.0,0.0,0.0,1.0,1.0
16,245,7.503472895370237,7.0162490660954,0.0,1.0,1.0,0.0,0.0,0.0
17,245,5.250585540016763,3.022357507546195,0.0,0.0,1.0,0.0,0.0,0.0
18,245,7.336171833224045,0.0,0.0,1.0,1.0,0.0,0.0,0.0
19,245,6.361280655512121,3.7793573979011024,1.0,0.0,0.0,1.0,0.0,1.0
20,245,6.6349384939731975,0.0,0.0,0.0,1.0,1.0,0.0,0.0
21,245,12.0,8.636551957981949,0.0,1.0,0.0,0.0,1.0,1.0
22,245,2.48439371161267,12.0,1.0,0.0,0.0,1.0,1.0,0.0
23,245,4.226490517025735,5.335429904686799,0.0,0.0,1.0,0.0,0.0,0.0
24,245,5.731882972972872,1.7042209130523542,1.0,1.0,0.0,0.0,0.0,1.0
25,245,2.9142514421389527,10.416129964867425,0.0,0.0,0.0,0.0,1.0,1.0
26,245,10.015306194555889,12.0,0.0,1.0,0.0,0.0,0.0,1.0
27,245,9.994067139441013,1.014809244471684,1.0,0.0,0.0,1.0,1.0,1.0
28,245,0.4027538775764223,9.007112989988256,0.0,0.0,0.0,0.0,1.0,1.0
29,245,1.8533207664957023,0.0,0.0,1.0,0.0,1.0,0.0,1.0
30,245,9.393339314739922,2.749452669755292,1.0,0.0,0.0,0.0,1.0,1.0
31,245,7.766231202495765,0.0,0.0,1.0,1.0,1.0,1.0,0.0
32,245,0.0,3.985494667158868,0.0,1.0,0.0,0.0,0.0,1.0
33,245,1.290366285120633,4.445816173006123,1.0,1.0,0.0,1.0,0.0,0.0
34,245,7.358626547629067,2.600145714321122,1.0,0.0,0.0,1.0,1.0,0.0
35,245,6.85462350253416,5.476909768193077,1.0,0.0,0.0,0.0,1.0,0.0
36,245,4.594483396478676,7.932376211231715,1.0,1.0,1.0,0.0,1.0,1.0
37,245,7.011943625746502,1.222654360573356,1.0,1.0,1.0,0.0,1.0,1.0
38,245,3.644885335315388,4.935705110854545,0.0,1.0,0.0,0.0,1.0,0.0
39,245,11.712546282108466,8.88534275502356,0.0,1.0,1.0,0.0,0.0,0.0
0,250,8.653842639994377,9.371138405324912,0.0,0.0,0.0,1.0,0.0,0.0
1,250,7.056847816864679,9.0252831751515,0.0,0.0,1.0,0.0,1.0,0.0
2,250,9.568399825006365,8.436048965100913,1.0,0.0,0.0,0.0,1.0,0.0
3,250,8.310428908294805,2.894924246786935,0.0,0.0,1.0,0.0,1.0,1.0
4,250,4.2834215151181,6.050819089169781,0.0,0.0,0.0,0.0,0.0,0.0
5,250,0.0,10.435703299969836,1.0,0.0,1.0,1.0,0.0,0.0
6,250,4.964706833762508,7.639362460453964,0.0,1.0,0.0,1.0,0.0,0.0
7,250,1.4270374508645742,3.945979675547342,0.0,1.0,1.0,1.0,0.0,1.0
8,250,6.863117892110005,7.546387094011576,0.0,0.0,0.0,0.0,0.0,0.0
9,250,7.990919476169388,2.955190358805991,1.0,1.0,1.0,0.0,0.0,0.0
10,250,9.209261882397437,5.569645743410986,0.0,0.0,0.0,1.0,0.0,0.0
11,250,10.124170384148648,6.281466415740015,1.0,1.0,1.0,0.0,1.0,0.0
12,250,4.294213153142997,9.305916775236966,1.0,0.0,0.0,1.0,0.0,1.0
13,250,0.0,6.577424502124412,0.0,0.0,1.0,0.0,1.0,0.0
14,250,1.5585600097027308,9.83710617487607,1.0,0.0,0.0,1.0,0.0,1.0
15,250,12.0,6.0663702796987815,0.0,1.0,0.0,0.0,1.0,1.0
16,250,7.511297894632057,7.01513765486401,0.0,1.0,1.0,0.0,0.0,0.0
17,250,5.260461987314582,3.026191941348677,0.0,0.0,1.0,0.0,0.0,0.0
18,250,7.44121035831488,0.0,0.0,1.0,1.0,0.0,0.0,0.0
19,250,6.408263946516881,3.759044876387932,1.0,0.0,0.0,1.0,0.0,1.0
20,250,6.75576484018041,0.0,0.0,0.0,1.0,1.0,0.0,0.0
21,250,12.0,8.595672324761036,0.0,1.0,0.0,0.0,1.0,1.0
22,250,2.434857896777713,12.0,1.0,0.0,0.0,1.0,1.0,0.0
23,250,4.17111280029695,5.365956825114486,0.0,0.0,1.0,0.0,0.0,0.0
24,250,5.6121245234529615,1.6604599492527528,1.0,1.0,0.0,0.0,0.0,1.0
25,250,2.939178227642806,10.3819011053538,0.0,0.0,0.0,0.0,1.0,1.0
26,250,9.934217677572194,12.0,0.0,1.0,0.0,0.0,0.0,1.0
27,250,9.980257821648175,0.9208362435129936,1.0,0.0,0.0,1.0,1.0,1.0
28,250,0.3901755617634208,8.999451694154184,0.0,0.0,0.0,0.0,1.0,1.0
29,250,1.8949359496947933,0.0,0.0,1.0,0.0,1.0,0.0,1.0
30,250,9.50525107740322,2.732424539103393,1.0,0.0,0.0,0.0,1.0,1.0
31,250,7.656570059407947,0.0,0.0,1.0,1.0,1.0,1.0,0.0
32,250,0.0,4.0742199330161215,0.0,1.0,0.0,0.0,0.0,1.0
33,250,1.4079930995004533,4.573422684667385,1.0,1.0,0.0,1.0,0.0,0.0
34,250,7.337971417729437,2.617148821828321,1.0,0.0,0.0,1.0,1.0,0.0
35,250,7.011914191826358,5.361441526492905,1.0,0.0,0.0,0.0,1.0,0.0
36,250,4.5571210206631,7.812423220896416,1.0,1.0,1.0,0.0,1.0,1.0
37,250,6.870396259480672,1.1806296262619145,1.0,1.0,1.0,0.0,1.0,1.0
38,250,3.637557346339632,4.983628694783429,0.0,1.0,0.0,0.0,1.0,0.0
39,250,11.609815588317236,8.98313011034759,0.0,1.0,1.0,0.0,0.0,0.0
0,255,8.82421728795627,9.449205038523315,0.0,0.0,0.0,1.0,0.0,0.0
1,255,7.024840398859145,9.130049753332994,0.0,0.0,1.0,0.0,1.0,0.0
2,255,9.567847462869215,8.425069010518177,1.0,0.0,0.0,0.0,1.0,0.0
3,255,8.306129317754456,2.888019441486021,0.0,0.0,1.0,0.0,1.0,1.0
4,255,4.161121510396948,5.967779450831778,0.0,0.0,0.0,0.0,0.0,0.0
5,255,0.0,10.533689405503267,1.0,0.0,1.0,1.0,0.0,0.0
6,255,4.909688868787031,7.690548242526534,0.0,1.0,0.0,1.0,0.0,0.0
7,255,1.2569197867844664,3.939017471747077,0.0,1.0,1.0,1.0,0.0,1.0
8,255,6.875516966780033,7.53232837411642,0.0,0.0,0.0,0.0,0.0,0.0
9,255,8.002530966390838,2.9167356868110814,1.0,1.0,1.0,0.0,0.0,0.0
10,255,9.192176553850064,5.669976816622805,0.0,0.0,0.0,1.0,0.0,0.0
11,255,10.083264388463853,6.154716351149674,1.0,1.0,1.0,0.0,1.0,0.0
12,255,4.29381924152764,9.322012002968076,1.0,0.0,0.0,1.0,0.0,1.0
13,255,0.0,6.580935883086004,0.0,0.0,1.0,0.0,1.0,0.0
14,255,1.5168017442439614,9.800286959211164,1.0,0.0,0.0,1.0,0.0,1.0
15,255,12.0,5.996813521232224,0.0,1.0,0.0,0.0,1.0,1.0
16,255,7.534728132547952,7.012246909509713,0.0,1.0,1.0,0.0,0.0,0.0
17,255,5.242701314481604,3.0191347256808685,0.0,0.0,1.0,0.0,0.0,0.0
18,255,7.531916961548792,0.0,0.0,1.0,1.0,0.0,0.0,0.0
19,255,6.47118077800015,3.7296156688512343,1.0,0.0,0.0,1.0,0.0,1.0
20,255,6.890181536008997,0.0,0.0,0.0,1.0,1.0,0.0,0.0
21,255,12.0,8.552064056328899,0.0,1.0,0.0,0.0,1.0,1.0
22,255,2.3820858341518387,12.0,1.0,0.0,0.0,1.0,1.0,0.0
23,255,4.112087307049914,5.396105028989424,0.0,0.0,1.0,0.0,0.0,0.0
24,255,5.4990379475516376,1.6177699612151346,1.0,1.0,0.0,0.0,0.0,1.0
25,255,2.964460259744801,10.350511960887776,0.0,0.0,0.0,0.0,1.0,1.0
26,255,9.854772857994195,12.0,0.0,1.0,0.0,0.0,0.0,1.0
27,255,9.968178110839109,0.8320573301550442,1.0,0.0,0.0,1.0,1.0,1.0
28,255,0.3644556088691096,8.984399831729041,0.0,0.0,0.0,0.0,1.0,1.0
29,255,1.9335771732846756,0.0,0.0,1.0,0.0,1.0,0.0,1.0
30,255,9.629124697472784,2.7117923217059703,1.0,0.0,0.0,0.0,1.0,1.0
31,255,7.541532741004061,0.0,0.0,1.0,1.0,1.0,1.0,0.0
32,255,0.0,4.165102445466636,0.0,1.0,0.0,0.0,0.0,1.0
33,255,1.51221701360147,4.701766107417564,1.0,1.0,0.0,1.0,0.0,0.0
34,255,7.330927195828849,2.622730796883073,1.0,0.0,0.0,1.0,1.0,0.0
35,255,7.176721293347522,5.246994705278718,1.0,0.0,0.0,0.0,1.0,0.0
36,255,4.519894840853145,7.692514054977845,1.0,1.0,1.0,0.0,1.0,1.0
37,255,6.723573257646822,1.136369850095538,1.0,1.0,1.0,0.0,1.0,1.0
38,255,3.6334978374086826,5.010721614252091,0.0,1.0,0.0,0.0,1.0,0.0
39,255,11.501144304009223,9.08357804257929,0.0,1.0,1.0,0.0,0.0,0.0
0,260,8.988972111624223,9.52491050733335,0.0,0.0,0.0,1.0,0.0,0.0
1,260,6.998268080965374,9.213255190831577,0.0,0.0,1.0,0.0,1.0,0.0
2,260,9.566708075674606,8.406915726971375,1.0,0.0,0.0,0.0,1.0,0.0
3,260,8.289791652303162,2.860290549435835,0.0,0.0,1.0,0.0,1.0,1.0
4,260,4.022576565199061,5.873475031923661,0.0,0.0,0.0,0.0,0.0,0.0
5,260,0.0,10.637044669188946,1.0,0.0,1.0,1.0,0.0,0.0
6,260,4.865935140644779,7.73228902383107,0.0,1.0,0.0,1.0,0.0,0.0
7,260,1.0941386212337512,3.935660478255543,0.0,1.0,1.0,1.0,0.0,1.0
8,260,6.89068068820249,7.515087119045669,0.0,0.0,0.0,0.0,0.0,0.0
9,260,8.012894197663211,2.8802402936623226,1.0,1.0,1.0,0.0,0.0,0.0
10,260,9.177371529064317,5.767309777585181,0.0,0.0,0.0,1.0,0.0,0.0
11,260,9.952726560932298,6.193104436660478,1.0,1.0,1.0,0.0,1.0,0.0
12,260,4.293237123097515,9.334062908981846,1.0,0.0,0.0,1.0,0.0,1.0
13,260,0.0,6.583755284943088,0.0,0.0,1.0,0.0,1.0,0.0
14,260,1.4713524596359326,9.759330891633187,1.0,0.0,0.0,1.0,0.0,1.0
15,260,12.0,5.927105133835316,0.0,1.0,0.0,0.0,1.0,1.0
16,260,7.577557051830269,7.007171336716893,0.0,1.0,1.0,0.0,0.0,0.0
17,260,5.238762138359763,3.017533280949313,0.0,0.0,1.0,0.0,0.0,0.0
18,260,7.620349343784555,0.0,0.0,1.0,1.0,0.0,0.0,0.0
19,260,6.537601080644805,3.7014630037790353,1.0,0.0,0.0,1.0,0.0,1.0
20,260,7.031255840318738,0.0,0.0,0.0,1.0,1.0,0.0,0.0
21,260,12.0,8.508275280949844,0.0,1.0,0.0,0.0,1.0,1.0
22,260,2.333329264033684,12.0,1.0,0.0,0.0,1.0,1.0,0.0
23,260,4.03942308609466,5.431989270137456,0.0,0.0,1.0,0.0,0.0,0.0
24,260,5.373489168540232,1.5694882282467648,1.0,1.0,0.0,0.0,0.0,1.0
25,260,2.979389857300414,10.332084948663525,0.0,0.0,0.0,0.0,1.0,1.0
26,260,9.776701705007593,12.0,0.0,1.0,0.0,0.0,0.0,1.0
27,260,9.955639393852035,0.733684901651088,1.0,0.0,0.0,1.0,1.0,1.0
28,260,0.3560515137606757,8.979230034275444,0.0,0.0,0.0,0.0,1.0,1.0
29,260,1.969721317412637,0.0,0.0,1.0,0.0,1.0,0.0,1.0
30,260,9.74717893273223,2.693187307184242,1.0,0.0,0.0,0.0,1.0,1.0
31,260,7.4266949099672335,0.0,0.0,1.0,1.0,1.0,1.0,0.0
32,260,0.0,4.263002006963508,0.0,1.0,0.0,0.0,0.0,1.0
33,260,1.6142239419565385,4.82880015462132,1.0,1.0,0.0,1.0,0.0,0.0
34,260,7.326024140331109,2.626504226323523,1.0,0.0,0.0,1.0,1.0,0.0
35,260,7.335810565476635,5.142409482396136,1.0,0.0,0.0,0.0,1.0,0.0
36,260,4.483548329228663,7.583941855423074,1.0,1.0,1.0,0.0,1.0,1.0
37,260,6.585106566193229,1.0973581529699892,1.0,1.0,1.0,0.0,1.0,1.0
38,260,3.628552814966013,5.050342470612796,0.0,1.0,0.0,0.0,1.0,0.0
39,260,11.388273758127712,9.197533598450985,0.0,1.0,1.0,0.0,0.0,0.0
0,265,9.150231181117784,9.597857455523537,0.0,0.0,0.0,1.0,0.0,0.0
1,265,6.975230203733917,9.280176093363004,0.0,0.0,1.0,0.0,1.0,0.0
2,265,9.565126324462415,8.380099068978218,1.0,0.0,0.0,0.0,1.0,0.0
3,265,8.267264023259795,2.820053928478902,0.0,0.0,1.0,0.0,1.0,1.0
4,265,3.89149853591506,5.779790494434884,0.0,0.0,0.0,0.0,0.0,0.0
5,265,0.0,10.743954662743311,1.0,0.0,1.0,1.0,0.0,0.0
6,265,4.829337521068156,7.768213658153734,0.0,1.0,0.0,1.0,0.0,0.0
7,265,0.9412173808580524,3.934146262403957,0.0,1.0,1.0,1.0,0.0,1.0
8,265,6.901147491360524,7.50324248263657,0.0,0.0,0.0,0.0,0.0,0.0
9,265,8.021672945401013,2.850866569390465,1.0,1.0,1.0,0.0,0.0,0.0
10,265,9.158749683040543,5.883320849282358,0.0,0.0,0.0,1.0,0.0,0.0
11,265,9.815471557820269,6.231015503274845,1.0,1.0,1.0,0.0,1.0,0.0
12,265,4.292621324059374,9.345602521699847,1.0,0.0,0.0,1.0,0.0,1.0
13,265,0.001359405128517,6.583585548907846,0.0,0.0,1.0,0.0,1.0,0.0
14,265,1.4497081877030982,9.739755512467973,1.0,0.0,0.0,1.0,0.0,1.0
15,265,12.0,5.857842735405886,0.0,1.0,0.0,0.0,1.0,1.0
16,265,7.610987721790972,7.003513672365468,0.0,1.0,1.0,0.0,0.0,0.0
17,265,5.225927098401175,3.0122771678557583,0.0,0.0,1.0,0.0,0.0,0.0
18,265,7.708259039926852,0.0,0.0,1.0,1.0,0.0,0.0,0.0
19,265,6.613737567342738,3.668759123266073,1.0,0.0,0.0,1.0,0.0,1.0
20,265,7.175826171211074,0.0,0.0,0.0,1.0,1.0,0.0,0.0
21,265,12.0,8.462731273904364,0.0,1.0,0.0,0.0,1.0,1.0
22,265,2.2753414355380115,12.0,1.0,0.0,0.0,1.0,1.0,0.0
23,265,3.9700223116532034,5.466426578238005,0.0,0.0,1.0,0.0,0.0,0.0
24,265,5.326125747116976,1.6887194862426675,1.0,1.0,0.0,0.0,0.0,1.0
25,265,3.003947800699164,10.301636124712877,0.0,0.0,0.0,0.0,1.0,1.0
26,265,9.70273240803311,12.0,0.0,1.0,0.0,0.0,0.0,1.0
27,265,9.940286893702902,0.6385882929313216,1.0,0.0,0.0,1.0,1.0,1.0
28,265,0.3520799455963652,8.976658932896406,0.0,0.0,0.0,0.0,1.0,1.0
29,265,1.9871127834693183,0.0,0.0,1.0,0.0,1.0,0.0,1.0
30,265,9.869897185059902,2.67155551851844,1.0,0.0,0.0,0.0,1.0,1.0
31,265,7.288717484700617,0.0,0.0,1.0,1.0,1.0,1.0,0.0
32,265,0.0,4.361346539956315,0.0,1.0,0.0,0.0,0.0,1.0
33,265,1.7213273501268456,4.954675678811517,1.0,1.0,0.0,1.0,0.0,0.0
34,265,7.33130004222604,2.622412141097428,1.0,0.0,0.0,1.0,1.0,0.0
35,265,7.5041520175484,5.031567175082101,1.0,0.0,0.0,0.0,1.0,0.0
36,265,4.449590253285337,7.479605935922718,1.0,1.0,1.0,0.0,1.0,1.0
37,265,6.464065667180633,1.0679601466725857,1.0,1.0,1.0,0.0,1.0,1.0
38,265,3.625190010898895,5.08003137411827,0.0,1.0,0.0,0.0,1.0,0.0
39,265,11.25566799538137,9.3279380115959,0.0,1.0,1.0,0.0,0.0,0.0
0,270,9.313814141039698,9.6728611371771,0.0,0.0,0.0,1.0,0.0,0.0
1,270,6.95457223403864,9.338666856655164,0.0,0.0,1.0,0.0,1.0,0.0
2,270,9.56356378326694,8.358307750363174,1.0,0.0,0.0,0.0,1.0,0.0
3,270,8.249250153732286,2.7892104012279995,0.0,0.0,1.0,0.0,1.0,1.0
4,270,3.750635736314608,5.684625946912522,0.0,0.0,0.0,0.0,0.0,0.0
5,270,0.0,10.872121811096523,1.0,0.0,1.0,1.0,0.0,0.0
6,270,4.787681513692972,7.805650606560014,0.0,1.0,0.0,1.0,0.0,0.0
7,270,0.7828792135071633,3.932894598443712,0.0,1.0,1.0,1.0,0.0,1.0
8,270,6.926618697445893,7.475403803423477,0.0,0.0,0.0,0.0,0.0,0.0
9,270,8.028054395409326,2.8285303321999336,1.0,1.0,1.0,0.0,0.0,0.0
10,270,9.1396800396797,5.988894922440097,0.0,0.0,0.0,1.0,0.0,0.0
11,270,9.691785006410209,6.264876980026669,1.0,1.0,1.0,0.0,1.0,0.0
12,270,4.292571140741892,9.346388863149931,1.0,0.0,0.0,1.0,0.0,1.0
13,270,0.0226824723536087,6.580871038466989,0.0,0.0,1.0,0.0,1.0,0.0
14,270,1.407871803404258,9.703425958938872,1.0,0.0,0.0,1.0,0.0,1.0
15,270,12.0,5.787039069651229,0.0,1.0,0.0,0.0,1.0,1.0
16,270,7.629674892169954,7.001438946322263,0.0,1.0,1.0,0.0,0.0,0.0
17,270,5.2354501786880485,3.0161958830817523,0.0,0.0,1.0,0.0,0.0,0.0
18,270,7.8076625534823005,0.0,0.0,1.0,1.0,0.0,0.0,0.0
19,270,6.692208493764683,3.636031510207784,1.0,0.0,0.0,1.0,0.0,1.0
20,270,7.334872823826927,0.0,0.0,0.0,1.0,1.0,0.0,0.0
21,270,12.0,8.421387214178223,0.0,1.0,0.0,0.0,1.0,1.0
22,270,2.225914634123483,12.0,1.0,0.0,0.0,1.0,1.0,0.0
23,270,3.8804718468828394,5.511792110947108,0.0,0.0,1.0,0.0,0.0,0.0
24,270,5.281409233669826,1.8009558025421253,1.0,1.0,0.0,0.0,0.0,1.0
25,270,3.0292924143531845,10.270960743253683,0.0,0.0,0.0,0.0,1.0,1.0
26,270,9.635574134792092,12.0,0.0,1.0,0.0,0.0,0.0,1.0
27,270,9.926439107456506,0.5511530397222311,1.0,0.0,0.0,1.0,1.0,1.0
28,270,0.3464587748490461,8.973146299970765,0.0,0.0,0.0,0.0,1.0,1.0
29,270,2.0394761686910754,0.0,0.0,1.0,0.0,1.0,0.0,1.0
30,270,9.979869476329574,2.649369151462165,1.0,0.0,0.0,0.0,1.0,1.0
31,270,7.159343939489817,0.0,0.0,1.0,1.0,1.0,1.0,0.0
32,270,0.0,4.461236517355113,0.0,1.0,0.0,0.0,0.0,1.0
33,270,1.823741212818856,5.074234414110488,1.0,1.0,0.0,1.0,0.0,0.0
34,270,7.33856999153786,2.616816338315989,1.0,0.0,0.0,1.0,1.0,0.0
35,270,7.687904067455491,4.9118951294551705,1.0,0.0,0.0,0.0,1.0,0.0
36,270,4.410927710974266,7.370523387910971,1.0,1.0,1.0,0.0,1.0,1.0
37,270,6.343674503831835,1.042204624961537,1.0,1.0,1.0,0.0,1.0,1.0
38,270,3.622504305896788,5.105977397970887,0.0,1.0,0.0,0.0,1.0,0.0
39,270,11.114915326557249,9.471400711260682,0.0,1.0,1.0,0.0,0.0,0.0
0,275,9.438754248654469,9.73100656127196,0.0,0.0,0.0,1.0,0.0,0.0
1,275,6.93063911089546,9.403192474924168,0.0,0.0,1.0,0.0,1.0,0.0
2,275,9.562451988083938,8.32875165956756,1.0,0.0,0.0,0.0,1.0,0.0
3,275,8.241803393967944,2.7766330276951066,0.0,0.0,1.0,0.0,1.0,1.0
4,275,3.640550918764281,5.608714651992662,0.0,0.0,0.0,0.0,0.0,0.0
5,275,0.0,11.007052221376693,1.0,0.0,1.0,1.0,0.0,0.0
6,275,4.755634281470105,7.834083082987481,0.0,1.0,0.0,1.0,0.0,0.0
7,275,0.6244243797780097,3.929936937875557,0.0,1.0,1.0,1.0,0.0,1.0
8,275,6.9604452901375575,7.4385785734889,0.0,0.0,0.0,0.0,0.0,0.0
9,275,8.034192061571964,2.809456538657208,1.0,1.0,1.0,0.0,0.0,0.0
10,275,9.125212515535988,6.0990835532440375,0.0,0.0,0.0,1.0,0.0,0.0
11,275,9.56328049555173,6.300934158742656,1.0,1.0,1.0,0.0,1.0,0.0
12,275,4.291805362797703,9.357243454069424,1.0,0.0,0.0,1.0,0.0,1.0
13,275,0.0473444652532121,6.577477236067375,0.0,0.0,1.0,0.0,1.0,0.0
14,275,1.371410598531417,9.671970746789324,1.0,0.0,0.0,1.0,0.0,1.0
15,275,12.0,5.713972927124485,0.0,1.0,0.0,0.0,1.0,1.0
16,275,7.645537541525697,6.999939628593263,0.0,1.0,1.0,0.0,0.0,0.0
17,275,5.22802840255543,3.0134787139775496,0.0,0.0,1.0,0.0,0.0,0.0
18,275,7.903743578184075,0.0,0.0,1.0,1.0,0.0,0.0,0.0
19,275,6.801733603879162,3.5883114541697747,1.0,0.0,0.0,1.0,0.0,1.0
20,275,7.484549251465327,0.0,0.0,0.0,1.0,1.0,0.0,0.0
21,275,12.0,8.38198802801604,0.0,1.0,0.0,0.0,1.0,1.0
22,275,2.1848892735985577,12.0,1.0,0.0,0.0,1.0,1.0,0.0
23,275,3.7721086705349873,5.565873362599016,0.0,0.0,1.0,0.0,0.0,0.0
24,275,5.236184256558728,1.9180570352189352,1.0,1.0,0.0,0.0,0.0,1.0
25,275,3.062388092391695,10.23103419093282,0.0,0.0,0.0,0.0,1.0,1.0
26,275,9.557228498806058,12.0,0.0,1.0,0.0,0.0,0.0,1.0
27,275,9.91331816326668,0.4668491512030615,1.0,0.0,0.0,1.0,1.0,1.0
28,275,0.3265994542716876,8.96055898836178,0.0,0.0,0.0,0.0,1.0,1.0
29,275,2.094614828313304,0.0,0.0,1.0,0.0,1.0,0.0,1.0
30,275,10.085477434653749,2.6278068679956874,1.0,0.0,0.0,0.0,1.0,1.0
31,275,7.041435325698205,0.0,0.0,1.0,1.0,1.0,1.0,0.0
32,275,0.0,4.582081770531146,0.0,1.0,0.0,0.0,0.0,1.0
33,275,1.9243944312576888,5.18702514263964,1.0,1.0,0.0,1.0,0.0,0.0
34,275,7.357664128720809,2.6017565736457646,1.0,0.0,0.0,1.0,1.0,0.0
35,275,7.873042058779963,4.787092341288729,1.0,0.0,0.0,0.0,1.0,0.0
36,275,4.374940013364666,7.272508058430319,1.0,1.0,1.0,0.0,1.0,1.0
37,275,6.241274887868812,1.017066606094998,1.0,1.0,1.0,0.0,1.0,1.0
38,275,3.6197540081438295,5.134944658808284,0.0,1.0,0.0,0.0,1.0,0.0
39,275,10.985241084045962,9.601375969847028,0.0,1.0,1.0,0.0,0.0,0.0
0,280,9.541934062423485,9.781398353712769,0.0,0.0,0.0,1.0,0.0,0.0
1,280,6.899364216076026,9.49016293761754,0.0,0.0,1.0,0.0,1.0,0.0
2,280,9.56030267106663,8.278653897552193,1.0,0.0,0.0,0.0,1.0,0.0
3,280,8.231590773502473,2.759853974803605,0.0,0.0,1.0,0.0,1.0,1.0
4,280,3.523115023485878,5.52619062370802,0.0,0.0,0.0,0.0,0.0,0.0
5,280,0.0,11.133134264862685,1.0,0.0,1.0,1.0,0.0,0.0
6,280,4.705383700323002,7.878767593216955,0.0,1.0,0.0,1.0,0.0,0.0
7,280,0.4744499364049365,3.928989782353236,0.0,1.0,1.0,1.0,0.0,1.0
8,280,6.98492945664405,7.410650013909908,0.0,0.0,0.0,0.0,0.0,0.0
9,280,8.045402395360865,2.7761252737425237,1.0,1.0,1.0,0.0,0.0,0.0
10,280,9.107789373482252,6.226865503023929,0.0,0.0,0.0,1.0,0.0,0.0
11,280,9.431676799949352,6.333847664373386,1.0,1.0,1.0,0.0,1.0,0.0
12,280,4.288889525711756,9.40973535488097,1.0,0.0,0.0,1.0,0.0,1.0
13,280,0.0578857395740284,6.575975319846834,0.0,0.0,1.0,0.0,1.0,0.0
14,280,1.3386676904344388,9.643825958197242,1.0,0.0,0.0,1.0,0.0,1.0
15,280,12.0,5.656250154850791,0.0,1.0,0.0,0.0,1.0,1.0
16,280,7.647249000521444,6.999764733888656,0.0,1.0,1.0,0.0,0.0,0.0
17,280,5.20441734546137,3.0053195698659154,0.0,0.0,1.0,0.0,0.0,0.0
18,280,7.996132839333879,0.0,0.0,1.0,1.0,0.0,0.0,0.0
19,280,6.916618557708849,3.5377415012717703,1.0,0.0,0.0,1.0,0.0,1.0
20,280,7.659657414948155,0.0,0.0,0.0,1.0,1.0,0.0,0.0
21,280,12.0,8.339900912260095,0.0,1.0,0.0,0.0,1.0,1.0
22,280,2.141065069356023,12.0,1.0,0.0,0.0,1.0,1.0,0.0
23,280,3.645021045536574,5.629445179103599,0.0,0.0,1.0,0.0,0.0,0.0
24,280,5.187239622045368,2.042987680872028,1.0,1.0,0.0,0.0,0.0,1.0
25,280,3.089994577366117,10.197139534020716,0.0,0.0,0.0,0.0,1.0,1.0
26,280,9.460400432665,12.0,0.0,1.0,0.0,0.0,0.0,1.0
27,280,9.899602721395167,0.3727432747604234,1.0,0.0,0.0,1.0,1.0,1.0
28,280,0.3010220072579236,8.943990088256172,0.0,0.0,0.0,0.0,1.0,1.0
29,280,2.179697807260224,0.0,0.0,1.0,0.0,1.0,0.0,1.0
30,280,10.187350992708266,2.607030008087885,1.0,0.0,0.0,0.0,1.0,1.0
31,280,6.928062398248354,0.0,0.0,1.0,1.0,1.0,1.0,0.0
32,280,0.0,4.712517712859535,0.0,1.0,0.0,0.0,0.0,1.0
33,280,2.0197633769936387,5.295537718495987,1.0,1.0,0.0,1.0,0.0,0.0
34,280,7.381068939931,2.5827226167583794,1.0,0.0,0.0,1.0,1.0,0.0
35,280,8.049079113825755,4.670324695957251,1.0,0.0,0.0,0.0,1.0,0.0
36,280,4.336354942384856,7.165141978612747,1.0,1.0,1.0,0.0,1.0,1.0
37,280,6.164910183326758,0.9989853687332124,1.0,1.0,1.0,0.0,1.0,1.0
38,280,3.618225274962103,5.1553554252185005,0.0,1.0,0.0,0.0,1.0,0.0
39,280,10.856529247590204,9.730655615123544,0.0,1.0,1.0,0.0,0.0,0.0
0,285,9.649023021712658,9.833680327839136,0.0,0.0,0.0,1.0,0.0,0.0
1,285,6.860170129087416,9.589424118157783,0.0,0.0,1.0,0.0,1.0,0.0
2,285,9.55851119737987,8.23435492980113,1.0,0.0,0.0,0.0,1.0,0.0
3,285,8.226637814757451,2.751136902521369,0.0,0.0,1.0,0.0,1.0,1.0
4,285,3.399483174120618,5.430525949095014,0.0,0.0,0.0,0.0,0.0,0.0
5,285,0.0,11.253656934841748,1.0,0.0,1.0,1.0,0.0,0.0
6,285,4.674093011139191,7.906720468617869,0.0,1.0,0.0,1.0,0.0,0.0
7,285,0.3267736674375205,3.9283104035188776,0.0,1.0,1.0,1.0,0.0,1.0
8,285,7.006733702615909,7.384844744760375,0.0,0.0,0.0,0.0,0.0,0.0
9,285,8.049487712171757,2.76318202000033,1.0,1.0,1.0,0.0,0.0,0.0
10,285,9.089270344303332,6.346491854248117,0.0,0.0,0.0,1.0,0.0,0.0
11,285,9.284596176508812,6.367067884650283,1.0,1.0,1.0,0.0,1.0,0.0
12,285,4.287037528115477,9.446678991981727,1.0,0.0,0.0,1.0,0.0,1.0
13,285,0.0791893113155445,6.572632048487229,0.0,0.0,1.0,0.0,1.0,0.0
14,285,1.2977723782337105,9.60724105133682,1.0,0.0,0.0,1.0,0.0,1.0
15,285,12.0,5.597065169861937,0.0,1.0,0.0,0.0,1.0,1.0
16,285,7.655819071352691,6.999158156154785,0.0,1.0,1.0,0.0,0.0,0.0
17,285,5.191066926245323,3.0006065029227167,0.0,0.0,1.0,0.0,0.0,0.0
18,285,8.08969131000321,0.0,0.0,1.0,1.0,0.0,0.0,0.0
19,285,7.022881746481712,3.491079781825336,1.0,0.0,0.0,1.0,0.0,1.0
20,285,7.847748291276809,0.0,0.0,0.0,1.0,1.0,0.0,0.0
21,285,12.0,8.29405354707056,0.0,1.0,0.0,0.0,1.0,1.0
22,285,2.0958482099295583,12.0,1.0,0.0,0.0,1.0,1.0,0.0
23,285,3.5133811390112624,5.696439456662724,0.0,0.0,1.0,0.0,0.0,0.0
24,285,5.135060144744807,2.1740720970413303,1.0,1.0,0.0,0.0,0.0,1.0
25,285,3.133238187036749,10.146807123777602,0.0,0.0,0.0,0.0,1.0,1.0
26,285,9.354331993029536,12.0,0.0,1.0,0.0,0.0,0.0,1.0
27,285,9.886748568838978,0.2890495553488755,1.0,0.0,0.0,1.0,1.0,1.0
28,285,0.2559508136194611,8.913211482281486,0.0,0.0,0.0,0.0,1.0,1.0
29,285,2.2628389836705485,0.0,0.0,1.0,0.0,1.0,0.0,1.0
30,285,10.29924449105432,2.584435814458094,1.0,0.0,0.0,0.0,1.0,1.0
31,285,6.827828933289736,0.0,0.0,1.0,1.0,1.0,1.0,0.0
32,285,0.0,4.845608935737671,0.0,1.0,0.0,0.0,0.0,1.0
33,285,2.125949997670508,5.419393305618762,1.0,1.0,0.0,1.0,0.0,0.0
34,285,7.40699628840783,2.5631596924898457,1.0,0.0,0.0,1.0,1.0,0.0
35,285,7.940191253389772,4.51142092043934,1.0,0.0,0.0,0.0,1.0,0.0
36,285,4.300866694653624,7.065505639430408,1.0,1.0,1.0,0.0,1.0,1.0
37,285,6.101827425311332,0.9848381792675996,1.0,1.0,1.0,0.0,1.0,1.0
38,285,3.616098599219202,5.198592085714501,0.0,1.0,0.0,0.0,1.0,0.0
39,285,10.723644797534536,9.860291478836848,0.0,1.0,1.0,0.0,0.0,0.0
0,290,9.756431467224372,9.884352788067446,0.0,0.0,0.0,1.0,0.0,0.0
1,290,6.81431417384044,9.697767337508289,0.0,0.0,1.0,0.0,1.0,0.0
2,290,9.55793448702703,8.194678403406867,1.0,0.0,0.0,0.0,1.0,0.0
3,290,8.211630147400703,2.7235534092779607,0.0,0.0,1.0,0.0,1.0,1.0
4,290,3.249456573006194,5.311112441078423,0.0,0.0,0.0,0.0,0.0,0.0
5,290,0.0,11.37497884214194,1.0,0.0,1.0,1.0,0.0,0.0
6,290,4.645087125461854,7.932213531513765,0.0,1.0,0.0,1.0,0.0,0.0
7,290,0.1794355953077865,3.9278523015382105,0.0,1.0,1.0,1.0,0.0,1.0
8,290,7.029690833842265,7.358722379172233,0.0,0.0,0.0,0.0,0.0,0.0
9,290,8.05228517548226,2.75341706671266,1.0,1.0,1.0,0.0,0.0,0.0
10,290,9.070207617697916,6.47554783486946,0.0,0.0,0.0,1.0,0.0,0.0
11,290,9.15301933300746,6.3951951600684405,1.0,1.0,1.0,0.0,1.0,0.0
12,290,4.285156448090869,9.48892630118532,1.0,0.0,0.0,1.0,0.0,1.0
13,290,0.0983430478403312,6.569423762177768,0.0,0.0,1.0,0.0,1.0,0.0
14,290,1.2738670113171116,9.58694418951924,1.0,0.0,0.0,1.0,0.0,1.0
15,290,12.0,5.552037719022908,0.0,1.0,0.0,0.0,1.0,1.0
16,290,7.687266486914264,6.997348159566657,0.0,1.0,1.0,0.0,0.0,0.0
17,290,5.153021015438018,2.985981677061893,0.0,0.0,1.0,0.0,0.0,0.0
18,290,8.220832360896013,0.0,0.0,1.0,1.0,0.0,0.0,0.0
19,290,7.129064300427334,3.4391233822094267,1.0,0.0,0.0,1.0,0.0,1.0
20,290,8.047945815599265,0.0,0.0,0.0,1.0,1.0,0.0,0.0
21,290,12.0,8.246413775567992,0.0,1.0,0.0,0.0,1.0,1.0
22,290,2.047453813649781,12.0,1.0,0.0,0.0,1.0,1.0,0.0
23,290,3.3915850593435355,5.756321021019563,0.0,0.0,1.0,0.0,0.0,0.0
24,290,5.0881701613629655,2.2978407899828057,1.0,1.0,0.0,0.0,0.0,1.0
25,290,3.161233912256049,10.113484885402451,0.0,0.0,0.0,0.0,1.0,1.0
26,290,9.24030905243916,12.0,0.0,1.0,0.0,0.0,0.0,1.0
27,290,9.872773271710534,0.1936083420031829,1.0,0.0,0.0,1.0,1.0,1.0
28,290,0.209659554985357,8.881378666875275,0.0,0.0,0.0,0.0,1.0,1.0
29,290,2.3354071122434488,0.0,0.0,1.0,0.0,1.0,0.0,1.0
30,290,10.424313521274568,2.562071001497534,1.0,0.0,0.0,0.0,1.0,1.0
31,290,6.724825582074064,0.0,0.0,1.0,1.0,1.0,1.0,0.0
32,290,0.0,4.969822231569152,0.0,1.0,0.0,0.0,0.0,1.0
33,290,2.2227876234137613,5.533874879321664,1.0,1.0,0.0,1.0,0.0,0.0
34,290,7.441930551457538,2.5374059233047386,1.0,0.0,0.0,1.0,1.0,0.0
35,290,7.823662118789868,4.335967743476118,1.0,0.0,0.0,0.0,1.0,0.0
36,290,4.26282769819513,6.946512784334339,1.0,1.0,1.0,0.0,1.0,1.0
37,290,6.030293029534287,0.9693740673749393,1.0,1.0,1.0,0.0,1.0,1.0
38,290,3.614654758241557,5.227362948881256,0.0,1.0,0.0,0.0,1.0,0.0
39,290,10.590539211108789,9.996172530605712,0.0,1.0,1.0,0.0,0.0,0.0
0,295,9.877731618181098,9.94182778051778,0.0,0.0,0.0,1.0,0.0,0.0
1,295,6.777524270139088,9.782928969023564,0.0,0.0,1.0,0.0,1.0,0.0
2,295,9.557221993515686,8.132466735107721,1.0,0.0,0.0,0.0,1.0,0.0
3,295,8.19355384778813,2.688952612244429,0.0,0.0,1.0,0.0,1.0,1.0
4,295,3.0846643219668057,5.179725083191519,0.0,0.0,0.0,0.0,0.0,0.0
5,295,0.0,11.49154706282921,1.0,0.0,1.0,1.0,0.0,0.0
6,295,4.632156613910441,7.94379709469238,0.0,1.0,0.0,1.0,0.0,0.0
7,295,0.0490426523962926,3.92908716555666,0.0,1.0,1.0,1.0,0.0,1.0
8,295,7.048221142090516,7.337555335757681,0.0,0.0,0.0,0.0,0.0,0.0
9,295,8.055510961125673,2.741863519667838,1.0,1.0,1.0,0.0,0.0,0.0
10,295,9.052584227386108,6.587688497368515,0.0,0.0,0.0,1.0,0.0,0.0
11,295,8.999310217359824,6.429914718810771,1.0,1.0,1.0,0.0,1.0,0.0
12,295,4.283113985895266,9.529485526865043,1.0,0.0,0.0,1.0,0.0,1.0
13,295,0.1051209338265673,6.568301217729034,0.0,0.0,1.0,0.0,1.0,0.0
14,295,1.2482445375199722,9.565526158218129,1.0,0.0,0.0,1.0,0.0,1.0
15,295,12.0,5.518016085955342,0.0,1.0,0.0,0.0,1.0,1.0
16,295,7.731825547018929,6.993554044203916,0.0,1.0,1.0,0.0,0.0,0.0
17,295,5.141183817476864,2.981682071857016,0.0,0.0,1.0,0.0,0.0,0.0
18,295,8.33874034193149,0.0,0.0,1.0,1.0,0.0,0.0,0.0
19,295,7.222364747714441,3.390844393507103,1.0,0.0,0.0,1.0,0.0,1.0
20,295,8.248167933527569,0.0,0.0,0.0,1.0,1.0,0.0,0.0
21,295,12.0,8.204143452342187,0.0,1.0,0.0,0.0,1.0,1.0
22,295,1.9990585743910263,12.0,1.0,0.0,0.0,1.0,1.0,0.0
23,295,3.265713907412102,5.818938839911389,0.0,0.0,1.0,0.0,0.0,0.0
24,295,5.039136651710856,2.4328327748196354,1.0,1.0,0.0,0.0,0.0,1.0
25,295,3.189734821247837,10.081022750326271,0.0,0.0,0.0,0.0,1.0,1.0
26,295,9.12430377236694,12.0,0.0,1.0,0.0,0.0,0.0,1.0
27,295,9.860002386147489,0.099210595630814,1.0,0.0,0.0,1.0,1.0,1.0
28,295,0.1697201897723242,8.853639099589893,0.0,0.0,0.0,0.0,1.0,1.0
29,295,2.4378598725072416,0.0,0.0,1.0,0.0,1.0,0.0,1.0
30,295,10.557516363759367,2.53715551073657,1.0,0.0,0.0,0.0,1.0,1.0
31,295,6.625305252537616,0.0,0.0,1.0,1.0,1.0,1.0,0.0
32,295,0.0,5.094442968039296,0.0,1.0,0.0,0.0,0.0,1.0
33,295,2.328316637587948,5.659217963285709,1.0,1.0,0.0,1.0,0.0,0.0
34,295,7.47042308809298,2.5157356589318827,1.0,0.0,0.0,1.0,1.0,0.0
35,295,7.697745074832321,4.149652472563842,1.0,0.0,0.0,0.0,1.0,0.0
36,295,4.224240912099653,6.827996671773931,1.0,1.0,1.0,0.0,1.0,1.0
37,295,5.967469724251926,0.9553134011229804,1.0,1.0,1.0,0.0,1.0,1.0
38,295,3.6124813940748894,5.269240520168464,0.0,1.0,0.0,0.0,1.0,0.0
39,295,10.450986043057128,10.148354809877231,0.0,1.0,1.0,0.0,0.0,0.0
