0,0,7.04070716673025,7.030935954578809,1.0,1.0,0.0,1.0,0.0,0.0
1,0,2.944040584652896,7.970223602429314,0.0,1.0,0.0,0.0,0.0,1.0
2,0,0.0484426556088825,6.986897071204638,0.0,0.0,1.0,1.0,1.0,0.0
3,0,6.995734535438165,12.0,0.0,1.0,1.0,0.0,1.0,0.0
4,0,1.9833334424998523,7.950936800782447,1.0,0.0,1.0,1.0,0.0,0.0
5,0,3.938155735326677,3.9670609251539504,1.0,0.0,0.0,1.0,1.0,0.0
6,0,5.025032024942238,0.9327775936931492,0.0,0.0,0.0,0.0,0.0,1.0
7,0,6.957322382667191,3.044381995546106,0.0,1.0,1.0,0.0,1.0,0.0
8,0,12.0,3.964598366000526,0.0,1.0,1.0,0.0,1.0,1.0
9,0,5.016710978978946,2.0624417263314543,0.0,0.0,0.0,0.0,1.0,0.0
10,0,0.9678392440766826,2.958961118244651,0.0,0.0,1.0,0.0,1.0,1.0
11,0,12.0,0.9516845471550206,0.0,0.0,0.0,1.0,0.0,0.0
12,0,9.943723851218556,10.986621779612232,1.0,0.0,0.0,1.0,0.0,0.0
13,0,4.037468095241453,11.04947275674785,1.0,0.0,0.0,1.0,0.0,0.0
14,0,12.0,10.929416635805405,1.0,1.0,0.0,1.0,0.0,0.0
15,0,2.0693963786137166,8.019902951441034,1.0,0.0,0.0,0.0,1.0,1.0
16,0,12.0,11.00870588647355,1.0,1.0,1.0,1.0,0.0,0.0
17,0,0.9685604974203444,8.957930161273298,1.0,0.0,0.0,1.0,0.0,0.0
18,0,0.0022689353869657,0.0,1.0,0.0,0.0,1.0,1.0,0.0
19,0,3.9363531650192463,1.965653837935863,0.0,1.0,0.0,1.0,0.0,0.0
20,0,3.0039742482777827,10.047986793948118,0.0,1.0,1.0,0.0,0.0,1.0
21,0,5.958350078247634,1.9928779368648888,0.0,0.0,1.0,0.0,0.0,0.0
22,0,7.052183690342928,12.0,0.0,1.0,1.0,0.0,0.0,1.0
23,0,10.926311904420496,3.9936445265915896,0.0,0.0,0.0,0.0,0.0,1.0
24,0,10.942475888978375,0.9804881587194428,0.0,0.0,0.0,1.0,0.0,0.0
25,0,6.047574542246495,0.0526795523666772,0.0,1.0,0.0,0.0,0.0,0.0
26,0,0.9121450895887312,12.0,0.0,1.0,1.0,1.0,0.0,1.0
27,0,9.040548525224455,12.0,1.0,0.0,0.0,1.0,0.0,1.0
28,0,5.97860109578367,9.05990075076512,1.0,0.0,1.0,1.0,0.0,0.0
29,0,12.0,2.0193004704309856,0.0,0.0,0.0,1.0,1.0,1.0
30,0,3.037678887045641,7.023356408331806,0.0,1.0,0.0,0.0,0.0,0.0
31,0,0.9583822923322818,5.050338360582609,1.0,0.0,1.0,1.0,1.0,0.0
32,0,0.9529750181101796,3.0174634404361504,0.0,0.0,0.0,1.0,0.0,1.0
33,0,5.009975514445047,9.047469706076946,1.0,0.0,0.0,0.0,0.0,0.0
34,0,7.055726681903013,1.0115889491029244,1.0,0.0,1.0,0.0,0.0,0.0
35,0,7.946139431429333,4.975923818197266,0.0,1.0,1.0,0.0,0.0,0.0
36,0,1.0292533118500415,6.0324010217440245,1.0,0.0,0.0,1.0,0.0,1.0
37,0,4.052296835992485,7.996796195790957,1.0,0.0,0.0,1.0,1.0,0.0
38,0,5.997839140058217,0.940278140512941,0.0,1.0,0.0,0.0,0.0,1.0
39,0,6.934447082685431,10.01588736073077,1.0,1.0,1.0,1.0,0.0,0.0
0,5,7.084697892204077,7.064296538466818,1.0,1.0,0.0,1.0,0.0,0.0
1,5,2.858201157111001,7.925788435269033,0.0,1.0,0.0,0.0,0.0,1.0
2,5,0.0884129314678729,6.9767653829137215,0.0,0.0,1.0,1.0,1.0,0.0
3,5,6.993433457571896,12.0,0.0,1.0,1.0,0.0,1.0,0.0
4,5,1.956565538603649,7.872894143477445,1.0,0.0,1.0,1.0,0.0,0.0
5,5,3.879038174040471,3.933760053719382,1.0,0.0,0.0,1.0,1.0,0.0
6,5,5.0585161604821565,0.8440288288278999,0.0,0.0,0.0,0.0,0.0,1.0
7,5,6.915690730358805,3.087815856667788,0.0,1.0,1.0,0.0,1.0,0.0
8,5,12.0,3.935406564558846,0.0,1.0,1.0,0.0,1.0,1.0
9,5,5.036384980556494,2.1292181830850136,0.0,0.0,0.0,0.0,1.0,0.0
10,5,0.9302969231455356,2.912327485747277,0.0,0.0,1.0,0.0,1.0,1.0
11,5,12.0,0.9183225071967231,0.0,0.0,0.0,1.0,0.0,0.0
12,5,9.887922698738176,10.974008712346253,1.0,0.0,0.0,1.0,0.0,0.0
13,5,4.068033989499482,11.089304059459035,1.0,0.0,0.0,1.0,0.0,0.0
14,5,12.0,10.870717272534666,1.0,1.0,0.0,1.0,0.0,0.0
15,5,2.1672865917924367,8.047826814249738,1.0,0.0,0.0,0.0,1.0,1.0
16,5,12.0,11.017655288468488,1.0,1.0,1.0,1.0,0.0,0.0
17,5,0.9334423029209632,8.912133915855629,1.0,0.0,0.0,1.0,0.0,0.0
18,5,0.0092584145026441,0.0,1.0,0.0,0.0,1.0,1.0,0.0
19,5,3.8836733727210926,1.937894984698522,0.0,1.0,0.0,1.0,0.0,0.0
20,5,3.009065734055541,10.095609321058182,0.0,1.0,1.0,0.0,0.0,1.0
21,5,5.9244782087750645,1.9872142254260845,0.0,0.0,1.0,0.0,0.0,0.0
22,5,7.123419663713497,12.0,0.0,1.0,1.0,0.0,0.0,1.0
23,5,10.868079972330529,3.989312976503922,0.0,0.0,0.0,0.0,0.0,1.0
24,5,10.905562393730934,0.9673698574778976,0.0,0.0,0.0,1.0,0.0,0.0
25,5,6.101792467924476,0.1111068565847102,0.0,1.0,0.0,0.0,0.0,0.0
26,5,0.8201886572787589,12.0,0.0,1.0,1.0,1.0,0.0,1.0
27,5,9.081747678094876,12.0,1.0,0.0,0.0,1.0,0.0,1.0
28,5,6.047540010526359,9.085177694030104,1.0,0.0,1.0,1.0,0.0,0.0
29,5,12.0,2.0373961590187744,0.0,0.0,0.0,1.0,1.0,1.0
30,5,3.077275221104198,7.046804783584686,0.0,1.0,0.0,0.0,0.0,0.0
31,5,0.91910088171087,5.095331665901195,1.0,0.0,1.0,1.0,1.0,0.0
32,5,0.9324022180017228,3.025012437266313,0.0,0.0,0.0,1.0,0.0,1.0
33,5,5.018289979126177,9.087130348278036,1.0,0.0,0.0,0.0,0.0,0.0
34,5,7.103990735710311,1.0227135826301028,1.0,0.0,1.0,0.0,0.0,0.0
35,5,7.8935869534923615,4.953330530652106,0.0,1.0,1.0,0.0,0.0,0.0
36,5,1.0465811726542953,6.050824521382388,1.0,0.0,0.0,1.0,0.0,1.0
37,5,4.096883097981513,7.994931429844354,1.0,0.0,0.0,1.0,1.0,0.0
38,5,5.995322388669181,0.879246674711377,0.0,1.0,0.0,0.0,0.0,1.0
39,5,6.84767330165139,10.035979320003683,1.0,1.0,1.0,1.0,0.0,0.0
0,10,7.13584522319455,7.10133392438526,1.0,1.0,0.0,1.0,0.0,0.0
1,10,2.752580474831195,7.869730989798113,0.0,1.0,0.0,0.0,0.0,1.0
2,10,0.126489076767959,6.967003976920534,0.0,0.0,1.0,1.0,1.0,0.0
3,10,6.990399906764403,12.0,0.0,1.0,1.0,0.0,1.0,0.0
4,10,1.924838544189043,7.792166863678099,1.0,0.0,1.0,1.0,0.0,0.0
5,10,3.8168470771127447,3.899565899607616,1.0,0.0,0.0,1.0,1.0,0.0
6,10,5.093752641597964,0.7588635112973967,0.0,0.0,0.0,0.0,0.0,1.0
7,10,6.88339744121264,3.1238942905877645,0.0,1.0,1.0,0.0,1.0,0.0
8,10,12.0,3.906842805495363,0.0,1.0,1.0,0.0,1.0,1.0
9,10,5.047238258019052,2.1662331600651337,0.0,0.0,0.0,0.0,1.0,0.0
10,10,0.8990863790915137,2.874653813755439,0.0,0.0,1.0,0.0,1.0,1.0
11,10,12.0,0.8675903766546125,0.0,0.0,0.0,1.0,0.0,0.0
12,10,9.844062644406524,10.965079393681666,1.0,0.0,0.0,1.0,0.0,0.0
13,10,4.091380425185969,11.119595955080651,1.0,0.0,0.0,1.0,0.0,0.0
14,10,12.0,10.812484894854505,1.0,1.0,0.0,1.0,0.0,0.0
15,10,2.2598858416495657,8.07349386380698,1.0,0.0,0.0,0.0,1.0,1.0
16,10,12.0,11.027158837258904,1.0,1.0,1.0,1.0,0.0,0.0
17,10,0.9141706592977978,8.883908242521649,1.0,0.0,0.0,1.0,0.0,0.0
18,10,0.0146367647717439,0.0,1.0,0.0,0.0,1.0,1.0,0.0
19,10,3.828578618845694,1.909595624752401,0.0,1.0,0.0,1.0,0.0,0.0
20,10,3.012321344692969,10.116590112150968,0.0,1.0,1.0,0.0,0.0,1.0
21,10,5.896787750438037,1.9830245661736272,0.0,0.0,1.0,0.0,0.0,0.0
22,10,7.18754257900556,12.0,0.0,1.0,1.0,0.0,0.0,1.0
23,10,10.810675307652948,3.985876273644561,0.0,0.0,0.0,0.0,0.0,1.0
24,10,10.877828441562016,0.9571722747325392,0.0,0.0,0.0,1.0,0.0,0.0
25,10,6.156941995904543,0.1676833761704499,0.0,1.0,0.0,0.0,0.0,0.0
26,10,0.7327022329409465,12.0,0.0,1.0,1.0,1.0,0.0,1.0
27,10,9.101241039140598,12.0,1.0,0.0,0.0,1.0,0.0,1.0
28,10,6.123512893797225,9.11242436859048,1.0,0.0,1.0,1.0,0.0,0.0
29,10,12.0,2.0598695505598195,0.0,0.0,0.0,1.0,1.0,1.0
30,10,3.1148150775615835,7.069521508352839,0.0,1.0,0.0,0.0,0.0,0.0
31,10,0.8790017760919071,5.144020999526776,1.0,0.0,1.0,1.0,1.0,0.0
32,10,0.9296266771058892,3.026077179808165,0.0,0.0,0.0,1.0,0.0,1.0
33,10,5.029986966722072,9.141954619568503,1.0,0.0,0.0,0.0,0.0,0.0
34,10,7.163178831260541,1.035477940741232,1.0,0.0,1.0,0.0,0.0,0.0
35,10,7.8380967950581955,4.930471578519113,0.0,1.0,1.0,0.0,0.0,0.0
36,10,1.0671008713661043,6.072848647237987,1.0,0.0,0.0,1.0,0.0,1.0
37,10,4.173287068663227,7.991702603004265,1.0,0.0,0.0,1.0,1.0,0.0
38,10,5.991366860318536,0.8298315512414441,0.0,1.0,0.0,0.0,0.0,1.0
39,10,6.7572100511353845,10.05283235611846,1.0,1.0,1.0,1.0,0.0,0.0
0,15,7.197446685101995,7.148067623134009,1.0,1.0,0.0,1.0,0.0,0.0
1,15,2.6333576819344717,7.801914881564599,0.0,1.0,0.0,0.0,0.0,1.0
2,15,0.1783918394809703,6.953217866694026,0.0,0.0,1.0,1.0,1.0,0.0
3,15,6.987032290692898,12.0,0.0,1.0,1.0,0.0,1.0,0.0
4,15,1.8967651134695556,7.717346409052814,1.0,0.0,1.0,1.0,0.0,0.0
5,15,3.755520262129536,3.8678925567291,1.0,0.0,0.0,1.0,1.0,0.0
6,15,5.128494158817332,0.6723985386886123,0.0,0.0,0.0,0.0,0.0,1.0
7,15,6.846666276388634,3.165607966906919,0.0,1.0,1.0,0.0,1.0,0.0
8,15,12.0,3.872640066152719,0.0,1.0,1.0,0.0,1.0,1.0
9,15,5.05557293628329,2.193927561015228,0.0,0.0,0.0,0.0,1.0,0.0
10,15,0.866419323412065,2.8372820825646583,0.0,0.0,1.0,0.0,1.0,1.0
11,15,12.0,0.8040541997540394,0.0,0.0,0.0,1.0,0.0,0.0
12,15,9.761325583274855,10.94811852228991,1.0,0.0,0.0,1.0,0.0,0.0
13,15,4.1120481287488015,11.145725057825548,1.0,0.0,0.0,1.0,0.0,0.0
14,15,12.0,10.77797243034322,1.0,1.0,0.0,1.0,0.0,0.0
15,15,2.342209821623547,8.094684673933607,1.0,0.0,0.0,0.0,1.0,1.0
16,15,12.0,11.03518365067463,1.0,1.0,1.0,1.0,0.0,0.0
17,15,0.8900112554775609,8.846984741547434,1.0,0.0,0.0,1.0,0.0,0.0
18,15,0.014469672764272,0.0008547314786981,1.0,0.0,0.0,1.0,1.0,0.0
19,15,3.749596042621629,1.8682980531738207,0.0,1.0,0.0,1.0,0.0,0.0
20,15,3.029574343735119,10.113531415590993,0.0,1.0,1.0,0.0,0.0,1.0
21,15,5.887282428647446,1.9817224682594503,0.0,0.0,1.0,0.0,0.0,0.0
22,15,7.263740366093913,12.0,0.0,1.0,1.0,0.0,0.0,1.0
23,15,10.748949135060045,3.981862876491277,0.0,0.0,0.0,0.0,0.0,1.0
24,15,10.850422237951047,0.9464307739743656,0.0,0.0,0.0,1.0,0.0,0.0
25,15,6.211459421133347,0.221097787708617,0.0,1.0,0.0,0.0,0.0,0.0
26,15,0.6345647792206724,12.0,0.0,1.0,1.0,1.0,0.0,1.0
27,15,9.13278400388536,12.0,1.0,0.0,0.0,1.0,0.0,1.0
28,15,6.194703386703274,9.13560702953104,1.0,0.0,1.0,1.0,0.0,0.0
29,15,12.0,2.076073336744257,0.0,0.0,0.0,1.0,1.0,1.0
30,15,3.1713592095858063,7.103050064360717,0.0,1.0,0.0,0.0,0.0,0.0
31,15,0.8366804241093586,5.193486289692019,1.0,0.0,1.0,1.0,1.0,0.0
32,15,0.9070434650745413,3.034263214967469,0.0,0.0,0.0,1.0,0.0,1.0
33,15,5.044517845817233,9.220055024741155,1.0,0.0,0.0,0.0,0.0,0.0
34,15,7.21710161351378,1.047328691896117,1.0,0.0,1.0,0.0,0.0,0.0
35,15,7.773242256959332,4.904886066543956,0.0,1.0,1.0,0.0,0.0,0.0
36,15,1.0818569157557585,6.088033809064537,1.0,0.0,0.0,1.0,0.0,1.0
37,15,4.260714263565968,7.987390334096004,1.0,0.0,0.0,1.0,1.0,0.0
38,15,5.988335700303147,0.7785671590733078,0.0,1.0,0.0,0.0,0.0,1.0
39,15,6.655667319927375,10.068207030079874,1.0,1.0,1.0,1.0,0.0,0.0
0,20,7.25789062289244,7.193043737536106,1.0,1.0,0.0,1.0,0.0,0.0
1,20,2.4879368462647022,7.716944165497487,0.0,1.0,0.0,0.0,0.0,1.0
2,20,0.222610634483141,6.9415941192163935,0.0,0.0,1.0,1.0,1.0,0.0
3,20,6.986869462910551,12.0,0.0,1.0,1.0,0.0,1.0,0.0
4,20,1.86773315410882,7.6433589231082575,1.0,0.0,1.0,1.0,0.0,0.0
5,20,3.786360488979888,3.8089704666059454,1.0,0.0,0.0,1.0,1.0,0.0
6,20,5.16758733606709,0.5772613074553302,0.0,0.0,0.0,0.0,0.0,1.0
7,20,6.8075185061294246,3.206199500895838,0.0,1.0,1.0,0.0,1.0,0.0
8,20,12.0,3.83591822291192,0.0,1.0,1.0,0.0,1.0,1.0
9,20,5.068986882207833,2.235643374739737,0.0,0.0,0.0,0.0,1.0,0.0
10,20,0.8372845918091718,2.80411967646861,0.0,0.0,1.0,0.0,1.0,1.0
11,20,12.0,0.7345911662869399,0.0,0.0,0.0,1.0,0.0,0.0
12,20,9.68329244502976,10.930418344075278,1.0,0.0,0.0,1.0,0.0,0.0
13,20,4.132148538286822,11.170031380663785,1.0,0.0,0.0,1.0,0.0,0.0
14,20,12.0,10.734033711618949,1.0,1.0,0.0,1.0,0.0,0.0
15,20,2.415996094881231,8.113699542823689,1.0,0.0,0.0,0.0,1.0,1.0
16,20,12.0,11.036266975237517,1.0,1.0,1.0,1.0,0.0,0.0
17,20,0.8630594029014856,8.807147529028684,1.0,0.0,0.0,1.0,0.0,0.0
18,20,0.0135633386839231,0.0058907848053607,1.0,0.0,0.0,1.0,1.0,0.0
19,20,3.680537450204376,1.8319100610073344,0.0,1.0,0.0,1.0,0.0,0.0
20,20,3.048486425902482,10.110022827387953,0.0,1.0,1.0,0.0,0.0,1.0
21,20,5.889898531630074,1.9820779598380436,0.0,0.0,1.0,0.0,0.0,0.0
22,20,7.357285668554402,12.0,0.0,1.0,1.0,0.0,0.0,1.0
23,20,10.670236115182206,3.9759551948095577,0.0,0.0,0.0,0.0,0.0,1.0
24,20,10.831765093687167,0.938991580299968,0.0,0.0,0.0,1.0,0.0,0.0
25,20,6.263660297540692,0.2720751094005346,0.0,1.0,0.0,0.0,0.0,0.0
26,20,0.526571518501052,12.0,0.0,1.0,1.0,1.0,0.0,1.0
27,20,9.177155962268104,12.0,1.0,0.0,0.0,1.0,0.0,1.0
28,20,6.266220116419719,9.158122906820251,1.0,0.0,1.0,1.0,0.0,0.0
29,20,12.0,2.0887021449817964,0.0,0.0,0.0,1.0,1.0,1.0
30,20,3.2296404342703733,7.138492746802338,0.0,1.0,0.0,0.0,0.0,0.0
31,20,0.8003603486892915,5.239101456779351,1.0,0.0,1.0,1.0,1.0,0.0
32,20,0.8917859223980044,3.0398113987968856,0.0,0.0,0.0,1.0,0.0,1.0
33,20,5.052905750242658,9.269535327336804,1.0,0.0,0.0,0.0,0.0,0.0
34,20,7.258290346669187,1.056303716392352,1.0,0.0,1.0,0.0,0.0,0.0
35,20,7.704955517363364,4.875908573834691,0.0,1.0,1.0,0.0,0.0,0.0
36,20,1.100354402673707,6.10597197669187,1.0,0.0,0.0,1.0,0.0,1.0
37,20,4.340102658765028,7.98222671165239,1.0,0.0,0.0,1.0,1.0,0.0
38,20,5.98652288772061,0.7489617311364564,0.0,1.0,0.0,0.0,0.0,1.0
39,20,6.562217134440127,10.082061975432016,1.0,1.0,1.0,1.0,0.0,0.0
0,25,7.310684182697503,7.231246111088902,1.0,1.0,0.0,1.0,0.0,0.0
1,25,2.353419132416795,7.640702701882486,0.0,1.0,0.0,0.0,0.0,1.0
2,25,0.2556547381849528,6.932757798999684,0.0,0.0,1.0,1.0,1.0,0.0
3,25,6.9876024407057775,11.993666509328236,0.0,1.0,1.0,0.0,1.0,0.0
4,25,1.8346199584774772,7.56131708776641,1.0,0.0,1.0,1.0,0.0,0.0
5,25,3.807538820798341,3.768209826459124,1.0,0.0,0.0,1.0,1.0,0.0
6,25,5.203772878556088,0.49216662614218,0.0,0.0,0.0,0.0,0.0,1.0
7,25,6.76007839181784,3.255380651443986,0.0,1.0,1.0,0.0,1.0,0.0
8,25,12.0,3.801941232899589,0.0,1.0,1.0,0.0,1.0,1.0
9,25,5.076755199264941,2.258095395283199,0.0,0.0,0.0,0.0,1.0,0.0
10,25,0.8098528947873536,2.773163028220168,0.0,0.0,1.0,0.0,1.0,1.0
11,25,12.0,0.663756848674416,0.0,0.0,0.0,1.0,0.0,0.0
12,25,9.606617869303198,10.910310214325438,1.0,0.0,0.0,1.0,0.0,0.0
13,25,4.162365123379487,11.204629800053825,1.0,0.0,0.0,1.0,0.0,0.0
14,25,12.0,10.70346873281488,1.0,1.0,0.0,1.0,0.0,0.0
15,25,2.4761334754109257,8.131316706335664,1.0,0.0,0.0,0.0,1.0,1.0
16,25,12.0,11.038043900134308,1.0,1.0,1.0,1.0,0.0,0.0
17,25,0.8351941058585145,8.765514406601302,1.0,0.0,0.0,1.0,0.0,0.0
18,25,0.0126792278693515,0.0106892327671117,1.0,0.0,0.0,1.0,1.0,0.0
19,25,3.6041561939785214,1.792318291658901,0.0,1.0,0.0,1.0,0.0,0.0
20,25,3.08687497218812,10.102027200771277,0.0,1.0,1.0,0.0,0.0,1.0
21,25,5.893231903391878,1.9824618405979555,0.0,0.0,1.0,0.0,0.0,0.0
22,25,7.4510525792807325,12.0,0.0,1.0,1.0,0.0,0.0,1.0
23,25,10.574152620353145,3.9675591528980014,0.0,0.0,0.0,0.0,0.0,1.0
24,25,10.82148053454042,0.9348307157461108,0.0,0.0,0.0,1.0,0.0,0.0
25,25,6.322564121993342,0.2114400698874483,0.0,1.0,0.0,0.0,0.0,0.0
26,25,0.3990434815819523,12.0,0.0,1.0,1.0,1.0,0.0,1.0
27,25,9.22959119042741,12.0,1.0,0.0,0.0,1.0,0.0,1.0
28,25,6.347205923422703,9.184282595002054,1.0,0.0,1.0,1.0,0.0,0.0
29,25,12.0,2.105771771193056,0.0,0.0,0.0,1.0,1.0,1.0
30,25,3.282320274420825,7.169534870550368,0.0,1.0,0.0,0.0,0.0,0.0
31,25,0.7780263679815447,5.266586012791546,1.0,0.0,1.0,1.0,1.0,0.0
32,25,0.8858865211286919,3.0419740348506368,0.0,0.0,0.0,1.0,0.0,1.0
33,25,5.05976871863962,9.310360817435392,1.0,0.0,0.0,0.0,0.0,0.0
34,25,7.307890482292552,1.067421840967841,1.0,0.0,1.0,0.0,0.0,0.0
35,25,7.637682178473982,4.8461278131073575,0.0,1.0,1.0,0.0,0.0,0.0
36,25,1.1293431053191525,6.135178046464715,1.0,0.0,0.0,1.0,0.0,1.0
37,25,4.405565388522015,7.978565882642923,1.0,0.0,0.0,1.0,1.0,0.0
38,25,5.984775687926613,0.717469142272022,0.0,1.0,0.0,0.0,0.0,1.0
39,25,6.455514970945938,10.095081017613248,1.0,1.0,1.0,1.0,0.0,0.0
0,30,7.364138405394763,7.2690089933513935,1.0,1.0,0.0,1.0,0.0,0.0
1,30,2.2099250391378105,7.560507305788168,0.0,1.0,0.0,0.0,0.0,1.0
2,30,0.3239945447756436,6.9132042042463455,0.0,0.0,1.0,1.0,1.0,0.0
3,30,6.988927107155235,11.981409735657962,0.0,1.0,1.0,0.0,1.0,0.0
4,30,1.9314422850310624,7.520804094066133,1.0,0.0,1.0,1.0,0.0,0.0
5,30,3.8261193190247234,3.733417994820999,1.0,0.0,0.0,1.0,1.0,0.0
6,30,5.237751420675339,0.41074582034421,0.0,0.0,0.0,0.0,0.0,1.0
7,30,6.718232126562136,3.299674669058327,0.0,1.0,1.0,0.0,1.0,0.0
8,30,12.0,3.7499496110397215,0.0,1.0,1.0,0.0,1.0,1.0
9,30,5.08571605044263,2.282824796753868,0.0,0.0,0.0,0.0,1.0,0.0
10,30,0.780269708705729,2.7382830350047915,0.0,0.0,1.0,0.0,1.0,1.0
11,30,12.0,0.5989208472196769,0.0,0.0,0.0,1.0,0.0,0.0
12,30,9.518639496736307,10.8872105394175,1.0,0.0,0.0,1.0,0.0,0.0
13,30,4.188626288917569,11.235312693190368,1.0,0.0,0.0,1.0,0.0,0.0
14,30,12.0,10.698791441423792,1.0,1.0,0.0,1.0,0.0,0.0
15,30,2.530052337352392,8.145173719399459,1.0,0.0,0.0,0.0,1.0,1.0
16,30,12.0,11.039311951629983,1.0,1.0,1.0,1.0,0.0,0.0
17,30,0.7942765455008776,8.705540213762283,1.0,0.0,0.0,1.0,0.0,0.0
18,30,0.0119593063632041,0.0141873321950577,1.0,0.0,0.0,1.0,1.0,0.0
19,30,3.5583141850105493,1.7677976077397008,0.0,1.0,0.0,1.0,0.0,0.0
20,30,3.128867101751601,10.09388182169354,0.0,1.0,1.0,0.0,0.0,1.0
21,30,5.902003428784081,1.9834332374408283,0.0,0.0,1.0,0.0,0.0,0.0
22,30,7.53253891354775,12.0,0.0,1.0,1.0,0.0,0.0,1.0
23,30,10.47413347916348,3.957911051559055,0.0,0.0,0.0,0.0,0.0,1.0
24,30,10.802734058672357,0.9270901112871432,0.0,0.0,0.0,1.0,0.0,0.0
25,30,6.3891361313256745,0.1421767388562824,0.0,1.0,0.0,0.0,0.0,0.0
26,30,0.2671744381368952,12.0,0.0,1.0,1.0,1.0,0.0,1.0
27,30,9.2873770752573,12.0,1.0,0.0,0.0,1.0,0.0,1.0
28,30,6.419498548364097,9.209983284218572,1.0,0.0,1.0,1.0,0.0,0.0
29,30,12.0,2.121935553833989,0.0,0.0,0.0,1.0,1.0,1.0
30,30,3.316748516049441,7.190846570157627,0.0,1.0,0.0,0.0,0.0,0.0
31,30,0.7448008664853989,5.307764039588373,1.0,0.0,1.0,1.0,1.0,0.0
32,30,0.8889355489958705,3.040795654670758,0.0,0.0,0.0,1.0,0.0,1.0
33,30,5.069493525503157,9.361598565949212,1.0,0.0,0.0,0.0,0.0,0.0
34,30,7.373342219054924,1.0818962697918604,1.0,0.0,1.0,0.0,0.0,0.0
35,30,7.550269398333007,4.8046879313984086,0.0,1.0,1.0,0.0,0.0,0.0
36,30,1.164956256344511,6.1700193491607305,1.0,0.0,0.0,1.0,0.0,1.0
37,30,4.457724626719986,7.974725769472493,1.0,0.0,0.0,1.0,1.0,0.0
38,30,5.981615950704905,0.6737662325146673,0.0,1.0,0.0,0.0,0.0,1.0
39,30,6.324607996284632,10.108682606050868,1.0,1.0,1.0,1.0,0.0,0.0
0,35,7.402621148284491,7.296832514433821,1.0,1.0,0.0,1.0,0.0,0.0
1,35,2.0769219187342967,7.491381883351499,0.0,1.0,0.0,0.0,0.0,1.0
2,35,0.3828071704828093,6.89741626340975,0.0,0.0,1.0,1.0,1.0,0.0
3,35,6.988779482788456,11.98268687740455,0.0,1.0,1.0,0.0,1.0,0.0
4,35,2.0358401503351966,7.478101061134903,1.0,0.0,1.0,1.0,0.0,0.0
5,35,3.847995997651216,3.693588217405084,1.0,0.0,0.0,1.0,1.0,0.0
6,35,5.264622045742919,0.3431861684737694,0.0,0.0,0.0,0.0,0.0,1.0
7,35,6.687664560512812,3.331037384709766,0.0,1.0,1.0,0.0,1.0,0.0
8,35,12.0,3.7132698963223336,0.0,1.0,1.0,0.0,1.0,1.0
9,35,5.096493482277899,2.3126346082416505,0.0,0.0,0.0,0.0,1.0,0.0
10,35,0.746210906999134,2.6962053042666203,0.0,0.0,1.0,0.0,1.0,1.0
11,35,12.0,0.5353334592597213,0.0,0.0,0.0,1.0,0.0,0.0
12,35,9.4416600766972,10.867999806069417,1.0,0.0,0.0,1.0,0.0,0.0
13,35,4.223645712460108,11.27622925784438,1.0,0.0,0.0,1.0,0.0,0.0
14,35,12.0,10.688231632814404,1.0,1.0,0.0,1.0,0.0,0.0
15,35,2.551083934525222,8.150044920875263,1.0,0.0,0.0,0.0,1.0,1.0
16,35,12.0,11.041326190490109,1.0,1.0,1.0,1.0,0.0,0.0
17,35,0.7542685428599385,8.646868070208804,1.0,0.0,0.0,1.0,0.0,0.0
18,35,0.0121675476380684,0.0129607833658073,1.0,0.0,0.0,1.0,1.0,0.0
19,35,3.515755842198078,1.7463521612895792,0.0,1.0,0.0,1.0,0.0,0.0
20,35,3.172693585328556,10.084762962073334,0.0,1.0,1.0,0.0,0.0,1.0
21,35,5.894840272285963,1.98290500475276,0.0,0.0,1.0,0.0,0.0,0.0
22,35,7.610437920953505,12.0,0.0,1.0,1.0,0.0,0.0,1.0
23,35,10.381936926969722,3.9501491662504096,0.0,0.0,0.0,0.0,0.0,1.0
24,35,10.794071948935368,0.9232674097122164,0.0,0.0,0.0,1.0,0.0,0.0
25,35,6.446613015832394,0.0828837678596115,0.0,1.0,0.0,0.0,0.0,0.0
26,35,0.1389633479818605,12.0,0.0,1.0,1.0,1.0,0.0,1.0
27,35,9.33510288012692,12.0,1.0,0.0,0.0,1.0,0.0,1.0
28,35,6.500902930147166,9.238733879404847,1.0,0.0,1.0,1.0,0.0,0.0
29,35,12.0,2.142405814451946,0.0,0.0,0.0,1.0,1.0,1.0
30,35,3.34236793239292,7.206704780651547,0.0,1.0,0.0,0.0,0.0,0.0
31,35,0.7162861348346192,5.345192872723251,1.0,0.0,1.0,1.0,1.0,0.0
32,35,0.9009689730972265,3.036318017073861,0.0,0.0,0.0,1.0,0.0,1.0
33,35,5.079132220393525,9.417402204767937,1.0,0.0,0.0,0.0,0.0,0.0
34,35,7.442468327756875,1.0968429851189352,1.0,0.0,1.0,0.0,0.0,0.0
35,35,7.45200160843368,4.761765118650478,0.0,1.0,1.0,0.0,0.0,0.0
36,35,1.201769186363181,6.20422701501331,1.0,0.0,0.0,1.0,0.0,1.0
37,35,4.515647379213574,7.9733833045976095,1.0,0.0,0.0,1.0,1.0,0.0
38,35,5.978604047064552,0.6093223027623159,0.0,1.0,0.0,0.0,0.0,1.0
39,35,6.197950997812105,10.123169661190175,1.0,1.0,1.0,1.0,0.0,0.0
0,40,7.432295205651996,7.318505070823885,1.0,1.0,0.0,1.0,0.0,0.0
1,40,1.9417708830198444,7.427660381135376,0.0,1.0,0.0,0.0,0.0,1.0
2,40,0.4532030962284583,6.879238313705219,0.0,0.0,1.0,1.0,1.0,0.0
3,40,6.988265663088146,11.986917644420036,0.0,1.0,1.0,0.0,1.0,0.0
4,40,2.132247060112732,7.437287170399221,1.0,0.0,1.0,1.0,0.0,0.0
5,40,3.869035844285327,3.65604588727325,1.0,0.0,0.0,1.0,1.0,0.0
6,40,5.298780015575613,0.2634318302108779,0.0,0.0,0.0,0.0,0.0,1.0
7,40,6.653845917801859,3.3647585153536657,0.0,1.0,1.0,0.0,1.0,0.0
8,40,12.0,3.674110229189674,0.0,1.0,1.0,0.0,1.0,1.0
9,40,5.104143387072723,2.3340441512880936,0.0,0.0,0.0,0.0,1.0,0.0
10,40,0.7174189639881908,2.657041402375215,0.0,0.0,1.0,0.0,1.0,1.0
11,40,12.0,0.4831630985320416,0.0,0.0,0.0,1.0,0.0,0.0
12,40,9.367860020427004,10.849813850111383,1.0,0.0,0.0,1.0,0.0,0.0
13,40,4.253928573472757,11.313087171672631,1.0,0.0,0.0,1.0,0.0,0.0
14,40,11.99963099937268,10.689276171070023,1.0,1.0,0.0,1.0,0.0,0.0
15,40,2.5653726272403583,8.153256661302411,1.0,0.0,0.0,0.0,1.0,1.0
16,40,12.0,11.042153665281692,1.0,1.0,1.0,1.0,0.0,0.0
17,40,0.7013442231263869,8.568849415421225,1.0,0.0,0.0,1.0,0.0,0.0
18,40,0.0135284799061127,0.0037063474729242,1.0,0.0,0.0,1.0,1.0,0.0
19,40,3.474019435353412,1.7243590526539727,0.0,1.0,0.0,1.0,0.0,0.0
20,40,3.218292226123941,10.076129540053053,0.0,1.0,1.0,0.0,0.0,1.0
21,40,5.888956742254525,1.98248036750302,0.0,0.0,1.0,0.0,0.0,0.0
22,40,7.698443863948826,12.0,0.0,1.0,1.0,0.0,0.0,1.0
23,40,10.29109147751453,3.9445309631355,0.0,0.0,0.0,0.0,0.0,1.0
24,40,10.786659359312296,0.9200019111116372,0.0,0.0,0.0,1.0,0.0,0.0
25,40,6.517835456861704,0.0115035238582776,0.0,1.0,0.0,0.0,0.0,0.0
26,40,0.0130855655918802,12.0,0.0,1.0,1.0,1.0,0.0,1.0
27,40,9.36088960579051,12.0,1.0,0.0,0.0,1.0,0.0,1.0
28,40,6.583488777200102,9.267325961745874,1.0,0.0,1.0,1.0,0.0,0.0
29,40,12.0,2.167386072410052,0.0,0.0,0.0,1.0,1.0,1.0
30,40,3.362343014589253,7.219764516981068,0.0,1.0,0.0,0.0,0.0,0.0
31,40,0.6853193062489275,5.383636316781435,1.0,0.0,1.0,1.0,1.0,0.0
32,40,0.9283870750137272,3.0254763708728727,0.0,0.0,0.0,1.0,0.0,1.0
33,40,5.089666615768048,9.48240176711505,1.0,0.0,0.0,0.0,0.0,0.0
34,40,7.531293366017239,1.1179576520710808,1.0,0.0,1.0,0.0,0.0,0.0
35,40,7.367096258704046,4.724104182772602,0.0,1.0,1.0,0.0,0.0,0.0
36,40,1.26271319064426,6.2611687224590415,1.0,0.0,0.0,1.0,0.0,1.0
37,40,4.587843503863183,7.968877117800162,1.0,0.0,0.0,1.0,1.0,0.0
38,40,5.97494745972179,0.5501065712341076,0.0,1.0,0.0,0.0,0.0,1.0
39,40,6.076037642065455,10.137763854808524,1.0,1.0,1.0,1.0,0.0,0.0
0,45,7.467581273988931,7.343198735274686,1.0,1.0,0.0,1.0,0.0,0.0
1,45,1.820280109435052,7.37209843850377,0.0,1.0,0.0,0.0,0.0,1.0
2,45,0.5296178516138402,6.8597694360524,0.0,0.0,1.0,1.0,1.0,0.0
3,45,6.987689884429649,11.992140825672736,0.0,1.0,1.0,0.0,1.0,0.0
4,45,2.2378935340816843,7.393120456257192,1.0,0.0,1.0,1.0,0.0,0.0
5,45,3.892455542267879,3.615703310956394,1.0,0.0,0.0,1.0,1.0,0.0
6,45,5.341241623661053,0.1646759585174002,0.0,0.0,0.0,0.0,0.0,1.0
7,45,6.6373214978874895,3.3811953681502467,0.0,1.0,1.0,0.0,1.0,0.0
8,45,12.0,3.627508959164332,0.0,1.0,1.0,0.0,1.0,1.0
9,45,5.110809957219304,2.353681977434696,0.0,0.0,0.0,0.0,1.0,0.0
10,45,0.691854799332067,2.6223245895925142,0.0,0.0,1.0,0.0,1.0,1.0
11,45,12.0,0.4313369785163069,0.0,0.0,0.0,1.0,0.0,0.0
12,45,9.291149746531334,10.832849356081963,1.0,0.0,0.0,1.0,0.0,0.0
13,45,4.28607208969891,11.354518519035665,1.0,0.0,0.0,1.0,0.0,0.0
14,45,12.0,10.674531114581445,1.0,1.0,0.0,1.0,0.0,0.0
15,45,2.581290094283896,8.15677756134533,1.0,0.0,0.0,0.0,1.0,1.0
16,45,12.0,11.043979217690396,1.0,1.0,1.0,1.0,0.0,0.0
17,45,0.6525571750506632,8.49924904786549,1.0,0.0,0.0,1.0,0.0,0.0
18,45,0.0168420811439609,0.0,1.0,0.0,0.0,1.0,1.0,0.0
19,45,3.4561579182251503,1.7149789768956738,0.0,1.0,0.0,1.0,0.0,0.0
20,45,3.228831467590098,10.074099259992684,0.0,1.0,1.0,0.0,0.0,1.0
21,45,5.880912183746329,1.981626817991743,0.0,0.0,1.0,0.0,0.0,0.0
22,45,7.80701761631065,12.0,0.0,1.0,1.0,0.0,0.0,1.0
23,45,10.215030131111972,3.9388838675585593,0.0,0.0,0.0,0.0,0.0,1.0
24,45,10.78302947797822,0.9184130354472396,0.0,0.0,0.0,1.0,0.0,0.0
25,45,6.588391647116736,0.0,0.0,1.0,0.0,0.0,0.0,0.0
26,45,0.0,12.0,0.0,1.0,1.0,1.0,0.0,1.0
27,45,9.38706267133915,12.0,1.0,0.0,0.0,1.0,0.0,1.0
28,45,6.675011533582161,9.304556987591049,1.0,0.0,1.0,1.0,0.0,0.0
29,45,12.0,2.2000570206736367,0.0,0.0,0.0,1.0,1.0,1.0
30,45,3.368679482934405,7.22394435656259,0.0,1.0,0.0,0.0,0.0,0.0
31,45,0.65724776494271,5.417539217166541,1.0,0.0,1.0,1.0,1.0,0.0
32,45,0.9474733198373652,3.018469035447142,0.0,0.0,0.0,1.0,0.0,1.0
33,45,5.097558481214144,9.540063824981384,1.0,0.0,0.0,0.0,0.0,0.0
34,45,7.607452972569765,1.1388115158592815,1.0,0.0,1.0,0.0,0.0,0.0
35,45,7.273680454220459,4.686192859669029,0.0,1.0,1.0,0.0,0.0,0.0
36,45,1.324989040384396,6.323960277852722,1.0,0.0,0.0,1.0,0.0,1.0
37,45,4.628494499657252,7.967440265918825,1.0,0.0,0.0,1.0,1.0,0.0
38,45,5.971160849983794,0.4818358419194819,0.0,1.0,0.0,0.0,0.0,1.0
39,45,5.952495015800155,10.153867373458914,1.0,1.0,1.0,1.0,0.0,0.0
0,50,7.521934905260828,7.3838583056713185,1.0,1.0,0.0,1.0,0.0,0.0
1,50,1.6801616996569937,7.310401612706532,0.0,1.0,0.0,0.0,0.0,1.0
2,50,0.6166977815256659,6.838080160575854,0.0,0.0,1.0,1.0,1.0,0.0
3,50,6.985998070631699,12.0,0.0,1.0,1.0,0.0,1.0,0.0
4,50,2.342491121031616,7.350510751560748,1.0,0.0,1.0,1.0,0.0,0.0
5,50,3.913084218826143,3.5806256108613224,1.0,0.0,0.0,1.0,1.0,0.0
6,50,5.377215049168895,0.0743344593280984,0.0,0.0,0.0,0.0,0.0,1.0
7,50,6.605328296559791,3.414255704044556,0.0,1.0,1.0,0.0,1.0,0.0
8,50,12.0,3.584020511927993,0.0,1.0,1.0,0.0,1.0,1.0
9,50,5.122821631979633,2.387645638337389,0.0,0.0,0.0,0.0,1.0,0.0
10,50,0.6720985250269376,2.5954202494546283,0.0,0.0,1.0,0.0,1.0,1.0
11,50,12.0,0.3764114389773039,0.0,0.0,0.0,1.0,0.0,0.0
12,50,9.182624112895564,10.811124831811115,1.0,0.0,0.0,1.0,0.0,0.0
13,50,4.312275582049908,11.389175200003352,1.0,0.0,0.0,1.0,0.0,0.0
14,50,12.0,10.67357759680372,1.0,1.0,0.0,1.0,0.0,0.0
15,50,2.6173686763571884,8.164925530958786,1.0,0.0,0.0,0.0,1.0,1.0
16,50,12.0,11.047141380015145,1.0,1.0,1.0,1.0,0.0,0.0
17,50,0.614640502566846,8.446402656968733,1.0,0.0,0.0,1.0,0.0,0.0
18,50,0.023576732042741,0.0,1.0,0.0,0.0,1.0,1.0,0.0
19,50,3.4278266784267784,1.6996824710977017,0.0,1.0,0.0,1.0,0.0,0.0
20,50,3.220150106883661,10.076110263262391,0.0,1.0,1.0,0.0,0.0,1.0
21,50,5.861526891259223,1.9795297631425013,0.0,0.0,1.0,0.0,0.0,0.0
22,50,7.909803428250691,12.0,0.0,1.0,1.0,0.0,0.0,1.0
23,50,10.103096107315578,3.931960946303343,0.0,0.0,0.0,0.0,0.0,1.0
24,50,10.80090167447991,0.9263816402663858,0.0,0.0,0.0,1.0,0.0,0.0
25,50,6.672062072468998,0.0,0.0,1.0,0.0,0.0,0.0,0.0
26,50,0.0,12.0,0.0,1.0,1.0,1.0,0.0,1.0
27,50,9.406024781359273,12.0,1.0,0.0,0.0,1.0,0.0,1.0
28,50,6.776489575617658,9.344484997874664,1.0,0.0,1.0,1.0,0.0,0.0
29,50,12.0,2.241110974893754,0.0,0.0,0.0,1.0,1.0,1.0
30,50,3.38494893487257,7.234944082330001,0.0,1.0,0.0,0.0,0.0,0.0
31,50,0.62550592635837,5.455717547834557,1.0,0.0,1.0,1.0,1.0,0.0
32,50,0.9734063073331052,3.0090134356346154,0.0,0.0,0.0,1.0,0.0,1.0
33,50,5.10234623395394,9.578149442591236,1.0,0.0,0.0,0.0,0.0,0.0
34,50,7.682442415193535,1.1583339108429858,1.0,0.0,1.0,0.0,0.0,0.0
35,50,7.197566671356925,4.654873252290695,0.0,1.0,1.0,0.0,0.0,0.0
36,50,1.3764320705254127,6.375323990352271,1.0,0.0,0.0,1.0,0.0,1.0
37,50,4.679677690010847,7.965910627285135,1.0,0.0,0.0,1.0,1.0,0.0
38,50,5.9662907936510505,0.4000699754959227,0.0,1.0,0.0,0.0,0.0,1.0
39,50,5.832408710215047,10.168246584103665,1.0,1.0,1.0,1.0,0.0,0.0
0,55,7.579547719277355,7.427131441907319,1.0,1.0,0.0,1.0,0.0,0.0
1,55,1.5511506299435642,7.253736918295914,0.0,1.0,0.0,0.0,0.0,1.0
2,55,0.7086805477985415,6.814449585404889,0.0,0.0,1.0,1.0,1.0,0.0
3,55,6.983702979327925,12.0,0.0,1.0,1.0,0.0,1.0,0.0
4,55,2.427603206790623,7.314203761377961,1.0,0.0,1.0,1.0,0.0,0.0
5,55,3.927450525891665,3.5560130741915863,1.0,0.0,0.0,1.0,1.0,0.0
6,55,5.416789410907978,0.0,0.0,0.0,0.0,0.0,0.0,1.0
7,55,6.574425019822312,3.446174484795041,0.0,1.0,1.0,0.0,1.0,0.0
8,55,12.0,3.5537431006620666,0.0,1.0,1.0,0.0,1.0,1.0
9,55,5.129322633210273,2.406589061632852,0.0,0.0,0.0,0.0,1.0,0.0
10,55,0.6534918137251361,2.570368035858799,0.0,0.0,1.0,0.0,1.0,1.0
11,55,12.0,0.3212033536039171,0.0,0.0,0.0,1.0,0.0,0.0
12,55,9.080062083899362,10.7891954829561,1.0,0.0,0.0,1.0,0.0,0.0
13,55,4.345861861090614,11.432461490369352,1.0,0.0,0.0,1.0,0.0,0.0
14,55,12.0,10.662917473989904,1.0,1.0,0.0,1.0,0.0,0.0
15,55,2.6320563578836924,8.168244200029536,1.0,0.0,0.0,0.0,1.0,1.0
16,55,12.0,11.05051917013694,1.0,1.0,1.0,1.0,0.0,0.0
17,55,0.5818190201927984,8.401215410835073,1.0,0.0,0.0,1.0,0.0,0.0
18,55,0.0339689064142114,0.0,1.0,0.0,0.0,1.0,1.0,0.0
19,55,3.395399407988808,1.6833703436758514,0.0,1.0,0.0,1.0,0.0,0.0
20,55,3.213729211876955,10.077484089064932,0.0,1.0,1.0,0.0,0.0,1.0
21,55,5.85612719866016,1.9790566057023933,0.0,0.0,1.0,0.0,0.0,0.0
22,55,8.011184647821974,12.0,0.0,1.0,1.0,0.0,0.0,1.0
23,55,9.991521369719512,3.9253618222488105,0.0,0.0,0.0,0.0,0.0,1.0
24,55,10.822134844006529,0.9359408140106515,0.0,0.0,0.0,1.0,0.0,0.0
25,55,6.751161325750131,0.0,0.0,1.0,0.0,0.0,0.0,0.0
26,55,0.0,12.0,0.0,1.0,1.0,1.0,0.0,1.0
27,55,9.436638170228452,12.0,1.0,0.0,0.0,1.0,0.0,1.0
28,55,6.859556950393272,9.377337097853731,1.0,0.0,1.0,1.0,0.0,0.0
29,55,12.0,2.27854173399125,0.0,0.0,0.0,1.0,1.0,1.0
30,55,3.391374472639237,7.2392546089120815,0.0,1.0,0.0,0.0,0.0,0.0
31,55,0.5980305978003763,5.489881670077335,1.0,0.0,1.0,1.0,1.0,0.0
32,55,0.9907519388824532,3.0026702676956143,0.0,0.0,0.0,1.0,0.0,1.0
33,55,5.107586153229244,9.62262189508142,1.0,0.0,0.0,0.0,0.0,0.0
34,55,7.765148917608619,1.179936289464991,1.0,0.0,1.0,0.0,0.0,0.0
35,55,7.127994007993392,4.626549882299389,0.0,1.0,1.0,0.0,0.0,0.0
36,55,1.422366174297614,6.421214703779547,1.0,0.0,0.0,1.0,0.0,1.0
37,55,4.71647773208247,7.964844443417146,1.0,0.0,0.0,1.0,1.0,0.0
38,55,5.963003988922127,0.3200264489213255,0.0,1.0,0.0,0.0,0.0,1.0
39,55,5.717656308944042,10.182922261744512,1.0,1.0,1.0,1.0,0.0,0.0
0,60,7.639677132572997,7.473382434274003,1.0,1.0,0.0,1.0,0.0,0.0
1,60,1.4172232139947802,7.197925006285639,0.0,1.0,0.0,0.0,0.0,1.0
2,60,0.7923108414988891,6.794888559556231,0.0,0.0,1.0,1.0,1.0,0.0
3,60,6.982240639279528,12.0,0.0,1.0,1.0,0.0,1.0,0.0
4,60,2.5252899657473837,7.272728046678234,1.0,0.0,1.0,1.0,0.0,0.0
5,60,3.9476872837065136,3.520725202196507,1.0,0.0,0.0,1.0,1.0,0.0
6,60,5.45259064331481,0.0,0.0,0.0,0.0,0.0,0.0,1.0
7,60,6.531420310465498,3.487100190312176,0.0,1.0,1.0,0.0,1.0,0.0
8,60,12.0,3.5256249531962003,0.0,1.0,1.0,0.0,1.0,1.0
9,60,5.128973537229817,2.4055485325445853,0.0,0.0,0.0,0.0,1.0,0.0
10,60,0.6247543671619251,2.5311877264646627,0.0,0.0,1.0,0.0,1.0,1.0
11,60,12.0,0.2599275812776715,0.0,0.0,0.0,1.0,0.0,0.0
12,60,8.963043864525602,10.763447330460476,1.0,0.0,0.0,1.0,0.0,0.0
13,60,4.391066297495988,11.493792530701034,1.0,0.0,0.0,1.0,0.0,0.0
14,60,12.0,10.657530517781774,1.0,1.0,0.0,1.0,0.0,0.0
15,60,2.637733279558419,8.16949642620889,1.0,0.0,0.0,0.0,1.0,1.0
16,60,12.0,11.05331805662832,1.0,1.0,1.0,1.0,0.0,0.0
17,60,0.558378393683067,8.367812085579935,1.0,0.0,0.0,1.0,0.0,0.0
18,60,0.0406309357778012,0.0,1.0,0.0,0.0,1.0,1.0,0.0
19,60,3.355480691444641,1.6635990798461362,0.0,1.0,0.0,1.0,0.0,0.0
20,60,3.208229136315245,10.078749565723296,0.0,1.0,1.0,0.0,0.0,1.0
21,60,5.843093781816472,1.9776933119375637,0.0,0.0,1.0,0.0,0.0,0.0
22,60,8.11946724361871,12.0,0.0,1.0,1.0,0.0,0.0,1.0
23,60,9.866703462989244,3.917499118212969,0.0,0.0,0.0,0.0,0.0,1.0
24,60,10.847264029193948,0.9475258620560328,0.0,0.0,0.0,1.0,0.0,0.0
25,60,6.838146074889703,0.0,0.0,1.0,0.0,0.0,0.0,0.0
26,60,0.0,12.0,0.0,1.0,1.0,1.0,0.0,1.0
27,60,9.44712900366557,11.972898937289154,1.0,0.0,0.0,1.0,0.0,1.0
28,60,6.945467203838474,9.409958791855534,1.0,0.0,1.0,1.0,0.0,0.0
29,60,12.0,2.313246585236892,0.0,0.0,0.0,1.0,1.0,1.0
30,60,3.404951070471666,7.248207928121559,0.0,1.0,0.0,0.0,0.0,0.0
31,60,0.5771399861958659,5.514175471858061,1.0,0.0,1.0,1.0,1.0,0.0
32,60,0.9830885191771764,3.0056260105521355,0.0,0.0,0.0,1.0,0.0,1.0
33,60,5.115747787110505,9.682994557785774,1.0,0.0,0.0,0.0,0.0,0.0
34,60,7.852730446943421,1.2032286026890398,1.0,0.0,1.0,0.0,0.0,0.0
35,60,7.061511124827985,4.601963180312376,0.0,1.0,1.0,0.0,0.0,0.0
36,60,1.4618664776348052,6.461774727008703,1.0,0.0,0.0,1.0,0.0,1.0
37,60,4.7640639164682685,7.964879953713318,1.0,0.0,0.0,1.0,1.0,0.0
38,60,5.960561464653337,0.2043328417139476,0.0,1.0,0.0,0.0,0.0,1.0
39,60,5.621060726175589,10.197412013357535,1.0,1.0,1.0,1.0,0.0,0.0
0,65,7.707496839031245,7.52609299555211,1.0,1.0,0.0,1.0,0.0,0.0
1,65,1.264286632907946,7.1359707585876055,0.0,1.0,0.0,0.0,0.0,1.0
2,65,0.8905904642548435,6.771864761674339,0.0,0.0,1.0,1.0,1.0,0.0
3,65,6.982560366734819,11.995772826404409,0.0,1.0,1.0,0.0,1.0,0.0
4,65,2.619657660726412,7.231113152263173,1.0,0.0,1.0,1.0,0.0,0.0
5,65,3.971092565691855,3.482555259208985,1.0,0.0,0.0,1.0,1.0,0.0
6,65,5.486638536087503,0.0,0.0,0.0,0.0,0.0,0.0,1.0
7,65,6.485006371169151,3.531111598327094,0.0,1.0,1.0,0.0,1.0,0.0
8,65,12.0,3.4913867062656045,0.0,1.0,1.0,0.0,1.0,1.0
9,65,5.130600770414556,2.4102671699988307,0.0,0.0,0.0,0.0,1.0,0.0
10,65,0.5986826087387891,2.496723661153212,0.0,0.0,1.0,0.0,1.0,1.0
11,65,12.0,0.1892080148125087,0.0,0.0,0.0,1.0,0.0,0.0
12,65,8.857243232096932,10.743049605561348,1.0,0.0,0.0,1.0,0.0,0.0
13,65,4.434655539464776,11.554162733901148,1.0,0.0,0.0,1.0,0.0,0.0
14,65,11.998323295568955,10.66319926065452,1.0,1.0,0.0,1.0,0.0,0.0
15,65,2.6260925636281804,8.167250870670168,1.0,0.0,0.0,0.0,1.0,1.0
16,65,12.0,11.055850594600134,1.0,1.0,1.0,1.0,0.0,0.0
17,65,0.544598885354856,8.348565834324601,1.0,0.0,0.0,1.0,0.0,0.0
18,65,0.0463030240758092,0.0,1.0,0.0,0.0,1.0,1.0,0.0
19,65,3.3251802875492684,1.647146805166168,0.0,1.0,0.0,1.0,0.0,0.0
20,65,3.204452529688468,10.079609881196422,0.0,1.0,1.0,0.0,0.0,1.0
21,65,5.821375300945867,1.9754555289342663,0.0,0.0,1.0,0.0,0.0,0.0
22,65,8.2150326055135,12.0,0.0,1.0,1.0,0.0,0.0,1.0
23,65,9.721782965884888,3.9119074184818654,0.0,0.0,0.0,0.0,0.0,1.0
24,65,10.886875462213508,0.9649767402734636,0.0,0.0,0.0,1.0,0.0,0.0
25,65,6.931252178250476,0.0,0.0,1.0,0.0,0.0,0.0,0.0
26,65,0.0,12.0,0.0,1.0,1.0,1.0,0.0,1.0
27,65,9.462158291760938,11.934585463012665,1.0,0.0,0.0,1.0,0.0,1.0
28,65,7.0231347813727725,9.438211812105108,1.0,0.0,1.0,1.0,0.0,0.0
29,65,12.0,2.3497591793426267,0.0,0.0,0.0,1.0,1.0,1.0
30,65,3.411399268930592,7.252395756514664,0.0,1.0,0.0,0.0,0.0,0.0
31,65,0.5501874550269339,5.547168479790797,1.0,0.0,1.0,1.0,1.0,0.0
32,65,0.9731467855218312,3.009016891069647,0.0,0.0,0.0,1.0,0.0,1.0
33,65,5.130477177670266,9.765588567706375,1.0,0.0,0.0,0.0,0.0,0.0
34,65,7.932525148868626,1.2251650216284542,1.0,0.0,1.0,0.0,0.0,0.0
35,65,6.994709346066024,4.577663542247019,0.0,1.0,1.0,0.0,0.0,0.0
36,65,1.5022528974579852,6.503223192509711,1.0,0.0,0.0,1.0,0.0,1.0
37,65,4.817503867947106,7.966206986512746,1.0,0.0,0.0,1.0,1.0,0.0
38,65,5.959997608656303,0.0950034555150674,0.0,1.0,0.0,0.0,0.0,1.0
39,65,5.509968221537915,10.215679393773511,1.0,1.0,1.0,1.0,0.0,0.0
0,70,7.778524495185122,7.579567122392984,1.0,1.0,0.0,1.0,0.0,0.0
1,70,1.1049207622687331,7.074281126102581,0.0,1.0,0.0,0.0,0.0,1.0
2,70,0.9906996316255858,6.750175394583778,0.0,0.0,1.0,1.0,1.0,0.0
3,70,6.981471567089654,12.0,0.0,1.0,1.0,0.0,1.0,0.0
4,70,2.708609527051189,7.189825047406987,1.0,0.0,1.0,1.0,0.0,0.0
5,70,3.988556343189398,3.45372209269942,1.0,0.0,0.0,1.0,1.0,0.0
6,70,5.51332669143812,0.0,0.0,0.0,0.0,0.0,0.0,1.0
7,70,6.441922451044233,3.570270464333909,0.0,1.0,1.0,0.0,1.0,0.0
8,70,12.0,3.458593397157795,0.0,1.0,1.0,0.0,1.0,1.0
9,70,5.126966600326232,2.4006768402105294,0.0,0.0,0.0,0.0,1.0,0.0
10,70,0.5733784565173395,2.463549876413392,0.0,0.0,1.0,0.0,1.0,1.0
11,70,12.0,0.1168568365341005,0.0,0.0,0.0,1.0,0.0,0.0
12,70,8.728888649831223,10.718706726942212,1.0,0.0,0.0,1.0,0.0,0.0
13,70,4.497436297396101,11.634789129007684,1.0,0.0,0.0,1.0,0.0,0.0
14,70,11.99892427406807,10.661260386040118,1.0,1.0,0.0,1.0,0.0,0.0
15,70,2.6207907871649203,8.166293566544669,1.0,0.0,0.0,0.0,1.0,1.0
16,70,12.0,11.05714909323674,1.0,1.0,1.0,1.0,0.0,0.0
17,70,0.5419960038499175,8.344755566611491,1.0,0.0,0.0,1.0,0.0,0.0
18,70,0.0534744022799606,0.0,1.0,0.0,0.0,1.0,1.0,0.0
19,70,3.3031118315942267,1.634659764656812,0.0,1.0,0.0,1.0,0.0,0.0
20,70,3.2021497994544417,10.08011633821094,0.0,1.0,1.0,0.0,0.0,1.0
21,70,5.773632763826161,1.9698366614175276,0.0,0.0,1.0,0.0,0.0,0.0
22,70,8.327761138212834,12.0,0.0,1.0,1.0,0.0,0.0,1.0
23,70,9.583614672119424,3.9088083044807465,0.0,0.0,0.0,0.0,0.0,1.0
24,70,10.918359823044842,0.9785039966279802,0.0,0.0,0.0,1.0,0.0,0.0
25,70,7.027444262392128,0.0,0.0,1.0,0.0,0.0,0.0,0.0
26,70,0.0,12.0,0.0,1.0,1.0,1.0,0.0,1.0
27,70,9.475100332670602,11.900681292185409,1.0,0.0,0.0,1.0,0.0,1.0
28,70,7.081601291415335,9.458212169393033,1.0,0.0,1.0,1.0,0.0,0.0
29,70,12.0,2.384645519648325,0.0,0.0,0.0,1.0,1.0,1.0
30,70,3.401285037702616,7.245441457128319,0.0,1.0,0.0,0.0,0.0,0.0
31,70,0.5300125478301958,5.573498632504091,1.0,0.0,1.0,1.0,1.0,0.0
32,70,0.9542239473688212,3.015104504657387,0.0,0.0,0.0,1.0,0.0,1.0
33,70,5.147160865706483,9.846603963165672,1.0,0.0,0.0,0.0,0.0,0.0
34,70,8.00982497882094,1.24903093267215,1.0,0.0,1.0,0.0,0.0,0.0
35,70,6.92964593124627,4.553918867836153,0.0,1.0,1.0,0.0,0.0,0.0
36,70,1.5357095945657069,6.536835565616945,1.0,0.0,0.0,1.0,0.0,1.0
37,70,4.872268966784895,7.966406897270142,1.0,0.0,0.0,1.0,1.0,0.0
38,70,5.96387941553165,0.0,0.0,1.0,0.0,0.0,0.0,1.0
39,70,5.3866469562158885,10.235385608591708,1.0,1.0,1.0,1.0,0.0,0.0
0,75,7.839602871394797,7.624061950399291,1.0,1.0,0.0,1.0,0.0,0.0
1,75,0.970295484933282,7.016583132999653,0.0,1.0,0.0,0.0,0.0,1.0
2,75,1.072973878837178,6.730967317927963,0.0,0.0,1.0,1.0,1.0,0.0
3,75,6.980539328158717,12.0,0.0,1.0,1.0,0.0,1.0,0.0
4,75,2.7962848952014587,7.149617941863254,1.0,0.0,1.0,1.0,0.0,0.0
5,75,4.012301338967986,3.412640902237432,1.0,0.0,0.0,1.0,1.0,0.0
6,75,5.542819417273849,0.0,0.0,0.0,0.0,0.0,0.0,1.0
7,75,6.401942552714558,3.607618357292023,0.0,1.0,1.0,0.0,1.0,0.0
8,75,12.0,3.4092348209840257,0.0,1.0,1.0,0.0,1.0,1.0
9,75,5.1205560411936375,2.384107286213303,0.0,0.0,0.0,0.0,1.0,0.0
10,75,0.5487212796643277,2.432856524659101,0.0,0.0,1.0,0.0,1.0,1.0
11,75,12.0,0.0437541032633073,0.0,0.0,0.0,1.0,0.0,0.0
12,75,8.62023322381555,10.701287391160264,1.0,0.0,0.0,1.0,0.0,0.0
13,75,4.57256858807083,11.733010013407252,1.0,0.0,0.0,1.0,0.0,0.0
14,75,12.0,10.635715518868029,1.0,1.0,0.0,1.0,0.0,0.0
15,75,2.6029923790488665,8.162883620366971,1.0,0.0,0.0,0.0,1.0,1.0
16,75,12.0,11.05806862834614,1.0,1.0,1.0,1.0,0.0,0.0
17,75,0.5335838928257183,8.333381404736736,1.0,0.0,0.0,1.0,0.0,0.0
18,75,0.0618032649949086,0.0,1.0,0.0,0.0,1.0,1.0,0.0
19,75,3.2844886299086724,1.623980053888103,0.0,1.0,0.0,1.0,0.0,0.0
20,75,3.201214066034395,10.080317802235248,0.0,1.0,1.0,0.0,0.0,1.0
21,75,5.700651481657441,1.9612001947410247,0.0,0.0,1.0,0.0,0.0,0.0
22,75,8.441824071884863,12.0,0.0,1.0,1.0,0.0,0.0,1.0
23,75,9.437257933531455,3.9043103981877945,0.0,0.0,0.0,0.0,0.0,1.0
24,75,10.9540633846316,0.9935373767654294,0.0,0.0,0.0,1.0,0.0,0.0
25,75,7.1329745449355695,0.0,0.0,1.0,0.0,0.0,0.0,0.0
26,75,0.0,12.0,0.0,1.0,1.0,1.0,0.0,1.0
27,75,9.489171755278065,11.865660148752465,1.0,0.0,0.0,1.0,0.0,1.0
28,75,7.122198040465724,9.472402694503115,1.0,0.0,1.0,1.0,0.0,0.0
29,75,12.0,2.417460459238433,0.0,0.0,0.0,1.0,1.0,1.0
30,75,3.396546091601884,7.241920702220803,0.0,1.0,0.0,0.0,0.0,0.0
31,75,0.5093714432458507,5.602557546923729,1.0,0.0,1.0,1.0,1.0,0.0
32,75,0.934391660922578,3.022030160832144,0.0,0.0,0.0,1.0,0.0,1.0
33,75,5.165970964297757,9.945487909264886,1.0,0.0,0.0,0.0,0.0,0.0
34,75,8.066259323701704,1.266072061703888,1.0,0.0,1.0,0.0,0.0,0.0
35,75,6.877625077425738,4.535526365884063,0.0,1.0,1.0,0.0,0.0,0.0
36,75,1.5137627018148048,6.55882288950083,1.0,0.0,0.0,1.0,0.0,1.0
37,75,4.924424455505932,7.967837528171757,1.0,0.0,0.0,1.0,1.0,0.0
38,75,5.965483495938753,0.0,0.0,1.0,0.0,0.0,0.0,1.0
39,75,5.261959757995171,10.258152097567164,1.0,1.0,1.0,1.0,0.0,0.0
0,80,7.887960195435345,7.661388584276108,1.0,1.0,0.0,1.0,0.0,0.0
1,80,0.842100904936914,6.953089562205627,0.0,1.0,0.0,0.0,0.0,1.0
2,80,1.156303575865905,6.713760390801808,0.0,0.0,1.0,1.0,1.0,0.0
3,80,6.978203569915536,12.0,0.0,1.0,1.0,0.0,1.0,0.0
4,80,2.876851877807714,7.111500531871513,1.0,0.0,1.0,1.0,0.0,0.0
5,80,4.031360188407321,3.3771461719665568,1.0,0.0,0.0,1.0,1.0,0.0
6,80,5.578027948651213,0.0,0.0,0.0,0.0,0.0,0.0,1.0
7,80,6.389594236044899,3.618948817253427,0.0,1.0,1.0,0.0,1.0,0.0
8,80,12.0,3.3699477314228687,0.0,1.0,1.0,0.0,1.0,1.0
9,80,5.114893910760448,2.370098341392486,0.0,0.0,0.0,0.0,1.0,0.0
10,80,0.5327080966670076,2.412702377582024,0.0,0.0,1.0,0.0,1.0,1.0
11,80,12.0,0.0,0.0,0.0,0.0,1.0,0.0,0.0
12,80,8.513382622500826,10.6844343496082,1.0,0.0,0.0,1.0,0.0,0.0
13,80,4.639462264213099,11.81825143128639,1.0,0.0,0.0,1.0,0.0,0.0
14,80,12.0,10.580737262311644,1.0,1.0,0.0,1.0,0.0,0.0
15,80,2.5909445068468733,8.160213069118974,1.0,0.0,0.0,0.0,1.0,1.0
16,80,12.0,11.058452415696392,1.0,1.0,1.0,1.0,0.0,0.0
17,80,0.5294870467041636,8.32783610926783,1.0,0.0,0.0,1.0,0.0,0.0
18,80,0.0680330126213797,0.0,1.0,0.0,0.0,1.0,1.0,0.0
19,80,3.278030138131564,1.6202402380594865,0.0,1.0,0.0,1.0,0.0,0.0
20,80,3.1800658060268217,10.084629829180177,0.0,1.0,1.0,0.0,0.0,1.0
21,80,5.614904154204904,1.9508350003753188,0.0,0.0,1.0,0.0,0.0,0.0
22,80,8.553033530840349,12.0,0.0,1.0,1.0,0.0,0.0,1.0
23,80,9.299770463490562,3.8993778069680434,0.0,0.0,0.0,0.0,0.0,1.0
24,80,10.96390296859216,0.9976915124559108,0.0,0.0,0.0,1.0,0.0,0.0
25,80,7.249473157585937,0.0,0.0,1.0,0.0,0.0,0.0,0.0
26,80,0.0,12.0,0.0,1.0,1.0,1.0,0.0,1.0
27,80,9.503800886311945,11.832220290065475,1.0,0.0,0.0,1.0,0.0,1.0
28,80,7.157303713620751,9.486304280789966,1.0,0.0,1.0,1.0,0.0,0.0
29,80,12.0,2.4482309074746293,0.0,0.0,0.0,1.0,1.0,1.0
30,80,3.380939075549345,7.230426449094189,0.0,1.0,0.0,0.0,0.0,0.0
31,80,0.4875850278454269,5.631352064209836,1.0,0.0,1.0,1.0,1.0,0.0
32,80,0.8948702678714104,3.034815449962779,0.0,0.0,0.0,1.0,0.0,1.0
33,80,5.187465699594393,10.063466585327737,1.0,0.0,0.0,0.0,0.0,0.0
34,80,8.157015417888518,1.2914382425681938,1.0,0.0,1.0,0.0,0.0,0.0
35,80,6.81686352207853,4.515365561811879,0.0,1.0,1.0,0.0,0.0,0.0
36,80,1.4836369855115663,6.588107089216927,1.0,0.0,0.0,1.0,0.0,1.0
37,80,4.986389786422246,7.968401717529784,1.0,0.0,0.0,1.0,1.0,0.0
38,80,5.965961798698173,0.0,0.0,1.0,0.0,0.0,0.0,1.0
39,80,5.141943860952251,10.27972030550076,1.0,1.0,1.0,1.0,0.0,0.0
0,85,7.9440651381514895,7.704152838860417,1.0,1.0,0.0,1.0,0.0,0.0
1,85,0.7263882945324617,6.894609412742679,0.0,1.0,0.0,0.0,0.0,1.0
2,85,1.2491225287847805,6.694802229586373,0.0,0.0,1.0,1.0,1.0,0.0
3,85,6.972438107230636,12.0,0.0,1.0,1.0,0.0,1.0,0.0
4,85,2.9596447125555354,7.072844902104244,1.0,0.0,1.0,1.0,0.0,0.0
5,85,4.056046507866862,3.333905994757718,1.0,0.0,0.0,1.0,1.0,0.0
6,85,5.621406780744668,0.0,0.0,0.0,0.0,0.0,0.0,1.0
7,85,6.367637822721999,3.63864134684922,0.0,1.0,1.0,0.0,1.0,0.0
8,85,12.0,3.3191958908828934,0.0,1.0,1.0,0.0,1.0,1.0
9,85,5.110330634256759,2.358570617136305,0.0,0.0,0.0,0.0,1.0,0.0
10,85,0.5207653551644817,2.3963047082614057,0.0,0.0,1.0,0.0,1.0,1.0
11,85,12.0,0.0,0.0,0.0,0.0,1.0,0.0,0.0
12,85,8.527633083747357,10.561741362041706,1.0,0.0,0.0,1.0,0.0,0.0
13,85,4.701575590463188,11.897172363814546,1.0,0.0,0.0,1.0,0.0,0.0
14,85,12.0,10.501384662938372,1.0,1.0,0.0,1.0,0.0,0.0
15,85,2.5763284541850267,8.156664679560826,1.0,0.0,0.0,0.0,1.0,1.0
16,85,12.0,11.058936611159984,1.0,1.0,1.0,1.0,0.0,0.0
17,85,0.5235020025538017,8.319826141755524,1.0,0.0,0.0,1.0,0.0,0.0
18,85,0.0753272636378404,0.0,1.0,0.0,0.0,1.0,1.0,0.0
19,85,3.2633673126324765,1.6104284580779014,0.0,1.0,0.0,1.0,0.0,0.0
20,85,3.163118322454108,10.087795429488146,0.0,1.0,1.0,0.0,0.0,1.0
21,85,5.535571750875916,1.940382862994188,0.0,0.0,1.0,0.0,0.0,0.0
22,85,8.67597547509514,12.0,0.0,1.0,1.0,0.0,0.0,1.0
23,85,9.17179399658162,3.893861017388851,0.0,0.0,0.0,0.0,0.0,1.0
24,85,10.983060941837955,1.0064003391350331,0.0,0.0,0.0,1.0,0.0,0.0
25,85,7.363675202920413,0.0,0.0,1.0,0.0,0.0,0.0,0.0
26,85,0.0,12.0,0.0,1.0,1.0,1.0,0.0,1.0
27,85,9.515242053251926,11.805852640304838,1.0,0.0,0.0,1.0,0.0,1.0
28,85,7.211289870368125,9.506562501270476,1.0,0.0,1.0,1.0,0.0,0.0
29,85,12.0,2.4780611944500066,0.0,0.0,0.0,1.0,1.0,1.0
30,85,3.3570058032149883,7.213052018872367,0.0,1.0,0.0,0.0,0.0,0.0
31,85,0.4594300672787673,5.668231531634594,1.0,0.0,1.0,1.0,1.0,0.0
32,85,0.8609711571855221,3.045915631423532,0.0,0.0,0.0,1.0,0.0,1.0
33,85,5.206418435671218,10.171455900866166,1.0,0.0,0.0,0.0,0.0,0.0
34,85,8.253017095276336,1.314929465301253,1.0,0.0,1.0,0.0,0.0,0.0
35,85,6.765626664517429,4.499401932153794,0.0,1.0,1.0,0.0,0.0,0.0
36,85,1.4501600307271745,6.620425122606799,1.0,0.0,0.0,1.0,0.0,1.0
37,85,5.0481472683394975,7.968205386129138,1.0,0.0,0.0,1.0,1.0,0.0
38,85,5.965840552196879,0.0,0.0,1.0,0.0,0.0,0.0,1.0
39,85,5.045989933833632,10.296512724821204,1.0,1.0,1.0,1.0,0.0,0.0
0,90,8.024809285646029,7.765060926884709,1.0,1.0,0.0,1.0,0.0,0.0
1,90,0.6250529084882648,6.8432423239670594,0.0,1.0,0.0,0.0,0.0,1.0
2,90,1.3475444990085934,6.676029297296706,0.0,0.0,1.0,1.0,1.0,0.0
3,90,6.965775413304636,12.0,0.0,1.0,1.0,0.0,1.0,0.0
4,90,3.064321375725513,7.0261905125080695,1.0,0.0,1.0,1.0,0.0,0.0
5,90,4.085583089362151,3.2832498221451054,1.0,0.0,0.0,1.0,1.0,0.0
6,90,5.667868851892499,0.0,0.0,0.0,0.0,0.0,0.0,1.0
7,90,6.34231207659765,3.662682347192534,0.0,1.0,1.0,0.0,1.0,0.0
8,90,12.0,3.260853517853725,0.0,1.0,1.0,0.0,1.0,1.0
9,90,5.111893602081418,2.362838095726349,0.0,0.0,0.0,0.0,1.0,0.0
10,90,0.5075021801615266,2.378070388087824,0.0,0.0,1.0,0.0,1.0,1.0
11,90,11.958364299616132,0.0,0.0,0.0,0.0,1.0,0.0,0.0
12,90,8.542504193634137,10.424664223634467,1.0,0.0,0.0,1.0,0.0,0.0
13,90,4.762299004362803,11.976283390882127,1.0,0.0,0.0,1.0,0.0,0.0
14,90,12.0,10.418904473973914,1.0,1.0,0.0,1.0,0.0,0.0
15,90,2.5757813572056256,8.156541211112767,1.0,0.0,0.0,0.0,1.0,1.0
16,90,12.0,11.058788605387068,1.0,1.0,1.0,1.0,0.0,0.0
17,90,0.5213938638033362,8.317062626354565,1.0,0.0,0.0,1.0,0.0,0.0
18,90,0.088140688111515,0.0,1.0,0.0,0.0,1.0,1.0,0.0
19,90,3.24965250293874,1.6011729539706954,0.0,1.0,0.0,1.0,0.0,0.0
20,90,3.129482305451686,10.094405862000242,0.0,1.0,1.0,0.0,0.0,1.0
21,90,5.44924248902248,1.928401392914416,0.0,0.0,1.0,0.0,0.0,0.0
22,90,8.798905889152119,12.0,0.0,1.0,1.0,0.0,0.0,1.0
23,90,9.064502963401573,3.886904744525491,0.0,0.0,0.0,0.0,0.0,1.0
24,90,10.997534914620562,1.0130082157960003,0.0,0.0,0.0,1.0,0.0,0.0
25,90,7.493564803447438,0.0,0.0,1.0,0.0,0.0,0.0,0.0
26,90,0.0,12.0,0.0,1.0,1.0,1.0,0.0,1.0
27,90,9.520640873086176,11.793595742903404,1.0,0.0,0.0,1.0,0.0,1.0
28,90,7.243746288693631,9.51938974860252,1.0,0.0,1.0,1.0,0.0,0.0
29,90,12.0,2.5039173161786152,0.0,0.0,0.0,1.0,1.0,1.0
30,90,3.3449538129181016,7.20404302274276,0.0,1.0,0.0,0.0,0.0,0.0
31,90,0.4349548571571,5.699598722356214,1.0,0.0,1.0,1.0,1.0,0.0
32,90,0.828086714604009,3.056745030693183,0.0,0.0,0.0,1.0,0.0,1.0
33,90,5.228593164792491,10.288744960909238,1.0,0.0,0.0,0.0,0.0,0.0
34,90,8.363232200245468,1.33972437340144,1.0,0.0,1.0,0.0,0.0,0.0
35,90,6.704060110593476,4.481472333763473,0.0,1.0,1.0,0.0,0.0,0.0
36,90,1.4007863293690743,6.6679598920352365,1.0,0.0,0.0,1.0,0.0,1.0
37,90,5.10999073467664,7.96650573312406,1.0,0.0,0.0,1.0,1.0,0.0
38,90,5.965394033922073,0.0,0.0,1.0,0.0,0.0,0.0,1.0
39,90,4.927108927535209,10.31806649527491,1.0,1.0,1.0,1.0,0.0,0.0
0,95,8.110683801701704,7.828587782213924,1.0,1.0,0.0,1.0,0.0,0.0
1,95,0.5148352070714202,6.785285245506953,0.0,1.0,0.0,0.0,0.0,1.0
2,95,1.4695759031762607,6.6560528297716965,0.0,0.0,1.0,1.0,1.0,0.0
3,95,6.9566490591872645,12.0,0.0,1.0,1.0,0.0,1.0,0.0
4,95,3.148886093780147,6.9879883914816086,1.0,0.0,1.0,1.0,0.0,0.0
5,95,4.110933639668856,3.2409535275555017,1.0,0.0,0.0,1.0,1.0,0.0
6,95,5.715503902974459,0.0,0.0,0.0,0.0,0.0,0.0,1.0
7,95,6.317917983502918,3.685180949073251,0.0,1.0,1.0,0.0,1.0,0.0
8,95,12.0,3.211976900999243,0.0,1.0,1.0,0.0,1.0,1.0
9,95,5.118940732170037,2.3818520719450067,0.0,0.0,0.0,0.0,1.0,0.0
10,95,0.4981417242401319,2.364378625849856,0.0,0.0,1.0,0.0,1.0,1.0
11,95,11.918211723492254,0.0,0.0,0.0,0.0,1.0,0.0,0.0
12,95,8.562032249931711,10.288995903378268,1.0,0.0,0.0,1.0,0.0,0.0
13,95,4.8247925282692,12.0,1.0,0.0,0.0,1.0,0.0,0.0
14,95,12.0,10.335864777975772,1.0,1.0,0.0,1.0,0.0,0.0
15,95,2.566675478869473,8.154612970585687,1.0,0.0,0.0,0.0,1.0,1.0
16,95,12.0,11.059862730079214,1.0,1.0,1.0,1.0,0.0,0.0
17,95,0.5245976357711953,8.32111112944404,1.0,0.0,0.0,1.0,0.0,0.0
18,95,0.1054002897191931,0.0,1.0,0.0,0.0,1.0,1.0,0.0
19,95,3.23205767221416,1.5892141374533362,0.0,1.0,0.0,1.0,0.0,0.0
20,95,3.0841259650752644,10.102725624220993,0.0,1.0,1.0,0.0,0.0,1.0
21,95,5.356171980083468,1.9138663765757449,0.0,0.0,1.0,0.0,0.0,0.0
22,95,8.88959029722732,11.864924090261816,0.0,1.0,1.0,0.0,0.0,1.0
23,95,8.933314966554029,3.874862780050981,0.0,0.0,0.0,0.0,0.0,1.0
24,95,11.014956885214872,1.021336628426426,0.0,0.0,0.0,1.0,0.0,0.0
25,95,7.618048657131378,0.0,0.0,1.0,0.0,0.0,0.0,0.0
26,95,0.0,12.0,0.0,1.0,1.0,1.0,0.0,1.0
27,95,9.540398792058603,11.749543714274145,1.0,0.0,0.0,1.0,0.0,1.0
28,95,7.285860920990476,9.534812368528565,1.0,0.0,1.0,1.0,0.0,0.0
29,95,12.0,2.525937158652826,0.0,0.0,0.0,1.0,1.0,1.0
30,95,3.3343148379660543,7.1964037432248045,0.0,1.0,0.0,0.0,0.0,0.0
31,95,0.4032140730179736,5.740413159497775,1.0,0.0,1.0,1.0,1.0,0.0
32,95,0.7986676100855512,3.066681313541879,0.0,0.0,0.0,1.0,0.0,1.0
33,95,5.25018452570325,10.410242061217554,1.0,0.0,0.0,0.0,0.0,0.0
34,95,8.47108568147931,1.3652051321772278,1.0,0.0,1.0,0.0,0.0,0.0
35,95,6.614980013633374,4.455686647503853,0.0,1.0,1.0,0.0,0.0,0.0
36,95,1.3638445494498073,6.703543896461728,1.0,0.0,0.0,1.0,0.0,1.0
37,95,5.163595534190933,7.965394875276997,1.0,0.0,0.0,1.0,1.0,0.0
38,95,5.965333590304612,0.0,0.0,1.0,0.0,0.0,0.0,1.0
39,95,4.80572084336369,10.3423392507216,1.0,1.0,1.0,1.0,0.0,0.0
0,100,8.209249075214407,7.898798261411303,1.0,1.0,0.0,1.0,0.0,0.0
1,100,0.5623321822360546,6.690637410032616,0.0,1.0,0.0,0.0,0.0,1.0
2,100,1.5899322816192898,6.634002713271677,0.0,0.0,1.0,1.0,1.0,0.0
3,100,6.949775301121297,12.0,0.0,1.0,1.0,0.0,1.0,0.0
4,100,3.2481384280556203,6.94381140495009,1.0,0.0,1.0,1.0,0.0,0.0
5,100,4.142333861890129,3.1892645477533,1.0,0.0,0.0,1.0,1.0,0.0
6,100,5.757543413655254,0.0,0.0,0.0,0.0,0.0,0.0,1.0
7,100,6.279463434950613,3.7208787232577385,0.0,1.0,1.0,0.0,1.0,0.0
8,100,12.0,3.15607730321016,0.0,1.0,1.0,0.0,1.0,1.0
9,100,5.125967554163771,2.401320827125002,0.0,0.0,0.0,0.0,1.0,0.0
10,100,0.4932932430561165,2.357180082045309,0.0,0.0,1.0,0.0,1.0,1.0
11,100,11.878408795202368,0.0,0.0,0.0,0.0,1.0,0.0,0.0
12,100,8.585141701464295,10.154665274578756,1.0,0.0,0.0,1.0,0.0,0.0
13,100,4.892918329712065,12.0,1.0,0.0,0.0,1.0,0.0,0.0
14,100,12.0,10.24432789771474,1.0,1.0,0.0,1.0,0.0,0.0
15,100,2.5564379117837635,8.152127437748515,1.0,0.0,0.0,0.0,1.0,1.0
16,100,12.0,11.059862628324767,1.0,1.0,1.0,1.0,0.0,0.0
17,100,0.5208316220980118,8.316199533668994,1.0,0.0,0.0,1.0,0.0,0.0
18,100,0.120664805442355,0.0,1.0,0.0,0.0,1.0,1.0,0.0
19,100,3.1972192159497053,1.565765936445845,0.0,1.0,0.0,1.0,0.0,0.0
20,100,3.029065122260523,10.112570973801631,0.0,1.0,1.0,0.0,0.0,1.0
21,100,5.263327875382577,1.898638184638589,0.0,0.0,1.0,0.0,0.0,0.0
22,100,8.977380190761206,11.731799000380004,0.0,1.0,1.0,0.0,0.0,1.0
23,100,8.804135584857299,3.8632456838245193,0.0,0.0,0.0,0.0,0.0,1.0
24,100,11.046907987069734,1.0373605869122111,0.0,0.0,0.0,1.0,0.0,0.0
25,100,7.504910470461215,0.0,0.0,1.0,0.0,0.0,0.0,0.0
26,100,0.0,12.0,0.0,1.0,1.0,1.0,0.0,1.0
27,100,9.554769920328312,11.713902981263402,1.0,0.0,0.0,1.0,0.0,1.0
28,100,7.318814099890834,9.54604458930639,1.0,0.0,1.0,1.0,0.0,0.0
29,100,12.0,2.544849416691653,0.0,0.0,0.0,1.0,1.0,1.0
30,100,3.318395369615408,7.184844238718574,0.0,1.0,0.0,0.0,0.0,0.0
31,100,0.3673317090987684,5.786260299474336,1.0,0.0,1.0,1.0,1.0,0.0
32,100,0.7402321811050463,3.084961748946064,0.0,0.0,0.0,1.0,0.0,1.0
33,100,5.273429915465424,10.521578295479276,1.0,0.0,0.0,0.0,0.0,0.0
34,100,8.590822323784288,1.395533302035338,1.0,0.0,1.0,0.0,0.0,0.0
35,100,6.521865173693881,4.428831206302715,0.0,1.0,1.0,0.0,0.0,0.0
36,100,1.3414074349251024,6.725255758159153,1.0,0.0,0.0,1.0,0.0,1.0
37,100,5.21916289442518,7.963667686317804,1.0,0.0,0.0,1.0,1.0,0.0
38,100,5.965693387868615,0.0332138173082875,0.0,1.0,0.0,0.0,0.0,1.0
39,100,4.684779686703595,10.370099215182856,1.0,1.0,1.0,1.0,0.0,0.0
0,105,8.304079930000043,7.965837333798997,1.0,1.0,0.0,1.0,0.0,0.0
1,105,0.6164446366701346,6.582877190252464,0.0,1.0,0.0,0.0,0.0,1.0
2,105,1.7151508795510804,6.613223569205165,0.0,0.0,1.0,1.0,1.0,0.0
3,105,6.943329427173295,12.0,0.0,1.0,1.0,0.0,1.0,0.0
4,105,3.345921781647636,6.899562072240824,1.0,0.0,1.0,1.0,0.0,0.0
5,105,4.069021269174565,3.145990184722491,1.0,0.0,0.0,1.0,1.0,0.0
6,105,5.792920355115777,0.0,0.0,0.0,0.0,0.0,0.0,1.0
7,105,6.237351520476014,3.759168398934301,0.0,1.0,1.0,0.0,1.0,0.0
8,105,12.0,3.093033092791948,0.0,1.0,1.0,0.0,1.0,1.0
9,105,5.132863334545069,2.421566711838864,0.0,0.0,0.0,0.0,1.0,0.0
10,105,0.4830279751755024,2.34171653758231,0.0,0.0,1.0,0.0,1.0,1.0
11,105,11.859406928194405,0.0,0.0,0.0,0.0,1.0,0.0,0.0
12,105,8.614347197918427,10.010575323036756,1.0,0.0,0.0,1.0,0.0,0.0
13,105,4.956626332561401,12.0,1.0,0.0,0.0,1.0,0.0,0.0
14,105,12.0,10.16792735647225,1.0,1.0,0.0,1.0,0.0,0.0
15,105,2.53346417056863,8.14673989570777,1.0,0.0,0.0,0.0,1.0,1.0
16,105,12.0,11.059759101454096,1.0,1.0,1.0,1.0,0.0,0.0
17,105,0.5236326378928184,8.319755579796904,1.0,0.0,0.0,1.0,0.0,0.0
18,105,0.1362596358073875,0.0,1.0,0.0,0.0,1.0,1.0,0.0
19,105,3.165795922402709,1.5447333965422652,0.0,1.0,0.0,1.0,0.0,0.0
20,105,2.9502538808528005,10.128479086324903,0.0,1.0,1.0,0.0,0.0,1.0
21,105,5.144946882433622,1.8787454635950325,0.0,0.0,1.0,0.0,0.0,0.0
22,105,9.063763239357522,11.598366495277329,0.0,1.0,1.0,0.0,0.0,1.0
23,105,8.67918617900478,3.850858558202112,0.0,0.0,0.0,0.0,0.0,1.0
24,105,11.075420928972584,1.0507662413147574,0.0,0.0,0.0,1.0,0.0,0.0
25,105,7.397544800415272,0.0,0.0,1.0,0.0,0.0,0.0,0.0
26,105,0.0,12.0,0.0,1.0,1.0,1.0,0.0,1.0
27,105,9.567313060199687,11.681636822107585,1.0,0.0,0.0,1.0,0.0,1.0
28,105,7.348710043126326,9.55591902363757,1.0,0.0,1.0,1.0,0.0,0.0
29,105,12.0,2.561078843483162,0.0,0.0,0.0,1.0,1.0,1.0
30,105,3.291801835276228,7.166743226609257,0.0,1.0,0.0,0.0,0.0,0.0
31,105,0.326859762890145,5.83845442223863,1.0,0.0,1.0,1.0,1.0,0.0
32,105,0.6799240647891786,3.10622220276395,0.0,0.0,0.0,1.0,0.0,1.0
33,105,5.293105140891784,10.604323945232954,1.0,0.0,0.0,0.0,0.0,0.0
34,105,8.707755813571664,1.425266485233846,1.0,0.0,1.0,0.0,0.0,0.0
35,105,6.418195712630247,4.397940309766836,0.0,1.0,1.0,0.0,0.0,0.0
36,105,1.3069394550520308,6.757580466158407,1.0,0.0,0.0,1.0,0.0,1.0
37,105,5.271061553869657,7.961605651467179,1.0,0.0,0.0,1.0,1.0,0.0
38,105,5.966607228609147,0.0662964914232458,0.0,1.0,0.0,0.0,0.0,1.0
39,105,4.577196218414843,10.393264110506644,1.0,1.0,1.0,1.0,0.0,0.0
0,110,8.382314830677656,8.019190048866626,1.0,1.0,0.0,1.0,0.0,0.0
1,110,0.6695961530548902,6.479042774023296,0.0,1.0,0.0,0.0,0.0,1.0
2,110,1.8384199212783945,6.594998132346267,0.0,0.0,1.0,1.0,1.0,0.0
3,110,6.937901940616274,12.0,0.0,1.0,1.0,0.0,1.0,0.0
4,110,3.453985794539016,6.849186005153302,1.0,0.0,1.0,1.0,0.0,0.0
5,110,3.993212370994177,3.1015542583613085,1.0,0.0,0.0,1.0,1.0,0.0
6,110,5.8355532244503,0.0,0.0,0.0,0.0,0.0,0.0,1.0
7,110,6.198578302563427,3.795587895687427,0.0,1.0,1.0,0.0,1.0,0.0
8,110,12.0,3.0110676963923355,0.0,1.0,1.0,0.0,1.0,1.0
9,110,5.128910129954073,2.4095272553344653,0.0,0.0,0.0,0.0,1.0,0.0
10,110,0.4841969334180307,2.343381926078199,0.0,0.0,1.0,0.0,1.0,1.0
11,110,11.824566985024545,0.0,0.0,0.0,0.0,1.0,0.0,0.0
12,110,8.642730903029921,9.869602511575922,1.0,0.0,0.0,1.0,0.0,0.0
13,110,5.003056800122099,12.0,1.0,0.0,0.0,1.0,0.0,0.0
14,110,12.0,10.094831636463075,1.0,1.0,0.0,1.0,0.0,0.0
15,110,2.506934925875402,8.139918618264375,1.0,0.0,0.0,0.0,1.0,1.0
16,110,12.0,11.059750011393556,1.0,1.0,1.0,1.0,0.0,0.0
17,110,0.5151366457101485,8.308426403195734,1.0,0.0,0.0,1.0,0.0,0.0
18,110,0.1534956965843284,0.0,1.0,0.0,0.0,1.0,1.0,0.0
19,110,3.1341850766206125,1.5229830696588351,0.0,1.0,0.0,1.0,0.0,0.0
20,110,2.884488661639573,10.143223748100526,0.0,1.0,1.0,0.0,0.0,1.0
21,110,5.017237844536997,1.855767753975568,0.0,0.0,1.0,0.0,0.0,0.0
22,110,9.146686100932754,11.470790606367316,0.0,1.0,1.0,0.0,0.0,1.0
23,110,8.547445844374394,3.8366436704930544,0.0,0.0,0.0,0.0,0.0,1.0
24,110,11.112488847793015,1.067322092255317,0.0,0.0,0.0,1.0,0.0,0.0
25,110,7.301891354218621,0.0,0.0,1.0,0.0,0.0,0.0,0.0
26,110,0.0,12.0,0.0,1.0,1.0,1.0,0.0,1.0
27,110,9.582124260842669,11.64529301059885,1.0,0.0,0.0,1.0,0.0,1.0
28,110,7.369318918710941,9.562718006574409,1.0,0.0,1.0,1.0,0.0,0.0
29,110,12.0,2.581581387041474,0.0,0.0,0.0,1.0,1.0,1.0
30,110,3.264614725175407,7.147357583253774,0.0,1.0,0.0,0.0,0.0,0.0
31,110,0.2751313057987404,5.905170775784118,1.0,0.0,1.0,1.0,1.0,0.0
32,110,0.6443954718409348,3.119547869342091,0.0,0.0,0.0,1.0,0.0,1.0
33,110,5.314384888361173,10.687914070819376,1.0,0.0,0.0,0.0,0.0,0.0
34,110,8.805378341679093,1.451891696233931,1.0,0.0,1.0,0.0,0.0,0.0
35,110,6.321332846500429,4.365290026360302,0.0,1.0,1.0,0.0,0.0,0.0
36,110,1.260861724529135,6.798231997370656,1.0,0.0,0.0,1.0,0.0,1.0
37,110,5.3093963813069465,7.960753306695035,1.0,0.0,0.0,1.0,1.0,0.0
38,110,5.9665505021822165,0.0988103692500393,0.0,1.0,0.0,0.0,0.0,1.0
39,110,4.471353864669903,10.415219811134072,1.0,1.0,1.0,1.0,0.0,0.0
0,115,8.473944614690422,8.079015599019659,1.0,1.0,0.0,1.0,0.0,0.0
1,115,0.7130447029615625,6.396274881258536,0.0,1.0,0.0,0.0,0.0,1.0
2,115,1.964818452262539,6.582362338782052,0.0,0.0,1.0,1.0,1.0,0.0
3,115,6.9311784816768105,12.0,0.0,1.0,1.0,0.0,1.0,0.0
4,115,3.565425775762613,6.796841392805833,1.0,0.0,1.0,1.0,0.0,0.0
5,115,3.934616530360252,3.0659442554678464,1.0,0.0,0.0,1.0,1.0,0.0
6,115,5.881094094975645,0.0,0.0,0.0,0.0,0.0,0.0,1.0
7,115,6.153509863128115,3.838441987591952,0.0,1.0,1.0,0.0,1.0,0.0
8,115,12.0,2.9345317086389007,0.0,1.0,1.0,0.0,1.0,1.0
9,115,5.127686777831865,2.405258303055464,0.0,0.0,0.0,0.0,1.0,0.0
10,115,0.4871548547182086,2.3473020525572177,0.0,0.0,1.0,0.0,1.0,1.0
11,115,11.796462090912405,0.0,0.0,0.0,0.0,1.0,0.0,0.0
12,115,8.672562967864195,9.728407217089645,1.0,0.0,0.0,1.0,0.0,0.0
13,115,5.044438461352897,12.0,1.0,0.0,0.0,1.0,0.0,0.0
14,115,12.0,10.016196970707714,1.0,1.0,0.0,1.0,0.0,0.0
15,115,2.490870710069541,8.135881879888867,1.0,0.0,0.0,0.0,1.0,1.0
16,115,12.0,11.059682861617166,1.0,1.0,1.0,1.0,0.0,0.0
17,115,0.5073848115146397,8.298312253501395,1.0,0.0,0.0,1.0,0.0,0.0
18,115,0.1664681391195836,0.0,1.0,0.0,0.0,1.0,1.0,0.0
19,115,3.100013756120719,1.4993622770720991,0.0,1.0,0.0,1.0,0.0,0.0
20,115,2.8181722029183334,10.158069836803264,0.0,1.0,1.0,0.0,0.0,1.0
21,115,4.895004822092776,1.8325501232408528,0.0,0.0,1.0,0.0,0.0,0.0
22,115,9.217954958621986,11.357482712957449,0.0,1.0,1.0,0.0,0.0,1.0
23,115,8.427262156450842,3.823394792722615,0.0,0.0,0.0,0.0,0.0,1.0
24,115,11.133008241928716,1.0769501740855851,0.0,0.0,0.0,1.0,0.0,0.0
25,115,7.21574977434409,0.0,0.0,1.0,0.0,0.0,0.0,0.0
26,115,0.0,12.0,0.0,1.0,1.0,1.0,0.0,1.0
27,115,9.606777259980152,11.586390890028744,1.0,0.0,0.0,1.0,0.0,1.0
28,115,7.382123168559673,9.56656905578934,1.0,0.0,1.0,1.0,0.0,0.0
29,115,12.0,2.601631266847961,0.0,0.0,0.0,1.0,1.0,1.0
30,115,3.243550963389115,7.132672607947768,0.0,1.0,0.0,0.0,0.0,0.0
31,115,0.2381289936460009,5.951156146392836,1.0,0.0,1.0,1.0,1.0,0.0
32,115,0.6105283476137582,3.131639518726685,0.0,0.0,0.0,1.0,0.0,1.0
33,115,5.330139269020161,10.749798484581946,1.0,0.0,0.0,0.0,0.0,0.0
34,115,8.908632872882345,1.4804961497480291,1.0,0.0,1.0,0.0,0.0,0.0
35,115,6.2467851095705305,4.338057049533334,0.0,1.0,1.0,0.0,0.0,0.0
36,115,1.2285642377373351,6.827079959543165,1.0,0.0,0.0,1.0,0.0,1.0
37,115,5.349626093076711,7.959119516216526,1.0,0.0,0.0,1.0,1.0,0.0
38,115,5.966522800240025,0.1055902177495584,0.0,1.0,0.0,0.0,0.0,1.0
39,115,4.361450683941906,10.437113487996768,1.0,1.0,1.0,1.0,0.0,0.0
0,120,8.582421335915644,8.151100817650141,1.0,1.0,0.0,1.0,0.0,0.0
1,120,0.7527152013112899,6.320886512029905,0.0,1.0,0.0,0.0,0.0,1.0
2,120,2.093056485330236,6.569176037338942,0.0,0.0,1.0,1.0,1.0,0.0
3,120,6.92312670067011,12.0,0.0,1.0,1.0,0.0,1.0,0.0
4,120,3.6632522134533594,6.751245385248885,1.0,0.0,1.0,1.0,0.0,0.0
5,120,3.879053143559373,3.033485468684759,1.0,0.0,0.0,1.0,1.0,0.0
6,120,5.936689852684297,0.0,0.0,0.0,0.0,0.0,0.0,1.0
7,120,6.097392014342994,3.890487798033514,0.0,1.0,1.0,0.0,1.0,0.0
8,120,12.0,2.8680040928141897,0.0,1.0,1.0,0.0,1.0,1.0
9,120,5.130271027792598,2.413211681716385,0.0,0.0,0.0,0.0,1.0,0.0
10,120,0.487708360643067,2.3480415432261617,0.0,0.0,1.0,0.0,1.0,1.0
11,120,11.797276859060878,0.0005189877563499,0.0,0.0,0.0,1.0,0.0,0.0
12,120,8.7115770686809,9.542994958535315,1.0,0.0,0.0,1.0,0.0,0.0
13,120,5.08555690268737,12.0,1.0,0.0,0.0,1.0,0.0,0.0
14,120,12.0,9.927523990655288,1.0,1.0,0.0,1.0,0.0,0.0
15,120,2.473085574505832,8.131272062564227,1.0,0.0,0.0,0.0,1.0,1.0
16,120,12.0,11.059629580340523,1.0,1.0,1.0,1.0,0.0,0.0
17,120,0.4832341685586409,8.266378466255246,1.0,0.0,0.0,1.0,0.0,0.0
18,120,0.1799573750433257,0.0,1.0,0.0,0.0,1.0,1.0,0.0
19,120,3.0860370214031625,1.4891967828337511,0.0,1.0,0.0,1.0,0.0,0.0
20,120,2.768751648545744,10.169606755439242,0.0,1.0,1.0,0.0,0.0,1.0
21,120,4.791428514359475,1.8133032075984925,0.0,0.0,1.0,0.0,0.0,0.0
22,120,9.280913493200527,11.25022348628798,0.0,1.0,1.0,0.0,0.0,1.0
23,120,8.285265169181674,3.808465062557898,0.0,0.0,0.0,0.0,0.0,1.0
24,120,11.1768811808999,1.0973160949115843,0.0,0.0,0.0,1.0,0.0,0.0
25,120,7.125345804045344,0.0,0.0,1.0,0.0,0.0,0.0,0.0
26,120,0.0,12.0,0.0,1.0,1.0,1.0,0.0,1.0
27,120,9.621691315509109,11.547788115310135,1.0,0.0,0.0,1.0,0.0,1.0
28,120,7.412672599056069,9.575647502673176,1.0,0.0,1.0,1.0,0.0,0.0
29,120,12.0,2.625580159963115,0.0,0.0,0.0,1.0,1.0,1.0
30,120,3.227221135436176,7.121922898579831,0.0,1.0,0.0,0.0,0.0,0.0
31,120,0.2025837590010702,5.995171706068834,1.0,0.0,1.0,1.0,1.0,0.0
32,120,0.5863121303257203,3.1392597717262825,0.0,0.0,0.0,1.0,0.0,1.0
33,120,5.346685033189105,10.810255248920008,1.0,0.0,0.0,0.0,0.0,0.0
34,120,8.990191436208617,1.5036568734137594,1.0,0.0,1.0,0.0,0.0,0.0
35,120,6.168922224140027,4.3095931522705415,0.0,1.0,1.0,0.0,0.0,0.0
36,120,1.2118082050688792,6.842758035363438,1.0,0.0,0.0,1.0,0.0,1.0
37,120,5.374600185971656,7.958310325116694,1.0,0.0,0.0,1.0,1.0,0.0
38,120,5.966264219303119,0.092382085278432,0.0,1.0,0.0,0.0,0.0,1.0
39,120,4.277266592805492,10.453678442604504,1.0,1.0,1.0,1.0,0.0,0.0
0,125,8.696510179871348,8.225303851335187,1.0,1.0,0.0,1.0,0.0,0.0
1,125,0.7899143543570951,6.253296001976545,0.0,1.0,0.0,0.0,0.0,1.0
2,125,2.2108254175842,6.555905600267647,0.0,0.0,1.0,1.0,1.0,0.0
3,125,6.914481457202653,12.0,0.0,1.0,1.0,0.0,1.0,0.0
4,125,3.760687387874205,6.708868606221772,1.0,0.0,1.0,1.0,0.0,0.0
5,125,3.816262228927301,2.9955221058811903,1.0,0.0,0.0,1.0,1.0,0.0
6,125,5.99069317852353,0.0,0.0,0.0,0.0,0.0,0.0,1.0
7,125,6.044919147927224,3.938554491429006,0.0,1.0,1.0,0.0,1.0,0.0
8,125,12.0,2.7839545434711286,0.0,1.0,1.0,0.0,1.0,1.0
9,125,5.1417537972129965,2.448702481898317,0.0,0.0,0.0,0.0,1.0,0.0
10,125,0.502703922076844,2.3680971298091595,0.0,0.0,1.0,0.0,1.0,1.0
11,125,11.795870913385547,0.0,0.0,0.0,0.0,1.0,0.0,0.0
12,125,8.746438145015103,9.358599277193935,1.0,0.0,0.0,1.0,0.0,0.0
13,125,5.123670368837561,12.0,1.0,0.0,0.0,1.0,0.0,0.0
14,125,12.0,9.83890425842637,1.0,1.0,0.0,1.0,0.0,0.0
15,125,2.4502529529564887,8.125284825444687,1.0,0.0,0.0,0.0,1.0,1.0
16,125,12.0,11.05952928741396,1.0,1.0,1.0,1.0,0.0,0.0
17,125,0.4604258941839017,8.236367934361686,1.0,0.0,0.0,1.0,0.0,0.0
18,125,0.193585599671891,0.0,1.0,0.0,0.0,1.0,1.0,0.0
19,125,3.0803013905495344,1.4851690293590594,0.0,1.0,0.0,1.0,0.0,0.0
20,125,2.72310373533994,10.18068696181613,0.0,1.0,1.0,0.0,0.0,1.0
21,125,4.700737831234809,1.7967511104736056,0.0,0.0,1.0,0.0,0.0,0.0
22,125,9.350767868428054,11.132306910580365,0.0,1.0,1.0,0.0,0.0,1.0
23,125,8.143131859571438,3.790358523335847,0.0,0.0,0.0,0.0,0.0,1.0
24,125,11.24715549152067,1.1302458015110048,0.0,0.0,0.0,1.0,0.0,0.0
25,125,7.03904984335538,0.0,0.0,1.0,0.0,0.0,0.0,0.0
26,125,0.0,12.0,0.0,1.0,1.0,1.0,0.0,1.0
27,125,9.63444316883828,11.512402813638714,1.0,0.0,0.0,1.0,0.0,1.0
28,125,7.442971048282803,9.584799671244877,1.0,0.0,1.0,1.0,0.0,0.0
29,125,12.0,2.653724941764492,0.0,0.0,0.0,1.0,1.0,1.0
30,125,3.201857667852676,7.104773874390634,0.0,1.0,0.0,0.0,0.0,0.0
31,125,0.1714921244687306,6.034312618970573,1.0,0.0,1.0,1.0,1.0,0.0
32,125,0.536810506182558,3.156807684488943,0.0,0.0,0.0,1.0,0.0,1.0
33,125,5.364890531129712,10.87275829468664,1.0,0.0,0.0,0.0,0.0,0.0
34,125,9.050318842545227,1.5200449093895954,1.0,0.0,1.0,0.0,0.0,0.0
35,125,6.073434812432248,4.274356077246377,0.0,1.0,1.0,0.0,0.0,0.0
36,125,1.21439356454902,6.840269678539562,1.0,0.0,0.0,1.0,0.0,1.0
37,125,5.392967898789291,7.957439659707683,1.0,0.0,0.0,1.0,1.0,0.0
38,125,5.966393866736672,0.0987393433290658,0.0,1.0,0.0,0.0,0.0,1.0
39,125,4.194185214501036,10.469955119239204,1.0,1.0,1.0,1.0,0.0,0.0
0,130,8.819403874951773,8.305753075009866,1.0,1.0,0.0,1.0,0.0,0.0
1,130,0.8340023398254931,6.172333321224037,0.0,1.0,0.0,0.0,0.0,1.0
2,130,2.3401201891949155,6.540832433354237,0.0,0.0,1.0,1.0,1.0,0.0
3,130,6.905882927165691,12.0,0.0,1.0,1.0,0.0,1.0,0.0
4,130,3.834371202552096,6.677459339871773,1.0,0.0,1.0,1.0,0.0,0.0
5,130,3.738824212891984,2.9497737547397365,1.0,0.0,0.0,1.0,1.0,0.0
6,130,6.049428691213366,0.0,0.0,0.0,0.0,0.0,0.0,1.0
7,130,5.984159164802761,3.994537453392006,0.0,1.0,1.0,0.0,1.0,0.0
8,130,12.0,2.698344916301617,0.0,1.0,1.0,0.0,1.0,1.0
9,130,5.148962810012919,2.4722786480941226,0.0,0.0,0.0,0.0,1.0,0.0
10,130,0.5255937954922146,2.398657445280832,0.0,0.0,1.0,0.0,1.0,1.0
11,130,11.781216352203382,0.0,0.0,0.0,0.0,1.0,0.0,0.0
12,130,8.78542155285201,9.170854772851468,1.0,0.0,0.0,1.0,0.0,0.0
13,130,5.17020554148748,12.0,1.0,0.0,0.0,1.0,0.0,0.0
14,130,12.0,9.768615125723922,1.0,1.0,0.0,1.0,0.0,0.0
15,130,2.406948669083487,8.114226029390597,1.0,0.0,0.0,0.0,1.0,1.0
16,130,11.997668449865522,11.059601687644202,1.0,1.0,1.0,1.0,0.0,0.0
17,130,0.4408540861571344,8.21147504458308,1.0,0.0,0.0,1.0,0.0,0.0
18,130,0.2081717446865789,0.0,1.0,0.0,0.0,1.0,1.0,0.0
19,130,3.051493681115229,1.465615072102864,0.0,1.0,0.0,1.0,0.0,0.0
20,130,2.674086120384977,10.19545439523622,0.0,1.0,1.0,0.0,0.0,1.0
21,130,4.626972096676222,1.7840913165761365,0.0,0.0,1.0,0.0,0.0,0.0
22,130,9.429634833464949,11.00492104038398,0.0,1.0,1.0,0.0,0.0,1.0
23,130,8.00625765573115,3.77060523552443,0.0,0.0,0.0,0.0,0.0,1.0
24,130,11.313406607101422,1.163499956641035,0.0,0.0,0.0,1.0,0.0,0.0
25,130,6.940177111272532,0.0,0.0,1.0,0.0,0.0,0.0,0.0
26,130,0.0,12.0,0.0,1.0,1.0,1.0,0.0,1.0
27,130,9.651525732693935,11.458506371955192,1.0,0.0,0.0,1.0,0.0,1.0
28,130,7.4737540266763345,9.594753006960278,1.0,0.0,1.0,1.0,0.0,0.0
29,130,12.0,2.6871301490972206,0.0,0.0,0.0,1.0,1.0,1.0
30,130,3.184443917118292,7.092523411391242,0.0,1.0,0.0,0.0,0.0,0.0
31,130,0.1481859485601779,6.06306599028362,1.0,0.0,1.0,1.0,1.0,0.0
32,130,0.4973911626517432,3.1703090406404155,0.0,0.0,0.0,1.0,0.0,1.0
33,130,5.383262163036712,10.932037281606828,1.0,0.0,0.0,0.0,0.0,0.0
34,130,9.133593565864553,1.542938136326984,1.0,0.0,1.0,0.0,0.0,0.0
35,130,5.9767029311382975,4.237938301281135,0.0,1.0,1.0,0.0,0.0,0.0
36,130,1.2141570468042062,6.840490228668455,1.0,0.0,0.0,1.0,0.0,1.0
37,130,5.393645762371284,7.9574120508993,1.0,0.0,0.0,1.0,1.0,0.0
38,130,5.966390134397703,0.0983781462818973,0.0,1.0,0.0,0.0,0.0,1.0
39,130,4.103042595153682,10.487964859326691,1.0,1.0,1.0,1.0,0.0,0.0
0,135,8.934479282946903,8.382861058312542,1.0,1.0,0.0,1.0,0.0,0.0
1,135,0.883624137932599,6.087576054424511,0.0,1.0,0.0,0.0,0.0,1.0
2,135,2.4897467553057235,6.518184203450887,0.0,0.0,1.0,1.0,1.0,0.0
3,135,6.892798576044104,12.0,0.0,1.0,1.0,0.0,1.0,0.0
4,135,3.9044426834621047,6.645565605959131,1.0,0.0,1.0,1.0,0.0,0.0
5,135,3.658650769682824,2.901445906481985,1.0,0.0,0.0,1.0,1.0,0.0
6,135,6.109894387577401,0.0,0.0,0.0,0.0,0.0,0.0,1.0
7,135,5.923386513510684,4.048266600128845,0.0,1.0,1.0,0.0,1.0,0.0
8,135,12.0,2.616119552113689,0.0,1.0,1.0,0.0,1.0,1.0
9,135,5.15652821082183,2.4951783226293998,0.0,0.0,0.0,0.0,1.0,0.0
10,135,0.5448635608966592,2.4264514442154352,0.0,0.0,1.0,0.0,1.0,1.0
11,135,11.765754586514106,0.0,0.0,0.0,0.0,1.0,0.0,0.0
12,135,8.830180209063638,8.966114047278605,1.0,0.0,0.0,1.0,0.0,0.0
13,135,5.211889664145167,12.0,1.0,0.0,0.0,1.0,0.0,0.0
14,135,12.0,9.708038899355916,1.0,1.0,0.0,1.0,0.0,0.0
15,135,2.3770508296604445,8.107265736964191,1.0,0.0,0.0,0.0,1.0,1.0
16,135,11.991846857356116,11.05977990497622,1.0,1.0,1.0,1.0,0.0,0.0
17,135,0.4229602208424025,8.187894436813703,1.0,0.0,0.0,1.0,0.0,0.0
18,135,0.2214702863228339,0.0,1.0,0.0,0.0,1.0,1.0,0.0
19,135,3.041290419536874,1.4588098669692044,0.0,1.0,0.0,1.0,0.0,0.0
20,135,2.6381373500436083,10.205767218674511,0.0,1.0,1.0,0.0,0.0,1.0
21,135,4.577543762243971,1.77562360995289,0.0,0.0,1.0,0.0,0.0,0.0
22,135,9.508115925756565,10.873490373016322,0.0,1.0,1.0,0.0,0.0,1.0
23,135,7.880104080800766,3.74986934784782,0.0,0.0,0.0,0.0,0.0,1.0
24,135,11.371843520751671,1.193804620418659,0.0,0.0,0.0,1.0,0.0,0.0
25,135,6.847056009991562,0.0,0.0,1.0,0.0,0.0,0.0,0.0
26,135,0.0,12.0,0.0,1.0,1.0,1.0,0.0,1.0
27,135,9.667725446328486,11.4078352845488,1.0,0.0,0.0,1.0,0.0,1.0
28,135,7.5072147487966365,9.606092088887388,1.0,0.0,1.0,1.0,0.0,0.0
29,135,12.0,2.7158421986067545,0.0,0.0,0.0,1.0,1.0,1.0
30,135,3.163253714262994,7.077667186177691,0.0,1.0,0.0,0.0,0.0,0.0
31,135,0.1072009791281617,6.113547966124984,1.0,0.0,1.0,1.0,1.0,0.0
32,135,0.4524361402395304,3.185031532460187,0.0,0.0,0.0,1.0,0.0,1.0
33,135,5.404334880965401,11.000758083040544,1.0,0.0,0.0,0.0,0.0,0.0
34,135,9.226979646557108,1.5699159676290646,1.0,0.0,1.0,0.0,0.0,0.0
35,135,5.871995458862935,4.197462511368299,0.0,1.0,1.0,0.0,0.0,0.0
36,135,1.2341135679587922,6.821140553794047,1.0,0.0,0.0,1.0,0.0,1.0
37,135,5.387511307671215,7.957604165608165,1.0,0.0,0.0,1.0,1.0,0.0
38,135,5.957324219056308,0.0984519193225836,0.0,1.0,0.0,0.0,0.0,1.0
39,135,4.001219601224087,10.507015932169494,1.0,1.0,1.0,1.0,0.0,0.0
0,140,9.049550173294088,8.461480499485315,1.0,1.0,0.0,1.0,0.0,0.0
1,140,0.9383099519109724,5.993729281667586,0.0,1.0,0.0,0.0,0.0,1.0
2,140,2.6547966545106862,6.496792698909709,0.0,0.0,1.0,1.0,1.0,0.0
3,140,6.875970796875892,12.0,0.0,1.0,1.0,0.0,1.0,0.0
4,140,4.000116925936897,6.6033547512874105,1.0,0.0,1.0,1.0,0.0,0.0
5,140,3.5508215886593115,2.837209132154138,1.0,0.0,0.0,1.0,1.0,0.0
6,140,6.184983030138843,0.0,0.0,0.0,0.0,0.0,0.0,1.0
7,140,5.842049221147697,4.119552725597711,0.0,1.0,1.0,0.0,1.0,0.0
8,140,12.0,2.507132802037205,0.0,1.0,1.0,0.0,1.0,1.0
9,140,5.16662018630856,2.5253155068946,0.0,0.0,0.0,0.0,1.0,0.0
10,140,0.5707863251185045,2.464462131469568,0.0,0.0,1.0,0.0,1.0,1.0
11,140,11.757197858501172,0.0118442734578716,0.0,0.0,0.0,1.0,0.0,0.0
12,140,8.870948354159532,8.78755843999442,1.0,0.0,0.0,1.0,0.0,0.0
13,140,5.241511669478155,12.0,1.0,0.0,0.0,1.0,0.0,0.0
14,140,12.0,9.651710519398009,1.0,1.0,0.0,1.0,0.0,0.0
15,140,2.344926380929808,8.099606401093226,1.0,0.0,0.0,0.0,1.0,1.0
16,140,11.992909772836295,11.059759570443688,1.0,1.0,1.0,1.0,0.0,0.0
17,140,0.4071033311507778,8.167638135814332,1.0,0.0,0.0,1.0,0.0,0.0
18,140,0.2933168463409072,0.0116827206927765,1.0,0.0,0.0,1.0,1.0,0.0
19,140,3.0232175098135152,1.4460357133359856,0.0,1.0,0.0,1.0,0.0,0.0
20,140,2.6049114469978107,10.216365451933669,0.0,1.0,1.0,0.0,0.0,1.0
21,140,4.539668882015487,1.7705374351753578,0.0,0.0,1.0,0.0,0.0,0.0
22,140,9.590277063549198,10.73855245380297,0.0,1.0,1.0,0.0,0.0,1.0
23,140,7.762675563472497,3.7285409365896425,0.0,0.0,0.0,0.0,0.0,1.0
24,140,11.450629807921963,1.2350199924997345,0.0,0.0,0.0,1.0,0.0,0.0
25,140,6.756268272561647,0.0,0.0,1.0,0.0,0.0,0.0,0.0
26,140,0.0,12.0,0.0,1.0,1.0,1.0,0.0,1.0
27,140,9.679741131023157,11.368218926355937,1.0,0.0,0.0,1.0,0.0,1.0
28,140,7.544176820662301,9.618715486071908,1.0,0.0,1.0,1.0,0.0,0.0
29,140,12.0,2.7440277896779843,0.0,0.0,0.0,1.0,1.0,1.0
30,140,3.1444148647432613,7.064395943535672,0.0,1.0,0.0,0.0,0.0,0.0
31,140,0.0584768287791572,6.172812153523022,1.0,0.0,1.0,1.0,1.0,0.0
32,140,0.3927299567928965,3.204010251906272,0.0,0.0,0.0,1.0,0.0,1.0
33,140,5.417171308016216,11.04044787101376,1.0,0.0,0.0,0.0,0.0,0.0
34,140,9.298642923783111,1.5915287811417032,1.0,0.0,1.0,0.0,0.0,0.0
35,140,5.759366681494897,4.149707314196855,0.0,1.0,1.0,0.0,0.0,0.0
36,140,1.2769679382205943,6.776669665289544,1.0,0.0,0.0,1.0,0.0,1.0
37,140,5.382853124345949,7.957594906689971,1.0,0.0,0.0,1.0,1.0,0.0
38,140,5.953069143735455,0.0984552533443568,0.0,1.0,0.0,0.0,0.0,1.0
39,140,3.890806971863824,10.524963454063146,1.0,1.0,1.0,1.0,0.0,0.0
0,145,9.170003811848009,8.544702606389937,1.0,1.0,0.0,1.0,0.0,0.0
1,145,1.0033130877259375,5.883142667655479,0.0,1.0,0.0,0.0,0.0,1.0
2,145,2.822664319836871,6.478353325287852,0.0,0.0,1.0,1.0,1.0,0.0
3,145,6.860344660767805,12.0,0.0,1.0,1.0,0.0,1.0,0.0
4,145,4.083819574381446,6.56866237794003,1.0,0.0,1.0,1.0,0.0,0.0
5,145,3.432041582169247,2.7695566521333537,1.0,0.0,0.0,1.0,1.0,0.0
6,145,6.255749216015251,0.0,0.0,0.0,0.0,0.0,0.0,1.0
7,145,5.742162039704143,4.207532366237936,0.0,1.0,1.0,0.0,1.0,0.0
8,145,12.0,2.397665202186079,0.0,1.0,1.0,0.0,1.0,1.0
9,145,5.181155160175365,2.5688621553945445,0.0,0.0,0.0,0.0,1.0,0.0
10,145,0.5876594502035357,2.4897207284923426,0.0,0.0,1.0,0.0,1.0,1.0
11,145,11.758020428118314,0.0107126509841675,0.0,0.0,0.0,1.0,0.0,0.0
12,145,8.909746248801314,8.603994411704322,1.0,0.0,0.0,1.0,0.0,0.0
13,145,5.248469117454184,12.0,1.0,0.0,0.0,1.0,0.0,0.0
14,145,12.0,9.595918977669893,1.0,1.0,0.0,1.0,0.0,0.0
15,145,2.3055932602615705,8.08998014245219,1.0,0.0,0.0,0.0,1.0,1.0
16,145,11.974322926467725,11.06013417005154,1.0,1.0,1.0,1.0,0.0,0.0
17,145,0.4002989280958883,8.158646647875285,1.0,0.0,0.0,1.0,0.0,0.0
18,145,0.3403343798773302,0.019684387165742,1.0,0.0,0.0,1.0,1.0,0.0
19,145,2.989082060754632,1.4228298026226611,0.0,1.0,0.0,1.0,0.0,0.0
20,145,2.55874005480171,10.23150441140574,0.0,1.0,1.0,0.0,0.0,1.0
21,145,4.48266450748131,1.763232867000939,0.0,0.0,1.0,0.0,0.0,0.0
22,145,9.672824228687846,10.607705739285633,0.0,1.0,1.0,0.0,0.0,1.0
23,145,7.639195814848859,3.7039211999819193,0.0,0.0,0.0,0.0,0.0,1.0
24,145,11.536678950227802,1.2809035387075616,0.0,0.0,0.0,1.0,0.0,0.0
25,145,6.69200661695819,0.0,0.0,1.0,0.0,0.0,0.0,0.0
26,145,0.0,12.0,0.0,1.0,1.0,1.0,0.0,1.0
27,145,9.692754855576233,11.326704005001076,1.0,0.0,0.0,1.0,0.0,1.0
28,145,7.570212629473382,9.628722387860757,1.0,0.0,1.0,1.0,0.0,0.0
29,145,12.0,2.7693028384683283,0.0,0.0,0.0,1.0,1.0,1.0
30,145,3.1378839945380887,7.060063684085615,0.0,1.0,0.0,0.0,0.0,0.0
31,145,0.0,6.247797784798335,1.0,0.0,1.0,1.0,1.0,0.0
32,145,0.3575678372123213,3.215292815807355,0.0,0.0,0.0,1.0,0.0,1.0
33,145,5.434450421930768,11.0959844222442,1.0,0.0,0.0,0.0,0.0,0.0
34,145,9.356658777271782,1.6082082752806397,1.0,0.0,1.0,0.0,0.0,0.0
35,145,5.650568729215268,4.10102524967582,0.0,1.0,1.0,0.0,0.0,0.0
36,145,1.29574205923092,6.755554689425329,1.0,0.0,0.0,1.0,0.0,1.0
37,145,5.373752302123732,7.957470769047576,1.0,0.0,0.0,1.0,1.0,0.0
38,145,5.926932255001691,0.0988824199871975,0.0,1.0,0.0,0.0,0.0,1.0
39,145,3.774062102722317,10.54058375886207,1.0,1.0,1.0,1.0,0.0,0.0
0,150,9.290166491129575,8.628883140745213,1.0,1.0,0.0,1.0,0.0,0.0
1,150,1.0650532383943927,5.778700484610158,0.0,1.0,0.0,0.0,0.0,1.0
2,150,2.989768484121649,6.46559887284825,0.0,0.0,1.0,1.0,1.0,0.0
3,150,6.848342965950288,12.0,0.0,1.0,1.0,0.0,1.0,0.0
4,150,4.1547012726084205,6.537196765303529,1.0,0.0,1.0,1.0,0.0,0.0
5,150,3.32263798131765,2.7104934724323075,1.0,0.0,0.0,1.0,1.0,0.0
6,150,6.333060741306876,0.0,0.0,0.0,0.0,0.0,0.0,1.0
7,150,5.645788670790987,4.287060017294461,0.0,1.0,1.0,0.0,1.0,0.0
8,150,12.0,2.2908410420445686,0.0,1.0,1.0,0.0,1.0,1.0
9,150,5.194681860623073,2.6090259792579467,0.0,0.0,0.0,0.0,1.0,0.0
10,150,0.6086028856856665,2.5232625273569247,0.0,0.0,1.0,0.0,1.0,1.0
11,150,11.760918279349816,0.0066382728332849,0.0,0.0,0.0,1.0,0.0,0.0
12,150,8.948675523163033,8.412286619384128,1.0,0.0,0.0,1.0,0.0,0.0
13,150,5.25731086109263,12.0,1.0,0.0,0.0,1.0,0.0,0.0
14,150,12.0,9.537796866101916,1.0,1.0,0.0,1.0,0.0,0.0
15,150,2.2867514319546114,8.085207893519271,1.0,0.0,0.0,0.0,1.0,1.0
16,150,11.960609913524376,11.06036748899303,1.0,1.0,1.0,1.0,0.0,0.0
17,150,0.3881913160271624,8.143205957936635,1.0,0.0,0.0,1.0,0.0,0.0
18,150,0.368572182884853,0.0239504130417233,1.0,0.0,0.0,1.0,1.0,0.0
19,150,2.947412471077837,1.391732299204606,0.0,1.0,0.0,1.0,0.0,0.0
20,150,2.5120690951646902,10.246498614838352,0.0,1.0,1.0,0.0,0.0,1.0
21,150,4.410669766215504,1.7549704581398862,0.0,0.0,1.0,0.0,0.0,0.0
22,150,9.756652218812311,10.47755474690046,0.0,1.0,1.0,0.0,0.0,1.0
23,150,7.51700900549179,3.6814457017719113,0.0,0.0,0.0,0.0,0.0,1.0
24,150,11.624412778132278,1.3276916122617477,0.0,0.0,0.0,1.0,0.0,0.0
25,150,6.630947674326489,0.0,0.0,1.0,0.0,0.0,0.0,0.0
26,150,0.0,12.0,0.0,1.0,1.0,1.0,0.0,1.0
27,150,9.704679711208104,11.285576176196386,1.0,0.0,0.0,1.0,0.0,1.0
28,150,7.595952084635697,9.63859899718186,1.0,0.0,1.0,1.0,0.0,0.0
29,150,12.0,2.796560594910086,0.0,0.0,0.0,1.0,1.0,1.0
30,150,3.1331672937028148,7.056761113470899,0.0,1.0,0.0,0.0,0.0,0.0
31,150,0.0,6.301958925880004,1.0,0.0,1.0,1.0,1.0,0.0
32,150,0.3244391518119425,3.225169145908557,0.0,0.0,0.0,1.0,0.0,1.0
33,150,5.453665723401451,11.160028585486558,1.0,0.0,0.0,0.0,0.0,0.0
34,150,9.43382053155047,1.6308324375698922,1.0,0.0,1.0,0.0,0.0,0.0
35,150,5.554104635605362,4.059209191434724,0.0,1.0,1.0,0.0,0.0,0.0
36,150,1.2895962802430996,6.762774503009962,1.0,0.0,0.0,1.0,0.0,1.0
37,150,5.353376278515218,7.957087794104888,1.0,0.0,0.0,1.0,1.0,0.0
38,150,5.894167646477979,0.0988770948427864,0.0,1.0,0.0,0.0,0.0,1.0
39,150,3.672947992550603,10.553583489517306,1.0,1.0,1.0,1.0,0.0,0.0
0,155,9.415056492377754,8.720464504144477,1.0,1.0,0.0,1.0,0.0,0.0
1,155,1.125949407825059,5.674050891941655,0.0,1.0,0.0,0.0,0.0,1.0
2,155,3.169344353779348,6.451240688734546,0.0,0.0,1.0,1.0,1.0,0.0
3,155,6.838890898822109,12.0,0.0,1.0,1.0,0.0,1.0,0.0
4,155,4.2509244457112745,6.488927024999883,1.0,0.0,1.0,1.0,0.0,0.0
5,155,3.2309183169518696,2.6605179694555305,1.0,0.0,0.0,1.0,1.0,0.0
6,155,6.49350756157947,0.0667513302630412,0.0,0.0,0.0,0.0,0.0,1.0
7,155,5.54662918168567,4.365791142343459,0.0,1.0,1.0,0.0,1.0,0.0
8,155,12.0,2.170113572033372,0.0,1.0,1.0,0.0,1.0,1.0
9,155,5.213436493585237,2.6664793524399,0.0,0.0,0.0,0.0,1.0,0.0
10,155,0.635483633582831,2.5675384307407247,0.0,0.0,1.0,0.0,1.0,1.0
11,155,11.768467484395975,0.0,0.0,0.0,0.0,1.0,0.0,0.0
12,155,8.981668368537985,8.234341765670711,1.0,0.0,0.0,1.0,0.0,0.0
13,155,5.254274949035604,11.996288643561796,1.0,0.0,0.0,1.0,0.0,0.0
14,155,12.0,9.47853137633052,1.0,1.0,0.0,1.0,0.0,0.0
15,155,2.284688069492102,8.084699666142965,1.0,0.0,0.0,0.0,1.0,1.0
16,155,11.97061902748866,11.060122217168583,1.0,1.0,1.0,1.0,0.0,0.0
17,155,0.374913522730339,8.126151607270193,1.0,0.0,0.0,1.0,0.0,0.0
18,155,0.3956600954367298,0.0275497506383946,1.0,0.0,0.0,1.0,1.0,0.0
19,155,2.914782127667209,1.3681034615459973,0.0,1.0,0.0,1.0,0.0,0.0
20,155,2.4659314465828346,10.260347878807709,0.0,1.0,1.0,0.0,0.0,1.0
21,155,4.337115282145983,1.745726988162139,0.0,0.0,1.0,0.0,0.0,0.0
22,155,9.853935237804244,10.3320473317779,0.0,1.0,1.0,0.0,0.0,1.0
23,155,7.389276589066231,3.656653606188493,0.0,0.0,0.0,0.0,0.0,1.0
24,155,11.731313148639494,1.3883765913737447,0.0,0.0,0.0,1.0,0.0,0.0
25,155,6.579800208147383,0.0,0.0,1.0,0.0,0.0,0.0,0.0
26,155,0.0,12.0,0.0,1.0,1.0,1.0,0.0,1.0
27,155,9.71135860432417,11.262568275885338,1.0,0.0,0.0,1.0,0.0,1.0
28,155,7.654144155282223,9.660973655778736,1.0,0.0,1.0,1.0,0.0,0.0
29,155,12.0,2.8197402346447,0.0,0.0,0.0,1.0,1.0,1.0
30,155,3.119042386348126,7.047130945073028,0.0,1.0,0.0,0.0,0.0,0.0
31,155,0.0,6.356558363055541,1.0,0.0,1.0,1.0,1.0,0.0
32,155,0.2965599885712062,3.2332886823902096,0.0,0.0,0.0,1.0,0.0,1.0
33,155,5.477815187223818,11.24179043998858,1.0,0.0,0.0,0.0,0.0,0.0
34,155,9.522168543005376,1.6577182016240326,1.0,0.0,1.0,0.0,0.0,0.0
35,155,5.445925950364376,4.013000615277354,0.0,1.0,1.0,0.0,0.0,0.0
36,155,1.2854480648530997,6.767756265168067,1.0,0.0,0.0,1.0,0.0,1.0
37,155,5.352103944261301,7.957052162136139,1.0,0.0,0.0,1.0,1.0,0.0
38,155,5.851434024011026,0.0996168047064213,0.0,1.0,0.0,0.0,0.0,1.0
39,155,3.5567811552328346,10.567369433786196,1.0,1.0,1.0,1.0,0.0,0.0
0,160,9.539951857359238,8.818369826170297,1.0,1.0,0.0,1.0,0.0,0.0
1,160,1.186345908528832,5.576215863693927,0.0,1.0,0.0,0.0,0.0,1.0
2,160,3.3592204010295355,6.436643709530573,0.0,0.0,1.0,1.0,1.0,0.0
3,160,6.827044104335003,12.0,0.0,1.0,1.0,0.0,1.0,0.0
4,160,4.350122275813116,6.4365395174810045,1.0,0.0,1.0,1.0,0.0,0.0
5,160,3.1529568276842697,2.621099520469017,1.0,0.0,0.0,1.0,1.0,0.0
6,160,6.664816168936675,0.1364797451010204,0.0,0.0,0.0,0.0,0.0,1.0
7,160,5.45452947228471,4.440941325084351,0.0,1.0,1.0,0.0,1.0,0.0
8,160,12.0,2.0506164136173224,0.0,1.0,1.0,0.0,1.0,1.0
9,160,5.24340367147687,2.752659290884501,0.0,0.0,0.0,0.0,1.0,0.0
10,160,0.6798016219315169,2.6445107180464698,0.0,0.0,1.0,0.0,1.0,1.0
11,160,11.779064877933196,0.0,0.0,0.0,0.0,1.0,0.0,0.0
12,160,9.013854689362786,8.057385511103947,1.0,0.0,0.0,1.0,0.0,0.0
13,160,5.24424142708779,11.983220988629087,1.0,0.0,0.0,1.0,0.0,0.0
14,160,12.0,9.418157198246002,1.0,1.0,0.0,1.0,0.0,0.0
15,160,2.2556711029181997,8.078075371079615,1.0,0.0,0.0,0.0,1.0,1.0
16,160,11.993554532515232,11.060029117421724,1.0,1.0,1.0,1.0,0.0,0.0
17,160,0.3646183182887664,8.112248258706877,1.0,0.0,0.0,1.0,0.0,0.0
18,160,0.4165387942432478,0.0300727159710599,1.0,0.0,0.0,1.0,1.0,0.0
19,160,2.878436489011808,1.3422598176962235,0.0,1.0,0.0,1.0,0.0,0.0
20,160,2.421999949609534,10.274545226915054,0.0,1.0,1.0,0.0,0.0,1.0
21,160,4.278633774112454,1.73666802684357,0.0,0.0,1.0,0.0,0.0,0.0
22,160,9.949454759758318,10.181161909247448,0.0,1.0,1.0,0.0,0.0,1.0
23,160,7.272996229289987,3.632046024178024,0.0,0.0,0.0,0.0,0.0,1.0
24,160,11.848537311516411,1.4542396623056937,0.0,0.0,0.0,1.0,0.0,0.0
25,160,6.529050154598058,0.0,0.0,1.0,0.0,0.0,0.0,0.0
26,160,0.0,12.0,0.0,1.0,1.0,1.0,0.0,1.0
27,160,9.719096191328536,11.236791889754896,1.0,0.0,0.0,1.0,0.0,1.0
28,160,7.718976684399326,9.68442777762304,1.0,0.0,1.0,1.0,0.0,0.0
29,160,12.0,2.851930801479124,0.0,0.0,0.0,1.0,1.0,1.0
30,160,3.122200120235554,7.049305724434661,0.0,1.0,0.0,0.0,0.0,0.0
31,160,0.0,6.410262087444592,1.0,0.0,1.0,1.0,1.0,0.0
32,160,0.2774997405772604,3.239134136216373,0.0,0.0,0.0,1.0,0.0,1.0
33,160,5.500299507474363,11.32211659483832,1.0,0.0,0.0,0.0,0.0,0.0
34,160,9.61179690774826,1.685767268862085,1.0,0.0,1.0,0.0,0.0,0.0
35,160,5.312519796373237,3.95738989519252,0.0,1.0,1.0,0.0,0.0,0.0
36,160,1.2802271638489366,6.7737195885189365,1.0,0.0,0.0,1.0,0.0,1.0
37,160,5.329319979510465,7.956643772787759,1.0,0.0,0.0,1.0,1.0,0.0
38,160,5.817064152476813,0.0998002495163779,0.0,1.0,0.0,0.0,0.0,1.0
39,160,3.449380416346325,10.577736776914588,1.0,1.0,1.0,1.0,0.0,0.0
0,165,9.681948629227962,8.926828289032919,1.0,1.0,0.0,1.0,0.0,0.0
1,165,1.2518960112298605,5.476805434966187,0.0,1.0,0.0,0.0,0.0,1.0
2,165,3.5555820711535064,6.416432199868585,0.0,0.0,1.0,1.0,1.0,0.0
3,165,6.816001822080679,12.0,0.0,1.0,1.0,0.0,1.0,0.0
4,165,4.447681057507489,6.384027373621995,1.0,0.0,1.0,1.0,0.0,0.0
5,165,3.071472225677064,2.577419404626656,1.0,0.0,0.0,1.0,1.0,0.0
6,165,6.842857707463002,0.2057297144259449,0.0,0.0,0.0,0.0,0.0,1.0
7,165,5.375624697747022,4.5087793229577935,0.0,1.0,1.0,0.0,1.0,0.0
8,165,12.0,1.9217786836862447,0.0,1.0,1.0,0.0,1.0,1.0
9,165,5.281038369756691,2.868043341315584,0.0,0.0,0.0,0.0,1.0,0.0
10,165,0.7265642005005554,2.726947210921885,0.0,0.0,1.0,0.0,1.0,1.0
11,165,11.803938149298329,0.0,0.0,0.0,0.0,1.0,0.0,0.0
12,165,9.04278351930692,7.896833482383483,1.0,0.0,0.0,1.0,0.0,0.0
13,165,5.21482353931481,11.9462348779223,1.0,0.0,0.0,1.0,0.0,0.0
14,165,12.0,9.374762560192902,1.0,1.0,0.0,1.0,0.0,0.0
15,165,2.2178739496156217,8.067802770952143,1.0,0.0,0.0,0.0,1.0,1.0
16,165,12.0,11.060352983163952,1.0,1.0,1.0,1.0,0.0,0.0
17,165,0.3505106101574626,8.092445414484242,1.0,0.0,0.0,1.0,0.0,0.0
18,165,0.423633873415712,0.0306612955825287,1.0,0.0,0.0,1.0,1.0,0.0
19,165,2.825273835457434,1.3049648895363937,0.0,1.0,0.0,1.0,0.0,0.0
20,165,2.399836832785612,10.28182378958337,0.0,1.0,1.0,0.0,0.0,1.0
21,165,4.242977483266679,1.7301940677144585,0.0,0.0,1.0,0.0,0.0,0.0
22,165,10.053757796950125,10.018177525305818,0.0,1.0,1.0,0.0,0.0,1.0
23,165,7.14359865306229,3.603170174392506,0.0,0.0,0.0,0.0,0.0,1.0
24,165,11.973113879133532,1.5263160733107322,0.0,0.0,0.0,1.0,0.0,0.0
25,165,6.478646379706172,0.0,0.0,1.0,0.0,0.0,0.0,0.0
26,165,0.0,12.0,0.0,1.0,1.0,1.0,0.0,1.0
27,165,9.724625625683608,11.218068561505644,1.0,0.0,0.0,1.0,0.0,1.0
28,165,7.792186954368585,9.710260437359503,1.0,0.0,1.0,1.0,0.0,0.0
29,165,12.0,2.8752271643070206,0.0,0.0,0.0,1.0,1.0,1.0
30,165,3.1264591466315887,7.052136479873418,0.0,1.0,0.0,0.0,0.0,0.0
31,165,0.0,6.4852654921779305,1.0,0.0,1.0,1.0,1.0,0.0
32,165,0.2521186064638886,3.245942219236095,0.0,0.0,0.0,1.0,0.0,1.0
33,165,5.522282116625959,11.393560278532837,1.0,0.0,0.0,0.0,0.0,0.0
34,165,9.709817924202412,1.7149697112040811,1.0,0.0,1.0,0.0,0.0,0.0
35,165,5.1703507587394775,3.898941808911753,0.0,1.0,1.0,0.0,0.0,0.0
36,165,1.2633780916521815,6.7925774124966605,1.0,0.0,0.0,1.0,0.0,1.0
37,165,5.318093045970049,7.956657944085978,1.0,0.0,0.0,1.0,1.0,0.0
38,165,5.76239993288092,0.1000818477379722,0.0,1.0,0.0,0.0,0.0,1.0
39,165,3.346818350888185,10.588102646990366,1.0,1.0,1.0,1.0,0.0,0.0
0,170,9.83519745487522,9.042678426274977,1.0,1.0,0.0,1.0,0.0,0.0
1,170,1.309057145522995,5.389263733969481,0.0,1.0,0.0,0.0,0.0,1.0
2,170,3.753891945556203,6.396983815066457,0.0,0.0,1.0,1.0,1.0,0.0
3,170,6.802452094348073,12.0,0.0,1.0,1.0,0.0,1.0,0.0
4,170,4.552719583583452,6.329752303213416,1.0,0.0,1.0,1.0,0.0,0.0
5,170,3.0016319747226,2.540596831864277,1.0,0.0,0.0,1.0,1.0,0.0
6,170,7.027394990572623,0.2713352051045705,0.0,0.0,0.0,0.0,0.0,1.0
7,170,5.305181370369295,4.571425637893491,0.0,1.0,1.0,0.0,1.0,0.0
8,170,12.0,1.803627644446251,0.0,1.0,1.0,0.0,1.0,1.0
9,170,5.32380236776714,3.002937293637806,0.0,0.0,0.0,0.0,1.0,0.0
10,170,0.7752547874200297,2.8135392667909427,0.0,0.0,1.0,0.0,1.0,1.0
11,170,11.83236240032318,0.0,0.0,0.0,0.0,1.0,0.0,0.0
12,170,9.073768795720191,7.7393982059841235,1.0,0.0,0.0,1.0,0.0,0.0
13,170,5.183420811785413,11.907617144162918,1.0,0.0,0.0,1.0,0.0,0.0
14,170,12.0,9.33890254294055,1.0,1.0,0.0,1.0,0.0,0.0
15,170,2.1672824818398864,8.054350210213142,1.0,0.0,0.0,0.0,1.0,1.0
16,170,12.0,11.060580043004396,1.0,1.0,1.0,1.0,0.0,0.0
17,170,0.3488826663232833,8.09011845427091,1.0,0.0,0.0,1.0,0.0,0.0
18,170,0.4151364941637953,0.0296426910576371,1.0,0.0,0.0,1.0,1.0,0.0
19,170,2.7545571475954618,1.2564777751317056,0.0,1.0,0.0,1.0,0.0,0.0
20,170,2.4014254741777195,10.281285385676645,0.0,1.0,1.0,0.0,0.0,1.0
21,170,4.198396658401138,1.7218351348375958,0.0,0.0,1.0,0.0,0.0,0.0
22,170,10.154554869099275,9.858744933411824,0.0,1.0,1.0,0.0,0.0,1.0
23,170,7.015348979771906,3.5744558141631844,0.0,0.0,0.0,0.0,0.0,1.0
24,170,12.0,1.6090502469021306,0.0,0.0,0.0,1.0,0.0,0.0
25,170,6.432329163875239,0.0,0.0,1.0,0.0,0.0,0.0,0.0
26,170,0.0,12.0,0.0,1.0,1.0,1.0,0.0,1.0
27,170,9.735298688124164,11.181727614051557,1.0,0.0,0.0,1.0,0.0,1.0
28,170,7.877309189044526,9.741569916636411,1.0,0.0,1.0,1.0,0.0,0.0
29,170,12.0,2.898858578386457,0.0,0.0,0.0,1.0,1.0,1.0
30,170,3.1475992243604,7.065933331724999,0.0,1.0,0.0,0.0,0.0,0.0
31,170,0.0,6.552027593935135,1.0,0.0,1.0,1.0,1.0,0.0
32,170,0.2019772618726269,3.259097466341594,0.0,0.0,0.0,1.0,0.0,1.0
33,170,5.542952958192281,11.457756167466048,1.0,0.0,0.0,0.0,0.0,0.0
34,170,9.80210941971713,1.7404870382349356,1.0,0.0,1.0,0.0,0.0,0.0
35,170,5.027265865071436,3.8373666496706416,0.0,1.0,1.0,0.0,0.0,0.0
36,170,1.2485609401061886,6.809671694332595,1.0,0.0,0.0,1.0,0.0,1.0
37,170,5.300795838234127,7.956730752421752,1.0,0.0,0.0,1.0,1.0,0.0
38,170,5.7025409642446405,0.1017405390526751,0.0,1.0,0.0,0.0,0.0,1.0
39,170,3.241256802605453,10.599555841682449,1.0,1.0,1.0,1.0,0.0,0.0
0,175,10.008263741930003,9.17916884377487,1.0,1.0,0.0,1.0,0.0,0.0
1,175,1.3742115276498077,5.291946198916524,0.0,1.0,0.0,0.0,0.0,1.0
2,175,3.938858884165955,6.381099272777418,0.0,0.0,1.0,1.0,1.0,0.0
3,175,6.789989732582314,12.0,0.0,1.0,1.0,0.0,1.0,0.0
4,175,4.649319136335419,6.278084879208249,1.0,0.0,1.0,1.0,0.0,0.0
5,175,2.952152748193281,2.514962561493117,1.0,0.0,0.0,1.0,1.0,0.0
6,175,7.21118689451554,0.3379131852295391,0.0,0.0,0.0,0.0,0.0,1.0
7,175,5.224978618998046,4.643653735306363,0.0,1.0,1.0,0.0,1.0,0.0
8,175,12.0,1.676762617252859,0.0,1.0,1.0,0.0,1.0,1.0
9,175,5.363378501426804,3.132445536847812,0.0,0.0,0.0,0.0,1.0,0.0
10,175,0.810250381074419,2.875232265125233,0.0,0.0,1.0,0.0,1.0,1.0
11,175,11.859692286241271,0.0,0.0,0.0,0.0,1.0,0.0,0.0
12,175,9.102394248638287,7.589400208788102,1.0,0.0,0.0,1.0,0.0,0.0
13,175,5.144073223490893,11.858523074691616,1.0,0.0,0.0,1.0,0.0,0.0
14,175,12.0,9.318596382917894,1.0,1.0,0.0,1.0,0.0,0.0
15,175,2.097545861647062,8.034473509816138,1.0,0.0,0.0,0.0,1.0,1.0
16,175,12.0,11.06112925008199,1.0,1.0,1.0,1.0,0.0,0.0
17,175,0.3505126030273193,8.092463668163091,1.0,0.0,0.0,1.0,0.0,0.0
18,175,0.3833721533087481,0.0253553247320699,1.0,0.0,0.0,1.0,1.0,0.0
19,175,2.696081549576557,1.2170686876087806,0.0,1.0,0.0,1.0,0.0,0.0
20,175,2.40825531430116,10.27912127585292,0.0,1.0,1.0,0.0,0.0,1.0
21,175,4.144724495854231,1.7115812991528816,0.0,0.0,1.0,0.0,0.0,0.0
22,175,10.237321281537586,9.721172599446051,0.0,1.0,1.0,0.0,0.0,1.0
23,175,6.891353056286451,3.550622841153363,0.0,0.0,0.0,0.0,0.0,1.0
24,175,12.0,1.6845027805245223,0.0,0.0,0.0,1.0,0.0,0.0
25,175,6.393692706689572,0.0,0.0,1.0,0.0,0.0,0.0,0.0
26,175,0.0,12.0,0.0,1.0,1.0,1.0,0.0,1.0
27,175,9.737741725623422,11.17186491863768,1.0,0.0,0.0,1.0,0.0,1.0
28,175,7.946609680032023,9.766852586463422,1.0,0.0,1.0,1.0,0.0,0.0
29,175,12.0,2.9247976058466056,0.0,0.0,0.0,1.0,1.0,1.0
30,175,3.1676453965353897,7.078507170028047,0.0,1.0,0.0,0.0,0.0,0.0
31,175,0.0,6.628524099015861,1.0,0.0,1.0,1.0,1.0,0.0
32,175,0.1324532871595162,3.2792850378708134,0.0,0.0,0.0,1.0,0.0,1.0
33,175,5.566146210250504,11.534572498548975,1.0,0.0,0.0,0.0,0.0,0.0
34,175,9.882944624494607,1.762097475100015,1.0,0.0,1.0,0.0,0.0,0.0
35,175,4.876187934049927,3.7717984133820575,0.0,1.0,1.0,0.0,0.0,0.0
36,175,1.2354426406150956,6.824001526776585,1.0,0.0,0.0,1.0,0.0,1.0
37,175,5.279039403036587,7.956625838082379,1.0,0.0,0.0,1.0,1.0,0.0
38,175,5.651478693782413,0.1029371041491346,0.0,1.0,0.0,0.0,0.0,1.0
39,175,3.140779653880791,10.608550241432631,1.0,1.0,1.0,1.0,0.0,0.0
0,180,10.16787945947926,9.30565164197804,1.0,1.0,0.0,1.0,0.0,0.0
1,180,1.436392241537656,5.198887853281011,0.0,1.0,0.0,0.0,0.0,1.0
2,180,4.118431199577653,6.361349997792284,0.0,0.0,1.0,1.0,1.0,0.0
3,180,6.776319087023652,12.0,0.0,1.0,1.0,0.0,1.0,0.0
4,180,4.770033043084219,6.211655106950277,1.0,0.0,1.0,1.0,0.0,0.0
5,180,2.897660237288429,2.488248325729288,1.0,0.0,0.0,1.0,1.0,0.0
6,180,7.416520034924911,0.4106176134343272,0.0,0.0,0.0,0.0,0.0,1.0
7,180,5.143811642813472,4.714391525055648,0.0,1.0,1.0,0.0,1.0,0.0
8,180,12.0,1.5434491595396855,0.0,1.0,1.0,0.0,1.0,1.0
9,180,5.401401027282884,3.263547789014284,0.0,0.0,0.0,0.0,1.0,0.0
10,180,0.8494013209110652,2.9485517701498205,0.0,0.0,1.0,0.0,1.0,1.0
11,180,11.88936220184072,0.0,0.0,0.0,0.0,1.0,0.0,0.0
12,180,9.13759434784492,7.417682862029705,1.0,0.0,0.0,1.0,0.0,0.0
13,180,5.107692943180704,11.812696653290756,1.0,0.0,0.0,1.0,0.0,0.0
14,180,12.0,9.284652499943103,1.0,1.0,0.0,1.0,0.0,0.0
15,180,2.0380884125142256,8.017189542806584,1.0,0.0,0.0,0.0,1.0,1.0
16,180,12.0,11.062379580918243,1.0,1.0,1.0,1.0,0.0,0.0
17,180,0.3548540450769376,8.098885622194812,1.0,0.0,0.0,1.0,0.0,0.0
18,180,0.3398855139657487,0.0191988142595639,1.0,0.0,0.0,1.0,1.0,0.0
19,180,2.7312558372244053,1.1639216569517146,0.0,1.0,0.0,1.0,0.0,0.0
20,180,2.4302055059436567,10.27230749102298,0.0,1.0,1.0,0.0,0.0,1.0
21,180,4.060819350420258,1.6940692411027327,0.0,0.0,1.0,0.0,0.0,0.0
22,180,10.3069220802637,9.60188408013759,0.0,1.0,1.0,0.0,0.0,1.0
23,180,6.7502445913049085,3.524636241703353,0.0,0.0,0.0,0.0,0.0,1.0
24,180,12.0,1.7651527691206017,0.0,0.0,0.0,1.0,0.0,0.0
25,180,6.353564356764967,0.0,0.0,1.0,0.0,0.0,0.0,0.0
26,180,0.0,12.0,0.0,1.0,1.0,1.0,0.0,1.0
27,180,9.756158051080911,11.176181934101976,1.0,0.0,0.0,1.0,0.0,1.0
28,180,8.02387861272841,9.794223179433864,1.0,0.0,1.0,1.0,0.0,0.0
29,180,12.0,2.9511002545745444,0.0,0.0,0.0,1.0,1.0,1.0
30,180,3.1823951718725114,7.087238282039052,0.0,1.0,0.0,0.0,0.0,0.0
31,180,0.0,6.705776745782091,1.0,0.0,1.0,1.0,1.0,0.0
32,180,0.0647770811627714,3.29834603976759,0.0,0.0,0.0,1.0,0.0,1.0
33,180,5.584406196702058,11.59977362978033,1.0,0.0,0.0,0.0,0.0,0.0
34,180,9.963121011236092,1.78333026794157,1.0,0.0,1.0,0.0,0.0,0.0
35,180,4.731389655216402,3.7055253422697807,0.0,1.0,1.0,0.0,0.0,0.0
36,180,1.2142970963934918,6.846058055895862,1.0,0.0,0.0,1.0,0.0,1.0
37,180,5.258248004201836,7.95673836819754,1.0,0.0,0.0,1.0,1.0,0.0
38,180,5.601190382954775,0.1033711129227329,0.0,1.0,0.0,0.0,0.0,1.0
39,180,3.030063860865463,10.625324001174429,1.0,1.0,1.0,1.0,0.0,0.0
0,185,10.341850666704527,9.43628606828753,1.0,1.0,0.0,1.0,0.0,0.0
1,185,1.5106576957289808,5.083983752221935,0.0,1.0,0.0,0.0,0.0,1.0
2,185,4.278987017915681,6.342993703202289,0.0,0.0,1.0,1.0,1.0,0.0
3,185,6.762290689759569,12.0,0.0,1.0,1.0,0.0,1.0,0.0
4,185,4.901009431733978,6.145409136686189,1.0,0.0,1.0,1.0,0.0,0.0
5,185,2.8380089939996846,2.459919892499223,1.0,0.0,0.0,1.0,1.0,0.0
6,185,7.614298722134125,0.4860384753035331,0.0,0.0,0.0,0.0,0.0,1.0
7,185,5.075400853178206,4.775773105931984,0.0,1.0,1.0,0.0,1.0,0.0
8,185,12.0,1.404119497474709,0.0,1.0,1.0,0.0,1.0,1.0
9,185,5.440094434919208,3.391521175728489,0.0,0.0,0.0,0.0,1.0,0.0
10,185,0.8833803131499415,3.011550480169731,0.0,0.0,1.0,0.0,1.0,1.0
11,185,11.921357608759674,0.0,0.0,0.0,0.0,1.0,0.0,0.0
12,185,9.174810437962048,7.260999246462131,1.0,0.0,0.0,1.0,0.0,0.0
13,185,5.081996059818175,11.779565313053922,1.0,0.0,0.0,1.0,0.0,0.0
14,185,12.0,9.257117547258783,1.0,1.0,0.0,1.0,0.0,0.0
15,185,1.988477862053795,8.002228006859854,1.0,0.0,0.0,0.0,1.0,1.0
16,185,12.0,11.062726043749716,1.0,1.0,1.0,1.0,0.0,0.0
17,185,0.3537272841642388,8.097243172881814,1.0,0.0,0.0,1.0,0.0,0.0
18,185,0.316871214238738,0.016157143420508,1.0,0.0,0.0,1.0,1.0,0.0
19,185,2.777884271905632,1.0959440962749958,0.0,1.0,0.0,1.0,0.0,0.0
20,185,2.4334503289775924,10.271288993036377,0.0,1.0,1.0,0.0,0.0,1.0
21,185,3.9895721902305543,1.6780692781986692,0.0,0.0,1.0,0.0,0.0,0.0
22,185,10.376941201628236,9.476790896786133,0.0,1.0,1.0,0.0,0.0,1.0
23,185,6.62203981554899,3.504617859606462,0.0,0.0,0.0,0.0,0.0,1.0
24,185,12.0,1.8534961715806055,0.0,0.0,0.0,1.0,0.0,0.0
25,185,6.329006458124009,0.0,0.0,1.0,0.0,0.0,0.0,0.0
26,185,0.0,12.0,0.0,1.0,1.0,1.0,0.0,1.0
27,185,9.787309901855714,11.183726851759774,1.0,0.0,0.0,1.0,0.0,1.0
28,185,8.112025429907755,9.822540666574431,1.0,0.0,1.0,1.0,0.0,0.0
29,185,12.0,2.98036962909011,0.0,0.0,0.0,1.0,1.0,1.0
30,185,3.183338448852509,7.087797676040611,0.0,1.0,0.0,0.0,0.0,0.0
31,185,0.0,6.778644759540244,1.0,0.0,1.0,1.0,1.0,0.0
32,185,0.0223318509819193,3.3105756615123214,0.0,0.0,0.0,1.0,0.0,1.0
33,185,5.599414970251912,11.649951953342049,1.0,0.0,0.0,0.0,0.0,0.0
34,185,10.020138677318233,1.7998183750911203,1.0,0.0,1.0,0.0,0.0,0.0
35,185,4.59152342961821,3.6423930730026983,0.0,1.0,1.0,0.0,0.0,0.0
36,185,1.203801190684063,6.857425914297735,1.0,0.0,0.0,1.0,0.0,1.0
37,185,5.2221795567073865,7.958033670449418,1.0,0.0,0.0,1.0,1.0,0.0
38,185,5.549964084282022,0.1047541018798072,0.0,1.0,0.0,0.0,0.0,1.0
39,185,2.899646202577169,10.644363931067875,1.0,1.0,1.0,1.0,0.0,0.0
0,190,10.510555028865731,9.561230221348175,1.0,1.0,0.0,1.0,0.0,0.0
1,190,1.564543698185799,4.997359403318732,0.0,1.0,0.0,0.0,0.0,1.0
2,190,4.435085298510435,6.3268799969833545,0.0,0.0,1.0,1.0,1.0,0.0
3,190,6.748319211620851,12.0,0.0,1.0,1.0,0.0,1.0,0.0
4,190,5.02537928137136,6.078935189849061,1.0,0.0,1.0,1.0,0.0,0.0
5,190,2.7745188366171654,2.42808047453466,1.0,0.0,0.0,1.0,1.0,0.0
6,190,7.813496306465299,0.5724165484924737,0.0,0.0,0.0,0.0,0.0,1.0
7,190,5.010401314338084,4.833673893468465,0.0,1.0,1.0,0.0,1.0,0.0
8,190,12.0,1.2678390406534332,0.0,1.0,1.0,0.0,1.0,1.0
9,190,5.483624871373561,3.5247198170798435,0.0,0.0,0.0,0.0,1.0,0.0
10,190,0.9181920648867686,3.0776571810533,0.0,0.0,1.0,0.0,1.0,1.0
11,190,11.945923352173493,0.0,0.0,0.0,0.0,1.0,0.0,0.0
12,190,9.208158122180768,7.099720071673948,1.0,0.0,0.0,1.0,0.0,0.0
13,190,5.065269495871438,11.759001542900052,1.0,0.0,0.0,1.0,0.0,0.0
14,190,12.0,9.227331469004024,1.0,1.0,0.0,1.0,0.0,0.0
15,190,1.9379908102810832,7.987257604201305,1.0,0.0,0.0,0.0,1.0,1.0
16,190,12.0,11.06356298151084,1.0,1.0,1.0,1.0,0.0,0.0
17,190,0.3617861923959333,8.10973253377042,1.0,0.0,0.0,1.0,0.0,0.0
18,190,0.281993165011388,0.012547256360364,1.0,0.0,0.0,1.0,1.0,0.0
19,190,2.8414031784752165,1.0050158706312964,0.0,1.0,0.0,1.0,0.0,0.0
20,190,2.477506815581236,10.257602676668997,0.0,1.0,1.0,0.0,0.0,1.0
21,190,3.931837557944748,1.6643222312796595,0.0,0.0,1.0,0.0,0.0,0.0
22,190,10.43694968028054,9.372816558680093,0.0,1.0,1.0,0.0,0.0,1.0
23,190,6.49914804386205,3.48247694650413,0.0,0.0,0.0,0.0,0.0,1.0
24,190,12.0,1.9466020315372827,0.0,0.0,0.0,1.0,0.0,0.0
25,190,6.296435681942534,0.0,0.0,1.0,0.0,0.0,0.0,0.0
26,190,0.0,12.0,0.0,1.0,1.0,1.0,0.0,1.0
27,190,9.807997038500089,11.187874157533942,1.0,0.0,0.0,1.0,0.0,1.0
28,190,8.21397732316872,9.854944224044024,1.0,0.0,1.0,1.0,0.0,0.0
29,190,12.0,3.0084173509954044,0.0,0.0,0.0,1.0,1.0,1.0
30,190,3.2000733681212914,7.097503191127644,0.0,1.0,0.0,0.0,0.0,0.0
31,190,0.0,6.836743122128522,1.0,0.0,1.0,1.0,1.0,0.0
32,190,0.0,3.3244823435676945,0.0,0.0,0.0,1.0,0.0,1.0
33,190,5.615964924363333,11.708979700646294,1.0,0.0,0.0,0.0,0.0,0.0
34,190,10.087684612572124,1.819783706718564,1.0,0.0,1.0,0.0,0.0,0.0
35,190,4.4904693525487644,3.5961071612058086,0.0,1.0,1.0,0.0,0.0,0.0
36,190,1.2005229649449602,6.861084080840675,1.0,0.0,0.0,1.0,0.0,1.0
37,190,5.19524513310055,7.959223560243776,1.0,0.0,0.0,1.0,1.0,0.0
38,190,5.492690900566859,0.1065459918335747,0.0,1.0,0.0,0.0,0.0,1.0
39,190,2.786606023572214,10.66170403093582,1.0,1.0,1.0,1.0,0.0,0.0
0,195,10.684381163113706,9.686566694944116,1.0,1.0,0.0,1.0,0.0,0.0
1,195,1.615171690655524,4.918302474658003,0.0,1.0,0.0,0.0,0.0,1.0
2,195,4.5878046817457765,6.312868983078875,0.0,0.0,1.0,1.0,1.0,0.0
3,195,6.733243625683027,12.0,0.0,1.0,1.0,0.0,1.0,0.0
4,195,5.127111599011863,6.027053693673463,1.0,0.0,1.0,1.0,0.0,0.0
5,195,2.707721918547114,2.392717481652148,1.0,0.0,0.0,1.0,1.0,0.0
6,195,8.01588717577882,0.6626339512472033,0.0,0.0,0.0,0.0,0.0,1.0
7,195,4.932614906928017,4.900514632755862,0.0,1.0,1.0,0.0,1.0,0.0
8,195,12.0,1.127298736821512,0.0,1.0,1.0,0.0,1.0,1.0
9,195,5.523343672834358,3.6435344990128886,0.0,0.0,0.0,0.0,1.0,0.0
10,195,0.9573261660285588,3.159602634871121,0.0,0.0,1.0,0.0,1.0,1.0
11,195,11.974172248844724,0.0,0.0,0.0,0.0,1.0,0.0,0.0
12,195,9.239356239140928,6.949096109338475,1.0,0.0,0.0,1.0,0.0,0.0
13,195,5.037707269671313,11.724614086451306,1.0,0.0,0.0,1.0,0.0,0.0
14,195,12.0,9.194229924341858,1.0,1.0,0.0,1.0,0.0,0.0
15,195,1.893696795241708,7.975087869136242,1.0,0.0,0.0,0.0,1.0,1.0
16,195,12.0,11.063706961093862,1.0,1.0,1.0,1.0,0.0,0.0
17,195,0.3661799098572912,8.116084147858512,1.0,0.0,0.0,1.0,0.0,0.0
18,195,0.2376436060147314,0.0081632103684332,1.0,0.0,0.0,1.0,1.0,0.0
19,195,2.91070589109449,0.9045671296939464,0.0,1.0,0.0,1.0,0.0,0.0
20,195,2.5311850348223097,10.24148492663185,0.0,1.0,1.0,0.0,0.0,1.0
21,195,3.8791795335352823,1.652899194795583,0.0,0.0,1.0,0.0,0.0,0.0
22,195,10.502961822736022,9.262837277177136,0.0,1.0,1.0,0.0,0.0,1.0
23,195,6.382501680200604,3.461219829571593,0.0,0.0,0.0,0.0,0.0,1.0
24,195,12.0,2.0557104190535123,0.0,0.0,0.0,1.0,0.0,0.0
25,195,6.248949580228662,0.0,0.0,1.0,0.0,0.0,0.0,0.0
26,195,0.0,12.0,0.0,1.0,1.0,1.0,0.0,1.0
27,195,9.849970509850584,11.196579675658327,1.0,0.0,0.0,1.0,0.0,1.0
28,195,8.329131778229492,9.888237765323346,1.0,0.0,1.0,1.0,0.0,0.0
29,195,12.0,3.04066524964548,0.0,0.0,0.0,1.0,1.0,1.0
30,195,3.2118342150096413,7.10436304964808,0.0,1.0,0.0,0.0,0.0,0.0
31,195,0.0,6.892129100834338,1.0,0.0,1.0,1.0,1.0,0.0
32,195,0.0,3.347206741748896,0.0,0.0,0.0,1.0,0.0,1.0
33,195,5.632722698773202,11.762920021705376,1.0,0.0,0.0,0.0,0.0,0.0
34,195,10.175989282666578,1.8477765521774216,1.0,0.0,1.0,0.0,0.0,0.0
35,195,4.399199898810558,3.5572152661517475,0.0,1.0,1.0,0.0,0.0,0.0
36,195,1.1868250599265169,6.876464084335697,1.0,0.0,0.0,1.0,0.0,1.0
37,195,5.168419018759049,7.960418058193955,1.0,0.0,0.0,1.0,1.0,0.0
38,195,5.418932076939254,0.1096605383848802,0.0,1.0,0.0,0.0,0.0,1.0
39,195,2.6912617260203646,10.676214855914145,1.0,1.0,1.0,1.0,0.0,0.0
0,200,10.864447783666083,9.820105714136568,1.0,1.0,0.0,1.0,0.0,0.0
1,200,1.6647405427201512,4.848189771084467,0.0,1.0,0.0,0.0,0.0,1.0
2,200,4.728899399232809,6.299640505339045,0.0,0.0,1.0,1.0,1.0,0.0
3,200,6.719929740911285,12.0,0.0,1.0,1.0,0.0,1.0,0.0
4,200,5.219218351432879,5.982655663203965,1.0,0.0,1.0,1.0,0.0,0.0
5,200,2.640313000536864,2.3583601238083456,1.0,0.0,0.0,1.0,1.0,0.0
6,200,8.199577031573279,0.7457097513734223,0.0,0.0,0.0,0.0,0.0,1.0
7,200,4.8615294070947455,4.958454661691957,0.0,1.0,1.0,0.0,1.0,0.0
8,200,12.0,0.9556241169843608,0.0,1.0,1.0,0.0,1.0,1.0
9,200,5.558187753952127,3.750597297438529,0.0,0.0,0.0,0.0,1.0,0.0
10,200,1.000875646064351,3.252127923560132,0.0,0.0,1.0,0.0,1.0,1.0
11,200,11.997032619328094,0.0,0.0,0.0,0.0,1.0,0.0,0.0
12,200,9.268513792847168,6.80161556713545,1.0,0.0,0.0,1.0,0.0,0.0
13,200,5.006941673525515,11.685272649560185,1.0,0.0,0.0,1.0,0.0,0.0
14,200,12.0,9.145108166547764,1.0,1.0,0.0,1.0,0.0,0.0
15,200,1.8499789691105808,7.9644846795566675,1.0,0.0,0.0,0.0,1.0,1.0
16,200,11.986848185854248,11.06349304718868,1.0,1.0,1.0,1.0,0.0,0.0
17,200,0.3872787403812372,8.147428875185025,1.0,0.0,0.0,1.0,0.0,0.0
18,200,0.1788299033067153,0.0021427805510872,1.0,0.0,0.0,1.0,1.0,0.0
19,200,2.9777710013844207,0.7953991109009945,0.0,1.0,0.0,1.0,0.0,0.0
20,200,2.5698690857816566,10.228293721026445,0.0,1.0,1.0,0.0,0.0,1.0
21,200,3.838224659616978,1.644330945609802,0.0,0.0,1.0,0.0,0.0,0.0
22,200,10.561716912620252,9.1653072869869,0.0,1.0,1.0,0.0,0.0,1.0
23,200,6.251682092377636,3.433764661956438,0.0,0.0,0.0,0.0,0.0,1.0
24,200,12.0,2.172977205847966,0.0,0.0,0.0,1.0,0.0,0.0
25,200,6.202695129842914,0.0,0.0,1.0,0.0,0.0,0.0,0.0
26,200,0.0,12.0,0.0,1.0,1.0,1.0,0.0,1.0
27,200,9.877163540858486,11.202746716182505,1.0,0.0,0.0,1.0,0.0,1.0
28,200,8.446464958950862,9.924154200916789,1.0,0.0,1.0,1.0,0.0,0.0
29,200,12.0,3.068268746400156,0.0,0.0,0.0,1.0,1.0,1.0
30,200,3.226608197692752,7.113421504337596,0.0,1.0,0.0,0.0,0.0,0.0
31,200,0.0,6.952518746087154,1.0,0.0,1.0,1.0,1.0,0.0
32,200,0.0,3.3687998035399818,0.0,0.0,0.0,1.0,0.0,1.0
33,200,5.650200423480202,11.819940558119196,1.0,0.0,0.0,0.0,0.0,0.0
34,200,10.266553842209936,1.8776068331149325,1.0,0.0,1.0,0.0,0.0,0.0
35,200,4.324661509990383,3.52325010957684,0.0,1.0,1.0,0.0,0.0,0.0
36,200,1.164271722821142,6.900603530049545,1.0,0.0,0.0,1.0,0.0,1.0
37,200,5.142253261391987,7.962097801615312,1.0,0.0,0.0,1.0,1.0,0.0
38,200,5.329771177441418,0.1135857399771968,0.0,1.0,0.0,0.0,0.0,1.0
39,200,2.598017825940292,10.692425829466004,1.0,1.0,1.0,1.0,0.0,0.0
0,205,11.030470269829872,9.936209104294823,1.0,1.0,0.0,1.0,0.0,0.0
1,205,1.7122741840717657,4.7800324019796605,0.0,1.0,0.0,0.0,0.0,1.0
2,205,4.873332929664753,6.283640262082198,0.0,0.0,1.0,1.0,1.0,0.0
3,205,6.705067447945463,12.0,0.0,1.0,1.0,0.0,1.0,0.0
4,205,5.262458064979096,5.961549863274843,1.0,0.0,1.0,1.0,0.0,0.0
5,205,2.590847393194112,2.3315775431728407,1.0,0.0,0.0,1.0,1.0,0.0
6,205,8.380412250528412,0.8243915024495836,0.0,0.0,0.0,0.0,0.0,1.0
7,205,4.802088796837425,5.007188651230724,0.0,1.0,1.0,0.0,1.0,0.0
8,205,12.0,0.7999409886666548,0.0,1.0,1.0,0.0,1.0,1.0
9,205,5.591725929218021,3.849375747369809,0.0,0.0,0.0,0.0,1.0,0.0
10,205,1.0538581829930362,3.3649388419862967,0.0,0.0,1.0,0.0,1.0,1.0
11,205,12.0,0.0,0.0,0.0,0.0,1.0,0.0,0.0
12,205,9.299427791597806,6.660798926468659,1.0,0.0,0.0,1.0,0.0,0.0
13,205,4.960367762572854,11.62895157784816,1.0,0.0,0.0,1.0,0.0,0.0
14,205,12.0,9.097919071884371,1.0,1.0,0.0,1.0,0.0,0.0
15,205,1.807352407193664,7.954288655217114,1.0,0.0,0.0,0.0,1.0,1.0
16,205,11.977089654111364,11.063510338054463,1.0,1.0,1.0,1.0,0.0,0.0
17,205,0.4082778964263107,8.180363452666743,1.0,0.0,0.0,1.0,0.0,0.0
18,205,0.1012911557305302,0.0,1.0,0.0,0.0,1.0,1.0,0.0
19,205,3.037996009494824,0.6945603486687473,0.0,1.0,0.0,1.0,0.0,0.0
20,205,2.6078412128884003,10.215393940311351,0.0,1.0,1.0,0.0,0.0,1.0
21,205,3.794349371877568,1.6364850336705763,0.0,0.0,1.0,0.0,0.0,0.0
22,205,10.61050867630622,9.08060786809463,0.0,1.0,1.0,0.0,0.0,1.0
23,205,6.118591441168562,3.407296114677023,0.0,0.0,0.0,0.0,0.0,1.0
24,205,12.0,2.2914004513886588,0.0,0.0,0.0,1.0,0.0,0.0
25,205,6.144191115101777,0.0,0.0,1.0,0.0,0.0,0.0,0.0
26,205,0.0,12.0,0.0,1.0,1.0,1.0,0.0,1.0
27,205,9.912994153723924,11.21031493562016,1.0,0.0,0.0,1.0,0.0,1.0
28,205,8.587861458237485,9.969110492586235,1.0,0.0,1.0,1.0,0.0,0.0
29,205,12.0,3.094895063812945,0.0,0.0,0.0,1.0,1.0,1.0
30,205,3.233900625215829,7.117706045195248,0.0,1.0,0.0,0.0,0.0,0.0
31,205,0.0,7.012937923229555,1.0,0.0,1.0,1.0,1.0,0.0
32,205,0.0,3.391568322829611,0.0,0.0,0.0,1.0,0.0,1.0
33,205,5.6598597890715885,11.852971015769764,1.0,0.0,0.0,0.0,0.0,0.0
34,205,10.357497107144034,1.9084980669878249,1.0,0.0,1.0,0.0,0.0,0.0
35,205,4.262890734898505,3.493558711543605,0.0,1.0,1.0,0.0,0.0,0.0
36,205,1.1330370243523606,6.935145379075192,1.0,0.0,0.0,1.0,0.0,1.0
37,205,5.1155290633349,7.962894514511344,1.0,0.0,0.0,1.0,1.0,0.0
38,205,5.214088529764581,0.1187129702264551,0.0,1.0,0.0,0.0,0.0,1.0
39,205,2.4965671531679794,10.707977250785376,1.0,1.0,1.0,1.0,0.0,0.0
0,210,11.184261193066083,10.042167554236396,1.0,1.0,0.0,1.0,0.0,0.0
1,210,1.7550210454414377,4.718202956067545,0.0,1.0,0.0,0.0,0.0,1.0
2,210,5.0011575296836455,6.265616704913684,0.0,0.0,1.0,1.0,1.0,0.0
3,210,6.690667968415874,12.0,0.0,1.0,1.0,0.0,1.0,0.0
4,210,5.291416325235254,5.947762083198532,1.0,0.0,1.0,1.0,0.0,0.0
5,210,2.541138536724993,2.303262060308952,1.0,0.0,0.0,1.0,1.0,0.0
6,210,8.554430128786144,0.8943482020603768,0.0,0.0,0.0,0.0,0.0,1.0
7,210,4.753531903442084,5.049865641140495,0.0,1.0,1.0,0.0,1.0,0.0
8,210,12.0,0.6331198841785811,0.0,1.0,1.0,0.0,1.0,1.0
9,210,5.625348835998443,3.945261586987258,0.0,0.0,0.0,0.0,1.0,0.0
10,210,1.1139229079211457,3.4848738610783943,0.0,0.0,1.0,0.0,1.0,1.0
11,210,12.0,0.0,0.0,0.0,0.0,1.0,0.0,0.0
12,210,9.327633976293033,6.520609659972624,1.0,0.0,0.0,1.0,0.0,0.0
13,210,4.897384413908541,11.550247252372044,1.0,0.0,0.0,1.0,0.0,0.0
14,210,12.0,9.061656715623151,1.0,1.0,0.0,1.0,0.0,0.0
15,210,1.7607016765648908,7.9427369360137074,1.0,0.0,0.0,0.0,1.0,1.0
16,210,11.97916956955098,11.063466111528909,1.0,1.0,1.0,1.0,0.0,0.0
17,210,0.4252865015927018,8.206585448187866,1.0,0.0,0.0,1.0,0.0,0.0
18,210,0.0241296469083343,0.0,1.0,0.0,0.0,1.0,1.0,0.0
19,210,3.1048844745300688,0.5808245478801397,0.0,1.0,0.0,1.0,0.0,0.0
20,210,2.659462167440802,10.198645854403775,0.0,1.0,1.0,0.0,0.0,1.0
21,210,3.749944503733485,1.6278266542851574,0.0,0.0,1.0,0.0,0.0,0.0
22,210,10.646726809626555,9.012488253860012,0.0,1.0,1.0,0.0,0.0,1.0
23,210,6.009941943186233,3.383814694700885,0.0,0.0,0.0,0.0,0.0,1.0
24,210,12.0,2.4073146606254974,0.0,0.0,0.0,1.0,0.0,0.0
25,210,6.10081419402538,0.0,0.0,1.0,0.0,0.0,0.0,0.0
26,210,0.0,12.0,0.0,1.0,1.0,1.0,0.0,1.0
27,210,9.945688067431409,11.217151286909356,1.0,0.0,0.0,1.0,0.0,1.0
28,210,8.740221144955528,10.017637447943695,1.0,0.0,1.0,1.0,0.0,0.0
29,210,12.0,3.1313658749895423,0.0,0.0,0.0,1.0,1.0,1.0
30,210,3.2629618110243217,7.136048370559962,0.0,1.0,0.0,0.0,0.0,0.0
31,210,0.0,7.090501310614296,1.0,0.0,1.0,1.0,1.0,0.0
32,210,0.0,3.41472627679056,0.0,0.0,0.0,1.0,0.0,1.0
33,210,5.669567498700665,11.884846183753718,1.0,0.0,0.0,0.0,0.0,0.0
34,210,10.423337678409728,1.929224210288436,1.0,0.0,1.0,0.0,0.0,0.0
35,210,4.2063105839520585,3.465606920660051,0.0,1.0,1.0,0.0,0.0,0.0
36,210,1.103854876197443,6.969733298155964,1.0,0.0,0.0,1.0,0.0,1.0
37,210,5.087501522082427,7.962930775041681,1.0,0.0,0.0,1.0,1.0,0.0
38,210,5.101460627112188,0.1258129277151866,0.0,1.0,0.0,0.0,0.0,1.0
39,210,2.375096006611107,10.727559295486827,1.0,1.0,1.0,1.0,0.0,0.0
0,215,11.320663854060117,10.1369042230555,1.0,1.0,0.0,1.0,0.0,0.0
1,215,1.7910529619786102,4.667044216878046,0.0,1.0,0.0,0.0,0.0,1.0
2,215,5.136818649418852,6.245043782533838,0.0,0.0,1.0,1.0,1.0,0.0
3,215,6.673753708798773,12.0,0.0,1.0,1.0,0.0,1.0,0.0
4,215,5.312273743563647,5.93711421315858,1.0,0.0,1.0,1.0,0.0,0.0
5,215,2.486218893714101,2.2733544494440063,1.0,0.0,0.0,1.0,1.0,0.0
6,215,8.711527235656552,0.9577265832413784,0.0,0.0,0.0,0.0,0.0,1.0
7,215,4.709018788734472,5.090721263983118,0.0,1.0,1.0,0.0,1.0,0.0
8,215,12.0,0.4746005984951854,0.0,1.0,1.0,0.0,1.0,1.0
9,215,5.666884745000401,4.0674675875375845,0.0,0.0,0.0,0.0,1.0,0.0
10,215,1.1689652984025358,3.5970340635908165,0.0,0.0,1.0,0.0,1.0,1.0
11,215,12.0,0.0,0.0,0.0,0.0,1.0,0.0,0.0
12,215,9.350876594419544,6.39920864766476,1.0,0.0,0.0,1.0,0.0,0.0
13,215,4.834476815734523,11.469494136495326,1.0,0.0,0.0,1.0,0.0,0.0
14,215,12.0,9.038332370236208,1.0,1.0,0.0,1.0,0.0,0.0
15,215,1.7073361100570603,7.930920085965519,1.0,0.0,0.0,0.0,1.0,1.0
16,215,12.0,11.062826009389742,1.0,1.0,1.0,1.0,0.0,0.0
17,215,0.433849088549291,8.219814011959869,1.0,0.0,0.0,1.0,0.0,0.0
18,215,0.0,0.0,1.0,0.0,0.0,1.0,1.0,0.0
19,215,3.1740476549570693,0.4648599604501477,0.0,1.0,0.0,1.0,0.0,0.0
20,215,2.6984962270414523,10.186302962623436,0.0,1.0,1.0,0.0,0.0,1.0
21,215,3.699379960140526,1.6171415315615651,0.0,0.0,1.0,0.0,0.0,0.0
22,215,10.676689725022309,8.956387137462151,0.0,1.0,1.0,0.0,0.0,1.0
23,215,5.987605392306624,3.494719914279238,0.0,0.0,0.0,0.0,0.0,1.0
24,215,12.0,2.5193118807989925,0.0,0.0,0.0,1.0,0.0,0.0
25,215,6.06025453027619,0.0,0.0,1.0,0.0,0.0,0.0,0.0
26,215,0.0,12.0,0.0,1.0,1.0,1.0,0.0,1.0
27,215,9.957709676017483,11.219793474038363,1.0,0.0,0.0,1.0,0.0,1.0
28,215,8.875301449316854,10.06290689385382,1.0,0.0,1.0,1.0,0.0,0.0
29,215,12.0,3.169843936615768,0.0,0.0,0.0,1.0,1.0,1.0
30,215,3.292937817612412,7.155001743194698,0.0,1.0,0.0,0.0,0.0,0.0
31,215,0.0,7.178237207432737,1.0,0.0,1.0,1.0,1.0,0.0
32,215,0.0,3.442993577007168,0.0,0.0,0.0,1.0,0.0,1.0
33,215,5.684850428587635,11.936446126418693,1.0,0.0,0.0,0.0,0.0,0.0
34,215,10.473655717422584,1.9461304990316912,1.0,0.0,1.0,0.0,0.0,0.0
35,215,4.154594172833341,3.4396375984882472,0.0,1.0,1.0,0.0,0.0,0.0
36,215,1.0904527697769169,6.98562534277693,1.0,0.0,0.0,1.0,0.0,1.0
37,215,5.067402962926964,7.963225353399596,1.0,0.0,0.0,1.0,1.0,0.0
38,215,4.9906481706334365,0.1336515376339498,0.0,1.0,0.0,0.0,0.0,1.0
39,215,2.2919468438696438,10.73876158581431,1.0,1.0,1.0,1.0,0.0,0.0
0,220,11.447951496710212,10.223111305512887,1.0,1.0,0.0,1.0,0.0,0.0
1,220,1.8289004684681325,4.613856964125183,0.0,1.0,0.0,0.0,0.0,1.0
2,220,5.253468520313239,6.2285372807969885,0.0,0.0,1.0,1.0,1.0,0.0
3,220,6.662311166683951,12.0,0.0,1.0,1.0,0.0,1.0,0.0
4,220,5.328214119027647,5.928833661490087,1.0,0.0,1.0,1.0,0.0,0.0
5,220,2.425840769663593,2.2417450528131804,1.0,0.0,0.0,1.0,1.0,0.0
6,220,8.887166474006678,1.0240841671787524,0.0,0.0,0.0,0.0,0.0,1.0
7,220,4.674318079249,5.1221459724686405,0.0,1.0,1.0,0.0,1.0,0.0
8,220,12.0,0.3034538024934545,0.0,1.0,1.0,0.0,1.0,1.0
9,220,5.705287418654606,4.173891701120429,0.0,0.0,0.0,0.0,1.0,0.0
10,220,1.227278228540059,3.723527913811352,0.0,0.0,1.0,0.0,1.0,1.0
11,220,12.0,0.0,0.0,0.0,0.0,1.0,0.0,0.0
12,220,9.377267066942467,6.264390592368196,1.0,0.0,0.0,1.0,0.0,0.0
13,220,4.792693167845814,11.415559897945288,1.0,0.0,0.0,1.0,0.0,0.0
14,220,12.0,9.013801783004707,1.0,1.0,0.0,1.0,0.0,0.0
15,220,1.6571963125935674,7.919981027270421,1.0,0.0,0.0,0.0,1.0,1.0
16,220,12.0,11.061841568610946,1.0,1.0,1.0,1.0,0.0,0.0
17,220,0.4361741654170301,8.223611664877941,1.0,0.0,0.0,1.0,0.0,0.0
18,220,0.0,0.0,1.0,0.0,0.0,1.0,1.0,0.0
19,220,3.23105806652193,0.3622903613424843,0.0,1.0,0.0,1.0,0.0,0.0
20,220,2.7293152912143444,10.176800544566335,0.0,1.0,1.0,0.0,0.0,1.0
21,220,3.6413621069429305,1.6048639459063845,0.0,0.0,1.0,0.0,0.0,0.0
22,220,10.70997702764785,8.89617969992816,0.0,1.0,1.0,0.0,0.0,1.0
23,220,5.965863829965049,3.593434124581893,0.0,0.0,0.0,0.0,0.0,1.0
24,220,12.0,2.6203184948674925,0.0,0.0,0.0,1.0,0.0,0.0
25,220,6.031784549576342,0.0,0.0,1.0,0.0,0.0,0.0,0.0
26,220,0.0,12.0,0.0,1.0,1.0,1.0,0.0,1.0
27,220,9.988676230548103,11.227523336683268,1.0,0.0,0.0,1.0,0.0,1.0
28,220,9.020266868705852,10.107086985098984,1.0,0.0,1.0,1.0,0.0,0.0
29,220,12.0,3.0309523428095595,0.0,0.0,0.0,1.0,1.0,1.0
30,220,3.326557774784592,7.175671359501901,0.0,1.0,0.0,0.0,0.0,0.0
31,220,0.0,7.286717144343731,1.0,0.0,1.0,1.0,1.0,0.0
32,220,0.0,3.46467785143944,0.0,0.0,0.0,1.0,0.0,1.0
33,220,5.693050272515386,11.96590827757736,1.0,0.0,0.0,0.0,0.0,0.0
34,220,10.549238392041898,1.9716586358743224,1.0,0.0,1.0,0.0,0.0,0.0
35,220,4.106447993933041,3.414352528906537,0.0,1.0,1.0,0.0,0.0,0.0
36,220,1.078592731965234,6.999478995403395,1.0,0.0,0.0,1.0,0.0,1.0
37,220,5.028163289655558,7.963854197084752,1.0,0.0,0.0,1.0,1.0,0.0
38,220,4.858480370457287,0.1439181368697448,0.0,1.0,0.0,0.0,0.0,1.0
39,220,2.2371214002179176,10.745574597775416,1.0,1.0,1.0,1.0,0.0,0.0
0,225,11.585988685587669,10.32071619156174,1.0,1.0,0.0,1.0,0.0,0.0
1,225,1.867773387426688,4.5587870711617215,0.0,1.0,0.0,0.0,0.0,1.0
2,225,5.367498229122018,6.216780036727595,0.0,0.0,1.0,1.0,1.0,0.0
3,225,6.649574004980638,12.0,0.0,1.0,1.0,0.0,1.0,0.0
4,225,5.366567792059914,5.910102237201022,1.0,0.0,1.0,1.0,0.0,0.0
5,225,2.3900654771991787,2.2228993488672133,1.0,0.0,0.0,1.0,1.0,0.0
6,225,9.067057165954074,1.088200971597764,0.0,0.0,0.0,0.0,0.0,1.0
7,225,4.639305597651181,5.154212502859249,0.0,1.0,1.0,0.0,1.0,0.0
8,225,12.0,0.1434677006277528,0.0,1.0,1.0,0.0,1.0,1.0
9,225,5.744063845437811,4.276885080257688,0.0,0.0,0.0,0.0,1.0,0.0
10,225,1.2815993859854269,3.8459811943278495,0.0,0.0,1.0,0.0,1.0,1.0
11,225,11.994319787451808,0.0091125907331935,0.0,0.0,0.0,1.0,0.0,0.0
12,225,9.407337966700748,6.100154185354406,1.0,0.0,0.0,1.0,0.0,0.0
13,225,4.751926174594608,11.361324417694911,1.0,0.0,0.0,1.0,0.0,0.0
14,225,12.0,8.974293301215331,1.0,1.0,0.0,1.0,0.0,0.0
15,225,1.6036422500447165,7.908619129724693,1.0,0.0,0.0,0.0,1.0,1.0
16,225,12.0,11.061726935476134,1.0,1.0,1.0,1.0,0.0,0.0
17,225,0.4403428228323007,8.230509184048913,1.0,0.0,0.0,1.0,0.0,0.0
18,225,0.0,0.0,1.0,0.0,0.0,1.0,1.0,0.0
19,225,3.2729744612533045,0.2889523018782024,0.0,1.0,0.0,1.0,0.0,0.0
20,225,2.76998012929968,10.1641699501408,0.0,1.0,1.0,0.0,0.0,1.0
21,225,3.581212172723377,1.5916465608212942,0.0,0.0,1.0,0.0,0.0,0.0
22,225,10.754297333815051,8.814761002110906,0.0,1.0,1.0,0.0,0.0,1.0
23,225,5.945639810196843,3.69145416670434,0.0,0.0,0.0,0.0,0.0,1.0
24,225,12.0,2.719524156686324,0.0,0.0,0.0,1.0,0.0,0.0
25,225,6.008578168861856,0.0,0.0,1.0,0.0,0.0,0.0,0.0
26,225,0.0,12.0,0.0,1.0,1.0,1.0,0.0,1.0
27,225,10.004232683681913,11.231572582358064,1.0,0.0,0.0,1.0,0.0,1.0
28,225,9.161230924460645,10.14891614156449,1.0,0.0,1.0,1.0,0.0,0.0
29,225,12.0,2.8857223535431595,0.0,0.0,0.0,1.0,1.0,1.0
30,225,3.365771811324527,7.198863768300496,0.0,1.0,0.0,0.0,0.0,0.0
31,225,0.0,7.400539864144487,1.0,0.0,1.0,1.0,1.0,0.0
32,225,0.0,3.4869273656828232,0.0,0.0,0.0,1.0,0.0,1.0
33,225,5.703607230386509,12.0,1.0,0.0,0.0,0.0,0.0,0.0
34,225,10.630343925931864,1.998356018553453,1.0,0.0,1.0,0.0,0.0,0.0
35,225,4.049819591744191,3.3851008264088622,0.0,1.0,1.0,0.0,0.0,0.0
36,225,1.0849519041112277,6.992190821581142,1.0,0.0,0.0,1.0,0.0,1.0
37,225,5.017754277859059,7.963978275097288,1.0,0.0,0.0,1.0,1.0,0.0
38,225,4.749237410589334,0.1519661138341485,0.0,1.0,0.0,0.0,0.0,1.0
39,225,2.1674643653114822,10.753649557123325,1.0,1.0,1.0,1.0,0.0,0.0
0,230,11.722160174402829,10.414671919549509,1.0,1.0,0.0,1.0,0.0,0.0
1,230,1.9094511806965464,4.498077042974424,0.0,1.0,0.0,0.0,0.0,1.0
2,230,5.486539899403175,6.204461543344307,0.0,0.0,1.0,1.0,1.0,0.0
3,230,6.639951885628669,12.0,0.0,1.0,1.0,0.0,1.0,0.0
4,230,5.406100909634153,5.889737884939144,1.0,0.0,1.0,1.0,0.0,0.0
5,230,2.3559903532484983,2.20475229802438,1.0,0.0,0.0,1.0,1.0,0.0
6,230,9.244122455114478,1.1518230645173029,0.0,0.0,0.0,0.0,0.0,1.0
7,230,4.592337849926435,5.198344588780624,0.0,1.0,1.0,0.0,1.0,0.0
8,230,12.0,0.0,0.0,1.0,1.0,0.0,1.0,1.0
9,230,5.777159804116976,4.369384388576523,0.0,0.0,0.0,0.0,1.0,0.0
10,230,1.3340448979387378,3.961665078943573,0.0,0.0,1.0,0.0,1.0,1.0
11,230,11.986297249499552,0.0219914817247376,0.0,0.0,0.0,1.0,0.0,0.0
12,230,9.439865479923892,5.933296527540724,1.0,0.0,0.0,1.0,0.0,0.0
13,230,4.727973786150035,11.33049687494306,1.0,0.0,0.0,1.0,0.0,0.0
14,230,12.0,8.938608343095346,1.0,1.0,0.0,1.0,0.0,0.0
15,230,1.576002909857508,7.903200003284268,1.0,0.0,0.0,0.0,1.0,1.0
16,230,12.0,11.063381786228607,1.0,1.0,1.0,1.0,0.0,0.0
17,230,0.4451358335713126,8.238425972117287,1.0,0.0,0.0,1.0,0.0,0.0
18,230,0.0,0.0,1.0,0.0,0.0,1.0,1.0,0.0
19,230,3.31482960211574,0.2178285105929343,0.0,1.0,0.0,1.0,0.0,0.0
20,230,2.8191855973591284,10.148234358773964,0.0,1.0,1.0,0.0,0.0,1.0
21,230,3.507154283595433,1.5744690441740836,0.0,0.0,1.0,0.0,0.0,0.0
22,230,10.805090394456023,8.716964360354195,0.0,1.0,1.0,0.0,0.0,1.0
23,230,5.930277615760617,3.7685359533984473,0.0,0.0,0.0,0.0,0.0,1.0
24,230,12.0,2.826063648804716,0.0,0.0,0.0,1.0,0.0,0.0
25,230,5.97993846801845,0.0,0.0,1.0,0.0,0.0,0.0,0.0
26,230,0.0,12.0,0.0,1.0,1.0,1.0,0.0,1.0
27,230,10.019039447987744,11.23532275931318,1.0,0.0,0.0,1.0,0.0,1.0
28,230,9.288658065124888,10.188939517536983,1.0,0.0,1.0,1.0,0.0,0.0
29,230,12.0,2.727526159833241,0.0,0.0,0.0,1.0,1.0,1.0
30,230,3.4075815999143027,7.222724531787436,0.0,1.0,0.0,0.0,0.0,0.0
31,230,0.0,7.514377459699828,1.0,0.0,1.0,1.0,1.0,0.0
32,230,0.0,3.5106150758951093,0.0,0.0,0.0,1.0,0.0,1.0
33,230,5.710851949893146,12.0,1.0,0.0,0.0,0.0,0.0,0.0
34,230,10.70035912891712,2.020761949808973,1.0,0.0,1.0,0.0,0.0,0.0
35,230,3.98557122311877,3.3542763312436623,0.0,1.0,1.0,0.0,0.0,0.0
36,230,1.099255974484704,6.975232847924277,1.0,0.0,0.0,1.0,0.0,1.0
37,230,5.016014674922126,7.96399920573636,1.0,0.0,0.0,1.0,1.0,0.0
38,230,4.6227133499642,0.1632597150724067,0.0,1.0,0.0,0.0,0.0,1.0
39,230,2.1188307830237774,10.758337236304897,1.0,1.0,1.0,1.0,0.0,0.0
0,235,11.836991156681366,10.497140196339334,1.0,1.0,0.0,1.0,0.0,0.0
1,235,1.9531400646959949,4.431835408428852,0.0,1.0,0.0,0.0,0.0,1.0
2,235,5.588327232151516,6.192031434578457,0.0,0.0,1.0,1.0,1.0,0.0
3,235,6.635136216612529,12.0,0.0,1.0,1.0,0.0,1.0,0.0
4,235,5.430698151688341,5.876702659882848,1.0,0.0,1.0,1.0,0.0,0.0
5,235,2.316034239373902,2.183304035635976,1.0,0.0,0.0,1.0,1.0,0.0
6,235,9.425085381241267,1.2151036852594592,0.0,0.0,0.0,0.0,0.0,1.0
7,235,4.5425703076617285,5.246692293938646,0.0,1.0,1.0,0.0,1.0,0.0
8,235,12.0,0.0,0.0,1.0,1.0,0.0,1.0,1.0
9,235,5.808698097447561,4.457313427416899,0.0,0.0,0.0,0.0,1.0,0.0
10,235,1.3877880917803886,4.077671659528117,0.0,0.0,1.0,0.0,1.0,1.0
11,235,11.97492808371596,0.0395012993295463,0.0,0.0,0.0,1.0,0.0,0.0
12,235,9.47104515521662,5.750918589783503,1.0,0.0,0.0,1.0,0.0,0.0
13,235,4.685921826080838,11.2781891278658,1.0,0.0,0.0,1.0,0.0,0.0
14,235,12.0,8.886262462401088,1.0,1.0,0.0,1.0,0.0,0.0
15,235,1.5150508599303043,7.891426469492649,1.0,0.0,0.0,0.0,1.0,1.0
16,235,12.0,11.064796095129031,1.0,1.0,1.0,1.0,0.0,0.0
17,235,0.4520307178375033,8.249889132199824,1.0,0.0,0.0,1.0,0.0,0.0
18,235,0.0,0.0,1.0,0.0,0.0,1.0,1.0,0.0
19,235,3.3546121977729517,0.1487855481008944,0.0,1.0,0.0,1.0,0.0,0.0
20,235,2.847474342761796,10.139060770994558,0.0,1.0,1.0,0.0,0.0,1.0
21,235,3.4129022296740548,1.5551486348626116,0.0,0.0,1.0,0.0,0.0,0.0
22,235,10.852924380673649,8.623641605691827,0.0,1.0,1.0,0.0,0.0,1.0
23,235,5.919530101311798,3.824744058516166,0.0,0.0,0.0,0.0,0.0,1.0
24,235,12.0,2.9187563473703184,0.0,0.0,0.0,1.0,0.0,0.0
25,235,5.947881343721028,0.0,0.0,1.0,0.0,0.0,0.0,0.0
26,235,0.0,12.0,0.0,1.0,1.0,1.0,0.0,1.0
27,235,10.012587467641136,11.23373064764157,1.0,0.0,0.0,1.0,0.0,1.0
28,235,9.422025670328264,10.234256542737128,1.0,0.0,1.0,1.0,0.0,0.0
29,235,12.0,2.596681833857532,0.0,0.0,0.0,1.0,1.0,1.0
30,235,3.441785035943953,7.241310901778701,0.0,1.0,0.0,0.0,0.0,0.0
31,235,0.0,7.637118723172068,1.0,0.0,1.0,1.0,1.0,0.0
32,235,0.0,3.540746990895773,0.0,0.0,0.0,1.0,0.0,1.0
33,235,5.717433008742926,12.0,1.0,0.0,0.0,0.0,0.0,0.0
34,235,10.75736091839693,2.039774266512874,1.0,0.0,1.0,0.0,0.0,0.0
35,235,3.9385846652175207,3.332088308450797,0.0,1.0,1.0,0.0,0.0,0.0
36,235,1.1180079738532076,6.953238481260404,1.0,0.0,0.0,1.0,0.0,1.0
37,235,5.014081620739239,7.964051363021084,1.0,0.0,0.0,1.0,1.0,0.0
38,235,4.492555025508005,0.1769006904888978,0.0,1.0,0.0,0.0,0.0,1.0
39,235,2.051329286876326,10.76538717990862,1.0,1.0,1.0,1.0,0.0,0.0
0,240,11.952547662997732,10.580273905194105,1.0,1.0,0.0,1.0,0.0,0.0
1,240,2.004677365797073,4.351859100004828,0.0,1.0,0.0,0.0,0.0,1.0
2,240,5.660327454046164,6.182971928167337,0.0,0.0,1.0,1.0,1.0,0.0
3,240,6.633435848135306,12.0,0.0,1.0,1.0,0.0,1.0,0.0
4,240,5.438890255877215,5.871965697854573,1.0,0.0,1.0,1.0,0.0,0.0
5,240,2.26933895500747,2.1572617048204226,1.0,0.0,0.0,1.0,1.0,0.0
6,240,9.626365363618415,1.28647269734881,0.0,0.0,0.0,0.0,0.0,1.0
7,240,4.4970703843545605,5.2912722218729735,0.0,1.0,1.0,0.0,1.0,0.0
8,240,12.0,0.0,0.0,1.0,1.0,0.0,1.0,1.0
9,240,5.826715808675934,4.509300952663325,0.0,0.0,0.0,0.0,1.0,0.0
10,240,1.4507761697644492,4.212392705785501,0.0,0.0,1.0,0.0,1.0,1.0
11,240,11.962180635361518,0.0585706735053956,0.0,0.0,0.0,1.0,0.0,0.0
12,240,9.500236912813598,5.586886909335589,1.0,0.0,0.0,1.0,0.0,0.0
13,240,4.639909611779078,11.220652299728345,1.0,0.0,0.0,1.0,0.0,0.0
14,240,12.0,8.862683644409985,1.0,1.0,0.0,1.0,0.0,0.0
15,240,1.4601778731074613,7.881905168797624,1.0,0.0,0.0,0.0,1.0,1.0
16,240,12.0,11.067641160387728,1.0,1.0,1.0,1.0,0.0,0.0
17,240,0.4567674146298374,8.25796440110438,1.0,0.0,0.0,1.0,0.0,0.0
18,240,0.0,0.0,1.0,0.0,0.0,1.0,1.0,0.0
19,240,3.3954573884654518,0.0808592640188081,0.0,1.0,0.0,1.0,0.0,0.0
20,240,2.880240100653771,10.12826241485404,0.0,1.0,1.0,0.0,0.0,1.0
21,240,3.315807802052184,1.5349448118731557,0.0,0.0,1.0,0.0,0.0,0.0
22,240,10.910821793975042,8.510132456508543,0.0,1.0,1.0,0.0,0.0,1.0
23,240,5.908983550952005,3.882304361849384,0.0,0.0,0.0,0.0,0.0,1.0
24,240,12.0,3.009176626878757,0.0,0.0,0.0,1.0,0.0,0.0
25,240,5.933135932596377,0.0,0.0,1.0,0.0,0.0,0.0,0.0
26,240,0.0,12.0,0.0,1.0,1.0,1.0,0.0,1.0
27,240,10.007008546435856,11.232510263807374,1.0,0.0,0.0,1.0,0.0,1.0
28,240,9.564992697194343,10.282767224880752,1.0,0.0,1.0,1.0,0.0,0.0
29,240,12.0,2.4654596502715846,0.0,0.0,0.0,1.0,1.0,1.0
30,240,3.4665799333304617,7.254637613847733,0.0,1.0,0.0,0.0,0.0,0.0
31,240,0.0,7.771346023898411,1.0,0.0,1.0,1.0,1.0,0.0
32,240,0.0,3.575247601589957,0.0,0.0,0.0,1.0,0.0,1.0
33,240,5.723602343526364,12.0,1.0,0.0,0.0,0.0,0.0,0.0
34,240,10.78237808864589,1.9626217412130091,1.0,0.0,1.0,0.0,0.0,0.0
35,240,3.918709844325373,3.375911991747402,0.0,1.0,1.0,0.0,0.0,0.0
36,240,1.1505377687700318,6.913543238023836,1.0,0.0,0.0,1.0,0.0,1.0
37,240,5.00387138521055,7.964446013838551,1.0,0.0,0.0,1.0,1.0,0.0
38,240,4.3740467386172375,0.1882797686642092,0.0,1.0,0.0,0.0,0.0,1.0
39,240,1.9913311675483616,10.772461452021536,1.0,1.0,1.0,1.0,0.0,0.0
0,245,12.0,10.655694758682442,1.0,1.0,0.0,1.0,0.0,0.0
1,245,2.0641789250990734,4.261502161968339,0.0,1.0,0.0,0.0,0.0,1.0
2,245,5.742716992665437,6.173730846794353,0.0,0.0,1.0,1.0,1.0,0.0
3,245,6.633640210060148,11.998656019618847,0.0,1.0,1.0,0.0,1.0,0.0
4,245,5.463008088949165,5.857365926789356,1.0,0.0,1.0,1.0,0.0,0.0
5,245,2.23681184894297,2.139995996820243,1.0,0.0,0.0,1.0,1.0,0.0
6,245,9.837608902335486,1.360273060021904,0.0,0.0,0.0,0.0,0.0,1.0
7,245,4.469150116579353,5.318904574317668,0.0,1.0,1.0,0.0,1.0,0.0
8,245,12.0,0.0,0.0,1.0,1.0,0.0,1.0,1.0
9,245,5.842509976493864,4.555977875991818,0.0,0.0,0.0,0.0,1.0,0.0
10,245,1.513296416269269,4.341562144561489,0.0,0.0,1.0,0.0,1.0,1.0
11,245,11.959859543371316,0.0622016193757764,0.0,0.0,0.0,1.0,0.0,0.0
12,245,9.526800615836969,5.398258632151541,1.0,0.0,0.0,1.0,0.0,0.0
13,245,4.586862298152516,11.154606881474615,1.0,0.0,0.0,1.0,0.0,0.0
14,245,12.0,8.843136578285943,1.0,1.0,0.0,1.0,0.0,0.0
15,245,1.3786680157218365,7.865763595605037,1.0,0.0,0.0,0.0,1.0,1.0
16,245,12.0,11.070049460401338,1.0,1.0,1.0,1.0,0.0,0.0
17,245,0.4593115804443503,8.262328209122503,1.0,0.0,0.0,1.0,0.0,0.0
18,245,0.0,0.0,1.0,0.0,0.0,1.0,1.0,0.0
19,245,3.4175309343809595,0.0423383864542191,0.0,1.0,0.0,1.0,0.0,0.0
20,245,2.908182045252613,10.119195860376465,0.0,1.0,1.0,0.0,0.0,1.0
21,245,3.230342465268145,1.5182587687069742,0.0,0.0,1.0,0.0,0.0,0.0
22,245,10.970030317271158,8.394850093307367,0.0,1.0,1.0,0.0,0.0,1.0
23,245,5.898440584256888,3.9544883155739945,0.0,0.0,0.0,0.0,0.0,1.0
24,245,12.0,3.0932155860719472,0.0,0.0,0.0,1.0,0.0,0.0
25,245,5.915571687303301,0.0,0.0,1.0,0.0,0.0,0.0,0.0
26,245,0.0,12.0,0.0,1.0,1.0,1.0,0.0,1.0
27,245,10.003817270774064,11.231681689452788,1.0,0.0,0.0,1.0,0.0,1.0
28,245,9.68950380993664,10.324269832340018,1.0,0.0,1.0,1.0,0.0,0.0
29,245,12.0,2.343169016914948,0.0,0.0,0.0,1.0,1.0,1.0
30,245,3.481498760304621,7.262261455011581,0.0,1.0,0.0,0.0,0.0,0.0
31,245,0.0,7.9059350210237,1.0,0.0,1.0,1.0,1.0,0.0
32,245,0.0,3.608068897251533,0.0,0.0,0.0,1.0,0.0,1.0
33,245,5.73236283472016,12.0,1.0,0.0,0.0,0.0,0.0,0.0
34,245,10.806482351454312,1.8931334741191943,1.0,0.0,1.0,0.0,0.0,0.0
35,245,3.897232421987765,3.4256963472006525,0.0,1.0,1.0,0.0,0.0,0.0
36,245,1.1741056960294336,6.8835510308455925,1.0,0.0,0.0,1.0,0.0,1.0
37,245,5.001819271679267,7.964600431323226,1.0,0.0,0.0,1.0,1.0,0.0
38,245,4.251031372590066,0.2003246555451481,0.0,1.0,0.0,0.0,0.0,1.0
39,245,1.916572527809866,10.78114097874945,1.0,1.0,1.0,1.0,0.0,0.0
0,250,12.0,10.738054185638848,1.0,1.0,0.0,1.0,0.0,0.0
1,250,2.111824412864816,4.189926523090633,0.0,1.0,0.0,0.0,0.0,1.0
2,250,5.807373802154659,6.166714237660764,0.0,0.0,1.0,1.0,1.0,0.0
3,250,6.631830360639782,12.0,0.0,1.0,1.0,0.0,1.0,0.0
4,250,5.472341227988217,5.851973870282228,1.0,0.0,1.0,1.0,0.0,0.0
5,250,2.203154099588664,2.1245779243962,1.0,0.0,0.0,1.0,1.0,0.0
6,250,10.032145239343428,1.4255052755886437,0.0,0.0,0.0,0.0,0.0,1.0
7,250,4.444298047661911,5.343267075535764,0.0,1.0,1.0,0.0,1.0,0.0
8,250,12.0,0.0,0.0,1.0,1.0,0.0,1.0,1.0
9,250,5.861087983127665,4.605816399126413,0.0,0.0,0.0,0.0,1.0,0.0
10,250,1.5759102643517808,4.480891395080889,0.0,0.0,1.0,0.0,1.0,1.0
11,250,11.96160677272907,0.0595266013497931,0.0,0.0,0.0,1.0,0.0,0.0
12,250,9.562352360555364,5.192881809345717,1.0,0.0,0.0,1.0,0.0,0.0
13,250,4.532897866810124,11.086064960896373,1.0,0.0,0.0,1.0,0.0,0.0
14,250,12.0,8.821802531332699,1.0,1.0,0.0,1.0,0.0,0.0
15,250,1.2894283588486457,7.851189535874089,1.0,0.0,0.0,0.0,1.0,1.0
16,250,12.0,11.072187285222803,1.0,1.0,1.0,1.0,0.0,0.0
17,250,0.4634850538601792,8.26939655755736,1.0,0.0,0.0,1.0,0.0,0.0
18,250,0.0,0.0,1.0,0.0,0.0,1.0,1.0,0.0
19,250,3.444494989190686,0.0,0.0,1.0,0.0,1.0,0.0,0.0
20,250,2.933844589079296,10.110436671611255,0.0,1.0,1.0,0.0,0.0,1.0
21,250,3.122532386015165,1.494501590301246,0.0,0.0,1.0,0.0,0.0,0.0
22,250,11.036710636310668,8.265513378848722,0.0,1.0,1.0,0.0,0.0,1.0
23,250,5.889983985821805,4.007060248562183,0.0,0.0,0.0,0.0,0.0,1.0
24,250,12.0,3.191984128715162,0.0,0.0,0.0,1.0,0.0,0.0
25,250,5.896560373836271,0.0,0.0,1.0,0.0,0.0,0.0,0.0
26,250,0.0,12.0,0.0,1.0,1.0,1.0,0.0,1.0
27,250,10.01379833251664,11.234482029007165,1.0,0.0,0.0,1.0,0.0,1.0
28,250,9.790637561267106,10.357627694607132,1.0,0.0,1.0,1.0,0.0,0.0
29,250,12.0,2.208545597653609,0.0,0.0,0.0,1.0,1.0,1.0
30,250,3.4889771393792617,7.266193165837107,0.0,1.0,0.0,0.0,0.0,0.0
31,250,0.0,8.047163992105636,1.0,0.0,1.0,1.0,1.0,0.0
32,250,0.0,3.6409001608396743,0.0,0.0,0.0,1.0,0.0,1.0
33,250,5.738389310704244,12.0,1.0,0.0,0.0,0.0,0.0,0.0
34,250,10.829525996169744,1.826468553177232,1.0,0.0,1.0,0.0,0.0,0.0
35,250,3.877359450316945,3.469974220948587,0.0,1.0,1.0,0.0,0.0,0.0
36,250,1.1898588445588958,6.863109445470045,1.0,0.0,0.0,1.0,0.0,1.0
37,250,4.973924784253296,7.966738473039848,1.0,0.0,0.0,1.0,1.0,0.0
38,250,4.118397889518993,0.2167432221741277,0.0,1.0,0.0,0.0,0.0,1.0
39,250,1.8319295505959212,10.78951746893746,1.0,1.0,1.0,1.0,0.0,0.0
0,255,12.0,10.82900390415197,1.0,1.0,0.0,1.0,0.0,0.0
1,255,2.157200918761788,4.118044210539664,0.0,1.0,0.0,0.0,0.0,1.0
2,255,5.878936608995705,6.15737286072141,0.0,0.0,1.0,1.0,1.0,0.0
3,255,6.629885384328862,12.0,0.0,1.0,1.0,0.0,1.0,0.0
4,255,5.47107160045477,5.852684958977492,1.0,0.0,1.0,1.0,0.0,0.0
5,255,2.180611869386447,2.1142025201222365,1.0,0.0,0.0,1.0,1.0,0.0
6,255,10.241416693434298,1.491306708843594,0.0,0.0,0.0,0.0,0.0,1.0
7,255,4.412530969163539,5.374636972332964,0.0,1.0,1.0,0.0,1.0,0.0
8,255,12.0,0.0,0.0,1.0,1.0,0.0,1.0,1.0
9,255,5.8790292721397845,4.655708343950051,0.0,0.0,0.0,0.0,1.0,0.0
10,255,1.6495950122767469,4.633785535909136,0.0,0.0,1.0,0.0,1.0,1.0
11,255,11.972101247555988,0.0443042196548901,0.0,0.0,0.0,1.0,0.0,0.0
12,255,9.601474304764682,4.961311717391588,1.0,0.0,0.0,1.0,0.0,0.0
13,255,4.459687079050356,10.99777661188372,1.0,0.0,0.0,1.0,0.0,0.0
14,255,12.0,8.808756166164212,1.0,1.0,0.0,1.0,0.0,0.0
15,255,1.2262435674264052,7.84027304701008,1.0,0.0,0.0,0.0,1.0,1.0
16,255,12.0,11.074576527056994,1.0,1.0,1.0,1.0,0.0,0.0
17,255,0.4652334755626654,8.272423131377712,1.0,0.0,0.0,1.0,0.0,0.0
18,255,0.0,0.0,1.0,0.0,0.0,1.0,1.0,0.0
19,255,3.464211006608376,0.0,0.0,1.0,0.0,1.0,0.0,0.0
20,255,2.970038869099484,10.097651450238502,0.0,1.0,1.0,0.0,0.0,1.0
21,255,3.001541111454475,1.467464120595577,0.0,0.0,1.0,0.0,0.0,0.0
22,255,11.10571903137589,8.131576817895674,0.0,1.0,1.0,0.0,0.0,1.0
23,255,5.882530668006882,4.052179613241276,0.0,0.0,0.0,0.0,0.0,1.0
24,255,12.0,3.3005029808144952,0.0,0.0,0.0,1.0,0.0,0.0
25,255,5.864504878967645,0.0,0.0,1.0,0.0,0.0,0.0,0.0
26,255,0.0,12.0,0.0,1.0,1.0,1.0,0.0,1.0
27,255,10.021274575632846,11.2363031100912,1.0,0.0,0.0,1.0,0.0,1.0
28,255,9.913277074528006,10.396223969182683,1.0,0.0,1.0,1.0,0.0,0.0
29,255,12.0,2.0679198621447785,0.0,0.0,0.0,1.0,1.0,1.0
30,255,3.4869742690658945,7.265123240983942,0.0,1.0,0.0,0.0,0.0,0.0
31,255,0.0,8.193359231665681,1.0,0.0,1.0,1.0,1.0,0.0
32,255,0.0,3.675546873966365,0.0,0.0,0.0,1.0,0.0,1.0
33,255,5.748010490984551,12.0,1.0,0.0,0.0,0.0,0.0,0.0
34,255,10.858777446829537,1.738953991800391,1.0,0.0,1.0,0.0,0.0,0.0
35,255,3.8540156526540303,3.519026595960545,0.0,1.0,1.0,0.0,0.0,0.0
36,255,1.208133831597346,6.839892527751198,1.0,0.0,0.0,1.0,0.0,1.0
37,255,4.920679288903298,7.969036621643013,1.0,0.0,0.0,1.0,1.0,0.0
38,255,3.971627008027915,0.2321607366060765,0.0,1.0,0.0,0.0,0.0,1.0
39,255,1.7420678758891806,10.795081654791291,1.0,1.0,1.0,1.0,0.0,0.0
0,260,12.0,10.913961629013976,1.0,1.0,0.0,1.0,0.0,0.0
1,260,2.208345176224102,4.0395071119736565,0.0,1.0,0.0,0.0,0.0,1.0
2,260,5.94768018562653,6.147181065058491,0.0,0.0,1.0,1.0,1.0,0.0
3,260,6.627876596649426,12.0,0.0,1.0,1.0,0.0,1.0,0.0
4,260,5.465979925399031,5.855523496040976,1.0,0.0,1.0,1.0,0.0,0.0
5,260,2.1565161656483967,2.102761064972676,1.0,0.0,0.0,1.0,1.0,0.0
6,260,10.443996564893745,1.557765380878534,0.0,0.0,0.0,0.0,0.0,1.0
7,260,4.387042410063158,5.398675465751742,0.0,1.0,1.0,0.0,1.0,0.0
8,260,12.0,0.0,0.0,1.0,1.0,0.0,1.0,1.0
9,260,5.893411110627752,4.694810197103134,0.0,0.0,0.0,0.0,1.0,0.0
10,260,1.7176013576436022,4.780389450219055,0.0,0.0,1.0,0.0,1.0,1.0
11,260,11.996841468537568,0.0093976382683265,0.0,0.0,0.0,1.0,0.0,0.0
12,260,9.352078261087906,4.917916645663593,1.0,0.0,0.0,1.0,0.0,0.0
13,260,4.38190733660816,10.90148674055115,1.0,0.0,0.0,1.0,0.0,0.0
14,260,12.0,8.815651211092524,1.0,1.0,0.0,1.0,0.0,0.0
15,260,1.182184210294165,7.831313096078007,1.0,0.0,0.0,0.0,1.0,1.0
16,260,12.0,11.077762198305347,1.0,1.0,1.0,1.0,0.0,0.0
17,260,0.4578968749682522,8.259748996023,1.0,0.0,0.0,1.0,0.0,0.0
18,260,0.0,0.0,1.0,0.0,0.0,1.0,1.0,0.0
19,260,3.484930663208473,0.0,0.0,1.0,0.0,1.0,0.0,0.0
20,260,2.996352958034484,10.088712341177748,0.0,1.0,1.0,0.0,0.0,1.0
21,260,2.8877123078196054,1.444304309479708,0.0,0.0,1.0,0.0,0.0,0.0
22,260,11.157654220685872,8.035287664038066,0.0,1.0,1.0,0.0,0.0,1.0
23,260,5.8763980583788005,4.089345437224481,0.0,0.0,0.0,0.0,0.0,1.0
24,260,12.0,3.404816614675619,0.0,0.0,0.0,1.0,0.0,0.0
25,260,5.836979567163111,0.0,0.0,1.0,0.0,0.0,0.0,0.0
26,260,0.0,12.0,0.0,1.0,1.0,1.0,0.0,1.0
27,260,10.033947644523176,11.239314561625257,1.0,0.0,0.0,1.0,0.0,1.0
28,260,10.018222783712428,10.429426632829395,1.0,0.0,1.0,1.0,0.0,0.0
29,260,12.0,1.9006247018040596,0.0,0.0,0.0,1.0,1.0,1.0
30,260,3.488754652090688,7.266079351331302,0.0,1.0,0.0,0.0,0.0,0.0
31,260,0.0,8.332810388813055,1.0,0.0,1.0,1.0,1.0,0.0
32,260,0.0,3.709818407352204,0.0,0.0,0.0,1.0,0.0,1.0
33,260,5.76431594269725,12.0,1.0,0.0,0.0,0.0,0.0,0.0
34,260,10.877010263388277,1.6854384061428598,1.0,0.0,1.0,0.0,0.0,0.0
35,260,3.848585816781117,3.5310173849218547,0.0,1.0,1.0,0.0,0.0,0.0
36,260,1.2260156447377415,6.816338092279562,1.0,0.0,0.0,1.0,0.0,1.0
37,260,4.862425991459494,7.972065999052972,1.0,0.0,0.0,1.0,1.0,0.0
38,260,3.821009835011932,0.2477312011219686,0.0,1.0,0.0,0.0,0.0,1.0
39,260,1.6472707175209311,10.804212345130184,1.0,1.0,1.0,1.0,0.0,0.0
0,265,12.0,10.994137612903154,1.0,1.0,0.0,1.0,0.0,0.0
1,265,2.266458605824395,3.941336154408259,0.0,1.0,0.0,0.0,0.0,1.0
2,265,6.012542439171788,6.13924962716876,0.0,0.0,1.0,1.0,1.0,0.0
3,265,6.622670964036397,12.0,0.0,1.0,1.0,0.0,1.0,0.0
4,265,5.448922074570701,5.864921894849935,1.0,0.0,1.0,1.0,0.0,0.0
5,265,2.104600093192331,2.0778314086532537,1.0,0.0,0.0,1.0,1.0,0.0
6,265,10.640233781071688,1.6250293567785663,0.0,0.0,0.0,0.0,0.0,1.0
7,265,4.34692583301215,5.437388691020462,0.0,1.0,1.0,0.0,1.0,0.0
8,265,12.0,0.0,0.0,1.0,1.0,0.0,1.0,1.0
9,265,5.912737225912758,4.751109470127823,0.0,0.0,0.0,0.0,1.0,0.0
10,265,1.790368756463666,4.927051277293503,0.0,0.0,1.0,0.0,1.0,1.0
11,265,12.0,0.0,0.0,0.0,0.0,1.0,0.0,0.0
12,265,9.094370956810144,4.878002291976706,1.0,0.0,0.0,1.0,0.0,0.0
13,265,4.306697801669155,10.813855105286788,1.0,0.0,0.0,1.0,0.0,0.0
14,265,11.994597729458938,8.812875532309173,1.0,1.0,0.0,1.0,0.0,0.0
15,265,1.1248494121996828,7.820580413851547,1.0,0.0,0.0,0.0,1.0,1.0
16,265,12.0,11.082241596766838,1.0,1.0,1.0,1.0,0.0,0.0
17,265,0.450988981901766,8.247763473334619,1.0,0.0,0.0,1.0,0.0,0.0
18,265,0.0,0.0,1.0,0.0,0.0,1.0,1.0,0.0
19,265,3.510485430179976,0.0,0.0,1.0,0.0,1.0,0.0,0.0
20,265,3.0535488868559884,10.068216195805476,0.0,1.0,1.0,0.0,0.0,1.0
21,265,2.76282614810169,1.4175265479449493,0.0,0.0,1.0,0.0,0.0,0.0
22,265,11.207359787347867,7.937870235321385,0.0,1.0,1.0,0.0,0.0,1.0
23,265,5.869731001131048,4.126400347446755,0.0,0.0,0.0,0.0,0.0,1.0
24,265,12.0,3.5020442761565933,0.0,0.0,0.0,1.0,0.0,0.0
25,265,5.82891474933438,0.0,0.0,1.0,0.0,0.0,0.0,0.0
26,265,0.0,12.0,0.0,1.0,1.0,1.0,0.0,1.0
27,265,10.04179507025604,11.241203369356649,1.0,0.0,0.0,1.0,0.0,1.0
28,265,10.129584312431716,10.468266965147532,1.0,0.0,1.0,1.0,0.0,0.0
29,265,12.0,1.7394870633039443,0.0,0.0,0.0,1.0,1.0,1.0
30,265,3.482747102150693,7.262836410590739,0.0,1.0,0.0,0.0,0.0,0.0
31,265,0.0,8.476885051691202,1.0,0.0,1.0,1.0,1.0,0.0
32,265,0.0,3.745865326225492,0.0,0.0,0.0,1.0,0.0,1.0
33,265,5.781291888255241,12.0,1.0,0.0,0.0,0.0,0.0,0.0
34,265,10.890845113116317,1.6475210469663653,1.0,0.0,1.0,0.0,0.0,0.0
35,265,3.843069291796573,3.5421640435317885,0.0,1.0,1.0,0.0,0.0,0.0
36,265,1.2473928631492377,6.787890477861436,1.0,0.0,0.0,1.0,0.0,1.0
37,265,4.816969937648805,7.973150446478985,1.0,0.0,0.0,1.0,1.0,0.0
38,265,3.6655839080285433,0.2629937354930799,0.0,1.0,0.0,0.0,0.0,1.0
39,265,1.540536984654597,10.81403657927076,1.0,1.0,1.0,1.0,0.0,0.0
0,270,12.0,11.069880404499404,1.0,1.0,0.0,1.0,0.0,0.0
1,270,2.318985847263818,3.851381806724957,0.0,1.0,0.0,0.0,0.0,1.0
2,270,6.071416041868417,6.132032526636712,0.0,0.0,1.0,1.0,1.0,0.0
3,270,6.6169566976767085,12.0,0.0,1.0,1.0,0.0,1.0,0.0
4,270,5.439091909775005,5.870261797855424,1.0,0.0,1.0,1.0,0.0,0.0
5,270,2.069865045361354,2.061803820215492,1.0,0.0,0.0,1.0,1.0,0.0
6,270,10.831015503493424,1.691085050637195,0.0,0.0,0.0,0.0,0.0,1.0
7,270,4.318186974630941,5.465212375950532,0.0,1.0,1.0,0.0,1.0,0.0
8,270,12.0,0.0,0.0,1.0,1.0,0.0,1.0,1.0
9,270,5.938006829845921,4.821550815652612,0.0,0.0,0.0,0.0,1.0,0.0
10,270,1.863308790822972,5.08027080352383,0.0,0.0,1.0,0.0,1.0,1.0
11,270,12.0,0.0,0.0,0.0,0.0,1.0,0.0,0.0
12,270,8.83613359342711,4.84723008092333,1.0,0.0,0.0,1.0,0.0,0.0
13,270,4.227728848754837,10.720505925772375,1.0,0.0,0.0,1.0,0.0,0.0
14,270,11.988141885637813,8.809572849080194,1.0,1.0,0.0,1.0,0.0,0.0
15,270,1.073291433803366,7.810034699422398,1.0,0.0,0.0,0.0,1.0,1.0
16,270,12.0,11.087025806650152,1.0,1.0,1.0,1.0,0.0,0.0
17,270,0.4391815077145937,8.227282740310487,1.0,0.0,0.0,1.0,0.0,0.0
18,270,0.0,0.0,1.0,0.0,0.0,1.0,1.0,0.0
19,270,3.465076534985488,0.0,0.0,1.0,0.0,1.0,0.0,0.0
20,270,3.131356556085878,10.039523054979671,0.0,1.0,1.0,0.0,0.0,1.0
21,270,2.627588101496128,1.3850337267642,0.0,0.0,1.0,0.0,0.0,0.0
22,270,11.25296805468968,7.843657413647365,0.0,1.0,1.0,0.0,0.0,1.0
23,270,5.861505908914348,4.1670784134915575,0.0,0.0,0.0,0.0,0.0,1.0
24,270,12.0,3.6070097879018297,0.0,0.0,0.0,1.0,0.0,0.0
25,270,5.81178758396807,0.0,0.0,1.0,0.0,0.0,0.0,0.0
26,270,0.0,12.0,0.0,1.0,1.0,1.0,0.0,1.0
27,270,10.04607300703099,11.242224242915803,1.0,0.0,0.0,1.0,0.0,1.0
28,270,10.2569332313394,10.511604055379143,1.0,0.0,1.0,1.0,0.0,0.0
29,270,12.0,1.5703464626680783,0.0,0.0,0.0,1.0,1.0,1.0
30,270,3.4890639149223808,7.26618783128162,0.0,1.0,0.0,0.0,0.0,0.0
31,270,0.0,8.631798946856408,1.0,0.0,1.0,1.0,1.0,0.0
32,270,0.0,3.788609728491024,0.0,0.0,0.0,1.0,0.0,1.0
33,270,5.802700923101003,12.0,1.0,0.0,0.0,0.0,0.0,0.0
34,270,10.90025131751461,1.6206796937320458,1.0,0.0,1.0,0.0,0.0,0.0
35,270,3.8281103422357794,3.5729086236273773,0.0,1.0,1.0,0.0,0.0,0.0
36,270,1.2813242592583804,6.743703649192719,1.0,0.0,0.0,1.0,0.0,1.0
37,270,4.8103736746992665,7.973276565236872,1.0,0.0,0.0,1.0,1.0,0.0
38,270,3.526779008226244,0.2785851698783766,0.0,1.0,0.0,0.0,0.0,1.0
39,270,1.4033355383655928,10.827197443048943,1.0,1.0,1.0,1.0,0.0,0.0
0,275,12.0,11.15251107078805,1.0,1.0,0.0,1.0,0.0,0.0
1,275,2.371522827577078,3.759821824907298,0.0,1.0,0.0,0.0,0.0,1.0
2,275,6.151835673762148,6.12223456178982,0.0,0.0,1.0,1.0,1.0,0.0
3,275,6.608796797714624,12.0,0.0,1.0,1.0,0.0,1.0,0.0
4,275,5.431281052420909,5.874374614052748,1.0,0.0,1.0,1.0,0.0,0.0
5,275,2.0609457342074147,2.057616707521014,1.0,0.0,0.0,1.0,1.0,0.0
6,275,11.02866757710679,1.760845012572432,0.0,0.0,0.0,0.0,0.0,1.0
7,275,4.276270287147981,5.507173934215884,0.0,1.0,1.0,0.0,1.0,0.0
8,275,12.0,0.0,0.0,1.0,1.0,0.0,1.0,1.0
9,275,5.971396455030583,4.91619600418718,0.0,0.0,0.0,0.0,1.0,0.0
10,275,1.9421958887756736,5.246172828670357,0.0,0.0,1.0,0.0,1.0,1.0
11,275,12.0,0.0,0.0,0.0,0.0,1.0,0.0,0.0
12,275,8.587448791058684,4.81960310395966,1.0,0.0,0.0,1.0,0.0,0.0
13,275,4.1448838387396245,10.622884220892573,1.0,0.0,0.0,1.0,0.0,0.0
14,275,11.975374907901058,8.803348726701447,1.0,1.0,0.0,1.0,0.0,0.0
15,275,1.0035153367195422,7.795513573267769,1.0,0.0,0.0,0.0,1.0,1.0
16,275,12.0,11.092342678281398,1.0,1.0,1.0,1.0,0.0,0.0
17,275,0.4178476448520556,8.192579789869882,1.0,0.0,0.0,1.0,0.0,0.0
18,275,0.0,0.0,1.0,0.0,0.0,1.0,1.0,0.0
19,275,3.429947279672876,0.0,0.0,1.0,0.0,1.0,0.0,0.0
20,275,3.2238687139011626,10.003350253219294,0.0,1.0,1.0,0.0,0.0,1.0
21,275,2.4882476713068504,1.3557718309348454,0.0,0.0,1.0,0.0,0.0,0.0
22,275,11.287476823083242,7.773539210150078,0.0,1.0,1.0,0.0,0.0,1.0
23,275,5.853612726361643,4.207453325027244,0.0,0.0,0.0,0.0,0.0,1.0
24,275,12.0,3.719867091962063,0.0,0.0,0.0,1.0,0.0,0.0
25,275,5.8022882843664965,0.0,0.0,1.0,0.0,0.0,0.0,0.0
26,275,0.0,12.0,0.0,1.0,1.0,1.0,0.0,1.0
27,275,10.068609538167388,11.24730827563877,1.0,0.0,0.0,1.0,0.0,1.0
28,275,10.3772093767044,10.553887342890164,1.0,0.0,1.0,1.0,0.0,0.0
29,275,12.0,1.385926062529151,0.0,0.0,0.0,1.0,1.0,1.0
30,275,3.501522626391625,7.272599303875294,0.0,1.0,0.0,0.0,0.0,0.0
31,275,0.0,8.772287015870338,1.0,0.0,1.0,1.0,1.0,0.0
32,275,0.0,3.8325025368928634,0.0,0.0,0.0,1.0,0.0,1.0
33,275,5.824935396775134,12.0,1.0,0.0,0.0,0.0,0.0,0.0
34,275,10.906245976006945,1.60357187430993,1.0,0.0,1.0,0.0,0.0,0.0
35,275,3.819954005924163,3.589844832109327,0.0,1.0,1.0,0.0,0.0,0.0
36,275,1.3121873828952346,6.705071280269671,1.0,0.0,0.0,1.0,0.0,1.0
37,275,4.8026961402899495,7.97339788842374,1.0,0.0,0.0,1.0,1.0,0.0
38,275,3.509519074277732,0.1327615160852005,0.0,1.0,0.0,0.0,0.0,1.0
39,275,1.272697313038054,10.839122505946508,1.0,1.0,1.0,1.0,0.0,0.0
0,280,12.0,11.246989424517784,1.0,1.0,0.0,1.0,0.0,0.0
1,280,2.430979935409959,3.6536267636886,0.0,1.0,0.0,0.0,0.0,1.0
2,280,6.243514383882196,6.111747264451209,0.0,0.0,1.0,1.0,1.0,0.0
3,280,6.602851831394995,12.0,0.0,1.0,1.0,0.0,1.0,0.0
4,280,5.416060188842091,5.882378637429548,1.0,0.0,1.0,1.0,0.0,0.0
5,280,2.033445853908358,2.044306844983352,1.0,0.0,0.0,1.0,1.0,0.0
6,280,11.239129597937048,1.8316205059142,0.0,0.0,0.0,0.0,0.0,1.0
7,280,4.240180675980806,5.54381215049867,0.0,1.0,1.0,0.0,1.0,0.0
8,280,12.0,0.0,0.0,1.0,1.0,0.0,1.0,1.0
9,280,6.0057613101071325,5.004512322876862,0.0,0.0,0.0,0.0,1.0,0.0
10,280,2.042764277649749,5.443020157813534,0.0,0.0,1.0,0.0,1.0,1.0
11,280,12.0,0.0,0.0,0.0,0.0,1.0,0.0,0.0
12,280,8.363072507424734,4.79614655838329,1.0,0.0,0.0,1.0,0.0,0.0
13,280,4.058523370147012,10.519335083609066,1.0,0.0,0.0,1.0,0.0,0.0
14,280,11.951673350533024,8.791551743874438,1.0,1.0,0.0,1.0,0.0,0.0
15,280,0.9026730394204764,7.778082817979263,1.0,0.0,0.0,0.0,1.0,1.0
16,280,12.0,11.100096857752265,1.0,1.0,1.0,1.0,0.0,0.0
17,280,0.3908442132941993,8.147020220479675,1.0,0.0,0.0,1.0,0.0,0.0
18,280,0.0,0.0,1.0,0.0,0.0,1.0,1.0,0.0
19,280,3.374656617477368,0.0,0.0,1.0,0.0,1.0,0.0,0.0
20,280,3.319618569344439,9.967121722666496,0.0,1.0,1.0,0.0,0.0,1.0
21,280,2.331698915216968,1.3271989179196424,0.0,0.0,1.0,0.0,0.0,0.0
22,280,11.319118270267076,7.706900606274755,0.0,1.0,1.0,0.0,0.0,1.0
23,280,5.843078639765263,4.261338570369138,0.0,0.0,0.0,0.0,0.0,1.0
24,280,12.0,3.830149753900236,0.0,0.0,0.0,1.0,0.0,0.0
25,280,5.795110351004709,0.0,0.0,1.0,0.0,0.0,0.0,0.0
26,280,0.0,12.0,0.0,1.0,1.0,1.0,0.0,1.0
27,280,10.099407347342453,11.253457276923518,1.0,0.0,0.0,1.0,0.0,1.0
28,280,10.52514274694977,10.603099889104032,1.0,0.0,1.0,1.0,0.0,0.0
29,280,12.0,1.207382745306416,0.0,0.0,0.0,1.0,1.0,1.0
30,280,3.541159855090084,7.29206403984924,0.0,1.0,0.0,0.0,0.0,0.0
31,280,0.0,8.912854965447908,1.0,0.0,1.0,1.0,1.0,0.0
32,280,0.0,3.8765616101480256,0.0,0.0,0.0,1.0,0.0,1.0
33,280,5.847102684775462,12.0,1.0,0.0,0.0,0.0,0.0,0.0
34,280,10.911336680241838,1.589561068094813,1.0,0.0,1.0,0.0,0.0,0.0
35,280,3.8072641079398295,3.6187915778796778,0.0,1.0,1.0,0.0,0.0,0.0
36,280,1.3337714434050294,6.6783567698153865,1.0,0.0,0.0,1.0,0.0,1.0
37,280,4.782773628886207,7.973709882257439,1.0,0.0,0.0,1.0,1.0,0.0
38,280,3.4900329704382527,0.0,0.0,1.0,0.0,0.0,0.0,1.0
39,280,1.1409318631480296,10.854961082545858,1.0,1.0,1.0,1.0,0.0,0.0
0,285,12.0,11.352208741964668,1.0,1.0,0.0,1.0,0.0,0.0
1,285,2.499159238628889,3.536295393703204,0.0,1.0,0.0,0.0,0.0,1.0
2,285,6.3481462482338,6.098099057197469,0.0,0.0,1.0,1.0,1.0,0.0
3,285,6.597688621524063,12.0,0.0,1.0,1.0,0.0,1.0,0.0
4,285,5.413934959076718,5.883544799851975,1.0,0.0,1.0,1.0,0.0,0.0
5,285,2.020743972431949,2.038250440516616,1.0,0.0,0.0,1.0,1.0,0.0
6,285,11.446196887143678,1.9031337212513155,0.0,0.0,0.0,0.0,0.0,1.0
7,285,4.203892059328822,5.582104932573787,0.0,1.0,1.0,0.0,1.0,0.0
8,285,12.0,0.0,0.0,1.0,1.0,0.0,1.0,1.0
9,285,6.030425757176722,5.072277621729635,0.0,0.0,0.0,0.0,1.0,0.0
10,285,2.138917175501758,5.633936176799075,0.0,0.0,1.0,0.0,1.0,1.0
11,285,12.0,0.0,0.0,0.0,0.0,1.0,0.0,0.0
12,285,8.131476542514674,4.774494205088781,1.0,0.0,0.0,1.0,0.0,0.0
13,285,3.961348857408965,10.407562206313523,1.0,0.0,0.0,1.0,0.0,0.0
14,285,11.921463716091324,8.77625110007928,1.0,1.0,0.0,1.0,0.0,0.0
15,285,0.824189502247487,7.764181826684053,1.0,0.0,0.0,0.0,1.0,1.0
16,285,12.0,11.108757322200642,1.0,1.0,1.0,1.0,0.0,0.0
17,285,0.3623565269318183,8.100710753268856,1.0,0.0,0.0,1.0,0.0,0.0
18,285,0.0002665675016345,0.0,1.0,0.0,0.0,1.0,1.0,0.0
19,285,3.330947347779252,0.0,0.0,1.0,0.0,1.0,0.0,0.0
20,285,3.39596754189953,9.938083193876874,0.0,1.0,1.0,0.0,0.0,1.0
21,285,2.150390685155259,1.2921094200322127,0.0,0.0,1.0,0.0,0.0,0.0
22,285,11.35057305374614,7.640227884731197,0.0,1.0,1.0,0.0,0.0,1.0
23,285,5.827200411610868,4.347084626865452,0.0,0.0,0.0,0.0,0.0,1.0
24,285,12.0,3.938555744858069,0.0,0.0,0.0,1.0,0.0,0.0
25,285,5.795914950239864,0.0008581760553776,0.0,1.0,0.0,0.0,0.0,0.0
26,285,0.0,12.0,0.0,1.0,1.0,1.0,0.0,1.0
27,285,10.145564962262045,11.263256162573212,1.0,0.0,0.0,1.0,0.0,1.0
28,285,10.681724311930916,10.653732647517742,1.0,0.0,1.0,1.0,0.0,0.0
29,285,12.0,1.2555111180417835,0.0,0.0,0.0,1.0,1.0,1.0
30,285,3.5626601267090074,7.302326979848946,0.0,1.0,0.0,0.0,0.0,0.0
31,285,0.0,9.064557088765184,1.0,0.0,1.0,1.0,1.0,0.0
32,285,0.0,3.913088220405856,0.0,0.0,0.0,1.0,0.0,1.0
33,285,5.867645023912955,12.0,1.0,0.0,0.0,0.0,0.0,0.0
34,285,10.923999580614735,1.5538412852634074,1.0,0.0,1.0,0.0,0.0,0.0
35,285,3.8064664199537743,3.6205393014386793,0.0,1.0,1.0,0.0,0.0,0.0
36,285,1.3628680798109736,6.641752830721146,1.0,0.0,0.0,1.0,0.0,1.0
37,285,4.7416016954776525,7.974877518564722,1.0,0.0,0.0,1.0,1.0,0.0
38,285,3.469248146056222,0.0,0.0,1.0,0.0,0.0,0.0,1.0
39,285,0.9884998853634122,10.871738947109527,1.0,1.0,1.0,1.0,0.0,0.0
0,290,12.0,11.474059841417317,1.0,1.0,0.0,1.0,0.0,0.0
1,290,2.5746433519808574,3.4048758841584696,0.0,1.0,0.0,0.0,0.0,1.0
2,290,6.4294824247885165,6.089242423804407,0.0,0.0,1.0,1.0,1.0,0.0
3,290,6.595464100224337,12.0,0.0,1.0,1.0,0.0,1.0,0.0
4,290,5.409452000140868,5.885842324258298,1.0,0.0,1.0,1.0,0.0,0.0
5,290,2.0310122348871653,2.0428672607346594,1.0,0.0,0.0,1.0,1.0,0.0
6,290,11.646594788417197,1.9747443125824544,0.0,0.0,0.0,0.0,0.0,1.0
7,290,4.164532454466931,5.6229710797387895,0.0,1.0,1.0,0.0,1.0,0.0
8,290,12.0,0.0,0.0,1.0,1.0,0.0,1.0,1.0
9,290,6.05341585318186,5.135372066075198,0.0,0.0,0.0,0.0,1.0,0.0
10,290,2.231722367868426,5.816181559452025,0.0,0.0,1.0,0.0,1.0,1.0
11,290,12.0,0.0,0.0,0.0,0.0,1.0,0.0,0.0
12,290,7.874521311745097,4.752627645931824,1.0,0.0,0.0,1.0,0.0,0.0
13,290,3.864123227334832,10.289759482586245,1.0,0.0,0.0,1.0,0.0,0.0
14,290,11.92070012853407,8.775891018328801,1.0,1.0,0.0,1.0,0.0,0.0
15,290,0.7402689004090136,7.74842503920508,1.0,0.0,0.0,0.0,1.0,1.0
16,290,12.0,11.11346858796664,1.0,1.0,1.0,1.0,0.0,0.0
17,290,0.3305839641046604,8.053001457220795,1.0,0.0,0.0,1.0,0.0,0.0
18,290,0.0,0.0104977739590507,1.0,0.0,0.0,1.0,1.0,0.0
19,290,3.261501011511681,0.0,0.0,1.0,0.0,1.0,0.0,0.0
20,290,3.475738275817103,9.905709031490137,0.0,1.0,1.0,0.0,0.0,1.0
21,290,1.972483312772651,1.2556123624376048,0.0,0.0,1.0,0.0,0.0,0.0
22,290,11.381472363045456,7.577100946689952,0.0,1.0,1.0,0.0,0.0,1.0
23,290,5.810682572710564,4.427508145279443,0.0,0.0,0.0,0.0,0.0,1.0
24,290,12.0,4.049218914695155,0.0,0.0,0.0,1.0,0.0,0.0
25,290,5.795438687757177,0.0003551061885867,0.0,1.0,0.0,0.0,0.0,0.0
26,290,0.0,12.0,0.0,1.0,1.0,1.0,0.0,1.0
27,290,10.192009329268808,11.274040266680425,1.0,0.0,0.0,1.0,0.0,1.0
28,290,10.8582995366766,10.71177413626056,1.0,0.0,1.0,1.0,0.0,0.0
29,290,12.0,1.2982016785286274,0.0,0.0,0.0,1.0,1.0,1.0
30,290,3.581767182815785,7.310704237936175,0.0,1.0,0.0,0.0,0.0,0.0
31,290,0.0,9.22111553221344,1.0,0.0,1.0,1.0,1.0,0.0
32,290,0.0,3.9515733989013375,0.0,0.0,0.0,1.0,0.0,1.0
33,290,5.884735661498283,12.0,1.0,0.0,0.0,0.0,0.0,0.0
34,290,10.926109590973365,1.548054361907607,1.0,0.0,1.0,0.0,0.0,0.0
35,290,3.802839176538892,3.628386257702243,0.0,1.0,1.0,0.0,0.0,0.0
36,290,1.3892953647786452,6.605881821134596,1.0,0.0,0.0,1.0,0.0,1.0
37,290,4.70797906865566,7.975327279244894,1.0,0.0,0.0,1.0,1.0,0.0
38,290,3.4486835670526723,0.0,0.0,1.0,0.0,0.0,0.0,1.0
39,290,0.8227851157595641,10.88903911671907,1.0,1.0,1.0,1.0,0.0,0.0
0,295,12.0,11.603655207654992,1.0,1.0,0.0,1.0,0.0,0.0
1,295,2.6489524324092977,3.2707724289633275,0.0,1.0,0.0,0.0,0.0,1.0
2,295,6.503654166288387,6.08224916147045,0.0,0.0,1.0,1.0,1.0,0.0
3,295,6.591897199253406,12.0,0.0,1.0,1.0,0.0,1.0,0.0
4,295,5.394206578719524,5.8937411064140335,1.0,0.0,1.0,1.0,0.0,0.0
5,295,2.030496699491003,2.042632785140781,1.0,0.0,0.0,1.0,1.0,0.0
6,295,11.851322408002565,2.051467190907683,0.0,0.0,0.0,0.0,0.0,1.0
7,295,4.127308300009006,5.660716133996405,0.0,1.0,1.0,0.0,1.0,0.0
8,295,12.0,0.0,0.0,1.0,1.0,0.0,1.0,1.0
9,295,6.076742994082875,5.202615999584921,0.0,0.0,0.0,0.0,1.0,0.0
10,295,2.334721982278776,6.008623628725406,0.0,0.0,1.0,0.0,1.0,1.0
11,295,12.0,0.0,0.0,0.0,0.0,1.0,0.0,0.0
12,295,7.597248254616689,4.728541069119166,1.0,0.0,0.0,1.0,0.0,0.0
13,295,3.785042896611159,10.190333605384607,1.0,0.0,0.0,1.0,0.0,0.0
14,295,11.913840857095666,8.772629407766702,1.0,1.0,0.0,1.0,0.0,0.0
15,295,0.6442266577518556,7.7327575673164946,1.0,0.0,0.0,0.0,1.0,1.0
16,295,12.0,11.118049384932425,1.0,1.0,1.0,1.0,0.0,0.0
17,295,0.2979978735064855,8.003276456355087,1.0,0.0,0.0,1.0,0.0,0.0
18,295,0.0034191980475033,0.0,1.0,0.0,0.0,1.0,1.0,0.0
19,295,3.1883426316757824,0.0,0.0,1.0,0.0,1.0,0.0,0.0
20,295,3.5511970883701944,9.87357258884433,0.0,1.0,1.0,0.0,0.0,1.0
21,295,1.8001382248256617,1.2226058568101896,0.0,0.0,1.0,0.0,0.0,0.0
22,295,11.40331174875734,7.532775742248679,0.0,1.0,1.0,0.0,0.0,1.0
23,295,5.792773937691509,4.508324364522912,0.0,0.0,0.0,0.0,0.0,1.0
24,295,12.0,4.152198196049018,0.0,0.0,0.0,1.0,0.0,0.0
25,295,5.807684347782854,0.0130215489714863,0.0,1.0,0.0,0.0,0.0,0.0
26,295,0.0,12.0,0.0,1.0,1.0,1.0,0.0,1.0
27,295,10.206157189037889,11.277168116511616,1.0,0.0,0.0,1.0,0.0,1.0
28,295,11.019222389488643,10.761840665744986,1.0,0.0,1.0,1.0,0.0,0.0
29,295,12.0,1.3432752573230349,0.0,0.0,0.0,1.0,1.0,1.0
30,295,3.608867059597479,7.322847191901826,0.0,1.0,0.0,0.0,0.0,0.0
31,295,0.0,9.385658053234089,1.0,0.0,1.0,1.0,1.0,0.0
32,295,0.0,3.9873708588555847,0.0,0.0,0.0,1.0,0.0,1.0
33,295,5.904762503475289,12.0,1.0,0.0,0.0,0.0,0.0,0.0
34,295,10.932402047337623,1.5306686861850674,1.0,0.0,1.0,0.0,0.0,0.0
35,295,3.7976270702546526,3.639453545636816,0.0,1.0,1.0,0.0,0.0,0.0
36,295,1.417413954475272,6.569961882517959,1.0,0.0,0.0,1.0,0.0,1.0
37,295,4.708975737272452,7.97531521739249,1.0,0.0,0.0,1.0,1.0,0.0
38,295,3.4283281509959878,0.0,0.0,1.0,0.0,0.0,0.0,1.0
39,295,0.6390018695751097,10.90554237798924,1.0,1.0,1.0,1.0,0.0,0.0
