0,0,5.007685152227697,12.0,1.0,1.0,1.0,0.0,1.0,0.0
1,0,11.943185193032312,5.00598007332682,0.0,0.0,0.0,1.0,1.0,0.0
2,0,6.018768775247206,11.057420772642706,0.0,0.0,0.0,1.0,0.0,0.0
3,0,5.0696285832625705,12.0,1.0,0.0,0.0,0.0,1.0,0.0
4,0,7.935566442849614,0.0136367929767535,0.0,1.0,0.0,1.0,0.0,1.0
5,0,5.021308606097748,8.017315758168172,0.0,1.0,0.0,1.0,0.0,1.0
6,0,1.9463639834089312,0.0295366377880544,1.0,0.0,0.0,1.0,0.0,0.0
7,0,6.942180902867406,10.953443393581594,0.0,0.0,0.0,0.0,0.0,1.0
8,0,7.044959326666558,7.056477485162821,0.0,1.0,0.0,0.0,0.0,0.0
9,0,0.96576825380282,12.0,0.0,1.0,1.0,0.0,1.0,0.0
10,0,11.95077026519782,2.9870347842955067,0.0,0.0,1.0,0.0,0.0,0.0
11,0,0.0,0.0231334276337882,1.0,0.0,0.0,0.0,1.0,0.0
12,0,9.006830995157241,7.945076509858059,0.0,1.0,1.0,0.0,0.0,1.0
13,0,0.0,1.0011243082460706,0.0,0.0,1.0,1.0,1.0,0.0
14,0,12.0,7.00787524944787,1.0,1.0,0.0,0.0,1.0,1.0
15,0,1.9609561139447675,1.9528638611967748,0.0,1.0,0.0,1.0,1.0,1.0
16,0,0.021162326583937,8.065856516713596,1.0,0.0,1.0,1.0,0.0,0.0
17,0,12.0,12.0,0.0,0.0,0.0,0.0,0.0,0.0
18,0,7.006336965153524,11.938935535419835,1.0,0.0,0.0,0.0,1.0,1.0
19,0,6.966451493813009,4.942266826301048,0.0,0.0,1.0,0.0,0.0,0.0
20,0,1.9546545261363972,6.0056460430440906,0.0,0.0,0.0,0.0,0.0,0.0
21,0,2.969899643712884,11.979735276838344,0.0,0.0,0.0,0.0,0.0,0.0
22,0,6.96110670314152,10.07350879949628,0.0,1.0,1.0,1.0,0.0,0.0
23,0,1.0223644940242758,5.954520160716172,0.0,1.0,0.0,0.0,0.0,0.0
24,0,9.07232482614799,7.045941361569599,0.0,0.0,0.0,1.0,0.0,0.0
25,0,5.992136423884149,10.951009147728444,0.0,0.0,0.0,0.0,0.0,0.0
26,0,0.0,2.9351151203989234,1.0,0.0,0.0,0.0,0.0,0.0
27,0,11.02012972507682,11.951102573324183,1.0,0.0,1.0,0.0,0.0,1.0
28,0,5.974937214418126,0.0,0.0,0.0,1.0,0.0,0.0,0.0
29,0,8.01724316164151,4.0650765268920885,1.0,0.0,0.0,1.0,1.0,0.0
0,5,5.022534934782021,12.0,1.0,1.0,1.0,0.0,1.0,0.0
1,5,11.88928219759103,5.01066053479966,0.0,0.0,0.0,1.0,1.0,0.0
2,5,6.035158480954457,11.105774157075732,0.0,0.0,0.0,1.0,0.0,0.0
3,5,5.141806636170673,12.0,1.0,0.0,0.0,0.0,1.0,0.0
4,5,7.850402342279354,0.0321734729554412,0.0,1.0,0.0,1.0,0.0,1.0
5,5,5.069403379943703,8.054688426902953,0.0,1.0,0.0,1.0,0.0,1.0
6,5,1.88705699037694,0.0612322908080223,1.0,0.0,0.0,1.0,0.0,0.0
7,5,6.888628713038703,10.909953308046251,0.0,0.0,0.0,0.0,0.0,1.0
8,5,7.089406472301064,7.115797288900065,0.0,1.0,0.0,0.0,0.0,0.0
9,5,0.9450808427480478,12.0,0.0,1.0,1.0,0.0,1.0,0.0
10,5,11.901156987924873,2.974080531565723,0.0,0.0,1.0,0.0,0.0,0.0
11,5,0.0,0.0442817046796114,1.0,0.0,0.0,0.0,1.0,0.0
12,5,9.0130565421672,7.8825224240351695,0.0,1.0,1.0,0.0,0.0,1.0
13,5,0.0,1.0009699076163925,0.0,0.0,1.0,1.0,1.0,0.0
14,5,12.0,7.014923174178432,1.0,1.0,0.0,0.0,1.0,1.0
15,5,1.9006281431666063,1.880860009651308,0.0,1.0,0.0,1.0,1.0,1.0
16,5,0.0393335351074639,8.121214871624623,1.0,0.0,1.0,1.0,0.0,0.0
17,5,12.0,12.0,0.0,0.0,0.0,0.0,0.0,0.0
18,5,7.01552711030762,11.856228541037884,1.0,0.0,0.0,0.0,1.0,1.0
19,5,6.929666766906984,4.8817332667525175,0.0,0.0,1.0,0.0,0.0,0.0
20,5,1.9044516284286408,6.010931440187104,0.0,0.0,0.0,0.0,0.0,0.0
21,5,2.956962280354217,11.99832354034075,0.0,0.0,0.0,0.0,0.0,0.0
22,5,6.915385985271035,10.158474498015636,0.0,1.0,1.0,1.0,0.0,0.0
23,5,1.0676771328969838,5.976837750351137,0.0,1.0,0.0,0.0,0.0,0.0
24,5,9.131305627788132,7.087157442479399,0.0,0.0,0.0,1.0,0.0,0.0
25,5,5.985636482209162,10.914377047364791,0.0,0.0,0.0,0.0,0.0,0.0
26,5,0.0,2.8552334705380407,1.0,0.0,0.0,0.0,0.0,0.0
27,5,11.039327765530862,11.90150590200786,1.0,0.0,1.0,0.0,0.0,1.0
28,5,5.944781874109268,0.0,0.0,0.0,1.0,0.0,0.0,0.0
29,5,8.030211842522466,4.110353542538566,1.0,0.0,0.0,1.0,1.0,0.0
0,10,5.030291993499125,12.0,1.0,1.0,1.0,0.0,1.0,0.0
1,10,11.84978962180693,5.014095807207768,0.0,0.0,0.0,1.0,1.0,0.0
2,10,6.047856336110394,11.144626470921828,0.0,0.0,0.0,1.0,0.0,0.0
3,10,5.212680268287646,12.0,1.0,0.0,0.0,0.0,1.0,0.0
4,10,7.739200742402761,0.0544449610038403,0.0,1.0,0.0,1.0,0.0,1.0
5,10,5.123712177341248,8.095144746229671,0.0,1.0,0.0,1.0,0.0,1.0
6,10,1.8285583639704432,0.0916258989285656,1.0,0.0,0.0,1.0,0.0,0.0
7,10,6.842608200493026,10.873854692971074,0.0,0.0,0.0,0.0,0.0,1.0
8,10,7.125074694333586,7.163688942166645,0.0,1.0,0.0,0.0,0.0,0.0
9,10,0.9236317962695744,12.0,0.0,1.0,1.0,0.0,1.0,0.0
10,10,11.86543041115841,2.964077177763844,0.0,0.0,1.0,0.0,0.0,0.0
11,10,0.0,0.0510796305767845,1.0,0.0,0.0,0.0,1.0,0.0
12,10,9.017441765461388,7.828619300915512,0.0,1.0,1.0,0.0,0.0,1.0
13,10,0.0,1.0019104548225648,0.0,0.0,1.0,1.0,1.0,0.0
14,10,12.0,7.020879755638419,1.0,1.0,0.0,0.0,1.0,1.0
15,10,1.8497882279887967,1.8168577192900557,0.0,1.0,0.0,1.0,1.0,1.0
16,10,0.0624294668041597,8.182964640818046,1.0,0.0,1.0,1.0,0.0,0.0
17,10,12.0,12.0,0.0,0.0,0.0,0.0,0.0,0.0
18,10,7.025876926289898,11.753504017770585,1.0,0.0,0.0,0.0,1.0,1.0
19,10,6.890269278607426,4.817610383488587,0.0,0.0,1.0,0.0,0.0,0.0
20,10,1.8502738452913945,6.01846438649404,0.0,0.0,0.0,0.0,0.0,0.0
21,10,2.938270113265255,12.0,0.0,0.0,0.0,0.0,0.0,0.0
22,10,6.870787963404921,10.237963182257124,0.0,1.0,1.0,1.0,0.0,0.0
23,10,1.0988907094306617,5.9915990359150895,0.0,1.0,0.0,0.0,0.0,0.0
24,10,9.178876530222862,7.1209333077597465,0.0,0.0,0.0,1.0,0.0,0.0
25,10,5.979777637660009,10.885334520170916,0.0,0.0,0.0,0.0,0.0,0.0
26,10,0.0,2.7874037104601164,1.0,0.0,0.0,0.0,0.0,0.0
27,10,11.052367194080686,11.870029652889723,1.0,0.0,1.0,0.0,0.0,1.0
28,10,5.935634968319153,0.0,0.0,0.0,1.0,0.0,0.0,0.0
29,10,8.043856983982607,4.159061587585276,1.0,0.0,0.0,1.0,1.0,0.0
0,15,5.039640653189512,12.0,1.0,1.0,1.0,0.0,1.0,0.0
1,15,11.818144353386936,5.017003595030195,0.0,0.0,0.0,1.0,1.0,0.0
2,15,6.060756922675695,11.184787161604984,0.0,0.0,0.0,1.0,0.0,0.0
3,15,5.271059368031684,12.0,1.0,0.0,0.0,0.0,1.0,0.0
4,15,7.601932677593598,0.0800135976222474,0.0,1.0,0.0,1.0,0.0,1.0
5,15,5.1925037870418045,8.143485313856225,0.0,1.0,0.0,1.0,0.0,1.0
6,15,1.7498531551948793,0.1311416843338957,1.0,0.0,0.0,1.0,0.0,0.0
7,15,6.793478307891497,10.833714028397877,0.0,0.0,0.0,0.0,0.0,1.0
8,15,7.170482351204447,7.224747223431527,0.0,1.0,0.0,0.0,0.0,0.0
9,15,0.8892065244840603,12.0,0.0,1.0,1.0,0.0,1.0,0.0
10,15,11.838665757472468,2.955867290270118,0.0,0.0,1.0,0.0,0.0,0.0
11,15,0.0149158969871322,0.0673127269375648,1.0,0.0,0.0,0.0,1.0,0.0
12,15,9.02235643477627,7.784443439642289,0.0,1.0,1.0,0.0,0.0,1.0
13,15,0.0,1.002899843588782,0.0,0.0,1.0,1.0,1.0,0.0
14,15,12.0,7.026699969263531,1.0,1.0,0.0,0.0,1.0,1.0
15,15,1.798973315843868,1.7563190260796129,0.0,1.0,0.0,1.0,1.0,1.0
16,15,0.0816882305102682,8.236479357567799,1.0,0.0,1.0,1.0,0.0,0.0
17,15,12.0,12.0,0.0,0.0,0.0,0.0,0.0,0.0
18,15,7.033228488418684,11.646194538291956,1.0,0.0,0.0,0.0,1.0,1.0
19,15,6.850223020009442,4.750270381940816,0.0,0.0,1.0,0.0,0.0,0.0
20,15,1.7470512669309497,6.033026514482894,0.0,0.0,0.0,0.0,0.0,0.0
21,15,2.9149926068509653,12.0,0.0,0.0,0.0,0.0,0.0,0.0
22,15,6.83683988027827,10.300129721100603,0.0,1.0,1.0,1.0,0.0,0.0
23,15,1.1379349464376418,6.00988735291307,0.0,1.0,0.0,0.0,0.0,0.0
24,15,9.238039959810758,7.162736157101977,0.0,0.0,0.0,1.0,0.0,0.0
25,15,5.969402259760264,10.834198686429794,0.0,0.0,0.0,0.0,0.0,0.0
26,15,0.0,2.712518430638039,1.0,0.0,0.0,0.0,0.0,0.0
27,15,11.061653346830129,11.849527555420334,1.0,0.0,1.0,0.0,0.0,1.0
28,15,5.932541955732493,0.0,0.0,0.0,1.0,0.0,0.0,0.0
29,15,8.059873347534339,4.210134537029832,1.0,0.0,0.0,1.0,1.0,0.0
0,20,5.050335511004216,12.0,1.0,1.0,1.0,0.0,1.0,0.0
1,20,11.80646151009288,5.018108480097249,0.0,0.0,0.0,1.0,1.0,0.0
2,20,6.078146434815597,11.23838221382699,0.0,0.0,0.0,1.0,0.0,0.0
3,20,5.325168119904046,12.0,1.0,0.0,0.0,0.0,1.0,0.0
4,20,7.473873621453364,0.1077739183022299,0.0,1.0,0.0,1.0,0.0,1.0
5,20,5.249213529694628,8.180166637413782,0.0,1.0,0.0,1.0,0.0,1.0
6,20,1.659486590855886,0.1780506820467706,1.0,0.0,0.0,1.0,0.0,0.0
7,20,6.737929889233063,10.788244681438794,0.0,0.0,0.0,0.0,0.0,1.0
8,20,7.216676030846441,7.285888428075999,0.0,1.0,0.0,0.0,0.0,0.0
9,20,0.8492896955664822,12.0,0.0,1.0,1.0,0.0,1.0,0.0
10,20,11.813316078175992,2.948142766201353,0.0,0.0,1.0,0.0,0.0,0.0
11,20,0.0396685010327496,0.0931273785238708,1.0,0.0,0.0,0.0,1.0,0.0
12,20,9.026057636880768,7.745771951529438,0.0,1.0,1.0,0.0,0.0,1.0
13,20,0.0,1.0022975704022057,0.0,0.0,1.0,1.0,1.0,0.0
14,20,12.0,7.031209398306957,1.0,1.0,0.0,0.0,1.0,1.0
15,20,1.761107466681944,1.711304974863571,0.0,1.0,0.0,1.0,1.0,1.0
16,20,0.1026214084118688,8.29844743157763,1.0,0.0,1.0,1.0,0.0,0.0
17,20,12.0,12.0,0.0,0.0,0.0,0.0,0.0,0.0
18,20,7.041822016641867,11.533823979452592,1.0,0.0,0.0,0.0,1.0,1.0
19,20,6.804546963860199,4.678741235484566,0.0,0.0,1.0,0.0,0.0,0.0
20,20,1.658264874983992,6.045824277606673,0.0,0.0,0.0,0.0,0.0,0.0
21,20,2.874599594937618,12.0,0.0,0.0,0.0,0.0,0.0,0.0
22,20,6.8022912492109535,10.364537713876189,0.0,1.0,1.0,1.0,0.0,0.0
23,20,1.199716001764069,6.039479964504673,0.0,1.0,0.0,0.0,0.0,0.0
24,20,9.288136677291533,7.1961283705239945,0.0,0.0,0.0,1.0,0.0,0.0
25,20,5.958755515901552,10.783332480682905,0.0,0.0,0.0,0.0,0.0,0.0
26,20,0.0,2.6442451721449065,1.0,0.0,0.0,0.0,0.0,0.0
27,20,11.071166227884245,11.828731137686905,1.0,0.0,1.0,0.0,0.0,1.0
28,20,5.938736392803524,0.0083376789006135,0.0,0.0,1.0,0.0,0.0,0.0
29,20,8.082134324249541,4.274559550327077,1.0,0.0,0.0,1.0,1.0,0.0
0,25,5.064916188376932,12.0,1.0,1.0,1.0,0.0,1.0,0.0
1,25,11.816680531090435,5.017096546224084,0.0,0.0,0.0,1.0,1.0,0.0
2,25,6.099044996684547,11.29816424595985,0.0,0.0,0.0,1.0,0.0,0.0
3,25,5.367174992139164,12.0,1.0,0.0,0.0,0.0,1.0,0.0
4,25,7.339218376249497,0.1386842610477915,0.0,1.0,0.0,1.0,0.0,1.0
5,25,5.322821610436378,8.22906580756977,0.0,1.0,0.0,1.0,0.0,1.0
6,25,1.5825342883429785,0.2179203160231783,1.0,0.0,0.0,1.0,0.0,0.0
7,25,6.688542781055241,10.74491384843103,0.0,0.0,0.0,0.0,0.0,1.0
8,25,7.253049565263152,7.335547322034952,0.0,1.0,0.0,0.0,0.0,0.0
9,25,0.8116494081632067,12.0,0.0,1.0,1.0,0.0,1.0,0.0
10,25,11.774334110777929,2.936565830984172,0.0,0.0,1.0,0.0,0.0,0.0
11,25,0.0726009137431152,0.1258547217881753,1.0,0.0,0.0,0.0,1.0,0.0
12,25,9.029811944057402,7.707689490329645,0.0,1.0,1.0,0.0,0.0,1.0
13,25,0.0,1.0021445800509654,0.0,0.0,1.0,1.0,1.0,0.0
14,25,12.0,7.032634961886224,1.0,1.0,0.0,0.0,1.0,1.0
15,25,1.6956159678904477,1.634252178996615,0.0,1.0,0.0,1.0,1.0,1.0
16,25,0.1199871607765448,8.348698372688862,1.0,0.0,1.0,1.0,0.0,0.0
17,25,12.0,12.0,0.0,0.0,0.0,0.0,0.0,0.0
18,25,7.050922180926575,11.428431956058065,1.0,0.0,0.0,0.0,1.0,1.0
19,25,6.757203165569845,4.605514906027083,0.0,0.0,1.0,0.0,0.0,0.0
20,25,1.5853071286766325,6.057300699606106,0.0,0.0,0.0,0.0,0.0,0.0
21,25,2.818418262216685,12.0,0.0,0.0,0.0,0.0,0.0,0.0
22,25,6.758849984219608,10.44474759985207,0.0,1.0,1.0,1.0,0.0,0.0
23,25,1.2669887251455854,6.07245340441623,0.0,1.0,0.0,0.0,0.0,0.0
24,25,9.341097322821078,7.234662175855593,0.0,0.0,0.0,1.0,0.0,0.0
25,25,5.949408399542166,10.730180094178005,0.0,0.0,0.0,0.0,0.0,0.0
26,25,0.0,2.575807642551417,1.0,0.0,0.0,0.0,0.0,0.0
27,25,11.069736489359707,11.832071395178184,1.0,0.0,1.0,0.0,0.0,1.0
28,25,5.94141615421265,0.0122346212101055,0.0,0.0,1.0,0.0,0.0,0.0
29,25,8.108167040883796,4.345396245150985,1.0,0.0,0.0,1.0,1.0,0.0
0,30,5.073149922166277,12.0,1.0,1.0,1.0,0.0,1.0,0.0
1,30,11.841194405196696,5.013980948046275,0.0,0.0,0.0,1.0,1.0,0.0
2,30,6.121850530049585,11.360568287589771,0.0,0.0,0.0,1.0,0.0,0.0
3,30,5.419310645003354,12.0,1.0,0.0,0.0,0.0,1.0,0.0
4,30,7.194513413646981,0.1705117204269349,0.0,1.0,0.0,1.0,0.0,1.0
5,30,5.382232332847855,8.268139371704827,0.0,1.0,0.0,1.0,0.0,1.0
6,30,1.513622312539566,0.2521064344839589,1.0,0.0,0.0,1.0,0.0,0.0
7,30,6.630857263718388,10.693088575872018,0.0,0.0,0.0,0.0,0.0,1.0
8,30,7.295881243683466,7.392356461786528,0.0,1.0,0.0,0.0,0.0,0.0
9,30,0.7759219439902559,12.0,0.0,1.0,1.0,0.0,1.0,0.0
10,30,11.732060783266116,2.9256693664701587,0.0,0.0,1.0,0.0,0.0,0.0
11,30,0.1025749542488507,0.156815411503804,1.0,0.0,0.0,0.0,1.0,0.0
12,30,9.0336739570358,7.66551963518749,0.0,1.0,1.0,0.0,0.0,1.0
13,30,0.0,1.0020735077782044,0.0,0.0,1.0,1.0,1.0,0.0
14,30,12.0,7.034668009635062,1.0,1.0,0.0,0.0,1.0,1.0
15,30,1.628573160561325,1.5564353510003588,0.0,1.0,0.0,1.0,1.0,1.0
16,30,0.1420636340886119,8.408525802086025,1.0,0.0,1.0,1.0,0.0,0.0
17,30,12.0,12.0,0.0,0.0,0.0,0.0,0.0,0.0
18,30,7.064026907057997,11.299074924880902,1.0,0.0,0.0,0.0,1.0,1.0
19,30,6.712170670108687,4.538169533238087,0.0,0.0,1.0,0.0,0.0,0.0
20,30,1.5160945121176446,6.0649078736001165,0.0,0.0,0.0,0.0,0.0,0.0
21,30,2.7665583940696767,12.0,0.0,0.0,0.0,0.0,0.0,0.0
22,30,6.709397250603908,10.533597958209954,0.0,1.0,1.0,1.0,0.0,0.0
23,30,1.345173436059937,6.107790938664925,0.0,1.0,0.0,0.0,0.0,0.0
24,30,9.383807294032328,7.267516981660629,0.0,0.0,0.0,1.0,0.0,0.0
25,30,5.941975383037236,10.688664627751132,0.0,0.0,0.0,0.0,0.0,0.0
26,30,0.0,2.505821332308423,1.0,0.0,0.0,0.0,0.0,0.0
27,30,11.07320858202663,11.824462161361485,1.0,0.0,1.0,0.0,0.0,1.0
28,30,5.944420239854614,0.0165884523245963,0.0,0.0,1.0,0.0,0.0,0.0
29,30,8.138291052230759,4.429915655873801,1.0,0.0,0.0,1.0,1.0,0.0
0,35,5.08170348437507,12.0,1.0,1.0,1.0,0.0,1.0,0.0
1,35,11.83857898869529,5.014378965102138,0.0,0.0,0.0,1.0,1.0,0.0
2,35,6.144621018080084,11.422681268117854,0.0,0.0,0.0,1.0,0.0,0.0
3,35,5.4674437986365,12.0,1.0,0.0,0.0,0.0,1.0,0.0
4,35,7.034389861774937,0.2031388694971097,0.0,1.0,0.0,1.0,0.0,1.0
5,35,5.429788235560547,8.302168119131782,0.0,1.0,0.0,1.0,0.0,1.0
6,35,1.4398333071927216,0.2898626635655182,1.0,0.0,0.0,1.0,0.0,0.0
7,35,6.565616106674587,10.633463284984655,0.0,0.0,0.0,0.0,0.0,1.0
8,35,7.339231555920464,7.449799390332704,0.0,1.0,0.0,0.0,0.0,0.0
9,35,0.7442708158131541,12.0,0.0,1.0,1.0,0.0,1.0,0.0
10,35,11.66085433239518,2.907917786559469,0.0,0.0,1.0,0.0,0.0,0.0
11,35,0.1519199813667069,0.2078811060374337,1.0,0.0,0.0,0.0,1.0,0.0
12,35,9.039141427570794,7.609600027557525,0.0,1.0,1.0,0.0,0.0,1.0
13,35,0.0,1.001732176123469,0.0,0.0,1.0,1.0,1.0,0.0
14,35,12.0,7.038253963503905,1.0,1.0,0.0,0.0,1.0,1.0
15,35,1.5562161593204908,1.4685945802206533,0.0,1.0,0.0,1.0,1.0,1.0
16,35,0.167146405225984,8.478658641050535,1.0,0.0,1.0,1.0,0.0,0.0
17,35,12.0,12.0,0.0,0.0,0.0,0.0,0.0,0.0
18,35,7.076218747283847,11.150297462048163,1.0,0.0,0.0,0.0,1.0,1.0
19,35,6.656097715236284,4.453400317355825,0.0,0.0,1.0,0.0,0.0,0.0
20,35,1.4500162360272346,6.07301799057405,0.0,0.0,0.0,0.0,0.0,0.0
21,35,2.704611017508445,12.0,0.0,0.0,0.0,0.0,0.0,0.0
22,35,6.660865834076215,10.61728655190952,0.0,1.0,1.0,1.0,0.0,0.0
23,35,1.4147706764179238,6.139467210482382,0.0,1.0,0.0,0.0,0.0,0.0
24,35,9.413235579760316,7.29133512629785,0.0,0.0,0.0,1.0,0.0,0.0
25,35,5.934069074548649,10.646589790202974,0.0,0.0,0.0,0.0,0.0,0.0
26,35,0.0,2.432821725367199,1.0,0.0,0.0,0.0,0.0,0.0
27,35,11.07838217941406,11.81342701477881,1.0,0.0,1.0,0.0,0.0,1.0
28,35,5.946542168210318,0.0197279125879282,0.0,0.0,1.0,0.0,0.0,0.0
29,35,8.166070469171416,4.500687158325584,1.0,0.0,0.0,1.0,1.0,0.0
0,40,5.091785884915419,12.0,1.0,1.0,1.0,0.0,1.0,0.0
1,40,11.82918065664316,5.015490549916057,0.0,0.0,0.0,1.0,1.0,0.0
2,40,6.178006480770183,11.51663634484819,0.0,0.0,0.0,1.0,0.0,0.0
3,40,5.500155254018717,12.0,1.0,0.0,0.0,0.0,1.0,0.0
4,40,6.879520723804961,0.235813807360297,0.0,1.0,0.0,1.0,0.0,1.0
5,40,5.498593219209093,8.347089989227246,0.0,1.0,0.0,1.0,0.0,1.0
6,40,1.360496003853826,0.3288259324429153,1.0,0.0,0.0,1.0,0.0,0.0
7,40,6.490059305898639,10.564350459196705,0.0,0.0,0.0,0.0,0.0,1.0
8,40,7.373933146709152,7.49517584606706,0.0,1.0,0.0,0.0,0.0,0.0
9,40,0.7179193483218902,12.0,0.0,1.0,1.0,0.0,1.0,0.0
10,40,11.581970006929646,2.887574683787596,0.0,0.0,1.0,0.0,0.0,0.0
11,40,0.2011872032462023,0.2568731620086695,1.0,0.0,0.0,0.0,1.0,0.0
12,40,9.04369645709769,7.54837587426445,0.0,1.0,1.0,0.0,0.0,1.0
13,40,0.0012260406542901,1.0018060238136572,0.0,0.0,1.0,1.0,1.0,0.0
14,40,12.0,7.04132295172285,1.0,1.0,0.0,0.0,1.0,1.0
15,40,1.4881369241877502,1.3800500758975445,0.0,1.0,0.0,1.0,1.0,1.0
16,40,0.1988793080827227,8.57101890523762,1.0,0.0,1.0,1.0,0.0,0.0
17,40,12.0,12.0,0.0,0.0,0.0,0.0,0.0,0.0
18,40,7.0927489943519815,11.003485190238932,1.0,0.0,0.0,0.0,1.0,1.0
19,40,6.596220376130707,4.372059356146968,0.0,0.0,1.0,0.0,0.0,0.0
20,40,1.4018833473555683,6.079090217933961,0.0,0.0,0.0,0.0,0.0,0.0
21,40,2.6347105852640467,12.0,0.0,0.0,0.0,0.0,0.0,0.0
22,40,6.607166393997925,10.709713054156158,0.0,1.0,1.0,1.0,0.0,0.0
23,40,1.483559308397478,6.171109459160565,0.0,1.0,0.0,0.0,0.0,0.0
24,40,9.429946265214667,7.305054327820462,0.0,0.0,0.0,1.0,0.0,0.0
25,40,5.9262021633037705,10.602712284807852,0.0,0.0,0.0,0.0,0.0,0.0
26,40,0.0,2.375249988628536,1.0,0.0,0.0,0.0,0.0,0.0
27,40,11.080638904105486,11.808418411752834,1.0,0.0,1.0,0.0,0.0,1.0
28,40,5.952759545957921,0.0295349206742227,0.0,0.0,1.0,0.0,0.0,0.0
29,40,8.195952020963443,4.571782447426504,1.0,0.0,0.0,1.0,1.0,0.0
0,45,5.097321390078967,12.0,1.0,1.0,1.0,0.0,1.0,0.0
1,45,11.812069066146972,5.017393529124249,0.0,0.0,0.0,1.0,1.0,0.0
2,45,6.215171457888421,11.62088158184807,0.0,0.0,0.0,1.0,0.0,0.0
3,45,5.521515098578096,12.0,1.0,0.0,0.0,0.0,1.0,0.0
4,45,6.710841508997238,0.2677896957170733,0.0,1.0,0.0,1.0,0.0,1.0
5,45,5.570353072040463,8.392944012319987,0.0,1.0,0.0,1.0,0.0,1.0
6,45,1.2815201331420178,0.3645442464009614,1.0,0.0,0.0,1.0,0.0,0.0
7,45,6.420768497222084,10.497118143170496,0.0,0.0,0.0,0.0,0.0,1.0
8,45,7.401928764619059,7.531537965892928,0.0,1.0,0.0,0.0,0.0,0.0
9,45,0.6937840039894602,12.0,0.0,1.0,1.0,0.0,1.0,0.0
10,45,11.4931742344355,2.8638930079538216,0.0,0.0,1.0,0.0,0.0,0.0
11,45,0.2406471718795682,0.2962595380944902,1.0,0.0,0.0,0.0,1.0,0.0
12,45,9.046476955180994,7.489356895901688,0.0,1.0,1.0,0.0,0.0,1.0
13,45,0.0064902048164949,1.002155457123099,0.0,0.0,1.0,1.0,1.0,0.0
14,45,12.0,7.043333413258819,1.0,1.0,0.0,0.0,1.0,1.0
15,45,1.4129613750719778,1.2793827984349535,0.0,1.0,0.0,1.0,1.0,1.0
16,45,0.2263979091235926,8.661122808763203,1.0,0.0,1.0,1.0,0.0,0.0
17,45,12.0,12.0,0.0,0.0,0.0,0.0,0.0,0.0
18,45,7.108774299277584,10.848737127770947,1.0,0.0,0.0,0.0,1.0,1.0
19,45,6.554016625387918,4.312628131086069,0.0,0.0,1.0,0.0,0.0,0.0
20,45,1.336452064716478,6.088895160777834,0.0,0.0,0.0,0.0,0.0,0.0
21,45,2.5564838364027738,12.0,0.0,0.0,0.0,0.0,0.0,0.0
22,45,6.5479848975958586,10.819371132678768,0.0,1.0,1.0,1.0,0.0,0.0
23,45,1.5516403468172348,6.202030006166205,0.0,1.0,0.0,0.0,0.0,0.0
24,45,9.441012822487844,7.314226653181888,0.0,0.0,0.0,1.0,0.0,0.0
25,45,5.919568710066156,10.56192384875922,0.0,0.0,0.0,0.0,0.0,0.0
26,45,0.0,2.315862027056862,1.0,0.0,0.0,0.0,0.0,0.0
27,45,11.081326705400812,11.806859269976536,1.0,0.0,1.0,0.0,0.0,1.0
28,45,5.961966473939242,0.0457532794490097,0.0,0.0,1.0,0.0,0.0,0.0
29,45,8.233874213309663,4.662939928337769,1.0,0.0,0.0,1.0,1.0,0.0
0,50,5.104615522186773,12.0,1.0,1.0,1.0,0.0,1.0,0.0
1,50,11.791280279841567,5.020160836472267,0.0,0.0,0.0,1.0,1.0,0.0
2,50,6.246194223581456,11.716436224491344,0.0,0.0,0.0,1.0,0.0,0.0
3,50,5.543479983501927,12.0,1.0,0.0,0.0,0.0,1.0,0.0
4,50,6.5596062380845,0.293174276095403,0.0,1.0,0.0,1.0,0.0,1.0
5,50,5.657069415949097,8.448832736055543,0.0,1.0,0.0,1.0,0.0,1.0
6,50,1.188095700305313,0.4078684148798945,1.0,0.0,0.0,1.0,0.0,0.0
7,50,6.332373009359746,10.41418552558071,0.0,0.0,0.0,0.0,0.0,1.0
8,50,7.4326904673148,7.573176338297434,0.0,1.0,0.0,0.0,0.0,0.0
9,50,0.6688101596533274,12.0,0.0,1.0,1.0,0.0,1.0,0.0
10,50,11.386428261796448,2.8356124475134066,0.0,0.0,1.0,0.0,0.0,0.0
11,50,0.2784637485491787,0.3358024701906852,1.0,0.0,0.0,0.0,1.0,0.0
12,50,9.05075879372785,7.424707076164694,0.0,1.0,1.0,0.0,0.0,1.0
13,50,0.0273066420030491,1.004007435567041,0.0,0.0,1.0,1.0,1.0,0.0
14,50,12.0,7.046289633989945,1.0,1.0,0.0,0.0,1.0,1.0
15,50,1.3435416146992585,1.1877884809440151,0.0,1.0,0.0,1.0,1.0,1.0
16,50,0.2596142322828484,8.762876089942246,1.0,0.0,1.0,1.0,0.0,0.0
17,50,12.0,12.0,0.0,0.0,0.0,0.0,0.0,0.0
18,50,7.122992954947959,10.713634684899164,1.0,0.0,0.0,0.0,1.0,1.0
19,50,6.512417256317395,4.251580299335103,0.0,0.0,1.0,0.0,0.0,0.0
20,50,1.278581233305037,6.099181736525718,0.0,0.0,0.0,0.0,0.0,0.0
21,50,2.487869447214164,12.0,0.0,0.0,0.0,0.0,0.0,0.0
22,50,6.484101586450433,10.94255234909705,0.0,1.0,1.0,1.0,0.0,0.0
23,50,1.6181578156416796,6.235079603036281,0.0,1.0,0.0,0.0,0.0,0.0
24,50,9.444821369772631,7.317324155460387,0.0,0.0,0.0,1.0,0.0,0.0
25,50,5.912207999073375,10.520732321094604,0.0,0.0,0.0,0.0,0.0,0.0
26,50,0.0,2.258206091225272,1.0,0.0,0.0,0.0,0.0,0.0
27,50,11.081068790752465,11.807450913656044,1.0,0.0,1.0,0.0,0.0,1.0
28,50,5.965282480513761,0.0515563327173683,0.0,0.0,1.0,0.0,0.0,0.0
29,50,8.271170789851697,4.7554692182854925,1.0,0.0,0.0,1.0,1.0,0.0
0,55,5.113150584811137,12.0,1.0,1.0,1.0,0.0,1.0,0.0
1,55,11.781394443914708,5.021370129331305,0.0,0.0,0.0,1.0,1.0,0.0
2,55,6.279372058335456,11.819525998852434,0.0,0.0,0.0,1.0,0.0,0.0
3,55,5.554145073777333,12.0,1.0,0.0,0.0,0.0,1.0,0.0
4,55,6.389360305589874,0.3264037494638294,0.0,1.0,0.0,1.0,0.0,1.0
5,55,5.745410662018508,8.503449623067192,0.0,1.0,0.0,1.0,0.0,1.0
6,55,1.0785766106699626,0.4601968842043802,1.0,0.0,0.0,1.0,0.0,0.0
7,55,6.228232586297263,10.320714737531713,0.0,0.0,0.0,0.0,0.0,1.0
8,55,7.385817465001728,7.60618011502812,0.0,1.0,0.0,0.0,0.0,0.0
9,55,0.6501816881079939,12.0,0.0,1.0,1.0,0.0,1.0,0.0
10,55,11.281958497724522,2.806537494492562,0.0,0.0,1.0,0.0,0.0,0.0
11,55,0.3020132169245078,0.3597121727550234,1.0,0.0,0.0,0.0,1.0,0.0
12,55,9.054789581256175,7.363307170272019,0.0,1.0,1.0,0.0,0.0,1.0
13,55,0.032494546771788,1.0045481435128438,0.0,0.0,1.0,1.0,1.0,0.0
14,55,12.0,7.048352685106299,1.0,1.0,0.0,0.0,1.0,1.0
15,55,1.2640259180090132,1.0794719244568969,0.0,1.0,0.0,1.0,1.0,1.0
16,55,0.2918416625990139,8.860729592221523,1.0,0.0,1.0,1.0,0.0,0.0
17,55,12.0,12.0,0.0,0.0,0.0,0.0,0.0,0.0
18,55,7.140032694808828,10.57248576264784,1.0,0.0,0.0,0.0,1.0,1.0
19,55,6.459680106994711,4.177693079240212,0.0,0.0,1.0,0.0,0.0,0.0
20,55,1.2275983520333789,6.108573833804128,0.0,0.0,0.0,0.0,0.0,0.0
21,55,2.411220894516199,12.0,0.0,0.0,0.0,0.0,0.0,0.0
22,55,6.421819361426888,11.05481271830148,0.0,1.0,1.0,1.0,0.0,0.0
23,55,1.678320990184718,6.262937743391586,0.0,1.0,0.0,0.0,0.0,0.0
24,55,9.443719263670852,7.316406489816527,0.0,0.0,0.0,1.0,0.0,0.0
25,55,5.910047513807891,10.507913589674033,0.0,0.0,0.0,0.0,0.0,0.0
26,55,0.0,2.180879948170905,1.0,0.0,0.0,0.0,0.0,0.0
27,55,11.078633238282372,11.81321001409316,1.0,0.0,1.0,0.0,0.0,1.0
28,55,5.962929430644433,0.0475394382858293,0.0,0.0,1.0,0.0,0.0,0.0
29,55,8.299625942361066,4.828425087705923,1.0,0.0,0.0,1.0,1.0,0.0
0,60,5.123047614583309,12.0,1.0,1.0,1.0,0.0,1.0,0.0
1,60,11.780011736403951,5.021553791983182,0.0,0.0,0.0,1.0,1.0,0.0
2,60,6.308711820225458,11.914474836403196,0.0,0.0,0.0,1.0,0.0,0.0
3,60,5.58464939710731,12.0,1.0,0.0,0.0,0.0,1.0,0.0
4,60,6.235963069448999,0.35049507646556,0.0,1.0,0.0,1.0,0.0,1.0
5,60,5.8237846271589095,8.553758118393086,0.0,1.0,0.0,1.0,0.0,1.0
6,60,0.9656777244322028,0.5170103782683846,1.0,0.0,0.0,1.0,0.0,0.0
7,60,6.102832358385264,10.201624595760284,0.0,0.0,0.0,0.0,0.0,1.0
8,60,7.331425449640223,7.64670722399798,0.0,1.0,0.0,0.0,0.0,0.0
9,60,0.6277334025646804,12.0,0.0,1.0,1.0,0.0,1.0,0.0
10,60,11.174504953035171,2.776174953438706,0.0,0.0,1.0,0.0,0.0,0.0
11,60,0.3280306698259674,0.3879150002964667,1.0,0.0,0.0,0.0,1.0,0.0
12,60,9.057215309085311,7.311126279040323,0.0,1.0,1.0,0.0,0.0,1.0
13,60,0.052369763430923,1.0064561172364588,0.0,0.0,1.0,1.0,1.0,0.0
14,60,12.0,7.049659401299632,1.0,1.0,0.0,0.0,1.0,1.0
15,60,1.186011985450378,0.9670070140190248,0.0,1.0,0.0,1.0,1.0,1.0
16,60,0.3197101326213386,8.938510342330693,1.0,0.0,1.0,1.0,0.0,0.0
17,60,12.0,12.0,0.0,0.0,0.0,0.0,0.0,0.0
18,60,7.15188625232939,10.43446545387503,1.0,0.0,0.0,0.0,1.0,1.0
19,60,6.415528655690924,4.116768722490802,0.0,0.0,1.0,0.0,0.0,0.0
20,60,1.1956902710176671,6.114719931462615,0.0,0.0,0.0,0.0,0.0,0.0
21,60,2.3296445069145024,12.0,0.0,0.0,0.0,0.0,0.0,0.0
22,60,6.359037981540733,11.168874501852976,0.0,1.0,1.0,1.0,0.0,0.0
23,60,1.7354885908003337,6.28789628407991,0.0,1.0,0.0,0.0,0.0,0.0
24,60,9.438457297001792,7.312053673066092,0.0,0.0,0.0,1.0,0.0,0.0
25,60,5.905804348526814,10.476484755247144,0.0,0.0,0.0,0.0,0.0,0.0
26,60,0.0,2.090597472230014,1.0,0.0,0.0,0.0,0.0,0.0
27,60,11.0779092310258,11.81490829058994,1.0,0.0,1.0,0.0,0.0,1.0
28,60,5.958411820059122,0.0394896199154793,0.0,0.0,1.0,0.0,0.0,0.0
29,60,8.328295667443685,4.899267593054626,1.0,0.0,0.0,1.0,1.0,0.0
0,65,5.128410419204477,12.0,1.0,1.0,1.0,0.0,1.0,0.0
1,65,11.767580571972076,5.022767325059183,0.0,0.0,0.0,1.0,1.0,0.0
2,65,6.334725037633078,12.0,0.0,0.0,0.0,1.0,0.0,0.0
3,65,5.623069384861395,12.0,1.0,0.0,0.0,0.0,1.0,0.0
4,65,6.066828354185472,0.3821292042472108,0.0,1.0,0.0,1.0,0.0,1.0
5,65,5.903867727294922,8.60353904065139,0.0,1.0,0.0,1.0,0.0,1.0
6,65,0.863081268832988,0.573139529896176,1.0,0.0,0.0,1.0,0.0,0.0
7,65,5.97105286491708,10.082699165263293,0.0,0.0,0.0,0.0,0.0,1.0
8,65,7.2693651189985475,7.692302074744942,0.0,1.0,0.0,0.0,0.0,0.0
9,65,0.6129298871970041,12.0,0.0,1.0,1.0,0.0,1.0,0.0
10,65,11.065406365455392,2.7398903962097045,0.0,0.0,1.0,0.0,0.0,0.0
11,65,0.3521766601354321,0.4142380290367234,1.0,0.0,0.0,0.0,1.0,0.0
12,65,9.057570886750067,7.291243111252993,0.0,1.0,1.0,0.0,0.0,1.0
13,65,0.0458654200599494,1.0058409292005597,0.0,0.0,1.0,1.0,1.0,0.0
14,65,12.0,7.050701063666021,1.0,1.0,0.0,0.0,1.0,1.0
15,65,1.1111847937975814,0.8627912363590491,0.0,1.0,0.0,1.0,1.0,1.0
16,65,0.3403591387804034,8.99774002857743,1.0,0.0,1.0,1.0,0.0,0.0
17,65,11.998950823872468,11.999756119741118,0.0,0.0,0.0,0.0,0.0,0.0
18,65,7.161052312053446,10.299930299492493,1.0,0.0,0.0,0.0,1.0,1.0
19,65,6.371079098995121,4.054714403552931,0.0,0.0,1.0,0.0,0.0,0.0
20,65,1.176287750336393,6.11819776320265,0.0,0.0,0.0,0.0,0.0,0.0
21,65,2.258788196716362,12.0,0.0,0.0,0.0,0.0,0.0,0.0
22,65,6.296951996761862,11.290963225845196,0.0,1.0,1.0,1.0,0.0,0.0
23,65,1.82408729555423,6.3293799795622165,0.0,1.0,0.0,0.0,0.0,0.0
24,65,9.43067766092459,7.306242295314729,0.0,0.0,0.0,1.0,0.0,0.0
25,65,5.901188747088829,10.447628755135526,0.0,0.0,0.0,0.0,0.0,0.0
26,65,0.0,1.998277232874084,1.0,0.0,0.0,0.0,0.0,0.0
27,65,11.080742080824034,11.80792356169776,1.0,0.0,1.0,0.0,0.0,1.0
28,65,5.948597507701368,0.0213130300081945,0.0,0.0,1.0,0.0,0.0,0.0
29,65,8.360691069718603,4.9802697697839085,1.0,0.0,0.0,1.0,1.0,0.0
0,70,5.134471557192167,12.0,1.0,1.0,1.0,0.0,1.0,0.0
1,70,11.757425676551367,5.023965512175533,0.0,0.0,0.0,1.0,1.0,0.0
2,70,6.357359328686288,12.0,0.0,0.0,0.0,1.0,0.0,0.0
3,70,5.667330350120485,12.0,1.0,0.0,0.0,0.0,1.0,0.0
4,70,5.894336927061184,0.4165153566948765,0.0,1.0,0.0,1.0,0.0,1.0
5,70,5.975467664369814,8.650079423887153,0.0,1.0,0.0,1.0,0.0,1.0
6,70,0.7609757442183905,0.624937526073587,1.0,0.0,0.0,1.0,0.0,0.0
7,70,5.837524859715864,9.96192164180039,0.0,0.0,0.0,0.0,0.0,1.0
8,70,7.21286928213578,7.73546497755196,0.0,1.0,0.0,0.0,0.0,0.0
9,70,0.5950307334171462,12.0,0.0,1.0,1.0,0.0,1.0,0.0
10,70,10.952057157651833,2.7007943214953354,0.0,0.0,1.0,0.0,0.0,0.0
11,70,0.3795942413251912,0.4438806265294611,1.0,0.0,0.0,0.0,1.0,0.0
12,70,9.057539317784602,7.261951684777785,0.0,1.0,1.0,0.0,0.0,1.0
13,70,0.0462390347650923,1.005864586307339,0.0,0.0,1.0,1.0,1.0,0.0
14,70,12.0,7.052475310964184,1.0,1.0,0.0,0.0,1.0,1.0
15,70,1.0452053886057715,0.7674437774555825,0.0,1.0,0.0,1.0,1.0,1.0
16,70,0.3574713761927998,9.0472845692838,1.0,0.0,1.0,1.0,0.0,0.0
17,70,11.990126452337856,11.9977128545264,0.0,0.0,0.0,0.0,0.0,0.0
18,70,7.169467245240578,10.17508808582016,1.0,0.0,0.0,0.0,1.0,1.0
19,70,6.312841902312816,3.968158194954991,0.0,0.0,1.0,0.0,0.0,0.0
20,70,1.122991866941124,6.127064708430941,0.0,0.0,0.0,0.0,0.0,0.0
21,70,2.184753905455412,12.0,0.0,0.0,0.0,0.0,0.0,0.0
22,70,6.226596616961734,11.43075239628767,0.0,1.0,1.0,1.0,0.0,0.0
23,70,1.9058269313703184,6.36992323271358,0.0,1.0,0.0,0.0,0.0,0.0
24,70,9.401350616618233,7.284319153923974,0.0,0.0,0.0,1.0,0.0,0.0
25,70,5.895536286716784,10.407413663831932,0.0,0.0,0.0,0.0,0.0,0.0
26,70,0.0,1.8864805669156464,1.0,0.0,0.0,0.0,0.0,0.0
27,70,11.087632267399856,11.790357781708622,1.0,0.0,1.0,0.0,0.0,1.0
28,70,5.949581623457834,0.0230309326860231,0.0,0.0,1.0,0.0,0.0,0.0
29,70,8.394950481077323,5.064548697543279,1.0,0.0,0.0,1.0,1.0,0.0
0,75,5.140439198829664,12.0,1.0,1.0,1.0,0.0,1.0,0.0
1,75,11.742366506395408,5.026313089522726,0.0,0.0,0.0,1.0,1.0,0.0
2,75,6.421558760870021,11.980153179263912,0.0,0.0,0.0,1.0,0.0,0.0
3,75,5.724611970367696,12.0,1.0,0.0,0.0,0.0,1.0,0.0
4,75,5.718881661859275,0.4515902955707764,0.0,1.0,0.0,1.0,0.0,1.0
5,75,6.05029036441606,8.699346730376279,0.0,1.0,0.0,1.0,0.0,1.0
6,75,0.671522527001902,0.6702855271633434,1.0,0.0,0.0,1.0,0.0,0.0
7,75,5.69415656547592,9.832648473226342,0.0,0.0,0.0,0.0,0.0,1.0
8,75,7.132943270485878,7.793028803219217,0.0,1.0,0.0,0.0,0.0,0.0
9,75,0.5706147932107575,12.0,0.0,1.0,1.0,0.0,1.0,0.0
10,75,10.845885379750593,2.6664652807391285,0.0,0.0,1.0,0.0,0.0,0.0
11,75,0.3888364982394595,0.4541291657151771,1.0,0.0,0.0,0.0,1.0,0.0
12,75,9.05740271425726,7.2288301517519296,0.0,1.0,1.0,0.0,0.0,1.0
13,75,0.0520866538267968,1.0062863042440533,0.0,0.0,1.0,1.0,1.0,0.0
14,75,12.0,7.057487171721022,1.0,1.0,0.0,0.0,1.0,1.0
15,75,0.976904902491066,0.6713511208133477,0.0,1.0,0.0,1.0,1.0,1.0
16,75,0.367979838455353,9.081501714901163,1.0,0.0,1.0,1.0,0.0,0.0
17,75,11.973076192708165,11.99325393146147,0.0,0.0,0.0,0.0,0.0,0.0
18,75,7.175432588202312,10.049330171154716,1.0,0.0,0.0,0.0,1.0,1.0
19,75,6.250229616569329,3.876300266404651,0.0,0.0,1.0,0.0,0.0,0.0
20,75,1.0818742170610385,6.1331392130500255,0.0,0.0,0.0,0.0,0.0,0.0
21,75,2.101299143105846,12.0,0.0,0.0,0.0,0.0,0.0,0.0
22,75,6.157067643677912,11.574598015774596,0.0,1.0,1.0,1.0,0.0,0.0
23,75,1.9861940905280624,6.409082126896861,0.0,1.0,0.0,0.0,0.0,0.0
24,75,9.364833150959756,7.256278217130012,0.0,0.0,0.0,1.0,0.0,0.0
25,75,5.893269611481259,10.391704129328632,0.0,0.0,0.0,0.0,0.0,0.0
26,75,0.0,1.775335670799986,1.0,0.0,0.0,0.0,0.0,0.0
27,75,11.10237784551613,11.755283181226972,1.0,0.0,1.0,0.0,0.0,1.0
28,75,5.961069254074771,0.0445278307562053,0.0,0.0,1.0,0.0,0.0,0.0
29,75,8.429228836328956,5.153078797636463,1.0,0.0,0.0,1.0,1.0,0.0
0,80,5.141350139281444,12.0,1.0,1.0,1.0,0.0,1.0,0.0
1,80,11.744914799680185,5.043321776708475,0.0,0.0,0.0,1.0,1.0,0.0
2,80,6.465440430294255,11.967482531161544,0.0,0.0,0.0,1.0,0.0,0.0
3,80,5.78755884234785,12.0,1.0,0.0,0.0,0.0,1.0,0.0
4,80,5.553624785765582,0.4832363896226672,0.0,1.0,0.0,1.0,0.0,1.0
5,80,6.119731607310937,8.747348926259665,0.0,1.0,0.0,1.0,0.0,1.0
6,80,0.5959193711132003,0.7054209241015659,1.0,0.0,0.0,1.0,0.0,0.0
7,80,5.543092317446616,9.700577295423956,0.0,0.0,0.0,0.0,0.0,1.0
8,80,7.042925910291423,7.859130230726031,0.0,1.0,0.0,0.0,0.0,0.0
9,80,0.5460591828824329,12.0,0.0,1.0,1.0,0.0,1.0,0.0
10,80,10.738496095395837,2.634150707835406,0.0,0.0,1.0,0.0,0.0,0.0
11,80,0.409202796191057,0.4356491494823427,1.0,0.0,0.0,0.0,1.0,0.0
12,80,9.056815611114637,7.198243744320504,0.0,1.0,1.0,0.0,0.0,1.0
13,80,0.0929791927793898,1.009433939495166,0.0,0.0,1.0,1.0,1.0,0.0
14,80,12.0,7.061056306047695,1.0,1.0,0.0,0.0,1.0,1.0
15,80,0.897461412511364,0.5597078689659634,0.0,1.0,0.0,1.0,1.0,1.0
16,80,0.3738806639868755,9.101505769221069,1.0,0.0,1.0,1.0,0.0,0.0
17,80,11.940776618844016,11.986345194501112,0.0,0.0,0.0,0.0,0.0,0.0
18,80,7.181392311281104,9.908224159675468,1.0,0.0,0.0,0.0,1.0,1.0
19,80,6.181123752540135,3.776624501914277,0.0,0.0,1.0,0.0,0.0,0.0
20,80,1.024247074566181,6.143635159396016,0.0,0.0,0.0,0.0,0.0,0.0
21,80,2.018564342059864,12.0,0.0,0.0,0.0,0.0,0.0,0.0
22,80,6.083011056040213,11.720188482676638,0.0,1.0,1.0,1.0,0.0,0.0
23,80,2.0883646612826943,6.457663976443135,0.0,1.0,0.0,0.0,0.0,0.0
24,80,9.33593985157128,7.234689338966076,0.0,0.0,0.0,1.0,0.0,0.0
25,80,5.891111301901698,10.378681483913764,0.0,0.0,0.0,0.0,0.0,0.0
26,80,0.0,1.663977733413887,1.0,0.0,0.0,0.0,0.0,0.0
27,80,11.112018718462078,11.731155963960054,1.0,0.0,1.0,0.0,0.0,1.0
28,80,5.97294019044646,0.0660350414215936,0.0,0.0,1.0,0.0,0.0,0.0
29,80,8.459710944258534,5.236303786578457,1.0,0.0,0.0,1.0,1.0,0.0
0,85,5.143321284940551,12.0,1.0,1.0,1.0,0.0,1.0,0.0
1,85,11.749013765908645,5.077701697052657,0.0,0.0,0.0,1.0,1.0,0.0
2,85,6.51201044261718,11.95291059345758,0.0,0.0,0.0,1.0,0.0,0.0
3,85,5.837732850774383,12.0,1.0,0.0,0.0,0.0,1.0,0.0
4,85,5.391229345930336,0.5131615277619899,0.0,1.0,0.0,1.0,0.0,1.0
5,85,6.182450574600706,8.788372116810471,0.0,1.0,0.0,1.0,0.0,1.0
6,85,0.5241503422036211,0.741077750656636,1.0,0.0,0.0,1.0,0.0,0.0
7,85,5.406499827471229,9.578145832115462,0.0,0.0,0.0,0.0,0.0,1.0
8,85,6.968921803066567,7.912092832692876,0.0,1.0,0.0,0.0,0.0,0.0
9,85,0.5141602729573074,12.0,0.0,1.0,1.0,0.0,1.0,0.0
10,85,10.630163431372038,2.599784629677832,0.0,0.0,1.0,0.0,0.0,0.0
11,85,0.4390280523911124,0.408028645082694,1.0,0.0,0.0,0.0,1.0,0.0
12,85,9.056469736713202,7.178676041443036,0.0,1.0,1.0,0.0,0.0,1.0
13,85,0.1390035730443484,1.0123055269755272,0.0,0.0,1.0,1.0,1.0,0.0
14,85,12.0,7.064544026903451,1.0,1.0,0.0,0.0,1.0,1.0
15,85,0.8139275738287578,0.440789378153934,0.0,1.0,0.0,1.0,1.0,1.0
16,85,0.3778877516883485,9.114065527292842,1.0,0.0,1.0,1.0,0.0,0.0
17,85,11.93377718619776,11.98481563508196,0.0,0.0,0.0,0.0,0.0,0.0
18,85,7.185094954814575,9.780218865758664,1.0,0.0,0.0,0.0,1.0,1.0
19,85,6.115750135362724,3.679660320820143,0.0,0.0,1.0,0.0,0.0,0.0
20,85,0.98173621747565,6.150439294379297,0.0,0.0,0.0,0.0,0.0,0.0
21,85,1.9336317648175076,12.0,0.0,0.0,0.0,0.0,0.0,0.0
22,85,6.006474017569784,11.865066411987222,0.0,1.0,1.0,1.0,0.0,0.0
23,85,2.201302012687861,6.508380302411412,0.0,1.0,0.0,0.0,0.0,0.0
24,85,9.313900526731045,7.218387639823443,0.0,0.0,0.0,1.0,0.0,0.0
25,85,5.893258863558522,10.38868110437392,0.0,0.0,0.0,0.0,0.0,0.0
26,85,0.0,1.5602025754738482,1.0,0.0,0.0,0.0,0.0,0.0
27,85,11.112861318109289,11.728798953337227,1.0,0.0,1.0,0.0,0.0,1.0
28,85,5.987438702269963,0.0907700700950281,0.0,0.0,1.0,0.0,0.0,0.0
29,85,8.49554202151871,5.331691099233439,1.0,0.0,0.0,1.0,1.0,0.0
0,90,5.148308766398992,12.0,1.0,1.0,1.0,0.0,1.0,0.0
1,90,11.752210240855236,5.103370964817471,0.0,0.0,0.0,1.0,1.0,0.0
2,90,6.541507706087762,11.943743059979148,0.0,0.0,0.0,1.0,0.0,0.0
3,90,5.884774174193525,12.0,1.0,0.0,0.0,0.0,1.0,0.0
4,90,5.202536064505292,0.5478743843548942,0.0,1.0,0.0,1.0,0.0,1.0
5,90,6.240776834812353,8.827040943947598,0.0,1.0,0.0,1.0,0.0,1.0
6,90,0.4531511567919942,0.7758979415884891,1.0,0.0,0.0,1.0,0.0,0.0
7,90,5.288396035019059,9.47162923114488,0.0,0.0,0.0,0.0,0.0,1.0
8,90,6.891271574805719,7.966708021668186,0.0,1.0,0.0,0.0,0.0,0.0
9,90,0.4864179568326398,12.0,0.0,1.0,1.0,0.0,1.0,0.0
10,90,10.515613934557454,2.563085280166305,0.0,0.0,1.0,0.0,0.0,0.0
11,90,0.4602097095726015,0.3884932266458933,1.0,0.0,0.0,0.0,1.0,0.0
12,90,9.056496275859896,7.179350830334481,0.0,1.0,1.0,0.0,0.0,1.0
13,90,0.1932591166195986,1.015230239866389,0.0,0.0,1.0,1.0,1.0,0.0
14,90,12.0,7.068908252227663,1.0,1.0,0.0,0.0,1.0,1.0
15,90,0.7264913932643733,0.3202830603124851,0.0,1.0,0.0,1.0,1.0,1.0
16,90,0.3800454702761038,9.12077125039831,1.0,0.0,1.0,1.0,0.0,0.0
17,90,11.903654817123684,11.978266384291944,0.0,0.0,0.0,0.0,0.0,0.0
18,90,7.189305927807594,9.647104673804089,1.0,0.0,0.0,0.0,1.0,1.0
19,90,6.047971457698643,3.5781919361858776,0.0,0.0,1.0,0.0,0.0,0.0
20,90,0.9317399744253644,6.158226785355958,0.0,0.0,0.0,0.0,0.0,0.0
21,90,1.853330581667084,12.0,0.0,0.0,0.0,0.0,0.0,0.0
22,90,5.917466242538735,12.0,0.0,1.0,1.0,1.0,0.0,0.0
23,90,2.3178348187067344,6.562890195704126,0.0,1.0,0.0,0.0,0.0,0.0
24,90,9.293775681025934,7.203517953940948,0.0,0.0,0.0,1.0,0.0,0.0
25,90,5.895777042788996,10.400569401323017,0.0,0.0,0.0,0.0,0.0,0.0
26,90,0.0,1.4806492145717272,1.0,0.0,0.0,0.0,0.0,0.0
27,90,11.115035899506136,11.722440930753343,1.0,0.0,1.0,0.0,0.0,1.0
28,90,6.00093536079764,0.1129828913925635,0.0,0.0,1.0,0.0,0.0,0.0
29,90,8.538675798256463,5.443229399276917,1.0,0.0,0.0,1.0,1.0,0.0
0,95,5.159153221988675,12.0,1.0,1.0,1.0,0.0,1.0,0.0
1,95,11.754948950555976,5.124547026718315,0.0,0.0,0.0,1.0,1.0,0.0
2,95,6.577517116402412,11.932285232365931,0.0,0.0,0.0,1.0,0.0,0.0
3,95,5.934484479892051,12.0,1.0,0.0,0.0,0.0,1.0,0.0
4,95,5.0048990683094345,0.5880883534165052,0.0,1.0,0.0,1.0,0.0,1.0
5,95,6.274346059593125,8.851103416719383,0.0,1.0,0.0,1.0,0.0,1.0
6,95,0.3856966564014536,0.8080597052391735,1.0,0.0,0.0,1.0,0.0,0.0
7,95,5.186185151866207,9.378963404759183,0.0,0.0,0.0,0.0,0.0,1.0
8,95,6.799612972868578,8.031186657708762,0.0,1.0,0.0,0.0,0.0,0.0
9,95,0.4539300148552027,12.0,0.0,1.0,1.0,0.0,1.0,0.0
10,95,10.402690691895756,2.525154950258324,0.0,0.0,1.0,0.0,0.0,0.0
11,95,0.4776864100025307,0.3721335976959994,1.0,0.0,0.0,0.0,1.0,0.0
12,95,9.055762183083909,7.164223386638815,0.0,1.0,1.0,0.0,0.0,1.0
13,95,0.2524123090049135,1.0194656344369504,0.0,0.0,1.0,1.0,1.0,0.0
14,95,12.0,7.074320406318984,1.0,1.0,0.0,0.0,1.0,1.0
15,95,0.6350875060895576,0.1952875738267815,0.0,1.0,0.0,1.0,1.0,1.0
16,95,0.3774365258489109,9.113045083138546,1.0,0.0,1.0,1.0,0.0,0.0
17,95,11.88112258682856,11.973114067564714,0.0,0.0,0.0,0.0,0.0,0.0
18,95,7.19063688891577,9.53795309337809,1.0,0.0,0.0,0.0,1.0,1.0
19,95,5.974395508108742,3.469654468695913,0.0,0.0,1.0,0.0,0.0,0.0
20,95,0.8850170084611542,6.165974974599697,0.0,0.0,0.0,0.0,0.0,0.0
21,95,1.768259505478948,12.0,0.0,0.0,0.0,0.0,0.0,0.0
22,95,5.826851917267717,12.0,0.0,1.0,1.0,1.0,0.0,0.0
23,95,2.388954097686089,6.596280322296929,0.0,1.0,0.0,0.0,0.0,0.0
24,95,9.271569874782898,7.186567770751683,0.0,0.0,0.0,1.0,0.0,0.0
25,95,5.900173362931731,10.42905247008094,0.0,0.0,0.0,0.0,0.0,0.0
26,95,0.0,1.377734213572655,1.0,0.0,0.0,0.0,0.0,0.0
27,95,11.116404724433872,11.71840269526014,1.0,0.0,1.0,0.0,0.0,1.0
28,95,6.014639588691114,0.1359748033411968,0.0,0.0,1.0,0.0,0.0,0.0
29,95,8.584719049592037,5.580440926688103,1.0,0.0,0.0,1.0,1.0,0.0
0,100,5.16772486937102,12.0,1.0,1.0,1.0,0.0,1.0,0.0
1,100,11.758100010171503,5.149590163003355,0.0,0.0,0.0,1.0,1.0,0.0
2,100,6.597176340990279,11.92657735049942,0.0,0.0,0.0,1.0,0.0,0.0
3,100,5.969344355435981,12.0,1.0,0.0,0.0,0.0,1.0,0.0
4,100,4.795346854013413,0.6336564131512209,0.0,1.0,0.0,1.0,0.0,1.0
5,100,6.300500327052332,8.869782266064151,0.0,1.0,0.0,1.0,0.0,1.0
6,100,0.3079221514307229,0.8466825420545543,1.0,0.0,0.0,1.0,0.0,0.0
7,100,5.074895582383006,9.27837057159406,0.0,0.0,0.0,0.0,0.0,1.0
8,100,6.713570863716781,8.094275297974955,0.0,1.0,0.0,0.0,0.0,0.0
9,100,0.4289821719920727,12.0,0.0,1.0,1.0,0.0,1.0,0.0
10,100,10.295418541583702,2.4884348900718547,0.0,0.0,1.0,0.0,0.0,0.0
11,100,0.5075725990417848,0.3431120980264399,1.0,0.0,0.0,0.0,1.0,0.0
12,100,9.055488254445544,7.154840413082916,0.0,1.0,1.0,0.0,0.0,1.0
13,100,0.3267167934811039,1.025178882236325,0.0,0.0,1.0,1.0,1.0,0.0
14,100,12.0,7.077232440691499,1.0,1.0,0.0,0.0,1.0,1.0
15,100,0.5392788029332439,0.0617911003696532,0.0,1.0,0.0,1.0,1.0,1.0
16,100,0.3749727029694655,9.105660383189148,1.0,0.0,1.0,1.0,0.0,0.0
17,100,11.85587598150954,11.96791682036523,0.0,0.0,0.0,0.0,0.0,0.0
18,100,7.195576025423236,9.41569688885147,1.0,0.0,0.0,0.0,1.0,1.0
19,100,5.900357060241284,3.364344245151786,0.0,0.0,1.0,0.0,0.0,0.0
20,100,0.8321033525882651,6.174342631013327,0.0,0.0,0.0,0.0,0.0,0.0
21,100,1.6719036582913411,12.0,0.0,0.0,0.0,0.0,0.0,0.0
22,100,5.738352794319736,12.0,0.0,1.0,1.0,1.0,0.0,0.0
23,100,2.4480948674174514,6.62333620453691,0.0,1.0,0.0,0.0,0.0,0.0
24,100,9.238747170163297,7.162437601585906,0.0,0.0,0.0,1.0,0.0,0.0
25,100,5.90505061876173,10.45732373179355,0.0,0.0,0.0,0.0,0.0,0.0
26,100,0.0,1.2956184409301434,1.0,0.0,0.0,0.0,0.0,0.0
27,100,11.117777101491123,11.714340605420142,1.0,0.0,1.0,0.0,0.0,1.0
28,100,6.004736377168643,0.1418087759859778,0.0,0.0,1.0,0.0,0.0,0.0
29,100,8.626887390012092,5.719859464602598,1.0,0.0,0.0,1.0,1.0,0.0
0,105,5.17691686116224,12.0,1.0,1.0,1.0,0.0,1.0,0.0
1,105,11.760972570652122,5.179758081469983,0.0,0.0,0.0,1.0,1.0,0.0
2,105,6.627758509904363,11.91822821205884,0.0,0.0,0.0,1.0,0.0,0.0
3,105,5.985144978860804,12.0,1.0,0.0,0.0,0.0,1.0,0.0
4,105,4.583419334712387,0.6800110537738484,0.0,1.0,0.0,1.0,0.0,1.0
5,105,6.327959795114777,8.88911440485602,0.0,1.0,0.0,1.0,0.0,1.0
6,105,0.2278141647286635,0.889776440703512,1.0,0.0,0.0,1.0,0.0,0.0
7,105,4.963503287013287,9.174618981000808,0.0,0.0,0.0,0.0,0.0,1.0
8,105,6.631314752313682,8.157799236160612,0.0,1.0,0.0,0.0,0.0,0.0
9,105,0.4025004256177469,12.0,0.0,1.0,1.0,0.0,1.0,0.0
10,105,10.200848298801334,2.455607765750885,0.0,0.0,1.0,0.0,0.0,0.0
11,105,0.5469053013584672,0.3041899851079259,1.0,0.0,0.0,0.0,1.0,0.0
12,105,9.055584205766433,7.156284496852731,0.0,1.0,1.0,0.0,0.0,1.0
13,105,0.4023457498928637,1.0314933802045898,0.0,0.0,1.0,1.0,1.0,0.0
14,105,12.0,7.0799643716454765,1.0,1.0,0.0,0.0,1.0,1.0
15,105,0.4412303084287837,0.0,0.0,1.0,0.0,1.0,1.0,1.0
16,105,0.3684785133813531,9.085840118855,1.0,0.0,1.0,1.0,0.0,0.0
17,105,11.839248623856614,11.964203736482729,0.0,0.0,0.0,0.0,0.0,0.0
18,105,7.202373243569224,9.297921258565502,1.0,0.0,0.0,0.0,1.0,1.0
19,105,5.830030039364737,3.267752173554573,0.0,0.0,1.0,0.0,0.0,0.0
20,105,0.7731047434840316,6.183775846764747,0.0,0.0,0.0,0.0,0.0,0.0
21,105,1.5629846763997723,12.0,0.0,0.0,0.0,0.0,0.0,0.0
22,105,5.653028247895701,12.0,0.0,1.0,1.0,1.0,0.0,0.0
23,105,2.497994916624004,6.6458573205783935,0.0,1.0,0.0,0.0,0.0,0.0
24,105,9.208565306881376,7.140522354568532,0.0,0.0,0.0,1.0,0.0,0.0
25,105,5.907500031980367,10.47128839732491,0.0,0.0,0.0,0.0,0.0,0.0
26,105,0.0,1.2062401499916264,1.0,0.0,0.0,0.0,0.0,0.0
27,105,11.119923873586826,11.708483281218273,1.0,0.0,1.0,0.0,0.0,1.0
28,105,6.019691362990617,0.1328361908115684,0.0,0.0,1.0,0.0,0.0,0.0
29,105,8.668327402052045,5.854737678282722,1.0,0.0,0.0,1.0,1.0,0.0
0,110,5.182280862976723,12.0,1.0,1.0,1.0,0.0,1.0,0.0
1,110,11.762843768296248,5.198045390151971,0.0,0.0,0.0,1.0,1.0,0.0
2,110,6.698641109774271,11.896829046792156,0.0,0.0,0.0,1.0,0.0,0.0
3,110,5.991905009907895,12.0,1.0,0.0,0.0,0.0,1.0,0.0
4,110,4.38591822854591,0.7226643466671626,0.0,1.0,0.0,1.0,0.0,1.0
5,110,6.357689740392675,8.909937887874987,0.0,1.0,0.0,1.0,0.0,1.0
6,110,0.1357407819774407,0.9394562759955736,1.0,0.0,0.0,1.0,0.0,0.0
7,110,4.866045533120532,9.07975107446813,0.0,0.0,0.0,0.0,0.0,1.0
8,110,6.541891578516119,8.224073399446663,0.0,1.0,0.0,0.0,0.0,0.0
9,110,0.381197268059394,12.0,0.0,1.0,1.0,0.0,1.0,0.0
10,110,10.104844629114192,2.423463695206047,0.0,0.0,1.0,0.0,0.0,0.0
11,110,0.5717549725142206,0.2799770956145714,1.0,0.0,0.0,0.0,1.0,0.0
12,110,9.054890680290034,7.147385002222832,0.0,1.0,1.0,0.0,0.0,1.0
13,110,0.4554004116213839,1.0354027563773611,0.0,0.0,1.0,1.0,1.0,0.0
14,110,12.0,7.082905805132776,1.0,1.0,0.0,0.0,1.0,1.0
15,110,0.3429099792987055,0.0,0.0,1.0,0.0,1.0,1.0,1.0
16,110,0.3597744193122328,9.059689630019802,1.0,0.0,1.0,1.0,0.0,0.0
17,110,11.814548576627578,11.95907455093278,0.0,0.0,0.0,0.0,0.0,0.0
18,110,7.212301121419844,9.177139298632843,1.0,0.0,0.0,0.0,1.0,1.0
19,110,5.757305654066094,3.1706127903103845,0.0,0.0,1.0,0.0,0.0,0.0
20,110,0.6860036614313452,6.196029130736623,0.0,0.0,0.0,0.0,0.0,0.0
21,110,1.4568901572823083,12.0,0.0,0.0,0.0,0.0,0.0,0.0
22,110,5.55207827319388,12.0,0.0,1.0,1.0,1.0,0.0,0.0
23,110,2.5329329006205312,6.662102442377349,0.0,1.0,0.0,0.0,0.0,0.0
24,110,9.160642588298204,7.105729974164596,0.0,0.0,0.0,1.0,0.0,0.0
25,110,5.907141946557574,10.469290826268477,0.0,0.0,0.0,0.0,0.0,0.0
26,110,0.0,1.1219932289019594,1.0,0.0,0.0,0.0,0.0,0.0
27,110,11.118272283772331,11.712969630530742,1.0,0.0,1.0,0.0,0.0,1.0
28,110,6.025927543114055,0.1291229732598602,0.0,0.0,1.0,0.0,0.0,0.0
29,110,8.708434333667146,5.988817244645842,1.0,0.0,0.0,1.0,1.0,0.0
0,115,5.183339939909626,12.0,1.0,1.0,1.0,0.0,1.0,0.0
1,115,11.76544245343639,5.225389484508042,0.0,0.0,0.0,1.0,1.0,0.0
2,115,6.748326681282737,11.882163629325936,0.0,0.0,0.0,1.0,0.0,0.0
3,115,6.000701067793062,12.0,1.0,0.0,0.0,0.0,1.0,0.0
4,115,4.16975284846334,0.7684629908381294,0.0,1.0,0.0,1.0,0.0,1.0
5,115,6.377362449947318,8.923513961192093,0.0,1.0,0.0,1.0,0.0,1.0
6,115,0.0338723693429169,0.9936201404582644,1.0,0.0,0.0,1.0,0.0,0.0
7,115,4.763562600784201,8.982767971068428,0.0,0.0,0.0,0.0,0.0,1.0
8,115,6.4587269538484415,8.28789547531302,0.0,1.0,0.0,0.0,0.0,0.0
9,115,0.3621252833360294,12.0,0.0,1.0,1.0,0.0,1.0,0.0
10,115,9.97857749037836,2.378717112511302,0.0,0.0,1.0,0.0,0.0,0.0
11,115,0.5898949403148912,0.2635247170029912,1.0,0.0,0.0,0.0,1.0,0.0
12,115,9.052365800067872,7.118778103365007,0.0,1.0,1.0,0.0,0.0,1.0
13,115,0.525198751580043,1.038870142819568,0.0,0.0,1.0,1.0,1.0,0.0
14,115,12.0,7.086586997150629,1.0,1.0,0.0,0.0,1.0,1.0
15,115,0.241535508198003,0.0,0.0,1.0,0.0,1.0,1.0,1.0
16,115,0.3531016149695949,9.040469722861436,1.0,0.0,1.0,1.0,0.0,0.0
17,115,11.795719575755651,11.955336829694309,0.0,0.0,0.0,0.0,0.0,0.0
18,115,7.222114158817583,9.056427453740064,1.0,0.0,0.0,0.0,1.0,1.0
19,115,5.677194254373132,3.066599870201461,0.0,0.0,1.0,0.0,0.0,0.0
20,115,0.6179805593850601,6.204584571095522,0.0,0.0,0.0,0.0,0.0,0.0
21,115,1.3507619250858327,12.0,0.0,0.0,0.0,0.0,0.0,0.0
22,115,5.451221114694677,12.0,0.0,1.0,1.0,1.0,0.0,0.0
23,115,2.5819702194660605,6.685448283104912,0.0,1.0,0.0,0.0,0.0,0.0
24,115,9.108924573465275,7.066999763402828,0.0,0.0,0.0,1.0,0.0,0.0
25,115,5.904142763136889,10.45307091157226,0.0,0.0,0.0,0.0,0.0,0.0
26,115,0.0,1.0412830969348308,1.0,0.0,0.0,0.0,0.0,0.0
27,115,11.12055260111617,11.70586841539109,1.0,0.0,1.0,0.0,0.0,1.0
28,115,6.03315803610235,0.1244675589260249,0.0,0.0,1.0,0.0,0.0,0.0
29,115,8.753139672109027,6.11937804520291,1.0,0.0,0.0,1.0,1.0,0.0
0,120,5.179899276211558,11.982032182595582,1.0,1.0,1.0,0.0,1.0,0.0
1,120,11.76799501573575,5.2592626089073935,0.0,0.0,0.0,1.0,1.0,0.0
2,120,6.809113943726889,11.865705474745136,0.0,0.0,0.0,1.0,0.0,0.0
3,120,5.99890039806394,11.999859292144594,1.0,0.0,0.0,0.0,1.0,0.0
4,120,3.944389906476443,0.8134902137101704,0.0,1.0,0.0,1.0,0.0,1.0
5,120,6.400197172321547,8.938156974880608,0.0,1.0,0.0,1.0,0.0,1.0
6,120,0.0,1.047904101804272,1.0,0.0,0.0,1.0,0.0,0.0
7,120,4.646292858258922,8.873547401062181,0.0,0.0,0.0,0.0,0.0,1.0
8,120,6.3721383459836,8.35246443261729,0.0,1.0,0.0,0.0,0.0,0.0
9,120,0.3516205413152722,12.0,0.0,1.0,1.0,0.0,1.0,0.0
10,120,9.865974362189132,2.337323662328876,0.0,0.0,1.0,0.0,0.0,0.0
11,120,0.606258117466101,0.2490618962205951,1.0,0.0,0.0,0.0,1.0,0.0
12,120,9.049398582120718,7.080514719016184,0.0,1.0,1.0,0.0,0.0,1.0
13,120,0.6054783502395604,1.044371831163245,0.0,0.0,1.0,1.0,1.0,0.0
14,120,12.0,7.089346059261672,1.0,1.0,0.0,0.0,1.0,1.0
15,120,0.130980189773985,0.0,0.0,1.0,0.0,1.0,1.0,1.0
16,120,0.3425988616672493,9.009403364081871,1.0,0.0,1.0,1.0,0.0,0.0
17,120,11.765789543128896,11.948959388738722,0.0,0.0,0.0,0.0,0.0,0.0
18,120,7.229323846771061,8.941950241942378,1.0,0.0,0.0,0.0,1.0,1.0
19,120,5.58570653129935,2.951229389999182,0.0,0.0,1.0,0.0,0.0,0.0
20,120,0.5281205581512921,6.2163380299539375,0.0,0.0,0.0,0.0,0.0,0.0
21,120,1.2534766596600857,12.0,0.0,0.0,0.0,0.0,0.0,0.0
22,120,5.630682040191436,12.0,0.0,1.0,1.0,1.0,0.0,0.0
23,120,2.6235407596805302,6.705671680081462,0.0,1.0,0.0,0.0,0.0,0.0
24,120,9.04737343501914,7.0219511906847725,0.0,0.0,0.0,1.0,0.0,0.0
25,120,5.896750945291196,10.413119151566688,0.0,0.0,0.0,0.0,0.0,0.0
26,120,0.0,0.9616561089871184,1.0,0.0,0.0,0.0,0.0,0.0
27,120,11.120114276498713,11.707182445603465,1.0,0.0,1.0,0.0,0.0,1.0
28,120,6.024826712256957,0.1293574764344187,0.0,0.0,1.0,0.0,0.0,0.0
29,120,8.799611568340504,6.243449613593865,1.0,0.0,0.0,1.0,1.0,0.0
0,125,5.178895570877834,11.977472859745438,1.0,1.0,1.0,0.0,1.0,0.0
1,125,11.770656874370308,5.29089387025744,0.0,0.0,0.0,1.0,1.0,0.0
2,125,6.867806786534955,11.849140387699247,0.0,0.0,0.0,1.0,0.0,0.0
3,125,5.97619669485936,11.998436169036824,1.0,0.0,0.0,0.0,1.0,0.0
4,125,3.724017373458536,0.8548442456787089,0.0,1.0,0.0,1.0,0.0,1.0
5,125,6.428521846691907,8.95642536178646,0.0,1.0,0.0,1.0,0.0,1.0
6,125,0.0,1.1161039306042044,1.0,0.0,0.0,1.0,0.0,0.0
7,125,4.519608383005035,8.759955150917627,0.0,0.0,0.0,0.0,0.0,1.0
8,125,6.2856462773451485,8.41434097382445,0.0,1.0,0.0,0.0,0.0,0.0
9,125,0.3432228245449684,12.0,0.0,1.0,1.0,0.0,1.0,0.0
10,125,9.758401365375228,2.300984304136795,0.0,0.0,1.0,0.0,0.0,0.0
11,125,0.6248842142139669,0.2335673362027821,1.0,0.0,0.0,0.0,1.0,0.0
12,125,9.045960645504312,7.049655513749335,0.0,1.0,1.0,0.0,0.0,1.0
13,125,0.6081966095318324,0.9936526325950072,0.0,0.0,1.0,1.0,1.0,0.0
14,125,12.0,7.091696326018754,1.0,1.0,0.0,0.0,1.0,1.0
15,125,0.0209813788225595,0.0,0.0,1.0,0.0,1.0,1.0,1.0
16,125,0.3250727334975629,8.956177769919629,1.0,0.0,1.0,1.0,0.0,0.0
17,125,11.730731788109994,11.940928330493042,0.0,0.0,0.0,0.0,0.0,0.0
18,125,7.235373500588104,8.831150825786711,1.0,0.0,0.0,0.0,1.0,1.0
19,125,5.497746155866204,2.837645773857433,0.0,0.0,1.0,0.0,0.0,0.0
20,125,0.4291633992900626,6.23022871791057,0.0,0.0,0.0,0.0,0.0,0.0
21,125,1.104436261244893,11.886131668979264,0.0,0.0,0.0,0.0,0.0,0.0
22,125,5.820066811388669,12.0,0.0,1.0,1.0,1.0,0.0,0.0
23,125,2.666201108583648,6.7252074539499205,0.0,1.0,0.0,0.0,0.0,0.0
24,125,8.989311585483094,6.98123452514558,0.0,0.0,0.0,1.0,0.0,0.0
25,125,5.892686159558775,10.385901185444254,0.0,0.0,0.0,0.0,0.0,0.0
26,125,0.0,0.8681656454309032,1.0,0.0,0.0,0.0,0.0,0.0
27,125,11.114573549012412,11.721802590037958,1.0,0.0,1.0,0.0,0.0,1.0
28,125,6.01855852432599,0.1330060159117664,0.0,0.0,1.0,0.0,0.0,0.0
29,125,8.854406361455847,6.386464604150713,1.0,0.0,0.0,1.0,1.0,0.0
0,130,5.180057646050151,11.982851747754848,1.0,1.0,1.0,0.0,1.0,0.0
1,130,11.7734543828003,5.327760493307284,0.0,0.0,0.0,1.0,1.0,0.0
2,130,6.938771520319127,11.828393364723787,0.0,0.0,0.0,1.0,0.0,0.0
3,130,5.945993213514235,11.9967213079711,1.0,0.0,0.0,0.0,1.0,0.0
4,130,3.513633762963568,0.8952171032634391,0.0,1.0,0.0,1.0,0.0,1.0
5,130,6.458721141545149,8.976190854945909,0.0,1.0,0.0,1.0,0.0,1.0
6,130,0.0,1.1840419197138088,1.0,0.0,0.0,1.0,0.0,0.0
7,130,4.389381818253483,8.645904671330818,0.0,0.0,0.0,0.0,0.0,1.0
8,130,6.194043353856536,8.480004685612938,0.0,1.0,0.0,0.0,0.0,0.0
9,130,0.3446359682328858,11.998183310250289,0.0,1.0,1.0,0.0,1.0,0.0
10,130,9.640364032662738,2.2621908461301152,0.0,0.0,1.0,0.0,0.0,0.0
11,130,0.6304242629549518,0.229125361784921,1.0,0.0,0.0,0.0,1.0,0.0
12,130,9.04162790885943,7.014441121184388,0.0,1.0,1.0,0.0,0.0,1.0
13,130,0.610794164864762,0.9487470971077452,0.0,0.0,1.0,1.0,1.0,0.0
14,130,12.0,7.095352482282441,1.0,1.0,0.0,0.0,1.0,1.0
15,130,0.0,0.0,0.0,1.0,0.0,1.0,1.0,1.0
16,130,0.309902579099256,8.911319319704177,1.0,0.0,1.0,1.0,0.0,0.0
17,130,11.696327252246274,11.93191872822334,0.0,0.0,0.0,0.0,0.0,0.0
18,130,7.2416919188766355,8.687309003992274,1.0,0.0,0.0,0.0,1.0,1.0
19,130,5.390928729404453,2.7090751770161585,0.0,0.0,1.0,0.0,0.0,0.0
20,130,0.3327745011830343,6.245744763742232,0.0,0.0,0.0,0.0,0.0,0.0
21,130,0.948771071771534,11.76086550397345,0.0,0.0,0.0,0.0,0.0,0.0
22,130,5.998695286671591,12.0,0.0,1.0,1.0,1.0,0.0,0.0
23,130,2.7092132926183465,6.745501058017914,0.0,1.0,0.0,0.0,0.0,0.0
24,130,8.941768149004115,6.9479908321147965,0.0,0.0,0.0,1.0,0.0,0.0
25,130,5.8875006961744045,10.354747878700126,0.0,0.0,0.0,0.0,0.0,0.0
26,130,0.0,0.7712988860138963,1.0,0.0,0.0,0.0,0.0,0.0
27,130,11.114221172274805,11.72274733967686,1.0,0.0,1.0,0.0,0.0,1.0
28,130,5.997967423656041,0.1452548350358438,0.0,0.0,1.0,0.0,0.0,0.0
29,130,8.905467769581962,6.5184898575056165,1.0,0.0,0.0,1.0,1.0,0.0
0,135,5.183859470175925,12.0,1.0,1.0,1.0,0.0,1.0,0.0
1,135,11.774948270976845,5.355931500429223,0.0,0.0,0.0,1.0,1.0,0.0
2,135,6.91845724312262,11.761385968956189,0.0,0.0,0.0,1.0,0.0,0.0
3,135,5.902131501261083,11.993291767714403,1.0,0.0,0.0,0.0,1.0,0.0
4,135,3.315188625507004,0.9362869580576152,0.0,1.0,0.0,1.0,0.0,1.0
5,135,6.494950449938133,8.99923181021131,0.0,1.0,0.0,1.0,0.0,1.0
6,135,0.0,1.2610045130163474,1.0,0.0,0.0,1.0,0.0,0.0
7,135,4.264656529147145,8.537499085669069,0.0,0.0,0.0,0.0,0.0,1.0
8,135,6.109096868194476,8.541485680994992,0.0,1.0,0.0,0.0,0.0,0.0
9,135,0.3509984159642008,11.989466711661724,0.0,1.0,1.0,0.0,1.0,0.0
10,135,9.51410494945775,2.2216455102875994,0.0,0.0,1.0,0.0,0.0,0.0
11,135,0.6392518169997073,0.2398824090739733,1.0,0.0,0.0,0.0,1.0,0.0
12,135,9.032767988247866,6.957248014866456,0.0,1.0,1.0,0.0,0.0,1.0
13,135,0.6120046448888805,0.928966744210564,0.0,0.0,1.0,1.0,1.0,0.0
14,135,12.0,7.097828735041092,1.0,1.0,0.0,0.0,1.0,1.0
15,135,0.0,0.0,0.0,1.0,0.0,1.0,1.0,1.0
16,135,0.2900888542281316,8.84985766804574,1.0,0.0,1.0,1.0,0.0,0.0
17,135,11.687617932243205,11.929562849540346,0.0,0.0,0.0,0.0,0.0,0.0
18,135,7.077157500854453,8.682288636673944,1.0,0.0,0.0,0.0,1.0,1.0
19,135,5.291410529606761,2.576870965646572,0.0,0.0,1.0,0.0,0.0,0.0
20,135,0.2438486669009111,6.260349812494554,0.0,0.0,0.0,0.0,0.0,0.0
21,135,0.792309246199387,11.638764607349868,0.0,0.0,0.0,0.0,0.0,0.0
22,135,6.167304101884943,12.0,0.0,1.0,1.0,1.0,0.0,0.0
23,135,2.7654870782384497,6.771468471812872,0.0,1.0,0.0,0.0,0.0,0.0
24,135,8.893589840065527,6.916559935089127,0.0,0.0,0.0,1.0,0.0,0.0
25,135,5.884208677880237,10.333029447827323,0.0,0.0,0.0,0.0,0.0,0.0
26,135,0.0,0.6779197125984181,1.0,0.0,0.0,0.0,0.0,0.0
27,135,11.12198002921463,11.701559357718494,1.0,0.0,1.0,0.0,0.0,1.0
28,135,5.985648296717515,0.1520724473277072,0.0,0.0,1.0,0.0,0.0,0.0
29,135,8.77196541436478,6.570894297044618,1.0,0.0,0.0,1.0,1.0,0.0
0,140,5.187686146546119,12.0,1.0,1.0,1.0,0.0,1.0,0.0
1,140,11.776236809596774,5.398854939250896,0.0,0.0,0.0,1.0,1.0,0.0
2,140,6.9014319120604375,11.6974548845654,0.0,0.0,0.0,1.0,0.0,0.0
3,140,5.8454640032205765,11.98780214951836,1.0,0.0,0.0,0.0,1.0,0.0
4,140,3.119546173359599,0.975201837721233,0.0,1.0,0.0,1.0,0.0,1.0
5,140,6.521110554038468,9.015797695010209,0.0,1.0,0.0,1.0,0.0,1.0
6,140,0.0,1.3303357702315732,1.0,0.0,0.0,1.0,0.0,0.0
7,140,4.13764127178699,8.432741849417402,0.0,0.0,0.0,0.0,0.0,1.0
8,140,6.016640621398539,8.60695494901421,0.0,1.0,0.0,0.0,0.0,0.0
9,140,0.3485437103883627,11.992407424669413,0.0,1.0,1.0,0.0,1.0,0.0
10,140,9.379151039145116,2.178819531118981,0.0,0.0,1.0,0.0,0.0,0.0
11,140,0.6622519415021223,0.2667227007789091,1.0,0.0,0.0,0.0,1.0,0.0
12,140,9.027106872656418,6.925332495391858,0.0,1.0,1.0,0.0,0.0,1.0
13,140,0.6124864763415587,0.9209613435492602,0.0,0.0,1.0,1.0,1.0,0.0
14,140,12.0,7.102098304042933,1.0,1.0,0.0,0.0,1.0,1.0
15,140,0.0,0.0,0.0,1.0,0.0,1.0,1.0,1.0
16,140,0.266034624235546,8.775983635671695,1.0,0.0,1.0,1.0,0.0,0.0
17,140,11.669875036816904,11.92517694666364,0.0,0.0,0.0,0.0,0.0,0.0
18,140,6.907764864500979,8.680162157730397,1.0,0.0,0.0,0.0,1.0,1.0
19,140,5.186016442073013,2.433612521975336,0.0,0.0,1.0,0.0,0.0,0.0
20,140,0.1399493580838793,6.2770651736607,0.0,0.0,0.0,0.0,0.0,0.0
21,140,0.6343298827924466,11.514450567934116,0.0,0.0,0.0,0.0,0.0,0.0
22,140,6.353328783895147,12.0,0.0,1.0,1.0,1.0,0.0,0.0
23,140,2.795763767815271,6.785951479824489,0.0,1.0,0.0,0.0,0.0,0.0
24,140,8.855424446114915,6.890709992617133,0.0,0.0,0.0,1.0,0.0,0.0
25,140,5.878360958538601,10.297599545049732,0.0,0.0,0.0,0.0,0.0,0.0
26,140,0.0,0.5789005474870115,1.0,0.0,0.0,0.0,0.0,0.0
27,140,11.122220561245369,11.700966684465014,1.0,0.0,1.0,0.0,0.0,1.0
28,140,5.961727592018582,0.1654830346841192,0.0,0.0,1.0,0.0,0.0,0.0
29,140,8.628118245471025,6.625077315555181,1.0,0.0,0.0,1.0,1.0,0.0
0,145,5.188009015902675,12.0,1.0,1.0,1.0,0.0,1.0,0.0
1,145,11.777826385905447,5.444272556587957,0.0,0.0,0.0,1.0,1.0,0.0
2,145,6.884821101182911,11.63225900242148,0.0,0.0,0.0,1.0,0.0,0.0
3,145,5.801415033512165,11.98276232455225,1.0,0.0,0.0,0.0,1.0,0.0
4,145,2.927225289355905,1.0142410674235027,0.0,1.0,0.0,1.0,0.0,1.0
5,145,6.542274393200406,9.029329032164387,0.0,1.0,0.0,1.0,0.0,1.0
6,145,0.0,1.4129847430837663,1.0,0.0,0.0,1.0,0.0,0.0
7,145,4.021386849717541,8.34003271326433,0.0,0.0,0.0,0.0,0.0,1.0
8,145,5.926763662128755,8.6715723117795,0.0,1.0,0.0,0.0,0.0,0.0
9,145,0.3540265534721052,11.985483818172543,0.0,1.0,1.0,0.0,1.0,0.0
10,145,9.249983324333344,2.138447913639055,0.0,0.0,1.0,0.0,0.0,0.0
11,145,0.682308937900769,0.2908956518541669,1.0,0.0,0.0,0.0,1.0,0.0
12,145,9.019646223214313,6.888960006891454,0.0,1.0,1.0,0.0,0.0,1.0
13,145,0.5927444011209996,0.9196124685450368,0.0,0.0,1.0,1.0,1.0,0.0
14,145,12.0,7.108551680060605,1.0,1.0,0.0,0.0,1.0,1.0
15,145,0.0,0.0,0.0,1.0,0.0,1.0,1.0,1.0
16,145,0.2417311083819926,8.701878281963985,1.0,0.0,1.0,1.0,0.0,0.0
17,145,11.648579062863668,11.920363912023335,0.0,0.0,0.0,0.0,0.0,0.0
18,145,6.740223189316355,8.682177748499656,1.0,0.0,0.0,0.0,1.0,1.0
19,145,5.088435684019951,2.3025260655451345,0.0,0.0,1.0,0.0,0.0,0.0
20,145,0.0404101586978114,6.291038416777057,0.0,0.0,0.0,0.0,0.0,0.0
21,145,0.462752920826154,11.373274572574797,0.0,0.0,0.0,0.0,0.0,0.0
22,145,6.547512409036773,12.0,0.0,1.0,1.0,1.0,0.0,0.0
23,145,2.795326249791138,6.785746810042465,0.0,1.0,0.0,0.0,0.0,0.0
24,145,8.830467664111682,6.874344363988673,0.0,0.0,0.0,1.0,0.0,0.0
25,145,5.874957008321175,10.275896390839549,0.0,0.0,0.0,0.0,0.0,0.0
26,145,0.0,0.5169602943007128,1.0,0.0,0.0,0.0,0.0,0.0
27,145,11.11502259593308,11.71752444292774,1.0,0.0,1.0,0.0,0.0,1.0
28,145,5.951274195670228,0.1716369972829411,0.0,0.0,1.0,0.0,0.0,0.0
29,145,8.478951340589825,6.674932188570688,1.0,0.0,0.0,1.0,1.0,0.0
0,150,5.185404673512224,11.987049187492511,1.0,1.0,1.0,0.0,1.0,0.0
1,150,11.778798146820872,5.486136682975462,0.0,0.0,0.0,1.0,1.0,0.0
2,150,6.874131895839396,11.591586169247623,0.0,0.0,0.0,1.0,0.0,0.0
3,150,5.760971229552306,11.97832829310564,1.0,0.0,0.0,0.0,1.0,0.0
4,150,2.7111667246921884,1.0594090411748704,0.0,1.0,0.0,1.0,0.0,1.0
5,150,6.556860438490864,9.038511120872222,0.0,1.0,0.0,1.0,0.0,1.0
6,150,0.0,1.4917047968759376,1.0,0.0,0.0,1.0,0.0,0.0
7,150,3.892557041186374,8.241391550351999,0.0,0.0,0.0,0.0,0.0,1.0
8,150,5.836715249002787,8.735384728660112,0.0,1.0,0.0,0.0,0.0,0.0
9,150,0.3582427183366027,11.980507108349778,0.0,1.0,1.0,0.0,1.0,0.0
10,150,9.109655796668507,2.094359533647483,0.0,0.0,1.0,0.0,0.0,0.0
11,150,0.7056255070862961,0.3192545470196297,1.0,0.0,0.0,0.0,1.0,0.0
12,150,9.011306638599317,6.850171352629803,0.0,1.0,1.0,0.0,0.0,1.0
13,150,0.5709319884792771,0.9180243640804564,0.0,0.0,1.0,1.0,1.0,0.0
14,150,12.0,7.1180506239090855,1.0,1.0,0.0,0.0,1.0,1.0
15,150,0.0,0.0,0.0,1.0,0.0,1.0,1.0,1.0
16,150,0.2213225734753842,8.627126126045317,1.0,0.0,1.0,1.0,0.0,0.0
17,150,11.599616948020136,11.909579934223064,0.0,0.0,0.0,0.0,0.0,0.0
18,150,6.569430935049471,8.68817319488546,1.0,0.0,0.0,0.0,1.0,1.0
19,150,4.976863043086123,2.14380256353197,0.0,0.0,1.0,0.0,0.0,0.0
20,150,0.0,6.3039925456358885,0.0,0.0,0.0,0.0,0.0,0.0
21,150,0.3027197176110607,11.250296172108012,0.0,0.0,0.0,0.0,0.0,0.0
22,150,6.73290577615774,12.0,0.0,1.0,1.0,1.0,0.0,0.0
23,150,2.814644353385851,6.795063200244915,0.0,1.0,0.0,0.0,0.0,0.0
24,150,8.800466037354896,6.855301706297129,0.0,0.0,0.0,1.0,0.0,0.0
25,150,5.873643634214409,10.266627230611295,0.0,0.0,0.0,0.0,0.0,0.0
26,150,0.0,0.4679258158770097,1.0,0.0,0.0,0.0,0.0,0.0
27,150,11.11137090199645,11.725946860194368,1.0,0.0,1.0,0.0,0.0,1.0
28,150,5.9462312213158,0.1748267627797547,0.0,0.0,1.0,0.0,0.0,0.0
29,150,8.324539433018133,6.729960150375647,1.0,0.0,0.0,1.0,1.0,0.0
0,155,5.186641620986706,11.99240624949169,1.0,1.0,1.0,0.0,1.0,0.0
1,155,11.779736998714306,5.55684255797491,0.0,0.0,0.0,1.0,1.0,0.0
2,155,6.862870175112132,11.547562142726226,0.0,0.0,0.0,1.0,0.0,0.0
3,155,5.710012755296337,11.973132437544368,1.0,0.0,0.0,0.0,1.0,0.0
4,155,2.4861625683268542,1.1084982558324357,0.0,1.0,0.0,1.0,0.0,1.0
5,155,6.562905042645103,9.042005086990285,0.0,1.0,0.0,1.0,0.0,1.0
6,155,0.0,1.565725944472536,1.0,0.0,0.0,1.0,0.0,0.0
7,155,3.74527184540413,8.126947419263571,0.0,0.0,0.0,0.0,0.0,1.0
8,155,5.739298062175982,8.800342015604851,0.0,1.0,0.0,0.0,0.0,0.0
9,155,0.3669267322786068,11.969944008796732,0.0,1.0,1.0,0.0,1.0,0.0
10,155,8.97138649026844,2.052760675464053,0.0,0.0,1.0,0.0,0.0,0.0
11,155,0.7190463156910347,0.3356733645646462,1.0,0.0,0.0,0.0,1.0,0.0
12,155,9.003905972378778,6.81300969873137,0.0,1.0,1.0,0.0,0.0,1.0
13,155,0.5596455925698558,0.9172176787015592,0.0,0.0,1.0,1.0,1.0,0.0
14,155,12.0,7.128555719559208,1.0,1.0,0.0,0.0,1.0,1.0
15,155,0.0,0.0,0.0,1.0,0.0,1.0,1.0,1.0
16,155,0.2038927847162407,8.562600066278213,1.0,0.0,1.0,1.0,0.0,0.0
17,155,11.550536443553616,11.898534045426526,0.0,0.0,0.0,0.0,0.0,0.0
18,155,6.38817920938023,8.695144032464155,1.0,0.0,0.0,0.0,1.0,1.0
19,155,4.87021103816806,1.98250035584475,0.0,0.0,1.0,0.0,0.0,0.0
20,155,0.0,6.319388729684089,0.0,0.0,0.0,0.0,0.0,0.0
21,155,0.1571383697396319,11.137485543974252,0.0,0.0,0.0,0.0,0.0,0.0
22,155,6.9231222930421925,12.0,0.0,1.0,1.0,1.0,0.0,0.0
23,155,2.850448598911931,6.812941328153659,0.0,1.0,0.0,0.0,0.0,0.0
24,155,8.794386970753122,6.851441619161212,0.0,0.0,0.0,1.0,0.0,0.0
25,155,5.870360095470607,10.245758450511929,0.0,0.0,0.0,0.0,0.0,0.0
26,155,0.0,0.4155799216633309,1.0,0.0,0.0,0.0,0.0,0.0
27,155,11.098987457190926,11.752846300107242,1.0,0.0,1.0,0.0,0.0,1.0
28,155,5.941668945241572,0.1777231815894959,0.0,0.0,1.0,0.0,0.0,0.0
29,155,8.176671663192044,6.780053300322864,1.0,0.0,0.0,1.0,1.0,0.0
0,160,5.185717618651041,11.988335512109638,1.0,1.0,1.0,0.0,1.0,0.0
1,160,11.77995088547464,5.635439208023004,0.0,0.0,0.0,1.0,1.0,0.0
2,160,6.846195765518869,11.481663704767897,0.0,0.0,0.0,1.0,0.0,0.0
3,160,5.674329748101458,11.968847210475303,1.0,0.0,0.0,0.0,1.0,0.0
4,160,2.259115460770028,1.161501898271784,0.0,1.0,0.0,1.0,0.0,1.0
5,160,6.5744315662541135,9.048610308558748,0.0,1.0,0.0,1.0,0.0,1.0
6,160,0.0,1.64611483508649,1.0,0.0,0.0,1.0,0.0,0.0
7,160,3.6009424836328425,8.015135078061114,0.0,0.0,0.0,0.0,0.0,1.0
8,160,5.662832296638329,8.852277744245418,0.0,1.0,0.0,0.0,0.0,0.0
9,160,0.3957650760080808,11.934396645368029,0.0,1.0,1.0,0.0,1.0,0.0
10,160,8.844970701097237,2.014708175897336,0.0,0.0,1.0,0.0,0.0,0.0
11,160,0.720943203974885,0.3380563842353471,1.0,0.0,0.0,0.0,1.0,0.0
12,160,8.999244934733602,6.789581734670809,0.0,1.0,1.0,0.0,0.0,1.0
13,160,0.5304566387574817,0.915041194663342,0.0,0.0,1.0,1.0,1.0,0.0
14,160,12.0,7.137622400778367,1.0,1.0,0.0,0.0,1.0,1.0
15,160,0.0,0.0,0.0,1.0,0.0,1.0,1.0,1.0
16,160,0.1897574611240171,8.50492441906403,1.0,0.0,1.0,1.0,0.0,0.0
17,160,11.498689815194648,11.886749231263654,0.0,0.0,0.0,0.0,0.0,0.0
18,160,6.207553689145473,8.703560222299657,1.0,0.0,0.0,0.0,1.0,1.0
19,160,4.762913382047547,1.817956371004245,0.0,0.0,1.0,0.0,0.0,0.0
20,160,0.0,6.332894839825896,0.0,0.0,0.0,0.0,0.0,0.0
21,160,0.0101174433444881,11.026564861683624,0.0,0.0,0.0,0.0,0.0,0.0
22,160,7.116991848342369,12.0,0.0,1.0,1.0,1.0,0.0,0.0
23,160,2.8830974909499503,6.828114563945748,0.0,1.0,0.0,0.0,0.0,0.0
24,160,8.77815409231611,6.841046719073307,0.0,0.0,0.0,1.0,0.0,0.0
25,160,5.865631479563181,10.220528917404284,0.0,0.0,0.0,0.0,0.0,0.0
26,160,0.0,0.3900843686657658,1.0,0.0,0.0,0.0,0.0,0.0
27,160,11.092923263016022,11.7657918739876,1.0,0.0,1.0,0.0,0.0,1.0
28,160,5.946941323784014,0.1743614592023578,0.0,0.0,1.0,0.0,0.0,0.0
29,160,8.031688328657307,6.828743856931872,1.0,0.0,0.0,1.0,1.0,0.0
0,165,5.187380400393651,11.994960036918323,1.0,1.0,1.0,0.0,1.0,0.0
1,165,11.778719243942442,5.716965869424092,0.0,0.0,0.0,1.0,1.0,0.0
2,165,6.833521247933483,11.427683566642669,0.0,0.0,0.0,1.0,0.0,0.0
3,165,5.630541841914669,11.964775929574612,1.0,0.0,0.0,0.0,1.0,0.0
4,165,2.0296126147739124,1.2056503743793818,0.0,1.0,0.0,1.0,0.0,1.0
5,165,6.570936299116731,9.046577017923829,0.0,1.0,0.0,1.0,0.0,1.0
6,165,0.0,1.724530544901289,1.0,0.0,0.0,1.0,0.0,0.0
7,165,3.4695413087402125,7.909453256285202,0.0,0.0,0.0,0.0,0.0,1.0
8,165,5.563520893685431,8.917396597050908,0.0,1.0,0.0,0.0,0.0,0.0
9,165,0.4231452258822843,11.899958141750416,0.0,1.0,1.0,0.0,1.0,0.0
10,165,8.725686746515583,1.9767906949082776,0.0,0.0,1.0,0.0,0.0,0.0
11,165,0.7272015457487047,0.345746718388654,1.0,0.0,0.0,0.0,1.0,0.0
12,165,9.000884766922418,6.78924400863434,0.0,1.0,1.0,0.0,0.0,1.0
13,165,0.5171492464603578,0.9140540327485972,0.0,0.0,1.0,1.0,1.0,0.0
14,165,12.0,7.1453480565243135,1.0,1.0,0.0,0.0,1.0,1.0
15,165,0.0,0.0,0.0,1.0,0.0,1.0,1.0,1.0
16,165,0.1693692807440125,8.430111195780029,1.0,0.0,1.0,1.0,0.0,0.0
17,165,11.433461241372642,11.872786718606369,0.0,0.0,0.0,0.0,0.0,0.0
18,165,6.034749463294336,8.71574573100329,1.0,0.0,0.0,0.0,1.0,1.0
19,165,4.646934614630441,1.6354546884957046,0.0,0.0,1.0,0.0,0.0,0.0
20,165,0.0,6.345846327349143,0.0,0.0,0.0,0.0,0.0,0.0
21,165,0.0,10.928225797115775,0.0,0.0,0.0,0.0,0.0,0.0
22,165,7.289165735377768,12.0,0.0,1.0,1.0,1.0,0.0,0.0
23,165,2.9070458596609017,6.839491109190779,0.0,1.0,0.0,0.0,0.0,0.0
24,165,8.760805758194762,6.830101686839785,0.0,0.0,0.0,1.0,0.0,0.0
25,165,5.856969029581146,10.17704897612008,0.0,0.0,0.0,0.0,0.0,0.0
26,165,0.0,0.3591574693047119,1.0,0.0,0.0,0.0,0.0,0.0
27,165,11.08957122987846,11.773077510566482,1.0,0.0,1.0,0.0,0.0,1.0
28,165,5.938401623874829,0.1801799402250467,0.0,0.0,1.0,0.0,0.0,0.0
29,165,7.892955016101226,6.879338961536304,1.0,0.0,0.0,1.0,1.0,0.0
0,170,5.188133285149477,11.997941027835545,1.0,1.0,1.0,0.0,1.0,0.0
1,170,11.777141793599382,5.814532535398551,0.0,0.0,0.0,1.0,1.0,0.0
2,170,6.819444748146928,11.369914687114946,0.0,0.0,0.0,1.0,0.0,0.0
3,170,5.586617093580491,11.961486615390983,1.0,0.0,0.0,0.0,1.0,0.0
4,170,1.8056977187933327,1.2484190023473036,0.0,1.0,0.0,1.0,0.0,1.0
5,170,6.586550801543139,9.056218334632574,0.0,1.0,0.0,1.0,0.0,1.0
6,170,0.0,1.8087353050887869,1.0,0.0,0.0,1.0,0.0,0.0
7,170,3.3487550832444093,7.812465237301152,0.0,0.0,0.0,0.0,0.0,1.0
8,170,5.465189897018271,8.982838125272092,0.0,1.0,0.0,0.0,0.0,0.0
9,170,0.4563340838761232,11.856769245159771,0.0,1.0,1.0,0.0,1.0,0.0
10,170,8.628601317155947,1.944967630067564,0.0,0.0,1.0,0.0,0.0,0.0
11,170,0.7501678308261853,0.3729486252208029,1.0,0.0,0.0,0.0,1.0,0.0
12,170,9.004786112677746,6.788328800371933,0.0,1.0,1.0,0.0,0.0,1.0
13,170,0.497979366779322,0.9125994926520592,0.0,0.0,1.0,1.0,1.0,0.0
14,170,12.0,7.15304216038542,1.0,1.0,0.0,0.0,1.0,1.0
15,170,0.0,0.0,0.0,1.0,0.0,1.0,1.0,1.0
16,170,0.1467989972728034,8.350229114501794,1.0,0.0,1.0,1.0,0.0,0.0
17,170,11.382853414166018,11.862316289113316,0.0,0.0,0.0,0.0,0.0,0.0
18,170,5.843820602702167,8.732736511038883,1.0,0.0,0.0,0.0,1.0,1.0
19,170,4.528484167531052,1.450157211842125,0.0,0.0,1.0,0.0,0.0,0.0
20,170,0.0,6.361153155411968,0.0,0.0,0.0,0.0,0.0,0.0
21,170,0.0,10.83241478373565,0.0,0.0,0.0,0.0,0.0,0.0
22,170,7.474847294573224,12.0,0.0,1.0,1.0,1.0,0.0,0.0
23,170,2.9446541552861305,6.856685418267184,0.0,1.0,0.0,0.0,0.0,0.0
24,170,8.755566422425938,6.826984484901264,0.0,0.0,0.0,1.0,0.0,0.0
25,170,5.850220748641648,10.14634327715468,0.0,0.0,0.0,0.0,0.0,0.0
26,170,0.0,0.3332405535711761,1.0,0.0,0.0,0.0,0.0,0.0
27,170,11.088547860812351,11.775350785413346,1.0,0.0,1.0,0.0,0.0,1.0
28,170,5.928234751931462,0.1870578868928706,0.0,0.0,1.0,0.0,0.0,0.0
29,170,7.741438814735942,6.932420432591525,1.0,0.0,0.0,1.0,1.0,0.0
0,175,5.186834717323949,11.99242638152779,1.0,1.0,1.0,0.0,1.0,0.0
1,175,11.775788149581524,5.905137173548833,0.0,0.0,0.0,1.0,1.0,0.0
2,175,6.811464041772622,11.333182744330646,0.0,0.0,0.0,1.0,0.0,0.0
3,175,5.512074528169864,11.956365975126635,1.0,0.0,0.0,0.0,1.0,0.0
4,175,1.5693628973473797,1.2904934418703542,0.0,1.0,0.0,1.0,0.0,1.0
5,175,6.593246185276197,9.060598800701698,0.0,1.0,0.0,1.0,0.0,1.0
6,175,0.0,1.89990772837303,1.0,0.0,0.0,1.0,0.0,0.0
7,175,3.236311554346981,7.725347525617336,0.0,0.0,0.0,0.0,0.0,1.0
8,175,5.3894783488266285,9.030584670063703,0.0,1.0,0.0,0.0,0.0,0.0
9,175,0.4832735164011773,11.820276790329087,0.0,1.0,1.0,0.0,1.0,0.0
10,175,8.534834844926236,1.91763459425588,0.0,0.0,1.0,0.0,0.0,0.0
11,175,0.7746873707740375,0.4003062978481322,1.0,0.0,0.0,0.0,1.0,0.0
12,175,8.996943382816426,6.79025821019373,0.0,1.0,1.0,0.0,0.0,1.0
13,175,0.4880333332872255,0.9117174537819772,0.0,0.0,1.0,1.0,1.0,0.0
14,175,12.0,7.161095535445709,1.0,1.0,0.0,0.0,1.0,1.0
15,175,0.0,0.0,0.0,1.0,0.0,1.0,1.0,1.0
16,175,0.1210615224954479,8.257130259539899,1.0,0.0,1.0,1.0,0.0,0.0
17,175,11.300555827477869,11.846466266365669,0.0,0.0,0.0,0.0,0.0,0.0
18,175,5.64086351802397,8.754508439100057,1.0,0.0,0.0,0.0,1.0,1.0
19,175,4.4213216943574265,1.2881609590573104,0.0,0.0,1.0,0.0,0.0,0.0
20,175,0.0,6.370628418272543,0.0,0.0,0.0,0.0,0.0,0.0
21,175,0.0,10.736800292475028,0.0,0.0,0.0,0.0,0.0,0.0
22,175,7.676536136977723,12.0,0.0,1.0,1.0,1.0,0.0,0.0
23,175,2.96687137766014,6.866243476095243,0.0,1.0,0.0,0.0,0.0,0.0
24,175,8.76745534198957,6.834000662260142,0.0,0.0,0.0,1.0,0.0,0.0
25,175,5.847902404010243,10.13595670744707,0.0,0.0,0.0,0.0,0.0,0.0
26,175,0.0,0.3004607143592896,1.0,0.0,0.0,0.0,0.0,0.0
27,175,11.088022649252034,11.776620759041824,1.0,0.0,1.0,0.0,0.0,1.0
28,175,5.931406911009794,0.1849597521099551,0.0,0.0,1.0,0.0,0.0,0.0
29,175,7.623324209848461,6.976966459111791,1.0,0.0,0.0,1.0,1.0,0.0
0,180,5.187096932324465,11.99350875627836,1.0,1.0,1.0,0.0,1.0,0.0
1,180,11.774921966291746,5.99989019479591,0.0,0.0,0.0,1.0,1.0,0.0
2,180,6.805659057889224,11.304728806506969,0.0,0.0,0.0,1.0,0.0,0.0
3,180,5.442715925722648,11.951438438686091,1.0,0.0,0.0,0.0,1.0,0.0
4,180,1.3449239279524623,1.3350878723484596,0.0,1.0,0.0,1.0,0.0,1.0
5,180,6.599315994032634,9.064589345600195,0.0,1.0,0.0,1.0,0.0,1.0
6,180,0.0,1.9940531816665856,1.0,0.0,0.0,1.0,0.0,0.0
7,180,3.135347733535999,7.640108514587844,0.0,0.0,0.0,0.0,0.0,1.0
8,180,5.304920453020952,9.083454742600836,0.0,1.0,0.0,0.0,0.0,0.0
9,180,0.5222338295006334,11.765779312064817,0.0,1.0,1.0,0.0,1.0,0.0
10,180,8.453007938820425,1.8928613507788592,0.0,0.0,1.0,0.0,0.0,0.0
11,180,0.8125693976744797,0.4465902717373246,1.0,0.0,0.0,0.0,1.0,0.0
12,180,8.991225344255328,6.79177653192122,0.0,1.0,1.0,0.0,0.0,1.0
13,180,0.4983731919340489,0.9126860633307384,0.0,0.0,1.0,1.0,1.0,0.0
14,180,12.0,7.171771830571053,1.0,1.0,0.0,0.0,1.0,1.0
15,180,0.0,0.0,0.0,1.0,0.0,1.0,1.0,1.0
16,180,0.0979392458777982,8.183274811728511,1.0,0.0,1.0,1.0,0.0,0.0
17,180,11.20387639785481,11.82598857109532,0.0,0.0,0.0,0.0,0.0,0.0
18,180,5.447590677256849,8.778426578672354,1.0,0.0,0.0,0.0,1.0,1.0
19,180,4.30525391842032,1.1186510451187837,0.0,0.0,1.0,0.0,0.0,0.0
20,180,0.0,6.37995043110922,0.0,0.0,0.0,0.0,0.0,0.0
21,180,0.0,10.63063445397652,0.0,0.0,0.0,0.0,0.0,0.0
22,180,7.86424144679605,12.0,0.0,1.0,1.0,1.0,0.0,0.0
23,180,2.9827612775933194,6.872938708301783,0.0,1.0,0.0,0.0,0.0,0.0
24,180,8.764305914258738,6.832078250152222,0.0,0.0,0.0,1.0,0.0,0.0
25,180,5.843775076908066,10.115906135324837,0.0,0.0,0.0,0.0,0.0,0.0
26,180,0.0,0.2724602552207176,1.0,0.0,0.0,0.0,0.0,0.0
27,180,11.085218012669923,11.78316101592791,1.0,0.0,1.0,0.0,0.0,1.0
28,180,5.9384624878313375,0.1804464013868552,0.0,0.0,1.0,0.0,0.0,0.0
29,180,7.501852082604822,7.024661989121052,1.0,0.0,0.0,1.0,1.0,0.0
0,185,5.189021476121392,12.0,1.0,1.0,1.0,0.0,1.0,0.0
1,185,11.772595393168942,6.099014413784449,0.0,0.0,0.0,1.0,1.0,0.0
2,185,6.8014635213444326,11.286794882570792,0.0,0.0,0.0,1.0,0.0,0.0
3,185,5.365586164110572,11.945768497883783,1.0,0.0,0.0,0.0,1.0,0.0
4,185,1.129813347483796,1.3743224828911376,0.0,1.0,0.0,1.0,0.0,1.0
5,185,6.601703110502827,9.066163567294304,0.0,1.0,0.0,1.0,0.0,1.0
6,185,0.0,2.0941932867148823,1.0,0.0,0.0,1.0,0.0,0.0
7,185,3.031351653595159,7.557042931969984,0.0,0.0,0.0,0.0,0.0,1.0
8,185,5.22211812282951,9.135250245140474,0.0,1.0,0.0,0.0,0.0,0.0
9,185,0.5721756168378527,11.69607186855143,0.0,1.0,1.0,0.0,1.0,0.0
10,185,8.39564574416586,1.8759470875340103,0.0,0.0,1.0,0.0,0.0,0.0
11,185,0.843027534035348,0.4853972226044888,1.0,0.0,0.0,0.0,1.0,0.0
12,185,8.981626132955789,6.794682178227325,0.0,1.0,1.0,0.0,0.0,1.0
13,185,0.5265968879567995,0.9154802774458236,0.0,0.0,1.0,1.0,1.0,0.0
14,185,12.0,7.181207750789738,1.0,1.0,0.0,0.0,1.0,1.0
15,185,0.0,0.0,0.0,1.0,0.0,1.0,1.0,1.0
16,185,0.0310242626639556,8.205153495522383,1.0,0.0,1.0,1.0,0.0,0.0
17,185,11.08868441400704,11.80055580940099,0.0,0.0,0.0,0.0,0.0,0.0
18,185,5.248918029280937,8.799709968412364,1.0,0.0,0.0,0.0,1.0,1.0
19,185,4.173672711019307,0.9274815468417476,0.0,0.0,1.0,0.0,0.0,0.0
20,185,0.0,6.386321803691307,0.0,0.0,0.0,0.0,0.0,0.0
21,185,0.0,10.527565634593474,0.0,0.0,0.0,0.0,0.0,0.0
22,185,8.071967147251828,12.0,0.0,1.0,1.0,1.0,0.0,0.0
23,185,3.002289765376112,6.881356450636086,0.0,1.0,0.0,0.0,0.0,0.0
24,185,8.725076089530427,6.808888557665665,0.0,0.0,0.0,1.0,0.0,0.0
25,185,5.847595019142491,10.132947412474437,0.0,0.0,0.0,0.0,0.0,0.0
26,185,0.0,0.2289437967986932,1.0,0.0,0.0,0.0,0.0,0.0
27,185,11.075141458253462,11.807320471678148,1.0,0.0,1.0,0.0,0.0,1.0
28,185,5.952963219533864,0.1706717675659122,0.0,0.0,1.0,0.0,0.0,0.0
29,185,7.392741616722161,7.066281843888537,1.0,0.0,0.0,1.0,1.0,0.0
0,190,5.19238381020551,12.0,1.0,1.0,1.0,0.0,1.0,0.0
1,190,11.771002649978069,6.19886845048619,0.0,0.0,0.0,1.0,1.0,0.0
2,190,6.7977466710483325,11.268377726368948,0.0,0.0,0.0,1.0,0.0,0.0
3,190,5.286445065584024,11.93753739735456,1.0,0.0,0.0,0.0,1.0,0.0
4,190,0.909131500751569,1.4185982822914691,0.0,1.0,0.0,1.0,0.0,1.0
5,190,6.600632895830333,9.06548011545212,0.0,1.0,0.0,1.0,0.0,1.0
6,190,0.0,2.2004899227332086,1.0,0.0,0.0,1.0,0.0,0.0
7,190,2.9161838288881583,7.466069925108906,0.0,0.0,0.0,0.0,0.0,1.0
8,190,5.139522633789237,9.186705874254676,0.0,1.0,0.0,0.0,0.0,0.0
9,190,0.612606970192116,11.636997732774722,0.0,1.0,1.0,0.0,1.0,0.0
10,190,8.346479685791461,1.861048942125164,0.0,0.0,1.0,0.0,0.0,0.0
11,190,0.8666546952255598,0.5158428876646154,1.0,0.0,0.0,0.0,1.0,0.0
12,190,8.957169973443616,6.801982626954189,0.0,1.0,1.0,0.0,0.0,1.0
13,190,0.55335937691759,0.918437751845958,0.0,0.0,1.0,1.0,1.0,0.0
14,190,12.0,7.191852359462649,1.0,1.0,0.0,0.0,1.0,1.0
15,190,0.0,0.0,0.0,1.0,0.0,1.0,1.0,1.0
16,190,0.0,8.225658631428164,1.0,0.0,1.0,1.0,0.0,0.0
17,190,10.970223789212838,11.777091769831188,0.0,0.0,0.0,0.0,0.0,0.0
18,190,5.060242436178176,8.82163785283032,1.0,0.0,0.0,0.0,1.0,1.0
19,190,4.055036670209179,0.7489806117171196,0.0,0.0,1.0,0.0,0.0,0.0
20,190,0.0,6.3916418873475065,0.0,0.0,0.0,0.0,0.0,0.0
21,190,0.0,10.43105015311204,0.0,0.0,0.0,0.0,0.0,0.0
22,190,8.259153066459726,12.0,0.0,1.0,1.0,1.0,0.0,0.0
23,190,3.038732310779848,6.897680054164351,0.0,1.0,0.0,0.0,0.0,0.0
24,190,8.697668243273556,6.79244423679013,0.0,0.0,0.0,1.0,0.0,0.0
25,190,5.853094061027872,10.156193779138023,0.0,0.0,0.0,0.0,0.0,0.0
26,190,0.0,0.1838083873404777,1.0,0.0,0.0,0.0,0.0,0.0
27,190,11.064227154015128,11.83349732279053,1.0,0.0,1.0,0.0,0.0,1.0
28,190,5.982098783102696,0.1510216119825695,0.0,0.0,1.0,0.0,0.0,0.0
29,190,7.278062823133413,7.108736016915774,1.0,0.0,0.0,1.0,1.0,0.0
0,195,5.192985772515739,12.0,1.0,1.0,1.0,0.0,1.0,0.0
1,195,11.771344701618752,6.286668931400171,0.0,0.0,0.0,1.0,1.0,0.0
2,195,6.793797162994435,11.25094151119344,0.0,0.0,0.0,1.0,0.0,0.0
3,195,5.210254810982074,11.927829956149983,1.0,0.0,0.0,0.0,1.0,0.0
4,195,0.6818892365095439,1.467158348037461,0.0,1.0,0.0,1.0,0.0,1.0
5,195,6.6187756060468,9.07758447479351,0.0,1.0,0.0,1.0,0.0,1.0
6,195,0.0,2.3007478262388945,1.0,0.0,0.0,1.0,0.0,0.0
7,195,2.795653107091548,7.369878250311781,0.0,0.0,0.0,0.0,0.0,1.0
8,195,5.0710124579671465,9.231026698263618,0.0,1.0,0.0,0.0,0.0,0.0
9,195,0.6570899361360163,11.570773929548988,0.0,1.0,1.0,0.0,1.0,0.0
10,195,8.299017755619342,1.8451140261450605,0.0,0.0,1.0,0.0,0.0,0.0
11,195,0.9017654141975138,0.5600749030763643,1.0,0.0,0.0,0.0,1.0,0.0
12,195,8.941714885116877,6.806091448897432,0.0,1.0,1.0,0.0,0.0,1.0
13,195,0.5647204051068496,0.919787864215137,0.0,0.0,1.0,1.0,1.0,0.0
14,195,12.0,7.201542162878861,1.0,1.0,0.0,0.0,1.0,1.0
15,195,0.0,0.0,0.0,1.0,0.0,1.0,1.0,1.0
16,195,0.0,8.243560777274668,1.0,0.0,1.0,1.0,0.0,0.0
17,195,10.86199910960459,11.754088595336658,0.0,0.0,0.0,0.0,0.0,0.0
18,195,4.865757800944491,8.8451626641596,1.0,0.0,0.0,0.0,1.0,1.0
19,195,3.9450013383773705,0.5890933330695654,0.0,0.0,1.0,0.0,0.0,0.0
20,195,0.0,6.3977813081168255,0.0,0.0,0.0,0.0,0.0,0.0
21,195,0.0,10.344209767648085,0.0,0.0,0.0,0.0,0.0,0.0
22,195,8.432492993000734,12.0,0.0,1.0,1.0,1.0,0.0,0.0
23,195,3.08400554414633,6.9181704614176445,0.0,1.0,0.0,0.0,0.0,0.0
24,195,8.6626205724699,6.772677788719145,0.0,0.0,0.0,1.0,0.0,0.0
25,195,5.860009516986399,10.185698624961164,0.0,0.0,0.0,0.0,0.0,0.0
26,195,0.0,0.1312358248418014,1.0,0.0,0.0,0.0,0.0,0.0
27,195,11.039382930507935,11.89227817127528,1.0,0.0,1.0,0.0,0.0,1.0
28,195,6.014562453288404,0.1297203513651947,0.0,0.0,1.0,0.0,0.0,0.0
29,195,7.132298557623195,7.164125716585857,1.0,0.0,0.0,1.0,1.0,0.0
0,200,5.19132480402487,11.992044240975511,1.0,1.0,1.0,0.0,1.0,0.0
1,200,11.77252100769772,6.37835610223041,0.0,0.0,0.0,1.0,1.0,0.0
2,200,6.788975570936156,11.23110782892978,0.0,0.0,0.0,1.0,0.0,0.0
3,200,5.1567050292406185,11.921377313074666,1.0,0.0,0.0,0.0,1.0,0.0
4,200,0.4570076189912637,1.5097831361388565,0.0,1.0,0.0,1.0,0.0,1.0
5,200,6.649488034308732,9.096959119754858,0.0,1.0,0.0,1.0,0.0,1.0
6,200,0.0,2.4050372844653607,1.0,0.0,0.0,1.0,0.0,0.0
7,200,2.6741366925739856,7.266197342527506,0.0,0.0,0.0,0.0,0.0,1.0
8,200,4.995957660123692,9.283607179462296,0.0,1.0,0.0,0.0,0.0,0.0
9,200,0.7101316831841266,11.49137255191338,0.0,1.0,1.0,0.0,1.0,0.0
10,200,8.248096813869807,1.828969715001478,0.0,0.0,1.0,0.0,0.0,0.0
11,200,0.9392716413218786,0.6071364217595603,1.0,0.0,0.0,0.0,1.0,0.0
12,200,8.905454366829007,6.815124007408283,0.0,1.0,1.0,0.0,0.0,1.0
13,200,0.6010335507540026,0.9252837381438008,0.0,0.0,1.0,1.0,1.0,0.0
14,200,12.0,7.210175326712643,1.0,1.0,0.0,0.0,1.0,1.0
15,200,0.0,0.0,0.0,1.0,0.0,1.0,1.0,1.0
16,200,0.0,8.257582689213471,1.0,0.0,1.0,1.0,0.0,0.0
17,200,10.742090258306987,11.728295815765238,0.0,0.0,0.0,0.0,0.0,0.0
18,200,4.686720264577492,8.866985102144294,1.0,0.0,0.0,0.0,1.0,1.0
19,200,3.826837022889229,0.4153253741117645,0.0,0.0,1.0,0.0,0.0,0.0
20,200,0.0,6.406006280355348,0.0,0.0,0.0,0.0,0.0,0.0
21,200,0.0,10.25116586305911,0.0,0.0,0.0,0.0,0.0,0.0
22,200,8.578513906998433,12.0,0.0,1.0,1.0,1.0,0.0,0.0
23,200,3.142205785888686,6.946425782000604,0.0,1.0,0.0,0.0,0.0,0.0
24,200,8.619041448416086,6.748742604185387,0.0,0.0,0.0,1.0,0.0,0.0
25,200,5.867588586208909,10.217137295135592,0.0,0.0,0.0,0.0,0.0,0.0
26,200,0.0,0.0946776729173624,1.0,0.0,0.0,0.0,0.0,0.0
27,200,11.016770449713569,11.945077328949926,1.0,0.0,1.0,0.0,0.0,1.0
28,200,6.048940715824593,0.1074836620193949,0.0,0.0,1.0,0.0,0.0,0.0
29,200,6.971603788818115,7.222205502617448,1.0,0.0,0.0,1.0,1.0,0.0
0,205,5.184966204372796,11.957053721810608,1.0,1.0,1.0,0.0,1.0,0.0
1,205,11.772133290803422,6.466820227599201,0.0,0.0,0.0,1.0,1.0,0.0
2,205,6.787244925565821,11.224055849382436,0.0,0.0,0.0,1.0,0.0,0.0
3,205,5.11518313258388,11.91598493900643,1.0,0.0,0.0,0.0,1.0,0.0
4,205,0.2505939070160277,1.546574942121476,0.0,1.0,0.0,1.0,0.0,1.0
5,205,6.661732437216609,9.077194112721148,0.0,1.0,0.0,1.0,0.0,1.0
6,205,0.0,2.5066303185623804,1.0,0.0,0.0,1.0,0.0,0.0
7,205,2.5243952314250357,7.132142257967589,0.0,0.0,0.0,0.0,0.0,1.0
8,205,4.894274590164821,9.353397509203216,0.0,1.0,0.0,0.0,0.0,0.0
9,205,0.7681675538492749,11.408582394453264,0.0,1.0,1.0,0.0,1.0,0.0
10,205,8.206174948855208,1.8145345947606275,0.0,0.0,1.0,0.0,0.0,0.0
11,205,0.9876429560984816,0.6699708874436274,1.0,0.0,0.0,0.0,1.0,0.0
12,205,8.825919877251845,6.836280754463424,0.0,1.0,1.0,0.0,0.0,1.0
13,205,0.6276494893416233,0.929230681314311,0.0,0.0,1.0,1.0,1.0,0.0
14,205,12.0,7.21744593731504,1.0,1.0,0.0,0.0,1.0,1.0
15,205,0.0,0.0,0.0,1.0,0.0,1.0,1.0,1.0
16,205,0.0,8.26584133889129,1.0,0.0,1.0,1.0,0.0,0.0
17,205,10.63055270094152,11.705831313163536,0.0,0.0,0.0,0.0,0.0,0.0
18,205,4.499572502722147,8.884704677298775,1.0,0.0,0.0,0.0,1.0,1.0
19,205,3.730891939557656,0.2755488215719167,0.0,0.0,1.0,0.0,0.0,0.0
20,205,0.0,6.413683372133221,0.0,0.0,0.0,0.0,0.0,0.0
21,205,0.0,10.161431540507962,0.0,0.0,0.0,0.0,0.0,0.0
22,205,8.742258078639708,12.0,0.0,1.0,1.0,1.0,0.0,0.0
23,205,3.1943736508529126,6.970486888087541,0.0,1.0,0.0,0.0,0.0,0.0
24,205,8.577817274971386,6.726385841769527,0.0,0.0,0.0,1.0,0.0,0.0
25,205,5.8776598742191535,10.257889226800591,0.0,0.0,0.0,0.0,0.0,0.0
26,205,0.0,0.0633394883550445,1.0,0.0,0.0,0.0,0.0,0.0
27,205,10.999029521053153,11.988985657217148,1.0,0.0,1.0,0.0,0.0,1.0
28,205,6.080399566036496,0.0862643461101418,0.0,0.0,1.0,0.0,0.0,0.0
29,205,6.814485396310169,7.281816207081209,1.0,0.0,0.0,1.0,1.0,0.0
0,210,5.1767787588015,11.916111214076182,1.0,1.0,1.0,0.0,1.0,0.0
1,210,11.774982108106538,6.572983067585601,0.0,0.0,0.0,1.0,1.0,0.0
2,210,6.7914213271522765,11.240247958807505,0.0,0.0,0.0,1.0,0.0,0.0
3,210,5.056263540196614,11.906434732534338,1.0,0.0,0.0,0.0,1.0,0.0
4,210,0.0569519077841172,1.5860034365497069,0.0,1.0,0.0,1.0,0.0,1.0
5,210,6.668635521058756,9.066486316503088,0.0,1.0,0.0,1.0,0.0,1.0
6,210,0.0995257789448798,2.690664062060834,1.0,0.0,0.0,1.0,0.0,0.0
7,210,2.38995974393295,7.011953600270967,0.0,0.0,0.0,0.0,0.0,1.0
8,210,4.787525133662329,9.428921165307454,0.0,1.0,0.0,0.0,0.0,0.0
9,210,0.815644639933642,11.335379929955606,0.0,1.0,1.0,0.0,1.0,0.0
10,210,8.15516870465718,1.7961028956728526,0.0,0.0,1.0,0.0,0.0,0.0
11,210,1.0220546257352567,0.7164265661412428,1.0,0.0,0.0,0.0,1.0,0.0
12,210,8.753842439596955,6.856286232558392,0.0,1.0,1.0,0.0,0.0,1.0
13,210,0.659986875071799,0.9338958879248248,0.0,0.0,1.0,1.0,1.0,0.0
14,210,12.0,7.226081063249936,1.0,1.0,0.0,0.0,1.0,1.0
15,210,0.0,0.0,0.0,1.0,0.0,1.0,1.0,1.0
16,210,0.0,8.271916219360143,1.0,0.0,1.0,1.0,0.0,0.0
17,210,10.506536890088087,11.682992107503123,0.0,0.0,0.0,0.0,0.0,0.0
18,210,4.31287127273206,8.906314231536289,1.0,0.0,0.0,0.0,1.0,1.0
19,210,3.6405050887243617,0.1437601594050689,0.0,0.0,1.0,0.0,0.0,0.0
20,210,0.0,6.421144018608432,0.0,0.0,0.0,0.0,0.0,0.0
21,210,0.0,10.067209484299427,0.0,0.0,0.0,0.0,0.0,0.0
22,210,8.921303779984138,12.0,0.0,1.0,1.0,1.0,0.0,0.0
23,210,3.257175912789356,7.000057687163647,0.0,1.0,0.0,0.0,0.0,0.0
24,210,8.537855849309064,6.704262390619675,0.0,0.0,0.0,1.0,0.0,0.0
25,210,5.842670721488932,10.267311236270404,0.0,0.0,0.0,0.0,0.0,0.0
26,210,0.0,0.0275605148909395,1.0,0.0,0.0,0.0,0.0,0.0
27,210,10.976679918351868,12.0,1.0,0.0,1.0,0.0,0.0,1.0
28,210,6.119174894317384,0.0590420964598331,0.0,0.0,1.0,0.0,0.0,0.0
29,210,6.678628123527191,7.330704215332576,1.0,0.0,0.0,1.0,1.0,0.0
0,215,5.16402219017133,11.85432184654882,1.0,1.0,1.0,0.0,1.0,0.0
1,215,11.777639710270089,6.671220181759103,0.0,0.0,0.0,1.0,1.0,0.0
2,215,6.794184242606029,11.250683268417696,0.0,0.0,0.0,1.0,0.0,0.0
3,215,4.982902118066843,11.89438978431586,1.0,0.0,0.0,0.0,1.0,0.0
4,215,0.0,1.626107667925114,0.0,1.0,0.0,1.0,0.0,1.0
5,215,6.680452650063479,9.047371440171124,0.0,1.0,0.0,1.0,0.0,1.0
6,215,0.1902585455704996,2.8592679035401014,1.0,0.0,0.0,1.0,0.0,0.0
7,215,2.2572285511462087,6.893371712116803,0.0,0.0,0.0,0.0,0.0,1.0
8,215,4.667193783000998,9.51559037362935,0.0,1.0,0.0,0.0,0.0,0.0
9,215,0.859129855039451,11.26860450458523,0.0,1.0,1.0,0.0,1.0,0.0
10,215,8.11646510870704,1.781614318274494,0.0,0.0,1.0,0.0,0.0,0.0
11,215,1.0414310601505776,0.7433579775003502,1.0,0.0,0.0,0.0,1.0,0.0
12,215,8.670123025441708,6.877466847641069,0.0,1.0,1.0,0.0,0.0,1.0
13,215,0.6900610663978919,0.9375624169049848,0.0,0.0,1.0,1.0,1.0,0.0
14,215,12.0,7.235694799692403,1.0,1.0,0.0,0.0,1.0,1.0
15,215,0.0,0.0,0.0,1.0,0.0,1.0,1.0,1.0
16,215,0.0052129255532686,8.291675662198632,1.0,0.0,1.0,1.0,0.0,0.0
17,215,10.394674522012172,11.666624953657587,0.0,0.0,0.0,0.0,0.0,0.0
18,215,4.140850673289105,8.92296042670164,1.0,0.0,0.0,0.0,1.0,1.0
19,215,3.5508211854531986,0.0133089393366527,0.0,0.0,1.0,0.0,0.0,0.0
20,215,0.0,6.429365514795074,0.0,0.0,0.0,0.0,0.0,0.0
21,215,0.0,9.985824465016949,0.0,0.0,0.0,0.0,0.0,0.0
22,215,9.090792989182791,12.0,0.0,1.0,1.0,1.0,0.0,0.0
23,215,3.3221971078048163,7.031305491802925,0.0,1.0,0.0,0.0,0.0,0.0
24,215,8.486533355356146,6.6750154496227285,0.0,0.0,0.0,1.0,0.0,0.0
25,215,5.783920697159436,10.283624475406196,0.0,0.0,0.0,0.0,0.0,0.0
26,215,0.0,0.0,1.0,0.0,0.0,0.0,0.0,0.0
27,215,10.944566371631495,12.0,1.0,0.0,1.0,0.0,0.0,1.0
28,215,6.153370929831781,0.0348352260717138,0.0,0.0,1.0,0.0,0.0,0.0
29,215,6.540299767460932,7.380733194822553,1.0,0.0,0.0,1.0,1.0,0.0
0,220,5.150344145121922,11.789120436113317,1.0,1.0,1.0,0.0,1.0,0.0
1,220,11.781012289250484,6.783442522887205,0.0,0.0,0.0,1.0,1.0,0.0
2,220,6.80165486825471,11.278957071048774,0.0,0.0,0.0,1.0,0.0,0.0
3,220,4.917773749321699,11.882021695026117,1.0,0.0,0.0,0.0,1.0,0.0
4,220,0.0,1.665075619652536,0.0,1.0,0.0,1.0,0.0,1.0
5,220,6.692968198274508,9.026231452057718,0.0,1.0,0.0,1.0,0.0,1.0
6,220,0.2920239441341434,3.0516437433068404,1.0,0.0,0.0,1.0,0.0,0.0
7,220,2.1329668159087456,6.788541168101629,0.0,0.0,0.0,0.0,0.0,1.0
8,220,4.560044097591692,9.596085084611934,0.0,1.0,0.0,0.0,0.0,0.0
9,220,0.9043777265822028,11.19477652111287,0.0,1.0,1.0,0.0,1.0,0.0
10,220,8.073248905878112,1.7655899053354054,0.0,0.0,1.0,0.0,0.0,0.0
11,220,1.0395785137108535,0.7408060265642592,1.0,0.0,0.0,0.0,1.0,0.0
12,220,8.595361412896503,6.895954953528571,0.0,1.0,1.0,0.0,0.0,1.0
13,220,0.7138884095053528,0.9401029779785354,0.0,0.0,1.0,1.0,1.0,0.0
14,220,12.0,7.246351430301252,1.0,1.0,0.0,0.0,1.0,1.0
15,220,0.0,0.0,0.0,1.0,0.0,1.0,1.0,1.0
16,220,0.0104809731850711,8.311443316610582,1.0,0.0,1.0,1.0,0.0,0.0
17,220,10.259243700487122,11.649873081481116,0.0,0.0,0.0,0.0,0.0,0.0
18,220,3.9589178885683673,8.942502288347404,1.0,0.0,0.0,0.0,1.0,1.0
19,220,3.482795433172865,0.0,0.0,0.0,1.0,0.0,0.0,0.0
20,220,0.0,6.439353371872792,0.0,0.0,0.0,0.0,0.0,0.0
21,220,0.0,9.898270168560476,0.0,0.0,0.0,0.0,0.0,0.0
22,220,9.254620635291785,12.0,0.0,1.0,1.0,1.0,0.0,0.0
23,220,3.359287791534885,7.04972962470061,0.0,1.0,0.0,0.0,0.0,0.0
24,220,8.419912077699756,6.63678646609742,0.0,0.0,0.0,1.0,0.0,0.0
25,220,5.721843728226132,10.301040591799197,0.0,0.0,0.0,0.0,0.0,0.0
26,220,0.0,0.0,1.0,0.0,0.0,0.0,0.0,0.0
27,220,10.905212055752877,12.0,1.0,0.0,1.0,0.0,0.0,1.0
28,220,6.197453789796053,0.0036337463905899,0.0,0.0,1.0,0.0,0.0,0.0
29,220,6.391942609882714,7.434562951649815,1.0,0.0,0.0,1.0,1.0,0.0
0,225,5.1355326605044365,11.71839961234966,1.0,1.0,1.0,0.0,1.0,0.0
1,225,11.782191024945677,6.877255205177556,0.0,0.0,0.0,1.0,1.0,0.0
2,225,6.809190154429767,11.30790238413454,0.0,0.0,0.0,1.0,0.0,0.0
3,225,4.874543345411502,11.873353189537246,1.0,0.0,0.0,0.0,1.0,0.0
4,225,0.0,1.696846744568382,0.0,1.0,0.0,1.0,0.0,1.0
5,225,6.708386025898509,8.999771866281716,0.0,1.0,0.0,1.0,0.0,1.0
6,225,0.3875415653627829,3.2285776845595104,1.0,0.0,0.0,1.0,0.0,0.0
7,225,2.002145019878565,6.673638756980306,0.0,0.0,0.0,0.0,0.0,1.0
8,225,4.441512211229511,9.687022865751354,0.0,1.0,0.0,0.0,0.0,0.0
9,225,0.953857608176262,11.114441793138928,0.0,1.0,1.0,0.0,1.0,0.0
10,225,8.03898261723697,1.753830527156894,0.0,0.0,1.0,0.0,0.0,0.0
11,225,1.0452009949507777,0.7487973905883684,1.0,0.0,0.0,0.0,1.0,0.0
12,225,8.52194409536562,6.915156854153449,0.0,1.0,1.0,0.0,0.0,1.0
13,225,0.7288184161351237,0.942092262312478,0.0,0.0,1.0,1.0,1.0,0.0
14,225,12.0,7.256321809351122,1.0,1.0,0.0,0.0,1.0,1.0
15,225,0.0,0.0,0.0,1.0,0.0,1.0,1.0,1.0
16,225,0.014947453809385,8.329079949663257,1.0,0.0,1.0,1.0,0.0,0.0
17,225,10.09130427914114,11.62906684824539,0.0,0.0,0.0,0.0,0.0,0.0
18,225,3.761818716170735,8.97209127902934,1.0,0.0,0.0,0.0,1.0,1.0
19,225,3.4231777930991663,0.0,0.0,0.0,1.0,0.0,0.0,0.0
20,225,0.0,6.450252538908641,0.0,0.0,0.0,0.0,0.0,0.0
21,225,0.0,9.819933063788064,0.0,0.0,0.0,0.0,0.0,0.0
22,225,9.423413458057746,12.0,0.0,1.0,1.0,1.0,0.0,0.0
23,225,3.4041732799341062,7.072919280815601,0.0,1.0,0.0,0.0,0.0,0.0
24,225,8.343291124828148,6.591013334015446,0.0,0.0,0.0,1.0,0.0,0.0
25,225,5.652269587198228,10.32035157960288,0.0,0.0,0.0,0.0,0.0,0.0
26,225,0.0,0.0,1.0,0.0,0.0,0.0,0.0,0.0
27,225,11.001336013831738,12.0,1.0,0.0,1.0,0.0,0.0,1.0
28,225,6.223760856880595,0.0,0.0,0.0,1.0,0.0,0.0,0.0
29,225,6.233180513943308,7.4957680704080065,1.0,0.0,0.0,1.0,1.0,0.0
0,230,5.12108469056535,11.649454887789654,1.0,1.0,1.0,0.0,1.0,0.0
1,230,11.78339784005776,6.932059923166218,0.0,0.0,0.0,1.0,1.0,0.0
2,230,6.8156992273848624,11.331922549772818,0.0,0.0,0.0,1.0,0.0,0.0
3,230,4.856600933666281,11.869115270928308,1.0,0.0,0.0,0.0,1.0,0.0
4,230,0.0,1.728293760957111,0.0,1.0,0.0,1.0,0.0,1.0
5,230,6.722847672823488,8.976763321072728,0.0,1.0,0.0,1.0,0.0,1.0
6,230,0.4789514286658234,3.396294232637981,1.0,0.0,0.0,1.0,0.0,0.0
7,230,1.872755474988032,6.553739787708914,0.0,0.0,0.0,0.0,0.0,1.0
8,230,4.305839415659554,9.790615829493518,0.0,1.0,0.0,0.0,0.0,0.0
9,230,0.9851640876885333,11.0642103725361,0.0,1.0,1.0,0.0,1.0,0.0
10,230,7.992420768192483,1.7370564426999864,0.0,0.0,1.0,0.0,0.0,0.0
11,230,1.0430970785529263,0.7458542153215618,1.0,0.0,0.0,0.0,1.0,0.0
12,230,8.471689526560915,6.929197964909469,0.0,1.0,1.0,0.0,0.0,1.0
13,230,0.7324225640222735,0.942579829944178,0.0,0.0,1.0,1.0,1.0,0.0
14,230,12.0,7.265238596251564,1.0,1.0,0.0,0.0,1.0,1.0
15,230,0.0,0.0,0.0,1.0,0.0,1.0,1.0,1.0
16,230,0.0159694429690458,8.33342834476935,1.0,0.0,1.0,1.0,0.0,0.0
17,230,9.920299201314783,11.6112046725022,0.0,0.0,0.0,0.0,0.0,0.0
18,230,3.5581323974784977,9.019098127034807,1.0,0.0,0.0,0.0,1.0,1.0
19,230,3.366824714960499,0.0,0.0,0.0,1.0,0.0,0.0,0.0
20,230,0.0,6.464754241343212,0.0,0.0,0.0,0.0,0.0,0.0
21,230,0.0,9.744368632960889,0.0,0.0,0.0,0.0,0.0,0.0
22,230,9.58525772656601,12.0,0.0,1.0,1.0,1.0,0.0,0.0
23,230,3.449439342468123,7.095447177190726,0.0,1.0,0.0,0.0,0.0,0.0
24,230,8.268555410321056,6.54711363766877,0.0,0.0,0.0,1.0,0.0,0.0
25,230,5.582296150107076,10.338488783349533,0.0,0.0,0.0,0.0,0.0,0.0
26,230,0.0,0.0,1.0,0.0,0.0,0.0,0.0,0.0
27,230,11.100794794319338,12.0,1.0,0.0,1.0,0.0,0.0,1.0
28,230,6.257902944692451,0.0,0.0,0.0,1.0,0.0,0.0,0.0
29,230,6.090586821145539,7.555490339339468,1.0,0.0,0.0,1.0,1.0,0.0
0,235,5.112476854606597,11.607201244651772,1.0,1.0,1.0,0.0,1.0,0.0
1,235,11.785669460852452,6.992989705448617,0.0,0.0,0.0,1.0,1.0,0.0
2,235,6.820111776740246,11.34985437766737,0.0,0.0,0.0,1.0,0.0,0.0
3,235,4.798720841222108,11.85759525488441,1.0,0.0,0.0,0.0,1.0,0.0
4,235,0.0,1.7643944880282292,0.0,1.0,0.0,1.0,0.0,1.0
5,235,6.728811722252188,8.967448016768255,0.0,1.0,0.0,1.0,0.0,1.0
6,235,0.5771704413827096,3.5705378251627464,1.0,0.0,0.0,1.0,0.0,0.0
7,235,1.7311609919946795,6.429648704409277,0.0,0.0,0.0,0.0,0.0,1.0
8,235,4.164429688147394,9.895550041665688,0.0,1.0,0.0,0.0,0.0,0.0
9,235,1.02131260149364,11.006467294194575,0.0,1.0,1.0,0.0,1.0,0.0
10,235,7.945134236690857,1.719505521959573,0.0,0.0,1.0,0.0,0.0,0.0
11,235,1.0659247386262711,0.777790868217351,1.0,0.0,0.0,0.0,1.0,0.0
12,235,8.40891688141431,6.945380359170461,0.0,1.0,1.0,0.0,0.0,1.0
13,235,0.744251463875495,0.9438394563139716,0.0,0.0,1.0,1.0,1.0,0.0
14,235,12.0,7.274412447432676,1.0,1.0,0.0,0.0,1.0,1.0
15,235,0.0,0.0,0.0,1.0,0.0,1.0,1.0,1.0
16,235,0.0132454719443394,8.322200287819376,1.0,0.0,1.0,1.0,0.0,0.0
17,235,9.739816972026514,11.594606525626869,0.0,0.0,0.0,0.0,0.0,0.0
18,235,3.3594151649655206,9.062244823336105,1.0,0.0,0.0,0.0,1.0,1.0
19,235,3.3054478378567755,0.0,0.0,0.0,1.0,0.0,0.0,0.0
20,235,0.0,6.4783603561430505,0.0,0.0,0.0,0.0,0.0,0.0
21,235,0.0,9.6688922606482,0.0,0.0,0.0,0.0,0.0,0.0
22,235,9.761027110880155,12.0,0.0,1.0,1.0,1.0,0.0,0.0
23,235,3.499075070156009,7.119176728382741,0.0,1.0,0.0,0.0,0.0,0.0
24,235,8.207327693647938,6.511609671910056,0.0,0.0,0.0,1.0,0.0,0.0
25,235,5.53666867557806,10.351229546675777,0.0,0.0,0.0,0.0,0.0,0.0
26,235,0.0,0.0,1.0,0.0,0.0,0.0,0.0,0.0
27,235,11.181629904222216,12.0,1.0,0.0,1.0,0.0,0.0,1.0
28,235,6.2852438575535565,0.0,0.0,0.0,1.0,0.0,0.0,0.0
29,235,6.148693863253434,7.705727130077481,1.0,0.0,0.0,1.0,1.0,0.0
0,240,5.101703154010865,11.55274122534614,1.0,1.0,1.0,0.0,1.0,0.0
1,240,11.788373355502284,7.062561304375064,0.0,0.0,0.0,1.0,1.0,0.0
2,240,6.825997448528395,11.372891911617518,0.0,0.0,0.0,1.0,0.0,0.0
3,240,4.742175397089207,11.84731152563649,1.0,0.0,0.0,0.0,1.0,0.0
4,240,0.0,1.8025107874147157,0.0,1.0,0.0,1.0,0.0,1.0
5,240,6.733887095474271,8.959975313203737,0.0,1.0,0.0,1.0,0.0,1.0
6,240,0.671992640825121,3.750706745782062,1.0,0.0,0.0,1.0,0.0,0.0
7,240,1.592766428389603,6.31408271233083,0.0,0.0,0.0,0.0,0.0,1.0
8,240,4.002086964919437,10.023607119690134,0.0,1.0,0.0,0.0,0.0,0.0
9,240,1.0747282558916544,10.93109508576267,0.0,1.0,1.0,0.0,1.0,0.0
10,240,7.918429480870928,1.709177556565295,0.0,0.0,1.0,0.0,0.0,0.0
11,240,1.082225720282206,0.8011351905356774,1.0,0.0,0.0,0.0,1.0,0.0
12,240,8.358378189995378,6.959714434794774,0.0,1.0,1.0,0.0,0.0,1.0
13,240,0.7701510896967997,0.9470075340203504,0.0,0.0,1.0,1.0,1.0,0.0
14,240,12.0,7.2840651386617585,1.0,1.0,0.0,0.0,1.0,1.0
15,240,0.0,0.0,0.0,1.0,0.0,1.0,1.0,1.0
16,240,0.0107688714880341,8.31226726779604,1.0,0.0,1.0,1.0,0.0,0.0
17,240,9.558530848676243,11.57910798798133,0.0,0.0,0.0,0.0,0.0,0.0
18,240,3.169598379436453,9.10762300518302,1.0,0.0,0.0,0.0,1.0,1.0
19,240,3.248434796823522,0.0,0.0,0.0,1.0,0.0,0.0,0.0
20,240,0.0,6.49023817921498,0.0,0.0,0.0,0.0,0.0,0.0
21,240,0.0,9.594026860984986,0.0,0.0,0.0,0.0,0.0,0.0
22,240,9.914563002587524,12.0,0.0,1.0,1.0,1.0,0.0,0.0
23,240,3.5190728189520706,7.129622552591405,0.0,1.0,0.0,0.0,0.0,0.0
24,240,8.169286814809896,6.489815437575744,0.0,0.0,0.0,1.0,0.0,0.0
25,240,5.509170106159877,10.359395704482484,0.0,0.0,0.0,0.0,0.0,0.0
26,240,0.0,0.0,1.0,0.0,0.0,0.0,0.0,0.0
27,240,11.26214201488619,12.0,1.0,0.0,1.0,0.0,0.0,1.0
28,240,6.315207497403178,0.0,0.0,0.0,1.0,0.0,0.0,0.0
29,240,6.197003112045771,7.829195385039218,1.0,0.0,0.0,1.0,1.0,0.0
0,245,5.096272683721019,11.519830323896947,1.0,1.0,1.0,0.0,1.0,0.0
1,245,11.792273269862651,7.127888325143738,0.0,0.0,0.0,1.0,1.0,0.0
2,245,6.831838353122547,11.397448795771536,0.0,0.0,0.0,1.0,0.0,0.0
3,245,4.654434147869915,11.833142367673918,1.0,0.0,0.0,0.0,1.0,0.0
4,245,0.0,1.8404631896012384,0.0,1.0,0.0,1.0,0.0,1.0
5,245,6.747763344007987,8.940062599938402,0.0,1.0,0.0,1.0,0.0,1.0
6,245,0.7643977293536609,3.931006415712143,1.0,0.0,0.0,1.0,0.0,0.0
7,245,1.4633874287250273,6.206841682224648,0.0,0.0,0.0,0.0,0.0,1.0
8,245,3.835329024181914,10.16338597373318,0.0,1.0,0.0,0.0,0.0,0.0
9,245,1.1393638015350165,10.838565636317194,0.0,1.0,1.0,0.0,1.0,0.0
10,245,7.904139746979478,1.7040160959727346,0.0,0.0,1.0,0.0,0.0,0.0
11,245,1.0988117248616964,0.825592779688916,1.0,0.0,0.0,0.0,1.0,0.0
12,245,8.311471783151982,6.971904468310723,0.0,1.0,1.0,0.0,0.0,1.0
13,245,0.7980446913462371,0.9505230626419848,0.0,0.0,1.0,1.0,1.0,0.0
14,245,12.0,7.296608769485582,1.0,1.0,0.0,0.0,1.0,1.0
15,245,0.0,0.0,0.0,1.0,0.0,1.0,1.0,1.0
16,245,0.0073631759480825,8.29637415842087,1.0,0.0,1.0,1.0,0.0,0.0
17,245,9.382968338307686,11.566621623093557,0.0,0.0,0.0,0.0,0.0,0.0
18,245,2.982266604092477,9.14566908795438,1.0,0.0,0.0,0.0,1.0,1.0
19,245,3.174923158719444,0.0,0.0,0.0,1.0,0.0,0.0,0.0
20,245,0.0,6.503259245560878,0.0,0.0,0.0,0.0,0.0,0.0
21,245,0.0,9.51832381913684,0.0,0.0,0.0,0.0,0.0,0.0
22,245,10.076723170013288,12.0,0.0,1.0,1.0,1.0,0.0,0.0
23,245,3.5491299437518853,7.145604818901366,0.0,1.0,0.0,0.0,0.0,0.0
24,245,8.148247331208015,6.477995834158496,0.0,0.0,0.0,1.0,0.0,0.0
25,245,5.485812112566855,10.366458750135337,0.0,0.0,0.0,0.0,0.0,0.0
26,245,0.0,0.0,1.0,0.0,0.0,0.0,0.0,0.0
27,245,11.331455774227784,12.0,1.0,0.0,1.0,0.0,0.0,1.0
28,245,6.35492827593161,0.0,0.0,0.0,1.0,0.0,0.0,0.0
29,245,6.236824752660092,7.933582902877254,1.0,0.0,0.0,1.0,1.0,0.0
0,250,5.091591756107021,11.491355399165885,1.0,1.0,1.0,0.0,1.0,0.0
1,250,11.79912029579811,7.218932186724134,0.0,0.0,0.0,1.0,1.0,0.0
2,250,6.835995093370591,11.416833717852851,0.0,0.0,0.0,1.0,0.0,0.0
3,250,4.57440459225889,11.819847491999155,1.0,0.0,0.0,0.0,1.0,0.0
4,250,0.0,1.8750047529602472,0.0,1.0,0.0,1.0,0.0,1.0
5,250,6.756630465422972,8.92780125809592,0.0,1.0,0.0,1.0,0.0,1.0
6,250,0.8548578466915384,4.116148740779803,1.0,0.0,0.0,1.0,0.0,0.0
7,250,1.3434631013268137,6.103451228379582,0.0,0.0,0.0,0.0,0.0,1.0
8,250,3.653794475220333,10.307526437216474,0.0,1.0,0.0,0.0,0.0,0.0
9,250,1.198136660127883,10.754595160467412,0.0,1.0,1.0,0.0,1.0,0.0
10,250,7.898159351435715,1.701908474146609,0.0,0.0,1.0,0.0,0.0,0.0
11,250,1.1205218019791694,0.8578503388597575,1.0,0.0,0.0,0.0,1.0,0.0
12,250,8.268051788753564,6.983958194384619,0.0,1.0,1.0,0.0,0.0,1.0
13,250,0.8141700740842367,0.9529793851514524,0.0,0.0,1.0,1.0,1.0,0.0
14,250,12.0,7.3116557635946675,1.0,1.0,0.0,0.0,1.0,1.0
15,250,0.0,0.0,0.0,1.0,0.0,1.0,1.0,1.0
16,250,0.0070685434678047,8.29512787984881,1.0,0.0,1.0,1.0,0.0,0.0
17,250,9.396571867184436,11.403356012491656,0.0,0.0,0.0,0.0,0.0,0.0
18,250,2.7980090264312,9.177755115587786,1.0,0.0,0.0,0.0,1.0,1.0
19,250,3.101183898694293,0.0,0.0,0.0,1.0,0.0,0.0,0.0
20,250,0.0,6.513698174403509,0.0,0.0,0.0,0.0,0.0,0.0
21,250,0.0,9.432952072678068,0.0,0.0,0.0,0.0,0.0,0.0
22,250,10.238861892525817,12.0,0.0,1.0,1.0,1.0,0.0,0.0
23,250,3.5951434911180056,7.170430380438585,0.0,1.0,0.0,0.0,0.0,0.0
24,250,8.123734347914487,6.4641024414277535,0.0,0.0,0.0,1.0,0.0,0.0
25,250,5.454752184605955,10.375400704753618,0.0,0.0,0.0,0.0,0.0,0.0
26,250,0.0,0.0,1.0,0.0,0.0,0.0,0.0,0.0
27,250,11.39833242602977,12.0,1.0,0.0,1.0,0.0,0.0,1.0
28,250,6.406914110798881,0.0,0.0,0.0,1.0,0.0,0.0,0.0
29,250,6.274203453097907,8.033776946713086,1.0,0.0,0.0,1.0,1.0,0.0
0,255,5.085217511803033,11.452789566191846,1.0,1.0,1.0,0.0,1.0,0.0
1,255,11.807985223150732,7.310705594591551,0.0,0.0,0.0,1.0,1.0,0.0
2,255,6.840466221189157,11.44106991518321,0.0,0.0,0.0,1.0,0.0,0.0
3,255,4.477991804305025,11.804678027698213,1.0,0.0,0.0,0.0,1.0,0.0
4,255,0.0,1.9106710212312057,0.0,1.0,0.0,1.0,0.0,1.0
5,255,6.754915880881866,8.930064123201007,0.0,1.0,0.0,1.0,0.0,1.0
6,255,0.9472405585878828,4.3008025380304415,1.0,0.0,0.0,1.0,0.0,0.0
7,255,1.2268460738578824,6.00280655322009,0.0,0.0,0.0,0.0,0.0,1.0
8,255,3.4857064954323915,10.437427214166409,0.0,1.0,0.0,0.0,0.0,0.0
9,255,1.2558308164714151,10.668327672038023,0.0,1.0,1.0,0.0,1.0,0.0
10,255,7.91038216978644,1.7063185014034823,0.0,0.0,1.0,0.0,0.0,0.0
11,255,1.1379078077341611,0.8843984081487781,1.0,0.0,0.0,0.0,1.0,0.0
12,255,8.214117074501146,6.999538057490061,0.0,1.0,1.0,0.0,0.0,1.0
13,255,0.8255665784416732,0.954668493344642,0.0,0.0,1.0,1.0,1.0,0.0
14,255,12.0,7.328296712458248,1.0,1.0,0.0,0.0,1.0,1.0
15,255,0.0,0.0,0.0,1.0,0.0,1.0,1.0,1.0
16,255,0.0067468598946191,8.29520035860382,1.0,0.0,1.0,1.0,0.0,0.0
17,255,9.411357084612082,11.237995234723313,0.0,0.0,0.0,0.0,0.0,0.0
18,255,2.589015737661494,9.206435540790856,1.0,0.0,0.0,0.0,1.0,1.0
19,255,3.028728524024775,0.0,0.0,0.0,1.0,0.0,0.0,0.0
20,255,0.0,6.524301247829704,0.0,0.0,0.0,0.0,0.0,0.0
21,255,0.0,9.358855547191368,0.0,0.0,0.0,0.0,0.0,0.0
22,255,10.407885365734296,12.0,0.0,1.0,1.0,1.0,0.0,0.0
23,255,3.63744210224322,7.1928219770737325,0.0,1.0,0.0,0.0,0.0,0.0
24,255,8.10157854586943,6.450820255279191,0.0,0.0,0.0,1.0,0.0,0.0
25,255,5.424420479136844,10.384184356709826,0.0,0.0,0.0,0.0,0.0,0.0
26,255,0.0,0.0,1.0,0.0,0.0,0.0,0.0,0.0
27,255,11.473399995060714,12.0,1.0,0.0,1.0,0.0,0.0,1.0
28,255,6.473394208254781,0.0,0.0,0.0,1.0,0.0,0.0,0.0
29,255,6.314776570599575,8.126886441386565,1.0,0.0,0.0,1.0,1.0,0.0
0,260,5.079400046611171,11.414121216984606,1.0,1.0,1.0,0.0,1.0,0.0
1,260,11.819945211093852,7.404775654495636,0.0,0.0,0.0,1.0,1.0,0.0
2,260,6.8437642872965165,11.46094082877689,0.0,0.0,0.0,1.0,0.0,0.0
3,260,4.370587557479107,11.787638238271464,1.0,0.0,0.0,0.0,1.0,0.0
4,260,0.0,1.9389127698994364,0.0,1.0,0.0,1.0,0.0,1.0
5,260,6.7563392948400365,8.9283123856296,0.0,1.0,0.0,1.0,0.0,1.0
6,260,1.0462189992827948,4.494446454856719,1.0,0.0,0.0,1.0,0.0,0.0
7,260,1.12417257391244,5.910998965732571,0.0,0.0,0.0,0.0,0.0,1.0
8,260,3.3309945215220744,10.560952865785463,0.0,1.0,0.0,0.0,0.0,0.0
9,260,1.3015626598630785,10.599300735378876,0.0,1.0,1.0,0.0,1.0,0.0
10,260,7.90680968106639,1.705103361930475,0.0,0.0,1.0,0.0,0.0,0.0
11,260,1.1562629602840224,0.9121506379498876,1.0,0.0,0.0,0.0,1.0,0.0
12,260,8.157682946083938,7.015894253053377,0.0,1.0,1.0,0.0,0.0,1.0
13,260,0.8394227374311705,0.9569016076439322,0.0,0.0,1.0,1.0,1.0,0.0
14,260,12.0,7.345153559067098,1.0,1.0,0.0,0.0,1.0,1.0
15,260,0.1375438970849935,0.0,0.0,1.0,0.0,1.0,1.0,1.0
16,260,0.0,8.29681607697859,1.0,0.0,1.0,1.0,0.0,0.0
17,260,9.426211785229064,11.079453639009476,0.0,0.0,0.0,0.0,0.0,0.0
18,260,2.3771225416981525,9.23226247087768,1.0,0.0,0.0,0.0,1.0,1.0
19,260,2.9513949308115865,0.0,0.0,0.0,1.0,0.0,0.0,0.0
20,260,0.0,6.534021869496011,0.0,0.0,0.0,0.0,0.0,0.0
21,260,0.0,9.304421522812442,0.0,0.0,0.0,0.0,0.0,0.0
22,260,10.601548968388103,12.0,0.0,1.0,1.0,1.0,0.0,0.0
23,260,3.688289118005221,7.22074431707113,0.0,1.0,0.0,0.0,0.0,0.0
24,260,8.095260758993565,6.447106216466173,0.0,0.0,0.0,1.0,0.0,0.0
25,260,5.404589969141969,10.389556672640165,0.0,0.0,0.0,0.0,0.0,0.0
26,260,0.0,0.0,1.0,0.0,0.0,0.0,0.0,0.0
27,260,11.53704666998111,12.0,1.0,0.0,1.0,0.0,0.0,1.0
28,260,6.548618463528431,0.0,0.0,0.0,1.0,0.0,0.0,0.0
29,260,6.343519388214729,8.199073679279966,1.0,0.0,0.0,1.0,1.0,0.0
0,265,5.074635530219808,11.385464175137562,1.0,1.0,1.0,0.0,1.0,0.0
1,265,11.836331475087237,7.513850652210279,0.0,0.0,0.0,1.0,1.0,0.0
2,265,6.851557489378992,11.504167102013213,0.0,0.0,0.0,1.0,0.0,0.0
3,265,4.288902241677868,11.775850636311151,1.0,0.0,0.0,0.0,1.0,0.0
4,265,0.0,1.9643040398919105,0.0,1.0,0.0,1.0,0.0,1.0
5,265,6.752188756908306,8.93319765017977,0.0,1.0,0.0,1.0,0.0,1.0
6,265,1.1566411091856987,4.7011007986298505,1.0,0.0,0.0,1.0,0.0,0.0
7,265,1.029780247486541,5.826246929862367,0.0,0.0,0.0,0.0,0.0,1.0
8,265,3.18395866720676,10.685051177564349,0.0,1.0,0.0,0.0,0.0,0.0
9,265,1.3589097003318356,10.514568056353914,0.0,1.0,1.0,0.0,1.0,0.0
10,265,7.892216824574107,1.699775747108934,0.0,0.0,1.0,0.0,0.0,0.0
11,265,1.1782533459116094,0.9459754313422386,1.0,0.0,0.0,0.0,1.0,0.0
12,265,8.083408149573827,7.03595165364006,0.0,1.0,1.0,0.0,0.0,1.0
13,265,0.8306091519662601,0.9556577083132968,0.0,0.0,1.0,1.0,1.0,0.0
14,265,12.0,7.354748727225933,1.0,1.0,0.0,0.0,1.0,1.0
15,265,0.2764019663783006,0.0,0.0,1.0,0.0,1.0,1.0,1.0
16,265,0.0,8.304079980995956,1.0,0.0,1.0,1.0,0.0,0.0
17,265,9.441815849467302,10.93585939898807,0.0,0.0,0.0,0.0,0.0,0.0
18,265,2.178669830519192,9.255657781175548,1.0,0.0,0.0,0.0,1.0,1.0
19,265,2.8737062065641923,0.0,0.0,0.0,1.0,0.0,0.0,0.0
20,265,0.0,6.545136652236957,0.0,0.0,0.0,0.0,0.0,0.0
21,265,0.0,9.244893247568443,0.0,0.0,0.0,0.0,0.0,0.0
22,265,10.811786416835323,12.0,0.0,1.0,1.0,1.0,0.0,0.0
23,265,3.7189873758621226,7.236640671406246,0.0,1.0,0.0,0.0,0.0,0.0
24,265,8.098936690582605,6.44912242759027,0.0,0.0,0.0,1.0,0.0,0.0
25,265,5.389302351193436,10.394120133527286,0.0,0.0,0.0,0.0,0.0,0.0
26,265,0.0,0.0,1.0,0.0,0.0,0.0,0.0,0.0
27,265,11.60963721653736,12.0,1.0,0.0,1.0,0.0,0.0,1.0
28,265,6.630726477122525,0.0,0.0,0.0,1.0,0.0,0.0,0.0
29,265,6.384895639576078,8.302063499041301,1.0,0.0,0.0,1.0,1.0,0.0
0,270,5.071787429761124,11.367479561164386,1.0,1.0,1.0,0.0,1.0,0.0
1,270,11.850420552439946,7.609907909113549,0.0,0.0,0.0,1.0,1.0,0.0
2,270,6.859020601568266,11.548591784405549,0.0,0.0,0.0,1.0,0.0,0.0
3,270,4.221576699078863,11.765693909719444,1.0,0.0,0.0,0.0,1.0,0.0
4,270,0.0,1.9938459764262653,0.0,1.0,0.0,1.0,0.0,1.0
5,270,6.767170551050071,8.916092372063591,0.0,1.0,0.0,1.0,0.0,1.0
6,270,1.2646411912747884,4.923264846873749,1.0,0.0,0.0,1.0,0.0,0.0
7,270,0.9641996275221608,5.76702291808711,0.0,0.0,0.0,0.0,0.0,1.0
8,270,3.024845844905222,10.817393965908396,0.0,1.0,0.0,0.0,0.0,0.0
9,270,1.421022656456181,10.42345659973648,0.0,1.0,1.0,0.0,1.0,0.0
10,270,7.891927747960654,1.6996727997454992,0.0,0.0,1.0,0.0,0.0,0.0
11,270,1.2080070762358626,0.9920025261700842,1.0,0.0,0.0,0.0,1.0,0.0
12,270,8.004172721175564,7.057670768160113,0.0,1.0,1.0,0.0,0.0,1.0
13,270,0.8053846652267708,0.9524655120556014,0.0,0.0,1.0,1.0,1.0,0.0
14,270,12.0,7.367586883499888,1.0,1.0,0.0,0.0,1.0,1.0
15,270,0.4313241756486915,0.0,0.0,1.0,0.0,1.0,1.0,1.0
16,270,0.0,8.315543994871247,1.0,0.0,1.0,1.0,0.0,0.0
17,270,9.459899346963777,10.792385828149428,0.0,0.0,0.0,0.0,0.0,0.0
18,270,1.970613647357532,9.276253588722753,1.0,0.0,0.0,0.0,1.0,1.0
19,270,2.810459522331822,0.0,0.0,0.0,1.0,0.0,0.0,0.0
20,270,0.0,6.556638950991683,0.0,0.0,0.0,0.0,0.0,0.0
21,270,0.0,9.195077475736229,0.0,0.0,0.0,0.0,0.0,0.0
22,270,11.009892304916914,12.0,0.0,1.0,1.0,1.0,0.0,0.0
23,270,3.757373410726892,7.256270456580784,0.0,1.0,0.0,0.0,0.0,0.0
24,270,8.109667501166232,6.455407592910566,0.0,0.0,0.0,1.0,0.0,0.0
25,270,5.363801652072928,10.402464031738226,0.0,0.0,0.0,0.0,0.0,0.0
26,270,0.0,0.0,1.0,0.0,0.0,0.0,0.0,0.0
27,270,11.689994196566344,12.0,1.0,0.0,1.0,0.0,0.0,1.0
28,270,6.701372790015999,0.0,0.0,0.0,1.0,0.0,0.0,0.0
29,270,6.420607422350404,8.392338864391927,1.0,0.0,0.0,1.0,1.0,0.0
0,275,5.06897186807374,11.348104031525232,1.0,1.0,1.0,0.0,1.0,0.0
1,275,11.865535535316058,7.699432436278125,0.0,0.0,0.0,1.0,1.0,0.0
2,275,6.86502359111502,11.58299910928338,0.0,0.0,0.0,1.0,0.0,0.0
3,275,4.139659106713384,11.7520559327293,1.0,0.0,0.0,0.0,1.0,0.0
4,275,0.0,2.024733326844513,0.0,1.0,0.0,1.0,0.0,1.0
5,275,6.777530259622814,8.904449308859236,0.0,1.0,0.0,1.0,0.0,1.0
6,275,1.379088886325928,5.1531895096135765,1.0,0.0,0.0,1.0,0.0,0.0
7,275,0.8705349902059818,5.690930502833691,0.0,0.0,0.0,0.0,0.0,1.0
8,275,2.869946957589292,10.946022318140647,0.0,1.0,0.0,0.0,0.0,0.0
9,275,1.4970542921193877,10.311849926194142,0.0,1.0,1.0,0.0,1.0,0.0
10,275,7.885131866597039,1.697027012317439,0.0,0.0,1.0,0.0,0.0,0.0
11,275,1.2271823758857945,1.0217057937595777,1.0,0.0,0.0,0.0,1.0,0.0
12,275,7.928499895721458,7.079009889347008,0.0,1.0,1.0,0.0,0.0,1.0
13,275,0.7819107010033167,0.9495889045789692,0.0,0.0,1.0,1.0,1.0,0.0
14,275,12.0,7.379515445267211,1.0,1.0,0.0,0.0,1.0,1.0
15,275,0.5551375198658989,0.0,0.0,1.0,0.0,1.0,1.0,1.0
16,275,0.0,8.327120228279169,1.0,0.0,1.0,1.0,0.0,0.0
17,275,9.47662926667814,10.674270273463858,0.0,0.0,0.0,0.0,0.0,0.0
18,275,1.7520293986201831,9.296607380625629,1.0,0.0,0.0,0.0,1.0,1.0
19,275,2.7495504959506425,0.0,0.0,0.0,1.0,0.0,0.0,0.0
20,275,0.0,6.56756085157125,0.0,0.0,0.0,0.0,0.0,0.0
21,275,0.0,9.144428954881288,0.0,0.0,0.0,0.0,0.0,0.0
22,275,11.19560087157247,12.0,0.0,1.0,1.0,1.0,0.0,0.0
23,275,3.797305209644033,7.27669136794125,0.0,1.0,0.0,0.0,0.0,0.0
24,275,8.12931721909511,6.468399141626636,0.0,0.0,0.0,1.0,0.0,0.0
25,275,5.335277454421803,10.4120162667698,0.0,0.0,0.0,0.0,0.0,0.0
26,275,0.0,0.0,1.0,0.0,0.0,0.0,0.0,0.0
27,275,11.778741228671828,12.0,1.0,0.0,1.0,0.0,0.0,1.0
28,275,6.7847314501789615,0.0,0.0,0.0,1.0,0.0,0.0,0.0
29,275,6.47373822883706,8.521339852393467,1.0,0.0,0.0,1.0,1.0,0.0
0,280,5.068223404108798,11.342652743443386,1.0,1.0,1.0,0.0,1.0,0.0
1,280,11.884640025226174,7.807958104485147,0.0,0.0,0.0,1.0,1.0,0.0
2,280,6.870996526712957,11.615570214860451,0.0,0.0,0.0,1.0,0.0,0.0
3,280,4.057863963344008,11.73970080557988,1.0,0.0,0.0,0.0,1.0,0.0
4,280,0.0,2.0571923789563837,0.0,1.0,0.0,1.0,0.0,1.0
5,280,6.7879693483307655,8.892411209130717,0.0,1.0,0.0,1.0,0.0,1.0
6,280,1.4939497053266584,5.387036956925949,1.0,0.0,0.0,1.0,0.0,0.0
7,280,0.76823274694488,5.609741846142866,0.0,0.0,0.0,0.0,0.0,1.0
8,280,2.7272401496328205,11.065266059171623,0.0,1.0,0.0,0.0,0.0,0.0
9,280,1.582325012623674,10.189487462077969,0.0,1.0,1.0,0.0,1.0,0.0
10,280,7.889592243376422,1.6987357255837687,0.0,0.0,1.0,0.0,0.0,0.0
11,280,1.2481745992988973,1.0514948808167697,1.0,0.0,0.0,0.0,1.0,0.0
12,280,7.855229980918725,7.099590532388449,0.0,1.0,1.0,0.0,0.0,1.0
13,280,0.731887592915161,0.9439480319884536,0.0,0.0,1.0,1.0,1.0,0.0
14,280,12.0,7.391449734516128,1.0,1.0,0.0,0.0,1.0,1.0
15,280,0.6764434708483217,0.0,0.0,1.0,0.0,1.0,1.0,1.0
16,280,0.0,8.333388399286298,1.0,0.0,1.0,1.0,0.0,0.0
17,280,9.489671675512524,10.57552211376684,0.0,0.0,0.0,0.0,0.0,0.0
18,280,1.5363300101410249,9.313470136693931,1.0,0.0,0.0,0.0,1.0,1.0
19,280,2.6835102960275483,0.0,0.0,0.0,1.0,0.0,0.0,0.0
20,280,0.0,6.5789466703045525,0.0,0.0,0.0,0.0,0.0,0.0
21,280,0.0,9.098258112783617,0.0,0.0,0.0,0.0,0.0,0.0
22,280,11.368084869700796,12.0,0.0,1.0,1.0,1.0,0.0,0.0
23,280,3.8361533745842618,7.297309224288978,0.0,1.0,0.0,0.0,0.0,0.0
24,280,8.147280880689534,6.479670733586633,0.0,0.0,0.0,1.0,0.0,0.0
25,280,5.32894405212795,10.413957182536045,0.0,0.0,0.0,0.0,0.0,0.0
26,280,0.0,0.0,1.0,0.0,0.0,0.0,0.0,0.0
27,280,11.854287388698856,12.0,1.0,0.0,1.0,0.0,0.0,1.0
28,280,6.871927689072575,0.0,0.0,0.0,1.0,0.0,0.0,0.0
29,280,6.527886070718542,8.659001819634145,1.0,0.0,0.0,1.0,1.0,0.0
0,285,5.066812546485973,11.333126871213205,1.0,1.0,1.0,0.0,1.0,0.0
1,285,11.899768085064892,7.907438482149233,0.0,0.0,0.0,1.0,1.0,0.0
2,285,6.87212837892007,11.622473414248407,0.0,0.0,0.0,1.0,0.0,0.0
3,285,3.974543638252891,11.727530629490891,1.0,0.0,0.0,0.0,1.0,0.0
4,285,0.0,2.0853900768352607,0.0,1.0,0.0,1.0,0.0,1.0
5,285,6.784118247378509,8.896798808992468,0.0,1.0,0.0,1.0,0.0,1.0
6,285,1.607027541956269,5.6196117125647085,1.0,0.0,0.0,1.0,0.0,0.0
7,285,0.6573901684660054,5.52358306861517,0.0,0.0,0.0,0.0,0.0,1.0
8,285,2.588132525246636,11.194425184765072,0.0,1.0,0.0,0.0,0.0,0.0
9,285,1.6703950524839208,10.068983724787689,0.0,1.0,1.0,0.0,1.0,0.0
10,285,7.902500240533452,1.7040636404342535,0.0,0.0,1.0,0.0,0.0,0.0
11,285,1.2698642965301057,1.0826409119095473,1.0,0.0,0.0,0.0,1.0,0.0
12,285,7.774332680543065,7.122585209642267,0.0,1.0,1.0,0.0,0.0,1.0
13,285,0.69929425663717,0.9392651175447688,0.0,0.0,1.0,1.0,1.0,0.0
14,285,12.0,7.40285529761628,1.0,1.0,0.0,0.0,1.0,1.0
15,285,0.7504265097411018,0.1219372179221941,0.0,1.0,0.0,1.0,1.0,1.0
16,285,0.0,8.344216895871881,1.0,0.0,1.0,1.0,0.0,0.0
17,285,9.503803177888292,10.471559623840085,0.0,0.0,0.0,0.0,0.0,0.0
18,285,1.3232266074606691,9.324097612508645,1.0,0.0,0.0,0.0,1.0,1.0
19,285,2.623904214310661,0.0,0.0,0.0,1.0,0.0,0.0,0.0
20,285,0.0,6.592396298594917,0.0,0.0,0.0,0.0,0.0,0.0
21,285,0.0,9.188779335514075,0.0,0.0,0.0,0.0,0.0,0.0
22,285,11.5456067676081,12.0,0.0,1.0,1.0,1.0,0.0,0.0
23,285,3.863617535241512,7.31195885797749,0.0,1.0,0.0,0.0,0.0,0.0
24,285,8.15009331241155,6.48140619502498,0.0,0.0,0.0,1.0,0.0,0.0
25,285,5.319375275190457,10.41690097487022,0.0,0.0,0.0,0.0,0.0,0.0
26,285,0.0,0.0,1.0,0.0,0.0,0.0,0.0,0.0
27,285,11.9102852890134,12.0,1.0,0.0,1.0,0.0,0.0,1.0
28,285,6.985610275889303,0.0,0.0,0.0,1.0,0.0,0.0,0.0
29,285,6.5780664601782055,8.796201808475882,1.0,0.0,0.0,1.0,1.0,0.0
0,290,5.061553599672337,11.300045073508782,1.0,1.0,1.0,0.0,1.0,0.0
1,290,11.915006239602086,8.011979866954267,0.0,0.0,0.0,1.0,1.0,0.0
2,290,6.874590183396351,11.640216592505876,0.0,0.0,0.0,1.0,0.0,0.0
3,290,3.876507089831752,11.717914836237483,1.0,0.0,0.0,0.0,1.0,0.0
4,290,0.0,2.112060743692398,0.0,1.0,0.0,1.0,0.0,1.0
5,290,6.786826761672471,8.893729606609238,0.0,1.0,0.0,1.0,0.0,1.0
6,290,1.7237630106944142,5.8541195937578285,1.0,0.0,0.0,1.0,0.0,0.0
7,290,0.5482276563412906,5.4401417218495975,0.0,0.0,0.0,0.0,0.0,1.0
8,290,2.4563859581976404,11.312626544461912,0.0,1.0,0.0,0.0,0.0,0.0
9,290,1.7530413872203874,9.9521689783125,0.0,1.0,1.0,0.0,1.0,0.0
10,290,7.925135097132562,1.713654521027396,0.0,0.0,1.0,0.0,0.0,0.0
11,290,1.2859073574952105,1.1063020835534885,1.0,0.0,0.0,0.0,1.0,0.0
12,290,7.672723378719845,7.1497751391586135,0.0,1.0,1.0,0.0,0.0,1.0
13,290,0.6585252107817589,0.9325684640852232,0.0,0.0,1.0,1.0,1.0,0.0
14,290,12.0,7.411029809810045,1.0,1.0,0.0,0.0,1.0,1.0
15,290,0.8331100590728752,0.2543146860775025,0.0,1.0,0.0,1.0,1.0,1.0
16,290,0.0,8.352339557209328,1.0,0.0,1.0,1.0,0.0,0.0
17,290,9.516870426983626,10.36439559477847,0.0,0.0,0.0,0.0,0.0,0.0
18,290,1.0878213189898045,9.331624036072006,1.0,0.0,0.0,0.0,1.0,1.0
19,290,2.5647061833259874,0.0,0.0,0.0,1.0,0.0,0.0,0.0
20,290,0.0,6.607233492102452,0.0,0.0,0.0,0.0,0.0,0.0
21,290,0.0,9.25963375249255,0.0,0.0,0.0,0.0,0.0,0.0
22,290,11.71646940587586,12.0,0.0,1.0,1.0,1.0,0.0,0.0
23,290,3.915337668360416,7.339792357516268,0.0,1.0,0.0,0.0,0.0,0.0
24,290,8.169937134761287,6.494062187836062,0.0,0.0,0.0,1.0,0.0,0.0
25,290,5.305652174151201,10.421345289891445,0.0,0.0,0.0,0.0,0.0,0.0
26,290,0.0,0.0,1.0,0.0,0.0,0.0,0.0,0.0
27,290,11.977735707893572,12.0,1.0,0.0,1.0,0.0,0.0,1.0
28,290,7.098585853716322,0.0,0.0,0.0,1.0,0.0,0.0,0.0
29,290,6.622367612388003,8.919659965050286,1.0,0.0,0.0,1.0,1.0,0.0
0,295,5.056633924556448,11.267010610315046,1.0,1.0,1.0,0.0,1.0,0.0
1,295,11.933572642597754,8.122372757500568,0.0,0.0,0.0,1.0,1.0,0.0
2,295,6.878303323362536,11.66324905754839,0.0,0.0,0.0,1.0,0.0,0.0
3,295,3.774885124382745,11.70700565208984,1.0,0.0,0.0,0.0,1.0,0.0
4,295,0.0,2.140480990367589,0.0,1.0,0.0,1.0,0.0,1.0
5,295,6.781896984330857,8.899354991010354,0.0,1.0,0.0,1.0,0.0,1.0
6,295,1.8485225503072875,6.106333109536232,1.0,0.0,0.0,1.0,0.0,0.0
7,295,0.4257798848719038,5.348815158748437,0.0,0.0,0.0,0.0,0.0,1.0
8,295,2.326307047990081,11.436949572160437,0.0,1.0,0.0,0.0,0.0,0.0
9,295,1.8366026208116335,9.835629862268826,0.0,1.0,1.0,0.0,1.0,0.0
10,295,7.953265238098859,1.725246000782203,0.0,0.0,1.0,0.0,0.0,0.0
11,295,1.294336737607282,1.1184762641966033,1.0,0.0,0.0,0.0,1.0,0.0
12,295,7.570577980193726,7.174336964603981,0.0,1.0,1.0,0.0,0.0,1.0
13,295,0.5857517696558084,0.9198973590500578,0.0,0.0,1.0,1.0,1.0,0.0
14,295,12.0,7.417851615464714,1.0,1.0,0.0,0.0,1.0,1.0
15,295,0.917550449240788,0.3823645377347199,0.0,1.0,0.0,1.0,1.0,1.0
16,295,0.0,8.358898227245241,1.0,0.0,1.0,1.0,0.0,0.0
17,295,9.53233621822204,10.234630443117064,0.0,0.0,0.0,0.0,0.0,0.0
18,295,0.8349758598445842,9.342078562827655,1.0,0.0,0.0,0.0,1.0,1.0
19,295,2.500242656041729,0.0,0.0,0.0,1.0,0.0,0.0,0.0
20,295,0.0,6.623479637815961,0.0,0.0,0.0,0.0,0.0,0.0
21,295,0.0,9.314173418379946,0.0,0.0,0.0,0.0,0.0,0.0
22,295,11.899302697149505,12.0,0.0,1.0,1.0,1.0,0.0,0.0
23,295,3.969737395778901,7.368649910538594,0.0,1.0,0.0,0.0,0.0,0.0
24,295,8.172414139423166,6.495678574186477,0.0,0.0,0.0,1.0,0.0,0.0
25,295,5.277716200857345,10.43096002485271,0.0,0.0,0.0,0.0,0.0,0.0
26,295,0.0,0.0,1.0,0.0,0.0,0.0,0.0,0.0
27,295,12.0,12.0,1.0,0.0,1.0,0.0,0.0,1.0
28,295,7.209340166600641,0.0,0.0,0.0,1.0,0.0,0.0,0.0
29,295,6.67294104277548,9.052909075275451,1.0,0.0,0.0,1.0,1.0,0.0
