0,0,10.986989327951571,0.9475816881249828,0.0,0.0,0.0,0.0,0.0,0.0
1,0,7.022274404015465,12.0,1.0,0.0,0.0,1.0,0.0,1.0
2,0,5.035279430938922,3.029320651503689,0.0,0.0,0.0,1.0,0.0,0.0
3,0,3.0463706962203423,11.996301017515412,0.0,1.0,0.0,1.0,1.0,0.0
4,0,9.037729526609922,11.023798817940516,1.0,0.0,0.0,1.0,0.0,1.0
5,0,0.96152596605483,5.0001213936299145,1.0,0.0,1.0,0.0,1.0,0.0
6,0,1.0414795853050849,5.051209437246323,0.0,1.0,1.0,1.0,1.0,1.0
7,0,11.04966579287139,5.992590023859513,0.0,0.0,1.0,1.0,1.0,0.0
8,0,5.961787991632375,7.038719169420015,0.0,1.0,1.0,0.0,0.0,0.0
9,0,2.026136176653729,5.055542740395483,1.0,0.0,1.0,1.0,1.0,1.0
10,0,6.952343288730254,5.01114848727309,0.0,1.0,0.0,1.0,1.0,0.0
11,0,4.981064517459145,0.0621169630934168,1.0,1.0,0.0,1.0,0.0,1.0
12,0,5.968527638545783,1.0210139228208317,0.0,0.0,0.0,1.0,1.0,0.0
13,0,9.02680398242476,4.031386811864394,1.0,0.0,0.0,0.0,0.0,0.0
14,0,9.031176956079571,11.95486536272408,0.0,0.0,1.0,0.0,1.0,0.0
15,0,0.9875669290618884,3.054721016850332,0.0,1.0,0.0,0.0,1.0,1.0
16,0,1.9884406020606795,4.925928920507784,0.0,0.0,0.0,0.0,0.0,1.0
17,0,5.031068652208697,3.0665584945269133,1.0,0.0,0.0,1.0,1.0,0.0
18,0,8.038858663044973,8.97280903034973,1.0,1.0,1.0,0.0,1.0,1.0
19,0,4.010918500617775,12.0,0.0,0.0,1.0,0.0,0.0,1.0
20,0,6.969879251225646,5.954750615044359,1.0,0.0,0.0,1.0,0.0,0.0
21,0,3.0271795629028,7.042036493752494,0.0,0.0,0.0,1.0,1.0,0.0
22,0,7.0301580016341365,1.045738965244665,0.0,0.0,1.0,0.0,1.0,0.0
23,0,9.976785186834162,3.055824778443625,1.0,1.0,0.0,1.0,0.0,1.0
24,0,3.947931886375305,11.012451458868092,0.0,1.0,0.0,0.0,0.0,0.0
25,0,7.974871641723262,5.955004240243829,0.0,0.0,0.0,1.0,0.0,0.0
26,0,0.9651822196689802,0.941455794275044,0.0,0.0,0.0,0.0,0.0,1.0
27,0,9.033819393900378,5.051672230141828,0.0,0.0,0.0,0.0,0.0,0.0
28,0,6.9613395035272445,3.975776968653962,0.0,1.0,0.0,0.0,0.0,0.0
29,0,7.951923360523366,1.990181950226359,0.0,0.0,1.0,1.0,1.0,1.0
0,5,10.97644077763061,0.9115685278154162,0.0,0.0,0.0,0.0,0.0,0.0
1,5,7.042402790715558,12.0,1.0,0.0,0.0,1.0,0.0,1.0
2,5,5.074112440686786,3.0605869828465693,0.0,0.0,0.0,1.0,0.0,0.0
3,5,3.10485925469086,11.990422091137876,0.0,1.0,0.0,1.0,1.0,0.0
4,5,9.08317899602249,11.049870808929132,1.0,0.0,0.0,1.0,0.0,1.0
5,5,0.9214363261282914,5.000108237276455,1.0,0.0,1.0,0.0,1.0,0.0
6,5,1.084240695911076,5.10429185197248,0.0,1.0,1.0,1.0,1.0,1.0
7,5,11.118707509859597,5.983515119853736,0.0,0.0,1.0,1.0,1.0,0.0
8,5,5.932234620091088,7.070037530179676,0.0,1.0,1.0,0.0,0.0,0.0
9,5,2.055704026541478,5.121237171783162,1.0,0.0,1.0,1.0,1.0,1.0
10,5,6.9098704065686105,5.021674482992468,0.0,1.0,0.0,1.0,1.0,0.0
11,5,4.956363653828783,0.1501532739393603,1.0,1.0,0.0,1.0,0.0,1.0
12,5,5.936833010190983,1.0419665173013566,0.0,0.0,0.0,1.0,1.0,0.0
13,5,9.049774928951573,4.059494474717776,1.0,0.0,0.0,0.0,0.0,0.0
14,5,9.059879990535103,11.914548367567454,0.0,0.0,1.0,0.0,1.0,0.0
15,5,0.9721291617510214,3.1249684002193003,0.0,1.0,0.0,0.0,1.0,1.0
16,5,1.980196902644436,4.861695152609711,0.0,0.0,0.0,0.0,0.0,1.0
17,5,5.064852175352673,3.1437659412916155,1.0,0.0,0.0,1.0,1.0,0.0
18,5,8.06512745694223,8.955203935593236,1.0,1.0,1.0,0.0,1.0,1.0
19,5,4.029549851544731,12.0,0.0,0.0,1.0,0.0,0.0,1.0
20,5,6.944185011419837,5.916263054905208,1.0,0.0,0.0,1.0,0.0,0.0
21,5,3.0445636486358483,7.069155885523422,0.0,0.0,0.0,1.0,1.0,0.0
22,5,7.0560249822320085,1.0863452029861416,0.0,0.0,1.0,0.0,1.0,0.0
23,5,9.953688699699509,3.112049779979943,1.0,1.0,0.0,1.0,0.0,1.0
24,5,3.907713905493495,11.02169367575536,0.0,1.0,0.0,0.0,0.0,0.0
25,5,7.950142314137429,5.905693926500718,0.0,0.0,0.0,1.0,0.0,0.0
26,5,0.934986171560904,0.8925418707967104,0.0,0.0,0.0,0.0,0.0,1.0
27,5,9.056661908181516,5.090694908396322,0.0,0.0,0.0,0.0,0.0,0.0
28,5,6.943671274752362,3.964835317383348,0.0,1.0,0.0,0.0,0.0,0.0
29,5,7.897396571380359,1.977526976034233,0.0,0.0,1.0,1.0,1.0,1.0
0,10,10.972742302430456,0.899769581038885,0.0,0.0,0.0,0.0,0.0,0.0
1,10,7.061692912623244,12.0,1.0,0.0,0.0,1.0,0.0,1.0
2,10,5.118815174769546,3.097811085340897,0.0,0.0,0.0,1.0,0.0,0.0
3,10,3.152221673452564,11.985151711970785,0.0,1.0,0.0,1.0,1.0,0.0
4,10,9.140672201511135,11.080693138047948,1.0,0.0,0.0,1.0,0.0,1.0
5,10,0.8864528432852624,5.000216936117076,1.0,0.0,1.0,0.0,1.0,0.0
6,10,1.1371579203604398,5.16778409854907,0.0,1.0,1.0,1.0,1.0,1.0
7,10,11.201690644569938,5.972921977554027,0.0,0.0,1.0,1.0,1.0,0.0
8,10,5.916492826874751,7.086607194322798,0.0,1.0,1.0,0.0,0.0,0.0
9,10,2.095658426763673,5.205620871481212,1.0,0.0,1.0,1.0,1.0,1.0
10,10,6.884140520212999,5.029280638240053,0.0,1.0,0.0,1.0,1.0,0.0
11,10,4.927474702295839,0.2357044561945308,1.0,1.0,0.0,1.0,0.0,1.0
12,10,5.90954222456001,1.0599692173148731,0.0,0.0,0.0,1.0,1.0,0.0
13,10,9.05767392533588,4.069968292375443,1.0,0.0,0.0,0.0,0.0,0.0
14,10,9.094073371861072,11.866352199731232,0.0,0.0,1.0,0.0,1.0,0.0
15,10,0.9599356838723612,3.1874126026024663,0.0,1.0,0.0,0.0,1.0,1.0
16,10,1.974345295182684,4.824613824579231,0.0,0.0,0.0,0.0,0.0,1.0
17,10,5.109220220459415,3.2450891759490217,1.0,0.0,0.0,1.0,1.0,0.0
18,10,8.087884768280235,8.939638184347492,1.0,1.0,1.0,0.0,1.0,1.0
19,10,4.046726737685656,12.0,0.0,0.0,1.0,0.0,0.0,1.0
20,10,6.90528471173955,5.857359674974116,1.0,0.0,0.0,1.0,0.0,0.0
21,10,3.056611028884401,7.087823585391158,0.0,0.0,0.0,1.0,1.0,0.0
22,10,7.089599014023593,1.1373601668954223,0.0,0.0,1.0,0.0,1.0,0.0
23,10,9.927893396568352,3.17168820415686,1.0,1.0,0.0,1.0,0.0,1.0
24,10,3.853657913435226,11.035146644926389,0.0,1.0,0.0,0.0,0.0,0.0
25,10,7.924208188728495,5.854128483219424,0.0,0.0,0.0,1.0,0.0,0.0
26,10,0.9045127906414296,0.843702838525593,0.0,0.0,0.0,0.0,0.0,1.0
27,10,9.086625241459329,5.142217770787665,0.0,0.0,0.0,0.0,0.0,0.0
28,10,6.917167168164387,3.9487724435666944,0.0,1.0,0.0,0.0,0.0,0.0
29,10,7.847758202690152,1.9648937369956236,0.0,0.0,1.0,1.0,1.0,1.0
0,15,10.9676572323818,0.8844135917347585,0.0,0.0,0.0,0.0,0.0,0.0
1,15,7.088420117544307,12.0,1.0,0.0,0.0,1.0,0.0,1.0
2,15,5.162328831370769,3.134933984908226,0.0,0.0,0.0,1.0,0.0,0.0
3,15,3.2038627091092797,11.979402882293517,0.0,1.0,0.0,1.0,1.0,0.0
4,15,9.188490354136068,11.107168950210006,1.0,0.0,0.0,1.0,0.0,1.0
5,15,0.8146168520281348,5.001469153772729,1.0,0.0,1.0,0.0,1.0,0.0
6,15,1.1906025127593705,5.22990760718801,0.0,1.0,1.0,1.0,1.0,1.0
7,15,11.297506572431692,5.960043349737589,0.0,0.0,1.0,1.0,1.0,0.0
8,15,5.885706174223207,7.119778337326664,0.0,1.0,1.0,0.0,0.0,0.0
9,15,2.1474139032506967,5.311314943188096,1.0,0.0,1.0,1.0,1.0,1.0
10,15,6.850080195832286,5.040279955188939,0.0,1.0,0.0,1.0,1.0,0.0
11,15,4.9036876325744885,0.3112438099568055,1.0,1.0,0.0,1.0,0.0,1.0
12,15,5.889387768102065,1.0734009507790534,0.0,0.0,0.0,1.0,1.0,0.0
13,15,9.05477314149194,4.066030664692195,1.0,0.0,0.0,0.0,0.0,0.0
14,15,9.135473058455842,11.806262424581533,0.0,0.0,1.0,0.0,1.0,0.0
15,15,0.9497252201599048,3.234405392007241,0.0,1.0,0.0,0.0,1.0,1.0
16,15,1.968096587494606,4.785414369383204,0.0,0.0,0.0,0.0,0.0,1.0
17,15,5.165856285434811,3.367967929448912,1.0,0.0,0.0,1.0,1.0,0.0
18,15,8.097580966483887,8.933033915562227,1.0,1.0,1.0,0.0,1.0,1.0
19,15,4.056770725891607,12.0,0.0,0.0,1.0,0.0,0.0,1.0
20,15,6.857711114416602,5.786716820313182,1.0,0.0,0.0,1.0,0.0,0.0
21,15,3.055254694070239,7.085678583329499,0.0,0.0,0.0,1.0,1.0,0.0
22,15,7.113660132899801,1.1760657772794896,0.0,0.0,1.0,0.0,1.0,0.0
23,15,9.91005462036559,3.211165807225936,1.0,1.0,0.0,1.0,0.0,1.0
24,15,3.786966006156392,11.052252667111947,0.0,1.0,0.0,0.0,0.0,0.0
25,15,7.901040896469495,5.808638118538006,0.0,0.0,0.0,1.0,0.0,0.0
26,15,0.8797378666837448,0.8019852569669548,0.0,0.0,0.0,0.0,0.0,1.0
27,15,9.105223260660829,5.175708177543696,0.0,0.0,0.0,0.0,0.0,0.0
28,15,6.929989092425812,3.9565624347346313,0.0,1.0,0.0,0.0,0.0,0.0
29,15,7.80397621888488,1.9535383275539209,0.0,0.0,1.0,1.0,1.0,1.0
0,20,10.964823402263846,0.8750213837213868,0.0,0.0,0.0,0.0,0.0,0.0
1,20,7.1041398530731295,12.0,1.0,0.0,0.0,1.0,0.0,1.0
2,20,5.200866429823143,3.1684878309343447,0.0,0.0,0.0,1.0,0.0,0.0
3,20,3.2384781020236884,11.974919089686944,0.0,1.0,0.0,1.0,1.0,0.0
4,20,9.238838360913691,11.13628559829757,1.0,0.0,0.0,1.0,0.0,1.0
5,20,0.7424413063873438,5.001813842546339,1.0,0.0,1.0,0.0,1.0,0.0
6,20,1.226861178264341,5.273539788586154,0.0,1.0,1.0,1.0,1.0,1.0
7,20,11.375587272090565,5.947518793963023,0.0,0.0,1.0,1.0,1.0,0.0
8,20,5.866099136885271,7.141228463558011,0.0,1.0,1.0,0.0,0.0,0.0
9,20,2.2019179984449706,5.419350299958318,1.0,0.0,1.0,1.0,1.0,1.0
10,20,6.833048307869163,5.0459686098980425,0.0,1.0,0.0,1.0,1.0,0.0
11,20,4.88545833487011,0.3679514874922943,1.0,1.0,0.0,1.0,0.0,1.0
12,20,5.8546179949258015,1.095865948967122,0.0,0.0,0.0,1.0,1.0,0.0
13,20,9.044515605088309,4.051597181854606,1.0,0.0,0.0,0.0,0.0,0.0
14,20,9.174470241371198,11.750367090977834,0.0,0.0,1.0,0.0,1.0,0.0
15,20,0.9383517579428624,3.2806694898540067,0.0,1.0,0.0,0.0,1.0,1.0
16,20,1.962271729087609,4.743181335366669,0.0,0.0,0.0,0.0,0.0,1.0
17,20,5.219865385234494,3.486936236324833,1.0,0.0,0.0,1.0,1.0,0.0
18,20,8.083961525685952,8.942581199631432,1.0,1.0,1.0,0.0,1.0,1.0
19,20,4.071466620936371,12.0,0.0,0.0,1.0,0.0,0.0,1.0
20,20,6.807504211474462,5.714791797084158,1.0,0.0,0.0,1.0,0.0,0.0
21,20,3.0491054298694165,7.075935164790444,0.0,0.0,0.0,1.0,1.0,0.0
22,20,7.130824923967247,1.2048032146567251,0.0,0.0,1.0,0.0,1.0,0.0
23,20,9.900115576600967,3.233396217748238,1.0,1.0,0.0,1.0,0.0,1.0
24,20,3.7118628750736846,11.07234219061776,0.0,1.0,0.0,0.0,0.0,0.0
25,20,7.878056870695668,5.766171310172296,0.0,0.0,0.0,1.0,0.0,0.0
26,20,0.8703910520235509,0.7873361221266209,0.0,0.0,0.0,0.0,0.0,1.0
27,20,9.125155207122637,5.211694730361723,0.0,0.0,0.0,0.0,0.0,0.0
28,20,6.9501571844088765,3.9685871596150655,0.0,1.0,0.0,0.0,0.0,0.0
29,20,7.776963503638578,1.9465096246632976,0.0,0.0,1.0,1.0,1.0,1.0
0,25,10.963742153585184,0.8716851821884809,0.0,0.0,0.0,0.0,0.0,0.0
1,25,7.116881803799377,12.0,1.0,0.0,0.0,1.0,0.0,1.0
2,25,5.260147123901168,3.220900781666264,0.0,0.0,0.0,1.0,0.0,0.0
3,25,3.2684937961493503,11.97061655228338,0.0,1.0,0.0,1.0,1.0,0.0
4,25,9.287925462299752,11.16572817495843,1.0,0.0,0.0,1.0,0.0,1.0
5,25,0.6855372485649318,5.002598020384288,1.0,0.0,1.0,0.0,1.0,0.0
6,25,1.2643202500044195,5.317611958496751,0.0,1.0,1.0,1.0,1.0,1.0
7,25,11.46325487187162,5.935643842286471,0.0,0.0,1.0,1.0,1.0,0.0
8,25,5.849390083421463,7.159846209226337,0.0,1.0,1.0,0.0,0.0,0.0
9,25,2.2552612502644163,5.525759314571495,1.0,0.0,1.0,1.0,1.0,1.0
10,25,6.81194305686804,5.052610227381425,0.0,1.0,0.0,1.0,1.0,0.0
11,25,4.854967310613061,0.4529025931580384,1.0,1.0,0.0,1.0,0.0,1.0
12,25,5.800991079153307,1.1285633021265289,0.0,0.0,0.0,1.0,1.0,0.0
13,25,9.050487755847978,4.059781764922445,1.0,0.0,0.0,0.0,0.0,0.0
14,25,9.198474863826831,11.718223383778511,0.0,0.0,1.0,0.0,1.0,0.0
15,25,0.9267150944004462,3.3278788547404163,0.0,1.0,0.0,0.0,1.0,1.0
16,25,1.9544569535423904,4.675284585723749,0.0,0.0,0.0,0.0,0.0,1.0
17,25,5.278018460452714,3.6213405316874665,1.0,0.0,0.0,1.0,1.0,0.0
18,25,8.085296730841545,8.941681813438937,1.0,1.0,1.0,0.0,1.0,1.0
19,25,4.086504666990779,12.0,0.0,0.0,1.0,0.0,0.0,1.0
20,25,6.757437890111719,5.641154828863645,1.0,0.0,0.0,1.0,0.0,0.0
21,25,3.0554725227275954,7.086216959070013,0.0,0.0,0.0,1.0,1.0,0.0
22,25,7.146929754608909,1.2306013139691374,0.0,0.0,1.0,0.0,1.0,0.0
23,25,9.888625622503591,3.260470695815004,1.0,1.0,0.0,1.0,0.0,1.0
24,25,3.650734183537255,11.08674183408013,0.0,1.0,0.0,0.0,0.0,0.0
25,25,7.848071394205541,5.708978635317933,0.0,0.0,0.0,1.0,0.0,0.0
26,25,0.8484458110354621,0.7540091205141976,0.0,0.0,0.0,0.0,0.0,1.0
27,25,9.144710721104351,5.246598592359444,0.0,0.0,0.0,0.0,0.0,0.0
28,25,6.979770387775481,3.986301972310228,0.0,1.0,0.0,0.0,0.0,0.0
29,25,7.739815822624722,1.9372140638239443,0.0,0.0,1.0,1.0,1.0,1.0
0,30,10.959357380564432,0.8592886887767318,0.0,0.0,0.0,0.0,0.0,0.0
1,30,7.126291127947825,12.0,1.0,0.0,0.0,1.0,0.0,1.0
2,30,5.322123972946489,3.276741471672894,0.0,0.0,0.0,1.0,0.0,0.0
3,30,3.286929632802683,11.967092354876511,0.0,1.0,0.0,1.0,1.0,0.0
4,30,9.342496237525568,11.197575947152345,1.0,0.0,0.0,1.0,0.0,1.0
5,30,0.6289287714847503,5.002715725879798,1.0,0.0,1.0,0.0,1.0,0.0
6,30,1.3132971226132228,5.275533606855723,0.0,1.0,1.0,1.0,1.0,1.0
7,30,11.544632067678656,5.927521073725107,0.0,0.0,1.0,1.0,1.0,0.0
8,30,5.845168822144923,7.164733508025818,0.0,1.0,1.0,0.0,0.0,0.0
9,30,2.30551580120289,5.63102580902406,1.0,0.0,1.0,1.0,1.0,1.0
10,30,6.803950603563694,5.054880474600234,0.0,1.0,0.0,1.0,1.0,0.0
11,30,4.823820804600392,0.5393267814080915,1.0,1.0,0.0,1.0,0.0,1.0
12,30,5.723625764271814,1.1755412312548916,0.0,0.0,0.0,1.0,1.0,0.0
13,30,9.058335072264516,4.071252265116093,1.0,0.0,0.0,0.0,0.0,0.0
14,30,9.224022761649715,11.684864867546056,0.0,0.0,1.0,0.0,1.0,0.0
15,30,0.920124237437128,3.3582130378509416,0.0,1.0,0.0,0.0,1.0,1.0
16,30,1.9473880735843432,4.613270637538538,0.0,0.0,0.0,0.0,0.0,1.0
17,30,5.338800838408579,3.754264622787608,1.0,0.0,0.0,1.0,1.0,0.0
18,30,8.101347953103723,8.930560676361958,1.0,1.0,1.0,0.0,1.0,1.0
19,30,4.105503613213615,12.0,0.0,0.0,1.0,0.0,0.0,1.0
20,30,6.715134361082066,5.575564930270165,1.0,0.0,0.0,1.0,0.0,0.0
21,30,3.066553503473211,7.103786041844125,0.0,0.0,0.0,1.0,1.0,0.0
22,30,7.1784206805032165,1.2824746901947712,0.0,0.0,1.0,0.0,1.0,0.0
23,30,9.887545718647344,3.263043644059352,1.0,1.0,0.0,1.0,0.0,1.0
24,30,3.570241857148021,11.105792206276774,0.0,1.0,0.0,0.0,0.0,0.0
25,30,7.826053695851432,5.669752192556322,0.0,0.0,0.0,1.0,0.0,0.0
26,30,0.8374206404334782,0.7378381464627007,0.0,0.0,0.0,0.0,0.0,1.0
27,30,9.167852335619823,5.289651057544331,0.0,0.0,0.0,0.0,0.0,0.0
28,30,6.993760311684418,3.995267791514815,0.0,1.0,0.0,0.0,0.0,0.0
29,30,7.685238145908533,1.9240872674559024,0.0,0.0,1.0,1.0,1.0,1.0
0,35,10.958621201086054,0.8571542622057684,0.0,0.0,0.0,0.0,0.0,0.0
1,35,7.131777493826706,12.0,1.0,0.0,0.0,1.0,0.0,1.0
2,35,5.366006226200798,3.3149370217880376,0.0,0.0,0.0,1.0,0.0,0.0
3,35,3.286226657063697,11.967255365657335,0.0,1.0,0.0,1.0,1.0,0.0
4,35,9.37442031382258,11.216133784379617,1.0,0.0,0.0,1.0,0.0,1.0
5,35,0.6295173742875612,4.956228705711015,1.0,0.0,1.0,0.0,1.0,0.0
6,35,1.373978793349401,5.224579904994994,0.0,1.0,1.0,1.0,1.0,1.0
7,35,11.632422031817166,5.918453811442783,0.0,0.0,1.0,1.0,1.0,0.0
8,35,5.8438970021035015,7.166170748070558,0.0,1.0,1.0,0.0,0.0,0.0
9,35,2.361897926340269,5.753996238190899,1.0,0.0,1.0,1.0,1.0,1.0
10,35,6.7830893222125646,5.062031014876318,0.0,1.0,0.0,1.0,1.0,0.0
11,35,4.787208539985252,0.6491489482374534,1.0,1.0,0.0,1.0,0.0,1.0
12,35,5.657792218696596,1.2161755709918547,0.0,0.0,0.0,1.0,1.0,0.0
13,35,9.06491654486578,4.08089129985308,1.0,0.0,0.0,0.0,0.0,0.0
14,35,9.248027498488906,11.652447684770571,0.0,0.0,1.0,0.0,1.0,0.0
15,35,0.9141044675012892,3.38633526070517,0.0,1.0,0.0,0.0,1.0,1.0
16,35,1.9425143871341823,4.5754133876416185,0.0,0.0,0.0,0.0,0.0,1.0
17,35,5.40069407123996,3.884132182990703,1.0,0.0,0.0,1.0,1.0,0.0
18,35,8.115094583307867,8.921015310005812,1.0,1.0,1.0,0.0,1.0,1.0
19,35,4.117439648684848,12.0,0.0,0.0,1.0,0.0,0.0,1.0
20,35,6.675040260172037,5.513659325447532,1.0,0.0,0.0,1.0,0.0,0.0
21,35,3.078254103631771,7.121740858775675,0.0,0.0,0.0,1.0,1.0,0.0
22,35,7.207350869007733,1.331494255483952,0.0,0.0,1.0,0.0,1.0,0.0
23,35,9.887564809097746,3.262998312252611,1.0,1.0,0.0,1.0,0.0,1.0
24,35,3.491739145438454,11.12683011590332,0.0,1.0,0.0,0.0,0.0,0.0
25,35,7.794494583933464,5.610612251098442,0.0,0.0,0.0,1.0,0.0,0.0
26,35,0.8388479131596319,0.7398891437645985,0.0,0.0,0.0,0.0,0.0,1.0
27,35,9.202966580625754,5.354538382868025,0.0,0.0,0.0,0.0,0.0,0.0
28,35,7.003728380147134,4.001530830369291,0.0,1.0,0.0,0.0,0.0,0.0
29,35,7.621888514413424,1.911651448191288,0.0,0.0,1.0,1.0,1.0,1.0
0,40,10.957136230512646,0.8531408406695189,0.0,0.0,0.0,0.0,0.0,0.0
1,40,7.134882021310548,12.0,1.0,0.0,0.0,1.0,0.0,1.0
2,40,5.403858927528094,3.3490357044670973,0.0,0.0,0.0,1.0,0.0,0.0
3,40,3.277721486159734,11.969189179935226,0.0,1.0,0.0,1.0,1.0,0.0
4,40,9.39840832936277,11.229276949725085,1.0,0.0,0.0,1.0,0.0,1.0
5,40,0.6307040237038372,4.901459844489855,1.0,0.0,1.0,0.0,1.0,0.0
6,40,1.4247108261119286,5.1841295795698885,0.0,1.0,1.0,1.0,1.0,1.0
7,40,11.723305471635271,5.908904170754584,0.0,0.0,1.0,1.0,1.0,0.0
8,40,5.83331510570713,7.178569449654786,0.0,1.0,1.0,0.0,0.0,0.0
9,40,2.412124382304344,5.860542217140942,1.0,0.0,1.0,1.0,1.0,1.0
10,40,6.789214826231266,5.079814163429554,0.0,1.0,0.0,1.0,1.0,0.0
11,40,4.750294354822361,0.7598945847907065,1.0,1.0,0.0,1.0,0.0,1.0
12,40,5.605820699487921,1.2500472870603556,0.0,0.0,0.0,1.0,1.0,0.0
13,40,9.062423600576528,4.077428194886997,1.0,0.0,0.0,0.0,0.0,0.0
14,40,9.269930956778705,11.62075723453463,0.0,0.0,1.0,0.0,1.0,0.0
15,40,0.9061401959361748,3.424994834585493,0.0,1.0,0.0,0.0,1.0,1.0
16,40,1.935051835865928,4.52223243250949,0.0,0.0,0.0,0.0,0.0,1.0
17,40,5.45428542735236,4.011794291369378,1.0,0.0,0.0,1.0,1.0,0.0
18,40,8.12067212509923,8.916923977676293,1.0,1.0,1.0,0.0,1.0,1.0
19,40,4.133906226637193,12.0,0.0,0.0,1.0,0.0,0.0,1.0
20,40,6.62378481093296,5.434508187149087,1.0,0.0,0.0,1.0,0.0,0.0
21,40,3.0859489062943437,7.132935936263759,0.0,0.0,0.0,1.0,1.0,0.0
22,40,7.235496777919536,1.3768066450402463,0.0,0.0,1.0,0.0,1.0,0.0
23,40,9.882230408500588,3.27542217587838,1.0,1.0,0.0,1.0,0.0,1.0
24,40,3.431541633026836,11.143260541917634,0.0,1.0,0.0,0.0,0.0,0.0
25,40,7.754302434389543,5.532580053625534,0.0,0.0,0.0,1.0,0.0,0.0
26,40,0.8360932916177696,0.7358987665885256,0.0,0.0,0.0,0.0,0.0,1.0
27,40,9.236100674424248,5.414426971143777,0.0,0.0,0.0,0.0,0.0,0.0
28,40,6.991139778887345,3.9936723668989353,0.0,1.0,0.0,0.0,0.0,0.0
29,40,7.573886019432933,1.9021295434374017,0.0,0.0,1.0,1.0,1.0,1.0
0,45,10.958032327422831,0.8557719723871218,0.0,0.0,0.0,0.0,0.0,0.0
1,45,7.135790796637007,12.0,1.0,0.0,0.0,1.0,0.0,1.0
2,45,5.43346742685387,3.375971586525084,0.0,0.0,0.0,1.0,0.0,0.0
3,45,3.2751230390369925,11.969806157372672,0.0,1.0,0.0,1.0,1.0,0.0
4,45,9.429227090201383,11.246648542613666,1.0,0.0,0.0,1.0,0.0,1.0
5,45,0.631516832102559,4.84425865570678,1.0,0.0,1.0,0.0,1.0,0.0
6,45,1.473545929869664,5.146206865644783,0.0,1.0,1.0,1.0,1.0,1.0
7,45,11.813180638025798,5.899525509479782,0.0,0.0,1.0,1.0,1.0,0.0
8,45,5.833118015564343,7.178804704071363,0.0,1.0,1.0,0.0,0.0,0.0
9,45,2.459241601604305,5.9620294365693525,1.0,0.0,1.0,1.0,1.0,1.0
10,45,6.794299208361335,5.09459422989192,0.0,1.0,0.0,1.0,1.0,0.0
11,45,4.7103655684886885,0.8769023261420786,1.0,1.0,0.0,1.0,0.0,1.0
12,45,5.549558030183293,1.284750722185368,0.0,0.0,0.0,1.0,1.0,0.0
13,45,9.047822792432152,4.05734015438933,1.0,0.0,0.0,0.0,0.0,0.0
14,45,9.295241959069656,11.585190471379097,0.0,0.0,1.0,0.0,1.0,0.0
15,45,0.8979462769123101,3.465462137806732,0.0,1.0,0.0,0.0,1.0,1.0
16,45,1.928422508365594,4.4741354291426,0.0,0.0,0.0,0.0,0.0,1.0
17,45,5.5131477955650245,4.142821860000992,1.0,0.0,0.0,1.0,1.0,0.0
18,45,8.1242955756617,8.914309739434007,1.0,1.0,1.0,0.0,1.0,1.0
19,45,4.150202361798373,12.0,0.0,0.0,1.0,0.0,0.0,1.0
20,45,6.569865411837427,5.349588467927783,1.0,0.0,0.0,1.0,0.0,0.0
21,45,3.058159260389434,7.151885424507384,0.0,0.0,0.0,1.0,1.0,0.0
22,45,7.274786559870328,1.440224357135894,0.0,0.0,1.0,0.0,1.0,0.0
23,45,9.88623366033347,3.266184339604132,1.0,1.0,0.0,1.0,0.0,1.0
24,45,3.3710860538428227,11.159858121357033,0.0,1.0,0.0,0.0,0.0,0.0
25,45,7.706079782841294,5.4427578201555,0.0,0.0,0.0,1.0,0.0,0.0
26,45,0.8344891204100602,0.7335500611323252,0.0,0.0,0.0,0.0,0.0,1.0
27,45,9.266374933796197,5.468082277411673,0.0,0.0,0.0,0.0,0.0,0.0
28,45,6.955572062564149,3.970826160745772,0.0,1.0,0.0,0.0,0.0,0.0
29,45,7.536972487305502,1.8949616082371887,0.0,0.0,1.0,1.0,1.0,1.0
0,50,10.968619080910688,0.8884831741840984,0.0,0.0,0.0,0.0,0.0,0.0
1,50,7.135489037861992,11.999329773508183,1.0,0.0,0.0,1.0,0.0,1.0
2,50,5.470643298277401,3.41050528405282,0.0,0.0,0.0,1.0,0.0,0.0
3,50,3.250237803126553,11.97476536294832,0.0,1.0,0.0,1.0,1.0,0.0
4,50,9.459551080732988,11.264397634143146,1.0,0.0,0.0,1.0,0.0,1.0
5,50,0.6324783483727652,4.777596612850504,1.0,0.0,1.0,0.0,1.0,0.0
6,50,1.520960897408958,5.108262955547834,0.0,1.0,1.0,1.0,1.0,1.0
7,50,11.900502081402545,5.886941999060766,0.0,0.0,1.0,1.0,1.0,0.0
8,50,5.822299510812265,7.190982961685506,0.0,1.0,1.0,0.0,0.0,0.0
9,50,2.514560836365459,6.085991789002667,1.0,0.0,1.0,1.0,1.0,1.0
10,50,6.796755861456163,5.1016424615237606,0.0,1.0,0.0,1.0,1.0,0.0
11,50,4.6623062836314615,1.0093939514348471,1.0,1.0,0.0,1.0,0.0,1.0
12,50,5.48560157123924,1.3226522954467088,0.0,0.0,0.0,1.0,1.0,0.0
13,50,9.030737328927811,4.033439158925019,1.0,0.0,0.0,0.0,0.0,0.0
14,50,9.31089309315763,11.563231709731632,0.0,0.0,1.0,0.0,1.0,0.0
15,50,0.8924990955739563,3.4948351828570665,0.0,1.0,0.0,0.0,1.0,1.0
16,50,1.9211038396196365,4.425719818163815,0.0,0.0,0.0,0.0,0.0,1.0
17,50,5.575142234138456,4.275583311474041,1.0,0.0,0.0,1.0,1.0,0.0
18,50,8.14067479948215,8.90229162250557,1.0,1.0,1.0,0.0,1.0,1.0
19,50,4.174078876816269,12.0,0.0,0.0,1.0,0.0,0.0,1.0
20,50,6.518859688439885,5.269182986821539,1.0,0.0,0.0,1.0,0.0,0.0
21,50,2.999573485857699,7.191357189228438,0.0,0.0,0.0,1.0,1.0,0.0
22,50,7.3099270093551985,1.4944877104511758,0.0,0.0,1.0,0.0,1.0,0.0
23,50,9.889964588829177,3.257807043123562,1.0,1.0,0.0,1.0,0.0,1.0
24,50,3.286901111212478,11.182578165379557,0.0,1.0,0.0,0.0,0.0,0.0
25,50,7.645889279609372,5.328833058197152,0.0,0.0,0.0,1.0,0.0,0.0
26,50,0.8307559394048812,0.7282335379672837,0.0,0.0,0.0,0.0,0.0,1.0
27,50,9.299911960896752,5.524475234542166,0.0,0.0,0.0,0.0,0.0,0.0
28,50,6.921371920527828,3.9491792527327454,0.0,1.0,0.0,0.0,0.0,0.0
29,50,7.519704305379575,1.892008789308692,0.0,0.0,1.0,1.0,1.0,1.0
0,55,10.979578695177617,0.924592224105781,0.0,0.0,0.0,0.0,0.0,0.0
1,55,7.1323575503543655,11.992372655487175,1.0,0.0,0.0,1.0,0.0,1.0
2,55,5.50110437116466,3.439372334385092,0.0,0.0,0.0,1.0,0.0,0.0
3,55,3.23914400345517,11.976881628056969,0.0,1.0,0.0,1.0,1.0,0.0
4,55,9.490581141233172,11.281883717476443,1.0,0.0,0.0,1.0,0.0,1.0
5,55,0.6354175542459848,4.711095021550836,1.0,0.0,1.0,0.0,1.0,0.0
6,55,1.5600295127601005,5.077825025388842,0.0,1.0,1.0,1.0,1.0,1.0
7,55,11.989620444018422,5.876042849624621,0.0,0.0,1.0,1.0,1.0,0.0
8,55,5.80338376089681,7.212965873221598,0.0,1.0,1.0,0.0,0.0,0.0
9,55,2.5736362702375577,6.220042741350403,1.0,0.0,1.0,1.0,1.0,1.0
10,55,6.801009963104884,5.113486501867033,0.0,1.0,0.0,1.0,1.0,0.0
11,55,4.614789836476612,1.1235460480979198,1.0,1.0,0.0,1.0,0.0,1.0
12,55,5.407644158758316,1.3697772616502464,0.0,0.0,0.0,1.0,1.0,0.0
13,55,9.031599070935654,4.034646407078458,1.0,0.0,0.0,0.0,0.0,0.0
14,55,9.321777370732006,11.548073431586806,0.0,0.0,1.0,0.0,1.0,0.0
15,55,0.8835288302693343,3.541945466342669,0.0,1.0,0.0,0.0,1.0,1.0
16,55,1.9151540271774168,4.391398574809605,0.0,0.0,0.0,0.0,0.0,1.0
17,55,5.634537971532564,4.399464795545511,1.0,0.0,0.0,1.0,1.0,0.0
18,55,8.14199899858789,8.901337777745015,1.0,1.0,1.0,0.0,1.0,1.0
19,55,4.196975693070402,12.0,0.0,0.0,1.0,0.0,0.0,1.0
20,55,6.474014712881883,5.19921008099908,1.0,0.0,0.0,1.0,0.0,0.0
21,55,2.927038906831193,7.2399255112404735,0.0,0.0,0.0,1.0,1.0,0.0
22,55,7.346883272881135,1.5525936192741256,0.0,0.0,1.0,0.0,1.0,0.0
23,55,9.885340192975145,3.268617138912445,1.0,1.0,0.0,1.0,0.0,1.0
24,55,3.188491946615942,11.210036736404552,0.0,1.0,0.0,0.0,0.0,0.0
25,55,7.578890284379973,5.202546759946533,0.0,0.0,0.0,1.0,0.0,0.0
26,55,0.831533494267965,0.7292868694519505,0.0,0.0,0.0,0.0,0.0,1.0
27,55,9.335646879677842,5.583693048759909,0.0,0.0,0.0,0.0,0.0,0.0
28,55,6.8610254276932405,3.911519478165288,0.0,1.0,0.0,0.0,0.0,0.0
29,55,7.489603684294166,1.8867482086007767,0.0,0.0,1.0,1.0,1.0,1.0
0,60,10.989363297974602,0.960053046424408,0.0,0.0,0.0,0.0,0.0,0.0
1,60,7.136578911967532,12.0,1.0,0.0,0.0,1.0,0.0,1.0
2,60,5.543526059698757,3.478460563966556,0.0,0.0,0.0,1.0,0.0,0.0
3,60,3.23237649321026,11.97812952319398,0.0,1.0,0.0,1.0,1.0,0.0
4,60,9.533923136155632,11.306647317281325,1.0,0.0,0.0,1.0,0.0,1.0
5,60,0.6408293558408394,4.6193533355475145,1.0,0.0,1.0,0.0,1.0,0.0
6,60,1.5974783807712174,5.047048879680236,0.0,1.0,1.0,1.0,1.0,1.0
7,60,12.0,5.868190315897929,0.0,0.0,1.0,1.0,1.0,0.0
8,60,5.774516325110144,7.248200621146768,0.0,1.0,1.0,0.0,0.0,0.0
9,60,2.6303044261178696,6.362802035663393,1.0,0.0,1.0,1.0,1.0,1.0
10,60,6.801977399102163,5.116074498441748,0.0,1.0,0.0,1.0,1.0,0.0
11,60,4.565880102530434,1.234577209663544,1.0,1.0,0.0,1.0,0.0,1.0
12,60,5.329948074027293,1.4155080929013162,0.0,0.0,0.0,1.0,1.0,0.0
13,60,9.028606102522517,4.030635508240604,1.0,0.0,0.0,0.0,0.0,0.0
14,60,9.333172266932692,11.53204243586095,0.0,0.0,1.0,0.0,1.0,0.0
15,60,0.8752254897041406,3.585421216179254,0.0,1.0,0.0,0.0,1.0,1.0
16,60,1.9058599204579,4.337739661091411,0.0,0.0,0.0,0.0,0.0,1.0
17,60,5.685773448344181,4.513855384816583,1.0,0.0,0.0,1.0,1.0,0.0
18,60,8.147395455613285,8.897424482713534,1.0,1.0,1.0,0.0,1.0,1.0
19,60,4.216231678347993,12.0,0.0,0.0,1.0,0.0,0.0,1.0
20,60,6.435963746368412,5.143624848962995,1.0,0.0,0.0,1.0,0.0,0.0
21,60,2.8308361616433784,7.303514492091679,0.0,0.0,0.0,1.0,1.0,0.0
22,60,7.4020927181473555,1.638545573346193,0.0,0.0,1.0,0.0,1.0,0.0
23,60,9.878792221034562,3.28400818670108,1.0,1.0,0.0,1.0,0.0,1.0
24,60,3.0952891097490696,11.23472547252508,0.0,1.0,0.0,0.0,0.0,0.0
25,60,7.499984199598531,5.057415926072879,0.0,0.0,0.0,1.0,0.0,0.0
26,60,0.8451299991873386,0.748068950930992,0.0,0.0,0.0,0.0,0.0,1.0
27,60,9.371065563676966,5.641987054422707,0.0,0.0,0.0,0.0,0.0,0.0
28,60,6.791481214899765,3.869346542256113,0.0,1.0,0.0,0.0,0.0,0.0
29,60,7.461513121451599,1.8809106169724512,0.0,0.0,1.0,1.0,1.0,1.0
0,65,10.99399324697398,0.9765240417411194,0.0,0.0,0.0,0.0,0.0,0.0
1,65,7.139876881768913,12.0,1.0,0.0,0.0,1.0,0.0,1.0
2,65,5.579631093653537,3.511237865437267,0.0,0.0,0.0,1.0,0.0,0.0
3,65,3.190056499425086,11.986363827159137,0.0,1.0,0.0,1.0,1.0,0.0
4,65,9.568346638768103,11.325921141853728,1.0,0.0,0.0,1.0,0.0,1.0
5,65,0.6464178232739841,4.536314844299487,1.0,0.0,1.0,0.0,1.0,0.0
6,65,1.631625346076528,5.020705776762804,0.0,1.0,1.0,1.0,1.0,1.0
7,65,12.0,5.862709772111225,0.0,0.0,1.0,1.0,1.0,0.0
8,65,5.751817677957105,7.276584933252447,0.0,1.0,1.0,0.0,0.0,0.0
9,65,2.68165720039258,6.495686512812938,1.0,0.0,1.0,1.0,1.0,1.0
10,65,6.79397836730632,5.093810482640915,0.0,1.0,0.0,1.0,1.0,0.0
11,65,4.519371764528804,1.3497575880290886,1.0,1.0,0.0,1.0,0.0,1.0
12,65,5.250196922126415,1.4638231046240588,0.0,0.0,0.0,1.0,1.0,0.0
13,65,9.026806867756626,4.028328629559477,1.0,0.0,0.0,0.0,0.0,0.0
14,65,9.34220790410154,11.518926601046696,0.0,0.0,1.0,0.0,1.0,0.0
15,65,0.8638330529790741,3.6416871625117087,0.0,1.0,0.0,0.0,1.0,1.0
16,65,1.897618602995293,4.2928420879541065,0.0,0.0,0.0,0.0,0.0,1.0
17,65,5.741951621291076,4.636120953618829,1.0,0.0,0.0,1.0,1.0,0.0
18,65,8.154211237434708,8.892931848219314,1.0,1.0,1.0,0.0,1.0,1.0
19,65,4.239522031471244,12.0,0.0,0.0,1.0,0.0,0.0,1.0
20,65,6.39527722097726,5.082381273721177,1.0,0.0,0.0,1.0,0.0,0.0
21,65,2.726213476344426,7.367680220374738,0.0,0.0,0.0,1.0,1.0,0.0
22,65,7.448812742774102,1.7082071980748024,0.0,0.0,1.0,0.0,1.0,0.0
23,65,9.875938940179797,3.290660723251436,1.0,1.0,0.0,1.0,0.0,1.0
24,65,3.0119271260694185,11.257441483337418,0.0,1.0,0.0,0.0,0.0,0.0
25,65,7.420683482280464,4.918123967652138,0.0,0.0,0.0,1.0,0.0,0.0
26,65,0.8684569273423554,0.7781205436468064,0.0,0.0,0.0,0.0,0.0,1.0
27,65,9.411346926407472,5.709181938815608,0.0,0.0,0.0,0.0,0.0,0.0
28,65,6.71647003865559,3.82457048361999,0.0,1.0,0.0,0.0,0.0,0.0
29,65,7.436904240927093,1.875917146877576,0.0,0.0,1.0,1.0,1.0,1.0
0,70,11.00017778433524,0.9990316101968496,0.0,0.0,0.0,0.0,0.0,0.0
1,70,7.146744154410284,12.0,1.0,0.0,0.0,1.0,0.0,1.0
2,70,5.617222831267057,3.5447408752483014,0.0,0.0,0.0,1.0,0.0,0.0
3,70,3.1448358476216,11.994451987064805,0.0,1.0,0.0,1.0,1.0,0.0
4,70,9.609058818956608,11.3489082594027,1.0,0.0,0.0,1.0,0.0,1.0
5,70,0.6527999212849062,4.440266565496795,1.0,0.0,1.0,0.0,1.0,0.0
6,70,1.6671741030319749,4.9935698036951015,0.0,1.0,1.0,1.0,1.0,1.0
7,70,12.0,5.859158835916939,0.0,0.0,1.0,1.0,1.0,0.0
8,70,5.731720118170802,7.302158638217844,0.0,1.0,1.0,0.0,0.0,0.0
9,70,2.738064236898793,6.636671337388539,1.0,0.0,1.0,1.0,1.0,1.0
10,70,6.787470956137917,5.076154698634973,0.0,1.0,0.0,1.0,1.0,0.0
11,70,4.477023734945649,1.457755414701454,1.0,1.0,0.0,1.0,0.0,1.0
12,70,5.13316893860895,1.5345551049677433,0.0,0.0,0.0,1.0,1.0,0.0
13,70,9.028806487426966,4.031006491795086,1.0,0.0,0.0,0.0,0.0,0.0
14,70,9.34224704020294,11.51886571773485,0.0,0.0,1.0,0.0,1.0,0.0
15,70,0.852262026648444,3.697704864525819,0.0,1.0,0.0,0.0,1.0,1.0
16,70,1.8945122217932489,4.276142206647193,0.0,0.0,0.0,0.0,0.0,1.0
17,70,5.789554597443533,4.737463894925298,1.0,0.0,0.0,1.0,1.0,0.0
18,70,8.166692632461427,8.884576081698025,1.0,1.0,1.0,0.0,1.0,1.0
19,70,4.264808460537122,12.0,0.0,0.0,1.0,0.0,0.0,1.0
20,70,6.360023974137283,5.025693233775365,1.0,0.0,0.0,1.0,0.0,0.0
21,70,2.6334447060046293,7.424168697654478,0.0,0.0,0.0,1.0,1.0,0.0
22,70,7.483971454358049,1.758665942173587,0.0,0.0,1.0,0.0,1.0,0.0
23,70,9.874467505027797,3.294299482534494,1.0,1.0,0.0,1.0,0.0,1.0
24,70,2.9363869371144022,11.279137139023698,0.0,1.0,0.0,0.0,0.0,0.0
25,70,7.332304312595399,4.7604534718413,0.0,0.0,0.0,1.0,0.0,0.0
26,70,0.9008429553674716,0.8199105136366984,0.0,0.0,0.0,0.0,0.0,1.0
27,70,9.456337050682707,5.781400221301939,0.0,0.0,0.0,0.0,0.0,0.0
28,70,6.612722526681507,3.762342102716717,0.0,1.0,0.0,0.0,0.0,0.0
29,70,7.3856045519813405,1.8658588218685213,0.0,0.0,1.0,1.0,1.0,1.0
0,75,11.006054438708473,1.0224617217915053,0.0,0.0,0.0,0.0,0.0,0.0
1,75,7.15316745999655,12.0,1.0,0.0,0.0,1.0,0.0,1.0
2,75,5.647646431444171,3.5724487892517733,0.0,0.0,0.0,1.0,0.0,0.0
3,75,3.112023227161653,12.0,0.0,1.0,0.0,1.0,1.0,0.0
4,75,9.660819903605534,11.376655162207586,1.0,0.0,0.0,1.0,0.0,1.0
5,75,0.660741319647269,4.30803226483319,1.0,0.0,1.0,0.0,1.0,0.0
6,75,1.6977716171007105,4.96915136385612,0.0,1.0,1.0,1.0,1.0,1.0
7,75,12.0,5.853393323169558,0.0,0.0,1.0,1.0,1.0,0.0
8,75,5.725464151544057,7.310121829314197,0.0,1.0,1.0,0.0,0.0,0.0
9,75,2.7974467364348974,6.777715793608371,1.0,0.0,1.0,1.0,1.0,1.0
10,75,6.786325659340048,5.072683821356512,0.0,1.0,0.0,1.0,1.0,0.0
11,75,4.445036749011176,1.539505359861295,1.0,1.0,0.0,1.0,0.0,1.0
12,75,5.0186483391259,1.6002742938275505,0.0,0.0,0.0,1.0,1.0,0.0
13,75,9.018057082392698,4.016325172865312,1.0,0.0,0.0,0.0,0.0,0.0
14,75,9.342085270421464,11.519112387884494,0.0,0.0,1.0,0.0,1.0,0.0
15,75,0.8408334909512318,3.754029718708402,0.0,1.0,0.0,0.0,1.0,1.0
16,75,1.8896729881282823,4.25232091864207,0.0,0.0,0.0,0.0,0.0,1.0
17,75,5.8312521545130895,4.826463533017855,1.0,0.0,0.0,1.0,1.0,0.0
18,75,8.181782866304397,8.874537142959053,1.0,1.0,1.0,0.0,1.0,1.0
19,75,4.290182571133803,12.0,0.0,0.0,1.0,0.0,0.0,1.0
20,75,6.320305894377536,4.962170908350112,1.0,0.0,0.0,1.0,0.0,0.0
21,75,2.54033888511502,7.481219781474389,0.0,0.0,0.0,1.0,1.0,0.0
22,75,7.498778580821879,1.7804431672486505,0.0,0.0,1.0,0.0,1.0,0.0
23,75,9.880592939293848,3.279528367111574,1.0,1.0,0.0,1.0,0.0,1.0
24,75,2.867514502305858,11.297437721924185,0.0,1.0,0.0,0.0,0.0,0.0
25,75,7.244398913673592,4.59541810469027,0.0,0.0,0.0,1.0,0.0,0.0
26,75,0.937619849732289,0.8689434501331652,0.0,0.0,0.0,0.0,0.0,1.0
27,75,9.5100923232767,5.869100143357032,0.0,0.0,0.0,0.0,0.0,0.0
28,75,6.49131224795853,3.684113737755856,0.0,1.0,0.0,0.0,0.0,0.0
29,75,7.333597544609434,1.8548168432324077,0.0,0.0,1.0,1.0,1.0,1.0
0,80,11.01537685777454,1.0623259212508391,0.0,0.0,0.0,0.0,0.0,0.0
1,80,7.152513661290926,11.99861438696125,1.0,0.0,0.0,1.0,0.0,1.0
2,80,5.687569649010705,3.608051659547733,0.0,0.0,0.0,1.0,0.0,0.0
3,80,3.082912909577608,12.0,0.0,1.0,0.0,1.0,1.0,0.0
4,80,9.708604044007732,11.40230968804994,1.0,0.0,0.0,1.0,0.0,1.0
5,80,0.6667679196228233,4.189711116039037,1.0,0.0,1.0,0.0,1.0,0.0
6,80,1.7256841869618662,4.946304784661728,0.0,1.0,1.0,1.0,1.0,1.0
7,80,12.0,5.84656934781496,0.0,0.0,1.0,1.0,1.0,0.0
8,80,5.710388100129131,7.330461031547386,0.0,1.0,1.0,0.0,0.0,0.0
9,80,2.853868255453381,6.913786156879358,1.0,0.0,1.0,1.0,1.0,1.0
10,80,6.785562905257415,5.070170632310212,0.0,1.0,0.0,1.0,1.0,0.0
11,80,4.412608020745846,1.6231677476199031,1.0,1.0,0.0,1.0,0.0,1.0
12,80,4.90848122681725,1.6695621972360222,0.0,0.0,0.0,1.0,1.0,0.0
13,80,8.999846039195036,3.9922537678545984,1.0,0.0,0.0,0.0,0.0,0.0
14,80,9.3433882683798,11.517055662458707,0.0,0.0,1.0,0.0,1.0,0.0
15,80,0.8286547718891483,3.8158999630838415,0.0,1.0,0.0,0.0,1.0,1.0
16,80,1.882403694810147,4.2184532375582,0.0,0.0,0.0,0.0,0.0,1.0
17,80,5.858229879475029,4.890963738836061,1.0,0.0,0.0,1.0,1.0,0.0
18,80,8.217759166029614,8.852152176143617,1.0,1.0,1.0,0.0,1.0,1.0
19,80,4.319713512817411,12.0,0.0,0.0,1.0,0.0,0.0,1.0
20,80,6.283735921894059,4.899388554928982,1.0,0.0,0.0,1.0,0.0,0.0
21,80,2.437438826216467,7.542465344593105,0.0,0.0,0.0,1.0,1.0,0.0
22,80,7.512530389320025,1.7997005509455954,0.0,0.0,1.0,0.0,1.0,0.0
23,80,9.889286679443543,3.260203023977851,1.0,1.0,0.0,1.0,0.0,1.0
24,80,2.7968223381312423,11.317299859870689,0.0,1.0,0.0,0.0,0.0,0.0
25,80,7.174393411747277,4.459581774277435,0.0,0.0,0.0,1.0,0.0,0.0
26,80,0.9582955430800156,0.8956576756263039,0.0,0.0,0.0,0.0,0.0,1.0
27,80,9.559179228715854,5.947429103414543,0.0,0.0,0.0,0.0,0.0,0.0
28,80,6.364892437393029,3.591864546632445,0.0,1.0,0.0,0.0,0.0,0.0
29,80,7.272520649100295,1.842094773565576,0.0,0.0,1.0,1.0,1.0,1.0
0,85,11.024187898875397,1.101010763958185,0.0,0.0,0.0,0.0,0.0,0.0
1,85,7.153774056687053,12.0,1.0,0.0,0.0,1.0,0.0,1.0
2,85,5.739610190965113,3.6543279357052794,0.0,0.0,0.0,1.0,0.0,0.0
3,85,3.0491010377221035,12.0,0.0,1.0,0.0,1.0,1.0,0.0
4,85,9.743710422747732,11.421431179310805,1.0,0.0,0.0,1.0,0.0,1.0
5,85,0.6775733686846676,4.066317765300556,1.0,0.0,1.0,0.0,1.0,0.0
6,85,1.753840778039938,4.923317703467133,0.0,1.0,1.0,1.0,1.0,1.0
7,85,12.0,5.842471252131197,0.0,0.0,1.0,1.0,1.0,0.0
8,85,5.701159347126446,7.3425674129828415,0.0,1.0,1.0,0.0,0.0,0.0
9,85,2.905985236010127,7.039855981191707,1.0,0.0,1.0,1.0,1.0,1.0
10,85,6.785342311018454,5.069424314215407,0.0,1.0,0.0,1.0,1.0,0.0
11,85,4.382772697498553,1.7024184486188536,1.0,1.0,0.0,1.0,0.0,1.0
12,85,4.786701863986323,1.7488856200301452,0.0,0.0,0.0,1.0,1.0,0.0
13,85,8.976597060069086,3.960779900791516,1.0,0.0,0.0,0.0,0.0,0.0
14,85,9.329486392871445,11.540013142973605,0.0,0.0,1.0,0.0,1.0,0.0
15,85,0.8158270564883323,3.879582970823394,0.0,1.0,0.0,0.0,1.0,1.0
16,85,1.8797097242857272,4.2042544532564,0.0,0.0,0.0,0.0,0.0,1.0
17,85,5.887002734286964,4.956058788599033,1.0,0.0,0.0,1.0,1.0,0.0
18,85,8.258481481816956,8.827159518131536,1.0,1.0,1.0,0.0,1.0,1.0
19,85,4.344586094979857,12.0,0.0,0.0,1.0,0.0,0.0,1.0
20,85,6.232360164193043,4.808421907917785,1.0,0.0,0.0,1.0,0.0,0.0
21,85,2.362001044784926,7.58876634738064,0.0,0.0,0.0,1.0,1.0,0.0
22,85,7.525054540952416,1.8162861056917377,0.0,0.0,1.0,0.0,1.0,0.0
23,85,9.894777661919758,3.247370912468354,1.0,1.0,0.0,1.0,0.0,1.0
24,85,2.7136799430827967,11.338453274050094,0.0,1.0,0.0,0.0,0.0,0.0
25,85,7.102069289942014,4.3172959697919415,0.0,0.0,0.0,1.0,0.0,0.0
26,85,0.968044144859505,0.9077695429225544,0.0,0.0,0.0,0.0,0.0,1.0
27,85,9.61098706938446,6.025450819927108,0.0,0.0,0.0,0.0,0.0,0.0
28,85,6.241085018307475,3.498176318587789,0.0,1.0,0.0,0.0,0.0,0.0
29,85,7.208528085429997,1.8288533034002168,0.0,0.0,1.0,1.0,1.0,1.0
0,90,11.035307061935974,1.144351847355205,0.0,0.0,0.0,0.0,0.0,0.0
1,90,7.147463638794712,11.987639233046083,1.0,0.0,0.0,1.0,0.0,1.0
2,90,5.787938689673093,3.6974454508358985,0.0,0.0,0.0,1.0,0.0,0.0
3,90,3.0162023819398174,12.0,0.0,1.0,0.0,1.0,1.0,0.0
4,90,9.790724335146674,11.447288609835992,1.0,0.0,0.0,1.0,0.0,1.0
5,90,0.6900718226850479,3.941121407969287,1.0,0.0,1.0,0.0,1.0,0.0
6,90,1.786395414496578,4.895994994307226,0.0,1.0,1.0,1.0,1.0,1.0
7,90,12.0,5.840963402695027,0.0,0.0,1.0,1.0,1.0,0.0
8,90,5.686093656048021,7.362083842014937,0.0,1.0,1.0,0.0,0.0,0.0
9,90,2.9636364786567717,7.179410710494996,1.0,0.0,1.0,1.0,1.0,1.0
10,90,6.78602246483342,5.071800720318758,0.0,1.0,0.0,1.0,1.0,0.0
11,90,4.36223421479019,1.7604589842142595,1.0,1.0,0.0,1.0,0.0,1.0
12,90,4.64523761063229,1.843903293783708,0.0,0.0,0.0,1.0,1.0,0.0
13,90,8.95738064321808,3.934601634637392,1.0,0.0,0.0,0.0,0.0,0.0
14,90,9.312166062461635,11.5684396098493,0.0,0.0,1.0,0.0,1.0,0.0
15,90,0.8021030253553312,3.939556043865693,0.0,1.0,0.0,0.0,1.0,1.0
16,90,1.875734557800916,4.183429070936455,0.0,0.0,0.0,0.0,0.0,1.0
17,90,5.918551666014846,5.025436798104433,1.0,0.0,0.0,1.0,1.0,0.0
18,90,8.28656378944901,8.809045330306313,1.0,1.0,1.0,0.0,1.0,1.0
19,90,4.3679666816326925,12.0,0.0,0.0,1.0,0.0,0.0,1.0
20,90,6.180233927159926,4.718505983953252,1.0,0.0,0.0,1.0,0.0,0.0
21,90,2.277995173186567,7.641731170236056,0.0,0.0,0.0,1.0,1.0,0.0
22,90,7.533454027926274,1.8269643329295604,0.0,0.0,1.0,0.0,1.0,0.0
23,90,9.901150468660411,3.232782997767558,1.0,1.0,0.0,1.0,0.0,1.0
24,90,2.627125178619928,11.359120444216632,0.0,1.0,0.0,0.0,0.0,0.0
25,90,7.021988715155138,4.154009238206112,0.0,0.0,0.0,1.0,0.0,0.0
26,90,0.9713907635432472,0.9119573208103902,0.0,0.0,0.0,0.0,0.0,1.0
27,90,9.6529356654922,6.089028354828058,0.0,0.0,0.0,0.0,0.0,0.0
28,90,6.131485848503667,3.4142854620838103,0.0,1.0,0.0,0.0,0.0,0.0
29,90,7.177617289456767,1.8220311568015204,0.0,0.0,1.0,1.0,1.0,1.0
0,95,11.040254492865795,1.1656281170387517,0.0,0.0,0.0,0.0,0.0,0.0
1,95,7.138703512043328,11.97168396908391,1.0,0.0,0.0,1.0,0.0,1.0
2,95,5.845309601289297,3.7492374215716335,0.0,0.0,0.0,1.0,0.0,0.0
3,95,2.994118844966097,12.0,0.0,1.0,0.0,1.0,1.0,0.0
4,95,9.827010636936995,11.467226505606147,1.0,0.0,0.0,1.0,0.0,1.0
5,95,0.7014357829196921,3.834641307343942,1.0,0.0,1.0,0.0,1.0,0.0
6,95,1.8287401239514804,4.860494003981568,0.0,1.0,1.0,1.0,1.0,1.0
7,95,12.0,5.908856374771921,0.0,0.0,1.0,1.0,1.0,0.0
8,95,5.657607177905544,7.3996637878693425,0.0,1.0,1.0,0.0,0.0,0.0
9,95,3.0196520075767346,7.315914490649142,1.0,0.0,1.0,1.0,1.0,1.0
10,95,6.782664687486675,5.060746262535778,0.0,1.0,0.0,1.0,1.0,0.0
11,95,4.334918068127661,1.8285039802533984,1.0,1.0,0.0,1.0,0.0,1.0
12,95,4.488961746752231,1.9561664691135947,0.0,0.0,0.0,1.0,1.0,0.0
13,95,8.931632802048645,3.899504187492932,1.0,0.0,0.0,0.0,0.0,0.0
14,95,9.282238225711447,11.616831370119712,0.0,0.0,1.0,0.0,1.0,0.0
15,95,0.7921648674046338,3.9849096268767177,0.0,1.0,0.0,0.0,1.0,1.0
16,95,1.8701095994593933,4.158727791995144,0.0,0.0,0.0,0.0,0.0,1.0
17,95,5.9502350406103846,5.091576566039569,1.0,0.0,0.0,1.0,1.0,0.0
18,95,8.335313429905423,8.777402112499233,1.0,1.0,1.0,0.0,1.0,1.0
19,95,4.389325264075016,12.0,0.0,0.0,1.0,0.0,0.0,1.0
20,95,6.127464411909221,4.625892624481889,1.0,0.0,0.0,1.0,0.0,0.0
21,95,2.175121218367859,7.7073122111158865,0.0,0.0,0.0,1.0,1.0,0.0
22,95,7.543063239742014,1.838945565646642,0.0,0.0,1.0,0.0,1.0,0.0
23,95,9.904701039267994,3.2239937443244826,1.0,1.0,0.0,1.0,0.0,1.0
24,95,2.547949317539281,11.378154543074944,0.0,1.0,0.0,0.0,0.0,0.0
25,95,6.9444861935031685,4.001114675643498,0.0,0.0,0.0,1.0,0.0,0.0
26,95,0.9727354896078668,0.9137018963801312,0.0,0.0,0.0,0.0,0.0,1.0
27,95,9.708624234233856,6.173819919734559,0.0,0.0,0.0,0.0,0.0,0.0
28,95,6.031010416835281,3.3373201617661503,0.0,1.0,0.0,0.0,0.0,0.0
29,95,7.12030017991617,1.807072501211848,0.0,0.0,1.0,1.0,1.0,1.0
0,100,11.05394071640626,1.2236254499377008,0.0,0.0,0.0,0.0,0.0,0.0
1,100,7.127494717452771,11.950915738785874,1.0,0.0,0.0,1.0,0.0,1.0
2,100,5.891938483443206,3.790624929917741,0.0,0.0,0.0,1.0,0.0,0.0
3,100,2.9813972671505096,12.0,0.0,1.0,0.0,1.0,1.0,0.0
4,100,9.85073200100208,11.47981850153914,1.0,0.0,0.0,1.0,0.0,1.0
5,100,0.7097017307635157,3.748208218406581,1.0,0.0,1.0,0.0,1.0,0.0
6,100,1.870809167194733,4.8237259522462805,0.0,1.0,1.0,1.0,1.0,1.0
7,100,12.0,5.9710785154074175,0.0,0.0,1.0,1.0,1.0,0.0
8,100,5.643657366081264,7.417306452530817,0.0,1.0,1.0,0.0,0.0,0.0
9,100,3.0810135715071576,7.45575137890116,1.0,0.0,1.0,1.0,1.0,1.0
10,100,6.77825662083545,5.043167702500433,0.0,1.0,0.0,1.0,1.0,0.0
11,100,4.312689350131538,1.8817282690371016,1.0,1.0,0.0,1.0,0.0,1.0
12,100,4.357617114923265,2.045309110825145,0.0,0.0,0.0,1.0,1.0,0.0
13,100,8.89348361012279,3.9249504299693614,1.0,0.0,0.0,0.0,0.0,0.0
14,100,9.242659513275688,11.682346644585229,0.0,0.0,1.0,0.0,1.0,0.0
15,100,0.7847635454659958,4.024277159419335,0.0,1.0,0.0,0.0,1.0,1.0
16,100,1.858696972716515,4.117652643903971,0.0,0.0,0.0,0.0,0.0,1.0
17,100,5.983340247735809,5.15591672335816,1.0,0.0,0.0,1.0,1.0,0.0
18,100,8.377801498955076,8.750230492355849,1.0,1.0,1.0,0.0,1.0,1.0
19,100,4.411734656523252,12.0,0.0,0.0,1.0,0.0,0.0,1.0
20,100,6.069211330261642,4.5285497562058605,1.0,0.0,0.0,1.0,0.0,0.0
21,100,2.079200793900982,7.766067181410865,0.0,0.0,0.0,1.0,1.0,0.0
22,100,7.562058119454361,1.863855443708723,0.0,0.0,1.0,0.0,1.0,0.0
23,100,9.91188204366903,3.2056122335225448,1.0,1.0,0.0,1.0,0.0,1.0
24,100,2.477475969675162,11.394497753739174,0.0,1.0,0.0,0.0,0.0,0.0
25,100,6.867970851212382,3.843497956529161,0.0,0.0,0.0,1.0,0.0,0.0
26,100,0.982055406129111,0.9254128192951634,0.0,0.0,0.0,0.0,0.0,1.0
27,100,9.75514192868191,6.242643190513058,0.0,0.0,0.0,0.0,0.0,0.0
28,100,5.917481328211618,3.248490839486057,0.0,1.0,0.0,0.0,0.0,0.0
29,100,7.054167500779751,1.7904939537097804,0.0,0.0,1.0,1.0,1.0,1.0
0,105,11.070437232907803,1.2981599506376795,0.0,0.0,0.0,0.0,0.0,0.0
1,105,7.113264526648207,11.92235088889938,1.0,0.0,0.0,1.0,0.0,1.0
2,105,5.929136629634732,3.824737580660904,0.0,0.0,0.0,1.0,0.0,0.0
3,105,2.973934166483329,12.0,0.0,1.0,0.0,1.0,1.0,0.0
4,105,9.841886758896214,11.49621133911158,1.0,0.0,0.0,1.0,0.0,1.0
5,105,0.7200032819884356,3.656976081422097,1.0,0.0,1.0,0.0,1.0,0.0
6,105,1.9085330137398624,4.789197675657986,0.0,1.0,1.0,1.0,1.0,1.0
7,105,12.0,6.023383226880249,0.0,0.0,1.0,1.0,1.0,0.0
8,105,5.642261577823938,7.419092388417005,0.0,1.0,1.0,0.0,0.0,0.0
9,105,3.133486846738456,7.570165629001801,1.0,0.0,1.0,1.0,1.0,1.0
10,105,6.771938730165819,5.017596426295492,0.0,1.0,0.0,1.0,1.0,0.0
11,105,4.29138506907101,1.9319222339526396,1.0,1.0,0.0,1.0,0.0,1.0
12,105,4.240640882601965,2.123945219742421,0.0,0.0,0.0,1.0,1.0,0.0
13,105,8.852725619460564,3.952159042322582,1.0,0.0,0.0,0.0,0.0,0.0
14,105,9.201357493974198,11.752791484045252,0.0,0.0,1.0,0.0,1.0,0.0
15,105,0.7801604405131481,4.049575102495014,0.0,1.0,0.0,0.0,1.0,1.0
16,105,1.8514362052322744,4.091501791005481,0.0,0.0,0.0,0.0,0.0,1.0
17,105,6.01535812831826,5.216858909724452,1.0,0.0,0.0,1.0,1.0,0.0
18,105,8.43239029672626,8.712379102210509,1.0,1.0,1.0,0.0,1.0,1.0
19,105,4.431308725440572,12.0,0.0,0.0,1.0,0.0,0.0,1.0
20,105,6.003460429059705,4.420058118417833,1.0,0.0,0.0,1.0,0.0,0.0
21,105,1.9825656986420843,7.827460607234962,0.0,0.0,0.0,1.0,1.0,0.0
22,105,7.579076869972406,1.8865274427958376,0.0,0.0,1.0,0.0,1.0,0.0
23,105,9.912974901001038,3.202708591060103,1.0,1.0,0.0,1.0,0.0,1.0
24,105,2.402956173415731,11.41112507899411,0.0,1.0,0.0,0.0,0.0,0.0
25,105,6.806775239953688,3.7147194052921217,0.0,0.0,0.0,1.0,0.0,0.0
26,105,1.0031963714040202,0.9512348353085528,0.0,0.0,0.0,0.0,0.0,1.0
27,105,9.794458888018914,6.299065537739674,0.0,0.0,0.0,0.0,0.0,0.0
28,105,5.808360108123457,3.16719705046788,0.0,1.0,0.0,0.0,0.0,0.0
29,105,6.982299678280355,1.7733443282338548,0.0,0.0,1.0,1.0,1.0,1.0
0,110,11.08622574230626,1.3686242516233216,0.0,0.0,0.0,0.0,0.0,0.0
1,110,7.110375711695184,11.916442993723168,1.0,0.0,0.0,1.0,0.0,1.0
2,110,5.943542653537361,3.837901794756733,0.0,0.0,0.0,1.0,0.0,0.0
3,110,2.9605962569040063,12.0,0.0,1.0,0.0,1.0,1.0,0.0
4,110,9.836430588927923,11.506003401469233,1.0,0.0,0.0,1.0,0.0,1.0
5,110,0.732924542211011,3.553346099399297,1.0,0.0,1.0,0.0,1.0,0.0
6,110,1.9463669314894128,4.754897026607742,0.0,1.0,1.0,1.0,1.0,1.0
7,110,11.999668904667365,6.075421963712651,0.0,0.0,1.0,1.0,1.0,0.0
8,110,5.635300815685684,7.427723557068155,0.0,1.0,1.0,0.0,0.0,0.0
9,110,3.1874450659804494,7.687976140705067,1.0,0.0,1.0,1.0,1.0,1.0
10,110,6.768314080927139,5.001844067323765,0.0,1.0,0.0,1.0,1.0,0.0
11,110,4.264349436615679,1.999616561178175,1.0,1.0,0.0,1.0,0.0,1.0
12,110,4.109002052407936,2.208581998978492,0.0,0.0,0.0,1.0,1.0,0.0
13,110,8.81083211679222,3.978580707018352,1.0,0.0,0.0,0.0,0.0,0.0
14,110,9.153769790257751,11.832066051474229,0.0,0.0,1.0,0.0,1.0,0.0
15,110,0.7745163383003247,4.081927780616335,0.0,1.0,0.0,0.0,1.0,1.0
16,110,1.851365012153105,4.0912293214982425,0.0,0.0,0.0,0.0,0.0,1.0
17,110,6.047000165863836,5.2776207860643485,1.0,0.0,0.0,1.0,1.0,0.0
18,110,8.497395445699155,8.67113166032888,1.0,1.0,1.0,0.0,1.0,1.0
19,110,4.447603000145143,12.0,0.0,0.0,1.0,0.0,0.0,1.0
20,110,5.940814240459631,4.311738374046482,1.0,0.0,0.0,1.0,0.0,0.0
21,110,1.8932288988736787,7.885889594848219,0.0,0.0,0.0,1.0,1.0,0.0
22,110,7.5993676284076415,1.912486982503399,0.0,0.0,1.0,0.0,1.0,0.0
23,110,9.913833366909328,3.20049754506153,1.0,1.0,0.0,1.0,0.0,1.0
24,110,2.3137965040494817,11.432295626507278,0.0,1.0,0.0,0.0,0.0,0.0
25,110,6.750020498636091,3.5884258552275243,0.0,0.0,0.0,1.0,0.0,0.0
26,110,1.0315266714838751,0.9851138420080487,0.0,0.0,0.0,0.0,0.0,1.0
27,110,9.82502792356484,6.344114159174605,0.0,0.0,0.0,0.0,0.0,0.0
28,110,5.688695907235281,3.0808910043491893,0.0,1.0,0.0,0.0,0.0,0.0
29,110,6.908729557594172,1.7567077196677698,0.0,0.0,1.0,1.0,1.0,1.0
0,115,11.001089599903496,1.3895770128613292,0.0,0.0,0.0,0.0,0.0,0.0
1,115,7.102571757501634,11.90105732950657,1.0,0.0,0.0,1.0,0.0,1.0
2,115,5.958178788729562,3.851063075630624,0.0,0.0,0.0,1.0,0.0,0.0
3,115,2.96764222919673,11.998331928909169,0.0,1.0,0.0,1.0,1.0,0.0
4,115,9.83227025294456,11.513444619155674,1.0,0.0,0.0,1.0,0.0,1.0
5,115,0.7456411587900834,3.46721399343542,1.0,0.0,1.0,0.0,1.0,0.0
6,115,1.98402717233292,4.7204534136565774,0.0,1.0,1.0,1.0,1.0,1.0
7,115,12.0,6.16913972754658,0.0,0.0,1.0,1.0,1.0,0.0
8,115,5.630651036641791,7.433475716105683,0.0,1.0,1.0,0.0,0.0,0.0
9,115,3.2377088731864485,7.802929109447056,1.0,0.0,1.0,1.0,1.0,1.0
10,115,6.765515537112114,4.988785295723518,0.0,1.0,0.0,1.0,1.0,0.0
11,115,4.246205511186646,2.0460195720371384,1.0,1.0,0.0,1.0,0.0,1.0
12,115,4.197710484458018,2.343526264847232,0.0,0.0,0.0,1.0,1.0,0.0
13,115,8.7802585236458,3.998188259362732,1.0,0.0,0.0,0.0,0.0,0.0
14,115,9.114604592807815,11.896396171385428,0.0,0.0,1.0,0.0,1.0,0.0
15,115,0.7671592662277006,4.121619740676926,0.0,1.0,0.0,0.0,1.0,1.0
16,115,1.8532921213499107,4.098626257464904,0.0,0.0,0.0,0.0,0.0,1.0
17,115,6.080624146647118,5.344462747317094,1.0,0.0,0.0,1.0,1.0,0.0
18,115,8.564582815922941,8.628891951368564,1.0,1.0,1.0,0.0,1.0,1.0
19,115,4.460982168000986,12.0,0.0,0.0,1.0,0.0,0.0,1.0
20,115,5.88299576913977,4.2048682560850725,1.0,0.0,0.0,1.0,0.0,0.0
21,115,1.809461857656878,7.941757651008603,0.0,0.0,0.0,1.0,1.0,0.0
22,115,7.6120647387574945,1.9276967600817163,0.0,0.0,1.0,0.0,1.0,0.0
23,115,9.913774661215824,3.200657295723766,1.0,1.0,0.0,1.0,0.0,1.0
24,115,2.2304079091253013,11.451689168778364,0.0,1.0,0.0,0.0,0.0,0.0
25,115,6.69908669186794,3.475602621547274,0.0,0.0,0.0,1.0,0.0,0.0
26,115,1.0615132693867342,1.0208121293276593,0.0,0.0,0.0,0.0,0.0,1.0
27,115,9.863374929862887,6.401868182808484,0.0,0.0,0.0,0.0,0.0,0.0
28,115,5.594565699851612,3.0097229975293827,0.0,1.0,0.0,0.0,0.0,0.0
29,115,6.818301380172357,1.7367922224613357,0.0,0.0,1.0,1.0,1.0,1.0
0,120,10.889894441991878,1.421425622244072,0.0,0.0,0.0,0.0,0.0,0.0
1,120,7.083364220028031,11.866468076607028,1.0,0.0,0.0,1.0,0.0,1.0
2,120,5.959166944667301,3.851925607656016,0.0,0.0,0.0,1.0,0.0,0.0
3,120,2.96735327762321,11.998396361204966,0.0,1.0,0.0,1.0,1.0,0.0
4,120,9.81419984789916,11.543509504824844,1.0,0.0,0.0,1.0,0.0,1.0
5,120,0.7601224863240665,3.3762954299990917,1.0,0.0,1.0,0.0,1.0,0.0
6,120,2.0370268131574254,4.672245092616176,0.0,1.0,1.0,1.0,1.0,1.0
7,120,11.998553805539006,6.278226300335095,0.0,0.0,1.0,1.0,1.0,0.0
8,120,5.620576260340239,7.445976049001845,0.0,1.0,1.0,0.0,0.0,0.0
9,120,3.294437615292968,7.923983161929931,1.0,0.0,1.0,1.0,1.0,1.0
10,120,6.7600791897322265,4.964013519733914,0.0,1.0,0.0,1.0,1.0,0.0
11,120,4.230647513240945,2.086167278104905,1.0,1.0,0.0,1.0,0.0,1.0
12,120,4.298022415514462,2.510809350136889,0.0,0.0,0.0,1.0,1.0,0.0
13,120,8.77045209967431,4.004804148476815,1.0,0.0,0.0,0.0,0.0,0.0
14,120,9.08465242599461,11.947915427566048,0.0,0.0,1.0,0.0,1.0,0.0
15,120,0.7606707228147048,4.158649987624001,0.0,1.0,0.0,0.0,1.0,1.0
16,120,1.8508140468675385,4.08836338442278,0.0,0.0,0.0,0.0,0.0,1.0
17,120,6.121339837766175,5.42430121108194,1.0,0.0,0.0,1.0,1.0,0.0
18,120,8.62044300456878,8.594015783514276,1.0,1.0,1.0,0.0,1.0,1.0
19,120,4.471684256597779,12.0,0.0,0.0,1.0,0.0,0.0,1.0
20,120,5.81976380894037,4.089615974598106,1.0,0.0,0.0,1.0,0.0,0.0
21,120,1.7235038820080923,8.001883090428294,0.0,0.0,0.0,1.0,1.0,0.0
22,120,7.624977830313143,1.9441980625821147,0.0,0.0,1.0,0.0,1.0,0.0
23,120,9.920888863814904,3.180742640234804,1.0,1.0,0.0,1.0,0.0,1.0
24,120,2.165405781006031,11.466184340435689,0.0,1.0,0.0,0.0,0.0,0.0
25,120,6.639917681432871,3.346746696080261,0.0,0.0,0.0,1.0,0.0,0.0
26,120,1.0837195882739517,1.0478911847320205,0.0,0.0,0.0,0.0,0.0,1.0
27,120,9.895792226069766,6.447873498662531,0.0,0.0,0.0,0.0,0.0,0.0
28,120,5.48683152423031,2.927353732212261,0.0,1.0,0.0,0.0,0.0,0.0
29,120,6.724277542813663,1.7167941520504186,0.0,0.0,1.0,1.0,1.0,1.0
0,125,10.802311726964124,1.4465201549442004,0.0,0.0,0.0,0.0,0.0,0.0
1,125,7.061200015597669,11.824183088131582,1.0,0.0,0.0,1.0,0.0,1.0
2,125,5.976837297352216,3.866877276186262,0.0,0.0,0.0,1.0,0.0,0.0
3,125,2.962172250877944,11.99957039687802,0.0,1.0,0.0,1.0,1.0,0.0
4,125,9.812204568911808,11.547006400714896,1.0,0.0,0.0,1.0,0.0,1.0
5,125,0.7755324150159486,3.291610400075692,1.0,0.0,1.0,0.0,1.0,0.0
6,125,2.10084240920472,4.6154192513764505,0.0,1.0,1.0,1.0,1.0,1.0
7,125,11.996919448871564,6.358361663277472,0.0,0.0,1.0,1.0,1.0,0.0
8,125,5.61063729436737,7.458123533540127,0.0,1.0,1.0,0.0,0.0,0.0
9,125,3.3407583035512496,8.028475466968672,1.0,0.0,1.0,1.0,1.0,1.0
10,125,6.75798853682395,4.95341822814465,0.0,1.0,0.0,1.0,1.0,0.0
11,125,4.214691772759182,2.1289911146584592,1.0,1.0,0.0,1.0,0.0,1.0
12,125,4.39958193496504,2.680393388799582,0.0,0.0,0.0,1.0,1.0,0.0
13,125,8.760900398864441,4.011125410548914,1.0,0.0,0.0,0.0,0.0,0.0
14,125,9.04648660210732,12.0,0.0,0.0,1.0,0.0,1.0,0.0
15,125,0.7576489439860362,4.175521723840306,0.0,1.0,0.0,0.0,1.0,1.0
16,125,1.8480292164745729,4.077633736863527,0.0,0.0,0.0,0.0,0.0,1.0
17,125,6.150749178840117,5.483461056793637,1.0,0.0,0.0,1.0,1.0,0.0
18,125,8.681319600195618,8.556563691757187,1.0,1.0,1.0,0.0,1.0,1.0
19,125,4.478717855581749,12.0,0.0,0.0,1.0,0.0,0.0,1.0
20,125,5.747991993125827,3.964006731542265,1.0,0.0,0.0,1.0,0.0,0.0
21,125,1.658220248941389,8.0487309789695,0.0,0.0,0.0,1.0,1.0,0.0
22,125,7.636829748257235,1.960590818264789,0.0,0.0,1.0,0.0,1.0,0.0
23,125,9.933020587126723,3.1500519373695246,1.0,1.0,0.0,1.0,0.0,1.0
24,125,2.074026090329941,11.487538891522256,0.0,1.0,0.0,0.0,0.0,0.0
25,125,6.569036531898542,3.2073961249564555,0.0,0.0,0.0,1.0,0.0,0.0
26,125,1.0932865274197203,1.0602529854611864,0.0,0.0,0.0,0.0,0.0,1.0
27,125,9.93637442991024,6.507070742880919,0.0,0.0,0.0,0.0,0.0,0.0
28,125,5.377738299273664,2.8505997184750926,0.0,1.0,0.0,0.0,0.0,0.0
29,125,6.676603428607542,1.7066493214409957,0.0,0.0,1.0,1.0,1.0,1.0
0,130,10.704697886646334,1.4719267289238696,0.0,0.0,0.0,0.0,0.0,0.0
1,130,7.038110432857838,11.78155021953414,1.0,0.0,0.0,1.0,0.0,1.0
2,130,6.00304864637547,3.889144610616293,0.0,0.0,0.0,1.0,0.0,0.0
3,130,2.9560988522890588,12.0,0.0,1.0,0.0,1.0,1.0,0.0
4,130,9.807561095813783,11.555628921149982,1.0,0.0,0.0,1.0,0.0,1.0
5,130,0.7875027673558151,3.219843183201227,1.0,0.0,1.0,0.0,1.0,0.0
6,130,2.167810131122959,4.551744105535142,0.0,1.0,1.0,1.0,1.0,1.0
7,130,11.995585576510296,6.419509185335252,0.0,0.0,1.0,1.0,1.0,0.0
8,130,5.6019652180895,7.468418216115129,0.0,1.0,1.0,0.0,0.0,0.0
9,130,3.388958635195685,8.140693477338454,1.0,0.0,1.0,1.0,1.0,1.0
10,130,6.758999171986133,4.95811338863445,0.0,1.0,0.0,1.0,1.0,0.0
11,130,4.200435340061566,2.167967247887406,1.0,1.0,0.0,1.0,0.0,1.0
12,130,4.498859584150167,2.840722806384702,0.0,0.0,0.0,1.0,1.0,0.0
13,130,8.756137069392057,4.014002510436831,1.0,0.0,0.0,0.0,0.0,0.0
14,130,9.005429279878731,12.0,0.0,0.0,1.0,0.0,1.0,0.0
15,130,0.7569057190315054,4.179508749804169,0.0,1.0,0.0,0.0,1.0,1.0
16,130,1.845767892045324,4.069902826063095,0.0,0.0,0.0,0.0,0.0,1.0
17,130,6.181950015908667,5.545738826125132,1.0,0.0,0.0,1.0,1.0,0.0
18,130,8.754440995738113,8.512582362232106,1.0,1.0,1.0,0.0,1.0,1.0
19,130,4.484435187338516,12.0,0.0,0.0,1.0,0.0,0.0,1.0
20,130,5.670091124591883,3.827676479996768,1.0,0.0,0.0,1.0,0.0,0.0
21,130,1.5860136726869398,8.103367675076479,0.0,0.0,0.0,1.0,1.0,0.0
22,130,7.639678644402472,1.964454007763988,0.0,0.0,1.0,0.0,1.0,0.0
23,130,9.94575132652357,3.117810643500955,1.0,1.0,0.0,1.0,0.0,1.0
24,130,1.9804272283847808,11.508672676924672,0.0,1.0,0.0,0.0,0.0,0.0
25,130,6.490737782657851,3.0553841772248176,0.0,0.0,0.0,1.0,0.0,0.0
26,130,1.1034889294781776,1.0732036519167798,0.0,0.0,0.0,0.0,0.0,1.0
27,130,9.97854566024853,6.56782466718835,0.0,0.0,0.0,0.0,0.0,0.0
28,130,5.280445315014344,2.7830544491399865,0.0,1.0,0.0,0.0,0.0,0.0
29,130,6.610422295384326,1.6933099432225205,0.0,0.0,1.0,1.0,1.0,1.0
0,135,10.6221983762314,1.4937098152940358,0.0,0.0,0.0,0.0,0.0,0.0
1,135,7.018154677132022,11.745573313120234,1.0,0.0,0.0,1.0,0.0,1.0
2,135,6.014401784490463,3.89881028853946,0.0,0.0,0.0,1.0,0.0,0.0
3,135,2.942302766846681,12.0,0.0,1.0,0.0,1.0,1.0,0.0
4,135,9.800515158409343,11.567821941825075,1.0,0.0,0.0,1.0,0.0,1.0
5,135,0.7960384810424331,3.1662421368763227,1.0,0.0,1.0,0.0,1.0,0.0
6,135,2.232808097308519,4.4909445275191375,0.0,1.0,1.0,1.0,1.0,1.0
7,135,11.992450612802752,6.4917245368671646,0.0,0.0,1.0,1.0,1.0,0.0
8,135,5.582445565155787,7.49159333310345,0.0,1.0,1.0,0.0,0.0,0.0
9,135,3.4390889930992,8.26525767040078,1.0,0.0,1.0,1.0,1.0,1.0
10,135,6.75769249302571,4.950925113876183,0.0,1.0,0.0,1.0,1.0,0.0
11,135,4.186820681047774,2.2065971983697734,1.0,1.0,0.0,1.0,0.0,1.0
12,135,4.594586318459008,2.9985057221674394,0.0,0.0,0.0,1.0,1.0,0.0
13,135,8.743722894168393,4.021420488274064,1.0,0.0,0.0,0.0,0.0,0.0
14,135,8.961422522053516,12.0,0.0,0.0,1.0,0.0,1.0,0.0
15,135,0.7531749884338828,4.204057023339359,0.0,1.0,0.0,0.0,1.0,1.0
16,135,1.8431586987475856,4.061574932034814,0.0,0.0,0.0,0.0,0.0,1.0
17,135,6.209195342682937,5.604561080712856,1.0,0.0,0.0,1.0,1.0,0.0
18,135,8.835429706971285,8.460545335294968,1.0,1.0,1.0,0.0,1.0,1.0
19,135,4.491731970134173,12.0,0.0,0.0,1.0,0.0,0.0,1.0
20,135,5.593616631984326,3.6946856425664514,1.0,0.0,0.0,1.0,0.0,0.0
21,135,1.500225084849886,8.170204230448011,0.0,0.0,0.0,1.0,1.0,0.0
22,135,7.649045788513512,1.977093782539159,0.0,0.0,1.0,0.0,1.0,0.0
23,135,9.960164069974118,3.0833631443697724,1.0,1.0,0.0,1.0,0.0,1.0
24,135,1.8918045342473164,11.531359192109877,0.0,1.0,0.0,0.0,0.0,0.0
25,135,6.41165207729715,2.9013327769662265,0.0,0.0,0.0,1.0,0.0,0.0
26,135,1.1161933451277724,1.0890897056216648,0.0,0.0,0.0,0.0,0.0,1.0
27,135,10.019462960463846,6.626148939718833,0.0,0.0,0.0,0.0,0.0,0.0
28,135,5.181869027583375,2.718809615283332,0.0,1.0,0.0,0.0,0.0,0.0
29,135,6.597787256492596,1.7589890735343177,0.0,0.0,1.0,1.0,1.0,1.0
0,140,10.552227886896205,1.5112479627005446,0.0,0.0,0.0,0.0,0.0,0.0
1,140,6.994853037895128,11.705129804766862,1.0,0.0,0.0,1.0,0.0,1.0
2,140,6.003882607405471,3.88992371587534,0.0,0.0,0.0,1.0,0.0,0.0
3,140,2.9198450776438145,12.0,0.0,1.0,0.0,1.0,1.0,0.0
4,140,9.789950145568596,11.586908692929828,1.0,0.0,0.0,1.0,0.0,1.0
5,140,0.8032668889430351,3.123029611902398,1.0,0.0,1.0,0.0,1.0,0.0
6,140,2.2906319444564,4.4353619190014,0.0,1.0,1.0,1.0,1.0,1.0
7,140,11.989488099669158,6.556833719189092,0.0,0.0,1.0,1.0,1.0,0.0
8,140,5.575030274382093,7.50035432482522,0.0,1.0,1.0,0.0,0.0,0.0
9,140,3.4845436601812656,8.388524796671891,1.0,0.0,1.0,1.0,1.0,1.0
10,140,6.757272351839006,4.948386315515457,0.0,1.0,0.0,1.0,1.0,0.0
11,140,4.170173132801977,2.254307951699393,1.0,1.0,0.0,1.0,0.0,1.0
12,140,4.686460589067934,3.1432938257596352,0.0,0.0,0.0,1.0,1.0,0.0
13,140,8.736725464392382,4.025950431296881,1.0,0.0,0.0,0.0,0.0,0.0
14,140,8.909348863460972,12.0,0.0,0.0,1.0,0.0,1.0,0.0
15,140,0.7494541820646351,4.23299521421025,0.0,1.0,0.0,0.0,1.0,1.0
16,140,1.8470223038658824,4.0731988911809145,0.0,0.0,0.0,0.0,0.0,1.0
17,140,6.247345599960403,5.689503553879674,1.0,0.0,0.0,1.0,1.0,0.0
18,140,8.898782306037289,8.420378342660385,1.0,1.0,1.0,0.0,1.0,1.0
19,140,4.501468332729026,12.0,0.0,0.0,1.0,0.0,0.0,1.0
20,140,5.516761654555686,3.570694945196092,1.0,0.0,0.0,1.0,0.0,0.0
21,140,1.4302735270873306,8.227470639024693,0.0,0.0,0.0,1.0,1.0,0.0
22,140,7.663784952653402,1.997837315567829,0.0,0.0,1.0,0.0,1.0,0.0
23,140,9.97139250155884,3.054984910559708,1.0,1.0,0.0,1.0,0.0,1.0
24,140,1.8053629958521809,11.55427646576794,0.0,1.0,0.0,0.0,0.0,0.0
25,140,6.334989460077369,2.7534036349762534,0.0,0.0,0.0,1.0,0.0,0.0
26,140,1.135521058251007,1.111576598035481,0.0,0.0,0.0,0.0,0.0,1.0
27,140,10.044189466628948,6.662141134888529,0.0,0.0,0.0,0.0,0.0,0.0
28,140,5.0802104041606375,2.6511980855053565,0.0,1.0,0.0,0.0,0.0,0.0
29,140,6.580945117221551,1.844093816963165,0.0,0.0,1.0,1.0,1.0,1.0
0,145,10.461625842635716,1.533371383188907,0.0,0.0,0.0,0.0,0.0,0.0
1,145,6.971755110465976,11.664476064096023,1.0,0.0,0.0,1.0,0.0,1.0
2,145,5.983111065850412,3.872208507930407,0.0,0.0,0.0,1.0,0.0,0.0
3,145,2.910926600208644,12.0,0.0,1.0,0.0,1.0,1.0,0.0
4,145,9.775823070316443,11.611067742996909,1.0,0.0,0.0,1.0,0.0,1.0
5,145,0.8119716022210275,3.070431819372338,1.0,0.0,1.0,0.0,1.0,0.0
6,145,2.349981484144501,4.3749615911197335,0.0,1.0,1.0,1.0,1.0,1.0
7,145,11.985158337615122,6.624062006152821,0.0,0.0,1.0,1.0,1.0,0.0
8,145,5.560156922409075,7.517648120151303,0.0,1.0,1.0,0.0,0.0,0.0
9,145,3.542991301999178,8.540420764467456,1.0,0.0,1.0,1.0,1.0,1.0
10,145,6.756295359442358,4.941034856270944,0.0,1.0,0.0,1.0,1.0,0.0
11,145,4.1603184599505685,2.283704902960498,1.0,1.0,0.0,1.0,0.0,1.0
12,145,4.778785607246668,3.2877386184676003,0.0,0.0,0.0,1.0,1.0,0.0
13,145,8.731023465478176,4.029820088164672,1.0,0.0,0.0,0.0,0.0,0.0
14,145,8.86421229877472,12.0,0.0,0.0,1.0,0.0,1.0,0.0
15,145,0.743999909070171,4.269389723977733,0.0,1.0,0.0,0.0,1.0,1.0
16,145,1.8471694721566023,4.07363537964778,0.0,0.0,0.0,0.0,0.0,1.0
17,145,6.287575457423251,5.776199905974956,1.0,0.0,0.0,1.0,1.0,0.0
18,145,8.980130633905263,8.37005991937655,1.0,1.0,1.0,0.0,1.0,1.0
19,145,4.508516552184271,12.0,0.0,0.0,1.0,0.0,0.0,1.0
20,145,5.424260982117488,3.409735671489999,1.0,0.0,0.0,1.0,0.0,0.0
21,145,1.3527060689648256,8.292639623996106,0.0,0.0,0.0,1.0,1.0,0.0
22,145,7.678111046161687,2.0185636959516686,0.0,0.0,1.0,0.0,1.0,0.0
23,145,9.978620845719254,3.036037285435521,1.0,1.0,0.0,1.0,0.0,1.0
24,145,1.721282810307725,11.577111041005027,0.0,1.0,0.0,0.0,0.0,0.0
25,145,6.259393547750637,2.609026480403137,0.0,0.0,0.0,1.0,0.0,0.0
26,145,1.1342673586013274,1.1100994540895035,0.0,0.0,0.0,0.0,0.0,1.0
27,145,10.085284136366049,6.71996623068135,0.0,0.0,0.0,0.0,0.0,0.0
28,145,4.983860554730039,2.588362526277905,0.0,1.0,0.0,0.0,0.0,0.0
29,145,6.5590637755042245,1.9365858042786035,0.0,0.0,1.0,1.0,1.0,1.0
0,150,10.372317773658926,1.555946910168417,0.0,0.0,0.0,0.0,0.0,0.0
1,150,6.948753058937208,11.624469157604244,1.0,0.0,0.0,1.0,0.0,1.0
2,150,5.963257332332817,3.8550149095985495,0.0,0.0,0.0,1.0,0.0,0.0
3,150,2.919986859614482,11.997695995250226,0.0,1.0,0.0,1.0,1.0,0.0
4,150,9.759040390080992,11.63755060480392,1.0,0.0,0.0,1.0,0.0,1.0
5,150,0.8228421523266709,2.999977297033376,1.0,0.0,1.0,0.0,1.0,0.0
6,150,2.3899147795798847,4.33284932247651,0.0,1.0,1.0,1.0,1.0,1.0
7,150,11.981947348682723,6.67724728399961,0.0,0.0,1.0,1.0,1.0,0.0
8,150,5.544025321055663,7.536873601807014,0.0,1.0,1.0,0.0,0.0,0.0
9,150,3.5949210278099404,8.67172363440639,1.0,0.0,1.0,1.0,1.0,1.0
10,150,6.7557037465421725,4.9362559541826645,0.0,1.0,0.0,1.0,1.0,0.0
11,150,4.152521192735673,2.308736342203813,1.0,1.0,0.0,1.0,0.0,1.0
12,150,4.89008375911297,3.462531372292039,0.0,0.0,0.0,1.0,1.0,0.0
13,150,8.72673711430691,4.032854331204584,1.0,0.0,0.0,0.0,0.0,0.0
14,150,8.819780899444526,12.0,0.0,0.0,1.0,0.0,1.0,0.0
15,150,0.7399205113192476,4.296203611902883,0.0,1.0,0.0,0.0,1.0,1.0
16,150,1.8543922287838108,4.097183344946689,0.0,0.0,0.0,0.0,0.0,1.0
17,150,6.330298981224587,5.863031990506595,1.0,0.0,0.0,1.0,1.0,0.0
18,150,9.03819233405609,8.332466138704023,1.0,1.0,1.0,0.0,1.0,1.0
19,150,4.519431457678469,12.0,0.0,0.0,1.0,0.0,0.0,1.0
20,150,5.334381409860165,3.2516418355902554,1.0,0.0,0.0,1.0,0.0,0.0
21,150,1.2713094775304266,8.36213936284926,0.0,0.0,0.0,1.0,1.0,0.0
22,150,7.692224200508326,2.03955704347345,0.0,0.0,1.0,0.0,1.0,0.0
23,150,9.988326365970416,3.010057866013801,1.0,1.0,0.0,1.0,0.0,1.0
24,150,1.6150824413946394,11.608819166251802,0.0,1.0,0.0,0.0,0.0,0.0
25,150,6.182438367251886,2.4676001606268585,0.0,0.0,0.0,1.0,0.0,0.0
26,150,1.130297992840124,1.1056291872485304,0.0,0.0,0.0,0.0,0.0,1.0
27,150,10.019669950837695,6.765943690616366,0.0,0.0,0.0,0.0,0.0,0.0
28,150,4.871592511502387,2.516076016590908,0.0,1.0,0.0,0.0,0.0,0.0
29,150,6.545446585584014,2.001695107993219,0.0,0.0,1.0,1.0,1.0,1.0
0,155,10.2631608517202,1.583566099013939,0.0,0.0,0.0,0.0,0.0,0.0
1,155,6.925345556862053,11.580417735095068,1.0,0.0,0.0,1.0,0.0,1.0
2,155,5.951294462233502,3.845367355787613,0.0,0.0,0.0,1.0,0.0,0.0
3,155,2.9490119643686703,11.991077529173731,0.0,1.0,0.0,1.0,1.0,0.0
4,155,9.739498643867076,11.6674083803948,1.0,0.0,0.0,1.0,0.0,1.0
5,155,0.8375522316049947,2.911613333989889,1.0,0.0,1.0,0.0,1.0,0.0
6,155,2.435817607633314,4.28281838000046,0.0,1.0,1.0,1.0,1.0,1.0
7,155,11.980826282669891,6.693843236334188,0.0,0.0,1.0,1.0,1.0,0.0
8,155,5.515827371792179,7.571882417805793,0.0,1.0,1.0,0.0,0.0,0.0
9,155,3.6422581344069456,8.804412165017801,1.0,0.0,1.0,1.0,1.0,1.0
10,155,6.753699629955131,4.921745430062564,0.0,1.0,0.0,1.0,1.0,0.0
11,155,4.141334826217205,2.345266956239509,1.0,1.0,0.0,1.0,0.0,1.0
12,155,4.986864667782416,3.617878789540321,0.0,0.0,0.0,1.0,1.0,0.0
13,155,8.721044467597512,4.036755230579003,1.0,0.0,0.0,0.0,0.0,0.0
14,155,8.77384185820649,12.0,0.0,0.0,1.0,0.0,1.0,0.0
15,155,0.7378588780135731,4.30989524330867,0.0,1.0,0.0,0.0,1.0,1.0
16,155,1.8682456931111224,4.141052731551913,0.0,0.0,0.0,0.0,0.0,1.0
17,155,6.366568769444018,5.942084870641156,1.0,0.0,0.0,1.0,1.0,0.0
18,155,9.086583194802971,8.302261309792527,1.0,1.0,1.0,0.0,1.0,1.0
19,155,4.523920177488503,12.0,0.0,0.0,1.0,0.0,0.0,1.0
20,155,5.252414881963185,3.104573871593183,1.0,0.0,0.0,1.0,0.0,0.0
21,155,1.191296883361144,8.427370807629083,0.0,0.0,0.0,1.0,1.0,0.0
22,155,7.707127761263107,2.06208573694393,0.0,0.0,1.0,0.0,1.0,0.0
23,155,10.001923713840798,2.972184670355206,1.0,1.0,0.0,1.0,0.0,1.0
24,155,1.501035089281184,11.6421616973044,0.0,1.0,0.0,0.0,0.0,0.0
25,155,6.120313265974277,2.349462080980283,0.0,0.0,0.0,1.0,0.0,0.0
26,155,1.1081736247685792,1.078873088074359,0.0,0.0,0.0,0.0,0.0,1.0
27,155,9.934232118372726,6.825026860950158,0.0,0.0,0.0,0.0,0.0,0.0
28,155,4.730434785534333,2.424723287248337,0.0,1.0,0.0,0.0,0.0,0.0
29,155,6.532566413399546,2.070072801597842,0.0,0.0,1.0,1.0,1.0,1.0
0,160,10.162317692676616,1.6069173464541269,0.0,0.0,0.0,0.0,0.0,0.0
1,160,6.900025033334844,11.532726021310696,1.0,0.0,0.0,1.0,0.0,1.0
2,160,5.945035651286513,3.8403108818574494,0.0,0.0,0.0,1.0,0.0,0.0
3,160,2.998889849722105,11.979047233567586,0.0,1.0,0.0,1.0,1.0,0.0
4,160,9.725553505128564,11.68995761665959,1.0,0.0,0.0,1.0,0.0,1.0
5,160,0.8515962181944021,2.829322884433745,1.0,0.0,1.0,0.0,1.0,0.0
6,160,2.473878580029309,4.241344799504797,0.0,1.0,1.0,1.0,1.0,1.0
7,160,11.98031266867038,6.7048033004693455,0.0,0.0,1.0,1.0,1.0,0.0
8,160,5.492123237038047,7.600899001337103,0.0,1.0,1.0,0.0,0.0,0.0
9,160,3.6896678094297055,8.938900361557094,1.0,0.0,1.0,1.0,1.0,1.0
10,160,6.7497891131461785,4.895901583264406,0.0,1.0,0.0,1.0,1.0,0.0
11,160,4.134435608737753,2.3681425525506734,1.0,1.0,0.0,1.0,0.0,1.0
12,160,5.071511382180221,3.744862410830672,0.0,0.0,0.0,1.0,1.0,0.0
13,160,8.717536641343479,4.039175396457383,1.0,0.0,0.0,0.0,0.0,0.0
14,160,8.715543283644983,12.0,0.0,0.0,1.0,0.0,1.0,0.0
15,160,0.7363770165922078,4.321288065115964,0.0,1.0,0.0,0.0,1.0,1.0
16,160,1.87828356874184,4.174001969976455,0.0,0.0,0.0,0.0,0.0,1.0
17,160,6.402602534806001,6.02429162464867,1.0,0.0,0.0,1.0,1.0,0.0
18,160,9.134918166787552,8.273893209369835,1.0,1.0,1.0,0.0,1.0,1.0
19,160,4.529037829471392,12.0,0.0,0.0,1.0,0.0,0.0,1.0
20,160,5.188250605998486,2.9825228752138,1.0,0.0,0.0,1.0,0.0,0.0
21,160,1.1055593576062297,8.496254627910444,0.0,0.0,0.0,1.0,1.0,0.0
22,160,7.731637198376746,2.0982127061988978,0.0,0.0,1.0,0.0,1.0,0.0
23,160,10.019013628508649,2.9235390063807647,1.0,1.0,0.0,1.0,0.0,1.0
24,160,1.386206645959232,11.676354030020006,0.0,1.0,0.0,0.0,0.0,0.0
25,160,6.062563157410146,2.239257272841968,0.0,0.0,0.0,1.0,0.0,0.0
26,160,1.0928832164505775,1.0599336485008783,0.0,0.0,0.0,0.0,0.0,1.0
27,160,9.850818383814826,6.884586406076449,0.0,0.0,0.0,0.0,0.0,0.0
28,160,4.584185941936595,2.3258659711470413,0.0,1.0,0.0,0.0,0.0,0.0
29,160,6.5247760656773055,2.111917382680026,0.0,0.0,1.0,1.0,1.0,1.0
0,165,10.038362073710674,1.6329700110134655,0.0,0.0,0.0,0.0,0.0,0.0
1,165,6.862426320701241,11.464677071884026,1.0,0.0,0.0,1.0,0.0,1.0
2,165,5.945317438919527,3.840538832643076,0.0,0.0,0.0,1.0,0.0,0.0
3,165,3.054020763334917,11.968730189319322,0.0,1.0,0.0,1.0,1.0,0.0
4,165,9.712143909335564,11.711602750129698,1.0,0.0,0.0,1.0,0.0,1.0
5,165,0.8658781953795768,2.7459248162859065,1.0,0.0,1.0,0.0,1.0,0.0
6,165,2.517134477220805,4.194916079489693,0.0,1.0,1.0,1.0,1.0,1.0
7,165,11.979775903961947,6.717654664708016,0.0,0.0,1.0,1.0,1.0,0.0
8,165,5.467627563293841,7.630685760814988,0.0,1.0,1.0,0.0,0.0,0.0
9,165,3.747977096488435,9.093990617282977,1.0,0.0,1.0,1.0,1.0,1.0
10,165,6.780334497581775,4.891840655771812,0.0,1.0,0.0,1.0,1.0,0.0
11,165,4.127201730964924,2.390854931703258,1.0,1.0,0.0,1.0,0.0,1.0
12,165,5.155305334665356,3.870371105278225,0.0,0.0,0.0,1.0,1.0,0.0
13,165,8.71442530006356,4.04129110944206,1.0,0.0,0.0,0.0,0.0,0.0
14,165,8.663449832978076,12.0,0.0,0.0,1.0,0.0,1.0,0.0
15,165,0.7386529549357528,4.305946429551697,0.0,1.0,0.0,0.0,1.0,1.0
16,165,1.884214828213747,4.19432064132127,0.0,0.0,0.0,0.0,0.0,1.0
17,165,6.426455191442165,6.083996366686358,1.0,0.0,0.0,1.0,1.0,0.0
18,165,9.174514859566523,8.250157401670084,1.0,1.0,1.0,0.0,1.0,1.0
19,165,4.533875667422752,12.0,0.0,0.0,1.0,0.0,0.0,1.0
20,165,5.126336605406629,2.872208873447319,1.0,0.0,0.0,1.0,0.0,0.0
21,165,1.012179889719071,8.570510613072594,0.0,0.0,0.0,1.0,1.0,0.0
22,165,7.75197435062413,2.1286192396845904,0.0,0.0,1.0,0.0,1.0,0.0
23,165,10.02962691857904,2.89265994528672,1.0,1.0,0.0,1.0,0.0,1.0
24,165,1.2748484378814149,11.708756311377398,0.0,1.0,0.0,0.0,0.0,0.0
25,165,6.010962499528965,2.1404475082354093,0.0,0.0,0.0,1.0,0.0,0.0
26,165,1.0929401475031202,1.060003401084384,0.0,0.0,0.0,0.0,0.0,1.0
27,165,9.77750754248635,6.936824765135335,0.0,0.0,0.0,0.0,0.0,0.0
28,165,4.426301137137313,2.211869848389273,0.0,1.0,0.0,0.0,0.0,0.0
29,165,6.5149173556028845,2.166180221502753,0.0,0.0,1.0,1.0,1.0,1.0
0,170,9.906238823511822,1.6667206404408146,0.0,0.0,0.0,0.0,0.0,0.0
1,170,6.8226654073773085,11.391735058698083,1.0,0.0,0.0,1.0,0.0,1.0
2,170,5.955476391367926,3.8485861428497095,0.0,0.0,0.0,1.0,0.0,0.0
3,170,3.093305780398749,11.960903009983197,0.0,1.0,0.0,1.0,1.0,0.0
4,170,9.691105982862952,11.745070361667397,1.0,0.0,0.0,1.0,0.0,1.0
5,170,0.8794210469638574,2.6663548370464767,1.0,0.0,1.0,0.0,1.0,0.0
6,170,2.5663727404647227,4.142236310455908,0.0,1.0,1.0,1.0,1.0,1.0
7,170,11.97890574233606,6.735868639188064,0.0,0.0,1.0,1.0,1.0,0.0
8,170,5.434608760687751,7.6706554581611,0.0,1.0,1.0,0.0,0.0,0.0
9,170,3.810825207398761,9.272023074337334,1.0,0.0,1.0,1.0,1.0,1.0
10,170,6.795631951604998,4.889547988638747,0.0,1.0,0.0,1.0,1.0,0.0
11,170,4.117006700171568,2.4213341597413587,1.0,1.0,0.0,1.0,0.0,1.0
12,170,5.255772463411386,4.017250826125582,0.0,0.0,0.0,1.0,1.0,0.0
13,170,8.722839701438508,4.0358448849596975,1.0,0.0,0.0,0.0,0.0,0.0
14,170,8.614335053884684,12.0,0.0,0.0,1.0,0.0,1.0,0.0
15,170,0.7439292850717666,4.272696132102724,0.0,1.0,0.0,0.0,1.0,1.0
16,170,1.8916675130828788,4.219704145097475,0.0,0.0,0.0,0.0,0.0,1.0
17,170,6.487277117663854,6.057636589419267,1.0,0.0,0.0,1.0,1.0,0.0
18,170,9.237253651680138,8.214985799493249,1.0,1.0,1.0,0.0,1.0,1.0
19,170,4.5334412822376455,11.99835210106006,0.0,0.0,1.0,0.0,0.0,1.0
20,170,5.063126085528862,2.7563871310636983,1.0,0.0,0.0,1.0,0.0,0.0
21,170,0.9286758142535628,8.639219312391385,0.0,0.0,0.0,1.0,1.0,0.0
22,170,7.777224543460614,2.1689481231090704,0.0,0.0,1.0,0.0,1.0,0.0
23,170,10.030701428059308,2.889510832712229,1.0,1.0,0.0,1.0,0.0,1.0
24,170,1.1668889766776327,11.739269200155988,0.0,1.0,0.0,0.0,0.0,0.0
25,170,5.961652527035973,2.043433613066418,0.0,0.0,0.0,1.0,0.0,0.0
26,170,1.088264965246894,1.054305507797468,0.0,0.0,0.0,0.0,0.0,1.0
27,170,9.699042517825353,6.9900228969485365,0.0,0.0,0.0,0.0,0.0,0.0
28,170,4.284220030550297,2.104333439676332,0.0,1.0,0.0,0.0,0.0,0.0
29,170,6.508097067309733,2.2090845607605605,0.0,0.0,1.0,1.0,1.0,1.0
0,175,9.786943173165064,1.6962710012255688,0.0,0.0,0.0,0.0,0.0,0.0
1,175,6.7846875626279095,11.31750131358229,1.0,0.0,0.0,1.0,0.0,1.0
2,175,5.965907788335896,3.8572425633101775,0.0,0.0,0.0,1.0,0.0,0.0
3,175,3.146525381018749,11.950586168610652,0.0,1.0,0.0,1.0,1.0,0.0
4,175,9.662919869068242,11.793310869054627,1.0,0.0,0.0,1.0,0.0,1.0
5,175,0.891856481224885,2.590319903628515,1.0,0.0,1.0,0.0,1.0,0.0
6,175,2.623304892712979,4.081196901077248,0.0,1.0,1.0,1.0,1.0,1.0
7,175,11.978687013345723,6.739616612637075,0.0,0.0,1.0,1.0,1.0,0.0
8,175,5.396610371590183,7.71915376042828,0.0,1.0,1.0,0.0,0.0,0.0
9,175,3.870834886392285,9.438967172480554,1.0,0.0,1.0,1.0,1.0,1.0
10,175,6.800380853256358,4.888857818754064,0.0,1.0,0.0,1.0,1.0,0.0
11,175,4.10678642840662,2.450567384638912,1.0,1.0,0.0,1.0,0.0,1.0
12,175,5.358533239283359,4.169563922934284,0.0,0.0,0.0,1.0,1.0,0.0
13,175,8.737460183550116,4.026688696915692,1.0,0.0,0.0,0.0,0.0,0.0
14,175,8.565916611107001,12.0,0.0,0.0,1.0,0.0,1.0,0.0
15,175,0.7474467937251722,4.24946632788804,0.0,1.0,0.0,0.0,1.0,1.0
16,175,1.889507342458488,4.212954783873824,0.0,0.0,0.0,0.0,0.0,1.0
17,175,6.578645227602222,6.018379683943588,1.0,0.0,0.0,1.0,1.0,0.0
18,175,9.28125624998354,8.190641073226613,1.0,1.0,1.0,0.0,1.0,1.0
19,175,4.537638961109484,12.0,0.0,0.0,1.0,0.0,0.0,1.0
20,175,4.992585154653718,2.6181806960209366,1.0,0.0,0.0,1.0,0.0,0.0
21,175,0.8374219912611671,8.713296699076462,0.0,0.0,0.0,1.0,1.0,0.0
22,175,7.795347250263532,2.19950485567796,0.0,0.0,1.0,0.0,1.0,0.0
23,175,10.034666600332836,2.877875190907945,1.0,1.0,0.0,1.0,0.0,1.0
24,175,1.0538464527180658,11.769539181932574,0.0,1.0,0.0,0.0,0.0,0.0
25,175,5.9084500063707495,1.9465740995848737,0.0,0.0,0.0,1.0,0.0,0.0
26,175,1.0796487216803978,1.0439138226073146,0.0,0.0,0.0,0.0,0.0,1.0
27,175,9.61586245511699,7.045440485772869,0.0,0.0,0.0,0.0,0.0,0.0
28,175,4.139404932547802,1.992799250963508,0.0,1.0,0.0,0.0,0.0,0.0
29,175,6.4992717113016925,2.275957935378874,0.0,0.0,1.0,1.0,1.0,1.0
0,180,9.679052294015706,1.7222509872786045,0.0,0.0,0.0,0.0,0.0,0.0
1,180,6.744253299683996,11.244301043453673,1.0,0.0,0.0,1.0,0.0,1.0
2,180,5.970504134304382,3.861187957438411,0.0,0.0,0.0,1.0,0.0,0.0
3,180,3.2042091515458098,11.938801135024724,0.0,1.0,0.0,1.0,1.0,0.0
4,180,9.636889473722649,11.840752984634912,1.0,0.0,0.0,1.0,0.0,1.0
5,180,0.904655736975254,2.5224213694605564,1.0,0.0,1.0,0.0,1.0,0.0
6,180,2.68607393887518,4.013426630683648,0.0,1.0,1.0,1.0,1.0,1.0
7,180,11.979315764454029,6.732533638285964,0.0,0.0,1.0,1.0,1.0,0.0
8,180,5.353674683088283,7.777933346824104,0.0,1.0,1.0,0.0,0.0,0.0
9,180,3.926036237786169,9.595760686987523,1.0,0.0,1.0,1.0,1.0,1.0
10,180,6.824851738614781,4.885600028650922,0.0,1.0,0.0,1.0,1.0,0.0
11,180,4.090561605634783,2.4966902167355958,1.0,1.0,0.0,1.0,0.0,1.0
12,180,5.468414337564384,4.338642157978047,0.0,0.0,0.0,1.0,1.0,0.0
13,180,8.736976345011902,4.026972816893319,1.0,0.0,0.0,0.0,0.0,0.0
14,180,8.508725135104788,12.0,0.0,0.0,1.0,0.0,1.0,0.0
15,180,0.7525351993286681,4.219421652079599,0.0,1.0,0.0,0.0,1.0,1.0
16,180,1.8879774276089372,4.20821190787077,0.0,0.0,0.0,0.0,0.0,1.0
17,180,6.6735867329947824,5.975497838533284,1.0,0.0,0.0,1.0,1.0,0.0
18,180,9.340180291429473,8.156437080485718,1.0,1.0,1.0,0.0,1.0,1.0
19,180,4.5454891477855135,12.0,0.0,0.0,1.0,0.0,0.0,1.0
20,180,4.923327199813785,2.490154915972358,1.0,0.0,0.0,1.0,0.0,0.0
21,180,0.7334420916152551,8.793817968430607,0.0,0.0,0.0,1.0,1.0,0.0
22,180,7.816072263959501,2.2353620672184755,0.0,0.0,1.0,0.0,1.0,0.0
23,180,10.03743362078169,2.8697246282552538,1.0,1.0,0.0,1.0,0.0,1.0
24,180,0.9615386262642828,11.795123492599004,0.0,1.0,0.0,0.0,0.0,0.0
25,180,5.861878931432463,1.8553841819417016,0.0,0.0,0.0,1.0,0.0,0.0
26,180,1.08163966974311,1.0462914868731956,0.0,0.0,0.0,0.0,0.0,1.0
27,180,9.53884326208622,7.096846538560143,0.0,0.0,0.0,0.0,0.0,0.0
28,180,4.262294302501141,1.833440883009847,0.0,1.0,0.0,0.0,0.0,0.0
29,180,6.489022150834226,2.36235224320693,0.0,0.0,1.0,1.0,1.0,1.0
0,185,9.571834032314898,1.749610977872332,0.0,0.0,0.0,0.0,0.0,0.0
1,185,6.714189641879631,11.19011815128581,1.0,0.0,0.0,1.0,0.0,1.0
2,185,5.988028438208724,3.8765027164697794,0.0,0.0,0.0,1.0,0.0,0.0
3,185,3.2608822279418237,11.926823871665874,0.0,1.0,0.0,1.0,1.0,0.0
4,185,9.615803196276932,11.876313259520735,1.0,0.0,0.0,1.0,0.0,1.0
5,185,0.9144730041626378,2.472594385013787,1.0,0.0,1.0,0.0,1.0,0.0
6,185,2.741112807609658,3.9522841701726086,0.0,1.0,1.0,1.0,1.0,1.0
7,185,11.980828640805807,6.718051411296589,0.0,0.0,1.0,1.0,1.0,0.0
8,185,5.315353636149765,7.828772368695271,0.0,1.0,1.0,0.0,0.0,0.0
9,185,3.982280003472304,9.761848557849705,1.0,0.0,1.0,1.0,1.0,1.0
10,185,6.861202205681852,4.879655485688535,0.0,1.0,0.0,1.0,1.0,0.0
11,185,4.079330217729861,2.53179461959508,1.0,1.0,0.0,1.0,0.0,1.0
12,185,5.58841075121438,4.522014311027768,0.0,0.0,0.0,1.0,1.0,0.0
13,185,8.727581109280585,4.032631701393403,1.0,0.0,0.0,0.0,0.0,0.0
14,185,8.450394770560928,12.0,0.0,0.0,1.0,0.0,1.0,0.0
15,185,0.758787712431396,4.184773624136311,0.0,1.0,0.0,0.0,1.0,1.0
16,185,1.8809157870336255,4.187754934411259,0.0,0.0,0.0,0.0,0.0,1.0
17,185,6.756806469962113,5.935200397379159,1.0,0.0,0.0,1.0,1.0,0.0
18,185,9.375650141546084,8.137570911416196,1.0,1.0,1.0,0.0,1.0,1.0
19,185,4.55369093076559,12.0,0.0,0.0,1.0,0.0,0.0,1.0
20,185,4.841649539558791,2.34515459639916,1.0,0.0,0.0,1.0,0.0,0.0
21,185,0.6480065466376332,8.85716569114363,0.0,0.0,0.0,1.0,1.0,0.0
22,185,7.84376130672731,2.2860052990389312,0.0,0.0,1.0,0.0,1.0,0.0
23,185,10.040789553341254,2.8591202367891912,1.0,1.0,0.0,1.0,0.0,1.0
24,185,0.8642191612104602,11.822853630434876,0.0,1.0,0.0,0.0,0.0,0.0
25,185,5.814020190118089,1.7613630107687328,0.0,0.0,0.0,1.0,0.0,0.0
26,185,1.0866505899388188,1.0520477535193873,0.0,0.0,0.0,0.0,0.0,1.0
27,185,9.471749945238331,7.142154299980351,0.0,0.0,0.0,0.0,0.0,0.0
28,185,4.391317903756765,1.6612334798469155,0.0,1.0,0.0,0.0,0.0,0.0
29,185,6.475033832021564,2.4675124179964123,0.0,0.0,1.0,1.0,1.0,1.0
0,190,9.445725286419624,1.7810999841480584,0.0,0.0,0.0,0.0,0.0,0.0
1,190,6.674807836447099,11.12272929181061,1.0,0.0,0.0,1.0,0.0,1.0
2,190,6.007140087356595,3.893304890171708,0.0,0.0,0.0,1.0,0.0,0.0
3,190,3.2987791018522223,11.92016891355946,0.0,1.0,0.0,1.0,1.0,0.0
4,190,9.59876057357178,11.904707511154484,1.0,0.0,0.0,1.0,0.0,1.0
5,190,0.9291070841822776,2.3998814950795606,1.0,0.0,1.0,0.0,1.0,0.0
6,190,2.7956028043557075,3.890299898157642,0.0,1.0,1.0,1.0,1.0,1.0
7,190,11.981157534784993,6.714905897581449,0.0,0.0,1.0,1.0,1.0,0.0
8,190,5.279307944045217,7.876406191764381,0.0,1.0,1.0,0.0,0.0,0.0
9,190,4.040172719173376,9.928861885208562,1.0,0.0,1.0,1.0,1.0,1.0
10,190,6.883589626438152,4.87650619596038,0.0,1.0,0.0,1.0,1.0,0.0
11,190,4.072027780701298,2.5545414726636504,1.0,1.0,0.0,1.0,0.0,1.0
12,190,5.6964917064965785,4.694714933360925,0.0,0.0,0.0,1.0,1.0,0.0
13,190,8.71088610648481,4.042455651357179,1.0,0.0,0.0,0.0,0.0,0.0
14,190,8.395035604518089,12.0,0.0,0.0,1.0,0.0,1.0,0.0
15,190,0.7640903738722186,4.1550289387467485,0.0,1.0,0.0,0.0,1.0,1.0
16,190,1.872270831873549,4.162984554872602,0.0,0.0,0.0,0.0,0.0,1.0
17,190,6.827052892613918,5.904444818426316,1.0,0.0,0.0,1.0,1.0,0.0
18,190,9.387319883844096,8.131248400676359,1.0,1.0,1.0,0.0,1.0,1.0
19,190,4.562172336504293,12.0,0.0,0.0,1.0,0.0,0.0,1.0
20,190,4.771362186366972,2.217960288112153,1.0,0.0,0.0,1.0,0.0,0.0
21,190,0.5829821428530814,8.903254828893033,0.0,0.0,0.0,1.0,1.0,0.0
22,190,7.873749927764673,2.3391285992139927,0.0,0.0,1.0,0.0,1.0,0.0
23,190,10.039540593228775,2.8629312849963604,1.0,1.0,0.0,1.0,0.0,1.0
24,190,0.7538463010318961,11.859560374794786,0.0,1.0,0.0,0.0,0.0,0.0
25,190,5.769079920579074,1.6739601158863382,0.0,0.0,0.0,1.0,0.0,0.0
26,190,1.0916561420658983,1.0576069455800932,0.0,0.0,0.0,0.0,0.0,1.0
27,190,9.40948249392722,7.185021904379984,0.0,0.0,0.0,0.0,0.0,0.0
28,190,4.520332756191217,1.486363345266303,0.0,1.0,0.0,0.0,0.0,0.0
29,190,6.462053941855984,2.560496358615077,0.0,0.0,1.0,1.0,1.0,1.0
0,195,9.308920227994848,1.8158671530079613,0.0,0.0,0.0,0.0,0.0,0.0
1,195,6.636719042503056,11.05900792213418,1.0,0.0,0.0,1.0,0.0,1.0
2,195,6.030943217128373,3.914117333525131,0.0,0.0,0.0,1.0,0.0,0.0
3,195,3.349873273679401,11.911325870948602,0.0,1.0,0.0,1.0,1.0,0.0
4,195,9.57388038621113,11.947123980639676,1.0,0.0,0.0,1.0,0.0,1.0
5,195,0.9440186363411744,2.332694900290858,1.0,0.0,1.0,0.0,1.0,0.0
6,195,2.852583425998596,3.826110696220342,0.0,1.0,1.0,1.0,1.0,1.0
7,195,11.982043828585558,6.705642027904541,0.0,0.0,1.0,1.0,1.0,0.0
8,195,5.2389913440526925,7.933121203827819,0.0,1.0,1.0,0.0,0.0,0.0
9,195,4.097823180277131,10.099955280649404,1.0,0.0,1.0,1.0,1.0,1.0
10,195,6.886182921257067,4.876093777299007,0.0,1.0,0.0,1.0,1.0,0.0
11,195,4.0749231323396495,2.545185324996989,1.0,1.0,0.0,1.0,0.0,1.0
12,195,5.804151149890204,4.865964191700951,0.0,0.0,0.0,1.0,1.0,0.0
13,195,8.667055682448616,4.068606919205176,1.0,0.0,0.0,0.0,0.0,0.0
14,195,8.337493326106673,12.0,0.0,0.0,1.0,0.0,1.0,0.0
15,195,0.7711882805201065,4.118503905532349,0.0,1.0,0.0,0.0,1.0,1.0
16,195,1.858283118514913,4.1258625220902765,0.0,0.0,0.0,0.0,0.0,1.0
17,195,6.884979192899899,5.8821876835684295,1.0,0.0,0.0,1.0,1.0,0.0
18,195,9.40518144529169,8.120541144890998,1.0,1.0,1.0,0.0,1.0,1.0
19,195,4.570636413661197,12.0,0.0,0.0,1.0,0.0,0.0,1.0
20,195,4.705048385601937,2.09825730761428,1.0,0.0,0.0,1.0,0.0,0.0
21,195,0.5056170080369746,8.956117918111822,0.0,0.0,0.0,1.0,1.0,0.0
22,195,7.902876543172545,2.390514307951871,0.0,0.0,1.0,0.0,1.0,0.0
23,195,10.042741965371064,2.853352075368405,1.0,1.0,0.0,1.0,0.0,1.0
24,195,0.6305291228376187,11.900642844966791,0.0,1.0,0.0,0.0,0.0,0.0
25,195,5.721401949376909,1.582162653445493,0.0,0.0,0.0,1.0,0.0,0.0
26,195,1.1029626434642863,1.0700537809691757,0.0,0.0,0.0,0.0,0.0,1.0
27,195,9.337868420546693,7.231060477342725,0.0,0.0,0.0,0.0,0.0,0.0
28,195,4.699898584042204,1.6254238039181743,0.0,1.0,0.0,0.0,0.0,0.0
29,195,6.449350999924326,2.638303242971867,0.0,0.0,1.0,1.0,1.0,1.0
0,200,9.17948149237948,1.8495338423094203,0.0,0.0,0.0,0.0,0.0,0.0
1,200,6.60852416565148,11.015250111066308,1.0,0.0,0.0,1.0,0.0,1.0
2,200,6.049641603454404,3.9305421418468858,0.0,0.0,0.0,1.0,0.0,0.0
3,200,3.396093203586269,11.902433737800251,0.0,1.0,0.0,1.0,1.0,0.0
4,200,9.54794006731929,11.989020688824672,1.0,0.0,0.0,1.0,0.0,1.0
5,200,0.9595793212297158,2.2591932233291274,1.0,0.0,1.0,0.0,1.0,0.0
6,200,2.9128403025737315,3.757430100162994,0.0,1.0,1.0,1.0,1.0,1.0
7,200,11.980183292841527,6.729507058870102,0.0,0.0,1.0,1.0,1.0,0.0
8,200,5.208144957993409,7.978487908612658,0.0,1.0,1.0,0.0,0.0,0.0
9,200,4.296726280448654,10.036597315088558,1.0,0.0,1.0,1.0,1.0,1.0
10,200,6.893040142312791,4.875023846389348,0.0,1.0,0.0,1.0,1.0,0.0
11,200,4.078534970120209,2.533481602566701,1.0,1.0,0.0,1.0,0.0,1.0
12,200,5.906123505864154,5.038039609470504,0.0,0.0,0.0,1.0,1.0,0.0
13,200,8.624892227040831,4.092991696130175,1.0,0.0,0.0,0.0,0.0,0.0
14,200,8.273830309676043,12.0,0.0,0.0,1.0,0.0,1.0,0.0
15,200,0.7785743740292768,4.064934730479783,0.0,1.0,0.0,0.0,1.0,1.0
16,200,1.8500955845761864,4.1037426018720975,0.0,0.0,0.0,0.0,0.0,1.0
17,200,6.943826723761539,5.861091646113432,1.0,0.0,0.0,1.0,1.0,0.0
18,200,9.409991872206977,8.117495146561398,1.0,1.0,1.0,0.0,1.0,1.0
19,200,4.57628553711869,12.0,0.0,0.0,1.0,0.0,0.0,1.0
20,200,4.637348314082423,1.973582373566166,1.0,0.0,0.0,1.0,0.0,0.0
21,200,0.4306532662947828,9.006247358916609,0.0,0.0,0.0,1.0,1.0,0.0
22,200,7.932449764932204,2.440893429146143,0.0,0.0,1.0,0.0,1.0,0.0
23,200,10.04881227957224,2.8340965158000486,1.0,1.0,0.0,1.0,0.0,1.0
24,200,0.5079685749461058,11.94443128449034,0.0,1.0,0.0,0.0,0.0,0.0
25,200,5.681523857634418,1.5010304731141424,0.0,0.0,0.0,1.0,0.0,0.0
26,200,1.1270296201827092,1.096494115014809,0.0,0.0,0.0,0.0,0.0,1.0
27,200,9.261254664503596,7.279161230868711,0.0,0.0,0.0,0.0,0.0,0.0
28,200,4.876407092433107,1.7592058539327429,0.0,1.0,0.0,0.0,0.0,0.0
29,200,6.437946215677938,2.7110310650132634,0.0,0.0,1.0,1.0,1.0,1.0
0,205,9.053101490372018,1.8816444445161136,0.0,0.0,0.0,0.0,0.0,0.0
1,205,6.571083500346663,10.95656278513962,1.0,0.0,0.0,1.0,0.0,1.0
2,205,6.051565804328337,3.932169343187735,0.0,0.0,0.0,1.0,0.0,0.0
3,205,3.4244995127157125,11.897088640762298,0.0,1.0,0.0,1.0,1.0,0.0
4,205,9.524988980161645,12.0,1.0,0.0,0.0,1.0,0.0,1.0
5,205,0.9723759716657444,2.196719196816499,1.0,0.0,1.0,0.0,1.0,0.0
6,205,2.966199164463352,3.6943155179469023,0.0,1.0,1.0,1.0,1.0,1.0
7,205,11.97856145488365,6.762003517910072,0.0,0.0,1.0,1.0,1.0,0.0
8,205,5.17964593604067,8.019004424243882,0.0,1.0,1.0,0.0,0.0,0.0
9,205,4.478275411963133,9.978954332149891,1.0,0.0,1.0,1.0,1.0,1.0
10,205,6.898642834045562,4.874193107310322,0.0,1.0,0.0,1.0,1.0,0.0
11,205,4.07943416707945,2.530497263949471,1.0,1.0,0.0,1.0,0.0,1.0
12,205,5.9999630422303465,5.185786905106466,0.0,0.0,0.0,1.0,1.0,0.0
13,205,8.594712507826243,4.110392284079597,1.0,0.0,0.0,0.0,0.0,0.0
14,205,8.192387990444734,12.0,0.0,0.0,1.0,0.0,1.0,0.0
15,205,0.7854586468813087,4.010361612776976,0.0,1.0,0.0,0.0,1.0,1.0
16,205,1.8367444784407576,4.06541767292368,0.0,0.0,0.0,0.0,0.0,1.0
17,205,6.995723530244068,5.843575895351691,1.0,0.0,0.0,1.0,1.0,0.0
18,205,9.405730681874736,8.120304640410914,1.0,1.0,1.0,0.0,1.0,1.0
19,205,4.579714370178581,12.0,0.0,0.0,1.0,0.0,0.0,1.0
20,205,4.569185915681977,1.853995396270461,1.0,0.0,0.0,1.0,0.0,0.0
21,205,0.3604523108214689,9.054974259892324,0.0,0.0,0.0,1.0,1.0,0.0
22,205,7.960673484708283,2.4905844850290277,0.0,0.0,1.0,0.0,1.0,0.0
23,205,10.05531580323571,2.809978590203307,1.0,1.0,0.0,1.0,0.0,1.0
24,205,0.3817311655186439,11.987022214403032,0.0,1.0,0.0,0.0,0.0,0.0
25,205,5.647578419602344,1.432278362617018,0.0,0.0,0.0,1.0,0.0,0.0
26,205,1.1444148801603249,1.1159731220442823,0.0,0.0,0.0,0.0,0.0,1.0
27,205,9.19514549828468,7.318406501079188,0.0,0.0,0.0,0.0,0.0,0.0
28,205,5.049168573097504,1.8913280541865456,0.0,1.0,0.0,0.0,0.0,0.0
29,205,6.428044544830293,2.77860083731689,0.0,0.0,1.0,1.0,1.0,1.0
0,210,8.907950178732065,1.9178444381206552,0.0,0.0,0.0,0.0,0.0,0.0
1,210,6.535151314732269,10.89862097671175,1.0,0.0,0.0,1.0,0.0,1.0
2,210,6.060035415101072,3.939283533213551,0.0,0.0,0.0,1.0,0.0,0.0
3,210,3.462756500866728,11.890055690375709,0.0,1.0,0.0,1.0,1.0,0.0
4,210,9.548673505715168,12.0,1.0,0.0,0.0,1.0,0.0,1.0
5,210,0.990611570604112,2.113280749517651,1.0,0.0,1.0,0.0,1.0,0.0
6,210,3.034059845738864,3.617671642982263,0.0,1.0,1.0,1.0,1.0,1.0
7,210,11.977177226615488,6.794195139537118,0.0,0.0,1.0,1.0,1.0,0.0
8,210,5.158144585069447,8.049817413546592,0.0,1.0,1.0,0.0,0.0,0.0
9,210,4.669712732163145,9.919967618699944,1.0,0.0,1.0,1.0,1.0,1.0
10,210,6.8857348595528185,4.876358297843616,0.0,1.0,0.0,1.0,1.0,0.0
11,210,4.08332394095846,2.518054316284073,1.0,1.0,0.0,1.0,0.0,1.0
12,210,6.097562549131481,5.326855890282334,0.0,0.0,0.0,1.0,1.0,0.0
13,210,8.58815846705677,4.114293874545172,1.0,0.0,0.0,0.0,0.0,0.0
14,210,8.107951258188336,12.0,0.0,0.0,1.0,0.0,1.0,0.0
15,210,0.794213642936139,3.955979914233197,0.0,1.0,0.0,0.0,1.0,1.0
16,210,1.817101390497891,4.011684714637261,0.0,0.0,0.0,0.0,0.0,1.0
17,210,7.07719611257357,5.817389657958032,1.0,0.0,0.0,1.0,1.0,0.0
18,210,9.395073714166948,8.12777996243351,1.0,1.0,1.0,0.0,1.0,1.0
19,210,4.584720889131622,12.0,0.0,0.0,1.0,0.0,0.0,1.0
20,210,4.512274889520963,1.7455136077217728,1.0,0.0,0.0,1.0,0.0,0.0
21,210,0.2818562719106436,9.109796888945535,0.0,0.0,0.0,1.0,1.0,0.0
22,210,7.980495939984149,2.524880309787784,0.0,0.0,1.0,0.0,1.0,0.0
23,210,10.060060763558164,2.7934531468084325,1.0,1.0,0.0,1.0,0.0,1.0
24,210,0.2369174772864144,12.0,0.0,1.0,0.0,0.0,0.0,0.0
25,210,5.615105811948064,1.3701659008706706,0.0,0.0,0.0,1.0,0.0,0.0
26,210,1.1444235152543083,1.1159828079035916,0.0,0.0,0.0,0.0,0.0,1.0
27,210,9.13147353469854,7.355013297115541,0.0,0.0,0.0,0.0,0.0,0.0
28,210,5.196226930972425,2.00856289138194,0.0,1.0,0.0,0.0,0.0,0.0
29,210,6.416000233128128,2.861901105592448,0.0,0.0,1.0,1.0,1.0,1.0
0,215,8.77477722189371,1.952151976003481,0.0,0.0,0.0,0.0,0.0,0.0
1,215,6.49661987217514,10.835251424431638,1.0,0.0,0.0,1.0,0.0,1.0
2,215,6.066630689094972,3.9447469760023233,0.0,0.0,0.0,1.0,0.0,0.0
3,215,3.5033412084135254,11.882989226129466,0.0,1.0,0.0,1.0,1.0,0.0
4,215,9.58276466668826,12.0,1.0,0.0,0.0,1.0,0.0,1.0
5,215,1.0092959960245924,2.03152106535466,1.0,0.0,1.0,0.0,1.0,0.0
6,215,3.0941346830660144,3.545860227765521,0.0,1.0,1.0,1.0,1.0,1.0
7,215,11.97622342616074,6.8263137269662,0.0,0.0,1.0,1.0,1.0,0.0
8,215,5.131077477990175,8.086198684812649,0.0,1.0,1.0,0.0,0.0,0.0
9,215,4.853988184286667,9.86196885139747,1.0,0.0,1.0,1.0,1.0,1.0
10,215,6.8858673412654365,4.876332087813138,0.0,1.0,0.0,1.0,1.0,0.0
11,215,4.084963527468729,2.512140457414436,1.0,1.0,0.0,1.0,0.0,1.0
12,215,6.19818973519474,5.471241316558795,0.0,0.0,0.0,1.0,1.0,0.0
13,215,8.593201723619163,4.11136627071759,1.0,0.0,0.0,0.0,0.0,0.0
14,215,8.013962698687688,12.0,0.0,0.0,1.0,0.0,1.0,0.0
15,215,0.8034045204930703,3.8970505796941928,0.0,1.0,0.0,0.0,1.0,1.0
16,215,1.787085572605832,3.931778642020796,0.0,0.0,0.0,0.0,0.0,1.0
17,215,7.167982239598178,5.789066453593482,1.0,0.0,0.0,1.0,1.0,0.0
18,215,9.38671099794055,8.133906082228007,1.0,1.0,1.0,0.0,1.0,1.0
19,215,4.588898257172362,12.0,0.0,0.0,1.0,0.0,0.0,1.0
20,215,4.4632332105479176,1.6500844987456853,1.0,0.0,0.0,1.0,0.0,0.0
21,215,0.1857175117450635,9.175392197632874,0.0,0.0,0.0,1.0,1.0,0.0
22,215,7.942307809774875,2.5459756136020117,0.0,0.0,1.0,0.0,1.0,0.0
23,215,10.064771920149012,2.7766281278893223,1.0,1.0,0.0,1.0,0.0,1.0
24,215,0.0969601745461734,12.0,0.0,1.0,0.0,0.0,0.0,0.0
25,215,5.585218309202207,1.3134884261253503,0.0,0.0,0.0,1.0,0.0,0.0
26,215,1.1395805748989876,1.110467281422216,0.0,0.0,0.0,0.0,0.0,1.0
27,215,9.052812582703387,7.401831474372033,0.0,0.0,0.0,0.0,0.0,0.0
28,215,5.345432085630092,2.130423078393106,0.0,1.0,0.0,0.0,0.0,0.0
29,215,6.40073350470197,2.9571794467900814,0.0,0.0,1.0,1.0,1.0,1.0
0,220,8.618760451753912,1.993931510067593,0.0,0.0,0.0,0.0,0.0,0.0
1,220,6.463138989338311,10.783341985676316,1.0,0.0,0.0,1.0,0.0,1.0
2,220,6.087192424587534,3.961413167525033,0.0,0.0,0.0,1.0,0.0,0.0
3,220,3.5391657852086054,11.876228021620896,0.0,1.0,0.0,1.0,1.0,0.0
4,220,9.635140610379532,12.0,1.0,0.0,0.0,1.0,0.0,1.0
5,220,1.0287274738898478,1.9498352507926315,1.0,0.0,1.0,0.0,1.0,0.0
6,220,3.1590265416876067,3.4647967785185463,0.0,1.0,1.0,1.0,1.0,1.0
7,220,11.975026080543197,6.859012600151348,0.0,0.0,1.0,1.0,1.0,0.0
8,220,5.102328224144312,8.123538550654366,0.0,1.0,1.0,0.0,0.0,0.0
9,220,5.049506164709038,9.801201080008232,1.0,0.0,1.0,1.0,1.0,1.0
10,220,6.876821017156946,4.878189656183286,0.0,1.0,0.0,1.0,1.0,0.0
11,220,4.08356010259963,2.5172703483400007,1.0,1.0,0.0,1.0,0.0,1.0
12,220,6.292304379054714,5.610028449229287,0.0,0.0,0.0,1.0,1.0,0.0
13,220,8.593202872011053,4.111365587584958,1.0,0.0,0.0,0.0,0.0,0.0
14,220,7.916181801913173,12.0,0.0,0.0,1.0,0.0,1.0,0.0
15,220,0.8524256872183427,3.904472188311516,0.0,1.0,0.0,0.0,1.0,1.0
16,220,1.7535304820352051,3.849860271471431,0.0,0.0,0.0,0.0,0.0,1.0
17,220,7.243343106715548,5.766624804268762,1.0,0.0,0.0,1.0,1.0,0.0
18,220,9.363689458824448,8.15112850204386,1.0,1.0,1.0,0.0,1.0,1.0
19,220,4.592543275381195,12.0,0.0,0.0,1.0,0.0,0.0,1.0
20,220,4.409003653966821,1.5456240631980391,1.0,0.0,0.0,1.0,0.0,0.0
21,220,0.0924906072683639,9.23959594910043,0.0,0.0,0.0,1.0,1.0,0.0
22,220,7.885888791783686,2.5743460951262604,0.0,0.0,1.0,0.0,1.0,0.0
23,220,10.067435575046153,2.7668743853451425,1.0,1.0,0.0,1.0,0.0,1.0
24,220,0.0,12.0,0.0,1.0,0.0,0.0,0.0,0.0
25,220,5.554366695122381,1.2557935385628596,0.0,0.0,0.0,1.0,0.0,0.0
26,220,1.138086320668832,1.108804253448452,0.0,0.0,0.0,0.0,0.0,1.0
27,220,8.974526091467062,7.446815009686727,0.0,0.0,0.0,0.0,0.0,0.0
28,220,5.485300630786407,2.242626550115558,0.0,1.0,0.0,0.0,0.0,0.0
29,220,6.383353872464566,3.0472572353473684,0.0,0.0,1.0,1.0,1.0,1.0
0,225,8.449341214645731,2.0463920475725885,0.0,0.0,0.0,0.0,0.0,0.0
1,225,6.421618028961811,10.715755239708187,1.0,0.0,0.0,1.0,0.0,1.0
2,225,6.111927709924907,3.9823541400058136,0.0,0.0,0.0,1.0,0.0,0.0
3,225,3.577612656390797,11.869632297973215,0.0,1.0,0.0,1.0,1.0,0.0
4,225,9.697069134259918,12.0,1.0,0.0,0.0,1.0,0.0,1.0
5,225,1.045587389436872,1.870086640549434,1.0,0.0,1.0,0.0,1.0,0.0
6,225,3.218173157016314,3.393294943785034,0.0,1.0,1.0,1.0,1.0,1.0
7,225,11.974734200751422,6.876656060232854,0.0,0.0,1.0,1.0,1.0,0.0
8,225,5.062798585705928,8.175064651003646,0.0,1.0,1.0,0.0,0.0,0.0
9,225,5.246116333784533,9.73774021550972,1.0,0.0,1.0,1.0,1.0,1.0
10,225,6.890717135602117,4.875109710288223,0.0,1.0,0.0,1.0,1.0,0.0
11,225,4.082332708767567,2.5216338072355007,1.0,1.0,0.0,1.0,0.0,1.0
12,225,6.393469721423441,5.755871846596894,0.0,0.0,0.0,1.0,1.0,0.0
13,225,8.59552472702207,4.109993569414799,1.0,0.0,0.0,0.0,0.0,0.0
14,225,7.814753267149746,12.0,0.0,0.0,1.0,0.0,1.0,0.0
15,225,0.9049043847963036,3.9123876973857294,0.0,1.0,0.0,0.0,1.0,1.0
16,225,1.721053690438348,3.774456750773283,0.0,0.0,0.0,0.0,0.0,1.0
17,225,7.310297538105975,5.747179929919334,1.0,0.0,0.0,1.0,1.0,0.0
18,225,9.339952600182286,8.16984094000626,1.0,1.0,1.0,0.0,1.0,1.0
19,225,4.593004535933478,12.0,0.0,0.0,1.0,0.0,0.0,1.0
20,225,4.360736526810503,1.4496897238755455,1.0,0.0,0.0,1.0,0.0,0.0
21,225,0.0139189756454624,9.29389364409914,0.0,0.0,0.0,1.0,1.0,0.0
22,225,7.837496338682205,2.597862340982972,0.0,0.0,1.0,0.0,1.0,0.0
23,225,10.067372733032416,2.7671234988525644,1.0,1.0,0.0,1.0,0.0,1.0
24,225,0.0,12.0,0.0,1.0,0.0,0.0,0.0,0.0
25,225,5.515871591976309,1.1884196743940925,0.0,0.0,0.0,1.0,0.0,0.0
26,225,1.1335416664234472,1.1039609806993662,0.0,0.0,0.0,0.0,0.0,1.0
27,225,8.898014680017608,7.489420135883315,0.0,0.0,0.0,0.0,0.0,0.0
28,225,5.602651104499893,2.342385211886501,0.0,1.0,0.0,0.0,0.0,0.0
29,225,6.366121352225815,3.125431984440433,0.0,0.0,1.0,1.0,1.0,1.0
0,230,8.298293777764815,2.0917171281594835,0.0,0.0,0.0,0.0,0.0,0.0
1,230,6.376297887145278,10.642931329562126,1.0,0.0,0.0,1.0,0.0,1.0
2,230,6.142885659655544,4.0072315238679606,0.0,0.0,0.0,1.0,0.0,0.0
3,230,3.611439868653148,11.864223519647098,0.0,1.0,0.0,1.0,1.0,0.0
4,230,9.76162892202711,12.0,1.0,0.0,0.0,1.0,0.0,1.0
5,230,1.0647809145112763,1.787079224090564,1.0,0.0,1.0,0.0,1.0,0.0
6,230,3.284198502188525,3.3153062273032328,0.0,1.0,1.0,1.0,1.0,1.0
7,230,11.974218255076847,6.887694650403488,0.0,0.0,1.0,1.0,1.0,0.0
8,230,5.020723389420833,8.232152921232224,0.0,1.0,1.0,0.0,0.0,0.0
9,230,5.454612280078315,9.666342896237428,1.0,0.0,1.0,1.0,1.0,1.0
10,230,6.913393988942057,4.869751840071754,0.0,1.0,0.0,1.0,1.0,0.0
11,230,4.081887364587262,2.5232170355607537,1.0,1.0,0.0,1.0,0.0,1.0
12,230,6.502743208904423,5.90430596916331,0.0,0.0,0.0,1.0,1.0,0.0
13,230,8.599508864828808,4.107605847758795,1.0,0.0,0.0,0.0,0.0,0.0
14,230,7.724674987387913,12.0,0.0,0.0,1.0,0.0,1.0,0.0
15,230,0.9437915947917834,3.917619821659007,0.0,1.0,0.0,0.0,1.0,1.0
16,230,1.6917893584049828,3.708167923021893,0.0,0.0,0.0,0.0,0.0,1.0
17,230,7.376519384091416,5.730673385767397,1.0,0.0,0.0,1.0,1.0,0.0
18,230,9.31132262926944,8.193077202378985,1.0,1.0,1.0,0.0,1.0,1.0
19,230,4.592619405526385,11.998245192934323,0.0,0.0,1.0,0.0,0.0,1.0
20,230,4.314944083098158,1.3615067653584287,1.0,0.0,0.0,1.0,0.0,0.0
21,230,0.0,9.345934705743378,0.0,0.0,0.0,1.0,1.0,0.0
22,230,7.799498023758341,2.617208806376225,0.0,0.0,1.0,0.0,1.0,0.0
23,230,10.06705506389842,2.7685072196105383,1.0,1.0,0.0,1.0,0.0,1.0
24,230,0.0,12.0,0.0,1.0,0.0,0.0,0.0,0.0
25,230,5.464441283084125,1.0913044909502372,0.0,0.0,0.0,1.0,0.0,0.0
26,230,1.1359634469975877,1.1065488154876315,0.0,0.0,0.0,0.0,0.0,1.0
27,230,8.82521700281044,7.52758403299747,0.0,0.0,0.0,0.0,0.0,0.0
28,230,5.735494983967927,2.4582252103708973,0.0,1.0,0.0,0.0,0.0,0.0
29,230,6.345475797586249,3.2152088332202444,0.0,0.0,1.0,1.0,1.0,1.0
0,235,8.139377284038899,2.140347677859664,0.0,0.0,0.0,0.0,0.0,0.0
1,235,6.336068362852164,10.579713865516563,1.0,0.0,0.0,1.0,0.0,1.0
2,235,6.184323407762694,4.04038746369154,0.0,0.0,0.0,1.0,0.0,0.0
3,235,3.6352337357138618,11.860052101944278,0.0,1.0,0.0,1.0,1.0,0.0
4,235,9.82471111480582,12.0,1.0,0.0,0.0,1.0,0.0,1.0
5,235,1.0790044887740269,1.7118394411182458,1.0,0.0,1.0,0.0,1.0,0.0
6,235,3.352287301048241,3.23327575640064,0.0,1.0,1.0,1.0,1.0,1.0
7,235,11.973515840380053,6.898435867059613,0.0,0.0,1.0,1.0,1.0,0.0
8,235,4.971477606773226,8.301499983110833,0.0,1.0,1.0,0.0,0.0,0.0
9,235,5.652235814018235,9.595835719230855,1.0,0.0,1.0,1.0,1.0,1.0
10,235,6.938216034549009,4.863770842843455,0.0,1.0,0.0,1.0,1.0,0.0
11,235,4.084379935978268,2.5131842859110987,1.0,1.0,0.0,1.0,0.0,1.0
12,235,6.608035501690082,6.064471138380154,0.0,0.0,0.0,1.0,1.0,0.0
13,235,8.602442745673516,4.1059289884654175,1.0,0.0,0.0,0.0,0.0,0.0
14,235,7.645674898619497,12.0,0.0,0.0,1.0,0.0,1.0,0.0
15,235,0.9856760738862372,3.923473911249863,0.0,1.0,0.0,0.0,1.0,1.0
16,235,1.6612380941525504,3.638073741498717,0.0,0.0,0.0,0.0,0.0,1.0
17,235,7.450329467816605,5.710791124166547,1.0,0.0,0.0,1.0,1.0,0.0
18,235,9.2908798283137,8.208847854015135,1.0,1.0,1.0,0.0,1.0,1.0
19,235,4.5896119076301405,11.984752161296418,0.0,0.0,1.0,0.0,0.0,1.0
20,235,4.275250887202945,1.2866038445894017,1.0,0.0,0.0,1.0,0.0,0.0
21,235,0.0,9.399625368595457,0.0,0.0,0.0,1.0,1.0,0.0
22,235,7.76069519944976,2.637108132109581,0.0,0.0,1.0,0.0,1.0,0.0
23,235,10.062732484574944,2.7871397407719685,1.0,1.0,0.0,1.0,0.0,1.0
24,235,0.0,12.0,0.0,1.0,0.0,0.0,0.0,0.0
25,235,5.410412491752677,0.984486343117124,0.0,0.0,0.0,1.0,0.0,0.0
26,235,1.1365625128084231,1.10598944356567,0.0,0.0,0.0,0.0,0.0,1.0
27,235,8.750435084803717,7.567536616246776,0.0,0.0,0.0,0.0,0.0,0.0
28,235,5.87281238010581,2.575323714544425,0.0,1.0,0.0,0.0,0.0,0.0
29,235,6.322148387762915,3.307452772971432,0.0,0.0,1.0,1.0,1.0,1.0
0,240,7.966729277846242,2.196381587520913,0.0,0.0,0.0,0.0,0.0,0.0
1,240,6.298353585322521,10.522808649776968,1.0,0.0,0.0,1.0,0.0,1.0
2,240,6.238340872936487,4.082568993919951,0.0,0.0,0.0,1.0,0.0,0.0
3,240,3.660093065707277,11.854796932001882,0.0,1.0,0.0,1.0,1.0,0.0
4,240,9.885006336646573,12.0,1.0,0.0,0.0,1.0,0.0,1.0
5,240,1.0951047869750683,1.6278699892335642,1.0,0.0,1.0,0.0,1.0,0.0
6,240,3.4107067492599947,3.164612196452648,0.0,1.0,1.0,1.0,1.0,1.0
7,240,11.973175238006084,6.906004518188264,0.0,0.0,1.0,1.0,1.0,0.0
8,240,4.920993745421372,8.367983464891548,0.0,1.0,1.0,0.0,0.0,0.0
9,240,5.857096394099397,9.52181186638902,1.0,0.0,1.0,1.0,1.0,1.0
10,240,6.962682412775189,4.858351186003337,0.0,1.0,0.0,1.0,1.0,0.0
11,240,4.088298012986214,2.4979944223718977,1.0,1.0,0.0,1.0,0.0,1.0
12,240,6.717431433043202,6.230120184007658,0.0,0.0,0.0,1.0,1.0,0.0
13,240,8.602150709883308,4.106092569439163,1.0,0.0,0.0,0.0,0.0,0.0
14,240,7.56831380661684,12.0,0.0,0.0,1.0,0.0,1.0,0.0
15,240,1.0244152571922367,3.9283979113778673,0.0,1.0,0.0,0.0,1.0,1.0
16,240,1.6313908176656755,3.564410744309888,0.0,0.0,0.0,0.0,0.0,1.0
17,240,7.524172015132947,5.692097918976387,1.0,0.0,0.0,1.0,1.0,0.0
18,240,9.273394536704217,8.22277042296289,1.0,1.0,1.0,0.0,1.0,1.0
19,240,4.588456143125692,11.97990641536957,0.0,0.0,1.0,0.0,0.0,1.0
20,240,4.236655891800643,1.211852634578076,1.0,0.0,0.0,1.0,0.0,0.0
21,240,0.0,9.453100866087842,0.0,0.0,0.0,1.0,1.0,0.0
22,240,7.7920132067889405,2.697055327684195,0.0,0.0,1.0,0.0,1.0,0.0
23,240,10.058281289245697,2.8063188413600844,1.0,1.0,0.0,1.0,0.0,1.0
24,240,0.0,12.0,0.0,1.0,0.0,0.0,0.0,0.0
25,240,5.349132211408403,0.8601643806808222,0.0,0.0,0.0,1.0,0.0,0.0
26,240,1.1336727693993884,1.1086242888684814,0.0,0.0,0.0,0.0,0.0,1.0
27,240,8.6887310309063,7.600534386574886,0.0,0.0,0.0,0.0,0.0,0.0
28,240,6.020474451345232,2.7040676718941485,0.0,1.0,0.0,0.0,0.0,0.0
29,240,6.288086147261759,3.426355097774595,0.0,0.0,1.0,1.0,1.0,1.0
0,245,7.782895489003565,2.2554717548873584,0.0,0.0,0.0,0.0,0.0,0.0
1,245,6.250479216440319,10.449208712492426,1.0,0.0,0.0,1.0,0.0,1.0
2,245,6.292101756503159,4.120778161034466,0.0,0.0,0.0,1.0,0.0,0.0
3,245,3.645792219274935,11.8578536853741,0.0,1.0,0.0,1.0,1.0,0.0
4,245,9.934099304155096,12.0,1.0,0.0,0.0,1.0,0.0,1.0
5,245,1.1195127504393807,1.5164537609589028,1.0,0.0,1.0,0.0,1.0,0.0
6,245,3.4663190828729418,3.097996820286796,0.0,1.0,1.0,1.0,1.0,1.0
7,245,11.97369840867136,6.890016495071197,0.0,0.0,1.0,1.0,1.0,0.0
8,245,4.872256589421457,8.432176142816918,0.0,1.0,1.0,0.0,0.0,0.0
9,245,6.089743084008476,9.441913876514722,1.0,0.0,1.0,1.0,1.0,1.0
10,245,6.99070338168551,4.852154558121992,0.0,1.0,0.0,1.0,1.0,0.0
11,245,4.095292577701857,2.4699802207326207,1.0,1.0,0.0,1.0,0.0,1.0
12,245,6.831508810570248,6.393242855297357,0.0,0.0,0.0,1.0,1.0,0.0
13,245,8.608937012870548,4.102364187426377,1.0,0.0,0.0,0.0,0.0,0.0
14,245,7.488959838607856,12.0,0.0,0.0,1.0,0.0,1.0,0.0
15,245,1.0565059164692192,3.931839130525612,0.0,1.0,0.0,0.0,1.0,1.0
16,245,1.598716152683436,3.4912292733102657,0.0,0.0,0.0,0.0,0.0,1.0
17,245,7.59969297621286,5.674095762730267,1.0,0.0,0.0,1.0,1.0,0.0
18,245,9.273466299971531,8.2228620726398,1.0,1.0,1.0,0.0,1.0,1.0
19,245,4.578461749503032,11.937348296465515,0.0,0.0,1.0,0.0,0.0,1.0
20,245,4.196900519579232,1.1356199021904478,1.0,0.0,0.0,1.0,0.0,0.0
21,245,0.0,9.503790121046212,0.0,0.0,0.0,1.0,1.0,0.0
22,245,7.810052359698219,2.7310011763629785,0.0,0.0,1.0,0.0,1.0,0.0
23,245,10.050839512370388,2.8382790647040164,1.0,1.0,0.0,1.0,0.0,1.0
24,245,0.0,12.0,0.0,1.0,0.0,0.0,0.0,0.0
25,245,5.293595933182407,0.7485122699524832,0.0,0.0,0.0,1.0,0.0,0.0
26,245,1.1225584079566673,1.1194587026076748,0.0,0.0,0.0,0.0,0.0,1.0
27,245,8.612703063793392,7.638379879813136,0.0,0.0,0.0,0.0,0.0,0.0
28,245,6.160055925126227,2.827921141937761,0.0,1.0,0.0,0.0,0.0,0.0
29,245,6.252342668913944,3.54456399478586,0.0,0.0,1.0,1.0,1.0,1.0
0,250,7.587630658487047,2.3216184425969284,0.0,0.0,0.0,0.0,0.0,0.0
1,250,6.185300721640667,10.347781913715012,1.0,0.0,0.0,1.0,0.0,1.0
2,250,6.367018321347224,4.171395699833252,0.0,0.0,0.0,1.0,0.0,0.0
3,250,3.642942007213553,11.8585376336728,0.0,1.0,0.0,1.0,1.0,0.0
4,250,9.98093817977659,12.0,1.0,0.0,0.0,1.0,0.0,1.0
5,250,1.1399139483205294,1.4124338562175094,1.0,0.0,1.0,0.0,1.0,0.0
6,250,3.513181085590219,3.043119201968464,0.0,1.0,1.0,1.0,1.0,1.0
7,250,11.974685621526527,6.85438864904856,0.0,0.0,1.0,1.0,1.0,0.0
8,250,4.832221362014805,8.48406153424014,0.0,1.0,1.0,0.0,0.0,0.0
9,250,6.321224170924827,9.36447710629782,1.0,0.0,1.0,1.0,1.0,1.0
10,250,6.983406270664858,4.853769110747688,0.0,1.0,0.0,1.0,1.0,0.0
11,250,4.104507343104204,2.425189436574427,1.0,1.0,0.0,1.0,0.0,1.0
12,250,6.9312679455726975,6.531618518462559,0.0,0.0,0.0,1.0,1.0,0.0
13,250,8.621793032333423,4.095936344845079,1.0,0.0,0.0,0.0,0.0,0.0
14,250,7.409685182013646,12.0,0.0,0.0,1.0,0.0,1.0,0.0
15,250,1.1000453896721183,3.9358364597352,0.0,1.0,0.0,0.0,1.0,1.0
16,250,1.5660134168100917,3.416919279551655,0.0,0.0,0.0,0.0,0.0,1.0
17,250,7.691314669265115,5.64909208532801,1.0,0.0,0.0,1.0,1.0,0.0
18,250,9.277607378878258,8.22813944292189,1.0,1.0,1.0,0.0,1.0,1.0
19,250,4.567982926146088,11.889628070123065,0.0,0.0,1.0,0.0,0.0,1.0
20,250,4.156859029470011,1.0570958640150483,1.0,0.0,0.0,1.0,0.0,0.0
21,250,0.0,9.563609916804191,0.0,0.0,0.0,1.0,1.0,0.0
22,250,7.835448281998371,2.7834231602715964,0.0,0.0,1.0,0.0,1.0,0.0
23,250,10.043988371406115,2.869296303728269,1.0,1.0,0.0,1.0,0.0,1.0
24,250,0.0,12.0,0.0,1.0,0.0,0.0,0.0,0.0
25,250,5.24026739830542,0.6407680795328057,0.0,0.0,0.0,1.0,0.0,0.0
26,250,1.1255771515604098,1.1164116587205972,0.0,0.0,0.0,0.0,0.0,1.0
27,250,8.543463387809824,7.671868877533947,0.0,0.0,0.0,0.0,0.0,0.0
28,250,6.296206146218973,2.945743518158356,0.0,1.0,0.0,0.0,0.0,0.0
29,250,6.214991116374804,3.661306623979272,0.0,0.0,1.0,1.0,1.0,1.0
0,255,7.377908469768517,2.3905454353408837,0.0,0.0,0.0,0.0,0.0,0.0
1,255,6.108771318150704,10.226240843187464,1.0,0.0,0.0,1.0,0.0,1.0
2,255,6.44786178519407,4.2254436906942,0.0,0.0,0.0,1.0,0.0,0.0
3,255,3.6646791050117047,11.853528669558294,0.0,1.0,0.0,1.0,1.0,0.0
4,255,10.009678377299316,11.956219870529695,1.0,0.0,0.0,1.0,0.0,1.0
5,255,1.158266315961845,1.3289267225059682,1.0,0.0,1.0,0.0,1.0,0.0
6,255,3.575326540303569,2.9712088961488186,0.0,1.0,1.0,1.0,1.0,1.0
7,255,11.976697185818429,6.8158029009696,0.0,0.0,1.0,1.0,1.0,0.0
8,255,4.777323763246962,8.55381241683935,0.0,1.0,1.0,0.0,0.0,0.0
9,255,6.557341916801485,9.282704138823677,1.0,0.0,1.0,1.0,1.0,1.0
10,255,6.9900062099032,4.852283272440496,0.0,1.0,0.0,1.0,1.0,0.0
11,255,4.113750489519205,2.376400080804566,1.0,1.0,0.0,1.0,0.0,1.0
12,255,7.032503118470598,6.665741573247668,0.0,0.0,0.0,1.0,1.0,0.0
13,255,8.623174931440435,4.095271534294704,1.0,0.0,0.0,0.0,0.0,0.0
14,255,7.331680495446015,12.0,0.0,0.0,1.0,0.0,1.0,0.0
15,255,1.1394009588862668,3.938519539429015,0.0,1.0,0.0,0.0,1.0,1.0
16,255,1.540812050853116,3.358370420272544,0.0,0.0,0.0,0.0,0.0,1.0
17,255,7.737285382379618,5.637196032594958,1.0,0.0,0.0,1.0,1.0,0.0
18,255,9.284353890875776,8.236533223372122,1.0,1.0,1.0,0.0,1.0,1.0
19,255,4.555172648160961,11.831162297065145,0.0,0.0,1.0,0.0,0.0,1.0
20,255,4.114071588318192,0.9711387397282856,1.0,0.0,0.0,1.0,0.0,0.0
21,255,0.0,9.630065828583035,0.0,0.0,0.0,1.0,1.0,0.0
22,255,7.856587928485572,2.8235322058069072,0.0,0.0,1.0,0.0,1.0,0.0
23,255,10.040948551426249,2.882713844668161,1.0,1.0,0.0,1.0,0.0,1.0
24,255,0.0,12.0,0.0,1.0,0.0,0.0,0.0,0.0
25,255,5.187555418869619,0.5349743227915416,0.0,0.0,0.0,1.0,0.0,0.0
26,255,1.1198195707740173,1.1219656796213833,0.0,0.0,0.0,0.0,0.0,1.0
27,255,8.475495530181378,7.704347576288355,0.0,0.0,0.0,0.0,0.0,0.0
28,255,6.4443587754832805,3.08146076447932,0.0,1.0,0.0,0.0,0.0,0.0
29,255,6.179332255072434,3.7790246556229374,0.0,0.0,1.0,1.0,1.0,1.0
0,260,7.175240058678726,2.453120987460701,0.0,0.0,0.0,0.0,0.0,0.0
1,260,6.024335603126989,10.09930497614611,1.0,0.0,0.0,1.0,0.0,1.0
2,260,6.528304525338422,4.281924171109277,0.0,0.0,0.0,1.0,0.0,0.0
3,260,3.721567341127812,11.842460962133067,0.0,1.0,0.0,1.0,1.0,0.0
4,260,10.033277239046974,11.919499594298063,1.0,0.0,0.0,1.0,0.0,1.0
5,260,1.1769367088265206,1.2518410662259272,1.0,0.0,1.0,0.0,1.0,0.0
6,260,3.636837080612528,2.8993153387719253,0.0,1.0,1.0,1.0,1.0,1.0
7,260,11.977859426467385,6.788735545697226,0.0,0.0,1.0,1.0,1.0,0.0
8,260,4.718236517896327,8.626856195107546,0.0,1.0,1.0,0.0,0.0,0.0
9,260,6.7852088598903,9.20392976401481,1.0,0.0,1.0,1.0,1.0,1.0
10,260,6.991360396811405,4.851975502538527,0.0,1.0,0.0,1.0,1.0,0.0
11,260,4.120680837213244,2.3428557087229573,1.0,1.0,0.0,1.0,0.0,1.0
12,260,7.125479129432766,6.7837323750716,0.0,0.0,0.0,1.0,1.0,0.0
13,260,8.623942651311433,4.094878243250117,1.0,0.0,0.0,0.0,0.0,0.0
14,260,7.257777137722485,12.0,0.0,0.0,1.0,0.0,1.0,0.0
15,260,1.1620501531356229,3.939307578136466,0.0,1.0,0.0,0.0,1.0,1.0
16,260,1.6026084777094955,3.3340029887053277,0.0,0.0,0.0,0.0,0.0,1.0
17,260,7.783382326084181,5.624021581945714,1.0,0.0,0.0,1.0,1.0,0.0
18,260,9.321430696801954,8.28196590830759,1.0,1.0,1.0,0.0,1.0,1.0
19,260,4.54364677817436,11.78297217506743,0.0,0.0,1.0,0.0,0.0,1.0
20,260,4.072471810198466,0.8841156012502255,1.0,0.0,0.0,1.0,0.0,0.0
21,260,0.0,9.68304132640078,0.0,0.0,0.0,1.0,1.0,0.0
22,260,7.878932861030285,2.8676915949019235,0.0,0.0,1.0,0.0,1.0,0.0
23,260,10.035995099594182,2.903763955163031,1.0,1.0,0.0,1.0,0.0,1.0
24,260,0.0,12.0,0.0,1.0,0.0,0.0,0.0,0.0
25,260,5.147818526571199,0.4540896412641916,0.0,0.0,0.0,1.0,0.0,0.0
26,260,1.1007660769080054,1.139198239386487,0.0,0.0,0.0,0.0,0.0,1.0
27,260,8.413539360793377,7.735184763081284,0.0,0.0,0.0,0.0,0.0,0.0
28,260,6.5902542442160605,3.221888337000408,0.0,1.0,0.0,0.0,0.0,0.0
29,260,6.150453445355009,3.878102137489508,0.0,0.0,1.0,1.0,1.0,1.0
0,265,6.954387303474348,2.5216642735331587,0.0,0.0,0.0,0.0,0.0,0.0
1,265,5.931582471256987,9.96361818830116,1.0,0.0,0.0,1.0,0.0,1.0
2,265,6.610067844185159,4.34265912853891,0.0,0.0,0.0,1.0,0.0,0.0
3,265,3.785404179244489,11.828643661261127,0.0,1.0,0.0,1.0,1.0,0.0
4,265,10.056760014647496,11.881454246706497,1.0,0.0,0.0,1.0,0.0,1.0
5,265,1.198192980622964,1.1588884727276014,1.0,0.0,1.0,0.0,1.0,0.0
6,265,3.689988727894277,2.8396037890401256,0.0,1.0,1.0,1.0,1.0,1.0
7,265,11.97892712301887,6.756161734919131,0.0,0.0,1.0,1.0,1.0,0.0
8,265,4.672319290949294,8.686631559328642,0.0,1.0,1.0,0.0,0.0,0.0
9,265,7.004554012209718,9.13194670927818,1.0,0.0,1.0,1.0,1.0,1.0
10,265,7.012376426290705,4.847006129639848,0.0,1.0,0.0,1.0,1.0,0.0
11,265,4.129918533266198,2.303612967404891,1.0,1.0,0.0,1.0,0.0,1.0
12,265,7.216402352065296,6.902824051873522,0.0,0.0,0.0,1.0,1.0,0.0
13,265,8.624565232220133,4.094550352172971,1.0,0.0,0.0,0.0,0.0,0.0
14,265,7.191174582875093,12.0,0.0,0.0,1.0,0.0,1.0,0.0
15,265,1.1835430339051678,3.940400436624876,0.0,1.0,0.0,0.0,1.0,1.0
16,265,1.685851365964067,3.2994292998153254,0.0,0.0,0.0,0.0,0.0,1.0
17,265,7.835628733281774,5.607011871731032,1.0,0.0,0.0,1.0,1.0,0.0
18,265,9.354859290614746,8.324740276219568,1.0,1.0,1.0,0.0,1.0,1.0
19,265,4.538027085200208,11.756263325272668,0.0,0.0,1.0,0.0,0.0,1.0
20,265,4.026957959537978,0.7897336699925315,1.0,0.0,0.0,1.0,0.0,0.0
21,265,0.0,9.737143820739284,0.0,0.0,0.0,1.0,1.0,0.0
22,265,7.907373735229894,2.926558776021699,0.0,0.0,1.0,0.0,1.0,0.0
23,265,10.032142309257477,2.9217562383443894,1.0,1.0,0.0,1.0,0.0,1.0
24,265,0.0,12.0,0.0,1.0,0.0,0.0,0.0,0.0
25,265,5.114654108199094,0.3800449716198913,0.0,0.0,0.0,1.0,0.0,0.0
26,265,1.065049462566311,1.1717088297724505,0.0,0.0,0.0,0.0,0.0,1.0
27,265,8.355072597229515,7.763125965456529,0.0,0.0,0.0,0.0,0.0,0.0
28,265,6.709758881164564,3.346733830158636,0.0,1.0,0.0,0.0,0.0,0.0
29,265,6.119303240699556,3.9776561669325656,0.0,0.0,1.0,1.0,1.0,1.0
0,270,6.743238915567972,2.5842856411042257,0.0,0.0,0.0,0.0,0.0,0.0
1,270,5.83157495554583,9.816099407391796,1.0,0.0,0.0,1.0,0.0,1.0
2,270,6.692343967395573,4.398054501007612,0.0,0.0,0.0,1.0,0.0,0.0
3,270,3.8652785779623913,11.811863591788429,0.0,1.0,0.0,1.0,1.0,0.0
4,270,10.086837443432634,11.834225082057037,1.0,0.0,0.0,1.0,0.0,1.0
5,270,1.2196834784812396,1.0693495980675354,1.0,0.0,1.0,0.0,1.0,0.0
6,270,3.741162570493764,2.7770564516631966,0.0,1.0,1.0,1.0,1.0,1.0
7,270,11.97960596679182,6.733849155828152,0.0,0.0,1.0,1.0,1.0,0.0
8,270,4.62430548886512,8.748707668065373,0.0,1.0,1.0,0.0,0.0,0.0
9,270,7.223896321082234,9.064880916063684,1.0,0.0,1.0,1.0,1.0,1.0
10,270,7.048761576393792,4.838055846319155,0.0,1.0,0.0,1.0,1.0,0.0
11,270,4.138855914864641,2.259960346941696,1.0,1.0,0.0,1.0,0.0,1.0
12,270,7.303760465455512,7.012987183801297,0.0,0.0,0.0,1.0,1.0,0.0
13,270,8.640933643845456,4.086185063301181,1.0,0.0,0.0,0.0,0.0,0.0
14,270,7.1190440742516286,12.0,0.0,0.0,1.0,0.0,1.0,0.0
15,270,1.2196013665213146,3.9424023411201934,0.0,1.0,0.0,0.0,1.0,1.0
16,270,1.7838519851823926,3.2600954820738317,0.0,0.0,0.0,0.0,0.0,1.0
17,270,7.857841934500544,5.599805818696635,1.0,0.0,0.0,1.0,1.0,0.0
18,270,9.395420858605975,8.379546292702036,1.0,1.0,1.0,0.0,1.0,1.0
19,270,4.529832765775329,11.723330335935216,0.0,0.0,1.0,0.0,0.0,1.0
20,270,3.985486133321192,0.7027549174555663,1.0,0.0,0.0,1.0,0.0,0.0
21,270,0.0,9.783047457524342,0.0,0.0,0.0,1.0,1.0,0.0
22,270,7.925672961262539,2.96358541129584,0.0,0.0,1.0,0.0,1.0,0.0
23,270,10.02635013412478,2.9510287818232315,1.0,1.0,0.0,1.0,0.0,1.0
24,270,0.0,12.0,0.0,1.0,0.0,0.0,0.0,0.0
25,270,5.091988959891413,0.3287818858782653,0.0,0.0,0.0,1.0,0.0,0.0
26,270,1.0180454753296566,1.2155632796634328,0.0,0.0,0.0,0.0,0.0,1.0
27,270,8.271686603026053,7.802361891057972,0.0,0.0,0.0,0.0,0.0,0.0
28,270,6.826693234956946,3.468021248084244,0.0,1.0,0.0,0.0,0.0,0.0
29,270,6.095429679166712,4.063137893265528,0.0,0.0,1.0,1.0,1.0,1.0
0,275,6.521526462063829,2.65004297293729,0.0,0.0,0.0,0.0,0.0,0.0
1,275,5.7314585562884615,9.671347965674071,1.0,0.0,0.0,1.0,0.0,1.0
2,275,6.80080921285629,4.468976491600253,0.0,0.0,0.0,1.0,0.0,0.0
3,275,3.932519613908209,11.79718948659216,0.0,1.0,0.0,1.0,1.0,0.0
4,275,10.13217252308036,11.765301978760576,1.0,0.0,0.0,1.0,0.0,1.0
5,275,1.2432977184611458,0.967253703869063,1.0,0.0,1.0,0.0,1.0,0.0
6,275,3.7999105654313903,2.703800946732789,0.0,1.0,1.0,1.0,1.0,1.0
7,275,12.0,6.735692455377382,0.0,0.0,1.0,1.0,1.0,0.0
8,275,4.581222121052724,8.80726952395367,0.0,1.0,1.0,0.0,0.0,0.0
9,275,7.448258918477514,8.994758366145243,1.0,0.0,1.0,1.0,1.0,1.0
10,275,7.098339303778532,4.82598545952828,0.0,1.0,0.0,1.0,1.0,0.0
11,275,4.145094963949705,2.2260787556903767,1.0,1.0,0.0,1.0,0.0,1.0
12,275,7.398952372273366,7.137748998868227,0.0,0.0,0.0,1.0,1.0,0.0
13,275,8.638141009911218,4.087560583559774,1.0,0.0,0.0,0.0,0.0,0.0
14,275,7.036797614744566,12.0,0.0,0.0,1.0,0.0,1.0,0.0
15,275,1.2539812441039788,3.944119550369717,0.0,1.0,0.0,0.0,1.0,1.0
16,275,1.902606451053085,3.215346969061846,0.0,0.0,0.0,0.0,0.0,1.0
17,275,7.903422782612451,5.585252054436415,1.0,0.0,0.0,1.0,1.0,0.0
18,275,9.435710242650854,8.432059247611186,1.0,1.0,1.0,0.0,1.0,1.0
19,275,4.528354714357175,11.717462996949878,0.0,0.0,1.0,0.0,0.0,1.0
20,275,3.9415587258893,0.6054786183923215,1.0,0.0,0.0,1.0,0.0,0.0
21,275,0.0,9.833990983621304,0.0,0.0,0.0,1.0,1.0,0.0
22,275,7.946933783040457,3.007483182999726,0.0,0.0,1.0,0.0,1.0,0.0
23,275,10.012329835232752,3.011938639448066,1.0,1.0,0.0,1.0,0.0,1.0
24,275,0.0,12.0,0.0,1.0,0.0,0.0,0.0,0.0
25,275,5.06402992641795,0.2635715079297156,0.0,0.0,0.0,1.0,0.0,0.0
26,275,0.9752888661874508,1.2549883936920283,0.0,0.0,0.0,0.0,0.0,1.0
27,275,8.198562945438251,7.837003601365243,0.0,0.0,0.0,0.0,0.0,0.0
28,275,6.951818403630975,3.593299360147646,0.0,1.0,0.0,0.0,0.0,0.0
29,275,6.067528833661802,4.169835428105705,0.0,0.0,1.0,1.0,1.0,1.0
0,280,6.301752339079645,2.717007131124167,0.0,0.0,0.0,0.0,0.0,0.0
1,280,5.64059455493234,9.541491875669813,1.0,0.0,0.0,1.0,0.0,1.0
2,280,6.905533988463585,4.537086518146481,0.0,0.0,0.0,1.0,0.0,0.0
3,280,3.997434777952476,11.781791422382495,0.0,1.0,0.0,1.0,1.0,0.0
4,280,10.170624332298605,11.70136690349079,1.0,0.0,0.0,1.0,0.0,1.0
5,280,1.2643500049147505,0.876641024592933,1.0,0.0,1.0,0.0,1.0,0.0
6,280,3.8597990659485233,2.628991743958144,0.0,1.0,1.0,1.0,1.0,1.0
7,280,12.0,6.738361546217854,0.0,0.0,1.0,1.0,1.0,0.0
8,280,4.5491163995964445,8.850617605334266,0.0,1.0,1.0,0.0,0.0,0.0
9,280,7.679711901008084,8.922462657452055,1.0,0.0,1.0,1.0,1.0,1.0
10,280,7.145873456533384,4.814826064450245,0.0,1.0,0.0,1.0,1.0,0.0
11,280,4.149530504960968,2.202083904498402,1.0,1.0,0.0,1.0,0.0,1.0
12,280,7.495297510303525,7.262529253006443,0.0,0.0,0.0,1.0,1.0,0.0
13,280,8.64823099217358,4.082722819407919,1.0,0.0,0.0,0.0,0.0,0.0
14,280,6.953265160801142,12.0,0.0,0.0,1.0,0.0,1.0,0.0
15,280,1.2839874813118846,3.94555121655863,0.0,1.0,0.0,0.0,1.0,1.0
16,280,2.014893735937572,3.172362033800776,0.0,0.0,0.0,0.0,0.0,1.0
17,280,7.961798998354093,5.566799667720837,1.0,0.0,0.0,1.0,1.0,0.0
18,280,9.464719546058204,8.468092082919835,1.0,1.0,1.0,0.0,1.0,1.0
19,280,4.532227503337791,11.732917719762323,0.0,0.0,1.0,0.0,0.0,1.0
20,280,3.901185307027939,0.514771349563256,1.0,0.0,0.0,1.0,0.0,0.0
21,280,0.0,9.876054612617224,0.0,0.0,0.0,1.0,1.0,0.0
22,280,7.976929487501779,3.070000108854741,0.0,0.0,1.0,0.0,1.0,0.0
23,280,9.990078889185968,3.113028906147361,1.0,1.0,0.0,1.0,0.0,1.0
24,280,0.0,12.0,0.0,1.0,0.0,0.0,0.0,0.0
25,280,5.043143565742648,0.2174762932726908,0.0,0.0,0.0,1.0,0.0,0.0
26,280,0.9306123509744172,1.2962614226747575,0.0,0.0,0.0,0.0,0.0,1.0
27,280,8.136106800773117,7.867986963272474,0.0,0.0,0.0,0.0,0.0,0.0
28,280,7.061935194012182,3.701402475316555,0.0,1.0,0.0,0.0,0.0,0.0
29,280,6.036979203971847,4.281646603488367,0.0,0.0,1.0,1.0,1.0,1.0
0,285,6.077215246394771,2.7826820213475774,0.0,0.0,0.0,0.0,0.0,0.0
1,285,5.553031755442839,9.417242066142636,1.0,0.0,0.0,1.0,0.0,1.0
2,285,7.014693664053737,4.607485922787948,0.0,0.0,0.0,1.0,0.0,0.0
3,285,4.0632269636066205,11.764829338505876,0.0,1.0,0.0,1.0,1.0,0.0
4,285,10.217642180425369,11.622678693555898,1.0,0.0,0.0,1.0,0.0,1.0
5,285,1.2814532752031995,0.799945063886724,1.0,0.0,1.0,0.0,1.0,0.0
6,285,3.9166252387433658,2.558532946053061,0.0,1.0,1.0,1.0,1.0,1.0
7,285,12.0,6.741275788160036,0.0,0.0,1.0,1.0,1.0,0.0
8,285,4.516421610358598,8.894977787802285,0.0,1.0,1.0,0.0,0.0,0.0
9,285,7.93209924687456,8.841315342813237,1.0,0.0,1.0,1.0,1.0,1.0
10,285,7.209644233991338,4.801182077134564,0.0,1.0,0.0,1.0,1.0,0.0
11,285,4.152975129110612,2.184458564136296,1.0,1.0,0.0,1.0,0.0,1.0
12,285,7.591608211946242,7.387183492264556,0.0,0.0,0.0,1.0,1.0,0.0
13,285,8.67571416592879,4.069317300507686,1.0,0.0,0.0,0.0,0.0,0.0
14,285,6.876590977974235,12.0,0.0,0.0,1.0,0.0,1.0,0.0
15,285,1.3027299432575463,3.946120779499593,0.0,1.0,0.0,0.0,1.0,1.0
16,285,2.128190701823797,3.1324047010790825,0.0,0.0,0.0,0.0,0.0,1.0
17,285,7.994930807132147,5.555363394124047,1.0,0.0,0.0,1.0,1.0,0.0
18,285,9.485999446063667,8.493729210093639,1.0,1.0,1.0,0.0,1.0,1.0
19,285,4.537391200526616,11.753455288141804,0.0,0.0,1.0,0.0,0.0,1.0
20,285,3.865114415119773,0.4393002668482852,1.0,0.0,0.0,1.0,0.0,0.0
21,285,0.0,9.915730325535884,0.0,0.0,0.0,1.0,1.0,0.0
22,285,8.018131000233927,3.154976026179385,0.0,0.0,1.0,0.0,1.0,0.0
23,285,9.970468556259933,3.216935570478769,1.0,1.0,0.0,1.0,0.0,1.0
24,285,0.0,12.0,0.0,1.0,0.0,0.0,0.0,0.0
25,285,5.018164714497732,0.1658242717096685,0.0,0.0,0.0,1.0,0.0,0.0
26,285,0.900147345754193,1.3225450306786868,0.0,0.0,0.0,0.0,0.0,1.0
27,285,8.0791444351341,7.894452909045307,0.0,0.0,0.0,0.0,0.0,0.0
28,285,7.159599429456127,3.801866699207703,0.0,1.0,0.0,0.0,0.0,0.0
29,285,6.003231654975424,4.401776354062698,0.0,0.0,1.0,1.0,1.0,1.0
0,290,5.8402919265396696,2.850892117691568,0.0,0.0,0.0,0.0,0.0,0.0
1,290,5.462909744730147,9.29274439638128,1.0,0.0,0.0,1.0,0.0,1.0
2,290,7.1073944208474735,4.665400488401188,0.0,0.0,0.0,1.0,0.0,0.0
3,290,4.130174069900063,11.74761502438295,0.0,1.0,0.0,1.0,1.0,0.0
4,290,10.27822631571511,11.524376396121978,1.0,0.0,0.0,1.0,0.0,1.0
5,290,1.3032741956685048,0.7057209426500898,1.0,0.0,1.0,0.0,1.0,0.0
6,290,3.966907039995697,2.4959031902424016,0.0,1.0,1.0,1.0,1.0,1.0
7,290,12.0,6.744708461131352,0.0,0.0,1.0,1.0,1.0,0.0
8,290,4.483115309625708,8.939195001490056,0.0,1.0,1.0,0.0,0.0,0.0
9,290,8.199203193442436,8.760512886724044,1.0,0.0,1.0,1.0,1.0,1.0
10,290,7.266319059805278,4.789120931585011,0.0,1.0,0.0,1.0,1.0,0.0
11,290,4.159692267896427,2.1529847805688607,1.0,1.0,0.0,1.0,0.0,1.0
12,290,7.691563082223269,7.52039109167975,0.0,0.0,0.0,1.0,1.0,0.0
13,290,8.711047188770763,4.052434818039591,1.0,0.0,0.0,0.0,0.0,0.0
14,290,6.792905100012738,12.0,0.0,0.0,1.0,0.0,1.0,0.0
15,290,1.3172777067621546,3.946631189861104,0.0,1.0,0.0,0.0,1.0,1.0
16,290,2.24916860616386,3.0915092807367217,0.0,0.0,0.0,0.0,0.0,1.0
17,290,8.027084814369326,5.544527118604504,1.0,0.0,0.0,1.0,1.0,0.0
18,290,9.51565201801256,8.528796510913322,1.0,1.0,1.0,0.0,1.0,1.0
19,290,4.540571636694508,11.767239102937385,0.0,0.0,1.0,0.0,0.0,1.0
20,290,3.831706629952391,0.3638067998478647,1.0,0.0,0.0,1.0,0.0,0.0
21,290,0.0,9.96639750260076,0.0,0.0,0.0,1.0,1.0,0.0
22,290,8.056100721663068,3.2383097088549118,0.0,0.0,1.0,0.0,1.0,0.0
23,290,9.95171631625814,3.343807302579551,1.0,1.0,0.0,1.0,0.0,1.0
24,290,0.0,12.0,0.0,1.0,0.0,0.0,0.0,0.0
25,290,4.99270975950134,0.113668154779643,0.0,0.0,0.0,1.0,0.0,0.0
26,290,0.8655062890214575,1.3528875970687515,0.0,0.0,0.0,0.0,0.0,1.0
27,290,8.033658664715269,7.915282954723471,0.0,0.0,0.0,0.0,0.0,0.0
28,290,7.243405315997373,3.891345716539851,0.0,1.0,0.0,0.0,0.0,0.0
29,290,5.973594592942099,4.518336985313921,0.0,0.0,1.0,1.0,1.0,1.0
0,295,5.605046436147126,2.926901758184236,0.0,0.0,0.0,0.0,0.0,0.0
1,295,5.367531819765629,9.154601973113088,1.0,0.0,0.0,1.0,0.0,1.0
2,295,7.196490050628129,4.716025723586047,0.0,0.0,0.0,1.0,0.0,0.0
3,295,4.211310713391985,11.72948732252922,0.0,1.0,0.0,1.0,1.0,0.0
4,295,10.332974545125056,11.432996570562947,1.0,0.0,0.0,1.0,0.0,1.0
5,295,1.3212269394040046,0.6298169231681993,1.0,0.0,1.0,0.0,1.0,0.0
6,295,3.998653787421357,2.456322765760369,0.0,1.0,1.0,1.0,1.0,1.0
7,295,12.0,6.748336395482891,0.0,0.0,1.0,1.0,1.0,0.0
8,295,4.466140124782118,8.961695128169945,0.0,1.0,1.0,0.0,0.0,0.0
9,295,8.470693080784029,8.678707737936248,1.0,0.0,1.0,1.0,1.0,1.0
10,295,7.315708420365139,4.779745292780408,0.0,1.0,0.0,1.0,1.0,0.0
11,295,4.168226468832273,2.11645759101349,1.0,1.0,0.0,1.0,0.0,1.0
12,295,7.795480901475003,7.6642311782816765,0.0,0.0,0.0,1.0,1.0,0.0
13,295,8.743093555531132,4.037683595326334,1.0,0.0,0.0,0.0,0.0,0.0
14,295,6.703725224090077,12.0,0.0,0.0,1.0,0.0,1.0,0.0
15,295,1.3171266482591149,3.946627489807661,0.0,1.0,0.0,0.0,1.0,1.0
16,295,2.354109942182706,3.058953323683219,0.0,0.0,0.0,0.0,0.0,1.0
17,295,8.06114552263952,5.533967198197932,1.0,0.0,0.0,1.0,1.0,0.0
18,295,9.54545471952172,8.564330753693156,1.0,1.0,1.0,0.0,1.0,1.0
19,295,4.543919064919477,11.781373149550063,0.0,0.0,1.0,0.0,0.0,1.0
20,295,3.805886433682277,0.3029403200120967,1.0,0.0,0.0,1.0,0.0,0.0
21,295,0.0,10.01534285105279,0.0,0.0,0.0,1.0,1.0,0.0
22,295,8.095281530330077,3.3207231699514512,0.0,0.0,1.0,0.0,1.0,0.0
23,295,9.934794336757244,3.4707648517664924,1.0,1.0,0.0,1.0,0.0,1.0
24,295,0.0,12.0,0.0,1.0,0.0,0.0,0.0,0.0
25,295,4.961666673930193,0.0510502082844886,0.0,0.0,0.0,1.0,0.0,0.0
26,295,0.8284098755105489,1.3844102479237228,0.0,0.0,0.0,0.0,0.0,1.0
27,295,7.992437669149679,7.934732278735508,0.0,0.0,0.0,0.0,0.0,0.0
28,295,7.334622397382064,3.989200125425388,0.0,1.0,0.0,0.0,0.0,0.0
29,295,5.944941408069038,4.635796426368935,0.0,0.0,1.0,1.0,1.0,1.0
